ROI,Month_0,Month_1,Month_2,Month_3,Month_4,Month_5,Month_6,Month_7,Month_8,Month_9,Month_10,Month_11,Month_12,Month_13,Month_14,Month_15,Month_16,Month_17,Month_18,Month_19,Month_20,Month_21,Month_22,Month_23,Month_24,Month_25,Month_26,Month_27,Month_28,Month_29,Month_30,Month_31,Month_32,Month_33,Month_34,Month_35,Month_36,Month_37,Month_38,Month_39,Month_40,Month_41,Month_42,Month_43,Month_44,Month_45,Month_46,Month_47,Month_48,Month_49,Month_50,Month_51,Month_52,Month_53,Month_54,Month_55,Month_56,Month_57,Month_58,Month_59,Month_60,Month_61,Month_62,Month_63,Month_64,Month_65,Month_66,Month_67,Month_68,Month_69
0_real,-0.09364551,,,,,,,,,,,,,,,,,,,,,,,,,,,,,,,,,,,,,,,,,,,,,,,,,,,,,,,,,,,,,,-0.373294,,,,,,,
0_gen,-0.09364551,-0.0874516,-0.08095447,-0.07557531,-0.069865085,-0.064442016,-0.05825945,-0.050651394,-0.04511565,-0.04061572,-0.03477433,-0.029102365,-0.02377595,-0.019933922,-0.01580721,-0.011448387,-0.0059046242,-0.00046829824,0.0054454287,0.012170412,0.016762454,0.021168433,0.025542462,0.029850423,0.036125157,0.041349508,0.045319624,0.052509606,0.056831382,0.06289413,0.068007044,0.07200296,0.07590279,0.08180219,0.08792843,0.09264476,0.100364745,0.105403945,0.110370174,0.11624849,0.1205547,0.12634362,0.1307672,0.13656203,0.14174303,0.14793216,0.15213044,0.15575996,0.16193192,0.16745254,0.17148283,0.17696385,0.18164165,0.18727289,0.19103841,0.19688326,0.20204547,0.20615816,0.21193388,0.22030798,0.22607215,0.23120348,0.23594436,0.24162838,0.24809782,0.25597155,0.26134473,0.26533693,0.27122,0.27748817
1_real,0.30109534,,,,,,,,,,,,,,,,,,,,,,,,,,,,,,,,,,,,,,,,,,,,,,,,,,,,,,,,,,,,,,0.05384911,,,,,,,
1_gen,0.3010953,0.3047183,0.30711013,0.3089875,0.31287736,0.31662208,0.31933084,0.32051882,0.32392555,0.32674322,0.32878363,0.33244544,0.33442682,0.3361183,0.3380044,0.33992904,0.34098926,0.34386158,0.3457839,0.3492059,0.35326838,0.3563508,0.35901883,0.3630678,0.36545858,0.36885422,0.37066516,0.37323055,0.37653083,0.37867403,0.38132587,0.38388664,0.38663107,0.38870966,0.3908422,0.39526093,0.39870936,0.400947,0.40332446,0.40486088,0.406502,0.40997037,0.41240692,0.4146336,0.41755,0.4229663,0.42780218,0.43093333,0.43396854,0.4373867,0.43969542,0.44152102,0.44323426,0.4445888,0.44801307,0.45147,0.45599294,0.45979667,0.46250057,0.46481237,0.4673186,0.46858758,0.46985707,0.47317377,0.47622213,0.47868627,0.48139858,0.4833745,0.4863202,0.48825184
2_real,0.6096869,,,,,,,,,,,,,,,,,,,,,,,,,,,,,,,,,,,,,,,,,,,,,,,,,,,,,,,,,,,,,,0.47651318,,,,,,,
2_gen,0.6096869,0.59655875,0.5879666,0.5819609,0.5746091,0.56855726,0.5622596,0.55527747,0.55366737,0.5483865,0.5438666,0.5395407,0.53515637,0.5312714,0.5231756,0.51639426,0.5085368,0.50327784,0.49973807,0.4934953,0.48900467,0.48341355,0.4796339,0.47619534,0.4689694,0.46231252,0.45371443,0.4491202,0.4461194,0.44179735,0.43450087,0.43125606,0.42555672,0.42146915,0.41549802,0.4101426,0.4106401,0.4039096,0.40186605,0.3951115,0.38986528,0.38514465,0.3789486,0.3751833,0.36942905,0.3630739,0.35969573,0.3560602,0.3501706,0.34780067,0.34388775,0.33692473,0.3316241,0.32583758,0.3200069,0.31504327,0.3079659,0.30386904,0.30055696,0.2944206,0.2891548,0.28622577,0.27900857,0.27335578,0.27084666,0.2662558,0.2604208,0.25552994,0.24932837,0.24468544
3_real,0.9655044,,,,,,,,,,,,,,,,,,,,,,,,,,,,,,,,,,,,,,,,,,,,,,,,,,,,,,,,,,,,,,0.89816433,,,,,,,
3_gen,0.9655045,0.9572962,0.9513265,0.9423817,0.93842936,0.93328273,0.9286541,0.9217149,0.91828126,0.916715,0.91153765,0.90944636,0.9029158,0.89841,0.8934822,0.8872182,0.8836484,0.87869376,0.8713501,0.86618936,0.86044616,0.85725385,0.8506621,0.84241736,0.83926105,0.83758783,0.83449304,0.8295728,0.8250116,0.8201803,0.81526107,0.80996084,0.8081598,0.8056224,0.8041563,0.8013587,0.7981354,0.7920922,0.79069114,0.7875501,0.7808177,0.776024,0.77365404,0.77477753,0.7676145,0.7654599,0.76372993,0.7612386,0.75743824,0.754142,0.74823165,0.746756,0.74108195,0.7390255,0.7361515,0.73186237,0.72869134,0.7259175,0.7208725,0.72223365,0.72075826,0.7152931,0.7103302,0.70659935,0.7030785,0.6998494,0.69586533,0.6891204,0.68862927,0.6836563
4_real,1.3048186,,,,,,,,,,,,,,,,,,,,,,,,,,,,,,,,,,,,,,,,,,,,,,,,,,,,,,,,,,,,,,1.5754048,,,,,,,
4_gen,1.3048187,1.2947333,1.2878702,1.2847153,1.2854038,1.2882241,1.2857311,1.2865957,1.2886859,1.2858708,1.2821485,1.2817239,1.2782135,1.2752151,1.2706995,1.2703531,1.2659732,1.26523,1.2655058,1.2624876,1.2651218,1.2645987,1.2648724,1.2606907,1.2583139,1.2553359,1.2490995,1.2441332,1.2378976,1.2382965,1.233671,1.2300923,1.2236888,1.2211372,1.2202684,1.2177929,1.2153764,1.2123045,1.2075478,1.2018421,1.1967704,1.192309,1.1909299,1.1885715,1.1824013,1.1814994,1.1761134,1.1727793,1.1688228,1.1623714,1.1596673,1.1570731,1.1571426,1.1520897,1.1497056,1.1476066,1.1458652,1.1452347,1.1440538,1.144275,1.138299,1.1330488,1.1304648,1.1271732,1.1238765,1.1196344,1.1150148,1.1117086,1.1093385,1.1056569
5_real,1.9452107,,,,,,,,,,,,,,,,,,,,,,,,,,,,,,,,,,,,,,,,,,,,,,,,,,,,,,,,,,,,,,1.8626316,,,,,,,
5_gen,1.9452107,1.9409806,1.9340067,1.9299738,1.9266516,1.9207954,1.9223877,1.9208091,1.9182131,1.9141433,1.9126457,1.9070467,1.9010317,1.8973509,1.8949754,1.8922453,1.8934628,1.8889666,1.88048,1.8758472,1.8737051,1.8698215,1.8695577,1.8652766,1.8615446,1.8558992,1.8518025,1.8486534,1.8463173,1.8393701,1.8350523,1.8299656,1.8238394,1.8203577,1.8153375,1.8116586,1.8081449,1.8048675,1.8024559,1.802021,1.798818,1.7987531,1.7952244,1.7922106,1.7869682,1.7826315,1.7770894,1.772309,1.7699707,1.7643493,1.759845,1.7592974,1.7569298,1.7555335,1.7510837,1.7456793,1.7428615,1.7397817,1.7346205,1.7289436,1.7238852,1.7228749,1.7203379,1.7143272,1.7119478,1.7102772,1.7117212,1.7040371,1.7010272,1.7007029
6_real,0.6156765,,,,,,,,,,,,,,,,,,,,,,,,,,,,,,,,,,,,,,,,,,,,,,,,,,,,,,,,,,,,,,0.547734,,,,,,,
6_gen,0.61567646,0.614152,0.6119499,0.6079295,0.6066025,0.60522985,0.6028859,0.6005241,0.59746414,0.5955491,0.5942618,0.5916716,0.58923185,0.58729595,0.5850625,0.5820467,0.57940984,0.5773265,0.57606727,0.5738039,0.5712784,0.56920314,0.5680046,0.56553334,0.5616248,0.5618681,0.55905765,0.55709255,0.5547194,0.55292314,0.5513446,0.5498672,0.54782474,0.54605687,0.5430099,0.5414217,0.5380003,0.5363067,0.5346087,0.5311061,0.52892447,0.52710867,0.5250098,0.52209055,0.51908225,0.51767176,0.5162549,0.5142164,0.51105976,0.50930107,0.5070156,0.5045888,0.50286156,0.49999017,0.49689555,0.49453974,0.49128586,0.487863,0.48467427,0.48188248,0.4784882,0.47491223,0.47125658,0.46942848,0.46599516,0.4633667,0.4597184,0.4576888,0.45504427,0.4513174
7_real,0.6318111,,,,,,,,,,,,,,,,,,,,,,,,,,,,,,,,,,,,,,,,,,,,,,,,,,,,,,,,,,,,,,0.45567802,,,,,,,
7_gen,0.6318111,0.6276626,0.6229833,0.620098,0.61550474,0.61685765,0.6163276,0.6175683,0.6157383,0.6123585,0.61406887,0.6124128,0.6119315,0.6102567,0.6082986,0.6081594,0.60661376,0.6032349,0.60319436,0.60273755,0.59893405,0.5993235,0.60001385,0.5958136,0.5954139,0.5953606,0.5946766,0.59464306,0.59354293,0.59333974,0.5950625,0.595637,0.59559745,0.5945691,0.59208834,0.58962375,0.58861864,0.5896938,0.5878311,0.5868833,0.5850199,0.58455503,0.58536947,0.5835296,0.5828794,0.58214,0.5783936,0.57830316,0.576822,0.5757344,0.5769162,0.57571286,0.57759833,0.5789464,0.57959116,0.58090895,0.5833443,0.5811924,0.5822265,0.57855654,0.58013713,0.57863736,0.57711005,0.5743154,0.57671845,0.5735179,0.57254326,0.5707192,0.5724682,0.56919473
8_real,0.030368244,,,,,,,,,,,,,,,,,,,,,,,,,,,,,,,,,,,,,,,,,,,,,,,,,,,,,,,,,,,,,,0.025090093,,,,,,,
8_gen,0.030368242,0.027600694,0.026969587,0.024615053,0.02230711,0.021901432,0.020232446,0.017597292,0.01855676,0.014055441,0.013090411,0.009042824,0.008020746,0.004036964,0.0033118683,0.0035965126,0.0006863981,0.0017484358,0.0013422702,-0.00041144976,-0.0009644438,-0.0034704902,-0.004956808,-0.007952677,-0.008143573,-0.0086733205,-0.0076113166,-0.011232386,-0.011033526,-0.013236997,-0.01310349,-0.013802847,-0.017388513,-0.020144932,-0.022030072,-0.02293377,-0.02388049,-0.024701718,-0.027246207,-0.02754339,-0.027290713,-0.026892701,-0.026843335,-0.029153544,-0.02855382,-0.027562255,-0.028725732,-0.029239476,-0.02797785,-0.03114692,-0.03140913,-0.036048494,-0.03768325,-0.0402044,-0.044669777,-0.045123547,-0.044617426,-0.044419196,-0.04664927,-0.048711576,-0.04954148,-0.05040908,-0.050470073,-0.052019954,-0.054199345,-0.05681969,-0.05622365,-0.060493607,-0.061267883,-0.06278022
9_real,0.23793864,,,,,,,,,,,,,,,,,,,,,,,,,,,,,,,,,,,,,,,,,,,,,,,,,,,,,,,,,,,,,,0.46182862,,,,,,,
9_gen,0.23793864,0.2357181,0.23657353,0.23604903,0.23106441,0.22921005,0.22586803,0.22311494,0.22033656,0.21598792,0.21528602,0.21351977,0.21325907,0.21171089,0.20854029,0.20495805,0.20397608,0.20409045,0.20182881,0.19803743,0.19731152,0.19608107,0.19645575,0.19361888,0.19103341,0.18836117,0.18668337,0.18332139,0.18303004,0.18265882,0.1781421,0.17643233,0.17332622,0.17400792,0.17119564,0.16750784,0.165352,0.16302106,0.16022618,0.15699264,0.15568551,0.15106365,0.15089563,0.14816928,0.14355439,0.14186344,0.14139101,0.13944593,0.1369359,0.13333331,0.12886365,0.1269339,0.12448318,0.12327123,0.119921304,0.1162351,0.11331506,0.11017643,0.10904555,0.1079365,0.10525577,0.10293033,0.10021082,0.09852964,0.095869474,0.09218883,0.088736184,0.087749735,0.08571844,0.08370155
10_real,-0.24312684,,,,,,,,,,,,,,,,,,,,,,,,,,,,,,,,,,,,,,,,,,,,,,,,,,,,,,,,,,,,,,-0.06856531,,,,,,,
10_gen,-0.24312684,-0.24735332,-0.24973798,-0.2527712,-0.25421494,-0.25588325,-0.256796,-0.25967878,-0.26123592,-0.2632901,-0.26427376,-0.26703396,-0.26903751,-0.27124727,-0.2695593,-0.2731545,-0.27277157,-0.27426785,-0.2754842,-0.27757025,-0.2793328,-0.28080362,-0.28311098,-0.28707615,-0.28855243,-0.28847,-0.29319128,-0.29835314,-0.29929364,-0.3032081,-0.3053101,-0.3103978,-0.3141515,-0.319202,-0.32168216,-0.32391205,-0.32751945,-0.3285072,-0.32910913,-0.33107537,-0.33336776,-0.33711344,-0.33983397,-0.34306303,-0.343728,-0.3465467,-0.34858698,-0.3543103,-0.35591376,-0.36000437,-0.36110398,-0.36395946,-0.36721218,-0.3674045,-0.36805817,-0.37190884,-0.37445232,-0.3752778,-0.37925902,-0.38091737,-0.38337755,-0.3864749,-0.39275372,-0.3982185,-0.3999132,-0.40510708,-0.40933603,-0.40972894,-0.4140144,-0.41738492
11_real,0.8271777,,,,,,,,,,,,,,,,,,,,,,,,,,,,,,,,,,,,,,,,,,,,,,,,,,,,,,,,,,,,,,0.79165345,,,,,,,
11_gen,0.82717764,0.82597303,0.8221677,0.8178598,0.813779,0.811107,0.81033623,0.8078176,0.8054787,0.803614,0.8031173,0.8019515,0.8004184,0.7976532,0.79890114,0.79909796,0.7973169,0.7957841,0.7922935,0.7884168,0.7871834,0.7878436,0.78997076,0.78877676,0.7861022,0.782709,0.7840344,0.7801472,0.7782222,0.77226996,0.77096665,0.7731054,0.77004063,0.76701653,0.7659297,0.76363194,0.76321447,0.75994706,0.7561797,0.75490916,0.751904,0.7525366,0.7516048,0.7534321,0.7534523,0.751607,0.7491213,0.74792254,0.74626344,0.744256,0.74102414,0.739914,0.73958004,0.7401868,0.7374124,0.7365439,0.72983134,0.7271317,0.7239152,0.72217214,0.7216188,0.71844155,0.71494853,0.7152054,0.7136961,0.7155169,0.7143618,0.7112371,0.70991576,0.70962256
12_real,0.33758026,,,,,,,,,,,,,,,,,,,,,,,,,,,,,,,,,,,,,,,,,,,,,,,,,,,,,,,,,,,,,,0.13686171,,,,,,,
12_gen,0.33758023,0.3341482,0.33371493,0.33473042,0.33166593,0.3321434,0.3286174,0.32456645,0.3217507,0.3210231,0.32322514,0.3219927,0.31793398,0.31479207,0.3126821,0.31087533,0.31251597,0.30984336,0.3100943,0.3050862,0.30576447,0.3031543,0.30281487,0.30192882,0.3010916,0.30005273,0.30232543,0.3024534,0.29868364,0.30020246,0.29645818,0.29684114,0.2964034,0.29317597,0.2908745,0.2895338,0.28854758,0.2913499,0.28930807,0.28529248,0.28603667,0.28575116,0.28163928,0.28030604,0.28103635,0.27879566,0.27847812,0.27941877,0.27998137,0.28038478,0.2775901,0.2749287,0.2726797,0.27295646,0.26954076,0.2672562,0.26959664,0.267551,0.26731354,0.26654747,0.26604527,0.26899788,0.27030474,0.2680719,0.2667341,0.26528805,0.26350206,0.2584818,0.25804156,0.2532292
13_real,0.13053823,,,,,,,,,,,,,,,,,,,,,,,,,,,,,,,,,,,,,,,,,,,,,,,,,,,,,,,,,,,,,,0.18312177,,,,,,,
13_gen,0.13053823,0.1282562,0.12284865,0.118265346,0.11278427,0.106853686,0.09969832,0.09458665,0.0904109,0.08231662,0.07911078,0.0738722,0.0666995,0.06212907,0.05926124,0.056297563,0.051535647,0.04618028,0.042777725,0.04074792,0.037340082,0.036040246,0.03271588,0.024636196,0.020498352,0.015952695,0.0120875,0.005102408,0.00036578198,-0.005744648,-0.009963005,-0.016180497,-0.021699399,-0.032226715,-0.032939907,-0.03538923,-0.04001954,-0.042969294,-0.049211107,-0.05380563,-0.058915686,-0.064593844,-0.06883736,-0.07383409,-0.078750804,-0.08554131,-0.0870366,-0.09220871,-0.097536005,-0.104346596,-0.109160885,-0.11419604,-0.121423684,-0.12817596,-0.13133688,-0.13883021,-0.14661936,-0.1500727,-0.15754871,-0.16256326,-0.16571315,-0.17002645,-0.17643693,-0.18354179,-0.19215152,-0.19842674,-0.20265102,-0.20653245,-0.21075115,-0.21636644
14_real,-0.112255335,,,,,,,,,,,,,,,,,,,,,,,,,,,,,,,,,,,,,,,,,,,,,,,,,,,,,,,,,,,,,,-0.14062364,,,,,,,
14_gen,-0.112255335,-0.12115729,-0.12928227,-0.13520677,-0.13816601,-0.14001493,-0.14191993,-0.14591351,-0.14969407,-0.1544457,-0.15554865,-0.1624164,-0.16478476,-0.17177202,-0.17538506,-0.17915377,-0.1830866,-0.18747832,-0.18962386,-0.19190957,-0.1955634,-0.19942263,-0.2021107,-0.20544553,-0.20677118,-0.21281767,-0.21215034,-0.21497548,-0.22156593,-0.22677466,-0.23188086,-0.23681653,-0.24232593,-0.24586096,-0.25054076,-0.2531709,-0.2553287,-0.25945386,-0.26554197,-0.2671515,-0.26954567,-0.27406803,-0.2756006,-0.28079718,-0.28626925,-0.2903903,-0.29344207,-0.29730183,-0.30279708,-0.3090707,-0.3151487,-0.32215473,-0.32980508,-0.33424503,-0.3404141,-0.34318325,-0.34984306,-0.35355693,-0.35590205,-0.3609024,-0.3625677,-0.3704352,-0.3749231,-0.37793177,-0.38242942,-0.38916042,-0.39733055,-0.40705103,-0.4071656,-0.4125587
15_real,0.9348397,,,,,,,,,,,,,,,,,,,,,,,,,,,,,,,,,,,,,,,,,,,,,,,,,,,,,,,,,,,,,,0.68574214,,,,,,,
15_gen,0.9348396,0.9465005,0.95095557,0.95575887,0.9627105,0.96884966,0.9756899,0.9816073,0.9858877,0.9877369,0.9913994,0.99353254,0.99754447,0.9997137,1.003721,1.0078781,1.0091734,1.0122259,1.0207344,1.0293467,1.0299267,1.032629,1.0407107,1.04396,1.0496317,1.054064,1.0584278,1.062858,1.0705645,1.0758162,1.0786482,1.0816896,1.0856832,1.092361,1.094222,1.0975679,1.1034905,1.1069342,1.1126726,1.1179173,1.1231809,1.1265113,1.1286381,1.1336803,1.1364717,1.136809,1.1412194,1.142978,1.1497571,1.160152,1.1686113,1.1724116,1.1813362,1.1803195,1.1830821,1.188467,1.1971017,1.2021277,1.2085233,1.2172956,1.221957,1.2286377,1.2371868,1.2406625,1.2463739,1.25704,1.2611774,1.2699125,1.2758322,1.2700344
16_real,1.1610267,,,,,,,,,,,,,,,,,,,,,,,,,,,,,,,,,,,,,,,,,,,,,,,,,,,,,,,,,,,,,,0.6595401,,,,,,,
16_gen,1.1610268,1.1672546,1.1762868,1.1779311,1.1802586,1.1847942,1.1849508,1.1919504,1.1905063,1.1987516,1.2009493,1.2049769,1.2098411,1.2099984,1.2123276,1.2194095,1.23123,1.2363117,1.2460388,1.251143,1.2535288,1.2576419,1.2655694,1.2742475,1.278164,1.2811066,1.2827244,1.2876137,1.2951586,1.3006437,1.308222,1.3096113,1.3123095,1.3156922,1.3169402,1.3158567,1.3236206,1.3251408,1.3316747,1.3381245,1.346291,1.3452626,1.3498849,1.3558418,1.3635571,1.3622602,1.3641396,1.3672667,1.3759058,1.3830376,1.3821132,1.3887494,1.3914284,1.4010351,1.405625,1.4130632,1.4165828,1.4244381,1.428308,1.4300395,1.4375175,1.442942,1.4436799,1.4503727,1.4601651,1.4670849,1.4732748,1.4800484,1.4882643,1.495564
17_real,0.4789031,,,,,,,,,,,,,,,,,,,,,,,,,,,,,,,,,,,,,,,,,,,,,,,,,,,,,,,,,,,,,,0.5747667,,,,,,,
17_gen,0.4789031,0.48352543,0.48824373,0.49181724,0.49707207,0.5017165,0.5040022,0.50730526,0.51108027,0.5155691,0.5196334,0.52246135,0.5270487,0.5308309,0.5354473,0.5412122,0.54676884,0.54855883,0.5532406,0.5597998,0.56692,0.57042897,0.57495344,0.58058,0.58614826,0.58885515,0.5935707,0.59902555,0.6022762,0.60573167,0.61223567,0.616233,0.6198679,0.6244551,0.62872934,0.6352281,0.6391268,0.64270896,0.64686584,0.6504127,0.6548239,0.6589908,0.6659753,0.6707487,0.67262685,0.67632306,0.68150675,0.68491995,0.6913171,0.69518965,0.69873655,0.70162416,0.7060257,0.709464,0.7145079,0.71778053,0.72391766,0.72904414,0.73610455,0.74036753,0.7469505,0.75241625,0.75410914,0.7568587,0.7636278,0.76824063,0.7727339,0.77994204,0.7837292,0.78760016
18_real,0.78793705,,,,,,,,,,,,,,,,,,,,,,,,,,,,,,,,,,,,,,,,,,,,,,,,,,,,,,,,,,,,,,0.5477323,,,,,,,
18_gen,0.7879371,0.7933854,0.79763013,0.8021614,0.8075116,0.81368923,0.8163723,0.8182198,0.82182086,0.82813567,0.82948637,0.8328906,0.8368825,0.84085226,0.8463995,0.84915984,0.85096693,0.8549306,0.86136305,0.86236656,0.8673539,0.87060034,0.8748538,0.8785779,0.8836085,0.8844447,0.8873925,0.8912221,0.89495564,0.90075576,0.9076292,0.90899754,0.91277474,0.91660404,0.9197404,0.9227703,0.92555237,0.93087995,0.9340006,0.93608314,0.9390934,0.9435509,0.9475128,0.9498299,0.95197976,0.95583117,0.96052057,0.9661371,0.9722818,0.9765277,0.9761108,0.98006237,0.984035,0.9885479,0.98985577,0.9927246,0.99480057,0.99805784,1.0031976,1.0076587,1.0108638,1.0156585,1.0191802,1.0249217,1.0274576,1.0302829,1.0341201,1.0408088,1.0475309,1.0506772
19_real,0.6313359,,,,,,,,,,,,,,,,,,,,,,,,,,,,,,,,,,,,,,,,,,,,,,,,,,,,,,,,,,,,,,0.17341404,,,,,,,
19_gen,0.63133585,0.62435967,0.61782557,0.6119367,0.6088875,0.60333425,0.5996318,0.5965911,0.591515,0.58749545,0.5814205,0.5764202,0.571512,0.56669813,0.56355846,0.55957973,0.55429864,0.5506965,0.54749143,0.5449788,0.5412964,0.5383234,0.53343946,0.5283364,0.5220143,0.5170671,0.5146243,0.5114876,0.5066204,0.5043649,0.50222594,0.49780703,0.49421945,0.48993188,0.48523808,0.48163986,0.4774037,0.47236347,0.467878,0.4632586,0.4583109,0.45369115,0.44988665,0.445832,0.4426778,0.4387382,0.4319617,0.4289871,0.4235168,0.41883045,0.414185,0.4115317,0.4079093,0.40375727,0.39930558,0.39476195,0.39126015,0.38665956,0.38185054,0.37859267,0.37418646,0.36977282,0.36343113,0.3562845,0.35295406,0.34648037,0.34305802,0.33969477,0.33625254,0.33278146
20_real,0.80756354,,,,,,,,,,,,,,,,,,,,,,,,,,,,,,,,,,,,,,,,,,,,,,,,,,,,,,,,,,,,,,0.50518507,,,,,,,
20_gen,0.80756366,0.8009968,0.79866374,0.7952424,0.7919923,0.7902466,0.78830975,0.7866748,0.7828398,0.7812586,0.7764541,0.7749467,0.77437973,0.77312744,0.7703485,0.76811874,0.7661831,0.7633651,0.7612214,0.7592112,0.75484747,0.7491298,0.74760246,0.74546987,0.7426247,0.73904026,0.7371649,0.7344555,0.73273194,0.72731954,0.7244389,0.7198247,0.71692884,0.7140802,0.70876646,0.70601285,0.70271575,0.6999152,0.6963717,0.69306713,0.68954927,0.6869236,0.68171895,0.6787151,0.6745424,0.66931176,0.66670644,0.6639907,0.66166157,0.6591902,0.654743,0.6527136,0.6485137,0.6472229,0.64455235,0.6420708,0.63943374,0.63589203,0.63311094,0.63146126,0.62764204,0.6236329,0.61992216,0.617458,0.61505616,0.61279136,0.61117035,0.60638005,0.60152304,0.5993633
21_real,-0.093007445,,,,,,,,,,,,,,,,,,,,,,,,,,,,,,,,,,,,,,,,,,,,,,,,,,,,,,,,,,,,,,-0.12544717,,,,,,,
21_gen,-0.093007445,-0.09608161,-0.09804177,-0.100003816,-0.10476886,-0.10792686,-0.1117308,-0.111203864,-0.11375406,-0.11549519,-0.118363515,-0.11900365,-0.12045257,-0.12484528,-0.12750554,-0.13362224,-0.1351829,-0.13702026,-0.13934544,-0.13989767,-0.14297847,-0.14593294,-0.14711638,-0.14894606,-0.15217774,-0.15547173,-0.15983847,-0.16292153,-0.16612431,-0.1688898,-0.17225698,-0.17457458,-0.17668466,-0.18222728,-0.18366353,-0.18497968,-0.18785307,-0.19294181,-0.19505939,-0.19784935,-0.20039335,-0.20437983,-0.20571855,-0.20892516,-0.21164298,-0.21387497,-0.21534786,-0.2208538,-0.22277191,-0.22540066,-0.2270087,-0.23231626,-0.23539968,-0.23640712,-0.2398789,-0.24204895,-0.2452114,-0.24811439,-0.2509005,-0.25481033,-0.25645834,-0.25871703,-0.26290685,-0.26672596,-0.26772878,-0.26920372,-0.2722927,-0.27475208,-0.2771356,-0.2780648
22_real,-0.16673191,,,,,,,,,,,,,,,,,,,,,,,,,,,,,,,,,,,,,,,,,,,,,,,,,,,,,,,,,,,,,,-0.29229748,,,,,,,
22_gen,-0.16673192,-0.17367387,-0.17946477,-0.1894128,-0.19574276,-0.19772236,-0.20309253,-0.20918564,-0.21181056,-0.21491578,-0.21872549,-0.2231606,-0.22753835,-0.23221338,-0.23695274,-0.2426856,-0.24609399,-0.25046998,-0.25345945,-0.25771862,-0.26344472,-0.2671685,-0.26976475,-0.27445662,-0.27575666,-0.28007156,-0.2825197,-0.2848677,-0.28884155,-0.29215285,-0.29476154,-0.30010933,-0.30398422,-0.30607578,-0.310677,-0.31324577,-0.31906635,-0.3206585,-0.32370573,-0.3293926,-0.33366147,-0.3373134,-0.3451769,-0.34817293,-0.3503715,-0.3531683,-0.3576732,-0.36047554,-0.36415726,-0.3695542,-0.37338826,-0.37622193,-0.3798195,-0.38224697,-0.3829767,-0.38277152,-0.3866695,-0.38970238,-0.39409336,-0.39770302,-0.40462106,-0.40792626,-0.41068262,-0.41413975,-0.4182768,-0.42277083,-0.42467755,-0.42836708,-0.43228236,-0.43439275
23_real,1.4265208,,,,,,,,,,,,,,,,,,,,,,,,,,,,,,,,,,,,,,,,,,,,,,,,,,,,,,,,,,,,,,0.94405514,,,,,,,
23_gen,1.426521,1.4207752,1.4147663,1.4118727,1.4083025,1.4078151,1.4043545,1.4006368,1.396168,1.3945416,1.3908279,1.3868344,1.3819115,1.3767588,1.3726718,1.3692894,1.3647045,1.3610328,1.35584,1.3521583,1.3477414,1.3453684,1.3423908,1.3379816,1.3349963,1.3303534,1.327359,1.3255277,1.3212111,1.3169876,1.3127234,1.3067696,1.3031971,1.3008592,1.296789,1.2917349,1.2895591,1.2867277,1.2842767,1.2807033,1.2789747,1.2754381,1.2713746,1.2623386,1.2591383,1.2571099,1.2522193,1.2507014,1.2459843,1.2442167,1.24163,1.238802,1.2346222,1.2324035,1.2307361,1.2248743,1.2220083,1.219104,1.2154267,1.2145094,1.2088498,1.204643,1.2008164,1.1968752,1.1920547,1.1877962,1.1845082,1.1806428,1.176726,1.1719496
24_real,-0.5688434,,,,,,,,,,,,,,,,,,,,,,,,,,,,,,,,,,,,,,,,,,,,,,,,,,,,,,,,,,,,,,-0.5113334,,,,,,,
24_gen,-0.5688434,-0.57514656,-0.58058584,-0.5850806,-0.5895935,-0.5925118,-0.59721965,-0.5992237,-0.6056081,-0.6104148,-0.6169713,-0.6230145,-0.6252393,-0.62869895,-0.6346733,-0.64045084,-0.6458319,-0.64979184,-0.6558168,-0.66276556,-0.6680828,-0.67151946,-0.6795341,-0.68319166,-0.6910044,-0.6948513,-0.70021796,-0.70621157,-0.7112506,-0.7169866,-0.72044235,-0.7239796,-0.72720665,-0.73097336,-0.7334081,-0.7389934,-0.7446917,-0.74945784,-0.7548885,-0.7578732,-0.7610036,-0.7640394,-0.7676021,-0.77180207,-0.7750711,-0.77642614,-0.7808505,-0.78596056,-0.79104537,-0.7943997,-0.797897,-0.8029399,-0.8056406,-0.8078666,-0.81356,-0.81855506,-0.82160294,-0.8261379,-0.83093804,-0.83496493,-0.83939534,-0.8463708,-0.85164225,-0.85651654,-0.8609128,-0.8678731,-0.87111396,-0.87690556,-0.8814645,-0.88665086
25_real,0.2590301,,,,,,,,,,,,,,,,,,,,,,,,,,,,,,,,,,,,,,,,,,,,,,,,,,,,,,,,,,,,,,0.41508117,,,,,,,
25_gen,0.2590301,0.25382036,0.2508014,0.24723998,0.2432677,0.24059212,0.2370894,0.23410395,0.23236462,0.22968693,0.22829962,0.22556147,0.22356734,0.22058722,0.21785171,0.21625467,0.21427754,0.20978984,0.20753174,0.20544226,0.20106348,0.19809386,0.19627438,0.1942878,0.19126509,0.18852118,0.18495968,0.17983149,0.1776074,0.17357215,0.17205152,0.16937017,0.16676326,0.16325273,0.16199043,0.15917474,0.1575636,0.15572286,0.15169819,0.14931457,0.14615062,0.14499356,0.1442425,0.14294785,0.13929279,0.13541985,0.12948065,0.12531799,0.12340969,0.117850795,0.11415136,0.1121241,0.10991283,0.10755906,0.10406613,0.101217434,0.098129645,0.095475,0.09296878,0.089509316,0.08577179,0.08304052,0.07906643,0.07583598,0.07264575,0.06806032,0.065221325,0.062405825,0.058353223,0.054743618
26_real,-0.65185905,,,,,,,,,,,,,,,,,,,,,,,,,,,,,,,,,,,,,,,,,,,,,,,,,,,,,,,,,,,,,,-0.6347465,,,,,,,
26_gen,-0.6518591,-0.6575075,-0.66298366,-0.6666901,-0.6696355,-0.67321074,-0.6767789,-0.6780697,-0.68000257,-0.68358934,-0.686793,-0.689721,-0.6932217,-0.69747466,-0.69913995,-0.7028301,-0.7046664,-0.7085323,-0.71141416,-0.7151906,-0.7188633,-0.7222334,-0.7253018,-0.7289911,-0.7320899,-0.7336849,-0.73567075,-0.7395607,-0.7436756,-0.7475267,-0.7507016,-0.75379246,-0.75777555,-0.7595423,-0.7621792,-0.76425904,-0.7664998,-0.7695728,-0.77263606,-0.7757254,-0.7786045,-0.7812091,-0.7841407,-0.78646886,-0.78915566,-0.7918123,-0.7940687,-0.79814905,-0.80096406,-0.8029739,-0.80578375,-0.80875474,-0.8091736,-0.812329,-0.8148898,-0.8172943,-0.81878316,-0.8206419,-0.8240975,-0.8247061,-0.82822526,-0.83222103,-0.83383226,-0.8370612,-0.83978987,-0.84182626,-0.84399855,-0.845576,-0.848158,-0.84964865
27_real,0.08030118,,,,,,,,,,,,,,,,,,,,,,,,,,,,,,,,,,,,,,,,,,,,,,,,,,,,,,,,,,,,,,0.4527869,,,,,,,
27_gen,0.08030117,0.07853861,0.0771215,0.07653827,0.07430028,0.073091574,0.071021885,0.07056765,0.06880244,0.067823485,0.0661632,0.06329813,0.061293595,0.06035263,0.059333526,0.05684344,0.054478966,0.052688748,0.05040927,0.04862865,0.047285452,0.044701304,0.043168865,0.04109567,0.03964702,0.039166916,0.037779022,0.03472104,0.0338371,0.031891186,0.030869016,0.030526757,0.02817675,0.025933426,0.024476595,0.022414424,0.020138677,0.017587775,0.016286379,0.013508989,0.011533462,0.009044414,0.007494652,0.004880222,0.0026524838,0.00052667566,-0.001606243,-0.0041743596,-0.0069120214,-0.0075215288,-0.010294943,-0.013063207,-0.015924644,-0.018155353,-0.01968925,-0.02129161,-0.023198029,-0.02602775,-0.027511755,-0.03018551,-0.031962685,-0.033507835,-0.035875462,-0.038436353,-0.040576603,-0.04346186,-0.045799036,-0.04765261,-0.049612977,-0.051328182
28_real,-0.4229255,,,,,,,,,,,,,,,,,,,,,,,,,,,,,,,,,,,,,,,,,,,,,,,,,,,,,,,,,,,,,,-0.6121887,,,,,,,
28_gen,-0.42292553,-0.4229812,-0.42374793,-0.42589602,-0.4268609,-0.4269054,-0.42958322,-0.42947784,-0.43005413,-0.42909202,-0.42972684,-0.430772,-0.43096727,-0.4323166,-0.43513003,-0.43560734,-0.43453592,-0.43504626,-0.43534112,-0.43605775,-0.43572864,-0.4365572,-0.4385574,-0.4376873,-0.43732643,-0.4371964,-0.4365302,-0.43650573,-0.43780842,-0.43905196,-0.43989888,-0.44355303,-0.4444202,-0.44327396,-0.44341907,-0.44458085,-0.44648427,-0.44682485,-0.44730678,-0.4470068,-0.44693995,-0.4495302,-0.4501875,-0.4513256,-0.45197612,-0.45347327,-0.455198,-0.4572393,-0.45828396,-0.45819372,-0.45794868,-0.4577611,-0.45850477,-0.4593041,-0.4623552,-0.46194625,-0.46268505,-0.46361846,-0.4651324,-0.4673962,-0.46908578,-0.47130972,-0.4721942,-0.4737874,-0.4729542,-0.47459984,-0.47624785,-0.47621435,-0.47921658,-0.48234558
29_real,0.10374306,,,,,,,,,,,,,,,,,,,,,,,,,,,,,,,,,,,,,,,,,,,,,,,,,,,,,,,,,,,,,,-0.08880837,,,,,,,
29_gen,0.10374306,0.09972393,0.09761158,0.096074596,0.093675375,0.09195693,0.08973183,0.08859564,0.0877828,0.08749509,0.08537923,0.08664807,0.08493967,0.08309246,0.08278664,0.07942815,0.0771472,0.076149195,0.07585381,0.074859545,0.07290339,0.07217187,0.07195224,0.06990189,0.07064583,0.06914041,0.06618784,0.064095244,0.062421143,0.06282781,0.061027527,0.05957607,0.059370905,0.057369508,0.056866866,0.055961125,0.05512747,0.053141207,0.052333076,0.05035323,0.050438482,0.04706641,0.046277974,0.045659333,0.04373586,0.041750982,0.041520044,0.04161326,0.039784994,0.038891736,0.03839246,0.035698257,0.03443966,0.031787824,0.030342136,0.02783434,0.02676844,0.026613962,0.023183953,0.021519372,0.018392142,0.017174263,0.015986606,0.014127074,0.014252825,0.012568191,0.012280472,0.010042524,0.0076099723,0.0069231642
30_real,0.57635397,,,,,,,,,,,,,,,,,,,,,,,,,,,,,,,,,,,,,,,,,,,,,,,,,,,,,,,,,,,,,,0.42013156,,,,,,,
30_gen,0.57635397,0.56869495,0.564076,0.56221485,0.55601656,0.55199784,0.5445322,0.53783727,0.53004897,0.5232685,0.51896286,0.5124339,0.5072611,0.502188,0.4935401,0.48851871,0.48314676,0.4801553,0.47436786,0.46911964,0.46052963,0.4512871,0.44564933,0.44080344,0.43279696,0.42752188,0.41805807,0.4143328,0.40400615,0.39767906,0.3984154,0.3930032,0.38492277,0.37867567,0.3713837,0.3682894,0.36411098,0.35838267,0.34932858,0.34556705,0.33946127,0.33251834,0.32031396,0.31555596,0.30598155,0.30554932,0.3019721,0.29704422,0.28993833,0.28343117,0.28032398,0.2746837,0.26281244,0.2565256,0.2534513,0.2480505,0.24390066,0.23642251,0.23526867,0.2314887,0.22391586,0.21964785,0.21048567,0.20258252,0.20297647,0.19659767,0.19413696,0.18590042,0.181945,0.17546599
31_real,1.8152393,,,,,,,,,,,,,,,,,,,,,,,,,,,,,,,,,,,,,,,,,,,,,,,,,,,,,,,,,,,,,,1.6426423,,,,,,,
31_gen,1.8152392,1.8090849,1.8033708,1.7932541,1.788193,1.7745374,1.7632744,1.7529869,1.7454491,1.732688,1.7286537,1.7226613,1.7121933,1.702668,1.6986628,1.6912504,1.6851753,1.6818361,1.6727962,1.669812,1.6572345,1.6494122,1.6383156,1.6300516,1.6248903,1.618325,1.6116489,1.6063,1.5998647,1.5940619,1.5874774,1.5814297,1.5735546,1.5668306,1.5567377,1.5505443,1.5426095,1.538791,1.5353639,1.530847,1.5193976,1.5137749,1.5110483,1.508632,1.5022379,1.4942905,1.4897275,1.482671,1.4786654,1.4753752,1.4673326,1.4575047,1.4495348,1.4473258,1.4381369,1.4325955,1.4230883,1.4185067,1.4130926,1.4070631,1.3980873,1.3901033,1.3904359,1.3863243,1.3799665,1.3762033,1.36813,1.3592118,1.3494298,1.3453642
32_real,1.2016273,,,,,,,,,,,,,,,,,,,,,,,,,,,,,,,,,,,,,,,,,,,,,,,,,,,,,,,,,,,,,,0.8620771,,,,,,,
32_gen,1.2016274,1.2034981,1.2026303,1.1979076,1.1952646,1.1936915,1.1912563,1.1854794,1.1811321,1.1768512,1.1730672,1.1683788,1.1678416,1.1652868,1.1620203,1.159076,1.1534103,1.1522572,1.1471161,1.1416274,1.1379906,1.1328025,1.1294522,1.1243699,1.1191595,1.1148965,1.111497,1.1080811,1.1029646,1.1003718,1.0966256,1.0920434,1.0874302,1.084481,1.0821159,1.0802988,1.0741835,1.0690788,1.0693272,1.0671031,1.0616179,1.0552887,1.0494596,1.0467199,1.0425441,1.0397202,1.037892,1.0354612,1.0324328,1.0288035,1.0248297,1.0230695,1.0175469,1.01398,1.0120091,1.0082834,1.0040241,1.0020131,0.9951258,0.98958176,0.9858214,0.9792886,0.97300303,0.96968544,0.96380633,0.9597255,0.95627004,0.95406073,0.9488239,0.9477196
33_real,0.58856165,,,,,,,,,,,,,,,,,,,,,,,,,,,,,,,,,,,,,,,,,,,,,,,,,,,,,,,,,,,,,,0.5057915,,,,,,,
33_gen,0.5885616,0.5895239,0.58713037,0.5855582,0.58530486,0.582199,0.5800012,0.57757294,0.57319176,0.5712557,0.57014245,0.56913555,0.56704646,0.5661428,0.564771,0.5610205,0.55756605,0.55329776,0.5518702,0.54754865,0.5459362,0.5430308,0.5425333,0.53994787,0.53854245,0.53557694,0.5315695,0.52586764,0.5240117,0.52301323,0.52331626,0.5204113,0.51556236,0.515878,0.514232,0.51332045,0.5102979,0.5059577,0.50437355,0.50386834,0.4996849,0.49493456,0.49414665,0.4922536,0.49009728,0.48966902,0.48679215,0.4831361,0.48097458,0.47699934,0.47480828,0.47463673,0.46995965,0.46820077,0.46642932,0.46548033,0.46030626,0.45630097,0.455155,0.45440507,0.45031348,0.44402704,0.44137916,0.43894848,0.43480092,0.4320852,0.4291533,0.42573708,0.4262898,0.42305169
34_real,0.21122625,,,,,,,,,,,,,,,,,,,,,,,,,,,,,,,,,,,,,,,,,,,,,,,,,,,,,,,,,,,,,,0.09485094,,,,,,,
34_gen,0.21122625,0.21363874,0.21415696,0.21247208,0.21369858,0.2168086,0.2171592,0.2180965,0.21951108,0.21850832,0.21615405,0.2162843,0.21445353,0.21556477,0.21729982,0.21617968,0.2170022,0.21434812,0.21517357,0.21681154,0.21809337,0.21969216,0.2213339,0.22124243,0.2264481,0.22735023,0.2300266,0.23303847,0.23568182,0.23656602,0.23789564,0.23813577,0.23908663,0.23949024,0.23900501,0.2401371,0.24095348,0.24030983,0.24037662,0.24148381,0.24214175,0.2419776,0.23935874,0.24151874,0.24237576,0.24402606,0.24667926,0.24499023,0.24926408,0.24787895,0.2496018,0.24973166,0.2494715,0.2470335,0.24773988,0.24860522,0.24769597,0.2507219,0.25047594,0.24943979,0.24863398,0.24874511,0.24686995,0.2468483,0.24566522,0.24709742,0.24890037,0.24950323,0.24835353,0.2483298
35_real,1.88663,,,,,,,,,,,,,,,,,,,,,,,,,,,,,,,,,,,,,,,,,,,,,,,,,,,,,,,,,,,,,,1.8043331,,,,,,,
35_gen,1.8866303,1.8883101,1.8868182,1.8835933,1.8817761,1.881643,1.8809836,1.8833698,1.8818134,1.8814561,1.8797745,1.8825119,1.8835808,1.8824208,1.8821691,1.8799589,1.8783648,1.8768327,1.8763056,1.8754168,1.871721,1.8722671,1.870702,1.8698986,1.8679173,1.8692099,1.8693367,1.8644803,1.862581,1.8568255,1.8556154,1.8519056,1.8493503,1.8490057,1.8473577,1.8457787,1.8416655,1.8380371,1.8396676,1.8366619,1.8373604,1.836705,1.8363205,1.83371,1.8331629,1.8308693,1.8276583,1.8274243,1.8272537,1.8241322,1.8229134,1.822108,1.820974,1.8211658,1.8187277,1.8144519,1.8118664,1.8093029,1.8105173,1.8084059,1.8065948,1.8021046,1.8007443,1.7950455,1.7923186,1.7909807,1.7857145,1.7842156,1.7813768,1.777847
36_real,0.27362895,,,,,,,,,,,,,,,,,,,,,,,,,,,,,,,,,,,,,,,,,,,,,,,,,,,,,,,,,,,,,,0.0920358,,,,,,,
36_gen,0.27362895,0.2780147,0.27637997,0.27632436,0.27366245,0.27562052,0.27171123,0.2722494,0.2671214,0.2662975,0.26219925,0.26066324,0.257678,0.25616395,0.2507686,0.24886267,0.2465251,0.24731572,0.24308619,0.2399509,0.23933084,0.23846598,0.2384028,0.23364644,0.23483488,0.2339792,0.22964604,0.22554436,0.2245255,0.22440156,0.22389574,0.22334537,0.22020078,0.22019367,0.21984677,0.21574648,0.21508987,0.21816115,0.21479368,0.21612675,0.21214995,0.21373458,0.212306,0.21150598,0.20846017,0.20383723,0.20124476,0.19731098,0.1927178,0.19047587,0.18569079,0.18200208,0.17779231,0.1746691,0.17394814,0.17098588,0.16974178,0.16734932,0.16897264,0.16909935,0.1644764,0.16101444,0.1586796,0.16026214,0.1580945,0.15505412,0.15266624,0.14902875,0.14861338,0.14792994
37_real,0.9702915,,,,,,,,,,,,,,,,,,,,,,,,,,,,,,,,,,,,,,,,,,,,,,,,,,,,,,,,,,,,,,0.76410997,,,,,,,
37_gen,0.9702915,0.96812314,0.9684454,0.9628711,0.95891887,0.95447654,0.9499341,0.9453952,0.94367313,0.9432312,0.9384149,0.933911,0.9313448,0.92547524,0.92309284,0.9199082,0.9183987,0.9151738,0.9129159,0.91308224,0.91217947,0.90912944,0.9080156,0.9058031,0.90500546,0.901985,0.9027322,0.89984685,0.898646,0.8920137,0.89111537,0.88795567,0.8849742,0.87859476,0.874365,0.87162656,0.87077206,0.8681593,0.86116534,0.8587965,0.85626364,0.8509471,0.8460816,0.8410171,0.8407868,0.83809316,0.8385723,0.8364724,0.8338939,0.83639896,0.8330452,0.8320633,0.83076,0.8255474,0.82281286,0.8219298,0.8164671,0.8106079,0.8055496,0.80396116,0.80244523,0.79791504,0.7951472,0.7880522,0.78360456,0.77563334,0.7725453,0.76746184,0.7644619,0.7580225
38_real,0.5634873,,,,,,,,,,,,,,,,,,,,,,,,,,,,,,,,,,,,,,,,,,,,,,,,,,,,,,,,,,,,,,0.37978354,,,,,,,
38_gen,0.56348723,0.5634229,0.56351477,0.56308156,0.5618228,0.56007993,0.557854,0.5587805,0.5567341,0.55241024,0.5535606,0.55419,0.5518344,0.5512726,0.5488242,0.544421,0.5408411,0.5400598,0.5367596,0.53477967,0.53469545,0.53533703,0.5353525,0.5367712,0.5348736,0.5325058,0.53152406,0.53197974,0.5313283,0.52823114,0.5262187,0.52403754,0.52225053,0.5197801,0.5201958,0.5213058,0.51990557,0.5179802,0.51690423,0.5170544,0.5170577,0.5174813,0.5150865,0.51147974,0.5102909,0.5084489,0.5097138,0.5106588,0.50709546,0.5091144,0.50762093,0.5049732,0.50395805,0.50157183,0.4988161,0.49752632,0.496312,0.49428344,0.49247202,0.4904812,0.4883128,0.49032322,0.4843108,0.48357874,0.4823529,0.48287216,0.480944,0.4797179,0.47906834,0.47683805
39_real,0.09798466,,,,,,,,,,,,,,,,,,,,,,,,,,,,,,,,,,,,,,,,,,,,,,,,,,,,,,,,,,,,,,0.22980987,,,,,,,
39_gen,0.097984664,0.094974175,0.0944349,0.09183545,0.08923583,0.08951774,0.0886948,0.08760035,0.08785892,0.083449855,0.08179934,0.08154868,0.080939755,0.08139266,0.080094285,0.07840717,0.07546489,0.07928187,0.0798224,0.08186257,0.07984127,0.07767342,0.07533182,0.0740421,0.07347872,0.07279226,0.073968366,0.07012348,0.06779172,0.0668548,0.06317696,0.0617159,0.057047218,0.055654775,0.052549183,0.04895264,0.046521753,0.046350863,0.04221785,0.03758944,0.03798376,0.035793286,0.032858722,0.029553566,0.02728572,0.024004266,0.02203827,0.017178021,0.014118614,0.012653619,0.010143054,0.007219908,0.0056939553,0.0027664213,-0.0010325201,-0.0029107232,-0.006535539,-0.006549363,-0.0076397224,-0.0059436522,-0.007992008,-0.007489647,-0.0096645625,-0.012026447,-0.012827126,-0.013294053,-0.019479688,-0.02051634,-0.022318164,-0.022187492
40_real,0.84760517,,,,,,,,,,,,,,,,,,,,,,,,,,,,,,,,,,,,,,,,,,,,,,,,,,,,,,,,,,,,,,0.9123901,,,,,,,
40_gen,0.8476051,0.8430376,0.84511805,0.8445203,0.8474722,0.852818,0.8531582,0.85309505,0.84829694,0.8458452,0.845868,0.8451554,0.8435236,0.84679204,0.8478138,0.8471529,0.8437114,0.84560156,0.844005,0.84616023,0.8451282,0.84279317,0.84089005,0.8382398,0.83896625,0.83792055,0.8341058,0.8339262,0.84020585,0.84245443,0.84066075,0.83990747,0.84135896,0.84583825,0.8420431,0.8419043,0.8418474,0.8384511,0.8365132,0.83493406,0.8356749,0.8351797,0.83677083,0.8398341,0.8382851,0.8407769,0.83906573,0.8392131,0.8411975,0.84083927,0.8397997,0.8368883,0.83762515,0.83864963,0.8360751,0.83510244,0.8328824,0.8363086,0.8297823,0.83074343,0.82691824,0.82346076,0.8215271,0.8217746,0.81854117,0.8195337,0.81774867,0.8177986,0.8164012,0.8154627
41_real,0.74068004,,,,,,,,,,,,,,,,,,,,,,,,,,,,,,,,,,,,,,,,,,,,,,,,,,,,,,,,,,,,,,0.68766516,,,,,,,
41_gen,0.7406801,0.73753905,0.7331483,0.7291207,0.7283217,0.7305356,0.72628164,0.72142875,0.71928376,0.7147956,0.7142271,0.71575063,0.70970094,0.7070412,0.7051083,0.7002483,0.69525105,0.6938075,0.6893423,0.6884791,0.6914674,0.6957997,0.69794714,0.69833165,0.693838,0.6873475,0.6885363,0.68855506,0.6865086,0.6884175,0.6855943,0.6847846,0.6843891,0.68601257,0.68390876,0.6842716,0.683421,0.68307745,0.68176264,0.68209493,0.6814449,0.6777683,0.6742221,0.6701231,0.6674715,0.66801614,0.66625696,0.66811,0.6662625,0.66744196,0.664614,0.66521907,0.6640059,0.656358,0.6543524,0.65423405,0.6579359,0.65536654,0.65935475,0.65715706,0.6554228,0.64992946,0.65312856,0.649721,0.6499682,0.64713466,0.6456914,0.6468432,0.65267146,0.6511523
42_real,-0.16107671,,,,,,,,,,,,,,,,,,,,,,,,,,,,,,,,,,,,,,,,,,,,,,,,,,,,,,,,,,,,,,-0.1334863,,,,,,,
42_gen,-0.1610767,-0.16749308,-0.17400433,-0.17932206,-0.18144433,-0.1864044,-0.18862441,-0.19456638,-0.19915591,-0.20199394,-0.20756988,-0.21127972,-0.21493562,-0.22177896,-0.23002496,-0.23615043,-0.24104235,-0.24730285,-0.25368154,-0.2577938,-0.26109597,-0.26253313,-0.26852402,-0.27042633,-0.27413598,-0.27663246,-0.28205863,-0.2880009,-0.291373,-0.29208028,-0.29544142,-0.29987177,-0.3071564,-0.31204647,-0.3180302,-0.32023782,-0.32414463,-0.33156723,-0.3358779,-0.34107473,-0.345534,-0.35030177,-0.35704798,-0.36275196,-0.3688573,-0.3736431,-0.3776623,-0.3829516,-0.3865509,-0.39216805,-0.39493006,-0.39920142,-0.40443373,-0.40926614,-0.41497335,-0.4213696,-0.42590004,-0.43169236,-0.43967518,-0.44582042,-0.44914532,-0.457089,-0.4606785,-0.4679944,-0.47352758,-0.47900978,-0.48319522,-0.49110183,-0.49434438,-0.500579
43_real,0.7828938,,,,,,,,,,,,,,,,,,,,,,,,,,,,,,,,,,,,,,,,,,,,,,,,,,,,,,,,,,,,,,0.5343906,,,,,,,
43_gen,0.7828937,0.776627,0.76988643,0.7652546,0.7591711,0.7524614,0.74809194,0.74330777,0.7391464,0.73425925,0.72771,0.7214675,0.71702594,0.7121803,0.70816076,0.70285004,0.69767916,0.6939648,0.68672687,0.68086493,0.6757503,0.66979736,0.66416293,0.65853477,0.6524634,0.6472044,0.6412449,0.6357993,0.63004,0.624937,0.62066895,0.61600554,0.6099922,0.6035611,0.5979924,0.59134376,0.5878839,0.5825183,0.57692826,0.5708845,0.5661727,0.56220734,0.5569052,0.5520362,0.54815066,0.5433842,0.5385217,0.535441,0.53122693,0.5285212,0.5220147,0.51813006,0.5152345,0.5116248,0.5094015,0.50289524,0.49937773,0.49575526,0.48944107,0.4855923,0.48039645,0.47699437,0.47372088,0.47089976,0.46483818,0.46054706,0.45449662,0.4495356,0.4425761,0.43762413
44_real,0.016253911,,,,,,,,,,,,,,,,,,,,,,,,,,,,,,,,,,,,,,,,,,,,,,,,,,,,,,,,,,,,,,-0.29174262,,,,,,,
44_gen,0.016253913,0.012322387,0.011002791,0.009277962,0.006639098,0.0058295457,0.006201625,0.005440864,0.0012069516,0.0024209737,0.004443944,0.0002121414,-0.0026381286,-0.0037916577,-0.0073817587,-0.0070810663,-0.008643875,-0.009413438,-0.010626538,-0.014227428,-0.014593598,-0.014220083,-0.018388983,-0.01756425,-0.017240582,-0.015465763,-0.01523162,-0.018769016,-0.02150755,-0.022131126,-0.023726558,-0.022454351,-0.02498701,-0.029023418,-0.028674796,-0.028630883,-0.027458405,-0.02801432,-0.030475235,-0.032829434,-0.033777375,-0.035637926,-0.0351263,-0.03715993,-0.037696026,-0.039367046,-0.044541836,-0.045270897,-0.04641322,-0.05059775,-0.050813716,-0.054964602,-0.055387516,-0.053756632,-0.052615397,-0.051221766,-0.053731363,-0.053278107,-0.057010412,-0.05727602,-0.05650673,-0.057839215,-0.056475483,-0.05673582,-0.057264388,-0.058042295,-0.05743002,-0.057841145,-0.058363132,-0.060098756
45_real,0.8565659,,,,,,,,,,,,,,,,,,,,,,,,,,,,,,,,,,,,,,,,,,,,,,,,,,,,,,,,,,,,,,1.1968743,,,,,,,
45_gen,0.85656583,0.853135,0.8518505,0.8472931,0.84419763,0.84065306,0.83931255,0.835484,0.8331334,0.82997787,0.8309723,0.82737446,0.82428396,0.81869805,0.8159913,0.81332433,0.8101365,0.80772847,0.8063718,0.80520934,0.79964966,0.7946867,0.78979105,0.78441966,0.7798131,0.77959716,0.7748649,0.7726289,0.76855415,0.7659638,0.76307124,0.76034546,0.7585479,0.75743663,0.75674754,0.75457215,0.74939144,0.7463058,0.7424766,0.74180317,0.7372321,0.73589337,0.73179924,0.7296479,0.727411,0.7257438,0.7218649,0.7196352,0.7158114,0.71548355,0.7121218,0.708253,0.70524424,0.70266795,0.6979414,0.6932805,0.68770623,0.68431485,0.68220687,0.67971766,0.6787875,0.67663723,0.6733861,0.6731812,0.67160374,0.66874087,0.66693276,0.6630821,0.6607486,0.65847605
46_real,0.90775967,,,,,,,,,,,,,,,,,,,,,,,,,,,,,,,,,,,,,,,,,,,,,,,,,,,,,,,,,,,,,,1.0284108,,,,,,,
46_gen,0.90775967,0.9003733,0.8950685,0.8886736,0.88311994,0.877947,0.87236196,0.8683977,0.8637711,0.85934496,0.8541991,0.84983176,0.8446406,0.838896,0.83499163,0.8310051,0.82482386,0.8213932,0.81707937,0.8141125,0.81015986,0.8074277,0.80252475,0.79941213,0.7952708,0.791394,0.7871344,0.7818926,0.7768309,0.77333623,0.768301,0.7657238,0.76098096,0.7571685,0.7532836,0.748943,0.74464256,0.74163216,0.73581445,0.7309607,0.726735,0.72197336,0.7182306,0.7143086,0.71067274,0.70590574,0.70169884,0.696473,0.6927997,0.68861496,0.684051,0.68117726,0.6776882,0.6750523,0.6712449,0.667229,0.6625638,0.65787137,0.6537377,0.6494029,0.6467864,0.6445378,0.63828236,0.6351201,0.63108885,0.62662107,0.6227523,0.6192002,0.61520374,0.6120039
47_real,1.3915352,,,,,,,,,,,,,,,,,,,,,,,,,,,,,,,,,,,,,,,,,,,,,,,,,,,,,,,,,,,,,,1.1138749,,,,,,,
47_gen,1.391535,1.3845937,1.3802918,1.3756344,1.3730317,1.3688046,1.3658623,1.3635734,1.3607057,1.3568848,1.3543495,1.3511837,1.3493388,1.3446926,1.3415176,1.3380812,1.3319442,1.3275267,1.3236179,1.3193547,1.316668,1.3137167,1.3107179,1.3067046,1.3027502,1.2996811,1.296778,1.2927929,1.2890344,1.2854884,1.2820265,1.2789643,1.2760549,1.2728826,1.2699234,1.2660749,1.2625004,1.2605032,1.2565987,1.2536176,1.2517893,1.2473943,1.2434814,1.2394326,1.2359759,1.2327778,1.2312,1.2298235,1.2278826,1.2251161,1.221514,1.2181013,1.2150267,1.212928,1.2100017,1.208095,1.2053885,1.2015753,1.198472,1.1953657,1.1911706,1.1879499,1.1851356,1.1808653,1.1788924,1.1762353,1.1741942,1.1696159,1.1654861,1.1616578
48_real,1.6915705,,,,,,,,,,,,,,,,,,,,,,,,,,,,,,,,,,,,,,,,,,,,,,,,,,,,,,,,,,,,,,1.3615549,,,,,,,
48_gen,1.6915705,1.68545,1.6820362,1.6775141,1.6737058,1.6697161,1.6666523,1.6643076,1.662734,1.6610098,1.6582196,1.6538641,1.652099,1.6486413,1.6458412,1.6446444,1.6421092,1.6392552,1.6366358,1.6335624,1.6339802,1.6286068,1.6270984,1.6235787,1.6190169,1.6167946,1.6136112,1.6133837,1.6114883,1.6095483,1.6054379,1.6022513,1.5989172,1.5966669,1.5932461,1.5901253,1.5860286,1.5840122,1.5802197,1.5762305,1.571497,1.5702384,1.5676428,1.5623744,1.5602264,1.5583074,1.5558647,1.5520217,1.5491617,1.5464798,1.542099,1.538923,1.5336775,1.5287395,1.526375,1.525233,1.5208008,1.5188158,1.5167539,1.5145503,1.5124333,1.5092201,1.5057597,1.5034835,1.5007758,1.4971592,1.4934876,1.4894572,1.4865425,1.4805726
49_real,0.32065457,,,,,,,,,,,,,,,,,,,,,,,,,,,,,,,,,,,,,,,,,,,,,,,,,,,,,,,,,,,,,,0.24139103,,,,,,,
49_gen,0.3206546,0.31255,0.30760026,0.30199715,0.29694897,0.2927188,0.2894743,0.28429294,0.2814874,0.27587634,0.2705396,0.266725,0.25943398,0.25192553,0.24957728,0.24621189,0.24359138,0.24006322,0.23033926,0.22796497,0.22101876,0.21745782,0.21282732,0.20722616,0.20505106,0.19495416,0.18975791,0.18623146,0.18141356,0.1774702,0.1725792,0.17009607,0.16252354,0.15727906,0.15412264,0.14802435,0.14473078,0.13909264,0.13367006,0.12724239,0.11991446,0.11691642,0.11409651,0.10883935,0.10167339,0.097620405,0.09160441,0.08614343,0.079188935,0.07426987,0.06841006,0.064197175,0.055544116,0.048699185,0.04447586,0.040176593,0.03505502,0.03152375,0.025509167,0.018491413,0.012261208,0.0075603933,0.0034917176,-5.1251052e-05,-0.006475784,-0.011736575,-0.01658428,-0.022222225,-0.029171666,-0.03176325
50_real,0.34794948,,,,,,,,,,,,,,,,,,,,,,,,,,,,,,,,,,,,,,,,,,,,,,,,,,,,,,,,,,,,,,0.06572653,,,,,,,
50_gen,0.34794948,0.342347,0.3368253,0.33425033,0.3314433,0.3287111,0.32298285,0.31692785,0.31383806,0.30798095,0.3040096,0.30134147,0.2971445,0.29185253,0.28654718,0.28380975,0.27885923,0.27389508,0.26863337,0.26657528,0.26221672,0.25905383,0.2526757,0.25023714,0.24882606,0.24604182,0.2452848,0.24180123,0.2371562,0.23513679,0.23081967,0.22770417,0.22109023,0.21899214,0.21524617,0.21504936,0.21093912,0.20787351,0.20322159,0.20387511,0.19542852,0.19292799,0.19173647,0.18765597,0.1791881,0.17671344,0.17079595,0.1660106,0.16349831,0.1595823,0.1586,0.15177098,0.14647219,0.1456213,0.14068495,0.13598588,0.13416755,0.12998322,0.12813595,0.12539586,0.122066215,0.11777087,0.11393322,0.109336935,0.10337204,0.098244116,0.094821714,0.09055807,0.085570894,0.07949989
51_real,-0.84521294,,,,,,,,,,,,,,,,,,,,,,,,,,,,,,,,,,,,,,,,,,,,,,,,,,,,,,,,,,,,,,-0.7544778,,,,,,,
51_gen,-0.84521294,-0.85420644,-0.8569536,-0.86175394,-0.86640203,-0.8724266,-0.8765103,-0.8808096,-0.8839294,-0.88661414,-0.8937417,-0.89960414,-0.9011323,-0.90810597,-0.9140957,-0.91650105,-0.91796273,-0.9238429,-0.92444754,-0.9301565,-0.93240213,-0.93325645,-0.9379722,-0.94028693,-0.94433653,-0.94500464,-0.9500362,-0.95351297,-0.95422536,-0.9608366,-0.9643428,-0.9698002,-0.97662514,-0.9777738,-0.98054826,-0.9821967,-0.98361576,-0.98255,-0.98360854,-0.9868218,-0.9911232,-0.99459237,-0.99872637,-1.0023965,-1.0079055,-1.011944,-1.0165257,-1.0183902,-1.0260152,-1.0283344,-1.0303618,-1.0325525,-1.0372117,-1.0384965,-1.0404359,-1.0424455,-1.0453707,-1.0479848,-1.0529243,-1.0591747,-1.0627083,-1.06495,-1.069702,-1.0713556,-1.070483,-1.072346,-1.0746487,-1.0784342,-1.0804883,-1.0871089
52_real,-1.4176244,,,,,,,,,,,,,,,,,,,,,,,,,,,,,,,,,,,,,,,,,,,,,,,,,,,,,,,,,,,,,,-1.391945,,,,,,,
52_gen,-1.4176244,-1.4217119,-1.4256291,-1.4279907,-1.4274485,-1.4298884,-1.4308454,-1.4312321,-1.4337729,-1.4353307,-1.4360011,-1.4379063,-1.4410299,-1.4425977,-1.4474176,-1.449401,-1.4534143,-1.4552321,-1.4517999,-1.4540174,-1.4571185,-1.459919,-1.459797,-1.4650389,-1.4637555,-1.4685494,-1.4710872,-1.4730444,-1.4761145,-1.4772388,-1.4817518,-1.4863683,-1.4900957,-1.4884385,-1.4961203,-1.4986442,-1.5019433,-1.5034916,-1.5074193,-1.5083159,-1.509877,-1.5133235,-1.5181446,-1.519706,-1.5235355,-1.5289903,-1.5319327,-1.5351598,-1.536454,-1.5388385,-1.5432485,-1.5441606,-1.5452368,-1.5465086,-1.5486072,-1.5496725,-1.5509543,-1.5518119,-1.5531229,-1.5547187,-1.5574923,-1.5598006,-1.5598862,-1.562473,-1.5668275,-1.5693583,-1.5704587,-1.5712459,-1.5714955,-1.5733528
53_real,-0.3816258,,,,,,,,,,,,,,,,,,,,,,,,,,,,,,,,,,,,,,,,,,,,,,,,,,,,,,,,,,,,,,-0.43992046,,,,,,,
53_gen,-0.38162583,-0.38689634,-0.39312768,-0.3966031,-0.39842778,-0.40283546,-0.40323287,-0.40621734,-0.40946603,-0.41040698,-0.41592377,-0.41785067,-0.42346564,-0.42790237,-0.43401775,-0.43930453,-0.44342366,-0.44682488,-0.4520963,-0.45890254,-0.4630499,-0.4686404,-0.47430086,-0.48008913,-0.48402262,-0.48665112,-0.4900806,-0.49872407,-0.50024074,-0.5063311,-0.51296693,-0.52399176,-0.52314043,-0.52856016,-0.5306201,-0.5352998,-0.54125416,-0.54639983,-0.5428839,-0.5488518,-0.55143905,-0.5535653,-0.5557363,-0.55878526,-0.5642846,-0.5651437,-0.56445664,-0.5684346,-0.56775266,-0.5693071,-0.571688,-0.57758796,-0.5774331,-0.5870457,-0.5888146,-0.59331745,-0.5967369,-0.60115725,-0.6040366,-0.6082492,-0.6123233,-0.6186166,-0.6191756,-0.6222173,-0.6231493,-0.61859596,-0.6233207,-0.62933826,-0.63507164,-0.6341792
54_real,-0.027249949,,,,,,,,,,,,,,,,,,,,,,,,,,,,,,,,,,,,,,,,,,,,,,,,,,,,,,,,,,,,,,-0.37472704,,,,,,,
54_gen,-0.02724995,-0.035155058,-0.040117852,-0.04287366,-0.049858347,-0.054644935,-0.060887534,-0.06453794,-0.07151176,-0.07587343,-0.08247306,-0.0842309,-0.08434705,-0.08936163,-0.09282212,-0.09839396,-0.10219803,-0.10402723,-0.10964358,-0.108885385,-0.118937954,-0.12475842,-0.12810178,-0.128829,-0.12794733,-0.1320441,-0.13743918,-0.14335836,-0.1508406,-0.1534686,-0.15994054,-0.16795701,-0.17444089,-0.18519819,-0.1924191,-0.19683763,-0.1974774,-0.20204398,-0.20829177,-0.20876315,-0.21347468,-0.21731512,-0.22275385,-0.2261649,-0.23106949,-0.23669131,-0.24344781,-0.25071,-0.25820968,-0.26556307,-0.27255994,-0.2768375,-0.27603987,-0.284478,-0.29227424,-0.2918374,-0.2974959,-0.302162,-0.3078559,-0.30407068,-0.30930737,-0.31561038,-0.3240171,-0.3272696,-0.32807824,-0.3362637,-0.33799347,-0.34414116,-0.34699652,-0.34255275
55_real,0.121867254,,,,,,,,,,,,,,,,,,,,,,,,,,,,,,,,,,,,,,,,,,,,,,,,,,,,,,,,,,,,,,-0.06567745,,,,,,,
55_gen,0.121867254,0.11838645,0.113917746,0.111330725,0.11041844,0.107398845,0.105974,0.103561044,0.10064862,0.09761232,0.09407751,0.09256082,0.09125666,0.087308645,0.085587606,0.08336563,0.08213261,0.07748756,0.075460054,0.073191136,0.072383806,0.07075305,0.06755076,0.06636558,0.06403285,0.06308217,0.060345996,0.05696295,0.054718703,0.051656473,0.0504602,0.04779341,0.045295835,0.041398264,0.039584823,0.038666874,0.037431456,0.034702864,0.033406608,0.03205305,0.029496018,0.02833054,0.02485518,0.022884106,0.020436497,0.017725876,0.015208398,0.011913514,0.0078332275,0.006299676,0.0036470976,0.0013811488,-0.001216573,-0.0035177008,-0.0045653014,-0.0073092445,-0.00902382,-0.011166068,-0.013167332,-0.01705272,-0.018809559,-0.021312963,-0.023983622,-0.027129615,-0.028914094,-0.031399343,-0.033395294,-0.034887828,-0.037088793,-0.039228994
56_real,-0.5611163,,,,,,,,,,,,,,,,,,,,,,,,,,,,,,,,,,,,,,,,,,,,,,,,,,,,,,,,,,,,,,-0.764693,,,,,,,
56_gen,-0.5611163,-0.56387675,-0.5687136,-0.5718039,-0.5753611,-0.5778423,-0.579568,-0.5820252,-0.5836081,-0.58787,-0.58866495,-0.59290993,-0.59540725,-0.5989574,-0.6002082,-0.60297287,-0.60655046,-0.6064126,-0.60928315,-0.6125587,-0.6143953,-0.6160457,-0.6202764,-0.6237503,-0.6215483,-0.62383014,-0.62599576,-0.62935865,-0.63241833,-0.63535106,-0.639297,-0.64417374,-0.6456764,-0.6486919,-0.65188694,-0.65258145,-0.6551506,-0.65916765,-0.6589991,-0.6600724,-0.6613578,-0.66566336,-0.6695359,-0.67178327,-0.67400414,-0.6777103,-0.6816248,-0.6849557,-0.68576056,-0.68989,-0.68927616,-0.69199145,-0.69272923,-0.6946188,-0.69748724,-0.7015735,-0.70408696,-0.7072009,-0.7083578,-0.70983386,-0.7136061,-0.71560496,-0.71828395,-0.7203485,-0.7215651,-0.72232056,-0.7227909,-0.72434145,-0.72706145,-0.7301531
57_real,0.812233,,,,,,,,,,,,,,,,,,,,,,,,,,,,,,,,,,,,,,,,,,,,,,,,,,,,,,,,,,,,,,0.9210508,,,,,,,
57_gen,0.812233,0.805589,0.79631335,0.79003346,0.781951,0.77443475,0.7653643,0.75947493,0.75299084,0.74848974,0.7456849,0.740753,0.7312878,0.72633725,0.7183672,0.71647227,0.71105987,0.706646,0.7016745,0.6964451,0.6921387,0.6851223,0.6808976,0.6746148,0.66714346,0.66133,0.6575219,0.6537338,0.6455622,0.6428522,0.6331978,0.6281485,0.621654,0.61662084,0.6092702,0.6048561,0.5954843,0.58907056,0.5805387,0.57676935,0.57039624,0.5638288,0.56026804,0.5532815,0.5510921,0.54604536,0.5436362,0.5375752,0.5289667,0.52166617,0.5181988,0.51454544,0.5067485,0.5001604,0.49791017,0.49100637,0.4882598,0.4810037,0.47202206,0.4670802,0.4585846,0.45310012,0.44615155,0.43864512,0.43088597,0.42789388,0.41825485,0.41047916,0.40330586,0.3978508
58_real,-0.27469257,,,,,,,,,,,,,,,,,,,,,,,,,,,,,,,,,,,,,,,,,,,,,,,,,,,,,,,,,,,,,,-0.3124483,,,,,,,
58_gen,-0.27469257,-0.2822197,-0.28296724,-0.28693342,-0.29055816,-0.28835133,-0.28700152,-0.29256183,-0.29618055,-0.29846227,-0.3001872,-0.3026592,-0.30306247,-0.30467778,-0.30630478,-0.31051517,-0.31632775,-0.32112938,-0.32484275,-0.32799965,-0.32961306,-0.3347207,-0.33727324,-0.3416875,-0.34563467,-0.3494855,-0.35857618,-0.3625254,-0.3673777,-0.36871582,-0.37193775,-0.3800404,-0.38515177,-0.38657683,-0.38719591,-0.38847026,-0.39169574,-0.39970183,-0.40329248,-0.40748006,-0.41023222,-0.4101905,-0.41118947,-0.41814026,-0.4194005,-0.42472392,-0.42805225,-0.43155462,-0.43363586,-0.4415509,-0.4471541,-0.44816032,-0.45231396,-0.45277205,-0.4531107,-0.45769897,-0.46719712,-0.47131547,-0.47474527,-0.48027182,-0.4833683,-0.4856142,-0.48972264,-0.49520978,-0.50065565,-0.5051867,-0.50848067,-0.50844085,-0.5104152,-0.51242125
59_real,-0.34173185,,,,,,,,,,,,,,,,,,,,,,,,,,,,,,,,,,,,,,,,,,,,,,,,,,,,,,,,,,,,,,-0.25899723,,,,,,,
59_gen,-0.34173182,-0.33930966,-0.3391841,-0.3398062,-0.3426128,-0.34404743,-0.3463451,-0.34759653,-0.35065475,-0.3493088,-0.35206106,-0.3535468,-0.35515732,-0.35786787,-0.36088485,-0.3623421,-0.36642066,-0.36808625,-0.37042147,-0.37068683,-0.3743166,-0.378733,-0.37931353,-0.38054258,-0.38409242,-0.38866675,-0.39100283,-0.39411837,-0.39767674,-0.3988488,-0.400668,-0.40059334,-0.4030127,-0.40810823,-0.41008478,-0.4132654,-0.41410866,-0.41411647,-0.41486555,-0.41706523,-0.4187049,-0.42349774,-0.42276448,-0.42425075,-0.42596135,-0.42884606,-0.42796025,-0.42965513,-0.43453646,-0.43855667,-0.44053382,-0.44096094,-0.44328332,-0.44389147,-0.44435582,-0.44551936,-0.44694775,-0.44826728,-0.45184332,-0.45038804,-0.45287257,-0.45496154,-0.45839316,-0.46250382,-0.46216804,-0.4642374,-0.46623868,-0.4670617,-0.46848625,-0.47038394
60_real,-0.6468926,,,,,,,,,,,,,,,,,,,,,,,,,,,,,,,,,,,,,,,,,,,,,,,,,,,,,,,,,,,,,,-0.5868859,,,,,,,
60_gen,-0.6468926,-0.6483217,-0.6473832,-0.6481396,-0.64695644,-0.64732945,-0.6488784,-0.64870197,-0.64781535,-0.6497549,-0.65080154,-0.6531426,-0.65081877,-0.65234405,-0.6530438,-0.65396225,-0.65542626,-0.6541855,-0.65627843,-0.65717703,-0.65660113,-0.65485907,-0.65469396,-0.65510887,-0.65582585,-0.65582186,-0.65603757,-0.6563703,-0.65896285,-0.65939987,-0.6623916,-0.66386086,-0.6646445,-0.6657612,-0.66701525,-0.6685629,-0.66633373,-0.6681608,-0.66990626,-0.67023885,-0.6718284,-0.6724705,-0.67299426,-0.673219,-0.67275774,-0.6745578,-0.6746325,-0.67488974,-0.675364,-0.67385536,-0.67248064,-0.6723789,-0.67071164,-0.67330194,-0.6753073,-0.6753017,-0.6758314,-0.67594135,-0.6768145,-0.6774851,-0.6778775,-0.6800419,-0.67905486,-0.6813416,-0.68135566,-0.68223554,-0.6837677,-0.682962,-0.68386114,-0.6853652
61_real,-0.65853167,,,,,,,,,,,,,,,,,,,,,,,,,,,,,,,,,,,,,,,,,,,,,,,,,,,,,,,,,,,,,,-0.715209,,,,,,,
61_gen,-0.65853167,-0.6631942,-0.6660923,-0.6708487,-0.67384565,-0.68233883,-0.68098414,-0.68131316,-0.68172586,-0.68580806,-0.6855349,-0.6881653,-0.68933916,-0.693841,-0.6978658,-0.7017591,-0.7098268,-0.7133693,-0.7168495,-0.71754223,-0.7236117,-0.7295482,-0.7313585,-0.73137337,-0.73602617,-0.7407376,-0.74516344,-0.7472116,-0.7474137,-0.75045687,-0.759027,-0.76046336,-0.76245314,-0.7639116,-0.7668849,-0.7687686,-0.7696116,-0.7739986,-0.7712897,-0.77601266,-0.7778713,-0.7806074,-0.7802252,-0.7842324,-0.78891104,-0.7907854,-0.7928969,-0.79617727,-0.7929209,-0.79617226,-0.7968315,-0.7964391,-0.8019816,-0.80399,-0.810929,-0.8146369,-0.8163994,-0.82236373,-0.827436,-0.8302833,-0.8316787,-0.83348143,-0.83695,-0.83918935,-0.84524137,-0.84504163,-0.85172236,-0.8576438,-0.8617829,-0.86349
62_real,0.29440957,,,,,,,,,,,,,,,,,,,,,,,,,,,,,,,,,,,,,,,,,,,,,,,,,,,,,,,,,,,,,,0.18494189,,,,,,,
62_gen,0.29440954,0.28795046,0.2823203,0.27971762,0.2746238,0.26474032,0.25751758,0.25712055,0.25269106,0.24819776,0.2455339,0.24433923,0.23880658,0.2383807,0.23424084,0.22910564,0.22869484,0.22283371,0.22075781,0.21940212,0.21349835,0.20864686,0.20420107,0.19780561,0.19583078,0.19656594,0.19555709,0.19445775,0.19136634,0.18986459,0.18428402,0.17792186,0.17373183,0.17094967,0.16971183,0.16898158,0.16738993,0.16341409,0.1604663,0.16089764,0.1590828,0.15608793,0.14872988,0.15039077,0.1462776,0.1412032,0.13450521,0.12952101,0.12653805,0.12143203,0.11816883,0.1160029,0.11221858,0.10333006,0.10199462,0.09712358,0.09368083,0.090226,0.08837402,0.08360504,0.07858078,0.07291736,0.06798996,0.059661277,0.054073364,0.04884012,0.044570036,0.04170816,0.03920678,0.036157783
63_real,0.58989996,,,,,,,,,,,,,,,,,,,,,,,,,,,,,,,,,,,,,,,,,,,,,,,,,,,,,,,,,,,,,,0.62965226,,,,,,,
63_gen,0.58989996,0.5777656,0.57157695,0.56617343,0.5614178,0.55756843,0.54895604,0.54167664,0.53888494,0.5345878,0.52584136,0.52103704,0.5143551,0.51076734,0.5061633,0.5020915,0.49472514,0.48746318,0.47982007,0.4763999,0.4718438,0.46774682,0.4604198,0.45432606,0.44957885,0.4446214,0.43923378,0.4328329,0.431058,0.4255163,0.4211987,0.41686136,0.41008788,0.40399152,0.39876208,0.392753,0.3870961,0.3823181,0.3792053,0.37311712,0.3659131,0.35731688,0.3500568,0.3450596,0.3392181,0.33557713,0.33023492,0.32466212,0.32243577,0.31711984,0.3115086,0.30833995,0.3025845,0.29335585,0.2892335,0.2783492,0.2737707,0.2711135,0.26477265,0.25859597,0.25249833,0.2479153,0.24125317,0.23873906,0.23425183,0.22987862,0.22393353,0.2165566,0.2101892,0.20272884
64_real,0.9422638,,,,,,,,,,,,,,,,,,,,,,,,,,,,,,,,,,,,,,,,,,,,,,,,,,,,,,,,,,,,,,0.6092834,,,,,,,
64_gen,0.9422637,0.9285695,0.917061,0.9095604,0.9055232,0.89895135,0.8924297,0.88477623,0.88179415,0.87484825,0.8676947,0.8621203,0.8574403,0.85084856,0.8453084,0.84092504,0.8347618,0.8289787,0.82447183,0.82012796,0.81584615,0.80940026,0.80487347,0.8001255,0.7965277,0.7931615,0.78655016,0.7810037,0.77659476,0.7724112,0.7665776,0.7612091,0.7585084,0.75304794,0.7479065,0.74106187,0.7368326,0.7314095,0.72480935,0.72124237,0.71316993,0.70693576,0.6987008,0.69283575,0.6915222,0.6856139,0.6813754,0.6771349,0.6700565,0.664348,0.6585142,0.65485054,0.64650744,0.6392696,0.6346093,0.62607867,0.61825293,0.61058515,0.6029613,0.5972208,0.5904746,0.5868757,0.57903814,0.5720511,0.56362987,0.5586662,0.5543146,0.54569423,0.5403408,0.5352274
65_real,0.7655465,,,,,,,,,,,,,,,,,,,,,,,,,,,,,,,,,,,,,,,,,,,,,,,,,,,,,,,,,,,,,,0.6226584,,,,,,,
65_gen,0.76554644,0.7562548,0.7486286,0.74145806,0.73652804,0.73079336,0.7262288,0.7189449,0.7152942,0.7079596,0.70330524,0.6978888,0.6907075,0.68627614,0.682731,0.6777291,0.6749679,0.6716171,0.6666389,0.6618736,0.6559588,0.6526451,0.6471122,0.6415371,0.638502,0.63218063,0.6273335,0.6248742,0.62119573,0.6133712,0.6080225,0.59953964,0.59626603,0.592772,0.5882099,0.58481336,0.5807083,0.5736335,0.5676709,0.5644747,0.5585643,0.55353916,0.5481335,0.5466071,0.5421568,0.5355558,0.5319583,0.5255698,0.5203754,0.516621,0.5117692,0.5092068,0.5054091,0.5052203,0.4993402,0.49666405,0.4914163,0.48631468,0.48168713,0.48098302,0.4768455,0.47014013,0.46561092,0.45979205,0.45067334,0.44855803,0.44725338,0.44124407,0.43778378,0.43502527
66_real,1.0617938,,,,,,,,,,,,,,,,,,,,,,,,,,,,,,,,,,,,,,,,,,,,,,,,,,,,,,,,,,,,,,1.0617938,,,,,,,
66_gen,1.0617939,1.0530487,1.0455492,1.0400301,1.0349979,1.0259726,1.0186355,1.0139545,1.0114075,1.0070646,0.99810314,0.99196035,0.98835623,0.98127586,0.97761536,0.9719927,0.96594334,0.9609114,0.95423067,0.94507235,0.9406942,0.93945664,0.9318472,0.92106533,0.9137685,0.9080534,0.90287304,0.8962099,0.8916604,0.8823904,0.87591916,0.87003267,0.86559457,0.85965234,0.85622483,0.85154915,0.8485317,0.8443924,0.83985627,0.8325027,0.82803744,0.82271034,0.8158023,0.81125367,0.80712193,0.7981659,0.79207885,0.7856965,0.78210986,0.77463174,0.7709513,0.7639977,0.7587672,0.7524065,0.7481302,0.7452173,0.74290675,0.7372545,0.7360003,0.73014367,0.72376937,0.7183182,0.7096368,0.70394003,0.6955326,0.6865531,0.68010676,0.6731342,0.6652817,0.6625105
67_real,0.084669374,,,,,,,,,,,,,,,,,,,,,,,,,,,,,,,,,,,,,,,,,,,,,,,,,,,,,,,,,,,,,,0.050646547,,,,,,,
67_gen,0.08466937,0.080962494,0.07867203,0.07440016,0.07067336,0.07008149,0.06638352,0.063519485,0.063105606,0.05838096,0.05625878,0.054914616,0.04992029,0.04790581,0.04435965,0.042338997,0.040027067,0.036086924,0.02888901,0.02293022,0.019355942,0.015322271,0.011686219,0.009371406,0.010096089,0.007595913,0.005315739,0.0012045605,-0.006308102,-0.008255101,-0.009106283,-0.013143629,-0.014690556,-0.015438639,-0.015796842,-0.018542442,-0.022194365,-0.025139436,-0.02440635,-0.030098315,-0.033046093,-0.036263604,-0.039163742,-0.041945443,-0.04749951,-0.05357141,-0.0567078,-0.061209638,-0.06248278,-0.06577753,-0.07019256,-0.07106705,-0.07486187,-0.078878045,-0.08238014,-0.08393167,-0.08994149,-0.09189762,-0.09626341,-0.10349546,-0.10558005,-0.10969248,-0.11355491,-0.11600734,-0.118241265,-0.119508445,-0.11883785,-0.12172935,-0.12360152,-0.12823406
68_real,0.3133056,,,,,,,,,,,,,,,,,,,,,,,,,,,,,,,,,,,,,,,,,,,,,,,,,,,,,,,,,,,,,,0.23773973,,,,,,,
68_gen,0.3133056,0.30760318,0.3004689,0.29618117,0.2970673,0.29675025,0.29357117,0.29221234,0.28801638,0.2824212,0.28131577,0.27529088,0.27213073,0.26533145,0.26090038,0.2611218,0.25776345,0.25401992,0.25239912,0.248891,0.2464116,0.24326167,0.24227807,0.24043624,0.23811042,0.23734179,0.23260877,0.22886746,0.23051691,0.22894648,0.22901149,0.22710466,0.22623253,0.22491828,0.2172478,0.21710303,0.21503063,0.2139384,0.21029608,0.21129075,0.20936179,0.20990498,0.20441404,0.20047677,0.19640592,0.19538155,0.1954562,0.19282952,0.1933578,0.19090016,0.18643315,0.18963102,0.1874095,0.18345386,0.18118362,0.18336558,0.18381013,0.18388455,0.18036358,0.17787771,0.17609055,0.17474139,0.17284103,0.1704643,0.16742402,0.1662904,0.16551591,0.16377464,0.15789706,0.15240346
69_real,1.1830682,,,,,,,,,,,,,,,,,,,,,,,,,,,,,,,,,,,,,,,,,,,,,,,,,,,,,,,,,,,,,,0.99853104,,,,,,,
69_gen,1.1830682,1.1764779,1.17279,1.1682242,1.165055,1.1586192,1.1566124,1.1537662,1.154599,1.1527023,1.1493357,1.1443487,1.1409247,1.1373563,1.134841,1.1328362,1.1287111,1.1256698,1.1207781,1.1201683,1.1142182,1.1125342,1.1066364,1.1020037,1.0988543,1.0953909,1.0943661,1.0922675,1.0890148,1.0869739,1.083154,1.0779554,1.0759109,1.0723938,1.0694854,1.0658042,1.0623112,1.0591164,1.0582899,1.0536124,1.0532405,1.0497136,1.0474837,1.0435176,1.0388597,1.0334173,1.0288843,1.0260184,1.0201104,1.0187664,1.0160224,1.0150926,1.0112337,1.0047203,1.0001276,0.9938865,0.99148905,0.99167573,0.989967,0.9864205,0.9846711,0.9815467,0.979102,0.9761437,0.97322404,0.96792746,0.9649724,0.96247613,0.95637876,0.9533695
70_real,1.3026284,,,,,,,,,,,,,,,,,,,,,,,,,,,,,,,,,,,,,,,,,,,,,,,,,,,,,,,,,,,,,,0.6936434,,,,,,,
70_gen,1.3026284,1.2969759,1.2926852,1.2899284,1.2859981,1.2863399,1.282279,1.2776818,1.276652,1.2755976,1.2733219,1.2713934,1.2682455,1.2682997,1.2652032,1.2609136,1.2584969,1.2578595,1.2579235,1.2574157,1.2585648,1.2560191,1.2568941,1.2536657,1.253731,1.2516873,1.2531054,1.2500062,1.2495879,1.2485955,1.2461984,1.241224,1.2420634,1.2392151,1.2337797,1.23019,1.2276081,1.2280619,1.2238703,1.226577,1.2257267,1.2226694,1.222341,1.2167408,1.2143766,1.2143035,1.2067062,1.2042414,1.2001195,1.1971697,1.1969973,1.1951978,1.1940429,1.191378,1.1864867,1.1880319,1.1833569,1.1804231,1.1792347,1.1806371,1.1793123,1.1789742,1.1779553,1.175903,1.171685,1.1667407,1.1611521,1.1544458,1.1493839,1.1452593
71_real,-0.06875545,,,,,,,,,,,,,,,,,,,,,,,,,,,,,,,,,,,,,,,,,,,,,,,,,,,,,,,,,,,,,,-0.19044665,,,,,,,
71_gen,-0.06875545,-0.065076075,-0.06381331,-0.061962627,-0.063142404,-0.06091849,-0.060153715,-0.064719394,-0.06277667,-0.063062824,-0.064086065,-0.0633377,-0.067518696,-0.0652363,-0.070273176,-0.07231729,-0.076302715,-0.07928415,-0.07851708,-0.07966961,-0.081373654,-0.08432152,-0.0809222,-0.08524199,-0.082551554,-0.081143536,-0.08468934,-0.088240854,-0.085189424,-0.08207177,-0.07950837,-0.078988805,-0.081603765,-0.08006877,-0.07593867,-0.07626827,-0.075778775,-0.077959485,-0.07814612,-0.076596014,-0.07855332,-0.07960628,-0.083886765,-0.08707631,-0.08745445,-0.08868361,-0.09091082,-0.09273212,-0.093750544,-0.09678703,-0.09875862,-0.10250572,-0.10005331,-0.09972176,-0.10156766,-0.102826,-0.1063086,-0.11065791,-0.1142087,-0.113283776,-0.116437495,-0.11387841,-0.116860226,-0.11357697,-0.11390531,-0.11433725,-0.11430849,-0.11616559,-0.11620571,-0.116542995
72_real,0.14103831,,,,,,,,,,,,,,,,,,,,,,,,,,,,,,,,,,,,,,,,,,,,,,,,,,,,,,,,,,,,,,-0.06962151,,,,,,,
72_gen,0.14103831,0.13383675,0.13210472,0.1294167,0.12982474,0.12561223,0.12359673,0.1221199,0.11979534,0.11887983,0.11737672,0.117525235,0.112416625,0.1132596,0.11489774,0.116312705,0.11472398,0.11240999,0.11043887,0.10902281,0.10823462,0.108675376,0.10861026,0.11157093,0.10935937,0.11236868,0.111002564,0.1070295,0.10728226,0.109312,0.1115612,0.11131474,0.10691202,0.10546702,0.104561806,0.100639366,0.097453035,0.09973519,0.097182415,0.09607198,0.09507829,0.093104444,0.09147884,0.091881,0.08834497,0.08498056,0.08337066,0.08206226,0.07564812,0.075126365,0.075947054,0.07347587,0.07166383,0.07299109,0.07270409,0.07189934,0.06675883,0.063230656,0.06270219,0.056267075,0.053719074,0.051023077,0.048428494,0.046113007,0.040120717,0.035833456,0.035878293,0.03591856,0.0302919,0.024890216
73_real,0.97297806,,,,,,,,,,,,,,,,,,,,,,,,,,,,,,,,,,,,,,,,,,,,,,,,,,,,,,,,,,,,,,0.6412921,,,,,,,
73_gen,0.972978,0.9724104,0.9673961,0.966218,0.9626938,0.9608723,0.9600035,0.95765364,0.9555621,0.9548771,0.9551401,0.9494041,0.94642127,0.9406177,0.93396246,0.93004596,0.92728883,0.92575264,0.9259485,0.9247058,0.9198314,0.9187061,0.9140643,0.9140655,0.9126326,0.90920925,0.9062579,0.90091103,0.900778,0.898599,0.89569366,0.89381444,0.8871118,0.8853337,0.8830186,0.8826669,0.8807319,0.8786928,0.87262696,0.8737027,0.8694531,0.86542356,0.85941565,0.85421705,0.8486902,0.8472104,0.8437352,0.8397757,0.8362366,0.8325815,0.8319796,0.83141124,0.8312405,0.8266858,0.8234583,0.8164301,0.8141858,0.8099766,0.812383,0.8111836,0.81056625,0.8054762,0.7997323,0.8008857,0.79779357,0.7955881,0.7920656,0.7904514,0.7841917,0.7823086
74_real,1.3726647,,,,,,,,,,,,,,,,,,,,,,,,,,,,,,,,,,,,,,,,,,,,,,,,,,,,,,,,,,,,,,1.2182802,,,,,,,
74_gen,1.3726646,1.3676128,1.3598694,1.3538493,1.3520519,1.34977,1.3470083,1.3493336,1.3524226,1.3543518,1.3532064,1.352658,1.3457713,1.345685,1.3446976,1.3422645,1.3400218,1.3356888,1.331199,1.3294046,1.3221154,1.3232956,1.3244772,1.3215675,1.3243392,1.3209794,1.3157537,1.3143898,1.3117307,1.3148265,1.3065243,1.3024124,1.2968853,1.2950252,1.2973789,1.2960926,1.2951354,1.2900774,1.284435,1.2853326,1.2845299,1.2835424,1.2814267,1.2828666,1.2762444,1.2710242,1.2700957,1.2689168,1.2666768,1.2613728,1.2590721,1.2544253,1.2479463,1.2460077,1.2451427,1.2416152,1.2330873,1.2329483,1.234452,1.2310154,1.2264513,1.2264718,1.225167,1.2209866,1.2160045,1.2093097,1.2107217,1.2097776,1.2115172,1.2109524
75_real,0.48608902,,,,,,,,,,,,,,,,,,,,,,,,,,,,,,,,,,,,,,,,,,,,,,,,,,,,,,,,,,,,,,0.47475094,,,,,,,
75_gen,0.48608905,0.4826282,0.48010883,0.4751102,0.4741105,0.47200662,0.47157997,0.4685492,0.46570855,0.46459427,0.46249127,0.46049172,0.4580632,0.45924503,0.4589332,0.45745397,0.45472035,0.45231253,0.45326447,0.45389342,0.45225176,0.45054048,0.4488662,0.44758004,0.44632536,0.4462573,0.4445911,0.4428702,0.44232455,0.44129467,0.43823934,0.43657023,0.4374153,0.43496218,0.434483,0.4346034,0.43185544,0.4310995,0.42990106,0.42842048,0.42877674,0.42748508,0.42760292,0.42486757,0.42268747,0.42366165,0.4214,0.42216355,0.42041045,0.4205832,0.42026314,0.41883913,0.4187281,0.41811877,0.41824532,0.41392875,0.4136426,0.41317052,0.41232973,0.4121034,0.41179347,0.4133432,0.41257018,0.41450852,0.41300496,0.41342673,0.4124503,0.4122027,0.4115928,0.40751252
76_real,0.40428498,,,,,,,,,,,,,,,,,,,,,,,,,,,,,,,,,,,,,,,,,,,,,,,,,,,,,,,,,,,,,,0.30049303,,,,,,,
76_gen,0.404285,0.3977836,0.3938582,0.3900147,0.3864327,0.38399115,0.38171217,0.38042265,0.37820518,0.37788472,0.37637725,0.37489456,0.37494755,0.37433776,0.37323114,0.37089664,0.36954698,0.36698788,0.3651876,0.36216295,0.36172575,0.361565,0.35819632,0.35812515,0.35643005,0.35120714,0.35012323,0.34867245,0.3440328,0.34460455,0.3459391,0.3453074,0.34582752,0.34609798,0.34570748,0.34313184,0.3383854,0.33748987,0.33620524,0.33547586,0.33261296,0.33269128,0.3319483,0.33200616,0.33074346,0.3289587,0.32839268,0.32846963,0.32856634,0.32775095,0.326864,0.32474452,0.32660598,0.32458973,0.32576498,0.3244031,0.32447112,0.32292837,0.32115245,0.32142034,0.3184018,0.3181033,0.3155732,0.31538934,0.31319895,0.31570253,0.31527358,0.3150618,0.3125996,0.31059477
77_real,-0.3435807,,,,,,,,,,,,,,,,,,,,,,,,,,,,,,,,,,,,,,,,,,,,,,,,,,,,,,,,,,,,,,-0.57225025,,,,,,,
77_gen,-0.3435807,-0.351633,-0.35677233,-0.36017022,-0.36412203,-0.36700502,-0.369388,-0.37314925,-0.37744668,-0.37998763,-0.38511747,-0.3873812,-0.391428,-0.39713964,-0.40030232,-0.4055508,-0.41072196,-0.41052705,-0.41537318,-0.4180029,-0.42111278,-0.42482147,-0.42798662,-0.43274778,-0.43674985,-0.43899474,-0.44042596,-0.44292623,-0.44680038,-0.45109168,-0.456461,-0.4568518,-0.46001148,-0.4651413,-0.46978807,-0.4734312,-0.4765606,-0.48241997,-0.48696098,-0.48981142,-0.49367857,-0.49905,-0.5033294,-0.5090706,-0.5125705,-0.5164863,-0.52000487,-0.526911,-0.5304536,-0.5371494,-0.5410409,-0.5479287,-0.55337304,-0.5583056,-0.5612818,-0.5656901,-0.5700786,-0.57387507,-0.57863194,-0.5826492,-0.58721596,-0.59010893,-0.59500575,-0.59944475,-0.60148245,-0.6064598,-0.6100623,-0.6157484,-0.6189612,-0.62531245
78_real,-0.22636084,,,,,,,,,,,,,,,,,,,,,,,,,,,,,,,,,,,,,,,,,,,,,,,,,,,,,,,,,,,,,,-0.40769583,,,,,,,
78_gen,-0.22636083,-0.22476187,-0.22896929,-0.2295587,-0.23258276,-0.24117799,-0.2432193,-0.24717562,-0.24974501,-0.2547984,-0.2604509,-0.26267487,-0.26911122,-0.27168098,-0.27323464,-0.27591792,-0.27739957,-0.2785042,-0.2811461,-0.28350607,-0.28769365,-0.2915612,-0.29412538,-0.30017784,-0.30169204,-0.30450338,-0.30575946,-0.30665758,-0.31114,-0.31306756,-0.31655005,-0.32105145,-0.3211054,-0.32430977,-0.3232338,-0.3253774,-0.32951844,-0.33018416,-0.33286482,-0.33452058,-0.33496025,-0.336662,-0.3380836,-0.33974892,-0.34068277,-0.34651557,-0.34910494,-0.34883586,-0.35300988,-0.3567987,-0.35867855,-0.36159873,-0.36785167,-0.36876357,-0.37114543,-0.37298077,-0.3748665,-0.3781454,-0.3795742,-0.38514164,-0.39022678,-0.39347944,-0.3982104,-0.40041414,-0.40443864,-0.4096898,-0.41244397,-0.41775513,-0.4206257,-0.42480952
79_real,-0.5549485,,,,,,,,,,,,,,,,,,,,,,,,,,,,,,,,,,,,,,,,,,,,,,,,,,,,,,,,,,,,,,-0.3762384,,,,,,,
79_gen,-0.55494845,-0.5573967,-0.56072426,-0.5630849,-0.5656541,-0.567772,-0.56996816,-0.57146204,-0.5726792,-0.57505447,-0.5773511,-0.57971823,-0.5812741,-0.58491856,-0.5887991,-0.59104675,-0.594163,-0.5970902,-0.6000196,-0.60102856,-0.60394573,-0.60716313,-0.6101361,-0.61238223,-0.61428595,-0.61825645,-0.62100124,-0.62441796,-0.62624496,-0.6299002,-0.63106763,-0.63199687,-0.63532877,-0.63722384,-0.6396042,-0.6410638,-0.64317036,-0.6460036,-0.6496438,-0.6507055,-0.654597,-0.65560925,-0.65786034,-0.66270894,-0.66440725,-0.66665155,-0.6673446,-0.671083,-0.6731226,-0.6739311,-0.6759709,-0.67942,-0.68264425,-0.6852732,-0.6872023,-0.6889802,-0.69044554,-0.6925827,-0.69483554,-0.6959368,-0.6983074,-0.70024115,-0.70190763,-0.7031169,-0.7051276,-0.70680577,-0.7087375,-0.7102005,-0.7119058,-0.71541595
80_real,-1.1861972,,,,,,,,,,,,,,,,,,,,,,,,,,,,,,,,,,,,,,,,,,,,,,,,,,,,,,,,,,,,,,-1.056808,,,,,,,
80_gen,-1.1861972,-1.1896604,-1.1939626,-1.197212,-1.1994967,-1.2014933,-1.2033387,-1.2060893,-1.2086705,-1.2107776,-1.2146543,-1.2178329,-1.2198837,-1.2226547,-1.2240474,-1.226078,-1.2270552,-1.2301888,-1.2324101,-1.2364045,-1.2404822,-1.2425725,-1.2460232,-1.2478521,-1.2486509,-1.2506319,-1.2533343,-1.2566346,-1.2590768,-1.2624943,-1.2650352,-1.2679641,-1.2711012,-1.2749221,-1.2778319,-1.2802026,-1.2823756,-1.2856697,-1.287606,-1.2893747,-1.2918395,-1.2948601,-1.2981789,-1.301284,-1.3053297,-1.3079615,-1.3102819,-1.3145778,-1.317622,-1.3206375,-1.3230412,-1.3245147,-1.3277905,-1.3310765,-1.3331991,-1.3369102,-1.3378378,-1.3386142,-1.341227,-1.3438205,-1.3455352,-1.3483433,-1.3511693,-1.354258,-1.3558007,-1.3597629,-1.363066,-1.3656319,-1.3679594,-1.3700867
81_real,-0.05212364,,,,,,,,,,,,,,,,,,,,,,,,,,,,,,,,,,,,,,,,,,,,,,,,,,,,,,,,,,,,,,-0.56218314,,,,,,,
81_gen,-0.052123643,-0.060003437,-0.062598534,-0.066667974,-0.07116695,-0.0748296,-0.0756308,-0.081302844,-0.08385655,-0.0897394,-0.09315436,-0.095715515,-0.09842572,-0.098422706,-0.10278203,-0.10669806,-0.11260446,-0.115999125,-0.118701056,-0.12141532,-0.12745956,-0.12880835,-0.13325992,-0.13848624,-0.1448683,-0.14836264,-0.15134445,-0.15258189,-0.1574396,-0.16112585,-0.16388148,-0.16807841,-0.17238677,-0.17602924,-0.17963055,-0.18180838,-0.1846762,-0.18743366,-0.18934794,-0.19474247,-0.20245492,-0.20786552,-0.21328537,-0.21697867,-0.22165017,-0.22447677,-0.22558017,-0.22962455,-0.23352417,-0.23487684,-0.23983017,-0.24451685,-0.24618168,-0.24923547,-0.2554205,-0.2575159,-0.26015925,-0.2658624,-0.2690084,-0.27553257,-0.27974102,-0.28537658,-0.2880549,-0.2905753,-0.294311,-0.29813963,-0.30302697,-0.30718645,-0.31172937,-0.31697938
82_real,0.66984284,,,,,,,,,,,,,,,,,,,,,,,,,,,,,,,,,,,,,,,,,,,,,,,,,,,,,,,,,,,,,,0.43608502,,,,,,,
82_gen,0.6698428,0.66666746,0.66487557,0.6616419,0.6589594,0.6555703,0.65104216,0.64726883,0.6437699,0.6404339,0.6368545,0.63243103,0.6287953,0.6253189,0.6215156,0.61756825,0.61387384,0.6109432,0.6084335,0.60605925,0.6026014,0.59813315,0.59393567,0.5908286,0.5894963,0.58698547,0.5835114,0.58272177,0.5820691,0.57927096,0.5774218,0.57431686,0.56993437,0.5669753,0.56381637,0.56228507,0.55733097,0.5567056,0.55156684,0.5515872,0.54848236,0.54414666,0.5397674,0.5347332,0.5321102,0.5289862,0.52452016,0.52283174,0.5199086,0.5167122,0.51463354,0.51388294,0.51147175,0.50640786,0.5050321,0.5029552,0.5009219,0.49710482,0.49460182,0.4925831,0.48972875,0.4863143,0.48428354,0.4802196,0.47640762,0.47441,0.47126848,0.46873674,0.46484122,0.46208787
83_real,0.5066286,,,,,,,,,,,,,,,,,,,,,,,,,,,,,,,,,,,,,,,,,,,,,,,,,,,,,,,,,,,,,,-0.002749544,,,,,,,
83_gen,0.5066286,0.49954695,0.4928401,0.4882269,0.4821996,0.47828355,0.47418624,0.4696396,0.4656292,0.45966035,0.45448512,0.44970784,0.44377175,0.43883148,0.43572026,0.4299584,0.42651826,0.42286882,0.41848248,0.41290608,0.41024956,0.4070088,0.4004685,0.39768973,0.39383695,0.39153394,0.38585895,0.3808951,0.37769562,0.37225574,0.36831355,0.36168054,0.35907167,0.3546026,0.35068798,0.34423968,0.34001738,0.33342975,0.327325,0.32371396,0.3207919,0.315485,0.31123734,0.30637887,0.30173138,0.2966746,0.29395142,0.28942913,0.28489038,0.2791738,0.27293864,0.2670919,0.26281288,0.25787896,0.25423464,0.2500995,0.24466296,0.24075845,0.23651502,0.2323308,0.2293113,0.22574763,0.22213654,0.21821873,0.2111371,0.20731866,0.20481744,0.20038828,0.19551437,0.19271496
84_real,1.2889184,,,,,,,,,,,,,,,,,,,,,,,,,,,,,,,,,,,,,,,,,,,,,,,,,,,,,,,,,,,,,,1.0399338,,,,,,,
84_gen,1.2889184,1.2860651,1.284683,1.2800831,1.27478,1.2692943,1.2665073,1.2599137,1.2540312,1.2478137,1.2457697,1.2416261,1.2372538,1.2291209,1.2250279,1.219323,1.2144315,1.2143726,1.2084522,1.2030421,1.200037,1.1973741,1.1943064,1.1905997,1.1845946,1.1811225,1.1766889,1.1745005,1.1680529,1.1620646,1.1581434,1.1529999,1.14429,1.1416396,1.1382,1.1331577,1.1272283,1.1225723,1.1176373,1.1111002,1.1079516,1.1031396,1.0966839,1.0907458,1.0830308,1.0768458,1.072747,1.0664777,1.0626973,1.0582827,1.0555499,1.0542874,1.0519278,1.0446459,1.0395085,1.0356839,1.0295093,1.0260749,1.0224515,1.017,1.0094167,1.0034747,0.9991684,0.9931774,0.9881383,0.98336047,0.9816642,0.97831583,0.9757384,0.9702007
85_real,-0.5264477,,,,,,,,,,,,,,,,,,,,,,,,,,,,,,,,,,,,,,,,,,,,,,,,,,,,,,,,,,,,,,-0.65681493,,,,,,,
85_gen,-0.5264477,-0.5295538,-0.53306115,-0.5371198,-0.5408168,-0.54390347,-0.54629266,-0.55080694,-0.5548275,-0.5580715,-0.56262463,-0.5646903,-0.5677601,-0.5732564,-0.58089817,-0.58358395,-0.5895356,-0.5942401,-0.59581393,-0.59920233,-0.60051954,-0.6027609,-0.607648,-0.6128024,-0.6150461,-0.6176387,-0.6224948,-0.6278318,-0.6314761,-0.6357645,-0.63842905,-0.64140743,-0.6444803,-0.6480597,-0.65233356,-0.65489733,-0.65960884,-0.66342545,-0.66956687,-0.67132384,-0.6754886,-0.6785872,-0.6817659,-0.68473315,-0.6892037,-0.6939503,-0.6967019,-0.7012217,-0.70295274,-0.7039999,-0.70729274,-0.71376383,-0.71714485,-0.72164714,-0.7261798,-0.73184806,-0.73622,-0.7395999,-0.74213207,-0.7461482,-0.7490849,-0.7527164,-0.7562971,-0.76209676,-0.7665223,-0.76810914,-0.77479106,-0.77778316,-0.7798842,-0.7839984
86_real,0.15736231,,,,,,,,,,,,,,,,,,,,,,,,,,,,,,,,,,,,,,,,,,,,,,,,,,,,,,,,,,,,,,0.099067524,,,,,,,
86_gen,0.15736233,0.14858525,0.14354353,0.13868271,0.13427112,0.13175134,0.12978566,0.12642686,0.12428431,0.11803199,0.112600826,0.11216338,0.10729827,0.104500055,0.1006634,0.09615962,0.09473571,0.09490365,0.0922641,0.088552415,0.08528422,0.08131119,0.07759366,0.07286793,0.07059355,0.06765943,0.06541304,0.058556814,0.054687798,0.05128304,0.046559922,0.042903174,0.040662486,0.03643601,0.036984764,0.03480857,0.030084193,0.025719771,0.024180597,0.01994359,0.011504181,0.009935349,0.0069989027,0.007478021,0.0049929456,0.0007435321,-0.0010377208,-0.0065074116,-0.009968087,-0.015962232,-0.020749846,-0.024668003,-0.026859215,-0.029173126,-0.0305161,-0.03256784,-0.036954492,-0.039358202,-0.0457298,-0.047310017,-0.04802497,-0.048706956,-0.053738683,-0.057940193,-0.06097607,-0.06640843,-0.06913814,-0.071433514,-0.07766012,-0.08034107
87_real,1.976219,,,,,,,,,,,,,,,,,,,,,,,,,,,,,,,,,,,,,,,,,,,,,,,,,,,,,,,,,,,,,,2.150852,,,,,,,
87_gen,1.9762189,1.9732563,1.9723591,1.9700005,1.9684923,1.9702193,1.9690481,1.9668636,1.967119,1.9685955,1.9650252,1.9633058,1.965148,1.9627562,1.9635351,1.9578001,1.9577932,1.9526701,1.9543709,1.9511734,1.95133,1.9486154,1.9499747,1.9474306,1.9442867,1.944556,1.9426763,1.9408514,1.9409325,1.9383796,1.9337555,1.9298493,1.9254951,1.9270403,1.9248253,1.9270637,1.9227378,1.9169945,1.915453,1.914994,1.9116411,1.9050417,1.9040654,1.8995883,1.8951927,1.8930149,1.8941275,1.88993,1.8908348,1.8930966,1.8890913,1.889542,1.887689,1.8846697,1.8875107,1.8845145,1.8827953,1.8834496,1.8767512,1.8726943,1.8678268,1.8659174,1.8682489,1.8689525,1.8660885,1.8606799,1.8578017,1.8531678,1.8513561,1.8499029
88_real,-0.8272074,,,,,,,,,,,,,,,,,,,,,,,,,,,,,,,,,,,,,,,,,,,,,,,,,,,,,,,,,,,,,,-0.8062649,,,,,,,
88_gen,-0.82720745,-0.8263583,-0.828955,-0.83141345,-0.83201534,-0.8339451,-0.8358823,-0.83909005,-0.8370516,-0.8396118,-0.8440469,-0.8477728,-0.850935,-0.8518243,-0.8526357,-0.85863817,-0.8581697,-0.8578105,-0.8591487,-0.86134446,-0.8618444,-0.86430293,-0.867791,-0.87067413,-0.8728231,-0.8729264,-0.8731575,-0.87623847,-0.87904584,-0.8849484,-0.8881426,-0.891751,-0.8963906,-0.89897954,-0.9005168,-0.90387475,-0.9088129,-0.9107913,-0.91190606,-0.9146224,-0.9146306,-0.9174595,-0.9193524,-0.92411757,-0.92972744,-0.92821664,-0.9313265,-0.9319166,-0.9362384,-0.9351513,-0.93507373,-0.9367857,-0.9406233,-0.9443633,-0.9451873,-0.94594944,-0.94626886,-0.9486953,-0.9512466,-0.95661575,-0.9609417,-0.96208686,-0.9665302,-0.9681374,-0.9745289,-0.97847444,-0.9831608,-0.9859565,-0.98875034,-0.99105585
89_real,0.7751774,,,,,,,,,,,,,,,,,,,,,,,,,,,,,,,,,,,,,,,,,,,,,,,,,,,,,,,,,,,,,,0.6660442,,,,,,,
89_gen,0.7751774,0.7715387,0.7654915,0.7621546,0.76003945,0.75647753,0.75332826,0.7516987,0.746538,0.74684227,0.74597085,0.74293476,0.74177736,0.74032336,0.7379691,0.74023485,0.74057734,0.73895675,0.73425263,0.7315131,0.73004824,0.72506416,0.7211974,0.7201561,0.71739614,0.716609,0.7180222,0.71833104,0.7173339,0.7159925,0.71462137,0.7130538,0.7123241,0.7097251,0.7074994,0.7065852,0.701677,0.703591,0.70027333,0.6978878,0.6954953,0.69374675,0.69435924,0.69255877,0.69216466,0.69046384,0.68684775,0.6884121,0.6833693,0.6822213,0.68166673,0.68041,0.6775172,0.67685944,0.673648,0.6732024,0.671917,0.66975164,0.6686801,0.67019707,0.6703023,0.6662065,0.6638113,0.66433,0.6642019,0.662794,0.66280025,0.66255254,0.6602222,0.657329
90_real,1.0757631,,,,,,,,,,,,,,,,,,,,,,,,,,,,,,,,,,,,,,,,,,,,,,,,,,,,,,,,,,,,,,0.90313303,,,,,,,
90_gen,1.075763,1.0738384,1.0693046,1.067002,1.0678412,1.0640247,1.0645909,1.0651613,1.0612882,1.0607197,1.0587518,1.0536312,1.0500501,1.0480967,1.0483272,1.0505908,1.0512397,1.0517516,1.0488933,1.047311,1.0445112,1.0443474,1.0454973,1.0457405,1.0429327,1.0430342,1.0423372,1.041144,1.0427988,1.0414304,1.0400875,1.0380495,1.0372572,1.0342929,1.0315915,1.0290067,1.0249488,1.0242186,1.0236317,1.0207871,1.0197569,1.0163703,1.012901,1.0111717,1.0087882,1.0047475,1.0048039,1.003014,1.0004067,0.99494827,0.992926,0.9889108,0.9865367,0.9829898,0.9817643,0.98142403,0.9806897,0.97907937,0.9748057,0.97089463,0.96848357,0.96905816,0.9666225,0.96237963,0.96096563,0.9566352,0.9527105,0.9481653,0.9481595,0.9446685
91_real,-0.2549952,,,,,,,,,,,,,,,,,,,,,,,,,,,,,,,,,,,,,,,,,,,,,,,,,,,,,,,,,,,,,,-0.20990847,,,,,,,
91_gen,-0.25499517,-0.25862125,-0.26306447,-0.26313096,-0.26387256,-0.26291835,-0.2662338,-0.26612025,-0.2682842,-0.27029112,-0.26918256,-0.2707208,-0.2729132,-0.27518505,-0.2776947,-0.27887806,-0.28109145,-0.2820688,-0.28241107,-0.2835005,-0.28519884,-0.28689373,-0.2897312,-0.2901072,-0.29101345,-0.2916509,-0.29288167,-0.29326633,-0.29264724,-0.2931444,-0.2932089,-0.29687136,-0.29718325,-0.300988,-0.30318704,-0.30554992,-0.30508757,-0.30507913,-0.30711097,-0.3103697,-0.31372926,-0.31566364,-0.31663263,-0.3195786,-0.3221719,-0.32328314,-0.32299298,-0.32211548,-0.32462636,-0.3249739,-0.32524115,-0.32639155,-0.32829374,-0.32623178,-0.3274819,-0.32861704,-0.32679087,-0.32889205,-0.33089167,-0.33277977,-0.33452147,-0.33650243,-0.33705893,-0.3385573,-0.33858594,-0.33785495,-0.33759823,-0.33681732,-0.33880335,-0.34123266
92_real,0.40154302,,,,,,,,,,,,,,,,,,,,,,,,,,,,,,,,,,,,,,,,,,,,,,,,,,,,,,,,,,,,,,0.14174375,,,,,,,
92_gen,0.40154308,0.3976744,0.3968969,0.39454865,0.3940459,0.3914895,0.3867963,0.38396683,0.3831912,0.3816831,0.3792434,0.37590757,0.37371004,0.37200478,0.3691848,0.3650424,0.36246955,0.36010918,0.35693237,0.3546454,0.35292214,0.35177994,0.35178357,0.34932205,0.34492055,0.34382483,0.34286755,0.34130707,0.34011483,0.3376314,0.3358107,0.33117238,0.3297078,0.32451683,0.32081336,0.32115382,0.3164633,0.3145445,0.31194305,0.30903226,0.3048263,0.30205795,0.30090803,0.29943448,0.2972501,0.29435068,0.2900697,0.28614515,0.2858313,0.28076807,0.27836215,0.2789,0.27680126,0.275481,0.2732216,0.27174833,0.26989934,0.2681222,0.2641862,0.26050097,0.25747833,0.25469685,0.25258327,0.2504803,0.24533768,0.24198964,0.24056892,0.2378175,0.23614463,0.232932
93_real,0.4273217,,,,,,,,,,,,,,,,,,,,,,,,,,,,,,,,,,,,,,,,,,,,,,,,,,,,,,,,,,,,,,0.5572125,,,,,,,
93_gen,0.42732173,0.42035872,0.4124039,0.40645963,0.4028763,0.4007412,0.3961142,0.39152747,0.38727063,0.38250205,0.37692738,0.3728277,0.36885935,0.36461538,0.36182243,0.3587224,0.35393673,0.35247174,0.34756988,0.34277743,0.33931103,0.33626142,0.33317056,0.3292439,0.32563445,0.32278863,0.31759435,0.3127063,0.3082001,0.30222505,0.29756114,0.29496747,0.29201633,0.28634468,0.28439692,0.27912483,0.27359623,0.27130377,0.26634058,0.2639743,0.25915238,0.25518113,0.25234526,0.24699812,0.24311158,0.24161687,0.23872276,0.2344873,0.22960934,0.22597897,0.21949828,0.21566276,0.21353081,0.20922291,0.2067729,0.20200217,0.19883566,0.1953647,0.18860015,0.1845437,0.18031946,0.17923869,0.17297268,0.16806333,0.16672173,0.16174158,0.15708368,0.15253481,0.14742234,0.1431651
94_real,-0.069003694,,,,,,,,,,,,,,,,,,,,,,,,,,,,,,,,,,,,,,,,,,,,,,,,,,,,,,,,,,,,,,-0.08290976,,,,,,,
94_gen,-0.069003694,-0.07721715,-0.080808386,-0.082752846,-0.09068997,-0.09498023,-0.10261526,-0.10771322,-0.10986368,-0.11629214,-0.11933712,-0.12316092,-0.12833153,-0.134304,-0.13989952,-0.14345348,-0.1478055,-0.152612,-0.16044438,-0.164336,-0.16798274,-0.17286952,-0.1794317,-0.18189403,-0.18693537,-0.19228004,-0.19747907,-0.20301223,-0.20549357,-0.20897825,-0.21411292,-0.21762224,-0.21998625,-0.22380249,-0.2292716,-0.23526445,-0.23901913,-0.2436363,-0.24270304,-0.24565539,-0.2488813,-0.25172436,-0.25635108,-0.2634657,-0.26820242,-0.2722646,-0.276797,-0.28005174,-0.2834522,-0.28772703,-0.29268718,-0.2976757,-0.30280417,-0.30561334,-0.30998814,-0.31556004,-0.3204072,-0.32557365,-0.32723618,-0.32924715,-0.3331946,-0.33834738,-0.34372956,-0.34929568,-0.3543598,-0.3604383,-0.3665099,-0.37116086,-0.37505916,-0.37911254
95_real,0.5618593,,,,,,,,,,,,,,,,,,,,,,,,,,,,,,,,,,,,,,,,,,,,,,,,,,,,,,,,,,,,,,0.39883095,,,,,,,
95_gen,0.56185925,0.5539918,0.5465621,0.5379745,0.5352183,0.53075,0.52445054,0.521376,0.5174881,0.51489437,0.51364726,0.5079876,0.50704736,0.5058578,0.49889046,0.49414223,0.4900275,0.48349983,0.4754476,0.4695782,0.46182173,0.46093392,0.4581665,0.453337,0.4513851,0.4459172,0.44321552,0.44209462,0.43652147,0.43282127,0.4298908,0.42144164,0.42120928,0.41728863,0.41405243,0.4129676,0.40718898,0.40064222,0.39444342,0.39432397,0.3877334,0.3832149,0.38034377,0.37239084,0.36607707,0.36001945,0.35782847,0.35260648,0.34803778,0.34306008,0.3378545,0.3366211,0.3301734,0.32540202,0.31995615,0.31231704,0.30818734,0.30134144,0.29619935,0.2921188,0.28605843,0.28035563,0.27516752,0.2704281,0.26667622,0.26072702,0.2539758,0.2453818,0.23997962,0.23402357
96_real,0.7336959,,,,,,,,,,,,,,,,,,,,,,,,,,,,,,,,,,,,,,,,,,,,,,,,,,,,,,,,,,,,,,0.39156696,,,,,,,
96_gen,0.7336959,0.7259231,0.71787256,0.7156093,0.71102375,0.7046999,0.70392925,0.6978482,0.6956844,0.69326866,0.69218534,0.6876262,0.68693674,0.68370605,0.6783217,0.67255497,0.6734514,0.6716108,0.66832465,0.66732097,0.6664103,0.66255677,0.6600416,0.6583685,0.6566409,0.6515383,0.6509797,0.6447974,0.64533395,0.64318264,0.6432817,0.641806,0.63741785,0.6337158,0.63067544,0.62942296,0.6304732,0.6244134,0.6186259,0.6153059,0.60940397,0.6078656,0.60247076,0.59572834,0.59346694,0.58708036,0.58249044,0.5838038,0.5838928,0.5853466,0.5842811,0.5806599,0.57672435,0.569494,0.5642861,0.56143004,0.55933034,0.55222136,0.5425607,0.5340616,0.5334729,0.52842224,0.5218386,0.5166629,0.51272565,0.509048,0.503175,0.49452677,0.4940374,0.49083623
97_real,0.062479995,,,,,,,,,,,,,,,,,,,,,,,,,,,,,,,,,,,,,,,,,,,,,,,,,,,,,,,,,,,,,,0.02169776,,,,,,,
97_gen,0.062479995,0.058852863,0.055973966,0.05133594,0.050729476,0.047628544,0.046844855,0.04455661,0.04003162,0.033965185,0.031120995,0.025946066,0.025341183,0.021684494,0.020939229,0.01800631,0.017566726,0.017292084,0.0094585465,0.0084180245,0.0062614866,0.0034092464,0.002349029,0.00040595327,0.0004888585,-0.0036091078,-0.0045642774,-0.0069800736,-0.011289312,-0.013393907,-0.0140691195,-0.012575066,-0.016670208,-0.01837771,-0.024487952,-0.028191987,-0.030351635,-0.031469993,-0.03353924,-0.035869278,-0.03805937,-0.04061819,-0.040384818,-0.044031344,-0.042953923,-0.041662145,-0.04802274,-0.05216223,-0.05509624,-0.05727123,-0.061480105,-0.06502258,-0.063722596,-0.063382685,-0.065647334,-0.065943524,-0.06863627,-0.07113914,-0.070300296,-0.07107909,-0.073332235,-0.07572708,-0.07884547,-0.08076934,-0.082227,-0.08457776,-0.087954655,-0.09273711,-0.09633692,-0.09574868
98_real,0.6069507,,,,,,,,,,,,,,,,,,,,,,,,,,,,,,,,,,,,,,,,,,,,,,,,,,,,,,,,,,,,,,0.5037698,,,,,,,
98_gen,0.6069507,0.5995466,0.5978986,0.59721965,0.5936547,0.5917022,0.5919839,0.5879963,0.58552015,0.5841954,0.582644,0.5810496,0.5793312,0.5790793,0.5775491,0.574962,0.57311475,0.5726074,0.57007617,0.5670034,0.5664902,0.5615674,0.55989665,0.55595046,0.5521077,0.5509032,0.5473328,0.54553485,0.54578406,0.5444416,0.54206234,0.54064846,0.54001623,0.5382465,0.53841233,0.53388,0.5302657,0.527194,0.5254975,0.5235135,0.52131236,0.5180994,0.5156488,0.5132353,0.509109,0.50406414,0.5020189,0.49968624,0.49961305,0.49728146,0.49346644,0.48875028,0.4879499,0.48408875,0.48186603,0.48091394,0.47971004,0.47334257,0.46958286,0.4649149,0.4631938,0.46265793,0.4616831,0.45809278,0.45526505,0.45396215,0.45199862,0.4501183,0.448464,0.44515395
99_real,1.0072819,,,,,,,,,,,,,,,,,,,,,,,,,,,,,,,,,,,,,,,,,,,,,,,,,,,,,,,,,,,,,,0.52697146,,,,,,,
99_gen,1.007282,1.0082167,1.0083843,1.0082376,1.0066658,1.0040357,1.0016623,1.000758,1.0010504,0.9976584,0.99868804,1.0013553,1.0019163,1.0036676,1.0014285,1.0020037,0.9997659,0.9988912,0.9978611,0.9971733,0.9967489,0.99846154,0.99333125,0.99177647,0.99103147,0.98808515,0.9851034,0.9822658,0.98332644,0.9839328,0.9842943,0.9859411,0.98553103,0.98134387,0.98284674,0.98004705,0.9766413,0.9774701,0.9773375,0.97745574,0.97624886,0.97449446,0.97485197,0.97768325,0.97460806,0.97207624,0.97202265,0.96918344,0.96921265,0.9668458,0.96600837,0.9649247,0.96424544,0.9605278,0.95691985,0.9564414,0.95180655,0.9518984,0.94939566,0.9471639,0.943251,0.9405487,0.9400941,0.9433013,0.9442423,0.94155043,0.9389521,0.93814135,0.92998886,0.9253899
100_real,1.2301388,,,,,,,,,,,,,,,,,,,,,,,,,,,,,,,,,,,,,,,,,,,,,,,,,,,,,,,,,,,,,,0.9121638,,,,,,,
100_gen,1.2301388,1.2241704,1.2190984,1.215163,1.2126459,1.2080165,1.2074614,1.2063942,1.2032505,1.2001929,1.2006618,1.2008778,1.1963468,1.1942608,1.191723,1.1917686,1.1898873,1.1888708,1.1888859,1.1864585,1.1828997,1.1784246,1.1780943,1.1755672,1.1697099,1.1675726,1.1678007,1.1673142,1.1655504,1.163202,1.162331,1.160702,1.1563854,1.1543652,1.1558305,1.1542609,1.1470336,1.1415753,1.1391772,1.1390507,1.1358162,1.1351264,1.1333622,1.1308296,1.1265016,1.1216688,1.1177384,1.1144419,1.1107157,1.1095344,1.1059163,1.1022549,1.0967658,1.0915806,1.0898584,1.0882838,1.085071,1.08274,1.0810323,1.0793803,1.0779421,1.0788028,1.0754701,1.072297,1.0673306,1.0638773,1.0607207,1.052812,1.0523574,1.0494729
101_real,1.0219573,,,,,,,,,,,,,,,,,,,,,,,,,,,,,,,,,,,,,,,,,,,,,,,,,,,,,,,,,,,,,,1.0012605,,,,,,,
101_gen,1.0219573,1.0135816,1.0093626,1.0057188,0.99841565,0.9942506,0.98914814,0.9850925,0.98059595,0.97339666,0.9750722,0.9729449,0.9698774,0.9630374,0.95954674,0.9571411,0.95457935,0.9509884,0.9511202,0.9478429,0.9460131,0.94303465,0.93568784,0.9328553,0.92827415,0.92838717,0.9260305,0.9234316,0.9249961,0.9247408,0.92269486,0.9188069,0.9126115,0.90875214,0.90584564,0.90289897,0.89953536,0.89583856,0.8921997,0.89099777,0.88682795,0.8856656,0.88064384,0.8758939,0.87341785,0.8710319,0.86525327,0.8610083,0.85800284,0.8525609,0.8475169,0.84270906,0.8425291,0.83912706,0.83656645,0.8320738,0.831355,0.8272737,0.8255555,0.81809604,0.81181526,0.8095403,0.8044766,0.80310917,0.79902947,0.7929455,0.7889458,0.78492457,0.78262633,0.77986825
102_real,0.6994854,,,,,,,,,,,,,,,,,,,,,,,,,,,,,,,,,,,,,,,,,,,,,,,,,,,,,,,,,,,,,,0.6660129,,,,,,,
102_gen,0.69948536,0.6937575,0.68946886,0.68739283,0.68797153,0.67985576,0.67383635,0.67122763,0.66744643,0.6646012,0.6600488,0.6558167,0.65445614,0.6511396,0.649917,0.6468817,0.64313304,0.6405482,0.63355225,0.632089,0.6307589,0.6286891,0.624148,0.6211694,0.6173303,0.6116797,0.60836136,0.60431546,0.60001117,0.59906626,0.59631634,0.5945596,0.5882938,0.58576584,0.58264697,0.578567,0.5796466,0.57866955,0.5760786,0.5743692,0.5719709,0.5687838,0.5656061,0.56295806,0.5614797,0.55790347,0.5511296,0.5473344,0.54528505,0.5402729,0.5361318,0.5285762,0.5287528,0.5260181,0.5222751,0.51939195,0.5176795,0.514832,0.50998926,0.50660694,0.49966082,0.49802437,0.49539,0.49492288,0.49484903,0.49308664,0.48827466,0.48488244,0.481247,0.4793675
103_real,0.2679467,,,,,,,,,,,,,,,,,,,,,,,,,,,,,,,,,,,,,,,,,,,,,,,,,,,,,,,,,,,,,,0.22654693,,,,,,,
103_gen,0.2679467,0.26031363,0.25600544,0.24852514,0.24468534,0.24136734,0.23960769,0.23354793,0.23092695,0.22798698,0.22430906,0.21695645,0.21245985,0.2052288,0.20083602,0.19696386,0.19364695,0.18926382,0.18470792,0.18146364,0.17852305,0.17325126,0.17087784,0.16649115,0.16085277,0.15543269,0.15206538,0.14660645,0.1426843,0.1367937,0.12899025,0.12288085,0.116260506,0.11415551,0.108470455,0.10001196,0.09568427,0.090255216,0.08428936,0.07717919,0.07490837,0.071346596,0.065854296,0.06266897,0.05548217,0.051403992,0.047249757,0.042821236,0.037728902,0.03397312,0.027101856,0.026149562,0.021762257,0.018573854,0.016703714,0.013946587,0.0113843065,0.005914019,-0.00013006646,-0.0037939872,-0.0071436055,-0.013461064,-0.019198615,-0.021995947,-0.026891971,-0.032125615,-0.03784105,-0.044389915,-0.04811839,-0.054730374
104_real,1.3475559,,,,,,,,,,,,,,,,,,,,,,,,,,,,,,,,,,,,,,,,,,,,,,,,,,,,,,,,,,,,,,1.0553006,,,,,,,
104_gen,1.347556,1.3359597,1.329368,1.3271748,1.3203928,1.3181831,1.3163257,1.3102787,1.3021007,1.2991382,1.2940204,1.2911332,1.285836,1.2810438,1.274517,1.2711413,1.2662762,1.2604579,1.2560365,1.2508377,1.2456026,1.2437159,1.2397538,1.2350464,1.2337081,1.2256063,1.2203871,1.2169755,1.213949,1.2111813,1.2048755,1.2018217,1.1992152,1.1965666,1.193729,1.1885234,1.1830901,1.176046,1.1720815,1.1656674,1.1634449,1.161693,1.1563447,1.1507002,1.1485832,1.1433439,1.1416954,1.1363349,1.1311836,1.1233878,1.1154594,1.1118735,1.1077391,1.1019945,1.101293,1.0974714,1.0923082,1.0920932,1.0872883,1.0820243,1.0766648,1.0721253,1.0656061,1.0639207,1.060463,1.0524409,1.0464451,1.0420527,1.0378487,1.0336672
105_real,1.5283668,,,,,,,,,,,,,,,,,,,,,,,,,,,,,,,,,,,,,,,,,,,,,,,,,,,,,,,,,,,,,,1.2898198,,,,,,,
105_gen,1.5283669,1.5210795,1.5162251,1.5121988,1.5077113,1.5020173,1.4977443,1.4934492,1.4910281,1.4863625,1.482966,1.4783747,1.4751494,1.4728963,1.4723656,1.4673717,1.4626893,1.4587082,1.4531928,1.4513,1.4482415,1.4447476,1.4398444,1.4355953,1.4309944,1.4289948,1.4267895,1.422849,1.4216158,1.4178094,1.4126756,1.4086334,1.4029927,1.4006077,1.3965538,1.3934839,1.3886688,1.3832127,1.3777059,1.3736888,1.3669817,1.3633984,1.3598891,1.3575808,1.3534814,1.3529313,1.3494111,1.3459867,1.340502,1.3366815,1.3343198,1.3305197,1.3259264,1.3213844,1.31692,1.310073,1.3054794,1.3001683,1.2960517,1.288419,1.2851945,1.2799519,1.2763603,1.2697244,1.2641199,1.2630799,1.2575576,1.2537458,1.249912,1.2446558
106_real,-0.45335734,,,,,,,,,,,,,,,,,,,,,,,,,,,,,,,,,,,,,,,,,,,,,,,,,,,,,,,,,,,,,,-0.51899606,,,,,,,
106_gen,-0.45335728,-0.45984513,-0.46287042,-0.46573848,-0.4676024,-0.47042498,-0.4729887,-0.47480455,-0.47755295,-0.4781937,-0.47883922,-0.47930002,-0.47969636,-0.4803512,-0.4819954,-0.4816792,-0.4832503,-0.48441523,-0.48546702,-0.49007243,-0.49217993,-0.49425006,-0.49499702,-0.49477774,-0.49677745,-0.49786347,-0.4999404,-0.49899212,-0.50255775,-0.5029738,-0.5022577,-0.5020032,-0.5020081,-0.5028344,-0.5026186,-0.5038206,-0.50387555,-0.50279474,-0.50315803,-0.50537556,-0.50649714,-0.5062224,-0.5089127,-0.5093279,-0.5090707,-0.508335,-0.50838983,-0.5096316,-0.5104513,-0.5111071,-0.51305264,-0.5116829,-0.51152676,-0.5130664,-0.51270914,-0.513026,-0.5133595,-0.51606464,-0.5161699,-0.5147535,-0.5174167,-0.5196692,-0.5218359,-0.5221775,-0.52305496,-0.5221511,-0.5214292,-0.5229975,-0.52389467,-0.5246376
107_real,-0.4686254,,,,,,,,,,,,,,,,,,,,,,,,,,,,,,,,,,,,,,,,,,,,,,,,,,,,,,,,,,,,,,-0.646427,,,,,,,
107_gen,-0.4686254,-0.47692007,-0.48174143,-0.48550588,-0.49008638,-0.49383336,-0.49600706,-0.50197554,-0.502698,-0.50363666,-0.5073918,-0.51007617,-0.51435256,-0.51747054,-0.5200434,-0.52368283,-0.52790576,-0.5338365,-0.537773,-0.5421759,-0.544778,-0.5494011,-0.55502146,-0.556952,-0.5633936,-0.56783485,-0.57228875,-0.575287,-0.58024246,-0.5822314,-0.58599627,-0.5931553,-0.5985431,-0.6015223,-0.60549664,-0.6088451,-0.6115487,-0.6181969,-0.6232991,-0.62832737,-0.6331001,-0.6371219,-0.6398259,-0.64304227,-0.64870816,-0.65360606,-0.65825015,-0.6626031,-0.6680539,-0.6724795,-0.67714685,-0.6825272,-0.68414754,-0.68755275,-0.69063675,-0.6929102,-0.69812995,-0.7017554,-0.70557135,-0.71028787,-0.7115835,-0.71387714,-0.7176857,-0.71852535,-0.724678,-0.7295065,-0.7312342,-0.73362875,-0.7350172,-0.7395919
108_real,-1.2482226,,,,,,,,,,,,,,,,,,,,,,,,,,,,,,,,,,,,,,,,,,,,,,,,,,,,,,,,,,,,,,-1.1256121,,,,,,,
108_gen,-1.2482225,-1.2533514,-1.2581121,-1.2621492,-1.2665632,-1.2687871,-1.2701708,-1.2739848,-1.2778583,-1.2822578,-1.2875688,-1.2908258,-1.2921436,-1.2941288,-1.2976171,-1.3014786,-1.3066123,-1.3107233,-1.3142314,-1.3177018,-1.3211352,-1.3218259,-1.3262259,-1.328839,-1.331369,-1.334605,-1.3378255,-1.337821,-1.3398279,-1.341285,-1.3442434,-1.3463118,-1.349704,-1.3522388,-1.3544546,-1.3560426,-1.358399,-1.3609564,-1.3623145,-1.3628417,-1.3646286,-1.3665644,-1.3689291,-1.3716733,-1.3740213,-1.377495,-1.3802034,-1.3797677,-1.3836197,-1.387107,-1.3909957,-1.3965352,-1.4008611,-1.4038255,-1.4060934,-1.4097874,-1.4114093,-1.4153528,-1.4185556,-1.4219093,-1.4256309,-1.4302958,-1.4326395,-1.4343556,-1.4386642,-1.4404616,-1.4433429,-1.4443747,-1.4484859,-1.449732
109_real,0.9408553,,,,,,,,,,,,,,,,,,,,,,,,,,,,,,,,,,,,,,,,,,,,,,,,,,,,,,,,,,,,,,0.97240674,,,,,,,
109_gen,0.9408553,0.9323419,0.9310238,0.9277123,0.92504776,0.9218308,0.9205533,0.9192274,0.91990244,0.91566026,0.9119104,0.9065739,0.9006468,0.8991567,0.8971783,0.89212686,0.89148647,0.88717747,0.8840575,0.8791704,0.87190807,0.8691244,0.8688401,0.86813325,0.8662368,0.8653649,0.86226606,0.85770786,0.85779774,0.8534632,0.8516628,0.84870875,0.84986603,0.85151434,0.8500336,0.8461973,0.84255093,0.83537054,0.83371115,0.832493,0.8280675,0.8292599,0.82612306,0.82476264,0.8213269,0.8219959,0.8195739,0.816584,0.81221914,0.8120268,0.81001747,0.8032609,0.8014685,0.7993717,0.7928086,0.7904588,0.788761,0.7871968,0.7835391,0.77966034,0.78001297,0.7826856,0.77327883,0.77132976,0.77074444,0.7695424,0.7650541,0.76530856,0.7628072,0.7618844
110_real,0.83558095,,,,,,,,,,,,,,,,,,,,,,,,,,,,,,,,,,,,,,,,,,,,,,,,,,,,,,,,,,,,,,0.8228552,,,,,,,
110_gen,0.83558095,0.82744825,0.8205141,0.81490403,0.81012785,0.810233,0.8108759,0.80739355,0.8046028,0.80206376,0.79729575,0.79391956,0.7885183,0.78765506,0.78829694,0.7869142,0.7854992,0.7865178,0.78464437,0.78303415,0.7842579,0.7818551,0.777948,0.7757081,0.7729484,0.76701725,0.76543343,0.7600812,0.7590946,0.7582224,0.75886476,0.7562906,0.75457656,0.7493913,0.7440493,0.7416057,0.74123275,0.739883,0.73904335,0.7325674,0.7318089,0.7280389,0.72365564,0.72295713,0.71876717,0.7179916,0.7150005,0.7099011,0.70447123,0.6994955,0.6969214,0.69503564,0.69125855,0.6850678,0.6829538,0.6793252,0.6733235,0.672231,0.6727939,0.6683688,0.6673764,0.66561925,0.6609547,0.6571972,0.6490014,0.6431122,0.638695,0.638925,0.6325845,0.6272906
111_real,1.2145208,,,,,,,,,,,,,,,,,,,,,,,,,,,,,,,,,,,,,,,,,,,,,,,,,,,,,,,,,,,,,,1.0252234,,,,,,,
111_gen,1.2145207,1.2033973,1.1924788,1.1832881,1.1729628,1.1635437,1.157406,1.1512816,1.1477923,1.141116,1.13859,1.1317742,1.1268423,1.1205181,1.1122216,1.1065476,1.1016237,1.0948209,1.0891594,1.0825827,1.0767188,1.0720702,1.065104,1.0635684,1.0596173,1.0548471,1.0468652,1.0387623,1.0320766,1.0295068,1.0253159,1.0204959,1.0156686,1.0106316,1.005655,1.0007833,0.9965825,0.98942053,0.98147404,0.9761608,0.9701697,0.96411324,0.9607359,0.9527289,0.946377,0.93827945,0.9342081,0.92913246,0.9247449,0.91822654,0.9110104,0.90247905,0.8981508,0.89041203,0.88281536,0.8774115,0.87286806,0.87069046,0.8644619,0.857868,0.84972227,0.83994734,0.83345735,0.825755,0.8226622,0.8165514,0.8081684,0.8030537,0.79746854,0.7925506
112_real,0.7096309,,,,,,,,,,,,,,,,,,,,,,,,,,,,,,,,,,,,,,,,,,,,,,,,,,,,,,,,,,,,,,0.6348682,,,,,,,
112_gen,0.7096309,0.70220256,0.69862306,0.6951559,0.69235605,0.68668324,0.68235046,0.6775053,0.67512286,0.6686686,0.66262853,0.6598878,0.6591434,0.65639573,0.6485475,0.6455261,0.6409336,0.6345747,0.62996787,0.6247602,0.6199933,0.61465347,0.60799515,0.60260403,0.5960862,0.5921148,0.5839314,0.577917,0.57164973,0.56452405,0.5582497,0.5535097,0.54779494,0.5449492,0.54281473,0.53488064,0.5274945,0.52390206,0.51681745,0.5103502,0.5053528,0.5010799,0.49850732,0.4880472,0.47872084,0.47379223,0.46953306,0.4630986,0.45894235,0.45341498,0.44564325,0.4443605,0.44048333,0.43647394,0.4302698,0.42624608,0.42040706,0.41166577,0.4060093,0.40237164,0.39354074,0.38711837,0.38209873,0.37903875,0.37421224,0.37008184,0.36720413,0.35946703,0.3529156,0.34756118
113_real,-0.6877747,,,,,,,,,,,,,,,,,,,,,,,,,,,,,,,,,,,,,,,,,,,,,,,,,,,,,,,,,,,,,,-0.6969277,,,,,,,
113_gen,-0.6877747,-0.6920611,-0.69374144,-0.6964034,-0.6987711,-0.7042984,-0.708633,-0.714656,-0.71954197,-0.7227665,-0.7289935,-0.731491,-0.73580205,-0.74056107,-0.745989,-0.7492233,-0.7507184,-0.7546133,-0.7557215,-0.7614107,-0.76448643,-0.7654816,-0.7702486,-0.7728741,-0.7758215,-0.7753799,-0.77842546,-0.7809162,-0.7848117,-0.7864641,-0.78962386,-0.79182744,-0.7953052,-0.7947683,-0.797927,-0.8005637,-0.803624,-0.8081697,-0.81623393,-0.8208925,-0.8231591,-0.8300562,-0.8316685,-0.8354246,-0.8423548,-0.84547746,-0.84804404,-0.8506483,-0.855272,-0.86228323,-0.86836874,-0.87392366,-0.87895966,-0.882045,-0.88462913,-0.88996613,-0.89432967,-0.9001573,-0.9048769,-0.90889007,-0.9115157,-0.9178155,-0.9223092,-0.92701644,-0.9281017,-0.9331854,-0.9348996,-0.9378172,-0.9426395,-0.9486693
114_real,-0.60867083,,,,,,,,,,,,,,,,,,,,,,,,,,,,,,,,,,,,,,,,,,,,,,,,,,,,,,,,,,,,,,-0.61182785,,,,,,,
114_gen,-0.6086708,-0.61929286,-0.6268579,-0.6312129,-0.6370294,-0.6407264,-0.64369565,-0.6448562,-0.6472961,-0.64991915,-0.6553095,-0.65924245,-0.6635896,-0.6646937,-0.66807574,-0.6727092,-0.67857224,-0.6799303,-0.6861968,-0.6921084,-0.6932831,-0.69491684,-0.6957849,-0.6993612,-0.70170116,-0.7032625,-0.70516586,-0.7075912,-0.7118094,-0.71328974,-0.71506536,-0.7220572,-0.72564155,-0.72668886,-0.73158664,-0.73469704,-0.7373758,-0.7401055,-0.7421458,-0.74489635,-0.7492243,-0.7538513,-0.7552702,-0.75847787,-0.7633538,-0.76955307,-0.7709827,-0.77492696,-0.7785665,-0.7857437,-0.7862228,-0.78866565,-0.79162514,-0.7945367,-0.7979112,-0.79850674,-0.8057639,-0.8111046,-0.81629676,-0.81930697,-0.8247698,-0.83287823,-0.83459103,-0.837509,-0.83948183,-0.8432768,-0.8485492,-0.85035926,-0.85153973,-0.8522032
115_real,-0.9539898,,,,,,,,,,,,,,,,,,,,,,,,,,,,,,,,,,,,,,,,,,,,,,,,,,,,,,,,,,,,,,-0.85783094,,,,,,,
115_gen,-0.95398986,-0.9502722,-0.95092106,-0.95335186,-0.9593482,-0.962076,-0.9635846,-0.96804893,-0.9727667,-0.9788588,-0.9840728,-0.9866195,-0.9901894,-0.99244326,-0.993748,-0.9980054,-1.0008147,-1.005224,-1.0070963,-1.0154493,-1.0190754,-1.0248365,-1.0275869,-1.0353539,-1.0408925,-1.0459849,-1.0531003,-1.0577819,-1.0592299,-1.0613086,-1.0642945,-1.0670648,-1.0737947,-1.0782042,-1.0798714,-1.0820532,-1.0856912,-1.0880189,-1.0924985,-1.09551,-1.0968425,-1.0998763,-1.1048715,-1.1081018,-1.1061074,-1.1122147,-1.1143637,-1.1210177,-1.1240836,-1.1246873,-1.127915,-1.1312196,-1.1359061,-1.1423724,-1.1406018,-1.1456904,-1.1551826,-1.160331,-1.1606103,-1.16666,-1.1717271,-1.1809387,-1.1838415,-1.1892055,-1.1924692,-1.1960199,-1.1987509,-1.2050686,-1.209369,-1.2141292
116_real,-0.72292763,,,,,,,,,,,,,,,,,,,,,,,,,,,,,,,,,,,,,,,,,,,,,,,,,,,,,,,,,,,,,,-0.61140686,,,,,,,
116_gen,-0.72292763,-0.73025286,-0.7392519,-0.7430681,-0.74451303,-0.7459718,-0.75013626,-0.7548349,-0.76111245,-0.76480687,-0.7661837,-0.7661094,-0.766116,-0.77018094,-0.7714307,-0.776894,-0.7824108,-0.78410065,-0.7884294,-0.7908599,-0.79573846,-0.8002226,-0.8045963,-0.81107455,-0.8210872,-0.8241655,-0.83327484,-0.83927727,-0.84375924,-0.846665,-0.85082036,-0.8537798,-0.85847473,-0.8622618,-0.8663248,-0.8690318,-0.8717368,-0.8739785,-0.87926865,-0.88376296,-0.8859571,-0.894014,-0.89719355,-0.8997773,-0.9006917,-0.9009387,-0.90170974,-0.9046472,-0.91055745,-0.91750777,-0.9232124,-0.92384577,-0.92415774,-0.9256428,-0.9316882,-0.9296912,-0.9324914,-0.93804616,-0.93928134,-0.94414073,-0.9482778,-0.95173776,-0.95810014,-0.96509564,-0.9690391,-0.97695464,-0.9796629,-0.98706084,-0.99060756,-0.9921778
117_real,1.0715303,,,,,,,,,,,,,,,,,,,,,,,,,,,,,,,,,,,,,,,,,,,,,,,,,,,,,,,,,,,,,,0.54678977,,,,,,,
117_gen,1.0715303,1.0652213,1.0601736,1.0589466,1.0557063,1.0507501,1.046629,1.0421326,1.0404165,1.0388943,1.0337551,1.0317417,1.0285484,1.0223683,1.0222602,1.0207497,1.0158552,1.0113387,1.0064672,1.0046942,1.0010684,0.99493086,0.99287283,0.99075526,0.9862501,0.9835638,0.977698,0.9768078,0.97297066,0.97053546,0.9695309,0.9648345,0.9634839,0.9582016,0.95600015,0.9520857,0.9492814,0.94498146,0.9453808,0.9447962,0.9405348,0.9398538,0.93649435,0.9336212,0.9311692,0.92988384,0.9256671,0.92157334,0.9176446,0.91457176,0.9119382,0.9076994,0.9033394,0.89940053,0.89406,0.8892964,0.88918763,0.88338363,0.8787745,0.8761543,0.8757064,0.87371886,0.8699403,0.8681062,0.86660767,0.8608136,0.8566432,0.85434246,0.8529148,0.84972745
118_real,0.8143909,,,,,,,,,,,,,,,,,,,,,,,,,,,,,,,,,,,,,,,,,,,,,,,,,,,,,,,,,,,,,,0.8033435,,,,,,,
118_gen,0.814391,0.8073212,0.80545175,0.80262583,0.8016332,0.800553,0.7986401,0.79771674,0.7941974,0.79144037,0.7881889,0.7844388,0.7824274,0.77760994,0.7741726,0.7719072,0.76842195,0.76625836,0.76373327,0.7614625,0.7609533,0.7606138,0.75849193,0.7564783,0.7542442,0.7520189,0.75065726,0.74603486,0.74414223,0.7423754,0.7412511,0.7404867,0.73741764,0.73770016,0.73630273,0.7337027,0.7311327,0.72943777,0.72649586,0.7248514,0.7216575,0.718938,0.7153601,0.71496063,0.7129454,0.7113686,0.7085445,0.7052262,0.7036062,0.7009639,0.69768304,0.69489753,0.69188994,0.688803,0.68720216,0.68433195,0.6823087,0.6791669,0.6743425,0.67234915,0.6715735,0.66847885,0.6662815,0.66394174,0.6605924,0.65960306,0.65690166,0.65385634,0.65087634,0.65097
119_real,0.7352386,,,,,,,,,,,,,,,,,,,,,,,,,,,,,,,,,,,,,,,,,,,,,,,,,,,,,,,,,,,,,,0.6142319,,,,,,,
119_gen,0.7352386,0.73091614,0.72504365,0.7211064,0.7164409,0.7123479,0.7097751,0.70252454,0.6975331,0.69463634,0.6915246,0.68902683,0.68380785,0.68334734,0.67802894,0.67506194,0.6728216,0.66755843,0.6658765,0.66151214,0.65969056,0.65842503,0.6517211,0.64437926,0.6402604,0.6321355,0.6293365,0.62765735,0.6221016,0.6177256,0.61281157,0.60881764,0.6038562,0.604145,0.60230196,0.594572,0.58988273,0.58388436,0.5797953,0.574212,0.5731535,0.57171154,0.56977355,0.56925654,0.5647973,0.5626533,0.5603229,0.55733424,0.5559214,0.55492896,0.5535135,0.5483252,0.54445213,0.5393642,0.53411424,0.52908385,0.5221971,0.51606125,0.5122589,0.50987977,0.5049499,0.5033526,0.49881268,0.49283272,0.4858911,0.4843495,0.47351226,0.47078824,0.46715325,0.46045595
120_real,0.7297786,,,,,,,,,,,,,,,,,,,,,,,,,,,,,,,,,,,,,,,,,,,,,,,,,,,,,,,,,,,,,,0.47420192,,,,,,,
120_gen,0.72977865,0.7206025,0.7145233,0.7136753,0.708866,0.7065691,0.7025387,0.6980767,0.69458103,0.6880753,0.68394583,0.679787,0.6785654,0.67543113,0.67228734,0.6680639,0.66405857,0.6620284,0.6601305,0.65574396,0.65144193,0.6447816,0.64088774,0.6369281,0.63290197,0.6297102,0.6249967,0.62039346,0.6146871,0.6061305,0.5980098,0.5917946,0.58359694,0.58134806,0.57714856,0.5710607,0.56508297,0.5583101,0.55432713,0.54911983,0.54244334,0.5371157,0.5311418,0.5224635,0.5158497,0.5130633,0.5094336,0.5025718,0.4972551,0.49300605,0.48620504,0.48258382,0.4803245,0.47537142,0.47253832,0.46606058,0.4609992,0.45646387,0.45102724,0.4461708,0.44137287,0.43578,0.42765895,0.4225029,0.41878286,0.4127646,0.40737382,0.40200058,0.39617664,0.3917586
121_real,1.4650574,,,,,,,,,,,,,,,,,,,,,,,,,,,,,,,,,,,,,,,,,,,,,,,,,,,,,,,,,,,,,,1.341056,,,,,,,
121_gen,1.4650574,1.463967,1.4616168,1.4620507,1.4544367,1.4517804,1.4496629,1.446658,1.4437988,1.4410475,1.4359503,1.4313904,1.426096,1.4193255,1.4160414,1.4121758,1.4117333,1.4063505,1.4029279,1.3984051,1.3945799,1.390969,1.3876784,1.3785187,1.3785341,1.3698529,1.3690516,1.3631114,1.3563721,1.3530117,1.3471117,1.3438498,1.3369154,1.3322967,1.330904,1.3279039,1.3249477,1.3185713,1.3124287,1.3069929,1.2991965,1.2977978,1.2925332,1.2932708,1.2891788,1.2873732,1.2867048,1.2840775,1.2816792,1.2792542,1.2747132,1.2705075,1.2667167,1.2651527,1.2591842,1.2556927,1.2531192,1.2472208,1.2441841,1.2358083,1.2292557,1.2255216,1.2250397,1.223245,1.2202371,1.220481,1.2194637,1.2158492,1.2101762,1.2042285
122_real,1.1721302,,,,,,,,,,,,,,,,,,,,,,,,,,,,,,,,,,,,,,,,,,,,,,,,,,,,,,,,,,,,,,0.90252656,,,,,,,
122_gen,1.1721303,1.1673071,1.1639549,1.1632683,1.1596096,1.1574209,1.1560993,1.1513798,1.1469929,1.141334,1.1393646,1.1368774,1.1328051,1.130404,1.1281903,1.1216748,1.1210505,1.119395,1.1143664,1.112929,1.1091354,1.1054146,1.1047369,1.0985076,1.0964835,1.0972474,1.094713,1.093097,1.0907707,1.0851252,1.0799801,1.0749748,1.0722793,1.0644261,1.0609813,1.0595539,1.0595648,1.0521288,1.0486857,1.0425336,1.0368706,1.0327437,1.0315816,1.0319726,1.0272863,1.0280746,1.0192094,1.0127052,1.0088637,1.002434,0.99959767,0.99860704,0.9941007,0.9847658,0.9803337,0.97669137,0.9724472,0.9688341,0.9646986,0.95760536,0.9535804,0.9504571,0.94548637,0.9389051,0.93342227,0.9317295,0.92403686,0.9183823,0.91996133,0.9169661
123_real,0.48884958,,,,,,,,,,,,,,,,,,,,,,,,,,,,,,,,,,,,,,,,,,,,,,,,,,,,,,,,,,,,,,0.60864264,,,,,,,
123_gen,0.48884958,0.48480335,0.4783048,0.4710721,0.46507484,0.45906863,0.45624194,0.45581633,0.450068,0.44424444,0.43660116,0.4325149,0.4296542,0.42394024,0.41898066,0.414462,0.4099357,0.4067219,0.40301457,0.39842835,0.38962525,0.38484794,0.37901667,0.3727843,0.36570638,0.36098677,0.35793248,0.35270378,0.34818774,0.3438152,0.33835325,0.3355176,0.32816225,0.32540262,0.32309347,0.31943342,0.31443578,0.31033576,0.30667347,0.30154485,0.29661256,0.29379344,0.29008916,0.28229293,0.27710265,0.27096483,0.26803392,0.26154143,0.2555197,0.25130013,0.24860212,0.2427613,0.23541155,0.22782385,0.22372489,0.21857004,0.21318936,0.21068928,0.20813636,0.20596647,0.20037678,0.19557802,0.19207229,0.1889101,0.18287197,0.18160146,0.17628531,0.1732322,0.16883561,0.1620228
124_real,0.40386015,,,,,,,,,,,,,,,,,,,,,,,,,,,,,,,,,,,,,,,,,,,,,,,,,,,,,,,,,,,,,,0.23801439,,,,,,,
124_gen,0.40386015,0.39336717,0.3882844,0.38042137,0.3787459,0.37402853,0.36839682,0.3633111,0.35948056,0.35823056,0.35489315,0.34945574,0.3485183,0.34754038,0.34521264,0.34382904,0.34179068,0.33866405,0.33397737,0.3338415,0.33181304,0.32667357,0.3218193,0.31924096,0.31696063,0.3120014,0.30898958,0.3059756,0.30377883,0.29787984,0.29475975,0.29111582,0.28817138,0.2868971,0.2819217,0.28003484,0.2774288,0.26912752,0.26523668,0.26238495,0.2590049,0.25576156,0.2522756,0.25171304,0.2473701,0.24706149,0.24177971,0.23888831,0.2359468,0.23009357,0.22903247,0.22438717,0.22125211,0.21786812,0.21470673,0.21202803,0.21082895,0.20972037,0.20855145,0.2050077,0.2023567,0.19784279,0.19490995,0.19025125,0.18516341,0.18266809,0.18279949,0.1780686,0.17540716,0.16997853
125_real,0.4777004,,,,,,,,,,,,,,,,,,,,,,,,,,,,,,,,,,,,,,,,,,,,,,,,,,,,,,,,,,,,,,0.33562225,,,,,,,
125_gen,0.4777004,0.4749686,0.4742287,0.47037083,0.46825892,0.46876684,0.46811843,0.46333092,0.46246022,0.46057016,0.45728755,0.45342436,0.44816917,0.4452753,0.44574046,0.44451395,0.44283408,0.44072366,0.43868175,0.43789092,0.43376023,0.43086138,0.4274829,0.4261478,0.4200874,0.4148139,0.41485363,0.41206884,0.40938482,0.40659413,0.40862456,0.40648723,0.4042173,0.40725344,0.40552348,0.40403098,0.4032722,0.40434623,0.39967346,0.3984999,0.39835572,0.39428598,0.3909546,0.39102638,0.38997322,0.3881542,0.3868503,0.38139609,0.37964562,0.3777085,0.37666172,0.37547478,0.37567195,0.37090045,0.3680317,0.36511627,0.36168346,0.35974622,0.35995698,0.35813266,0.35644388,0.3584587,0.3564083,0.355619,0.355789,0.35668427,0.3549641,0.35239372,0.3544662,0.35094813
126_real,-1.7437522,,,,,,,,,,,,,,,,,,,,,,,,,,,,,,,,,,,,,,,,,,,,,,,,,,,,,,,,,,,,,,-1.669139,,,,,,,
126_gen,-1.7437522,-1.7501615,-1.751087,-1.7528397,-1.7543762,-1.7544088,-1.7530355,-1.7559954,-1.7561331,-1.755369,-1.7539057,-1.7539475,-1.7548959,-1.7517964,-1.7553203,-1.7550268,-1.7543182,-1.7543617,-1.7555383,-1.7556578,-1.7549788,-1.7578716,-1.759758,-1.760616,-1.761213,-1.762229,-1.7635285,-1.7621453,-1.7632353,-1.7620964,-1.7622607,-1.7640146,-1.7654902,-1.7656763,-1.7670343,-1.7657623,-1.7664324,-1.7665259,-1.7657849,-1.7661202,-1.7673423,-1.7684658,-1.767757,-1.7695436,-1.7702347,-1.7720989,-1.7730649,-1.7728145,-1.7753271,-1.7771082,-1.7756888,-1.7770693,-1.7770722,-1.7758003,-1.7755039,-1.7788706,-1.7784889,-1.7789128,-1.7811544,-1.7799298,-1.7803653,-1.7772877,-1.7749608,-1.7749145,-1.7781321,-1.7823988,-1.7810799,-1.7810396,-1.7821321,-1.7830158
127_real,-0.58255005,,,,,,,,,,,,,,,,,,,,,,,,,,,,,,,,,,,,,,,,,,,,,,,,,,,,,,,,,,,,,,-0.53517574,,,,,,,
127_gen,-0.58255005,-0.5912849,-0.60059327,-0.6041771,-0.60677725,-0.6111082,-0.6161253,-0.62121445,-0.62591755,-0.63165736,-0.6381077,-0.64299715,-0.64691913,-0.6478109,-0.6512158,-0.6540058,-0.65762055,-0.66208375,-0.6650071,-0.66818964,-0.671423,-0.67626137,-0.67964375,-0.6844912,-0.6864265,-0.6885658,-0.69237196,-0.69621336,-0.70371914,-0.7055316,-0.7094003,-0.7114397,-0.7137331,-0.71711457,-0.7206994,-0.7234898,-0.726448,-0.731257,-0.734426,-0.7386688,-0.74246335,-0.74581075,-0.74725115,-0.7522217,-0.7585403,-0.7619144,-0.7651938,-0.7706386,-0.77525544,-0.7786194,-0.7842996,-0.787474,-0.7912341,-0.79550046,-0.79954475,-0.8046009,-0.81045216,-0.81466883,-0.8179692,-0.82223225,-0.82742435,-0.83303356,-0.8358468,-0.8381624,-0.84424275,-0.84872895,-0.85507905,-0.858541,-0.8604535,-0.8651182
128_real,0.13600174,,,,,,,,,,,,,,,,,,,,,,,,,,,,,,,,,,,,,,,,,,,,,,,,,,,,,,,,,,,,,,-0.20484766,,,,,,,
128_gen,0.13600172,0.1300963,0.12529379,0.1198953,0.116918385,0.11343304,0.1125136,0.10794864,0.104497716,0.09999652,0.09615243,0.09419429,0.090721086,0.08518398,0.081696175,0.076423965,0.07243231,0.07029571,0.06740292,0.06460637,0.06322931,0.0600198,0.05642929,0.054175317,0.05165595,0.046313625,0.04162378,0.038689815,0.035226427,0.032530177,0.029175008,0.027282607,0.02526698,0.020878397,0.015755178,0.014810778,0.008732948,0.0034016347,-0.0023827055,-0.006415391,-0.009433976,-0.012221815,-0.015612522,-0.018915033,-0.023008505,-0.026362563,-0.029931352,-0.03190177,-0.033593975,-0.037296034,-0.03914564,-0.04200098,-0.045730766,-0.047194276,-0.05082195,-0.0548999,-0.05955828,-0.06332143,-0.065538794,-0.068344295,-0.07141289,-0.07520469,-0.07844921,-0.08267437,-0.086658135,-0.08640941,-0.08969504,-0.09326123,-0.09838276,-0.10415776
129_real,0.062177196,,,,,,,,,,,,,,,,,,,,,,,,,,,,,,,,,,,,,,,,,,,,,,,,,,,,,,,,,,,,,,-0.36725754,,,,,,,
129_gen,0.06217719,0.05224694,0.046030678,0.040495053,0.0356979,0.03078567,0.02839973,0.024519483,0.02130758,0.016804617,0.012819305,0.0070147244,0.002460172,-0.0030376941,-0.0077438233,-0.012355907,-0.016346011,-0.020903466,-0.023485836,-0.026944304,-0.031059597,-0.037866265,-0.039969973,-0.044331264,-0.0501555,-0.052565377,-0.05596021,-0.0578969,-0.06167251,-0.06650324,-0.068387225,-0.070169404,-0.07515541,-0.07825258,-0.082422405,-0.084794395,-0.0897205,-0.09436002,-0.09670581,-0.10000273,-0.1044029,-0.1086209,-0.11250559,-0.11639444,-0.12068586,-0.123968825,-0.12693465,-0.13270149,-0.13485894,-0.13999686,-0.14392507,-0.14885369,-0.15383331,-0.15732904,-0.1619519,-0.16546175,-0.16804132,-0.17210373,-0.1764899,-0.18049066,-0.185956,-0.19024803,-0.19333169,-0.19783223,-0.2034678,-0.20720029,-0.21052966,-0.2130744,-0.21665654,-0.21870673
130_real,0.3884847,,,,,,,,,,,,,,,,,,,,,,,,,,,,,,,,,,,,,,,,,,,,,,,,,,,,,,,,,,,,,,0.47940215,,,,,,,
130_gen,0.3884847,0.3824215,0.3799285,0.37653613,0.37223285,0.36906183,0.36658114,0.364613,0.36131686,0.35597256,0.3548383,0.35054165,0.34808755,0.34272343,0.33939648,0.33694297,0.33421344,0.3297117,0.32580468,0.32407615,0.31937486,0.31775695,0.3137391,0.3122151,0.31029126,0.3049252,0.3021968,0.29874808,0.2947964,0.29326782,0.28793448,0.28290635,0.28064862,0.2785534,0.2751513,0.27258995,0.26965943,0.2650884,0.25978824,0.25717086,0.25612846,0.25311306,0.2521892,0.25032204,0.24681242,0.24714914,0.24368863,0.23989353,0.2362972,0.23364384,0.22914307,0.22529504,0.22328565,0.21824042,0.21485385,0.21106878,0.20661728,0.20321219,0.1998872,0.19651058,0.19450647,0.190069,0.18655896,0.18401003,0.18085814,0.17643765,0.17099635,0.16561596,0.16227493,0.16060561
131_real,0.54044765,,,,,,,,,,,,,,,,,,,,,,,,,,,,,,,,,,,,,,,,,,,,,,,,,,,,,,,,,,,,,,0.4139335,,,,,,,
131_gen,0.54044765,0.5474867,0.5460727,0.54332453,0.5380041,0.5343664,0.5320284,0.5275687,0.5256143,0.51836103,0.5164994,0.5125439,0.50729805,0.4972806,0.49275842,0.48909402,0.48546338,0.4874174,0.48177996,0.4792695,0.4761498,0.4732724,0.46570206,0.45800275,0.45312086,0.45036212,0.44081783,0.43640813,0.42899427,0.41790637,0.41392145,0.41048026,0.4060854,0.40258163,0.40085095,0.3991323,0.39182538,0.38414818,0.38183165,0.37794024,0.37528473,0.37409708,0.37225366,0.36741483,0.36383,0.36442178,0.35704228,0.35201043,0.3494234,0.3470626,0.34786573,0.34258828,0.3339478,0.33518526,0.33670706,0.3279306,0.32166284,0.3199478,0.31937537,0.31250435,0.30817458,0.30787832,0.30938074,0.30644485,0.29950196,0.2949813,0.2893946,0.28829026,0.2872062,0.279543
132_real,0.9900073,,,,,,,,,,,,,,,,,,,,,,,,,,,,,,,,,,,,,,,,,,,,,,,,,,,,,,,,,,,,,,1.0795674,,,,,,,
132_gen,0.9900073,0.9831667,0.9793407,0.97414005,0.98223114,0.9795396,0.98389375,0.98145235,0.97690785,0.9703504,0.9719308,0.97042495,0.9720789,0.96905565,0.96402633,0.96508837,0.964025,0.9649688,0.96735847,0.9706192,0.9665518,0.9664246,0.9610659,0.9591547,0.9551703,0.95041865,0.95156175,0.947847,0.9471326,0.94524366,0.94415,0.93961954,0.9383194,0.94078064,0.9428746,0.9419613,0.9351904,0.9255992,0.9274276,0.92868155,0.9291433,0.93121785,0.9351904,0.93418133,0.92698574,0.9271099,0.92136747,0.91712344,0.9163701,0.91293395,0.9049574,0.898761,0.89703673,0.8931699,0.88835394,0.8854693,0.88283557,0.87858737,0.87583876,0.88080215,0.88058245,0.8750718,0.8707627,0.8695906,0.86154175,0.85717046,0.8572525,0.85555047,0.8431481,0.8411473
133_real,0.6646335,,,,,,,,,,,,,,,,,,,,,,,,,,,,,,,,,,,,,,,,,,,,,,,,,,,,,,,,,,,,,,0.6671348,,,,,,,
133_gen,0.6646336,0.66289955,0.6579241,0.6568685,0.65312666,0.6511868,0.6490364,0.6441036,0.6403934,0.63480324,0.631885,0.62788475,0.6255921,0.6185681,0.6153768,0.61237836,0.60826623,0.60481757,0.6009759,0.59444654,0.59163225,0.58781797,0.5828269,0.58120364,0.57684183,0.57259005,0.5684008,0.5642201,0.56258994,0.55937904,0.5577524,0.5536224,0.5482216,0.5447035,0.54055536,0.5379932,0.53336954,0.5318867,0.5306798,0.52682084,0.5242726,0.5198956,0.5166381,0.51244223,0.510251,0.50814813,0.50528944,0.50120825,0.49780267,0.4920066,0.48873073,0.48615402,0.48092145,0.47553068,0.4725028,0.47200394,0.4682436,0.46755418,0.4638339,0.46155587,0.45779458,0.45489448,0.4532763,0.44956088,0.44855762,0.44234934,0.43885675,0.43297538,0.4299987,0.42409176
134_real,0.4153707,,,,,,,,,,,,,,,,,,,,,,,,,,,,,,,,,,,,,,,,,,,,,,,,,,,,,,,,,,,,,,0.551205,,,,,,,
134_gen,0.4153707,0.41104907,0.40873203,0.40539104,0.39928398,0.39562804,0.39364016,0.3917608,0.38782147,0.38532788,0.38157877,0.37861243,0.37552607,0.3728013,0.36965486,0.36663473,0.36312082,0.35928968,0.3554419,0.35273612,0.3503075,0.3484156,0.34466186,0.34131917,0.33638856,0.3330829,0.3289209,0.32655302,0.32325417,0.31883198,0.3167977,0.311887,0.30848023,0.30562273,0.30402,0.30319375,0.29829526,0.29569712,0.2926311,0.28814736,0.28566632,0.28240746,0.2779047,0.27540094,0.27318802,0.27184895,0.27088457,0.27022496,0.26825872,0.26394534,0.2615574,0.25964624,0.25728315,0.25583807,0.2534308,0.25103346,0.24517724,0.24375756,0.23933458,0.23518248,0.23402032,0.22932382,0.22721274,0.22429052,0.22206561,0.21904078,0.21586609,0.21608846,0.21414563,0.21140233
135_real,0.8599167,,,,,,,,,,,,,,,,,,,,,,,,,,,,,,,,,,,,,,,,,,,,,,,,,,,,,,,,,,,,,,0.66062325,,,,,,,
135_gen,0.8599167,0.864442,0.8621607,0.86031735,0.85917795,0.86068106,0.8575071,0.85163134,0.8506385,0.850002,0.8472988,0.841272,0.8382494,0.8338796,0.82876605,0.8269108,0.82326937,0.8231276,0.81776726,0.8180908,0.81553125,0.81214046,0.8085176,0.81012994,0.81146365,0.80786526,0.80456126,0.8001711,0.79665315,0.79224515,0.7885546,0.7824618,0.7822161,0.7849245,0.78322464,0.7825102,0.77793396,0.77447116,0.7718431,0.767965,0.76915836,0.7681724,0.76694643,0.7625773,0.75780886,0.75600445,0.7519139,0.752927,0.74966925,0.7457162,0.7427876,0.74493295,0.74401236,0.7437813,0.7421272,0.73475546,0.73416406,0.7323848,0.72874486,0.7247678,0.72045386,0.72069955,0.7190422,0.7170462,0.7107438,0.70680714,0.70460707,0.70415497,0.70366603,0.697577
136_real,0.3646866,,,,,,,,,,,,,,,,,,,,,,,,,,,,,,,,,,,,,,,,,,,,,,,,,,,,,,,,,,,,,,0.48035267,,,,,,,
136_gen,0.36468658,0.3579145,0.3530223,0.3521409,0.34838983,0.34909973,0.3504348,0.34942946,0.34673896,0.34751487,0.34708613,0.34594464,0.34044972,0.33536273,0.33489504,0.33029896,0.3275089,0.32191038,0.3183517,0.31883574,0.31611317,0.3139928,0.31068304,0.30847675,0.30850866,0.30568096,0.30487317,0.30528146,0.3028712,0.30017325,0.30118608,0.29782313,0.2959625,0.29259136,0.29337806,0.2909005,0.29024047,0.28755194,0.28723192,0.28236157,0.28023356,0.279608,0.27653044,0.272335,0.27146676,0.26799497,0.26275522,0.26269594,0.25914118,0.2555436,0.25275886,0.2459594,0.23944548,0.23897341,0.23594823,0.23065421,0.23202297,0.22695574,0.22307083,0.22018604,0.21567006,0.21471985,0.21209197,0.20613661,0.20292456,0.20073876,0.19889666,0.19419527,0.19324358,0.18887354
137_real,-0.019721724,,,,,,,,,,,,,,,,,,,,,,,,,,,,,,,,,,,,,,,,,,,,,,,,,,,,,,,,,,,,,,-0.24222408,,,,,,,
137_gen,-0.019721722,-0.024250582,-0.02709505,-0.029638808,-0.03923024,-0.041301496,-0.044747278,-0.04606258,-0.04816353,-0.050901152,-0.057378896,-0.05671032,-0.05772385,-0.058923393,-0.06267836,-0.06633153,-0.06821896,-0.07364999,-0.077583455,-0.08591012,-0.087224975,-0.092150286,-0.09413402,-0.09635357,-0.10040952,-0.10368754,-0.107937135,-0.11144577,-0.116481565,-0.1186914,-0.12090699,-0.12553823,-0.1260859,-0.13084427,-0.13342416,-0.13571823,-0.13745542,-0.14005247,-0.14358747,-0.14543454,-0.14931698,-0.15546608,-0.15573794,-0.16173413,-0.16565004,-0.16818312,-0.17240624,-0.1770047,-0.18136184,-0.181649,-0.18408802,-0.18681824,-0.1901818,-0.19489692,-0.19763625,-0.20126112,-0.20042297,-0.20238939,-0.20483339,-0.21031308,-0.21535929,-0.21475153,-0.21452609,-0.21740583,-0.22102638,-0.22513399,-0.2286504,-0.23085669,-0.23520663,-0.2403219
138_real,0.57466733,,,,,,,,,,,,,,,,,,,,,,,,,,,,,,,,,,,,,,,,,,,,,,,,,,,,,,,,,,,,,,0.78348154,,,,,,,
138_gen,0.5746674,0.5706413,0.56532633,0.5627868,0.55797595,0.555512,0.55607635,0.5518301,0.54561484,0.5413557,0.53434956,0.5303893,0.525535,0.5199055,0.512572,0.5080658,0.5070523,0.5026258,0.50447345,0.5005509,0.49561056,0.48980355,0.48469853,0.4806858,0.4758711,0.47151548,0.4659086,0.46503,0.45774287,0.45465857,0.45283443,0.45047393,0.44895393,0.44519576,0.43888015,0.43178806,0.42439705,0.42036524,0.4168718,0.4128974,0.41179973,0.407097,0.40072292,0.40067428,0.39435863,0.38680986,0.37946486,0.37401226,0.36828774,0.36420745,0.35678336,0.35544285,0.35022932,0.3462761,0.34320843,0.3379972,0.33606437,0.3347407,0.32957003,0.32634607,0.32350487,0.31922653,0.3150876,0.31023294,0.30587807,0.30283827,0.2970269,0.2923291,0.2864061,0.2837337
139_real,1.8301339,,,,,,,,,,,,,,,,,,,,,,,,,,,,,,,,,,,,,,,,,,,,,,,,,,,,,,,,,,,,,,1.8857443,,,,,,,
139_gen,1.8301337,1.8189478,1.8132687,1.8052498,1.8046904,1.8000495,1.7927914,1.7896731,1.7827307,1.7795738,1.7746551,1.7720363,1.7653673,1.7602657,1.7541971,1.7485073,1.7398405,1.733222,1.7308344,1.7278637,1.7181222,1.7151425,1.7086474,1.7050745,1.7004097,1.6944838,1.6911169,1.6871582,1.6807534,1.6747932,1.6736997,1.6657755,1.6585629,1.6511303,1.6470964,1.6423956,1.6373055,1.6364317,1.6348121,1.6294372,1.6254755,1.6197422,1.6139069,1.6067002,1.5998594,1.5946974,1.5896403,1.5797387,1.5729635,1.569821,1.5665739,1.558185,1.5514189,1.548076,1.5418212,1.5379955,1.5328282,1.5279596,1.5221869,1.5180185,1.510659,1.5035614,1.4983337,1.4929689,1.4831953,1.4800522,1.4744802,1.4667046,1.4597434,1.4487587
140_real,1.2187511,,,,,,,,,,,,,,,,,,,,,,,,,,,,,,,,,,,,,,,,,,,,,,,,,,,,,,,,,,,,,,0.9460511,,,,,,,
140_gen,1.2187511,1.2081299,1.1993177,1.1919041,1.185065,1.1815183,1.1784248,1.1724505,1.1668924,1.160354,1.1588652,1.1564211,1.1485391,1.1435719,1.1390625,1.1326199,1.1269877,1.1239986,1.1193894,1.1148444,1.114445,1.1106725,1.1067727,1.1078742,1.1032404,1.1027285,1.099731,1.0966014,1.0925643,1.0870445,1.0819541,1.0783784,1.0722826,1.065305,1.0614812,1.0542418,1.0510732,1.042753,1.0373199,1.028479,1.0255079,1.0213144,1.0169154,1.0124266,1.0047185,1.0005536,0.99529904,0.9941808,0.98696434,0.9840778,0.97644347,0.9694737,0.9658511,0.96028185,0.9541315,0.95342505,0.94984657,0.94554263,0.9423003,0.93773776,0.9314054,0.92491007,0.9209318,0.9137063,0.90605766,0.9043598,0.8985093,0.8925724,0.88977414,0.8821476
141_real,1.0170238,,,,,,,,,,,,,,,,,,,,,,,,,,,,,,,,,,,,,,,,,,,,,,,,,,,,,,,,,,,,,,0.9656379,,,,,,,
141_gen,1.0170239,1.009796,1.0035595,0.9997773,0.995313,0.9922436,0.9900898,0.98791915,0.98339367,0.97899216,0.9737097,0.9713872,0.96800435,0.9638049,0.9604763,0.9538541,0.9500612,0.9430537,0.9380783,0.93225706,0.9288722,0.9251946,0.9198383,0.91449565,0.91166687,0.90635455,0.90281314,0.89877796,0.8929574,0.8899153,0.8867553,0.88352364,0.882816,0.87689793,0.87323844,0.8691031,0.8650651,0.8613763,0.8584994,0.85487473,0.8516531,0.8485364,0.84339505,0.8404522,0.8367422,0.8345046,0.83016557,0.82661307,0.8221008,0.8218541,0.8191465,0.8180497,0.8151553,0.81073177,0.80931014,0.80490655,0.8021987,0.7978486,0.79579324,0.7935665,0.7908592,0.7874917,0.78419447,0.78004074,0.7779584,0.77552235,0.772049,0.7692951,0.766724,0.76371557
142_real,1.3159236,,,,,,,,,,,,,,,,,,,,,,,,,,,,,,,,,,,,,,,,,,,,,,,,,,,,,,,,,,,,,,1.3388382,,,,,,,
142_gen,1.3159236,1.3081276,1.3016361,1.2994058,1.2944429,1.2923032,1.2870966,1.2838191,1.2821748,1.280525,1.2732437,1.2712178,1.2667449,1.2626121,1.2574011,1.251087,1.2451456,1.2394984,1.2338675,1.2313851,1.2276025,1.224267,1.219795,1.2182361,1.2134378,1.2072637,1.2007896,1.1970077,1.1966035,1.1907787,1.1878173,1.1851461,1.1815455,1.1774887,1.1738865,1.1685297,1.1640823,1.1599563,1.1558338,1.1526685,1.1483022,1.143957,1.139667,1.1341727,1.1292048,1.1250788,1.1202128,1.116663,1.1111042,1.1058351,1.1020193,1.0964134,1.090492,1.0845591,1.084626,1.0829127,1.0793053,1.0769199,1.0741394,1.0708863,1.06904,1.0647479,1.0576527,1.0530056,1.0476075,1.0425668,1.036689,1.0317318,1.0266004,1.0217876
143_real,0.97231233,,,,,,,,,,,,,,,,,,,,,,,,,,,,,,,,,,,,,,,,,,,,,,,,,,,,,,,,,,,,,,0.9175508,,,,,,,
143_gen,0.97231233,0.9697708,0.96755946,0.964358,0.962396,0.9599123,0.9563157,0.9504431,0.9458682,0.94233674,0.93821204,0.9354906,0.9315189,0.9265003,0.92148465,0.9159109,0.9107882,0.9052755,0.90181714,0.89974546,0.89470327,0.8912786,0.8889328,0.88557404,0.88178205,0.8803973,0.87702113,0.8721342,0.86863077,0.8629255,0.85786927,0.8558254,0.8509364,0.84646654,0.84112567,0.83606136,0.8340637,0.8297349,0.82648516,0.82343054,0.8197786,0.8149562,0.8109996,0.8079116,0.80377877,0.7987696,0.79262125,0.7879573,0.78387195,0.7823329,0.7779109,0.7758044,0.7739871,0.77210927,0.7683762,0.7656989,0.76410437,0.76009923,0.7552803,0.75161016,0.7445279,0.73989296,0.7349879,0.7304966,0.72696364,0.72332615,0.7195138,0.7160494,0.711546,0.7080867
144_real,0.44186822,,,,,,,,,,,,,,,,,,,,,,,,,,,,,,,,,,,,,,,,,,,,,,,,,,,,,,,,,,,,,,0.43050656,,,,,,,
144_gen,0.44186825,0.4357647,0.43108067,0.4260284,0.42231804,0.4167563,0.41256505,0.40877762,0.40575927,0.40519625,0.40247717,0.39944717,0.39514443,0.3908109,0.38710994,0.38264376,0.37952536,0.37496123,0.37109432,0.36636838,0.36413106,0.36051032,0.35754007,0.35382742,0.35016567,0.34717634,0.34400135,0.34062043,0.33691806,0.3328459,0.3291424,0.32464153,0.32253605,0.3192967,0.3160856,0.31185552,0.3082332,0.30504996,0.30223548,0.30028823,0.29618275,0.2907006,0.29016104,0.28491572,0.28052485,0.27811795,0.27560097,0.27260816,0.26736248,0.26148728,0.25748724,0.2534666,0.24937716,0.24369021,0.23844595,0.23392096,0.23046906,0.22590604,0.22064254,0.21837159,0.21362528,0.20714645,0.20339975,0.1978509,0.19395976,0.19008048,0.18607177,0.18381149,0.17937747,0.17654668
