ROI,Month_0,Month_1,Month_2,Month_3,Month_4,Month_5,Month_6,Month_7,Month_8,Month_9,Month_10,Month_11,Month_12,Month_13,Month_14,Month_15,Month_16,Month_17,Month_18,Month_19,Month_20,Month_21,Month_22,Month_23,Month_24,Month_25,Month_26,Month_27,Month_28,Month_29,Month_30,Month_31,Month_32,Month_33,Month_34,Month_35,Month_36,Month_37,Month_38,Month_39,Month_40,Month_41,Month_42,Month_43,Month_44,Month_45,Month_46,Month_47,Month_48,Month_49,Month_50,Month_51,Month_52,Month_53,Month_54,Month_55,Month_56,Month_57,Month_58,Month_59,Month_60,Month_61,Month_62,Month_63,Month_64,Month_65,Month_66,Month_67,Month_68,Month_69
0_real,1.6814927,,,,,,,,,,,,,,,,,,,,,,,,,,,,,,,,,,,,,,,,,,,,,,,,,,1.3301802,,,,,,,,,,,,,,,,,,,
0_gen,1.6814926,1.6843036,1.6867027,1.691508,1.6958002,1.7012237,1.7072443,1.7120221,1.7166303,1.7210544,1.7260166,1.7320884,1.7377107,1.7439015,1.7494669,1.7532173,1.7585748,1.7653223,1.770386,1.7743632,1.7799982,1.7838094,1.7884327,1.7951021,1.8011051,1.8065729,1.8121885,1.8182833,1.8192676,1.8243401,1.8292679,1.835166,1.8406204,1.8449106,1.8508656,1.8561218,1.8600552,1.8629291,1.8651326,1.8697952,1.8751748,1.879406,1.8840847,1.8883917,1.8912976,1.8962072,1.8982712,1.903985,1.9070002,1.9118481,1.9161844,1.9196537,1.9234142,1.9278816,1.9315212,1.9348625,1.9397519,1.9430006,1.9480419,1.9553897,1.959842,1.9623703,1.9660234,1.969903,1.9777615,1.9834296,1.9864479,1.9909452,1.9947231,2.0004818
1_real,2.0697823,,,,,,,,,,,,,,,,,,,,,,,,,,,,,,,,,,,,,,,,,,,,,,,,,,1.557655,,,,,,,,,,,,,,,,,,,
1_gen,2.0697823,2.073829,2.0779402,2.0829635,2.0874197,2.0896134,2.094678,2.0988624,2.1002355,2.1032138,2.1061456,2.1111197,2.1143987,2.117155,2.1204026,2.1234715,2.1254418,2.1290379,2.1316657,2.132173,2.1350768,2.135002,2.136228,2.1379719,2.141224,2.1417196,2.1448295,2.1458757,2.14854,2.1503398,2.1524677,2.1545706,2.1584659,2.158837,2.1610856,2.1655338,2.1670175,2.1693604,2.1700435,2.171779,2.172163,2.1745255,2.1737905,2.1739993,2.1758761,2.1768348,2.1775002,2.178328,2.179809,2.1809773,2.1832366,2.1856978,2.1884239,2.189321,2.1911044,2.1915872,2.1944416,2.195725,2.1971798,2.1990764,2.1989026,2.201325,2.2027307,2.204507,2.2064047,2.2077093,2.2088237,2.2113848,2.2125723,2.2139945
2_real,0.09507161,,,,,,,,,,,,,,,,,,,,,,,,,,,,,,,,,,,,,,,,,,,,,,,,,,-0.14930327,,,,,,,,,,,,,,,,,,,
2_gen,0.09507161,0.085583255,0.08022387,0.07288656,0.06554715,0.05790201,0.048341937,0.043085907,0.03616315,0.027343955,0.022183653,0.01707931,0.008656574,0.0025423307,-0.006189972,-0.01143045,-0.018323336,-0.027468288,-0.031090256,-0.0378162,-0.042932168,-0.048450377,-0.052310072,-0.055052925,-0.060624193,-0.06817918,-0.073454276,-0.081210926,-0.08341905,-0.0906692,-0.09807198,-0.10826232,-0.1146393,-0.12202157,-0.13211328,-0.13671806,-0.14364904,-0.15110484,-0.15557113,-0.15988038,-0.16384508,-0.16905454,-0.17543536,-0.17819199,-0.18493418,-0.18745105,-0.19218276,-0.19612262,-0.19985764,-0.20327024,-0.20679812,-0.21283436,-0.21669039,-0.22148868,-0.22677355,-0.23317297,-0.23948202,-0.2445813,-0.24926805,-0.2514658,-0.25458553,-0.25804207,-0.26596037,-0.27290806,-0.27549386,-0.27868694,-0.28503597,-0.2906068,-0.2937348,-0.29912198
3_real,-0.61004186,,,,,,,,,,,,,,,,,,,,,,,,,,,,,,,,,,,,,,,,,,,,,,,,,,-0.75910985,,,,,,,,,,,,,,,,,,,
3_gen,-0.6100418,-0.61791694,-0.62371147,-0.630032,-0.6351445,-0.6412874,-0.64492184,-0.6530875,-0.6572208,-0.66206187,-0.66688895,-0.670063,-0.67087954,-0.6751331,-0.6772479,-0.68134236,-0.6844767,-0.68739283,-0.69152606,-0.69458205,-0.69865847,-0.70304924,-0.70691127,-0.71015483,-0.7145626,-0.7181922,-0.72195685,-0.7274807,-0.73113614,-0.7369,-0.74072945,-0.7452317,-0.7479508,-0.7499981,-0.7544761,-0.7595078,-0.7628657,-0.77031016,-0.7755473,-0.7787855,-0.7832443,-0.78133273,-0.7882144,-0.79350054,-0.79748195,-0.80224717,-0.8071685,-0.8133747,-0.8175572,-0.8235127,-0.82939947,-0.8308846,-0.83705646,-0.84027207,-0.84425783,-0.85248977,-0.8571742,-0.86345416,-0.8691109,-0.87432194,-0.8770834,-0.8802015,-0.8857719,-0.8908037,-0.8936304,-0.8966012,-0.89810926,-0.9035379,-0.9080142,-0.91278136
4_real,-0.1385798,,,,,,,,,,,,,,,,,,,,,,,,,,,,,,,,,,,,,,,,,,,,,,,,,,-0.5878193,,,,,,,,,,,,,,,,,,,
4_gen,-0.13857982,-0.13798095,-0.1398068,-0.1458989,-0.15205602,-0.15361103,-0.15988654,-0.16149166,-0.16808261,-0.17203948,-0.17841332,-0.183003,-0.18338159,-0.18591204,-0.18948308,-0.19348215,-0.19813412,-0.20044836,-0.1995003,-0.20186102,-0.2050933,-0.20569451,-0.20206365,-0.21056561,-0.21505661,-0.21613996,-0.22034971,-0.21668215,-0.22024111,-0.22673209,-0.23044737,-0.23832862,-0.24236088,-0.24483296,-0.24662335,-0.24807353,-0.24825494,-0.25077465,-0.25085142,-0.25518432,-0.25829837,-0.25754803,-0.26041216,-0.26469806,-0.26833683,-0.27228135,-0.27105176,-0.27375072,-0.27473688,-0.2771885,-0.28504115,-0.28475982,-0.2868379,-0.29016238,-0.2890715,-0.2921269,-0.2931462,-0.29745913,-0.30172938,-0.29834196,-0.30227092,-0.30306846,-0.3041468,-0.30250484,-0.30463418,-0.30953687,-0.3145001,-0.32037425,-0.3255278,-0.32992536
5_real,0.45409554,,,,,,,,,,,,,,,,,,,,,,,,,,,,,,,,,,,,,,,,,,,,,,,,,,-0.0035969648,,,,,,,,,,,,,,,,,,,
5_gen,0.45409554,0.45389295,0.45018458,0.44716802,0.4434951,0.4416346,0.4401733,0.43574286,0.4354549,0.43235165,0.4259712,0.4250506,0.42321157,0.4187646,0.415591,0.41148615,0.405955,0.4039971,0.3982811,0.3937513,0.39095148,0.38916963,0.3898863,0.38881645,0.38857004,0.38433394,0.37810534,0.3716709,0.36969548,0.36410815,0.36504844,0.36513907,0.3619584,0.36146197,0.36196327,0.3567428,0.35638532,0.35128126,0.35485193,0.35215157,0.34696648,0.33934957,0.3383777,0.33283496,0.33097607,0.33040133,0.32848898,0.32570353,0.32389748,0.32071075,0.3209564,0.32183686,0.32176363,0.3190909,0.3148294,0.31132334,0.31199148,0.30970186,0.3081151,0.30814344,0.30691004,0.30387512,0.3010139,0.2970976,0.29406103,0.29219994,0.28991997,0.29016396,0.2881723,0.28199786
6_real,0.8007592,,,,,,,,,,,,,,,,,,,,,,,,,,,,,,,,,,,,,,,,,,,,,,,,,,0.53377813,,,,,,,,,,,,,,,,,,,
6_gen,0.8007592,0.7986009,0.795267,0.7922204,0.7877284,0.7848042,0.78367627,0.78099686,0.7775394,0.7742964,0.77249444,0.7702292,0.76833236,0.76559436,0.7641367,0.7616219,0.75857145,0.75577277,0.7534772,0.7501756,0.7486742,0.7469285,0.7454276,0.74559784,0.74340284,0.7407768,0.7387486,0.7360664,0.7328472,0.73088205,0.7293118,0.72817844,0.72629875,0.7247437,0.72290415,0.7215687,0.7215452,0.7196314,0.7174494,0.71474093,0.713699,0.7114046,0.70965946,0.7082816,0.70644265,0.7035129,0.70193213,0.7009721,0.69956416,0.6984501,0.69577897,0.6939219,0.69234717,0.69239676,0.6912526,0.691348,0.6904155,0.6891974,0.6884317,0.6862607,0.68434817,0.6829015,0.68243754,0.68130255,0.6793927,0.67748654,0.67613304,0.67489636,0.6722139,0.6702175
7_real,0.52825063,,,,,,,,,,,,,,,,,,,,,,,,,,,,,,,,,,,,,,,,,,,,,,,,,,0.042306866,,,,,,,,,,,,,,,,,,,
7_gen,0.52825063,0.5248381,0.52278274,0.51964307,0.51578665,0.51336706,0.51148665,0.5101112,0.5101711,0.50955594,0.50678796,0.5050757,0.5007188,0.4973274,0.4952682,0.4913322,0.48964897,0.48686495,0.48314142,0.48303467,0.4795422,0.47681475,0.47642264,0.4745349,0.47515124,0.4724702,0.46912622,0.46945518,0.46721584,0.46763015,0.46523294,0.46208376,0.45996952,0.45910263,0.4588395,0.4589297,0.45712557,0.45637256,0.4566068,0.45542583,0.45222133,0.45258206,0.45167392,0.45104513,0.44868976,0.44923878,0.45326704,0.45372286,0.45364475,0.45384508,0.45493755,0.4561395,0.45547184,0.4555223,0.45480227,0.45496878,0.4536375,0.45225573,0.45426932,0.45473403,0.45431876,0.45657045,0.4559597,0.45567662,0.457415,0.45652905,0.45651397,0.45670113,0.4579342,0.4561805
8_real,0.88558674,,,,,,,,,,,,,,,,,,,,,,,,,,,,,,,,,,,,,,,,,,,,,,,,,,0.69372255,,,,,,,,,,,,,,,,,,,
8_gen,0.88558674,0.88503426,0.88381064,0.88436157,0.88251895,0.8839738,0.8817024,0.88316333,0.8816811,0.88026047,0.8795179,0.87852156,0.87930334,0.879741,0.8766815,0.87574804,0.8781932,0.87928724,0.87968504,0.88096666,0.88145715,0.88236886,0.8838707,0.8861572,0.885279,0.88678944,0.88576525,0.8855895,0.886428,0.8873081,0.8889934,0.8914167,0.8920454,0.8923546,0.8938505,0.8952281,0.8961628,0.896448,0.8985487,0.8994231,0.89748526,0.8972958,0.8993441,0.9000823,0.8991622,0.89986867,0.898887,0.8998834,0.9011792,0.90230453,0.90292966,0.9037593,0.9040257,0.9062659,0.9063965,0.9071538,0.906738,0.9077562,0.9073346,0.90885144,0.90851843,0.90764505,0.90731907,0.90823114,0.90872204,0.91087866,0.91254884,0.91000015,0.9090867,0.9092089
9_real,0.5266334,,,,,,,,,,,,,,,,,,,,,,,,,,,,,,,,,,,,,,,,,,,,,,,,,,0.22722214,,,,,,,,,,,,,,,,,,,
9_gen,0.5266333,0.52715623,0.52423704,0.5236698,0.5198531,0.51791936,0.5169935,0.5129872,0.5096107,0.5112404,0.50706255,0.5047039,0.5048137,0.49912944,0.4990379,0.49773264,0.49477243,0.49314862,0.48939624,0.48567313,0.48396143,0.4800867,0.4792586,0.47714895,0.47558895,0.47427416,0.4697648,0.46761528,0.46522504,0.46401557,0.4606324,0.45768872,0.4578135,0.45399842,0.45254582,0.44788212,0.44662946,0.44289836,0.44203892,0.4407847,0.43715844,0.4341498,0.43296957,0.43590003,0.4308907,0.4320519,0.4353262,0.4327703,0.42802778,0.4228909,0.42135167,0.42050585,0.42109317,0.41815177,0.41827792,0.41726318,0.41700307,0.41237274,0.41064328,0.4080674,0.40861997,0.40898624,0.4054502,0.4033319,0.40261602,0.39899984,0.39896232,0.39855,0.39808634,0.39797294
10_real,0.8441876,,,,,,,,,,,,,,,,,,,,,,,,,,,,,,,,,,,,,,,,,,,,,,,,,,1.2965102,,,,,,,,,,,,,,,,,,,
10_gen,0.8441876,0.839811,0.8375282,0.83357507,0.8324498,0.82823026,0.82644,0.82318145,0.8182799,0.8135168,0.80909795,0.80697745,0.8033428,0.7979461,0.79510087,0.7933389,0.7899867,0.78757274,0.7841568,0.7805928,0.7782871,0.775101,0.77512556,0.77231306,0.77018315,0.7692112,0.7674802,0.7637627,0.758952,0.7551857,0.7548011,0.7505949,0.7485124,0.74560577,0.7406864,0.737949,0.7339948,0.7315452,0.7287924,0.72535866,0.72307336,0.71958256,0.7140733,0.7118546,0.70787466,0.70352185,0.7001796,0.69636935,0.6958066,0.6917315,0.68896115,0.68684304,0.6856872,0.6812538,0.677884,0.6769678,0.6731065,0.670418,0.6689235,0.66685545,0.66706276,0.66474956,0.6634597,0.66086835,0.6568905,0.6546637,0.65250444,0.6495725,0.64867055,0.64575505
11_real,0.1776754,,,,,,,,,,,,,,,,,,,,,,,,,,,,,,,,,,,,,,,,,,,,,,,,,,-0.32892236,,,,,,,,,,,,,,,,,,,
11_gen,0.17767538,0.17719933,0.180033,0.17842647,0.18151116,0.18239215,0.18237568,0.18433829,0.18353984,0.18459852,0.18691303,0.18679497,0.1859462,0.18244728,0.18468072,0.18352693,0.18689314,0.18396857,0.18103945,0.17824136,0.17449123,0.17157118,0.17093122,0.16981103,0.17346752,0.17195228,0.16704942,0.16400352,0.16430584,0.16115257,0.16295299,0.16181186,0.16362806,0.16074958,0.16129106,0.16024752,0.15862639,0.15597615,0.15543742,0.15261993,0.15332887,0.15394211,0.14915524,0.14781849,0.14806941,0.15145928,0.14989245,0.14585845,0.14323886,0.13993944,0.13604347,0.13365348,0.1293852,0.12312473,0.12276778,0.12141323,0.118811466,0.11829461,0.11674565,0.11500372,0.11209007,0.11270617,0.1069545,0.10460389,0.10364509,0.102302454,0.099514484,0.09793736,0.095926106,0.09139909
12_real,0.43578053,,,,,,,,,,,,,,,,,,,,,,,,,,,,,,,,,,,,,,,,,,,,,,,,,,0.13455933,,,,,,,,,,,,,,,,,,,
12_gen,0.43578053,0.43241143,0.43001777,0.427072,0.43089342,0.42681074,0.42596593,0.4223756,0.42262626,0.42294174,0.4197471,0.42245102,0.42116395,0.42054862,0.41777867,0.41515344,0.41430593,0.41336995,0.41095766,0.40990573,0.41203958,0.41265932,0.41130716,0.4080575,0.40557352,0.40458196,0.4045847,0.40728822,0.4093244,0.4116199,0.4112969,0.4143289,0.4166234,0.41343403,0.4089467,0.4092884,0.40770793,0.40681386,0.4016574,0.39749366,0.3957629,0.39723676,0.40020546,0.39742693,0.3942977,0.3950135,0.39656547,0.39704102,0.40031257,0.39979148,0.40080857,0.40184933,0.3995059,0.39672375,0.39809975,0.394576,0.39179716,0.39296362,0.3903039,0.38671964,0.38524717,0.3828835,0.38405436,0.3825035,0.38157308,0.38039017,0.3818732,0.3830231,0.37938982,0.379382
13_real,1.5047352,,,,,,,,,,,,,,,,,,,,,,,,,,,,,,,,,,,,,,,,,,,,,,,,,,1.87065,,,,,,,,,,,,,,,,,,,
13_gen,1.5047351,1.5005963,1.4949101,1.4916841,1.4886107,1.4832824,1.4786682,1.4735839,1.4662035,1.4641197,1.460196,1.4562905,1.449636,1.4477141,1.4434539,1.439715,1.4348958,1.4285464,1.4235626,1.4209926,1.41277,1.4084971,1.405636,1.402919,1.3974874,1.3924092,1.3874452,1.3869153,1.381848,1.3795896,1.3775567,1.3760593,1.3698528,1.3655963,1.3607756,1.3536754,1.3489125,1.3402284,1.336148,1.332347,1.3269428,1.3236773,1.3192693,1.316457,1.3119285,1.3068578,1.3029797,1.2966111,1.292215,1.288092,1.2858955,1.2789497,1.2746124,1.268748,1.2614464,1.2564412,1.2524723,1.2452285,1.2366785,1.2304821,1.2262876,1.2220396,1.2170302,1.2131037,1.2053108,1.2005613,1.1940005,1.1887798,1.1822233,1.1753578
14_real,0.7347453,,,,,,,,,,,,,,,,,,,,,,,,,,,,,,,,,,,,,,,,,,,,,,,,,,0.90287673,,,,,,,,,,,,,,,,,,,
14_gen,0.7347454,0.72587925,0.721232,0.7181841,0.71173984,0.70664394,0.69865924,0.6910827,0.6866715,0.6804813,0.6755128,0.6729909,0.6662668,0.6609051,0.65600085,0.6515605,0.64544547,0.6415268,0.6347758,0.63205147,0.63063216,0.62725365,0.62041104,0.61399114,0.6054739,0.60116327,0.5986296,0.5925594,0.5879612,0.5833584,0.58013713,0.5735209,0.57031333,0.56761146,0.56491613,0.55976796,0.556986,0.5568211,0.5524112,0.5497857,0.5476719,0.54566866,0.53896594,0.530945,0.52714217,0.5215955,0.51527333,0.5094788,0.5074974,0.5039883,0.49659634,0.49328297,0.4879288,0.47822276,0.4752767,0.470154,0.46786785,0.46464038,0.46005186,0.4564766,0.4450912,0.43926477,0.43589163,0.427845,0.42442602,0.4207038,0.41321668,0.40939695,0.40479523,0.4002804
15_real,1.501178,,,,,,,,,,,,,,,,,,,,,,,,,,,,,,,,,,,,,,,,,,,,,,,,,,1.5872872,,,,,,,,,,,,,,,,,,,
15_gen,1.5011779,1.5085766,1.510635,1.5194676,1.5272378,1.532504,1.5426949,1.5445535,1.5544733,1.5625409,1.5678372,1.5768253,1.5798001,1.5857859,1.5932786,1.5955275,1.6035341,1.6085119,1.6186717,1.6208652,1.6304476,1.6420345,1.6463594,1.648235,1.654918,1.6596655,1.6657327,1.6666092,1.6685215,1.6750453,1.6742706,1.6781845,1.6800594,1.6848757,1.6946481,1.698438,1.7012227,1.7010972,1.706007,1.7123511,1.7188343,1.7243059,1.7334595,1.7397158,1.7460865,1.7521368,1.7603939,1.7657179,1.7706972,1.7803484,1.78344,1.7870634,1.7937828,1.8000519,1.8057617,1.8120916,1.8163416,1.8181874,1.8222282,1.8278525,1.8312657,1.8392912,1.8475704,1.8557707,1.8630402,1.8744509,1.882217,1.8907734,1.8984902,1.9057233
16_real,0.53103924,,,,,,,,,,,,,,,,,,,,,,,,,,,,,,,,,,,,,,,,,,,,,,,,,,0.14284861,,,,,,,,,,,,,,,,,,,
16_gen,0.53103924,0.5348656,0.53926885,0.53934735,0.5385761,0.5433732,0.54349726,0.5399665,0.54369926,0.54095584,0.5441023,0.5433861,0.54346395,0.54448545,0.54353446,0.5479243,0.55081415,0.5557023,0.5607816,0.56359446,0.5609248,0.5633694,0.56980485,0.5725183,0.5788765,0.5819265,0.5868653,0.5906919,0.59626347,0.6001688,0.6011206,0.601858,0.6070469,0.6167141,0.6221215,0.6271168,0.6354882,0.64299476,0.6480829,0.6564095,0.6604936,0.6645158,0.6703987,0.6761753,0.68146867,0.6908356,0.6996628,0.70467407,0.7102331,0.7175656,0.7210307,0.72400916,0.73414606,0.74252987,0.7464511,0.7518901,0.7603196,0.76346314,0.77226144,0.77735907,0.77832824,0.7845573,0.792218,0.7958081,0.79369205,0.7928812,0.79541135,0.7998621,0.8045923,0.80787134
17_real,0.961567,,,,,,,,,,,,,,,,,,,,,,,,,,,,,,,,,,,,,,,,,,,,,,,,,,0.629077,,,,,,,,,,,,,,,,,,,
17_gen,0.96156704,0.9656935,0.9721941,0.97974396,0.9861536,0.99046695,0.9987782,1.006823,1.013299,1.0193949,1.0236003,1.0300705,1.0370903,1.0456113,1.0511334,1.0564754,1.0614599,1.0700552,1.0756147,1.0817649,1.0889667,1.095092,1.1010731,1.1109713,1.118354,1.1255652,1.1326643,1.141646,1.1460416,1.1518965,1.1561869,1.1601048,1.1666437,1.176153,1.1807709,1.1860856,1.191512,1.1990135,1.2057465,1.209532,1.2146266,1.2218845,1.2266691,1.2322974,1.2399309,1.2470859,1.2515157,1.2561058,1.2598093,1.2659798,1.271867,1.277446,1.2829462,1.2900366,1.2986231,1.3050193,1.3105975,1.3173963,1.323732,1.3279387,1.3323455,1.3391316,1.3464515,1.3524356,1.3573675,1.3655517,1.3711755,1.377711,1.3842571,1.3922384
18_real,-0.07320591,,,,,,,,,,,,,,,,,,,,,,,,,,,,,,,,,,,,,,,,,,,,,,,,,,-0.5695437,,,,,,,,,,,,,,,,,,,
18_gen,-0.0732059,-0.067127585,-0.06351987,-0.059232373,-0.05196665,-0.04307486,-0.034803636,-0.029019918,-0.021717444,-0.014566034,-0.0076770275,-0.00054220995,0.0037886202,0.008899445,0.014642077,0.017034126,0.018560413,0.022537721,0.028538536,0.035512254,0.040587705,0.046458624,0.051520217,0.058415532,0.062217742,0.06737381,0.074835524,0.079228744,0.08374714,0.091129765,0.097731404,0.10396018,0.10828425,0.1146123,0.11949234,0.12483014,0.12706275,0.13403933,0.13956937,0.14388247,0.14734997,0.15289336,0.15984516,0.16509846,0.16909054,0.17528771,0.17951135,0.18420917,0.19013278,0.19418547,0.20006192,0.20503998,0.2148256,0.22236598,0.2286978,0.23332576,0.23568344,0.24211231,0.24687043,0.2541224,0.2603913,0.26162013,0.2674338,0.27479523,0.2793304,0.283496,0.28696823,0.29372257,0.3005953,0.30617625
19_real,1.5842735,,,,,,,,,,,,,,,,,,,,,,,,,,,,,,,,,,,,,,,,,,,,,,,,,,1.4233531,,,,,,,,,,,,,,,,,,,
19_gen,1.5842735,1.5837425,1.5786988,1.5775201,1.5752847,1.572401,1.5706412,1.5703974,1.5664781,1.564806,1.5620692,1.5588708,1.5563854,1.5541253,1.5518258,1.5492475,1.5474751,1.5449638,1.5415118,1.538603,1.5330598,1.530028,1.5295684,1.5258366,1.5223535,1.5186129,1.5129064,1.5093882,1.5076834,1.505535,1.5035466,1.4998531,1.4962189,1.4928554,1.4894613,1.4862571,1.4827771,1.4793199,1.4759758,1.4736402,1.4702842,1.4679025,1.4651136,1.4632558,1.4595752,1.4564406,1.4537644,1.4500464,1.4443339,1.4394673,1.4346259,1.4314747,1.4294251,1.425528,1.4222736,1.4180348,1.415009,1.4094431,1.4069592,1.4042242,1.4005597,1.396583,1.3927431,1.3887005,1.3857806,1.3842698,1.3801107,1.3745263,1.371605,1.3676176
20_real,0.363501,,,,,,,,,,,,,,,,,,,,,,,,,,,,,,,,,,,,,,,,,,,,,,,,,,0.7301957,,,,,,,,,,,,,,,,,,,
20_gen,0.36350104,0.36070737,0.35736048,0.3546005,0.35046712,0.34681445,0.33985046,0.33678955,0.33284327,0.3282957,0.32486358,0.32209772,0.31804648,0.31529793,0.31390804,0.31154507,0.30856705,0.30610913,0.30525005,0.30394924,0.29908305,0.2983157,0.29398242,0.29467422,0.29306227,0.29219964,0.2879536,0.2857717,0.28465348,0.2801495,0.27866033,0.27603182,0.27285513,0.26882306,0.26646775,0.26308188,0.26017278,0.2577619,0.25653604,0.2535368,0.25149235,0.25072804,0.25159454,0.24853468,0.24382639,0.2425236,0.23919718,0.23790863,0.23578231,0.23327418,0.23117515,0.22748213,0.2255017,0.22458312,0.22103897,0.21850714,0.2157294,0.21675086,0.21546833,0.21341822,0.21120818,0.20684406,0.2022746,0.20176378,0.19766691,0.1960084,0.19254133,0.18885705,0.18637958,0.1823427
21_real,0.79136103,,,,,,,,,,,,,,,,,,,,,,,,,,,,,,,,,,,,,,,,,,,,,,,,,,0.6561712,,,,,,,,,,,,,,,,,,,
21_gen,0.791361,0.78941846,0.7857882,0.7786806,0.7756898,0.77171695,0.7648439,0.7585546,0.75513476,0.7477223,0.7453328,0.7425881,0.73772603,0.73262995,0.729734,0.72668886,0.72437453,0.7235011,0.71811545,0.71264195,0.7093495,0.70618165,0.7006726,0.6950539,0.6966078,0.6942046,0.6916808,0.68964,0.6846241,0.6813067,0.6783307,0.6724939,0.66812074,0.666191,0.66428554,0.66110563,0.6573258,0.6558041,0.6533676,0.64877385,0.6452514,0.64237976,0.63935673,0.6379794,0.63707364,0.6372817,0.63286126,0.63088644,0.6298658,0.6291338,0.62814903,0.62629634,0.6236743,0.6220496,0.61893976,0.61612225,0.6136753,0.6131873,0.60894,0.6046254,0.60080695,0.5987741,0.5971332,0.5928201,0.58964556,0.58937967,0.5875525,0.5863053,0.58583814,0.5832705
22_real,1.1619959,,,,,,,,,,,,,,,,,,,,,,,,,,,,,,,,,,,,,,,,,,,,,,,,,,0.942861,,,,,,,,,,,,,,,,,,,
22_gen,1.1619959,1.157688,1.1500463,1.1461334,1.1430889,1.1411945,1.1359612,1.130936,1.1281708,1.1248652,1.1214788,1.1167179,1.1147413,1.1100973,1.1068949,1.1025956,1.0976549,1.094845,1.09104,1.086655,1.0838033,1.0814177,1.0792147,1.0741197,1.0699906,1.0668613,1.0646619,1.0619438,1.059114,1.0528513,1.047595,1.0457387,1.0436056,1.0391308,1.034832,1.0300977,1.0259277,1.0229242,1.0209364,1.0194552,1.0156543,1.0158418,1.0125692,1.0107019,1.0077522,1.003296,0.9991889,0.9940936,0.99210227,0.9877016,0.98149025,0.9746958,0.97074157,0.9685938,0.96516436,0.9653325,0.9598125,0.958144,0.9545897,0.9517765,0.9452356,0.9424982,0.93915576,0.93954545,0.93709266,0.93516886,0.9315384,0.9261899,0.9236876,0.9193207
23_real,2.5526638,,,,,,,,,,,,,,,,,,,,,,,,,,,,,,,,,,,,,,,,,,,,,,,,,,2.449184,,,,,,,,,,,,,,,,,,,
23_gen,2.5526638,2.5431046,2.534876,2.5282125,2.521895,2.5159397,2.510117,2.5040119,2.4976816,2.4936306,2.4871516,2.4828174,2.4750125,2.4708467,2.4668107,2.4600034,2.4584954,2.4531462,2.446652,2.4419405,2.4371107,2.430807,2.4246006,2.420899,2.4173791,2.41396,2.4076889,2.4031785,2.397908,2.39389,2.3894072,2.3844697,2.3806329,2.37393,2.3690698,2.3662932,2.3615851,2.3569448,2.3527532,2.346505,2.3413746,2.3371658,2.332704,2.3265274,2.32195,2.3206055,2.3171594,2.3115666,2.3075032,2.3010614,2.2968795,2.2927632,2.289097,2.2845955,2.2783847,2.2738335,2.270141,2.2644372,2.2593143,2.2543101,2.2508037,2.2466388,2.2431264,2.2385252,2.233993,2.2306244,2.2263556,2.2200212,2.2123904,2.2082052
24_real,2.1283891,,,,,,,,,,,,,,,,,,,,,,,,,,,,,,,,,,,,,,,,,,,,,,,,,,1.789181,,,,,,,,,,,,,,,,,,,
24_gen,2.1283891,2.1255162,2.1239848,2.121201,2.1187537,2.1149912,2.111496,2.1094098,2.1068006,2.106714,2.1053963,2.0993843,2.096868,2.09596,2.0937595,2.0920343,2.0898523,2.089142,2.088691,2.0861096,2.0865011,2.086159,2.0886698,2.08654,2.0834494,2.0819802,2.0784214,2.076321,2.0752099,2.0735803,2.0705466,2.0684156,2.0648897,2.0622513,2.0606723,2.059912,2.0586452,2.05555,2.0538304,2.0520706,2.0520406,2.048781,2.045553,2.0453668,2.0430357,2.0408072,2.03818,2.0365014,2.033989,2.0299573,2.0289924,2.0259614,2.0235076,2.0222182,2.0193355,2.0193884,2.016072,2.010999,2.009519,2.006864,2.0039425,2.0013413,1.9985764,1.9981407,1.9952867,1.9925667,1.9898202,1.9889292,1.9868635,1.9820564
25_real,0.6890169,,,,,,,,,,,,,,,,,,,,,,,,,,,,,,,,,,,,,,,,,,,,,,,,,,0.530499,,,,,,,,,,,,,,,,,,,
25_gen,0.6890169,0.6851157,0.67849714,0.672119,0.666408,0.65934104,0.65279865,0.6476072,0.64354074,0.6382292,0.6328777,0.6275481,0.62350076,0.6192952,0.61415267,0.6095184,0.604904,0.6000973,0.59677696,0.5917708,0.5867075,0.5811399,0.5766207,0.57161963,0.5667752,0.56430364,0.5594393,0.55755675,0.5552226,0.55224067,0.5489181,0.545817,0.5415382,0.53815293,0.53497183,0.5315691,0.5282506,0.523955,0.52093506,0.51625836,0.51306295,0.50948,0.5057205,0.50247973,0.49945194,0.49633598,0.49305964,0.48966187,0.4881335,0.48580986,0.4838454,0.48182654,0.4778821,0.47574311,0.4731428,0.4703229,0.46753407,0.4642312,0.4623301,0.45825934,0.45538276,0.45390305,0.45115724,0.4471118,0.4435184,0.44094095,0.4377626,0.43508148,0.43165055,0.42766064
26_real,2.0359046,,,,,,,,,,,,,,,,,,,,,,,,,,,,,,,,,,,,,,,,,,,,,,,,,,1.5065615,,,,,,,,,,,,,,,,,,,
26_gen,2.0359044,2.0329697,2.0330994,2.0311537,2.0304852,2.0277443,2.0251002,2.023466,2.0211272,2.0206552,2.0185852,2.0165448,2.013755,2.0131917,2.0115325,2.010324,2.010052,2.0078175,2.0057864,2.004462,2.0023398,2.00153,2.0003672,2.0007513,1.9991233,1.9980147,1.9958684,1.9962494,1.9954214,1.993232,1.9910412,1.9879624,1.9863338,1.984587,1.9836833,1.9826092,1.9816154,1.9805918,1.9789578,1.9769242,1.9749501,1.9723946,1.971179,1.9704249,1.9695528,1.9692547,1.9687039,1.9672225,1.9669355,1.9657781,1.9645113,1.9617199,1.9599645,1.9588909,1.9558134,1.9552578,1.9535719,1.9525831,1.9519132,1.9505781,1.9487364,1.9475275,1.9469175,1.9450058,1.9431708,1.9420782,1.9402548,1.9391721,1.9354868,1.9348799
27_real,0.35776892,,,,,,,,,,,,,,,,,,,,,,,,,,,,,,,,,,,,,,,,,,,,,,,,,,0.17885438,,,,,,,,,,,,,,,,,,,
27_gen,0.35776895,0.3539895,0.34952483,0.34452417,0.34136984,0.33770338,0.33458996,0.33004317,0.3266048,0.32350478,0.31919402,0.31572947,0.3128772,0.3091337,0.30529565,0.3011492,0.2977589,0.2936512,0.28946367,0.28588802,0.28285688,0.2782538,0.27329034,0.2694127,0.2652859,0.2634263,0.25975055,0.25604087,0.25270835,0.2498177,0.24729307,0.24421751,0.23987117,0.2345686,0.23083723,0.22753176,0.22463414,0.2205734,0.21623233,0.21203187,0.21009466,0.2052489,0.20018227,0.19727826,0.19462864,0.19088216,0.18710066,0.18467622,0.17994598,0.17576364,0.17389758,0.17100209,0.16618943,0.16301562,0.15895514,0.15511468,0.1531734,0.14929874,0.14634523,0.14344683,0.14087307,0.13812788,0.13516843,0.13313353,0.1288257,0.12664095,0.12393949,0.12073237,0.11699246,0.113522194
28_real,0.9416173,,,,,,,,,,,,,,,,,,,,,,,,,,,,,,,,,,,,,,,,,,,,,,,,,,0.6455695,,,,,,,,,,,,,,,,,,,
28_gen,0.9416173,0.9428257,0.9416598,0.941599,0.9411265,0.93859684,0.93894446,0.93935394,0.93681973,0.9370778,0.9349116,0.93379,0.93300426,0.9323702,0.9296013,0.927992,0.9244564,0.9210132,0.92036104,0.9206683,0.9177548,0.9146363,0.9131346,0.91064453,0.9089588,0.907821,0.90604067,0.9041422,0.90294266,0.900801,0.89993393,0.89752835,0.895006,0.89151824,0.8882311,0.887101,0.8855413,0.8842851,0.8811762,0.87974614,0.8787855,0.8763319,0.87536514,0.8733996,0.87352914,0.8705142,0.86719286,0.86497355,0.8650484,0.86684954,0.8646514,0.8621596,0.86059487,0.85909843,0.85698855,0.8552543,0.8541504,0.85408366,0.8543352,0.84901416,0.8485756,0.84773,0.8487973,0.8487836,0.84721106,0.8451317,0.84539396,0.84377897,0.84262884,0.8419668
29_real,0.65944344,,,,,,,,,,,,,,,,,,,,,,,,,,,,,,,,,,,,,,,,,,,,,,,,,,1.2298245,,,,,,,,,,,,,,,,,,,
29_gen,0.65944344,0.658781,0.65769744,0.659992,0.6632129,0.6620965,0.66001755,0.6602837,0.6603988,0.6614931,0.6623697,0.6614897,0.6582662,0.6578194,0.65876836,0.65823597,0.66084987,0.66045445,0.6591209,0.6593422,0.657879,0.65769714,0.65661085,0.6560129,0.65444446,0.6546791,0.6560646,0.65825474,0.65681523,0.65525734,0.6558616,0.6545948,0.655481,0.65422094,0.655424,0.65602905,0.65425897,0.6535265,0.65498143,0.6539173,0.65407056,0.65522903,0.6539195,0.6553551,0.65229726,0.65101665,0.65026754,0.64887273,0.6485475,0.6484765,0.64690435,0.64611304,0.6483311,0.64785194,0.6459446,0.64504325,0.6460284,0.6460256,0.6406624,0.6395912,0.63825977,0.6391091,0.63642013,0.6362834,0.6356391,0.636222,0.6337436,0.63248,0.6310151,0.6302179
30_real,-0.084713295,,,,,,,,,,,,,,,,,,,,,,,,,,,,,,,,,,,,,,,,,,,,,,,,,,0.26395726,,,,,,,,,,,,,,,,,,,
30_gen,-0.08471329,-0.091797724,-0.1013876,-0.10837432,-0.11895557,-0.130041,-0.13645433,-0.15027961,-0.15838479,-0.16572675,-0.1667835,-0.17921779,-0.18441097,-0.18765052,-0.19167519,-0.19473776,-0.19820163,-0.20578189,-0.21100755,-0.21357322,-0.22408059,-0.22982481,-0.23903923,-0.24558182,-0.24373531,-0.24972486,-0.25481415,-0.26110014,-0.27010238,-0.27469993,-0.27580726,-0.27937475,-0.28805256,-0.29035565,-0.29088074,-0.29356563,-0.29944906,-0.3103916,-0.3172516,-0.32617944,-0.33119678,-0.3342046,-0.34072658,-0.3457965,-0.3535118,-0.36023432,-0.3683893,-0.3691588,-0.37498382,-0.3830199,-0.38832292,-0.39170384,-0.39404836,-0.39850348,-0.3992376,-0.40577555,-0.41376725,-0.41591185,-0.4164869,-0.41705948,-0.42091647,-0.4278787,-0.4362399,-0.4441413,-0.4477324,-0.4546298,-0.45342222,-0.4591238,-0.46541327,-0.46600842
31_real,0.04528208,,,,,,,,,,,,,,,,,,,,,,,,,,,,,,,,,,,,,,,,,,,,,,,,,,0.45525962,,,,,,,,,,,,,,,,,,,
31_gen,0.045282077,0.03765347,0.030038472,0.02096362,0.010059527,0.0019407042,-0.011618586,-0.013597983,-0.017011052,-0.019957107,-0.029583042,-0.036042154,-0.042206563,-0.05166464,-0.06204074,-0.07046121,-0.076293565,-0.085265435,-0.09675744,-0.104478434,-0.11700974,-0.13038325,-0.14022827,-0.1469075,-0.15445402,-0.16523644,-0.17874382,-0.18465188,-0.19581458,-0.20288765,-0.21393797,-0.21681245,-0.22299346,-0.23421106,-0.23853126,-0.24702498,-0.24810377,-0.26018888,-0.27120143,-0.2742774,-0.28645316,-0.29169565,-0.29976258,-0.30802885,-0.31536478,-0.3173427,-0.32532072,-0.33762676,-0.34889877,-0.35213324,-0.35877612,-0.36549455,-0.37056956,-0.37525365,-0.38203204,-0.39238375,-0.40480965,-0.41350856,-0.4231194,-0.43057904,-0.4314041,-0.44178015,-0.45052266,-0.45585766,-0.4623669,-0.4709785,-0.47533703,-0.4833939,-0.4880889,-0.4943863
32_real,0.8915942,,,,,,,,,,,,,,,,,,,,,,,,,,,,,,,,,,,,,,,,,,,,,,,,,,0.6494841,,,,,,,,,,,,,,,,,,,
32_gen,0.89159405,0.8913764,0.8897829,0.8874833,0.88763607,0.8876689,0.8872384,0.8856632,0.8812766,0.87926686,0.87816286,0.8766365,0.8735231,0.8680394,0.866958,0.86530113,0.8665372,0.8627764,0.86402,0.8622835,0.85799617,0.8566906,0.85414857,0.8538885,0.85170573,0.84969294,0.8465009,0.84505,0.84047633,0.8392086,0.8375324,0.8373501,0.8368332,0.8329009,0.8296558,0.82840776,0.82350063,0.81809235,0.8190173,0.8178997,0.8170303,0.8144501,0.813303,0.8132607,0.81467116,0.81311214,0.81116164,0.8097695,0.8104068,0.80831796,0.80782586,0.8045705,0.8036706,0.7994493,0.79537725,0.7953323,0.7941484,0.79267037,0.7935089,0.7936123,0.79037017,0.79019964,0.791586,0.791014,0.7879046,0.7833835,0.7838378,0.7833099,0.78246933,0.7803833
33_real,1.2226088,,,,,,,,,,,,,,,,,,,,,,,,,,,,,,,,,,,,,,,,,,,,,,,,,,1.134149,,,,,,,,,,,,,,,,,,,
33_gen,1.2226087,1.2226253,1.2234416,1.2254136,1.2263471,1.2276014,1.2278986,1.2294632,1.2339256,1.2333734,1.2334282,1.2352055,1.234925,1.2365253,1.2355865,1.2330817,1.2322204,1.2323915,1.2341084,1.2350225,1.2351153,1.2343651,1.2334443,1.2331965,1.2335079,1.2330644,1.2335651,1.2348584,1.2379855,1.238749,1.238964,1.2407695,1.2405865,1.2382035,1.2388881,1.2373542,1.2377626,1.237918,1.239035,1.2390782,1.2386515,1.2353683,1.2316939,1.2288946,1.2261002,1.2275673,1.2263625,1.2274435,1.2268462,1.2263949,1.2275527,1.2290287,1.2254646,1.2267497,1.2244241,1.2265501,1.2283638,1.2288865,1.2273836,1.2284006,1.2266762,1.2272797,1.223928,1.2234292,1.2230339,1.2259269,1.2268109,1.2265507,1.2240803,1.2259276
34_real,1.2695214,,,,,,,,,,,,,,,,,,,,,,,,,,,,,,,,,,,,,,,,,,,,,,,,,,1.3208086,,,,,,,,,,,,,,,,,,,
34_gen,1.2695215,1.2707194,1.2742087,1.2767432,1.277253,1.281656,1.2820432,1.2852819,1.2879736,1.290018,1.2912514,1.2918195,1.2908179,1.2925607,1.2937311,1.2965266,1.297454,1.2986253,1.2996851,1.2981004,1.2997644,1.300271,1.3008256,1.3053608,1.3050754,1.3040501,1.3009166,1.3004892,1.3031143,1.3049791,1.3065224,1.3077352,1.3088181,1.3077444,1.3086677,1.3083,1.3079379,1.3051898,1.3098271,1.3094056,1.3086135,1.3087761,1.3083246,1.3106129,1.3117243,1.3115872,1.313185,1.3126823,1.3136154,1.3112942,1.3125466,1.3108501,1.3118976,1.3122814,1.3134841,1.3132213,1.3156333,1.3144615,1.3137382,1.3150516,1.3159789,1.3145673,1.3124979,1.3118811,1.310763,1.3109782,1.3100224,1.3080513,1.3072066,1.3081925
35_real,1.3296703,,,,,,,,,,,,,,,,,,,,,,,,,,,,,,,,,,,,,,,,,,,,,,,,,,1.2849249,,,,,,,,,,,,,,,,,,,
35_gen,1.3296702,1.3237544,1.3231394,1.3223938,1.3184253,1.3166484,1.311778,1.3125205,1.307658,1.3053007,1.2991513,1.2973722,1.2974445,1.2976961,1.291037,1.2904475,1.2882125,1.2875946,1.2849014,1.2805883,1.283623,1.2832152,1.2790343,1.2804832,1.2813544,1.2811629,1.2810844,1.2795471,1.278814,1.2784313,1.2784408,1.2771128,1.2757449,1.2746007,1.2739851,1.2720106,1.2695479,1.270091,1.2690109,1.2678583,1.2688202,1.2651584,1.2667015,1.2678062,1.2691246,1.2713223,1.275081,1.2721965,1.2710416,1.2721949,1.2693598,1.2727007,1.2733448,1.2710016,1.2650769,1.2671304,1.2702336,1.2700131,1.2699044,1.2712348,1.2721269,1.2727064,1.2706586,1.2696135,1.2698256,1.2727802,1.2740873,1.2729758,1.2727617,1.2721308
36_real,0.5095409,,,,,,,,,,,,,,,,,,,,,,,,,,,,,,,,,,,,,,,,,,,,,,,,,,0.31605548,,,,,,,,,,,,,,,,,,,
36_gen,0.509541,0.5149526,0.51298887,0.51733756,0.5195991,0.5197903,0.51872903,0.5196599,0.5230998,0.5251831,0.5219217,0.5229105,0.5198073,0.51514447,0.5159822,0.5174426,0.5156247,0.51394755,0.51486063,0.5135586,0.5103408,0.508437,0.5107859,0.5118588,0.51070416,0.51006544,0.5107452,0.5108611,0.5113752,0.5126875,0.50728947,0.50860417,0.50658953,0.50777036,0.5122677,0.50822544,0.50638103,0.50385916,0.49976578,0.49456158,0.4908956,0.49127144,0.48409858,0.48289388,0.477441,0.478331,0.48282877,0.48132354,0.48486868,0.48405042,0.48799783,0.48551884,0.48586994,0.48034444,0.48057613,0.4797489,0.47894865,0.47897404,0.4791618,0.476714,0.47695798,0.47358543,0.47990686,0.48257294,0.477172,0.4757746,0.47648,0.47637782,0.47367755,0.4739852
37_real,1.0640209,,,,,,,,,,,,,,,,,,,,,,,,,,,,,,,,,,,,,,,,,,,,,,,,,,0.57870567,,,,,,,,,,,,,,,,,,,
37_gen,1.064021,1.0648955,1.0695584,1.0707966,1.0685933,1.0696127,1.0730474,1.0748894,1.0778432,1.0806,1.0844729,1.0830063,1.086071,1.0910531,1.0929817,1.0917643,1.0902163,1.0973096,1.1006224,1.1042216,1.1013983,1.1029738,1.1005328,1.1025827,1.1041355,1.103501,1.102,1.103868,1.1029303,1.1089729,1.1107593,1.1094041,1.1097624,1.1084011,1.1093105,1.1094947,1.1124295,1.1143717,1.1196047,1.1181204,1.1213074,1.1207224,1.1190121,1.1213409,1.1228395,1.122656,1.1238303,1.1298593,1.1271176,1.128018,1.1288024,1.1352499,1.1365367,1.1357223,1.139197,1.129069,1.1260504,1.1238402,1.1291199,1.1311773,1.1302407,1.1279155,1.1256983,1.1273062,1.1251822,1.1260389,1.1226621,1.1224747,1.1194258,1.1208192
38_real,1.2482271,,,,,,,,,,,,,,,,,,,,,,,,,,,,,,,,,,,,,,,,,,,,,,,,,,1.0687428,,,,,,,,,,,,,,,,,,,
38_gen,1.2482271,1.2509638,1.2507992,1.2514093,1.2512848,1.249304,1.2501973,1.2523373,1.2508001,1.2516842,1.2496041,1.2471473,1.2481747,1.2499816,1.2478948,1.2479345,1.2479398,1.2456509,1.2468727,1.2439028,1.2416866,1.2399966,1.2401526,1.2413961,1.2353109,1.2356429,1.2349125,1.2334173,1.2324114,1.2366432,1.2331622,1.2319493,1.2302481,1.2270064,1.2258674,1.2224188,1.2213334,1.2202796,1.2182319,1.218196,1.2173414,1.2158877,1.2179631,1.2207353,1.2194939,1.215139,1.2120631,1.211526,1.210819,1.2119282,1.2118145,1.2081097,1.2090801,1.2083132,1.208008,1.2079489,1.2044343,1.205709,1.2046338,1.2025545,1.1995898,1.1998279,1.1979812,1.1946106,1.1948868,1.1948702,1.1954339,1.1917723,1.1872078,1.1879421
39_real,1.3881445,,,,,,,,,,,,,,,,,,,,,,,,,,,,,,,,,,,,,,,,,,,,,,,,,,1.369172,,,,,,,,,,,,,,,,,,,
39_gen,1.3881445,1.3891032,1.3913492,1.3919066,1.391566,1.3903321,1.3882935,1.3871117,1.3852272,1.3836756,1.382351,1.3801023,1.379797,1.3802043,1.3796207,1.3774123,1.3780773,1.3744617,1.372388,1.3716673,1.372881,1.3718479,1.3694963,1.370784,1.3689339,1.3697965,1.3690324,1.36613,1.3658575,1.3637496,1.3639979,1.3608902,1.3588673,1.3573344,1.3565463,1.3529071,1.3507396,1.3512534,1.3495424,1.3498583,1.348187,1.3461435,1.3495854,1.3457155,1.3463405,1.3472354,1.3464403,1.3460658,1.3434203,1.3435869,1.3410233,1.341429,1.3395998,1.3358166,1.3327911,1.3326404,1.3334163,1.334369,1.3335322,1.3308556,1.3301027,1.3290763,1.3295693,1.3257091,1.325424,1.32312,1.3212621,1.320284,1.3188425,1.3190414
40_real,0.7613986,,,,,,,,,,,,,,,,,,,,,,,,,,,,,,,,,,,,,,,,,,,,,,,,,,0.77521527,,,,,,,,,,,,,,,,,,,
40_gen,0.7613987,0.7567579,0.7540388,0.7529291,0.7479785,0.74449646,0.7489085,0.75199,0.7573084,0.7539838,0.75560635,0.75247467,0.7559126,0.75049627,0.74682236,0.7468335,0.7462691,0.7541027,0.75146335,0.74800986,0.7464279,0.7426907,0.7442194,0.7444018,0.7407911,0.7371464,0.73433346,0.73444724,0.7315259,0.7308977,0.7301519,0.72433275,0.7161035,0.71542865,0.719822,0.7191506,0.7185687,0.7155972,0.7217845,0.7230903,0.72214663,0.7236222,0.72617424,0.7305881,0.72688717,0.7272004,0.7285921,0.7258839,0.725607,0.7236897,0.7244095,0.72534657,0.7202639,0.7177586,0.7217189,0.72300303,0.72192556,0.7220841,0.7222412,0.72206014,0.7261804,0.72705066,0.72748846,0.7254768,0.7227271,0.7230572,0.72406924,0.72327864,0.72329676,0.72134155
41_real,-0.110738456,,,,,,,,,,,,,,,,,,,,,,,,,,,,,,,,,,,,,,,,,,,,,,,,,,-0.019570684,,,,,,,,,,,,,,,,,,,
41_gen,-0.110738456,-0.11603367,-0.12025374,-0.13035622,-0.13757083,-0.14400284,-0.14712958,-0.15352996,-0.15753022,-0.1580531,-0.15919116,-0.15574548,-0.15901902,-0.15607093,-0.16197588,-0.16948962,-0.17271256,-0.17492555,-0.17862444,-0.18164377,-0.18706383,-0.19293311,-0.194817,-0.19741517,-0.197073,-0.19788137,-0.2018199,-0.20159414,-0.20199475,-0.20279777,-0.20362285,-0.20754461,-0.20825736,-0.20936549,-0.20946395,-0.2081559,-0.20590842,-0.21131814,-0.21357858,-0.21687384,-0.21427128,-0.21842285,-0.22015627,-0.22019131,-0.22409692,-0.22687161,-0.23046473,-0.2266339,-0.22553763,-0.22511616,-0.22668107,-0.22694008,-0.22952726,-0.23393989,-0.23069167,-0.23407829,-0.23693998,-0.23473108,-0.23481417,-0.23432346,-0.23809557,-0.23695736,-0.23699352,-0.23608339,-0.23755734,-0.23658474,-0.23718384,-0.24074546,-0.24139981,-0.24753404
42_real,2.2532356,,,,,,,,,,,,,,,,,,,,,,,,,,,,,,,,,,,,,,,,,,,,,,,,,,1.9149697,,,,,,,,,,,,,,,,,,,
42_gen,2.2532353,2.2467294,2.2424133,2.239457,2.2330444,2.2286608,2.2239907,2.2174416,2.2138462,2.2101984,2.2063897,2.2032952,2.2016518,2.1987262,2.196015,2.1922257,2.1888256,2.1871822,2.186323,2.1828184,2.1811986,2.1788843,2.1768584,2.1732602,2.1709294,2.1699586,2.1676517,2.1634336,2.1608045,2.1589842,2.1528897,2.1468813,2.14473,2.1413982,2.1379676,2.1336312,2.130182,2.1258883,2.1218128,2.1212528,2.119266,2.1180356,2.1152315,2.113154,2.1097806,2.1034565,2.0997713,2.0975175,2.0953257,2.0911632,2.0880694,2.0858603,2.0823915,2.0805867,2.0760963,2.0715628,2.0668342,2.0624976,2.0616658,2.0566626,2.0563378,2.0514588,2.0479193,2.0433717,2.0403132,2.0362003,2.033221,2.0307162,2.02698,2.0225027
43_real,0.09476421,,,,,,,,,,,,,,,,,,,,,,,,,,,,,,,,,,,,,,,,,,,,,,,,,,0.726796,,,,,,,,,,,,,,,,,,,
43_gen,0.09476422,0.09271453,0.089584224,0.084733,0.08348001,0.07727524,0.07383633,0.07169144,0.06993256,0.064087756,0.06009995,0.055372495,0.052927636,0.050094448,0.04749622,0.045364354,0.04108596,0.040815495,0.03924972,0.038073737,0.035717107,0.03296093,0.030763272,0.027103316,0.024817895,0.021147054,0.01727738,0.016007626,0.012802402,0.0119540645,0.008431856,0.0042396127,-0.00017077681,-0.0019939905,-0.004767394,-0.008495369,-0.009751746,-0.012991707,-0.018237479,-0.022629356,-0.027021859,-0.03176373,-0.034872353,-0.039091572,-0.044130158,-0.04930266,-0.05401113,-0.05590301,-0.05919688,-0.062254537,-0.066389784,-0.06982012,-0.072728775,-0.073917314,-0.07841924,-0.08133687,-0.083663,-0.08938927,-0.09496199,-0.09850691,-0.10367261,-0.1073912,-0.11093749,-0.11566762,-0.118327044,-0.12223049,-0.12657386,-0.12951913,-0.13578746,-0.13802929
44_real,1.9433377,,,,,,,,,,,,,,,,,,,,,,,,,,,,,,,,,,,,,,,,,,,,,,,,,,1.4304048,,,,,,,,,,,,,,,,,,,
44_gen,1.9433377,1.9378884,1.9372616,1.931339,1.9283981,1.9263325,1.9227753,1.9194796,1.9153826,1.914684,1.9129645,1.9118268,1.9093006,1.9085087,1.9053892,1.9050462,1.9046005,1.9030697,1.900273,1.9002098,1.8986562,1.8968182,1.8954194,1.8931223,1.8898418,1.8879392,1.8866411,1.8847176,1.8804041,1.8767574,1.8726242,1.8683077,1.8660263,1.8653438,1.8636414,1.8624365,1.8574362,1.8536799,1.8507646,1.8498818,1.8479675,1.85051,1.8493019,1.8478487,1.8496736,1.8469702,1.8465307,1.8427675,1.8393654,1.8363463,1.8338432,1.8359245,1.8319807,1.8291432,1.8240471,1.8234472,1.8196709,1.8148292,1.8124272,1.8124901,1.8079302,1.806538,1.8042616,1.8013952,1.7994725,1.7967951,1.79487,1.7925818,1.792772,1.7907251
45_real,0.64983094,,,,,,,,,,,,,,,,,,,,,,,,,,,,,,,,,,,,,,,,,,,,,,,,,,0.9185896,,,,,,,,,,,,,,,,,,,
45_gen,0.6498309,0.6466827,0.6431678,0.63685673,0.631072,0.62846136,0.62680084,0.62287045,0.61595166,0.6109519,0.60763615,0.6026172,0.5981117,0.59330976,0.58750546,0.58226496,0.5782062,0.57266265,0.5691701,0.56369174,0.5595356,0.55600804,0.5530536,0.55055577,0.54679406,0.54313934,0.5395571,0.53698623,0.5350228,0.53172,0.5268106,0.5237535,0.5213717,0.5177666,0.51572317,0.5122561,0.50935185,0.50736505,0.5047288,0.50065386,0.4985946,0.4942541,0.49340668,0.49300557,0.48926106,0.48453084,0.48199707,0.47789183,0.4750802,0.47170848,0.4700531,0.46669632,0.46390763,0.4600602,0.4576748,0.45638275,0.45336905,0.45016867,0.44541207,0.44233733,0.4383936,0.43592328,0.4346598,0.43228817,0.42841464,0.42496985,0.4210618,0.41783962,0.41578132,0.4147439
46_real,0.98638564,,,,,,,,,,,,,,,,,,,,,,,,,,,,,,,,,,,,,,,,,,,,,,,,,,1.1660326,,,,,,,,,,,,,,,,,,,
46_gen,0.98638564,0.9824193,0.9782163,0.97413254,0.9694797,0.96729624,0.96172965,0.95711833,0.95176756,0.94852924,0.9423686,0.9398426,0.93446285,0.9302257,0.92715245,0.92406476,0.92016447,0.9161948,0.9138223,0.9092652,0.90437365,0.90052,0.8970704,0.8932336,0.88972557,0.88731337,0.8846847,0.8801693,0.8774778,0.8751232,0.8717989,0.8695267,0.86680853,0.8645834,0.86303365,0.859769,0.8565853,0.85416365,0.85297173,0.8515251,0.84800816,0.8454164,0.8424042,0.8388276,0.83476335,0.8316224,0.829541,0.8268043,0.82409275,0.8224007,0.8191121,0.8143312,0.8115972,0.8078278,0.8050219,0.801956,0.7992261,0.7945296,0.7902684,0.7867879,0.7843217,0.7823079,0.7795312,0.77617705,0.7747338,0.7710761,0.7693302,0.76612645,0.76269895,0.7606166
47_real,0.26909366,,,,,,,,,,,,,,,,,,,,,,,,,,,,,,,,,,,,,,,,,,,,,,,,,,-0.063646704,,,,,,,,,,,,,,,,,,,
47_gen,0.2690937,0.26340237,0.25803414,0.25042742,0.24504602,0.23857732,0.23174496,0.22695854,0.22078557,0.21753266,0.21238606,0.20730233,0.20079395,0.19594917,0.19038434,0.18334822,0.17813382,0.17253335,0.16729501,0.16191989,0.15675792,0.15031213,0.14537445,0.14087717,0.13438311,0.13016267,0.12538072,0.120963156,0.11728326,0.11271783,0.106461905,0.10348532,0.097130165,0.09205364,0.08644099,0.0834853,0.07780486,0.07341351,0.07003139,0.06594018,0.061379187,0.05580321,0.05099083,0.045535337,0.041068535,0.036176406,0.031533573,0.026340399,0.023627162,0.018911961,0.014289114,0.009988479,0.0050785053,-0.00096614624,-0.0050442037,-0.008760155,-0.01280231,-0.017835993,-0.02258415,-0.0285496,-0.033157542,-0.038676135,-0.04338086,-0.047775887,-0.05252539,-0.056598593,-0.06194344,-0.06626208,-0.07205684,-0.07793201
48_real,0.3772407,,,,,,,,,,,,,,,,,,,,,,,,,,,,,,,,,,,,,,,,,,,,,,,,,,0.4077397,,,,,,,,,,,,,,,,,,,
48_gen,0.3772407,0.36825642,0.3616104,0.35474735,0.3489165,0.3441848,0.33903277,0.33160377,0.32638574,0.32312793,0.31658727,0.31085297,0.30731663,0.30333537,0.3002547,0.2965713,0.29208064,0.28815857,0.2841894,0.28045213,0.27688307,0.27330214,0.2693936,0.26521558,0.26149446,0.2573495,0.2528676,0.24793825,0.24407272,0.23969245,0.23620638,0.23047778,0.22597417,0.2231529,0.2175462,0.21499696,0.21513279,0.21339273,0.21045926,0.20573398,0.20074546,0.19694006,0.19465081,0.1928975,0.19106929,0.18703309,0.18513186,0.1839055,0.18019502,0.17716208,0.17380191,0.16869503,0.16497573,0.16309135,0.1602289,0.15810816,0.15687539,0.15355721,0.1494843,0.14549622,0.1430654,0.1383251,0.13497941,0.13037524,0.12668578,0.123349205,0.11854859,0.11439737,0.110343054,0.10878223
49_real,-0.18384458,,,,,,,,,,,,,,,,,,,,,,,,,,,,,,,,,,,,,,,,,,,,,,,,,,-0.4232785,,,,,,,,,,,,,,,,,,,
49_gen,-0.18384458,-0.18477973,-0.18901911,-0.18856731,-0.19013806,-0.19462869,-0.20043838,-0.20705028,-0.20976308,-0.21244474,-0.21329153,-0.21715033,-0.22081967,-0.22396171,-0.22799496,-0.23385818,-0.2390575,-0.24486348,-0.24631563,-0.24740347,-0.25195763,-0.25646898,-0.26364416,-0.2675385,-0.27252015,-0.27851358,-0.2811591,-0.2878515,-0.29032668,-0.29325566,-0.29894125,-0.30655846,-0.31016898,-0.31677502,-0.3181627,-0.32122457,-0.3250028,-0.3295072,-0.33240128,-0.33872217,-0.34133297,-0.34478906,-0.3493296,-0.3529141,-0.35549745,-0.36177298,-0.3645485,-0.36892256,-0.37010628,-0.37537053,-0.3795188,-0.38263735,-0.38865894,-0.39244625,-0.3934322,-0.3972934,-0.40448207,-0.41003174,-0.4185655,-0.4220825,-0.4275424,-0.43074185,-0.43352452,-0.4375127,-0.4409264,-0.4448875,-0.45031077,-0.45426136,-0.46247426,-0.466497
50_real,0.7114883,,,,,,,,,,,,,,,,,,,,,,,,,,,,,,,,,,,,,,,,,,,,,,,,,,0.3800005,,,,,,,,,,,,,,,,,,,
50_gen,0.7114883,0.7078929,0.70370805,0.6981292,0.69243956,0.68861187,0.6765507,0.67182,0.6660525,0.66251886,0.6559178,0.648436,0.64384013,0.6382763,0.6302682,0.62424064,0.6173713,0.61641175,0.6097411,0.6027533,0.5980011,0.59340477,0.58767736,0.5841872,0.5817465,0.5773792,0.57409894,0.56988126,0.56537807,0.5587118,0.55554914,0.5507678,0.5460751,0.5412189,0.53525054,0.5304334,0.5250886,0.5203368,0.5154277,0.51148486,0.50695443,0.50231034,0.49590078,0.49053758,0.48818874,0.47896066,0.4756086,0.47020227,0.46250853,0.454594,0.45117077,0.44508353,0.44053465,0.43298516,0.43059254,0.42862982,0.4220202,0.41656262,0.40957195,0.40495187,0.3993207,0.39519194,0.38743848,0.38224363,0.37778497,0.37037888,0.3652019,0.3596399,0.35420972,0.3450095
51_real,1.5082579,,,,,,,,,,,,,,,,,,,,,,,,,,,,,,,,,,,,,,,,,,,,,,,,,,1.2426511,,,,,,,,,,,,,,,,,,,
51_gen,1.5082579,1.4980857,1.4896557,1.4813697,1.4734379,1.4672108,1.4572132,1.4523882,1.4484972,1.4408993,1.4348482,1.4298589,1.4246866,1.4179679,1.4076115,1.4026592,1.3983066,1.39363,1.3883736,1.3821313,1.3747089,1.3720975,1.3694488,1.3651894,1.3605795,1.3613541,1.3558321,1.3532248,1.3511621,1.3478459,1.3436625,1.3385775,1.330105,1.3251921,1.3210409,1.3200517,1.3159285,1.3146254,1.3109581,1.3077593,1.3044524,1.3035843,1.3011163,1.2974994,1.2935755,1.294087,1.2915319,1.2857475,1.2833097,1.2805966,1.2712835,1.2673875,1.2632331,1.2600292,1.2585096,1.2572662,1.2497214,1.2452086,1.2425722,1.239608,1.2335118,1.2294738,1.2274598,1.2218151,1.214246,1.211812,1.2103679,1.2046615,1.2044976,1.1999329
52_real,2.0504994,,,,,,,,,,,,,,,,,,,,,,,,,,,,,,,,,,,,,,,,,,,,,,,,,,1.4908088,,,,,,,,,,,,,,,,,,,
52_gen,2.0504992,2.0476809,2.0416873,2.0357077,2.0282524,2.0247922,2.0208812,2.0163178,2.012221,2.0111833,2.008182,2.0011005,1.9977129,1.995217,1.9912243,1.9866413,1.9842974,1.9775612,1.9755348,1.9716499,1.9693086,1.9628448,1.9571003,1.9516611,1.9513195,1.947491,1.9464756,1.9447943,1.9413906,1.9399503,1.934726,1.9336646,1.929188,1.926665,1.9235808,1.917511,1.9156334,1.9127731,1.911973,1.9119018,1.9092385,1.9053694,1.8975785,1.89839,1.8958883,1.8938596,1.8931528,1.8873962,1.8871962,1.8833866,1.8780949,1.8762429,1.873894,1.869469,1.8678738,1.8649445,1.8674599,1.8642347,1.8593705,1.8561189,1.851991,1.8487446,1.843096,1.8414574,1.8393595,1.8396113,1.8406317,1.8378702,1.8340156,1.827941
53_real,0.48035443,,,,,,,,,,,,,,,,,,,,,,,,,,,,,,,,,,,,,,,,,,,,,,,,,,0.24312589,,,,,,,,,,,,,,,,,,,
53_gen,0.48035437,0.47617292,0.4635442,0.45891023,0.44912234,0.44423357,0.43660402,0.4233446,0.4117939,0.40175685,0.39658192,0.3942034,0.38267046,0.37026063,0.36457312,0.35351527,0.34606126,0.33392894,0.32829195,0.32355207,0.31926778,0.30966312,0.3063088,0.30168846,0.30049014,0.29422188,0.28610045,0.27703887,0.2721288,0.26323438,0.25325826,0.24905324,0.240377,0.23019537,0.22574303,0.21889918,0.21429412,0.20720923,0.20005019,0.19392861,0.1880067,0.18158641,0.17377874,0.1699886,0.16013375,0.15457673,0.14993885,0.1403026,0.13437392,0.12875657,0.12317324,0.11648011,0.11208628,0.10599301,0.099277295,0.09381566,0.086982705,0.076319635,0.07277132,0.06510185,0.062358655,0.051120013,0.04650835,0.03721983,0.031907048,0.028556336,0.020429794,0.013669941,0.011007687,0.0038321004
54_real,1.4250077,,,,,,,,,,,,,,,,,,,,,,,,,,,,,,,,,,,,,,,,,,,,,,,,,,1.3293642,,,,,,,,,,,,,,,,,,,
54_gen,1.4250077,1.4226305,1.4211781,1.417192,1.4152542,1.4140261,1.4101202,1.4063778,1.402472,1.3973444,1.3930929,1.3944366,1.3936027,1.3901432,1.3875091,1.3852785,1.3812883,1.376353,1.3734125,1.3698186,1.3701563,1.3691273,1.3664768,1.364175,1.3653731,1.3654107,1.3602172,1.3611068,1.3608412,1.3587469,1.3598315,1.3595836,1.3584417,1.3570142,1.3518244,1.3482835,1.3393459,1.3377926,1.3321488,1.328778,1.3251607,1.3196857,1.3119509,1.3058598,1.299266,1.2977405,1.2919953,1.2862128,1.2867066,1.2859735,1.2781045,1.2715108,1.2705555,1.2678338,1.2663454,1.2600164,1.2548718,1.2474232,1.2394247,1.2330549,1.2283915,1.2214196,1.2191381,1.2170228,1.2116245,1.2077888,1.2026818,1.1976763,1.1969684,1.1933368
55_real,1.0763233,,,,,,,,,,,,,,,,,,,,,,,,,,,,,,,,,,,,,,,,,,,,,,,,,,0.87966835,,,,,,,,,,,,,,,,,,,
55_gen,1.0763234,1.0713383,1.0654644,1.0585415,1.0546265,1.0500981,1.0472677,1.0417975,1.0358684,1.0325737,1.0276154,1.0217164,1.0154128,1.0104247,1.0079829,1.0045583,1.0004147,0.9962304,0.9910286,0.9869959,0.9820266,0.9782699,0.9722501,0.96677816,0.9624405,0.95933723,0.95623416,0.95395184,0.94826394,0.944119,0.94014895,0.9367875,0.933397,0.9293003,0.92882645,0.9261634,0.9218278,0.9172467,0.9133043,0.91219246,0.909702,0.9073,0.90401,0.9019907,0.8996037,0.89632255,0.89358234,0.88868064,0.88703203,0.8835707,0.8806732,0.8750685,0.8731009,0.8702696,0.8657073,0.86360997,0.85789126,0.85471356,0.8513174,0.8454936,0.8406707,0.83911353,0.8352618,0.8322997,0.8296439,0.82778484,0.82174665,0.81827277,0.81462514,0.8108365
56_real,0.7681401,,,,,,,,,,,,,,,,,,,,,,,,,,,,,,,,,,,,,,,,,,,,,,,,,,0.42224658,,,,,,,,,,,,,,,,,,,
56_gen,0.76814,0.7641913,0.7596046,0.75955963,0.75691265,0.75547975,0.7540692,0.7521676,0.74890745,0.7461413,0.7431509,0.7423798,0.73856795,0.73710835,0.736071,0.7344919,0.7317123,0.7281028,0.7255455,0.7245213,0.721172,0.7191144,0.7144152,0.7119998,0.71023595,0.70492446,0.7046331,0.7006444,0.6942495,0.6922356,0.69207585,0.68789124,0.6849921,0.6803579,0.67723125,0.67101353,0.66828406,0.6668681,0.6624426,0.66117275,0.6592754,0.6547093,0.6498114,0.64679515,0.64463913,0.6412877,0.63783437,0.63537353,0.6347538,0.6338152,0.6309986,0.62779,0.62207633,0.6195559,0.61871415,0.61617637,0.6142458,0.61172426,0.6090614,0.6057858,0.6041193,0.60154307,0.60032773,0.59980685,0.5964259,0.59369963,0.58755153,0.5824095,0.5803108,0.5767211
57_real,0.036431,,,,,,,,,,,,,,,,,,,,,,,,,,,,,,,,,,,,,,,,,,,,,,,,,,-0.37581474,,,,,,,,,,,,,,,,,,,
57_gen,0.036431003,0.028563553,0.021857321,0.013112808,0.0035848767,-0.00658665,-0.012874497,-0.022468066,-0.030511856,-0.036630414,-0.044824913,-0.052711703,-0.060312696,-0.0698549,-0.078219995,-0.085671194,-0.0963001,-0.10245122,-0.113596156,-0.12258749,-0.13027902,-0.13846102,-0.14981626,-0.1596446,-0.16608986,-0.16981776,-0.17688476,-0.18211651,-0.19105789,-0.2002583,-0.2087315,-0.21698001,-0.22372687,-0.23144925,-0.24065904,-0.2492899,-0.26025507,-0.2684173,-0.2774234,-0.2846529,-0.2918934,-0.29878312,-0.30699438,-0.31586754,-0.32517925,-0.33468008,-0.3368436,-0.34342742,-0.3495049,-0.35648894,-0.36322957,-0.37157893,-0.374202,-0.38067457,-0.38826728,-0.3968538,-0.40326223,-0.4094324,-0.4177825,-0.42288852,-0.42955932,-0.44076237,-0.44744247,-0.45224386,-0.45874757,-0.46369442,-0.47091073,-0.47897738,-0.48490435,-0.49210843
58_real,1.5148718,,,,,,,,,,,,,,,,,,,,,,,,,,,,,,,,,,,,,,,,,,,,,,,,,,1.3493146,,,,,,,,,,,,,,,,,,,
58_gen,1.5148717,1.5060738,1.5012165,1.4939432,1.4870803,1.4811699,1.4723586,1.4640096,1.4575572,1.4543833,1.4454278,1.4385803,1.4354471,1.430128,1.4220725,1.4170811,1.4087253,1.4032456,1.3996241,1.3920923,1.3893111,1.3851372,1.3795704,1.377793,1.3746425,1.3714256,1.3686059,1.3627026,1.3578057,1.3556406,1.3501425,1.3443298,1.3386753,1.332781,1.3259848,1.322594,1.3162045,1.3103554,1.3063196,1.2978151,1.294545,1.2897012,1.2871317,1.2840103,1.2760456,1.2695882,1.2668337,1.2615082,1.2563599,1.2541248,1.2487593,1.245621,1.2426556,1.2385756,1.2355565,1.233413,1.2293948,1.2261424,1.2207023,1.2159348,1.2121142,1.2047923,1.1974047,1.1949217,1.1892161,1.1852387,1.1820354,1.1781952,1.1735526,1.1660726
59_real,1.6904005,,,,,,,,,,,,,,,,,,,,,,,,,,,,,,,,,,,,,,,,,,,,,,,,,,1.2324225,,,,,,,,,,,,,,,,,,,
59_gen,1.6904004,1.687821,1.6843224,1.6796299,1.6746178,1.6725519,1.6694208,1.6664919,1.6652954,1.6623762,1.6601446,1.654279,1.6500899,1.6465324,1.6441368,1.640907,1.6373522,1.6353838,1.6326767,1.6316696,1.6289384,1.6241738,1.6186638,1.6153339,1.6127262,1.6115398,1.6105713,1.6062517,1.6037483,1.6001952,1.5955496,1.5950459,1.593572,1.5922511,1.5904849,1.587001,1.5861924,1.5855024,1.5806941,1.579485,1.5741199,1.5750539,1.5724163,1.5718848,1.5715148,1.5724505,1.5700067,1.5684043,1.5664996,1.5629592,1.5622377,1.5612346,1.5601413,1.5572504,1.5559785,1.5530924,1.5492485,1.5457075,1.5440189,1.5415919,1.5371462,1.5347216,1.5316412,1.5297037,1.5263784,1.5224259,1.5199015,1.5140569,1.50842,1.5077729
60_real,1.8789784,,,,,,,,,,,,,,,,,,,,,,,,,,,,,,,,,,,,,,,,,,,,,,,,,,1.8271606,,,,,,,,,,,,,,,,,,,
60_gen,1.8789785,1.8778193,1.8726814,1.870924,1.8670957,1.8616778,1.860225,1.8576415,1.8542219,1.8540878,1.8541639,1.8522453,1.8504995,1.8468115,1.8436873,1.8418506,1.8397251,1.8385102,1.8359401,1.8331382,1.8316822,1.8319505,1.8308655,1.8324903,1.8334129,1.8313029,1.8325548,1.8328825,1.8337784,1.8347975,1.8344564,1.8364398,1.8373661,1.8364884,1.8353682,1.8357952,1.836479,1.8344901,1.8333813,1.8346214,1.8351101,1.8353726,1.8370928,1.8354142,1.8352197,1.8324261,1.8301659,1.8299669,1.8271364,1.8262255,1.8275421,1.82724,1.8272892,1.8252783,1.8265145,1.8285948,1.8263743,1.8249853,1.8234869,1.8206861,1.8201666,1.8194844,1.8187126,1.8180555,1.8169749,1.8149891,1.8155463,1.8159549,1.8178583,1.8185723
61_real,1.8615524,,,,,,,,,,,,,,,,,,,,,,,,,,,,,,,,,,,,,,,,,,,,,,,,,,1.8445722,,,,,,,,,,,,,,,,,,,
61_gen,1.8615525,1.8594882,1.8578823,1.8532778,1.8491051,1.8477879,1.8425041,1.8380053,1.837382,1.8316082,1.8252151,1.8253887,1.8221356,1.8208033,1.8175408,1.8145592,1.8111241,1.808642,1.8034925,1.803744,1.7986311,1.794234,1.7943703,1.795224,1.7907197,1.7860482,1.7842371,1.7850723,1.7842709,1.7843163,1.7806313,1.7775589,1.7740484,1.7757761,1.7746542,1.7719765,1.7679446,1.763511,1.762132,1.7614114,1.7624037,1.7632004,1.7630993,1.761432,1.7623695,1.7599537,1.755331,1.7559649,1.7549797,1.7500483,1.7504534,1.7492863,1.7486503,1.7499024,1.7460302,1.7434578,1.737066,1.7356075,1.7355483,1.7347654,1.734944,1.733063,1.7317652,1.7343533,1.7342646,1.7360337,1.7351787,1.7340326,1.7338063,1.7334557
62_real,1.72556,,,,,,,,,,,,,,,,,,,,,,,,,,,,,,,,,,,,,,,,,,,,,,,,,,1.6922146,,,,,,,,,,,,,,,,,,,
62_gen,1.72556,1.7203057,1.7126865,1.7103564,1.7118638,1.708855,1.7082145,1.7071187,1.7070564,1.7042205,1.6999795,1.6975619,1.695933,1.6927544,1.6939284,1.6921237,1.6872597,1.6846415,1.683773,1.6800264,1.6766447,1.6782477,1.6819813,1.6797199,1.6759685,1.673276,1.6715542,1.6698974,1.6728933,1.6709573,1.6693265,1.6667101,1.6627095,1.660133,1.6566002,1.6570518,1.6579441,1.6574545,1.6579266,1.655776,1.6532596,1.6482929,1.6467546,1.6420845,1.6451172,1.6405538,1.6351134,1.633393,1.630974,1.6260103,1.6194683,1.6169932,1.6137222,1.6125925,1.6122822,1.6069915,1.6022142,1.6065782,1.6063292,1.603945,1.6001915,1.5991623,1.5971725,1.5946457,1.5909771,1.5910043,1.5881689,1.5833323,1.5783007,1.5763113
63_real,2.664375,,,,,,,,,,,,,,,,,,,,,,,,,,,,,,,,,,,,,,,,,,,,,,,,,,2.2892253,,,,,,,,,,,,,,,,,,,
63_gen,2.664375,2.6494172,2.6409593,2.6317484,2.6210287,2.610591,2.5996437,2.59134,2.5845673,2.5744603,2.5674071,2.55889,2.550796,2.5442255,2.5402367,2.5327282,2.524531,2.5212023,2.5158534,2.5082614,2.5034986,2.4967782,2.4903204,2.484221,2.4770596,2.4738007,2.4708085,2.4668214,2.4576867,2.4492168,2.44369,2.438973,2.434587,2.426235,2.4204247,2.413113,2.4091785,2.4055302,2.396192,2.389969,2.385153,2.3785505,2.3744018,2.3703737,2.365983,2.364912,2.3577623,2.349278,2.3472013,2.3428833,2.3384197,2.331658,2.3238645,2.3187447,2.3114367,2.3073914,2.302768,2.2960362,2.2926278,2.2891102,2.2849534,2.2771857,2.2746284,2.2671363,2.2643611,2.2565165,2.2526073,2.251063,2.2473583,2.237728
64_real,1.4408925,,,,,,,,,,,,,,,,,,,,,,,,,,,,,,,,,,,,,,,,,,,,,,,,,,0.8893606,,,,,,,,,,,,,,,,,,,
64_gen,1.4408923,1.433375,1.4250019,1.4202094,1.4130852,1.4052134,1.3969901,1.3841624,1.3737911,1.3687528,1.3588318,1.3520067,1.3466736,1.3388152,1.3286397,1.3199861,1.3140473,1.3090928,1.3024037,1.2964455,1.2872479,1.2795843,1.2741492,1.2650002,1.2558687,1.252842,1.2447369,1.2385107,1.2335063,1.2297518,1.2239653,1.2172463,1.2074398,1.1972252,1.1945628,1.1907499,1.1812426,1.1755984,1.1720929,1.1673715,1.1599414,1.1516745,1.1452222,1.1362077,1.1290531,1.1223587,1.1167896,1.110591,1.107059,1.1006314,1.0961182,1.0906389,1.084306,1.0785094,1.072201,1.0680312,1.0623747,1.0592834,1.0554836,1.0482589,1.0409471,1.0322216,1.0239768,1.0155169,1.0085882,1.002921,0.99812156,0.9939842,0.9898478,0.9832134
65_real,0.33154073,,,,,,,,,,,,,,,,,,,,,,,,,,,,,,,,,,,,,,,,,,,,,,,,,,-0.1412532,,,,,,,,,,,,,,,,,,,
65_gen,0.33154076,0.32344744,0.31772962,0.31051067,0.30235922,0.29521158,0.29121104,0.28443033,0.27957883,0.27179283,0.2671525,0.26132113,0.25338918,0.24678488,0.24094856,0.23688138,0.23198709,0.22735302,0.22229871,0.2184122,0.2112852,0.20644084,0.20148651,0.19464037,0.19248046,0.18737113,0.18322636,0.18081059,0.17529243,0.17053498,0.16469237,0.16169228,0.1589199,0.15129666,0.14788239,0.14198011,0.13570397,0.13171689,0.12595631,0.12323318,0.11816808,0.11285734,0.110596456,0.10667603,0.10307757,0.09925863,0.095476955,0.090746865,0.08497678,0.08039678,0.07753454,0.071600765,0.064864814,0.06068458,0.05760308,0.05164196,0.04699934,0.041917812,0.035653554,0.02916051,0.026483929,0.022514045,0.019687276,0.0120323645,0.0043231943,-0.0013586335,-0.006488526,-0.011904313,-0.015788212,-0.021932349
66_real,0.5343505,,,,,,,,,,,,,,,,,,,,,,,,,,,,,,,,,,,,,,,,,,,,,,,,,,0.012626834,,,,,,,,,,,,,,,,,,,
66_gen,0.53435045,0.52590215,0.51880914,0.5098932,0.5053476,0.49987823,0.49437737,0.48816738,0.48076224,0.47254792,0.4649403,0.45808688,0.4514658,0.44523007,0.43817788,0.43072987,0.42413393,0.42018396,0.4164919,0.40792084,0.40197825,0.39770803,0.391601,0.38802323,0.38489667,0.38124433,0.38276953,0.37918165,0.373108,0.3669995,0.36177343,0.3595938,0.35507232,0.3471134,0.34462708,0.3371881,0.33138818,0.3279919,0.32005468,0.31400877,0.30664194,0.3009842,0.2971763,0.29171774,0.28378516,0.28162244,0.2769437,0.27247328,0.2648233,0.26283103,0.2574039,0.25606135,0.25159472,0.2489932,0.24624746,0.24063225,0.23344955,0.22684765,0.22494848,0.21872044,0.21737692,0.20879717,0.20364967,0.2001985,0.19091034,0.18514742,0.182127,0.17512038,0.16958827,0.16839397
67_real,0.189838,,,,,,,,,,,,,,,,,,,,,,,,,,,,,,,,,,,,,,,,,,,,,,,,,,-0.4671861,,,,,,,,,,,,,,,,,,,
67_gen,0.18983802,0.18753447,0.18458806,0.18094033,0.17602006,0.17529745,0.17538726,0.16974193,0.16761453,0.16610566,0.16257003,0.16155624,0.15731022,0.15351954,0.15348476,0.15115413,0.14605226,0.1425261,0.14124022,0.13501915,0.13483688,0.12925346,0.1260365,0.12042061,0.115860835,0.11163466,0.109090544,0.10523776,0.10476315,0.10378356,0.101745225,0.102668405,0.09846009,0.09474578,0.09324614,0.094086446,0.09584996,0.09082272,0.086213395,0.083254084,0.077696875,0.07546262,0.072096385,0.07241942,0.066639364,0.061589442,0.059683405,0.05740565,0.055571277,0.055513114,0.050564714,0.047141597,0.047340766,0.047800694,0.04471937,0.04432669,0.043637436,0.040774856,0.041805778,0.038406845,0.03582654,0.035407763,0.030805733,0.024707654,0.021000141,0.017639618,0.011896867,0.009229108,0.0071810945,0.0020532273
68_real,0.16289674,,,,,,,,,,,,,,,,,,,,,,,,,,,,,,,,,,,,,,,,,,,,,,,,,,-0.18128696,,,,,,,,,,,,,,,,,,,
68_gen,0.16289674,0.15971042,0.15463097,0.14993902,0.14456722,0.13995501,0.1344182,0.12948522,0.12632434,0.124574125,0.12115605,0.11451254,0.111507714,0.107392594,0.10466943,0.09845048,0.09642021,0.09282936,0.090863496,0.085370705,0.08036821,0.07643588,0.07194653,0.065782,0.06488108,0.06424641,0.06324665,0.05978235,0.055207975,0.055444013,0.051392227,0.047287814,0.043430377,0.041686583,0.035623383,0.032717533,0.028833717,0.025276188,0.022069998,0.014403613,0.012432723,0.0070171542,0.003075792,-0.0030333584,-0.007241451,-0.009502692,-0.011278304,-0.01730292,-0.019860782,-0.024496892,-0.028903136,-0.03342897,-0.037943475,-0.037418414,-0.039536487,-0.04074791,-0.043620586,-0.043357458,-0.04550292,-0.045694776,-0.0427855,-0.044649214,-0.04319937,-0.043500446,-0.047986984,-0.052985143,-0.058647633,-0.065141305,-0.06395978,-0.0679367
69_real,0.20351802,,,,,,,,,,,,,,,,,,,,,,,,,,,,,,,,,,,,,,,,,,,,,,,,,,-0.11360896,,,,,,,,,,,,,,,,,,,
69_gen,0.203518,0.20300038,0.20205775,0.19782956,0.19316158,0.18641987,0.18320042,0.17722937,0.17502221,0.17187427,0.17001608,0.17194714,0.1675706,0.16635825,0.161421,0.15723361,0.15305856,0.14960578,0.14697705,0.14570595,0.14258437,0.13796292,0.13244149,0.13077721,0.12476277,0.12400619,0.12287585,0.12317802,0.12126297,0.11543381,0.11341591,0.11337622,0.10773061,0.10479234,0.099125125,0.09662862,0.094586655,0.09090277,0.08569268,0.08295858,0.07653408,0.0726722,0.067439705,0.063094065,0.059409536,0.051383626,0.04860173,0.042753063,0.03727286,0.03189672,0.028337097,0.02928223,0.024865996,0.019911258,0.019007752,0.016523186,0.013641208,0.0076938076,0.0035083056,0.000601656,-0.0031106428,-0.0064745257,-0.0111864675,-0.0130671235,-0.014701717,-0.021777488,-0.024022998,-0.026974117,-0.031204343,-0.034424555
70_real,0.3771892,,,,,,,,,,,,,,,,,,,,,,,,,,,,,,,,,,,,,,,,,,,,,,,,,,0.42442796,,,,,,,,,,,,,,,,,,,
70_gen,0.3771892,0.36645573,0.36085564,0.35577446,0.34821716,0.34178746,0.33825758,0.3315174,0.32975924,0.32173988,0.3140567,0.30981976,0.30501217,0.29930994,0.2935776,0.29032457,0.28594646,0.2815223,0.276589,0.27417785,0.2699606,0.2666693,0.26231045,0.25410205,0.24781854,0.2419846,0.2350359,0.23510209,0.23530054,0.22955923,0.22507398,0.223115,0.2178413,0.21236205,0.21092184,0.2110058,0.20844138,0.20608597,0.20159642,0.19503534,0.19358584,0.19072464,0.18355806,0.18130675,0.17941068,0.17204963,0.16943459,0.16318515,0.15926683,0.15499958,0.15249664,0.14739934,0.14355722,0.14301541,0.14189693,0.13833013,0.132177,0.12706015,0.12361455,0.12009118,0.11582091,0.11256288,0.11127405,0.10572513,0.09880029,0.09744167,0.094511144,0.08945783,0.08401789,0.07950892
71_real,0.68468547,,,,,,,,,,,,,,,,,,,,,,,,,,,,,,,,,,,,,,,,,,,,,,,,,,0.33799198,,,,,,,,,,,,,,,,,,,
71_gen,0.6846855,0.687633,0.68937904,0.6853169,0.6905884,0.6891798,0.69048613,0.6950183,0.69669163,0.6983342,0.6980518,0.6997902,0.69844073,0.69732404,0.6960161,0.6943205,0.6937376,0.69163215,0.68907493,0.6939876,0.6941019,0.6961595,0.6923621,0.6914458,0.69134533,0.69382346,0.69515276,0.69418305,0.69186264,0.688911,0.68802583,0.6866611,0.68488896,0.684724,0.68303645,0.6834587,0.6814205,0.6768917,0.6760438,0.67783785,0.6798137,0.67759275,0.67863756,0.6804065,0.6806468,0.6792606,0.6817072,0.68110955,0.68062377,0.6752655,0.67251647,0.6679361,0.6674322,0.66741663,0.66644573,0.6690324,0.6659975,0.65930253,0.6579997,0.65766615,0.6502673,0.6472849,0.646901,0.64419097,0.640308,0.6382089,0.63925487,0.6336393,0.6342124,0.6359158
72_real,1.484076,,,,,,,,,,,,,,,,,,,,,,,,,,,,,,,,,,,,,,,,,,,,,,,,,,1.0180163,,,,,,,,,,,,,,,,,,,
72_gen,1.4840759,1.4830625,1.4776394,1.474674,1.4726613,1.4708525,1.4674457,1.461647,1.4561417,1.4534867,1.449723,1.4463494,1.4454157,1.440165,1.4398965,1.4378502,1.4393065,1.4365071,1.4302233,1.4269024,1.4240993,1.4209447,1.416122,1.4180152,1.4161642,1.4100316,1.4074979,1.4056376,1.4049324,1.4078894,1.4087926,1.4090564,1.4074676,1.4060118,1.4014165,1.4010937,1.3990742,1.3939916,1.3904951,1.3865426,1.3848498,1.3852258,1.3831646,1.3796366,1.3749754,1.3723453,1.3733176,1.3721877,1.3685112,1.3628604,1.3591274,1.3583229,1.3564221,1.3517717,1.3546813,1.3565091,1.3546036,1.3495467,1.3480663,1.3455456,1.3401556,1.3376428,1.3391739,1.3355316,1.3339872,1.3317572,1.328136,1.3269641,1.325385,1.3228233
73_real,1.0340303,,,,,,,,,,,,,,,,,,,,,,,,,,,,,,,,,,,,,,,,,,,,,,,,,,0.6862324,,,,,,,,,,,,,,,,,,,
73_gen,1.0340302,1.0370321,1.0398091,1.037388,1.0379617,1.0335722,1.0332409,1.0317842,1.0331857,1.0305296,1.0344512,1.032505,1.028311,1.0285597,1.0271219,1.0233148,1.0206071,1.0199926,1.0160439,1.012937,1.0165267,1.0103405,1.0106914,1.0073634,1.0045,1.0066773,1.0024503,1.000523,0.9991695,0.9975542,0.99406224,0.9891125,0.9863881,0.98278105,0.9796165,0.9762193,0.9778207,0.9760907,0.97013265,0.9666184,0.9675907,0.9628881,0.95339566,0.9507567,0.9482872,0.95031655,0.94822043,0.9476493,0.9406413,0.9429833,0.94076824,0.9404143,0.94105625,0.9368192,0.93838674,0.93449914,0.9361361,0.93617886,0.9308995,0.93111074,0.92620134,0.9220163,0.91910565,0.91918594,0.91642153,0.91383934,0.91100806,0.9101427,0.9112929,0.91212165
74_real,0.01231335,,,,,,,,,,,,,,,,,,,,,,,,,,,,,,,,,,,,,,,,,,,,,,,,,,-0.16060804,,,,,,,,,,,,,,,,,,,
74_gen,0.01231335,0.0064534545,-9.977855e-05,-0.0047709225,-0.00772167,-0.017061362,-0.023055738,-0.021735212,-0.027531523,-0.027598146,-0.031373203,-0.034022152,-0.03603228,-0.04300886,-0.04622021,-0.050251313,-0.05180819,-0.054463964,-0.059265055,-0.05942417,-0.06426317,-0.06549324,-0.0655965,-0.07019917,-0.069691524,-0.06915109,-0.071254596,-0.07509508,-0.07377185,-0.07719445,-0.079260245,-0.07439807,-0.080433905,-0.0839879,-0.08464756,-0.085824065,-0.08210367,-0.0780814,-0.079070464,-0.08146794,-0.078339264,-0.08389791,-0.09053937,-0.08653777,-0.082310125,-0.080514446,-0.07792067,-0.07611769,-0.07747649,-0.081516325,-0.08620404,-0.08864142,-0.08625077,-0.08929025,-0.0848674,-0.08689237,-0.088854626,-0.09588522,-0.094788715,-0.097917184,-0.09517412,-0.09858513,-0.10017671,-0.097743705,-0.09769122,-0.095207855,-0.09624453,-0.09817479,-0.09574387,-0.09840672
75_real,1.4190587,,,,,,,,,,,,,,,,,,,,,,,,,,,,,,,,,,,,,,,,,,,,,,,,,,1.021831,,,,,,,,,,,,,,,,,,,
75_gen,1.4190587,1.4176347,1.4181297,1.4153478,1.4107027,1.4079554,1.4045651,1.4028637,1.4025992,1.3996496,1.4001245,1.3957319,1.3919716,1.3893571,1.3865626,1.3803679,1.3782624,1.3745626,1.3729838,1.367583,1.3672887,1.3638891,1.3617291,1.3606048,1.3572518,1.3547263,1.3522763,1.3505352,1.347492,1.3462915,1.3447435,1.3437927,1.3442389,1.3400927,1.338122,1.3348532,1.3343637,1.3325344,1.329477,1.3268007,1.3261076,1.3243909,1.3239138,1.3209678,1.3215053,1.3204974,1.316184,1.3166902,1.3139715,1.3136066,1.312423,1.3092215,1.3063259,1.304482,1.3032832,1.3013916,1.3019445,1.3013952,1.3013952,1.3002174,1.2999532,1.2958546,1.2940894,1.2919986,1.2894131,1.2863986,1.2851517,1.2831402,1.2822851,1.2823198
76_real,1.0419759,,,,,,,,,,,,,,,,,,,,,,,,,,,,,,,,,,,,,,,,,,,,,,,,,,0.66767603,,,,,,,,,,,,,,,,,,,
76_gen,1.0419759,1.0375545,1.034687,1.0311352,1.0289605,1.0260681,1.0256909,1.0245293,1.0225811,1.0202229,1.0198739,1.0169271,1.015876,1.015396,1.0142409,1.013511,1.0102962,1.011377,1.0094755,1.0078952,1.0064303,1.004144,1.0054553,1.0051196,1.004413,1.0041518,1.0036213,1.0041275,1.0046694,1.004564,1.0048387,1.004789,1.0015734,1.0015776,1.0011722,0.999905,0.9993432,1.0022719,1.0006784,1.001547,1.0017402,1.003516,1.0010722,1.0014422,1.000605,0.99994814,1.0032632,1.0001112,0.99877226,0.9991701,0.9991082,0.9978013,0.9990698,0.9994974,0.99805737,0.99741346,0.99709594,0.99894464,0.9985391,0.9930994,0.99088955,0.9914694,0.9878362,0.9885966,0.98751545,0.98974705,0.9887454,0.98766184,0.98748666,0.9884125
77_real,-0.6572041,,,,,,,,,,,,,,,,,,,,,,,,,,,,,,,,,,,,,,,,,,,,,,,,,,-0.7604416,,,,,,,,,,,,,,,,,,,
77_gen,-0.6572041,-0.6618663,-0.6654407,-0.6687278,-0.66985196,-0.6713209,-0.6741199,-0.6758061,-0.6800286,-0.6816565,-0.681059,-0.68112415,-0.68399286,-0.6864444,-0.68744934,-0.6882458,-0.68984056,-0.6930489,-0.692794,-0.69464904,-0.6977562,-0.70097804,-0.70333076,-0.7041689,-0.7060325,-0.70672613,-0.7117072,-0.7121366,-0.7142265,-0.71862054,-0.7220633,-0.72385937,-0.72603405,-0.7291697,-0.72941744,-0.73069334,-0.7304232,-0.73199356,-0.73621213,-0.7379381,-0.741388,-0.74499685,-0.7472744,-0.7507862,-0.75385976,-0.75530976,-0.7565215,-0.75860846,-0.761286,-0.7625629,-0.7665434,-0.7676385,-0.76943135,-0.77002317,-0.7751271,-0.7736752,-0.77479947,-0.7783822,-0.78414756,-0.7882901,-0.7907928,-0.7946655,-0.79686034,-0.80153006,-0.80409527,-0.8059287,-0.8091636,-0.8121306,-0.81467927,-0.8137313
78_real,-0.5392312,,,,,,,,,,,,,,,,,,,,,,,,,,,,,,,,,,,,,,,,,,,,,,,,,,-0.80599964,,,,,,,,,,,,,,,,,,,
78_gen,-0.53923124,-0.5416128,-0.5467154,-0.5526843,-0.55287826,-0.5565426,-0.5539416,-0.5586945,-0.5629328,-0.56401646,-0.56687105,-0.5663492,-0.5692986,-0.5715586,-0.57301915,-0.5756067,-0.5784415,-0.5820458,-0.58347356,-0.58701384,-0.58954567,-0.5929637,-0.5971028,-0.59912765,-0.602469,-0.6056555,-0.61076486,-0.612987,-0.61310214,-0.6161708,-0.6190502,-0.6212015,-0.6252372,-0.6302042,-0.6338283,-0.63619965,-0.638893,-0.6418662,-0.6478111,-0.64865303,-0.6548997,-0.6593834,-0.6632947,-0.6636736,-0.6694149,-0.6724857,-0.6748205,-0.677839,-0.6818483,-0.68503463,-0.68868,-0.693432,-0.6951077,-0.69904554,-0.7054758,-0.7076382,-0.7114678,-0.71413255,-0.7171444,-0.72085917,-0.72501934,-0.7313154,-0.7383735,-0.74035597,-0.7431823,-0.7461443,-0.7502718,-0.75259286,-0.75376683,-0.75729996
79_real,0.5332403,,,,,,,,,,,,,,,,,,,,,,,,,,,,,,,,,,,,,,,,,,,,,,,,,,0.6849379,,,,,,,,,,,,,,,,,,,
79_gen,0.5332403,0.52831,0.5252136,0.52066505,0.51462734,0.5109945,0.50705,0.5005984,0.49566308,0.4905479,0.4852808,0.47948113,0.4739892,0.46801296,0.46192366,0.45781904,0.4540587,0.45031613,0.4467207,0.44125152,0.4381114,0.4340578,0.4279407,0.42430505,0.42074618,0.41779763,0.41386557,0.41018313,0.40842813,0.4023099,0.39820665,0.39537698,0.3923235,0.3897315,0.38697284,0.3814965,0.37921634,0.37587935,0.37160727,0.3676543,0.36382622,0.3604464,0.3566223,0.3531224,0.35115674,0.34851965,0.34638777,0.34313792,0.34058887,0.3369489,0.33433253,0.33038026,0.32812977,0.32557622,0.32246673,0.3191514,0.3148437,0.31384203,0.3101815,0.30912414,0.30836338,0.30536407,0.30393004,0.30178216,0.29846054,0.29544353,0.29201904,0.28919703,0.2869424,0.28475395
80_real,1.222507,,,,,,,,,,,,,,,,,,,,,,,,,,,,,,,,,,,,,,,,,,,,,,,,,,1.2767768,,,,,,,,,,,,,,,,,,,
80_gen,1.2225071,1.2174368,1.2139246,1.2084129,1.201719,1.1962569,1.1916205,1.1866838,1.1813812,1.1758811,1.1737854,1.1701815,1.1660044,1.1605564,1.157015,1.1530677,1.1501529,1.1478828,1.1455171,1.139449,1.1373857,1.1345719,1.1312668,1.1275159,1.1226343,1.1173156,1.1112144,1.1071975,1.1051958,1.1021273,1.0971878,1.0932114,1.0917801,1.0882825,1.0847139,1.0815066,1.0787921,1.0753596,1.0721217,1.0685123,1.0671766,1.0634798,1.0606096,1.057834,1.0554429,1.0537794,1.0510724,1.0487782,1.04778,1.0449178,1.0428602,1.0395545,1.0356607,1.0318983,1.0306801,1.0280161,1.0235344,1.0207,1.018159,1.0167935,1.0155944,1.0138897,1.0109491,1.0082757,1.0050895,1.0037549,1.0012143,0.99968827,0.9983679,0.99632615
81_real,1.7627013,,,,,,,,,,,,,,,,,,,,,,,,,,,,,,,,,,,,,,,,,,,,,,,,,,1.227865,,,,,,,,,,,,,,,,,,,
81_gen,1.7627013,1.7582786,1.752636,1.7451528,1.7351443,1.7234243,1.714674,1.7062988,1.6967742,1.6864742,1.6799446,1.6726086,1.6679401,1.6619667,1.6556791,1.648628,1.6439314,1.63928,1.6344147,1.6290085,1.623316,1.6160961,1.6109684,1.608168,1.6020517,1.597706,1.5953746,1.5890702,1.5833883,1.5770398,1.573771,1.5689974,1.5648174,1.5597346,1.5558825,1.5471278,1.5443761,1.5411952,1.537091,1.532429,1.5272954,1.5256567,1.5203142,1.5150915,1.5103216,1.5011076,1.4959139,1.4906898,1.4848902,1.4801185,1.4755993,1.4706757,1.4656012,1.4617289,1.4548751,1.4482774,1.4409173,1.4334457,1.4302956,1.4284797,1.4243228,1.4204601,1.4133294,1.408742,1.4035795,1.3968377,1.3904369,1.3865227,1.38104,1.3740234
82_real,0.97443676,,,,,,,,,,,,,,,,,,,,,,,,,,,,,,,,,,,,,,,,,,,,,,,,,,0.6447796,,,,,,,,,,,,,,,,,,,
82_gen,0.97443676,0.97089434,0.9672521,0.9603857,0.95457304,0.9495446,0.94689023,0.9433788,0.94000167,0.93629265,0.9314054,0.9283732,0.92408276,0.9208168,0.9151514,0.9103371,0.9058326,0.90245086,0.8973687,0.89496356,0.89064896,0.88905686,0.8867652,0.88300914,0.88258266,0.8812917,0.8772923,0.87271595,0.86931515,0.8663186,0.8635601,0.86178416,0.8596724,0.8561018,0.8556832,0.8533456,0.85064065,0.84842694,0.84516,0.84366244,0.8406723,0.83743924,0.83632356,0.83303195,0.83132714,0.8289443,0.82835674,0.82606965,0.82379836,0.8221842,0.82126266,0.81861293,0.8131611,0.81097966,0.80793685,0.80524576,0.8030909,0.799122,0.79740226,0.79739887,0.7944661,0.7936715,0.79196626,0.7893628,0.7865387,0.78659785,0.7866568,0.7847327,0.78117245,0.78138715
83_real,0.49975765,,,,,,,,,,,,,,,,,,,,,,,,,,,,,,,,,,,,,,,,,,,,,,,,,,0.40084624,,,,,,,,,,,,,,,,,,,
83_gen,0.4997577,0.4939177,0.48579606,0.47689423,0.4698646,0.46138686,0.4568048,0.45056573,0.44449934,0.43785334,0.43339166,0.42635328,0.4191621,0.41228867,0.40845075,0.40267387,0.3959686,0.38888183,0.3818348,0.37854132,0.37120786,0.36445773,0.3605916,0.35765743,0.3510296,0.34274477,0.3389728,0.33787185,0.33323643,0.3318077,0.32686856,0.32164866,0.31601924,0.31550115,0.3125639,0.3072607,0.30373505,0.29964644,0.29075408,0.28333312,0.28226966,0.27798766,0.2759001,0.27444595,0.27011245,0.2647058,0.26266557,0.26030913,0.25543788,0.25248587,0.2476485,0.24665801,0.24185893,0.23796467,0.23348708,0.22855708,0.22325253,0.21989644,0.21620913,0.2091532,0.20537524,0.19952095,0.19618425,0.19039287,0.18788907,0.18154642,0.1787416,0.17739931,0.17380261,0.16754654
84_real,1.1441467,,,,,,,,,,,,,,,,,,,,,,,,,,,,,,,,,,,,,,,,,,,,,,,,,,1.0754416,,,,,,,,,,,,,,,,,,,
84_gen,1.1441468,1.1352978,1.1280339,1.1203923,1.1145324,1.1091202,1.1049781,1.0980754,1.0947845,1.0897648,1.0842996,1.0790122,1.0744267,1.0680265,1.0661094,1.0593693,1.0512096,1.045755,1.0408468,1.0355232,1.0296407,1.0229907,1.0184515,1.0133821,1.0070581,0.998946,0.99335784,0.99392384,0.99081576,0.98591375,0.9821702,0.97586936,0.9722169,0.9680392,0.9640814,0.95882547,0.95497453,0.94720113,0.9425491,0.9373396,0.9280988,0.91835463,0.9137546,0.91187394,0.90504473,0.9007163,0.89797246,0.8943567,0.887761,0.8841432,0.8802406,0.87239945,0.86830795,0.8612275,0.8530202,0.8521061,0.8464899,0.84259593,0.8353962,0.8298194,0.8231637,0.82049304,0.8136405,0.81034386,0.8028847,0.7939319,0.78935844,0.7832929,0.77907836,0.7735257
85_real,-0.019022781,,,,,,,,,,,,,,,,,,,,,,,,,,,,,,,,,,,,,,,,,,,,,,,,,,-0.032692775,,,,,,,,,,,,,,,,,,,
85_gen,-0.01902278,-0.021366978,-0.025916373,-0.030013412,-0.03433674,-0.0369982,-0.042147186,-0.04925368,-0.052414555,-0.05548687,-0.05770587,-0.062286057,-0.06797514,-0.073297635,-0.07727496,-0.07821523,-0.083496645,-0.08624518,-0.090861194,-0.096831106,-0.0995823,-0.09983511,-0.10067375,-0.10464315,-0.10846634,-0.11343952,-0.1166514,-0.122177586,-0.12052256,-0.123705104,-0.12367538,-0.12463194,-0.12847431,-0.1315894,-0.13838664,-0.14258195,-0.14559858,-0.14996034,-0.15037195,-0.15266946,-0.15665242,-0.15901954,-0.16213295,-0.16705783,-0.17010957,-0.17196372,-0.17428906,-0.17694084,-0.18192324,-0.18613046,-0.18888384,-0.19073474,-0.19201107,-0.19523074,-0.19951229,-0.20134954,-0.2043602,-0.20784053,-0.21510336,-0.21829195,-0.22235616,-0.22528556,-0.22800756,-0.2319977,-0.23516802,-0.23668973,-0.24327405,-0.24745893,-0.25077435,-0.25582653
86_real,-0.052707177,,,,,,,,,,,,,,,,,,,,,,,,,,,,,,,,,,,,,,,,,,,,,,,,,,-0.24937513,,,,,,,,,,,,,,,,,,,
86_gen,-0.052707173,-0.059078503,-0.063790835,-0.066651694,-0.06734295,-0.07237055,-0.07372315,-0.08015344,-0.08182238,-0.085261755,-0.09045266,-0.09658827,-0.09977674,-0.10482581,-0.10599525,-0.109116875,-0.11003087,-0.11249037,-0.11514802,-0.120751835,-0.12315198,-0.12501742,-0.12954812,-0.12963283,-0.13630988,-0.13776083,-0.14007966,-0.14378059,-0.14495504,-0.14608595,-0.14856455,-0.15149617,-0.15704685,-0.15741281,-0.16052239,-0.16194168,-0.16544436,-0.168896,-0.16989167,-0.1746558,-0.17905623,-0.18009263,-0.17782941,-0.1812609,-0.18515532,-0.19093725,-0.19338888,-0.19618967,-0.19707783,-0.20048466,-0.2027096,-0.20165765,-0.2042164,-0.20850047,-0.21315458,-0.21594909,-0.22017379,-0.2254842,-0.22992638,-0.23189557,-0.23540959,-0.23811348,-0.23773363,-0.24111426,-0.24429771,-0.24868616,-0.25114465,-0.25235766,-0.25630385,-0.25876078
87_real,0.07423046,,,,,,,,,,,,,,,,,,,,,,,,,,,,,,,,,,,,,,,,,,,,,,,,,,0.030717745,,,,,,,,,,,,,,,,,,,
87_gen,0.074230455,0.07448928,0.076514035,0.07715266,0.08254278,0.07924312,0.07820132,0.07722953,0.07752423,0.07713552,0.072710454,0.071064524,0.07205297,0.067325614,0.06853601,0.07163286,0.070662305,0.07356282,0.07185055,0.07335652,0.078275874,0.07927844,0.08019954,0.08144036,0.07996325,0.080461994,0.07725324,0.07592119,0.071818165,0.069691494,0.07016165,0.06972315,0.065002665,0.0626317,0.062643304,0.05761825,0.052888047,0.05160413,0.050894372,0.051562328,0.052170135,0.050010405,0.04993388,0.049922623,0.04911037,0.04888885,0.044196896,0.03951075,0.03718487,0.037311886,0.03169393,0.033495728,0.034871735,0.03690494,0.040777154,0.03809721,0.035593826,0.03564203,0.035604276,0.036656007,0.035927452,0.03162825,0.03375454,0.03469073,0.03446593,0.036962245,0.034146376,0.0316506,0.025550049,0.024107303
88_real,-0.2664114,,,,,,,,,,,,,,,,,,,,,,,,,,,,,,,,,,,,,,,,,,,,,,,,,,-0.028846595,,,,,,,,,,,,,,,,,,,
88_gen,-0.26641136,-0.26936683,-0.27548596,-0.27790105,-0.28036395,-0.28348604,-0.28864425,-0.28819096,-0.28744265,-0.28839093,-0.29159856,-0.29682153,-0.30253363,-0.3030622,-0.30020863,-0.30095094,-0.29974255,-0.3035838,-0.3065669,-0.3092619,-0.30978984,-0.3095525,-0.31341827,-0.31169647,-0.3121894,-0.31450653,-0.31542164,-0.31658125,-0.31469125,-0.3130781,-0.31385705,-0.3159191,-0.31662446,-0.31566134,-0.31818724,-0.31884557,-0.3172462,-0.31657743,-0.3172888,-0.31747764,-0.3185106,-0.31993186,-0.32543966,-0.32459188,-0.3282123,-0.33085862,-0.33212423,-0.3366378,-0.3394012,-0.33733293,-0.33844063,-0.33842915,-0.34100124,-0.34160465,-0.34311152,-0.3412839,-0.34229562,-0.3439179,-0.34535956,-0.34461293,-0.34615603,-0.34607238,-0.34544665,-0.34824222,-0.34965867,-0.353516,-0.35485226,-0.3545537,-0.35290563,-0.35697356
89_real,1.1029061,,,,,,,,,,,,,,,,,,,,,,,,,,,,,,,,,,,,,,,,,,,,,,,,,,0.64254767,,,,,,,,,,,,,,,,,,,
89_gen,1.1029061,1.0997758,1.0954818,1.090809,1.0870154,1.0800931,1.0753266,1.0693918,1.0645449,1.0602669,1.0556158,1.0516826,1.0481923,1.0421617,1.0402033,1.0394279,1.0358273,1.0341806,1.0304438,1.0307369,1.0306785,1.028341,1.0281057,1.0263636,1.0222131,1.0213894,1.0208256,1.0190887,1.0161966,1.0152371,1.0113094,1.0119141,1.0127639,1.0120183,1.0075442,1.0076555,1.0040672,0.99783075,0.99571115,0.99912804,0.997838,0.9952477,0.9963662,0.9954361,0.99427634,0.9919609,0.9905365,0.9913338,0.989215,0.9880993,0.98797464,0.99177295,0.9897215,0.988849,0.9858535,0.9867424,0.98461974,0.9809351,0.97870207,0.97766954,0.97665536,0.97593975,0.9762627,0.9753547,0.9746051,0.9735646,0.9734419,0.97201955,0.97045624,0.9696783
90_real,0.24377027,,,,,,,,,,,,,,,,,,,,,,,,,,,,,,,,,,,,,,,,,,,,,,,,,,0.14152993,,,,,,,,,,,,,,,,,,,
90_gen,0.24377027,0.23961899,0.23354352,0.22501871,0.21906379,0.20954871,0.20577976,0.19919203,0.19168004,0.1832473,0.17796496,0.17098375,0.16717395,0.16339508,0.15714131,0.1546216,0.14919753,0.14361297,0.1413018,0.136479,0.13132681,0.12847884,0.12313326,0.11686429,0.112692,0.10657294,0.10212183,0.096994385,0.095024206,0.09109935,0.08995731,0.08832507,0.08666839,0.08562075,0.083301656,0.07868481,0.07602737,0.071397625,0.070854165,0.0719747,0.06489369,0.063036144,0.0590805,0.056698166,0.053776197,0.051915247,0.05055193,0.047316212,0.045655552,0.045768272,0.04523476,0.04361034,0.039660513,0.039550487,0.035585847,0.034294046,0.032511912,0.029601157,0.030416567,0.0280501,0.027569527,0.024500415,0.023555301,0.020248586,0.018670173,0.014598614,0.014313212,0.011636594,0.009034777,0.0066411556
91_real,1.9634663,,,,,,,,,,,,,,,,,,,,,,,,,,,,,,,,,,,,,,,,,,,,,,,,,,1.6572924,,,,,,,,,,,,,,,,,,,
91_gen,1.9634664,1.9590368,1.9544634,1.9460245,1.9392048,1.9346346,1.9303995,1.9243393,1.9180008,1.9119943,1.9065936,1.902132,1.8974907,1.8924646,1.8864777,1.8807338,1.8742177,1.8674252,1.8630335,1.8604571,1.8551279,1.8502426,1.8448216,1.8438141,1.8369061,1.8328918,1.8290269,1.8252369,1.8215227,1.8182895,1.8137833,1.8088837,1.8057978,1.8039486,1.8040451,1.8017979,1.7995558,1.7974002,1.795326,1.7884865,1.78414,1.7814564,1.7770523,1.7737439,1.7719076,1.768679,1.762563,1.7595775,1.7547251,1.7527044,1.7498735,1.7463907,1.7437254,1.7404213,1.7392044,1.7375644,1.7365258,1.7364594,1.7341369,1.7296289,1.7264311,1.7234522,1.721657,1.7204065,1.7168316,1.7145399,1.7110668,1.7070366,1.7033583,1.700387
92_real,0.30459404,,,,,,,,,,,,,,,,,,,,,,,,,,,,,,,,,,,,,,,,,,,,,,,,,,0.08278228,,,,,,,,,,,,,,,,,,,
92_gen,0.30459404,0.29754344,0.29345185,0.28637156,0.27997002,0.2728777,0.2663841,0.2574962,0.2534427,0.24553864,0.23903945,0.2349535,0.23098573,0.22565217,0.2196776,0.213276,0.20673844,0.20264903,0.2005587,0.19889316,0.19401631,0.19001369,0.1857994,0.17997685,0.17461303,0.17140624,0.1678058,0.16082825,0.15770239,0.15418108,0.15172571,0.14742503,0.14345309,0.13819931,0.13489136,0.13292673,0.12729912,0.12570363,0.121189214,0.11969392,0.11661335,0.114149675,0.11195991,0.1098599,0.103507176,0.10149392,0.09906055,0.09657858,0.09252404,0.08878232,0.08224522,0.082000166,0.07786362,0.07342469,0.069326356,0.061721485,0.060548257,0.0584485,0.057031572,0.054074116,0.051508136,0.047488034,0.047371842,0.04389516,0.039458435,0.034780484,0.035927616,0.032534543,0.031490512,0.026495477
93_real,1.4959558,,,,,,,,,,,,,,,,,,,,,,,,,,,,,,,,,,,,,,,,,,,,,,,,,,1.4027662,,,,,,,,,,,,,,,,,,,
93_gen,1.4959557,1.4865854,1.4789578,1.4698426,1.4602307,1.4517225,1.4459474,1.4393597,1.4307417,1.4207689,1.414351,1.40647,1.3992665,1.3913609,1.3852543,1.3792338,1.3715374,1.3645345,1.3591208,1.3543496,1.3464587,1.3393085,1.3337356,1.3275664,1.3211063,1.3154862,1.3075604,1.2988899,1.2917986,1.2862465,1.2792199,1.2717474,1.2633584,1.2562777,1.2478192,1.2416928,1.237333,1.231663,1.2227074,1.2182314,1.2110585,1.2064013,1.2008201,1.19358,1.1890079,1.1831918,1.1792033,1.1760805,1.1712471,1.1654692,1.1602137,1.1530113,1.1470932,1.1412773,1.1364421,1.1305327,1.1252053,1.1220913,1.1157558,1.1121924,1.1071451,1.0997217,1.0954092,1.090977,1.0866311,1.0797544,1.0740526,1.0690401,1.0633471,1.059145
94_real,1.3332415,,,,,,,,,,,,,,,,,,,,,,,,,,,,,,,,,,,,,,,,,,,,,,,,,,0.9808536,,,,,,,,,,,,,,,,,,,
94_gen,1.3332415,1.3281707,1.320432,1.3135357,1.3062434,1.299085,1.2908428,1.2860457,1.2828016,1.2737648,1.266182,1.2586135,1.2522781,1.2458698,1.2411327,1.2355082,1.2330186,1.2288291,1.2236958,1.2159946,1.208938,1.2005837,1.195345,1.1926148,1.1875222,1.1856618,1.1828299,1.1766036,1.1730897,1.169647,1.1671305,1.1612508,1.1573333,1.1526716,1.147669,1.1459553,1.1395067,1.1352233,1.1336477,1.1308522,1.1243641,1.1184719,1.1126902,1.1100858,1.1062933,1.1006923,1.0966272,1.0909784,1.0850172,1.0807762,1.0756153,1.0718092,1.0672235,1.0637596,1.0594041,1.0579085,1.0506477,1.0481638,1.0405225,1.0374007,1.0343913,1.0286251,1.021759,1.0163476,1.0146041,1.0113382,1.0068904,0.9994377,0.9935125,0.9903471
95_real,0.9721252,,,,,,,,,,,,,,,,,,,,,,,,,,,,,,,,,,,,,,,,,,,,,,,,,,0.7805135,,,,,,,,,,,,,,,,,,,
95_gen,0.9721252,0.96935225,0.96521914,0.9592867,0.95668733,0.9566833,0.94852734,0.940104,0.9343958,0.9291738,0.92538464,0.91768634,0.9173403,0.9140623,0.91086304,0.90421456,0.89480627,0.8892347,0.87885773,0.8699509,0.8636689,0.8575695,0.8501967,0.84896344,0.8429567,0.8373758,0.8332976,0.8281663,0.8217249,0.8213173,0.820183,0.8115447,0.8017026,0.79850215,0.79618543,0.79447776,0.7857451,0.77995616,0.771085,0.7601704,0.75264466,0.7446806,0.73529875,0.7300371,0.7229742,0.7224863,0.7168441,0.71280414,0.7106296,0.70422876,0.6976645,0.6864044,0.67940396,0.66918087,0.6627044,0.6578599,0.6516071,0.6485787,0.6430067,0.6346008,0.6289199,0.6240498,0.6146314,0.6108434,0.6022938,0.5967728,0.58811444,0.5826003,0.5770674,0.57281643
96_real,0.22729555,,,,,,,,,,,,,,,,,,,,,,,,,,,,,,,,,,,,,,,,,,,,,,,,,,-0.2461041,,,,,,,,,,,,,,,,,,,
96_gen,0.22729555,0.22027095,0.21661751,0.20795682,0.19763197,0.19431145,0.18807183,0.18161707,0.17453644,0.16833687,0.16312137,0.1587458,0.15652096,0.14901794,0.1453254,0.1397014,0.1420526,0.1422346,0.14131656,0.13709123,0.13759775,0.13470647,0.13200858,0.13433188,0.13224699,0.1314973,0.12686281,0.12477124,0.121966675,0.11630889,0.11493649,0.112155735,0.10948479,0.10915712,0.10784298,0.10303627,0.10078468,0.09741651,0.09625569,0.09679462,0.09005017,0.08711852,0.08229486,0.078095786,0.07568656,0.07345267,0.069798544,0.067809075,0.06461845,0.059928864,0.057125967,0.05772698,0.050484963,0.04825053,0.046192933,0.04122264,0.035683356,0.03049984,0.0293641,0.027965438,0.024628166,0.02138268,0.021813756,0.02005625,0.016737612,0.010790462,0.0075907363,0.0057055294,-0.00075931,0.00014613084
97_real,1.5434943,,,,,,,,,,,,,,,,,,,,,,,,,,,,,,,,,,,,,,,,,,,,,,,,,,1.1352994,,,,,,,,,,,,,,,,,,,
97_gen,1.5434943,1.5389558,1.537394,1.5332148,1.5280375,1.5226252,1.5188735,1.5151272,1.5079161,1.5033615,1.4988086,1.4943295,1.491176,1.4849914,1.4796997,1.4755162,1.4693705,1.4660314,1.4635397,1.4576241,1.4500743,1.4455445,1.4439554,1.4371578,1.4352118,1.4293752,1.4235326,1.4187671,1.4140974,1.411244,1.4032298,1.3989443,1.3963002,1.391134,1.3845273,1.3787514,1.3749135,1.3701848,1.3632053,1.3573366,1.353029,1.3492367,1.3432047,1.3379819,1.3326222,1.3253521,1.3208466,1.3146622,1.3096368,1.3053472,1.2993462,1.294457,1.2917441,1.2873446,1.2816186,1.2778939,1.2703364,1.266382,1.2644157,1.2589405,1.2549574,1.2473673,1.2402928,1.2312701,1.2222048,1.2153175,1.209763,1.2066792,1.2019497,1.1968007
98_real,0.09791688,,,,,,,,,,,,,,,,,,,,,,,,,,,,,,,,,,,,,,,,,,,,,,,,,,-0.23977634,,,,,,,,,,,,,,,,,,,
98_gen,0.097916886,0.08815611,0.08503076,0.07717802,0.07265867,0.06952597,0.06302485,0.055047255,0.052200906,0.05100351,0.04625622,0.041193724,0.037200045,0.033515,0.032596838,0.02619131,0.023915853,0.02321267,0.021970484,0.020900633,0.014503749,0.009630601,0.0072338404,0.004013171,0.00071293226,-0.0037665956,-0.008266337,-0.009292844,-0.014842637,-0.018988404,-0.023088893,-0.027718792,-0.028776893,-0.033659063,-0.03714969,-0.0412863,-0.041079067,-0.04749419,-0.047586028,-0.05231913,-0.05329728,-0.057288416,-0.06147473,-0.06532985,-0.06683129,-0.0687667,-0.07189526,-0.07391831,-0.07457234,-0.07541305,-0.07766286,-0.07796419,-0.08108733,-0.08224891,-0.08444627,-0.08548264,-0.09035694,-0.09248736,-0.090542674,-0.09287564,-0.094598606,-0.098554395,-0.10327369,-0.10353215,-0.107455336,-0.109241724,-0.11232597,-0.11267271,-0.11191187,-0.11547593
99_real,1.3761744,,,,,,,,,,,,,,,,,,,,,,,,,,,,,,,,,,,,,,,,,,,,,,,,,,0.84200853,,,,,,,,,,,,,,,,,,,
99_gen,1.3761746,1.3785033,1.3768804,1.3750014,1.374255,1.3711373,1.3758844,1.3719146,1.371802,1.372139,1.3695871,1.3661907,1.3667157,1.3650663,1.3641497,1.3644263,1.3630036,1.3618711,1.3641361,1.3631619,1.362491,1.3593943,1.3603799,1.3574888,1.3559067,1.355664,1.353962,1.3564252,1.3519723,1.35739,1.3574873,1.3543606,1.3570312,1.3540523,1.3543714,1.3576794,1.3565104,1.3552877,1.3556056,1.3541504,1.3505361,1.3525255,1.3508698,1.3508527,1.3499324,1.3458697,1.3427866,1.3408515,1.3392894,1.3369445,1.3373587,1.340057,1.3408036,1.339001,1.3390551,1.3379263,1.3352215,1.3321009,1.3296778,1.3291891,1.3244593,1.3260214,1.324341,1.3257784,1.3228426,1.3183267,1.3180763,1.3190424,1.3175709,1.3159753
100_real,1.0197742,,,,,,,,,,,,,,,,,,,,,,,,,,,,,,,,,,,,,,,,,,,,,,,,,,0.92252636,,,,,,,,,,,,,,,,,,,
100_gen,1.0197743,1.0133352,1.0088438,1.0037397,0.9989618,0.99349326,0.99189997,0.98743,0.9866546,0.9845732,0.98116827,0.97878,0.9773644,0.975609,0.9774664,0.9774769,0.9771924,0.97475845,0.9726571,0.97303724,0.9726817,0.9713213,0.96841717,0.9685197,0.9689126,0.9682719,0.9662384,0.9662959,0.96527994,0.96598893,0.9645821,0.9618251,0.9628738,0.9601699,0.9608575,0.95874274,0.96372736,0.9631322,0.9584381,0.9586738,0.9556197,0.9543071,0.9506583,0.95128745,0.9505943,0.9504143,0.9519119,0.95200396,0.9543632,0.9525612,0.95294696,0.9530412,0.95238626,0.95132226,0.94771606,0.9490617,0.9484447,0.94403374,0.9450485,0.9428399,0.9467403,0.94466555,0.9414686,0.9372449,0.9375118,0.9356054,0.9316295,0.9309885,0.9286939,0.9328152
101_real,1.0894425,,,,,,,,,,,,,,,,,,,,,,,,,,,,,,,,,,,,,,,,,,,,,,,,,,0.7566772,,,,,,,,,,,,,,,,,,,
101_gen,1.0894424,1.0836003,1.0793844,1.0744718,1.0682322,1.0631638,1.0580362,1.0544361,1.0499094,1.0412498,1.0378326,1.0332932,1.0280588,1.0224339,1.0179993,1.0115775,1.0075607,1.0053923,1.0011874,0.99671906,0.99275875,0.98945475,0.9856679,0.98019296,0.97348005,0.96848166,0.9647463,0.9619814,0.95491326,0.9511053,0.94643795,0.9457243,0.9420269,0.93823785,0.9319445,0.92713755,0.92250985,0.918445,0.91236544,0.9086979,0.9030827,0.89901894,0.8932786,0.8873843,0.8837795,0.87880147,0.8749839,0.8732786,0.86888915,0.8620926,0.85591316,0.8526248,0.849899,0.844357,0.83890474,0.83496875,0.83013946,0.8218241,0.81450415,0.80877715,0.8064812,0.8035325,0.79930365,0.7943738,0.79084784,0.78698194,0.7812269,0.7759089,0.7724617,0.76925886
102_real,0.22919774,,,,,,,,,,,,,,,,,,,,,,,,,,,,,,,,,,,,,,,,,,,,,,,,,,-0.38853574,,,,,,,,,,,,,,,,,,,
102_gen,0.22919774,0.22728749,0.22590756,0.22662356,0.22410646,0.22115576,0.2198642,0.21624443,0.21228509,0.20906565,0.20673749,0.20221853,0.19951107,0.19510385,0.19304815,0.19275208,0.18578714,0.18199244,0.1814252,0.1781612,0.17457779,0.16887815,0.16774581,0.1629976,0.16066344,0.1599419,0.15733568,0.15231636,0.15138476,0.14960648,0.14419064,0.14040726,0.13729696,0.13251936,0.12986995,0.12633617,0.12560694,0.12356603,0.119703375,0.11693493,0.11482294,0.11464934,0.11460129,0.110834554,0.10873127,0.108144686,0.10650847,0.104405,0.10131937,0.09788568,0.09306608,0.089293405,0.08307065,0.07793367,0.07660701,0.0741907,0.071526624,0.070244886,0.066963926,0.0634615,0.058999173,0.05492369,0.0555216,0.052827865,0.04897255,0.04280787,0.0359978,0.03339842,0.025790567,0.024150431
103_real,2.240997,,,,,,,,,,,,,,,,,,,,,,,,,,,,,,,,,,,,,,,,,,,,,,,,,,2.434245,,,,,,,,,,,,,,,,,,,
103_gen,2.240997,2.2391114,2.2357707,2.2320313,2.226201,2.22056,2.2139554,2.2065368,2.2000408,2.1947794,2.190927,2.187052,2.1839967,2.1829603,2.1798573,2.175851,2.1703105,2.166307,2.1615245,2.1546373,2.1520824,2.145121,2.1412723,2.1390224,2.1360717,2.1306176,2.1269767,2.1227765,2.120919,2.1139414,2.1107836,2.1064157,2.1019695,2.1008852,2.0966911,2.093843,2.0906227,2.087089,2.0812373,2.0813537,2.079812,2.077163,2.0761664,2.0729928,2.068964,2.0678391,2.0645032,2.0630698,2.0627136,2.0607224,2.059337,2.0578659,2.0525703,2.0513442,2.0464797,2.043337,2.0408235,2.0389988,2.0391018,2.0362792,2.0348234,2.035006,2.0303187,2.0294733,2.0271525,2.0248256,2.021682,2.0198646,2.0157802,2.013719
104_real,0.79670036,,,,,,,,,,,,,,,,,,,,,,,,,,,,,,,,,,,,,,,,,,,,,,,,,,0.6907095,,,,,,,,,,,,,,,,,,,
104_gen,0.7967004,0.7899426,0.7842936,0.77972054,0.7749413,0.7694923,0.7627359,0.7586502,0.7551032,0.7500909,0.7442776,0.74190694,0.73841846,0.73279715,0.72927517,0.7234414,0.7186142,0.7132348,0.70746094,0.7022607,0.69826525,0.69415236,0.689271,0.6839853,0.68042415,0.6762986,0.6728212,0.6681754,0.66290367,0.6603411,0.65960205,0.6578077,0.6508521,0.6475681,0.6426814,0.63598335,0.63067317,0.62812746,0.62066036,0.61704767,0.6117801,0.608013,0.60414296,0.59884936,0.59461796,0.593117,0.58716,0.58531076,0.5819858,0.57769585,0.5744635,0.5722755,0.5665819,0.5613114,0.5572153,0.5546679,0.552429,0.547789,0.5442123,0.53669345,0.5308806,0.52568424,0.51786774,0.5152289,0.5082254,0.5037786,0.4989831,0.49610138,0.49376202,0.4861613
105_real,1.0733625,,,,,,,,,,,,,,,,,,,,,,,,,,,,,,,,,,,,,,,,,,,,,,,,,,0.76626635,,,,,,,,,,,,,,,,,,,
105_gen,1.0733625,1.0712878,1.0702809,1.066458,1.0591376,1.0538887,1.0498974,1.045758,1.0428997,1.0393534,1.0348691,1.0303864,1.0260886,1.0245024,1.0214154,1.0169489,1.0120174,1.0070932,1.0024838,0.99943954,0.99654686,0.992252,0.987963,0.98476046,0.98161185,0.9795208,0.9727794,0.96754724,0.9645053,0.9616853,0.95819694,0.9555055,0.95052826,0.94722337,0.94409287,0.940258,0.93515444,0.9334923,0.92981356,0.9270371,0.92164505,0.91964114,0.9176475,0.91542226,0.9113823,0.90881854,0.9070864,0.902534,0.90109664,0.89925784,0.89627475,0.8921192,0.88815516,0.8876549,0.8838835,0.88094556,0.87668437,0.87380993,0.87135804,0.8668618,0.86550885,0.8611804,0.85677755,0.8548988,0.85195863,0.84948444,0.8463279,0.8448227,0.84351003,0.8384857
106_real,-1.4814472,,,,,,,,,,,,,,,,,,,,,,,,,,,,,,,,,,,,,,,,,,,,,,,,,,0.4370875,,,,,,,,,,,,,,,,,,,
106_gen,-1.4814472,-1.4848775,-1.4901149,-1.4932623,-1.4979218,-1.5048764,-1.5087082,-1.5122391,-1.5186756,-1.5235204,-1.5263155,-1.5316471,-1.5349324,-1.5399978,-1.5435236,-1.5448891,-1.5478675,-1.5494717,-1.5527385,-1.5555096,-1.5593745,-1.5598533,-1.5613135,-1.5645692,-1.567653,-1.5731232,-1.575442,-1.5802453,-1.582988,-1.5851868,-1.5869089,-1.5887706,-1.5923533,-1.593015,-1.595038,-1.5982516,-1.5984828,-1.5998602,-1.6016092,-1.6053011,-1.6077442,-1.6092755,-1.612333,-1.6148689,-1.618688,-1.6190622,-1.6206948,-1.6239064,-1.6259477,-1.6285229,-1.6303495,-1.6346976,-1.6373293,-1.6395048,-1.643343,-1.6460384,-1.6457036,-1.6475859,-1.6520697,-1.6530049,-1.6545166,-1.6575743,-1.6587635,-1.6597055,-1.6629827,-1.663538,-1.6653442,-1.6687572,-1.6695545,-1.6719358
107_real,-1.7779033,,,,,,,,,,,,,,,,,,,,,,,,,,,,,,,,,,,,,,,,,,,,,,,,,,0.39258537,,,,,,,,,,,,,,,,,,,
107_gen,-1.7779033,-1.781258,-1.7847687,-1.7895277,-1.796553,-1.800214,-1.8074032,-1.8110955,-1.815197,-1.8201635,-1.8227768,-1.8274224,-1.8302228,-1.8333479,-1.836179,-1.8398854,-1.8435619,-1.8469042,-1.8501146,-1.8548205,-1.8588693,-1.8623594,-1.866018,-1.870437,-1.8730017,-1.8746042,-1.8786135,-1.8817564,-1.883666,-1.8883587,-1.8910217,-1.8931172,-1.8966945,-1.9009377,-1.9045995,-1.9054453,-1.9060812,-1.9106808,-1.9121157,-1.9147646,-1.919383,-1.9235036,-1.9290632,-1.9323752,-1.9352782,-1.9360638,-1.9403164,-1.9415247,-1.9455637,-1.9488474,-1.9506943,-1.9531319,-1.9582611,-1.9627445,-1.965208,-1.9667857,-1.9709122,-1.9732828,-1.9771065,-1.9797217,-1.986543,-1.9893268,-1.9908025,-1.9931463,-1.9953552,-1.9962238,-1.9984598,-2.0035279,-2.0061755,-2.008265
108_real,0.66278195,,,,,,,,,,,,,,,,,,,,,,,,,,,,,,,,,,,,,,,,,,,,,,,,,,1.1704879,,,,,,,,,,,,,,,,,,,
108_gen,0.6627819,0.65445805,0.6463456,0.6397819,0.6302047,0.62270415,0.61582106,0.61181957,0.6077873,0.60088027,0.59510523,0.58759624,0.58311737,0.5782219,0.5730587,0.57043403,0.56515694,0.56203926,0.5575512,0.55445856,0.54895395,0.5433273,0.54147583,0.53621495,0.5332196,0.52889955,0.526505,0.52346385,0.52059996,0.5180367,0.51441455,0.5105612,0.5059832,0.5010196,0.49819937,0.49648753,0.49343362,0.48940483,0.48972934,0.486492,0.48211852,0.48007473,0.47546077,0.47299975,0.4701507,0.4674774,0.46258506,0.45832497,0.4539371,0.45265326,0.45237488,0.44929188,0.4477157,0.44507378,0.44075957,0.43579668,0.43167967,0.42926893,0.42636576,0.42510018,0.42001876,0.4180552,0.41385,0.41135758,0.40763322,0.40416652,0.40090266,0.39952224,0.3959313,0.39042
109_real,1.393619,,,,,,,,,,,,,,,,,,,,,,,,,,,,,,,,,,,,,,,,,,,,,,,,,,2.1458135,,,,,,,,,,,,,,,,,,,
109_gen,1.3936188,1.3909006,1.3882853,1.3835726,1.378998,1.3722956,1.3694718,1.3669134,1.3620653,1.3583599,1.3563559,1.3515695,1.347161,1.3453462,1.3385197,1.3354392,1.334615,1.3287278,1.3259671,1.3256195,1.324549,1.323962,1.32179,1.3184997,1.3189703,1.3183167,1.3157156,1.3131046,1.3080612,1.3048064,1.3034861,1.3018322,1.3013995,1.2971884,1.2959788,1.291331,1.2914867,1.2902601,1.2897985,1.289108,1.286692,1.2841376,1.284985,1.2832025,1.2798437,1.2764646,1.2746933,1.2715242,1.2727768,1.2742617,1.2712194,1.2701882,1.2667974,1.2670567,1.2650744,1.2619933,1.2609675,1.2568284,1.255577,1.2537925,1.2534415,1.2493113,1.2423868,1.2369664,1.2314878,1.2282102,1.2264022,1.2276032,1.2253321,1.223155
110_real,0.9588805,,,,,,,,,,,,,,,,,,,,,,,,,,,,,,,,,,,,,,,,,,,,,,,,,,1.8732611,,,,,,,,,,,,,,,,,,,
110_gen,0.95888054,0.9528025,0.9460718,0.94407,0.9358406,0.9330534,0.9316327,0.9329689,0.9293453,0.9270061,0.92316055,0.920531,0.9163297,0.91244566,0.90738475,0.9098896,0.90902555,0.9080161,0.9050137,0.9039527,0.90158117,0.8937435,0.8935868,0.8881031,0.89256334,0.8883235,0.88791496,0.88755494,0.8856664,0.8855666,0.882576,0.8775135,0.8744094,0.87167054,0.87224066,0.8689934,0.8669926,0.8668475,0.86600316,0.8662716,0.8628298,0.85956204,0.85610116,0.8518383,0.8486079,0.8489383,0.84867907,0.8467041,0.8444155,0.8438469,0.84128666,0.8403305,0.8373693,0.8327304,0.83287096,0.83284485,0.8307001,0.82696617,0.8243884,0.82624227,0.8241104,0.82079566,0.8151353,0.8139328,0.81152475,0.80993766,0.81027097,0.8053471,0.79956746,0.79715824
111_real,2.1887372,,,,,,,,,,,,,,,,,,,,,,,,,,,,,,,,,,,,,,,,,,,,,,,,,,1.9478478,,,,,,,,,,,,,,,,,,,
111_gen,2.1887374,2.1788833,2.169517,2.1595936,2.1492023,2.1395204,2.1303382,2.1195822,2.1093626,2.102592,2.0958269,2.091227,2.0840526,2.0758076,2.0690641,2.0621285,2.0577495,2.0517702,2.0451088,2.0366018,2.0281205,2.021244,2.0148354,2.0081909,2.003054,1.99867,1.9919062,1.9865783,1.979203,1.9746437,1.9642379,1.9555556,1.9544907,1.9491189,1.9416733,1.9349854,1.9269228,1.9214596,1.914656,1.9107497,1.9043005,1.8987478,1.8943799,1.8880049,1.8806664,1.8742847,1.8709131,1.8656822,1.8620751,1.8586725,1.851965,1.8481903,1.8419573,1.8359287,1.8314664,1.826051,1.8173403,1.8123872,1.8034074,1.7984596,1.7928169,1.7905169,1.7847255,1.7757362,1.7691892,1.7616069,1.7562395,1.753203,1.7447293,1.7392563
112_real,2.1109476,,,,,,,,,,,,,,,,,,,,,,,,,,,,,,,,,,,,,,,,,,,,,,,,,,1.6084194,,,,,,,,,,,,,,,,,,,
112_gen,2.1109474,2.101063,2.0955806,2.0868242,2.0818098,2.0765944,2.070671,2.064316,2.055953,2.0508687,2.0429509,2.035998,2.0315092,2.0246835,2.0179627,2.0122883,2.006264,2.0015352,1.9980081,1.9909216,1.9852641,1.9792702,1.9760969,1.973939,1.9722569,1.9689506,1.9619105,1.9569241,1.9515135,1.9451497,1.9379202,1.9338915,1.9290154,1.9242895,1.917263,1.908686,1.9015335,1.8953081,1.8903488,1.8849585,1.8816555,1.8773838,1.8677915,1.8616955,1.8556961,1.8506644,1.8471733,1.8431829,1.8384349,1.8356041,1.8294427,1.8211544,1.8138053,1.8065481,1.8009942,1.7948824,1.7872661,1.7852972,1.7805322,1.7766358,1.7675946,1.7610607,1.7566382,1.7513704,1.7471247,1.7391872,1.7326784,1.7288435,1.7246821,1.7198063
113_real,-0.62832624,,,,,,,,,,,,,,,,,,,,,,,,,,,,,,,,,,,,,,,,,,,,,,,,,,-0.57553935,,,,,,,,,,,,,,,,,,,
113_gen,-0.6283263,-0.6354992,-0.641418,-0.6482142,-0.65896,-0.66644037,-0.6719428,-0.6802429,-0.68586797,-0.69152206,-0.69915736,-0.7046187,-0.71200997,-0.7212011,-0.729962,-0.73756635,-0.74108255,-0.7460499,-0.7477387,-0.74929357,-0.7544832,-0.7595624,-0.76576495,-0.7724892,-0.7767707,-0.78305876,-0.78550714,-0.78790104,-0.7938558,-0.80028856,-0.8092826,-0.81460893,-0.82402897,-0.8312124,-0.8362055,-0.8413312,-0.8438288,-0.85207784,-0.85765684,-0.86480725,-0.8696478,-0.8716299,-0.875305,-0.8772923,-0.8829114,-0.88858175,-0.8918067,-0.8963095,-0.9037465,-0.9086095,-0.9118231,-0.91518164,-0.9210246,-0.9221169,-0.9284911,-0.9323188,-0.9324976,-0.9351819,-0.93812466,-0.9440588,-0.9502201,-0.95383537,-0.95665896,-0.95849687,-0.95932245,-0.9631748,-0.9677817,-0.97275984,-0.97651255,-0.98017156
114_real,-0.77181333,,,,,,,,,,,,,,,,,,,,,,,,,,,,,,,,,,,,,,,,,,,,,,,,,,-0.5136072,,,,,,,,,,,,,,,,,,,
114_gen,-0.77181333,-0.77863634,-0.7832669,-0.7912699,-0.79403824,-0.8011111,-0.8043934,-0.807381,-0.81479627,-0.820254,-0.82807446,-0.83445585,-0.8385889,-0.84164697,-0.8450454,-0.85403985,-0.8580505,-0.86614084,-0.86563236,-0.87009954,-0.8760314,-0.88060206,-0.8839117,-0.88615257,-0.89178246,-0.89499676,-0.8993762,-0.9044426,-0.9100052,-0.91118777,-0.9203437,-0.9235815,-0.9298078,-0.93261945,-0.9334858,-0.93636227,-0.94063234,-0.9473442,-0.9487914,-0.95209295,-0.95848113,-0.95867795,-0.96344453,-0.96719587,-0.9706516,-0.9731537,-0.98000973,-0.9818158,-0.9857187,-0.98931676,-0.98908746,-0.9944061,-0.9978774,-1.0031532,-1.0072377,-1.0105331,-1.0155265,-1.0223358,-1.0250705,-1.0314543,-1.0313667,-1.0346355,-1.0369685,-1.038995,-1.0412915,-1.0437576,-1.0479449,-1.0543464,-1.0628955,-1.0692713
115_real,0.70086765,,,,,,,,,,,,,,,,,,,,,,,,,,,,,,,,,,,,,,,,,,,,,,,,,,1.188745,,,,,,,,,,,,,,,,,,,
115_gen,0.70086765,0.69205165,0.688222,0.6824959,0.67883456,0.673281,0.668149,0.6587084,0.6506772,0.6432703,0.63643336,0.6277633,0.62241477,0.61659235,0.61038625,0.6052731,0.6011332,0.59306955,0.5854777,0.57996833,0.5767773,0.57462376,0.56964505,0.56964743,0.5676955,0.5617827,0.557536,0.55301225,0.54663646,0.54307246,0.53824174,0.53538394,0.5306079,0.5283456,0.5229391,0.51965725,0.5130112,0.50607324,0.50502616,0.4956457,0.48945507,0.48508835,0.48176748,0.4755693,0.47118336,0.46782547,0.4649263,0.45850763,0.45254365,0.44742784,0.44503084,0.43802404,0.43374062,0.4311587,0.4247579,0.41996542,0.41627678,0.4164416,0.41121808,0.40656585,0.402882,0.39566085,0.3928354,0.38867366,0.38614184,0.37987226,0.3757827,0.3697839,0.36263818,0.3565578
116_real,0.43332136,,,,,,,,,,,,,,,,,,,,,,,,,,,,,,,,,,,,,,,,,,,,,,,,,,0.9517772,,,,,,,,,,,,,,,,,,,
116_gen,0.43332142,0.43258914,0.4259304,0.41883984,0.41594657,0.42086014,0.41852134,0.4112212,0.4123107,0.40655583,0.4032999,0.40186477,0.40126577,0.4001616,0.39557675,0.3947155,0.39382234,0.3940841,0.38919076,0.39125085,0.3838153,0.3769142,0.37520224,0.37195045,0.37399322,0.36849827,0.36468264,0.36120468,0.36349145,0.36917493,0.36336783,0.36514845,0.36498314,0.36858857,0.36601067,0.36266118,0.35900277,0.35673207,0.35418597,0.349603,0.3443414,0.3384562,0.33693406,0.32769746,0.325962,0.3220691,0.3190328,0.31620568,0.3125006,0.3088859,0.30261657,0.29591113,0.29100087,0.28731745,0.28570238,0.28427133,0.27683806,0.2699353,0.2648296,0.2585901,0.2575844,0.25200295,0.246646,0.2417512,0.23702002,0.2332788,0.2285306,0.22742295,0.22879604,0.21603489
117_real,1.412065,,,,,,,,,,,,,,,,,,,,,,,,,,,,,,,,,,,,,,,,,,,,,,,,,,1.1221586,,,,,,,,,,,,,,,,,,,
117_gen,1.4120651,1.4105194,1.407198,1.4038433,1.3978397,1.3931774,1.3868587,1.3821768,1.3730503,1.3675063,1.3641961,1.3598988,1.3569448,1.3544171,1.3488418,1.346706,1.3456291,1.342348,1.3406036,1.3367221,1.3334768,1.328303,1.3262241,1.3206761,1.315686,1.31534,1.316203,1.3143709,1.3118721,1.3087614,1.3048187,1.3057249,1.3012655,1.2979505,1.2962363,1.2948935,1.2933743,1.2910421,1.290807,1.2881819,1.2856501,1.2853223,1.2849524,1.2846155,1.2822181,1.2820122,1.2794089,1.2778182,1.276201,1.275233,1.2695925,1.2693135,1.2662977,1.2644217,1.2638811,1.2617797,1.2582749,1.2562319,1.2547055,1.2513793,1.2494926,1.2482,1.2491667,1.2462437,1.2432418,1.2417383,1.2385262,1.2341913,1.233047,1.230176
118_real,1.1847106,,,,,,,,,,,,,,,,,,,,,,,,,,,,,,,,,,,,,,,,,,,,,,,,,,0.918276,,,,,,,,,,,,,,,,,,,
118_gen,1.1847106,1.1803303,1.1764199,1.1706245,1.1650292,1.1630147,1.159743,1.1570017,1.1538179,1.1527997,1.1482505,1.1463445,1.1423757,1.1420225,1.1393712,1.1361135,1.1333015,1.1305779,1.1300095,1.1277201,1.1238639,1.1217194,1.1204356,1.1178724,1.1156403,1.1118431,1.1083685,1.1051594,1.1025642,1.1018325,1.1001362,1.0973383,1.0943277,1.0922703,1.0872135,1.0853307,1.0831189,1.0795243,1.0780252,1.0752428,1.0727197,1.070623,1.0694863,1.067498,1.0636184,1.0596087,1.0586942,1.054673,1.0515591,1.0486581,1.0452398,1.0440704,1.0423325,1.039972,1.0402099,1.0374752,1.0345362,1.0309358,1.0278739,1.0257978,1.0227759,1.0198312,1.0171758,1.0161779,1.0125297,1.0086837,1.0055826,1.0031496,1.0022786,0.99971104
119_real,-0.030311272,,,,,,,,,,,,,,,,,,,,,,,,,,,,,,,,,,,,,,,,,,,,,,,,,,-0.27773649,,,,,,,,,,,,,,,,,,,
119_gen,-0.030311275,-0.03431072,-0.0377421,-0.04167185,-0.049144816,-0.05541625,-0.059352677,-0.06415881,-0.07194205,-0.082094714,-0.08627548,-0.09088051,-0.09372507,-0.0973817,-0.10303851,-0.10895336,-0.11597282,-0.11980116,-0.121452525,-0.12826586,-0.13342161,-0.13595173,-0.14285044,-0.15023743,-0.15391931,-0.160624,-0.16966355,-0.1742411,-0.17919007,-0.18249121,-0.18231872,-0.19007204,-0.19346917,-0.20208636,-0.20435908,-0.21003833,-0.21675842,-0.21996734,-0.22570619,-0.23323917,-0.23816352,-0.24240978,-0.25035873,-0.25699922,-0.26990396,-0.27628657,-0.28086907,-0.2857263,-0.29059047,-0.29864752,-0.30528212,-0.311422,-0.3183244,-0.3277678,-0.33315742,-0.33996198,-0.3459761,-0.34857145,-0.35337,-0.36255413,-0.3679114,-0.37501997,-0.38018036,-0.38672286,-0.3890342,-0.39473525,-0.40332788,-0.41135758,-0.41973257,-0.4228581
120_real,0.050382953,,,,,,,,,,,,,,,,,,,,,,,,,,,,,,,,,,,,,,,,,,,,,,,,,,0.064925134,,,,,,,,,,,,,,,,,,,
120_gen,0.05038295,0.045488153,0.042831536,0.037325293,0.02956897,0.02469985,0.017255057,0.012589602,0.012243001,0.01116154,0.0049529015,-0.00045577195,-0.0042292895,-0.008101341,-0.010154681,-0.01702123,-0.018071754,-0.02552574,-0.029314738,-0.03130841,-0.030667877,-0.037923586,-0.04141575,-0.043637685,-0.04839547,-0.053970348,-0.062431492,-0.066410854,-0.06974292,-0.07436718,-0.07333365,-0.07743902,-0.07921131,-0.08225897,-0.08548777,-0.09373659,-0.09358387,-0.102437556,-0.10599829,-0.10850261,-0.11137861,-0.113669,-0.115212284,-0.12086433,-0.11945776,-0.12372253,-0.13089558,-0.134778,-0.13714322,-0.14251354,-0.14777277,-0.15227157,-0.1562479,-0.16305453,-0.1634939,-0.17250024,-0.17772415,-0.18364853,-0.192238,-0.19554386,-0.20108862,-0.20306039,-0.20942521,-0.21350372,-0.21777725,-0.22106662,-0.22418062,-0.22353172,-0.22465138,-0.22812656
121_real,2.1272352,,,,,,,,,,,,,,,,,,,,,,,,,,,,,,,,,,,,,,,,,,,,,,,,,,1.851639,,,,,,,,,,,,,,,,,,,
121_gen,2.1272352,2.119038,2.1120543,2.1033854,2.0988781,2.087732,2.080583,2.0744476,2.065306,2.0555005,2.0489035,2.0387948,2.0325575,2.025446,2.0147047,2.0092607,1.9964225,1.9885051,1.9786723,1.9743112,1.9683348,1.9626071,1.9546745,1.9460825,1.942289,1.9341333,1.9292625,1.9192492,1.9137192,1.9059092,1.9002788,1.8943964,1.8855686,1.8787315,1.8756993,1.8678538,1.8611224,1.8547024,1.848479,1.8432862,1.8357054,1.8300221,1.8203682,1.815422,1.8112688,1.8073242,1.8028762,1.7990234,1.7952392,1.791002,1.7847103,1.7815298,1.7762802,1.7722995,1.7690531,1.7642775,1.7559595,1.7532065,1.7501472,1.7440522,1.7390764,1.729759,1.7228264,1.7207353,1.7145268,1.7051134,1.6960039,1.6899723,1.6813774,1.6744812
122_real,2.4069734,,,,,,,,,,,,,,,,,,,,,,,,,,,,,,,,,,,,,,,,,,,,,,,,,,2.100599,,,,,,,,,,,,,,,,,,,
122_gen,2.4069731,2.4022107,2.3929222,2.3864179,2.386191,2.3832378,2.3795202,2.377297,2.3711402,2.3623114,2.3579469,2.3574774,2.3530643,2.3509545,2.3456502,2.3460526,2.337281,2.3428895,2.3358135,2.3307822,2.3254094,2.3187287,2.315745,2.3132968,2.3120522,2.311133,2.3067243,2.3026617,2.3004284,2.2965856,2.2910454,2.2847521,2.2819848,2.2753198,2.2717562,2.2686975,2.2640266,2.2633872,2.256819,2.251082,2.2470481,2.2375817,2.2347825,2.2291102,2.225182,2.2245688,2.2204769,2.2180617,2.21522,2.2090976,2.2051113,2.1994328,2.1959817,2.1949217,2.1932564,2.1914341,2.1859748,2.182338,2.1826391,2.1783032,2.176334,2.1659665,2.1607318,2.1536264,2.1506639,2.145734,2.1450114,2.141098,2.1391568,2.138581
123_real,3.0255895,,,,,,,,,,,,,,,,,,,,,,,,,,,,,,,,,,,,,,,,,,,,,,,,,,3.0403674,,,,,,,,,,,,,,,,,,,
123_gen,3.0255892,3.0188794,3.0098648,3.0003228,2.9913607,2.980601,2.9719925,2.9666228,2.9601858,2.9506447,2.945126,2.934992,2.9274495,2.9208817,2.9138293,2.9047174,2.8984642,2.894166,2.8853176,2.8774548,2.8749244,2.8688903,2.8631608,2.8594239,2.8507862,2.8456466,2.8408256,2.834514,2.8282437,2.8207145,2.8134875,2.807827,2.8035016,2.7989182,2.792644,2.787549,2.7821858,2.7734573,2.7682874,2.7589555,2.7527707,2.7461936,2.7402012,2.7331915,2.7282362,2.7222574,2.7161365,2.7134967,2.7099273,2.7060447,2.7022204,2.696259,2.6927943,2.6851788,2.6829727,2.6772647,2.6763778,2.6711724,2.6647487,2.6595414,2.653709,2.6477416,2.6435118,2.6376417,2.6338,2.631065,2.6246958,2.6211085,2.6148715,2.6082785
124_real,2.508231,,,,,,,,,,,,,,,,,,,,,,,,,,,,,,,,,,,,,,,,,,,,,,,,,,2.3319788,,,,,,,,,,,,,,,,,,,
124_gen,2.5082307,2.5011024,2.4972024,2.4908657,2.4817584,2.4779735,2.4708705,2.4668977,2.4604125,2.4547496,2.4502912,2.444092,2.4376862,2.4373667,2.4340117,2.4301765,2.4261518,2.4208605,2.4172459,2.4182153,2.4155908,2.4120617,2.4091315,2.4032302,2.4011989,2.398631,2.3968396,2.3946536,2.3886495,2.3862739,2.3844864,2.3835995,2.3805795,2.3791041,2.3742695,2.3707523,2.3649077,2.3583913,2.356209,2.3536544,2.3512979,2.3481688,2.343349,2.3407288,2.3409262,2.3366933,2.3353581,2.3348217,2.3275228,2.3244853,2.3197064,2.315207,2.3142257,2.3133507,2.3129146,2.3093674,2.3073816,2.3074183,2.302568,2.2983327,2.2962422,2.2950358,2.2912061,2.2857716,2.2838595,2.2801032,2.2740488,2.270369,2.265971,2.263636
125_real,1.9657247,,,,,,,,,,,,,,,,,,,,,,,,,,,,,,,,,,,,,,,,,,,,,,,,,,2.011706,,,,,,,,,,,,,,,,,,,
125_gen,1.9657247,1.9643431,1.960887,1.9604638,1.9583753,1.9543784,1.953285,1.9487083,1.9474055,1.9471194,1.9421322,1.9376545,1.9332542,1.9295399,1.9242121,1.9198261,1.9188192,1.9162998,1.9137132,1.912314,1.9057548,1.9036154,1.9037316,1.8999319,1.8964946,1.8930308,1.8877718,1.8878244,1.8849885,1.8822302,1.8803189,1.8771353,1.8763434,1.8739793,1.8709326,1.866771,1.8663756,1.8641278,1.8619503,1.8585393,1.854978,1.8535917,1.8513104,1.8492857,1.847485,1.8466552,1.8445461,1.8411915,1.8372128,1.83443,1.8318783,1.8280598,1.825022,1.8236704,1.8199093,1.8176699,1.8148597,1.813158,1.8098032,1.8069013,1.8023043,1.8003308,1.7954319,1.792639,1.7916114,1.7883103,1.7834818,1.7831261,1.7804182,1.7784516
126_real,-1.5245324,,,,,,,,,,,,,,,,,,,,,,,,,,,,,,,,,,,,,,,,,,,,,,,,,,-0.7607843,,,,,,,,,,,,,,,,,,,
126_gen,-1.5245324,-1.5300664,-1.5328442,-1.5376197,-1.5419191,-1.544968,-1.552103,-1.5550838,-1.559202,-1.5638688,-1.5693524,-1.572801,-1.5797788,-1.5827726,-1.5835849,-1.5880773,-1.5884073,-1.5907198,-1.593498,-1.5987213,-1.6011107,-1.6040609,-1.6062253,-1.6075239,-1.6111234,-1.6133602,-1.6183102,-1.6197001,-1.6228634,-1.627046,-1.6307685,-1.6331294,-1.6364012,-1.6382072,-1.6411165,-1.6461302,-1.6457447,-1.6467152,-1.6512264,-1.6540754,-1.6547754,-1.6583843,-1.6604092,-1.6657875,-1.6687596,-1.6698296,-1.6716753,-1.6721379,-1.6736348,-1.6734899,-1.6756256,-1.6757319,-1.6777589,-1.6782215,-1.6840754,-1.6810172,-1.6830868,-1.6874113,-1.6884388,-1.6898129,-1.6894236,-1.6946115,-1.6928527,-1.6926405,-1.6950319,-1.6970274,-1.6978661,-1.7013152,-1.7043473,-1.7068605
127_real,-1.2721364,,,,,,,,,,,,,,,,,,,,,,,,,,,,,,,,,,,,,,,,,,,,,,,,,,0.70181173,,,,,,,,,,,,,,,,,,,
127_gen,-1.2721366,-1.2804676,-1.286566,-1.293248,-1.3008851,-1.3055365,-1.3135968,-1.319287,-1.3228763,-1.3301389,-1.3365215,-1.3436778,-1.3494083,-1.3549798,-1.36243,-1.369651,-1.3776356,-1.3839943,-1.3865017,-1.3917856,-1.3972893,-1.4028579,-1.4121687,-1.4176934,-1.4212339,-1.4258635,-1.4326141,-1.4349412,-1.4424448,-1.4490302,-1.4561207,-1.463232,-1.4695213,-1.4744487,-1.482436,-1.4896804,-1.49407,-1.5017539,-1.5073919,-1.513132,-1.517,-1.5228132,-1.5294895,-1.5339353,-1.5407479,-1.5466665,-1.5544904,-1.5602252,-1.5653216,-1.5721895,-1.5772808,-1.5828036,-1.5853288,-1.5897954,-1.5960891,-1.6018066,-1.606103,-1.6127754,-1.6183488,-1.623744,-1.6329883,-1.6377987,-1.6422107,-1.6485876,-1.6521744,-1.6572342,-1.6636152,-1.667869,-1.6726484,-1.6779639
128_real,0.8242927,,,,,,,,,,,,,,,,,,,,,,,,,,,,,,,,,,,,,,,,,,,,,,,,,,0.5130032,,,,,,,,,,,,,,,,,,,
128_gen,0.8242928,0.8199312,0.8168341,0.8095261,0.80432975,0.7992322,0.79253227,0.7867667,0.7779865,0.77130455,0.7672676,0.76048476,0.7546325,0.7499894,0.74523807,0.7423736,0.737962,0.7320699,0.7282883,0.7248134,0.71932983,0.71442354,0.7103267,0.707029,0.70149374,0.69723094,0.6923964,0.6885859,0.6871998,0.68383205,0.67837656,0.6747101,0.668465,0.6635671,0.6596581,0.6548418,0.6490847,0.6446558,0.6419209,0.63674414,0.63064015,0.62604195,0.62076443,0.61658895,0.610901,0.60371065,0.6002346,0.5959915,0.58996,0.585868,0.58276016,0.57887995,0.57433736,0.5717857,0.5668136,0.5647458,0.56292945,0.5596957,0.554891,0.54848623,0.5453266,0.5415548,0.53590393,0.5299427,0.523276,0.5195118,0.5148638,0.5113994,0.50707066,0.49979037
129_real,1.2067294,,,,,,,,,,,,,,,,,,,,,,,,,,,,,,,,,,,,,,,,,,,,,,,,,,1.1000806,,,,,,,,,,,,,,,,,,,
129_gen,1.2067295,1.2022368,1.198273,1.1931479,1.1879718,1.1825235,1.176017,1.1713259,1.1674515,1.1639307,1.1573607,1.1477412,1.1416957,1.1357685,1.130565,1.1248767,1.1214055,1.1163667,1.1106911,1.1071405,1.103219,1.0985034,1.0934786,1.0866544,1.0830207,1.0772386,1.071546,1.0694367,1.0630448,1.0574087,1.0536592,1.0486199,1.0437512,1.0393317,1.035039,1.0324501,1.0285479,1.0252066,1.0214686,1.01645,1.0128895,1.00794,1.0046678,1.0029141,0.9982699,0.99155843,0.98738354,0.9839283,0.9792024,0.9762149,0.972031,0.9691985,0.9657642,0.96359557,0.9577602,0.9523756,0.95251954,0.9480461,0.9435027,0.94297725,0.9397603,0.93443984,0.92854404,0.92338526,0.91919106,0.9164562,0.9148499,0.91217786,0.9105339,0.9067377
130_real,1.6688663,,,,,,,,,,,,,,,,,,,,,,,,,,,,,,,,,,,,,,,,,,,,,,,,,,1.6707389,,,,,,,,,,,,,,,,,,,
130_gen,1.6688664,1.6580893,1.6500574,1.6432219,1.6373909,1.6287302,1.6186905,1.6104883,1.604017,1.5978887,1.592485,1.5856035,1.5772722,1.5666908,1.5567205,1.5478762,1.5407634,1.534543,1.5290353,1.5216701,1.5158942,1.508324,1.5028661,1.4948845,1.4899503,1.4827666,1.4778756,1.4711645,1.4657557,1.4605654,1.4563713,1.4522576,1.4448481,1.4404069,1.4347746,1.4325175,1.4260683,1.4212282,1.4155504,1.4113634,1.4061649,1.4015747,1.3987325,1.3908279,1.3841374,1.3807343,1.3765138,1.3711303,1.3607502,1.3560236,1.3527793,1.3454597,1.3381969,1.3366414,1.3316702,1.326679,1.3218668,1.3179178,1.3131611,1.3076578,1.3031296,1.2969346,1.2948722,1.290475,1.2841495,1.2807043,1.2756602,1.2708594,1.2674029,1.2629135
131_real,1.9420925,,,,,,,,,,,,,,,,,,,,,,,,,,,,,,,,,,,,,,,,,,,,,,,,,,1.8613393,,,,,,,,,,,,,,,,,,,
131_gen,1.9420927,1.9425901,1.943149,1.933041,1.9291998,1.9234507,1.91239,1.9085346,1.9001615,1.8957897,1.8897709,1.8864692,1.8827457,1.8757172,1.8653972,1.858168,1.8488815,1.8443744,1.8318465,1.8186457,1.8082964,1.8076302,1.8023506,1.8004078,1.7956514,1.7941468,1.7925698,1.7920195,1.7875929,1.7836558,1.7823858,1.7792469,1.7798188,1.7749714,1.7705132,1.7639549,1.761063,1.7626212,1.7607542,1.7590246,1.7532536,1.7457371,1.7436001,1.738925,1.736543,1.7352774,1.7279806,1.7291906,1.7268213,1.7104864,1.7034683,1.7019036,1.7014033,1.6937975,1.6943642,1.6933234,1.6900123,1.6846052,1.6766117,1.6718642,1.6640705,1.6513262,1.649327,1.64193,1.6376776,1.6368271,1.6262598,1.6239405,1.624851,1.6223733
132_real,1.5238286,,,,,,,,,,,,,,,,,,,,,,,,,,,,,,,,,,,,,,,,,,,,,,,,,,1.4474555,,,,,,,,,,,,,,,,,,,
132_gen,1.5238286,1.521866,1.5235851,1.5196092,1.5095431,1.5041786,1.504305,1.5000069,1.4964187,1.4906256,1.4980668,1.4986664,1.4947598,1.4861757,1.4892049,1.4904153,1.4822469,1.4792229,1.4781616,1.4707171,1.4700315,1.4624771,1.4561998,1.4560435,1.4521409,1.4522874,1.4591597,1.4576321,1.4516642,1.4494631,1.4476082,1.4436953,1.4441817,1.4401886,1.4457452,1.4448273,1.4487982,1.44382,1.4407232,1.4381462,1.4397974,1.4448692,1.4380169,1.4361001,1.4284518,1.4318154,1.434971,1.4302734,1.428446,1.430351,1.4214036,1.4145051,1.4094068,1.4000398,1.394325,1.3947164,1.3959091,1.3844587,1.384696,1.3833389,1.3767083,1.3732357,1.368324,1.3675436,1.363607,1.3570006,1.3519542,1.3457824,1.3505988,1.3441298
133_real,1.7976129,,,,,,,,,,,,,,,,,,,,,,,,,,,,,,,,,,,,,,,,,,,,,,,,,,1.6970726,,,,,,,,,,,,,,,,,,,
133_gen,1.7976129,1.7991968,1.795327,1.793348,1.7872282,1.7831587,1.7806017,1.7787176,1.7764212,1.7761848,1.7732496,1.7690742,1.7669971,1.7628082,1.7594888,1.757102,1.7538073,1.749456,1.7454821,1.7404712,1.7332847,1.7275646,1.7245363,1.7223961,1.7156343,1.7080243,1.7032311,1.6973749,1.691626,1.6879009,1.6814015,1.6742761,1.6678873,1.6609237,1.657429,1.6549447,1.6503235,1.6433729,1.6366532,1.6302483,1.6275562,1.6232961,1.616141,1.6095356,1.605044,1.597677,1.5925906,1.5884945,1.5825307,1.5768455,1.5695748,1.5653722,1.5642465,1.5595486,1.5543613,1.5487088,1.5429322,1.5385818,1.5346382,1.5284002,1.5205123,1.5150316,1.5122172,1.5078666,1.5007651,1.4968128,1.4917217,1.487477,1.4833822,1.4763345
134_real,0.8953523,,,,,,,,,,,,,,,,,,,,,,,,,,,,,,,,,,,,,,,,,,,,,,,,,,0.9412062,,,,,,,,,,,,,,,,,,,
134_gen,0.89535224,0.8926238,0.89191705,0.88883275,0.8875146,0.88381803,0.88015187,0.87982595,0.8810116,0.8752406,0.8728469,0.8727232,0.8674625,0.86445695,0.8634308,0.86146575,0.85659474,0.8553133,0.852345,0.85176694,0.8467854,0.8457117,0.8444015,0.84497035,0.8378456,0.8348133,0.8290208,0.8246808,0.82360685,0.817649,0.8180502,0.8154464,0.81227875,0.8068593,0.8027115,0.7967199,0.79094064,0.78638625,0.7809764,0.7750276,0.7713606,0.7653616,0.7620851,0.7598648,0.7548622,0.7514063,0.748707,0.74665797,0.74351186,0.7410419,0.73848355,0.73573893,0.7349361,0.7275874,0.7244004,0.71860325,0.71642274,0.7090159,0.7091029,0.7034055,0.69903255,0.69692403,0.69391894,0.689795,0.68506473,0.6833611,0.6749404,0.67184305,0.6706756,0.66946197
135_real,0.9107591,,,,,,,,,,,,,,,,,,,,,,,,,,,,,,,,,,,,,,,,,,,,,,,,,,0.8095241,,,,,,,,,,,,,,,,,,,
135_gen,0.9107591,0.91039544,0.9040433,0.90027076,0.89426863,0.8902383,0.8863951,0.88456136,0.8819121,0.8798593,0.87440765,0.8717669,0.8737934,0.8665392,0.8648267,0.8584846,0.8567406,0.85599375,0.8544057,0.8489598,0.8466608,0.84616673,0.8428133,0.8362881,0.8300913,0.8291615,0.8229272,0.8206397,0.819275,0.8165711,0.8147295,0.81250745,0.8081878,0.8021844,0.7967692,0.7916371,0.78286785,0.7796515,0.77797025,0.7744979,0.7708342,0.76052105,0.7561004,0.7512776,0.7522491,0.7531234,0.75194466,0.7507602,0.74740756,0.7399209,0.73682135,0.73644036,0.737152,0.7293533,0.7296888,0.7253779,0.72315687,0.7233597,0.7192007,0.7168172,0.71134025,0.7060593,0.7004527,0.6991015,0.6954259,0.6925577,0.68928236,0.68603337,0.6851608,0.6802435
136_real,1.2136363,,,,,,,,,,,,,,,,,,,,,,,,,,,,,,,,,,,,,,,,,,,,,,,,,,1.1177508,,,,,,,,,,,,,,,,,,,
136_gen,1.2136363,1.2057828,1.2029121,1.1980793,1.1888524,1.1840508,1.1754874,1.1702021,1.1599262,1.15366,1.1478325,1.1445591,1.1377273,1.1332943,1.1249094,1.1176862,1.1160052,1.1106234,1.1025395,1.0947769,1.0893395,1.0853971,1.0837936,1.0777084,1.0721163,1.0691447,1.0613724,1.0598294,1.0549395,1.0555375,1.0532029,1.0514852,1.0436176,1.0367517,1.035387,1.0337472,1.0258492,1.0226967,1.0140525,1.0094719,1.0092528,1.008044,1.0073841,1.0056331,0.998638,0.9944693,0.9875213,0.98376477,0.97838974,0.97247255,0.97015315,0.9648074,0.96185035,0.95944995,0.95154035,0.94497555,0.94418085,0.9409787,0.938077,0.9365746,0.9355341,0.9321801,0.9253127,0.9226351,0.9188781,0.91813624,0.9120566,0.90892714,0.9071663,0.9044755
137_real,1.5913898,,,,,,,,,,,,,,,,,,,,,,,,,,,,,,,,,,,,,,,,,,,,,,,,,,1.3409625,,,,,,,,,,,,,,,,,,,
137_gen,1.5913898,1.5838935,1.5750821,1.5681885,1.5612485,1.5510901,1.5421432,1.5340809,1.5271605,1.5213869,1.5158217,1.5089233,1.5035071,1.496193,1.4843581,1.4806648,1.4736569,1.4641199,1.4574684,1.451513,1.4490241,1.4431462,1.4316677,1.4215966,1.4176209,1.4137633,1.405075,1.3983322,1.3900381,1.3869462,1.3819234,1.3765206,1.3729784,1.3667266,1.3646135,1.3593813,1.35111,1.3465035,1.3425715,1.3374453,1.3305986,1.32571,1.3215948,1.3163912,1.3097026,1.3049201,1.2967659,1.2905486,1.283219,1.2777462,1.2704895,1.267021,1.2607837,1.2539469,1.2494484,1.2449467,1.2376659,1.2326381,1.2268463,1.2205107,1.2140204,1.2078501,1.2066519,1.2003415,1.1961565,1.1913836,1.1850983,1.1812015,1.1724163,1.165843
138_real,3.1382234,,,,,,,,,,,,,,,,,,,,,,,,,,,,,,,,,,,,,,,,,,,,,,,,,,3.169503,,,,,,,,,,,,,,,,,,,
138_gen,3.1382234,3.132942,3.1293156,3.1258664,3.1233907,3.1220276,3.117011,3.1110425,3.110198,3.1077015,3.1027408,3.1003976,3.0965269,3.091108,3.0901053,3.0896003,3.0866745,3.0815034,3.0781426,3.0746121,3.0719082,3.0679922,3.0607724,3.0567958,3.0534155,3.0536153,3.0489824,3.0473733,3.0430083,3.0425925,3.036984,3.0295942,3.024965,3.0237947,3.020352,3.016895,3.0136743,3.0086157,3.0100138,3.0074086,3.0036993,3.0040553,2.9998815,2.9972963,2.9927926,2.9883466,2.9860508,2.9857152,2.9787078,2.9784656,2.9779668,2.9751418,2.9748278,2.9706573,2.9664314,2.9634566,2.9599626,2.9539514,2.9489627,2.9430966,2.9411604,2.9347713,2.9324336,2.9311352,2.9288964,2.9227145,2.920222,2.9152148,2.912883,2.907558
139_real,2.8546402,,,,,,,,,,,,,,,,,,,,,,,,,,,,,,,,,,,,,,,,,,,,,,,,,,2.5776594,,,,,,,,,,,,,,,,,,,
139_gen,2.8546405,2.8507605,2.8472633,2.8420846,2.836573,2.8297393,2.8246582,2.8239167,2.8217323,2.819018,2.814921,2.8100343,2.8077445,2.803518,2.799566,2.7947574,2.7899685,2.786627,2.7804787,2.782257,2.779182,2.7731895,2.771448,2.768313,2.763249,2.7609236,2.7573228,2.7537863,2.750359,2.747513,2.7433567,2.7404208,2.7382517,2.7348292,2.7308457,2.7274222,2.7277608,2.7229981,2.7197497,2.7148182,2.7153301,2.7132182,2.710762,2.707839,2.7075992,2.703468,2.6997504,2.6998925,2.6987727,2.695695,2.6955128,2.6927993,2.6902843,2.6843896,2.6849508,2.678681,2.674694,2.6704078,2.668526,2.661781,2.658321,2.655024,2.6508565,2.6467738,2.645572,2.6424654,2.638546,2.6362956,2.632605,2.623303
140_real,2.0086036,,,,,,,,,,,,,,,,,,,,,,,,,,,,,,,,,,,,,,,,,,,,,,,,,,1.6338191,,,,,,,,,,,,,,,,,,,
140_gen,2.0086038,2.0047133,1.9999663,1.995355,1.9906471,1.9866495,1.9805868,1.9758275,1.9710423,1.965806,1.9610163,1.9598315,1.9564266,1.9540516,1.9538664,1.9505968,1.9439007,1.938905,1.9337893,1.9309323,1.9285076,1.9224303,1.9177666,1.9106522,1.9063017,1.9079285,1.9037685,1.9014499,1.8985894,1.8953679,1.8869015,1.886287,1.8846811,1.8832413,1.8790131,1.8736166,1.8710892,1.870704,1.8646053,1.8565391,1.8486401,1.8453182,1.8415855,1.8375328,1.8341658,1.8289669,1.8220453,1.8212181,1.8157074,1.8163017,1.8075688,1.8027197,1.7949202,1.7925113,1.7920927,1.7881409,1.782506,1.7788837,1.7763504,1.771203,1.7689874,1.7687534,1.7663043,1.765906,1.7646068,1.7605158,1.7595669,1.7568527,1.7509758,1.7485974
141_real,2.2598205,,,,,,,,,,,,,,,,,,,,,,,,,,,,,,,,,,,,,,,,,,,,,,,,,,2.028445,,,,,,,,,,,,,,,,,,,
141_gen,2.2598207,2.2544742,2.2515883,2.2455907,2.2428825,2.2410827,2.2373452,2.231938,2.2299743,2.2238574,2.2210295,2.2168102,2.215035,2.2130437,2.2089405,2.2059948,2.204083,2.200648,2.1969273,2.194746,2.1917021,2.1867604,2.1823945,2.179877,2.1748471,2.1707091,2.1668944,2.1647258,2.1630907,2.1580508,2.1536536,2.1490486,2.1453977,2.1441307,2.144424,2.1416066,2.1363227,2.1307397,2.1307344,2.1240854,2.1215386,2.1176362,2.1148245,2.112476,2.1097744,2.1072888,2.1053538,2.0998082,2.095258,2.0909197,2.0874343,2.0827096,2.082702,2.0797896,2.074609,2.070525,2.067518,2.0648777,2.059383,2.0583339,2.0529523,2.0498538,2.050238,2.0461679,2.0434155,2.0423484,2.0386605,2.0322392,2.0284414,2.0223856
142_real,1.1611168,,,,,,,,,,,,,,,,,,,,,,,,,,,,,,,,,,,,,,,,,,,,,,,,,,1.0730152,,,,,,,,,,,,,,,,,,,
142_gen,1.1611167,1.1588175,1.1571848,1.1564167,1.1515899,1.1488668,1.1455475,1.1403344,1.1395285,1.1389047,1.137111,1.1291579,1.125293,1.1206746,1.1173991,1.1118205,1.1098168,1.1091013,1.1055923,1.1040714,1.1019422,1.1004745,1.0961736,1.0933151,1.0891926,1.0828336,1.0780318,1.0733577,1.0679004,1.0643805,1.0590063,1.056979,1.0546694,1.0552986,1.0534589,1.0521666,1.0468534,1.0412161,1.0421307,1.0395796,1.03671,1.0311242,1.0282295,1.0209033,1.0154331,1.0076349,1.0045079,1.0015662,0.9955757,0.99644345,0.9934351,0.9916318,0.9865376,0.9820428,0.97922117,0.9779829,0.9752142,0.9716029,0.96687424,0.9632562,0.9563986,0.95245755,0.95102805,0.94621867,0.9440649,0.9403877,0.9364499,0.9311031,0.92584115,0.9212977
143_real,1.5021111,,,,,,,,,,,,,,,,,,,,,,,,,,,,,,,,,,,,,,,,,,,,,,,,,,1.0468394,,,,,,,,,,,,,,,,,,,
143_gen,1.5021112,1.4938303,1.4838059,1.4764621,1.4678423,1.4599626,1.4492706,1.4410784,1.4329065,1.4243919,1.4160317,1.4093974,1.3998595,1.3926524,1.3855344,1.3770945,1.3697155,1.3610972,1.3534744,1.3465219,1.3389605,1.3326155,1.3259939,1.320063,1.3138173,1.3050448,1.2993951,1.293491,1.2870884,1.2820811,1.2748723,1.267947,1.2609286,1.256756,1.2478193,1.2415652,1.2332318,1.2264591,1.2216905,1.2168105,1.2108831,1.2034272,1.1962699,1.1906471,1.1848657,1.1805018,1.1749867,1.1700188,1.1648922,1.1587067,1.1532426,1.1482319,1.143659,1.1392677,1.1339095,1.1281668,1.1233679,1.1196527,1.1131274,1.1058443,1.1001225,1.0946257,1.0920839,1.0856785,1.0836147,1.0777943,1.0720935,1.0667342,1.0598342,1.0516775
144_real,1.3985515,,,,,,,,,,,,,,,,,,,,,,,,,,,,,,,,,,,,,,,,,,,,,,,,,,1.1583996,,,,,,,,,,,,,,,,,,,
144_gen,1.3985516,1.3953645,1.3918815,1.386502,1.3826001,1.3783021,1.3755999,1.3702629,1.3656303,1.3593227,1.3553832,1.3511198,1.3483572,1.3457148,1.3426516,1.3381268,1.3329757,1.3316778,1.3273709,1.3243568,1.3181512,1.3166565,1.3124044,1.30819,1.303467,1.2997044,1.2940973,1.2898632,1.2869503,1.2819643,1.278383,1.2755517,1.2728262,1.2694689,1.2674541,1.2666334,1.2652872,1.2640897,1.260144,1.2561646,1.2532462,1.2487005,1.2468766,1.243305,1.2408152,1.2382371,1.2329353,1.2321767,1.2283236,1.2245775,1.2225972,1.2180976,1.2127225,1.2090349,1.2071589,1.2022823,1.1999886,1.1973947,1.1914103,1.1898168,1.1857901,1.1842813,1.1806403,1.1768899,1.1746163,1.1692073,1.1654125,1.1601694,1.1605093,1.1595771
