ROI,Month_0,Month_1,Month_2,Month_3,Month_4,Month_5,Month_6,Month_7,Month_8,Month_9,Month_10,Month_11,Month_12,Month_13,Month_14,Month_15,Month_16,Month_17,Month_18,Month_19,Month_20,Month_21,Month_22,Month_23,Month_24,Month_25,Month_26,Month_27,Month_28,Month_29,Month_30,Month_31,Month_32,Month_33,Month_34,Month_35,Month_36,Month_37,Month_38,Month_39,Month_40,Month_41,Month_42,Month_43,Month_44,Month_45,Month_46,Month_47,Month_48,Month_49,Month_50,Month_51,Month_52,Month_53,Month_54,Month_55,Month_56,Month_57,Month_58,Month_59,Month_60,Month_61,Month_62,Month_63,Month_64,Month_65,Month_66,Month_67,Month_68,Month_69
0_real,0.9357851,,,,,,,,,,,,,,,,,,,,,,,,,,,,,,,,,,,,,,,,,,,,,,,,,,,,,,,,,,,,,,,,,,,1.1546404,,
0_gen,0.9357852,0.9423207,0.95019704,0.95542353,0.96342486,0.97111404,0.9791051,0.9861086,0.99255466,1.0002662,1.0083443,1.0146264,1.0217638,1.029102,1.0359871,1.0428584,1.0503243,1.0580081,1.0641493,1.0701237,1.0736752,1.08055,1.0874623,1.0965817,1.1034708,1.1097217,1.1165192,1.1213071,1.1276535,1.1358426,1.1436276,1.1518797,1.1584132,1.164465,1.1707842,1.1780846,1.1834322,1.190058,1.1977792,1.2047942,1.2126024,1.2173369,1.2232467,1.230561,1.2379779,1.2467496,1.2515161,1.2587186,1.2654746,1.2706977,1.2758213,1.2825737,1.288964,1.2973595,1.3044102,1.3112113,1.3183026,1.3260229,1.3326453,1.3388684,1.3440517,1.3500148,1.3569797,1.3633902,1.3695148,1.3759906,1.3801358,1.38594,1.3938594,1.401112
1_real,1.0318724,,,,,,,,,,,,,,,,,,,,,,,,,,,,,,,,,,,,,,,,,,,,,,,,,,,,,,,,,,,,,,,,,,,0.9734102,,
1_gen,1.0318725,1.0327322,1.0350118,1.0351928,1.0379307,1.038528,1.0395296,1.0425832,1.0453023,1.044956,1.0451859,1.0466502,1.0474532,1.0497372,1.0502896,1.0517852,1.0511172,1.0530374,1.054922,1.0561323,1.0570537,1.0598148,1.0599961,1.0608774,1.0633543,1.0650468,1.0667924,1.0688435,1.070718,1.0731566,1.075373,1.0790151,1.0791453,1.0807985,1.0830352,1.0863993,1.0865322,1.0883132,1.0904994,1.0931107,1.0950512,1.0974642,1.0999854,1.1013001,1.1013715,1.101602,1.1026027,1.1044686,1.1071377,1.109231,1.1110739,1.1135048,1.1155903,1.1178488,1.1209522,1.1221136,1.1238899,1.1250229,1.1262949,1.1257026,1.1276512,1.1276321,1.1292536,1.1314166,1.1331947,1.135246,1.1366061,1.1388731,1.1397194,1.1405828
2_real,0.003006529,,,,,,,,,,,,,,,,,,,,,,,,,,,,,,,,,,,,,,,,,,,,,,,,,,,,,,,,,,,,,,,,,,,-0.12646794,,
2_gen,0.003006529,-0.007565973,-0.013901221,-0.020060148,-0.024236687,-0.028258836,-0.03182402,-0.036590517,-0.04031285,-0.04420865,-0.0498942,-0.056551732,-0.06240219,-0.06499151,-0.06858094,-0.06801897,-0.07211632,-0.07633165,-0.07837899,-0.0827137,-0.08530112,-0.08959095,-0.093172416,-0.09735898,-0.10297869,-0.10914458,-0.11293056,-0.11961546,-0.12272215,-0.12548898,-0.12991263,-0.13348928,-0.13752541,-0.13991448,-0.14446148,-0.14826156,-0.15563866,-0.15843315,-0.16075528,-0.16355722,-0.16764036,-0.17133048,-0.17636144,-0.18090928,-0.184432,-0.19084987,-0.19534694,-0.19844541,-0.20449412,-0.20665447,-0.21257153,-0.21427684,-0.21769059,-0.22063318,-0.2223223,-0.22726253,-0.2323027,-0.23866586,-0.24241796,-0.24705867,-0.25242305,-0.2541767,-0.25871804,-0.26202065,-0.2692438,-0.27672303,-0.27758414,-0.28211173,-0.28572327,-0.29075187
3_real,0.5034768,,,,,,,,,,,,,,,,,,,,,,,,,,,,,,,,,,,,,,,,,,,,,,,,,,,,,,,,,,,,,,,,,,,0.37440836,,
3_gen,0.50347674,0.494342,0.49056315,0.48474097,0.47821555,0.47133985,0.46482468,0.45754462,0.44934005,0.4434336,0.43631515,0.43280417,0.42574677,0.41921306,0.41538233,0.4076124,0.40192613,0.39346147,0.38650838,0.37884924,0.37411326,0.3661115,0.35603228,0.34947023,0.34189916,0.3373664,0.33085078,0.3245538,0.3187129,0.31127185,0.3041404,0.29891938,0.29624626,0.29112518,0.28596354,0.28061587,0.27481335,0.26871684,0.26457262,0.25907737,0.25427264,0.24860492,0.2417529,0.23563974,0.22805314,0.22290921,0.2185665,0.21443968,0.20405078,0.19481711,0.18741941,0.17889795,0.172631,0.16536981,0.15817532,0.15101966,0.1447018,0.13544884,0.12985493,0.12403898,0.11548785,0.10986674,0.10026176,0.097116575,0.09119646,0.08580862,0.079766646,0.0753801,0.067790404,0.061119042
4_real,-0.8485966,,,,,,,,,,,,,,,,,,,,,,,,,,,,,,,,,,,,,,,,,,,,,,,,,,,,,,,,,,,,,,,,,,,-0.22098689,,
4_gen,-0.8485966,-0.85052603,-0.8547255,-0.86215746,-0.86299735,-0.8688353,-0.8732665,-0.88076514,-0.8890928,-0.88895625,-0.8904554,-0.89549476,-0.9011555,-0.90629846,-0.91179055,-0.9163601,-0.920297,-0.92399186,-0.9302327,-0.9395236,-0.9408399,-0.9435875,-0.9499334,-0.95263207,-0.9551509,-0.9587774,-0.96450263,-0.9683504,-0.9692127,-0.9735302,-0.9773692,-0.97982675,-0.98182696,-0.98589194,-0.986993,-0.99056256,-0.99449456,-0.99977887,-1.0010101,-1.0026373,-1.0071622,-1.0066699,-1.0097783,-1.0122514,-1.0144982,-1.0164545,-1.0179679,-1.0232427,-1.0250705,-1.0253481,-1.0318292,-1.0352396,-1.0397094,-1.0433283,-1.048621,-1.0561887,-1.0568705,-1.0605065,-1.0652664,-1.064476,-1.06988,-1.0712548,-1.0787998,-1.0823739,-1.0825412,-1.0840801,-1.0898535,-1.0936681,-1.0997207,-1.1026473
5_real,1.2137957,,,,,,,,,,,,,,,,,,,,,,,,,,,,,,,,,,,,,,,,,,,,,,,,,,,,,,,,,,,,,,,,,,,0.962126,,
5_gen,1.2137957,1.2091534,1.2004561,1.1933329,1.1841191,1.1796595,1.1715534,1.1621126,1.156807,1.1567014,1.1558176,1.1503341,1.1453439,1.1421278,1.1390026,1.133445,1.1306036,1.1243489,1.1171354,1.1156156,1.109404,1.1021683,1.0968482,1.0902798,1.0848091,1.0794448,1.0763866,1.0734241,1.0714312,1.0713327,1.064256,1.0558633,1.0540571,1.051266,1.0426148,1.0411398,1.0402144,1.0312846,1.0273567,1.0235012,1.017782,1.0169622,1.0092444,0.99952066,0.9929873,0.98772925,0.98157007,0.9739811,0.9656989,0.95653707,0.9505124,0.94368804,0.9384903,0.9312903,0.92441523,0.91834563,0.911428,0.9064542,0.8981312,0.89380485,0.8919333,0.88472575,0.87898237,0.8771151,0.8738799,0.8700091,0.8629619,0.8516213,0.8441597,0.8398181
6_real,1.5202045,,,,,,,,,,,,,,,,,,,,,,,,,,,,,,,,,,,,,,,,,,,,,,,,,,,,,,,,,,,,,,,,,,,1.4323597,,
6_gen,1.5202045,1.5173062,1.5145254,1.5120978,1.5103748,1.5084728,1.5064051,1.5043725,1.5018688,1.4998587,1.4976254,1.4963965,1.4941986,1.4915679,1.4883478,1.4852525,1.4841647,1.4805609,1.4784952,1.4775323,1.4758475,1.4740843,1.4725922,1.4689626,1.4666383,1.464313,1.4596103,1.4580115,1.4572582,1.4551102,1.4530728,1.451401,1.4499332,1.4477786,1.447242,1.4441901,1.4429004,1.4399645,1.4406173,1.4390292,1.4376614,1.4363002,1.4348172,1.4330609,1.430583,1.4286304,1.4257967,1.423121,1.4202697,1.4176035,1.4156404,1.4140456,1.4131778,1.4119396,1.4108489,1.4084065,1.4071603,1.4061301,1.4047912,1.4036512,1.4005744,1.3981838,1.3947866,1.3914806,1.3891088,1.3858525,1.384194,1.3825341,1.3791139,1.3770021
7_real,1.2836478,,,,,,,,,,,,,,,,,,,,,,,,,,,,,,,,,,,,,,,,,,,,,,,,,,,,,,,,,,,,,,,,,,,0.859196,,
7_gen,1.2836477,1.2819364,1.2786162,1.2749896,1.2743276,1.2755294,1.2765086,1.2758242,1.278455,1.2778366,1.278321,1.2776566,1.27795,1.2775215,1.2793722,1.279671,1.2817646,1.282435,1.2842112,1.2853894,1.2816031,1.2795736,1.2804976,1.2819341,1.2799833,1.2815013,1.2846454,1.2844111,1.2847377,1.285321,1.287978,1.2867333,1.2868412,1.2874603,1.2864578,1.2875808,1.285629,1.2845318,1.2843411,1.2850987,1.2848209,1.2855737,1.2854586,1.2846909,1.2863108,1.2879444,1.2839302,1.28543,1.2826877,1.2814032,1.2793818,1.2804477,1.2782959,1.2776966,1.2798727,1.2801409,1.2786888,1.2779915,1.2768205,1.2791784,1.280874,1.2806877,1.2831862,1.2831086,1.2822177,1.281848,1.282595,1.2830806,1.2821157,1.2836471
8_real,-0.38836515,,,,,,,,,,,,,,,,,,,,,,,,,,,,,,,,,,,,,,,,,,,,,,,,,,,,,,,,,,,,,,,,,,,-0.66458845,,
8_gen,-0.38836518,-0.39187065,-0.39116454,-0.39345592,-0.3925051,-0.39407837,-0.3920752,-0.39188257,-0.3933833,-0.3956948,-0.39584148,-0.39569643,-0.39760444,-0.40209764,-0.40478563,-0.40537253,-0.40659112,-0.40876442,-0.4090929,-0.40715832,-0.40760955,-0.40623027,-0.4059843,-0.4072879,-0.4105634,-0.41219482,-0.4104987,-0.41187397,-0.41265115,-0.41383186,-0.41290116,-0.41446486,-0.41292042,-0.41460752,-0.41583246,-0.41500148,-0.41673255,-0.4174389,-0.4161554,-0.41472188,-0.41480502,-0.4154582,-0.41653204,-0.41545644,-0.41434258,-0.4142798,-0.41616374,-0.4168547,-0.41475815,-0.41588488,-0.41424784,-0.41570392,-0.41558462,-0.4155694,-0.41376066,-0.41293854,-0.41359788,-0.41318846,-0.41320786,-0.41358528,-0.41280255,-0.41306072,-0.4150262,-0.41621867,-0.41685885,-0.4160046,-0.4161459,-0.41687432,-0.41814455,-0.41916528
9_real,-0.7695662,,,,,,,,,,,,,,,,,,,,,,,,,,,,,,,,,,,,,,,,,,,,,,,,,,,,,,,,,,,,,,,,,,,-0.91882616,,
9_gen,-0.7695661,-0.77072275,-0.7712937,-0.77180034,-0.775031,-0.77784127,-0.779911,-0.7851791,-0.788656,-0.7910806,-0.79450756,-0.7993313,-0.8036314,-0.80958307,-0.8124453,-0.81617564,-0.8189371,-0.82485235,-0.82803696,-0.8317884,-0.8381132,-0.84147894,-0.84819525,-0.8543495,-0.8575684,-0.86074483,-0.86286306,-0.86731994,-0.8723036,-0.87422925,-0.8788169,-0.88292104,-0.8866191,-0.8910395,-0.8974641,-0.9012882,-0.9040178,-0.90837574,-0.9143017,-0.91654235,-0.92239666,-0.9274087,-0.9293407,-0.9332436,-0.93813246,-0.94202244,-0.94686115,-0.95335025,-0.9573906,-0.9626608,-0.9672845,-0.9703652,-0.9754184,-0.9815397,-0.9861251,-0.99158466,-0.99662364,-0.9985855,-1.0015608,-1.0059273,-1.0085093,-1.0148551,-1.018894,-1.024977,-1.0270677,-1.031731,-1.0353594,-1.039851,-1.0448891,-1.0493176
10_real,-0.9715856,,,,,,,,,,,,,,,,,,,,,,,,,,,,,,,,,,,,,,,,,,,,,,,,,,,,,,,,,,,,,,,,,,,-1.2317494,,
10_gen,-0.9715856,-0.9747589,-0.9767746,-0.98020947,-0.98199165,-0.9844066,-0.9860083,-0.9864114,-0.9882991,-0.9890412,-0.9937994,-0.9981023,-0.9982892,-1.0006518,-1.004812,-1.0047528,-1.0088527,-1.0109661,-1.0147312,-1.0152155,-1.0179615,-1.0207409,-1.0229845,-1.0227349,-1.025984,-1.0301608,-1.0320842,-1.0358007,-1.0367295,-1.0392327,-1.0422899,-1.0442674,-1.0476878,-1.0506828,-1.0519841,-1.054683,-1.0582874,-1.0619676,-1.0664897,-1.0688405,-1.0720932,-1.0715057,-1.074341,-1.0758054,-1.0806396,-1.0834191,-1.0854044,-1.0892353,-1.0897506,-1.0915904,-1.0944948,-1.0965362,-1.0981103,-1.1025654,-1.1065754,-1.110682,-1.1141698,-1.1128567,-1.1138594,-1.1157619,-1.1187924,-1.1220934,-1.1235573,-1.1268003,-1.131202,-1.1367451,-1.140314,-1.1425068,-1.1460186,-1.1532451
11_real,0.4293065,,,,,,,,,,,,,,,,,,,,,,,,,,,,,,,,,,,,,,,,,,,,,,,,,,,,,,,,,,,,,,,,,,,0.18418945,,
11_gen,0.4293065,0.42113486,0.41705817,0.4151594,0.41012412,0.4089648,0.4030466,0.40277418,0.4019433,0.4000384,0.39795825,0.3896495,0.38670045,0.3846541,0.38332772,0.38085565,0.37617064,0.3746795,0.37193996,0.36801004,0.36760893,0.36353078,0.36329946,0.3595172,0.3573157,0.35479528,0.35504946,0.35357076,0.35249934,0.34873176,0.34827238,0.34482193,0.3414201,0.3367533,0.33460352,0.332907,0.3278161,0.3250603,0.32270318,0.32009155,0.31451818,0.31439143,0.31095737,0.3095258,0.30796087,0.30742776,0.30333534,0.29909077,0.2993148,0.2956664,0.29139486,0.28950328,0.289482,0.287862,0.28834975,0.28818446,0.28561282,0.27947447,0.27621633,0.27408797,0.27352327,0.27098295,0.26715666,0.2660415,0.2640514,0.2619967,0.2603169,0.2589077,0.2581163,0.2558047
12_real,0.9655162,,,,,,,,,,,,,,,,,,,,,,,,,,,,,,,,,,,,,,,,,,,,,,,,,,,,,,,,,,,,,,,,,,,1.1496617,,
12_gen,0.9655162,0.95906556,0.9552868,0.9539499,0.9510066,0.94782525,0.94157296,0.94289196,0.9412686,0.937784,0.9399768,0.9452859,0.9414382,0.93433857,0.9344975,0.93514395,0.9340437,0.93287575,0.92539406,0.92182237,0.9226015,0.9209205,0.9129006,0.9088625,0.9062497,0.9063655,0.9034665,0.9014858,0.9013513,0.8968856,0.89395475,0.8880085,0.887193,0.8793681,0.8729974,0.86856717,0.86563015,0.8612779,0.8615128,0.8606119,0.8551348,0.84925604,0.84760314,0.84603345,0.83781356,0.83420074,0.83062136,0.82588273,0.825019,0.8206089,0.81537503,0.8117154,0.8094531,0.806701,0.80831575,0.8100358,0.8046689,0.8005487,0.796764,0.79567903,0.79335386,0.7915234,0.7907857,0.7869892,0.78115904,0.77822554,0.7754885,0.77640927,0.77624977,0.77414197
13_real,1.7606281,,,,,,,,,,,,,,,,,,,,,,,,,,,,,,,,,,,,,,,,,,,,,,,,,,,,,,,,,,,,,,,,,,,1.5730004,,
13_gen,1.760628,1.7546164,1.7483078,1.7441466,1.7380521,1.7310421,1.7259516,1.7190574,1.7116941,1.7052742,1.6998144,1.6918825,1.6845348,1.6800772,1.6741533,1.6700672,1.6649854,1.659194,1.6533644,1.6498325,1.6436367,1.6377655,1.6334054,1.6291081,1.6247647,1.6189302,1.6128744,1.6081073,1.6029638,1.5963411,1.5907385,1.5844982,1.5784982,1.5752904,1.5699222,1.5651852,1.5611908,1.5554595,1.5476166,1.5417572,1.5378767,1.532113,1.5227792,1.5136554,1.5092673,1.5006546,1.4950414,1.4894251,1.4849365,1.4791579,1.4746244,1.4704597,1.464326,1.4587225,1.4510124,1.4455731,1.4404429,1.4359708,1.4310858,1.4240836,1.4200958,1.4144118,1.4103086,1.4020736,1.3974003,1.3914039,1.3820112,1.3766963,1.3705889,1.3634723
14_real,1.4788368,,,,,,,,,,,,,,,,,,,,,,,,,,,,,,,,,,,,,,,,,,,,,,,,,,,,,,,,,,,,,,,,,,,1.3456291,,
14_gen,1.4788369,1.473752,1.4706303,1.4674895,1.4658489,1.4645783,1.4593058,1.4557868,1.449844,1.4439917,1.4394008,1.4343277,1.4294665,1.4264549,1.4219902,1.4144576,1.4087063,1.4062469,1.4021493,1.3973919,1.3923038,1.3830907,1.3776112,1.370203,1.3666809,1.3621027,1.3562284,1.3491266,1.343713,1.3406377,1.3358512,1.3305664,1.3247979,1.3185811,1.3125752,1.3082085,1.3039573,1.296755,1.2934695,1.2913859,1.2872478,1.281594,1.2778094,1.2722644,1.2687159,1.2640908,1.2589877,1.2538204,1.2481583,1.242089,1.2377372,1.2340002,1.230083,1.2252781,1.2204362,1.2153034,1.2088655,1.2033503,1.2004284,1.1925977,1.188309,1.1843917,1.1803458,1.1737747,1.1677067,1.1614344,1.1570766,1.1520922,1.1463218,1.1398937
15_real,0.116376266,,,,,,,,,,,,,,,,,,,,,,,,,,,,,,,,,,,,,,,,,,,,,,,,,,,,,,,,,,,,,,,,,,,0.072578885,,
15_gen,0.116376266,0.123582326,0.1291336,0.1317565,0.13582031,0.14059852,0.1462394,0.15553054,0.15991113,0.16742994,0.17364159,0.18393025,0.19409773,0.20314106,0.2126149,0.21684508,0.22374626,0.23155995,0.2349722,0.2422719,0.24596703,0.2542623,0.26086995,0.26701623,0.27554992,0.27970156,0.28803664,0.29713625,0.30041108,0.31165794,0.31982705,0.328791,0.33725804,0.3441306,0.34895176,0.35610938,0.36841455,0.37262025,0.37643155,0.38656452,0.39760348,0.4049438,0.41160423,0.41734904,0.42576724,0.43571717,0.4441781,0.45069116,0.4622202,0.4689311,0.47331992,0.47954702,0.4872032,0.49784985,0.50407463,0.51625955,0.5279334,0.53893125,0.5496329,0.5601221,0.56541574,0.57660997,0.5870653,0.5922188,0.5954676,0.604857,0.6106975,0.6144382,0.62636924,0.6365837
16_real,0.039902177,,,,,,,,,,,,,,,,,,,,,,,,,,,,,,,,,,,,,,,,,,,,,,,,,,,,,,,,,,,,,,,,,,,0.39960727,,
16_gen,0.039902177,0.039928988,0.048673034,0.05666567,0.06068831,0.066564,0.07328898,0.07429496,0.08295072,0.08661208,0.09364584,0.097891286,0.107624575,0.11074747,0.11403272,0.12469141,0.12439872,0.1347085,0.14015165,0.14532183,0.1461511,0.1462375,0.15250109,0.15598351,0.16335893,0.165672,0.16736782,0.17657106,0.18230918,0.18765731,0.19047086,0.19904165,0.2037183,0.20957458,0.21205787,0.21775904,0.21879224,0.22158733,0.22901468,0.23865573,0.24571118,0.25178397,0.26286036,0.2694992,0.27403635,0.280405,0.2882139,0.2904363,0.29500854,0.29793257,0.30368286,0.31982118,0.32460636,0.32900196,0.33815664,0.3487864,0.3577345,0.36303312,0.37228546,0.37334388,0.38523605,0.3908527,0.3981378,0.40385476,0.41735473,0.42470422,0.42974496,0.43546787,0.43959242,0.44779268
17_real,0.13600655,,,,,,,,,,,,,,,,,,,,,,,,,,,,,,,,,,,,,,,,,,,,,,,,,,,,,,,,,,,,,,,,,,,0.21712187,,
17_gen,0.13600656,0.14012389,0.1445943,0.14955753,0.15456463,0.16269268,0.16664621,0.17073719,0.17610067,0.18184945,0.18791798,0.19338253,0.19735526,0.206585,0.21434316,0.21910433,0.22325787,0.23189601,0.23880634,0.24537086,0.25272262,0.25988993,0.26891595,0.27422038,0.28005058,0.286837,0.2944197,0.3011217,0.30744416,0.311261,0.31690097,0.3262476,0.33113417,0.33610672,0.34392276,0.35045943,0.35827503,0.3646973,0.37131473,0.37448797,0.38258767,0.38898867,0.3934576,0.39883766,0.40451097,0.41227943,0.41786844,0.4237147,0.43037897,0.4371132,0.4428811,0.44781286,0.45688218,0.4626184,0.46920362,0.47669393,0.4845099,0.48935652,0.49533328,0.50284743,0.5084971,0.5176835,0.5249696,0.52830535,0.5368458,0.5430724,0.55174506,0.55899554,0.5648964,0.57158095
18_real,1.6039267,,,,,,,,,,,,,,,,,,,,,,,,,,,,,,,,,,,,,,,,,,,,,,,,,,,,,,,,,,,,,,,,,,,1.7593533,,
18_gen,1.6039267,1.6145298,1.6214453,1.6301273,1.6364092,1.6455376,1.6530857,1.6589196,1.6661276,1.6751354,1.6800206,1.6882694,1.6972065,1.7028539,1.7070888,1.7115911,1.7165734,1.7234268,1.731082,1.7383007,1.7443161,1.7519197,1.7581648,1.7651736,1.7706316,1.7777052,1.7851114,1.7916889,1.7972456,1.8039892,1.8105447,1.8123137,1.8186394,1.8219793,1.8286226,1.8387302,1.8433136,1.8486601,1.8547636,1.8616766,1.8694903,1.8740629,1.8797312,1.8851347,1.8931987,1.9006474,1.9069933,1.915155,1.922563,1.9299624,1.9356778,1.9397304,1.9484339,1.9554466,1.963877,1.9691776,1.9783096,1.9824461,1.9905245,1.996783,2.0080686,2.0130918,2.0210261,2.028039,2.034427,2.0423932,2.0490994,2.0546706,2.060392,2.0689137
19_real,0.28480044,,,,,,,,,,,,,,,,,,,,,,,,,,,,,,,,,,,,,,,,,,,,,,,,,,,,,,,,,,,,,,,,,,,-0.5394589,,
19_gen,0.28480047,0.2805776,0.27662086,0.27309838,0.2711985,0.26760238,0.26690394,0.2627291,0.25806838,0.25270718,0.24857736,0.24463317,0.2413129,0.23621623,0.23174834,0.22673483,0.22361115,0.22101048,0.2187711,0.21110716,0.20722096,0.20292728,0.19783503,0.19561818,0.19367644,0.19084385,0.18598828,0.18073669,0.17594871,0.17217447,0.16858228,0.16501379,0.16152549,0.15743424,0.15412605,0.14814211,0.14299412,0.13964862,0.1335403,0.12963814,0.123763934,0.120531216,0.11593884,0.109847285,0.103907034,0.10043714,0.09320806,0.08880788,0.085066654,0.08017589,0.07532548,0.07222729,0.068963096,0.06598698,0.060198653,0.05627174,0.05186929,0.04682165,0.04421282,0.03980377,0.037001222,0.032144748,0.028983388,0.024698079,0.017712686,0.013065996,0.008914357,0.0048252973,0.00055548514,-0.004801151
20_real,-0.15741825,,,,,,,,,,,,,,,,,,,,,,,,,,,,,,,,,,,,,,,,,,,,,,,,,,,,,,,,,,,,,,,,,,,-0.06539002,,
20_gen,-0.15741825,-0.162578,-0.16736935,-0.17062314,-0.17633066,-0.18105698,-0.18569659,-0.18852487,-0.19458386,-0.19808635,-0.20164225,-0.20494874,-0.20776013,-0.21059628,-0.21334784,-0.21551815,-0.21997063,-0.22343071,-0.2273334,-0.2305611,-0.23283812,-0.23652191,-0.24092892,-0.2422401,-0.24525693,-0.24681287,-0.25142786,-0.25586492,-0.25828788,-0.2622741,-0.2644153,-0.2674315,-0.27188057,-0.27443042,-0.2768543,-0.28146935,-0.28544748,-0.28720465,-0.29223794,-0.2965708,-0.2956036,-0.3000929,-0.30274513,-0.30735296,-0.30981848,-0.31537676,-0.31966558,-0.32272997,-0.32757348,-0.3307715,-0.334847,-0.34097305,-0.34290758,-0.34552905,-0.35050178,-0.3526495,-0.35416973,-0.35746956,-0.36113593,-0.36502454,-0.36797756,-0.36915684,-0.37481657,-0.37696445,-0.3818422,-0.38547978,-0.3901134,-0.3950968,-0.39743227,-0.39971137
21_real,0.18314603,,,,,,,,,,,,,,,,,,,,,,,,,,,,,,,,,,,,,,,,,,,,,,,,,,,,,,,,,,,,,,,,,,,-0.07803527,,
21_gen,0.18314601,0.18130186,0.17889145,0.17627253,0.17353234,0.17123853,0.1688955,0.16612183,0.16288283,0.16084033,0.15839434,0.15822355,0.15635572,0.15394512,0.15459278,0.14828047,0.14567354,0.14353295,0.14152741,0.13898312,0.13819197,0.13512972,0.13259156,0.1282614,0.1258004,0.123190604,0.12216699,0.11927484,0.11664432,0.11448951,0.11357281,0.112451136,0.110448934,0.10854898,0.10654529,0.10365856,0.099994674,0.09462121,0.092884175,0.09173696,0.088144936,0.084324256,0.08492242,0.083082184,0.08070142,0.07758334,0.075560436,0.07309023,0.071277894,0.06923093,0.065527946,0.0632705,0.06013748,0.058508713,0.05733146,0.05355217,0.052544087,0.050607633,0.04904635,0.045574363,0.044137407,0.04084826,0.03779263,0.03647563,0.03552,0.034097373,0.030461237,0.03047654,0.02397729,0.019989114
22_real,0.014152797,,,,,,,,,,,,,,,,,,,,,,,,,,,,,,,,,,,,,,,,,,,,,,,,,,,,,,,,,,,,,,,,,,,0.19679366,,
22_gen,0.014152797,0.012137453,0.009908618,0.008199705,0.00506149,-0.0009442262,-0.0035368204,-0.007643824,-0.012648808,-0.012234845,-0.014725362,-0.020776473,-0.024780085,-0.02822656,-0.03040799,-0.032495968,-0.036601566,-0.04210954,-0.043618254,-0.046698216,-0.050092123,-0.053786565,-0.0557537,-0.061059266,-0.064378895,-0.068648055,-0.07364621,-0.07692729,-0.076262094,-0.07676001,-0.07908007,-0.082843944,-0.089125015,-0.09266223,-0.09664097,-0.09924827,-0.10355346,-0.10654871,-0.10899873,-0.11051346,-0.10998236,-0.11430566,-0.11829343,-0.1248847,-0.12989748,-0.13322178,-0.13743855,-0.14104788,-0.1483362,-0.15357065,-0.1564348,-0.1635251,-0.16879779,-0.17196293,-0.17675442,-0.1771274,-0.18518636,-0.19300538,-0.19850357,-0.20129013,-0.20973396,-0.21320514,-0.2163583,-0.22038433,-0.22637811,-0.22941986,-0.23358846,-0.2364376,-0.2427369,-0.24697053
23_real,0.4067638,,,,,,,,,,,,,,,,,,,,,,,,,,,,,,,,,,,,,,,,,,,,,,,,,,,,,,,,,,,,,,,,,,,0.39945373,,
23_gen,0.4067638,0.4018093,0.39481917,0.387358,0.3829431,0.37716827,0.3702369,0.3636945,0.35801154,0.3525855,0.34806168,0.34529185,0.33949906,0.3359615,0.32901075,0.32275295,0.31954348,0.31323308,0.30840737,0.3062696,0.3035673,0.29901916,0.29510915,0.29141074,0.28775266,0.28152382,0.2785223,0.27209675,0.2667452,0.26141724,0.25635868,0.25225347,0.24789913,0.24339852,0.23812833,0.23191321,0.22632763,0.22096094,0.2159251,0.20944312,0.20413446,0.20057002,0.19732194,0.19249648,0.1883848,0.1831435,0.1784972,0.1714165,0.16679487,0.16149603,0.15799268,0.15480557,0.1534676,0.14765386,0.14241919,0.1381714,0.13287833,0.12813337,0.12238558,0.1167946,0.11219853,0.10560715,0.10139857,0.09620398,0.09096147,0.08664794,0.08020859,0.0739183,0.07001482,0.06341355
24_real,-0.20940565,,,,,,,,,,,,,,,,,,,,,,,,,,,,,,,,,,,,,,,,,,,,,,,,,,,,,,,,,,,,,,,,,,,-0.5724378,,
24_gen,-0.20940563,-0.21700259,-0.22413805,-0.22995892,-0.23674051,-0.24313429,-0.25035998,-0.25354543,-0.26012963,-0.26353666,-0.26971936,-0.27301845,-0.27699882,-0.28368658,-0.28842846,-0.291396,-0.2953969,-0.30053324,-0.30600494,-0.3109401,-0.31563792,-0.31927517,-0.32433745,-0.33137366,-0.33745885,-0.3406208,-0.3440957,-0.35169432,-0.35360283,-0.3583508,-0.36439618,-0.36921614,-0.3746833,-0.37966162,-0.38633156,-0.39008445,-0.39347088,-0.39952257,-0.40539485,-0.4099954,-0.4146208,-0.4214105,-0.42902842,-0.43581527,-0.44019565,-0.4439764,-0.448803,-0.45383137,-0.46042714,-0.46570483,-0.4708991,-0.47626716,-0.48358887,-0.48924366,-0.49718237,-0.5046678,-0.51138204,-0.5186481,-0.5249481,-0.52899456,-0.53288126,-0.5379983,-0.5454918,-0.54911673,-0.55614954,-0.56100816,-0.56605196,-0.5723876,-0.57894963,-0.58401984
25_real,0.054213107,,,,,,,,,,,,,,,,,,,,,,,,,,,,,,,,,,,,,,,,,,,,,,,,,,,,,,,,,,,,,,,,,,,-0.05404731,,
25_gen,0.054213107,0.048146915,0.045202263,0.042366534,0.038915224,0.039359696,0.03818523,0.035486985,0.032015804,0.029859427,0.02656048,0.023185667,0.019264754,0.016448054,0.01564648,0.015279596,0.013663726,0.011332688,0.008286297,0.0068355175,0.003587645,0.0009083403,-0.0018733876,-0.0049190363,-0.0067543997,-0.008851364,-0.011738784,-0.013030591,-0.014459843,-0.017481532,-0.019647133,-0.021671062,-0.024105642,-0.026461497,-0.02917404,-0.030380059,-0.031955536,-0.03534573,-0.037285767,-0.03896854,-0.040875904,-0.042180773,-0.044584908,-0.045523405,-0.046279855,-0.048597068,-0.05080182,-0.052694947,-0.05387064,-0.05528996,-0.05667303,-0.057585645,-0.059370726,-0.060581665,-0.063734375,-0.06416463,-0.067189805,-0.070152946,-0.0716996,-0.07412432,-0.07889144,-0.081226304,-0.084319,-0.08639024,-0.08723855,-0.088203534,-0.089583755,-0.09107191,-0.09454054,-0.096203856
26_real,0.63538706,,,,,,,,,,,,,,,,,,,,,,,,,,,,,,,,,,,,,,,,,,,,,,,,,,,,,,,,,,,,,,,,,,,0.553627,,
26_gen,0.635387,0.630225,0.6260924,0.6217773,0.6175927,0.61341864,0.6102091,0.60503745,0.6001277,0.59512717,0.5902103,0.58473796,0.5817478,0.57904226,0.57450294,0.569564,0.5668329,0.56269634,0.55857736,0.55529714,0.5509793,0.54705274,0.5433524,0.539534,0.53603625,0.53141624,0.52645856,0.52048576,0.5159592,0.5127779,0.50803757,0.50385344,0.50103927,0.49567828,0.49010038,0.48379713,0.48030767,0.47817183,0.4739569,0.46979794,0.4653347,0.46115762,0.45698014,0.4527853,0.4482685,0.44428796,0.43928853,0.43483463,0.4300476,0.42634147,0.4216024,0.417131,0.41348165,0.40971208,0.40570593,0.3990212,0.39541665,0.39045018,0.387466,0.38429832,0.38040465,0.37605155,0.37292466,0.3686456,0.36471635,0.36124998,0.3555994,0.3511386,0.34518602,0.3411922
27_real,0.10632891,,,,,,,,,,,,,,,,,,,,,,,,,,,,,,,,,,,,,,,,,,,,,,,,,,,,,,,,,,,,,,,,,,,-0.32862335,,
27_gen,0.10632892,0.10319288,0.10033099,0.09771478,0.09533278,0.09211665,0.08955553,0.08713374,0.085145906,0.08250111,0.080427736,0.07995581,0.07848416,0.07650472,0.0747047,0.07231412,0.070903674,0.06918441,0.06609034,0.065098524,0.06276229,0.060058337,0.05553187,0.053902097,0.052204214,0.050434172,0.047625788,0.045780133,0.042834282,0.04050334,0.03883579,0.036992114,0.035138376,0.034632847,0.03142481,0.030658051,0.026684547,0.025246441,0.021545455,0.019614846,0.016697146,0.015220018,0.013131069,0.012317167,0.010453684,0.008400285,0.005869699,0.0041625975,0.0025186632,0.00028545354,-0.0029985576,-0.0053531486,-0.0070609585,-0.009554389,-0.011658115,-0.0140014645,-0.016070126,-0.017508004,-0.020207109,-0.022261923,-0.02377781,-0.024602132,-0.027763033,-0.029685652,-0.0322045,-0.033558983,-0.035594393,-0.03856338,-0.040974528,-0.04354237
28_real,0.025559487,,,,,,,,,,,,,,,,,,,,,,,,,,,,,,,,,,,,,,,,,,,,,,,,,,,,,,,,,,,,,,,,,,,0.01993781,,
28_gen,0.025559489,0.02347299,0.02250356,0.024151614,0.023941657,0.023955882,0.021264657,0.023174886,0.021402985,0.019705564,0.017550606,0.01389003,0.011586608,0.010758838,0.008550928,0.008740684,0.0068695294,0.004497589,0.004845131,0.0028603778,0.0022170513,0.002875466,3.197696e-05,-0.0027041067,-0.0024791467,-0.002248846,-0.003984594,-0.0056386217,-0.006325937,-0.007957441,-0.008754244,-0.011380235,-0.014150739,-0.015964203,-0.018789195,-0.018905682,-0.021527406,-0.024271268,-0.025065165,-0.02627089,-0.026056547,-0.0265303,-0.026726235,-0.028269868,-0.028734943,-0.030066201,-0.032001015,-0.032989092,-0.032987252,-0.03292318,-0.032271676,-0.034100268,-0.03476512,-0.03740902,-0.03606255,-0.038856782,-0.040424716,-0.04011664,-0.041669246,-0.04357644,-0.042855106,-0.04112133,-0.041938882,-0.04106813,-0.04193157,-0.044793114,-0.047466476,-0.047866438,-0.049010277,-0.050147872
29_real,0.6276434,,,,,,,,,,,,,,,,,,,,,,,,,,,,,,,,,,,,,,,,,,,,,,,,,,,,,,,,,,,,,,,,,,,0.6140044,,
29_gen,0.62764347,0.6276518,0.62812406,0.6262314,0.6250247,0.62356675,0.62189865,0.61811626,0.61541694,0.6140681,0.6141101,0.6122149,0.6106051,0.6096804,0.60648876,0.605045,0.60272807,0.601124,0.6000167,0.59858507,0.5946614,0.5947346,0.59388816,0.59252226,0.589887,0.5869096,0.5842716,0.5820232,0.5800461,0.57557595,0.5746709,0.572851,0.5698596,0.569275,0.567242,0.5667032,0.5641585,0.5621677,0.5594902,0.5583481,0.557716,0.55642086,0.55583555,0.55411756,0.55133593,0.55058664,0.5472877,0.54721814,0.5442103,0.54537976,0.54325694,0.54301584,0.5403471,0.5361842,0.532537,0.5298643,0.52907073,0.52649343,0.52552474,0.52336633,0.5224422,0.52175635,0.52017707,0.51788324,0.51755273,0.5142894,0.5108008,0.50806254,0.50523126,0.5034997
30_real,0.22288981,,,,,,,,,,,,,,,,,,,,,,,,,,,,,,,,,,,,,,,,,,,,,,,,,,,,,,,,,,,,,,,,,,,0.079758644,,
30_gen,0.22288981,0.2136493,0.20753546,0.19544442,0.18794446,0.18653402,0.17688607,0.165871,0.16242799,0.15884593,0.15688057,0.1487914,0.14437564,0.13237932,0.122156724,0.11557977,0.10864206,0.100568116,0.08771408,0.08091005,0.07794641,0.068560876,0.06655054,0.057068735,0.048584163,0.04022435,0.034330476,0.033302236,0.030260086,0.027603334,0.025453705,0.023032673,0.011367066,0.0065779192,0.0005839694,-0.0058763376,-0.013493532,-0.023302957,-0.029260676,-0.031170836,-0.037330616,-0.03901126,-0.044677537,-0.0551638,-0.06393798,-0.06918042,-0.07388282,-0.07842113,-0.084541336,-0.09713199,-0.09857454,-0.102828816,-0.107991934,-0.112401485,-0.11984067,-0.12099971,-0.12717013,-0.13262926,-0.13411114,-0.14198896,-0.15144098,-0.16114916,-0.1676838,-0.17298362,-0.18058604,-0.18360703,-0.19073027,-0.19870219,-0.20174932,-0.21222258
31_real,0.33583635,,,,,,,,,,,,,,,,,,,,,,,,,,,,,,,,,,,,,,,,,,,,,,,,,,,,,,,,,,,,,,,,,,,0.8289707,,
31_gen,0.33583638,0.32211012,0.31755847,0.3121015,0.30422208,0.30209726,0.29147446,0.2828366,0.2777712,0.27465126,0.26654682,0.25968724,0.25697708,0.25254562,0.24277744,0.23760366,0.23203488,0.22801563,0.21944952,0.2171,0.216194,0.20947227,0.20351057,0.20018947,0.19689855,0.18913038,0.18219185,0.1752682,0.17218405,0.16552618,0.16098543,0.1571264,0.15686147,0.14793953,0.13603058,0.1311109,0.12089787,0.11721649,0.10947088,0.10256879,0.09734694,0.09469681,0.0918511,0.08289214,0.081861936,0.07653042,0.067619845,0.0637133,0.05371607,0.050326265,0.043097295,0.036153328,0.0338522,0.029553797,0.020440472,0.01851557,0.017313689,0.011501128,0.007737114,0.003418784,-0.0029583988,-0.012283215,-0.018510018,-0.021874214,-0.03216528,-0.040702123,-0.043832414,-0.049467124,-0.058778375,-0.0662698
32_real,-0.8492559,,,,,,,,,,,,,,,,,,,,,,,,,,,,,,,,,,,,,,,,,,,,,,,,,,,,,,,,,,,,,,,,,,,-1.2974621,,
32_gen,-0.8492559,-0.854323,-0.8581669,-0.85919905,-0.8629572,-0.8653866,-0.86818635,-0.8727273,-0.8758415,-0.8769287,-0.8799874,-0.8817754,-0.8870314,-0.8925746,-0.8977219,-0.9010088,-0.9064703,-0.9118908,-0.911393,-0.91562873,-0.9181253,-0.920063,-0.92408097,-0.9251834,-0.93260115,-0.93564045,-0.9381858,-0.9414377,-0.94531214,-0.9484895,-0.9523274,-0.95653564,-0.96248627,-0.9649128,-0.96982145,-0.9725653,-0.9805605,-0.9845371,-0.9885008,-0.9905183,-0.9906041,-0.99567854,-1.0006481,-1.0039272,-1.0060517,-1.0058035,-1.0081617,-1.0101832,-1.0138432,-1.0191648,-1.0196308,-1.0231149,-1.0268965,-1.0274699,-1.0291693,-1.0329022,-1.0379618,-1.0404772,-1.0436738,-1.047059,-1.0494903,-1.0533574,-1.0553204,-1.0590308,-1.0612459,-1.0648249,-1.0684469,-1.0724386,-1.0780923,-1.0821095
33_real,1.2013794,,,,,,,,,,,,,,,,,,,,,,,,,,,,,,,,,,,,,,,,,,,,,,,,,,,,,,,,,,,,,,,,,,,1.0565315,,
33_gen,1.2013795,1.1984663,1.1946968,1.1878736,1.187176,1.1824634,1.181382,1.182297,1.1813906,1.1775063,1.1741997,1.1731156,1.1709858,1.1693883,1.16868,1.1662698,1.1640623,1.1625373,1.1608311,1.1596305,1.1565286,1.1540267,1.1506928,1.1498182,1.1449461,1.1441464,1.140597,1.1397946,1.1390307,1.1329901,1.131211,1.1302843,1.126966,1.1253397,1.1221305,1.1232357,1.1204054,1.1170629,1.1156139,1.1137835,1.1130388,1.1124288,1.1078928,1.104634,1.1015946,1.101476,1.1011401,1.0994253,1.0979227,1.0941721,1.0914195,1.0874734,1.0852253,1.0864136,1.0849434,1.0817989,1.0774773,1.0752312,1.0715569,1.0722313,1.0709913,1.069256,1.0648226,1.0594995,1.0572,1.0558898,1.0517222,1.0508934,1.051345,1.049846
34_real,0.8909255,,,,,,,,,,,,,,,,,,,,,,,,,,,,,,,,,,,,,,,,,,,,,,,,,,,,,,,,,,,,,,,,,,,0.6632347,,
34_gen,0.8909255,0.8900325,0.8895419,0.8891204,0.8918641,0.88855183,0.8877759,0.8861416,0.88383025,0.882362,0.8816074,0.87967587,0.87999374,0.87959224,0.87806666,0.87530935,0.8737852,0.8730232,0.8687218,0.8678123,0.86643153,0.8631693,0.8609699,0.8567194,0.8569604,0.8527964,0.85103244,0.84693944,0.8455203,0.8444257,0.8419224,0.84079057,0.8416373,0.84178656,0.8404311,0.83682996,0.83575314,0.8341214,0.8325459,0.82833385,0.8272443,0.827552,0.82695216,0.8252509,0.82374084,0.8227304,0.82260704,0.81985664,0.820261,0.8153947,0.81475794,0.81164634,0.81481564,0.813722,0.8142482,0.81244886,0.8080162,0.8059274,0.80499375,0.80394727,0.80069053,0.79776615,0.7927107,0.79280984,0.79408395,0.7904954,0.78903997,0.7881488,0.78659034,0.784407
35_real,0.83200955,,,,,,,,,,,,,,,,,,,,,,,,,,,,,,,,,,,,,,,,,,,,,,,,,,,,,,,,,,,,,,,,,,,0.6704637,,
35_gen,0.83200943,0.8314325,0.82369345,0.8238719,0.82504594,0.81976736,0.81678647,0.81051636,0.80885375,0.8059125,0.8056362,0.8004133,0.80219823,0.7989532,0.7940848,0.7922031,0.792233,0.79042065,0.7887144,0.79099673,0.78791946,0.7876898,0.7883119,0.7870065,0.7864234,0.7846422,0.7800601,0.77872574,0.7773201,0.77747047,0.77495563,0.7751722,0.77359784,0.77181333,0.7713479,0.7697581,0.7685145,0.76738346,0.768628,0.76831734,0.76812905,0.76626635,0.7670325,0.7633377,0.7631055,0.7606088,0.76098,0.7596427,0.7556811,0.75395465,0.7500206,0.75015754,0.7473683,0.7472601,0.7483953,0.74513954,0.74514335,0.7432601,0.7407045,0.73667943,0.7355542,0.73518246,0.73236465,0.73441476,0.7337756,0.7295273,0.7279336,0.72485894,0.72437036,0.72301114
36_real,-0.69291526,,,,,,,,,,,,,,,,,,,,,,,,,,,,,,,,,,,,,,,,,,,,,,,,,,,,,,,,,,,,,,,,,,,-0.85986376,,
36_gen,-0.6929153,-0.6955203,-0.69611007,-0.6963171,-0.6989031,-0.70257205,-0.7053553,-0.71009624,-0.7119872,-0.7138041,-0.7207421,-0.7216102,-0.723151,-0.7295294,-0.7350634,-0.7352444,-0.7358483,-0.7361007,-0.7411071,-0.74525195,-0.75149995,-0.75201124,-0.7510562,-0.7569502,-0.75943273,-0.7606434,-0.7609476,-0.76937693,-0.77485836,-0.77741647,-0.7829865,-0.78751403,-0.7869522,-0.7874731,-0.7885873,-0.7941276,-0.79761636,-0.7976288,-0.7973544,-0.8003929,-0.80254,-0.8106448,-0.8141987,-0.8187811,-0.82231605,-0.82996005,-0.83086145,-0.83517134,-0.83867043,-0.8410858,-0.8431393,-0.84487116,-0.84824246,-0.8519365,-0.85297215,-0.8580791,-0.8602625,-0.8630643,-0.8629066,-0.86449546,-0.86956006,-0.8709971,-0.87426996,-0.8830203,-0.8871654,-0.89107513,-0.89696217,-0.9044655,-0.9067809,-0.9099412
37_real,0.17686418,,,,,,,,,,,,,,,,,,,,,,,,,,,,,,,,,,,,,,,,,,,,,,,,,,,,,,,,,,,,,,,,,,,0.22224759,,
37_gen,0.17686416,0.17336679,0.17111456,0.1671991,0.16847509,0.1715908,0.17192084,0.17147163,0.16994077,0.16880135,0.1693884,0.1683501,0.16913113,0.17057803,0.17022775,0.17073278,0.1695853,0.1669766,0.16668224,0.1666605,0.16541615,0.16135046,0.16282755,0.16296728,0.16006353,0.15810318,0.158707,0.15830863,0.15691805,0.1563264,0.15607654,0.15444002,0.15262738,0.15213238,0.15317029,0.15202294,0.14755075,0.14794272,0.14785689,0.14789785,0.14915138,0.14876615,0.15307286,0.15047774,0.14871809,0.1492304,0.15267396,0.15160179,0.14725837,0.14951071,0.1485378,0.14733373,0.14973083,0.14747918,0.15014105,0.150887,0.151319,0.14923574,0.15088305,0.14768337,0.1475191,0.14663313,0.14449835,0.14266074,0.14207914,0.13664165,0.1404089,0.14116693,0.14118537,0.14052531
38_real,-0.2661174,,,,,,,,,,,,,,,,,,,,,,,,,,,,,,,,,,,,,,,,,,,,,,,,,,,,,,,,,,,,,,,,,,,-0.35228974,,
38_gen,-0.26611736,-0.26577723,-0.26527822,-0.2680878,-0.27091807,-0.27155814,-0.27205938,-0.27372476,-0.27329817,-0.2722394,-0.27246436,-0.27303573,-0.2771811,-0.2799343,-0.28235298,-0.2833602,-0.28569993,-0.2848925,-0.28789362,-0.28993425,-0.29069346,-0.28997236,-0.2937602,-0.29441825,-0.29580238,-0.29624605,-0.29400805,-0.29424268,-0.29751548,-0.30076095,-0.30020142,-0.29744667,-0.30189472,-0.30643064,-0.30561644,-0.30763456,-0.3075769,-0.3103058,-0.31237194,-0.31171414,-0.31244054,-0.31602693,-0.3173985,-0.3215869,-0.32405,-0.3212722,-0.32204342,-0.32470495,-0.32453054,-0.32682166,-0.3296265,-0.32860407,-0.33532184,-0.33843294,-0.34114128,-0.33795834,-0.33707935,-0.3386713,-0.34175795,-0.3414587,-0.34469804,-0.34539896,-0.3481223,-0.35073805,-0.35473555,-0.35733584,-0.3564337,-0.35844174,-0.3577755,-0.35958624
39_real,-0.20314549,,,,,,,,,,,,,,,,,,,,,,,,,,,,,,,,,,,,,,,,,,,,,,,,,,,,,,,,,,,,,,,,,,,0.12512514,,
39_gen,-0.20314547,-0.20629656,-0.20891607,-0.20948188,-0.20980759,-0.2128381,-0.2162766,-0.21995857,-0.2224054,-0.22391696,-0.22485396,-0.22437608,-0.22695783,-0.22773209,-0.22639382,-0.23043399,-0.23149939,-0.23619583,-0.23914695,-0.24159439,-0.24270049,-0.24488482,-0.24654679,-0.24744232,-0.25035197,-0.25179633,-0.25389156,-0.25637746,-0.2596448,-0.2625301,-0.26523754,-0.26506472,-0.2695166,-0.26979336,-0.26977882,-0.27323627,-0.274683,-0.27386934,-0.27640516,-0.2782633,-0.27980843,-0.28162557,-0.28546134,-0.28610507,-0.288101,-0.28916642,-0.29203928,-0.29357535,-0.29365936,-0.2936941,-0.29394835,-0.29077286,-0.29219818,-0.29506594,-0.2969281,-0.29801583,-0.29966217,-0.29951337,-0.3010022,-0.30366167,-0.30641782,-0.31032172,-0.3118434,-0.31346464,-0.31492525,-0.31584406,-0.31528968,-0.3157121,-0.3171694,-0.31765646
40_real,0.50171924,,,,,,,,,,,,,,,,,,,,,,,,,,,,,,,,,,,,,,,,,,,,,,,,,,,,,,,,,,,,,,,,,,,0.37654147,,
40_gen,0.5017193,0.4968229,0.4949376,0.48872718,0.48945212,0.49160877,0.49352208,0.4858594,0.48670882,0.48696858,0.4820455,0.48206973,0.48593703,0.4837759,0.48028535,0.47615486,0.47553593,0.47261176,0.47079405,0.47141618,0.46668404,0.46317086,0.46426073,0.46327725,0.46143872,0.4589394,0.461608,0.45771307,0.45420402,0.4545649,0.4547414,0.45469984,0.4538025,0.4531086,0.4499715,0.4406449,0.4414002,0.44106585,0.43799043,0.43725008,0.43588105,0.431882,0.43145782,0.43173295,0.43283653,0.43731666,0.4347996,0.4345283,0.43363348,0.4340693,0.43309847,0.43170962,0.4310482,0.43048707,0.4268995,0.4253493,0.42369747,0.41692257,0.41795978,0.4130497,0.41288844,0.41012186,0.40331984,0.40364784,0.40217948,0.40468392,0.40561897,0.4077093,0.40619296,0.40763178
41_real,-0.21358734,,,,,,,,,,,,,,,,,,,,,,,,,,,,,,,,,,,,,,,,,,,,,,,,,,,,,,,,,,,,,,,,,,,0.40350556,,
41_gen,-0.21358731,-0.21617179,-0.22178945,-0.2251199,-0.22706644,-0.22631383,-0.22986548,-0.22910757,-0.23099896,-0.23054358,-0.23195639,-0.23329636,-0.23327081,-0.22515066,-0.22567356,-0.2217237,-0.22457571,-0.2184864,-0.21869159,-0.2172318,-0.21485285,-0.21935293,-0.21538727,-0.2183679,-0.21500428,-0.21680856,-0.21610563,-0.22045037,-0.21893117,-0.22282441,-0.22538021,-0.22181094,-0.21815702,-0.21490887,-0.21877272,-0.22179933,-0.2221719,-0.22548942,-0.22730044,-0.22683081,-0.22520833,-0.22430041,-0.22782016,-0.22518544,-0.22248176,-0.22495356,-0.22846007,-0.23168504,-0.2325064,-0.23144877,-0.23082213,-0.23048785,-0.23364231,-0.23724957,-0.23741455,-0.23483832,-0.23602347,-0.24049923,-0.24592659,-0.24433084,-0.24586006,-0.24278924,-0.2451525,-0.24599393,-0.24821146,-0.25029343,-0.25364366,-0.257896,-0.2583482,-0.2572287
42_real,-0.65558153,,,,,,,,,,,,,,,,,,,,,,,,,,,,,,,,,,,,,,,,,,,,,,,,,,,,,,,,,,,,,,,,,,,-0.9123845,,
42_gen,-0.65558153,-0.665093,-0.6690787,-0.6757365,-0.6781425,-0.6837367,-0.6883676,-0.6913778,-0.69657123,-0.7009753,-0.7065817,-0.71276647,-0.7174471,-0.7201854,-0.7255569,-0.7300968,-0.7312834,-0.7361425,-0.74153197,-0.7445802,-0.7469115,-0.75245327,-0.7580167,-0.7599061,-0.76231766,-0.7685109,-0.7724269,-0.77769405,-0.78296876,-0.7877692,-0.7913029,-0.7940182,-0.7976288,-0.80187213,-0.8092173,-0.81525564,-0.8185674,-0.8217411,-0.82793033,-0.829937,-0.8350732,-0.84110916,-0.84564626,-0.85129327,-0.85475236,-0.8588499,-0.86340415,-0.86629915,-0.871925,-0.87570477,-0.8797658,-0.88554937,-0.8893164,-0.89284277,-0.89784133,-0.9004663,-0.90488946,-0.9078252,-0.914019,-0.9202058,-0.9259418,-0.93082696,-0.93774176,-0.94376564,-0.94946927,-0.9547663,-0.95998895,-0.96645707,-0.9719952,-0.97589606
43_real,2.0148351,,,,,,,,,,,,,,,,,,,,,,,,,,,,,,,,,,,,,,,,,,,,,,,,,,,,,,,,,,,,,,,,,,,1.8562161,,
43_gen,2.0148351,2.007111,2.000092,1.9930567,1.984142,1.9771564,1.9693229,1.9636536,1.9609356,1.953213,1.9476883,1.9429725,1.9385662,1.931468,1.9240519,1.9199222,1.9140213,1.90887,1.9030621,1.8953251,1.8907118,1.8823707,1.8788239,1.8729866,1.8668203,1.8613489,1.8570783,1.8503315,1.8453976,1.8394778,1.8353777,1.830374,1.8242195,1.818929,1.8136858,1.8083379,1.8015411,1.7968428,1.7905792,1.7854364,1.7797577,1.7753721,1.769322,1.7637991,1.7573906,1.7525625,1.7478517,1.7422955,1.7363093,1.7320554,1.7252972,1.719022,1.7130102,1.7069588,1.6999305,1.6956524,1.6888962,1.6838433,1.6783438,1.6708931,1.6654781,1.6585842,1.6549848,1.6490183,1.644335,1.6384993,1.6330898,1.6271555,1.620318,1.6143535
44_real,3.8692303,,,,,,,,,,,,,,,,,,,,,,,,,,,,,,,,,,,,,,,,,,,,,,,,,,,,,,,,,,,,,,,,,,,3.7967603,,
44_gen,3.8692307,3.8659987,3.864289,3.8582432,3.855297,3.854857,3.8530223,3.8532867,3.8496547,3.8462174,3.8436553,3.842297,3.8398235,3.8372636,3.8363712,3.834603,3.831967,3.8278053,3.826851,3.8277848,3.825257,3.822544,3.8213267,3.8217278,3.8175063,3.8158176,3.8135796,3.8127868,3.8124173,3.8103213,3.8076005,3.8062966,3.8054893,3.8047805,3.802072,3.799275,3.7982178,3.7956882,3.7947345,3.790823,3.7907314,3.7860646,3.7851703,3.7836804,3.7823272,3.783841,3.7811503,3.78027,3.7805696,3.7792218,3.7776344,3.7746663,3.7734268,3.7709947,3.7687602,3.7664819,3.7644005,3.7605634,3.7595887,3.7568173,3.7549484,3.7537427,3.7531211,3.7507885,3.7491791,3.74444,3.741361,3.7389317,3.7362304,3.733396
45_real,1.3347207,,,,,,,,,,,,,,,,,,,,,,,,,,,,,,,,,,,,,,,,,,,,,,,,,,,,,,,,,,,,,,,,,,,1.4941057,,
45_gen,1.3347207,1.3283077,1.3236222,1.3181229,1.3154144,1.3096759,1.3035163,1.3001702,1.2982247,1.2955741,1.291764,1.2860868,1.280423,1.2771683,1.2708883,1.2701569,1.2656864,1.2607558,1.255035,1.2507524,1.2483174,1.2438633,1.2390853,1.2359936,1.2334065,1.231275,1.2255362,1.2198101,1.2151575,1.209721,1.2062585,1.2027546,1.1998311,1.1957872,1.191002,1.1860298,1.1801445,1.1746742,1.1714647,1.1673412,1.165515,1.1605272,1.1557357,1.153486,1.146889,1.1416347,1.1410513,1.1365844,1.1313555,1.1268845,1.1213452,1.1215588,1.1180762,1.1150372,1.1108865,1.1076517,1.1042684,1.0988123,1.096013,1.0922214,1.0864388,1.0827693,1.0803149,1.0778939,1.074465,1.0729144,1.0679827,1.063788,1.0631919,1.0594248
46_real,2.4086602,,,,,,,,,,,,,,,,,,,,,,,,,,,,,,,,,,,,,,,,,,,,,,,,,,,,,,,,,,,,,,,,,,,2.0442936,,
46_gen,2.4086604,2.403809,2.3990493,2.3949058,2.3903122,2.3867207,2.383164,2.3795388,2.3755774,2.3711028,2.3676786,2.365155,2.3618922,2.3597653,2.3549662,2.3510728,2.3480527,2.3456423,2.3432565,2.3393683,2.3365388,2.3325334,2.3296902,2.3264675,2.324327,2.3223367,2.319505,2.317493,2.3140445,2.3098996,2.305868,2.3030658,2.3003266,2.297963,2.295893,2.292799,2.2890394,2.2868617,2.2835782,2.2804227,2.2784102,2.2761848,2.2741437,2.2711737,2.26664,2.2628703,2.2596033,2.2565632,2.25415,2.2507682,2.247786,2.2446198,2.240517,2.2379398,2.2352881,2.2323947,2.2283394,2.2257822,2.222645,2.2200127,2.2164867,2.2126822,2.209481,2.2059083,2.2022061,2.199396,2.1961634,2.1929703,2.1906567,2.1881633
47_real,0.6964832,,,,,,,,,,,,,,,,,,,,,,,,,,,,,,,,,,,,,,,,,,,,,,,,,,,,,,,,,,,,,,,,,,,0.9146447,,
47_gen,0.6964832,0.69260174,0.6902891,0.6893226,0.6851182,0.6817544,0.6795696,0.6752254,0.67263615,0.6707866,0.6683336,0.6663522,0.6633975,0.66045225,0.6570202,0.65278816,0.6516438,0.647508,0.644815,0.6409446,0.63877815,0.63487685,0.6312846,0.629301,0.62727666,0.625116,0.6231419,0.61906517,0.61587477,0.6146444,0.61178505,0.6085876,0.60431796,0.60016245,0.59673506,0.5940433,0.59048617,0.5894234,0.5880195,0.58546734,0.5830094,0.5788723,0.5760799,0.5726766,0.57064974,0.56836903,0.5640708,0.56118095,0.5588671,0.5563061,0.5544164,0.55060196,0.5483028,0.546327,0.5420467,0.53824157,0.5355307,0.5317393,0.5272778,0.5239891,0.5222119,0.5206562,0.5173974,0.5144357,0.5100377,0.5054859,0.5014513,0.4980715,0.49674392,0.49465466
48_real,0.98567265,,,,,,,,,,,,,,,,,,,,,,,,,,,,,,,,,,,,,,,,,,,,,,,,,,,,,,,,,,,,,,,,,,,1.2396169,,
48_gen,0.98567265,0.98063385,0.97827756,0.97568655,0.9729559,0.9694212,0.9655255,0.9626214,0.9575224,0.9546078,0.9516951,0.9477709,0.9450923,0.9409809,0.93662673,0.9374077,0.9359447,0.93193036,0.9290826,0.9278921,0.9255315,0.921827,0.9175933,0.9126431,0.9101213,0.90684164,0.90299284,0.899402,0.89629954,0.89141405,0.8869786,0.8838129,0.8815532,0.87962353,0.8775655,0.872779,0.87037885,0.8667331,0.86294955,0.8606,0.8558506,0.85328215,0.8510723,0.8477867,0.84441966,0.84024745,0.837432,0.83431834,0.83023185,0.8252884,0.82129365,0.8174428,0.8139068,0.81080705,0.8082841,0.8037512,0.80008715,0.79661715,0.79330313,0.7905434,0.7874718,0.78416485,0.7794115,0.775887,0.77345645,0.7695873,0.7640132,0.7611182,0.7568431,0.7536432
49_real,0.21199527,,,,,,,,,,,,,,,,,,,,,,,,,,,,,,,,,,,,,,,,,,,,,,,,,,,,,,,,,,,,,,,,,,,0.29598314,,
49_gen,0.21199527,0.2066261,0.20083122,0.19584392,0.1904267,0.18426526,0.17972203,0.17124543,0.16757381,0.16317222,0.16019353,0.1559627,0.147773,0.14108996,0.13574569,0.13131097,0.12813415,0.12062146,0.11452397,0.11254768,0.11108706,0.10413382,0.09812825,0.09127791,0.087558016,0.08473414,0.08026132,0.07482643,0.06964391,0.06255032,0.058129746,0.0540419,0.048286557,0.043353446,0.038310073,0.032279834,0.029287463,0.025211954,0.0179746,0.013899264,0.010200439,0.0056887204,0.0013043642,-0.0044384995,-0.010495512,-0.012978743,-0.018994838,-0.02327914,-0.02820934,-0.03246567,-0.03653389,-0.04203541,-0.0444778,-0.049765296,-0.052671015,-0.056285877,-0.060124885,-0.062567376,-0.06980578,-0.07239522,-0.0769795,-0.0824254,-0.08704809,-0.08941809,-0.09374736,-0.10001085,-0.10458128,-0.11066065,-0.11468967,-0.118475035
50_real,0.15128025,,,,,,,,,,,,,,,,,,,,,,,,,,,,,,,,,,,,,,,,,,,,,,,,,,,,,,,,,,,,,,,,,,,0.30934596,,
50_gen,0.15128027,0.14563465,0.13996257,0.13442698,0.13108385,0.12616473,0.120816015,0.12100866,0.11262299,0.10402552,0.100536145,0.096952714,0.094852105,0.08591033,0.08308819,0.076694325,0.06958644,0.06637003,0.060835034,0.05491815,0.049811255,0.048841447,0.04682357,0.045188434,0.041486382,0.03599278,0.027427342,0.023109334,0.0138520375,0.007676579,-1.9919686e-05,-0.0038063426,-0.009377973,-0.012290044,-0.020700365,-0.028129766,-0.03376707,-0.04018414,-0.048543237,-0.051268928,-0.058691733,-0.06272629,-0.0703207,-0.07383255,-0.07569088,-0.083732836,-0.08827736,-0.09360464,-0.100033596,-0.10830809,-0.11621541,-0.11854099,-0.12524359,-0.13213833,-0.14231962,-0.14728957,-0.1523511,-0.16233876,-0.16715741,-0.17293876,-0.17816798,-0.18194129,-0.1872817,-0.19484021,-0.20359918,-0.2097865,-0.21419327,-0.22182612,-0.23054104,-0.2367043
51_real,-0.22896983,,,,,,,,,,,,,,,,,,,,,,,,,,,,,,,,,,,,,,,,,,,,,,,,,,,,,,,,,,,,,,,,,,,-0.41611114,,
51_gen,-0.22896984,-0.23679511,-0.2417557,-0.24625382,-0.2469388,-0.25062186,-0.25695124,-0.25952986,-0.2637625,-0.26426476,-0.26944277,-0.27103764,-0.2745182,-0.28020254,-0.2822922,-0.2868692,-0.29218215,-0.29953024,-0.3048824,-0.30783486,-0.31080317,-0.31479806,-0.319449,-0.3221604,-0.32683253,-0.3319421,-0.3370654,-0.34544963,-0.35219443,-0.35568982,-0.357872,-0.36144537,-0.36851376,-0.3735369,-0.37900013,-0.3800248,-0.38357264,-0.3898429,-0.39463454,-0.39546293,-0.40150872,-0.40671903,-0.40932775,-0.40992418,-0.41302928,-0.4172532,-0.41889018,-0.42368025,-0.42691422,-0.43326133,-0.43730012,-0.43885416,-0.4422434,-0.4487934,-0.450452,-0.45833048,-0.4649679,-0.4698916,-0.4751987,-0.47953233,-0.48414358,-0.48751432,-0.4896246,-0.49299544,-0.49846444,-0.506583,-0.5111416,-0.5149201,-0.5203251,-0.5213637
52_real,0.0057427827,,,,,,,,,,,,,,,,,,,,,,,,,,,,,,,,,,,,,,,,,,,,,,,,,,,,,,,,,,,,,,,,,,,-0.14283033,,
52_gen,0.0057427823,0.0028275666,0.0024705883,0.0011790233,-0.0015745905,-0.006176421,-0.007660734,-0.009845722,-0.014479423,-0.020946244,-0.02379499,-0.028739845,-0.034921266,-0.033079512,-0.03257099,-0.037819736,-0.041357502,-0.04289616,-0.045055907,-0.049243074,-0.0530805,-0.057768792,-0.060326427,-0.06460364,-0.06975575,-0.06954013,-0.07205293,-0.07564913,-0.08252072,-0.08874433,-0.09462182,-0.09960599,-0.10143359,-0.10339911,-0.107092544,-0.11003103,-0.112019315,-0.116587624,-0.12074957,-0.12079457,-0.120658696,-0.121700585,-0.12587094,-0.12978183,-0.13289884,-0.13611743,-0.13552533,-0.13650386,-0.13824032,-0.14168121,-0.14593838,-0.14826743,-0.15170036,-0.15205711,-0.1585097,-0.15981263,-0.1603107,-0.16341072,-0.16687302,-0.17340317,-0.17915335,-0.18190281,-0.18577176,-0.18815646,-0.19392458,-0.1987398,-0.20221448,-0.2034653,-0.20780468,-0.20998637
53_real,-0.12485174,,,,,,,,,,,,,,,,,,,,,,,,,,,,,,,,,,,,,,,,,,,,,,,,,,,,,,,,,,,,,,,,,,,-0.15261109,,
53_gen,-0.12485174,-0.12834099,-0.13274857,-0.13988419,-0.14940307,-0.15608688,-0.16203307,-0.16920504,-0.17415276,-0.17872328,-0.1866264,-0.19259182,-0.19756818,-0.20316982,-0.20851023,-0.21557328,-0.2223635,-0.22484669,-0.2279352,-0.23585708,-0.24144256,-0.24330655,-0.25070828,-0.25843588,-0.26639858,-0.2743173,-0.2791073,-0.28575316,-0.29721817,-0.3005601,-0.30596393,-0.31526184,-0.31910038,-0.32224682,-0.3250521,-0.3278932,-0.33489293,-0.33901712,-0.34614795,-0.35282794,-0.3587632,-0.37010497,-0.37161583,-0.374129,-0.38104826,-0.3852009,-0.39148015,-0.40016276,-0.40261206,-0.40343842,-0.40622997,-0.40506116,-0.41012526,-0.41415247,-0.42127085,-0.42607957,-0.4300354,-0.43844542,-0.44619212,-0.45534015,-0.45892233,-0.463286,-0.47368675,-0.48379523,-0.48925772,-0.4961215,-0.5024311,-0.5108268,-0.5173023,-0.5241859
54_real,-0.47607452,,,,,,,,,,,,,,,,,,,,,,,,,,,,,,,,,,,,,,,,,,,,,,,,,,,,,,,,,,,,,,,,,,,-0.8235516,,
54_gen,-0.47607452,-0.47730237,-0.48098454,-0.4832049,-0.486672,-0.49133974,-0.49530783,-0.5043023,-0.5101903,-0.52033406,-0.53028977,-0.532822,-0.5373817,-0.53962874,-0.5399038,-0.5424279,-0.5447973,-0.5460089,-0.54664534,-0.5468325,-0.55047,-0.55479157,-0.5537276,-0.5586556,-0.56553525,-0.57412446,-0.5760388,-0.5768255,-0.5787181,-0.57830703,-0.5815277,-0.586238,-0.588762,-0.5912972,-0.591583,-0.5953164,-0.59641916,-0.5993499,-0.60007393,-0.6036394,-0.60580146,-0.6101235,-0.61071867,-0.6123076,-0.6106646,-0.61424637,-0.61495864,-0.6225048,-0.6282744,-0.6364189,-0.641213,-0.64295304,-0.6441526,-0.651876,-0.65461326,-0.65902364,-0.6680205,-0.6763315,-0.6803878,-0.68022144,-0.6862155,-0.68852717,-0.694901,-0.69579345,-0.696528,-0.69664115,-0.69519717,-0.70207506,-0.70456,-0.7031945
55_real,0.827481,,,,,,,,,,,,,,,,,,,,,,,,,,,,,,,,,,,,,,,,,,,,,,,,,,,,,,,,,,,,,,,,,,,0.084729694,,
55_gen,0.8274809,0.8294657,0.82700956,0.82344246,0.82265675,0.81931293,0.8152455,0.8127548,0.8105993,0.80739224,0.8051728,0.8020541,0.8000415,0.79657716,0.79331094,0.7915238,0.78969705,0.78811425,0.78778267,0.7845624,0.783574,0.7803028,0.7784084,0.7766196,0.7757091,0.7741492,0.7723547,0.76935256,0.76724803,0.76702654,0.7652802,0.76165766,0.7608643,0.7586255,0.75431085,0.75291777,0.7503561,0.7467335,0.74475944,0.7406944,0.73581016,0.7341191,0.731627,0.7305034,0.7284837,0.72629315,0.7239227,0.72190416,0.721229,0.7192566,0.7160335,0.7129102,0.7128377,0.7094113,0.70633996,0.703174,0.7010352,0.6990012,0.6971789,0.6934062,0.6927327,0.6913165,0.6895515,0.68569934,0.6833488,0.680754,0.6754951,0.6720556,0.6704701,0.66700685
56_real,0.23622602,,,,,,,,,,,,,,,,,,,,,,,,,,,,,,,,,,,,,,,,,,,,,,,,,,,,,,,,,,,,,,,,,,,-0.3405748,,
56_gen,0.23622605,0.23188119,0.22933626,0.22631836,0.22263479,0.21906324,0.21725807,0.21374571,0.21241052,0.2109869,0.20764765,0.20514448,0.20154849,0.19915025,0.19845887,0.19690263,0.19298366,0.1896896,0.18736026,0.1861496,0.18378778,0.18304795,0.18128589,0.17830613,0.17635524,0.17353085,0.17156488,0.16870777,0.16513324,0.16423976,0.16305706,0.16176222,0.15929694,0.15951747,0.15688983,0.15287577,0.15135069,0.14909916,0.1485542,0.14481921,0.14375758,0.14273508,0.14246142,0.14042932,0.13763244,0.13448742,0.13089356,0.13001391,0.12749706,0.12558836,0.1246926,0.121121146,0.11668322,0.11534096,0.111236416,0.10782778,0.106569245,0.10338019,0.09942984,0.098200195,0.09911107,0.09546258,0.092649534,0.0888253,0.08638116,0.08407362,0.08524068,0.08296926,0.082058616,0.080388054
57_real,1.4616295,,,,,,,,,,,,,,,,,,,,,,,,,,,,,,,,,,,,,,,,,,,,,,,,,,,,,,,,,,,,,,,,,,,1.0895429,,
57_gen,1.4616296,1.4536035,1.4414766,1.4326998,1.4226941,1.4165543,1.4104183,1.402393,1.3939879,1.3840039,1.3799433,1.3730985,1.369243,1.3658738,1.3621023,1.3560768,1.3513308,1.343282,1.3396424,1.3334281,1.3259102,1.3181664,1.3116223,1.3038533,1.2999994,1.294039,1.2900771,1.2862442,1.2809976,1.2756996,1.2692585,1.2634857,1.2553225,1.2531651,1.2511212,1.2439741,1.237603,1.2348025,1.2275798,1.2209984,1.2111175,1.2028179,1.1975268,1.1929802,1.1868889,1.1780483,1.1717736,1.167821,1.1571904,1.1491982,1.1410927,1.135375,1.1279169,1.1175454,1.116,1.1102066,1.1034645,1.0981157,1.0911021,1.0835426,1.0783131,1.0703398,1.0647624,1.0579925,1.0519621,1.0449784,1.0392432,1.0323602,1.0269935,1.0211874
58_real,0.12689123,,,,,,,,,,,,,,,,,,,,,,,,,,,,,,,,,,,,,,,,,,,,,,,,,,,,,,,,,,,,,,,,,,,-0.38452744,,
58_gen,0.12689124,0.12091307,0.11429755,0.11050059,0.10380651,0.093329735,0.08777951,0.08402343,0.07979853,0.07919499,0.07532017,0.067042604,0.060504414,0.054014582,0.044658028,0.03558147,0.031494167,0.024390353,0.017745573,0.008337392,0.0034389626,-0.0055683306,-0.013068246,-0.011795385,-0.018407846,-0.01933826,-0.030029947,-0.0388029,-0.045622848,-0.050696444,-0.057580747,-0.06252737,-0.06607858,-0.07257573,-0.07899593,-0.08412023,-0.093184516,-0.09751766,-0.09905865,-0.103772484,-0.10878998,-0.11274636,-0.119755685,-0.12549654,-0.1316226,-0.1381573,-0.14390133,-0.15214401,-0.15695837,-0.16165969,-0.1735524,-0.1805048,-0.18288918,-0.19155344,-0.19810507,-0.2048752,-0.21409455,-0.2177979,-0.2264851,-0.23291688,-0.23848763,-0.24638776,-0.2503569,-0.25629112,-0.2670762,-0.2698054,-0.27613485,-0.28051037,-0.28570023,-0.29522234
59_real,0.06809319,,,,,,,,,,,,,,,,,,,,,,,,,,,,,,,,,,,,,,,,,,,,,,,,,,,,,,,,,,,,,,,,,,,-0.26669347,,
59_gen,0.06809319,0.07088224,0.07236914,0.073041216,0.07156767,0.06802939,0.06348867,0.063672096,0.061263382,0.059890933,0.057141833,0.054924924,0.05419268,0.053959914,0.051827114,0.04966873,0.04787944,0.04547251,0.04486155,0.042115327,0.041243665,0.038085617,0.03736308,0.03708741,0.036035787,0.034518383,0.029496998,0.0268532,0.024162825,0.022616453,0.018955398,0.017372873,0.011671351,0.008741257,0.007011873,0.0062006772,0.004107375,0.0011161914,0.00055599294,-0.0019598962,-0.0068706735,-0.008891927,-0.012949335,-0.018264115,-0.020158784,-0.021233665,-0.024787417,-0.028101569,-0.033103123,-0.034480922,-0.039655793,-0.04004398,-0.044514168,-0.045938715,-0.049067806,-0.052168496,-0.05162076,-0.055345416,-0.057110727,-0.059922468,-0.062686466,-0.06434859,-0.06645433,-0.07271949,-0.07353031,-0.077448174,-0.077164695,-0.07803623,-0.0791985,-0.0836871
60_real,0.16319723,,,,,,,,,,,,,,,,,,,,,,,,,,,,,,,,,,,,,,,,,,,,,,,,,,,,,,,,,,,,,,,,,,,0.0008262914,,
60_gen,0.16319725,0.16321123,0.16230032,0.16072436,0.15992406,0.16147831,0.15948889,0.15843222,0.15536991,0.15567963,0.15494159,0.15173942,0.15070269,0.15156996,0.14991875,0.14982438,0.14931445,0.15054438,0.15011962,0.15083939,0.15062569,0.14865243,0.14814252,0.14737639,0.14378633,0.14327307,0.14334646,0.14264728,0.1426558,0.14590538,0.14694896,0.14619231,0.14427276,0.14440754,0.14309825,0.14031526,0.14340618,0.14026408,0.13910097,0.13888267,0.13700815,0.13735327,0.13878226,0.13811223,0.13861898,0.1383053,0.13955757,0.13618767,0.13447854,0.13346241,0.13367857,0.13387862,0.1323205,0.1305711,0.12947282,0.12924774,0.12796277,0.12721784,0.12540571,0.12541938,0.12602647,0.12479893,0.12274407,0.12143497,0.121487156,0.12072991,0.12121917,0.119471535,0.11948317,0.11849978
61_real,0.88732713,,,,,,,,,,,,,,,,,,,,,,,,,,,,,,,,,,,,,,,,,,,,,,,,,,,,,,,,,,,,,,,,,,,0.78954315,,
61_gen,0.8873271,0.88195467,0.8788665,0.87356985,0.86970824,0.86547697,0.8598286,0.8573578,0.85014564,0.8458589,0.8398379,0.83705103,0.83575237,0.8310273,0.82711,0.82109416,0.8222836,0.81605226,0.8114802,0.81005156,0.8044605,0.8003663,0.79530513,0.7911717,0.7887184,0.78425467,0.77653426,0.7678906,0.7668889,0.7649742,0.7648954,0.760831,0.755723,0.75300646,0.74754757,0.74018335,0.73731,0.7356592,0.7300906,0.72728705,0.72368515,0.72309065,0.7209988,0.7184943,0.7177493,0.7137914,0.7138418,0.70771736,0.70336187,0.6966172,0.6969006,0.6942412,0.69048536,0.68829715,0.6812601,0.67926717,0.6768197,0.6748452,0.67047554,0.66913366,0.6654002,0.6608376,0.6566833,0.65522486,0.65281886,0.6553338,0.64813125,0.6418368,0.64026076,0.6406325
62_real,0.72249556,,,,,,,,,,,,,,,,,,,,,,,,,,,,,,,,,,,,,,,,,,,,,,,,,,,,,,,,,,,,,,,,,,,0.6350437,,
62_gen,0.72249556,0.7183541,0.7178441,0.7165566,0.7102639,0.7057265,0.70306623,0.6959446,0.6907493,0.68449104,0.6772362,0.6691919,0.66401964,0.6561133,0.6516677,0.6463519,0.6410115,0.63477814,0.632619,0.6247259,0.62636584,0.621539,0.61682457,0.61471313,0.61375177,0.61031324,0.6051661,0.59601974,0.5902053,0.5825722,0.5813381,0.57156837,0.5668832,0.5649493,0.557632,0.5551963,0.5485549,0.5460469,0.53841037,0.53440285,0.5293149,0.52422106,0.5266248,0.5204512,0.51388997,0.50724566,0.50226986,0.4934837,0.48857984,0.4849968,0.47697788,0.47278315,0.46707183,0.46187133,0.45563522,0.44908905,0.44433337,0.4366583,0.43636647,0.43007746,0.42681056,0.42262578,0.41863093,0.41388783,0.40728933,0.40008816,0.39527673,0.3880891,0.38136742,0.37706548
63_real,0.1062471,,,,,,,,,,,,,,,,,,,,,,,,,,,,,,,,,,,,,,,,,,,,,,,,,,,,,,,,,,,,,,,,,,,0.16145861,,
63_gen,0.10624708,0.09831651,0.089773096,0.08445768,0.07569431,0.069301076,0.06269616,0.05832722,0.049588926,0.04033071,0.034090113,0.026088286,0.020101877,0.012668443,0.0045637563,-0.0025186383,-0.009908129,-0.016630894,-0.024230419,-0.031014804,-0.035371415,-0.040491708,-0.04604003,-0.054261815,-0.060352825,-0.06765045,-0.07518739,-0.08231516,-0.090471715,-0.096362926,-0.10212685,-0.10765155,-0.11646024,-0.1236767,-0.13018492,-0.1396303,-0.14899355,-0.15386507,-0.16144912,-0.16988897,-0.17538998,-0.18218873,-0.18844089,-0.19882652,-0.20803371,-0.21507254,-0.22040138,-0.22682281,-0.23273325,-0.23963146,-0.24742885,-0.25038272,-0.25715202,-0.26655656,-0.27622256,-0.28337437,-0.29040095,-0.29721868,-0.30327472,-0.30860767,-0.31466377,-0.32537875,-0.3318976,-0.33804616,-0.3443048,-0.3503434,-0.35595506,-0.3623198,-0.36880583,-0.37437654
64_real,-0.7629352,,,,,,,,,,,,,,,,,,,,,,,,,,,,,,,,,,,,,,,,,,,,,,,,,,,,,,,,,,,,,,,,,,,-0.6399234,,
64_gen,-0.7629352,-0.7685444,-0.7734628,-0.77788496,-0.78652865,-0.7942314,-0.79976064,-0.8041762,-0.80583465,-0.81077117,-0.81279933,-0.8178557,-0.8217289,-0.8278955,-0.8352586,-0.8413186,-0.84751576,-0.8542078,-0.85715085,-0.8616432,-0.86597174,-0.87162197,-0.8773047,-0.8789522,-0.8860649,-0.89192563,-0.8990841,-0.90267944,-0.907039,-0.9114887,-0.91887933,-0.9230455,-0.92777014,-0.93455255,-0.93991166,-0.9457606,-0.9500247,-0.9532062,-0.96031106,-0.96649647,-0.9714637,-0.9757711,-0.9806469,-0.98739785,-0.9930515,-1.0002823,-1.006619,-1.011412,-1.0156634,-1.0204705,-1.0270718,-1.0320674,-1.0385706,-1.0422035,-1.0485274,-1.0499132,-1.0554637,-1.0591464,-1.0641992,-1.0677269,-1.0730524,-1.0779079,-1.0838053,-1.0886362,-1.0934283,-1.0942625,-1.0982785,-1.1071006,-1.112325,-1.1172458
65_real,1.0671992,,,,,,,,,,,,,,,,,,,,,,,,,,,,,,,,,,,,,,,,,,,,,,,,,,,,,,,,,,,,,,,,,,,0.8100006,,
65_gen,1.0671993,1.0623012,1.056072,1.0533308,1.0480304,1.0458333,1.0434649,1.038357,1.0344845,1.028113,1.02563,1.0200969,1.0154392,1.0095781,1.0052574,0.9995533,0.9951932,0.9911472,0.9880125,0.9820856,0.9754837,0.970634,0.96609133,0.9614876,0.95619696,0.9540704,0.94987124,0.9443843,0.9376488,0.9311517,0.9225298,0.91552955,0.9111036,0.90672654,0.9040035,0.898047,0.89472055,0.89002544,0.8845255,0.87905425,0.87665206,0.87272215,0.86380404,0.85573417,0.84920347,0.8458247,0.8392919,0.83361614,0.8269051,0.8197355,0.809984,0.80481994,0.79937613,0.7940879,0.7849662,0.77716243,0.77175826,0.7656881,0.7586354,0.7535201,0.7466314,0.7429794,0.7375406,0.7322696,0.72667295,0.72312355,0.718329,0.7151591,0.70818317,0.70346785
66_real,0.96623695,,,,,,,,,,,,,,,,,,,,,,,,,,,,,,,,,,,,,,,,,,,,,,,,,,,,,,,,,,,,,,,,,,,0.705927,,
66_gen,0.96623695,0.9588338,0.9551819,0.9535526,0.94817495,0.94258916,0.93758774,0.9367033,0.9343327,0.9331633,0.92366856,0.92044675,0.9149505,0.9145961,0.90929586,0.9111438,0.9091546,0.9059968,0.9015994,0.8996601,0.8969983,0.8908474,0.88694036,0.88600636,0.8838941,0.87917995,0.8721072,0.8702241,0.8660313,0.86008656,0.8587407,0.8553815,0.8517356,0.8461399,0.8437754,0.8416281,0.8366461,0.8337015,0.8290001,0.8217169,0.8183199,0.8140265,0.8092848,0.8036195,0.79673624,0.79248375,0.78927577,0.78859293,0.78493005,0.78213996,0.7782122,0.7770566,0.7717062,0.76527786,0.7638072,0.75898415,0.75658107,0.75204647,0.74610406,0.74206483,0.7374597,0.73355305,0.72659224,0.72601837,0.7221966,0.71636456,0.70991707,0.7068421,0.69730556,0.6968837
67_real,0.010953253,,,,,,,,,,,,,,,,,,,,,,,,,,,,,,,,,,,,,,,,,,,,,,,,,,,,,,,,,,,,,,,,,,,-0.116632335,,
67_gen,0.010953254,0.0055746445,0.0059154727,0.0049994355,0.0031506731,-0.0022452367,-0.005076224,-0.005849663,-0.00745933,-0.010097442,-0.009622924,-0.01094912,-0.013216471,-0.018857043,-0.022394452,-0.024050467,-0.028104946,-0.031089056,-0.03669268,-0.041682675,-0.042952634,-0.04719315,-0.049512155,-0.052989323,-0.055942945,-0.05927198,-0.061432946,-0.06395121,-0.0662915,-0.07099161,-0.07452963,-0.07817301,-0.07919887,-0.08195792,-0.085013315,-0.09102037,-0.090434596,-0.0938635,-0.09447219,-0.098635316,-0.101483084,-0.10667044,-0.11032654,-0.11380677,-0.11786026,-0.121879265,-0.12598571,-0.13077232,-0.13419099,-0.13744861,-0.14011583,-0.14658228,-0.14967343,-0.15285029,-0.15566973,-0.1606497,-0.16658296,-0.17172584,-0.17683522,-0.17652236,-0.18138623,-0.18562146,-0.19325124,-0.1959699,-0.19996955,-0.2022763,-0.20181568,-0.20662537,-0.21152344,-0.21477683
68_real,0.2802455,,,,,,,,,,,,,,,,,,,,,,,,,,,,,,,,,,,,,,,,,,,,,,,,,,,,,,,,,,,,,,,,,,,0.25190833,,
68_gen,0.2802455,0.27171394,0.2694726,0.26831502,0.26402166,0.26446897,0.26140076,0.2581645,0.2525096,0.24825434,0.24067755,0.23747198,0.23464625,0.23049887,0.2231865,0.21868256,0.20993415,0.20759785,0.20357248,0.20102796,0.19489676,0.19088645,0.1890745,0.1857964,0.18056521,0.17909086,0.17228132,0.16780162,0.16616893,0.16389555,0.16315392,0.15803495,0.15396851,0.1502885,0.14493933,0.14170174,0.13826092,0.13569328,0.13133678,0.12990901,0.12793785,0.12430984,0.12067248,0.117005706,0.111619666,0.10766773,0.10383,0.09994549,0.09653279,0.092842326,0.090175316,0.089002445,0.085910216,0.08387048,0.083115,0.08009672,0.074718796,0.07137759,0.070303306,0.06715963,0.06279931,0.059500515,0.057378996,0.056557678,0.05240311,0.048752077,0.0477103,0.041618146,0.037093394,0.03165044
69_real,0.9361643,,,,,,,,,,,,,,,,,,,,,,,,,,,,,,,,,,,,,,,,,,,,,,,,,,,,,,,,,,,,,,,,,,,0.9336013,,
69_gen,0.93616426,0.93083113,0.9260003,0.917346,0.91359824,0.9100625,0.90333444,0.899716,0.89892834,0.8942723,0.8902112,0.8913771,0.8879215,0.8851989,0.8829237,0.87748796,0.8748123,0.8698839,0.8694644,0.8657155,0.86534435,0.86160266,0.8571604,0.85239255,0.84743786,0.84294,0.8378708,0.83811426,0.8328087,0.82974386,0.8268689,0.8225382,0.81969833,0.8149449,0.8101387,0.8048336,0.80031747,0.7979091,0.79254997,0.78706294,0.78467596,0.77927315,0.775669,0.7783279,0.771804,0.76953495,0.7678672,0.76760375,0.76215726,0.75803775,0.7531975,0.75131404,0.7462884,0.74464715,0.7419779,0.7430192,0.73739713,0.7332748,0.7323006,0.72512376,0.72047323,0.7164258,0.7121059,0.70604706,0.70238835,0.698825,0.6927531,0.6892082,0.6844633,0.67954546
70_real,1.2728629,,,,,,,,,,,,,,,,,,,,,,,,,,,,,,,,,,,,,,,,,,,,,,,,,,,,,,,,,,,,,,,,,,,1.0612869,,
70_gen,1.272863,1.2671146,1.2633841,1.2621773,1.2615447,1.2585939,1.2529643,1.248652,1.248091,1.2455667,1.2445319,1.241977,1.2356166,1.232959,1.2299602,1.2314317,1.228983,1.2245717,1.2193121,1.216836,1.2168372,1.2127309,1.2074553,1.2076538,1.2099788,1.207883,1.2062232,1.2055252,1.2052284,1.2000097,1.2007216,1.2008183,1.1985302,1.1960723,1.1923529,1.1919229,1.1905622,1.1898794,1.1833864,1.185062,1.1803423,1.1720805,1.1698148,1.171633,1.1661918,1.1642618,1.1606221,1.1579059,1.1559656,1.1545155,1.1540238,1.1542046,1.1538466,1.1494992,1.1498469,1.1469678,1.1465943,1.1419569,1.1394129,1.1385974,1.1368899,1.1367954,1.1350899,1.1294819,1.1258605,1.1270604,1.1268704,1.1226845,1.1192119,1.1189708
71_real,0.8795175,,,,,,,,,,,,,,,,,,,,,,,,,,,,,,,,,,,,,,,,,,,,,,,,,,,,,,,,,,,,,,,,,,,0.62006265,,
71_gen,0.87951744,0.87964284,0.87920046,0.8766656,0.8733017,0.86959,0.86768544,0.86565316,0.862893,0.8602764,0.85692596,0.8542592,0.85174626,0.84678096,0.84367955,0.84154207,0.83704996,0.8364542,0.83609474,0.8334818,0.82969064,0.8285769,0.8269738,0.82549506,0.82343453,0.8235242,0.8200296,0.82074195,0.81821334,0.8173367,0.81460744,0.8147918,0.8137708,0.8103298,0.8066058,0.8036626,0.8023426,0.79783666,0.79500973,0.79262084,0.7891467,0.7842914,0.7804565,0.7764388,0.77136123,0.76893437,0.76681125,0.7654881,0.76381105,0.76335245,0.7597953,0.75638425,0.75248903,0.75257623,0.7503548,0.7456528,0.7440417,0.7423693,0.7375746,0.7348405,0.7303736,0.7274553,0.7268453,0.7251337,0.72150415,0.71919453,0.71310425,0.7126477,0.7089302,0.70475185
72_real,0.5299488,,,,,,,,,,,,,,,,,,,,,,,,,,,,,,,,,,,,,,,,,,,,,,,,,,,,,,,,,,,,,,,,,,,0.0762199,,
72_gen,0.5299488,0.5233792,0.519169,0.5154562,0.5144516,0.5141402,0.50913334,0.5074524,0.50620925,0.5023048,0.49622494,0.49998698,0.50034386,0.49808925,0.4954788,0.49437898,0.49309593,0.49291793,0.4904213,0.4863235,0.48552236,0.4836359,0.48368758,0.47673082,0.4758841,0.4771923,0.4771772,0.46953997,0.46949035,0.46833292,0.4680478,0.46544403,0.46329126,0.46057445,0.45874295,0.45132154,0.44887677,0.4469289,0.4418567,0.44029742,0.43939584,0.4344117,0.43262753,0.430983,0.42972374,0.42586622,0.42441434,0.421477,0.41651338,0.41271573,0.41130933,0.40861836,0.40436965,0.40190005,0.40023002,0.39917052,0.39349523,0.389301,0.38798922,0.38841057,0.38563743,0.38583493,0.38269353,0.38275707,0.3831111,0.37908924,0.37497997,0.37161878,0.3683588,0.3681087
73_real,0.94870836,,,,,,,,,,,,,,,,,,,,,,,,,,,,,,,,,,,,,,,,,,,,,,,,,,,,,,,,,,,,,,,,,,,1.1105064,,
73_gen,0.9487084,0.94768876,0.94325125,0.9409677,0.9344942,0.93344223,0.9294491,0.9286849,0.92426664,0.92292464,0.923333,0.9202733,0.9155318,0.912176,0.9124924,0.91232604,0.91087043,0.9078269,0.9037932,0.9034805,0.901097,0.8972732,0.8927913,0.8900298,0.8856821,0.87728846,0.8749936,0.87366104,0.8704624,0.86836654,0.8676411,0.86805403,0.8642131,0.86020166,0.8575675,0.8545089,0.8498596,0.8476613,0.84441745,0.83967507,0.8371331,0.8308697,0.82726324,0.81999254,0.8179754,0.8145154,0.809587,0.80702925,0.80264807,0.7962656,0.7921731,0.78736365,0.7849752,0.77996695,0.7762791,0.7722603,0.767882,0.76543367,0.76200485,0.7579506,0.756055,0.7511419,0.7443983,0.7410443,0.73495686,0.73307836,0.7296041,0.7266735,0.72006017,0.7165481
74_real,1.6007327,,,,,,,,,,,,,,,,,,,,,,,,,,,,,,,,,,,,,,,,,,,,,,,,,,,,,,,,,,,,,,,,,,,1.5937152,,
74_gen,1.6007326,1.5906537,1.586995,1.5803858,1.57783,1.574282,1.5713915,1.5703481,1.5691974,1.5618882,1.5554177,1.5467281,1.5453194,1.542446,1.5362068,1.5330085,1.5316775,1.5295557,1.527084,1.52174,1.5174456,1.5132828,1.5062854,1.5039463,1.5038489,1.5033242,1.5022221,1.5016574,1.497518,1.4948381,1.4900836,1.4881318,1.4862182,1.4850335,1.4833597,1.4787146,1.475803,1.4753721,1.4698044,1.4635448,1.4607464,1.4543426,1.4538051,1.4500275,1.4494703,1.4415352,1.4412042,1.4398891,1.4398744,1.4356959,1.4331654,1.424997,1.4201186,1.4134077,1.408016,1.4079826,1.4061664,1.4065226,1.4026611,1.3987234,1.3927847,1.3899343,1.3846262,1.384259,1.377542,1.371081,1.3673905,1.362663,1.358117,1.3549912
75_real,0.310682,,,,,,,,,,,,,,,,,,,,,,,,,,,,,,,,,,,,,,,,,,,,,,,,,,,,,,,,,,,,,,,,,,,-0.12750214,,
75_gen,0.31068203,0.30924797,0.30788025,0.3052313,0.30469882,0.30281514,0.29817718,0.29427463,0.29017556,0.2896496,0.28619558,0.28196883,0.27722746,0.27371663,0.2698512,0.2684587,0.2668543,0.26201862,0.25993648,0.2563476,0.2522908,0.24847686,0.2456265,0.24230666,0.23757465,0.23377447,0.22830227,0.22509916,0.22349778,0.21855175,0.2158078,0.21348473,0.21145408,0.20886056,0.20329182,0.20144232,0.19651431,0.1953232,0.1953297,0.19312236,0.1910784,0.18992,0.18717214,0.18377748,0.1797775,0.17867045,0.17617057,0.17345962,0.17195143,0.16800925,0.16540231,0.16181959,0.160452,0.1587373,0.15655372,0.15460055,0.14982186,0.14673851,0.14222528,0.13836652,0.13407841,0.13248867,0.13066217,0.12752213,0.124401525,0.123914026,0.12256972,0.12118707,0.11717693,0.113948226
76_real,0.6111676,,,,,,,,,,,,,,,,,,,,,,,,,,,,,,,,,,,,,,,,,,,,,,,,,,,,,,,,,,,,,,,,,,,0.055039093,,
76_gen,0.61116755,0.6076953,0.6061576,0.6036147,0.6029306,0.5997532,0.5984237,0.59574854,0.59283686,0.5896949,0.58815616,0.58551484,0.58551514,0.585267,0.58181846,0.5803508,0.5786451,0.5781453,0.5771116,0.5753585,0.5729444,0.5704194,0.5691701,0.56660306,0.56579214,0.5642783,0.5615097,0.5605146,0.56310165,0.56289303,0.560806,0.5572556,0.5563119,0.5544848,0.5528634,0.5510885,0.55033076,0.5488875,0.54498076,0.542462,0.54091525,0.53994155,0.5379664,0.5358594,0.5342148,0.534032,0.53245795,0.5288696,0.5282263,0.52659595,0.5246214,0.52301514,0.5205965,0.5191062,0.51990306,0.51878965,0.5172735,0.5157798,0.51296675,0.5098907,0.510054,0.50869554,0.50742745,0.50580883,0.5037108,0.49949947,0.49518055,0.4956115,0.49505907,0.49305263
77_real,-0.5500185,,,,,,,,,,,,,,,,,,,,,,,,,,,,,,,,,,,,,,,,,,,,,,,,,,,,,,,,,,,,,,,,,,,-0.40074807,,
77_gen,-0.5500184,-0.55441105,-0.5555828,-0.55592906,-0.55926764,-0.5617385,-0.56796014,-0.5712147,-0.576751,-0.58140886,-0.58555394,-0.58842635,-0.5920695,-0.5985941,-0.5999201,-0.603782,-0.6073993,-0.6115829,-0.6178066,-0.6236679,-0.6279393,-0.6329856,-0.6323846,-0.6323083,-0.6369325,-0.636791,-0.6403981,-0.64725107,-0.6498038,-0.65107244,-0.6547499,-0.6604274,-0.6633959,-0.6637867,-0.67146665,-0.6703454,-0.67793214,-0.68425405,-0.6870687,-0.69021654,-0.6959966,-0.70129824,-0.702023,-0.7060398,-0.7101564,-0.7114197,-0.7131962,-0.7194746,-0.71939164,-0.72137445,-0.726138,-0.7260419,-0.72810125,-0.7313161,-0.73846763,-0.7404836,-0.74214494,-0.744887,-0.7465341,-0.7489471,-0.752264,-0.7564024,-0.7625315,-0.7665235,-0.7708747,-0.77481484,-0.77857673,-0.7844939,-0.7897186,-0.7949424
78_real,-0.30214262,,,,,,,,,,,,,,,,,,,,,,,,,,,,,,,,,,,,,,,,,,,,,,,,,,,,,,,,,,,,,,,,,,,-0.21282838,,
78_gen,-0.30214262,-0.30432543,-0.30639702,-0.30817962,-0.31103045,-0.3124778,-0.31572676,-0.31579837,-0.3191084,-0.32407343,-0.32807857,-0.3287161,-0.33228058,-0.33632725,-0.33759072,-0.34092146,-0.34375623,-0.3458858,-0.35253537,-0.35603434,-0.3602131,-0.3680903,-0.3720471,-0.3750386,-0.37782645,-0.38020867,-0.38650545,-0.39063954,-0.393413,-0.3994735,-0.4022456,-0.40470177,-0.40805513,-0.4109208,-0.4108046,-0.41360086,-0.41557154,-0.4202558,-0.42228436,-0.4267184,-0.43381828,-0.43852177,-0.44235548,-0.44256744,-0.44807035,-0.4496774,-0.45361862,-0.46113658,-0.46172825,-0.46536654,-0.46878844,-0.47282416,-0.47655883,-0.48059812,-0.4825684,-0.48622555,-0.4884881,-0.49154845,-0.49602586,-0.50002944,-0.5039156,-0.5065432,-0.50917304,-0.5073265,-0.5116646,-0.5155541,-0.51991236,-0.52531374,-0.52872443,-0.52871853
79_real,-0.39325842,,,,,,,,,,,,,,,,,,,,,,,,,,,,,,,,,,,,,,,,,,,,,,,,,,,,,,,,,,,,,,,,,,,0.12159683,,
79_gen,-0.3932584,-0.3984233,-0.4031713,-0.40793377,-0.41517696,-0.41790193,-0.42115974,-0.42636275,-0.43019015,-0.43413472,-0.43849087,-0.442949,-0.44660434,-0.45018035,-0.45465422,-0.45865574,-0.46155992,-0.46405905,-0.4674715,-0.4704319,-0.47314692,-0.47604686,-0.47815543,-0.48227334,-0.48445565,-0.4887239,-0.48991066,-0.49418005,-0.49946323,-0.5029598,-0.5056755,-0.5082605,-0.5112212,-0.5128275,-0.51740676,-0.5207573,-0.5229706,-0.5263021,-0.52825415,-0.53107154,-0.53641355,-0.5408031,-0.54410034,-0.54547334,-0.54696465,-0.5483179,-0.55256,-0.5542136,-0.55701554,-0.56124794,-0.56582296,-0.5697758,-0.5733207,-0.57693076,-0.57881594,-0.5812641,-0.58576286,-0.58916414,-0.5926654,-0.59791315,-0.60240495,-0.6079036,-0.61027575,-0.61415213,-0.61894476,-0.62191445,-0.6245228,-0.62796724,-0.6323386,-0.63594466
80_real,0.28883994,,,,,,,,,,,,,,,,,,,,,,,,,,,,,,,,,,,,,,,,,,,,,,,,,,,,,,,,,,,,,,,,,,,0.6511298,,
80_gen,0.2888399,0.2890405,0.2888252,0.2875824,0.28714228,0.28642923,0.28676593,0.28509557,0.28299785,0.28090972,0.2780835,0.27642062,0.2763936,0.27755767,0.27431184,0.27337906,0.2734821,0.27193066,0.2692268,0.267022,0.2661193,0.2661789,0.26554024,0.26424885,0.26148894,0.2576717,0.25784713,0.25649554,0.25440153,0.25297195,0.25211543,0.2499835,0.25120577,0.24863526,0.24648526,0.24642503,0.2470508,0.24538466,0.245855,0.24643573,0.24470313,0.24241981,0.24247423,0.23773813,0.23662527,0.2347363,0.23317888,0.2303776,0.22772904,0.22693653,0.22429547,0.22316328,0.22180977,0.21927896,0.2173254,0.21433699,0.21264403,0.21177156,0.21148412,0.20988151,0.20777741,0.20841591,0.20824318,0.20452364,0.20229456,0.20139226,0.20146525,0.19947731,0.19714123,0.19621119
81_real,-0.28912696,,,,,,,,,,,,,,,,,,,,,,,,,,,,,,,,,,,,,,,,,,,,,,,,,,,,,,,,,,,,,,,,,,,-0.69457406,,
81_gen,-0.28912693,-0.29559487,-0.29975462,-0.30772388,-0.3131339,-0.31706458,-0.3229408,-0.3262739,-0.33207062,-0.3372496,-0.34053034,-0.34510368,-0.35225114,-0.3593837,-0.36323053,-0.36809623,-0.3740371,-0.37712288,-0.38367242,-0.3899004,-0.3934694,-0.39856523,-0.40391588,-0.40721482,-0.41335335,-0.41863075,-0.42175022,-0.42596763,-0.42991668,-0.43194357,-0.43648523,-0.43874478,-0.44229493,-0.44894633,-0.4532559,-0.45529193,-0.4620049,-0.46520442,-0.47012764,-0.4766776,-0.47990504,-0.48532015,-0.4909143,-0.49565545,-0.5008366,-0.5083194,-0.5156781,-0.52206755,-0.52689755,-0.53297406,-0.53826284,-0.54276603,-0.5488086,-0.55160445,-0.5572934,-0.5615679,-0.5665226,-0.56913006,-0.57455724,-0.57753986,-0.5820488,-0.5860973,-0.5922333,-0.5952438,-0.59912187,-0.60197204,-0.6064756,-0.61350507,-0.6159123,-0.6227111
82_real,0.3710828,,,,,,,,,,,,,,,,,,,,,,,,,,,,,,,,,,,,,,,,,,,,,,,,,,,,,,,,,,,,,,,,,,,0.10044872,,
82_gen,0.3710828,0.3687393,0.365827,0.36252663,0.36021313,0.357915,0.35253704,0.34626308,0.34322116,0.33828634,0.33374,0.33043826,0.32767886,0.3252663,0.32066852,0.31694123,0.31341124,0.31119296,0.30441684,0.3009791,0.29655048,0.2915891,0.28447318,0.2823045,0.27950647,0.2770352,0.27161962,0.2682986,0.2650541,0.26160023,0.25629336,0.25202745,0.24816565,0.2435427,0.2412283,0.23813438,0.23273687,0.22623622,0.22440198,0.22078387,0.21544258,0.20922706,0.20483479,0.20039637,0.19516246,0.18891339,0.18308137,0.17934462,0.17445658,0.17261915,0.16693726,0.1618463,0.15569043,0.14956442,0.14370401,0.13711001,0.13196544,0.12484568,0.11907639,0.11410387,0.11043091,0.10455674,0.10007006,0.09659522,0.09041783,0.08595093,0.07934429,0.07153597,0.066406704,0.061579883
83_real,0.26572612,,,,,,,,,,,,,,,,,,,,,,,,,,,,,,,,,,,,,,,,,,,,,,,,,,,,,,,,,,,,,,,,,,,0.0074089942,,
83_gen,0.26572612,0.26075464,0.25622752,0.24949832,0.24594387,0.24037471,0.23158205,0.22607534,0.22092101,0.21651606,0.21126175,0.20674023,0.2008946,0.19680506,0.19252785,0.18477614,0.17698741,0.17539534,0.17112681,0.16586603,0.16204137,0.1565723,0.1538805,0.14848971,0.13999769,0.13478139,0.12994798,0.12511554,0.12045906,0.11462434,0.10956178,0.104628205,0.09931335,0.09534871,0.089008,0.0830334,0.07874749,0.07270459,0.06911581,0.06191679,0.05707849,0.051507153,0.046786986,0.040955424,0.035939775,0.029285187,0.024044652,0.017298272,0.011986293,0.0069448575,0.0031856664,-0.002788274,-0.0072457357,-0.013479215,-0.017763894,-0.022410743,-0.030072484,-0.03524665,-0.03931163,-0.04756186,-0.05347537,-0.060287245,-0.0674129,-0.07518537,-0.08289515,-0.09115383,-0.097729705,-0.103585765,-0.10980316,-0.11533497
84_real,0.496099,,,,,,,,,,,,,,,,,,,,,,,,,,,,,,,,,,,,,,,,,,,,,,,,,,,,,,,,,,,,,,,,,,,-0.089670084,,
84_gen,0.496099,0.4902029,0.4858071,0.48041067,0.47659287,0.4739514,0.46974,0.46479708,0.45898825,0.45304757,0.44824165,0.44311756,0.4375229,0.4313136,0.42835873,0.42625794,0.421223,0.41784644,0.41471285,0.40963346,0.40605998,0.39873785,0.39207673,0.38711292,0.38062575,0.37668675,0.36981168,0.36815387,0.3630271,0.35888878,0.35049522,0.34549177,0.3376608,0.33136457,0.3293571,0.3250284,0.32285717,0.31603578,0.30974773,0.3050186,0.29847562,0.29411742,0.2887636,0.28293097,0.27888215,0.27480996,0.27023128,0.26374835,0.2579727,0.25507587,0.2519736,0.24656639,0.2417765,0.23606245,0.2321151,0.23006682,0.22324166,0.21651962,0.21150434,0.20410685,0.19826517,0.19221956,0.18608089,0.18057337,0.1737955,0.16803841,0.16088918,0.15606914,0.14962934,0.14479104
85_real,0.1702021,,,,,,,,,,,,,,,,,,,,,,,,,,,,,,,,,,,,,,,,,,,,,,,,,,,,,,,,,,,,,,,,,,,-0.18504855,,
85_gen,0.17020212,0.16685626,0.16244361,0.1567176,0.15178578,0.146095,0.14291242,0.13950375,0.13912567,0.13521746,0.13151506,0.12703931,0.12219836,0.118478276,0.11734589,0.11406454,0.11207743,0.1074278,0.10422009,0.1017694,0.098418735,0.09398846,0.09068313,0.08672714,0.08264905,0.081792824,0.07812189,0.075737044,0.072997674,0.06922741,0.06291102,0.05978372,0.055965446,0.053371467,0.047615573,0.042794377,0.041598372,0.03953388,0.033321153,0.029688735,0.024023276,0.02101135,0.017088443,0.01475293,0.012266032,0.0030605043,0.0004027159,-0.0046306094,-0.006889501,-0.012062605,-0.01596931,-0.02090181,-0.022318594,-0.02597114,-0.024658434,-0.02757655,-0.03290253,-0.036608256,-0.0412292,-0.045898043,-0.048689846,-0.050681345,-0.057214282,-0.0609607,-0.06354587,-0.06861361,-0.072362155,-0.07558216,-0.07973544,-0.084490985
86_real,0.47840613,,,,,,,,,,,,,,,,,,,,,,,,,,,,,,,,,,,,,,,,,,,,,,,,,,,,,,,,,,,,,,,,,,,0.3888518,,
86_gen,0.47840613,0.475634,0.47297573,0.47024393,0.46380767,0.4610715,0.45954877,0.4566391,0.45270053,0.44964606,0.44879365,0.44567195,0.4402021,0.43639964,0.43439454,0.43222982,0.4307581,0.42456168,0.41907567,0.4152321,0.40957585,0.40796012,0.4060088,0.40387207,0.4007679,0.3974755,0.3947017,0.39143476,0.38662362,0.3834062,0.37740976,0.37555808,0.37086472,0.3673995,0.361656,0.35770884,0.34917924,0.34655774,0.34285086,0.3394217,0.33555403,0.33284795,0.32701144,0.32351834,0.32090893,0.31189713,0.31043845,0.31010273,0.30713567,0.3036949,0.30074948,0.29500777,0.29467526,0.29289183,0.28938824,0.28553042,0.28180128,0.28039283,0.27452236,0.27160907,0.26953498,0.26643535,0.26261324,0.26065892,0.25717834,0.25455946,0.25211373,0.24873325,0.24650793,0.23921159
87_real,0.1192301,,,,,,,,,,,,,,,,,,,,,,,,,,,,,,,,,,,,,,,,,,,,,,,,,,,,,,,,,,,,,,,,,,,-0.024280222,,
87_gen,0.11923011,0.121071324,0.1253938,0.12202793,0.11796186,0.11455395,0.11225905,0.1074749,0.10194118,0.10086421,0.09859173,0.09550151,0.09238643,0.09172962,0.085741006,0.08258639,0.08369044,0.07924171,0.07745707,0.07483154,0.07179261,0.06908003,0.06763171,0.06522373,0.061556555,0.05938881,0.057489425,0.05677431,0.0535434,0.05325812,0.05081836,0.04942118,0.048370834,0.047289036,0.044924818,0.042254396,0.036722623,0.03601996,0.03129729,0.026893934,0.02241067,0.01856466,0.012167698,0.010342503,0.009871585,0.0058723693,0.0032069609,0.00053720584,-0.0026335013,-0.0061848834,-0.00986102,-0.011010054,-0.015299836,-0.016381372,-0.017408425,-0.023540106,-0.025420496,-0.026378188,-0.028741997,-0.029574076,-0.029894352,-0.0316,-0.035456277,-0.03866506,-0.046002895,-0.048457615,-0.048473768,-0.052666508,-0.05218007,-0.056310017
88_real,0.23514694,,,,,,,,,,,,,,,,,,,,,,,,,,,,,,,,,,,,,,,,,,,,,,,,,,,,,,,,,,,,,,,,,,,0.050472446,,
88_gen,0.23514697,0.23286244,0.22896913,0.223772,0.22055623,0.21669678,0.21754932,0.21431203,0.21093878,0.20801301,0.20440252,0.20094529,0.1983788,0.19521102,0.19273616,0.19145054,0.18844913,0.18347761,0.1813063,0.1768501,0.17342274,0.1703068,0.16499129,0.16137299,0.15900525,0.15307231,0.15331869,0.15080692,0.14899316,0.14845839,0.14642176,0.14967273,0.15182492,0.14834745,0.1449242,0.13909167,0.13588966,0.13571838,0.12976679,0.13003786,0.12677766,0.12219308,0.1188885,0.11641438,0.115420714,0.11153145,0.111286424,0.109706655,0.105132245,0.10055727,0.09590357,0.097925745,0.09608081,0.09303283,0.08949146,0.08946222,0.088657156,0.084931955,0.078982316,0.07602291,0.07697995,0.07317756,0.07092298,0.06997857,0.06724714,0.06542912,0.06802331,0.06146846,0.060983837,0.05535361
89_real,0.42195243,,,,,,,,,,,,,,,,,,,,,,,,,,,,,,,,,,,,,,,,,,,,,,,,,,,,,,,,,,,,,,,,,,,0.25533688,,
89_gen,0.42195243,0.4225914,0.4221953,0.4202568,0.41959342,0.41882128,0.41594777,0.4133138,0.41202545,0.4079174,0.4065163,0.40538087,0.40731063,0.40407014,0.40263066,0.39902717,0.3999651,0.396889,0.3958854,0.39177698,0.39051414,0.38740128,0.38375986,0.37966782,0.38047987,0.37664244,0.37648273,0.3748546,0.37337014,0.36912137,0.36775744,0.36528713,0.36263603,0.36047307,0.36046845,0.35896486,0.3578429,0.35821754,0.35537344,0.35403332,0.35115933,0.34799132,0.34864086,0.34755844,0.34541434,0.3439909,0.34311157,0.34229407,0.34133607,0.3390037,0.33721796,0.3346563,0.33479407,0.33508277,0.33490825,0.3299044,0.3283192,0.3249853,0.3217743,0.32093504,0.31808653,0.31511483,0.311624,0.30763453,0.30925497,0.3083037,0.3069983,0.30582878,0.30396032,0.30298516
90_real,-0.5586275,,,,,,,,,,,,,,,,,,,,,,,,,,,,,,,,,,,,,,,,,,,,,,,,,,,,,,,,,,,,,,,,,,,-0.51387155,,
90_gen,-0.55862755,-0.5603949,-0.5588599,-0.558226,-0.5609975,-0.5627172,-0.5645982,-0.56473476,-0.56622696,-0.5679841,-0.56924134,-0.5686569,-0.57204777,-0.5752313,-0.5792171,-0.5784678,-0.5807705,-0.58612806,-0.586137,-0.5856084,-0.5873647,-0.5874494,-0.5888236,-0.58811826,-0.5892893,-0.5906566,-0.5936152,-0.59534633,-0.59900355,-0.5988576,-0.6004719,-0.6033362,-0.60448897,-0.60476744,-0.60628533,-0.60901964,-0.60899174,-0.6111146,-0.6130217,-0.61364883,-0.6156605,-0.6200789,-0.61977375,-0.62141496,-0.6228759,-0.6213492,-0.6257349,-0.6274065,-0.6274795,-0.6304237,-0.630842,-0.63064164,-0.63272285,-0.6351894,-0.63681054,-0.63621473,-0.6412226,-0.64530605,-0.6472346,-0.64808667,-0.6467478,-0.6483545,-0.64898515,-0.65200984,-0.6500336,-0.6481907,-0.6516659,-0.65434915,-0.6576239,-0.65613264
91_real,-0.39562285,,,,,,,,,,,,,,,,,,,,,,,,,,,,,,,,,,,,,,,,,,,,,,,,,,,,,,,,,,,,,,,,,,,-0.29256746,,
91_gen,-0.39562282,-0.39776367,-0.40010938,-0.40569577,-0.40888962,-0.4116962,-0.41470915,-0.4209571,-0.42677203,-0.43225747,-0.43537134,-0.43894982,-0.44526353,-0.44910574,-0.45398253,-0.461593,-0.46496996,-0.4690519,-0.47140813,-0.479484,-0.48413897,-0.48876256,-0.4924671,-0.49691075,-0.50081044,-0.5047677,-0.5078684,-0.51270944,-0.5199743,-0.5238608,-0.52900773,-0.533782,-0.5400168,-0.5440873,-0.54980755,-0.5541119,-0.5570165,-0.5630926,-0.56748515,-0.5706643,-0.57513076,-0.57851297,-0.5831033,-0.587432,-0.592963,-0.5968788,-0.6001983,-0.6064731,-0.61127204,-0.6166048,-0.6208006,-0.6256304,-0.6283747,-0.6351906,-0.64168936,-0.646528,-0.65181226,-0.6555449,-0.661495,-0.66610086,-0.67111194,-0.6741608,-0.68043,-0.68606436,-0.6903978,-0.69401467,-0.69978815,-0.7032436,-0.704316,-0.7084292
92_real,0.35944116,,,,,,,,,,,,,,,,,,,,,,,,,,,,,,,,,,,,,,,,,,,,,,,,,,,,,,,,,,,,,,,,,,,0.4960155,,
92_gen,0.3594412,0.3567808,0.35556144,0.35196152,0.35237497,0.35087866,0.34951475,0.351122,0.35091364,0.34955883,0.34972322,0.34791175,0.34839544,0.34444597,0.34350863,0.34200364,0.34203973,0.34221905,0.34170878,0.33957964,0.3404553,0.3401828,0.34174535,0.3410184,0.34075788,0.34425807,0.34145325,0.34097958,0.34155878,0.3399951,0.3405413,0.34177226,0.34108424,0.3407882,0.34314847,0.34493494,0.34347478,0.3419575,0.33715737,0.33766487,0.33850062,0.3372329,0.33567572,0.33679333,0.336547,0.3361787,0.33477783,0.33511508,0.3358436,0.33580208,0.33344868,0.33264172,0.33102474,0.33012873,0.3313555,0.33103353,0.32951343,0.3292099,0.32848004,0.3302403,0.32564256,0.32813835,0.32520252,0.32182986,0.32119575,0.32154793,0.32214174,0.3207319,0.31976992,0.31987807
93_real,0.06423527,,,,,,,,,,,,,,,,,,,,,,,,,,,,,,,,,,,,,,,,,,,,,,,,,,,,,,,,,,,,,,,,,,,0.2586916,,
93_gen,0.06423527,0.055335235,0.048896424,0.0415787,0.035841115,0.030839061,0.02279811,0.017477456,0.013099226,0.0072077424,0.0010277892,-0.0051948205,-0.013850716,-0.0202269,-0.02483808,-0.03037503,-0.036244795,-0.042181768,-0.048718084,-0.053118497,-0.05789551,-0.060737908,-0.06654137,-0.07105829,-0.07854129,-0.08336727,-0.091308035,-0.09990825,-0.10581037,-0.111041926,-0.11545174,-0.121942736,-0.1277651,-0.13395336,-0.13933727,-0.14506103,-0.15100138,-0.15815262,-0.163262,-0.16748786,-0.17358674,-0.17920981,-0.18362686,-0.18884817,-0.19223186,-0.19720419,-0.20499472,-0.20881543,-0.21628027,-0.21964487,-0.22647436,-0.2318166,-0.24016185,-0.24327901,-0.24958897,-0.25441056,-0.26098725,-0.2659681,-0.27126566,-0.2775125,-0.28504783,-0.28934032,-0.29413882,-0.29920927,-0.30568177,-0.31238368,-0.31351343,-0.31818393,-0.3252977,-0.3296519
94_real,-0.35176036,,,,,,,,,,,,,,,,,,,,,,,,,,,,,,,,,,,,,,,,,,,,,,,,,,,,,,,,,,,,,,,,,,,-0.058187865,,
94_gen,-0.35176036,-0.35692224,-0.35864586,-0.36438498,-0.36682743,-0.3738251,-0.37745333,-0.38559818,-0.39462444,-0.4004299,-0.40674204,-0.4130941,-0.4182543,-0.42281184,-0.4259304,-0.4325417,-0.43868193,-0.44344768,-0.4511885,-0.45830712,-0.4640183,-0.4683977,-0.4748314,-0.47955638,-0.4842481,-0.49266535,-0.50063556,-0.50755686,-0.51044905,-0.51510084,-0.5221414,-0.52837527,-0.53541774,-0.53921807,-0.5446441,-0.5511816,-0.55612284,-0.56234086,-0.56733936,-0.5715312,-0.5770045,-0.5825369,-0.58768916,-0.59300435,-0.5990056,-0.6033853,-0.6081217,-0.6135415,-0.62012887,-0.62444955,-0.6321022,-0.6369775,-0.64308584,-0.6483731,-0.6533271,-0.6580676,-0.6642912,-0.66944885,-0.67289305,-0.67825663,-0.6843449,-0.68982106,-0.6964685,-0.7039086,-0.71228063,-0.7193406,-0.7229871,-0.72939336,-0.73459345,-0.7371452
95_real,-0.13504212,,,,,,,,,,,,,,,,,,,,,,,,,,,,,,,,,,,,,,,,,,,,,,,,,,,,,,,,,,,,,,,,,,,0.3665836,,
95_gen,-0.1350421,-0.14125256,-0.14661223,-0.1522781,-0.15708709,-0.16061458,-0.16412422,-0.16989905,-0.17833829,-0.18168154,-0.19104974,-0.19421297,-0.19887595,-0.20108493,-0.20766962,-0.21214311,-0.21373732,-0.21961395,-0.22209541,-0.22886619,-0.2311126,-0.23657922,-0.24102037,-0.24617319,-0.2504552,-0.2585806,-0.2628984,-0.26890808,-0.27528045,-0.2819781,-0.28459743,-0.29167196,-0.2989239,-0.30280614,-0.30920354,-0.3143179,-0.31545025,-0.31876805,-0.32365257,-0.33031818,-0.33556774,-0.34161326,-0.34882772,-0.35073552,-0.35558975,-0.3601734,-0.36736467,-0.37161982,-0.37723738,-0.38345584,-0.39272976,-0.3965193,-0.40179628,-0.40631732,-0.4112153,-0.4202726,-0.4270266,-0.43232012,-0.43836504,-0.44593763,-0.4561035,-0.4658361,-0.47220796,-0.48198444,-0.4897019,-0.49115676,-0.49708837,-0.50335014,-0.51221377,-0.51654077
96_real,0.02827544,,,,,,,,,,,,,,,,,,,,,,,,,,,,,,,,,,,,,,,,,,,,,,,,,,,,,,,,,,,,,,,,,,,0.41449314,,
96_gen,0.02827544,0.023913097,0.016381675,0.013109219,0.010893541,0.006393654,0.004132864,-0.001075376,-0.0034241849,-0.009620644,-0.009809817,-0.015286459,-0.020667406,-0.02252863,-0.02779733,-0.030246895,-0.030118648,-0.03443385,-0.03515809,-0.033421345,-0.039024018,-0.04660914,-0.050569046,-0.055608016,-0.056402206,-0.058787584,-0.06545161,-0.0678198,-0.074501716,-0.0735696,-0.08165335,-0.08485243,-0.088722475,-0.08698458,-0.09508253,-0.09787383,-0.100823425,-0.10424129,-0.10444518,-0.11142621,-0.117048696,-0.11899972,-0.12221786,-0.12702295,-0.13250084,-0.13287775,-0.1435236,-0.1478205,-0.14934036,-0.15022233,-0.15138975,-0.15155454,-0.1558919,-0.16269481,-0.16881369,-0.17450455,-0.17702869,-0.18188986,-0.18453398,-0.1887215,-0.19317976,-0.19830146,-0.20210664,-0.20539387,-0.20988294,-0.21510628,-0.21926716,-0.2207605,-0.22506675,-0.23040268
97_real,-0.13401623,,,,,,,,,,,,,,,,,,,,,,,,,,,,,,,,,,,,,,,,,,,,,,,,,,,,,,,,,,,,,,,,,,,-0.048744287,,
97_gen,-0.13401625,-0.13909584,-0.14031252,-0.14331028,-0.14331163,-0.14859381,-0.1496721,-0.1508754,-0.15489203,-0.15930684,-0.16342616,-0.16759771,-0.17279395,-0.17304525,-0.17561623,-0.18017189,-0.1848446,-0.18909656,-0.19255832,-0.19629368,-0.20134084,-0.20320892,-0.20539673,-0.20703974,-0.20912397,-0.21334398,-0.21616252,-0.21971211,-0.2251833,-0.22852743,-0.23010051,-0.2295467,-0.23340777,-0.23471884,-0.23820782,-0.24272545,-0.24753897,-0.25078097,-0.25088277,-0.2516554,-0.2560727,-0.25674587,-0.2619476,-0.26419216,-0.2686959,-0.27412596,-0.27768964,-0.28124774,-0.28569204,-0.29117772,-0.2918426,-0.29458457,-0.29861555,-0.3018634,-0.3028493,-0.30616778,-0.30991942,-0.31112626,-0.3147982,-0.31902188,-0.32701573,-0.32924053,-0.33346906,-0.33846945,-0.3438123,-0.34716067,-0.3536077,-0.36130553,-0.36622488,-0.36670882
98_real,-0.506152,,,,,,,,,,,,,,,,,,,,,,,,,,,,,,,,,,,,,,,,,,,,,,,,,,,,,,,,,,,,,,,,,,,-0.44361812,,
98_gen,-0.50615203,-0.5092679,-0.50972897,-0.5146228,-0.51634276,-0.5174688,-0.52116334,-0.5230637,-0.52427334,-0.5280839,-0.5327269,-0.5351888,-0.53685284,-0.5388473,-0.5384379,-0.54040354,-0.5424982,-0.5446211,-0.5466102,-0.54812706,-0.5454093,-0.5428629,-0.54451126,-0.54872215,-0.54915226,-0.5511342,-0.5505117,-0.5522987,-0.5521217,-0.5525158,-0.5551652,-0.55836904,-0.55927014,-0.5624471,-0.5644709,-0.56813085,-0.5692642,-0.5748772,-0.57495403,-0.5786731,-0.5802339,-0.5837854,-0.58425593,-0.588353,-0.5905306,-0.59366626,-0.5965092,-0.59718573,-0.60196024,-0.605712,-0.60836303,-0.6099725,-0.6136288,-0.6158027,-0.61834544,-0.6215023,-0.62166077,-0.6228427,-0.62413347,-0.626229,-0.63125956,-0.63501716,-0.6346097,-0.6374324,-0.64065325,-0.6439849,-0.644977,-0.6489107,-0.64952934,-0.65513235
99_real,0.8617333,,,,,,,,,,,,,,,,,,,,,,,,,,,,,,,,,,,,,,,,,,,,,,,,,,,,,,,,,,,,,,,,,,,0.75984925,,
99_gen,0.8617333,0.86468905,0.8667737,0.8686012,0.86816204,0.86809254,0.8655734,0.86431754,0.8647197,0.8627349,0.8616703,0.8575983,0.8591461,0.85912025,0.8567098,0.8561408,0.8540653,0.8524538,0.8514636,0.84878236,0.84536505,0.8430115,0.84433764,0.8459051,0.84278107,0.8393056,0.83870757,0.8347269,0.8332198,0.83292663,0.8333448,0.8314398,0.8277941,0.8255148,0.8220976,0.8194172,0.8155385,0.81324756,0.81137544,0.8077847,0.80628586,0.80453795,0.80481213,0.80438644,0.8053104,0.8033575,0.8012425,0.7982669,0.8002621,0.80238754,0.80243045,0.80094326,0.79662395,0.79554284,0.7933667,0.79183173,0.79139936,0.7886408,0.78644115,0.7863821,0.78181183,0.78137755,0.77874124,0.7826994,0.78301626,0.7797306,0.77762353,0.77631444,0.77350116,0.77382463
100_real,0.7531763,,,,,,,,,,,,,,,,,,,,,,,,,,,,,,,,,,,,,,,,,,,,,,,,,,,,,,,,,,,,,,,,,,,1.0711513,,
100_gen,0.7531763,0.7501028,0.7472467,0.74643147,0.74462205,0.74371415,0.7426087,0.745127,0.7428924,0.74312675,0.7420095,0.74316776,0.7427859,0.7428865,0.7412663,0.7395254,0.73904675,0.7378727,0.73730356,0.7365385,0.7362658,0.7343999,0.734942,0.735845,0.73403525,0.7339169,0.73596144,0.73345983,0.7354075,0.7326692,0.7337781,0.729946,0.73008776,0.7288627,0.72915685,0.7281771,0.7266483,0.72788215,0.72812873,0.7240021,0.72140694,0.72051346,0.7190534,0.71970266,0.7187007,0.7173087,0.7169215,0.7146238,0.71707773,0.7152392,0.7167722,0.7205551,0.71941423,0.71781033,0.7159264,0.71602714,0.7152774,0.7135106,0.71279,0.713173,0.7111083,0.71000636,0.7103476,0.71215117,0.71257454,0.71299124,0.7134739,0.708506,0.70818233,0.70775604
101_real,0.15959394,,,,,,,,,,,,,,,,,,,,,,,,,,,,,,,,,,,,,,,,,,,,,,,,,,,,,,,,,,,,,,,,,,,0.2078863,,
101_gen,0.15959394,0.15344715,0.15032202,0.14634219,0.14335145,0.13953532,0.13585463,0.1293666,0.12377234,0.12072084,0.11668371,0.11269637,0.11061759,0.1039716,0.0968638,0.09304911,0.089090794,0.08479198,0.0787082,0.07384619,0.07033785,0.06677769,0.06412527,0.060295295,0.05561337,0.053725798,0.052979283,0.050843447,0.047965314,0.0423465,0.042399965,0.038495608,0.033581518,0.030830398,0.025423447,0.021606803,0.018413872,0.012863691,0.009533957,0.005652399,-0.00032051763,-0.0012304976,-0.0063335905,-0.011899976,-0.013847892,-0.019758318,-0.025522191,-0.03229851,-0.036228035,-0.04013582,-0.042820603,-0.041735224,-0.043550614,-0.047946863,-0.053138394,-0.057009302,-0.061374575,-0.06365096,-0.06904106,-0.07345028,-0.07548242,-0.082382835,-0.08726744,-0.091667905,-0.0977341,-0.10253209,-0.10807349,-0.11092798,-0.11462728,-0.1187015
102_real,0.9940437,,,,,,,,,,,,,,,,,,,,,,,,,,,,,,,,,,,,,,,,,,,,,,,,,,,,,,,,,,,,,,,,,,,1.2551295,,
102_gen,0.9940437,0.99091595,0.9848442,0.97923994,0.97411835,0.9720184,0.9648504,0.9595521,0.9555211,0.95089704,0.94443524,0.94098836,0.93375504,0.92775786,0.92232275,0.91801804,0.9119092,0.9061365,0.9025014,0.8979603,0.89433384,0.88973844,0.88362134,0.8794077,0.87464297,0.8711907,0.8683518,0.8645934,0.8604062,0.8539252,0.84763336,0.8422659,0.8372388,0.8324008,0.8264531,0.8237399,0.8178412,0.8123921,0.806942,0.8031718,0.7980113,0.79383695,0.7874235,0.7807868,0.7755294,0.77100694,0.76418245,0.75736994,0.7529128,0.7465681,0.7415185,0.73674995,0.7306999,0.72562766,0.7218502,0.71864957,0.71193,0.7067282,0.70078623,0.69560754,0.69274503,0.68839574,0.6828879,0.6782653,0.67310125,0.66820925,0.6640273,0.65838206,0.6537609,0.6487907
103_real,1.6457132,,,,,,,,,,,,,,,,,,,,,,,,,,,,,,,,,,,,,,,,,,,,,,,,,,,,,,,,,,,,,,,,,,,1.375947,,
103_gen,1.6457131,1.6424325,1.6368364,1.6341633,1.6303959,1.6244469,1.621755,1.6177051,1.6155403,1.6120641,1.6130667,1.60746,1.6061027,1.5992656,1.5913279,1.5852702,1.5792809,1.5757657,1.5720537,1.5677329,1.5641029,1.5586282,1.5533926,1.5528982,1.5483878,1.5436947,1.5401486,1.5360526,1.5314271,1.525157,1.52097,1.5139413,1.5067117,1.50283,1.5005747,1.5005314,1.4949791,1.4899764,1.4860871,1.4782516,1.4760258,1.4721264,1.4683636,1.4640133,1.454645,1.4451885,1.4394419,1.4352454,1.4298443,1.4245285,1.420381,1.4120924,1.4093589,1.4065336,1.4004619,1.3964694,1.3937641,1.3893524,1.3873655,1.3804525,1.377764,1.3743235,1.370162,1.3675389,1.3608038,1.3527491,1.3484657,1.3438283,1.3373846,1.3274561
104_real,-0.41916075,,,,,,,,,,,,,,,,,,,,,,,,,,,,,,,,,,,,,,,,,,,,,,,,,,,,,,,,,,,,,,,,,,,-0.37301517,,
104_gen,-0.41916078,-0.42522678,-0.43132868,-0.436828,-0.44104394,-0.4477818,-0.45289558,-0.45791802,-0.46239752,-0.46641248,-0.4693802,-0.47245842,-0.47617403,-0.4778896,-0.48290753,-0.48718357,-0.49305382,-0.49823713,-0.5003815,-0.50449705,-0.5090466,-0.5108357,-0.51234955,-0.51533544,-0.5229881,-0.5257067,-0.529048,-0.53138274,-0.5352046,-0.5374993,-0.5397507,-0.5445821,-0.54997444,-0.55420625,-0.55638826,-0.55991256,-0.5641375,-0.5667717,-0.5685658,-0.5716836,-0.5759737,-0.57936645,-0.5861517,-0.5892676,-0.5960211,-0.5991179,-0.6029788,-0.6064661,-0.60877955,-0.61092526,-0.61495465,-0.6194441,-0.6215809,-0.62512743,-0.6279701,-0.6347536,-0.640334,-0.6462041,-0.65001255,-0.6567837,-0.66074294,-0.6624992,-0.6660875,-0.67058486,-0.67419934,-0.67962825,-0.68370354,-0.6863524,-0.693293,-0.69643867
105_real,-0.47448364,,,,,,,,,,,,,,,,,,,,,,,,,,,,,,,,,,,,,,,,,,,,,,,,,,,,,,,,,,,,,,,,,,,-0.564234,,
105_gen,-0.47448364,-0.48118156,-0.4855969,-0.48769814,-0.490697,-0.49496087,-0.49721542,-0.5019413,-0.50596976,-0.50706637,-0.5088933,-0.5114168,-0.51577,-0.5174375,-0.5188902,-0.5209714,-0.52437353,-0.5271696,-0.52913785,-0.53265756,-0.534327,-0.5370719,-0.54103345,-0.5439608,-0.5478912,-0.5503964,-0.5536668,-0.5554212,-0.55830544,-0.56112033,-0.56387365,-0.566089,-0.5687817,-0.569684,-0.57144487,-0.57466274,-0.57778174,-0.57874584,-0.5809362,-0.58521396,-0.5880171,-0.5901227,-0.5928204,-0.59733623,-0.6014924,-0.60504043,-0.6086752,-0.6132225,-0.61672986,-0.6192236,-0.62289107,-0.6251477,-0.63008213,-0.6347844,-0.6381858,-0.64297706,-0.6460612,-0.6499348,-0.6525758,-0.6549159,-0.6563891,-0.65910953,-0.6621609,-0.6656195,-0.66980153,-0.6734551,-0.6780883,-0.6818156,-0.6841321,-0.6865626
106_real,0.31579795,,,,,,,,,,,,,,,,,,,,,,,,,,,,,,,,,,,,,,,,,,,,,,,,,,,,,,,,,,,,,,,,,,,0.16858219,,
106_gen,0.31579798,0.31183976,0.30634904,0.3042242,0.29856023,0.29646152,0.2949954,0.29309982,0.28848585,0.28613964,0.28445348,0.28031868,0.27910173,0.2771251,0.27530232,0.27240548,0.2698096,0.26778755,0.26373386,0.26197767,0.25957513,0.25717416,0.25602895,0.2514008,0.24976516,0.24506906,0.24347202,0.24005735,0.23692496,0.23436972,0.23275669,0.2303011,0.22781166,0.22442155,0.22130144,0.21793278,0.21615836,0.21271975,0.21107233,0.20971207,0.20752001,0.20458333,0.20302606,0.20104246,0.19817784,0.1943804,0.18952723,0.18540612,0.18173642,0.17909023,0.17438594,0.17229308,0.16869998,0.16637771,0.16365825,0.16078207,0.15760285,0.15225486,0.14917234,0.14818725,0.14756322,0.14756133,0.14519253,0.14161813,0.13920988,0.13549557,0.13275088,0.12734683,0.12660244,0.123980865
107_real,0.77312356,,,,,,,,,,,,,,,,,,,,,,,,,,,,,,,,,,,,,,,,,,,,,,,,,,,,,,,,,,,,,,,,,,,0.45919824,,
107_gen,0.7731236,0.7667973,0.7631775,0.75814986,0.75153744,0.7465356,0.73913276,0.73492265,0.73127097,0.72573394,0.7216884,0.71475923,0.71097165,0.7031549,0.69480574,0.6889783,0.68386114,0.6763643,0.6698162,0.6660551,0.66166496,0.6553391,0.6504594,0.64491975,0.64278305,0.6400299,0.6332803,0.62989104,0.6233252,0.6179036,0.6125868,0.6054152,0.6002103,0.59360987,0.58676,0.58340394,0.577048,0.5719645,0.5650445,0.5588111,0.5539844,0.54973567,0.54252946,0.5395929,0.5337917,0.5290225,0.5223914,0.5176202,0.5104296,0.5055138,0.5001384,0.49694973,0.49245015,0.48467025,0.47913432,0.47277838,0.46895057,0.4617382,0.45598334,0.45065647,0.44521418,0.43941897,0.43525404,0.42918563,0.42412275,0.41923913,0.41345662,0.40855306,0.4026525,0.39574608
108_real,-1.4008601,,,,,,,,,,,,,,,,,,,,,,,,,,,,,,,,,,,,,,,,,,,,,,,,,,,,,,,,,,,,,,,,,,,-1.1769084,,
108_gen,-1.40086,-1.4049437,-1.4079716,-1.4131405,-1.4159424,-1.4193598,-1.4237268,-1.4263443,-1.4310048,-1.433164,-1.4365336,-1.4395146,-1.4453297,-1.4489357,-1.4499899,-1.4528816,-1.4572456,-1.4603655,-1.4652978,-1.4693692,-1.4724462,-1.4753349,-1.4790319,-1.4821346,-1.486505,-1.489157,-1.4946975,-1.5006527,-1.5040965,-1.5068628,-1.5112239,-1.5152617,-1.5201044,-1.5251225,-1.5268453,-1.532059,-1.5367491,-1.5443944,-1.5488954,-1.5546854,-1.5554901,-1.5602101,-1.565065,-1.5705264,-1.5754703,-1.580289,-1.5828426,-1.5861884,-1.5872173,-1.5912247,-1.595681,-1.6011765,-1.6026719,-1.6069229,-1.6098373,-1.6124188,-1.6159818,-1.6183231,-1.6208748,-1.6236753,-1.6260372,-1.6295162,-1.633549,-1.6393458,-1.6436096,-1.6486347,-1.6532179,-1.6587206,-1.6637561,-1.6701149
109_real,1.4540125,,,,,,,,,,,,,,,,,,,,,,,,,,,,,,,,,,,,,,,,,,,,,,,,,,,,,,,,,,,,,,,,,,,1.9933634,,
109_gen,1.4540126,1.4436401,1.438041,1.4358379,1.4321917,1.4291514,1.4239905,1.4164238,1.4108094,1.4058199,1.4006003,1.3964862,1.3913506,1.3867159,1.3841283,1.3796369,1.3737444,1.3682667,1.3662157,1.359249,1.3579395,1.3554924,1.3468398,1.3419282,1.3343167,1.3302213,1.3255881,1.3221886,1.3168585,1.309622,1.3087366,1.3038888,1.2978642,1.2925913,1.2885258,1.2829118,1.2819829,1.2796485,1.2714396,1.2648365,1.2637012,1.2600198,1.2563845,1.2503357,1.2494942,1.2406627,1.2374833,1.2375414,1.2333529,1.2304065,1.2260085,1.2208014,1.2130216,1.2063802,1.2049289,1.199779,1.195873,1.1920863,1.1904771,1.1837281,1.1823801,1.1752406,1.1717979,1.1663015,1.1638138,1.1614307,1.1582723,1.1500471,1.1463597,1.1443012
110_real,1.9081852,,,,,,,,,,,,,,,,,,,,,,,,,,,,,,,,,,,,,,,,,,,,,,,,,,,,,,,,,,,,,,,,,,,1.7791091,,
110_gen,1.9081852,1.8992712,1.8922346,1.8876998,1.8866942,1.8842239,1.8873211,1.8819317,1.8777174,1.8703651,1.8653548,1.8629501,1.8568468,1.8515495,1.8500704,1.8475147,1.8427883,1.8412355,1.840435,1.833916,1.8292713,1.8265454,1.8237127,1.8203051,1.8171976,1.8100506,1.8057663,1.8039595,1.8011109,1.7945036,1.7920845,1.7846546,1.7797476,1.7749687,1.7717081,1.7685997,1.7664595,1.7638916,1.7612422,1.7605934,1.759346,1.7529955,1.7473004,1.7417796,1.7402251,1.7349203,1.7309191,1.7249693,1.7186286,1.7121445,1.7066816,1.7032537,1.6983092,1.6929703,1.6900667,1.6861141,1.6815077,1.6770632,1.6727507,1.6674385,1.6603327,1.6572692,1.652591,1.6496289,1.6480068,1.6411823,1.6375711,1.6331841,1.626371,1.6205381
111_real,1.2714939,,,,,,,,,,,,,,,,,,,,,,,,,,,,,,,,,,,,,,,,,,,,,,,,,,,,,,,,,,,,,,,,,,,1.4791697,,
111_gen,1.2714939,1.2636957,1.259697,1.2516296,1.2457732,1.2378929,1.2331998,1.2280054,1.217616,1.2068418,1.1963165,1.1904043,1.183705,1.1749095,1.1705086,1.1630552,1.1583945,1.151202,1.1424528,1.1367962,1.1312654,1.1233534,1.116703,1.1065629,1.1004571,1.0909604,1.0869257,1.0804099,1.0746729,1.0668964,1.0591416,1.0499291,1.0446067,1.0371631,1.0286696,1.0242459,1.0170753,1.0091009,1.0019599,0.99272156,0.9860175,0.97900355,0.9755727,0.9699284,0.9598591,0.95241195,0.94549006,0.9405931,0.9366636,0.9311453,0.9246594,0.9155466,0.90827924,0.90073174,0.8938424,0.88936293,0.87696254,0.8711308,0.8625538,0.85779345,0.84938574,0.84238374,0.83760536,0.8318249,0.8248123,0.81867903,0.80734175,0.8047665,0.7967916,0.78965634
112_real,1.3249855,,,,,,,,,,,,,,,,,,,,,,,,,,,,,,,,,,,,,,,,,,,,,,,,,,,,,,,,,,,,,,,,,,,1.6623763,,
112_gen,1.3249855,1.3216231,1.3180566,1.3132675,1.310324,1.3067292,1.3026553,1.2972003,1.2921734,1.2901323,1.2865391,1.2806267,1.2779129,1.2735425,1.2692409,1.2665157,1.2634584,1.262406,1.2597189,1.2532265,1.2524757,1.2496152,1.2434698,1.2378021,1.2343881,1.2305864,1.2238672,1.2242777,1.220295,1.2160556,1.2126296,1.2145442,1.2128122,1.2059444,1.1992639,1.1943567,1.1907215,1.1847172,1.1751488,1.1728461,1.1668187,1.1587481,1.1525166,1.1490985,1.1450634,1.1464587,1.1399076,1.1347587,1.1298572,1.1238388,1.1176927,1.11284,1.1045363,1.0949059,1.088142,1.0842671,1.0773336,1.0725696,1.0645087,1.057009,1.0486445,1.0418857,1.0372143,1.0322883,1.0233996,1.0187788,1.0153475,1.0149442,1.0093106,1.007094
113_real,-0.1462218,,,,,,,,,,,,,,,,,,,,,,,,,,,,,,,,,,,,,,,,,,,,,,,,,,,,,,,,,,,,,,,,,,,-0.16757882,,
113_gen,-0.14622179,-0.14552805,-0.14967869,-0.15793961,-0.16619858,-0.1706034,-0.17927769,-0.1815582,-0.1885216,-0.1938889,-0.20020792,-0.20897517,-0.21503389,-0.21855335,-0.22368059,-0.22759259,-0.23300043,-0.23771398,-0.24430566,-0.24977252,-0.2545907,-0.2578588,-0.2610027,-0.26289544,-0.269731,-0.27463192,-0.2797713,-0.28383964,-0.28956163,-0.29837817,-0.300545,-0.31075317,-0.31058437,-0.31603968,-0.32427448,-0.3285392,-0.33266807,-0.33871508,-0.34328932,-0.34554,-0.34901434,-0.3570641,-0.36282152,-0.37170744,-0.3763398,-0.3847565,-0.3872991,-0.3882819,-0.39457828,-0.39814454,-0.3998203,-0.40830487,-0.414368,-0.42010373,-0.4237569,-0.4307874,-0.43608436,-0.44064623,-0.44423524,-0.44806385,-0.45223904,-0.45892787,-0.46520177,-0.47268653,-0.4749078,-0.48335713,-0.48785034,-0.4898439,-0.4966286,-0.502561
114_real,-0.76651996,,,,,,,,,,,,,,,,,,,,,,,,,,,,,,,,,,,,,,,,,,,,,,,,,,,,,,,,,,,,,,,,,,,-0.77914786,,
114_gen,-0.76651996,-0.7715152,-0.77696556,-0.7819165,-0.78952646,-0.7936858,-0.7965697,-0.80314195,-0.80679846,-0.81178015,-0.8169643,-0.820045,-0.82548046,-0.82887584,-0.83269215,-0.8369257,-0.83786565,-0.8413122,-0.8423122,-0.8475887,-0.8515377,-0.85705787,-0.86150634,-0.86029863,-0.86622685,-0.86745757,-0.86933076,-0.8728918,-0.8747262,-0.8783628,-0.8782543,-0.88184434,-0.8849734,-0.8888143,-0.8905678,-0.8915607,-0.8989624,-0.9020324,-0.9031261,-0.9063466,-0.90932226,-0.9144651,-0.9149418,-0.91636354,-0.91850865,-0.9203299,-0.92438585,-0.9293084,-0.93256104,-0.9330937,-0.93722045,-0.9397753,-0.9446306,-0.94828004,-0.9537342,-0.9600743,-0.9652573,-0.96828,-0.9721503,-0.9727645,-0.97986144,-0.98415565,-0.98650706,-0.98877114,-0.9968101,-1.0021467,-1.0065492,-1.0114285,-1.0154526,-1.0213466
115_real,-1.3392532,,,,,,,,,,,,,,,,,,,,,,,,,,,,,,,,,,,,,,,,,,,,,,,,,,,,,,,,,,,,,,,,,,,-1.2059582,,
115_gen,-1.3392533,-1.3400294,-1.342799,-1.3416274,-1.3443453,-1.348611,-1.3533973,-1.3573658,-1.3588176,-1.3627603,-1.3685272,-1.3722016,-1.3763368,-1.3834375,-1.3867834,-1.3904723,-1.3934238,-1.3935381,-1.4032006,-1.4062655,-1.4132311,-1.4160528,-1.4199405,-1.4230535,-1.4257399,-1.4304683,-1.434242,-1.438486,-1.4423265,-1.448037,-1.4519355,-1.4549268,-1.4600643,-1.4630836,-1.4691194,-1.4720566,-1.4765441,-1.4800355,-1.4828603,-1.4855435,-1.4908209,-1.4952062,-1.5001247,-1.5087358,-1.514415,-1.5220387,-1.5272089,-1.5366162,-1.5413483,-1.5461463,-1.551801,-1.556603,-1.5653996,-1.5741885,-1.5800982,-1.5829763,-1.5911891,-1.5960577,-1.6019065,-1.6084528,-1.6185627,-1.6254278,-1.6324364,-1.6397276,-1.6420534,-1.6476841,-1.6524942,-1.6581647,-1.6643305,-1.6698939
116_real,-1.2601167,,,,,,,,,,,,,,,,,,,,,,,,,,,,,,,,,,,,,,,,,,,,,,,,,,,,,,,,,,,,,,,,,,,-1.1622858,,
116_gen,-1.2601167,-1.2629564,-1.2666965,-1.2691725,-1.2684294,-1.2636111,-1.2645347,-1.2650051,-1.2628785,-1.2685353,-1.2690046,-1.2730184,-1.2761981,-1.277262,-1.2820885,-1.2830064,-1.2858123,-1.285738,-1.2919648,-1.2970028,-1.2965126,-1.30253,-1.3074073,-1.3109691,-1.3100764,-1.3138167,-1.3158612,-1.3138969,-1.3119795,-1.3155134,-1.3156637,-1.3217243,-1.3253646,-1.3293623,-1.3298738,-1.3315918,-1.3339049,-1.3396357,-1.3413999,-1.3424969,-1.3434043,-1.3429002,-1.3426201,-1.3480872,-1.3508111,-1.3570356,-1.3632946,-1.364885,-1.3657843,-1.3663142,-1.3734435,-1.3717062,-1.3764614,-1.3789642,-1.3770757,-1.3782254,-1.3810613,-1.3783306,-1.380285,-1.3812855,-1.3839937,-1.3858974,-1.3896115,-1.3885524,-1.3885154,-1.3942322,-1.3974195,-1.4003325,-1.4060342,-1.4066314
117_real,1.0715303,,,,,,,,,,,,,,,,,,,,,,,,,,,,,,,,,,,,,,,,,,,,,,,,,,,,,,,,,,,,,,,,,,,0.39444572,,
117_gen,1.0715303,1.0678198,1.0649598,1.062756,1.0575281,1.0535821,1.0500065,1.0451347,1.039608,1.0388149,1.0328813,1.0297835,1.0280726,1.0258876,1.0233834,1.0212709,1.0172698,1.009724,1.0065138,1.0030801,0.9953993,0.990554,0.9851699,0.9840746,0.9782834,0.973759,0.96838456,0.9649738,0.9607976,0.96001065,0.95592374,0.9512688,0.9474379,0.94161606,0.938043,0.9337099,0.9272839,0.92343074,0.9215168,0.91718245,0.9135405,0.9098058,0.9082631,0.9041826,0.8991457,0.89252007,0.887788,0.8830104,0.8799354,0.8760848,0.87312907,0.8644122,0.86091816,0.8586189,0.8563816,0.8530752,0.844063,0.8389381,0.8319661,0.8292599,0.8274976,0.8224845,0.8186094,0.8133807,0.80700797,0.8014512,0.7973858,0.7936903,0.7912303,0.7856353
118_real,0.56029904,,,,,,,,,,,,,,,,,,,,,,,,,,,,,,,,,,,,,,,,,,,,,,,,,,,,,,,,,,,,,,,,,,,1.0961014,,
118_gen,0.560299,0.55196726,0.5466443,0.545744,0.5448001,0.54445815,0.5412566,0.5407131,0.5369642,0.5374402,0.5332962,0.53324974,0.5333981,0.5309416,0.5278811,0.52515393,0.52343047,0.5202835,0.51949745,0.5162532,0.51277435,0.5108892,0.51115143,0.50874823,0.506389,0.5040881,0.5031562,0.50193954,0.5010464,0.4989826,0.49641782,0.4946081,0.49371758,0.49222398,0.49100155,0.48958635,0.4874196,0.4854563,0.48533645,0.48321185,0.48456782,0.4821195,0.4790903,0.47679645,0.47478628,0.47033733,0.46859932,0.4674348,0.46555528,0.46431088,0.46373358,0.46302566,0.4610878,0.4581541,0.45614767,0.45448694,0.4525978,0.45053944,0.44885206,0.44848514,0.44498748,0.44482517,0.44422737,0.44021687,0.43675566,0.43537992,0.43154493,0.42880034,0.424352,0.42428413
119_real,0.904648,,,,,,,,,,,,,,,,,,,,,,,,,,,,,,,,,,,,,,,,,,,,,,,,,,,,,,,,,,,,,,,,,,,-0.37802312,,
119_gen,0.90464795,0.89976865,0.8931805,0.8905916,0.885623,0.88268864,0.87779015,0.87477875,0.87088186,0.8671972,0.86181706,0.8579397,0.8542838,0.85152113,0.84882194,0.8444686,0.84202814,0.83742666,0.8319727,0.83113307,0.8273883,0.82599676,0.82380307,0.823898,0.8195816,0.8149414,0.80900085,0.80258167,0.7989608,0.7945426,0.7931043,0.789254,0.7832533,0.7815889,0.7773777,0.7722566,0.76654404,0.7639245,0.7617544,0.76050186,0.7588129,0.7573221,0.75238144,0.74818164,0.7411896,0.7358136,0.7280909,0.7241724,0.7236034,0.72390026,0.72284895,0.71760714,0.71300006,0.70842856,0.7065778,0.7037931,0.70157397,0.69853365,0.69473577,0.6905998,0.685887,0.68655616,0.68425596,0.68249476,0.67951334,0.67771524,0.6748837,0.67038774,0.666024,0.6620109
120_real,0.6960979,,,,,,,,,,,,,,,,,,,,,,,,,,,,,,,,,,,,,,,,,,,,,,,,,,,,,,,,,,,,,,,,,,,0.45637098,,
120_gen,0.6960979,0.6912315,0.68870807,0.6850474,0.6813428,0.6788974,0.67702234,0.6663839,0.66388094,0.6558765,0.6514307,0.6462446,0.638752,0.62966746,0.6223227,0.6204946,0.6161987,0.61245334,0.6075644,0.6042353,0.5939991,0.58642185,0.58147585,0.5744523,0.56746095,0.5604092,0.5538312,0.54351026,0.53724873,0.5339079,0.53163195,0.52813613,0.5230714,0.51249784,0.506818,0.49969167,0.4926614,0.48201424,0.47514287,0.4701976,0.46580297,0.4598661,0.45219564,0.44904667,0.44461933,0.43433452,0.42623836,0.418322,0.4120937,0.40639472,0.39700288,0.39499688,0.38816118,0.3758113,0.3678344,0.3643538,0.35646424,0.35087824,0.34722167,0.34526855,0.33635154,0.33171648,0.3218971,0.31931192,0.3109309,0.30471358,0.29398882,0.28730664,0.28122708,0.27678058
121_real,1.2709683,,,,,,,,,,,,,,,,,,,,,,,,,,,,,,,,,,,,,,,,,,,,,,,,,,,,,,,,,,,,,,,,,,,-0.32487482,,
121_gen,1.2709683,1.2651534,1.2603725,1.25247,1.2468725,1.240248,1.2332866,1.2299229,1.2293313,1.2234248,1.216328,1.214483,1.210475,1.205387,1.2051678,1.1972224,1.1914715,1.1821988,1.1774768,1.1741769,1.1664833,1.1615918,1.1578143,1.1522434,1.1464033,1.1382653,1.1297325,1.1251256,1.1191591,1.1155312,1.1147512,1.1095989,1.103984,1.0980897,1.0935482,1.0882252,1.0864321,1.0816618,1.0760368,1.0706872,1.062551,1.0542103,1.0501873,1.0457692,1.0376892,1.03252,1.0239971,1.0191431,1.0153803,1.0099365,0.9987181,0.98946106,0.9816477,0.9763907,0.9696971,0.96159565,0.95453155,0.9462377,0.9404669,0.9360136,0.93024457,0.92091906,0.9174317,0.9142151,0.90598977,0.89995605,0.8928232,0.8851231,0.8828434,0.8761884
122_real,0.62893856,,,,,,,,,,,,,,,,,,,,,,,,,,,,,,,,,,,,,,,,,,,,,,,,,,,,,,,,,,,,,,,,,,,0.82151264,,
122_gen,0.6289386,0.6246823,0.61794746,0.61364686,0.6067152,0.60192454,0.5982773,0.5968612,0.59324294,0.5868011,0.58273166,0.57902,0.57348025,0.5722055,0.57069397,0.56764746,0.5642975,0.5656702,0.56141186,0.55938536,0.55571425,0.55226874,0.5509032,0.54581076,0.5449832,0.54017955,0.5361986,0.53466105,0.5309041,0.52435356,0.52047384,0.5153721,0.5158282,0.5090194,0.50856596,0.5034432,0.5031463,0.49697128,0.49419832,0.4916275,0.48853236,0.4825437,0.48201156,0.47988087,0.47869667,0.47451186,0.46976647,0.46472293,0.46113962,0.45997876,0.4564345,0.45351744,0.44799638,0.44160256,0.43696818,0.431427,0.42827258,0.42767984,0.42478505,0.4213596,0.4202424,0.4224418,0.41759872,0.4166574,0.41292644,0.4077739,0.40028375,0.3921785,0.38949925,0.38335064
123_real,0.9163463,,,,,,,,,,,,,,,,,,,,,,,,,,,,,,,,,,,,,,,,,,,,,,,,,,,,,,,,,,,,,,,,,,,0.24926348,,
123_gen,0.91634643,0.91128004,0.9078373,0.903701,0.90057087,0.8976288,0.8928565,0.88775223,0.8812243,0.8770118,0.8729888,0.8694273,0.86578524,0.8579348,0.8517252,0.8473655,0.8415159,0.83617514,0.83244455,0.8254281,0.8205677,0.8179518,0.814983,0.81549263,0.8116072,0.8081833,0.80661535,0.80071896,0.79835916,0.7942324,0.79060286,0.78869617,0.78466547,0.7821194,0.77544165,0.77106535,0.7681634,0.7644638,0.76079005,0.7545763,0.7533442,0.7485516,0.7453985,0.7409075,0.7403353,0.7341631,0.7280924,0.72577757,0.72364545,0.7200389,0.71597207,0.71134305,0.7040712,0.7009992,0.69844913,0.6948581,0.6907393,0.6857678,0.67992795,0.67751616,0.6750448,0.6714584,0.66534644,0.6591284,0.65440834,0.65235907,0.64820826,0.6418622,0.63874805,0.6312652
124_real,1.0246612,,,,,,,,,,,,,,,,,,,,,,,,,,,,,,,,,,,,,,,,,,,,,,,,,,,,,,,,,,,,,,,,,,,0.5069535,,
124_gen,1.0246612,1.0152156,1.0088227,1.0002775,0.991603,0.9832258,0.97707635,0.9731256,0.96900874,0.9678648,0.9622253,0.9567455,0.95365304,0.94840395,0.9480734,0.9417632,0.9363125,0.93261206,0.92999506,0.9277998,0.9216235,0.9180378,0.91374075,0.90909636,0.9036247,0.8993127,0.8938099,0.8914232,0.88631487,0.884071,0.877783,0.87224466,0.8707644,0.8680264,0.86704457,0.86450875,0.861508,0.85596305,0.8519901,0.84839123,0.842646,0.8370903,0.83142424,0.8280382,0.8208558,0.81698257,0.81444454,0.81032133,0.8055951,0.80327094,0.79943395,0.7949672,0.7892636,0.78541934,0.7826839,0.777233,0.7692627,0.7658516,0.7605311,0.75668025,0.7507106,0.74625957,0.73982584,0.73660886,0.7301307,0.7278593,0.7222907,0.71550477,0.7125416,0.7069524
125_real,0.9916375,,,,,,,,,,,,,,,,,,,,,,,,,,,,,,,,,,,,,,,,,,,,,,,,,,,,,,,,,,,,,,,,,,,1.0179483,,
125_gen,0.9916375,0.98811245,0.9831835,0.9816515,0.98005325,0.97856176,0.9762821,0.9735204,0.9715377,0.9679055,0.96968955,0.9667225,0.96306527,0.9600112,0.9577526,0.95754576,0.95028335,0.9497158,0.9477366,0.94337225,0.9405378,0.9417669,0.9397335,0.9399926,0.9369823,0.9349017,0.9334685,0.92869794,0.9271377,0.92678463,0.9247259,0.9203862,0.9183965,0.9179222,0.9153447,0.91082126,0.909314,0.90530026,0.9026516,0.8999389,0.8955364,0.8931444,0.88954556,0.8872453,0.88139755,0.8778388,0.8768409,0.8747328,0.8705985,0.8701534,0.8699336,0.86295927,0.8575902,0.85553104,0.85111636,0.8464586,0.841787,0.83822423,0.8346836,0.8332712,0.83082426,0.8304551,0.8262949,0.8251236,0.8230289,0.82003576,0.818051,0.81490594,0.81335115,0.80886745
126_real,-0.37229064,,,,,,,,,,,,,,,,,,,,,,,,,,,,,,,,,,,,,,,,,,,,,,,,,,,,,,,,,,,,,,,,,,,-0.46111587,,
126_gen,-0.37229064,-0.3777113,-0.3790366,-0.3852109,-0.3878359,-0.39099032,-0.39521644,-0.3957842,-0.39835018,-0.3994369,-0.39980403,-0.4039885,-0.40714845,-0.41280514,-0.415727,-0.41519737,-0.41644946,-0.42281157,-0.42404595,-0.42672282,-0.42804417,-0.42955112,-0.43342036,-0.43740377,-0.443116,-0.44531113,-0.44762295,-0.44931084,-0.45134696,-0.45318526,-0.45126715,-0.4547483,-0.45663533,-0.46122426,-0.4624452,-0.4645831,-0.46666536,-0.47022685,-0.47372183,-0.4755023,-0.4765826,-0.4775284,-0.48112527,-0.48626906,-0.4904832,-0.49267873,-0.49421376,-0.49826273,-0.50301635,-0.5010315,-0.5025937,-0.50589144,-0.50661427,-0.510817,-0.5136325,-0.5151514,-0.51678383,-0.5227606,-0.52170956,-0.52499884,-0.52673006,-0.53033036,-0.53397727,-0.53428686,-0.53721446,-0.5415565,-0.54131734,-0.5434705,-0.5431545,-0.54840386
127_real,-0.48281473,,,,,,,,,,,,,,,,,,,,,,,,,,,,,,,,,,,,,,,,,,,,,,,,,,,,,,,,,,,,,,,,,,,-0.6174574,,
127_gen,-0.48281473,-0.49053913,-0.49252972,-0.49768418,-0.5053855,-0.5093783,-0.5164484,-0.5249619,-0.5288575,-0.53245795,-0.5380874,-0.54435587,-0.55052495,-0.5552101,-0.55949414,-0.5626023,-0.56646377,-0.5709299,-0.5752088,-0.5801137,-0.5851318,-0.5891296,-0.5956253,-0.59841335,-0.6040365,-0.60855,-0.6140069,-0.61717093,-0.6198332,-0.62470317,-0.6276132,-0.63397443,-0.63725406,-0.64262354,-0.64779943,-0.6534545,-0.6553363,-0.66160476,-0.6650072,-0.67102206,-0.67784435,-0.68294775,-0.68939906,-0.6952066,-0.69966066,-0.70489377,-0.7110361,-0.7153277,-0.7210007,-0.72381675,-0.7266952,-0.7312747,-0.73578453,-0.7426473,-0.74732184,-0.75283986,-0.75833315,-0.76242477,-0.76850885,-0.77129924,-0.7758318,-0.7808113,-0.7849171,-0.78771836,-0.7913581,-0.796462,-0.80168116,-0.8063555,-0.8130471,-0.81877244
128_real,0.927652,,,,,,,,,,,,,,,,,,,,,,,,,,,,,,,,,,,,,,,,,,,,,,,,,,,,,,,,,,,,,,,,,,,0.42187545,,
128_gen,0.927652,0.92387545,0.91824216,0.9153574,0.9094183,0.9053236,0.9018036,0.89874876,0.8937167,0.890607,0.88726664,0.88382465,0.8810444,0.8776153,0.87261593,0.868186,0.86467665,0.8631042,0.860421,0.85553026,0.85229474,0.8480649,0.84505904,0.8414756,0.83770627,0.8341093,0.8304335,0.8257508,0.8223729,0.8185624,0.8158266,0.8104187,0.80747575,0.8055689,0.8030467,0.8006507,0.79785264,0.79307616,0.79003674,0.78648907,0.78176266,0.77789533,0.7733261,0.7684125,0.76633704,0.7646049,0.7608033,0.75746185,0.7549438,0.7519959,0.748613,0.7449939,0.739026,0.735662,0.73378,0.7306383,0.7266293,0.72376,0.71992004,0.71483403,0.7109778,0.7085753,0.7043567,0.70185757,0.69716316,0.69357497,0.68897855,0.6856464,0.6829718,0.679556
129_real,1.5538979,,,,,,,,,,,,,,,,,,,,,,,,,,,,,,,,,,,,,,,,,,,,,,,,,,,,,,,,,,,,,,,,,,,1.4408888,,
129_gen,1.5538979,1.5507952,1.5470066,1.5429031,1.5385947,1.5347662,1.5299408,1.5267204,1.5222893,1.5188526,1.5161059,1.5134118,1.5100057,1.5058088,1.5004206,1.4953568,1.4946094,1.4899862,1.486244,1.4837968,1.4787152,1.4727829,1.4694525,1.465785,1.4637964,1.4647636,1.459523,1.4550425,1.4497907,1.4447792,1.4396489,1.4360564,1.4302605,1.4268095,1.4220927,1.417048,1.4146845,1.4114779,1.4049106,1.4025309,1.3960255,1.3891776,1.3839275,1.3835908,1.3791854,1.375332,1.3734376,1.3687556,1.3638494,1.3583872,1.3539616,1.349416,1.3448422,1.3385246,1.3348471,1.3327785,1.3278726,1.3217194,1.3170304,1.313439,1.3085243,1.3066996,1.3012913,1.2976325,1.2916234,1.2868412,1.285197,1.2814842,1.2765658,1.2715431
130_real,0.14779691,,,,,,,,,,,,,,,,,,,,,,,,,,,,,,,,,,,,,,,,,,,,,,,,,,,,,,,,,,,,,,,,,,,0.46349162,,
130_gen,0.1477969,0.14463046,0.14203408,0.13778503,0.13395235,0.13179691,0.12610465,0.12332557,0.120589,0.120801166,0.11613371,0.11170329,0.106558144,0.10169276,0.09784607,0.09366387,0.09162165,0.08759012,0.084199116,0.08022622,0.075673655,0.07355265,0.07040291,0.065928325,0.06069546,0.054638404,0.05032606,0.047457244,0.0429291,0.03860288,0.033887938,0.030463943,0.028939556,0.025728827,0.022893379,0.017770885,0.013030514,0.0087909335,0.0053129345,0.0013041019,-0.0018459305,-0.0047366805,-0.008719958,-0.014080142,-0.020234015,-0.027048329,-0.03216269,-0.03692212,-0.04261736,-0.048443552,-0.05246721,-0.057314586,-0.059407134,-0.064512275,-0.070233844,-0.07318363,-0.077441,-0.083101794,-0.08567275,-0.08935747,-0.09366447,-0.09941542,-0.103164315,-0.10750605,-0.11030201,-0.11093569,-0.11460507,-0.11918788,-0.123163864,-0.12622115
131_real,0.10217816,,,,,,,,,,,,,,,,,,,,,,,,,,,,,,,,,,,,,,,,,,,,,,,,,,,,,,,,,,,,,,,,,,,0.58698446,,
131_gen,0.10217816,0.1042455,0.109290995,0.10923918,0.11194936,0.11210005,0.112874284,0.11136137,0.10512602,0.10166184,0.096632786,0.09431556,0.08738957,0.08533467,0.08501925,0.0823723,0.0793291,0.07595263,0.06778722,0.06386193,0.06780492,0.0640894,0.05574488,0.051598944,0.051396966,0.049577378,0.042721722,0.034694053,0.031255674,0.022704486,0.015733851,0.015276576,0.010591575,0.0007789902,-0.0045657367,-0.0121111,-0.015392478,-0.01885647,-0.025352696,-0.031157708,-0.033915345,-0.03855809,-0.043612175,-0.046502374,-0.042553477,-0.04953945,-0.0545561,-0.05845698,-0.05952958,-0.059278894,-0.06607284,-0.068225875,-0.07163434,-0.07733629,-0.08446397,-0.08944445,-0.0960754,-0.10137834,-0.10812644,-0.113886595,-0.118215546,-0.12486334,-0.12726672,-0.13399509,-0.13883035,-0.13764992,-0.14265935,-0.14647895,-0.14840117,-0.15459493
132_real,-0.2597889,,,,,,,,,,,,,,,,,,,,,,,,,,,,,,,,,,,,,,,,,,,,,,,,,,,,,,,,,,,,,,,,,,,0.2735258,,
132_gen,-0.25978893,-0.2722196,-0.275253,-0.28134114,-0.29066917,-0.29891473,-0.2994611,-0.3012218,-0.30645525,-0.30528072,-0.3062246,-0.30434683,-0.30213338,-0.30384973,-0.30054724,-0.30122387,-0.3036969,-0.30443633,-0.30508873,-0.30194747,-0.3086076,-0.30737153,-0.3117364,-0.31092963,-0.31921977,-0.32716465,-0.32990003,-0.3378489,-0.33991787,-0.34273684,-0.34447172,-0.3443395,-0.34378347,-0.3508261,-0.35507065,-0.35181135,-0.3501531,-0.35298687,-0.36229855,-0.36380428,-0.36370963,-0.36668578,-0.37023947,-0.36684874,-0.37077203,-0.3715584,-0.36944252,-0.3696165,-0.3748376,-0.37795627,-0.37750372,-0.38102844,-0.38021606,-0.37647027,-0.37773558,-0.38261664,-0.3885563,-0.39025295,-0.39476514,-0.39942375,-0.4026703,-0.40611252,-0.40585455,-0.41542163,-0.41984472,-0.41878733,-0.42276827,-0.425411,-0.43087325,-0.44176355
133_real,0.14797899,,,,,,,,,,,,,,,,,,,,,,,,,,,,,,,,,,,,,,,,,,,,,,,,,,,,,,,,,,,,,,,,,,,0.5887612,,
133_gen,0.147979,0.14727102,0.14536306,0.14269027,0.13867828,0.13354555,0.12866959,0.12342212,0.11885001,0.11476116,0.10930971,0.108540736,0.10313094,0.097196564,0.09218933,0.088831306,0.084377915,0.07977169,0.07431173,0.07255988,0.06892036,0.06381123,0.060590506,0.056575548,0.05412159,0.04956997,0.044753432,0.0376601,0.03358858,0.029994076,0.025520558,0.02121036,0.01813269,0.012951029,0.008679473,0.003160961,-0.0014682327,-0.0061645075,-0.0107017625,-0.015855331,-0.020772405,-0.024828989,-0.029129263,-0.034631174,-0.04107896,-0.046568282,-0.051075507,-0.05694153,-0.063767746,-0.06821073,-0.0725676,-0.078256145,-0.08369149,-0.08779403,-0.09409948,-0.099354036,-0.102547966,-0.107378826,-0.11137275,-0.11913188,-0.12260047,-0.12538718,-0.13066727,-0.13488208,-0.13893212,-0.14202842,-0.1439862,-0.14919746,-0.15405908,-0.15964012
134_real,-0.04963739,,,,,,,,,,,,,,,,,,,,,,,,,,,,,,,,,,,,,,,,,,,,,,,,,,,,,,,,,,,,,,,,,,,0.35994777,,
134_gen,-0.049637385,-0.049305134,-0.05114279,-0.05824838,-0.06186074,-0.064631306,-0.06692009,-0.06965767,-0.06785612,-0.06853198,-0.070082515,-0.07386833,-0.07711347,-0.08070191,-0.082495056,-0.08369967,-0.08705996,-0.091720924,-0.093153946,-0.09428297,-0.09446521,-0.097069375,-0.101252235,-0.10377707,-0.1091681,-0.11164494,-0.1118989,-0.1169325,-0.11990684,-0.123412885,-0.12939154,-0.13005798,-0.13225739,-0.13585335,-0.13899805,-0.14139996,-0.14367142,-0.14591742,-0.1484803,-0.15112624,-0.15387261,-0.15748022,-0.16165884,-0.16419907,-0.16560869,-0.16533299,-0.16924503,-0.17446706,-0.1758346,-0.18001153,-0.18484333,-0.18474482,-0.19111262,-0.19280344,-0.196226,-0.2003882,-0.20338222,-0.20658335,-0.20919974,-0.21493542,-0.22112639,-0.22400773,-0.22693463,-0.23049426,-0.23026924,-0.23405524,-0.23876548,-0.24009399,-0.24167141,-0.24565825
135_real,-0.32805032,,,,,,,,,,,,,,,,,,,,,,,,,,,,,,,,,,,,,,,,,,,,,,,,,,,,,,,,,,,,,,,,,,,0.20938982,,
135_gen,-0.32805035,-0.33018368,-0.33613887,-0.33684087,-0.3430144,-0.35176837,-0.35833326,-0.3629408,-0.36613682,-0.37257177,-0.3773524,-0.38195592,-0.38499925,-0.3912674,-0.39693004,-0.4056352,-0.41089588,-0.41577893,-0.42242903,-0.4291359,-0.43309197,-0.43904486,-0.4441077,-0.44817114,-0.4524921,-0.45470324,-0.4643932,-0.4702322,-0.47373995,-0.47801757,-0.48109323,-0.48453665,-0.49152723,-0.49352485,-0.4990713,-0.5060073,-0.5127722,-0.5180631,-0.52151835,-0.5274439,-0.5358301,-0.5380227,-0.5412887,-0.546135,-0.5519048,-0.5575393,-0.56436783,-0.569621,-0.574126,-0.5777659,-0.587933,-0.5898621,-0.5951653,-0.6015943,-0.6066753,-0.608534,-0.6161428,-0.62365085,-0.6298944,-0.63627875,-0.64292794,-0.64764637,-0.6549763,-0.661069,-0.66602546,-0.6721071,-0.6773019,-0.68025964,-0.68716323,-0.6907549
136_real,0.3148083,,,,,,,,,,,,,,,,,,,,,,,,,,,,,,,,,,,,,,,,,,,,,,,,,,,,,,,,,,,,,,,,,,,0.5892823,,
136_gen,0.31480834,0.31226668,0.30502102,0.30473506,0.30294794,0.30296335,0.30189067,0.30010638,0.29626304,0.297765,0.29718912,0.2975217,0.29929003,0.30183065,0.29780862,0.2943241,0.29510823,0.29385048,0.29343328,0.2935602,0.2954202,0.29488742,0.29330698,0.2950489,0.2931438,0.29125112,0.29070023,0.28955442,0.2902457,0.28544253,0.2837521,0.27988967,0.2758819,0.2753468,0.27376604,0.27472308,0.27175024,0.26638785,0.26765877,0.27226526,0.27065378,0.27264935,0.27060252,0.26835158,0.26495975,0.2665151,0.26952213,0.2672314,0.26487243,0.26309165,0.26032144,0.25976813,0.25709584,0.25435302,0.24861065,0.24665344,0.24528897,0.24509637,0.24455276,0.2429792,0.2394578,0.23801057,0.23265424,0.23238203,0.22755954,0.2308354,0.22801673,0.21840258,0.21482782,0.21681324
137_real,-0.10325202,,,,,,,,,,,,,,,,,,,,,,,,,,,,,,,,,,,,,,,,,,,,,,,,,,,,,,,,,,,,,,,,,,,0.37322363,,
137_gen,-0.10325204,-0.10987614,-0.11505123,-0.121769644,-0.12854595,-0.13253775,-0.1392014,-0.14588328,-0.15193045,-0.15589097,-0.16197857,-0.16566612,-0.1701676,-0.1720907,-0.17871572,-0.18191478,-0.18609609,-0.19232717,-0.19515154,-0.20221666,-0.20968285,-0.21276817,-0.21840866,-0.22772388,-0.23579323,-0.23880143,-0.24328129,-0.24878848,-0.2531187,-0.25899056,-0.2682907,-0.2745243,-0.27680257,-0.27983382,-0.2819944,-0.28921872,-0.29692587,-0.29818493,-0.30245146,-0.30668715,-0.311418,-0.31399778,-0.3195174,-0.32322755,-0.32421452,-0.33161348,-0.33672047,-0.34303415,-0.3460007,-0.35012382,-0.35731846,-0.35875526,-0.3622579,-0.3678699,-0.37185186,-0.37509194,-0.3809381,-0.3855378,-0.39202893,-0.39478993,-0.3998114,-0.40132895,-0.40525627,-0.410731,-0.4150517,-0.4207785,-0.4262134,-0.43042606,-0.43951407,-0.44738078
138_real,-1.0809311,,,,,,,,,,,,,,,,,,,,,,,,,,,,,,,,,,,,,,,,,,,,,,,,,,,,,,,,,,,,,,,,,,,-0.69313323,,
138_gen,-1.080931,-1.0874352,-1.091709,-1.0952597,-1.1001589,-1.1069672,-1.1112013,-1.1143098,-1.1217768,-1.1272017,-1.1341778,-1.1377622,-1.1462423,-1.1516744,-1.1551685,-1.1596695,-1.1626314,-1.1624731,-1.1669339,-1.1775163,-1.1826435,-1.1858164,-1.1880658,-1.1926244,-1.1945007,-1.1969626,-1.2017664,-1.206435,-1.2112064,-1.216508,-1.2222503,-1.2210095,-1.2230412,-1.2289612,-1.2322233,-1.2357953,-1.2414062,-1.244518,-1.2473325,-1.2525724,-1.2553008,-1.2571871,-1.2616787,-1.2654272,-1.2686032,-1.2747825,-1.279052,-1.2836012,-1.2922478,-1.2972567,-1.3022369,-1.309029,-1.3119302,-1.3209635,-1.3241322,-1.3298832,-1.3372563,-1.3413305,-1.3435475,-1.3478534,-1.3547596,-1.3558486,-1.3617862,-1.3669347,-1.3715944,-1.373917,-1.3782204,-1.3826821,-1.3896625,-1.3948328
139_real,0.20352827,,,,,,,,,,,,,,,,,,,,,,,,,,,,,,,,,,,,,,,,,,,,,,,,,,,,,,,,,,,,,,,,,,,-0.43599188,,
139_gen,0.20352826,0.19612457,0.19249061,0.18822207,0.17995325,0.17261708,0.1692108,0.16046336,0.15282436,0.14677425,0.1419873,0.13632546,0.13270889,0.1285428,0.120789275,0.118798174,0.11425205,0.10933237,0.10840373,0.105091095,0.10545142,0.10606997,0.09995274,0.098866165,0.09226452,0.088229366,0.08350569,0.07562266,0.069760166,0.063435726,0.05674724,0.05380299,0.04931422,0.04510223,0.037811883,0.032325737,0.027403656,0.021228919,0.010483029,0.006317772,-0.00045393952,-0.0056910524,-0.008505417,-0.0135903265,-0.015657827,-0.021681845,-0.024122188,-0.027915573,-0.033738088,-0.035316672,-0.042237367,-0.0475913,-0.052289587,-0.05797813,-0.06439595,-0.07058066,-0.077374026,-0.081883475,-0.08684878,-0.09115094,-0.09503426,-0.10126783,-0.1037129,-0.109116614,-0.11190061,-0.11957066,-0.12287996,-0.12503776,-0.12768926,-0.1371235
140_real,0.8322055,,,,,,,,,,,,,,,,,,,,,,,,,,,,,,,,,,,,,,,,,,,,,,,,,,,,,,,,,,,,,,,,,,,-0.0017797193,,
140_gen,0.8322054,0.822168,0.81264985,0.80272734,0.79913485,0.79615307,0.7933471,0.790335,0.7852417,0.78187424,0.776239,0.770252,0.7639718,0.7536095,0.7476086,0.7441479,0.7404009,0.73111904,0.7262186,0.7227398,0.720011,0.7161681,0.70880955,0.6998682,0.6952578,0.69434506,0.68680704,0.68383497,0.6763861,0.66979295,0.667241,0.6642691,0.6593259,0.6545155,0.6508522,0.64577365,0.6415098,0.6369995,0.63582194,0.63181055,0.6242726,0.619161,0.61421704,0.608921,0.59878314,0.5957614,0.5920319,0.58873874,0.5828817,0.5783864,0.5724533,0.5721072,0.56929153,0.5672145,0.55879456,0.5528851,0.5467566,0.5414536,0.53765905,0.5328902,0.52941304,0.52312505,0.5186558,0.5094487,0.50439036,0.49938017,0.4937744,0.49115816,0.4860507,0.4794673
141_real,0.5787329,,,,,,,,,,,,,,,,,,,,,,,,,,,,,,,,,,,,,,,,,,,,,,,,,,,,,,,,,,,,,,,,,,,0.59082365,,
141_gen,0.5787329,0.57350034,0.5677579,0.5628427,0.56141055,0.55755746,0.5536397,0.5501698,0.54355586,0.53994995,0.53431493,0.5313362,0.52764493,0.5245452,0.5189142,0.5143765,0.51151365,0.5081104,0.5027426,0.49882013,0.49358955,0.48892403,0.48494014,0.48194084,0.47706985,0.47177586,0.47014284,0.46653095,0.45942512,0.45463586,0.45015448,0.44580245,0.44026947,0.43618983,0.43123308,0.42495972,0.41994676,0.41440693,0.40975437,0.4073833,0.40379697,0.39887896,0.39378187,0.38849443,0.3838091,0.3801829,0.37576103,0.3723567,0.36769298,0.36375043,0.35715467,0.35148746,0.34652907,0.33853066,0.3325737,0.32884538,0.32401678,0.31975877,0.31307468,0.31061175,0.30589145,0.3012671,0.29672986,0.29420686,0.29196167,0.28852585,0.28483656,0.27962345,0.27853435,0.27341533
142_real,0.26948923,,,,,,,,,,,,,,,,,,,,,,,,,,,,,,,,,,,,,,,,,,,,,,,,,,,,,,,,,,,,,,,,,,,-0.3071954,,
142_gen,0.26948926,0.2607197,0.25479925,0.24939032,0.24287197,0.23925431,0.23453172,0.23037584,0.22446084,0.2188637,0.21542081,0.21118434,0.20599258,0.1998373,0.19496623,0.18718085,0.18127856,0.1775922,0.17116849,0.1658118,0.16149396,0.1575762,0.15203929,0.14656898,0.14426501,0.13772509,0.13112406,0.1265693,0.12064149,0.11368122,0.10859321,0.10504462,0.09929287,0.09310375,0.09073134,0.08565365,0.082963124,0.08012524,0.07385933,0.068501,0.061916955,0.057214897,0.05445515,0.051167756,0.04708783,0.038705908,0.03522908,0.02831466,0.023158582,0.01858421,0.012352842,0.0029361402,-0.002791864,-0.0074882223,-0.013006186,-0.019290715,-0.024997491,-0.03151849,-0.03661417,-0.041245148,-0.04724441,-0.0521724,-0.05796207,-0.064212665,-0.07070185,-0.072151266,-0.080457516,-0.08517404,-0.08965187,-0.0954213
143_real,0.06874667,,,,,,,,,,,,,,,,,,,,,,,,,,,,,,,,,,,,,,,,,,,,,,,,,,,,,,,,,,,,,,,,,,,0.002250498,,
143_gen,0.06874668,0.064940125,0.06413992,0.059159763,0.057600778,0.05352638,0.050333075,0.047299344,0.045323472,0.04175984,0.039305538,0.035817955,0.03304369,0.029969066,0.028346801,0.0246173,0.021820132,0.020735864,0.01730479,0.014476364,0.011482633,0.008748734,0.0044589983,0.0035935738,0.0009372661,-0.0022535145,-0.0050011403,-0.009093871,-0.013547741,-0.0162609,-0.017844599,-0.021797264,-0.025366705,-0.029512104,-0.03159802,-0.034936722,-0.03781479,-0.043022595,-0.046731673,-0.051205337,-0.054508783,-0.056675494,-0.059279907,-0.062875286,-0.06546771,-0.06798962,-0.06910889,-0.070757516,-0.07348136,-0.07581753,-0.079895675,-0.08351132,-0.08725277,-0.09246887,-0.0952127,-0.09950438,-0.10496243,-0.10820321,-0.11005716,-0.11473695,-0.11869109,-0.1226209,-0.12427819,-0.12910822,-0.13156828,-0.13436477,-0.13905731,-0.14360388,-0.14712144,-0.1518374
144_real,0.3952257,,,,,,,,,,,,,,,,,,,,,,,,,,,,,,,,,,,,,,,,,,,,,,,,,,,,,,,,,,,,,,,,,,,0.32346803,,
144_gen,0.39522573,0.3851838,0.37714246,0.36986962,0.36445767,0.35835093,0.35419142,0.34926435,0.34525305,0.34012517,0.33681,0.33270884,0.32744795,0.3250177,0.32064682,0.3186928,0.31425005,0.3114344,0.30433136,0.29849175,0.29413712,0.2886896,0.28438026,0.2791066,0.27528945,0.27331048,0.27057347,0.26577538,0.26331076,0.2570007,0.25132897,0.24870169,0.24340518,0.23889498,0.23452601,0.230316,0.22659448,0.22020519,0.21508744,0.21116371,0.20704775,0.20397273,0.19920297,0.19631724,0.19143724,0.18537728,0.18126705,0.17617904,0.1721353,0.16722903,0.16463631,0.16161063,0.15604895,0.15239291,0.14609604,0.1428332,0.13626021,0.1318976,0.12704,0.124184355,0.120250106,0.11692677,0.11095388,0.106506094,0.10181936,0.10053595,0.0972107,0.0940874,0.089580275,0.0846195
