ROI_Index,Month_0,Month_1,Month_2,Month_3,Month_4,Month_5,Month_6,Month_7,Month_8,Month_9,Month_10,Month_11,Month_12,Month_13,Month_14,Month_15,Month_16,Month_17,Month_18,Month_19,Month_20,Month_21,Month_22,Month_23,Month_24,Month_25,Month_26,Month_27,Month_28,Month_29,Month_30,Month_31,Month_32,Month_33,Month_34,Month_35,Month_36,Month_37,Month_38,Month_39,Month_40,Month_41,Month_42,Month_43,Month_44,Month_45,Month_46,Month_47,Month_48,Month_49,Month_50,Month_51,Month_52,Month_53,Month_54,Month_55,Month_56,Month_57,Month_58,Month_59,Month_60,Month_61,Month_62,Month_63,Month_64,Month_65,Month_66,Month_67,Month_68,Month_69,Month_70,Month_71,Month_72,Month_73,Month_74,Month_75,Month_76,Month_77,Month_78,Month_79,Month_80,Month_81,Month_82,Month_83,Month_84,Month_85,Month_86,Month_87,Month_88,Month_89,Month_90,Month_91,Month_92,Month_93,Month_94,Month_95,Month_96,Month_97,Month_98,Month_99,Month_100,Month_101,Month_102,Month_103,Month_104,Month_105,Month_106,Month_107,Month_108,Month_109,Month_110,Month_111,Month_112,Month_113,Month_114,Month_115,Month_116,Month_117,Month_118,Month_119
0,1.0984538,1.0974071,1.097376,1.1013253,1.0945318,1.0933506,1.0943811,1.0929772,1.0913295,1.0872917,1.0812465,1.0797441,1.0764096,1.0745227,1.073631,1.0706689,1.0682323,1.0675172,1.0692444,1.0666206,1.0682011,1.0678997,1.0656703,1.065533,1.063422,1.0620387,1.0618721,1.0551661,1.0589125,1.0576682,1.0584008,1.0548438,1.0517739,1.0513201,1.0492918,1.0476329,1.0440345,1.0396608,1.0376486,1.0353513,1.0310915,1.0292821,1.0278852,1.0279617,1.0256845,1.0235869,1.0230138,1.0186404,1.0194439,1.0139902,1.0099113,1.007115,1.0003912,0.9977741,0.9944819,0.9909357,0.9876913,0.98346794,0.98009807,0.9758488,0.9731396,0.965874,0.96131337,0.95823777,0.95507413,0.9468428,0.9434277,0.9349386,0.9259407,0.9221565,0.9163879,0.9130622,0.90910685,0.90701807,0.90054834,0.8939377,0.8891714,0.88776237,0.88455296,0.8795636,0.87654305,0.8675151,0.85935986,0.856397,0.8529748,0.8467013,0.84460145,0.8376547,0.82546884,0.822338,0.8145755,0.80858594,0.8012387,0.7901795,0.7838589,0.77940863,0.7752186,0.7692996,0.7640444,0.75676054,0.7511104,0.7457119,0.7399174,0.73264045,0.72337306,0.7196974,0.7107061,0.7031232,0.6927241,0.6877814,0.67872375,0.67281896,0.6579608,0.6481433,0.64145935,0.63182294,0.62586117,0.61874914,0.6127537,0.60452753
1,1.7006414,1.6920906,1.6885592,1.6851261,1.675135,1.6671476,1.6656616,1.6591877,1.6564198,1.6520185,1.6442019,1.6414382,1.6347996,1.626107,1.6242836,1.6233132,1.620574,1.6179676,1.6146603,1.6133286,1.6125863,1.6117176,1.6079881,1.607444,1.6076269,1.6048853,1.6043079,1.5949281,1.5887573,1.5874513,1.5833682,1.5826267,1.5787189,1.5768745,1.576209,1.5736799,1.5663812,1.5638194,1.5588039,1.5558836,1.5560666,1.5542358,1.5519936,1.5467399,1.5468665,1.5470282,1.5431678,1.543649,1.5408813,1.540171,1.5381596,1.5365217,1.5314255,1.5268269,1.5239786,1.5223076,1.521533,1.519879,1.5200596,1.5170667,1.5194064,1.5178506,1.5196109,1.522008,1.5209363,1.5148634,1.514314,1.5126076,1.5098953,1.5077534,1.5021425,1.499047,1.4958608,1.4947772,1.4879475,1.4843763,1.4850991,1.482485,1.4778743,1.4755255,1.4746914,1.4727175,1.4742688,1.4714102,1.4716673,1.4705663,1.471241,1.4693366,1.4717602,1.4669497,1.4615247,1.4625518,1.4642353,1.4567131,1.4523939,1.4549687,1.4572405,1.4541795,1.4514729,1.448304,1.4449025,1.4440955,1.4397566,1.4390225,1.4377719,1.4355528,1.4372799,1.4333018,1.4277613,1.4250351,1.4235084,1.4227221,1.4157732,1.4140236,1.408025,1.404837,1.4015605,1.4001744,1.399046,1.3986787
2,2.8225195,2.7951856,2.7752953,2.7576537,2.735809,2.7147095,2.6987529,2.6831775,2.6620555,2.6422403,2.618399,2.5990987,2.580679,2.5602255,2.542616,2.5325341,2.5154235,2.4940343,2.4753609,2.4587464,2.4447966,2.434678,2.418304,2.4011984,2.3860362,2.3742352,2.3654218,2.3501823,2.3400683,2.3275611,2.31463,2.3001285,2.2889018,2.2749772,2.2641137,2.2466905,2.2358658,2.221963,2.2101898,2.1973367,2.1872668,2.1731367,2.1626244,2.1496253,2.135418,2.124658,2.1180484,2.1065974,2.095013,2.087376,2.0729785,2.0643187,2.047648,2.033059,2.0257366,2.0169463,2.0101953,2.0051692,1.9973606,1.9898697,1.9814514,1.9677153,1.9581038,1.9482467,1.9415671,1.9297205,1.9232944,1.9088598,1.9002209,1.8899317,1.8824313,1.872247,1.8654829,1.8580116,1.8464267,1.83897,1.832887,1.8222873,1.8141959,1.8005852,1.7900875,1.781606,1.7728589,1.763031,1.7542856,1.7473803,1.742239,1.7331727,1.7240013,1.7155184,1.7097006,1.7013628,1.6907434,1.6850868,1.6816473,1.672682,1.6635071,1.6549425,1.6454172,1.6375633,1.6301715,1.61581,1.6089756,1.6038983,1.5991431,1.5882624,1.5839813,1.5771282,1.5692608,1.5603759,1.5525646,1.5482596,1.5398226,1.5298986,1.5204395,1.5139884,1.5105894,1.5082786,1.5052001,1.4959314
3,2.6519964,2.6254241,2.6046445,2.585012,2.560651,2.5353367,2.5160117,2.4951353,2.4710662,2.447481,2.417829,2.3982606,2.3774667,2.3558664,2.3379877,2.3240113,2.3056266,2.2905517,2.2671103,2.2510962,2.2325687,2.2194498,2.2031088,2.1864552,2.1687722,2.1572945,2.1439586,2.122843,2.1078455,2.0980082,2.078481,2.0652022,2.0527022,2.0370371,2.021809,2.0032744,1.9870472,1.974884,1.9609045,1.9467952,1.9335515,1.9199578,1.9065034,1.8937895,1.8752921,1.8634865,1.8506931,1.8365223,1.8218565,1.8100338,1.7919801,1.7820346,1.7648878,1.7495725,1.7395474,1.7249763,1.715193,1.705085,1.6935408,1.680768,1.6683531,1.6507308,1.6393902,1.631245,1.618119,1.6031196,1.5955523,1.5820793,1.5684738,1.5537745,1.5415369,1.529407,1.5168903,1.5080118,1.4931438,1.4776543,1.468923,1.4564435,1.4450189,1.4320496,1.4223485,1.4091127,1.3954885,1.3863577,1.3789818,1.3688009,1.3612149,1.3485119,1.3389672,1.3253845,1.3193878,1.3065443,1.293017,1.2861961,1.2761478,1.2633301,1.2515337,1.2392277,1.2290537,1.2152013,1.2062708,1.1927302,1.181107,1.171359,1.1595665,1.1494205,1.1418113,1.1322014,1.1235197,1.1127253,1.1012912,1.0933754,1.0809224,1.0706635,1.0603762,1.0518277,1.0461503,1.0386317,1.0316305,1.0199016
4,1.5126753,1.5080531,1.5020183,1.4949741,1.486139,1.4763972,1.4706047,1.4633328,1.4530877,1.4523107,1.4473916,1.4429129,1.4402514,1.4365498,1.4341279,1.4340582,1.4298238,1.4282688,1.4180042,1.417077,1.4109032,1.4097161,1.4043207,1.4028018,1.4013561,1.3985193,1.3990383,1.3942373,1.3892881,1.3893449,1.3871925,1.3870113,1.3811772,1.3770807,1.3762892,1.3716033,1.3678527,1.3664463,1.3607973,1.3540504,1.3546085,1.3487409,1.3473867,1.3487983,1.3489119,1.3432903,1.3385397,1.3371631,1.3347969,1.3340088,1.3365524,1.3344624,1.3305523,1.3285655,1.3271172,1.3259523,1.3285744,1.3276166,1.323485,1.3209969,1.3198153,1.316315,1.3136246,1.311684,1.3085288,1.3067071,1.3054428,1.3038379,1.3068995,1.3032978,1.2972739,1.2937434,1.2919201,1.2933955,1.2929065,1.2909529,1.2924538,1.2918859,1.2914087,1.2867107,1.287626,1.2813821,1.2848632,1.286376,1.2864583,1.2879207,1.2910888,1.2905471,1.2883283,1.290809,1.2906787,1.2921166,1.2934688,1.2905433,1.2908425,1.2938076,1.295122,1.2942126,1.2898448,1.2898422,1.2932707,1.2955065,1.2954601,1.2945645,1.2920953,1.2961626,1.2996553,1.3023698,1.3098909,1.3112113,1.3182919,1.3212879,1.318229,1.3224466,1.3202947,1.3204763,1.3275752,1.3294108,1.3326589,1.3291563
5,0.9181243,0.91381407,0.9056099,0.900998,0.8915882,0.88677615,0.8758402,0.874455,0.86847,0.8637862,0.85996115,0.86355627,0.86139375,0.8579904,0.8559302,0.8548628,0.8547193,0.8555726,0.85593927,0.85474175,0.8559163,0.8584453,0.85422933,0.8500582,0.8510335,0.8504553,0.8535951,0.8540284,0.853443,0.8575653,0.8584056,0.8600316,0.8601812,0.8583792,0.85829556,0.85734785,0.8557542,0.85769385,0.8586935,0.85668164,0.85829985,0.85761774,0.85756665,0.8589634,0.8573108,0.8572199,0.86199474,0.8647698,0.8657457,0.8695615,0.87284976,0.8763455,0.8785366,0.8821662,0.8834999,0.88419026,0.88573676,0.89157784,0.8930496,0.8973719,0.8948824,0.8919014,0.8955658,0.89494973,0.8957863,0.89840066,0.9051024,0.90176094,0.90761536,0.9086296,0.90956575,0.9152767,0.92030394,0.92572844,0.92768717,0.925302,0.9274729,0.93009317,0.931565,0.93642205,0.94029695,0.9420883,0.94719094,0.95197743,0.9526428,0.9468649,0.9477013,0.9536644,0.95758975,0.955479,0.9552614,0.960794,0.96201193,0.96239865,0.96214247,0.9625646,0.9698946,0.9730916,0.97175634,0.9732998,0.973666,0.97718203,0.98020184,0.9766458,0.98188543,0.98862636,0.9929873,0.99289334,0.99850446,0.99624187,0.99186486,0.9956032,0.9977125,0.9987362,0.9991851,0.9942843,1.0035697,1.0078347,1.0110693,1.0165156
6,2.167996,2.1542206,2.1450062,2.1363215,2.1213021,2.113047,2.102901,2.0953226,2.083141,2.0773437,2.0638459,2.0551503,2.04806,2.0396304,2.0302157,2.0268211,2.022203,2.0147772,2.0101418,2.007359,2.0041485,2.0044549,2.002912,2.0008717,1.9980085,1.9964033,1.9962372,1.9888465,1.9873173,1.9850553,1.9807746,1.9770504,1.973258,1.9696167,1.9656557,1.9585947,1.9556084,1.9541289,1.951724,1.9479853,1.9471328,1.9429636,1.9377342,1.9348195,1.928573,1.926123,1.9219058,1.9205477,1.9173905,1.9144684,1.910866,1.906997,1.9021275,1.8963099,1.8939655,1.893554,1.8937845,1.8940287,1.8917725,1.8908411,1.8899345,1.8835824,1.881607,1.8792455,1.8745,1.8722706,1.8757473,1.872681,1.8675029,1.864187,1.8608694,1.8579963,1.8534966,1.8528416,1.8488014,1.8449357,1.8429991,1.8395246,1.8387276,1.8389823,1.8393141,1.8383535,1.8381895,1.8354887,1.83459,1.829738,1.8312924,1.8291092,1.826437,1.8245188,1.8202959,1.8133802,1.8110924,1.8077825,1.8093364,1.8076689,1.8071022,1.8078473,1.8044945,1.8040371,1.7993958,1.7934173,1.790049,1.7849846,1.7827833,1.7824281,1.7811722,1.7776954,1.7753296,1.7750117,1.7737488,1.7675769,1.7684082,1.765604,1.7615187,1.7577579,1.7575403,1.7587147,1.7591063,1.7564917
7,2.3918154,2.373835,2.3583007,2.3409152,2.3215714,2.304079,2.2912972,2.2793186,2.2620342,2.2482944,2.2282453,2.2181756,2.206333,2.1938062,2.1834455,2.1742291,2.1654189,2.1463182,2.136324,2.1302862,2.1217237,2.1185365,2.1095586,2.0950317,2.089748,2.0815892,2.0744991,2.062835,2.0525863,2.0448663,2.0399191,2.0293021,2.0226283,2.0142038,2.006969,1.998708,1.9853567,1.9755266,1.9696496,1.9607738,1.9531517,1.9450846,1.9384905,1.9290717,1.9205965,1.9163725,1.9097273,1.9055326,1.8973567,1.8916771,1.8842089,1.881726,1.8712618,1.8575714,1.8523563,1.8457139,1.8377545,1.8345194,1.8279327,1.8215557,1.8156868,1.8057945,1.7978569,1.7934335,1.7862698,1.7771246,1.7754071,1.7685244,1.7584822,1.7533737,1.7413486,1.7348254,1.7266366,1.7185509,1.7116764,1.7006581,1.6990894,1.689847,1.6851702,1.6811464,1.6753807,1.6681259,1.6629717,1.6567519,1.6551399,1.6508608,1.6483479,1.643636,1.6389744,1.6292341,1.6211061,1.6178954,1.6101547,1.606457,1.5999396,1.5935743,1.5899017,1.5830002,1.5811753,1.5775906,1.5754999,1.5724835,1.5671527,1.5593992,1.5529752,1.5537647,1.5514147,1.5450032,1.5415049,1.5371592,1.5254635,1.5201882,1.5098231,1.5061595,1.5051706,1.4986627,1.4977949,1.4954733,1.4939145,1.4871417
8,-0.06652952,-0.08097579,-0.08832335,-0.09773736,-0.107879296,-0.119405545,-0.13113037,-0.1398559,-0.14948843,-0.15811105,-0.16733178,-0.17352879,-0.18464294,-0.19587348,-0.2045553,-0.21346414,-0.22596395,-0.23224616,-0.24308269,-0.24883592,-0.25624245,-0.2621749,-0.2684013,-0.2763353,-0.28202173,-0.2913385,-0.29965574,-0.30546966,-0.3121286,-0.31996232,-0.32293028,-0.32928723,-0.33410588,-0.34241062,-0.34947583,-0.36010742,-0.36756948,-0.37466353,-0.38287508,-0.3929711,-0.39938203,-0.40716004,-0.4149981,-0.42799425,-0.43806195,-0.44778457,-0.45470494,-0.46071023,-0.46561146,-0.47469157,-0.48116812,-0.48589182,-0.49050984,-0.50039786,-0.5091685,-0.5190365,-0.52577555,-0.5304404,-0.53682226,-0.5440774,-0.550207,-0.56076217,-0.56681263,-0.57235014,-0.5819388,-0.5837195,-0.5912199,-0.59690964,-0.59924096,-0.6066365,-0.6111228,-0.6184832,-0.6252509,-0.62876534,-0.64012533,-0.646228,-0.6530396,-0.6575144,-0.6616459,-0.667135,-0.6732488,-0.6799699,-0.6833993,-0.6895373,-0.69364995,-0.69656557,-0.7029305,-0.7064876,-0.710275,-0.7167229,-0.71969527,-0.723956,-0.7303968,-0.7354978,-0.74040306,-0.74697846,-0.7520137,-0.75889117,-0.7611192,-0.76770467,-0.77227545,-0.7772254,-0.7823329,-0.7894429,-0.79472893,-0.79631364,-0.79718494,-0.7981453,-0.8013085,-0.8071154,-0.81447613,-0.8220749,-0.82510215,-0.8259177,-0.82701427,-0.83227843,-0.8329015,-0.83713067,-0.8412177,-0.84115535
9,1.0911962,1.0799487,1.0693517,1.0591304,1.0519404,1.0418186,1.0343877,1.026312,1.0176812,1.0125144,1.0022346,0.99548185,0.9861895,0.98034894,0.9750185,0.9635779,0.9551034,0.9416855,0.93501365,0.925817,0.9221983,0.9173336,0.90955293,0.9042118,0.8984367,0.8907264,0.88507473,0.87901485,0.86993724,0.86101806,0.85651386,0.8511381,0.84632856,0.84044725,0.83331525,0.8262955,0.82105064,0.81265515,0.8070303,0.80082816,0.7958798,0.7870775,0.78077626,0.77300817,0.76631844,0.7617794,0.7585067,0.7554434,0.74873126,0.7396914,0.7301829,0.7247544,0.7167134,0.7100554,0.7024554,0.6948989,0.6865014,0.6810851,0.6752711,0.6685315,0.6633091,0.6577836,0.64992213,0.64422894,0.63427037,0.6262487,0.621238,0.6132065,0.6108326,0.60318816,0.59441364,0.5843352,0.5760718,0.56805634,0.56217706,0.55479485,0.54803205,0.5421405,0.5334213,0.5267642,0.51889,0.508762,0.50201607,0.49654698,0.48932558,0.48583287,0.47793669,0.47585192,0.46711975,0.459651,0.4512404,0.44467944,0.43725133,0.43277946,0.42190367,0.41590232,0.40736383,0.4013652,0.39456564,0.38748378,0.37998116,0.37039676,0.36454624,0.35641077,0.3486198,0.34578758,0.3392002,0.33190614,0.32261434,0.31594434,0.30830842,0.30171326,0.29587713,0.28638834,0.28185928,0.27172855,0.26502723,0.25844073,0.25385225,0.24012867
10,-0.54815143,-0.5578764,-0.5675196,-0.57477146,-0.58277327,-0.5943535,-0.6039046,-0.6103245,-0.61986023,-0.6221151,-0.6217488,-0.6271616,-0.63217056,-0.6372383,-0.64645135,-0.65435183,-0.66137946,-0.6690701,-0.6722031,-0.679062,-0.684003,-0.6906451,-0.69720584,-0.69946223,-0.7060531,-0.71216834,-0.7159779,-0.7234854,-0.7252891,-0.73127776,-0.7333442,-0.73832524,-0.7470573,-0.7527463,-0.7586874,-0.7652389,-0.76824,-0.7747778,-0.782411,-0.7871171,-0.7914619,-0.80022085,-0.80594933,-0.8124549,-0.81736565,-0.8194625,-0.8251234,-0.83038586,-0.8387148,-0.84425354,-0.8490912,-0.8548133,-0.86027586,-0.860335,-0.86796016,-0.8716407,-0.8786267,-0.88640994,-0.89120007,-0.8978405,-0.90332806,-0.90710175,-0.9123529,-0.9185686,-0.9269835,-0.9297085,-0.9380249,-0.94363594,-0.9464008,-0.95209694,-0.956005,-0.9624335,-0.9658187,-0.97361165,-0.9766711,-0.97928363,-0.98711216,-0.9910754,-0.99460936,-0.9970881,-1.0046284,-1.0074264,-1.0135461,-1.0181565,-1.0203168,-1.0229832,-1.0294787,-1.0333827,-1.041189,-1.0489831,-1.0520201,-1.057627,-1.0663083,-1.0654576,-1.0707778,-1.0745994,-1.0800749,-1.0858204,-1.0883372,-1.0922943,-1.0974593,-1.1031802,-1.1052401,-1.1107142,-1.1111745,-1.1075561,-1.1113183,-1.1136814,-1.1206362,-1.1227297,-1.119129,-1.1250004,-1.1281435,-1.1319857,-1.1353357,-1.1370747,-1.1377946,-1.1404543,-1.1468519,-1.1456695
11,1.1512988,1.1446979,1.1342533,1.1219227,1.1107686,1.1010613,1.0932801,1.0777117,1.0647538,1.0547682,1.0402544,1.031972,1.0269775,1.0138012,1.002538,0.99130994,0.9814538,0.9683567,0.95677745,0.947492,0.9352738,0.92460364,0.9121801,0.903296,0.8882912,0.87605333,0.8675291,0.8560165,0.84767616,0.835546,0.8193792,0.8097342,0.8014892,0.7927485,0.7830072,0.77203643,0.76052076,0.7498336,0.74249554,0.73306334,0.7210914,0.7088829,0.69646937,0.6875361,0.6738839,0.6628654,0.65402824,0.64615476,0.6367575,0.628307,0.61751014,0.6087349,0.5949604,0.58329034,0.5695075,0.55846596,0.54651004,0.5375417,0.5254135,0.5170279,0.5041283,0.49627504,0.48368016,0.4710226,0.46157146,0.44791847,0.43747348,0.43086356,0.42067695,0.40679258,0.39655617,0.38416284,0.3734768,0.3630405,0.35183203,0.3377565,0.32905185,0.3161661,0.30286005,0.29014128,0.27945742,0.2691137,0.25998694,0.25278023,0.24465713,0.23045015,0.2208739,0.21328321,0.20189667,0.1903924,0.17980629,0.16582184,0.15144391,0.14233097,0.13331567,0.11881746,0.11015983,0.09670978,0.082848564,0.06981178,0.058307737,0.043961577,0.02916108,0.018612945,0.008953568,0.0019124321,-0.010672127,-0.023076411,-0.03372877,-0.046859223,-0.062266618,-0.07576596,-0.093171194,-0.10566932,-0.11707214,-0.13066998,-0.13957386,-0.14852342,-0.15939097,-0.17301956
12,1.9532411,1.947336,1.943299,1.9393631,1.9297333,1.9276174,1.9258054,1.9157698,1.9100221,1.9053755,1.8963735,1.8914407,1.8892998,1.8824097,1.8791068,1.8825096,1.8789558,1.8732955,1.867378,1.8607991,1.8579029,1.8551985,1.8556677,1.8533239,1.8479532,1.8471906,1.8466889,1.8402965,1.8369453,1.8339975,1.8263578,1.8280367,1.8242537,1.820504,1.8197212,1.8181026,1.8113062,1.809088,1.8121303,1.8076693,1.8059323,1.8037951,1.8023691,1.8034298,1.8051422,1.8031814,1.7982848,1.7948469,1.794276,1.7924305,1.7898422,1.78843,1.7830509,1.7784353,1.7749884,1.7731165,1.7728627,1.7740831,1.7742523,1.7714612,1.7692842,1.7664702,1.764859,1.7609961,1.7590601,1.7567209,1.7566507,1.7521317,1.7496119,1.7488234,1.7469223,1.7445765,1.742955,1.7396038,1.7364594,1.7326641,1.7319521,1.7297447,1.7292734,1.7262958,1.7295647,1.727808,1.729284,1.7259271,1.7259502,1.7241999,1.7274929,1.7287899,1.7278124,1.7266792,1.7272749,1.7256825,1.7224052,1.7275072,1.7290376,1.7326924,1.7333168,1.7291276,1.7199478,1.717548,1.7155058,1.7108066,1.7098433,1.7122123,1.7108047,1.7138729,1.7158997,1.716449,1.7170229,1.7122936,1.7058007,1.7075002,1.6968203,1.69417,1.6942024,1.6838872,1.6862676,1.6870447,1.6886717,1.6921078
13,-0.007485737,-0.015042154,-0.022352513,-0.029235471,-0.03118391,-0.039808847,-0.047508128,-0.05535853,-0.05400992,-0.05795582,-0.06682814,-0.070980996,-0.07467227,-0.0802979,-0.08727552,-0.094857834,-0.09977023,-0.10358025,-0.1085996,-0.111403845,-0.11754517,-0.12150564,-0.12743704,-0.13194045,-0.1365865,-0.14144535,-0.14384262,-0.1474105,-0.14751215,-0.14977592,-0.15307233,-0.15335694,-0.15837285,-0.16207883,-0.16437222,-0.16627559,-0.17027916,-0.17183009,-0.17459276,-0.17875502,-0.18083283,-0.18203378,-0.18282062,-0.18509638,-0.19061315,-0.19127503,-0.19263765,-0.18929532,-0.19430211,-0.19286448,-0.1951356,-0.19737655,-0.19417438,-0.19128343,-0.19286919,-0.19559023,-0.19745359,-0.19546878,-0.2012218,-0.20445368,-0.20600283,-0.20734099,-0.21186654,-0.21342155,-0.21089602,-0.21223827,-0.21318333,-0.2149328,-0.21463092,-0.2165811,-0.21216479,-0.2102603,-0.20579025,-0.20514889,-0.20569453,-0.20715792,-0.20710225,-0.20729148,-0.20518275,-0.20574534,-0.20475778,-0.20777865,-0.20511074,-0.20519094,-0.20485239,-0.20388861,-0.20265432,-0.20087142,-0.19771942,-0.19456531,-0.19193809,-0.19415765,-0.1962775,-0.1960267,-0.1961631,-0.19419184,-0.19421235,-0.19279031,-0.19107392,-0.18846543,-0.18150637,-0.17689636,-0.1744528,-0.1745058,-0.17399393,-0.16916338,-0.16529718,-0.1630961,-0.15824476,-0.15031864,-0.15039842,-0.1468142,-0.14055136,-0.13219751,-0.1301704,-0.12591578,-0.12181611,-0.117610835,-0.110874996,-0.10336344
14,0.60364527,0.5954875,0.58874464,0.58136255,0.57401407,0.56697524,0.56205815,0.5518168,0.54234725,0.5364607,0.52791375,0.5210468,0.5193957,0.5136224,0.50927037,0.50490034,0.4971512,0.49534568,0.4883409,0.48635775,0.4809606,0.4801162,0.47580534,0.47230545,0.46821818,0.46282905,0.46143684,0.4555029,0.45383447,0.45183167,0.45105997,0.44954053,0.44621667,0.44171816,0.43966722,0.43893814,0.4373362,0.43937892,0.43573236,0.43202534,0.4295475,0.42587107,0.42257088,0.41878167,0.4146412,0.41153878,0.4083422,0.406847,0.4031461,0.4043122,0.40137482,0.40107846,0.40088305,0.3974919,0.39526814,0.3924399,0.39240056,0.39306545,0.39273,0.39347363,0.39277846,0.392739,0.39083928,0.3875761,0.38301528,0.38222742,0.38351947,0.38680857,0.3882743,0.38803348,0.38818994,0.38593218,0.38573664,0.3841705,0.38518065,0.37852067,0.37686467,0.3750784,0.37771097,0.37855417,0.37871847,0.38040602,0.3835612,0.38547903,0.3883553,0.38841984,0.39152303,0.39197525,0.38890904,0.38777113,0.3901514,0.38951963,0.39077765,0.3880814,0.38740444,0.38757142,0.38873357,0.38848346,0.38906264,0.3907362,0.3922762,0.39690453,0.3930737,0.39354086,0.39163527,0.39431947,0.39580426,0.39984438,0.403109,0.40354195,0.4055624,0.40439644,0.40773544,0.40661764,0.40499434,0.40336332,0.4077279,0.40857324,0.40963727,0.40875095
15,2.0023637,2.0202577,2.0412338,2.060032,2.0779428,2.0931792,2.1177518,2.139209,2.1554017,2.169491,2.182815,2.2015731,2.2152958,2.232005,2.2500172,2.2689629,2.290597,2.3080204,2.326994,2.347777,2.3726082,2.3926668,2.411203,2.4270484,2.4463117,2.4698217,2.488559,2.5060153,2.5268407,2.5475457,2.5620995,2.5809178,2.6044683,2.6263757,2.6498427,2.6709948,2.6925688,2.712056,2.737203,2.7545278,2.776811,2.7968984,2.8167415,2.8387344,2.8615177,2.8850343,2.902553,2.9198203,2.9390564,2.960538,2.983029,3.0047848,3.01866,3.037701,3.0609758,3.0832813,3.1024864,3.129008,3.1523006,3.174775,3.1983387,3.2163548,3.2392259,3.2678673,3.293281,3.3087864,3.3372903,3.355147,3.3796787,3.3981965,3.4163272,3.4405892,3.4605942,3.4856403,3.5038815,3.5218709,3.5472755,3.5665405,3.5886803,3.6044326,3.6290634,3.648489,3.6690114,3.6921754,3.713147,3.733493,3.7601159,3.7815444,3.8003876,3.817847,3.8338726,3.853064,3.8725197,3.8908381,3.9177995,3.941958,3.9659817,3.9857903,4.0005646,4.0201187,4.044743,4.0663586,4.087028,4.1113625,4.1303186,4.155065,4.1786547,4.203758,4.2189794,4.241279,4.2598443,4.2837753,4.297605,4.3111634,4.332178,4.3533278,4.374182,4.3948474,4.4166517,4.437076
16,2.2253323,2.22985,2.2395246,2.2482016,2.25158,2.2559657,2.2653642,2.272648,2.2787843,2.2876706,2.2907948,2.3010643,2.3084395,2.3106186,2.3192549,2.3257735,2.3381534,2.3507288,2.3572435,2.3626428,2.3749833,2.386696,2.3985174,2.4094453,2.4213037,2.4309943,2.4417167,2.452129,2.4608674,2.4718635,2.4752564,2.4822614,2.4939926,2.5019903,2.5131574,2.521872,2.530862,2.546821,2.5589051,2.566916,2.5769594,2.5872488,2.5962796,2.6067448,2.613468,2.6243854,2.6351228,2.6409535,2.6492133,2.6573956,2.665865,2.677111,2.6818786,2.6903968,2.7021174,2.712307,2.7232165,2.7354004,2.7469726,2.7584507,2.7682996,2.775702,2.7848814,2.7983773,2.808454,2.812964,2.8268223,2.8332162,2.8438928,2.8527758,2.855339,2.865738,2.8729396,2.8840127,2.8903859,2.8999274,2.9146762,2.922704,2.9286592,2.930336,2.9439106,2.9538255,2.9602633,2.9682474,2.975882,2.9851608,2.9975905,3.008497,3.0166643,3.0209906,3.0250487,3.0272322,3.0350063,3.0398917,3.0481553,3.0591133,3.0669,3.0722575,3.0816274,3.0912273,3.0958085,3.0965943,3.100092,3.106434,3.110178,3.114275,3.1199784,3.1266065,3.1287398,3.1346393,3.1342914,3.137168,3.134063,3.1365266,3.1393712,3.143354,3.1465175,3.153708,3.1620553,3.1643052
17,1.0010265,1.0055006,1.0118402,1.0187106,1.0179554,1.0255744,1.0355301,1.0389307,1.0439384,1.0479676,1.0474582,1.0495204,1.054032,1.0577524,1.0644499,1.0711582,1.0775257,1.0812927,1.084998,1.0903351,1.0967742,1.104141,1.1093267,1.1156697,1.1224487,1.1286628,1.1380417,1.1430105,1.1508783,1.1578017,1.165156,1.1694098,1.1749871,1.1810417,1.1862319,1.1922408,1.1946465,1.2018561,1.206652,1.2124747,1.2201242,1.2218059,1.229196,1.2343608,1.2394447,1.2457317,1.250056,1.2536806,1.2589347,1.2668059,1.270677,1.2773231,1.2842999,1.2879013,1.2939447,1.298975,1.3041128,1.3092101,1.3152732,1.3212187,1.327169,1.331252,1.3373858,1.3424069,1.3476558,1.3527392,1.3586195,1.3590095,1.3631004,1.368448,1.37441,1.3793937,1.3834074,1.3886566,1.3910199,1.40026,1.408098,1.4160556,1.4210974,1.4278619,1.4369725,1.4425266,1.4494402,1.4524335,1.4589698,1.4628643,1.4681807,1.4708431,1.4734553,1.4778788,1.4792323,1.4819449,1.4868034,1.4859459,1.4924419,1.497825,1.501179,1.5079682,1.5091276,1.5127538,1.5134791,1.5150017,1.5141499,1.517329,1.5215955,1.5287204,1.5332057,1.5370978,1.5395349,1.5426,1.5395765,1.542795,1.5419893,1.5411671,1.543872,1.5472913,1.5505073,1.5538456,1.557947,1.5553411
18,2.1152415,2.1112053,2.111854,2.1136065,2.1116958,2.1127808,2.1184561,2.1201205,2.116768,2.1145172,2.1102037,2.110352,2.1094053,2.1148477,2.114299,2.1156726,2.1184678,2.1153793,2.116325,2.115542,2.118971,2.1241508,2.12941,2.1286826,2.133082,2.135973,2.1395438,2.1347213,2.1336865,2.137846,2.1371486,2.1353116,2.1376772,2.1415863,2.1465206,2.149189,2.1496186,2.1492312,2.1506844,2.1486354,2.1509228,2.1535592,2.1545086,2.1559348,2.1588874,2.1655493,2.1672742,2.1716607,2.176873,2.1790833,2.175358,2.1773038,2.1782365,2.18127,2.1871667,2.190681,2.1914196,2.1953614,2.2020695,2.207079,2.209271,2.209556,2.2094226,2.217182,2.216608,2.2141488,2.218416,2.2157822,2.2157645,2.2167296,2.2161157,2.2143805,2.213616,2.2134528,2.2124557,2.2121263,2.216107,2.221443,2.2244315,2.2211242,2.223089,2.2216258,2.219153,2.2228336,2.2262447,2.2298243,2.2340543,2.2396324,2.2391353,2.2339275,2.2331805,2.2341821,2.2300014,2.2302346,2.2326806,2.2375283,2.2427545,2.2445953,2.2463791,2.2468934,2.2429075,2.244905,2.243566,2.2450519,2.2443337,2.2478185,2.2489498,2.2489586,2.2470756,2.2467866,2.24042,2.241136,2.2382054,2.2383902,2.2314734,2.2291398,2.2274742,2.2262602,2.2273037,2.2255712
19,-0.70168644,-0.70408803,-0.7085745,-0.7121308,-0.7130555,-0.719489,-0.725397,-0.7296809,-0.73098296,-0.73310286,-0.738505,-0.7424301,-0.7420421,-0.74773055,-0.75260305,-0.7569214,-0.7617593,-0.7629544,-0.7682755,-0.7734493,-0.7766657,-0.78069276,-0.7863802,-0.7905569,-0.79362535,-0.79828274,-0.8013464,-0.805151,-0.80767834,-0.8114227,-0.81606495,-0.81793964,-0.82032096,-0.82279205,-0.8249353,-0.828524,-0.8322052,-0.83486605,-0.83687115,-0.8393707,-0.8410719,-0.8466733,-0.8527724,-0.8563161,-0.85725385,-0.85816944,-0.8574122,-0.8592599,-0.8629988,-0.8648977,-0.86641514,-0.8693286,-0.87070715,-0.8721762,-0.87483466,-0.8745165,-0.87279415,-0.8757616,-0.87637806,-0.8770269,-0.8773214,-0.87971485,-0.88015527,-0.8816432,-0.88294065,-0.8790986,-0.87984324,-0.8772942,-0.8772872,-0.87610495,-0.8728573,-0.87335074,-0.87264204,-0.8707444,-0.87017536,-0.86888105,-0.8704243,-0.8709319,-0.8668969,-0.8620008,-0.8597555,-0.85712415,-0.85597736,-0.8530429,-0.8520134,-0.8501798,-0.85128915,-0.8501918,-0.8493635,-0.8491042,-0.8463561,-0.84641314,-0.84725296,-0.84268665,-0.84316766,-0.8416077,-0.84013397,-0.8406337,-0.8354295,-0.8309992,-0.8321414,-0.8296955,-0.8266665,-0.82714593,-0.8247016,-0.82137597,-0.8165951,-0.81128806,-0.8068611,-0.80558985,-0.80357265,-0.8030387,-0.80016005,-0.7937372,-0.795118,-0.79194355,-0.78115195,-0.7755422,-0.7733144,-0.76549757
20,0.91464794,0.9037584,0.89646643,0.8880478,0.88131255,0.8728343,0.86260927,0.8546139,0.85022146,0.8453983,0.83276194,0.8278605,0.8182575,0.8075968,0.8019082,0.7967099,0.789833,0.78315413,0.78028256,0.7775573,0.7716202,0.76944363,0.7650014,0.7590632,0.75626266,0.75386375,0.74883103,0.74039567,0.7375932,0.7357737,0.73247683,0.7277565,0.724456,0.72038376,0.71788186,0.71243834,0.70379597,0.7004706,0.69941837,0.6970799,0.69621944,0.69105136,0.6868738,0.68348396,0.68032336,0.67494595,0.6719731,0.6689054,0.6642827,0.65966624,0.65366554,0.6516169,0.6456668,0.64123774,0.6373192,0.6373161,0.63733506,0.6373831,0.63781255,0.63795644,0.63748515,0.63187456,0.6290795,0.62822396,0.6241149,0.62401325,0.62324846,0.6182216,0.6195017,0.61935294,0.6177374,0.6139704,0.6147838,0.61280596,0.6113933,0.6083253,0.607071,0.6071656,0.60928327,0.6094552,0.6081416,0.60421556,0.60410845,0.6042751,0.6038643,0.6037088,0.60308594,0.6007428,0.60038805,0.60065866,0.597946,0.59521234,0.5973786,0.5950357,0.5945717,0.59256136,0.5915979,0.5955288,0.5901425,0.5840967,0.58584726,0.5845286,0.5857452,0.5866491,0.5824321,0.5830397,0.5833511,0.58458817,0.58083165,0.57845044,0.58216536,0.5769209,0.58194345,0.5816473,0.5818112,0.5811036,0.5841465,0.5853618,0.5844492,0.5858533
21,0.773787,0.7613289,0.7536139,0.74481434,0.73639023,0.7275803,0.7218687,0.7220915,0.71620935,0.70421934,0.69257694,0.68556625,0.67495835,0.6657985,0.65735465,0.6542305,0.6511744,0.64116436,0.63634574,0.6326024,0.6273128,0.626605,0.6205051,0.61623454,0.6150752,0.6111605,0.60760796,0.6026762,0.6026478,0.60013837,0.5945648,0.58993804,0.58557916,0.58002865,0.57743436,0.5746294,0.56808794,0.5655769,0.56513083,0.563089,0.56164485,0.5593777,0.55662966,0.5534362,0.5508841,0.5499146,0.54893255,0.5438437,0.54089016,0.5374145,0.5339874,0.5299751,0.52162707,0.51847124,0.5183612,0.51410425,0.5126182,0.5107994,0.50932926,0.50830156,0.5040652,0.50372916,0.50235313,0.5017649,0.49684754,0.49421445,0.49630898,0.49496675,0.4929545,0.48940206,0.48785868,0.48142567,0.4806293,0.47751814,0.47135544,0.47290564,0.47126037,0.46968928,0.46736592,0.46405625,0.46325675,0.46226746,0.46217793,0.46224785,0.4613173,0.46232152,0.46340936,0.4660739,0.4636833,0.46209437,0.46121854,0.4576649,0.4588849,0.45688042,0.45362836,0.4539829,0.45348635,0.45250136,0.45132914,0.4465107,0.44739446,0.4418725,0.4372921,0.43415722,0.42974538,0.43055806,0.42733794,0.42978224,0.43004584,0.4304018,0.42736086,0.42330146,0.41884965,0.42064252,0.41946667,0.41969258,0.42180452,0.41981974,0.4198327,0.42039862
22,1.4345256,1.4131467,1.3937874,1.3750392,1.353834,1.3380572,1.3220742,1.3046434,1.2852923,1.2704359,1.2529294,1.2375498,1.2210038,1.2070246,1.1903839,1.1814371,1.1650317,1.1466098,1.1324018,1.1194292,1.1047438,1.094475,1.0830958,1.0679815,1.0572393,1.0484302,1.0368708,1.0177437,1.0115287,0.99741125,0.9856265,0.9747074,0.96121275,0.9478024,0.9365587,0.92345,0.911137,0.8965238,0.8859005,0.8735449,0.86316603,0.85146964,0.8392496,0.82882184,0.8166296,0.8083874,0.79753315,0.7892285,0.7807436,0.7718632,0.7604834,0.75165737,0.7361518,0.72668874,0.7181214,0.7081447,0.70216185,0.69270897,0.6861272,0.677435,0.6660358,0.65481627,0.64675254,0.6345985,0.62421,0.61395174,0.60510266,0.59594357,0.58349836,0.5745286,0.56367147,0.55438817,0.5458919,0.5383252,0.52675736,0.5163496,0.50711787,0.50063586,0.49526143,0.49227047,0.4850749,0.47666264,0.46735963,0.4604053,0.45635828,0.44221124,0.4371492,0.43081456,0.42471424,0.41899937,0.4150304,0.40750176,0.39976948,0.39473206,0.38778248,0.37780768,0.3710925,0.367207,0.3600281,0.34774283,0.34024993,0.33381757,0.32974535,0.3195897,0.31624365,0.31414658,0.3095582,0.30286017,0.29800934,0.29351872,0.2877156,0.28215104,0.27517113,0.27020895,0.26711372,0.26212478,0.25842446,0.25544652,0.25189298,0.24095228
23,0.6497535,0.6439505,0.63330233,0.623435,0.6108451,0.59848946,0.59042037,0.5784965,0.57011616,0.55935174,0.54654676,0.5363716,0.5280367,0.52070683,0.51574534,0.5104284,0.50387627,0.49348703,0.48653215,0.47599778,0.4690585,0.46526104,0.4577032,0.44851178,0.44049674,0.43504494,0.43066984,0.42045292,0.41313878,0.40561375,0.39815086,0.39114803,0.38127327,0.37356913,0.36468613,0.3587562,0.35409814,0.3507877,0.343466,0.33747488,0.33195832,0.32506967,0.31562346,0.31187725,0.3091908,0.30204463,0.2954374,0.2916394,0.2861092,0.28244334,0.2780905,0.2742821,0.27338338,0.27076656,0.26575625,0.26049858,0.25702015,0.25019604,0.24555913,0.24116535,0.23688321,0.23299317,0.22923931,0.22500119,0.21984987,0.21829,0.21390459,0.20615363,0.20505008,0.1995403,0.19503672,0.19326767,0.1908606,0.18371487,0.18131132,0.17801258,0.17685959,0.17373538,0.16912869,0.16832769,0.16141638,0.159728,0.15683305,0.1525499,0.15372863,0.14956693,0.1477774,0.144757,0.14034033,0.13426608,0.13252386,0.12997155,0.12546764,0.12593623,0.12331353,0.12269255,0.12004006,0.11687271,0.1162606,0.11449132,0.11367267,0.109756745,0.10922623,0.10749765,0.10529338,0.10356587,0.103982806,0.10568658,0.10396205,0.1034814,0.09790921,0.09822873,0.09809101,0.09679906,0.09081016,0.08847757,0.0917507,0.091666564,0.092290856,0.09535924
24,2.0399623,2.022412,2.0021138,1.9840972,1.9663051,1.9461205,1.9299917,1.9109621,1.8940376,1.8778368,1.8568703,1.84537,1.8324881,1.81814,1.8060706,1.791599,1.7776127,1.7627236,1.7482058,1.7347167,1.7246733,1.7164809,1.7048664,1.6909088,1.6788664,1.6703888,1.6629795,1.6441166,1.6303809,1.6198714,1.6080458,1.6007516,1.5936345,1.5813737,1.5711205,1.5633245,1.5514809,1.5400381,1.5315869,1.5232136,1.5148493,1.5052015,1.4961383,1.487572,1.4785931,1.4692911,1.4592534,1.4502895,1.4418294,1.4319699,1.4232484,1.4145,1.4023132,1.3919111,1.384266,1.3785212,1.3690665,1.3617857,1.3558517,1.3488115,1.3417425,1.3353016,1.3284667,1.3224382,1.3176627,1.3064137,1.3013542,1.2935512,1.2844505,1.2758352,1.2672331,1.2589973,1.2519006,1.2477454,1.2415037,1.2329439,1.2270672,1.2229044,1.2180064,1.2119033,1.2027432,1.1970685,1.1968458,1.1905801,1.1851742,1.1799976,1.1767592,1.1732134,1.1669495,1.1596249,1.1525857,1.1499392,1.143343,1.1422201,1.1386813,1.1325097,1.129956,1.1227955,1.1116927,1.1063334,1.1037728,1.0973848,1.0886056,1.0813007,1.0756204,1.0749965,1.0739472,1.065502,1.0604041,1.0522048,1.0446817,1.0431192,1.0381801,1.0354769,1.0281937,1.0245969,1.0215003,1.018803,1.0162032,1.0082413
25,2.5056324,2.4834938,2.4676075,2.4512691,2.4264786,2.4067273,2.3902266,2.3748014,2.360107,2.3457537,2.3188946,2.3047175,2.2874522,2.2693381,2.2599926,2.2480302,2.236884,2.2217786,2.2073905,2.198355,2.1888623,2.1818337,2.1692357,2.1569695,2.149362,2.1395621,2.1310132,2.116532,2.1075475,2.1008182,2.0879483,2.0782223,2.0705786,2.0587757,2.0483365,2.0348492,2.022723,2.016704,2.0093434,1.9986589,1.9915336,1.9811821,1.970487,1.9618517,1.9526522,1.9442585,1.9354274,1.929911,1.9226259,1.9123424,1.8982515,1.8907146,1.8779104,1.8688558,1.8621206,1.8550899,1.8466094,1.840946,1.8337164,1.8238499,1.8162899,1.808883,1.803055,1.7953438,1.7852991,1.7720687,1.7699165,1.7602177,1.7521865,1.7451684,1.740193,1.7322496,1.7202423,1.7134298,1.7020108,1.6926858,1.6890984,1.6825745,1.6728504,1.6618553,1.6565847,1.653079,1.6490936,1.6420084,1.6356027,1.6332592,1.6290413,1.6232204,1.6164668,1.6063576,1.5971928,1.5896742,1.5823781,1.5745804,1.5683992,1.5647017,1.5609871,1.5522127,1.5445083,1.5377855,1.5354294,1.524338,1.520355,1.5143912,1.5065947,1.4995325,1.4952539,1.489497,1.4823562,1.4761813,1.4689038,1.4594811,1.4591762,1.45348,1.441893,1.4337773,1.4320261,1.428318,1.4253082,1.4158634
26,1.9788761,1.9621471,1.9497782,1.9374855,1.926314,1.9122416,1.898262,1.8851646,1.8716732,1.8568891,1.8388932,1.8285717,1.8165432,1.8019384,1.791777,1.7792616,1.7720867,1.7612431,1.7489353,1.7388681,1.7286785,1.7239002,1.7160946,1.7047541,1.6956108,1.6887734,1.680426,1.6657035,1.6579965,1.6507324,1.6415856,1.6323967,1.6247851,1.6144836,1.6078424,1.5977783,1.5894029,1.5856943,1.5774316,1.5665033,1.5590549,1.5511329,1.5424354,1.5350018,1.5241891,1.5147264,1.5059534,1.4975964,1.4924612,1.4843647,1.4782044,1.4711921,1.4621665,1.4519776,1.4434719,1.4354336,1.4293225,1.4248004,1.4163123,1.4087965,1.4031214,1.392384,1.38506,1.3808486,1.371155,1.3644533,1.3583958,1.3500575,1.3436198,1.3367783,1.331651,1.3215532,1.3126003,1.3062005,1.2954929,1.2847551,1.2785367,1.270429,1.2651622,1.2582455,1.2528359,1.243254,1.237123,1.2306181,1.2245271,1.2171371,1.2136343,1.2074506,1.2036349,1.194356,1.187073,1.1762344,1.1659946,1.1589795,1.1519728,1.1429275,1.1360085,1.1307304,1.1195158,1.1120763,1.1080956,1.1032677,1.0985736,1.0901873,1.0826508,1.0780715,1.0776398,1.0749731,1.0730503,1.0670079,1.0533186,1.0437557,1.0380943,1.0304514,1.0220166,1.0130936,1.0089241,1.0033131,1.0000436,0.9938356
27,1.623141,1.6173172,1.6114511,1.609091,1.6036546,1.6008774,1.5992562,1.5960062,1.5891875,1.5875415,1.5798421,1.5778282,1.5706745,1.5655943,1.5602281,1.5594285,1.5544741,1.5527841,1.5489624,1.5462477,1.543551,1.5424528,1.5420597,1.5380749,1.5355422,1.5375109,1.5356472,1.5299962,1.5316572,1.5269125,1.523566,1.5246731,1.5246924,1.5228226,1.5186982,1.512836,1.5122579,1.5090007,1.5068241,1.5045509,1.500993,1.4973193,1.4935489,1.4909853,1.4877101,1.4884187,1.4928683,1.4897299,1.4874425,1.4859124,1.4840381,1.4838874,1.4775431,1.4747037,1.4708111,1.4694939,1.4666793,1.4667443,1.4671115,1.4682089,1.4687958,1.4674166,1.4681172,1.4660442,1.4618284,1.4622848,1.4631221,1.4598738,1.4588172,1.4564025,1.4559427,1.4517063,1.4496115,1.4478378,1.44268,1.4419435,1.4419241,1.4409239,1.43735,1.434108,1.4320655,1.4316009,1.4299247,1.4302089,1.4256638,1.4246104,1.4236109,1.4220707,1.4184861,1.4158123,1.4137433,1.4111807,1.4082633,1.3986642,1.3997688,1.3959862,1.3958737,1.3942692,1.3877332,1.3829526,1.3800392,1.3788307,1.374212,1.3685434,1.3684704,1.3711107,1.3720477,1.3711191,1.3653264,1.3609458,1.3576018,1.3538502,1.3483288,1.3461988,1.3457718,1.3407865,1.3378507,1.3369683,1.3374108,1.3302542
28,2.1969492,2.1778376,2.163987,2.1498005,2.136321,2.1176276,2.1031828,2.0923095,2.078462,2.068103,2.0503857,2.0395288,2.0213513,2.0036023,1.9894968,1.977074,1.965023,1.9501892,1.9387347,1.9276516,1.9161246,1.9063385,1.8970203,1.886832,1.8764849,1.8648949,1.8546026,1.8435266,1.8366458,1.8268028,1.814265,1.8057992,1.7973988,1.7847879,1.7746544,1.7619406,1.7488493,1.7376732,1.7290176,1.7221082,1.7108052,1.6980236,1.6834123,1.6721672,1.6606194,1.652615,1.6403459,1.6300793,1.6217715,1.611935,1.600577,1.5946019,1.5826848,1.5735666,1.5644389,1.5560857,1.5435884,1.5357001,1.5274472,1.518025,1.5093634,1.5003926,1.4911337,1.4797289,1.4705465,1.4566839,1.4503087,1.4388961,1.4307117,1.4203615,1.4120038,1.3984963,1.3838543,1.3701626,1.3584759,1.3485494,1.3408598,1.3325665,1.3215148,1.3097875,1.2975104,1.2890985,1.278754,1.2678311,1.2625692,1.2551197,1.2452662,1.2368524,1.2271886,1.2154237,1.2022681,1.1941135,1.1859488,1.1763387,1.1641711,1.1547737,1.1455982,1.1351722,1.1261854,1.1159979,1.1078103,1.0984108,1.0876496,1.0742806,1.0666227,1.0563791,1.045958,1.0371706,1.0254824,1.0159874,1.0057315,0.99324924,0.9904994,0.98119915,0.9692534,0.95947427,0.95164824,0.94418955,0.9373333,0.92749584
29,1.8894103,1.8794441,1.8765705,1.8690989,1.8592253,1.8554245,1.8497276,1.8421589,1.8331385,1.8286631,1.8161137,1.8096879,1.801274,1.7961912,1.7915754,1.7890723,1.7851553,1.7773554,1.7704699,1.7659433,1.7650406,1.7647877,1.7619616,1.759053,1.7567279,1.7552221,1.7551367,1.7481987,1.7415283,1.738486,1.7361952,1.7322779,1.7331469,1.7281668,1.7242393,1.7195845,1.7157694,1.7151401,1.7138641,1.7100742,1.7054323,1.7013973,1.701288,1.698316,1.6931416,1.6939328,1.6902688,1.6872263,1.6864119,1.6811965,1.6740086,1.6688595,1.6634009,1.6597319,1.6605046,1.6595418,1.6573226,1.6544998,1.653183,1.648447,1.6479018,1.6407801,1.6367086,1.6353155,1.631581,1.6268456,1.6269331,1.6247909,1.6227176,1.619963,1.6153262,1.6168476,1.614654,1.613306,1.6084023,1.6046511,1.6014217,1.5970004,1.5985856,1.591769,1.5914367,1.5902959,1.5870806,1.5835534,1.5799938,1.5772237,1.577587,1.5778496,1.5704094,1.5667062,1.5582713,1.5550368,1.5532271,1.5509279,1.5463569,1.5468282,1.5452287,1.5428445,1.5408413,1.5419636,1.539746,1.5367178,1.5334647,1.5286176,1.5254331,1.5223505,1.5203831,1.5199344,1.5182717,1.5115024,1.5059915,1.5044394,1.5021126,1.4980805,1.494672,1.4943568,1.4928881,1.4937743,1.4929801,1.4845417
30,2.3596454,2.3465726,2.3245876,2.3040817,2.286126,2.2664158,2.253228,2.237823,2.2256188,2.2068295,2.18852,2.1756487,2.1603389,2.143723,2.1299143,2.1203313,2.1012769,2.082149,2.0669975,2.0546057,2.0417712,2.0368834,2.0254993,2.0140243,2.0038593,1.9953458,1.9841999,1.9727821,1.9596872,1.9534712,1.942462,1.9285676,1.9217432,1.9092973,1.89975,1.8884026,1.8767617,1.8684711,1.8582487,1.8491118,1.839476,1.8284342,1.822623,1.8156627,1.8068196,1.7979939,1.7887409,1.7807938,1.7724533,1.7634859,1.7528566,1.7481922,1.7344859,1.727268,1.7238181,1.7176673,1.7110679,1.7071536,1.6946354,1.6879189,1.6820332,1.6737521,1.6656878,1.6543138,1.6494176,1.6360095,1.6304615,1.6228018,1.6126598,1.6056268,1.5962497,1.5860131,1.5794764,1.569927,1.5581394,1.5543464,1.5491567,1.540769,1.5277989,1.516713,1.5077137,1.5039085,1.4964767,1.494057,1.4834096,1.4819219,1.481956,1.4760414,1.469721,1.4612591,1.4602635,1.4518027,1.448248,1.443724,1.4374726,1.4336339,1.4274209,1.4241171,1.4156853,1.4098026,1.4054801,1.3974401,1.3939412,1.3911598,1.3824079,1.3751483,1.3707362,1.3713486,1.3732156,1.3642166,1.3580246,1.3554045,1.3534471,1.3434322,1.3401082,1.3358276,1.3335979,1.3294488,1.3243461,1.3158344
31,-0.3110693,-0.33109754,-0.34375852,-0.3455611,-0.35408604,-0.36116266,-0.36676556,-0.37227386,-0.37809178,-0.381296,-0.3873864,-0.38975316,-0.39488512,-0.39418858,-0.39923614,-0.39964134,-0.40699625,-0.41479835,-0.41908517,-0.41974872,-0.4256855,-0.4274141,-0.43135142,-0.43496424,-0.43879968,-0.44567633,-0.44411007,-0.4435235,-0.44515777,-0.44605732,-0.4486722,-0.45030656,-0.4530447,-0.4550144,-0.4550763,-0.45892748,-0.46122652,-0.46001562,-0.4627572,-0.46646875,-0.46871838,-0.47304115,-0.47576958,-0.4795917,-0.4839387,-0.48570913,-0.48429313,-0.48691517,-0.4896056,-0.49238163,-0.49267483,-0.4950901,-0.49725276,-0.49693066,-0.49460593,-0.49657813,-0.495821,-0.49525708,-0.503767,-0.5020989,-0.49905553,-0.49136367,-0.49112606,-0.4941234,-0.495371,-0.49417573,-0.4957427,-0.4962825,-0.49431247,-0.49398714,-0.49160567,-0.49016222,-0.48554516,-0.49014148,-0.48773822,-0.4847359,-0.4859984,-0.48535824,-0.4823491,-0.4872218,-0.491856,-0.4922673,-0.4891739,-0.4891467,-0.48577166,-0.48184285,-0.47898275,-0.47391373,-0.47508907,-0.47454733,-0.46487147,-0.46034485,-0.45792103,-0.45090637,-0.4466557,-0.44064003,-0.4416886,-0.44152063,-0.44054213,-0.43903333,-0.43455905,-0.4300623,-0.43101564,-0.4259374,-0.42410868,-0.41936383,-0.41136298,-0.4040131,-0.39492866,-0.39157063,-0.38559023,-0.37777367,-0.3754464,-0.37510318,-0.37029988,-0.36404043,-0.35386667,-0.34916908,-0.34509993,-0.33932564
32,1.3959988,1.3959802,1.3975099,1.3956317,1.3897542,1.3863395,1.385341,1.3798695,1.3792393,1.3763343,1.3674996,1.36361,1.3614653,1.3544909,1.3521869,1.3523072,1.3530483,1.3482174,1.3515896,1.3476193,1.3437042,1.3436937,1.3414203,1.3373574,1.3320504,1.3315091,1.3272787,1.3216276,1.321911,1.3202401,1.3196305,1.3167274,1.3144159,1.3110588,1.3084315,1.3042241,1.2951492,1.2951441,1.2970936,1.2921774,1.2930021,1.2891958,1.2850792,1.2832714,1.2815396,1.2809858,1.2768805,1.2716249,1.2712636,1.2726537,1.2690446,1.2673088,1.2686126,1.2643161,1.2620227,1.2602137,1.2546633,1.256086,1.2566408,1.2547531,1.250307,1.2492872,1.2484293,1.2441337,1.2413256,1.237133,1.2369063,1.2353448,1.2337906,1.2324067,1.233354,1.2322165,1.227674,1.2233084,1.2197725,1.2177129,1.2215374,1.220656,1.2198012,1.2198222,1.22115,1.2218573,1.2197542,1.2181957,1.2173427,1.2160736,1.2167692,1.2172048,1.2153286,1.2155201,1.2129285,1.2080972,1.2077837,1.2034304,1.2014776,1.2024845,1.2019575,1.1994059,1.1941042,1.1981013,1.1967545,1.1956136,1.1967307,1.2006555,1.1993988,1.2055504,1.2010516,1.201931,1.2011678,1.2010133,1.2037009,1.2023737,1.1999847,1.1962383,1.1988409,1.1973823,1.2042247,1.2074692,1.2125486,1.214771
33,1.3691375,1.3648337,1.3558978,1.349272,1.3383169,1.3300935,1.3243549,1.3161755,1.3070058,1.2983853,1.2881993,1.2808998,1.2702348,1.2613496,1.2583156,1.254484,1.2476555,1.241883,1.2387208,1.2351086,1.229783,1.2285489,1.2231041,1.2178047,1.2130915,1.2104721,1.2047795,1.1977873,1.1978234,1.1945525,1.1892903,1.1872765,1.1888359,1.1854169,1.1822011,1.1818451,1.1757567,1.1737874,1.173732,1.1718172,1.1732376,1.1683319,1.162977,1.1612499,1.1608932,1.1568872,1.1543165,1.148937,1.1454947,1.1444889,1.1368632,1.1348218,1.1308715,1.1258478,1.1236095,1.1201475,1.1196368,1.1186154,1.1188368,1.1178038,1.1171815,1.1114508,1.1098607,1.106481,1.0998892,1.0989648,1.0991819,1.0973884,1.0943415,1.0933374,1.0949048,1.0889715,1.0881774,1.0862664,1.0858052,1.0822499,1.0829144,1.0813432,1.077539,1.075309,1.0718677,1.0709333,1.0668042,1.0663222,1.0679734,1.0665343,1.066382,1.0654685,1.0628905,1.0603303,1.0590999,1.0613906,1.0615363,1.0623312,1.0639187,1.0633844,1.0587912,1.0595164,1.057924,1.0576491,1.0594791,1.0540143,1.0491351,1.051877,1.0542903,1.0548829,1.0518558,1.0510019,1.0473275,1.047665,1.0428774,1.0393223,1.0386086,1.0322485,1.0321902,1.0317504,1.0348675,1.042058,1.0465218,1.0456431
34,0.48814934,0.4940508,0.49788982,0.49681297,0.4943121,0.49882713,0.49952632,0.49599138,0.49690533,0.49680573,0.49572715,0.49616498,0.49917975,0.5000037,0.49643,0.4941041,0.49712977,0.49580956,0.4975996,0.4983697,0.49414128,0.49558306,0.49686766,0.4976526,0.4950921,0.49491057,0.49165446,0.48951644,0.4875773,0.4885903,0.49005008,0.4893821,0.48888,0.48744994,0.4844005,0.48304743,0.47798043,0.47855043,0.4805135,0.47852644,0.48002037,0.4782338,0.4778431,0.4788348,0.48026666,0.4786842,0.4818353,0.48274016,0.48527917,0.48194188,0.4835433,0.48181415,0.48211008,0.47359785,0.47332853,0.4727362,0.47092772,0.47306365,0.47744074,0.47651672,0.47643155,0.47875124,0.4838728,0.48238334,0.48037776,0.47957945,0.48517722,0.4862136,0.48832196,0.4896446,0.48937568,0.48853445,0.48751926,0.49091792,0.49021426,0.48799872,0.49093002,0.49096388,0.49603176,0.4999999,0.5066117,0.50901955,0.5133921,0.5175732,0.5192596,0.52227724,0.5273911,0.5337149,0.5361124,0.54025745,0.5443277,0.5509833,0.55633235,0.55774194,0.55867016,0.56244344,0.5670153,0.569297,0.57218933,0.57714427,0.5779825,0.57483435,0.57984555,0.58459383,0.5882319,0.59236765,0.59783345,0.6023041,0.6061455,0.6074561,0.61056155,0.6138605,0.6135613,0.6198753,0.6253328,0.6255345,0.62909925,0.636459,0.6427457,0.6504537
35,1.4546912,1.4371762,1.4287136,1.4140451,1.3928182,1.3856059,1.3785754,1.3666954,1.3538628,1.3405609,1.3274533,1.3168099,1.3036301,1.2925925,1.2800739,1.273456,1.2677782,1.2573826,1.2425671,1.2353919,1.2317885,1.2256768,1.2175543,1.2093854,1.2007713,1.1941922,1.1865858,1.1769503,1.171681,1.1649951,1.1556141,1.1488945,1.1433442,1.1337678,1.1277,1.1193995,1.1059375,1.0986388,1.0917001,1.0814329,1.0734165,1.0641379,1.0563282,1.0517119,1.0433798,1.0341841,1.0259315,1.0175357,1.01531,1.0090579,1.0045702,0.9987165,0.99221486,0.98231775,0.9762479,0.96884173,0.9637269,0.9595688,0.9559172,0.9490248,0.9422568,0.9297679,0.9264386,0.91876066,0.9095194,0.9047451,0.89836854,0.8939203,0.8906725,0.8830546,0.87659895,0.87116516,0.86482555,0.85640705,0.850269,0.8424409,0.8347147,0.8272811,0.8215457,0.81554,0.80746734,0.8028046,0.8005679,0.79344225,0.79311997,0.79221773,0.78832495,0.7829281,0.77529293,0.77072805,0.7674569,0.7636622,0.7605539,0.7535713,0.7500988,0.745386,0.74381256,0.7369908,0.7303654,0.7255739,0.7186252,0.7128737,0.70818645,0.7080468,0.702846,0.7015072,0.6986491,0.69401133,0.69195783,0.6824217,0.6767982,0.6685718,0.6637235,0.66432184,0.66250306,0.6536407,0.65577346,0.65335494,0.65057075,0.64679456
36,2.2091484,2.2131352,2.2172093,2.2173347,2.2111413,2.210265,2.2172246,2.2213452,2.2227318,2.2267165,2.2210712,2.2251058,2.2272868,2.2317946,2.2347786,2.2419677,2.2471793,2.2543118,2.2578602,2.2625754,2.2692726,2.2795334,2.2899432,2.2932572,2.3028626,2.3141997,2.3237844,2.327277,2.3340046,2.3445868,2.352784,2.361837,2.369043,2.3777468,2.3867664,2.390243,2.3905802,2.39775,2.407481,2.419975,2.4286401,2.4401333,2.4489663,2.4589443,2.4681966,2.478422,2.4891639,2.4979663,2.507729,2.5221848,2.534637,2.547914,2.558257,2.5633368,2.5780692,2.5915065,2.6027765,2.618112,2.6321363,2.6466346,2.6606612,2.667665,2.6793349,2.6931255,2.7102928,2.7198422,2.738721,2.7512538,2.7684836,2.7780907,2.7893128,2.8003414,2.812064,2.8248267,2.8381,2.8490338,2.8689885,2.8818488,2.8944392,2.9062788,2.926279,2.9401765,2.9563613,2.9734368,2.9914258,3.0065513,3.029076,3.0454404,3.0618093,3.0777047,3.0936782,3.1103034,3.1242692,3.1347647,3.149585,3.1640077,3.1863036,3.1968787,3.2097588,3.2273247,3.250588,3.263064,3.2805676,3.2983482,3.3115513,3.328136,3.3473313,3.3655548,3.3791466,3.3898277,3.3992577,3.4136481,3.4192276,3.4332905,3.448663,3.4615111,3.479261,3.497106,3.5227814,3.539067
37,0.44169158,0.4343473,0.42271346,0.40683788,0.39706215,0.38689798,0.37622148,0.36354002,0.35531196,0.34013006,0.32866186,0.31606573,0.30748433,0.29389793,0.28373447,0.2760945,0.26933458,0.25939402,0.25202346,0.2395442,0.22912268,0.21833566,0.20756933,0.19642808,0.18218677,0.17155878,0.16126631,0.14729005,0.13581935,0.12364434,0.10904773,0.10115544,0.09635116,0.084413625,0.07236701,0.06393491,0.052443266,0.045138862,0.038479123,0.021905359,0.013370844,0.002516921,-0.009258935,-0.024351228,-0.03628087,-0.050136905,-0.06156398,-0.074815616,-0.08293061,-0.09586968,-0.10928482,-0.12417438,-0.13696572,-0.14790152,-0.15907398,-0.17060454,-0.18413101,-0.19509536,-0.2035619,-0.21557598,-0.22822723,-0.23841643,-0.24751107,-0.26322705,-0.27722088,-0.2913409,-0.30565825,-0.3178003,-0.32931894,-0.34248787,-0.35493833,-0.36842352,-0.38070735,-0.39092106,-0.40440363,-0.41698414,-0.4286212,-0.43917212,-0.4537117,-0.46641988,-0.4826909,-0.49586964,-0.5061322,-0.51911193,-0.53254634,-0.54509175,-0.561638,-0.57525146,-0.59233403,-0.6037458,-0.61763614,-0.63322026,-0.6510248,-0.6619073,-0.6752504,-0.68714464,-0.6993932,-0.7176633,-0.7320167,-0.7405997,-0.7549554,-0.76992404,-0.7840241,-0.7967444,-0.8087001,-0.82198393,-0.83464825,-0.8553629,-0.8707568,-0.8847516,-0.8953557,-0.9096791,-0.9246491,-0.9398257,-0.9557543,-0.97572184,-0.9838732,-0.9964927,-1.0123899,-1.031682
38,0.3909655,0.39664468,0.4016447,0.4009141,0.40327328,0.40971082,0.41495305,0.41854438,0.42639536,0.42903918,0.43586522,0.44541007,0.45153794,0.45199928,0.45596996,0.46208137,0.4683345,0.4685069,0.47312385,0.4791821,0.48334345,0.488454,0.49523076,0.50132334,0.50838816,0.51428354,0.5218206,0.52584344,0.53006375,0.53540677,0.5373907,0.5463035,0.5515567,0.552657,0.55910814,0.5647333,0.56641823,0.57293355,0.5821418,0.5864116,0.59127223,0.59590846,0.6009409,0.6045869,0.6088815,0.6120214,0.6179816,0.6251979,0.6327565,0.6364254,0.6445382,0.65013504,0.6569996,0.6575924,0.6632033,0.66768587,0.67719394,0.68413734,0.69247687,0.6959513,0.7028809,0.70848906,0.7145748,0.7205217,0.722124,0.7293516,0.73731977,0.74237895,0.74803966,0.7501608,0.7568497,0.76451445,0.7667354,0.77690315,0.7778637,0.7813046,0.78880703,0.7973994,0.8026549,0.8081967,0.8145714,0.81850326,0.82654256,0.8346516,0.84073603,0.8444948,0.851577,0.8628334,0.8672249,0.8743143,0.8794893,0.88735163,0.8941852,0.90060914,0.90219766,0.91092175,0.9184972,0.92444146,0.92690265,0.9318183,0.9443018,0.9485871,0.9530465,0.9620427,0.96983606,0.9798442,0.9852462,0.9925171,0.9989896,1.0019907,1.0085595,1.013686,1.0182321,1.0292933,1.0357068,1.0387014,1.0457094,1.0561564,1.0680298,1.0722802
39,2.6442358,2.6341822,2.6169686,2.6054926,2.5869677,2.5686302,2.557397,2.5425098,2.5242085,2.5070474,2.4891953,2.477444,2.4616017,2.4451265,2.4315877,2.4223442,2.4121566,2.3977222,2.3880305,2.3760743,2.3656912,2.3602095,2.3485744,2.338595,2.329063,2.3227363,2.31743,2.304544,2.297418,2.2880473,2.2780888,2.2720857,2.266976,2.2584763,2.2534757,2.2429981,2.2293017,2.221566,2.2145686,2.2065518,2.2035894,2.1904209,2.1822338,2.1732643,2.1657825,2.1567593,2.1503384,2.1405733,2.133899,2.1242113,2.1139016,2.1064796,2.0948653,2.0817003,2.0758805,2.067124,2.0586555,2.0562692,2.0475888,2.042302,2.0356648,2.0233371,2.0152872,2.0091348,2.002378,1.9939721,1.9892905,1.9797032,1.9708325,1.9629762,1.9570808,1.9484284,1.9395189,1.9368511,1.9260848,1.9138441,1.9115818,1.9015331,1.8939593,1.8866097,1.8801867,1.8726032,1.8664919,1.8607476,1.8552189,1.8501856,1.8480117,1.843355,1.8353668,1.8256481,1.819094,1.8126434,1.8061361,1.7979462,1.790396,1.7832654,1.7772636,1.7701629,1.7646555,1.7612875,1.7564008,1.7491922,1.7410367,1.737212,1.7291467,1.7243792,1.7169597,1.7098831,1.702595,1.6923717,1.6798761,1.6697989,1.6625464,1.6551727,1.6495979,1.6426494,1.6396233,1.6359603,1.6315409,1.6223141
40,1.2301506,1.2246938,1.2224948,1.2189604,1.2103548,1.2024122,1.1993215,1.1957176,1.1904761,1.1860874,1.1828275,1.1787021,1.1769996,1.172807,1.1734316,1.1751084,1.1720248,1.1720631,1.1674101,1.1661748,1.1667526,1.1708548,1.1735876,1.1693186,1.1705356,1.1720502,1.175847,1.1784858,1.1815969,1.1806862,1.1849028,1.1890864,1.1911812,1.1949675,1.1966021,1.197876,1.2019056,1.209657,1.212984,1.2124602,1.2150443,1.2131578,1.2118574,1.2153809,1.2188076,1.2224087,1.2210419,1.2198933,1.2215853,1.2240406,1.223626,1.2267497,1.225789,1.2305269,1.2370875,1.2426834,1.2491375,1.2576493,1.2602665,1.2654469,1.267519,1.2711039,1.2707608,1.2763358,1.2786222,1.2811363,1.2870945,1.2869606,1.2906636,1.2929208,1.2960017,1.3010428,1.306722,1.3104923,1.3131099,1.3154885,1.3235797,1.3287451,1.3288605,1.3355191,1.3372242,1.3396037,1.3465226,1.3496485,1.3537623,1.3567513,1.3604991,1.3680952,1.372643,1.375784,1.380749,1.3893373,1.3935622,1.4052346,1.4078134,1.4140469,1.4198692,1.420051,1.4223549,1.4228235,1.4296871,1.4282558,1.4271257,1.4282657,1.4363941,1.4422057,1.4437006,1.4520509,1.4546784,1.4625499,1.4623926,1.4644116,1.4695684,1.4717729,1.4741023,1.4826493,1.4892349,1.4963703,1.5038295,1.5116
41,0.43670577,0.4481457,0.4534084,0.45880586,0.46345893,0.46437663,0.46913427,0.4773479,0.49010792,0.49681443,0.50455356,0.5102474,0.5229685,0.53243554,0.53737855,0.5463687,0.5531357,0.56001806,0.5679589,0.5751182,0.5816387,0.59002095,0.59889114,0.6086376,0.6152994,0.6240127,0.63362443,0.6422036,0.6474818,0.6543671,0.6614582,0.67087793,0.6779502,0.6839095,0.6902917,0.6953963,0.6987213,0.71201116,0.7164029,0.7199519,0.7276181,0.7359999,0.7419345,0.74852633,0.7530707,0.7582306,0.76630497,0.77326727,0.7835244,0.79315096,0.7973658,0.8082463,0.81463635,0.8191579,0.8234045,0.8326316,0.8413898,0.84817153,0.85922927,0.8648666,0.8718934,0.88111115,0.8894664,0.8936275,0.89812183,0.9034065,0.9110317,0.9204837,0.93079615,0.9397675,0.9520469,0.962807,0.9699299,0.9814925,0.99102056,0.9954442,1.0045836,1.0064127,1.0081451,1.0190117,1.026505,1.0349727,1.0417528,1.0498444,1.0594728,1.0620314,1.0706322,1.0813626,1.0839646,1.0972944,1.109852,1.1169355,1.1238592,1.1297041,1.1342216,1.1430757,1.1480054,1.1565548,1.1621591,1.1668656,1.1751182,1.1795886,1.1887056,1.1968019,1.1989702,1.203673,1.2122798,1.2212608,1.2271649,1.2283407,1.2348888,1.2415339,1.2391095,1.2461799,1.2541211,1.2604454,1.267755,1.2752032,1.2833904,1.286891
42,1.5352641,1.51912,1.5018939,1.4882017,1.4712214,1.4558897,1.4421983,1.4276333,1.4132503,1.3996551,1.3776412,1.3585585,1.3449782,1.3337295,1.3202251,1.3097498,1.298198,1.2829802,1.2721392,1.2614923,1.2490861,1.2423313,1.2318399,1.2169667,1.2063679,1.2006353,1.1916449,1.1784213,1.1706128,1.161354,1.1502806,1.1413893,1.1325806,1.1248108,1.1151022,1.1029052,1.0940344,1.0877974,1.082161,1.0738547,1.0693332,1.0608873,1.0491598,1.0414816,1.037101,1.0285584,1.0195781,1.0152128,1.00702,0.9977211,0.9900562,0.9832245,0.9788415,0.97206914,0.9653441,0.96034306,0.95663726,0.9507332,0.94524413,0.94142115,0.9352333,0.93015444,0.9252507,0.9209291,0.91222346,0.9015004,0.8977669,0.8927945,0.8887025,0.8820389,0.87375623,0.8660593,0.8564744,0.84807855,0.84269583,0.8346721,0.8316742,0.8253013,0.8185464,0.8137926,0.81110555,0.80535764,0.79937094,0.7955726,0.78886867,0.7802502,0.77653235,0.77123183,0.76680326,0.7609635,0.7533242,0.7493827,0.7458336,0.7422469,0.7404252,0.7336038,0.7322607,0.72582036,0.7232078,0.71882683,0.7146423,0.7087976,0.70536983,0.7006199,0.6943526,0.69288725,0.69051707,0.68423676,0.68202597,0.67679256,0.6740562,0.6664623,0.6618,0.6598032,0.65860146,0.65778255,0.65308183,0.6487889,0.64814484,0.64700085
43,0.39791897,0.3991839,0.39439675,0.39010912,0.38919276,0.38445154,0.37985644,0.37414557,0.37310967,0.37127334,0.36807346,0.36591986,0.36314756,0.3641437,0.3601484,0.3579551,0.35067952,0.34561592,0.3434934,0.3394239,0.3388899,0.33616742,0.32977033,0.32637757,0.32228583,0.3228492,0.32436547,0.32071579,0.3184694,0.317104,0.31487915,0.31440824,0.31206053,0.31108236,0.3101357,0.30777934,0.30755854,0.30343804,0.3044664,0.30072206,0.29906803,0.2971505,0.29308906,0.29274008,0.29259637,0.28750348,0.28588474,0.28526202,0.2844972,0.2846425,0.28549033,0.28613335,0.28530964,0.28581366,0.28465807,0.2846365,0.2839975,0.28497854,0.28457987,0.28469738,0.28683963,0.2863836,0.28929886,0.2873232,0.287834,0.28930008,0.28981587,0.29286003,0.293387,0.29245213,0.29383075,0.29209763,0.29117623,0.2927568,0.2949752,0.29240268,0.29522043,0.29694024,0.29647356,0.2945498,0.296054,0.29441297,0.2926465,0.2927696,0.29956234,0.30047554,0.2998308,0.3000366,0.30023834,0.3007451,0.30491406,0.30640644,0.30543333,0.3075978,0.31139743,0.31204957,0.3149157,0.31749365,0.32211548,0.32378203,0.32650584,0.3266841,0.32839492,0.3288469,0.33179307,0.3339655,0.33665544,0.3381281,0.33703852,0.33800662,0.333864,0.33319986,0.33723718,0.34647992,0.34972465,0.35073274,0.3551824,0.3588753,0.3594206,0.3607036
44,2.3241868,2.3072848,2.288897,2.2752497,2.2582011,2.2429278,2.2274833,2.2133865,2.1995368,2.1794133,2.1585963,2.1457574,2.133412,2.1157126,2.1037533,2.0972333,2.088829,2.0740285,2.060595,2.0509703,2.041231,2.0360045,2.0270956,2.0133774,2.007806,1.9980946,1.9928057,1.9816843,1.9711355,1.9641565,1.9564918,1.9493349,1.944375,1.9350426,1.9251397,1.9179348,1.9074535,1.9002743,1.8925346,1.8818266,1.8740753,1.865041,1.8574774,1.8507814,1.8423989,1.8364786,1.8309517,1.8266764,1.8202305,1.816955,1.8063991,1.8026091,1.7956171,1.7874727,1.7830708,1.7766743,1.7758306,1.7720497,1.7678868,1.7645905,1.7590103,1.7491529,1.7422374,1.7395664,1.732117,1.7262688,1.7235644,1.7173325,1.7097553,1.7072636,1.699494,1.691762,1.681534,1.6753123,1.6690314,1.6609892,1.6609396,1.6532323,1.6480112,1.6455364,1.6429924,1.6379191,1.6364781,1.635627,1.6360525,1.6294854,1.6291491,1.6279888,1.6234283,1.616164,1.613401,1.6089337,1.6057923,1.6020485,1.5951875,1.5934838,1.5952821,1.5943177,1.5916431,1.5855291,1.5831333,1.5773205,1.5743011,1.5696458,1.5672197,1.5625081,1.5614887,1.5587947,1.5605749,1.5577368,1.5573862,1.5529723,1.5456097,1.5387583,1.5355681,1.5322711,1.5332739,1.533005,1.5353398,1.5304165
45,0.3912103,0.37613302,0.3611494,0.34860772,0.33623904,0.32709,0.31338444,0.29969653,0.2909649,0.28138155,0.26763588,0.2591641,0.24982336,0.2405056,0.23351726,0.2251837,0.21698861,0.21026735,0.20281549,0.1956667,0.18839565,0.18109427,0.17255965,0.15897763,0.15223625,0.14299563,0.13915236,0.13163711,0.12252207,0.1147206,0.10699856,0.10101378,0.0959282,0.08692086,0.079937376,0.07106054,0.06394434,0.056927443,0.052879684,0.045738082,0.044197094,0.035557635,0.027522406,0.018892832,0.010931123,0.0049228906,-0.0006238751,-0.009328591,-0.013984812,-0.02016577,-0.026387641,-0.030050177,-0.03638158,-0.044367813,-0.04878736,-0.054673325,-0.060334988,-0.06319663,-0.06644951,-0.07010674,-0.07342539,-0.07980649,-0.08392927,-0.08844393,-0.089258395,-0.09090752,-0.09466405,-0.100365385,-0.100654244,-0.10700945,-0.11150678,-0.11539586,-0.11753397,-0.11913465,-0.12393341,-0.12552103,-0.1280212,-0.1326727,-0.13376911,-0.1340655,-0.13687554,-0.1396505,-0.1391691,-0.14220156,-0.14104937,-0.14535488,-0.14806983,-0.14690599,-0.14800814,-0.15031712,-0.15461262,-0.15614712,-0.16013221,-0.15802827,-0.16067448,-0.15880407,-0.15885368,-0.15741707,-0.15858704,-0.1568244,-0.15381774,-0.15469566,-0.15074646,-0.15041195,-0.14674851,-0.14353098,-0.14082475,-0.13795333,-0.13545927,-0.13467857,-0.13257524,-0.13458718,-0.13289425,-0.13435103,-0.13373813,-0.12865928,-0.12659192,-0.12517443,-0.12362261,-0.12130667
46,1.8301932,1.8137825,1.8047001,1.7893839,1.7708756,1.7569468,1.7479475,1.739671,1.7278477,1.7182888,1.7037878,1.6954985,1.6866907,1.67855,1.6678444,1.6601562,1.6512159,1.6375347,1.6274055,1.6206077,1.6127117,1.6086566,1.6008747,1.5922838,1.5851414,1.5771892,1.5703013,1.5604358,1.5551666,1.550167,1.5437224,1.5378027,1.5317582,1.5247518,1.515777,1.5102713,1.5018013,1.4964507,1.4909074,1.48449,1.4779756,1.4691646,1.4634467,1.4585533,1.4518229,1.4483001,1.4409176,1.4368608,1.4313895,1.4262235,1.4162719,1.4106473,1.4020836,1.3942136,1.3888882,1.3843925,1.3795586,1.377054,1.3712142,1.3646306,1.3589208,1.3493083,1.3452747,1.338418,1.3326318,1.3256888,1.323345,1.3156041,1.3077872,1.303799,1.3013563,1.2961872,1.2926333,1.2878793,1.2843568,1.2805363,1.2784297,1.2749066,1.2704684,1.2665265,1.2594326,1.2550111,1.2525396,1.2450347,1.2397642,1.234987,1.2338274,1.2297018,1.2225864,1.2170477,1.2084587,1.2040094,1.2002481,1.197416,1.1926177,1.189597,1.1859475,1.1808488,1.1731579,1.1692055,1.1647725,1.1588515,1.1539013,1.1501698,1.1466448,1.1471598,1.1420087,1.1375386,1.1360159,1.1328281,1.129269,1.1236777,1.1173427,1.1112962,1.1083829,1.0997227,1.0981824,1.0938842,1.0941092,1.0939398
47,1.5101287,1.5147157,1.5198781,1.5276434,1.5330029,1.541922,1.548671,1.5590427,1.5684695,1.5752155,1.5805738,1.5911502,1.5988865,1.6069838,1.6165224,1.6260936,1.634565,1.6420237,1.6456198,1.6559134,1.6686054,1.6810926,1.6906573,1.7003027,1.7121662,1.7194363,1.7314122,1.739914,1.7514868,1.7635895,1.77226,1.7827301,1.7930628,1.8015482,1.8088129,1.8167826,1.823068,1.8315512,1.8421425,1.8495016,1.8613167,1.871131,1.87872,1.8916298,1.8980125,1.9053192,1.9123809,1.9216368,1.9295963,1.9381368,1.9483277,1.9592407,1.96632,1.9740766,1.9847596,1.9937418,2.00141,2.0144649,2.0221794,2.0319664,2.0430946,2.0511541,2.0577147,2.0671492,2.074389,2.0860748,2.100085,2.109061,2.1175194,2.126702,2.133117,2.1378598,2.1465192,2.154635,2.1619418,2.1674314,2.1757474,2.1842132,2.1929126,2.1961856,2.2055058,2.2099345,2.2196665,2.227738,2.239449,2.2527928,2.2637029,2.2732787,2.2818089,2.286759,2.2950895,2.3048286,2.3134716,2.3201654,2.3283238,2.3363063,2.3483343,2.3565412,2.3579364,2.3627193,2.3710632,2.378605,2.3810937,2.3856764,2.3939052,2.4045053,2.4128175,2.420901,2.4286356,2.432897,2.4419572,2.4475253,2.4472928,2.449738,2.455793,2.4572337,2.4677145,2.4764426,2.4878607,2.4857955
48,1.9122099,1.8948281,1.8782104,1.8643122,1.8478806,1.8336521,1.8229088,1.8090105,1.7952591,1.781564,1.7581381,1.7483776,1.7311329,1.7181193,1.7101673,1.703564,1.6935974,1.6844943,1.6747719,1.6649761,1.6572794,1.6520298,1.6431717,1.6327658,1.6235666,1.6142862,1.609597,1.5966876,1.589247,1.5813907,1.574309,1.5645356,1.5566171,1.5483253,1.5383424,1.5319523,1.5186036,1.5135739,1.5069056,1.4983132,1.4916506,1.4821341,1.4736505,1.4688206,1.4659886,1.4602964,1.4533604,1.4478681,1.4393442,1.4336096,1.4218608,1.4172044,1.412118,1.4041554,1.3992289,1.3932471,1.3885369,1.3851136,1.3780097,1.3725107,1.367739,1.3552672,1.3472798,1.3423423,1.3340194,1.3278868,1.3237041,1.3155167,1.3107101,1.3036846,1.2972858,1.292134,1.2898622,1.2869456,1.2803148,1.2711067,1.2686594,1.2650197,1.2627395,1.2544905,1.2469761,1.2435354,1.2374079,1.2347872,1.2296307,1.2280385,1.2253275,1.22096,1.2166388,1.2108755,1.20832,1.2044461,1.1996349,1.1925591,1.187727,1.185936,1.1833851,1.1762083,1.1685222,1.16341,1.1610934,1.1557798,1.1490278,1.1444439,1.1346117,1.134316,1.1332022,1.131861,1.1294,1.1245209,1.1186305,1.1172824,1.1112854,1.1131885,1.1102456,1.103518,1.1020776,1.1012847,1.1014217,1.0943726
49,2.1416774,2.1285698,2.1196966,2.1106243,2.1000323,2.085972,2.0778172,2.0686796,2.0553749,2.0430079,2.0281675,2.0189323,2.00897,2.0021136,1.9928185,1.987706,1.9775572,1.9677328,1.9546363,1.9476652,1.9419878,1.9391267,1.9310906,1.9271063,1.9208276,1.9138991,1.9102628,1.9006447,1.8931172,1.8907744,1.8806702,1.8752846,1.8705918,1.8635318,1.8594229,1.8491201,1.8439182,1.8404906,1.8362205,1.8308452,1.8281231,1.8232286,1.8203754,1.8157316,1.8116987,1.8097845,1.808202,1.8068174,1.8032202,1.8003327,1.7908685,1.7868311,1.7815487,1.7771305,1.7765379,1.774785,1.7756087,1.7746723,1.774258,1.7721472,1.7703784,1.7679793,1.7637844,1.7619995,1.7543209,1.746999,1.7472389,1.745565,1.7399775,1.7353321,1.7329028,1.7260278,1.7234491,1.7196295,1.7168,1.7119133,1.7120396,1.7111927,1.7112045,1.7018334,1.7041727,1.7034566,1.7016865,1.6981748,1.7001839,1.6990526,1.7029543,1.7042544,1.7027643,1.7001545,1.7028023,1.7022641,1.7025105,1.7032309,1.7025926,1.7048235,1.7087536,1.7071978,1.7120988,1.7062578,1.7059004,1.7037865,1.7017854,1.7003288,1.6991494,1.7024311,1.7018467,1.7021942,1.7070496,1.7078022,1.7058092,1.7021145,1.6995811,1.7012154,1.6983645,1.701073,1.7049214,1.7078228,1.7117767,1.7130486
50,2.4915006,2.4845777,2.47507,2.467955,2.4632993,2.4561481,2.452016,2.4483743,2.443596,2.4385648,2.431521,2.427012,2.4208226,2.4158032,2.4103467,2.4121814,2.4037232,2.395563,2.3920007,2.3915281,2.3918757,2.3943272,2.392865,2.3865104,2.387444,2.3894327,2.3909698,2.3865573,2.3842258,2.3860853,2.3859816,2.3855882,2.3855367,2.3826246,2.3824632,2.3804526,2.3785832,2.3750622,2.373041,2.3724647,2.372583,2.3723555,2.37201,2.368805,2.3682942,2.3669407,2.3702235,2.3731728,2.3734114,2.3778875,2.3731785,2.376555,2.3765385,2.3723836,2.374911,2.3755155,2.3766859,2.3791783,2.3814235,2.3812225,2.3814895,2.3784122,2.3799367,2.3791687,2.3830178,2.382052,2.3852563,2.384531,2.387834,2.3894134,2.3855526,2.389638,2.3891158,2.391417,2.389283,2.3857934,2.3934233,2.394166,2.39573,2.3955874,2.3991938,2.398431,2.4038734,2.4099503,2.414723,2.413588,2.4207325,2.424235,2.4228473,2.4211905,2.4260929,2.427815,2.4272478,2.432015,2.4327893,2.4362273,2.4418938,2.4476354,2.4449096,2.4431975,2.4509742,2.4514008,2.45482,2.4564052,2.4595113,2.4625983,2.4676802,2.4700081,2.477903,2.4782052,2.4734929,2.4751875,2.4798322,2.4814663,2.4832644,2.4844356,2.4900765,2.4969811,2.5038621,2.4998107
51,1.944638,1.9291182,1.9155426,1.9026382,1.8897583,1.8760735,1.8653132,1.8580662,1.8470606,1.8413641,1.8230574,1.821209,1.8123405,1.8046839,1.7935232,1.7862746,1.780927,1.7686981,1.7604237,1.7560728,1.7504292,1.7495514,1.7439537,1.7362648,1.731658,1.727341,1.7242088,1.7185932,1.7129633,1.708449,1.7047752,1.7010057,1.6982195,1.6921505,1.6877298,1.6795607,1.6682217,1.6643817,1.6594223,1.6555287,1.653376,1.6486927,1.6424882,1.6396897,1.6356382,1.6340307,1.6306108,1.6271839,1.6235473,1.618243,1.6086117,1.6054134,1.5950615,1.5879543,1.5805566,1.5778964,1.5752906,1.5710714,1.5682561,1.5629188,1.5602005,1.5507046,1.548558,1.543048,1.5324957,1.5251576,1.5228628,1.5134846,1.5063728,1.4997199,1.5014191,1.4930123,1.4864447,1.4825889,1.4760879,1.4679149,1.4627329,1.4600265,1.4564288,1.4529126,1.4450316,1.4397706,1.4365804,1.4301177,1.4238355,1.4211994,1.4188787,1.4172431,1.4100974,1.402194,1.3982208,1.3936641,1.3835862,1.3794801,1.3730762,1.3661492,1.3615997,1.3557532,1.3446194,1.3339288,1.328151,1.3233925,1.3166592,1.3100414,1.3039064,1.297581,1.2969424,1.2920675,1.2873002,1.283431,1.2799233,1.2704022,1.2623396,1.2554375,1.2512748,1.2436955,1.2412949,1.2361139,1.230654,1.2199363
52,0.51643664,0.50918585,0.49871105,0.48922014,0.47468725,0.46313396,0.46009913,0.45321316,0.44858423,0.44185537,0.43343425,0.43022442,0.4251636,0.4232697,0.41651624,0.41552725,0.41142964,0.403576,0.39754736,0.39484525,0.39741617,0.39541692,0.38934818,0.38422468,0.38068217,0.37888518,0.37797263,0.37555575,0.3730752,0.37204808,0.36657327,0.3625678,0.36155847,0.36229217,0.3605218,0.3558532,0.3488369,0.34563595,0.34274402,0.33662134,0.33409518,0.32967478,0.32600322,0.32779795,0.32487383,0.3182591,0.31624073,0.31479985,0.31090865,0.31132525,0.31097203,0.30903798,0.30434555,0.2996047,0.29774076,0.294748,0.29278725,0.29021862,0.28665993,0.28522015,0.28564104,0.28169683,0.28014755,0.27775797,0.27695715,0.2781536,0.27859655,0.2771071,0.2743749,0.27051318,0.2692656,0.268247,0.26960853,0.27022356,0.26904187,0.26279715,0.26242664,0.25942186,0.2604374,0.26224095,0.26209784,0.2578756,0.25642398,0.2568076,0.2548687,0.2536023,0.2538531,0.25479132,0.25454372,0.25185162,0.253209,0.251998,0.24833488,0.2520856,0.24814276,0.24945867,0.24810605,0.24672905,0.2451587,0.24448636,0.24507189,0.24377982,0.24576704,0.24286541,0.24361141,0.2388474,0.24287555,0.24380259,0.24618408,0.23984298,0.24310777,0.2420623,0.24082884,0.24133405,0.23777139,0.23453386,0.23601477,0.23788786,0.23885044,0.23906605
53,1.2414961,1.2400868,1.2423087,1.2399821,1.2357152,1.2303181,1.2307398,1.2349186,1.2369092,1.2402275,1.2416615,1.2490165,1.2525513,1.2522695,1.2564272,1.2638316,1.2682228,1.2691,1.2748215,1.2822845,1.2907743,1.2992836,1.3065012,1.3142232,1.3242278,1.3310058,1.3410511,1.3443276,1.3469298,1.356095,1.3593038,1.3698242,1.3752089,1.384141,1.3903426,1.3956925,1.4007732,1.4044148,1.4114368,1.4175297,1.4231721,1.433413,1.4418813,1.4514468,1.4591014,1.4699513,1.4774519,1.4846151,1.4948013,1.5054328,1.5090771,1.5219386,1.5325159,1.5404174,1.5476865,1.5607498,1.5736188,1.585562,1.5967,1.6087528,1.6186676,1.6201382,1.6318758,1.6425244,1.6540966,1.6681929,1.6820033,1.6961412,1.7044694,1.7129819,1.7267822,1.740586,1.7570446,1.7720801,1.7812859,1.7945454,1.8092086,1.8190664,1.8347187,1.8418652,1.861824,1.87638,1.889838,1.9055847,1.9221398,1.9353164,1.9541487,1.9720333,1.9868939,2.0001338,2.015307,2.029513,2.0462937,2.057285,2.0738606,2.0846484,2.099831,2.1139598,2.1241677,2.1326241,2.1563206,2.1684098,2.1853437,2.2008653,2.2152812,2.230418,2.2478127,2.2695901,2.2881546,2.298232,2.3059099,2.3207366,2.3378942,2.3564186,2.3719683,2.3836696,2.4026766,2.4204118,2.443909,2.4559054
54,1.8373816,1.81688,1.7945805,1.7761418,1.7560177,1.733078,1.7158016,1.6958815,1.6766853,1.6542021,1.6327616,1.6159569,1.5976832,1.5798403,1.5578768,1.5442146,1.5298121,1.5104266,1.4917455,1.4776814,1.4624488,1.4490982,1.4287326,1.4121884,1.3967409,1.3824226,1.3669988,1.3478676,1.3327854,1.3179147,1.2989705,1.2888675,1.2792684,1.2624009,1.2457464,1.2319653,1.2129953,1.1979692,1.1817148,1.160947,1.1455824,1.1259929,1.1051649,1.0895914,1.0716625,1.0572413,1.0416244,1.0226266,1.0044581,0.9861969,0.9735762,0.9576933,0.9371859,0.91950387,0.904853,0.88728154,0.8733099,0.8587219,0.84162235,0.82323027,0.80529785,0.7887281,0.7726683,0.75666606,0.73962176,0.72393525,0.70426846,0.6882077,0.6688105,0.65174496,0.6368941,0.61615926,0.5960216,0.58435255,0.56574863,0.5478683,0.5311024,0.5117335,0.4897198,0.47054806,0.4457224,0.42667198,0.40807003,0.39153698,0.3730633,0.3581611,0.33619702,0.31384572,0.28916028,0.26352093,0.24519357,0.22083184,0.1990883,0.17428963,0.15537618,0.13208911,0.11408903,0.09294256,0.076391205,0.06082607,0.036106892,0.010415875,-0.008671252,-0.03105108,-0.05474958,-0.07507551,-0.09220143,-0.12206055,-0.14271446,-0.17006908,-0.19170909,-0.2187278,-0.23827073,-0.25934654,-0.28454036,-0.30733925,-0.32706138,-0.34865993,-0.37626562,-0.40031916
55,0.5002087,0.50597596,0.5143701,0.52754104,0.53644854,0.54785377,0.55756915,0.56606,0.57434154,0.5845175,0.59552217,0.6042736,0.6161845,0.62505037,0.6307721,0.64149284,0.6487148,0.66020536,0.66481334,0.6733139,0.68083525,0.6887664,0.6938609,0.7019254,0.7105586,0.71809727,0.7306918,0.7387809,0.7452823,0.75166035,0.7611943,0.7721039,0.7777541,0.7872189,0.7966025,0.8038906,0.80893785,0.815365,0.82321376,0.8310401,0.8356925,0.84349334,0.8510178,0.8596693,0.86706984,0.87094,0.87968427,0.8861537,0.8941714,0.9017394,0.9163078,0.9271496,0.9343937,0.94035864,0.94902724,0.9577238,0.9712847,0.9819623,0.99139327,1.001589,1.0111564,1.015876,1.0276024,1.035888,1.043576,1.0548875,1.0649797,1.0717721,1.0837222,1.0904363,1.0990356,1.1103833,1.1189463,1.1301376,1.1367825,1.1446806,1.1558131,1.1648152,1.1759315,1.1866752,1.1970357,1.2090023,1.218266,1.2269763,1.2350297,1.2452149,1.2562219,1.2643197,1.2736701,1.2860243,1.2998244,1.312175,1.3220593,1.3319899,1.3433656,1.3542011,1.363613,1.3739088,1.3847618,1.3933411,1.4020872,1.4092932,1.4176114,1.4275459,1.4396181,1.4489297,1.4610204,1.4736367,1.4845289,1.494153,1.5010116,1.5121645,1.5181491,1.5276903,1.5393107,1.5450963,1.5571086,1.5657902,1.5781434,1.5845209
56,0.974228,0.9739741,0.97869813,0.98526514,0.9871044,0.9881177,0.9924423,0.99899805,1.0028228,1.0089715,1.0111215,1.0159804,1.0175564,1.0178146,1.0200164,1.0262668,1.0268108,1.027777,1.0293171,1.0327476,1.0389705,1.0471638,1.0500656,1.0549514,1.0610753,1.0671923,1.0716959,1.0743544,1.0843804,1.0920534,1.100419,1.1053028,1.1105247,1.116194,1.1221792,1.1241355,1.1267961,1.1315346,1.1355195,1.1406354,1.143583,1.147156,1.1499758,1.1565421,1.1587884,1.1608293,1.1658309,1.1716987,1.1801717,1.1835,1.1869432,1.1937208,1.1975889,1.2024286,1.2094238,1.2162539,1.2235637,1.2328115,1.2396938,1.2451999,1.2509876,1.2494211,1.2551637,1.2630517,1.2673597,1.2733202,1.2807822,1.2787247,1.2835604,1.2880372,1.2961667,1.3016945,1.3075243,1.3122121,1.3206995,1.3254694,1.3335469,1.3389806,1.3463613,1.3513793,1.3598323,1.3644385,1.3708031,1.3806341,1.3892783,1.3967686,1.4044386,1.4111772,1.4186293,1.4259199,1.4312519,1.4400332,1.4451226,1.4526441,1.4596901,1.4651202,1.4743177,1.4854407,1.486229,1.4931296,1.4965327,1.5029192,1.5137389,1.5214558,1.5296878,1.5380658,1.5426775,1.5538402,1.5645611,1.5729134,1.5812595,1.5866787,1.5974045,1.603589,1.6078303,1.6138237,1.6233877,1.6324241,1.6424339,1.6429666
57,1.5386945,1.5228003,1.5070028,1.4920912,1.4753509,1.4634111,1.4495164,1.4393768,1.4264073,1.4147772,1.4038041,1.3935196,1.3765852,1.3628855,1.3494189,1.3381124,1.3283029,1.3124807,1.2983131,1.2865168,1.2805141,1.2739226,1.2637585,1.2574652,1.251277,1.2406306,1.2344146,1.2304301,1.2190541,1.2172072,1.2064092,1.1976836,1.1907914,1.1824843,1.1691841,1.1577654,1.1526488,1.1437361,1.1376121,1.1283737,1.1213682,1.1113632,1.1032089,1.0952094,1.088278,1.0815636,1.0747707,1.0678084,1.0619185,1.0527962,1.041517,1.0363351,1.0314419,1.0218272,1.0157416,1.0110742,1.0047064,1.0010792,0.99745065,0.9915989,0.9866996,0.98026925,0.97726744,0.9702986,0.96352786,0.95702285,0.95320636,0.9426982,0.9367424,0.93328506,0.9293982,0.9248266,0.91663915,0.9122907,0.9067569,0.8991442,0.8968876,0.892264,0.886131,0.87868404,0.87437356,0.8692647,0.86320436,0.86015224,0.8563803,0.8523806,0.8496788,0.8504828,0.8436736,0.8412544,0.8409274,0.83783245,0.8340186,0.83344156,0.831865,0.83035725,0.828648,0.8257368,0.8193836,0.8145707,0.81027067,0.80360997,0.8010434,0.7970519,0.7913639,0.79177725,0.78849137,0.78668714,0.7826448,0.7750808,0.7707359,0.7661401,0.7614862,0.7605149,0.7614592,0.75866264,0.7619072,0.760016,0.76173437,0.7524003
58,-1.1255188,-1.1308614,-1.1346827,-1.1382118,-1.1406329,-1.1434495,-1.1476498,-1.1508933,-1.1527474,-1.1512698,-1.1544617,-1.1554438,-1.1565082,-1.1621529,-1.1644688,-1.1639242,-1.1694609,-1.1738442,-1.1733434,-1.172387,-1.1752982,-1.1791853,-1.1836097,-1.1873196,-1.1901748,-1.1914384,-1.1892992,-1.1898793,-1.186939,-1.1900662,-1.1927245,-1.19647,-1.19851,-1.2017628,-1.2017511,-1.2016859,-1.2043369,-1.2010227,-1.1996769,-1.2010316,-1.2022245,-1.2050472,-1.2080858,-1.2087119,-1.2103378,-1.2159158,-1.2163894,-1.2159299,-1.2215562,-1.2195301,-1.2207023,-1.2225652,-1.2209852,-1.2191168,-1.2213999,-1.223387,-1.2202529,-1.221091,-1.225398,-1.2288584,-1.230355,-1.2288544,-1.2293422,-1.235296,-1.2390761,-1.2378554,-1.2423885,-1.2452269,-1.238992,-1.2412745,-1.2347319,-1.2326705,-1.2295239,-1.2307358,-1.2264143,-1.2293665,-1.2329257,-1.2360514,-1.2369318,-1.2368436,-1.2394108,-1.242223,-1.2430204,-1.2423986,-1.2434611,-1.2437675,-1.2467985,-1.2469969,-1.2465187,-1.2461804,-1.2442265,-1.2440212,-1.2446564,-1.2406032,-1.2413795,-1.2411078,-1.2447486,-1.2474517,-1.2420912,-1.2396787,-1.236614,-1.2367264,-1.2347744,-1.233877,-1.2357244,-1.2412008,-1.2399285,-1.2412156,-1.2401898,-1.239051,-1.2308308,-1.2316856,-1.2267364,-1.2245686,-1.2252976,-1.2216122,-1.2202203,-1.2160504,-1.2143576,-1.2081535
59,2.3398492,2.3340192,2.3296533,2.3161042,2.3021183,2.2886457,2.282581,2.2695343,2.2568514,2.2445188,2.223855,2.2129488,2.2022104,2.18671,2.170652,2.160183,2.151052,2.1380858,2.1262727,2.1186738,2.111555,2.109068,2.1012225,2.0907044,2.0818968,2.0756397,2.069832,2.0561547,2.0481086,2.0455117,2.0363252,2.0272954,2.021571,2.0164552,2.0108383,2.0019367,1.9897738,1.9840266,1.9794896,1.9713125,1.9635627,1.955368,1.9481122,1.9414597,1.9302719,1.9264987,1.922157,1.9116752,1.9064314,1.8975551,1.8916153,1.887584,1.8774961,1.8699868,1.8689115,1.8642858,1.8577003,1.8593785,1.8535728,1.8512821,1.8470871,1.838226,1.8381704,1.8314728,1.823828,1.8177131,1.8186344,1.8135506,1.8081957,1.802323,1.7985566,1.7913656,1.7846272,1.7809849,1.7782186,1.7690513,1.767507,1.7634058,1.7573111,1.7507578,1.7493948,1.7441742,1.7414232,1.7410393,1.7397292,1.7378075,1.7400166,1.7355869,1.7375,1.7320198,1.7298288,1.7275178,1.7258285,1.7217715,1.7177464,1.7174705,1.7199116,1.7156804,1.7118686,1.7101786,1.7080303,1.7023268,1.6961638,1.6997579,1.6938041,1.6927614,1.6938496,1.6905537,1.6913385,1.6864359,1.6798922,1.6761296,1.6739762,1.6761761,1.6759193,1.6731875,1.6752774,1.6746712,1.6749786,1.675546
60,1.4513961,1.438613,1.4258723,1.4122574,1.4011588,1.3885683,1.3800246,1.3691177,1.3568847,1.3449079,1.3256811,1.3155822,1.3057916,1.2952564,1.2848581,1.2759343,1.2670581,1.2579243,1.2460184,1.2396759,1.233312,1.2302833,1.2210547,1.2116199,1.2048872,1.1979802,1.1898298,1.1801993,1.1718,1.1679629,1.1633805,1.157942,1.152272,1.1466192,1.1405603,1.1310985,1.1234577,1.1141222,1.1100829,1.1051335,1.1013515,1.0919949,1.0867202,1.0787675,1.0704333,1.0669154,1.0583038,1.051882,1.0473135,1.0420346,1.0367178,1.0323397,1.0255519,1.0203615,1.020079,1.0184119,1.01578,1.0123274,1.0079695,1.0050436,1.0037558,1.0033585,0.9998665,0.99676704,0.99020326,0.9862646,0.9863578,0.97873145,0.9737538,0.97007895,0.9628253,0.9561238,0.9503441,0.95003283,0.94539994,0.9421015,0.94165593,0.94116294,0.9332267,0.9309675,0.9267427,0.92383623,0.9218725,0.9193389,0.9146371,0.9133223,0.91231763,0.90858954,0.90510523,0.90009004,0.8983197,0.89754426,0.8931367,0.88651085,0.88540316,0.87953216,0.8789188,0.8751321,0.87271464,0.8678934,0.86654055,0.8633958,0.86188114,0.8628324,0.8590698,0.86163294,0.86002195,0.85785496,0.8590399,0.85930014,0.8614599,0.8589276,0.86091363,0.8619006,0.8539225,0.8494714,0.850461,0.852042,0.8505621,0.84653634
61,1.5446911,1.53248,1.5199922,1.5050486,1.4898449,1.4761059,1.4642531,1.4505755,1.4406807,1.4349693,1.4225172,1.4160199,1.4104959,1.4038186,1.397907,1.3905275,1.3861939,1.3757726,1.3696425,1.3632796,1.3563821,1.3504206,1.342839,1.3383801,1.3318398,1.3232963,1.3198714,1.3106546,1.3051318,1.3026464,1.3000016,1.2965057,1.2927437,1.2844574,1.2803867,1.2767906,1.2674602,1.2630142,1.2608817,1.2514503,1.2448685,1.240885,1.237458,1.2300665,1.2264398,1.2205245,1.2156045,1.2152858,1.2086195,1.2063415,1.1993986,1.1932824,1.1887412,1.1852789,1.1804112,1.1772832,1.1750027,1.1718922,1.1680425,1.1600912,1.1543665,1.1510242,1.1454662,1.1383469,1.1323378,1.127669,1.1247509,1.116386,1.1127956,1.109473,1.1018126,1.0976337,1.091326,1.0859839,1.0789413,1.0752876,1.0758502,1.0707158,1.0709862,1.06302,1.0590569,1.05362,1.052744,1.0492107,1.046396,1.0417761,1.04118,1.0415853,1.0397093,1.0361034,1.0313828,1.0223165,1.0195076,1.0142647,1.0100279,1.009618,1.0116628,1.0095619,1.0054731,1.0011736,0.9984369,0.99917537,0.9962018,0.9931833,0.9883417,0.9887245,0.9874899,0.9862558,0.989333,0.98973787,0.9803993,0.97963303,0.97677916,0.9809639,0.97945386,0.97587234,0.97620314,0.9755044,0.9747675,0.9704648
62,0.7835788,0.77138305,0.7657672,0.7568723,0.74807197,0.7424408,0.7411661,0.73537314,0.7312342,0.7282728,0.7280783,0.72842413,0.7235367,0.7219559,0.71455824,0.7126643,0.70920646,0.70633703,0.7106372,0.7101777,0.7044824,0.705748,0.7011791,0.6992143,0.70060027,0.69738495,0.6972321,0.6944237,0.691601,0.69112796,0.69136846,0.69053733,0.692209,0.6900555,0.6894034,0.69189435,0.69216955,0.6887053,0.6881045,0.68896174,0.6867721,0.6855209,0.68548733,0.68343407,0.679313,0.67760766,0.67654294,0.6786262,0.6764858,0.6807067,0.6853409,0.6901044,0.6898693,0.6931135,0.6948381,0.69518095,0.6956761,0.6962698,0.69805884,0.6968105,0.697041,0.69954413,0.70108205,0.70020247,0.7013501,0.70533085,0.70683837,0.70532405,0.7104926,0.70935464,0.7114889,0.7148059,0.7172128,0.715616,0.7200115,0.71883833,0.72261316,0.72357184,0.7264608,0.7313694,0.73065346,0.7324687,0.7349064,0.73876446,0.7431854,0.7439689,0.7449194,0.7460277,0.7466426,0.74548936,0.74727035,0.7487637,0.74903095,0.7536513,0.75750715,0.75833976,0.7630724,0.7656387,0.76623684,0.7679798,0.7722537,0.77808607,0.7764876,0.7803139,0.78374755,0.7862336,0.79080874,0.796337,0.80035067,0.80249417,0.80510473,0.8108741,0.81364334,0.8169691,0.8229089,0.822746,0.82435054,0.82971096,0.83517015,0.8352705
63,1.4196851,1.4057232,1.3905541,1.3780838,1.3674805,1.3490765,1.3353553,1.3217256,1.3098814,1.2958356,1.279707,1.2713355,1.2613732,1.2517629,1.2447022,1.2374337,1.2252442,1.2116,1.2022612,1.1934719,1.1872865,1.1831871,1.1755476,1.1641387,1.1576608,1.1541853,1.1508613,1.1394302,1.1286753,1.1241248,1.1153419,1.1088718,1.1041013,1.0960459,1.0891328,1.0823394,1.073981,1.0695244,1.0655395,1.0561492,1.0497923,1.0428139,1.0320545,1.028765,1.0207952,1.0144312,1.0071019,1.0024215,0.99483573,0.9867455,0.9777881,0.9719671,0.9636976,0.9575529,0.9549737,0.95379627,0.94720685,0.9434884,0.93707216,0.92870104,0.9241997,0.9152244,0.91277295,0.907145,0.899282,0.89093286,0.8861246,0.8808967,0.87471163,0.8685645,0.8641903,0.8573062,0.85064185,0.8460849,0.83787984,0.8319907,0.82757473,0.8212005,0.81770164,0.8120009,0.80617,0.7997905,0.7945241,0.78965896,0.787449,0.78376925,0.77982527,0.7757437,0.7696644,0.7684257,0.7678641,0.7616682,0.75653136,0.74965394,0.7448467,0.7394711,0.7369676,0.7306987,0.72464925,0.7187406,0.7113129,0.7067169,0.70450175,0.7024989,0.69578755,0.68943846,0.68609536,0.6783918,0.6773851,0.66898215,0.66860044,0.6631643,0.6613015,0.65343904,0.649134,0.64668286,0.6464049,0.64551497,0.6430002,0.6370923
64,1.5142659,1.4948547,1.4818947,1.4676803,1.4496912,1.4313269,1.4183136,1.4060695,1.3937404,1.3820039,1.365089,1.3571165,1.3433809,1.3332431,1.3208057,1.3123485,1.3016399,1.2954206,1.2829515,1.2729335,1.2692349,1.2677808,1.2612569,1.2519915,1.2442635,1.2361381,1.2287142,1.2194126,1.2140702,1.2102476,1.2050602,1.1995748,1.1925908,1.1868635,1.1813099,1.1713846,1.1632824,1.1562616,1.1480415,1.1402341,1.133966,1.1277311,1.1192676,1.1181695,1.1117024,1.1083367,1.107548,1.1015301,1.0989639,1.0960132,1.0850502,1.080734,1.0775803,1.0710534,1.0714811,1.0706179,1.067899,1.0681521,1.0638709,1.0613009,1.0619673,1.0534848,1.0490937,1.0468433,1.0462835,1.0423566,1.0432665,1.0395635,1.0390658,1.0352614,1.0307293,1.030174,1.0288085,1.0318259,1.0329695,1.0292244,1.0284798,1.029836,1.0305032,1.0239121,1.0233335,1.0228841,1.0238198,1.0246629,1.0264426,1.0298841,1.0345032,1.0317806,1.0286226,1.0290661,1.026634,1.0282547,1.0280626,1.0272049,1.026929,1.0320249,1.0365539,1.0377761,1.0402519,1.0394347,1.0395333,1.0351373,1.0364296,1.0378045,1.0354987,1.0379509,1.044328,1.04561,1.0473992,1.0465324,1.0453755,1.0482543,1.0494934,1.0606629,1.0649185,1.064731,1.0717432,1.0759475,1.0791157,1.0807042
65,2.779156,2.7551749,2.729247,2.708707,2.6864603,2.6661532,2.6480067,2.6328926,2.61348,2.592198,2.5643547,2.5486336,2.5258822,2.5063121,2.4880128,2.4773338,2.4631286,2.44853,2.4335685,2.4188404,2.4053705,2.396856,2.3829172,2.3692431,2.359677,2.352963,2.3431647,2.3283525,2.3173442,2.3089612,2.2962453,2.2870119,2.2784386,2.2664933,2.256726,2.242127,2.2318993,2.2227626,2.211599,2.20047,2.1894007,2.1766958,2.1671727,2.1572237,2.1472495,2.1383162,2.1284425,2.1165743,2.1064339,2.0990653,2.0871613,2.0785651,2.0671282,2.0579548,2.049754,2.0416121,2.034465,2.0258224,2.0229712,2.0166633,2.0101712,1.9980484,1.9886706,1.9833568,1.9726626,1.9620416,1.958966,1.9485347,1.9375805,1.9308437,1.9243171,1.9192407,1.9107075,1.9030174,1.8900753,1.8817921,1.8752148,1.869426,1.8597124,1.8516634,1.845632,1.8406591,1.8306309,1.8240076,1.8139473,1.8053528,1.8028147,1.796106,1.7863579,1.7776064,1.7689759,1.7626768,1.7536004,1.7465198,1.737731,1.728063,1.7229271,1.7179056,1.7095041,1.6945431,1.686182,1.6763561,1.6713375,1.6647167,1.6587169,1.6582581,1.6503458,1.6504059,1.645016,1.6405872,1.6344616,1.6286643,1.613917,1.6086899,1.6005701,1.5905558,1.5864494,1.5805526,1.577724,1.5676129
66,1.9212449,1.9037014,1.8917058,1.8789244,1.8665375,1.8527311,1.8424194,1.8359848,1.8208752,1.8112695,1.794162,1.7847338,1.7680495,1.7571766,1.7516196,1.7494907,1.7409604,1.726046,1.7159116,1.7078733,1.7022867,1.7010686,1.6945692,1.6872728,1.6803668,1.6761124,1.6728191,1.6641858,1.6626873,1.6580477,1.653614,1.6506491,1.648906,1.6419995,1.6377876,1.6268466,1.625046,1.6212206,1.617281,1.6130114,1.6103913,1.6034867,1.596625,1.5917969,1.5857227,1.5810708,1.5782015,1.5736715,1.5696985,1.5671685,1.5584131,1.557947,1.5479324,1.5439531,1.5427535,1.5397867,1.5367637,1.5373094,1.5334519,1.5296652,1.5259551,1.5208583,1.5146574,1.5092646,1.5033066,1.5021931,1.5031388,1.495206,1.4942415,1.4919564,1.4876955,1.483959,1.4777986,1.4757993,1.4712405,1.4646363,1.4608895,1.4609088,1.4551985,1.4461725,1.4447466,1.4421788,1.441859,1.4413067,1.4353085,1.4315548,1.4305384,1.4289601,1.422498,1.4193332,1.4169722,1.4138705,1.4068129,1.3990815,1.3952749,1.3901634,1.386266,1.3853605,1.3791771,1.3707808,1.3689283,1.363127,1.3580418,1.3534634,1.348202,1.3476646,1.3482392,1.3461032,1.3408722,1.3380445,1.3323494,1.3242849,1.3139195,1.3088558,1.3092307,1.3037081,1.3010995,1.2982216,1.2970636,1.2797037
67,2.5865133,2.5811734,2.576954,2.570062,2.5616345,2.5606546,2.559833,2.5563662,2.5506902,2.548461,2.5333216,2.5338044,2.527584,2.5259032,2.5240512,2.5225537,2.518627,2.5125842,2.5096416,2.5088959,2.507144,2.511908,2.507723,2.5066266,2.5042744,2.506291,2.5093212,2.503859,2.505483,2.5110557,2.5110137,2.512825,2.516573,2.5132964,2.5135138,2.5149102,2.5095296,2.508615,2.511326,2.5116107,2.5121837,2.510278,2.5108595,2.5120335,2.508628,2.5099611,2.5083945,2.5073693,2.5090098,2.5107605,2.5084825,2.507538,2.505467,2.503065,2.5050964,2.5056586,2.5057538,2.5099094,2.513665,2.5117662,2.512992,2.5115986,2.5104651,2.5107377,2.5097117,2.5076528,2.5133255,2.5110664,2.5105016,2.5087674,2.5046284,2.5032086,2.502063,2.5040326,2.5037665,2.5033567,2.5059056,2.5017247,2.5039172,2.502631,2.5035052,2.4987934,2.4959443,2.4953396,2.496616,2.4935462,2.4957814,2.4961362,2.495739,2.493128,2.490549,2.490169,2.4913805,2.4919324,2.4905496,2.4928958,2.4963706,2.4989288,2.4909046,2.48769,2.4907537,2.4894512,2.4890122,2.48991,2.489898,2.495008,2.496908,2.4993882,2.5014827,2.501203,2.4927802,2.4927099,2.4886022,2.4870696,2.489938,2.4906874,2.493621,2.4947426,2.4984908,2.4975805
68,1.9780319,1.9557447,1.9393003,1.9256092,1.9093841,1.8940827,1.8816032,1.8738714,1.8594053,1.846867,1.8302736,1.8177027,1.8073874,1.794493,1.7852199,1.7808287,1.7705317,1.7635977,1.7538369,1.7459309,1.7372558,1.7335043,1.7254965,1.7177446,1.7110903,1.7051628,1.6997875,1.6859518,1.6797663,1.6752762,1.6691425,1.6655657,1.6583936,1.6498957,1.645808,1.639994,1.6277044,1.6232641,1.6145761,1.6048877,1.5982955,1.5923018,1.5808005,1.5706875,1.5600766,1.5544162,1.5471599,1.5410012,1.5330635,1.5294249,1.5256253,1.5225818,1.5151676,1.5081159,1.5056261,1.5005318,1.4974447,1.4933068,1.4881235,1.4802392,1.4743831,1.463385,1.4592371,1.4542152,1.4522084,1.445883,1.4419081,1.4372946,1.4307452,1.4237357,1.4188733,1.4131358,1.4089811,1.4049408,1.3991313,1.3957065,1.3910384,1.383145,1.3808651,1.3753397,1.3683026,1.366453,1.3583753,1.3549918,1.354356,1.3500378,1.3496969,1.3432062,1.3366802,1.3278513,1.3242259,1.3210329,1.3090972,1.3034849,1.2988176,1.2926397,1.2874836,1.2812678,1.278391,1.2734183,1.2708673,1.2685379,1.2610441,1.2567987,1.2536757,1.2511636,1.2468684,1.2441909,1.2444457,1.2381684,1.2332909,1.2254802,1.2229962,1.2166492,1.2094082,1.2060063,1.2012794,1.1972373,1.1994048,1.1931345
69,2.069555,2.0554678,2.0433204,2.0284522,2.0147204,1.9971514,1.989193,1.9794648,1.9687344,1.957352,1.9412775,1.9342043,1.9204721,1.9077873,1.9012457,1.8913734,1.8810818,1.8726469,1.8600839,1.849262,1.8431404,1.8387775,1.8332407,1.8287661,1.8252434,1.8168062,1.8063228,1.7975544,1.7900817,1.7867033,1.7814686,1.7745526,1.7674696,1.759465,1.750387,1.7435119,1.737256,1.7318274,1.7259655,1.7212305,1.7158298,1.7066511,1.6992451,1.6927141,1.6866232,1.6795213,1.6723839,1.6671851,1.659133,1.6545494,1.6529081,1.6467491,1.6384132,1.6322596,1.6270363,1.6217264,1.6177,1.6151645,1.6126518,1.606123,1.6013556,1.5968504,1.5895187,1.5824347,1.5788299,1.5744027,1.5708867,1.5629514,1.55845,1.5503304,1.5432937,1.5366507,1.5313388,1.5253813,1.5160244,1.5096835,1.5055038,1.5003669,1.4945627,1.4874427,1.4827154,1.4751687,1.4680737,1.460836,1.4548361,1.4485108,1.4450223,1.4409468,1.4394243,1.4322126,1.4252601,1.4191886,1.41161,1.4062172,1.4009581,1.3956959,1.3904303,1.3842458,1.3780377,1.372427,1.371138,1.3656709,1.3655475,1.3596306,1.3552196,1.3533127,1.3488144,1.3460734,1.343159,1.3369428,1.3262357,1.3213718,1.3134477,1.3024396,1.2986765,1.2908041,1.2886314,1.2867708,1.2852409,1.2807891
70,0.5091179,0.49871278,0.48847628,0.4825924,0.47852826,0.46916848,0.46258965,0.45765096,0.44904938,0.44833446,0.44710135,0.4467814,0.43902904,0.4364387,0.43462497,0.42990595,0.4220202,0.41812497,0.41547817,0.41014728,0.40832877,0.40855604,0.40722036,0.40542477,0.39979666,0.39629537,0.39409614,0.39214888,0.39184546,0.3918609,0.39069432,0.39102513,0.39062846,0.3892196,0.38529947,0.38055772,0.37931177,0.3765574,0.37485287,0.37580967,0.37969622,0.3762709,0.3746603,0.36864793,0.36557236,0.36572546,0.3705398,0.37287006,0.37263438,0.36956692,0.37019867,0.37037206,0.37284082,0.3678196,0.3654198,0.3666809,0.365884,0.36557212,0.36458308,0.3630197,0.36484602,0.36348027,0.36161143,0.35909304,0.3562159,0.3583244,0.35692403,0.35041448,0.34803548,0.34558567,0.34576473,0.3438875,0.34321144,0.34329706,0.34077448,0.33600754,0.33906907,0.34001136,0.33984238,0.33846062,0.34017342,0.33901232,0.3383785,0.33471957,0.33329967,0.33322138,0.33333552,0.33329937,0.33305374,0.329352,0.33365592,0.33439702,0.3331278,0.33405262,0.3360311,0.33842462,0.3378944,0.33839962,0.33821982,0.33355278,0.33557385,0.33455116,0.3352289,0.33297026,0.33564606,0.33809716,0.34353584,0.3414976,0.3406584,0.34196723,0.34218228,0.3408802,0.34346548,0.3357088,0.33525282,0.33487657,0.33607206,0.33374172,0.33518252,0.33495203
71,2.2097313,2.2075715,2.2060544,2.1990485,2.1918244,2.1832957,2.181683,2.1803536,2.1762266,2.170546,2.161,2.1611876,2.1540806,2.1526945,2.1481175,2.145615,2.141811,2.1336162,2.1301713,2.1305199,2.1293314,2.133002,2.1292377,2.1212468,2.1207623,2.118865,2.116919,2.1083264,2.1056125,2.1052613,2.1007133,2.1003618,2.1042504,2.1012173,2.0996685,2.0981617,2.0937593,2.0936372,2.0930057,2.090165,2.0876517,2.085417,2.083573,2.082494,2.0772972,2.0792232,2.0768116,2.0744143,2.0748982,2.0749724,2.0736575,2.0745616,2.0707638,2.0660272,2.0667217,2.0635283,2.0616918,2.0603132,2.062434,2.061213,2.0624015,2.0555146,2.0567114,2.0531297,2.0504491,2.0488522,2.0541615,2.0522134,2.0485573,2.044838,2.0409517,2.0398264,2.039014,2.0401707,2.0373185,2.0305963,2.0299122,2.0283008,2.0256124,2.0179381,2.0191646,2.0163934,2.0127258,2.0145545,2.0123,2.0092704,2.0085995,2.0087345,2.0066621,2.0049357,2.0053728,2.0029626,2.0003195,1.991997,1.9882643,1.9871523,1.9844353,1.9830348,1.9759133,1.968611,1.9656626,1.9620225,1.9558265,1.9557054,1.9565518,1.9541086,1.9544859,1.9514204,1.9469595,1.9394414,1.9364281,1.9328134,1.9241397,1.9170624,1.9125054,1.907822,1.9101232,1.9074304,1.9090351,1.9066114
72,1.328307,1.3208491,1.309655,1.2990737,1.286017,1.2714083,1.2634584,1.258362,1.2492639,1.2405654,1.2273301,1.2170355,1.2070217,1.1958561,1.1879712,1.1843925,1.1785238,1.1718773,1.1639738,1.1556442,1.1515228,1.1496432,1.1430242,1.1361889,1.1312555,1.1213889,1.1178836,1.106168,1.0998303,1.0945332,1.0877243,1.0838073,1.0801663,1.074054,1.0695328,1.0624568,1.0574738,1.0564201,1.0485559,1.0418993,1.040083,1.0309024,1.0263017,1.020289,1.0142868,1.0098964,1.0091306,1.0020801,0.9966551,0.9933218,0.9862393,0.9836422,0.9799776,0.97523946,0.97186804,0.9680414,0.962934,0.9628976,0.95885193,0.96016693,0.95514405,0.94895923,0.9475872,0.9423997,0.9407943,0.93583786,0.9324461,0.92598283,0.9251339,0.9218874,0.9191071,0.91876185,0.91358006,0.90987027,0.9080728,0.9011035,0.90189326,0.89547,0.8964404,0.89080954,0.8863121,0.8841964,0.88345355,0.8801842,0.8797601,0.87950885,0.8789471,0.87462616,0.8704907,0.86512774,0.863838,0.860398,0.85895765,0.85459745,0.85001767,0.8499581,0.84933007,0.8473094,0.8440874,0.8462011,0.84389484,0.8422362,0.842714,0.84534967,0.84237975,0.8391507,0.83754826,0.83712375,0.83691823,0.83053124,0.8261253,0.82522964,0.8248743,0.8216732,0.81739885,0.814093,0.8134267,0.812679,0.8149484,0.81589377
73,0.926087,0.91932356,0.9111106,0.90455544,0.8976633,0.88876307,0.87941045,0.87439597,0.86595404,0.85691565,0.84422684,0.84216946,0.8416912,0.83584213,0.83258474,0.82966936,0.82564145,0.8173033,0.8149854,0.8155506,0.81556857,0.8138385,0.81218225,0.80982,0.80619097,0.8011667,0.8017397,0.79855835,0.7962491,0.7940877,0.7942393,0.7932981,0.79493326,0.7949829,0.79328084,0.7939862,0.78392303,0.7845408,0.78398883,0.7782098,0.776074,0.7747657,0.77378273,0.77290547,0.770764,0.76941574,0.7641121,0.7629343,0.7599575,0.758762,0.7547672,0.7535117,0.7481955,0.7430976,0.7421129,0.7411785,0.7411502,0.74023545,0.73566645,0.7305004,0.7288556,0.72555286,0.72454584,0.72610265,0.7248702,0.72164524,0.72415566,0.7239809,0.7233789,0.71926033,0.7230306,0.72195685,0.71948767,0.72375596,0.7234527,0.7239735,0.72363526,0.72313064,0.72794616,0.7272914,0.72805196,0.7247672,0.7249683,0.7210013,0.718789,0.7168635,0.7168205,0.71648926,0.71636,0.71433353,0.71315277,0.7122094,0.71381015,0.7083094,0.7064447,0.7012887,0.6996173,0.69750756,0.69278824,0.69127595,0.6915554,0.69179165,0.69087327,0.6913162,0.6872241,0.687209,0.69075054,0.68871754,0.69012105,0.6918977,0.68978304,0.68780476,0.6824568,0.6840578,0.68666786,0.68484694,0.68711483,0.6889092,0.6939259,0.69592834
74,1.316969,1.2988589,1.2770861,1.252831,1.2336439,1.2104689,1.1895578,1.1705317,1.1530595,1.1405627,1.1200031,1.1055508,1.0873096,1.0697968,1.0511023,1.0389225,1.0292578,1.0128591,1.0003185,0.9898559,0.9773874,0.96625566,0.9547787,0.94329196,0.93240625,0.92180747,0.91175634,0.8953675,0.8824108,0.8741509,0.8634167,0.8516077,0.83874464,0.82784796,0.816105,0.8036994,0.79054844,0.782438,0.7696367,0.75899583,0.7475111,0.7367109,0.72492653,0.7131325,0.7013862,0.6903214,0.68302727,0.6748863,0.66462326,0.6560916,0.6446637,0.6358532,0.62246877,0.6122943,0.6009019,0.5945223,0.58237535,0.5715662,0.56282073,0.5561444,0.5476564,0.53348625,0.5215801,0.5139226,0.5063776,0.50082386,0.49459356,0.48762426,0.47794852,0.46973982,0.46691433,0.45803633,0.44666785,0.44175902,0.43591124,0.42584595,0.41670328,0.41004586,0.4053921,0.39932126,0.38910764,0.37974554,0.37597513,0.37207925,0.36624554,0.35784492,0.3523262,0.34738034,0.3385659,0.3276109,0.31911823,0.31127775,0.30409276,0.29757613,0.28946185,0.27907938,0.27614158,0.27047262,0.26013753,0.24815488,0.24376848,0.24054155,0.23902717,0.2328269,0.2253354,0.22156954,0.21878453,0.21239612,0.21080044,0.20534694,0.20290557,0.19510546,0.19300687,0.18654265,0.18111876,0.1728284,0.16964705,0.16687915,0.16376373,0.15514037
75,1.1570064,1.147919,1.135288,1.1243074,1.1228435,1.110289,1.1069365,1.0987568,1.0911965,1.0833603,1.075263,1.0718687,1.0640748,1.0527514,1.0462989,1.044677,1.0405422,1.0380787,1.0359532,1.032166,1.0311852,1.0311428,1.0246964,1.0234563,1.0218241,1.017401,1.0153831,1.0082481,1.0084026,1.0086938,1.0060523,1.0077391,1.0046422,1.0020839,0.9982789,0.9959076,0.99102926,0.98974687,0.9890748,0.9890071,0.9864565,0.9858035,0.98536175,0.9854722,0.98276836,0.9801172,0.97651196,0.97750443,0.9744341,0.97473174,0.97057885,0.9702544,0.9675543,0.96764135,0.96689445,0.96478665,0.9640006,0.9625926,0.9596776,0.9568286,0.9564923,0.95541334,0.95518064,0.9564401,0.95500153,0.9537597,0.95648754,0.95688456,0.9570112,0.9545008,0.95451725,0.952843,0.94930536,0.95000327,0.9491394,0.94925135,0.94947624,0.95075274,0.9513084,0.9535096,0.95236844,0.9507548,0.94965494,0.9522573,0.95680207,0.95920956,0.96144485,0.9627985,0.9637008,0.96299726,0.96534175,0.9654991,0.9657763,0.9720615,0.972877,0.9713172,0.9732149,0.97369117,0.9697013,0.9705353,0.97483605,0.9732641,0.9748684,0.97825736,0.9764854,0.97945184,0.9786275,0.9797807,0.9840232,0.98782694,0.98838633,0.9890466,0.98872566,0.99508303,0.99691564,0.99650633,1.0005118,1.004293,1.00817,1.0078943
76,1.0517806,1.0376586,1.0218542,1.0081251,0.9952054,0.98000085,0.971076,0.96714765,0.95817786,0.95179605,0.9424698,0.934231,0.9235285,0.90940964,0.9014224,0.898867,0.8935981,0.8872654,0.8823927,0.8751109,0.87493145,0.8743347,0.86674154,0.86231995,0.8557701,0.8491279,0.84500504,0.8365307,0.83265257,0.8279227,0.820835,0.81827325,0.8155944,0.8091713,0.80291957,0.799508,0.79068625,0.7876755,0.7798266,0.7742492,0.77115154,0.7632521,0.75775117,0.74759454,0.73991334,0.7361971,0.7366253,0.7314663,0.72708225,0.7243445,0.72105455,0.7194111,0.7106591,0.7074574,0.7043292,0.70016265,0.6968216,0.6935187,0.69103754,0.68506217,0.6812353,0.67964983,0.67827684,0.6748006,0.6731192,0.6701491,0.66906726,0.6624371,0.65841514,0.64850825,0.64753324,0.64590037,0.64303416,0.6442097,0.63922894,0.6340562,0.63091135,0.62648576,0.6214568,0.61529213,0.6110231,0.60619175,0.60575587,0.603816,0.5998968,0.59483624,0.5907593,0.58836985,0.5821066,0.57558507,0.57007563,0.5708164,0.56458914,0.56459457,0.5639016,0.5599848,0.55480826,0.5501001,0.54601794,0.5396513,0.5374773,0.5302448,0.52937967,0.52532536,0.5222701,0.52033985,0.52154064,0.5195497,0.5171945,0.51319826,0.50748813,0.5025623,0.50332177,0.50173736,0.49353734,0.49199286,0.4901525,0.48464856,0.4845776,0.47851795
77,2.0610526,2.0471969,2.0327477,2.0203297,2.013083,1.9980438,1.9876267,1.9773037,1.9641415,1.9546474,1.9470122,1.9366996,1.9217119,1.9106815,1.9019457,1.8931811,1.8825397,1.8703209,1.8603318,1.854146,1.8499435,1.8477751,1.8421404,1.839008,1.833936,1.8295481,1.8248078,1.8148237,1.8090637,1.8113744,1.8071009,1.803985,1.7988628,1.7924011,1.7885265,1.7798755,1.7753242,1.771101,1.7659069,1.7601112,1.7553669,1.7490953,1.7454983,1.7443306,1.737524,1.7320621,1.728529,1.724363,1.7191833,1.7136209,1.7069603,1.703949,1.700401,1.6987448,1.6947953,1.6891248,1.6836674,1.6811821,1.6797254,1.6742823,1.670409,1.6666666,1.6629667,1.6617568,1.6543219,1.6500328,1.6494093,1.6436733,1.6461322,1.644207,1.6354485,1.6304668,1.6239513,1.6206925,1.6185987,1.6131388,1.6120421,1.6093953,1.608064,1.5995955,1.5969942,1.5906186,1.588805,1.5873241,1.5870789,1.5877506,1.5883418,1.5882176,1.5831196,1.5835905,1.5802487,1.5763652,1.5694047,1.5690016,1.5639962,1.5609766,1.5612247,1.560952,1.5531828,1.5497868,1.5471138,1.5455111,1.5434271,1.5403683,1.5367836,1.5382311,1.5387081,1.5376856,1.5350635,1.5326977,1.5285776,1.522816,1.5151844,1.5124004,1.5112407,1.5083655,1.5063444,1.5034237,1.5078235,1.5028212
78,1.8249047,1.8069515,1.7970359,1.7876041,1.7743744,1.7643734,1.753033,1.7443225,1.7270457,1.7161124,1.6962373,1.690308,1.6731027,1.6619402,1.6528755,1.647851,1.6363941,1.6240568,1.6136137,1.6099579,1.6042435,1.600373,1.5927446,1.584987,1.581385,1.573139,1.5653555,1.5532405,1.5411193,1.5339888,1.5248501,1.5185108,1.5129144,1.5046977,1.4986706,1.4880602,1.4792657,1.4727976,1.4651868,1.458741,1.4513001,1.4428806,1.4355004,1.4286445,1.4222997,1.4172568,1.4142501,1.4094108,1.4028934,1.3986396,1.3888992,1.38358,1.3768609,1.3693912,1.3635087,1.3559446,1.3495018,1.3448861,1.3384765,1.3320754,1.3262823,1.3153812,1.3082244,1.3043624,1.2982405,1.2901351,1.287022,1.2789751,1.2688394,1.2622141,1.2584641,1.2536702,1.2510458,1.2448095,1.24243,1.2306304,1.2273233,1.2228448,1.2190515,1.2072537,1.2030399,1.1962397,1.1904008,1.1882998,1.1807606,1.1772242,1.1752207,1.1730026,1.1664308,1.1563238,1.1522787,1.1445048,1.1364322,1.1310633,1.1281875,1.1257862,1.1225393,1.1178854,1.1118486,1.1028649,1.1010183,1.0951403,1.0890081,1.0851963,1.0820835,1.0785414,1.080629,1.0791304,1.0772816,1.070794,1.0682241,1.0633624,1.0578741,1.0531753,1.046443,1.0397413,1.0411336,1.0383337,1.0394459,1.0300357
79,0.6384539,0.6291255,0.6225756,0.6165656,0.6141195,0.6046026,0.59654063,0.58807135,0.5813697,0.5777575,0.5702969,0.5637175,0.5546695,0.5474555,0.54032123,0.5360154,0.5291117,0.5242531,0.5160018,0.51185495,0.50752455,0.5049488,0.5036663,0.49882716,0.4930337,0.48932734,0.48573214,0.48104483,0.4757577,0.46947342,0.46625978,0.46361667,0.4598593,0.45750356,0.45488653,0.4495799,0.448205,0.44594812,0.4410611,0.43787676,0.4332667,0.4282055,0.4229068,0.41935855,0.41903186,0.4159852,0.4111312,0.40755814,0.40385526,0.40136012,0.39627805,0.39437407,0.3862843,0.38402867,0.38076553,0.37960997,0.37771314,0.37344855,0.36960992,0.36695534,0.3647914,0.36240306,0.35985547,0.35473692,0.3493793,0.34699708,0.34395453,0.3376618,0.33839956,0.34181517,0.34100413,0.33621943,0.3303042,0.32599705,0.32296747,0.3203449,0.31750658,0.3156782,0.31108302,0.31339154,0.3109725,0.30968347,0.30825627,0.30552393,0.30279154,0.29930657,0.2969265,0.29501823,0.29450178,0.29755688,0.2937953,0.2909022,0.28970256,0.28777027,0.2845083,0.2815837,0.2803898,0.28084153,0.27974948,0.27739853,0.2747098,0.27140644,0.26980415,0.26436296,0.2607529,0.26210603,0.2623975,0.25925884,0.2559294,0.25636715,0.25669903,0.25883862,0.25708088,0.25630793,0.25560412,0.2539723,0.24919085,0.24715388,0.2447428,0.24454479
80,0.89110863,0.8830776,0.8805801,0.8726093,0.870141,0.8611127,0.85568684,0.84853077,0.84526217,0.8427102,0.83494693,0.83344173,0.8292049,0.82517356,0.8256941,0.8236767,0.819719,0.8166682,0.81605303,0.81644696,0.8163458,0.81753683,0.8182025,0.8180584,0.81727374,0.81563616,0.8142942,0.8113348,0.8103777,0.8095996,0.80857754,0.8098078,0.8092316,0.8094446,0.8096477,0.8071874,0.80522984,0.8075377,0.8081881,0.80761194,0.8084771,0.8097857,0.80766124,0.80778587,0.8125286,0.813591,0.8122948,0.8105005,0.8125138,0.814476,0.8153203,0.81627905,0.8143487,0.81330746,0.8151212,0.81777394,0.81806535,0.8176767,0.81745636,0.81920034,0.8227003,0.8268345,0.82957697,0.8321228,0.82959783,0.83042353,0.8340477,0.834309,0.83117616,0.83473426,0.8370347,0.83830976,0.8396532,0.8418399,0.84597814,0.8474078,0.84918815,0.85113937,0.8529304,0.8541255,0.85611784,0.8596972,0.86546123,0.86383784,0.864112,0.8687531,0.8734248,0.8760277,0.8742526,0.8739874,0.8735269,0.87615633,0.87901497,0.8749751,0.8787115,0.87722886,0.88241416,0.8824706,0.88747054,0.8932263,0.8949261,0.89872617,0.9031946,0.9072272,0.91054267,0.91504014,0.916632,0.91962373,0.92461765,0.93158996,0.9376675,0.93703777,0.9405379,0.9436777,0.9470428,0.9529807,0.9563875,0.9622015,0.9671043,0.9719079
81,0.65165424,0.65170723,0.6458615,0.63986486,0.64070874,0.6421025,0.6405963,0.64032066,0.63794017,0.63923466,0.6355385,0.6384866,0.6370476,0.63971895,0.63983554,0.6420424,0.6396415,0.63718754,0.63547903,0.6325317,0.63312703,0.63573325,0.6366984,0.63908064,0.64132196,0.64189667,0.6423011,0.6429793,0.6438303,0.6431149,0.64629805,0.64687407,0.6503786,0.6529081,0.65308315,0.65150726,0.6552603,0.6523967,0.65321475,0.65628755,0.6627883,0.6660681,0.6652446,0.66868174,0.67194694,0.67343104,0.67722154,0.6790546,0.6827922,0.6838275,0.6847913,0.6864473,0.6872934,0.68704337,0.6893292,0.694223,0.6947513,0.7003059,0.69885504,0.7007823,0.70222867,0.6998541,0.701301,0.699687,0.70279545,0.70634574,0.7097895,0.7079445,0.7103429,0.7136742,0.7221955,0.72483265,0.72420174,0.7284914,0.73112726,0.7284583,0.7313227,0.73560363,0.73948437,0.7460978,0.7448097,0.7447099,0.7446783,0.7464589,0.7466204,0.7479829,0.7518331,0.75592417,0.7577466,0.7584738,0.76394093,0.76752394,0.7683403,0.76815856,0.7727153,0.77215785,0.77264816,0.77400035,0.7716822,0.7682196,0.76881605,0.7727008,0.77685606,0.7791266,0.78080666,0.7840923,0.7857851,0.7920938,0.79410726,0.7886434,0.787076,0.7907065,0.78566575,0.78489864,0.786191,0.7834803,0.7866811,0.79213154,0.7973641,0.79542387
82,0.76759624,0.76792616,0.761831,0.7562291,0.7561282,0.75497144,0.75246,0.7489044,0.7455384,0.74386364,0.7409917,0.744504,0.74204624,0.73630166,0.73145473,0.7277071,0.72380114,0.7220105,0.7210077,0.7222243,0.72318244,0.72315824,0.71979535,0.71801656,0.71234095,0.71339023,0.7098153,0.70969075,0.7055416,0.7054671,0.7021545,0.6997429,0.6966881,0.69765306,0.6950933,0.68997115,0.69087917,0.6901843,0.6871705,0.68757004,0.6868385,0.68495595,0.6800853,0.6788519,0.6737765,0.67340124,0.67380434,0.6675923,0.667353,0.66726106,0.6655419,0.6660582,0.66577065,0.6653759,0.66251016,0.66040915,0.6614754,0.6617061,0.6613512,0.6609507,0.66003966,0.66149175,0.6612453,0.65814495,0.65480804,0.6575031,0.6579389,0.6548132,0.64922273,0.6482031,0.64559186,0.6484753,0.6505525,0.6517156,0.6500657,0.6466625,0.6460122,0.64390737,0.64701027,0.647791,0.64675736,0.6467314,0.6453399,0.6470947,0.6442797,0.64477366,0.648905,0.6501094,0.64621973,0.64496255,0.6483685,0.64489377,0.64338124,0.642245,0.642272,0.6417763,0.64178705,0.641465,0.6420363,0.64204794,0.64322853,0.6394607,0.6432477,0.6439001,0.64414084,0.64809304,0.64958584,0.6500636,0.6436063,0.64287186,0.64608335,0.6439363,0.6431351,0.63902056,0.6397818,0.6395242,0.6431447,0.642664,0.64442176,0.6471942
83,0.28780937,0.28037637,0.27129585,0.26457995,0.26174337,0.24861893,0.23997235,0.23089156,0.21816143,0.21343103,0.20324783,0.1952655,0.18428183,0.17851222,0.17171207,0.16706504,0.1589897,0.15090942,0.1452164,0.14232759,0.13813882,0.13622804,0.12768602,0.12616943,0.120001875,0.11189207,0.10725273,0.1013601,0.0986305,0.09406875,0.08860505,0.08537563,0.07877107,0.07408825,0.067553796,0.06137345,0.05576854,0.05259925,0.05086575,0.044210203,0.04091121,0.03283874,0.027189389,0.02413326,0.019962287,0.01790874,0.011145512,0.0073060035,0.0025276928,-0.0017382547,-0.007349319,-0.009873822,-0.014339738,-0.018639212,-0.022606755,-0.02518214,-0.02722783,-0.030554527,-0.03351941,-0.033676125,-0.033609632,-0.03613471,-0.037433226,-0.04065246,-0.042960376,-0.044340245,-0.045322686,-0.050280113,-0.052179277,-0.055502236,-0.05451859,-0.055692047,-0.05703766,-0.059705757,-0.061522562,-0.064089164,-0.06601469,-0.06984,-0.076828144,-0.07793762,-0.082176454,-0.080686435,-0.08183955,-0.0853466,-0.08794687,-0.08664196,-0.0878831,-0.091435075,-0.09557783,-0.0969264,-0.09705438,-0.095775746,-0.09780219,-0.099318534,-0.10186247,-0.103594854,-0.10451354,-0.10563403,-0.1053171,-0.10329144,-0.10464773,-0.10789877,-0.10934267,-0.11383774,-0.116377234,-0.115087405,-0.114642784,-0.115194224,-0.11184673,-0.11355802,-0.115548946,-0.11635262,-0.118111946,-0.11844357,-0.11868193,-0.1157407,-0.11434503,-0.118901215,-0.11780814,-0.121807516
84,2.0353057,2.0274158,2.0207734,2.0140147,2.0009654,1.989348,1.9841759,1.9791815,1.9743621,1.9672045,1.955436,1.9499222,1.9415379,1.9350752,1.9313192,1.9303064,1.9253483,1.9183915,1.9118649,1.9133619,1.9123487,1.91358,1.9119625,1.9079177,1.9066126,1.9046619,1.9024118,1.8970244,1.8954937,1.8935919,1.8925635,1.8906357,1.8907106,1.8911798,1.8870144,1.8855059,1.8791826,1.8784885,1.877252,1.8741013,1.8745699,1.8722824,1.8703835,1.8713772,1.8682153,1.8677824,1.8676748,1.8645506,1.8633302,1.8628715,1.8598766,1.858752,1.8564711,1.8525603,1.8538954,1.8552094,1.8539274,1.8546807,1.8552539,1.8544807,1.857147,1.8546531,1.8548248,1.8518568,1.8490394,1.8455362,1.849098,1.8461701,1.846599,1.8443909,1.8440521,1.8420388,1.8405911,1.842259,1.841656,1.8418738,1.8454891,1.8424714,1.8407831,1.8408285,1.8391936,1.8364837,1.8351406,1.8359588,1.8398631,1.8457686,1.8500458,1.8535923,1.8532717,1.8511505,1.8530858,1.8567845,1.8585984,1.8575758,1.8586829,1.861747,1.8614788,1.8636453,1.8638054,1.8629372,1.8662373,1.8654404,1.8677527,1.8687979,1.8692944,1.8728096,1.8745844,1.8785776,1.8783207,1.8756062,1.8785645,1.8790798,1.8803304,1.8821619,1.8824337,1.8833345,1.8828443,1.8873577,1.8922021,1.8899908
85,0.16949226,0.17486084,0.177648,0.18403682,0.18867044,0.19121775,0.19411734,0.2009478,0.20683043,0.20899168,0.21772102,0.21876056,0.2241592,0.22491463,0.22987728,0.23227665,0.2314142,0.23632081,0.23908862,0.24652629,0.24758506,0.25299236,0.2561915,0.261777,0.26680598,0.27240825,0.2793657,0.2811962,0.28753272,0.2941001,0.3002987,0.30596548,0.30931196,0.31603512,0.32169378,0.32827887,0.32982978,0.33732313,0.34331983,0.346922,0.35183078,0.35881612,0.36320156,0.36814207,0.37128806,0.37358397,0.37879288,0.3834272,0.38842866,0.3916641,0.3958123,0.4010114,0.4061699,0.41239482,0.41879997,0.42659825,0.43480045,0.43872443,0.4447642,0.4490265,0.4530193,0.45550084,0.46142212,0.46596083,0.4705699,0.47599506,0.48294133,0.49114022,0.49725348,0.5035151,0.5111232,0.51606095,0.5209902,0.52850306,0.53191924,0.5361783,0.54249656,0.5486773,0.5524782,0.5550636,0.56253195,0.5625309,0.56471527,0.5688672,0.5787151,0.58480644,0.5924877,0.60035414,0.60467744,0.6118706,0.61915976,0.6254653,0.6305219,0.6348124,0.6380679,0.6426821,0.6479817,0.6539853,0.6587253,0.6691326,0.6759362,0.6802038,0.68787986,0.6903477,0.6962255,0.70382893,0.70842946,0.7137313,0.7189168,0.72594273,0.73174155,0.7333635,0.73692524,0.7420937,0.7479451,0.7537001,0.7581159,0.7660716,0.7754846,0.7853455
86,2.076109,2.0603158,2.0486596,2.0448103,2.030137,2.0242372,2.0170908,2.0126,2.000565,1.9952688,1.9806955,1.974308,1.9576185,1.9490101,1.9411331,1.9358294,1.9297912,1.9196241,1.9118952,1.9050617,1.9026899,1.9025297,1.8948511,1.8892984,1.8888912,1.8854554,1.8823824,1.87726,1.8720766,1.8709011,1.8684206,1.8628778,1.8597257,1.8552771,1.8503832,1.8472542,1.8382008,1.8374808,1.8335365,1.8292555,1.8266628,1.8212726,1.8195598,1.815376,1.808934,1.806175,1.8000288,1.7935829,1.7875783,1.7839617,1.7802109,1.7792155,1.7790626,1.7756428,1.7734932,1.7698972,1.7662922,1.7666328,1.7628111,1.7607199,1.7555363,1.7525537,1.7504971,1.7533605,1.753752,1.7479374,1.7472702,1.7378689,1.7330205,1.7296259,1.7278497,1.720866,1.7171118,1.7122848,1.7062953,1.698807,1.6975552,1.6946951,1.6913853,1.6885521,1.6852083,1.6816521,1.6763493,1.6715701,1.6686392,1.6611027,1.6589763,1.6550491,1.6521657,1.6446047,1.6379917,1.6312695,1.6302302,1.6224992,1.6238592,1.6191286,1.619129,1.6153711,1.605458,1.5972275,1.5924394,1.5850701,1.5777462,1.5725784,1.5676899,1.5626415,1.5584668,1.5563906,1.5506623,1.5457143,1.5434597,1.5402681,1.534078,1.5279287,1.5206951,1.5153881,1.5131651,1.5097373,1.5090067,1.4986638
87,0.37586787,0.37339228,0.3766082,0.37749538,0.37600547,0.3775428,0.38222426,0.38650984,0.38550654,0.3902201,0.3898874,0.39393452,0.39556912,0.4003706,0.40232977,0.4079134,0.41164574,0.41200987,0.42115292,0.42758608,0.435114,0.44394588,0.44900554,0.45311967,0.45744953,0.46208516,0.47147927,0.47391662,0.4833576,0.49144357,0.49734426,0.5024357,0.5089039,0.5147568,0.52203333,0.52680254,0.5317918,0.53776026,0.5425227,0.5485946,0.5541322,0.55690825,0.5607451,0.56453055,0.5697124,0.57676846,0.5845473,0.5913974,0.5988794,0.6045057,0.60805535,0.612887,0.6180811,0.6199696,0.6266154,0.63330805,0.6384258,0.6428086,0.64979446,0.65170515,0.6574646,0.6625595,0.6684937,0.6733953,0.6770471,0.68240845,0.69175154,0.69178677,0.6982196,0.70454705,0.70976746,0.7131369,0.7111038,0.7181543,0.72078764,0.72146124,0.72771275,0.73657644,0.74416316,0.7517706,0.76170844,0.76559484,0.7754979,0.77798164,0.7837428,0.784568,0.791588,0.79742604,0.7992174,0.8020412,0.80835164,0.814411,0.8177012,0.8218929,0.8251516,0.8307873,0.83961517,0.8412899,0.84411633,0.8431527,0.84752953,0.84953594,0.85056067,0.8528186,0.8538923,0.863746,0.87286055,0.87590426,0.87752545,0.87868977,0.8749933,0.87901753,0.8766135,0.87723696,0.8824428,0.8828279,0.88783646,0.8943359,0.9019176,0.9057244
88,1.4734172,1.4757106,1.476999,1.4800546,1.4794403,1.4809262,1.4838908,1.489304,1.4928744,1.4971291,1.4952962,1.4981296,1.4945045,1.4953797,1.4977543,1.501211,1.504693,1.5027845,1.5108942,1.5149031,1.518811,1.5266142,1.5315111,1.5391444,1.5447748,1.5488522,1.5537951,1.5585474,1.5655595,1.575623,1.5794768,1.5863047,1.5909594,1.5939467,1.5982056,1.6001723,1.6022768,1.6085873,1.6162859,1.6192108,1.6260512,1.6307802,1.63841,1.6461046,1.6545646,1.6611242,1.6663759,1.6742437,1.6802431,1.6855341,1.6923847,1.6959136,1.6988891,1.7037513,1.709251,1.7189639,1.7213879,1.7267866,1.735976,1.7379644,1.7431294,1.7451293,1.7517201,1.7526039,1.7527523,1.7557867,1.7647171,1.7647215,1.7753928,1.7790225,1.7806852,1.7871587,1.791728,1.797074,1.802182,1.8065662,1.8140777,1.8173907,1.8235824,1.8274997,1.8323152,1.8357441,1.8464234,1.849919,1.8522251,1.8570206,1.8632412,1.86901,1.8652884,1.8683506,1.8722401,1.8743862,1.8795704,1.879986,1.88082,1.8890045,1.8973163,1.9022777,1.9034525,1.904018,1.9040134,1.9077584,1.910341,1.9123487,1.9148651,1.9206988,1.925308,1.9291929,1.9308668,1.9314153,1.9343287,1.9368875,1.9298061,1.9291704,1.9296662,1.929445,1.9344642,1.9398508,1.9478592,1.9463068
89,1.0003784,0.9876286,0.97831374,0.9701115,0.96095115,0.95227176,0.94180536,0.93181735,0.9251193,0.9166651,0.902184,0.89355433,0.8807105,0.87233144,0.8625182,0.85408354,0.8447107,0.8348274,0.8284402,0.82363415,0.81759626,0.8129884,0.8065513,0.8008415,0.7964919,0.7932452,0.78881294,0.7837135,0.77764213,0.7740914,0.7683317,0.7658001,0.7618057,0.7603754,0.75786984,0.7523112,0.7469118,0.74256843,0.73685503,0.73296297,0.72913903,0.7246445,0.71868145,0.71154445,0.70626235,0.70392567,0.70100147,0.70004714,0.6984457,0.698081,0.69488513,0.6936622,0.69118685,0.6910147,0.6906258,0.69099504,0.6900407,0.6899923,0.6905345,0.6895876,0.6916129,0.6912473,0.6914135,0.69174755,0.689633,0.68809974,0.6905846,0.68819433,0.68316364,0.6827796,0.6820382,0.68225694,0.68538356,0.6831974,0.679136,0.6779642,0.68151057,0.6819656,0.6840241,0.6826683,0.6825072,0.68223196,0.6804112,0.6827625,0.68148077,0.68073267,0.6844418,0.68816143,0.689031,0.68871963,0.68673575,0.6899347,0.6905035,0.6897256,0.69395846,0.6944063,0.6978019,0.69508916,0.6922411,0.6936139,0.6958839,0.7013176,0.7021086,0.70890635,0.7104548,0.717411,0.7235292,0.7277493,0.73375034,0.73410404,0.73636734,0.7394415,0.7445729,0.7485385,0.75330263,0.7550193,0.75722516,0.7601313,0.7621747,0.76452696
90,1.8045552,1.790178,1.7743177,1.7571892,1.7414083,1.7240254,1.7107189,1.6955801,1.6790081,1.6603247,1.6378357,1.6190453,1.6051748,1.5884274,1.5719287,1.5622638,1.5509069,1.5317876,1.5213823,1.5067792,1.4979236,1.4905555,1.4787107,1.4651308,1.4551961,1.4445822,1.4349322,1.4172423,1.4149116,1.4041407,1.3958007,1.3870432,1.3811417,1.3726673,1.3631055,1.3517778,1.34005,1.3303055,1.320143,1.3084621,1.3008065,1.2910693,1.280318,1.2708318,1.2602017,1.2532324,1.2432513,1.2336658,1.2266954,1.2228979,1.2160739,1.212205,1.2049223,1.1970748,1.1927513,1.1861455,1.1813331,1.178054,1.174849,1.1709162,1.1699066,1.1615107,1.1548183,1.14707,1.1406302,1.1326339,1.1308622,1.1250641,1.115469,1.1096437,1.1036634,1.0956073,1.087711,1.0850809,1.0803245,1.0757866,1.0741059,1.0706513,1.0663927,1.0633866,1.0567882,1.0518353,1.0456572,1.0450034,1.0428536,1.0365784,1.035722,1.0311826,1.025976,1.0186412,1.017278,1.0118968,1.0090796,1.0075346,1.0034598,1.0017612,1.0017945,0.9975551,0.9945941,0.98906213,0.9881514,0.9892837,0.98556536,0.98452127,0.98095626,0.9831746,0.9824991,0.97963667,0.98109543,0.97520417,0.96914065,0.9682411,0.9630111,0.96130675,0.96554947,0.95943755,0.95773953,0.9554663,0.95029896,0.9426783
91,1.9962927,1.9846575,1.9737504,1.9673932,1.9592488,1.9540224,1.9516484,1.9436041,1.9369026,1.9267447,1.9100672,1.9003899,1.8921417,1.8850794,1.8778635,1.8690903,1.8619035,1.8518871,1.8460636,1.8399941,1.8339163,1.8342005,1.8275859,1.8183458,1.8119265,1.8077466,1.8043642,1.7941443,1.7881863,1.7855285,1.7812693,1.7764018,1.7715952,1.7691705,1.7641208,1.7575651,1.7461466,1.7427496,1.7377625,1.7294834,1.7257458,1.7210257,1.7169384,1.7107246,1.7016904,1.6998003,1.6949155,1.687714,1.6844299,1.6794153,1.6700789,1.6690576,1.6642412,1.6560408,1.6536102,1.6494238,1.646542,1.6463797,1.6439011,1.6439053,1.6414648,1.634881,1.6303651,1.6270097,1.6258951,1.6187032,1.617358,1.6106793,1.605732,1.6040871,1.5988929,1.5948045,1.5928934,1.5910223,1.5890338,1.580577,1.5813527,1.5798361,1.5768036,1.5753034,1.5698332,1.5691168,1.5653284,1.5640571,1.5586233,1.5533588,1.5539106,1.5494986,1.5430304,1.5389161,1.5327628,1.5312756,1.5277346,1.52191,1.5209686,1.5181516,1.5164328,1.5146893,1.5096695,1.5083213,1.5052686,1.4998609,1.499089,1.495494,1.4895132,1.4890518,1.4898957,1.488457,1.4863135,1.4782655,1.4686716,1.4663956,1.4641548,1.4605898,1.4579287,1.4514287,1.4478927,1.4478397,1.4448555,1.4426844
92,2.802986,2.785352,2.7735515,2.7593088,2.742501,2.7266393,2.7165697,2.699054,2.686178,2.672989,2.6549084,2.644451,2.6319091,2.6172082,2.6053827,2.5962296,2.5874383,2.5770545,2.562179,2.554339,2.5484703,2.5484684,2.538266,2.5271144,2.5191946,2.5111172,2.509564,2.500341,2.4917138,2.4868536,2.4791656,2.473577,2.4671202,2.4613004,2.4523878,2.443987,2.43207,2.4265351,2.4200528,2.4105372,2.402992,2.3930695,2.388842,2.3808131,2.3700624,2.3625836,2.3581536,2.346316,2.3400235,2.3351598,2.3224578,2.3177562,2.3108578,2.304469,2.298553,2.2914643,2.281715,2.2775588,2.270561,2.270548,2.2670426,2.2546687,2.2486598,2.242495,2.2349887,2.2249749,2.222559,2.2141361,2.2044768,2.1983113,2.1908774,2.1826472,2.180037,2.1786702,2.170342,2.1642594,2.1620433,2.1603334,2.1531374,2.1427257,2.1402555,2.1359012,2.1310747,2.1284423,2.122648,2.1188703,2.1178424,2.1122117,2.1085343,2.1058364,2.0973394,2.0932395,2.0878675,2.0816746,2.0797896,2.0805488,2.0806723,2.0754843,2.0701995,2.063942,2.0588923,2.049665,2.0427544,2.0371127,2.031236,2.0266967,2.0304935,2.0245261,2.0200427,2.012079,2.0023527,1.9984535,1.9869417,1.9801079,1.9713039,1.9639218,1.9620402,1.9580549,1.95563,1.9507885
93,1.4411765,1.428311,1.4144051,1.400534,1.3904891,1.3796518,1.3698937,1.3564664,1.3449961,1.337565,1.3253906,1.3137394,1.3026844,1.2894628,1.2821623,1.27688,1.2646563,1.2527255,1.2455952,1.2363884,1.2287797,1.2233086,1.2126206,1.2041867,1.1965592,1.1873279,1.1803505,1.1692135,1.1628708,1.1575212,1.1494753,1.1402872,1.1343892,1.1267114,1.1172256,1.1068083,1.1008749,1.0902822,1.0859082,1.0795447,1.0709335,1.0626708,1.0570195,1.0529281,1.0465089,1.0410675,1.0338458,1.0304434,1.025945,1.0205345,1.014251,1.0101988,1.003133,0.9980067,0.99036664,0.98596394,0.98247707,0.9784745,0.9758714,0.969017,0.9639826,0.95890534,0.95645016,0.9539405,0.94547254,0.93993455,0.93332064,0.92544603,0.92245597,0.9168094,0.91060066,0.9071835,0.90063447,0.8930675,0.886732,0.8825647,0.8794271,0.8775042,0.876778,0.8770733,0.8740225,0.8675809,0.8602665,0.8545356,0.8539942,0.8465656,0.84368736,0.84096956,0.8361142,0.8345467,0.8302557,0.8272883,0.8244855,0.81767416,0.814818,0.8114201,0.8095889,0.8085073,0.8059409,0.8001671,0.7954954,0.7921637,0.7882176,0.78834116,0.78290904,0.78070164,0.7760974,0.7745006,0.7734817,0.7701212,0.7682761,0.7671851,0.7653574,0.76451325,0.76626796,0.7649158,0.7635833,0.76567584,0.76584625,0.7622356
94,2.4717066,2.4524055,2.434111,2.414838,2.3942235,2.3762918,2.3633883,2.3463135,2.3292494,2.3132358,2.287779,2.2742581,2.2602916,2.2377772,2.2240252,2.212357,2.1950305,2.1746259,2.1609547,2.1481955,2.1373181,2.128571,2.1156573,2.1045833,2.0943303,2.08297,2.0731149,2.0576434,2.0466578,2.0382276,2.0269284,2.0164638,2.0091763,1.9968847,1.9876894,1.977588,1.9637976,1.9531714,1.944944,1.9360157,1.9266335,1.917505,1.9039627,1.8932117,1.8826735,1.8759439,1.8675079,1.861418,1.8545315,1.8453434,1.8323424,1.8264433,1.815547,1.8012749,1.7953129,1.7919943,1.7844524,1.7769051,1.7691028,1.762378,1.7560863,1.7498426,1.7415451,1.7319463,1.7227329,1.7140625,1.7093651,1.6986974,1.6884377,1.6815603,1.6712843,1.6618986,1.6518402,1.6474907,1.6362394,1.6263819,1.621629,1.6142559,1.6077359,1.6045603,1.6006521,1.5956233,1.5875748,1.5839168,1.5799936,1.5727252,1.5707651,1.5710387,1.5672863,1.5595372,1.5583661,1.552371,1.5481132,1.5450499,1.5363982,1.5286286,1.5257794,1.5171438,1.5189021,1.5186545,1.5135586,1.5070646,1.5028845,1.4980774,1.4915565,1.4850028,1.4799017,1.4750187,1.4756329,1.4684231,1.4581444,1.4496515,1.4454534,1.4417717,1.4350888,1.4318104,1.4286604,1.4311879,1.4306415,1.4254714
95,1.6903365,1.6840906,1.6779182,1.67029,1.6593666,1.6534601,1.6459404,1.6400251,1.6318014,1.6257231,1.6170619,1.6171051,1.6144348,1.6102135,1.606497,1.6024544,1.6008356,1.5948983,1.5933218,1.5940808,1.5944183,1.5954925,1.5946753,1.5903795,1.5919673,1.5879972,1.5874546,1.5826697,1.5808268,1.5836711,1.5776151,1.5767947,1.5777787,1.5748008,1.5738593,1.5743234,1.5686212,1.5647843,1.5656685,1.5620466,1.5624406,1.5590913,1.5572813,1.5548561,1.5531099,1.5537342,1.5511494,1.5508533,1.5499338,1.5484421,1.552056,1.5544726,1.5540323,1.5504305,1.549344,1.5525116,1.5544019,1.5550522,1.5546435,1.5558705,1.5564634,1.5502758,1.548523,1.5480697,1.549655,1.5510219,1.5562594,1.5568134,1.5556679,1.5554163,1.5512545,1.5513899,1.5539514,1.5564638,1.5565499,1.5537508,1.5554504,1.5533481,1.5563576,1.5544088,1.5561059,1.5622838,1.562998,1.5663929,1.5699923,1.5716401,1.5761188,1.5802338,1.5827534,1.5780216,1.5785682,1.5795438,1.5778925,1.5725478,1.5760261,1.5737537,1.5792489,1.5803459,1.5864949,1.5861902,1.5905035,1.593653,1.5961173,1.5984595,1.5954738,1.598644,1.6040704,1.6033999,1.6096647,1.6153204,1.6149127,1.6140969,1.6113083,1.6110846,1.6101887,1.6106058,1.61597,1.6204319,1.6277258,1.6297271
96,1.8391482,1.8199383,1.8046052,1.7871317,1.7653507,1.747715,1.7332468,1.7218329,1.713887,1.7023265,1.6859779,1.6738163,1.6572052,1.6437773,1.6303654,1.6212063,1.6110684,1.601317,1.5882485,1.5775976,1.572851,1.5674574,1.5569139,1.5481807,1.5413158,1.5345825,1.5269668,1.5177925,1.5093629,1.506156,1.4988534,1.4938347,1.4890497,1.4783685,1.4721432,1.4617251,1.453701,1.449788,1.4418405,1.4326054,1.4255577,1.4152578,1.406439,1.3965544,1.3891007,1.3836062,1.3774045,1.3709574,1.3671676,1.3631778,1.3543279,1.3514795,1.3445381,1.3407578,1.3350382,1.3314626,1.3253958,1.3218157,1.3161538,1.3097858,1.3052483,1.2942164,1.2888368,1.2837851,1.2808332,1.2734915,1.268623,1.2602627,1.2565914,1.2474499,1.2439312,1.2396843,1.2338662,1.229645,1.228272,1.2200263,1.2154865,1.2096473,1.2070198,1.2030275,1.1948435,1.188772,1.181836,1.177962,1.175134,1.1714237,1.1687057,1.1626316,1.1528213,1.1447179,1.1345532,1.132156,1.12879,1.1230023,1.116583,1.1118805,1.1080378,1.1063067,1.1027567,1.0958679,1.09259,1.0877059,1.0858034,1.0808077,1.0727276,1.0689523,1.0639932,1.0607969,1.0636859,1.0586461,1.0529228,1.0450361,1.0459292,1.0396125,1.0332675,1.030314,1.024451,1.0222147,1.0251995,1.011287
97,1.1363994,1.1239457,1.118921,1.1170732,1.1075766,1.1010357,1.0960567,1.0923063,1.0841224,1.0783175,1.0700831,1.0655925,1.0570595,1.0535016,1.048376,1.047375,1.0431364,1.0357655,1.0292329,1.0287207,1.0250651,1.0246093,1.0224799,1.0202618,1.0193243,1.0176157,1.0135361,1.0107875,1.007567,1.0076289,1.0004108,0.9954178,0.99244535,0.9917385,0.9884285,0.9862648,0.9823163,0.98034114,0.97497195,0.97349185,0.9696167,0.96436757,0.9598834,0.95749396,0.95264566,0.95106363,0.94544995,0.94243556,0.9372555,0.93369275,0.93133754,0.9295537,0.9212636,0.9158285,0.9134549,0.9113534,0.91015816,0.90845454,0.9067522,0.90051425,0.8985281,0.89664614,0.895282,0.8944829,0.8924074,0.8857918,0.8864177,0.8767363,0.871119,0.86471236,0.8599693,0.85472727,0.8497032,0.8460663,0.8422106,0.8388149,0.84089136,0.8363636,0.83373725,0.830371,0.82486945,0.82260716,0.8177422,0.8140068,0.8070544,0.80292094,0.8026702,0.79881537,0.79316586,0.7875681,0.78368986,0.7787273,0.77516586,0.7673419,0.76432276,0.75987184,0.7559675,0.7514564,0.741927,0.73593223,0.73086476,0.72376835,0.7177044,0.71741074,0.7099743,0.70608073,0.7006779,0.7006295,0.69848204,0.6974664,0.6927434,0.69310933,0.68974936,0.6876623,0.68004686,0.6823398,0.67690885,0.67359626,0.67002904,0.6664523
98,0.5327291,0.51811373,0.5084095,0.50406,0.49252868,0.48167855,0.4755396,0.4739398,0.46907225,0.46134037,0.45503157,0.4501222,0.44061413,0.43745804,0.42903486,0.42956075,0.4251317,0.4222026,0.41442123,0.41285592,0.41102543,0.4073697,0.4041461,0.40293512,0.40244994,0.4014836,0.39790726,0.38982493,0.38694686,0.38730094,0.38487342,0.3820824,0.37928325,0.37818384,0.37100393,0.3650983,0.36175182,0.35971957,0.35358375,0.35276854,0.3466164,0.34397548,0.33892804,0.3367964,0.33457142,0.32763726,0.32686302,0.3261404,0.32147363,0.3190719,0.31748578,0.31575757,0.3133407,0.31245127,0.31214887,0.312733,0.31196648,0.31133386,0.3076226,0.3049701,0.3055915,0.3048966,0.30339444,0.2998264,0.29980648,0.2893691,0.28889033,0.28183073,0.27801234,0.2748968,0.27512652,0.2749396,0.27230152,0.27442685,0.27269202,0.27204722,0.2726578,0.2683515,0.26723155,0.26486218,0.25733027,0.25520104,0.25220263,0.24994758,0.24948904,0.24823555,0.24564843,0.24317804,0.24058552,0.23546775,0.23323679,0.23396619,0.22987743,0.22534287,0.2210962,0.21757455,0.21913926,0.21686749,0.21405597,0.21267419,0.21428323,0.21550071,0.21783054,0.217634,0.21392508,0.21105178,0.20845258,0.20432416,0.20554897,0.20375447,0.20594041,0.20774636,0.2128911,0.21279922,0.20736372,0.20790045,0.2096776,0.20522583,0.20591891,0.20794062
99,1.8119447,1.8075914,1.803541,1.7973989,1.7949009,1.7891929,1.7871109,1.7835096,1.7785248,1.7745779,1.7667725,1.7653917,1.756026,1.7494698,1.749334,1.7433326,1.7412455,1.7407429,1.7364247,1.7375524,1.7387209,1.741235,1.7415011,1.7395782,1.7390926,1.7420073,1.7425015,1.7393366,1.7409195,1.7454302,1.7454765,1.7475144,1.7484499,1.7474483,1.7455513,1.746975,1.7397842,1.7447901,1.7455038,1.7462591,1.7439358,1.7409321,1.7416608,1.741923,1.7415234,1.743108,1.741296,1.7443054,1.743891,1.744373,1.7416986,1.7450631,1.738629,1.7385464,1.7408247,1.7403158,1.7413687,1.7442652,1.7456204,1.7463863,1.7470067,1.7445303,1.7464215,1.748115,1.7463152,1.7470462,1.7539933,1.7589871,1.7585211,1.75822,1.7572047,1.7516406,1.748675,1.7511797,1.7463804,1.7443078,1.7459946,1.749253,1.7521741,1.750495,1.7493966,1.7509584,1.7526554,1.7539747,1.7569298,1.7597984,1.7620935,1.7663043,1.7695873,1.7686541,1.7705721,1.7703531,1.7714214,1.7746063,1.773806,1.7721106,1.772241,1.7720629,1.7671995,1.7649071,1.7684323,1.7644765,1.7674996,1.7716233,1.7690437,1.7765415,1.7778391,1.7765478,1.7802413,1.7831764,1.780014,1.7794949,1.7843345,1.7881229,1.7921696,1.7872975,1.7873646,1.7935216,1.7985449,1.7973325
100,1.8432181,1.8323634,1.8210204,1.8124905,1.7996147,1.7878923,1.7805725,1.774321,1.7669408,1.7597425,1.7449108,1.7408388,1.7345186,1.7229292,1.7102982,1.705459,1.7000933,1.6924782,1.685057,1.6821896,1.6783578,1.6785929,1.673041,1.6689894,1.6679627,1.6660665,1.6636788,1.6568954,1.6563629,1.653671,1.6466167,1.6437948,1.6400375,1.6373008,1.6353556,1.63055,1.6248938,1.6250277,1.6194397,1.6132196,1.6093884,1.6018441,1.595475,1.5933849,1.5859654,1.5835211,1.5807015,1.5762035,1.5757738,1.5776502,1.5743684,1.5742996,1.5681089,1.5632622,1.5621622,1.55864,1.5581863,1.5566962,1.5561107,1.5566908,1.5564786,1.5520756,1.5509732,1.5461956,1.5432925,1.5412128,1.544504,1.5393107,1.5335182,1.5294659,1.5298519,1.5294995,1.5272734,1.5273806,1.5224088,1.518618,1.5188806,1.5158546,1.5161755,1.5156875,1.516278,1.5180162,1.5189462,1.5202045,1.5178847,1.5161598,1.5169809,1.5174848,1.5154622,1.5101402,1.512872,1.5117028,1.5081863,1.5081338,1.5099971,1.507723,1.5089877,1.5061663,1.5041807,1.5005313,1.5029268,1.5003655,1.4952422,1.4939419,1.4912636,1.4917015,1.4951514,1.4964396,1.4967153,1.4941919,1.4878833,1.4816605,1.4762866,1.4752401,1.4711865,1.4648559,1.4651716,1.4645214,1.4680512,1.4625763
101,1.8272293,1.824837,1.8239005,1.81896,1.8120714,1.807744,1.8068197,1.8069582,1.801377,1.8003838,1.7927046,1.7925098,1.7920654,1.7889054,1.7857428,1.7832435,1.7803911,1.7793741,1.7717898,1.7720554,1.7670174,1.7679465,1.7691948,1.769845,1.7702087,1.7710478,1.7730331,1.7654709,1.7638543,1.7672834,1.7655777,1.7686021,1.7693316,1.7673099,1.76682,1.7693535,1.7668425,1.7671747,1.769652,1.7706352,1.7719367,1.774163,1.7690356,1.7699153,1.7735007,1.7757632,1.7739935,1.7747618,1.7731717,1.7744516,1.7723618,1.7736304,1.7745386,1.7739894,1.7765995,1.7810211,1.7819111,1.7839947,1.785112,1.7854446,1.7874867,1.7871501,1.7881863,1.7907009,1.7920523,1.7926317,1.7976167,1.7917007,1.7928,1.7925762,1.7889252,1.7872337,1.7881502,1.791248,1.790219,1.7870384,1.7895483,1.7888434,1.7915924,1.790662,1.7931681,1.7968403,1.7948157,1.7914312,1.7931926,1.7934653,1.7997141,1.8013141,1.8003315,1.799111,1.7979362,1.7966278,1.7999048,1.7963345,1.7969888,1.7963572,1.7988465,1.7991045,1.797774,1.798987,1.7975197,1.7975502,1.7988479,1.7967112,1.7931458,1.8009516,1.798105,1.7979479,1.7995694,1.8004951,1.8013618,1.8022835,1.7909607,1.7915447,1.790955,1.7870308,1.7871081,1.7914902,1.7968113,1.7982982
102,2.0431216,2.031858,2.0257485,2.0180044,2.0083737,1.9996427,1.9952711,1.9907246,1.9871098,1.9793059,1.9722033,1.968141,1.9587138,1.9509588,1.9480301,1.9499279,1.944925,1.9347031,1.9295346,1.9301246,1.9306332,1.9324532,1.9272467,1.922479,1.9217765,1.9223707,1.9206445,1.9166765,1.9118817,1.9128714,1.9085764,1.9095192,1.9101398,1.9095904,1.9073929,1.9032643,1.9033802,1.9039673,1.9020259,1.9009323,1.9033148,1.89951,1.8967426,1.8956168,1.893219,1.8927565,1.8916671,1.8913151,1.8906393,1.8927723,1.8863964,1.8884389,1.887572,1.8868988,1.887352,1.8906004,1.8899847,1.8941923,1.8943281,1.8929869,1.8965323,1.8936031,1.895064,1.8940637,1.893356,1.8940796,1.8948435,1.8932102,1.8935308,1.8922393,1.8917662,1.8880208,1.8849924,1.8866003,1.8859755,1.8843435,1.887759,1.8873622,1.8899292,1.8883419,1.8864613,1.8864874,1.8850037,1.8836895,1.8835688,1.8859705,1.8881785,1.8878553,1.8869358,1.8882017,1.8842682,1.8886793,1.8904636,1.889761,1.8907652,1.8932259,1.896127,1.8980901,1.8970127,1.8965021,1.89702,1.8962551,1.8927196,1.8961023,1.8949349,1.8945545,1.8999717,1.907189,1.9060526,1.9031073,1.897466,1.9008086,1.9031738,1.901977,1.9011377,1.8997389,1.900217,1.9018471,1.9050496,1.90181
103,1.4260523,1.4018248,1.3872979,1.3690201,1.3499974,1.3304145,1.3166372,1.2988963,1.284789,1.2734463,1.2547514,1.2426943,1.2268566,1.2126567,1.1992058,1.1879165,1.1757848,1.1587276,1.1468043,1.1358434,1.126519,1.1193656,1.1062794,1.0966367,1.0867889,1.0771122,1.063669,1.0514542,1.0386635,1.0333296,1.0253924,1.0152127,1.0052202,0.9944347,0.9848202,0.9724771,0.9592574,0.9466516,0.9379915,0.9261552,0.9170284,0.90807325,0.9021742,0.8971632,0.8856304,0.8795293,0.8732773,0.86504996,0.85743743,0.8507234,0.8410885,0.837714,0.8264329,0.814021,0.8064041,0.8025662,0.79531944,0.78984773,0.78471136,0.77501374,0.76829696,0.7602713,0.7517131,0.7423877,0.73740923,0.7277114,0.72361434,0.7147387,0.7105979,0.70373124,0.6970281,0.68834734,0.67759997,0.670823,0.66441536,0.6584743,0.65407693,0.6478852,0.64372456,0.63908654,0.63443714,0.62509334,0.61494344,0.61013067,0.6027252,0.5980705,0.5967431,0.59282935,0.58748585,0.5860513,0.58073556,0.57778984,0.57045895,0.56391823,0.556279,0.5550982,0.5551216,0.55452347,0.55600435,0.55262506,0.5497107,0.54506093,0.5480546,0.54467237,0.5434978,0.54428154,0.54341936,0.5406107,0.5352137,0.5332147,0.5328721,0.5297812,0.5267016,0.52484405,0.51934683,0.5141578,0.51420903,0.5116483,0.50891006,0.49937826
104,0.07757794,0.06708494,0.054689318,0.049662545,0.032677144,0.018799348,0.009153038,0.0007706318,-0.006226062,-0.015824374,-0.025530607,-0.033286553,-0.044597026,-0.048826445,-0.05097605,-0.05884527,-0.06780126,-0.077619314,-0.08790023,-0.092018366,-0.10104652,-0.1076353,-0.11507789,-0.12450194,-0.12864648,-0.13736597,-0.14057791,-0.14869119,-0.15169795,-0.15364724,-0.1578433,-0.1631265,-0.16948691,-0.17451368,-0.1818181,-0.18662104,-0.19529611,-0.19771378,-0.20329753,-0.21232204,-0.21985626,-0.22632346,-0.23379476,-0.2371212,-0.2407331,-0.24672163,-0.2506156,-0.25492123,-0.2601121,-0.26770976,-0.27672487,-0.28164572,-0.2862471,-0.2952542,-0.30011424,-0.30832267,-0.31127852,-0.3163877,-0.3225983,-0.32849666,-0.33525977,-0.34380138,-0.3500914,-0.35762492,-0.36563146,-0.37307483,-0.3789578,-0.39038354,-0.39489922,-0.39944792,-0.40432137,-0.40830088,-0.4121508,-0.41859937,-0.4267312,-0.4341444,-0.4386521,-0.44908595,-0.45363933,-0.4594105,-0.46245652,-0.4679181,-0.4735828,-0.48200375,-0.48553482,-0.489886,-0.49596524,-0.49832457,-0.5041054,-0.5078551,-0.51108855,-0.5136191,-0.52171737,-0.52826047,-0.5349161,-0.540455,-0.5458144,-0.54847944,-0.5565922,-0.5660711,-0.5734836,-0.5810918,-0.58401823,-0.5878552,-0.5936574,-0.5962194,-0.59891343,-0.597606,-0.59790105,-0.6055201,-0.6118456,-0.6192114,-0.6252374,-0.6321142,-0.6303507,-0.6335078,-0.63869035,-0.6418446,-0.64032954,-0.6408365
105,0.37876725,0.37554708,0.36930203,0.3651976,0.36147135,0.3526427,0.34836736,0.34446967,0.34006384,0.33311567,0.3269175,0.3237961,0.32278088,0.32030338,0.3156218,0.3145139,0.3111481,0.30480105,0.300719,0.2963676,0.29582292,0.29524758,0.28940096,0.28782788,0.2851804,0.2833094,0.2841103,0.28264117,0.28439605,0.28054428,0.27966785,0.27946347,0.27872866,0.277143,0.27760938,0.2753777,0.27349022,0.27154374,0.2696477,0.2648304,0.26159313,0.2561873,0.2554403,0.25587103,0.25338238,0.25059748,0.24791057,0.24895474,0.2465719,0.24440584,0.24326989,0.24502453,0.2424328,0.24138951,0.24268584,0.23983273,0.24134362,0.24303854,0.2410903,0.24131095,0.24178568,0.23832746,0.23984282,0.23898141,0.23714009,0.2374258,0.23829357,0.23941211,0.2430383,0.24291721,0.24732423,0.24894857,0.2498807,0.25315043,0.25368837,0.2523776,0.25125223,0.2493066,0.24903993,0.24943192,0.2473021,0.24691895,0.2482084,0.24972904,0.2455066,0.2466226,0.24745801,0.24664104,0.2477384,0.24715534,0.24880023,0.2490857,0.25091302,0.25024602,0.24901061,0.25292572,0.25134668,0.2533905,0.25066578,0.25130638,0.25524455,0.2556149,0.25814486,0.259991,0.26210406,0.26081294,0.26374415,0.26891893,0.2729543,0.27566916,0.2807057,0.28449482,0.285932,0.28908986,0.28906518,0.2914922,0.2972,0.30017543,0.29958123,0.30185917
106,1.20348,1.1941808,1.1835173,1.1759509,1.1667492,1.1555212,1.1501687,1.1430706,1.135267,1.1319185,1.1216664,1.1113175,1.1043526,1.0937669,1.0796779,1.0757082,1.0649731,1.0568964,1.051031,1.047018,1.0419643,1.0385048,1.030012,1.0280764,1.0220387,1.0178586,1.0119396,1.0014659,0.99647963,0.9930879,0.9877971,0.98159134,0.9775408,0.9712203,0.9674552,0.96284133,0.9568173,0.9499121,0.9421913,0.93666077,0.9325865,0.925748,0.9214878,0.9194557,0.91211414,0.90867186,0.9048521,0.90141,0.8996992,0.89919674,0.8927665,0.88591117,0.88398933,0.8793322,0.87595874,0.875807,0.871549,0.8693493,0.8678519,0.8628603,0.86237127,0.8574885,0.8546077,0.8493535,0.84344923,0.83623475,0.8327945,0.82855195,0.8226123,0.8179225,0.81351167,0.8137965,0.8107271,0.8084124,0.8077485,0.8067481,0.8043315,0.8029464,0.8002011,0.8013412,0.79665565,0.7939813,0.79583836,0.79346,0.7895359,0.7861201,0.7851223,0.78014725,0.7758976,0.77463424,0.76858824,0.7646974,0.76515067,0.76667196,0.76323,0.7629617,0.7616519,0.75768673,0.7572726,0.75382316,0.7504349,0.74709827,0.74302274,0.74198055,0.73821646,0.7376286,0.7345978,0.73577833,0.7400123,0.7396323,0.73204964,0.7271883,0.72897404,0.72844625,0.7249068,0.71950567,0.72342145,0.72340685,0.72450817,0.7215716
107,1.0281593,1.0216051,1.017407,1.0068971,0.99971503,0.99123496,0.9839839,0.97497594,0.96427697,0.9539941,0.9434835,0.9395148,0.9366369,0.93051016,0.9234187,0.91923773,0.9128955,0.90458333,0.89703006,0.893634,0.8886692,0.8857433,0.880098,0.87461746,0.869188,0.8690568,0.8664284,0.8605833,0.85620326,0.85291016,0.85013354,0.84929144,0.844094,0.8406642,0.8375756,0.83425635,0.82996196,0.8272225,0.82570803,0.8214676,0.8177067,0.8122894,0.8087775,0.8057598,0.80084336,0.7974416,0.7970662,0.7955657,0.7936285,0.7925055,0.78693396,0.787238,0.78494537,0.7800255,0.7790272,0.7759532,0.7779817,0.7769116,0.7760599,0.7764531,0.77739775,0.77516377,0.77643716,0.7766493,0.7722565,0.7739576,0.7760142,0.7791696,0.7763917,0.7768462,0.780824,0.7809719,0.78330326,0.78446645,0.7843524,0.78115606,0.78397965,0.78163767,0.78053325,0.78538424,0.7873162,0.7867889,0.7869846,0.7880186,0.78625023,0.7864963,0.7882254,0.7880171,0.79148626,0.7935885,0.79559505,0.7963716,0.7987138,0.79992974,0.80455554,0.80482036,0.80750483,0.8054615,0.8044904,0.8049222,0.8107397,0.8141171,0.81806743,0.8204859,0.8247091,0.8256518,0.83278483,0.83555615,0.839979,0.8379402,0.83607227,0.838318,0.8418535,0.8442646,0.84632796,0.842898,0.8494576,0.85148585,0.85699445,0.8582633
108,-0.16767822,-0.17753024,-0.18487081,-0.19510296,-0.20366688,-0.21827888,-0.23255476,-0.24277651,-0.24763349,-0.25500697,-0.26371044,-0.27123293,-0.2774046,-0.2872338,-0.29668295,-0.30674917,-0.3132502,-0.31894797,-0.32691094,-0.33499938,-0.34266263,-0.3469895,-0.35652727,-0.36541754,-0.37388745,-0.38191086,-0.388181,-0.3953991,-0.4027114,-0.40940753,-0.41930065,-0.42456922,-0.4312601,-0.43726236,-0.44605097,-0.45251805,-0.4601578,-0.46291438,-0.47132668,-0.4793716,-0.48492903,-0.49386,-0.4983986,-0.50504667,-0.51328564,-0.52042305,-0.52731586,-0.53391296,-0.5370601,-0.54115,-0.5416297,-0.54646814,-0.5529939,-0.5576179,-0.5650173,-0.5685293,-0.57571745,-0.58399403,-0.58751976,-0.5935295,-0.6017695,-0.6052149,-0.6085033,-0.61698055,-0.6244806,-0.6319003,-0.6370307,-0.64460003,-0.64777344,-0.6535026,-0.6539525,-0.6591935,-0.6611907,-0.6653939,-0.6705233,-0.67605,-0.68222034,-0.68737227,-0.69204676,-0.6955162,-0.6994468,-0.705465,-0.71058697,-0.716213,-0.7172712,-0.7240237,-0.73023367,-0.7333547,-0.73796046,-0.74243605,-0.7464067,-0.75250673,-0.7563938,-0.75717443,-0.76236206,-0.76732093,-0.7688507,-0.7738761,-0.7730771,-0.7733606,-0.7726357,-0.77639985,-0.7795976,-0.7840462,-0.78500473,-0.7838755,-0.7820744,-0.7852985,-0.7896685,-0.79526234,-0.79507244,-0.8016652,-0.80323315,-0.80219257,-0.8022388,-0.8033396,-0.8038079,-0.804012,-0.80928075,-0.8124134
109,0.8509263,0.8350438,0.8251872,0.8157588,0.8061115,0.79521924,0.7892554,0.7785314,0.770079,0.76225156,0.7488789,0.7449567,0.7366187,0.73387086,0.7267636,0.71929693,0.71098787,0.701999,0.6978041,0.69463927,0.69060487,0.6876659,0.681338,0.6771345,0.6749475,0.6695403,0.6643901,0.6579753,0.65382123,0.65232295,0.6495267,0.64732784,0.6430892,0.63621616,0.6304623,0.6266696,0.62016094,0.6177361,0.6107044,0.6068553,0.60583866,0.60076874,0.59670734,0.59357774,0.58791286,0.58410716,0.5810826,0.5794996,0.57234055,0.57332283,0.5698104,0.56551003,0.55925643,0.5573148,0.5538422,0.547063,0.54278463,0.53610694,0.53354865,0.52559644,0.5223299,0.5190202,0.51236355,0.50812995,0.50190794,0.49786153,0.4968194,0.49752268,0.49606308,0.4916792,0.4910233,0.48482674,0.48317465,0.47860342,0.4749526,0.46626925,0.46119413,0.4553732,0.4516085,0.44693756,0.43955812,0.4343513,0.43319097,0.42941332,0.42359334,0.4202649,0.41808444,0.4160289,0.41122618,0.4031813,0.39614743,0.38866898,0.3862983,0.38410985,0.3761735,0.3732117,0.36749285,0.3642249,0.36263895,0.35182983,0.35367915,0.3569074,0.35329875,0.35106033,0.3432866,0.34097552,0.34008518,0.34029198,0.34135976,0.33830965,0.3365124,0.33083755,0.3301513,0.32826874,0.32706136,0.32733056,0.32780233,0.32624295,0.32139584,0.31939274
110,1.0513641,1.0403963,1.0302508,1.0212779,1.0137529,1.0077914,1.0021456,0.99595755,0.9872464,0.9865452,0.98200977,0.97665083,0.9732612,0.9684082,0.96655357,0.96631956,0.9627932,0.9605628,0.9617446,0.9603055,0.9578401,0.9583294,0.9543915,0.9536452,0.95141536,0.9525629,0.9551486,0.9540162,0.9561184,0.9549858,0.95232666,0.9527875,0.95136464,0.9485011,0.94564027,0.9436825,0.9427104,0.9436253,0.94055974,0.9391489,0.9386724,0.9371255,0.93523455,0.9344128,0.9325098,0.9326256,0.93536156,0.93665826,0.9365185,0.937743,0.9374404,0.9396804,0.9394202,0.9381223,0.9372201,0.935384,0.9354806,0.9362937,0.9368285,0.9313796,0.92984694,0.9333781,0.9313501,0.9288457,0.92347604,0.9230653,0.9209997,0.9196822,0.9199149,0.91646874,0.916957,0.9217572,0.9241149,0.92406404,0.9230216,0.9165683,0.91715336,0.91580355,0.9161671,0.9153743,0.91404325,0.91228163,0.916057,0.91683596,0.91462594,0.9131533,0.9139296,0.9162396,0.9096576,0.906446,0.9110138,0.9121896,0.9136553,0.9159137,0.91472864,0.91415185,0.91621894,0.9147177,0.9146064,0.90997493,0.9110219,0.9145621,0.91326225,0.9162959,0.91501534,0.914399,0.92003953,0.921718,0.9228355,0.9180249,0.91150266,0.91231585,0.9132001,0.91879636,0.9186819,0.9180028,0.9226696,0.9260861,0.9241394,0.92010915
111,1.9799612,1.9665854,1.9514805,1.9390243,1.9264253,1.909743,1.9015242,1.8881724,1.8744923,1.8653953,1.8510529,1.8400953,1.829279,1.8212554,1.811099,1.8047268,1.7930725,1.7835573,1.7735426,1.767794,1.7635872,1.7619956,1.7522929,1.741827,1.7334843,1.7271636,1.7228733,1.7118479,1.7032868,1.7004511,1.6954043,1.6893421,1.682518,1.6731055,1.6639115,1.6585369,1.6498821,1.6445173,1.641156,1.6357043,1.631883,1.6266571,1.6237558,1.6184603,1.6131719,1.6080759,1.6051579,1.6001208,1.5918498,1.589681,1.5852808,1.5851147,1.5745523,1.5671728,1.5663908,1.5604877,1.5586765,1.5574582,1.5560403,1.5516598,1.5485004,1.5411886,1.5352502,1.5311285,1.5297822,1.5278543,1.5281737,1.5236536,1.5204909,1.5143772,1.5093647,1.5040253,1.500065,1.4992825,1.4973757,1.4928484,1.4944557,1.4867623,1.4834747,1.4770219,1.4759277,1.4752462,1.4717176,1.4710572,1.4713237,1.4668492,1.4676934,1.4620123,1.457135,1.4565821,1.4603386,1.4641654,1.4615606,1.4610555,1.4597179,1.4582543,1.4590667,1.4568326,1.4550525,1.4536922,1.4534347,1.4474236,1.4463229,1.4425645,1.4406812,1.4444844,1.4461435,1.4460647,1.4472497,1.447468,1.4404681,1.43766,1.4316566,1.4281696,1.4278538,1.4228928,1.4228405,1.4250715,1.4241894,1.423494
112,1.988209,1.9726375,1.9599186,1.952918,1.9345942,1.9188669,1.9103588,1.9021162,1.8887898,1.8798878,1.8631713,1.8522794,1.8417203,1.8303177,1.8241854,1.8166647,1.8054157,1.7963562,1.7847996,1.7769934,1.7718214,1.767317,1.7624454,1.7524248,1.7468935,1.7417225,1.7377373,1.7249752,1.7166952,1.7139351,1.7064985,1.6973131,1.6945041,1.68595,1.6804645,1.6739365,1.6601559,1.6522897,1.647878,1.6399063,1.6326529,1.6265786,1.6206818,1.6177132,1.6142962,1.607909,1.6048448,1.6019943,1.5966198,1.5918512,1.5831034,1.5792463,1.5724337,1.5645365,1.5607796,1.5572296,1.5544226,1.5519493,1.548233,1.546023,1.5415102,1.531511,1.5239443,1.5178734,1.5171916,1.5094453,1.5053931,1.499807,1.4945272,1.4900833,1.4849288,1.4815185,1.4803483,1.4794359,1.4758493,1.4671414,1.4652908,1.4623977,1.4595021,1.4509261,1.4456433,1.440458,1.438061,1.4358633,1.4318435,1.4295677,1.4299989,1.4291382,1.426631,1.4236104,1.4167098,1.4102632,1.4055253,1.3998398,1.3956671,1.3948328,1.3939028,1.3923218,1.3922882,1.3893025,1.3866382,1.3832066,1.381826,1.3769922,1.373729,1.3721545,1.3739235,1.3701365,1.3712689,1.369744,1.355954,1.3562177,1.352861,1.3510436,1.3501707,1.3466098,1.348237,1.3443129,1.3407317,1.3365524
113,-0.48318115,-0.47269884,-0.46216926,-0.44940585,-0.4422881,-0.4372541,-0.4320534,-0.42280713,-0.413965,-0.40450898,-0.3972002,-0.3894251,-0.38400844,-0.37667188,-0.36701018,-0.35984862,-0.35418358,-0.3479792,-0.3399432,-0.33208352,-0.32352784,-0.3135647,-0.30531883,-0.2964718,-0.28461263,-0.27690858,-0.2674294,-0.2552142,-0.24270435,-0.23099363,-0.22115019,-0.21365444,-0.20604312,-0.1973323,-0.18771325,-0.18218021,-0.17009383,-0.15934476,-0.14738867,-0.13885646,-0.12843014,-0.117938116,-0.10983597,-0.09947264,-0.09205519,-0.08369924,-0.07448926,-0.06618241,-0.053789616,-0.046063565,-0.03586793,-0.023722064,-0.012063852,-0.0034635763,0.008981961,0.021002084,0.030787826,0.041447803,0.0547933,0.06623642,0.07877234,0.0906051,0.09905647,0.107604966,0.11421169,0.1277219,0.13933337,0.15084924,0.15872234,0.16948639,0.18273997,0.19494344,0.21003678,0.21953747,0.23244014,0.24567401,0.25797457,0.26825124,0.28088087,0.29609674,0.31216383,0.32234716,0.3310229,0.34262085,0.35821146,0.37118712,0.38424557,0.4011081,0.41107053,0.42650455,0.44107002,0.455666,0.4659659,0.4726368,0.48555008,0.50013196,0.5110499,0.52330625,0.5409467,0.5517947,0.5646582,0.5736439,0.58768696,0.5995601,0.61371565,0.63136464,0.64490724,0.6595509,0.67230946,0.6862817,0.70106614,0.71335334,0.72377527,0.7347454,0.74918175,0.7633587,0.78454715,0.802289,0.8193941,0.82822466
114,-0.47652596,-0.48345488,-0.4933187,-0.49712625,-0.5034817,-0.51439065,-0.52298635,-0.5335636,-0.5417908,-0.5509793,-0.5625199,-0.5686946,-0.5720421,-0.58044314,-0.5853031,-0.5892622,-0.5973695,-0.6034959,-0.6140711,-0.61793846,-0.6227803,-0.62804866,-0.6345724,-0.6413705,-0.6476054,-0.6536824,-0.65870345,-0.6627848,-0.66862935,-0.6742884,-0.6763748,-0.6798375,-0.68079925,-0.6873133,-0.6921605,-0.6989592,-0.70614696,-0.70548785,-0.71115494,-0.71701527,-0.72005165,-0.72665423,-0.7348957,-0.7432078,-0.7505237,-0.7559656,-0.76205146,-0.76594496,-0.77027106,-0.7742422,-0.7786789,-0.7822559,-0.7859987,-0.790008,-0.79370666,-0.7991255,-0.8049877,-0.80951786,-0.8156273,-0.8226573,-0.82696944,-0.8307892,-0.83682233,-0.83853596,-0.8427186,-0.8481323,-0.8564932,-0.8619984,-0.8700798,-0.8755581,-0.8806421,-0.88738763,-0.8931414,-0.8969843,-0.901426,-0.9055516,-0.9102767,-0.9151163,-0.92038995,-0.925454,-0.9342083,-0.9435822,-0.9509346,-0.95745116,-0.9630166,-0.9678621,-0.9750392,-0.97887534,-0.98572874,-0.99415284,-0.99955356,-1.0005869,-1.0082567,-1.011655,-1.015429,-1.0228299,-1.0316628,-1.0355589,-1.0371253,-1.0437642,-1.0490705,-1.0535966,-1.0586627,-1.06553,-1.0722977,-1.0802355,-1.0851996,-1.0905694,-1.0960517,-1.1018372,-1.1078554,-1.1134219,-1.1149964,-1.1185694,-1.1291076,-1.133886,-1.1400068,-1.1436255,-1.1484417,-1.1553494
115,-0.94364387,-0.936067,-0.92892396,-0.9211172,-0.91636246,-0.9121215,-0.90694475,-0.9030787,-0.8964963,-0.88471544,-0.87581635,-0.8630619,-0.8537408,-0.8491155,-0.83895653,-0.8305088,-0.82432497,-0.8134309,-0.8004085,-0.7916392,-0.7876164,-0.7798289,-0.7702259,-0.7657855,-0.75888336,-0.74977803,-0.7408603,-0.7311901,-0.7174909,-0.71128625,-0.70202136,-0.6916363,-0.68332255,-0.67163026,-0.6627666,-0.6545764,-0.6449286,-0.63375175,-0.62553775,-0.6176237,-0.6067394,-0.5967186,-0.5899975,-0.583035,-0.5732377,-0.564495,-0.557028,-0.5448264,-0.53700846,-0.52890116,-0.517352,-0.5050291,-0.49872905,-0.49002832,-0.48164147,-0.46918806,-0.4561004,-0.4454441,-0.43479604,-0.42610535,-0.4163014,-0.40404445,-0.3942693,-0.3854029,-0.37572518,-0.35988063,-0.3503032,-0.3387355,-0.32605964,-0.3181548,-0.3034106,-0.29027614,-0.2796554,-0.26865387,-0.25894707,-0.2490519,-0.23736477,-0.22487327,-0.21264616,-0.19914263,-0.18410155,-0.16840926,-0.15579626,-0.14695951,-0.13268009,-0.120350696,-0.10699171,-0.092660464,-0.07774457,-0.06429672,-0.051854514,-0.037566103,-0.025896257,-0.01620043,-0.0014420062,0.008964045,0.024847949,0.032799352,0.045836486,0.057254445,0.07238647,0.08802957,0.098179586,0.10862447,0.120894656,0.13940506,0.15315823,0.17025879,0.1857321,0.19713713,0.21042523,0.22157876,0.23367064,0.24764061,0.2623608,0.27742997,0.29356804,0.308751,0.32586464,0.34057096
116,-0.88531864,-0.893256,-0.9061328,-0.91779757,-0.9271706,-0.9344224,-0.95099133,-0.96411085,-0.9725318,-0.98779565,-1.0008707,-1.0102808,-1.0226597,-1.0330224,-1.0440433,-1.0533125,-1.0667293,-1.0763767,-1.0892311,-1.0984043,-1.1103077,-1.1212591,-1.1358755,-1.1457169,-1.1582696,-1.1686081,-1.1857336,-1.1958815,-1.2084596,-1.2206473,-1.2315402,-1.239894,-1.2522933,-1.2652934,-1.2806189,-1.2907815,-1.3043884,-1.3131418,-1.326491,-1.3410393,-1.3533479,-1.3656964,-1.3814058,-1.3933482,-1.405345,-1.4217081,-1.4347007,-1.4541509,-1.4694853,-1.4832891,-1.4959658,-1.5090233,-1.5228784,-1.5306402,-1.5432577,-1.5581148,-1.569566,-1.584025,-1.5966535,-1.6119817,-1.6247633,-1.63329,-1.6438894,-1.6537644,-1.6673731,-1.6816925,-1.6994728,-1.712101,-1.7252018,-1.7379153,-1.7505896,-1.7656043,-1.7744745,-1.788608,-1.8027567,-1.8157762,-1.8305752,-1.8439968,-1.857466,-1.8700612,-1.8900416,-1.903517,-1.9165522,-1.9327263,-1.9484991,-1.960274,-1.9773693,-1.9962038,-2.0110145,-2.02483,-2.038134,-2.0520203,-2.071233,-2.080485,-2.0930505,-2.1058571,-2.1229088,-2.1369128,-2.1456323,-2.1549797,-2.16925,-2.1826642,-2.1964827,-2.2123609,-2.2243872,-2.2383912,-2.2479672,-2.262221,-2.276544,-2.2910666,-2.2942357,-2.3101416,-2.3220367,-2.3330474,-2.345934,-2.3573446,-2.3720179,-2.3840864,-2.3983667,-2.408198
117,1.7802408,1.7609253,1.745814,1.7273092,1.7089865,1.6917295,1.680187,1.6656215,1.6588576,1.6473573,1.6277258,1.6158794,1.6031864,1.5910358,1.579304,1.567121,1.5541888,1.5430473,1.5356518,1.5273111,1.5170085,1.5117304,1.5055643,1.4992611,1.4916823,1.48721,1.4800844,1.4672348,1.4609255,1.4568756,1.4475849,1.4378365,1.4328463,1.4229511,1.4166628,1.4079044,1.3986443,1.3918655,1.3857759,1.3781779,1.3709704,1.3644218,1.3578944,1.3520883,1.3446399,1.3387086,1.3328931,1.3299509,1.3232062,1.3180988,1.3085902,1.3025899,1.2948592,1.2886372,1.2837856,1.2800446,1.2746007,1.2704543,1.26567,1.2569376,1.2554817,1.25103,1.2427695,1.234844,1.2271705,1.2212635,1.2176737,1.2088653,1.203461,1.1965905,1.1881748,1.184337,1.1788398,1.1795695,1.1767004,1.1673613,1.1653471,1.1624614,1.159806,1.1545475,1.1533049,1.1457348,1.1416337,1.1374435,1.1342795,1.1268085,1.1242163,1.120759,1.1118367,1.1077212,1.1036932,1.0980818,1.0909772,1.0845308,1.0768546,1.0708916,1.0728344,1.06742,1.0658053,1.06268,1.0587356,1.0525794,1.0499288,1.0489533,1.0412619,1.039271,1.0345056,1.0288463,1.0231162,1.0206249,1.0066267,0.99967563,0.9935209,0.9925699,0.98644435,0.9806489,0.98103124,0.9783858,0.97808856,0.97461355
118,1.5237063,1.5255578,1.5212684,1.5142314,1.5065252,1.5002277,1.5008208,1.4959581,1.4944375,1.493149,1.4881063,1.487631,1.4862462,1.4814457,1.4797766,1.4810841,1.4799724,1.479487,1.4792314,1.480585,1.481947,1.4826899,1.4791884,1.4832051,1.4834282,1.4844707,1.4868582,1.4877744,1.4885585,1.4899018,1.4890097,1.489391,1.4923011,1.4908988,1.4891125,1.4886858,1.4866542,1.4856678,1.487381,1.487064,1.48622,1.4852192,1.4852568,1.4854038,1.4853725,1.4854344,1.4873519,1.487519,1.4880761,1.4918605,1.4937607,1.4965662,1.4945804,1.4943717,1.4955299,1.4927894,1.4917421,1.4922236,1.4956337,1.4970169,1.4995515,1.4977772,1.4978635,1.4975408,1.499718,1.5002186,1.501512,1.5017232,1.5009286,1.4999816,1.4935712,1.4932258,1.4918983,1.4919182,1.4870322,1.4862947,1.48975,1.4850543,1.4837724,1.4812107,1.479214,1.4788677,1.4813664,1.480942,1.4829893,1.4799007,1.4800292,1.4779642,1.4777088,1.4739336,1.4752344,1.474357,1.4703999,1.4677842,1.4674448,1.4649158,1.4674952,1.4655563,1.4668958,1.4634373,1.4640958,1.4607546,1.4594122,1.4579892,1.4539454,1.4551617,1.4549135,1.4506161,1.4469464,1.4468753,1.4398773,1.4365398,1.4330798,1.4283149,1.4271935,1.4236429,1.425241,1.4229608,1.4226056,1.4199997
119,1.7695744,1.7507918,1.7329686,1.7174957,1.7012485,1.6841297,1.6732041,1.6586081,1.6444607,1.6256931,1.6116909,1.5990279,1.5850987,1.571779,1.5612004,1.5483061,1.5374011,1.521491,1.5094016,1.4981314,1.4930589,1.4868387,1.47438,1.4670532,1.4567943,1.4498652,1.4437418,1.4363987,1.4316593,1.4246898,1.4125597,1.4034388,1.3987477,1.3925043,1.3833656,1.3756979,1.3718321,1.3641783,1.3573542,1.3466146,1.3384901,1.3332279,1.3250549,1.3182347,1.3091549,1.3024476,1.295457,1.2879629,1.2805943,1.2749358,1.2687391,1.2645048,1.2552406,1.2479007,1.2451468,1.2412285,1.2350724,1.2332604,1.2248477,1.2207652,1.2198219,1.2118222,1.2028885,1.198457,1.189706,1.1858355,1.180249,1.1705359,1.1625798,1.1559536,1.1501586,1.1459411,1.1399839,1.1342787,1.1293018,1.1234155,1.1189615,1.1142442,1.1088941,1.1007242,1.0967098,1.0894413,1.08169,1.0818012,1.0794055,1.0739931,1.0750395,1.0707343,1.0626628,1.0574622,1.0562502,1.0538819,1.0494597,1.04242,1.0391147,1.0350838,1.0309865,1.0292705,1.0206093,1.0152698,1.0136212,1.0072997,1.0035343,1.0004584,0.9948533,0.992215,0.9872049,0.9830694,0.9817522,0.9749917,0.9648803,0.9604273,0.9572651,0.953932,0.94597626,0.9394056,0.9398378,0.93812513,0.9394256,0.9324482
120,2.0786345,2.0567958,2.0365856,2.0174682,1.9881207,1.9630306,1.9425513,1.9221535,1.9043096,1.8861309,1.8608345,1.8406103,1.8192503,1.8003315,1.7799237,1.766629,1.748216,1.7229679,1.7054212,1.6931694,1.6774819,1.6676744,1.6546843,1.6409553,1.6291275,1.6178496,1.6036117,1.5836774,1.5659195,1.5533825,1.5394671,1.5292256,1.5196126,1.5070302,1.4916815,1.4745947,1.456556,1.4422309,1.4305837,1.4205208,1.4091215,1.3983796,1.385964,1.3729942,1.3611729,1.3480927,1.3385551,1.3287874,1.3168749,1.3059502,1.2923008,1.2814691,1.2656109,1.2540567,1.2456582,1.2392111,1.2265766,1.2175199,1.2069864,1.1934507,1.184552,1.1717929,1.1632669,1.1566132,1.1455935,1.1324457,1.1238344,1.1118395,1.1033096,1.0914123,1.0841134,1.0722584,1.061273,1.0531166,1.04099,1.0340334,1.0251497,1.0170214,1.0100639,1.0000365,0.9872118,0.98092204,0.9737296,0.9653355,0.9596838,0.94833577,0.9431392,0.93631744,0.92487174,0.91567457,0.9064066,0.89650553,0.8901617,0.88293964,0.8759449,0.8668669,0.86231804,0.8571625,0.84670305,0.8359343,0.8308433,0.82026875,0.8127942,0.80670166,0.797661,0.7928522,0.7860402,0.7809065,0.7723213,0.7634193,0.7581536,0.74931544,0.7416707,0.7350173,0.729603,0.7237398,0.7186412,0.7161941,0.7131557,0.7033549
121,1.4783709,1.4598441,1.4499184,1.4344469,1.4236453,1.4081434,1.3962266,1.3808185,1.363537,1.3534967,1.3399184,1.3270439,1.3130172,1.2994835,1.2892871,1.2843683,1.2754533,1.2619627,1.2525103,1.2447363,1.2392838,1.2370886,1.2290437,1.2193573,1.21054,1.2037866,1.1968272,1.1874526,1.1816716,1.1747026,1.1676314,1.1605872,1.156605,1.1532847,1.1452943,1.1397798,1.1368754,1.1316783,1.1257355,1.1196531,1.1147724,1.1098491,1.1063998,1.1046425,1.0981377,1.0941684,1.0889547,1.0833085,1.0779873,1.0717117,1.0659015,1.0623515,1.0566859,1.0525063,1.0493081,1.0479506,1.0446589,1.0434731,1.0413141,1.0384064,1.0338345,1.0258322,1.0216255,1.0207098,1.0167377,1.0121415,1.0119145,1.0060294,1.0035212,0.9999809,0.9983958,0.99573773,0.98942643,0.98833334,0.9871043,0.9844761,0.9853343,0.9856741,0.9838436,0.9778776,0.9748391,0.97317064,0.97082675,0.9690517,0.9686645,0.9696475,0.9724165,0.9699575,0.96460074,0.9645289,0.9635326,0.9636046,0.96400464,0.9631742,0.9634465,0.9603404,0.96495074,0.96588516,0.9646472,0.97074664,0.9705636,0.96855724,0.968866,0.96897125,0.96893007,0.97088814,0.97275704,0.97606057,0.9766811,0.9751266,0.97203696,0.9765396,0.9749361,0.97607815,0.9787834,0.9801779,0.9827267,0.9868207,0.98941106,0.9900807
122,1.1895291,1.1763846,1.1623542,1.1456897,1.1311697,1.1168754,1.1014214,1.0855545,1.0693104,1.050784,1.038274,1.0264252,1.0141923,1.0039303,0.987298,0.9745892,0.96126556,0.94934034,0.9355,0.9211639,0.910566,0.9053979,0.8901431,0.87280715,0.8620502,0.8533398,0.8414871,0.8311367,0.82182807,0.8098084,0.79896295,0.7910634,0.7826606,0.77281815,0.7637085,0.75555634,0.7429559,0.7328538,0.72124684,0.70870775,0.69857806,0.6881324,0.67763793,0.66464925,0.65283084,0.64123285,0.63167757,0.61808133,0.6066975,0.59714884,0.58419466,0.5749489,0.5677215,0.5617476,0.5550512,0.5472211,0.53933126,0.5279603,0.5186825,0.5093504,0.5007752,0.48971137,0.48015848,0.4716867,0.45836145,0.44611102,0.43744868,0.42559385,0.4130744,0.40327924,0.39750156,0.38784057,0.37920433,0.37166256,0.367482,0.3610432,0.3532003,0.34442654,0.3321075,0.32322615,0.31014878,0.29980224,0.28843874,0.27940616,0.26583603,0.2559844,0.24705568,0.23954122,0.22932763,0.22342137,0.2142528,0.20613408,0.19723538,0.19069387,0.18343008,0.17208381,0.16385475,0.15515554,0.14386219,0.13819316,0.12768616,0.12145438,0.11273606,0.10446086,0.09263401,0.08402783,0.07288394,0.06382329,0.05866477,0.052799553,0.04950596,0.0407842,0.031610835,0.024698857,0.013310325,0.004554166,-0.0042676507,-0.012694374,-0.018637152,-0.025838803
123,1.7088735,1.7007974,1.6949236,1.6906083,1.6820217,1.6707805,1.6654537,1.6587379,1.6535095,1.6533896,1.647199,1.6419681,1.6331819,1.6284317,1.6276703,1.6270988,1.6234052,1.6177568,1.6133082,1.6133902,1.614218,1.6141965,1.6111052,1.6072395,1.6080761,1.6068655,1.6066344,1.6020458,1.5990727,1.6046492,1.6026132,1.6019127,1.5983502,1.5938393,1.5936332,1.5906898,1.5895503,1.5851369,1.5847881,1.580498,1.5794046,1.5772946,1.5774343,1.5768445,1.5764472,1.5800174,1.5785843,1.5795891,1.579205,1.5815804,1.5803826,1.5816519,1.5819719,1.5802423,1.579933,1.5784957,1.5781535,1.5801557,1.579759,1.5779417,1.5789154,1.5756023,1.5779014,1.5777869,1.578687,1.5772293,1.5804076,1.5782888,1.5812607,1.5816352,1.5782077,1.5807331,1.5784287,1.577674,1.5795556,1.5802379,1.5850323,1.5869308,1.5895714,1.5855052,1.5830708,1.58274,1.5872796,1.5893624,1.594294,1.5927541,1.596364,1.598371,1.5954597,1.595335,1.5903647,1.5891365,1.5879866,1.5864803,1.5873218,1.5909233,1.5931638,1.593821,1.5890621,1.5871603,1.5883697,1.5827798,1.5846666,1.586007,1.5821552,1.5871458,1.5897303,1.5921935,1.5940187,1.5905604,1.5795028,1.5801417,1.5797997,1.5778077,1.5750363,1.5724708,1.5768352,1.5725753,1.5759178,1.5702097
124,1.9277422,1.907299,1.893046,1.8805425,1.8673055,1.8532689,1.8432223,1.8319162,1.8219534,1.8085753,1.7937772,1.7865715,1.7752924,1.7650931,1.7563623,1.75363,1.7458172,1.731849,1.727601,1.7207344,1.717309,1.7188009,1.7124027,1.7009065,1.6959798,1.6948926,1.691386,1.6846874,1.6810879,1.6799911,1.6736956,1.6691687,1.6682832,1.6627333,1.6587156,1.6544155,1.6537403,1.650603,1.6482712,1.6422924,1.6372759,1.633064,1.6308664,1.625481,1.6159538,1.6101367,1.6074616,1.6027931,1.5985553,1.5932326,1.5881249,1.5857524,1.5762545,1.5701307,1.5698736,1.567847,1.5654762,1.5653602,1.5624783,1.5567238,1.554755,1.5473839,1.543759,1.5410879,1.5374832,1.536286,1.5336694,1.5252863,1.5215403,1.5158963,1.511223,1.5077385,1.5051509,1.5029776,1.5032213,1.4964572,1.4960756,1.4925144,1.4933597,1.4919307,1.4881113,1.4783696,1.4739132,1.475981,1.4733456,1.4689925,1.4667145,1.4632442,1.4596646,1.455388,1.452741,1.4529566,1.4487814,1.445083,1.4408371,1.4379383,1.439751,1.4408348,1.4342633,1.4260132,1.4249294,1.422171,1.4154513,1.4134053,1.4070309,1.4042366,1.4061031,1.4048684,1.4002587,1.3963219,1.3883564,1.3891098,1.379401,1.3717718,1.3660867,1.3631597,1.3624421,1.361065,1.3586267,1.3550435
125,1.0443887,1.0320224,1.0229827,1.0145519,1.0035979,0.99704254,0.9906561,0.98428524,0.97252226,0.9686033,0.95973814,0.952497,0.9420471,0.93621194,0.9291285,0.92584115,0.92064714,0.91115487,0.903331,0.89781076,0.8970168,0.89584434,0.8906376,0.88457596,0.8806432,0.87516785,0.8715784,0.86444014,0.8605973,0.85667145,0.85338974,0.8474201,0.83970803,0.83275545,0.82915384,0.82190245,0.8176444,0.81621534,0.80969733,0.80484885,0.8000843,0.79358375,0.7923598,0.788978,0.7857824,0.7789301,0.77748644,0.77245843,0.7678396,0.76213247,0.75866926,0.75396883,0.74816406,0.7445731,0.73839504,0.7331297,0.72580516,0.7222492,0.71787566,0.71383077,0.71216977,0.70630234,0.69980335,0.6975783,0.6925984,0.69037956,0.68821126,0.6821326,0.67861736,0.67581826,0.6731981,0.66507703,0.65852094,0.65352523,0.64599997,0.6418066,0.6365302,0.63394356,0.62917084,0.6227647,0.6155389,0.6111366,0.6108686,0.60922706,0.6054132,0.6042315,0.60054356,0.59637606,0.5942906,0.59299594,0.58907187,0.5852003,0.5833639,0.58056563,0.57534057,0.57335436,0.5678169,0.56556356,0.55584127,0.5511854,0.54762024,0.5414622,0.53780234,0.5313901,0.52510965,0.52256244,0.5203148,0.51312506,0.5081916,0.50155854,0.50194055,0.49815583,0.49066776,0.4796698,0.4761468,0.47213823,0.47031656,0.46752292,0.46579665,0.4565751
126,0.88269293,0.8686787,0.8584755,0.84844744,0.8355144,0.8204457,0.80915976,0.8019269,0.79177463,0.78056604,0.770484,0.7597183,0.750553,0.7358435,0.7275851,0.72416127,0.71507084,0.70590997,0.6961444,0.68593776,0.67702067,0.6727387,0.66905534,0.66387933,0.6594157,0.6517685,0.64749056,0.63448966,0.62811834,0.62491477,0.6208727,0.6151935,0.6071032,0.5986227,0.59216875,0.5849404,0.5782852,0.5760059,0.5663826,0.5598642,0.5532085,0.5473875,0.5435711,0.5384618,0.5328296,0.5232651,0.521114,0.51377666,0.50387347,0.50310636,0.49777395,0.49180874,0.48680887,0.48160386,0.47706327,0.4721152,0.46845856,0.46436077,0.461238,0.45363504,0.4494306,0.44283262,0.43671364,0.43073767,0.42678708,0.4214551,0.4175551,0.40979952,0.4093669,0.40642738,0.4046513,0.39822778,0.3926128,0.3899495,0.38531512,0.38369164,0.37969282,0.37463775,0.37208626,0.3670717,0.36305097,0.35974294,0.3584533,0.35224968,0.35120386,0.34712914,0.34527868,0.33850533,0.3346222,0.33106238,0.3304959,0.32496127,0.31844026,0.32090262,0.31553403,0.31485772,0.3095764,0.30675808,0.30366534,0.29753453,0.29258248,0.28529298,0.28319854,0.27878472,0.27275977,0.27261105,0.26546186,0.2613005,0.25600263,0.25551403,0.2545218,0.25056866,0.24987388,0.24694547,0.24286142,0.24101107,0.24215229,0.24259827,0.24220288,0.23845701
127,-0.4085588,-0.40917888,-0.4101358,-0.4111306,-0.4159388,-0.4264894,-0.43466058,-0.44053555,-0.442583,-0.4447628,-0.4440313,-0.4481915,-0.4501695,-0.4530376,-0.45839268,-0.46173748,-0.46431193,-0.46939605,-0.46795076,-0.46750155,-0.4663177,-0.46678585,-0.47038513,-0.4728322,-0.4749569,-0.4757566,-0.47800255,-0.48105168,-0.48143458,-0.482984,-0.48220128,-0.482194,-0.4829356,-0.48239106,-0.484512,-0.49025273,-0.48999578,-0.489949,-0.4937199,-0.49733973,-0.49874252,-0.5018424,-0.5065864,-0.5080346,-0.5102824,-0.5110843,-0.5110134,-0.51424664,-0.515488,-0.5187662,-0.5244592,-0.52960145,-0.5314295,-0.5337101,-0.5364577,-0.5369265,-0.5377792,-0.53823256,-0.5385641,-0.5408169,-0.5388724,-0.5386292,-0.54011816,-0.5409236,-0.5421678,-0.54402,-0.5442042,-0.5461832,-0.54805887,-0.55001783,-0.5469069,-0.5468751,-0.54575694,-0.5455173,-0.55022687,-0.54828537,-0.5482787,-0.55029666,-0.54931355,-0.5453807,-0.54703957,-0.54595405,-0.5480803,-0.548494,-0.5488033,-0.54843074,-0.54809064,-0.5474173,-0.550084,-0.5491506,-0.5511363,-0.55116534,-0.55430466,-0.55158913,-0.55129397,-0.5505147,-0.5509001,-0.5477668,-0.54402506,-0.5438298,-0.54554737,-0.5478965,-0.54682684,-0.546369,-0.5472766,-0.5420259,-0.5404372,-0.5375038,-0.5333146,-0.5315094,-0.53084123,-0.5308546,-0.5272768,-0.52785367,-0.52310264,-0.51797915,-0.5130214,-0.5131479,-0.5121319,-0.5121225
128,0.99661577,0.990538,0.98778945,0.9806558,0.97013044,0.9604494,0.9524193,0.9472898,0.9458391,0.94059193,0.92954886,0.92504597,0.914982,0.9076721,0.9028452,0.9052625,0.89793074,0.8925971,0.88687056,0.88337964,0.8827375,0.88552934,0.88332117,0.88304913,0.880013,0.8774042,0.8772063,0.8777769,0.87429035,0.87414503,0.87107104,0.86748904,0.8654953,0.86585677,0.86128473,0.85631114,0.8490945,0.8465112,0.84413034,0.84117997,0.8382269,0.83512306,0.8346731,0.8342897,0.8329483,0.82947177,0.82644004,0.82211226,0.8181634,0.8168699,0.8137352,0.8120705,0.8068082,0.8038408,0.8046196,0.80252373,0.8000989,0.7996833,0.8010944,0.8009281,0.8018214,0.80376065,0.80456316,0.79996574,0.79864156,0.79862463,0.798746,0.79155505,0.78707826,0.7830952,0.782464,0.778344,0.7774903,0.7746438,0.7722217,0.7725493,0.772036,0.77185404,0.7697341,0.7694891,0.76900035,0.76755816,0.76969326,0.7665092,0.762185,0.75844455,0.75839216,0.75552225,0.75391644,0.75526726,0.7531886,0.7512979,0.7500359,0.7522866,0.74998355,0.7459408,0.745525,0.7456038,0.74142253,0.7390218,0.73590237,0.7316069,0.7300575,0.73240644,0.73026323,0.73404324,0.73585117,0.7368647,0.7356761,0.73331827,0.72974366,0.72955793,0.72910887,0.7279545,0.72776026,0.725422,0.72758025,0.7265941,0.7290429,0.72686523
129,0.5852377,0.57835156,0.57650214,0.57001406,0.56547654,0.5573198,0.55264324,0.5515808,0.54875493,0.54816496,0.5434087,0.5444571,0.5422384,0.5385915,0.5364283,0.53419894,0.5336038,0.5326225,0.5286969,0.52923524,0.52408916,0.526159,0.5260925,0.5225768,0.52335346,0.52368814,0.5241502,0.524164,0.5198193,0.5166972,0.51770514,0.5146449,0.5149561,0.5147029,0.51510096,0.51599514,0.51214856,0.5143486,0.51122737,0.50918686,0.5096337,0.507387,0.5056206,0.5032916,0.50144416,0.5024576,0.4995231,0.5001935,0.49743977,0.4998397,0.4976906,0.49867135,0.4940529,0.4956304,0.49850726,0.50208414,0.5036143,0.50343424,0.5038355,0.50601876,0.5092298,0.5116351,0.511526,0.5089103,0.50955963,0.51126736,0.5111731,0.5061337,0.5028588,0.5039538,0.50765264,0.50462854,0.50529695,0.5011394,0.50325334,0.5002326,0.49965757,0.4991363,0.4988934,0.5031994,0.50548697,0.50636613,0.51111287,0.50992346,0.50880945,0.508462,0.5085218,0.51029694,0.51161945,0.51000214,0.5113492,0.5127041,0.5125335,0.5112774,0.50989515,0.50840604,0.5094754,0.5070869,0.50261056,0.5033579,0.5042054,0.50750774,0.51062256,0.5102223,0.5125341,0.51362413,0.51619166,0.51924556,0.52337044,0.5223587,0.5221246,0.5233867,0.52823126,0.53046054,0.52699167,0.5250541,0.5264072,0.5280011,0.52983963,0.528776
130,0.9159765,0.921198,0.92149144,0.92397773,0.9281394,0.9305283,0.9286936,0.93092537,0.9358328,0.93513745,0.9332968,0.9330336,0.9369379,0.938836,0.9413605,0.94418895,0.9454359,0.94433975,0.9437315,0.9421768,0.9473548,0.95230913,0.9489654,0.9523819,0.954123,0.95713407,0.9602014,0.96121204,0.96009415,0.9629525,0.96527064,0.9681689,0.97181624,0.9752412,0.9780043,0.97995424,0.98497754,0.9875692,0.9944579,0.99712956,1.0004189,1.0023843,1.0071312,1.0096164,1.0108259,1.0136626,1.0175884,1.023142,1.0269854,1.0309074,1.0311973,1.0363717,1.0401685,1.0422032,1.0454268,1.0489137,1.0504788,1.05517,1.0619829,1.0670002,1.0709091,1.0773011,1.0822922,1.0852497,1.0866072,1.0922898,1.0982968,1.1034279,1.1079708,1.1128981,1.1186936,1.1212497,1.1271894,1.1344559,1.1370523,1.141049,1.147255,1.1523871,1.1554186,1.160371,1.1653516,1.1699252,1.1725855,1.1784387,1.1829631,1.1893734,1.1947846,1.1993071,1.2043425,1.2098336,1.2191937,1.2270098,1.234406,1.2379298,1.2416744,1.2456282,1.2519081,1.2561475,1.2614859,1.2664944,1.2713352,1.2750185,1.2759674,1.2796376,1.2848848,1.2861742,1.291469,1.2939699,1.2990458,1.3017001,1.3036212,1.3096343,1.3156104,1.3243244,1.3290932,1.3375766,1.3422188,1.3506048,1.3572017,1.3588662
131,1.228694,1.2387737,1.25029,1.2657021,1.274226,1.2853158,1.296922,1.3117458,1.3217647,1.3355594,1.3436123,1.3576536,1.3670452,1.3773029,1.3938401,1.4103724,1.4196622,1.4345229,1.4468311,1.4584193,1.4746394,1.4909533,1.504903,1.5160344,1.5290239,1.5460641,1.5643748,1.5779774,1.5916312,1.610019,1.6260412,1.6399443,1.6508644,1.6675775,1.6818914,1.6925774,1.7096447,1.7269771,1.7413307,1.7554569,1.7697119,1.785285,1.8036951,1.8224533,1.8375429,1.8573806,1.8742921,1.8889477,1.9072421,1.9222763,1.937423,1.9574716,1.9747804,1.9911821,2.0051618,2.0239704,2.042587,2.0597773,2.0793133,2.0932071,2.112722,2.1251528,2.1449125,2.164206,2.1834893,2.2017462,2.2225082,2.2374947,2.256539,2.2710366,2.2887177,2.3068204,2.3274066,2.3459716,2.3621688,2.3802016,2.400571,2.4207354,2.4437106,2.4619546,2.4859219,2.5023744,2.5187016,2.537334,2.5565507,2.572905,2.597875,2.6204429,2.6378365,2.6576195,2.6765723,2.697944,2.7201943,2.7342746,2.7532861,2.7725143,2.795347,2.816227,2.8332193,2.8470962,2.8680322,2.8868008,2.9059787,2.9250522,2.9418921,2.9632144,2.9871328,3.0118637,3.035397,3.0539646,3.0653217,3.0861652,3.103335,3.1237671,3.148433,3.170373,3.1926866,3.2152443,3.2440178,3.265358
132,1.47563,1.4420948,1.4032267,1.3690298,1.3321335,1.2973938,1.2638603,1.2289083,1.197174,1.1636132,1.1278226,1.097882,1.0633967,1.0312831,0.9972445,0.965511,0.9319232,0.9012864,0.86622,0.83639324,0.8061342,0.7797216,0.752422,0.7273533,0.69970846,0.6750909,0.6422924,0.60865086,0.58513933,0.55622303,0.52850103,0.50201625,0.4788085,0.4531928,0.42525512,0.39955765,0.37010565,0.342498,0.313456,0.28254944,0.25501376,0.22544372,0.19161944,0.15613917,0.12714937,0.09561567,0.06757406,0.036184125,0.0074627744,-0.020562492,-0.051871,-0.081226856,-0.11418738,-0.14189675,-0.16712391,-0.1913099,-0.221082,-0.24989827,-0.2753099,-0.30310577,-0.32846457,-0.3553923,-0.3866883,-0.4154097,-0.4446413,-0.47349572,-0.5052791,-0.5379872,-0.56973016,-0.5985867,-0.62171257,-0.65292925,-0.682829,-0.71137404,-0.738577,-0.7739782,-0.8034919,-0.8329603,-0.8677699,-0.8980504,-0.93605137,-0.96981037,-0.997337,-1.0299798,-1.0644032,-1.0934123,-1.1289681,-1.164414,-1.2010014,-1.2364571,-1.2720579,-1.3080474,-1.3451431,-1.3684427,-1.3990923,-1.4297693,-1.4618986,-1.4923173,-1.5179306,-1.5448978,-1.5828073,-1.6116756,-1.6391478,-1.6730515,-1.7066567,-1.7383105,-1.7696499,-1.8095424,-1.8397338,-1.8667011,-1.8909231,-1.9241835,-1.950988,-1.9855,-2.0198493,-2.0543392,-2.0843234,-2.1165452,-2.1531565,-2.1875415
133,0.62289697,0.61707777,0.6149603,0.61371815,0.60834026,0.6034874,0.59809434,0.594828,0.58462006,0.57831246,0.5695804,0.5638747,0.55735815,0.5534051,0.5456209,0.542767,0.5350092,0.52941746,0.525904,0.5201673,0.51730865,0.5109098,0.5004785,0.49266982,0.48425192,0.4741022,0.46682185,0.45878974,0.45394072,0.4501347,0.4439312,0.43923503,0.4330337,0.42615724,0.42016214,0.41393209,0.40538734,0.3976223,0.39102668,0.38395992,0.3753814,0.3685271,0.36280483,0.35661831,0.34905487,0.34396347,0.33820865,0.3323775,0.32762885,0.32286966,0.31754982,0.31451064,0.30936247,0.30332857,0.2994804,0.29644194,0.29159164,0.28804046,0.28498933,0.27956212,0.27741125,0.27275765,0.26976392,0.26781934,0.26662135,0.2628376,0.26069266,0.2549018,0.2538303,0.24885686,0.246157,0.24112038,0.24103658,0.23667637,0.23242228,0.22766905,0.22306637,0.2206053,0.21697839,0.2151711,0.21034352,0.20972821,0.2038795,0.20135823,0.20402202,0.19864677,0.19534084,0.19448778,0.19677833,0.18964627,0.1860975,0.18635467,0.18418516,0.18324146,0.1799821,0.1782212,0.17549041,0.16987196,0.16774762,0.1646832,0.16310175,0.15435198,0.15247223,0.1493319,0.14400284,0.14169231,0.13970564,0.14022401,0.13810539,0.13607533,0.13604426,0.13411927,0.13302019,0.13023338,0.13363779,0.13673118,0.13610499,0.13453825,0.13250999,0.12699088
134,0.90542066,0.9034023,0.9066063,0.9102777,0.9118522,0.91384286,0.9151155,0.915387,0.91412544,0.9189782,0.9147685,0.9180223,0.91863585,0.91231287,0.91152346,0.91545594,0.915621,0.9188508,0.9161414,0.9210353,0.9205071,0.9241937,0.92085236,0.9192837,0.9198518,0.92393845,0.92741555,0.9254273,0.9247221,0.92695826,0.928642,0.9299669,0.93020695,0.93154794,0.93035537,0.93475163,0.9364928,0.940344,0.9397898,0.9408658,0.93981916,0.9403616,0.9409219,0.9426427,0.94136655,0.94281423,0.9443008,0.9461439,0.9432415,0.94442683,0.94419557,0.9437106,0.9432203,0.9489239,0.95016146,0.95129806,0.95394003,0.956773,0.96144235,0.9634875,0.96619403,0.9662061,0.9667553,0.9689957,0.9693128,0.9694708,0.97322226,0.97158086,0.9749851,0.97675836,0.9812727,0.98178816,0.98351496,0.98354185,0.9867735,0.99049234,0.9934085,0.99361265,0.9972126,1.0011976,0.9998976,1.0039817,1.007911,1.0080897,1.0118434,1.0128193,1.0201775,1.0215027,1.0258784,1.0289247,1.0247518,1.0303553,1.0302999,1.0307206,1.0351806,1.0331419,1.0357913,1.0407417,1.0412697,1.0432123,1.0475758,1.0481169,1.0506243,1.0514113,1.0542336,1.0592809,1.065233,1.069112,1.0706522,1.0748203,1.0780361,1.0809289,1.0791346,1.078754,1.0782384,1.0774086,1.0796198,1.0819495,1.0870944,1.0827701
135,1.076068,1.0693488,1.0692749,1.0654769,1.0617635,1.0537142,1.0522686,1.0507008,1.0403317,1.0362298,1.0291499,1.0265648,1.0193162,1.0152514,1.0121866,1.0120661,1.0130136,1.0064352,1.0014926,0.99712735,0.9961116,1.0023038,1.0007145,0.99578536,0.995221,0.9954712,0.9969012,0.99173164,0.99291307,0.9939421,0.9976311,0.9985539,0.9980197,1.0031537,1.0019156,1.0006168,1.0007141,1.0032772,1.0044448,1.0072925,1.0097754,1.0133475,1.0147741,1.0173424,1.0191653,1.025199,1.0292109,1.0300379,1.0312359,1.0334489,1.0346878,1.0413901,1.0426384,1.0411022,1.0494839,1.0544794,1.0586599,1.064746,1.0658029,1.0719607,1.0758922,1.0761955,1.0753298,1.0825732,1.0879624,1.0929992,1.101,1.1020651,1.1029859,1.1061211,1.1129011,1.1176045,1.1217158,1.1272175,1.1316078,1.1377419,1.1477053,1.1580764,1.1630785,1.1686567,1.1788086,1.1861198,1.1899434,1.1998335,1.2037077,1.2140237,1.2272149,1.2352749,1.2430007,1.2485082,1.2569044,1.2689711,1.2788671,1.2837538,1.2929466,1.3020004,1.310672,1.3174254,1.3245916,1.3319083,1.3447301,1.3494862,1.3592492,1.3658279,1.3723736,1.3868709,1.4001547,1.417593,1.4317924,1.4438591,1.4537752,1.4678347,1.4775084,1.4911641,1.495005,1.5059798,1.5195347,1.5308348,1.5452086,1.5534743
136,1.0540076,1.0395381,1.0255218,1.0140615,1.003356,0.9896889,0.9827901,0.97020197,0.96094465,0.948923,0.9337901,0.92487985,0.91428727,0.90356576,0.89273006,0.8887359,0.8798418,0.86785394,0.8593093,0.85479677,0.84828615,0.84382534,0.8353243,0.82758904,0.8201979,0.81388104,0.80641556,0.7971456,0.78704125,0.7801796,0.7733656,0.76942503,0.76658976,0.76099205,0.7524296,0.745434,0.7365328,0.73197573,0.7251977,0.7173813,0.70856696,0.6974312,0.69371814,0.6879824,0.6817816,0.67486244,0.671346,0.66190124,0.65740836,0.65048444,0.64293206,0.6367913,0.62674415,0.6216085,0.61644524,0.6107933,0.60369503,0.5965009,0.59062904,0.58377445,0.5794484,0.57732904,0.5724571,0.56520677,0.5579672,0.5499264,0.5427492,0.5327864,0.52668256,0.51890904,0.51081026,0.50112194,0.49521422,0.48827618,0.48066783,0.47083482,0.46489286,0.45732555,0.44773835,0.44097146,0.43253675,0.42708954,0.4198934,0.4128887,0.4048273,0.39804873,0.38945186,0.38664383,0.3820781,0.3761228,0.36873683,0.36465174,0.35855204,0.359269,0.3512202,0.3440588,0.3372549,0.3307127,0.320975,0.31819308,0.30973616,0.29863113,0.28937092,0.28471804,0.275531,0.2691558,0.26308692,0.2527246,0.24260171,0.2332659,0.2321786,0.22307947,0.21739283,0.2038511,0.19953182,0.1954467,0.18698344,0.1824033,0.17424832,0.16188033
137,1.3667573,1.3545458,1.3486785,1.3369014,1.3323628,1.3190453,1.3113415,1.3029263,1.297386,1.2899029,1.2797058,1.2729383,1.2650313,1.2561592,1.2498047,1.2452881,1.2381368,1.2327135,1.2288995,1.221071,1.2203307,1.2175102,1.2135987,1.2101659,1.2042563,1.1988298,1.196379,1.1920685,1.1852999,1.182164,1.1767552,1.1743052,1.1719842,1.1710894,1.1671646,1.1640908,1.160054,1.1550741,1.15187,1.1476505,1.1448922,1.142666,1.1417334,1.1373351,1.132678,1.1307731,1.1265632,1.1268669,1.1238611,1.1193112,1.1151723,1.1165015,1.1121733,1.1061671,1.1037967,1.104991,1.1049685,1.1048162,1.1034999,1.1012764,1.0987208,1.0967197,1.0925937,1.0925099,1.0880402,1.0859885,1.0859905,1.08212,1.0803382,1.0752866,1.0723898,1.0725048,1.0700655,1.0720198,1.0664387,1.065264,1.0688772,1.0705712,1.0725355,1.0697788,1.0734384,1.0703862,1.0693765,1.066671,1.0649822,1.0650827,1.0673853,1.0645535,1.0591602,1.055666,1.0565668,1.0602908,1.056964,1.0523819,1.0500835,1.0489595,1.0513575,1.0501763,1.0477828,1.0435851,1.0462682,1.0436095,1.0439744,1.0453275,1.0410229,1.0420878,1.0406607,1.0419142,1.0442113,1.043938,1.0400246,1.0381619,1.0369242,1.0316093,1.0326496,1.0370009,1.0409842,1.0433948,1.044308,1.0462795
138,-0.21725199,-0.22079007,-0.22684106,-0.2307796,-0.23399134,-0.23990217,-0.24438167,-0.24969602,-0.25352478,-0.25511715,-0.25531858,-0.25832433,-0.25985396,-0.26456267,-0.27144846,-0.2748725,-0.27728862,-0.28033376,-0.2813968,-0.28324297,-0.28349534,-0.28556612,-0.2902242,-0.29516214,-0.29818398,-0.30408642,-0.30872682,-0.31416827,-0.31833163,-0.3213285,-0.32149735,-0.3250955,-0.3266582,-0.32805967,-0.33404478,-0.33651483,-0.34037903,-0.34477606,-0.34935364,-0.3530882,-0.35449117,-0.357167,-0.36105812,-0.3645774,-0.3659853,-0.36940175,-0.37277207,-0.37365383,-0.37450293,-0.37591046,-0.37838462,-0.37711406,-0.37962264,-0.3817344,-0.38566303,-0.38308346,-0.3833453,-0.38746792,-0.38555473,-0.3928034,-0.39659682,-0.39709383,-0.40140447,-0.4037226,-0.4077305,-0.41149276,-0.41631922,-0.42144734,-0.41888562,-0.42085838,-0.4200832,-0.4248647,-0.429464,-0.4341305,-0.43602458,-0.43818465,-0.44012195,-0.4404915,-0.44231424,-0.44222584,-0.44688362,-0.4471666,-0.44620806,-0.44944176,-0.45042667,-0.45212275,-0.4546395,-0.45578605,-0.45850182,-0.4612767,-0.4630362,-0.46263185,-0.469625,-0.46785507,-0.46966392,-0.47248712,-0.4735461,-0.4666586,-0.46765,-0.47343072,-0.47200304,-0.473334,-0.46965942,-0.47517887,-0.47699514,-0.47801742,-0.47823414,-0.47788414,-0.47875062,-0.4793175,-0.47502273,-0.4831222,-0.4819482,-0.48577207,-0.48798314,-0.49098054,-0.49490666,-0.49432343,-0.4945089,-0.5006582
139,1.3333368,1.3290958,1.3199748,1.3141186,1.3061881,1.3025321,1.2989396,1.292435,1.2810377,1.2776184,1.2712857,1.2707807,1.2642243,1.262089,1.2593925,1.2572196,1.2548965,1.2524219,1.248465,1.2492067,1.2479379,1.2485689,1.24792,1.2485034,1.2476126,1.2436903,1.249511,1.2500339,1.2509441,1.2532463,1.2532856,1.2521996,1.250835,1.246537,1.2466629,1.2465976,1.2406472,1.2382964,1.2375576,1.2367852,1.2358019,1.231873,1.2318742,1.2304959,1.2289628,1.2267077,1.2248137,1.2241501,1.2206757,1.2194164,1.2211802,1.2198851,1.2195107,1.2182424,1.2201542,1.2203939,1.21821,1.2194023,1.2175152,1.2169911,1.2161616,1.211131,1.2053435,1.2058703,1.2049904,1.2022085,1.2047541,1.1990067,1.1954832,1.1916858,1.194011,1.1939651,1.1938063,1.192072,1.1944194,1.191094,1.1906124,1.1882894,1.1884686,1.1832464,1.1790617,1.1741028,1.1740373,1.1700987,1.172549,1.1727357,1.1716582,1.171727,1.1680176,1.1653483,1.1669276,1.1699103,1.1669383,1.1602901,1.16072,1.159508,1.1602068,1.1584747,1.1585627,1.1571873,1.1588744,1.1608,1.1592329,1.1604806,1.1577992,1.15991,1.1599576,1.1588457,1.161283,1.1615391,1.154931,1.1546806,1.1464937,1.1494558,1.1500833,1.1486609,1.1484518,1.1499847,1.1535084,1.1480515
140,1.3177775,1.3083146,1.3005685,1.2854183,1.2713495,1.2612989,1.2503526,1.2392354,1.2292229,1.2234656,1.2128671,1.2056469,1.1954832,1.1894971,1.1778184,1.1724031,1.167933,1.1598641,1.1521908,1.1450243,1.1410941,1.1395304,1.1355469,1.1312044,1.1252978,1.1207016,1.116616,1.1116631,1.1060107,1.1020635,1.0960289,1.090728,1.0886362,1.0806736,1.0757914,1.0715867,1.067904,1.0659136,1.0629003,1.0589399,1.0525802,1.0483122,1.0418805,1.0372332,1.0315926,1.028415,1.0238836,1.0184534,1.0163448,1.0120742,1.0086842,1.0065039,1.0005432,0.9969119,0.99686956,0.9936398,0.9914689,0.9895648,0.98617905,0.9812292,0.9791643,0.96934175,0.9614779,0.9559795,0.95289266,0.95294446,0.9525751,0.9464833,0.9409105,0.9367527,0.93474567,0.9313903,0.9225014,0.9221778,0.91978073,0.9183281,0.91640407,0.914827,0.91166055,0.910138,0.90746367,0.9083468,0.9048132,0.90311515,0.90224725,0.89845955,0.899061,0.8979462,0.89362127,0.8925352,0.89026606,0.8880383,0.8871519,0.88629705,0.88375396,0.885316,0.88364094,0.87886506,0.87944585,0.87823546,0.87511885,0.87024754,0.87153876,0.8741034,0.87246287,0.8745702,0.87117946,0.871865,0.8743145,0.87212384,0.871745,0.86828935,0.87038505,0.869407,0.8760481,0.8733262,0.87495744,0.87716925,0.8810881,0.8819399
141,1.3673209,1.3547927,1.3429029,1.3326356,1.3209022,1.3075113,1.3007698,1.2928692,1.2816741,1.2703589,1.258846,1.2556236,1.2468493,1.2380908,1.2327454,1.2296851,1.2240989,1.2145191,1.2061249,1.2013952,1.1968145,1.1942573,1.188249,1.1805106,1.1734135,1.1692141,1.1645018,1.1578987,1.1541888,1.1525604,1.1455271,1.1413927,1.1362662,1.1308208,1.1242474,1.1218385,1.1158774,1.1126151,1.1081479,1.103569,1.1010462,1.0986583,1.095661,1.091689,1.084823,1.080662,1.0744402,1.0722911,1.0644429,1.0610288,1.0524662,1.0488386,1.0476885,1.0436751,1.0378063,1.0354078,1.0307232,1.0269358,1.022892,1.0168139,1.011009,1.0069025,1.001774,0.9979723,0.9937503,0.988609,0.9842507,0.97757435,0.9751458,0.9707047,0.9670688,0.95996654,0.9527481,0.951674,0.9451267,0.94159544,0.9409332,0.93624574,0.93332326,0.9252596,0.9224229,0.91768456,0.91073865,0.90753394,0.90393716,0.90055674,0.8981436,0.89718544,0.89478475,0.88970983,0.88669187,0.882014,0.8790778,0.8785755,0.87520427,0.87030697,0.87070245,0.864672,0.8600569,0.85418683,0.8506721,0.8465783,0.8448373,0.8421174,0.83572686,0.83419484,0.8331686,0.8320011,0.83336306,0.8305124,0.8294083,0.8279122,0.8208725,0.8172852,0.81633854,0.81492627,0.8145951,0.81344235,0.8131453,0.80883324
142,0.54780877,0.5332814,0.52058536,0.50843924,0.49574146,0.48853675,0.47579947,0.46635753,0.4508079,0.44323564,0.4293151,0.4229845,0.4092079,0.39692813,0.38971943,0.3820512,0.37380713,0.36331904,0.3540818,0.34598237,0.33900616,0.33283874,0.3269871,0.3190248,0.31255925,0.30333582,0.29469737,0.28546968,0.2794083,0.27512977,0.27307743,0.2683497,0.26379648,0.25534075,0.24929586,0.24072985,0.23189464,0.22835621,0.22164837,0.21654694,0.21186233,0.20659097,0.20060349,0.1922537,0.18542865,0.17919202,0.17224813,0.16702044,0.15934852,0.15561357,0.15353009,0.14884895,0.14606279,0.14061823,0.13574454,0.13081482,0.12797728,0.12377073,0.120736994,0.1137854,0.11001454,0.10584779,0.10399034,0.09716278,0.09434344,0.094743654,0.09223418,0.08593574,0.085661605,0.082147874,0.07977928,0.076540425,0.07364466,0.07175987,0.06693272,0.06573928,0.06304655,0.060954124,0.059203655,0.06208409,0.05743888,0.05758801,0.05492752,0.050606012,0.04942096,0.04593704,0.045031928,0.041792028,0.040069483,0.03975891,0.038210157,0.036282156,0.034823634,0.028997278,0.028387154,0.024906818,0.0216767,0.022095215,0.023445627,0.019047078,0.01725913,0.011732167,0.01184175,0.008765316,0.010136578,0.01357496,0.012836872,0.012617029,0.011111202,0.013529576,0.010212446,0.010243263,0.014532505,0.014679065,0.015028795,0.015773484,0.012269779,0.012907267,0.012068397,0.015199979
143,1.1681384,1.1489398,1.135691,1.1227249,1.1067531,1.0930665,1.0789497,1.0693319,1.0565424,1.0454156,1.0283966,1.0141065,1.0009736,0.99200153,0.9813348,0.97409135,0.96413535,0.9525139,0.93745536,0.9252489,0.91545373,0.9103217,0.89925146,0.88739604,0.87858945,0.8692482,0.8591644,0.84656256,0.83514845,0.8281522,0.8169672,0.8075727,0.7987674,0.78913325,0.78011405,0.76758754,0.7538849,0.74693084,0.7376694,0.7283849,0.7204758,0.7102361,0.7001967,0.69357556,0.68331563,0.67374396,0.66582614,0.6560994,0.6488001,0.63892096,0.6235666,0.6166791,0.60778487,0.59830004,0.59289247,0.5852216,0.57812023,0.5714866,0.5635417,0.5552759,0.54666615,0.53878635,0.5300342,0.5206634,0.50970095,0.5004164,0.4942349,0.48347586,0.4754828,0.46811718,0.4614559,0.45601004,0.44980732,0.44329613,0.43743658,0.42741227,0.4225293,0.41667357,0.40863854,0.39931184,0.39032242,0.38353947,0.37861854,0.37121454,0.36300087,0.35706264,0.35172096,0.34568912,0.33755612,0.32817,0.31806973,0.310129,0.30181807,0.29508552,0.28717133,0.27990943,0.2736543,0.2657226,0.255082,0.24393153,0.23550883,0.22768846,0.22145596,0.21710983,0.2083476,0.20057938,0.19442469,0.1869575,0.18254718,0.17438696,0.16220018,0.15596238,0.1471986,0.13692862,0.12810399,0.12125286,0.11666594,0.110415936,0.10507214,0.10060684
144,0.8775526,0.86310256,0.85218734,0.841251,0.8301101,0.81620693,0.80609035,0.79638356,0.78393734,0.7741716,0.75825894,0.74794126,0.73453873,0.7265415,0.71836096,0.709663,0.7003163,0.6903624,0.67398226,0.6650572,0.6596404,0.65450346,0.64586335,0.63944995,0.63213426,0.6253373,0.6177645,0.60833,0.6012653,0.59612644,0.5870218,0.5787562,0.5724223,0.5675808,0.5610228,0.55166376,0.5452035,0.54275966,0.5365148,0.53130734,0.52747864,0.5176816,0.5109278,0.505648,0.5021879,0.4978466,0.49411267,0.48754996,0.48504806,0.4816292,0.4766995,0.47108117,0.46487743,0.45707673,0.4518498,0.44767642,0.44100317,0.43602556,0.43116182,0.42591795,0.42227167,0.41427153,0.40850195,0.404425,0.3966792,0.3910823,0.38637602,0.38036048,0.37643328,0.372047,0.3683093,0.36077103,0.35266566,0.34751484,0.34318608,0.33690915,0.33466873,0.331227,0.32585916,0.3189713,0.31423524,0.30877653,0.3032538,0.29676226,0.29494876,0.29287612,0.29124665,0.28913522,0.28765115,0.28668448,0.2795285,0.27546844,0.27526155,0.2721889,0.26712802,0.2627576,0.25919914,0.25711063,0.2507903,0.24728811,0.24212018,0.23812504,0.23793599,0.23666306,0.23346916,0.23089318,0.22540882,0.22096208,0.21895435,0.21631427,0.21500182,0.21154165,0.2083878,0.2060765,0.20647378,0.2080208,0.2047251,0.20208156,0.2026325,0.19789533
