ROI,Month_0,Month_1,Month_2,Month_3,Month_4,Month_5,Month_6,Month_7,Month_8,Month_9,Month_10,Month_11,Month_12,Month_13,Month_14,Month_15,Month_16,Month_17,Month_18,Month_19,Month_20,Month_21,Month_22,Month_23,Month_24,Month_25,Month_26,Month_27,Month_28,Month_29,Month_30,Month_31,Month_32,Month_33,Month_34,Month_35,Month_36,Month_37,Month_38,Month_39,Month_40,Month_41,Month_42,Month_43,Month_44,Month_45,Month_46,Month_47,Month_48,Month_49,Month_50,Month_51,Month_52,Month_53,Month_54,Month_55,Month_56,Month_57,Month_58,Month_59,Month_60,Month_61,Month_62,Month_63,Month_64,Month_65,Month_66,Month_67,Month_68,Month_69
0_real,0.16033475,,0.056671984,,,,,,,,,,,,,,,,,,,,,,,,,,,,,,,,,,,,,,,,,,,,,,,,,,,,,,,,,,,,,,,,,,,
0_gen,0.16033474,0.16670218,0.17545982,0.1816447,0.18888561,0.19674744,0.20198779,0.20872967,0.21542498,0.22213332,0.22988608,0.23598006,0.24335308,0.24965124,0.25590333,0.2633651,0.269922,0.27824005,0.28437775,0.2917524,0.29831496,0.30431846,0.30882266,0.31451073,0.31884557,0.32552007,0.33255702,0.33815867,0.34514448,0.35114497,0.35728624,0.36532813,0.3718452,0.37976474,0.38650778,0.39146227,0.39731842,0.40419522,0.40924948,0.41695046,0.4221011,0.4282667,0.4353686,0.44182867,0.44786102,0.45344776,0.460049,0.46741444,0.47418022,0.4809479,0.48794794,0.4943315,0.50119513,0.5069426,0.51442903,0.5204016,0.52645886,0.5326953,0.54152745,0.54748374,0.5554477,0.56215876,0.5688181,0.5774682,0.58484423,0.58920085,0.5949467,0.6016545,0.6096614,0.61720407
1_real,0.10622146,,0.08896078,,,,,,,,,,,,,,,,,,,,,,,,,,,,,,,,,,,,,,,,,,,,,,,,,,,,,,,,,,,,,,,,,,,
1_gen,0.10622145,0.10356162,0.103635624,0.10428621,0.103975035,0.10578034,0.10788759,0.10851723,0.10972293,0.111692585,0.11131724,0.11149553,0.11420605,0.11469574,0.114962794,0.11761056,0.11658211,0.11819698,0.12083346,0.12053764,0.12286353,0.12406055,0.12539114,0.12560645,0.1279921,0.12919518,0.13162169,0.13208643,0.13472039,0.13716412,0.13928774,0.14136021,0.14272296,0.14306411,0.1446634,0.14782496,0.15040657,0.15410559,0.15659532,0.15958193,0.16150331,0.16311397,0.16344771,0.16500974,0.16608962,0.16878015,0.17014723,0.17289287,0.17479959,0.17608187,0.17930724,0.18200728,0.18335783,0.18520808,0.1858342,0.18675688,0.18909565,0.19229367,0.19345036,0.19605131,0.19679552,0.19822496,0.2006597,0.2019262,0.2035551,0.20674455,0.2088377,0.21017571,0.21269159,0.21435499
2_real,-0.04138472,,-0.17451656,,,,,,,,,,,,,,,,,,,,,,,,,,,,,,,,,,,,,,,,,,,,,,,,,,,,,,,,,,,,,,,,,,,
2_gen,-0.041384723,-0.05427452,-0.06248825,-0.073262036,-0.08562044,-0.092723146,-0.10257236,-0.110450946,-0.116323866,-0.12439934,-0.13658279,-0.14135365,-0.15115747,-0.16097197,-0.16948794,-0.17726812,-0.1850402,-0.19311985,-0.20187116,-0.20847388,-0.21503255,-0.22478297,-0.2333998,-0.23921013,-0.24714622,-0.25331464,-0.2571568,-0.26623097,-0.27150136,-0.27863246,-0.28565827,-0.29140672,-0.2994157,-0.30804652,-0.31848532,-0.32636148,-0.33272153,-0.33918658,-0.34549382,-0.3501551,-0.3575795,-0.36225837,-0.3681548,-0.37594208,-0.38373902,-0.3946926,-0.3983532,-0.40459758,-0.41237956,-0.4164434,-0.41970477,-0.4271415,-0.43443656,-0.44319254,-0.45038924,-0.45935526,-0.46550202,-0.47182053,-0.47809967,-0.48232102,-0.49111447,-0.4982377,-0.5045856,-0.51176435,-0.5201107,-0.5243051,-0.53103256,-0.5376479,-0.54212743,-0.5497457
3_real,0.039578635,,0.015651546,,,,,,,,,,,,,,,,,,,,,,,,,,,,,,,,,,,,,,,,,,,,,,,,,,,,,,,,,,,,,,,,,,,
3_gen,0.03957864,0.027887668,0.018934755,0.011057685,0.0022705165,-0.004037739,-0.012337005,-0.02105675,-0.028731246,-0.03777576,-0.044216998,-0.052046865,-0.06261043,-0.07145706,-0.07874895,-0.083561204,-0.0913052,-0.10080465,-0.10644557,-0.11656252,-0.12493869,-0.13251,-0.13989493,-0.14407055,-0.1481367,-0.15343323,-0.16245298,-0.1720178,-0.17702147,-0.18276481,-0.18860403,-0.19341633,-0.19919649,-0.20799091,-0.21460232,-0.22110891,-0.22675681,-0.23316213,-0.23825665,-0.2463781,-0.25057632,-0.25620645,-0.26233798,-0.26949483,-0.27350512,-0.28139803,-0.2869851,-0.29420906,-0.30123278,-0.30885112,-0.31465474,-0.32045826,-0.32845134,-0.33263844,-0.3386035,-0.34670177,-0.35312572,-0.36226532,-0.37087765,-0.3759473,-0.3827126,-0.3876422,-0.3941403,-0.40231118,-0.41184545,-0.41693825,-0.42443663,-0.43139416,-0.4343632,-0.44200048
4_real,-0.123275205,,-0.1346391,,,,,,,,,,,,,,,,,,,,,,,,,,,,,,,,,,,,,,,,,,,,,,,,,,,,,,,,,,,,,,,,,,,
4_gen,-0.123275205,-0.13429888,-0.14216456,-0.14839804,-0.15962759,-0.16499847,-0.1769717,-0.18372038,-0.19634855,-0.20172255,-0.20665328,-0.2186089,-0.22350863,-0.22838645,-0.23265465,-0.23739381,-0.24478522,-0.25267348,-0.2594817,-0.2634224,-0.27250662,-0.282583,-0.28553575,-0.29089016,-0.29786903,-0.3063252,-0.3065322,-0.31170908,-0.318517,-0.32371953,-0.32885805,-0.33215684,-0.3312244,-0.3401316,-0.34391934,-0.34670228,-0.35548696,-0.36064377,-0.36728477,-0.37361237,-0.37995332,-0.38287786,-0.3909316,-0.39728868,-0.40486342,-0.41380554,-0.4213373,-0.42771465,-0.42928562,-0.43743736,-0.44500604,-0.44810313,-0.45697862,-0.46225825,-0.46737567,-0.4742182,-0.48094964,-0.48649606,-0.49454817,-0.50070995,-0.5093707,-0.5156492,-0.519904,-0.5274821,-0.5334867,-0.5406973,-0.550665,-0.55967754,-0.56872016,-0.5753735
5_real,0.030161753,,-0.0077203205,,,,,,,,,,,,,,,,,,,,,,,,,,,,,,,,,,,,,,,,,,,,,,,,,,,,,,,,,,,,,,,,,,,
5_gen,0.03016175,0.022104464,0.014779937,0.010785071,0.0010589838,-0.004320645,-0.012447103,-0.018183513,-0.021341007,-0.028626654,-0.033846784,-0.043204658,-0.049448323,-0.057462625,-0.060953747,-0.06697886,-0.072485305,-0.07844104,-0.086426854,-0.09289092,-0.10215249,-0.106337585,-0.10970237,-0.11935053,-0.12418161,-0.12700711,-0.13347457,-0.1379634,-0.14276889,-0.14121014,-0.14240088,-0.15062411,-0.16161518,-0.16690758,-0.16860934,-0.17773607,-0.18642354,-0.19020545,-0.1991385,-0.20136073,-0.2060549,-0.21623497,-0.22225296,-0.22575068,-0.23101135,-0.23730001,-0.24619219,-0.25182238,-0.2559864,-0.2633615,-0.27315637,-0.2803361,-0.28248918,-0.29063675,-0.30133379,-0.30922526,-0.32532066,-0.32775646,-0.3313232,-0.33817446,-0.34523937,-0.3503631,-0.35588354,-0.36376864,-0.37090784,-0.37920818,-0.39435175,-0.40163317,-0.4055353,-0.41611013
6_real,0.92862403,,0.7144041,,,,,,,,,,,,,,,,,,,,,,,,,,,,,,,,,,,,,,,,,,,,,,,,,,,,,,,,,,,,,,,,,,,
6_gen,0.92862403,0.9291835,0.92860556,0.9265233,0.9232117,0.9212615,0.9198577,0.91801614,0.9145187,0.91292036,0.91099185,0.9081418,0.9070913,0.90655625,0.9045497,0.90309936,0.90006196,0.89762574,0.89535487,0.89303195,0.8932816,0.89242154,0.8913172,0.8904775,0.88887626,0.88608265,0.88601065,0.88401395,0.8828204,0.882009,0.87998915,0.87915343,0.87707245,0.8757207,0.87397945,0.8717996,0.8687189,0.8676799,0.86586225,0.8651465,0.8656494,0.86465895,0.86245644,0.8607373,0.8586586,0.85697424,0.85478795,0.8520392,0.8501276,0.8474754,0.84528035,0.8442782,0.84360206,0.8413766,0.84031284,0.83795625,0.83626413,0.83396465,0.83194053,0.8309949,0.82690895,0.82552737,0.82333773,0.82204044,0.8211315,0.8189352,0.8168068,0.8162028,0.8140187,0.81207436
7_real,0.48527417,,0.48056456,,,,,,,,,,,,,,,,,,,,,,,,,,,,,,,,,,,,,,,,,,,,,,,,,,,,,,,,,,,,,,,,,,,
7_gen,0.48527417,0.47921595,0.47708148,0.47278962,0.46874133,0.4668758,0.46441212,0.46131223,0.45869523,0.45734367,0.45425344,0.45277983,0.45221716,0.4496878,0.44760212,0.44574666,0.44359326,0.44058546,0.43964273,0.43638462,0.43494368,0.43325025,0.4326861,0.42973423,0.42861825,0.42615327,0.4267773,0.42417794,0.4250079,0.42098537,0.41754618,0.41505584,0.41399685,0.41466165,0.41421485,0.4145341,0.41373736,0.40930134,0.40541238,0.40315175,0.40157956,0.4005472,0.3994967,0.39684844,0.39540625,0.3914158,0.38590327,0.3834969,0.3840303,0.38169032,0.37643704,0.3759117,0.3712245,0.37236068,0.37059757,0.36978537,0.3694161,0.36887375,0.36813787,0.3662092,0.36542752,0.36317325,0.36376098,0.3627704,0.36120176,0.3604239,0.35851866,0.35598117,0.35760656,0.3575831
8_real,-0.8123767,,-0.75263816,,,,,,,,,,,,,,,,,,,,,,,,,,,,,,,,,,,,,,,,,,,,,,,,,,,,,,,,,,,,,,,,,,,
8_gen,-0.8123766,-0.81788576,-0.8216054,-0.8226223,-0.8243431,-0.82789934,-0.82873917,-0.83195657,-0.8340443,-0.8382314,-0.83824027,-0.8394228,-0.8429764,-0.8460229,-0.85009766,-0.85073423,-0.85285413,-0.8526107,-0.8521013,-0.8520045,-0.8530243,-0.85717905,-0.8578559,-0.8608759,-0.859395,-0.8639911,-0.864507,-0.8665925,-0.8675457,-0.87027436,-0.87021124,-0.87034005,-0.873454,-0.87668574,-0.88174456,-0.8819505,-0.882253,-0.8846177,-0.8853391,-0.88499415,-0.8855397,-0.8857896,-0.888867,-0.89248294,-0.8939087,-0.8949874,-0.89712155,-0.89968014,-0.90048826,-0.90250003,-0.90373003,-0.9038987,-0.907379,-0.90748024,-0.908704,-0.9081956,-0.9092396,-0.9097295,-0.9110185,-0.91272795,-0.9135634,-0.9171381,-0.9171158,-0.919652,-0.9193082,-0.9200236,-0.91948575,-0.9203249,-0.9203434,-0.9212848
9_real,-0.88313353,,-0.76798004,,,,,,,,,,,,,,,,,,,,,,,,,,,,,,,,,,,,,,,,,,,,,,,,,,,,,,,,,,,,,,,,,,,
9_gen,-0.88313353,-0.8840833,-0.88598526,-0.8868993,-0.88705933,-0.8897729,-0.8902788,-0.89117134,-0.892482,-0.8931605,-0.89436114,-0.8991338,-0.9005292,-0.9010604,-0.9031431,-0.9092952,-0.91201,-0.9136618,-0.9167813,-0.9206462,-0.92373955,-0.9250134,-0.9289271,-0.92971975,-0.9299539,-0.92989796,-0.93133336,-0.93426573,-0.935452,-0.94043666,-0.93962276,-0.9392595,-0.9413964,-0.94398546,-0.94576854,-0.9500694,-0.9531871,-0.9566015,-0.95896274,-0.9570838,-0.95755374,-0.9590351,-0.96020496,-0.96100837,-0.9643116,-0.968497,-0.9733431,-0.97744274,-0.97939575,-0.9815415,-0.9820846,-0.9852133,-0.9897331,-0.9885818,-0.99219024,-0.994973,-0.99758947,-1.0001278,-1.001839,-1.0025841,-1.0058168,-1.0081916,-1.0104706,-1.0109484,-1.0100911,-1.0127839,-1.0166212,-1.0183203,-1.0173903,-1.0214738
10_real,-0.24312684,,-0.18893822,,,,,,,,,,,,,,,,,,,,,,,,,,,,,,,,,,,,,,,,,,,,,,,,,,,,,,,,,,,,,,,,,,,
10_gen,-0.24312684,-0.24745822,-0.24909368,-0.2517526,-0.2550848,-0.25922793,-0.26024097,-0.26195547,-0.2613909,-0.26405978,-0.26746786,-0.27032453,-0.2719484,-0.2724406,-0.27849618,-0.28060523,-0.27983445,-0.28221244,-0.28062254,-0.28561923,-0.2884532,-0.29084623,-0.2945612,-0.2985761,-0.30208817,-0.3061017,-0.30658233,-0.30811524,-0.30975607,-0.31302565,-0.31645462,-0.31978023,-0.32046434,-0.32602146,-0.329602,-0.3318362,-0.3341389,-0.33560193,-0.33680558,-0.33846486,-0.34115177,-0.34191352,-0.34478948,-0.34960133,-0.3528445,-0.3531856,-0.35610262,-0.35675925,-0.36150658,-0.3645386,-0.36794955,-0.37084347,-0.37152684,-0.37325513,-0.3775931,-0.38193157,-0.38579234,-0.38823128,-0.38797396,-0.39096385,-0.39295882,-0.39450735,-0.39808366,-0.40253606,-0.4074176,-0.41341296,-0.4195335,-0.42361754,-0.42493773,-0.4269722
11_real,-0.32380676,,-0.012298763,,,,,,,,,,,,,,,,,,,,,,,,,,,,,,,,,,,,,,,,,,,,,,,,,,,,,,,,,,,,,,,,,,,
11_gen,-0.32380676,-0.32110015,-0.31543308,-0.3165905,-0.31508973,-0.31600803,-0.31405562,-0.3141721,-0.31458965,-0.31533474,-0.31809115,-0.31864208,-0.31684318,-0.3183166,-0.31951654,-0.32085007,-0.3208314,-0.32049417,-0.31897864,-0.320989,-0.32042608,-0.32279998,-0.32308513,-0.32303014,-0.3235988,-0.3205457,-0.32449514,-0.32836667,-0.33051956,-0.33237436,-0.33277208,-0.33507252,-0.3371735,-0.34261551,-0.34719378,-0.35176063,-0.35156065,-0.35393664,-0.356705,-0.35732037,-0.36376643,-0.36723262,-0.36904073,-0.37099397,-0.37338236,-0.37863222,-0.3806563,-0.37966138,-0.383804,-0.38556463,-0.38566175,-0.38728982,-0.3863725,-0.3876835,-0.38956687,-0.38953093,-0.39220843,-0.39466447,-0.39935297,-0.40136656,-0.40281874,-0.4003229,-0.39890528,-0.4036034,-0.40443644,-0.40064892,-0.40000314,-0.4008364,-0.4008755,-0.40206042
12_real,-0.10621027,,0.13455933,,,,,,,,,,,,,,,,,,,,,,,,,,,,,,,,,,,,,,,,,,,,,,,,,,,,,,,,,,,,,,,,,,,
12_gen,-0.10621028,-0.10485663,-0.10520532,-0.10285902,-0.10395167,-0.10301892,-0.10086085,-0.10161533,-0.101466656,-0.101869896,-0.101330385,-0.10216584,-0.10406309,-0.10584158,-0.10620209,-0.108328894,-0.11006812,-0.109330155,-0.1103495,-0.113944635,-0.1158936,-0.11434464,-0.11529807,-0.11831667,-0.11968682,-0.120822586,-0.123011015,-0.124404944,-0.12750138,-0.1293126,-0.13249083,-0.13531914,-0.13637602,-0.13796337,-0.14074542,-0.14549282,-0.14857867,-0.15094046,-0.15457639,-0.15518413,-0.15518963,-0.15512952,-0.15536644,-0.15718937,-0.1589288,-0.16295941,-0.16682768,-0.17022768,-0.1712291,-0.16919611,-0.16770788,-0.16926627,-0.16822417,-0.17469016,-0.1746665,-0.17816435,-0.17813191,-0.1789751,-0.17971595,-0.17844221,-0.17952326,-0.17865235,-0.17829604,-0.17991695,-0.18033783,-0.18378007,-0.18494768,-0.1855147,-0.18739834,-0.18907997
13_real,0.62769175,,0.29295585,,,,,,,,,,,,,,,,,,,,,,,,,,,,,,,,,,,,,,,,,,,,,,,,,,,,,,,,,,,,,,,,,,,
13_gen,0.62769175,0.6229166,0.61777294,0.61226326,0.6047095,0.59549654,0.5909842,0.5825786,0.57440454,0.56791747,0.56043875,0.55423963,0.54865396,0.54359454,0.5359354,0.5312559,0.52455693,0.5197461,0.5134571,0.50694454,0.5019821,0.4994038,0.49602595,0.48647347,0.48088342,0.4756337,0.47196427,0.46698388,0.460162,0.45221877,0.44668263,0.4407323,0.43325996,0.42807564,0.4238666,0.41862112,0.4139728,0.4071154,0.39989963,0.39260954,0.38649756,0.37982112,0.3716076,0.36395225,0.35445148,0.3472469,0.3433625,0.33678246,0.33008173,0.32390466,0.31948185,0.30982965,0.3014449,0.29243565,0.28239956,0.2792409,0.27396417,0.27055913,0.264093,0.25317538,0.24776368,0.24003622,0.23374358,0.2274547,0.22062078,0.21324614,0.20709483,0.19782642,0.19007131,0.18493542
14_real,-0.075253196,,-0.44993457,,,,,,,,,,,,,,,,,,,,,,,,,,,,,,,,,,,,,,,,,,,,,,,,,,,,,,,,,,,,,,,,,,,
14_gen,-0.075253196,-0.08799944,-0.09864196,-0.10899858,-0.1176372,-0.12740247,-0.13883054,-0.14790417,-0.15657787,-0.16103995,-0.17333162,-0.18187085,-0.19348986,-0.20158872,-0.21227594,-0.2183286,-0.22641142,-0.23401701,-0.2448026,-0.25312552,-0.2607011,-0.26703757,-0.2739214,-0.28348517,-0.29068533,-0.29994842,-0.3068665,-0.31242594,-0.32117814,-0.32937068,-0.33786982,-0.3424985,-0.35049683,-0.35901356,-0.3699153,-0.37909585,-0.3878466,-0.3971723,-0.4070881,-0.41529125,-0.4231793,-0.4351831,-0.44474134,-0.45265612,-0.4640476,-0.47450423,-0.48380345,-0.4952187,-0.5041128,-0.514786,-0.5253905,-0.5343714,-0.5416446,-0.55099845,-0.56143904,-0.5697746,-0.58110046,-0.59201616,-0.60229105,-0.6142069,-0.62466204,-0.63311505,-0.6455145,-0.65541196,-0.66559875,-0.67771566,-0.6863543,-0.6933055,-0.70145255,-0.7135684
15_real,-0.14914532,,-0.11767393,,,,,,,,,,,,,,,,,,,,,,,,,,,,,,,,,,,,,,,,,,,,,,,,,,,,,,,,,,,,,,,,,,,
15_gen,-0.14914533,-0.14202252,-0.13212271,-0.119984314,-0.1110744,-0.10740916,-0.102257594,-0.08944696,-0.084279045,-0.075842075,-0.0706713,-0.06765814,-0.059345413,-0.048188828,-0.039592057,-0.035169885,-0.028584505,-0.023671305,-0.018444832,-0.013358476,-0.011287687,-0.0034812957,-1.4070049e-05,0.011785845,0.017011145,0.026244989,0.03176283,0.037027106,0.046152856,0.052557103,0.056831054,0.06579881,0.071967185,0.078376584,0.08588564,0.093145385,0.09875108,0.107662484,0.118624136,0.12454145,0.13100788,0.13814382,0.14823195,0.15632747,0.16281247,0.17195679,0.18295029,0.19393529,0.20332217,0.21239619,0.21486518,0.22585192,0.24178798,0.24754429,0.25887406,0.26617727,0.27462012,0.28301015,0.29197866,0.30298674,0.30922502,0.31670913,0.32697174,0.3385213,0.35207134,0.36237103,0.37377706,0.37913483,0.38437647,0.39880538
16_real,-0.6059916,,-0.9859326,,,,,,,,,,,,,,,,,,,,,,,,,,,,,,,,,,,,,,,,,,,,,,,,,,,,,,,,,,,,,,,,,,,
16_gen,-0.60599154,-0.5984243,-0.5915599,-0.5910483,-0.5859694,-0.57512724,-0.56565636,-0.55930185,-0.55036604,-0.5440067,-0.53460324,-0.5246102,-0.5205446,-0.51025254,-0.50054896,-0.49333864,-0.48249024,-0.47177735,-0.46849245,-0.458744,-0.45527142,-0.44619602,-0.4382817,-0.42324418,-0.41543445,-0.4085166,-0.40000707,-0.39267954,-0.3825109,-0.3701548,-0.35465842,-0.34520984,-0.3320792,-0.31987733,-0.30889732,-0.2938438,-0.28408778,-0.27632093,-0.27215856,-0.26175898,-0.24874587,-0.24098274,-0.22729263,-0.2223843,-0.21049337,-0.19940028,-0.19466592,-0.18261036,-0.1694822,-0.16244519,-0.15434742,-0.13798477,-0.13109541,-0.12450471,-0.113381244,-0.1038484,-0.089959644,-0.07781218,-0.067110375,-0.055680685,-0.045837797,-0.03001298,-0.01849633,-0.007978357,0.002050063,0.009077044,0.0164706,0.03248446,0.04589004,0.06173262
17_real,-0.45392302,,-0.59649646,,,,,,,,,,,,,,,,,,,,,,,,,,,,,,,,,,,,,,,,,,,,,,,,,,,,,,,,,,,,,,,,,,,
17_gen,-0.45392305,-0.4503294,-0.44816437,-0.4436924,-0.43783888,-0.43313637,-0.42865062,-0.42256588,-0.4172699,-0.4125666,-0.40506524,-0.3976732,-0.39551032,-0.39038807,-0.3859822,-0.38192233,-0.3771781,-0.37119645,-0.3663488,-0.3623186,-0.35879153,-0.35546187,-0.35124415,-0.34856892,-0.34381086,-0.33708495,-0.33291432,-0.32754675,-0.32539406,-0.3191628,-0.31430715,-0.30712134,-0.3022635,-0.2943771,-0.28821713,-0.28311092,-0.27908105,-0.27225766,-0.26577038,-0.26275015,-0.25721404,-0.24996686,-0.24688819,-0.23941489,-0.23406851,-0.23096585,-0.22418265,-0.219291,-0.21075805,-0.20496686,-0.1981863,-0.19211458,-0.1860058,-0.1828568,-0.17678449,-0.1687317,-0.1618321,-0.15630159,-0.14879052,-0.14461787,-0.1397057,-0.13295682,-0.12781417,-0.12084576,-0.11441024,-0.11021383,-0.10490266,-0.100186326,-0.09099956,-0.08545833
18_real,-0.57911056,,-0.55102366,,,,,,,,,,,,,,,,,,,,,,,,,,,,,,,,,,,,,,,,,,,,,,,,,,,,,,,,,,,,,,,,,,,
18_gen,-0.57911056,-0.5739528,-0.56687415,-0.5640892,-0.5546543,-0.54561776,-0.53949404,-0.53336847,-0.5266887,-0.5189115,-0.51276076,-0.5064651,-0.4984704,-0.49209252,-0.48790503,-0.4793377,-0.47228503,-0.46615943,-0.45988894,-0.45175442,-0.4466955,-0.4389801,-0.43146142,-0.42507905,-0.41679183,-0.4092353,-0.40346104,-0.39245158,-0.38389355,-0.37731156,-0.37368578,-0.36468884,-0.35818592,-0.35119304,-0.34213793,-0.33786213,-0.329377,-0.32352751,-0.3160091,-0.30883652,-0.30121985,-0.29353386,-0.28564385,-0.28015193,-0.27271417,-0.26851508,-0.25992587,-0.25210196,-0.24551451,-0.23902242,-0.23312123,-0.22652265,-0.21999173,-0.21200792,-0.20642006,-0.19799915,-0.19027898,-0.18280248,-0.17481399,-0.16807272,-0.16106936,-0.15258087,-0.14761671,-0.1399708,-0.13411628,-0.12765604,-0.11873285,-0.112615764,-0.105110765,-0.09832737
19_real,-0.6904493,,-0.5440292,,,,,,,,,,,,,,,,,,,,,,,,,,,,,,,,,,,,,,,,,,,,,,,,,,,,,,,,,,,,,,,,,,,
19_gen,-0.6904493,-0.69667804,-0.7028217,-0.7082873,-0.71388084,-0.7183725,-0.7245475,-0.7285379,-0.73389417,-0.7407254,-0.7447164,-0.7501854,-0.7557968,-0.76113045,-0.7673854,-0.7719625,-0.7758304,-0.78172696,-0.7863174,-0.79051334,-0.7940608,-0.79812586,-0.8013816,-0.8038974,-0.80825025,-0.81438875,-0.8162292,-0.82045525,-0.8255272,-0.8277966,-0.8321508,-0.8368004,-0.84143037,-0.8431479,-0.8475838,-0.853413,-0.85550845,-0.8603358,-0.863853,-0.8691149,-0.8722867,-0.87706673,-0.880665,-0.8850173,-0.8872981,-0.8925524,-0.89487016,-0.89922476,-0.904109,-0.90898705,-0.91162556,-0.91605794,-0.92098266,-0.92676127,-0.9294739,-0.9338503,-0.9379905,-0.9429514,-0.9474789,-0.9512064,-0.95266896,-0.9576131,-0.9614193,-0.9636644,-0.968861,-0.97205675,-0.97565097,-0.97969276,-0.98402464,-0.98725635
20_real,-0.3598804,,-0.14932011,,,,,,,,,,,,,,,,,,,,,,,,,,,,,,,,,,,,,,,,,,,,,,,,,,,,,,,,,,,,,,,,,,,
20_gen,-0.35988042,-0.3667117,-0.37186676,-0.37807506,-0.38178715,-0.38602734,-0.3923097,-0.39492136,-0.39589617,-0.39901,-0.40254602,-0.4036541,-0.40784645,-0.41133326,-0.4131949,-0.41660953,-0.41973028,-0.42316133,-0.42637748,-0.42944902,-0.43181372,-0.43558007,-0.43791875,-0.44084817,-0.4454441,-0.4495368,-0.4531498,-0.45792943,-0.4642744,-0.46719122,-0.47126156,-0.47511458,-0.47655883,-0.48124942,-0.48608184,-0.49088296,-0.49647912,-0.5016195,-0.50548583,-0.5112604,-0.5166628,-0.52134365,-0.5268065,-0.5296494,-0.534938,-0.5381096,-0.54146254,-0.54744655,-0.55166817,-0.5575248,-0.56122774,-0.5650753,-0.56981957,-0.5743019,-0.57877785,-0.58290845,-0.5871394,-0.59248734,-0.59854627,-0.6016685,-0.60351336,-0.608662,-0.6152022,-0.62174684,-0.62489593,-0.6266057,-0.6307012,-0.6363974,-0.64119804,-0.6437066
21_real,-0.686072,,-0.5989138,,,,,,,,,,,,,,,,,,,,,,,,,,,,,,,,,,,,,,,,,,,,,,,,,,,,,,,,,,,,,,,,,,,
21_gen,-0.68607193,-0.69340485,-0.69711393,-0.70435584,-0.7068839,-0.7123114,-0.71789217,-0.7230411,-0.7291237,-0.73430705,-0.73727787,-0.7431901,-0.74815226,-0.7520875,-0.7566895,-0.75968987,-0.7646724,-0.76756656,-0.77366513,-0.77601874,-0.77909863,-0.78637904,-0.7907479,-0.7962649,-0.80046403,-0.8030035,-0.8068619,-0.81175506,-0.81768787,-0.82238996,-0.82768285,-0.8315123,-0.83098936,-0.8338362,-0.8377487,-0.84073573,-0.84475005,-0.85098326,-0.85459584,-0.85933125,-0.86421525,-0.8695694,-0.8743246,-0.87940085,-0.88526756,-0.8895836,-0.8920399,-0.89634025,-0.9034604,-0.9084364,-0.91177225,-0.91487396,-0.91709507,-0.919964,-0.9221166,-0.92689955,-0.9288947,-0.93259287,-0.9368755,-0.9420394,-0.94574296,-0.951022,-0.95480233,-0.961249,-0.96679753,-0.9720721,-0.9746932,-0.98036397,-0.9837923,-0.987335
22_real,0.06771574,,0.16760236,,,,,,,,,,,,,,,,,,,,,,,,,,,,,,,,,,,,,,,,,,,,,,,,,,,,,,,,,,,,,,,,,,,
22_gen,0.06771575,0.05824966,0.0506567,0.04413434,0.036442682,0.030256521,0.024474924,0.020322375,0.014583996,0.0059648855,-0.0016258899,-0.0020806943,-0.009360641,-0.014566153,-0.018523693,-0.022426141,-0.025185421,-0.031250574,-0.036668364,-0.04032066,-0.040913362,-0.046974137,-0.0515681,-0.0576347,-0.060765345,-0.06262026,-0.065732874,-0.07207124,-0.07752401,-0.07887806,-0.08462011,-0.089983895,-0.09587751,-0.09909105,-0.10338007,-0.108018376,-0.11220803,-0.11855428,-0.12417533,-0.12893984,-0.13361785,-0.13821235,-0.13847373,-0.14341949,-0.14882709,-0.15325889,-0.15872446,-0.16496076,-0.16908178,-0.17529306,-0.18101875,-0.1857645,-0.19140135,-0.19551635,-0.19976638,-0.20405033,-0.2086987,-0.21499269,-0.21905509,-0.22615787,-0.23067038,-0.23423079,-0.23930387,-0.24560234,-0.2501405,-0.25427487,-0.26052535,-0.26504958,-0.27094173,-0.27492747
23_real,-0.1341826,,-0.0036740468,,,,,,,,,,,,,,,,,,,,,,,,,,,,,,,,,,,,,,,,,,,,,,,,,,,,,,,,,,,,,,,,,,,
23_gen,-0.13418259,-0.14366396,-0.15273532,-0.16110022,-0.16536261,-0.17233479,-0.18060736,-0.18558666,-0.19219117,-0.2004709,-0.20798795,-0.21147136,-0.2187697,-0.22478047,-0.22968665,-0.23356548,-0.24071798,-0.2466157,-0.25319678,-0.25636536,-0.26383635,-0.269606,-0.2723524,-0.27821523,-0.28407484,-0.2892388,-0.29388088,-0.2994985,-0.3046949,-0.30863088,-0.3136201,-0.31864992,-0.3240774,-0.33157167,-0.33650604,-0.3434852,-0.3469064,-0.34988898,-0.3541306,-0.35987982,-0.36572686,-0.36954132,-0.37514815,-0.3824324,-0.38802606,-0.3931521,-0.39764854,-0.40267724,-0.408746,-0.41328377,-0.4191975,-0.42337823,-0.42870837,-0.43348837,-0.4391865,-0.4439725,-0.4509619,-0.45604792,-0.46035615,-0.4640022,-0.469374,-0.47657123,-0.479844,-0.4850908,-0.48983613,-0.49606037,-0.50080454,-0.5055553,-0.5113028,-0.51758176
24_real,0.22910845,,-0.08400131,,,,,,,,,,,,,,,,,,,,,,,,,,,,,,,,,,,,,,,,,,,,,,,,,,,,,,,,,,,,,,,,,,,
24_gen,0.22910842,0.22259745,0.21435575,0.20764935,0.20124888,0.19584572,0.18912135,0.18482323,0.18037714,0.17419887,0.16976897,0.16399562,0.15750346,0.15170646,0.1460916,0.13969222,0.13548058,0.12804607,0.122623704,0.11796582,0.113289975,0.10909091,0.101741396,0.09741245,0.09338723,0.08778897,0.084683314,0.07897673,0.07488908,0.07179078,0.06771212,0.06363905,0.059696198,0.054520685,0.048264407,0.045837224,0.042094894,0.0359335,0.029467681,0.023628913,0.019871043,0.014602726,0.010787541,0.0054915496,0.00027625245,-0.004251003,-0.0074518844,-0.01247277,-0.017986616,-0.023913044,-0.031026358,-0.0350837,-0.0403505,-0.04452395,-0.050084423,-0.05585407,-0.062935665,-0.06771904,-0.071314685,-0.07696174,-0.08174382,-0.08503911,-0.089944884,-0.09425014,-0.09941633,-0.10510931,-0.109103784,-0.11350038,-0.11883958,-0.124249555
25_real,0.5096871,,0.3842534,,,,,,,,,,,,,,,,,,,,,,,,,,,,,,,,,,,,,,,,,,,,,,,,,,,,,,,,,,,,,,,,,,,
25_gen,0.50968707,0.50439656,0.49934578,0.4949347,0.49010888,0.48522982,0.48073792,0.47674495,0.47035462,0.4669342,0.4620554,0.4590593,0.45408374,0.45113197,0.44725847,0.4441051,0.43928966,0.43608657,0.4322358,0.4276324,0.424229,0.41881657,0.41784197,0.41378227,0.40940446,0.40567547,0.4009644,0.39841038,0.39601684,0.39245307,0.387848,0.38424057,0.38156673,0.3776319,0.37279224,0.36914316,0.36595267,0.36311904,0.35944217,0.3549829,0.3504543,0.3453339,0.33956105,0.33819717,0.33482862,0.33098337,0.3264727,0.32222953,0.31825042,0.31710157,0.3134027,0.31005836,0.30593577,0.3016566,0.29756936,0.2936361,0.2914351,0.2889401,0.28586474,0.28158817,0.27807295,0.27352834,0.26855597,0.26447973,0.26051983,0.2558685,0.2512001,0.24694376,0.24293044,0.23822133
26_real,-1.6672053,,-1.8140454,,,,,,,,,,,,,,,,,,,,,,,,,,,,,,,,,,,,,,,,,,,,,,,,,,,,,,,,,,,,,,,,,,,
26_gen,-1.6672056,-1.6729574,-1.6785656,-1.6829513,-1.6866003,-1.6896826,-1.695247,-1.6994091,-1.705834,-1.710097,-1.7136648,-1.7174212,-1.7201927,-1.7254429,-1.7298076,-1.7344418,-1.7384977,-1.7433096,-1.7478021,-1.7505376,-1.7535422,-1.7572439,-1.7615423,-1.7652271,-1.7686427,-1.7722261,-1.775243,-1.7794735,-1.7809464,-1.7860773,-1.7913296,-1.7959702,-1.7993065,-1.8026555,-1.805486,-1.8076588,-1.8106792,-1.8131306,-1.8161255,-1.818588,-1.8214839,-1.8237288,-1.8282664,-1.8314213,-1.8363596,-1.8398516,-1.843016,-1.8473667,-1.852156,-1.8542392,-1.8594096,-1.864497,-1.867244,-1.8713892,-1.8741722,-1.8794438,-1.8844601,-1.889147,-1.8942797,-1.8980367,-1.9000194,-1.9052219,-1.9101588,-1.9148426,-1.9200411,-1.9239153,-1.9293978,-1.9330711,-1.9354976,-1.9394848
27_real,-0.2193069,,-0.07041304,,,,,,,,,,,,,,,,,,,,,,,,,,,,,,,,,,,,,,,,,,,,,,,,,,,,,,,,,,,,,,,,,,,
27_gen,-0.21930692,-0.21956024,-0.22182639,-0.2222387,-0.2238343,-0.22532573,-0.22750862,-0.23001698,-0.23235413,-0.23532014,-0.23609212,-0.23809366,-0.24169092,-0.24218938,-0.2445864,-0.24817038,-0.24958825,-0.25257343,-0.25626844,-0.25873664,-0.26096645,-0.2639138,-0.26738647,-0.26921496,-0.27046704,-0.27289346,-0.27504215,-0.27736396,-0.28044796,-0.28152886,-0.28316626,-0.28557372,-0.28703225,-0.2906889,-0.2921903,-0.2957422,-0.29709223,-0.30092806,-0.30233985,-0.3056167,-0.30697665,-0.30742085,-0.3099875,-0.31188005,-0.31445017,-0.3173179,-0.31945288,-0.32213673,-0.32336706,-0.3240952,-0.3259258,-0.32784268,-0.32918063,-0.3313397,-0.33481216,-0.33756334,-0.339741,-0.34355098,-0.34552288,-0.3483643,-0.34997836,-0.35151398,-0.35446292,-0.3569408,-0.35849535,-0.36171103,-0.36271852,-0.36379105,-0.3670352,-0.3690154
28_real,-0.00692132,,0.11766127,,,,,,,,,,,,,,,,,,,,,,,,,,,,,,,,,,,,,,,,,,,,,,,,,,,,,,,,,,,,,,,,,,,
28_gen,-0.00692132,-0.0059968913,-0.0053140903,-0.0063385153,-0.0063999444,-0.0077351197,-0.008271818,-0.008255729,-0.009155124,-0.010713005,-0.009425261,-0.01334974,-0.017033914,-0.017457841,-0.01854952,-0.018260801,-0.017552745,-0.017569613,-0.019265193,-0.019014707,-0.017450398,-0.018518645,-0.018147076,-0.019476574,-0.020828614,-0.022389688,-0.020377537,-0.023365688,-0.02554599,-0.029090986,-0.029702028,-0.030154314,-0.030774262,-0.030546417,-0.03161627,-0.032207318,-0.032729194,-0.034776367,-0.035511963,-0.03694106,-0.03848717,-0.039899345,-0.039121673,-0.039108496,-0.039644126,-0.039058756,-0.04011654,-0.042388953,-0.043642495,-0.04294791,-0.045001227,-0.044960734,-0.046359915,-0.042603634,-0.045893267,-0.0436325,-0.04484721,-0.047635604,-0.050204195,-0.05180214,-0.051648766,-0.054522872,-0.05245918,-0.05252868,-0.054585755,-0.05561346,-0.05619686,-0.057555445,-0.06175869,-0.06342096
29_real,0.6260388,,0.6947768,,,,,,,,,,,,,,,,,,,,,,,,,,,,,,,,,,,,,,,,,,,,,,,,,,,,,,,,,,,,,,,,,,,
29_gen,0.62603873,0.62174773,0.6199509,0.6185638,0.6161455,0.61344,0.6126034,0.61284745,0.60946167,0.6090456,0.60733527,0.60414875,0.6013581,0.6002739,0.59839743,0.5960954,0.59424293,0.5918247,0.59084743,0.5887953,0.5855671,0.5840696,0.5803057,0.57907706,0.5789076,0.5771855,0.575083,0.57404876,0.57270545,0.57089305,0.57176286,0.5706518,0.5692166,0.5687452,0.5663231,0.5653273,0.5663149,0.56567705,0.5642108,0.56390494,0.5623957,0.5620195,0.5608102,0.55896735,0.5579231,0.5569017,0.55465496,0.55434734,0.55374134,0.5534124,0.5523485,0.5502154,0.5475446,0.54568756,0.54463047,0.5437101,0.5419726,0.54209095,0.53914434,0.5362667,0.5344454,0.5331832,0.53307617,0.5317961,0.5311206,0.53043133,0.5293652,0.5293179,0.528731,0.5274805
30_real,-0.447383,,-0.5834678,,,,,,,,,,,,,,,,,,,,,,,,,,,,,,,,,,,,,,,,,,,,,,,,,,,,,,,,,,,,,,,,,,,
30_gen,-0.447383,-0.4621067,-0.47610307,-0.4884243,-0.5001543,-0.5128523,-0.5235292,-0.53295124,-0.54054415,-0.5553144,-0.5626732,-0.5732376,-0.57508594,-0.5843044,-0.59773386,-0.60543424,-0.61929166,-0.6297086,-0.6400534,-0.6460954,-0.6604614,-0.6707201,-0.67870486,-0.68780196,-0.69504595,-0.69809747,-0.7028077,-0.7081014,-0.7154754,-0.7226049,-0.7313377,-0.7382978,-0.7476459,-0.7543524,-0.76616776,-0.772274,-0.7822502,-0.7889648,-0.80136716,-0.80441797,-0.81365573,-0.82311743,-0.8328039,-0.83858806,-0.8467723,-0.8539141,-0.8656639,-0.87992847,-0.8862313,-0.8927846,-0.9016553,-0.91216075,-0.92054045,-0.92526305,-0.9399964,-0.9505199,-0.96119326,-0.9661776,-0.9783267,-0.9826952,-0.99549073,-1.0032449,-1.0083908,-1.0149362,-1.0263935,-1.0364736,-1.0472268,-1.0598791,-1.0688902,-1.0767043
31_real,0.74795574,,0.6325472,,,,,,,,,,,,,,,,,,,,,,,,,,,,,,,,,,,,,,,,,,,,,,,,,,,,,,,,,,,,,,,,,,,
31_gen,0.74795574,0.7284065,0.7177252,0.7054879,0.6942869,0.68182325,0.67012984,0.6611825,0.6495843,0.6364194,0.6256983,0.6188831,0.6102409,0.59810936,0.58669335,0.58058786,0.5738622,0.5627526,0.5534777,0.54508406,0.535581,0.5268158,0.5186425,0.50732005,0.4970061,0.4852335,0.4773298,0.47256088,0.46848083,0.46138954,0.45362753,0.44242176,0.43192935,0.4230296,0.41524705,0.40693873,0.39537406,0.388329,0.37842044,0.36889467,0.35808396,0.34555846,0.3341438,0.3325746,0.31923273,0.30759835,0.3023335,0.29445466,0.28710222,0.27949873,0.27368277,0.2632917,0.2560577,0.24887034,0.23598388,0.22390322,0.21315674,0.20416781,0.19751026,0.18639196,0.1784224,0.16891435,0.15946332,0.15274289,0.14571282,0.13903639,0.13026598,0.12280502,0.111141585,0.10567498
32_real,0.04376112,,-0.27267033,,,,,,,,,,,,,,,,,,,,,,,,,,,,,,,,,,,,,,,,,,,,,,,,,,,,,,,,,,,,,,,,,,,
32_gen,0.043761123,0.046825714,0.04494949,0.04127977,0.041563876,0.036728654,0.030816387,0.028474009,0.027285654,0.02812305,0.02795719,0.022434155,0.01836279,0.016411744,0.01514641,0.0110919345,0.007157563,0.006675838,0.003533521,0.0023636776,6.722696e-05,-0.0035978581,-0.003594925,-0.008001177,-0.010463269,-0.014907762,-0.016019315,-0.018434364,-0.022008408,-0.024835672,-0.030648073,-0.036153473,-0.03887551,-0.038855664,-0.04176254,-0.043708935,-0.045642704,-0.048625693,-0.048699893,-0.050809164,-0.054277442,-0.059603833,-0.06270078,-0.067490146,-0.071623355,-0.07267134,-0.071988806,-0.07390584,-0.07553614,-0.078668594,-0.08284874,-0.08501278,-0.0848974,-0.086929105,-0.0902037,-0.09375636,-0.09664369,-0.099537656,-0.102166176,-0.102830194,-0.10589097,-0.109617695,-0.11204779,-0.1148136,-0.11767958,-0.11909906,-0.12293176,-0.1269094,-0.1302641,-0.13286674
33_real,-0.37762105,,-0.59832954,,,,,,,,,,,,,,,,,,,,,,,,,,,,,,,,,,,,,,,,,,,,,,,,,,,,,,,,,,,,,,,,,,,
33_gen,-0.37762108,-0.3780847,-0.37739155,-0.3804446,-0.37996724,-0.3805949,-0.38441095,-0.382452,-0.3816274,-0.382621,-0.3853938,-0.38828582,-0.3900794,-0.3931527,-0.39394575,-0.39323133,-0.3911019,-0.39426658,-0.39524102,-0.39503884,-0.39759955,-0.39734098,-0.39797056,-0.40090275,-0.39894488,-0.40041623,-0.40190968,-0.4040718,-0.40536872,-0.40756673,-0.40699655,-0.40955678,-0.41167602,-0.41372275,-0.41355172,-0.4180371,-0.42118335,-0.4228142,-0.4242753,-0.4264533,-0.42875624,-0.4304481,-0.43167877,-0.43241596,-0.4333244,-0.43489575,-0.4361047,-0.43602437,-0.43711638,-0.44110316,-0.44168496,-0.44529635,-0.446484,-0.4478108,-0.4486598,-0.45060426,-0.45632267,-0.45629755,-0.46073246,-0.46205768,-0.46387982,-0.4669965,-0.47149616,-0.47044668,-0.472366,-0.47500268,-0.47399974,-0.47395357,-0.4747886,-0.47615117
34_real,-0.45160702,,-0.41942176,,,,,,,,,,,,,,,,,,,,,,,,,,,,,,,,,,,,,,,,,,,,,,,,,,,,,,,,,,,,,,,,,,,
34_gen,-0.45160705,-0.4457149,-0.4395247,-0.43828192,-0.43272576,-0.4322868,-0.4345007,-0.43496385,-0.43659878,-0.43838295,-0.43685722,-0.4369816,-0.43579355,-0.43477374,-0.43397504,-0.43373275,-0.4318207,-0.4311312,-0.42760628,-0.43119684,-0.4333381,-0.4348859,-0.4323079,-0.43113723,-0.4322566,-0.43303195,-0.432616,-0.43270722,-0.43143058,-0.43061128,-0.43125075,-0.42914805,-0.43014583,-0.42840663,-0.42516407,-0.4257492,-0.4264627,-0.42637557,-0.42565018,-0.4257656,-0.42846853,-0.4296565,-0.42940426,-0.43120947,-0.43069068,-0.4284033,-0.4291033,-0.43083268,-0.42865086,-0.42855692,-0.433289,-0.43675852,-0.43730837,-0.43693167,-0.43735796,-0.43828654,-0.43819675,-0.44071785,-0.44079024,-0.4367157,-0.4375357,-0.4388314,-0.44189554,-0.44051647,-0.44356292,-0.4471139,-0.4515617,-0.4544714,-0.45296964,-0.4547511
35_real,2.0055034,,2.176636,,,,,,,,,,,,,,,,,,,,,,,,,,,,,,,,,,,,,,,,,,,,,,,,,,,,,,,,,,,,,,,,,,,
35_gen,2.0055032,2.0064957,2.008703,2.0111897,2.0112267,2.011382,2.0123963,2.0149853,2.0146635,2.0115132,2.0108128,2.0122237,2.013943,2.013598,2.013953,2.013035,2.011519,2.0077534,2.0087006,2.0094657,2.008776,2.0052407,2.0045395,2.0043235,2.0026445,2.0012062,1.9973478,1.9983412,2.001472,2.0041938,2.0059352,2.0064273,2.0086708,2.0071554,2.0056093,2.0074537,2.006749,2.0064712,2.0057058,2.0062,2.003819,2.0030975,1.998629,1.9964432,1.9954224,1.9945793,1.993346,1.992676,1.9909132,1.9927347,1.9927781,1.9918203,1.99268,1.989741,1.9848149,1.9827292,1.9796213,1.9772375,1.9763559,1.9744446,1.9707286,1.9721838,1.9728714,1.9706295,1.9714845,1.9688342,1.9709076,1.9718221,1.9690431,1.9681101
36_real,-0.0016896955,,0.033505354,,,,,,,,,,,,,,,,,,,,,,,,,,,,,,,,,,,,,,,,,,,,,,,,,,,,,,,,,,,,,,,,,,,
36_gen,-0.0016896955,0.00038150168,0.0012129102,-0.0020496985,-0.0018387567,0.0005025145,-0.001538153,-0.0019384574,-0.00043791873,0.0010931458,-0.002766155,-0.004606885,-0.009714375,-0.0089528635,-0.006389594,-0.003385039,-0.00085091946,-0.0067716883,-0.009659027,-0.014622293,-0.014310953,-0.016313124,-0.016756633,-0.019325254,-0.020819109,-0.025820967,-0.027514914,-0.030654397,-0.030247752,-0.025944334,-0.027411992,-0.02762987,-0.026973471,-0.029022524,-0.03205822,-0.025634876,-0.027082598,-0.025084788,-0.02758867,-0.025689572,-0.028288716,-0.030221198,-0.03199931,-0.03405564,-0.03159384,-0.03385476,-0.033451736,-0.03331108,-0.036589917,-0.03863459,-0.04016683,-0.039340995,-0.040442437,-0.039968718,-0.042887002,-0.046017785,-0.04853828,-0.04889651,-0.05049058,-0.053845692,-0.058751382,-0.05933203,-0.059190102,-0.062111307,-0.06421875,-0.06384555,-0.06354062,-0.06724103,-0.066412225,-0.06524768
37_real,-0.18776812,,-0.18106076,,,,,,,,,,,,,,,,,,,,,,,,,,,,,,,,,,,,,,,,,,,,,,,,,,,,,,,,,,,,,,,,,,,
37_gen,-0.18776812,-0.19310722,-0.19788274,-0.19635716,-0.1986571,-0.20843573,-0.21090305,-0.2140334,-0.221891,-0.2220473,-0.22203815,-0.2279487,-0.23089707,-0.23534164,-0.24495356,-0.24840108,-0.2479037,-0.24792497,-0.25151527,-0.24877577,-0.2501946,-0.2566602,-0.26221883,-0.2660782,-0.26862407,-0.27422097,-0.2772894,-0.28082672,-0.2811693,-0.28627935,-0.29094058,-0.2932237,-0.29902965,-0.29999572,-0.30506122,-0.30809125,-0.31005818,-0.31272972,-0.3140388,-0.31626138,-0.3166017,-0.32025498,-0.31880084,-0.32365316,-0.32883027,-0.3344748,-0.33893475,-0.34174985,-0.34790835,-0.34497303,-0.34159806,-0.3443467,-0.3431733,-0.34881023,-0.3512419,-0.35481974,-0.35938457,-0.3646974,-0.3646803,-0.36902723,-0.37410682,-0.38194737,-0.38401467,-0.39195085,-0.39489892,-0.39351854,-0.3944438,-0.39367932,-0.39641628,-0.39614585
38_real,-0.4901655,,-0.40738252,,,,,,,,,,,,,,,,,,,,,,,,,,,,,,,,,,,,,,,,,,,,,,,,,,,,,,,,,,,,,,,,,,,
38_gen,-0.49016553,-0.4879199,-0.48515373,-0.4856662,-0.48720932,-0.4860154,-0.48317584,-0.48394394,-0.4866448,-0.4897522,-0.49205723,-0.49349657,-0.49661636,-0.49698725,-0.49862808,-0.49695715,-0.49838895,-0.49774617,-0.49756542,-0.50259656,-0.50278246,-0.5025461,-0.5023419,-0.50409603,-0.50793695,-0.50907236,-0.51263493,-0.51264226,-0.51195556,-0.5138934,-0.5169437,-0.51672095,-0.5185376,-0.521683,-0.5239345,-0.5264964,-0.5305316,-0.5336405,-0.536046,-0.54092735,-0.54420674,-0.54236907,-0.54397035,-0.5446031,-0.54567987,-0.5493938,-0.5491611,-0.55178577,-0.55478364,-0.55436045,-0.5586784,-0.56001735,-0.5627613,-0.5649873,-0.56637686,-0.5684934,-0.5653373,-0.5657015,-0.56815934,-0.5714499,-0.5742792,-0.5761349,-0.57680696,-0.57695186,-0.57678545,-0.57783514,-0.5794109,-0.58150846,-0.5839562,-0.58588475
39_real,0.08247581,,-0.09984738,,,,,,,,,,,,,,,,,,,,,,,,,,,,,,,,,,,,,,,,,,,,,,,,,,,,,,,,,,,,,,,,,,,
39_gen,0.082475804,0.0858757,0.08728392,0.08842678,0.08398117,0.08445524,0.07971808,0.08292318,0.086484626,0.086960256,0.08772464,0.085612066,0.086216316,0.0838515,0.08221735,0.08413295,0.08412189,0.087151214,0.08467018,0.08273197,0.08021774,0.07856576,0.07930289,0.07539034,0.07355921,0.072376,0.07101627,0.06952928,0.066832766,0.06490054,0.064189844,0.0627856,0.060732536,0.058427047,0.057775907,0.055765115,0.049713086,0.0494306,0.049218457,0.051018633,0.048982147,0.0471923,0.0425897,0.04199963,0.041414417,0.040531017,0.04004321,0.036590844,0.035532366,0.035458993,0.036054194,0.034648124,0.02971921,0.029285708,0.027954912,0.029604584,0.026374768,0.027232517,0.027804103,0.02718703,0.025341144,0.01924524,0.016015304,0.015397361,0.01423146,0.013308937,0.0121684,0.009327868,0.0056121508,0.0051699528
40_real,-0.3986822,,-0.54657984,,,,,,,,,,,,,,,,,,,,,,,,,,,,,,,,,,,,,,,,,,,,,,,,,,,,,,,,,,,,,,,,,,,
40_gen,-0.39868218,-0.40634125,-0.41080934,-0.412551,-0.41600242,-0.42110857,-0.41969976,-0.41820258,-0.42142797,-0.4255177,-0.42597565,-0.42766744,-0.43048722,-0.4322544,-0.43872577,-0.43886185,-0.4373651,-0.44183913,-0.44410577,-0.44202766,-0.44451618,-0.44695407,-0.44804516,-0.4486416,-0.45315188,-0.4560524,-0.45754427,-0.46055126,-0.45940614,-0.460447,-0.45792803,-0.46221924,-0.46251887,-0.46390444,-0.4694348,-0.47358233,-0.47692585,-0.4777862,-0.48252946,-0.4860612,-0.48407894,-0.4856449,-0.4898418,-0.48949948,-0.49247456,-0.49113044,-0.49445838,-0.49241525,-0.4944653,-0.49751124,-0.5010099,-0.50404906,-0.5053045,-0.50759274,-0.5093731,-0.5074871,-0.5094508,-0.5100323,-0.51220626,-0.5139816,-0.51817435,-0.5163698,-0.5197226,-0.5253243,-0.52821237,-0.5305737,-0.53526986,-0.53675354,-0.534454,-0.5393947
41_real,-0.6313444,,-1.0668882,,,,,,,,,,,,,,,,,,,,,,,,,,,,,,,,,,,,,,,,,,,,,,,,,,,,,,,,,,,,,,,,,,,
41_gen,-0.6313444,-0.64078426,-0.652184,-0.65735334,-0.6642272,-0.6678507,-0.67457783,-0.67722887,-0.68616295,-0.69606745,-0.6969742,-0.6985401,-0.69988585,-0.7010871,-0.7067519,-0.70644367,-0.70736086,-0.7106867,-0.71800345,-0.7192563,-0.71916085,-0.72103274,-0.72661746,-0.7328811,-0.7407595,-0.7413341,-0.7392828,-0.74515945,-0.7506359,-0.75506395,-0.7588894,-0.75741315,-0.7636459,-0.76957166,-0.774779,-0.77694833,-0.7785376,-0.78037393,-0.78244036,-0.7847367,-0.79233354,-0.79628855,-0.8009076,-0.80277336,-0.8055109,-0.80970794,-0.8145172,-0.8233283,-0.8307357,-0.8318884,-0.8346084,-0.8443859,-0.85131186,-0.8507106,-0.8609829,-0.8623331,-0.8697599,-0.8695444,-0.87565994,-0.877289,-0.87882197,-0.8791478,-0.882397,-0.88049746,-0.88904285,-0.8939568,-0.89503574,-0.9017539,-0.9048918,-0.9042568
42_real,-1.2901608,,-1.4632378,,,,,,,,,,,,,,,,,,,,,,,,,,,,,,,,,,,,,,,,,,,,,,,,,,,,,,,,,,,,,,,,,,,
42_gen,-1.2901609,-1.2956417,-1.3036693,-1.3107928,-1.3174032,-1.3206689,-1.3273301,-1.3323965,-1.3387446,-1.3442247,-1.3487942,-1.3538357,-1.359132,-1.3637314,-1.3702542,-1.3760895,-1.3811948,-1.3883076,-1.3921125,-1.3969629,-1.4021747,-1.4063451,-1.4094865,-1.4137638,-1.4167497,-1.4239836,-1.4281331,-1.433377,-1.4384255,-1.4433205,-1.4479249,-1.4524237,-1.4583771,-1.464992,-1.469325,-1.4723043,-1.4778143,-1.4842087,-1.4901681,-1.4945772,-1.4994302,-1.5022149,-1.5071005,-1.5105486,-1.51571,-1.5214312,-1.5258648,-1.5305889,-1.5360317,-1.5417813,-1.5462484,-1.5507047,-1.5546356,-1.56029,-1.5648026,-1.5701163,-1.573882,-1.5778916,-1.583793,-1.5893775,-1.5934528,-1.5963705,-1.601388,-1.6052974,-1.6096846,-1.6153078,-1.6201403,-1.6250738,-1.6308892,-1.6380703
43_real,0.33876044,,0.65472215,,,,,,,,,,,,,,,,,,,,,,,,,,,,,,,,,,,,,,,,,,,,,,,,,,,,,,,,,,,,,,,,,,,
43_gen,0.3387604,0.33548775,0.3319022,0.32866207,0.32203835,0.31695202,0.3116131,0.30620992,0.3017254,0.29722193,0.29363665,0.28935045,0.28410503,0.27894086,0.27414036,0.26856732,0.2618869,0.2585309,0.25340495,0.24916267,0.2445947,0.2390798,0.23425964,0.22982721,0.22366098,0.21904409,0.21413955,0.21052489,0.20725319,0.20339255,0.19719452,0.1917779,0.18642183,0.18204546,0.17833732,0.17528068,0.1698085,0.1644531,0.158155,0.15258232,0.1489648,0.14369039,0.13948628,0.13676015,0.13272378,0.12894428,0.12317184,0.11881195,0.1131928,0.10722426,0.101856396,0.09689295,0.09307467,0.08993378,0.084921494,0.08039436,0.07624963,0.07123129,0.066792,0.061598588,0.058319576,0.05496403,0.050616562,0.04527781,0.040896714,0.036817502,0.03207959,0.027450662,0.022960475,0.017171474
44_real,-0.9681272,,-0.6909846,,,,,,,,,,,,,,,,,,,,,,,,,,,,,,,,,,,,,,,,,,,,,,,,,,,,,,,,,,,,,,,,,,,
44_gen,-0.96812713,-0.9741705,-0.9748138,-0.9808729,-0.98434067,-0.9869234,-0.9910854,-0.9963148,-1.0004245,-1.0052488,-1.0095956,-1.0165516,-1.0199876,-1.0214121,-1.0240177,-1.0262442,-1.0292003,-1.0319933,-1.0352768,-1.0380094,-1.0405189,-1.0434893,-1.045252,-1.050025,-1.0525216,-1.0564879,-1.0614225,-1.0641115,-1.0671556,-1.0701985,-1.0721995,-1.0746539,-1.0768409,-1.0792499,-1.0842574,-1.0875956,-1.0938904,-1.0971276,-1.1007679,-1.1045086,-1.1089118,-1.1110538,-1.1126088,-1.1149921,-1.117728,-1.1214212,-1.1254543,-1.128664,-1.1303339,-1.1313664,-1.1328228,-1.1358058,-1.1397358,-1.1418322,-1.1449662,-1.1494125,-1.1536435,-1.15622,-1.1588486,-1.1624303,-1.1649926,-1.1668391,-1.1688836,-1.1722612,-1.1754729,-1.1780035,-1.1815503,-1.1827767,-1.1838322,-1.1860857
45_real,0.8156427,,1.0337719,,,,,,,,,,,,,,,,,,,,,,,,,,,,,,,,,,,,,,,,,,,,,,,,,,,,,,,,,,,,,,,,,,,
45_gen,0.8156427,0.8096018,0.80260646,0.7961861,0.79111326,0.7890483,0.78264564,0.7787755,0.77665657,0.7755954,0.7715598,0.7672916,0.7641054,0.7609381,0.7549598,0.7511098,0.74737453,0.7442576,0.7404688,0.7370999,0.73498756,0.731072,0.7273914,0.7257495,0.7220689,0.7192434,0.718632,0.71604055,0.7156052,0.71353614,0.7109333,0.70766044,0.70461833,0.70433104,0.7026108,0.6988545,0.69728917,0.6921635,0.6875807,0.6872826,0.6866171,0.6844394,0.68252337,0.6784086,0.6743997,0.6704379,0.6668546,0.66318965,0.6586876,0.657158,0.65390164,0.65094244,0.64769566,0.6452835,0.6413622,0.64140815,0.6362992,0.6356219,0.63363165,0.6307074,0.6282267,0.62712705,0.6238258,0.61846864,0.6179918,0.61570615,0.6109737,0.60622036,0.60228056,0.5980774
46_real,-0.8658126,,-0.6582694,,,,,,,,,,,,,,,,,,,,,,,,,,,,,,,,,,,,,,,,,,,,,,,,,,,,,,,,,,,,,,,,,,,
46_gen,-0.86581266,-0.8705346,-0.87644017,-0.881652,-0.88547814,-0.8893936,-0.89365435,-0.8983989,-0.90223485,-0.9074734,-0.9118494,-0.9159856,-0.91948617,-0.92198884,-0.92623913,-0.9293679,-0.9326275,-0.9342516,-0.9370982,-0.9404669,-0.94458026,-0.9483756,-0.95206773,-0.95485926,-0.9584937,-0.96242607,-0.9649391,-0.9683097,-0.9716915,-0.9754909,-0.9785391,-0.98156595,-0.9850893,-0.98476905,-0.9877628,-0.98830956,-0.9929902,-0.99548006,-0.99946594,-1.002441,-1.00373,-1.0065145,-1.0091376,-1.0123045,-1.0146519,-1.0180714,-1.0212824,-1.0247297,-1.0270683,-1.0310731,-1.0330229,-1.0357815,-1.0399731,-1.0423169,-1.0451558,-1.0487432,-1.0498486,-1.0543041,-1.0572888,-1.0602556,-1.0631964,-1.06679,-1.069614,-1.0719273,-1.0760112,-1.0786992,-1.0803858,-1.0833995,-1.0856123,-1.0885516
47_real,-0.19329154,,-0.26310188,,,,,,,,,,,,,,,,,,,,,,,,,,,,,,,,,,,,,,,,,,,,,,,,,,,,,,,,,,,,,,,,,,,
47_gen,-0.19329154,-0.19928709,-0.20435493,-0.2100348,-0.21453843,-0.22036073,-0.22467831,-0.22887549,-0.23365954,-0.23762126,-0.24288523,-0.24838623,-0.25303882,-0.25759643,-0.26077622,-0.2643126,-0.2687156,-0.2737022,-0.2771248,-0.28274065,-0.2876291,-0.29028434,-0.29536924,-0.29976127,-0.30453914,-0.30983156,-0.3165233,-0.3206722,-0.32566074,-0.32994083,-0.33390468,-0.3380149,-0.342899,-0.3463818,-0.35057408,-0.35427356,-0.3591956,-0.36405662,-0.36906835,-0.37540033,-0.38074353,-0.38491184,-0.39065668,-0.3964334,-0.40197,-0.40807086,-0.41214243,-0.41738358,-0.4224595,-0.42577824,-0.4299485,-0.43454704,-0.4386689,-0.44368595,-0.44843093,-0.45223126,-0.45728913,-0.46305293,-0.46591115,-0.47090712,-0.4755776,-0.4803981,-0.48490244,-0.4906525,-0.49570757,-0.49996632,-0.5074953,-0.5134564,-0.51750237,-0.5229246
48_real,0.09966453,,0.16961278,,,,,,,,,,,,,,,,,,,,,,,,,,,,,,,,,,,,,,,,,,,,,,,,,,,,,,,,,,,,,,,,,,,
48_gen,0.099664524,0.09480406,0.08791281,0.08303501,0.07758481,0.07012808,0.06798619,0.06425636,0.060419153,0.05692301,0.050954558,0.04383346,0.038290553,0.03200931,0.029146373,0.022880387,0.017164446,0.012703611,0.007952301,0.0033827885,-0.0023898263,-0.0071531152,-0.010488212,-0.015107018,-0.01898332,-0.022100579,-0.024156192,-0.029718623,-0.032609932,-0.03635112,-0.03901788,-0.043002896,-0.045229994,-0.04840168,-0.05369123,-0.055849306,-0.05949357,-0.06393001,-0.06857601,-0.07204001,-0.07490117,-0.07963874,-0.08327565,-0.08875756,-0.09521679,-0.09866184,-0.10371338,-0.108554885,-0.11420484,-0.1167524,-0.119356826,-0.12607536,-0.13066319,-0.13395,-0.13787396,-0.142135,-0.14684783,-0.1537218,-0.1590834,-0.16183265,-0.16669123,-0.1715128,-0.17627981,-0.18135819,-0.18608198,-0.18924905,-0.19228789,-0.19679083,-0.20117518,-0.20432563
49_real,-0.24783823,,-0.05119269,,,,,,,,,,,,,,,,,,,,,,,,,,,,,,,,,,,,,,,,,,,,,,,,,,,,,,,,,,,,,,,,,,,
49_gen,-0.24783823,-0.25501513,-0.26197594,-0.26728028,-0.27175632,-0.27955323,-0.28805175,-0.29646468,-0.30252182,-0.30796033,-0.3146773,-0.31963092,-0.3241557,-0.33035925,-0.33980292,-0.3492483,-0.3537179,-0.36013317,-0.36730298,-0.37469643,-0.3854788,-0.3919455,-0.40134543,-0.40663752,-0.4136293,-0.42193666,-0.4292387,-0.43652734,-0.44512057,-0.45103034,-0.45796984,-0.46641406,-0.47263542,-0.48089918,-0.48970184,-0.49514824,-0.5019461,-0.5108918,-0.5169465,-0.52251554,-0.52759975,-0.53574556,-0.5465191,-0.55809605,-0.56638515,-0.57132924,-0.57823086,-0.5860876,-0.5952069,-0.6031952,-0.61422044,-0.6258522,-0.6349198,-0.64237946,-0.65393996,-0.6620999,-0.66981,-0.67869747,-0.6847957,-0.6915092,-0.6989004,-0.70462734,-0.7126481,-0.7186673,-0.7283454,-0.73386747,-0.7422887,-0.7500371,-0.7570958,-0.7651412
50_real,-0.1392894,,0.028273337,,,,,,,,,,,,,,,,,,,,,,,,,,,,,,,,,,,,,,,,,,,,,,,,,,,,,,,,,,,,,,,,,,,
50_gen,-0.1392894,-0.14831316,-0.15882279,-0.16725,-0.17479771,-0.18271676,-0.18923819,-0.19477233,-0.20398143,-0.20874128,-0.21699992,-0.22112456,-0.22900431,-0.23602661,-0.2415519,-0.24769156,-0.2548786,-0.26406068,-0.27157348,-0.2778414,-0.2838278,-0.2901276,-0.2962802,-0.3052563,-0.31538504,-0.32155117,-0.3261702,-0.3341659,-0.3413455,-0.35299143,-0.35915107,-0.36495364,-0.37078995,-0.3783131,-0.38893574,-0.3945015,-0.40280962,-0.4093271,-0.41769776,-0.4248616,-0.4329722,-0.44167018,-0.44695282,-0.45575094,-0.4654737,-0.47369042,-0.4785839,-0.48668846,-0.49834052,-0.5049536,-0.5136429,-0.52111316,-0.5295308,-0.5373229,-0.5482162,-0.5554511,-0.56506306,-0.5754261,-0.5840022,-0.5913711,-0.6021092,-0.61164033,-0.6212801,-0.6317365,-0.6415715,-0.64667904,-0.6553811,-0.66380084,-0.67031157,-0.6823837
51_real,-0.1325637,,0.089045376,,,,,,,,,,,,,,,,,,,,,,,,,,,,,,,,,,,,,,,,,,,,,,,,,,,,,,,,,,,,,,,,,,,
51_gen,-0.1325637,-0.13609175,-0.13856606,-0.14312343,-0.14566174,-0.15219513,-0.15816562,-0.16155246,-0.16636537,-0.17099622,-0.17851031,-0.18007107,-0.18231189,-0.1823599,-0.1880439,-0.19374263,-0.19812652,-0.2062295,-0.21069685,-0.21785238,-0.22147775,-0.22586572,-0.22983769,-0.23876882,-0.24315631,-0.2478858,-0.25084528,-0.2560467,-0.2579824,-0.26322114,-0.26544833,-0.26984626,-0.27260068,-0.27815807,-0.28240782,-0.28644884,-0.29108724,-0.29140192,-0.29412693,-0.30050063,-0.30235285,-0.3092031,-0.31347525,-0.3212432,-0.32578492,-0.32858497,-0.33585072,-0.34126848,-0.34579974,-0.34831256,-0.35338712,-0.35592955,-0.3627786,-0.36963195,-0.3749013,-0.37819606,-0.3811618,-0.38680845,-0.3899002,-0.39540088,-0.40031752,-0.40466514,-0.4080209,-0.4138852,-0.41720766,-0.42303008,-0.42782277,-0.43252116,-0.43575922,-0.44150662
52_real,-1.3864423,,-1.107618,,,,,,,,,,,,,,,,,,,,,,,,,,,,,,,,,,,,,,,,,,,,,,,,,,,,,,,,,,,,,,,,,,,
52_gen,-1.3864423,-1.3921641,-1.3954328,-1.4010637,-1.4069757,-1.4134854,-1.4190071,-1.4250436,-1.4300445,-1.4352885,-1.4413377,-1.4453571,-1.448559,-1.456919,-1.4638807,-1.4656793,-1.4728357,-1.4761941,-1.4829345,-1.4864689,-1.4889343,-1.4903084,-1.4942585,-1.5007529,-1.5044256,-1.5034344,-1.5087925,-1.5137388,-1.5211742,-1.5256276,-1.529896,-1.5342427,-1.5395395,-1.5442231,-1.5483928,-1.5546347,-1.5557722,-1.561094,-1.5652515,-1.5723386,-1.576618,-1.5788264,-1.5817058,-1.5833876,-1.5869181,-1.590069,-1.5890334,-1.594675,-1.599152,-1.6059952,-1.6113825,-1.616696,-1.6195648,-1.622937,-1.6288826,-1.6357359,-1.6394199,-1.6461163,-1.6521705,-1.65465,-1.6609383,-1.6663475,-1.6717182,-1.6746213,-1.6829494,-1.6878809,-1.6900091,-1.6926022,-1.6966366,-1.6993501
53_real,0.4233956,,0.43232656,,,,,,,,,,,,,,,,,,,,,,,,,,,,,,,,,,,,,,,,,,,,,,,,,,,,,,,,,,,,,,,,,,,
53_gen,0.42339557,0.4143839,0.40495768,0.3933571,0.3862534,0.3756315,0.3670599,0.3589113,0.3551502,0.3534961,0.353961,0.34756428,0.3401404,0.334118,0.33100608,0.31929457,0.31049985,0.30765554,0.29756716,0.28827596,0.2797513,0.27428,0.2681207,0.26303133,0.25502557,0.25100142,0.25430888,0.25261897,0.24762306,0.2382222,0.23146236,0.22486553,0.2195183,0.21567023,0.20840783,0.20306575,0.19790307,0.19399509,0.18326308,0.17613144,0.17064679,0.16060908,0.15594627,0.14837062,0.1396065,0.13471472,0.12822345,0.12651451,0.11800697,0.114438556,0.11118622,0.10117076,0.096152246,0.08950012,0.08425568,0.07754996,0.067805134,0.057928693,0.05535406,0.045775913,0.04066224,0.037309848,0.029773748,0.022123251,0.013155239,0.0075056613,0.0029844884,-0.007963533,-0.008128887,-0.018052708
54_real,-0.8380298,,-0.668522,,,,,,,,,,,,,,,,,,,,,,,,,,,,,,,,,,,,,,,,,,,,,,,,,,,,,,,,,,,,,,,,,,,
54_gen,-0.83802974,-0.85519964,-0.86568534,-0.871093,-0.8800934,-0.88899183,-0.8958559,-0.89757794,-0.90560895,-0.91709214,-0.9260748,-0.92970246,-0.9360584,-0.9487044,-0.9490733,-0.96069014,-0.96940947,-0.97100365,-0.9833268,-0.9879341,-0.993117,-0.99792814,-1.005212,-1.0102123,-1.0224884,-1.0291184,-1.0314348,-1.0384929,-1.040622,-1.0502746,-1.0638621,-1.0780671,-1.085336,-1.0969278,-1.0997621,-1.1105115,-1.1181128,-1.1295588,-1.1350771,-1.1435378,-1.1536777,-1.1585681,-1.1661241,-1.1755747,-1.1818221,-1.1872395,-1.1950958,-1.2019054,-1.2066618,-1.2171988,-1.224549,-1.2310398,-1.2393275,-1.2500962,-1.2551041,-1.2622381,-1.2729836,-1.2780327,-1.2847831,-1.2937883,-1.2981828,-1.305692,-1.3168662,-1.3242743,-1.3363981,-1.342066,-1.348902,-1.3580744,-1.3667239,-1.3753456
55_real,-0.5484658,,-0.5592222,,,,,,,,,,,,,,,,,,,,,,,,,,,,,,,,,,,,,,,,,,,,,,,,,,,,,,,,,,,,,,,,,,,
55_gen,-0.5484658,-0.5523566,-0.55637246,-0.56185853,-0.56764853,-0.5718382,-0.5764576,-0.58101356,-0.5851172,-0.5891541,-0.5934823,-0.5969854,-0.602989,-0.606709,-0.6132356,-0.6200398,-0.6258746,-0.63142544,-0.63486993,-0.6385993,-0.6425379,-0.6476809,-0.65167487,-0.6547513,-0.659746,-0.66525763,-0.6703663,-0.67593503,-0.680539,-0.6820353,-0.6860885,-0.68901587,-0.69221103,-0.6991946,-0.7048243,-0.7075963,-0.713001,-0.7182111,-0.7232655,-0.72871387,-0.73227316,-0.7368344,-0.739483,-0.742541,-0.7480604,-0.7511982,-0.7561555,-0.76179194,-0.76643884,-0.76917046,-0.7731653,-0.77746165,-0.78149384,-0.78581125,-0.7912477,-0.7961527,-0.8004837,-0.8070529,-0.81072426,-0.81573266,-0.8202556,-0.82299215,-0.82712257,-0.8292483,-0.832751,-0.8374298,-0.8408872,-0.8471346,-0.8506732,-0.85385704
56_real,-0.48571748,,-0.47114694,,,,,,,,,,,,,,,,,,,,,,,,,,,,,,,,,,,,,,,,,,,,,,,,,,,,,,,,,,,,,,,,,,,
56_gen,-0.48571748,-0.48934668,-0.4967157,-0.50172454,-0.5060215,-0.5110334,-0.5136941,-0.5193545,-0.52346456,-0.525715,-0.52878004,-0.5328666,-0.53554684,-0.5408585,-0.5444415,-0.5474905,-0.5503139,-0.55349535,-0.5558657,-0.5603918,-0.5632558,-0.5684904,-0.5704299,-0.57419854,-0.5786584,-0.583718,-0.5850528,-0.5886335,-0.5927282,-0.59727794,-0.60039085,-0.6021842,-0.60455716,-0.6082621,-0.60938936,-0.6124833,-0.6156702,-0.61929524,-0.62073123,-0.62296474,-0.62692463,-0.62872136,-0.63346255,-0.63843554,-0.64152706,-0.64559835,-0.6500735,-0.6553765,-0.65623313,-0.66178733,-0.6640632,-0.6684381,-0.6734528,-0.67622674,-0.6830467,-0.6879386,-0.690333,-0.6922058,-0.6944288,-0.6970177,-0.69944984,-0.70368534,-0.7070132,-0.7092625,-0.714244,-0.71866715,-0.7205204,-0.7251859,-0.7280819,-0.73359656
57_real,0.22602098,,0.28304228,,,,,,,,,,,,,,,,,,,,,,,,,,,,,,,,,,,,,,,,,,,,,,,,,,,,,,,,,,,,,,,,,,,
57_gen,0.22602098,0.21831083,0.20959786,0.20084706,0.1911228,0.18333343,0.17759052,0.17225024,0.16389923,0.16079852,0.15600112,0.14988792,0.14548826,0.1390003,0.1329752,0.12765536,0.12149668,0.11223227,0.10625367,0.09706598,0.08744733,0.081879795,0.07314149,0.06706385,0.06077356,0.054320037,0.045232747,0.038197737,0.028997507,0.02130175,0.013620658,0.0051432326,0.000101742895,-0.007085295,-0.014240762,-0.021391947,-0.026738498,-0.03477072,-0.041201625,-0.04895203,-0.055396676,-0.062336244,-0.07082787,-0.07922065,-0.08469399,-0.092554025,-0.10006569,-0.10670149,-0.11633233,-0.12355854,-0.12754041,-0.13536856,-0.13893196,-0.14914867,-0.159235,-0.16641143,-0.17327942,-0.18022828,-0.18385139,-0.19280586,-0.19808106,-0.20505515,-0.21276276,-0.2196764,-0.22604556,-0.2361186,-0.24261224,-0.24981312,-0.25530863,-0.2615804
58_real,0.37745205,,0.24799934,,,,,,,,,,,,,,,,,,,,,,,,,,,,,,,,,,,,,,,,,,,,,,,,,,,,,,,,,,,,,,,,,,,
58_gen,0.37745208,0.36490616,0.35363564,0.34495428,0.33199626,0.32580292,0.3200004,0.31030077,0.2985228,0.28949448,0.2788412,0.26793337,0.25930268,0.25485983,0.24685457,0.23315871,0.2218518,0.2144353,0.2051806,0.19639632,0.18747894,0.17654641,0.17203538,0.16379197,0.15583563,0.15001038,0.14491251,0.13206121,0.121340975,0.11485012,0.10409377,0.096107386,0.08834178,0.08359136,0.07822071,0.07243683,0.06406004,0.053572737,0.03861915,0.030273983,0.0185305,0.011405768,0.0042085014,-0.005187395,-0.01672041,-0.026993016,-0.03430835,-0.039779775,-0.046165,-0.055179667,-0.06600459,-0.078128494,-0.08615239,-0.08987233,-0.096136466,-0.108678505,-0.12190969,-0.13016777,-0.13964874,-0.14988914,-0.1621333,-0.17388245,-0.1825751,-0.1947793,-0.2027858,-0.2122242,-0.21787775,-0.2270681,-0.23786052,-0.24728441
59_real,-0.45525146,,-0.36545685,,,,,,,,,,,,,,,,,,,,,,,,,,,,,,,,,,,,,,,,,,,,,,,,,,,,,,,,,,,,,,,,,,,
59_gen,-0.45525151,-0.4610413,-0.46384892,-0.4665886,-0.47069532,-0.47762927,-0.4794945,-0.4836863,-0.48466617,-0.48578754,-0.48906142,-0.48999205,-0.49157286,-0.4940672,-0.4979202,-0.5014028,-0.504948,-0.50853425,-0.51198304,-0.5135447,-0.5133063,-0.51754963,-0.5182115,-0.5230445,-0.523819,-0.5280326,-0.53072274,-0.5313947,-0.53280526,-0.5370353,-0.5380395,-0.54016054,-0.5417879,-0.5432094,-0.5486876,-0.5511829,-0.5542956,-0.5538702,-0.55493724,-0.5559532,-0.55516446,-0.55830073,-0.5599538,-0.56385887,-0.5653755,-0.56852067,-0.5725596,-0.574623,-0.5747669,-0.5766241,-0.5797876,-0.58004636,-0.5810008,-0.58351034,-0.58541614,-0.590205,-0.59231824,-0.5925809,-0.5972331,-0.59872067,-0.60072124,-0.60272443,-0.60373825,-0.6065777,-0.6082953,-0.60839117,-0.6112946,-0.6129217,-0.613318,-0.6149999
60_real,-0.59747535,,-0.3843464,,,,,,,,,,,,,,,,,,,,,,,,,,,,,,,,,,,,,,,,,,,,,,,,,,,,,,,,,,,,,,,,,,,
60_gen,-0.5974754,-0.59604514,-0.5966818,-0.5976361,-0.59905523,-0.6011012,-0.6046126,-0.604978,-0.6059714,-0.6086084,-0.60867393,-0.6106498,-0.6133438,-0.6129521,-0.61526954,-0.6168957,-0.6195,-0.62103546,-0.6224673,-0.62540275,-0.62747747,-0.6307744,-0.6321624,-0.6335677,-0.63693774,-0.6394509,-0.6417829,-0.6447008,-0.647825,-0.6514071,-0.654289,-0.6568438,-0.6615788,-0.6637279,-0.6657504,-0.6679419,-0.6708454,-0.67150986,-0.67191505,-0.6735722,-0.6767775,-0.6777756,-0.6784607,-0.6819877,-0.68363065,-0.6857027,-0.68872267,-0.6901312,-0.69025075,-0.6937779,-0.6955551,-0.6954921,-0.69765365,-0.7011162,-0.7025095,-0.7052895,-0.7085192,-0.71095127,-0.7123651,-0.71495765,-0.7173042,-0.7209674,-0.72190344,-0.7229876,-0.72522926,-0.7263583,-0.73114145,-0.73480624,-0.7379975,-0.7429693
61_real,-0.84538,,-0.84090245,,,,,,,,,,,,,,,,,,,,,,,,,,,,,,,,,,,,,,,,,,,,,,,,,,,,,,,,,,,,,,,,,,,
61_gen,-0.84537995,-0.8557987,-0.8647922,-0.87236947,-0.8776391,-0.8837749,-0.8921219,-0.90082085,-0.90392226,-0.90754783,-0.9173085,-0.92407036,-0.93573296,-0.94249344,-0.9483159,-0.9542311,-0.95790434,-0.96420115,-0.9704442,-0.9799681,-0.9868523,-0.99357337,-0.998995,-1.00681,-1.0133061,-1.019015,-1.0254505,-1.0312343,-1.0346371,-1.0365037,-1.0406331,-1.0494609,-1.0551376,-1.0621622,-1.0698092,-1.0730745,-1.0754616,-1.0820869,-1.0914677,-1.0925715,-1.092065,-1.0997154,-1.1064785,-1.1164954,-1.1202135,-1.1238104,-1.1265872,-1.1304334,-1.1342242,-1.1382253,-1.1451406,-1.1482508,-1.1525434,-1.1580127,-1.1603589,-1.1652275,-1.1744522,-1.1784172,-1.1864306,-1.1958343,-1.1996248,-1.2064755,-1.2084639,-1.216803,-1.2252443,-1.2309479,-1.2398399,-1.245006,-1.2532597,-1.2625887
62_real,-1.4423963,,-1.3960844,,,,,,,,,,,,,,,,,,,,,,,,,,,,,,,,,,,,,,,,,,,,,,,,,,,,,,,,,,,,,,,,,,,
62_gen,-1.4423963,-1.4476588,-1.4574206,-1.4620335,-1.466244,-1.4741962,-1.4768085,-1.4827433,-1.4878435,-1.4935805,-1.4950815,-1.4977189,-1.5042378,-1.5072719,-1.5085108,-1.5108157,-1.5201418,-1.5237751,-1.5292771,-1.5349362,-1.545149,-1.547621,-1.5527885,-1.5555024,-1.558841,-1.5643393,-1.5721383,-1.5789373,-1.5862337,-1.5920337,-1.5982609,-1.6061106,-1.6134377,-1.6192067,-1.6250389,-1.6275021,-1.6334789,-1.6391623,-1.6453922,-1.6527532,-1.6589928,-1.6624043,-1.6682234,-1.6753353,-1.6809752,-1.6845243,-1.6891886,-1.6956327,-1.7000786,-1.7022327,-1.7100112,-1.7138693,-1.7194563,-1.7262869,-1.7332857,-1.7404629,-1.7465591,-1.7565546,-1.7647383,-1.7696412,-1.7795916,-1.7894676,-1.7949806,-1.8022829,-1.8073337,-1.8163826,-1.8206581,-1.8269113,-1.8337679,-1.8421875
63_real,0.4043893,,0.13558818,,,,,,,,,,,,,,,,,,,,,,,,,,,,,,,,,,,,,,,,,,,,,,,,,,,,,,,,,,,,,,,,,,,
63_gen,0.40438932,0.39576703,0.38788337,0.3755931,0.36858177,0.3626813,0.35494238,0.34655994,0.33931434,0.33119494,0.32353133,0.31741434,0.30981833,0.3025165,0.29661947,0.29303613,0.28551978,0.27921075,0.27050313,0.26399195,0.25737965,0.2508878,0.24485293,0.23584673,0.23098457,0.2225217,0.21095327,0.20482865,0.19622943,0.18839183,0.17932796,0.17444323,0.16957596,0.1626111,0.15550312,0.14721541,0.14125021,0.1340622,0.12824176,0.121340156,0.11149311,0.10346037,0.09433855,0.087460704,0.076021194,0.06871773,0.062002175,0.0541961,0.04458704,0.036693934,0.029579531,0.020621862,0.011155881,0.001282017,-0.007274907,-0.014460547,-0.021796355,-0.029377172,-0.038143035,-0.045878436,-0.05404563,-0.06135262,-0.06670765,-0.075576395,-0.0836959,-0.093630984,-0.10273548,-0.11050515,-0.11967312,-0.124484465
64_real,0.30387458,,0.1243325,,,,,,,,,,,,,,,,,,,,,,,,,,,,,,,,,,,,,,,,,,,,,,,,,,,,,,,,,,,,,,,,,,,
64_gen,0.30387455,0.2942229,0.28345534,0.27366245,0.26708448,0.261329,0.25040752,0.24335213,0.2339503,0.2265631,0.21858867,0.21076956,0.20154746,0.19711787,0.19039814,0.18269324,0.17337085,0.1634489,0.15534565,0.14581187,0.13918558,0.13224235,0.1233813,0.114893034,0.10522441,0.09855806,0.091602996,0.080728196,0.07543829,0.06650643,0.058799136,0.05120381,0.043958865,0.037274204,0.029894855,0.025101086,0.015324622,0.00718986,0.001909956,-0.0046893125,-0.009801684,-0.016351948,-0.022841815,-0.03089023,-0.0388819,-0.04731492,-0.053448074,-0.059972145,-0.06638308,-0.07337252,-0.08066364,-0.09124502,-0.09767176,-0.10505517,-0.1118804,-0.120890856,-0.12617092,-0.13417526,-0.13987122,-0.1468913,-0.15415938,-0.16274899,-0.1734512,-0.18205,-0.1876487,-0.19794904,-0.20769951,-0.21760735,-0.22719517,-0.23341736
65_real,-1.0856485,,-1.0535457,,,,,,,,,,,,,,,,,,,,,,,,,,,,,,,,,,,,,,,,,,,,,,,,,,,,,,,,,,,,,,,,,,,
65_gen,-1.0856485,-1.1026232,-1.1134938,-1.1276155,-1.1337779,-1.1418258,-1.1501333,-1.1563079,-1.1638647,-1.1696035,-1.1742375,-1.1820228,-1.187526,-1.1920125,-1.1949791,-1.1993675,-1.2055755,-1.2104949,-1.217164,-1.2223663,-1.2294953,-1.2348948,-1.2384193,-1.2452681,-1.2521737,-1.2579862,-1.2638295,-1.2648739,-1.2681097,-1.2725339,-1.2785109,-1.2818822,-1.2867496,-1.2943466,-1.2982413,-1.3014433,-1.30652,-1.3094856,-1.3153197,-1.3204296,-1.3260758,-1.3331898,-1.3372915,-1.3426099,-1.3491923,-1.3528688,-1.3599889,-1.364637,-1.3689287,-1.3751031,-1.3795166,-1.3853911,-1.393896,-1.3971857,-1.3985664,-1.403969,-1.41035,-1.4132687,-1.4181206,-1.423493,-1.4294727,-1.43855,-1.4464943,-1.4467237,-1.4526782,-1.4620506,-1.4707806,-1.4724739,-1.475187,-1.4818354
66_real,-0.22657573,,-0.16358447,,,,,,,,,,,,,,,,,,,,,,,,,,,,,,,,,,,,,,,,,,,,,,,,,,,,,,,,,,,,,,,,,,,
66_gen,-0.22657576,-0.23207965,-0.23694026,-0.24245283,-0.24802081,-0.25315294,-0.258017,-0.2616771,-0.2677281,-0.27207726,-0.27938217,-0.2859384,-0.29315668,-0.3032704,-0.3104377,-0.31476408,-0.32055265,-0.3287285,-0.332632,-0.338152,-0.34159118,-0.3469436,-0.35521775,-0.36020464,-0.3679065,-0.37097767,-0.37646687,-0.38297856,-0.38791728,-0.3943829,-0.40476578,-0.4177243,-0.42275333,-0.42597237,-0.4342332,-0.43599415,-0.4436419,-0.45313483,-0.45589042,-0.45898685,-0.46574545,-0.470119,-0.47283334,-0.4764286,-0.48308748,-0.4894536,-0.49438396,-0.49975067,-0.5064752,-0.5145978,-0.5199709,-0.5292196,-0.53494805,-0.54009306,-0.54486334,-0.55008143,-0.55816686,-0.56310296,-0.57275546,-0.5808584,-0.59099144,-0.59678537,-0.6014861,-0.607571,-0.6137774,-0.6185223,-0.6218451,-0.626329,-0.63149035,-0.63759416
67_real,0.010953253,,0.0055145007,,,,,,,,,,,,,,,,,,,,,,,,,,,,,,,,,,,,,,,,,,,,,,,,,,,,,,,,,,,,,,,,,,,
67_gen,0.010953254,0.0061059594,-0.0007989245,-0.007402323,-0.015718699,-0.018983211,-0.025062257,-0.029364169,-0.032466788,-0.036764607,-0.0419836,-0.0503005,-0.058032602,-0.0677145,-0.06913139,-0.07089939,-0.07703643,-0.08148227,-0.08690375,-0.09583564,-0.104217604,-0.11116791,-0.11379089,-0.121416375,-0.12486812,-0.13017683,-0.13530824,-0.14097512,-0.14650579,-0.15024817,-0.15588287,-0.16309147,-0.1685956,-0.17338419,-0.17944391,-0.18798132,-0.19176807,-0.19789277,-0.20007598,-0.20479569,-0.20894071,-0.21452054,-0.22337583,-0.22860274,-0.23575246,-0.24073818,-0.2449243,-0.25011986,-0.25676274,-0.26519606,-0.27116185,-0.27969012,-0.2872941,-0.29558775,-0.30108276,-0.30603173,-0.31324103,-0.31990454,-0.32506382,-0.33220583,-0.34059224,-0.3455631,-0.35254708,-0.35822046,-0.36287516,-0.36820784,-0.3747472,-0.3801195,-0.3901928,-0.39626706
68_real,-0.35025704,,-0.37194988,,,,,,,,,,,,,,,,,,,,,,,,,,,,,,,,,,,,,,,,,,,,,,,,,,,,,,,,,,,,,,,,,,,
68_gen,-0.350257,-0.35874218,-0.36694416,-0.37285691,-0.38116705,-0.38894504,-0.39653412,-0.4033444,-0.4084348,-0.41705018,-0.42272538,-0.42903787,-0.43366536,-0.43825245,-0.44358292,-0.45274886,-0.46150964,-0.46882194,-0.4741598,-0.48184618,-0.48896107,-0.4974019,-0.4993677,-0.5017818,-0.5085429,-0.51619357,-0.52173054,-0.52641386,-0.53568566,-0.54509526,-0.5510469,-0.5587689,-0.5669418,-0.57562286,-0.58356893,-0.58939373,-0.59543085,-0.6017894,-0.60364974,-0.60852396,-0.6127713,-0.62021667,-0.6261996,-0.6302288,-0.63596636,-0.6445933,-0.64958036,-0.6554317,-0.65971977,-0.668163,-0.6752329,-0.68141997,-0.68883413,-0.6929623,-0.69806397,-0.7066442,-0.7139972,-0.72040856,-0.72871363,-0.73745644,-0.7450042,-0.75239855,-0.7607292,-0.76585436,-0.7741051,-0.7797437,-0.7878455,-0.7911168,-0.7990459,-0.8054334
69_real,0.3842616,,0.48481146,,,,,,,,,,,,,,,,,,,,,,,,,,,,,,,,,,,,,,,,,,,,,,,,,,,,,,,,,,,,,,,,,,,
69_gen,0.3842616,0.37634462,0.3685781,0.36669722,0.36098057,0.3549636,0.3527711,0.3454129,0.33884364,0.3311986,0.32546717,0.3195509,0.31485248,0.31012413,0.3041988,0.29924932,0.29842132,0.29305965,0.28904942,0.2846321,0.27882648,0.27653915,0.27126902,0.26800376,0.2625265,0.2580431,0.25436127,0.2481772,0.24239938,0.23953176,0.2334548,0.22701788,0.22549593,0.22110102,0.21574464,0.2117708,0.20726733,0.20180309,0.19699335,0.19388922,0.19087124,0.18771061,0.18150616,0.17525718,0.16966873,0.16610488,0.15921311,0.15359312,0.1472889,0.14152497,0.13691187,0.13492806,0.13050565,0.12820773,0.12464485,0.12002261,0.11488421,0.11462052,0.109294094,0.1068638,0.10244969,0.097751774,0.09350654,0.090442464,0.08755921,0.0827134,0.07732158,0.07226179,0.06584214,0.06111602
70_real,0.3292177,,0.46491835,,,,,,,,,,,,,,,,,,,,,,,,,,,,,,,,,,,,,,,,,,,,,,,,,,,,,,,,,,,,,,,,,,,
70_gen,0.3292177,0.3209309,0.31515488,0.30822986,0.303059,0.29993722,0.29364386,0.2878911,0.28297108,0.2758891,0.2704242,0.26174995,0.25451356,0.24910295,0.24243157,0.23433487,0.22585197,0.2230126,0.21999338,0.21762185,0.21447691,0.21179242,0.2059927,0.1996244,0.19175415,0.18555176,0.17651866,0.16831842,0.16188392,0.15435493,0.1491246,0.14310035,0.13660142,0.1319666,0.12698932,0.1205788,0.11511479,0.11156583,0.10553239,0.09633702,0.0910435,0.08417769,0.078636155,0.072918355,0.06719132,0.06363192,0.057925057,0.050991,0.04532474,0.040792007,0.035268754,0.030812938,0.024582095,0.021699846,0.014534523,0.0083675515,0.007235849,0.004778448,-7.06764e-05,-0.00724827,-0.012504458,-0.018849764,-0.02239056,-0.026262844,-0.029901039,-0.034686025,-0.04174551,-0.04785809,-0.05259446,-0.054964006
71_real,0.7210893,,0.3716983,,,,,,,,,,,,,,,,,,,,,,,,,,,,,,,,,,,,,,,,,,,,,,,,,,,,,,,,,,,,,,,,,,,
71_gen,0.7210893,0.7171124,0.7166468,0.7139452,0.71171933,0.7108748,0.7069158,0.7072516,0.7057313,0.7040285,0.70144993,0.69837296,0.6943437,0.6937849,0.69244707,0.689262,0.6849859,0.6842293,0.68141586,0.6803864,0.6764996,0.67492145,0.67182666,0.6716119,0.66832936,0.66678745,0.6661676,0.6634043,0.65905935,0.65218556,0.65290487,0.6490864,0.6482173,0.64545316,0.6421137,0.6383534,0.63718486,0.6416094,0.63867843,0.64098215,0.63752586,0.63401705,0.63100135,0.63023436,0.62961876,0.62838584,0.62374127,0.62010866,0.6209443,0.61913794,0.6204602,0.6172801,0.61239004,0.6107803,0.60512334,0.6015759,0.5937296,0.5914791,0.58982587,0.5807823,0.57831556,0.5772193,0.5755663,0.573369,0.5748759,0.57232475,0.57195365,0.56793654,0.5646769,0.56235737
72_real,0.7313488,,0.4961267,,,,,,,,,,,,,,,,,,,,,,,,,,,,,,,,,,,,,,,,,,,,,,,,,,,,,,,,,,,,,,,,,,,
72_gen,0.7313489,0.72886515,0.7251341,0.7211436,0.71520466,0.7121648,0.7092304,0.7050215,0.6975176,0.6935171,0.68918,0.68495446,0.679639,0.67878884,0.67687696,0.6739069,0.66825736,0.6646161,0.65765846,0.65458715,0.6513053,0.6503657,0.645188,0.64243174,0.63810235,0.6346792,0.6295169,0.62304837,0.6227888,0.61827445,0.61464494,0.6093081,0.60395986,0.59990096,0.59750307,0.59074086,0.58771294,0.582848,0.5815992,0.5781139,0.5718874,0.56453574,0.5612775,0.5584497,0.5528844,0.55121505,0.54799366,0.5435149,0.54037654,0.53402346,0.5313611,0.5266032,0.5248168,0.5247802,0.51785064,0.51321155,0.5098794,0.5080725,0.50227994,0.49792504,0.4925457,0.4892064,0.48711687,0.48197025,0.47907868,0.47509947,0.4700218,0.4631889,0.4576276,0.45220804
73_real,0.41072994,,0.61412793,,,,,,,,,,,,,,,,,,,,,,,,,,,,,,,,,,,,,,,,,,,,,,,,,,,,,,,,,,,,,,,,,,,
73_gen,0.41072994,0.40639982,0.40426683,0.3986985,0.39008036,0.38403654,0.37612402,0.37204772,0.36760288,0.3613484,0.36061102,0.35435954,0.34647536,0.34192953,0.33339286,0.33048835,0.32684687,0.32396537,0.31931195,0.31500044,0.3102767,0.30694833,0.30419368,0.29840043,0.2917139,0.28468558,0.28063014,0.2777204,0.2723997,0.2670117,0.26213056,0.25625747,0.25240368,0.24654436,0.23933272,0.23274823,0.22700164,0.21870133,0.21387224,0.20919998,0.2042315,0.19832002,0.19255204,0.18912056,0.185605,0.1777588,0.17242694,0.16981083,0.16232292,0.15446852,0.14727,0.14389929,0.13467349,0.12788495,0.1219669,0.116794206,0.11318581,0.10846943,0.10391879,0.09902986,0.09511975,0.089212075,0.0811381,0.0759946,0.065930836,0.056213856,0.049229432,0.04053373,0.029811919,0.023854794
74_real,0.16916753,,0.52004,,,,,,,,,,,,,,,,,,,,,,,,,,,,,,,,,,,,,,,,,,,,,,,,,,,,,,,,,,,,,,,,,,,
74_gen,0.16916753,0.16011386,0.14801674,0.13875605,0.1318183,0.12564686,0.11881547,0.11312052,0.1066813,0.10134105,0.090572424,0.08368495,0.073448494,0.06551647,0.06019522,0.055441827,0.046050377,0.04342893,0.03360737,0.027032575,0.017146146,0.012927276,0.0060857562,0.003071462,-0.0054218196,-0.007341209,-0.013761258,-0.021560978,-0.024694096,-0.030532682,-0.03413146,-0.04350328,-0.05119186,-0.058628432,-0.065216586,-0.07076659,-0.074317,-0.07972205,-0.08367536,-0.08918072,-0.10081166,-0.11063306,-0.111963965,-0.11858443,-0.12140036,-0.12835982,-0.13584009,-0.14347115,-0.14965275,-0.15313083,-0.15951909,-0.16476409,-0.17236729,-0.18128076,-0.18823647,-0.1994433,-0.20576712,-0.2095575,-0.21906355,-0.22160897,-0.2276731,-0.23289001,-0.243283,-0.24975888,-0.25588122,-0.26523,-0.27070445,-0.2836861,-0.29215944,-0.29911506
75_real,-1.0438873,,-0.87758875,,,,,,,,,,,,,,,,,,,,,,,,,,,,,,,,,,,,,,,,,,,,,,,,,,,,,,,,,,,,,,,,,,,
75_gen,-1.0438873,-1.0475157,-1.0497935,-1.0526567,-1.0525868,-1.0552835,-1.0601623,-1.0633346,-1.0648205,-1.0678794,-1.0687464,-1.070199,-1.0710117,-1.072823,-1.0757259,-1.0776769,-1.0808299,-1.0834925,-1.08656,-1.0878595,-1.0917931,-1.0948406,-1.0985969,-1.1021467,-1.1049068,-1.1031244,-1.1035559,-1.1038854,-1.1075561,-1.1100613,-1.1138463,-1.1170994,-1.1209078,-1.1236684,-1.1247387,-1.127393,-1.1287823,-1.1295424,-1.1315367,-1.1335484,-1.1346216,-1.1384214,-1.1426065,-1.1448171,-1.1476167,-1.1510828,-1.1535425,-1.1546048,-1.1592638,-1.1611336,-1.1658642,-1.1680522,-1.1710355,-1.1731169,-1.175375,-1.1776041,-1.1806829,-1.183273,-1.1861827,-1.1899023,-1.1921376,-1.1940546,-1.1964283,-1.1972663,-1.2014234,-1.2021954,-1.2054532,-1.2091088,-1.2134905,-1.2178059
76_real,-1.1013997,,-0.9854204,,,,,,,,,,,,,,,,,,,,,,,,,,,,,,,,,,,,,,,,,,,,,,,,,,,,,,,,,,,,,,,,,,,
76_gen,-1.1013995,-1.1069946,-1.112854,-1.1171013,-1.1192995,-1.1238521,-1.1249506,-1.1293318,-1.1324679,-1.1354392,-1.1410805,-1.1442746,-1.1495278,-1.1532581,-1.1556013,-1.160034,-1.161796,-1.1659482,-1.1711086,-1.1767806,-1.1814101,-1.1829617,-1.1871274,-1.1881814,-1.1916211,-1.1946092,-1.1969122,-1.1989228,-1.2022504,-1.2063932,-1.2106259,-1.2130454,-1.2178745,-1.2194855,-1.2230191,-1.2251705,-1.2295209,-1.2322572,-1.2350835,-1.2361479,-1.2397391,-1.2420619,-1.2490546,-1.2495627,-1.2551762,-1.2577446,-1.261099,-1.2668726,-1.2708795,-1.2767173,-1.2815678,-1.2844222,-1.2881058,-1.2923334,-1.2956445,-1.2998497,-1.3010098,-1.3042319,-1.3094543,-1.3147764,-1.3142416,-1.316182,-1.3188388,-1.3241532,-1.3252057,-1.3292775,-1.3317821,-1.3361968,-1.3396399,-1.3433802
77_real,-0.72787255,,-0.82371616,,,,,,,,,,,,,,,,,,,,,,,,,,,,,,,,,,,,,,,,,,,,,,,,,,,,,,,,,,,,,,,,,,,
77_gen,-0.7278725,-0.73115087,-0.73628044,-0.7414184,-0.74291337,-0.7485545,-0.7519636,-0.757495,-0.7638061,-0.77018607,-0.77365804,-0.7792568,-0.78501403,-0.7905867,-0.7956304,-0.79537725,-0.7987204,-0.8004662,-0.80431426,-0.80691254,-0.8097321,-0.8154044,-0.8179821,-0.81906366,-0.82363474,-0.8280622,-0.8300147,-0.83193797,-0.833563,-0.8372815,-0.8381354,-0.83959687,-0.8459466,-0.8482453,-0.85136235,-0.85365564,-0.85777056,-0.8564598,-0.8583193,-0.8614439,-0.86418647,-0.8655895,-0.8706843,-0.8721011,-0.87434864,-0.8768266,-0.88133734,-0.88406956,-0.88268423,-0.8834907,-0.88927954,-0.89378816,-0.8967702,-0.9004544,-0.90407693,-0.9092617,-0.91525096,-0.91929495,-0.92110616,-0.9243744,-0.9274759,-0.93163097,-0.934684,-0.9389974,-0.9421015,-0.9450885,-0.9463564,-0.9497448,-0.95501184,-0.95698404
78_real,-0.80555016,,-0.53071725,,,,,,,,,,,,,,,,,,,,,,,,,,,,,,,,,,,,,,,,,,,,,,,,,,,,,,,,,,,,,,,,,,,
78_gen,-0.8055502,-0.8104477,-0.81599444,-0.8214013,-0.8247647,-0.8287759,-0.83238,-0.8371709,-0.84157515,-0.8473754,-0.8523701,-0.8580834,-0.86355704,-0.8664352,-0.87076014,-0.87627715,-0.8848609,-0.8863162,-0.8890072,-0.8928221,-0.89872026,-0.9017439,-0.9060934,-0.9091872,-0.9119878,-0.914858,-0.91672784,-0.92068446,-0.9236194,-0.9267279,-0.9306191,-0.9361278,-0.9422234,-0.94582164,-0.9502673,-0.9572587,-0.9616392,-0.96460027,-0.97421634,-0.97565114,-0.9782591,-0.97993624,-0.9861622,-0.9891766,-0.9937213,-1.002094,-1.0089123,-1.0145645,-1.0211848,-1.0252334,-1.0297751,-1.0380707,-1.0471654,-1.05239,-1.058491,-1.0617644,-1.0651951,-1.0664212,-1.0705628,-1.0754503,-1.0759223,-1.077857,-1.0839388,-1.0896914,-1.093786,-1.0994295,-1.1055909,-1.1083508,-1.1147745,-1.1182387
79_real,-0.7889736,,-0.87219304,,,,,,,,,,,,,,,,,,,,,,,,,,,,,,,,,,,,,,,,,,,,,,,,,,,,,,,,,,,,,,,,,,,
79_gen,-0.7889737,-0.79626995,-0.80050766,-0.8042796,-0.8090413,-0.81230104,-0.8178159,-0.8207754,-0.8257931,-0.82956994,-0.8331577,-0.8381537,-0.8430873,-0.8464489,-0.8500568,-0.85515916,-0.8602044,-0.864027,-0.86650896,-0.8693844,-0.8730599,-0.87634706,-0.8804286,-0.88383627,-0.88653594,-0.88910997,-0.89166325,-0.89431155,-0.8991823,-0.9010418,-0.9031805,-0.9075658,-0.90819055,-0.9115318,-0.9152733,-0.91929275,-0.9226546,-0.926452,-0.92930305,-0.9337915,-0.936046,-0.9398883,-0.94380647,-0.94791806,-0.95211256,-0.95696324,-0.96191293,-0.96564883,-0.9697815,-0.97501594,-0.97761375,-0.98174745,-0.98529387,-0.98897326,-0.9941656,-0.9980806,-1.0032754,-1.0069923,-1.0098163,-1.0137999,-1.0174992,-1.0223849,-1.0262922,-1.0294831,-1.0333997,-1.0375153,-1.0412362,-1.046324,-1.0509495,-1.054508
80_real,-1.0869988,,-1.156318,,,,,,,,,,,,,,,,,,,,,,,,,,,,,,,,,,,,,,,,,,,,,,,,,,,,,,,,,,,,,,,,,,,
80_gen,-1.0869988,-1.094928,-1.1005952,-1.1057279,-1.1115675,-1.1159885,-1.120774,-1.1253275,-1.129941,-1.1342571,-1.1389186,-1.1430302,-1.1472459,-1.1519026,-1.1552298,-1.1604617,-1.1632984,-1.167599,-1.1719698,-1.1754291,-1.1791633,-1.1847447,-1.1892047,-1.193338,-1.1956192,-1.197324,-1.200922,-1.2051998,-1.2082608,-1.2103431,-1.2149823,-1.218117,-1.2218696,-1.2241352,-1.2272325,-1.2330812,-1.2355295,-1.2378566,-1.2420712,-1.2454163,-1.2481148,-1.2502836,-1.2527361,-1.2571008,-1.2582387,-1.2637174,-1.2660271,-1.2695163,-1.2721527,-1.2733433,-1.2775669,-1.2799723,-1.2844913,-1.2865431,-1.2893836,-1.2898374,-1.2939507,-1.2989074,-1.3036638,-1.3063209,-1.3105919,-1.3146052,-1.3177657,-1.3200363,-1.3224033,-1.3246739,-1.32704,-1.3316872,-1.3367364,-1.3406909
81_real,-0.53499573,,-0.51112723,,,,,,,,,,,,,,,,,,,,,,,,,,,,,,,,,,,,,,,,,,,,,,,,,,,,,,,,,,,,,,,,,,,
81_gen,-0.5349957,-0.5434058,-0.5535025,-0.5634322,-0.5679959,-0.57280076,-0.57777524,-0.58473295,-0.5909718,-0.59676373,-0.60235804,-0.607691,-0.61585516,-0.6200002,-0.624846,-0.6344041,-0.6393427,-0.64476967,-0.65134084,-0.65751344,-0.6627275,-0.67201406,-0.67775476,-0.6841974,-0.69057107,-0.7006897,-0.7099579,-0.71652275,-0.722677,-0.72762865,-0.73352826,-0.73809093,-0.74329793,-0.75197095,-0.7569964,-0.76096094,-0.7640871,-0.7716684,-0.7802796,-0.78733045,-0.7938816,-0.79982764,-0.80663216,-0.8116473,-0.819606,-0.8240386,-0.82901126,-0.83410007,-0.8405563,-0.8417969,-0.851414,-0.8594283,-0.8653051,-0.87009066,-0.87665975,-0.88407564,-0.8890935,-0.89822006,-0.907129,-0.9124511,-0.91961545,-0.92844236,-0.9354981,-0.94203234,-0.9526309,-0.95845664,-0.9666179,-0.9728557,-0.9777486,-0.9841674
82_real,-0.69957817,,-0.5689879,,,,,,,,,,,,,,,,,,,,,,,,,,,,,,,,,,,,,,,,,,,,,,,,,,,,,,,,,,,,,,,,,,,
82_gen,-0.6995782,-0.7015441,-0.70489013,-0.7090552,-0.7142068,-0.722582,-0.7290111,-0.7328193,-0.7365106,-0.7403106,-0.7453176,-0.7501434,-0.7519598,-0.75659996,-0.76121604,-0.7650106,-0.76918525,-0.77617735,-0.7822282,-0.7840528,-0.7852682,-0.78996205,-0.7928089,-0.7953998,-0.79634655,-0.80240905,-0.80666,-0.81260806,-0.81840897,-0.8250639,-0.8291484,-0.8334818,-0.8377013,-0.84104586,-0.8442953,-0.84923637,-0.8528102,-0.8555663,-0.8602498,-0.866022,-0.8688181,-0.87637997,-0.8794154,-0.8814934,-0.8847521,-0.88820493,-0.8932716,-0.8968827,-0.90069914,-0.9015578,-0.90468246,-0.9093789,-0.9152918,-0.9191591,-0.922569,-0.9284545,-0.93513644,-0.93832284,-0.94339466,-0.94907427,-0.95086527,-0.9552065,-0.95969343,-0.96289825,-0.96730006,-0.97044116,-0.9757535,-0.9805664,-0.9867714,-0.991405
83_real,-0.015810521,,0.06454739,,,,,,,,,,,,,,,,,,,,,,,,,,,,,,,,,,,,,,,,,,,,,,,,,,,,,,,,,,,,,,,,,,,
83_gen,-0.015810521,-0.020172738,-0.024731219,-0.02993511,-0.035717852,-0.03952696,-0.04257571,-0.04973027,-0.055190094,-0.060063206,-0.06600413,-0.06945355,-0.076533034,-0.08144469,-0.086310074,-0.09088451,-0.09585444,-0.10168487,-0.1075776,-0.112251595,-0.117998205,-0.12325287,-0.12938955,-0.13489346,-0.13688388,-0.14165726,-0.14669997,-0.15017459,-0.15524697,-0.15932313,-0.16285346,-0.16780783,-0.17010811,-0.17560092,-0.17820895,-0.18271221,-0.1865011,-0.19007519,-0.19459502,-0.19934723,-0.20312575,-0.20704141,-0.21058507,-0.21426208,-0.21935359,-0.22533882,-0.22900693,-0.23646362,-0.24044204,-0.24762857,-0.25194913,-0.25684115,-0.26042423,-0.26620197,-0.27003562,-0.27480215,-0.27924448,-0.28539363,-0.29024217,-0.29482073,-0.2998084,-0.30516773,-0.31184196,-0.31755835,-0.32237476,-0.32737976,-0.33055484,-0.33521038,-0.34110814,-0.34922954
84_real,0.15407275,,0.35403833,,,,,,,,,,,,,,,,,,,,,,,,,,,,,,,,,,,,,,,,,,,,,,,,,,,,,,,,,,,,,,,,,,,
84_gen,0.15407275,0.14497237,0.13891755,0.1326693,0.12616137,0.11994694,0.11211194,0.103836134,0.094070286,0.08765694,0.08125045,0.072971925,0.06444921,0.05782764,0.052217036,0.045954753,0.040442746,0.034483247,0.028481096,0.021722775,0.014405531,0.008087614,0.0007362078,-0.006477067,-0.013515674,-0.019345703,-0.024222136,-0.02891104,-0.034423117,-0.04107045,-0.047338657,-0.05528106,-0.06408511,-0.07135095,-0.07772652,-0.08472117,-0.0919346,-0.09739849,-0.10152098,-0.10628913,-0.11305448,-0.12080209,-0.1282446,-0.13461806,-0.1417941,-0.14799485,-0.15503155,-0.16285846,-0.17085357,-0.1771203,-0.1827654,-0.18851385,-0.19483247,-0.19983059,-0.20625997,-0.21405998,-0.22054689,-0.22927925,-0.23727052,-0.2463506,-0.2502268,-0.2574947,-0.2657567,-0.27280027,-0.28013635,-0.2895577,-0.29759067,-0.30478287,-0.3120099,-0.31698465
85_real,-0.71466535,,-0.6803087,,,,,,,,,,,,,,,,,,,,,,,,,,,,,,,,,,,,,,,,,,,,,,,,,,,,,,,,,,,,,,,,,,,
85_gen,-0.71466535,-0.72187984,-0.7291257,-0.73627615,-0.742934,-0.7487114,-0.7583231,-0.76304066,-0.7682282,-0.7720552,-0.7781117,-0.78421813,-0.78811365,-0.79241,-0.7969012,-0.80088186,-0.8053214,-0.8098602,-0.81684524,-0.8225583,-0.82789564,-0.8322471,-0.8361784,-0.84091824,-0.84462726,-0.8499134,-0.8572539,-0.8612026,-0.8639842,-0.865074,-0.8707021,-0.8741809,-0.8793885,-0.88434124,-0.8895957,-0.8950761,-0.9034605,-0.9080435,-0.9130353,-0.91525304,-0.9184375,-0.92175454,-0.9255818,-0.9337988,-0.9396416,-0.9452454,-0.949331,-0.9552413,-0.96359444,-0.9687282,-0.97174215,-0.9777565,-0.986941,-0.98931855,-0.9959747,-0.9989997,-1.001814,-1.0103219,-1.0156839,-1.0237522,-1.0295432,-1.0331372,-1.0389491,-1.0429136,-1.0471902,-1.0513391,-1.0571492,-1.0610201,-1.0650963,-1.0694197
86_real,0.1311719,,0.22280513,,,,,,,,,,,,,,,,,,,,,,,,,,,,,,,,,,,,,,,,,,,,,,,,,,,,,,,,,,,,,,,,,,,
86_gen,0.13117191,0.12071596,0.111332335,0.10574599,0.09945143,0.09174657,0.083295956,0.077997945,0.06937637,0.06223167,0.05507163,0.04907487,0.043808047,0.036964398,0.030964604,0.026524592,0.021461198,0.017167326,0.012142442,0.0064673843,0.00064630556,-0.0042008157,-0.007469347,-0.013356445,-0.018651456,-0.027969193,-0.031028062,-0.03871032,-0.04584466,-0.04867471,-0.055657584,-0.06087525,-0.0671013,-0.072715625,-0.07945615,-0.08333503,-0.09042589,-0.0931995,-0.09998611,-0.10522497,-0.11120777,-0.11636452,-0.124436215,-0.13223106,-0.13588077,-0.14226174,-0.14991008,-0.15792029,-0.1607534,-0.16381563,-0.16893561,-0.17446217,-0.18151352,-0.18679023,-0.19257388,-0.19976817,-0.2021077,-0.2111862,-0.21709125,-0.22453491,-0.22798035,-0.23269324,-0.2380902,-0.2421777,-0.24601512,-0.2538924,-0.260386,-0.26641527,-0.27212146,-0.27751976
87_real,-0.0450287,,0.13949953,,,,,,,,,,,,,,,,,,,,,,,,,,,,,,,,,,,,,,,,,,,,,,,,,,,,,,,,,,,,,,,,,,,
87_gen,-0.045028698,-0.05029717,-0.05707833,-0.060108505,-0.066845454,-0.07381247,-0.07819645,-0.08487945,-0.09408176,-0.0961849,-0.10282151,-0.10902709,-0.11474614,-0.11821906,-0.1217796,-0.12630978,-0.13224757,-0.13514076,-0.14164834,-0.14621136,-0.15106514,-0.15281434,-0.15871593,-0.16195685,-0.16440707,-0.16895609,-0.1729134,-0.17654362,-0.18133512,-0.1845965,-0.18957022,-0.19708271,-0.20034531,-0.20458324,-0.20808534,-0.21498446,-0.21831,-0.22131315,-0.22438745,-0.22776909,-0.23136377,-0.23771676,-0.23781939,-0.24323776,-0.24795005,-0.2489376,-0.25237945,-0.25764194,-0.26004303,-0.26340297,-0.26682407,-0.27116555,-0.27565408,-0.28141025,-0.2888929,-0.2925679,-0.2952971,-0.30271265,-0.3058329,-0.31139085,-0.31890082,-0.32192135,-0.32438585,-0.32555518,-0.33113733,-0.3369215,-0.34414974,-0.34328192,-0.34734702,-0.35153922
88_real,0.13805005,,0.2186999,,,,,,,,,,,,,,,,,,,,,,,,,,,,,,,,,,,,,,,,,,,,,,,,,,,,,,,,,,,,,,,,,,,
88_gen,0.13805006,0.13195136,0.12844545,0.12379746,0.122148275,0.11387901,0.11422996,0.11116959,0.10852244,0.1103514,0.10940973,0.109197296,0.10514009,0.103769764,0.101031624,0.09574936,0.09540886,0.09541627,0.094291195,0.09058942,0.08620213,0.08227037,0.075752884,0.0714296,0.06906693,0.06860849,0.06312659,0.06033518,0.059311368,0.05790338,0.053664,0.050789513,0.052743226,0.05189822,0.049716976,0.048515536,0.049784582,0.044806916,0.044617474,0.040372603,0.03612114,0.03348858,0.03181515,0.029387593,0.026968474,0.027531296,0.022574862,0.021004144,0.018667063,0.015592044,0.014828844,0.01531366,0.015094894,0.012905322,0.009090692,0.010763029,0.006267025,0.0030381388,0.0016261905,-0.0011622667,-0.006139985,-0.007753958,-0.0065811826,-0.0058495225,-0.0053313016,-0.0054247165,-0.005907727,-0.0045575076,-0.0074543557,-0.012466927
89_real,-0.65021867,,-0.50791156,,,,,,,,,,,,,,,,,,,,,,,,,,,,,,,,,,,,,,,,,,,,,,,,,,,,,,,,,,,,,,,,,,,
89_gen,-0.6502186,-0.65377563,-0.65535814,-0.65981543,-0.66166407,-0.6659379,-0.66793007,-0.66989547,-0.6707249,-0.6748878,-0.67770034,-0.68073833,-0.6809523,-0.68354946,-0.6864458,-0.68954587,-0.6952499,-0.70079625,-0.704489,-0.706771,-0.7082783,-0.71251035,-0.71320343,-0.7166508,-0.71951926,-0.72252345,-0.72354496,-0.72437835,-0.72775185,-0.7330356,-0.7377522,-0.73962915,-0.74303395,-0.74628866,-0.7495998,-0.75229895,-0.75359535,-0.754175,-0.75868493,-0.7629299,-0.76606125,-0.7682558,-0.77101535,-0.77467716,-0.77682596,-0.7802827,-0.7823299,-0.78447735,-0.7889072,-0.79136074,-0.79678214,-0.79746735,-0.8007097,-0.80232084,-0.8046607,-0.8070777,-0.8118477,-0.81631804,-0.8166441,-0.8160612,-0.818587,-0.82237226,-0.82560265,-0.82790625,-0.8308622,-0.83682406,-0.83919555,-0.8417586,-0.84482783,-0.84913903
90_real,-0.87431663,,-0.70237184,,,,,,,,,,,,,,,,,,,,,,,,,,,,,,,,,,,,,,,,,,,,,,,,,,,,,,,,,,,,,,,,,,,
90_gen,-0.8743166,-0.8793355,-0.88231194,-0.88441455,-0.88907653,-0.8936035,-0.89535934,-0.8994204,-0.90567285,-0.907798,-0.9115906,-0.9174382,-0.92035294,-0.9243067,-0.925243,-0.9258273,-0.9288058,-0.93234193,-0.9362132,-0.93921566,-0.9429865,-0.94914854,-0.94988614,-0.9531473,-0.95545256,-0.95613754,-0.95625734,-0.9586854,-0.95781195,-0.9596469,-0.96249163,-0.9654428,-0.9699489,-0.97306013,-0.97240496,-0.9738444,-0.9763204,-0.97639525,-0.9784585,-0.9826258,-0.9869267,-0.99096406,-0.99450576,-0.9982587,-0.9998555,-1.0021433,-1.0050011,-1.0079117,-1.009531,-1.0114024,-1.0162222,-1.0180252,-1.0188024,-1.0189989,-1.0229976,-1.0242718,-1.0278999,-1.0290565,-1.0325,-1.0345671,-1.0360589,-1.0387771,-1.0402976,-1.0425993,-1.0476377,-1.0514314,-1.0505865,-1.0548574,-1.0575701,-1.0631168
91_real,-0.3161843,,-0.18875642,,,,,,,,,,,,,,,,,,,,,,,,,,,,,,,,,,,,,,,,,,,,,,,,,,,,,,,,,,,,,,,,,,,
91_gen,-0.3161843,-0.32311177,-0.32962492,-0.33438367,-0.33913365,-0.34321207,-0.34664178,-0.3504948,-0.35674638,-0.36203584,-0.36434287,-0.36942595,-0.37491912,-0.3806871,-0.38510352,-0.3903164,-0.39468694,-0.39994988,-0.40128574,-0.40524346,-0.40849096,-0.4109954,-0.41467008,-0.41989532,-0.42315245,-0.42490235,-0.42920384,-0.4331131,-0.43604016,-0.43834108,-0.4407491,-0.44221383,-0.44576177,-0.4507584,-0.45494628,-0.46025586,-0.4624166,-0.46361858,-0.4649307,-0.46673256,-0.4700779,-0.4741516,-0.47789145,-0.48273706,-0.48340416,-0.4844002,-0.48411226,-0.48550826,-0.48986834,-0.49373952,-0.49678558,-0.4996337,-0.50313824,-0.50360996,-0.5065424,-0.5098369,-0.51341933,-0.5155679,-0.5183877,-0.52071893,-0.52465904,-0.5233057,-0.5271789,-0.5296113,-0.5319787,-0.53477716,-0.53757346,-0.5403586,-0.5436476,-0.5430925
92_real,0.2762643,,0.36812264,,,,,,,,,,,,,,,,,,,,,,,,,,,,,,,,,,,,,,,,,,,,,,,,,,,,,,,,,,,,,,,,,,,
92_gen,0.27626428,0.2742085,0.26853487,0.2651521,0.26188865,0.25900716,0.25639296,0.25366727,0.24968846,0.24628448,0.24095766,0.2379437,0.23517826,0.23389754,0.2323077,0.22681122,0.22018218,0.21780142,0.21316767,0.20833254,0.2035912,0.19979122,0.19573697,0.19073217,0.18674713,0.18635425,0.1808263,0.17864364,0.17482737,0.17441042,0.1698639,0.16528316,0.15992942,0.15735164,0.15374221,0.15023358,0.14781669,0.14523874,0.1420348,0.13929167,0.13753891,0.13293,0.13200442,0.12858486,0.12779471,0.12800422,0.12062629,0.11724134,0.111554265,0.110635795,0.1096264,0.10469253,0.10208683,0.10053321,0.09559113,0.093648404,0.09054492,0.08528129,0.08078943,0.07799178,0.07649716,0.07290578,0.07159628,0.06741129,0.06481086,0.062072534,0.060588665,0.058403872,0.05691896,0.051892467
93_real,-0.21985328,,-0.264294,,,,,,,,,,,,,,,,,,,,,,,,,,,,,,,,,,,,,,,,,,,,,,,,,,,,,,,,,,,,,,,,,,,
93_gen,-0.21985328,-0.2290123,-0.23825629,-0.24524322,-0.25144956,-0.2587073,-0.2662547,-0.2744718,-0.28055626,-0.2844497,-0.2915574,-0.29855856,-0.30363154,-0.31074682,-0.3189097,-0.32490748,-0.3307182,-0.3370622,-0.34182954,-0.3476958,-0.3540222,-0.3613663,-0.36763805,-0.37428123,-0.38229346,-0.38938096,-0.39685464,-0.40391675,-0.41211432,-0.4183483,-0.42543393,-0.43219623,-0.43865043,-0.44505197,-0.4509732,-0.45880714,-0.4647513,-0.4693002,-0.47547597,-0.48075542,-0.4866487,-0.49466044,-0.50233966,-0.5079577,-0.5153445,-0.52207327,-0.5283135,-0.53456604,-0.54243004,-0.548517,-0.5548457,-0.5626503,-0.5687099,-0.576704,-0.58327985,-0.58861434,-0.5958398,-0.60417134,-0.6127172,-0.6207716,-0.626726,-0.63391316,-0.6409229,-0.64490354,-0.65231746,-0.6578861,-0.66515434,-0.6736494,-0.67903566,-0.6858201
94_real,-0.10763165,,-0.16460945,,,,,,,,,,,,,,,,,,,,,,,,,,,,,,,,,,,,,,,,,,,,,,,,,,,,,,,,,,,,,,,,,,,
94_gen,-0.10763167,-0.116579905,-0.12589176,-0.13582572,-0.14379771,-0.15213028,-0.1618894,-0.1694199,-0.17689805,-0.18667296,-0.18815523,-0.19367966,-0.19762948,-0.20560372,-0.216121,-0.22405402,-0.22793579,-0.23599474,-0.2433687,-0.25011295,-0.26147822,-0.26713833,-0.2761692,-0.28278846,-0.29084283,-0.29736906,-0.30570891,-0.3127629,-0.31766286,-0.32676035,-0.33606705,-0.34260285,-0.34746194,-0.3516373,-0.35823697,-0.36420283,-0.368141,-0.37472495,-0.38028514,-0.38640553,-0.39322442,-0.39893767,-0.40543732,-0.40854898,-0.4133357,-0.41935793,-0.42643398,-0.43398175,-0.44160122,-0.4469366,-0.45313796,-0.46288282,-0.4723956,-0.47986823,-0.4883027,-0.49569374,-0.50251734,-0.5083001,-0.51496565,-0.5221561,-0.5268096,-0.5316188,-0.53920645,-0.5455095,-0.55499005,-0.5612438,-0.5678314,-0.5764977,-0.5819725,-0.58831865
95_real,-0.9483924,,-0.9364768,,,,,,,,,,,,,,,,,,,,,,,,,,,,,,,,,,,,,,,,,,,,,,,,,,,,,,,,,,,,,,,,,,,
95_gen,-0.9483925,-0.9579708,-0.9663557,-0.97047824,-0.9789103,-0.9900753,-0.99521637,-1.0092468,-1.0191033,-1.0302241,-1.0407112,-1.0475492,-1.0549542,-1.0636429,-1.073958,-1.0819877,-1.0887903,-1.0925388,-1.104952,-1.1133969,-1.1210511,-1.1300951,-1.1387248,-1.1454785,-1.1556832,-1.1585253,-1.1650683,-1.1778829,-1.1876049,-1.195006,-1.2037535,-1.2135372,-1.2176116,-1.2240348,-1.2321966,-1.241721,-1.2529947,-1.2633221,-1.2746916,-1.2846781,-1.2916052,-1.2996805,-1.3065668,-1.3148882,-1.3180482,-1.3248436,-1.3288666,-1.3376434,-1.3460281,-1.3570251,-1.365946,-1.3758503,-1.3884952,-1.3963802,-1.4067473,-1.416014,-1.429868,-1.4374954,-1.4504558,-1.4592263,-1.4692175,-1.4777154,-1.4897768,-1.4974782,-1.5062598,-1.5165533,-1.5293963,-1.5369345,-1.5447433,-1.5564234
96_real,-0.02992175,,0.19955729,,,,,,,,,,,,,,,,,,,,,,,,,,,,,,,,,,,,,,,,,,,,,,,,,,,,,,,,,,,,,,,,,,,
96_gen,-0.02992175,-0.040108867,-0.051370043,-0.059540957,-0.07383748,-0.08180031,-0.090530194,-0.09932918,-0.106559314,-0.11715609,-0.12833741,-0.14044939,-0.14979425,-0.1595189,-0.1706892,-0.17506428,-0.1845079,-0.19205117,-0.19893602,-0.20912306,-0.21745825,-0.22436252,-0.23435447,-0.2412509,-0.24917705,-0.2608784,-0.26900357,-0.279036,-0.28553328,-0.2925238,-0.3024386,-0.313809,-0.32128984,-0.33565268,-0.34490788,-0.35471553,-0.3637267,-0.37353656,-0.38148385,-0.39224464,-0.4017337,-0.4127236,-0.4212722,-0.43101054,-0.43985754,-0.4461648,-0.4539412,-0.46654692,-0.47314358,-0.48043332,-0.4918899,-0.5022616,-0.5092107,-0.5158571,-0.5253822,-0.5333385,-0.54104316,-0.551227,-0.5567666,-0.56899434,-0.57874817,-0.5897707,-0.5996357,-0.6132204,-0.62805635,-0.6376437,-0.6425249,-0.6545487,-0.6671029,-0.6772824
97_real,-1.3686057,,-1.1661422,,,,,,,,,,,,,,,,,,,,,,,,,,,,,,,,,,,,,,,,,,,,,,,,,,,,,,,,,,,,,,,,,,,
97_gen,-1.3686057,-1.3768934,-1.3846028,-1.3909202,-1.3955319,-1.3984056,-1.4020075,-1.4058985,-1.4090735,-1.4133685,-1.418882,-1.4219365,-1.4248931,-1.431233,-1.4306581,-1.4353554,-1.4374378,-1.4386305,-1.4443521,-1.447065,-1.4502984,-1.4518571,-1.4565951,-1.4605769,-1.4648764,-1.4703268,-1.4741325,-1.4765146,-1.4811258,-1.4848413,-1.4910086,-1.4931303,-1.4988096,-1.5037804,-1.5066663,-1.5108484,-1.5161775,-1.5199151,-1.5234892,-1.5262387,-1.5294838,-1.5345973,-1.5387312,-1.5430971,-1.5483342,-1.5525386,-1.5555979,-1.5597646,-1.5638852,-1.568455,-1.5729784,-1.5753406,-1.5802839,-1.5860888,-1.589874,-1.5940548,-1.5994895,-1.6039507,-1.6073682,-1.6116902,-1.6152322,-1.6196645,-1.6266587,-1.6321926,-1.6363926,-1.6393421,-1.6454788,-1.6497339,-1.655323,-1.6599758
98_real,-1.4441597,,-1.3282633,,,,,,,,,,,,,,,,,,,,,,,,,,,,,,,,,,,,,,,,,,,,,,,,,,,,,,,,,,,,,,,,,,,
98_gen,-1.4441596,-1.4496795,-1.4551162,-1.4613272,-1.4647579,-1.4690859,-1.4746828,-1.4810613,-1.486257,-1.4873608,-1.4903289,-1.491846,-1.4952418,-1.5004736,-1.5051711,-1.5098165,-1.5151263,-1.5185783,-1.5204154,-1.5224113,-1.5233691,-1.5271251,-1.5296571,-1.5322047,-1.5367985,-1.5443116,-1.547701,-1.5501194,-1.5513203,-1.5559328,-1.5585611,-1.5609581,-1.5654777,-1.5718035,-1.574445,-1.5803243,-1.5874685,-1.5914681,-1.5982883,-1.60259,-1.6053457,-1.6082605,-1.6143491,-1.6186966,-1.6221468,-1.623052,-1.6259873,-1.6289899,-1.6334862,-1.6369355,-1.638211,-1.6423124,-1.6463788,-1.6496699,-1.6525526,-1.6579018,-1.6617291,-1.6673857,-1.6711485,-1.6748852,-1.679835,-1.6833146,-1.6874106,-1.693002,-1.6992929,-1.7031772,-1.7057375,-1.7078651,-1.7130668,-1.7156292
99_real,1.4730376,,1.4066981,,,,,,,,,,,,,,,,,,,,,,,,,,,,,,,,,,,,,,,,,,,,,,,,,,,,,,,,,,,,,,,,,,,
99_gen,1.4730376,1.4749972,1.4702114,1.4711854,1.4693787,1.4664009,1.4622295,1.4582453,1.4551297,1.4543324,1.4525931,1.4506056,1.4474396,1.445974,1.4403921,1.4338473,1.4275055,1.4254515,1.4214196,1.4190034,1.4160559,1.414382,1.4098855,1.406836,1.4051435,1.4020257,1.3986509,1.3979726,1.3948733,1.3920035,1.390845,1.3843224,1.377571,1.3794075,1.3767505,1.3764893,1.3725383,1.374213,1.3709416,1.3668334,1.367913,1.3646088,1.3577619,1.3533204,1.3492011,1.3451874,1.3414443,1.3363765,1.3311309,1.3303277,1.323877,1.3205836,1.3193948,1.3155257,1.31518,1.3107796,1.3068749,1.305882,1.3048155,1.2989107,1.296301,1.2930353,1.2875779,1.2819526,1.2751908,1.2708718,1.268089,1.2607194,1.253073,1.2493595
100_real,0.7001805,,0.6863532,,,,,,,,,,,,,,,,,,,,,,,,,,,,,,,,,,,,,,,,,,,,,,,,,,,,,,,,,,,,,,,,,,,
100_gen,0.7001805,0.6974888,0.69314665,0.68645954,0.6813667,0.67542183,0.67196715,0.6694231,0.6649289,0.6610535,0.65731525,0.65509343,0.65223706,0.64932334,0.6466481,0.6464092,0.6438368,0.63914293,0.6351283,0.6344388,0.6347858,0.6316825,0.62840295,0.62463933,0.61996853,0.6214529,0.62108856,0.6157077,0.61107177,0.6101115,0.6067132,0.60196555,0.5988027,0.5952674,0.59255886,0.58949596,0.58624524,0.58268476,0.5803069,0.57542694,0.5738602,0.5686295,0.56461334,0.5614034,0.55662954,0.551583,0.546761,0.5434871,0.54031646,0.53696495,0.53366125,0.53163517,0.5281991,0.526176,0.5264337,0.52267325,0.5215273,0.5195522,0.51516587,0.5135843,0.5093676,0.5042214,0.50143105,0.49989,0.49731794,0.49467093,0.49322286,0.4907764,0.4884461,0.48369932
101_real,-0.012878724,,-0.16204435,,,,,,,,,,,,,,,,,,,,,,,,,,,,,,,,,,,,,,,,,,,,,,,,,,,,,,,,,,,,,,,,,,,
101_gen,-0.012878725,-0.023718912,-0.029857159,-0.035226088,-0.042978957,-0.04944106,-0.056230415,-0.06296932,-0.06749967,-0.07626279,-0.083211236,-0.08944687,-0.094923005,-0.1017348,-0.10872199,-0.114447035,-0.12152865,-0.12663488,-0.12952998,-0.13403872,-0.13835649,-0.1473224,-0.15360607,-0.16120484,-0.16593191,-0.1749352,-0.180811,-0.18925655,-0.19609125,-0.20196979,-0.20836528,-0.21562533,-0.22169325,-0.22947249,-0.2343777,-0.23771064,-0.24293134,-0.24668844,-0.25209227,-0.2571173,-0.26423344,-0.27037388,-0.27759656,-0.28554374,-0.29143625,-0.29641494,-0.30291873,-0.3086064,-0.31717417,-0.32062486,-0.32754916,-0.33133256,-0.33779818,-0.34333566,-0.35199678,-0.35593426,-0.35857052,-0.36487842,-0.37152943,-0.37927243,-0.38589984,-0.39262658,-0.39743263,-0.40298885,-0.40985227,-0.41500726,-0.4206223,-0.42763853,-0.43372995,-0.43957108
102_real,-0.23105095,,-0.28324026,,,,,,,,,,,,,,,,,,,,,,,,,,,,,,,,,,,,,,,,,,,,,,,,,,,,,,,,,,,,,,,,,,,
102_gen,-0.23105094,-0.24185272,-0.24905066,-0.2543679,-0.2606874,-0.26700538,-0.27183408,-0.2818538,-0.2894479,-0.29767486,-0.30297288,-0.30596262,-0.3115864,-0.31654754,-0.3234914,-0.3303433,-0.33644924,-0.3442134,-0.3525579,-0.3605192,-0.3673933,-0.3742758,-0.38174587,-0.39066792,-0.39736703,-0.40381876,-0.407612,-0.41671744,-0.42414546,-0.42945725,-0.4369262,-0.44295925,-0.4489769,-0.45522398,-0.46190625,-0.4662088,-0.47095746,-0.47665253,-0.4841091,-0.49105254,-0.49724895,-0.50102174,-0.5089819,-0.51419246,-0.52121055,-0.52649796,-0.53290856,-0.53928506,-0.544738,-0.5509017,-0.5550813,-0.5630073,-0.5706911,-0.57514626,-0.58265656,-0.5896802,-0.59322983,-0.59919286,-0.60205215,-0.6062423,-0.6124271,-0.6181898,-0.62385607,-0.63036996,-0.63787943,-0.64272964,-0.65212834,-0.6585775,-0.6668786,-0.673626
103_real,1.1039549,,0.8411153,,,,,,,,,,,,,,,,,,,,,,,,,,,,,,,,,,,,,,,,,,,,,,,,,,,,,,,,,,,,,,,,,,,
103_gen,1.103955,1.1001275,1.0963244,1.0942795,1.0863613,1.0788863,1.0753262,1.0720837,1.0643129,1.0563498,1.0502912,1.0436656,1.0395145,1.0341222,1.0283376,1.0223662,1.0156627,1.0060753,1.0021489,0.99442655,0.98932964,0.9787766,0.9715117,0.9626377,0.9580349,0.95562744,0.9494859,0.9436387,0.936859,0.9316724,0.9273796,0.92286843,0.9207865,0.91644394,0.9102619,0.9069316,0.9000756,0.89364195,0.8854639,0.8795411,0.87367344,0.8689682,0.8625447,0.85985434,0.8565489,0.84908026,0.8420719,0.83754873,0.83476603,0.82978773,0.8267096,0.82000625,0.8107451,0.8049525,0.7995938,0.7917842,0.78751194,0.78304195,0.77598464,0.76991016,0.7636763,0.7619267,0.7547325,0.74878246,0.7409919,0.7343176,0.72766376,0.7199333,0.7140597,0.70700175
104_real,0.018123608,,0.06858891,,,,,,,,,,,,,,,,,,,,,,,,,,,,,,,,,,,,,,,,,,,,,,,,,,,,,,,,,,,,,,,,,,,
104_gen,0.01812361,0.0056033917,-0.0009242136,-0.008806446,-0.015781067,-0.023650978,-0.026716392,-0.03190674,-0.039550953,-0.04521256,-0.05059148,-0.056190945,-0.06401521,-0.070395365,-0.07219889,-0.07587881,-0.08288292,-0.08856483,-0.098869756,-0.10142771,-0.10546235,-0.11013295,-0.11730909,-0.12075853,-0.12425854,-0.1267502,-0.13315079,-0.13783266,-0.14388052,-0.14596611,-0.14903341,-0.1534046,-0.15627332,-0.16051182,-0.1674594,-0.17398547,-0.17651233,-0.18165226,-0.18703634,-0.19381079,-0.20062444,-0.20356974,-0.20982602,-0.21361184,-0.21920404,-0.22266956,-0.22756502,-0.23418579,-0.24192747,-0.24686387,-0.25213122,-0.2605778,-0.26827842,-0.27246514,-0.27802074,-0.2847497,-0.28846067,-0.29456058,-0.2981113,-0.30253196,-0.30781943,-0.31335026,-0.31961367,-0.32444644,-0.3289485,-0.33393258,-0.33850512,-0.3408722,-0.3437922,-0.34980714
105_real,0.14432159,,0.23380138,,,,,,,,,,,,,,,,,,,,,,,,,,,,,,,,,,,,,,,,,,,,,,,,,,,,,,,,,,,,,,,,,,,
105_gen,0.14432158,0.13985878,0.13584983,0.12976904,0.12430994,0.12052685,0.117170975,0.11351422,0.11135235,0.10754509,0.10310258,0.09827118,0.09348959,0.09016531,0.08839921,0.08595679,0.08130053,0.077466145,0.074293405,0.07019985,0.067342475,0.06468184,0.06148979,0.057448328,0.054878753,0.05080082,0.047171555,0.04478784,0.041746758,0.040238563,0.03667531,0.03367319,0.03313873,0.029987836,0.024999753,0.019997664,0.01683063,0.013054112,0.008286061,0.005418972,0.0017736144,-0.00021016187,-0.0030282498,-0.0038259723,-0.006012678,-0.0061393264,-0.010125776,-0.0132217435,-0.015505348,-0.018120531,-0.021501677,-0.028541204,-0.029514667,-0.031107014,-0.034211036,-0.03476034,-0.039255235,-0.04311458,-0.046676468,-0.048774283,-0.05222387,-0.05553949,-0.057738446,-0.059327066,-0.063914254,-0.06624907,-0.0661533,-0.069464214,-0.06959708,-0.07179276
106_real,1.4618188,,1.2303071,,,,,,,,,,,,,,,,,,,,,,,,,,,,,,,,,,,,,,,,,,,,,,,,,,,,,,,,,,,,,,,,,,,
106_gen,1.4618188,1.4552195,1.4492893,1.4447252,1.4405992,1.4360895,1.433959,1.4281051,1.4253418,1.4207869,1.4162697,1.4090042,1.403154,1.398316,1.3955156,1.3948737,1.3913529,1.3880347,1.3865567,1.3821312,1.3782288,1.3754728,1.3720028,1.3675401,1.3654531,1.3618656,1.3601387,1.3564894,1.3537337,1.3517534,1.3482603,1.3452618,1.3432684,1.3409368,1.3401377,1.3369825,1.3354907,1.3335092,1.3308814,1.3250437,1.3233784,1.3197582,1.3165405,1.3141433,1.3096956,1.3059895,1.304479,1.3019996,1.3017704,1.2961777,1.291867,1.2852255,1.2810568,1.2762072,1.2725872,1.2687265,1.2653626,1.2622248,1.2583323,1.2536284,1.2505903,1.2478335,1.2452564,1.2428237,1.2399479,1.2387902,1.2336323,1.2290679,1.2257303,1.2218382
107_real,1.6095421,,1.2655075,,,,,,,,,,,,,,,,,,,,,,,,,,,,,,,,,,,,,,,,,,,,,,,,,,,,,,,,,,,,,,,,,,,
107_gen,1.6095421,1.6023319,1.5940202,1.5895532,1.582509,1.5791796,1.5730208,1.5678389,1.5614717,1.5563005,1.5495342,1.5455831,1.540855,1.533968,1.5282465,1.5228004,1.5189764,1.5148625,1.5102307,1.506907,1.5014708,1.495076,1.4881796,1.480943,1.4750926,1.4692496,1.463959,1.460284,1.4575586,1.4539464,1.4482229,1.4417503,1.4329008,1.4273807,1.4225771,1.4178658,1.4128966,1.4096246,1.405979,1.4008465,1.3971313,1.392782,1.3884803,1.3853378,1.380892,1.3759334,1.3701552,1.3644159,1.3580816,1.3528436,1.3479544,1.3430212,1.3402678,1.3356768,1.3326339,1.3259594,1.3207955,1.3148733,1.3092762,1.304791,1.3000876,1.2950857,1.2886076,1.281363,1.2752826,1.2710052,1.2645261,1.2584536,1.2525485,1.2468952
108_real,-0.9441988,,-0.9403618,,,,,,,,,,,,,,,,,,,,,,,,,,,,,,,,,,,,,,,,,,,,,,,,,,,,,,,,,,,,,,,,,,,
108_gen,-0.9441987,-0.95548457,-0.960464,-0.9655431,-0.9740527,-0.9799779,-0.9864358,-0.9928193,-0.9976767,-1.0038135,-1.0088224,-1.0150123,-1.0178428,-1.0238851,-1.0296472,-1.0335705,-1.0364025,-1.0426836,-1.0481962,-1.0504895,-1.0541053,-1.0595465,-1.065037,-1.0703067,-1.0775428,-1.082802,-1.0847111,-1.0878788,-1.0916793,-1.0979135,-1.1026566,-1.1078135,-1.1131256,-1.1159662,-1.1226699,-1.1275028,-1.1313239,-1.1381538,-1.1416663,-1.1439027,-1.149276,-1.1541505,-1.161616,-1.1623325,-1.1661743,-1.1713369,-1.1764126,-1.1807868,-1.1849418,-1.187704,-1.1947491,-1.1999776,-1.204128,-1.2107285,-1.2162611,-1.2241955,-1.2287778,-1.2360656,-1.2429956,-1.2481624,-1.2555106,-1.2622845,-1.2650468,-1.2718663,-1.276285,-1.2795551,-1.2859341,-1.290683,-1.2962885,-1.298675
109_real,2.2916136,,1.6470555,,,,,,,,,,,,,,,,,,,,,,,,,,,,,,,,,,,,,,,,,,,,,,,,,,,,,,,,,,,,,,,,,,,
109_gen,2.2916138,2.280267,2.2717078,2.2634563,2.2519822,2.2418532,2.2350478,2.2300744,2.2222135,2.2198884,2.2111511,2.2073762,2.1990666,2.1941478,2.1916847,2.180594,2.1718087,2.1659813,2.1580715,2.1523716,2.1435344,2.1408024,2.1322124,2.1274173,2.121663,2.113688,2.1102707,2.1004734,2.0924773,2.087905,2.0817914,2.0782912,2.0705104,2.0601554,2.0549586,2.0461879,2.0424716,2.0383518,2.0288308,2.0221367,2.0192704,2.0078514,2.000785,1.9984913,1.9930432,1.9874903,1.9816091,1.9745142,1.9679976,1.9605134,1.952288,1.9453787,1.9378958,1.9339174,1.9304634,1.9255292,1.917723,1.9119924,1.9027607,1.899687,1.8948681,1.8876431,1.8776817,1.8705504,1.8621277,1.8530817,1.8443613,1.8351628,1.8298299,1.8210409
110_real,2.3560128,,1.8993136,,,,,,,,,,,,,,,,,,,,,,,,,,,,,,,,,,,,,,,,,,,,,,,,,,,,,,,,,,,,,,,,,,,
110_gen,2.3560126,2.3483677,2.3406713,2.3321683,2.32374,2.3179476,2.312756,2.3071291,2.3036172,2.2967613,2.2890387,2.2842538,2.2830734,2.2788262,2.272516,2.2646918,2.2603087,2.2542253,2.2471445,2.2360663,2.2297974,2.221135,2.2165465,2.2112741,2.2080388,2.2029958,2.190902,2.1894305,2.1820958,2.1749558,2.1671124,2.1626096,2.155441,2.1477852,2.1414485,2.1340222,2.1259036,2.117594,2.110893,2.1094017,2.106255,2.1003,2.091969,2.084697,2.077154,2.0719447,2.0679328,2.056052,2.0507042,2.0427291,2.032104,2.028606,2.0238895,2.0150592,2.007674,1.9972805,1.99034,1.9855589,1.9767339,1.9680927,1.9594492,1.9557419,1.946717,1.9399914,1.93752,1.9278481,1.9224322,1.9173124,1.9163983,1.9054174
111_real,-0.15283185,,-0.20859338,,,,,,,,,,,,,,,,,,,,,,,,,,,,,,,,,,,,,,,,,,,,,,,,,,,,,,,,,,,,,,,,,,,
111_gen,-0.15283184,-0.16551188,-0.17728266,-0.18758391,-0.20063524,-0.21156323,-0.22131553,-0.22558632,-0.23307364,-0.24436316,-0.25304037,-0.26501304,-0.27198032,-0.28234667,-0.29254946,-0.29910278,-0.30853596,-0.31501475,-0.32209033,-0.3305006,-0.3403183,-0.3522268,-0.35981295,-0.3688063,-0.37709457,-0.38526854,-0.3963619,-0.4043633,-0.4129506,-0.42208725,-0.4273356,-0.43904752,-0.44916368,-0.45806822,-0.46559316,-0.47161245,-0.48031768,-0.4876918,-0.49233165,-0.4993276,-0.5091937,-0.5192791,-0.53518283,-0.54427797,-0.55206233,-0.5609749,-0.56938475,-0.58027756,-0.59059995,-0.60471547,-0.6115787,-0.6238355,-0.63222826,-0.639777,-0.6483188,-0.657256,-0.667727,-0.6777532,-0.68823063,-0.6981543,-0.7076257,-0.71600145,-0.7258619,-0.7350317,-0.7445882,-0.7568027,-0.76502573,-0.777239,-0.7869209,-0.7993121
112_real,-0.4559006,,-0.6388864,,,,,,,,,,,,,,,,,,,,,,,,,,,,,,,,,,,,,,,,,,,,,,,,,,,,,,,,,,,,,,,,,,,
112_gen,-0.4559006,-0.46740097,-0.4772268,-0.48676506,-0.49375185,-0.50322664,-0.51267034,-0.5225475,-0.5301628,-0.53554904,-0.5464971,-0.55426997,-0.5638805,-0.56644785,-0.5784633,-0.5816836,-0.59438854,-0.59956676,-0.60606015,-0.61135626,-0.61884946,-0.6254014,-0.6312145,-0.6407552,-0.65051043,-0.6597543,-0.6664828,-0.67810583,-0.68744636,-0.69526184,-0.7016794,-0.7106535,-0.7205738,-0.728401,-0.7369759,-0.74714816,-0.7568394,-0.76357996,-0.7729616,-0.7809488,-0.7927505,-0.7984364,-0.8076456,-0.8163082,-0.82303536,-0.8316115,-0.8426229,-0.84895647,-0.8549029,-0.8597207,-0.8662859,-0.87904847,-0.88841486,-0.89564645,-0.9095768,-0.92007315,-0.9303233,-0.93875533,-0.9445437,-0.9542459,-0.9624112,-0.97441596,-0.9809934,-0.9908854,-0.99668723,-1.0009276,-1.0122715,-1.0202004,-1.0265148,-1.0327787
113_real,-0.05926824,,0.04190778,,,,,,,,,,,,,,,,,,,,,,,,,,,,,,,,,,,,,,,,,,,,,,,,,,,,,,,,,,,,,,,,,,,
113_gen,-0.059268244,-0.061367523,-0.065935045,-0.0731269,-0.07720488,-0.08473841,-0.088359825,-0.0938557,-0.1015688,-0.10191102,-0.10556086,-0.11153023,-0.11606059,-0.12178874,-0.12710707,-0.13141355,-0.13734964,-0.14447388,-0.1491383,-0.15471214,-0.15973899,-0.16381578,-0.16806713,-0.17175968,-0.17647856,-0.1820582,-0.19026749,-0.19483416,-0.1955001,-0.19957022,-0.20669226,-0.21331939,-0.2193464,-0.22186585,-0.22557028,-0.23137645,-0.23901495,-0.24387789,-0.2506137,-0.2566421,-0.26316172,-0.26915327,-0.27400517,-0.27904877,-0.28268752,-0.28766128,-0.29234704,-0.30053166,-0.30308294,-0.30639195,-0.31026167,-0.31971163,-0.3249818,-0.32863492,-0.33002025,-0.3321483,-0.33505157,-0.34253722,-0.345519,-0.34763855,-0.35465652,-0.3600784,-0.36552742,-0.37298092,-0.37911046,-0.38394412,-0.38999122,-0.3943983,-0.39884546,-0.40309826
114_real,-0.46660665,,-0.29015955,,,,,,,,,,,,,,,,,,,,,,,,,,,,,,,,,,,,,,,,,,,,,,,,,,,,,,,,,,,,,,,,,,,
114_gen,-0.46660668,-0.47244638,-0.4813601,-0.48742944,-0.49466625,-0.500765,-0.5038278,-0.51124483,-0.51857007,-0.52561104,-0.531074,-0.5365654,-0.5410826,-0.5459744,-0.55390835,-0.5590083,-0.5631394,-0.56691754,-0.5706889,-0.57335913,-0.5790299,-0.5784317,-0.58505774,-0.59111553,-0.5967554,-0.6031915,-0.6058497,-0.60748625,-0.6148015,-0.6166025,-0.6214402,-0.626335,-0.6259744,-0.6301345,-0.63454676,-0.638237,-0.64262456,-0.6433865,-0.64618546,-0.65075624,-0.6565216,-0.6597273,-0.66793776,-0.66942203,-0.67651993,-0.6819179,-0.6829604,-0.6871285,-0.6909487,-0.6932333,-0.6989379,-0.7019419,-0.7070648,-0.71197927,-0.71797055,-0.72142464,-0.7270509,-0.7311488,-0.73494613,-0.73917377,-0.74404544,-0.7477201,-0.753111,-0.75754863,-0.7618783,-0.7664844,-0.77113503,-0.77443993,-0.7836492,-0.7872297
115_real,-0.30276468,,-0.3088419,,,,,,,,,,,,,,,,,,,,,,,,,,,,,,,,,,,,,,,,,,,,,,,,,,,,,,,,,,,,,,,,,,,
115_gen,-0.30276468,-0.3036701,-0.30576417,-0.31270215,-0.31582123,-0.32145494,-0.32484427,-0.32931834,-0.3374877,-0.33770394,-0.33792037,-0.3483164,-0.35068363,-0.3557933,-0.36359394,-0.36579466,-0.37223464,-0.373578,-0.37940025,-0.3847271,-0.3905243,-0.3961853,-0.40111,-0.40345,-0.41342512,-0.4182023,-0.42593756,-0.4302694,-0.43533006,-0.4399789,-0.4414913,-0.44090194,-0.44558388,-0.45218864,-0.4561891,-0.45957556,-0.46450195,-0.47059783,-0.4779083,-0.48250985,-0.48511726,-0.4923306,-0.49819365,-0.5044021,-0.50966513,-0.5137441,-0.51819694,-0.52785236,-0.53055084,-0.53449506,-0.54201645,-0.5453874,-0.55176896,-0.5579558,-0.562268,-0.5641508,-0.5696232,-0.57707053,-0.5829588,-0.5912234,-0.59752643,-0.600356,-0.605201,-0.6078286,-0.6116749,-0.61510336,-0.620636,-0.6244948,-0.6311895,-0.63337785
116_real,-0.36250666,,-0.3779412,,,,,,,,,,,,,,,,,,,,,,,,,,,,,,,,,,,,,,,,,,,,,,,,,,,,,,,,,,,,,,,,,,,
116_gen,-0.36250666,-0.37589,-0.3833178,-0.39207494,-0.39836973,-0.40840665,-0.41775322,-0.42289996,-0.43215418,-0.442003,-0.4525196,-0.46166486,-0.4662814,-0.47559753,-0.4833665,-0.4891339,-0.49676841,-0.5014065,-0.505672,-0.51383656,-0.51949245,-0.5255594,-0.53479826,-0.5434701,-0.550314,-0.55357945,-0.56065845,-0.56825125,-0.57093334,-0.5755226,-0.5754949,-0.5860353,-0.5905443,-0.60301507,-0.6081038,-0.61206675,-0.6158839,-0.61992764,-0.6274463,-0.6340594,-0.6385397,-0.6459588,-0.6475904,-0.650319,-0.6547189,-0.65658855,-0.66696006,-0.6723516,-0.67803526,-0.68581164,-0.69299537,-0.6990977,-0.7008311,-0.70931166,-0.7190553,-0.7255622,-0.7293321,-0.7383583,-0.7436954,-0.7534653,-0.7568209,-0.7705375,-0.77675676,-0.78152764,-0.7827149,-0.78205997,-0.78691703,-0.79182637,-0.7968937,-0.80052435
117_real,0.54678977,,0.3707687,,,,,,,,,,,,,,,,,,,,,,,,,,,,,,,,,,,,,,,,,,,,,,,,,,,,,,,,,,,,,,,,,,,
117_gen,0.5467897,0.54730874,0.5418696,0.53542817,0.53525555,0.5318607,0.52575016,0.522285,0.5167509,0.51166356,0.50379384,0.49938583,0.49427357,0.488772,0.4862617,0.4804758,0.47419626,0.46714386,0.46378046,0.45919448,0.45324937,0.44347787,0.4383785,0.43385062,0.42925376,0.42401043,0.4207076,0.4185091,0.41209745,0.40889105,0.40550175,0.40059724,0.3968735,0.3900127,0.38520756,0.37985292,0.37386924,0.36819398,0.36487776,0.3572369,0.3523625,0.34467798,0.33910576,0.33126163,0.32412726,0.3213805,0.3164882,0.3137415,0.3083753,0.3007361,0.2966954,0.29117826,0.2874414,0.28159255,0.2775927,0.2691202,0.26429808,0.26226377,0.25711793,0.24878816,0.24239305,0.23849945,0.23455806,0.22720036,0.22221601,0.21790011,0.21401933,0.20689094,0.20112392,0.19363798
118_real,0.30068347,,0.35065445,,,,,,,,,,,,,,,,,,,,,,,,,,,,,,,,,,,,,,,,,,,,,,,,,,,,,,,,,,,,,,,,,,,
118_gen,0.30068347,0.29323524,0.28955212,0.2860786,0.2818389,0.27599669,0.27144045,0.26782697,0.2646647,0.25994557,0.25485593,0.2492179,0.24477956,0.243186,0.2391268,0.23356454,0.2306678,0.23052526,0.22309741,0.21947765,0.21485515,0.21169841,0.20827135,0.20653084,0.20281151,0.2010618,0.19561969,0.19179088,0.18690166,0.18430005,0.18244311,0.17986569,0.17809625,0.17304274,0.16899322,0.16464093,0.1610603,0.15585843,0.1525805,0.14861666,0.14434768,0.14085267,0.13881408,0.13449943,0.13003597,0.12455581,0.121776685,0.11888037,0.11550897,0.11245181,0.10777571,0.10300946,0.09848435,0.094910525,0.09101527,0.08707555,0.081747174,0.07547049,0.07124156,0.06698861,0.06290648,0.06254535,0.05950783,0.056170054,0.051655374,0.04654003,0.04312624,0.03850688,0.035970513,0.032010876
119_real,-0.89835197,,-1.0284711,,,,,,,,,,,,,,,,,,,,,,,,,,,,,,,,,,,,,,,,,,,,,,,,,,,,,,,,,,,,,,,,,,,
119_gen,-0.89835197,-0.9097492,-0.92005026,-0.9262449,-0.9367193,-0.94480026,-0.9547741,-0.96393424,-0.9726737,-0.9805013,-0.991045,-0.99812305,-1.0066121,-1.0136826,-1.0215366,-1.0297081,-1.0360568,-1.0457246,-1.0552006,-1.0643106,-1.0704882,-1.0792797,-1.0815108,-1.0901603,-1.0978448,-1.1049447,-1.1126807,-1.1177216,-1.1216456,-1.1275929,-1.1356161,-1.1406289,-1.14582,-1.1537416,-1.1581686,-1.1634891,-1.1687399,-1.1753263,-1.1857895,-1.1936657,-1.2000482,-1.2036836,-1.2129357,-1.2169831,-1.2223227,-1.2278464,-1.2358179,-1.2415276,-1.2473748,-1.2541382,-1.2611024,-1.2696356,-1.2757576,-1.2848713,-1.2930024,-1.3026615,-1.3081855,-1.3169423,-1.3258474,-1.3315079,-1.3408759,-1.3509517,-1.3557879,-1.3611248,-1.3715407,-1.374903,-1.3812062,-1.388578,-1.3969697,-1.4032862
120_real,-1.0988823,,-0.98834395,,,,,,,,,,,,,,,,,,,,,,,,,,,,,,,,,,,,,,,,,,,,,,,,,,,,,,,,,,,,,,,,,,,
120_gen,-1.0988824,-1.1138479,-1.1221527,-1.1372588,-1.1457598,-1.1575657,-1.169452,-1.1807148,-1.1888535,-1.1967752,-1.2057215,-1.2133567,-1.2219893,-1.2326736,-1.2424383,-1.2523966,-1.2600768,-1.2676691,-1.2745397,-1.2797996,-1.2894806,-1.2952077,-1.3024223,-1.3086832,-1.3155847,-1.3229522,-1.3286722,-1.3376944,-1.3463907,-1.3548785,-1.3580858,-1.3658417,-1.3709763,-1.3839142,-1.3922403,-1.4029472,-1.4120902,-1.4197398,-1.4272949,-1.4357593,-1.4441427,-1.4528825,-1.4631099,-1.4683471,-1.4780009,-1.4863094,-1.4935415,-1.5023134,-1.5061535,-1.5163615,-1.5233647,-1.530248,-1.5371907,-1.5456685,-1.5546687,-1.5672858,-1.5791113,-1.5859823,-1.5908252,-1.5978765,-1.6097943,-1.6187614,-1.6235574,-1.6337383,-1.6421064,-1.6478888,-1.6553799,-1.6627295,-1.6697353,-1.6785612
121_real,1.1307929,,1.012131,,,,,,,,,,,,,,,,,,,,,,,,,,,,,,,,,,,,,,,,,,,,,,,,,,,,,,,,,,,,,,,,,,,
121_gen,1.1307927,1.1226785,1.1166384,1.109582,1.1034005,1.0981008,1.0952121,1.0920851,1.0865134,1.0798914,1.0748202,1.0674256,1.0611306,1.0548137,1.0483364,1.0434408,1.0383613,1.0345377,1.0308188,1.023452,1.0194073,1.0161257,1.0113528,1.0081861,1.0012525,0.99552184,0.9918914,0.98835945,0.98200446,0.9779628,0.9730059,0.9669784,0.96099365,0.9568054,0.9540736,0.9484924,0.94467795,0.93912697,0.9344986,0.9294194,0.9255101,0.921138,0.91561186,0.9130331,0.9091652,0.90373677,0.9001579,0.8967317,0.8915284,0.8845844,0.87863797,0.87384826,0.8672056,0.8608581,0.8586334,0.851478,0.84586096,0.84231967,0.83704436,0.8306449,0.82775515,0.82266676,0.81710625,0.8150114,0.80831087,0.8021127,0.79654783,0.7903888,0.7842865,0.7810186
122_real,1.0565858,,0.87649405,,,,,,,,,,,,,,,,,,,,,,,,,,,,,,,,,,,,,,,,,,,,,,,,,,,,,,,,,,,,,,,,,,,
122_gen,1.0565857,1.0440863,1.0354807,1.0242674,1.0195882,1.0097597,1.0046409,0.9971434,0.9917306,0.988303,0.9774188,0.96692294,0.9611845,0.95992434,0.95447206,0.95043355,0.9473783,0.94367015,0.94119805,0.93380296,0.92699325,0.9209627,0.9160074,0.9091756,0.90410596,0.9016312,0.89871705,0.8927296,0.8851681,0.88012236,0.8731758,0.86996806,0.8674313,0.86208534,0.8565715,0.8479851,0.8437004,0.8376665,0.828549,0.82067186,0.81363934,0.80888957,0.80400145,0.7976807,0.79267895,0.7862627,0.7777033,0.7731887,0.76908356,0.7624348,0.7574553,0.7506292,0.74714124,0.7418747,0.735041,0.7322761,0.7288802,0.7233142,0.7182759,0.7121173,0.70526713,0.6989714,0.6913503,0.68570644,0.6779878,0.67161983,0.66420084,0.6556934,0.6518944,0.64490545
123_real,0.9163463,,0.833535,,,,,,,,,,,,,,,,,,,,,,,,,,,,,,,,,,,,,,,,,,,,,,,,,,,,,,,,,,,,,,,,,,,
123_gen,0.91634643,0.90959424,0.8999486,0.89346105,0.8860394,0.8805218,0.8736943,0.86525697,0.8596333,0.85345733,0.84502256,0.83774024,0.82962,0.8247345,0.81769687,0.81262195,0.8094282,0.80764484,0.8024305,0.79625833,0.79261935,0.7879465,0.78202343,0.77768815,0.7713044,0.7674979,0.7625389,0.75849354,0.75178087,0.7469877,0.7393756,0.73122406,0.72226036,0.7167722,0.7106575,0.7073282,0.70233357,0.6952821,0.6908165,0.6853691,0.6815804,0.6759363,0.6691943,0.66283333,0.6581952,0.65073,0.64412403,0.63809747,0.6319718,0.62624717,0.6178014,0.6130459,0.6070467,0.60134256,0.5964428,0.59432995,0.5888735,0.58138674,0.5762022,0.5708273,0.5656545,0.55702794,0.5445614,0.5393342,0.53614485,0.52910566,0.52465683,0.5178233,0.5072206,0.49926805
124_real,0.94846183,,0.7292614,,,,,,,,,,,,,,,,,,,,,,,,,,,,,,,,,,,,,,,,,,,,,,,,,,,,,,,,,,,,,,,,,,,
124_gen,0.94846183,0.93791103,0.92705613,0.91759264,0.9090732,0.901717,0.89400625,0.88659555,0.87712824,0.86674106,0.8605796,0.8564035,0.85344744,0.848501,0.84363097,0.8358785,0.8281706,0.8209648,0.81724024,0.8118165,0.8061372,0.7964295,0.79090846,0.78642315,0.78160036,0.7751859,0.7688723,0.76455253,0.7556665,0.7474337,0.7411148,0.73865825,0.7345531,0.7286445,0.72161305,0.71656287,0.7107756,0.7054082,0.69875,0.69446003,0.68788517,0.6803348,0.67406154,0.6691236,0.66371006,0.6583585,0.6519509,0.6423734,0.6376313,0.6357502,0.63039005,0.6249825,0.6198421,0.61439925,0.610026,0.6026467,0.59875906,0.5942638,0.58565015,0.58426654,0.57784605,0.5711633,0.5647144,0.5587239,0.55206734,0.545443,0.53886104,0.53467,0.52608263,0.5176716
125_real,-0.62735206,,-0.7692495,,,,,,,,,,,,,,,,,,,,,,,,,,,,,,,,,,,,,,,,,,,,,,,,,,,,,,,,,,,,,,,,,,,
125_gen,-0.6273521,-0.6337562,-0.637247,-0.6395711,-0.64384294,-0.65043676,-0.65257263,-0.65644443,-0.66063684,-0.6627443,-0.66797316,-0.67078316,-0.6756852,-0.6813786,-0.686636,-0.69148886,-0.6953179,-0.6990799,-0.7016811,-0.7034595,-0.70748556,-0.7092508,-0.7106914,-0.71507174,-0.7171057,-0.7197719,-0.7237991,-0.72611356,-0.7263228,-0.7265873,-0.73016274,-0.733311,-0.7375015,-0.7415864,-0.74579144,-0.7515546,-0.7523919,-0.75562847,-0.7592598,-0.76104695,-0.7661784,-0.7707325,-0.7769043,-0.77671397,-0.7829733,-0.7833381,-0.7883794,-0.79269254,-0.7940385,-0.7965015,-0.80084896,-0.80561733,-0.80644447,-0.8098196,-0.8128807,-0.81545705,-0.81801546,-0.8210683,-0.8267604,-0.8322579,-0.834922,-0.83874834,-0.8418168,-0.8479451,-0.8524238,-0.8535547,-0.85412663,-0.8587974,-0.86250174,-0.8665614
126_real,-0.020542692,,-0.35841945,,,,,,,,,,,,,,,,,,,,,,,,,,,,,,,,,,,,,,,,,,,,,,,,,,,,,,,,,,,,,,,,,,,
126_gen,-0.020542694,-0.023844589,-0.02589634,-0.029912049,-0.03416093,-0.0360151,-0.04000125,-0.044625677,-0.047925375,-0.04990174,-0.05527548,-0.056558978,-0.058117233,-0.060521506,-0.06427471,-0.06467803,-0.066931054,-0.070802204,-0.07189595,-0.07697885,-0.078482464,-0.07985051,-0.08398519,-0.08556471,-0.08901149,-0.0918997,-0.09449991,-0.0973415,-0.09985571,-0.10157422,-0.10439839,-0.10600908,-0.10730632,-0.110694155,-0.112122014,-0.11430085,-0.11382599,-0.11667763,-0.11642214,-0.12124437,-0.124182105,-0.12652886,-0.1331717,-0.13824321,-0.14059237,-0.1419503,-0.14369774,-0.14705923,-0.1467108,-0.15020671,-0.1518483,-0.15101762,-0.1514714,-0.15122238,-0.15323257,-0.15445767,-0.15613416,-0.16063043,-0.15998526,-0.16070388,-0.16301915,-0.16654149,-0.1712036,-0.17388164,-0.17645843,-0.17828022,-0.18208599,-0.18543798,-0.18771134,-0.18958265
127_real,0.753903,,0.6233767,,,,,,,,,,,,,,,,,,,,,,,,,,,,,,,,,,,,,,,,,,,,,,,,,,,,,,,,,,,,,,,,,,,
127_gen,0.753903,0.7430291,0.73558,0.7283913,0.72328264,0.7195142,0.7124876,0.7069044,0.7011534,0.693737,0.6861645,0.68164897,0.67520994,0.67153966,0.66676617,0.6588738,0.652707,0.6487206,0.64259076,0.6347049,0.62725484,0.6189807,0.6136515,0.6080244,0.5986515,0.5940205,0.588351,0.5862056,0.5791739,0.5718847,0.56630975,0.56049746,0.55500984,0.5488087,0.5444217,0.54068375,0.5367808,0.5315255,0.5254596,0.52359915,0.5182844,0.51325417,0.50667894,0.5004587,0.49848303,0.4929483,0.487675,0.48447785,0.4781387,0.47398216,0.46946463,0.46420878,0.45827645,0.45311752,0.44761539,0.44149238,0.43860173,0.43522638,0.42880625,0.42489606,0.4187637,0.41178894,0.40586108,0.4018445,0.39632365,0.3902432,0.38422543,0.3790273,0.3730303,0.36716363
128_real,-0.72161937,,-0.5707456,,,,,,,,,,,,,,,,,,,,,,,,,,,,,,,,,,,,,,,,,,,,,,,,,,,,,,,,,,,,,,,,,,,
128_gen,-0.7216194,-0.7332899,-0.73939383,-0.7460653,-0.7551908,-0.759246,-0.7650064,-0.7731456,-0.7780763,-0.7853081,-0.79157215,-0.7992263,-0.80513394,-0.8114914,-0.81632644,-0.8214819,-0.82701,-0.8329792,-0.8377708,-0.84393567,-0.8511138,-0.85745084,-0.86361074,-0.8700918,-0.87711585,-0.8813637,-0.8872649,-0.8911956,-0.8957299,-0.90123814,-0.9052884,-0.9108286,-0.9190801,-0.9238979,-0.93107116,-0.9359884,-0.9397457,-0.9462492,-0.94924796,-0.9549629,-0.96058625,-0.96755254,-0.97418606,-0.9806503,-0.985597,-0.99355733,-1.001152,-1.0048758,-1.0111912,-1.0148687,-1.0192049,-1.0242836,-1.0311254,-1.036907,-1.0412247,-1.0487874,-1.0544422,-1.0615355,-1.0666087,-1.0720624,-1.0789143,-1.0847626,-1.0927433,-1.1007681,-1.1058096,-1.1117107,-1.1166592,-1.1215624,-1.1278461,-1.1343769
129_real,-0.4802667,,0.00989284,,,,,,,,,,,,,,,,,,,,,,,,,,,,,,,,,,,,,,,,,,,,,,,,,,,,,,,,,,,,,,,,,,,
129_gen,-0.48026663,-0.4881,-0.49476475,-0.50186634,-0.506925,-0.5104167,-0.5125388,-0.52021813,-0.52582484,-0.52682614,-0.5320849,-0.5369586,-0.54334337,-0.548942,-0.5531491,-0.55986226,-0.5640996,-0.56981474,-0.57298005,-0.5794387,-0.58471406,-0.5879289,-0.5931438,-0.59667933,-0.5994954,-0.6051562,-0.6099927,-0.6154029,-0.62125444,-0.6270124,-0.6338533,-0.63860685,-0.64049405,-0.64581215,-0.65279436,-0.6589567,-0.6628153,-0.668016,-0.6743066,-0.6778269,-0.6810914,-0.6872488,-0.6909509,-0.69679296,-0.70094204,-0.7055049,-0.71050555,-0.71450055,-0.7192386,-0.7230633,-0.7263509,-0.7297037,-0.73359245,-0.73912364,-0.7407897,-0.74338514,-0.7484255,-0.75341237,-0.75669277,-0.75980115,-0.76391166,-0.76994985,-0.77628887,-0.7846517,-0.7892641,-0.79410034,-0.7985034,-0.8016388,-0.80805266,-0.81593114
130_real,0.078391165,,-0.2215535,,,,,,,,,,,,,,,,,,,,,,,,,,,,,,,,,,,,,,,,,,,,,,,,,,,,,,,,,,,,,,,,,,,
130_gen,0.07839117,0.07012887,0.06311943,0.05655681,0.047684725,0.042558175,0.035065383,0.029137915,0.02387991,0.018884892,0.01143043,0.0081164,0.00293034,-0.0017901756,-0.007924418,-0.012426277,-0.018510012,-0.025238922,-0.028349608,-0.03398961,-0.040040478,-0.04723133,-0.05273963,-0.05843668,-0.06460377,-0.068290465,-0.07396265,-0.081318244,-0.087819114,-0.09323071,-0.100736775,-0.104383826,-0.10743533,-0.11246906,-0.118667506,-0.12438457,-0.13095309,-0.13745992,-0.143802,-0.15097913,-0.15809032,-0.16313703,-0.16727738,-0.17156427,-0.1754187,-0.18092513,-0.18551372,-0.1906606,-0.19464144,-0.20052388,-0.20484397,-0.21099217,-0.21433464,-0.22123146,-0.22388026,-0.22932272,-0.23636547,-0.24024996,-0.24469392,-0.25064263,-0.2541741,-0.2619385,-0.26629952,-0.2739285,-0.27856678,-0.28451788,-0.28956658,-0.2942165,-0.30075485,-0.30422813
131_real,0.13388906,,-0.22666961,,,,,,,,,,,,,,,,,,,,,,,,,,,,,,,,,,,,,,,,,,,,,,,,,,,,,,,,,,,,,,,,,,,
131_gen,0.13388906,0.12884848,0.12216135,0.11806506,0.1084823,0.10429376,0.09843077,0.08952189,0.08796885,0.085703604,0.083514296,0.07764248,0.07585683,0.07384356,0.06580117,0.05870531,0.055670213,0.051690023,0.04865264,0.040368002,0.03432692,0.030083954,0.026022544,0.021054693,0.016107183,0.008993603,0.0052364524,-0.0016980425,-0.0071946466,-0.0110732885,-0.015663281,-0.024761219,-0.0309573,-0.04140106,-0.049288604,-0.05736355,-0.059780817,-0.06386307,-0.0663172,-0.07219209,-0.073478624,-0.07259405,-0.08016925,-0.08582846,-0.095281824,-0.10456058,-0.115418956,-0.11971537,-0.1266666,-0.12946309,-0.13605607,-0.14136158,-0.14784804,-0.1472323,-0.1515545,-0.1565396,-0.16056228,-0.16398206,-0.16728625,-0.1702681,-0.17146708,-0.17418312,-0.17960665,-0.1829637,-0.19198231,-0.19994913,-0.20659609,-0.21274015,-0.21759228,-0.2161541
132_real,0.11922331,,-0.4697928,,,,,,,,,,,,,,,,,,,,,,,,,,,,,,,,,,,,,,,,,,,,,,,,,,,,,,,,,,,,,,,,,,,
132_gen,0.11922331,0.10958432,0.10490409,0.096421145,0.09814308,0.086229034,0.07923947,0.071352854,0.07184309,0.06828215,0.064647876,0.06324555,0.05578656,0.04760089,0.04118146,0.029209215,0.020122316,0.018106788,0.008851973,0.007546616,-0.008517472,-0.011450255,-0.016167697,-0.023776589,-0.032404907,-0.0406371,-0.0492291,-0.05416485,-0.058613695,-0.058788944,-0.071877405,-0.075955905,-0.083628915,-0.094098225,-0.09773999,-0.09850447,-0.10451182,-0.116004124,-0.11940335,-0.12065999,-0.13297515,-0.14120598,-0.15065978,-0.1534678,-0.15241942,-0.15850405,-0.16663516,-0.17732768,-0.1858271,-0.19779125,-0.20315933,-0.20214228,-0.20462668,-0.20784779,-0.21394122,-0.21875253,-0.22803688,-0.23152003,-0.24037054,-0.2513759,-0.2540902,-0.25554514,-0.26446107,-0.26603836,-0.2736627,-0.2842743,-0.29097238,-0.30114737,-0.3087806,-0.3092224
133_real,-0.40063643,,-0.8991966,,,,,,,,,,,,,,,,,,,,,,,,,,,,,,,,,,,,,,,,,,,,,,,,,,,,,,,,,,,,,,,,,,,
133_gen,-0.40063643,-0.40251002,-0.40600604,-0.41254443,-0.41945878,-0.42421287,-0.42938623,-0.4342034,-0.43900347,-0.444032,-0.450955,-0.4562041,-0.46129322,-0.4663067,-0.4726626,-0.47679538,-0.483023,-0.48720843,-0.49722347,-0.49768272,-0.50337523,-0.50832236,-0.5160403,-0.51976496,-0.5282116,-0.5337587,-0.5398692,-0.54681957,-0.554889,-0.5593897,-0.56431884,-0.570185,-0.57658285,-0.5805398,-0.58227444,-0.5897694,-0.59837353,-0.60174805,-0.60902685,-0.615603,-0.6219472,-0.62970865,-0.6357887,-0.6399419,-0.64359355,-0.6484381,-0.6546499,-0.6597317,-0.6641985,-0.6691381,-0.6718489,-0.6770356,-0.6864889,-0.69139385,-0.6966125,-0.70335025,-0.7090136,-0.7140754,-0.72160256,-0.72758067,-0.7328082,-0.7401873,-0.74290174,-0.74925214,-0.75311464,-0.7588822,-0.7653911,-0.7709503,-0.77806246,-0.7853373
134_real,0.10413725,,-0.092605494,,,,,,,,,,,,,,,,,,,,,,,,,,,,,,,,,,,,,,,,,,,,,,,,,,,,,,,,,,,,,,,,,,,
134_gen,0.10413726,0.101798296,0.09877686,0.092349865,0.090045914,0.08657566,0.08039028,0.07701776,0.070643455,0.068881676,0.06523691,0.06214444,0.058819093,0.0537601,0.0492375,0.045379363,0.040486284,0.035325218,0.029902916,0.024319118,0.02150394,0.015713286,0.011633007,0.005719688,0.004053463,-0.001948759,-0.0070157647,-0.009698781,-0.013949226,-0.019583682,-0.023290813,-0.027559761,-0.033243313,-0.0395693,-0.04325939,-0.047133993,-0.051846694,-0.05553343,-0.059305023,-0.06210087,-0.0689759,-0.075259015,-0.0812958,-0.08456009,-0.09026323,-0.09640675,-0.10341664,-0.10765573,-0.11145671,-0.11368869,-0.118968464,-0.12567371,-0.13119376,-0.13605562,-0.14015117,-0.14612316,-0.15327226,-0.15612042,-0.16270146,-0.17055263,-0.17465971,-0.1812039,-0.18595271,-0.1920121,-0.19726178,-0.20252493,-0.2059123,-0.20927939,-0.21633959,-0.21997078
135_real,0.4129777,,0.10721702,,,,,,,,,,,,,,,,,,,,,,,,,,,,,,,,,,,,,,,,,,,,,,,,,,,,,,,,,,,,,,,,,,,
135_gen,0.4129777,0.4105656,0.41396347,0.40918556,0.40544266,0.4029244,0.398422,0.39208606,0.38417515,0.38183203,0.37626404,0.3687602,0.3637423,0.35563296,0.34933335,0.34254095,0.33792213,0.33551192,0.3295285,0.32409507,0.31438023,0.30616128,0.29889542,0.29676077,0.29367894,0.28958645,0.2804522,0.27680296,0.27422,0.26856035,0.2664055,0.2643214,0.2594055,0.2547819,0.25176334,0.24688704,0.2388695,0.23430029,0.23114714,0.22607934,0.22001068,0.21434483,0.21038727,0.20586273,0.2037433,0.20015386,0.19658911,0.18767104,0.18436936,0.1761868,0.16830342,0.1612374,0.1579368,0.15239905,0.1476371,0.14392123,0.13565578,0.13227507,0.12845829,0.12145059,0.1143914,0.10861032,0.10309056,0.09522311,0.08854461,0.08112535,0.07689159,0.068550624,0.06077864,0.05254499
136_real,-0.10672059,,-0.28806892,,,,,,,,,,,,,,,,,,,,,,,,,,,,,,,,,,,,,,,,,,,,,,,,,,,,,,,,,,,,,,,,,,,
136_gen,-0.10672058,-0.11509794,-0.12389126,-0.12810479,-0.13732666,-0.14558098,-0.1522413,-0.15541196,-0.1619684,-0.16511194,-0.17548235,-0.18171181,-0.18610385,-0.19060948,-0.19794224,-0.20543782,-0.20822981,-0.21643099,-0.2177839,-0.22570209,-0.23057683,-0.23516166,-0.24399304,-0.24996433,-0.25939924,-0.26616198,-0.27206853,-0.27623206,-0.2831664,-0.28939903,-0.2939495,-0.3003534,-0.30869323,-0.31237048,-0.3151054,-0.31904167,-0.3250919,-0.33149964,-0.3354353,-0.3434596,-0.34978214,-0.35654977,-0.36812687,-0.37753403,-0.38406283,-0.39165345,-0.39663315,-0.39847416,-0.40419054,-0.40978494,-0.41715083,-0.42058223,-0.42571074,-0.43118325,-0.43639207,-0.44122013,-0.44327602,-0.44842497,-0.4515544,-0.45665628,-0.46295395,-0.46848354,-0.47239035,-0.4754663,-0.48276693,-0.48424014,-0.49169296,-0.49573794,-0.5017836,-0.50945956
137_real,-0.22178268,,-0.5128779,,,,,,,,,,,,,,,,,,,,,,,,,,,,,,,,,,,,,,,,,,,,,,,,,,,,,,,,,,,,,,,,,,,
137_gen,-0.22178268,-0.22832842,-0.23365481,-0.23939626,-0.24807124,-0.25375882,-0.26247963,-0.26923046,-0.27528602,-0.28185555,-0.28785536,-0.29532197,-0.30378178,-0.30837685,-0.31763762,-0.32267696,-0.32909876,-0.33497435,-0.33845446,-0.34418577,-0.3498734,-0.35533565,-0.35831094,-0.36363706,-0.36943528,-0.3752848,-0.37982422,-0.38601628,-0.39037472,-0.39439192,-0.40055528,-0.40469432,-0.40682095,-0.4117252,-0.41896123,-0.42524529,-0.43105,-0.4357391,-0.44063225,-0.44659805,-0.45246238,-0.4581895,-0.4627289,-0.46529737,-0.47323674,-0.476264,-0.48008186,-0.48372692,-0.49159136,-0.5018548,-0.50998807,-0.51897943,-0.5238627,-0.5332573,-0.5387402,-0.54078186,-0.5481183,-0.55705225,-0.55950284,-0.565913,-0.5725117,-0.5762805,-0.5793747,-0.58856076,-0.59296834,-0.59858435,-0.605374,-0.6124142,-0.620049,-0.6296882
138_real,1.0817876,,0.96428746,,,,,,,,,,,,,,,,,,,,,,,,,,,,,,,,,,,,,,,,,,,,,,,,,,,,,,,,,,,,,,,,,,,
138_gen,1.0817875,1.0732702,1.0654714,1.0545954,1.0447063,1.0351753,1.0280355,1.019953,1.0078099,0.9989141,0.9938518,0.9862577,0.97752,0.97373897,0.968976,0.959659,0.95113325,0.94458663,0.9384966,0.9259144,0.9199359,0.91083497,0.90084,0.8942752,0.88504267,0.8773071,0.8663338,0.85701466,0.84643555,0.8401896,0.8358242,0.83044374,0.82423,0.81217986,0.8048711,0.79606277,0.7893664,0.7802647,0.7725388,0.7681536,0.75855935,0.75093925,0.7429789,0.73294246,0.7252861,0.7196748,0.7130596,0.7052152,0.6977181,0.68951476,0.68203306,0.67124593,0.6624976,0.65599436,0.64740413,0.63965595,0.63296616,0.6262611,0.61687005,0.60792357,0.5979057,0.59081495,0.58607996,0.5772422,0.5697759,0.5621798,0.5530716,0.5445888,0.5385699,0.5261893
139_real,1.1211007,,1.2948002,,,,,,,,,,,,,,,,,,,,,,,,,,,,,,,,,,,,,,,,,,,,,,,,,,,,,,,,,,,,,,,,,,,
139_gen,1.1211005,1.1192493,1.1057954,1.0996722,1.0923558,1.084259,1.077569,1.067992,1.0624818,1.0555638,1.0540339,1.0483497,1.0427468,1.0302035,1.0245879,1.0150511,1.0082083,1.0029705,0.9953456,0.98791873,0.9817026,0.971725,0.96549016,0.9576994,0.9484528,0.9417373,0.93296516,0.92430735,0.91542435,0.9091098,0.90006053,0.89230347,0.88236827,0.87667,0.8719395,0.8692012,0.86450446,0.8554721,0.84310675,0.8377121,0.8278101,0.8177805,0.81408346,0.8068364,0.7982704,0.79057944,0.77964,0.7746893,0.767282,0.75966674,0.74973077,0.74045765,0.7358963,0.7286214,0.72073907,0.7141769,0.711867,0.70186245,0.68907,0.68123263,0.66827106,0.6625515,0.65668553,0.6465484,0.63249266,0.62204957,0.6096566,0.60072577,0.59397256,0.5849616
140_real,1.1684471,,0.89257896,,,,,,,,,,,,,,,,,,,,,,,,,,,,,,,,,,,,,,,,,,,,,,,,,,,,,,,,,,,,,,,,,,,
140_gen,1.1684473,1.1564753,1.1482741,1.1424949,1.1290771,1.1156185,1.1066486,1.0945414,1.0854099,1.079387,1.0688081,1.057633,1.0440686,1.0358794,1.0245905,1.0158097,1.0075107,0.9998659,0.99353087,0.9833559,0.9768497,0.9618367,0.9526334,0.9422061,0.93149316,0.923456,0.9102351,0.89754236,0.89081585,0.88165265,0.8747042,0.8645064,0.85805,0.8529347,0.8448194,0.8399254,0.83107454,0.8238103,0.81552047,0.80454093,0.79424435,0.7837869,0.7772132,0.76797915,0.758525,0.7521231,0.74477184,0.7387198,0.72969216,0.7221147,0.7110066,0.7030196,0.6936244,0.6833367,0.67538536,0.66829145,0.6613634,0.65350115,0.6476927,0.63632566,0.62748605,0.61769956,0.60826695,0.59696215,0.58766854,0.57601154,0.56318885,0.55440015,0.5469305,0.5382911
141_real,0.79334426,,0.63702303,,,,,,,,,,,,,,,,,,,,,,,,,,,,,,,,,,,,,,,,,,,,,,,,,,,,,,,,,,,,,,,,,,,
141_gen,0.7933443,0.78368324,0.77814883,0.7727784,0.7695715,0.7638794,0.7561133,0.751805,0.74913967,0.74628115,0.7421747,0.7382314,0.7350794,0.7300061,0.72261524,0.7221743,0.7179251,0.71238595,0.7050148,0.7000788,0.6950342,0.69220823,0.68782395,0.68272257,0.67550975,0.66823894,0.662958,0.6574679,0.6545447,0.6506403,0.6456985,0.6422676,0.6347318,0.6281237,0.62431836,0.6228513,0.61684334,0.61054176,0.60697705,0.6029531,0.5978696,0.59408706,0.5883919,0.58188844,0.57988864,0.57290393,0.56876075,0.5624113,0.5575935,0.55336916,0.5500129,0.5427783,0.53985035,0.53476274,0.52910626,0.52541596,0.52002645,0.513085,0.5079157,0.5020115,0.4993855,0.49356326,0.48685187,0.4803117,0.47286478,0.46653524,0.4622349,0.45760894,0.4518756,0.4457736
142_real,0.3305949,,0.14394327,,,,,,,,,,,,,,,,,,,,,,,,,,,,,,,,,,,,,,,,,,,,,,,,,,,,,,,,,,,,,,,,,,,
142_gen,0.33059493,0.31850365,0.30929422,0.30126587,0.2932706,0.28703946,0.2801404,0.27643856,0.27043483,0.26310784,0.25964022,0.25430885,0.24898247,0.24352714,0.23686162,0.22972925,0.22494355,0.21798757,0.21255872,0.20771217,0.20128746,0.19770522,0.19104381,0.18854555,0.18456204,0.17829585,0.17414671,0.17070745,0.16590135,0.16373986,0.15850493,0.15285614,0.14639449,0.1422258,0.13832597,0.13299984,0.1265619,0.122403145,0.11941812,0.11551247,0.109660126,0.10778175,0.10095736,0.09734741,0.09279324,0.08805796,0.08358139,0.07976669,0.076624885,0.06976567,0.06443472,0.06211087,0.05776801,0.053052306,0.0507208,0.044320993,0.039459337,0.034087293,0.028356696,0.023454484,0.017170338,0.01027228,0.00623516,0.00059038465,-0.0038903174,-0.008409056,-0.015123764,-0.0189921,-0.023904007,-0.028282344
143_real,0.4051391,,0.17731148,,,,,,,,,,,,,,,,,,,,,,,,,,,,,,,,,,,,,,,,,,,,,,,,,,,,,,,,,,,,,,,,,,,
143_gen,0.40513903,0.39821684,0.39370266,0.38766843,0.3818988,0.37793517,0.37193686,0.36757907,0.36210805,0.35559803,0.35170358,0.34775323,0.34109902,0.33563322,0.3312737,0.32897073,0.32388622,0.31796762,0.31436568,0.31086898,0.306212,0.30189365,0.29858452,0.29405046,0.28989506,0.28541863,0.2788359,0.27370495,0.26995358,0.26606885,0.26232868,0.2562636,0.24880138,0.24670458,0.24289477,0.2367583,0.23439834,0.22949791,0.22445968,0.22071949,0.21688595,0.21119909,0.20466916,0.20096913,0.19715919,0.19316232,0.18788461,0.18215656,0.17680348,0.17055544,0.16629796,0.16071019,0.15934892,0.15392227,0.14929466,0.14400598,0.13823406,0.13524671,0.13162626,0.12610927,0.12232884,0.11789262,0.11530741,0.110324785,0.10568476,0.1012357,0.09645528,0.09102839,0.086747155,0.08299142
144_real,-0.6757577,,-0.7051282,,,,,,,,,,,,,,,,,,,,,,,,,,,,,,,,,,,,,,,,,,,,,,,,,,,,,,,,,,,,,,,,,,,
144_gen,-0.67575777,-0.68566257,-0.69516885,-0.7019196,-0.70675576,-0.713076,-0.71811014,-0.72300446,-0.73018384,-0.7360077,-0.7417132,-0.746261,-0.75075483,-0.75648415,-0.76220113,-0.7672961,-0.77228945,-0.77579916,-0.78236884,-0.78569746,-0.7906187,-0.79721504,-0.80030155,-0.8065194,-0.8098115,-0.81402624,-0.81758386,-0.8202063,-0.825606,-0.8296572,-0.83453864,-0.83891934,-0.8425069,-0.8466452,-0.8501296,-0.85382223,-0.85869753,-0.86444914,-0.867607,-0.8685196,-0.8739088,-0.87979287,-0.8813332,-0.88365316,-0.8883753,-0.8910882,-0.8937746,-0.89933836,-0.90312135,-0.909799,-0.9126196,-0.91711015,-0.919922,-0.925131,-0.93052995,-0.93474376,-0.93865186,-0.94362164,-0.9490859,-0.952881,-0.95750743,-0.96167296,-0.964455,-0.9704288,-0.9733542,-0.9794469,-0.982673,-0.9872162,-0.9911703,-0.99547577
