ROI,Month_0,Month_1,Month_2,Month_3,Month_4,Month_5,Month_6,Month_7,Month_8,Month_9,Month_10,Month_11,Month_12,Month_13,Month_14,Month_15,Month_16,Month_17,Month_18,Month_19,Month_20,Month_21,Month_22,Month_23,Month_24,Month_25,Month_26,Month_27,Month_28,Month_29,Month_30,Month_31,Month_32,Month_33,Month_34,Month_35,Month_36,Month_37,Month_38,Month_39,Month_40,Month_41,Month_42,Month_43,Month_44,Month_45,Month_46,Month_47,Month_48,Month_49,Month_50,Month_51,Month_52,Month_53,Month_54,Month_55,Month_56,Month_57,Month_58,Month_59,Month_60,Month_61,Month_62,Month_63,Month_64,Month_65,Month_66,Month_67,Month_68,Month_69
0_real,-1.5117686,,,,,,-1.5253679,,,,,,,,,,,,,,,,,,,,,,,,,,,,,,,,,,,,,,,,,,,,,,,,,,,,,,,,,,,,,,,
0_gen,-1.5117685,-1.5025439,-1.4928914,-1.4833047,-1.4743284,-1.4668365,-1.4591811,-1.4500281,-1.4415838,-1.4354885,-1.4285597,-1.4219112,-1.4134629,-1.4039152,-1.3960973,-1.3897645,-1.3814499,-1.3751148,-1.3671752,-1.3610111,-1.3534603,-1.3450743,-1.3382382,-1.3304571,-1.3237686,-1.3163637,-1.3073215,-1.2991402,-1.2922244,-1.2853171,-1.2762344,-1.2688696,-1.2613816,-1.2539902,-1.2458357,-1.2378876,-1.2310406,-1.2241317,-1.2157147,-1.2060134,-1.1980901,-1.1883825,-1.1831837,-1.1758678,-1.166281,-1.1575716,-1.1493686,-1.1405799,-1.13206,-1.1238421,-1.1146886,-1.1076084,-1.0999831,-1.0916938,-1.0819395,-1.0745751,-1.0668751,-1.0585008,-1.0487406,-1.0406325,-1.0318342,-1.0237705,-1.0153214,-1.0077553,-0.9987823,-0.9899491,-0.9813343,-0.97336644,-0.9656046,-0.95673263
1_real,-0.9953185,,,,,,-1.1485735,,,,,,,,,,,,,,,,,,,,,,,,,,,,,,,,,,,,,,,,,,,,,,,,,,,,,,,,,,,,,,,
1_gen,-0.99531853,-0.9954263,-0.99313575,-0.9915118,-0.98924637,-0.9876825,-0.98610437,-0.98383397,-0.98231,-0.98054516,-0.9783877,-0.9752989,-0.97283995,-0.969024,-0.966117,-0.96402705,-0.9619686,-0.9612443,-0.9605204,-0.95920974,-0.9568075,-0.95344573,-0.9507698,-0.9493427,-0.94819033,-0.9470245,-0.9447974,-0.9421879,-0.94021845,-0.9373891,-0.9327402,-0.9320051,-0.93145216,-0.931958,-0.93135405,-0.9305803,-0.92953837,-0.92683,-0.92523825,-0.9240344,-0.92045516,-0.9197661,-0.918637,-0.9157456,-0.91380614,-0.91198367,-0.9095801,-0.9107072,-0.90874636,-0.9058968,-0.9055065,-0.90296936,-0.9024948,-0.9011458,-0.89740485,-0.8960862,-0.89307356,-0.8900579,-0.88877505,-0.8877958,-0.8870286,-0.8855131,-0.8846714,-0.88236034,-0.87826186,-0.8750082,-0.87264425,-0.8706128,-0.8663818,-0.8663036
2_real,-2.0465055,,,,,,-2.3583744,,,,,,,,,,,,,,,,,,,,,,,,,,,,,,,,,,,,,,,,,,,,,,,,,,,,,,,,,,,,,,,
2_gen,-2.0465052,-2.0596316,-2.070185,-2.081324,-2.0901852,-2.1007707,-2.1076243,-2.1140313,-2.1212096,-2.1299233,-2.1372066,-2.144368,-2.1530766,-2.1591487,-2.168368,-2.1785452,-2.187098,-2.1934726,-2.1970067,-2.20589,-2.2152088,-2.2236454,-2.232386,-2.2416403,-2.2486808,-2.2550611,-2.263887,-2.2688282,-2.2759461,-2.2835562,-2.2939663,-2.2991307,-2.3091354,-2.3142567,-2.323526,-2.3321996,-2.3403783,-2.3487725,-2.3580163,-2.365394,-2.3734708,-2.3823054,-2.3913713,-2.400664,-2.407412,-2.4133286,-2.420615,-2.425037,-2.4349942,-2.4442253,-2.4506774,-2.4589658,-2.4666142,-2.471768,-2.4804497,-2.4857614,-2.4952378,-2.5000675,-2.5078073,-2.5157208,-2.5221138,-2.5284004,-2.5326412,-2.5416858,-2.5475492,-2.554997,-2.560362,-2.5648553,-2.5735514,-2.580067
3_real,-1.4809127,,,,,,-1.5374016,,,,,,,,,,,,,,,,,,,,,,,,,,,,,,,,,,,,,,,,,,,,,,,,,,,,,,,,,,,,,,,
3_gen,-1.4809128,-1.4945391,-1.5045445,-1.5185347,-1.5305752,-1.5438523,-1.5529525,-1.5621063,-1.5712805,-1.578855,-1.5885053,-1.5984203,-1.6071327,-1.6169605,-1.6240733,-1.6339028,-1.641298,-1.6510719,-1.6579132,-1.6649761,-1.6740814,-1.682457,-1.6917512,-1.7006989,-1.7092167,-1.7175624,-1.7271776,-1.7326721,-1.7393376,-1.7482513,-1.7528164,-1.7594761,-1.7701063,-1.7773943,-1.7862437,-1.7950945,-1.8027027,-1.8111111,-1.82249,-1.8305261,-1.836943,-1.8476851,-1.8578562,-1.8652922,-1.8731167,-1.8806366,-1.8881346,-1.8945687,-1.9018977,-1.9068019,-1.9151016,-1.923679,-1.9323521,-1.9400892,-1.9496714,-1.9572693,-1.9644693,-1.9721615,-1.9814764,-1.989135,-1.9988333,-2.007968,-2.0137486,-2.0225415,-2.0325267,-2.0370984,-2.0457041,-2.0559006,-2.0635536,-2.072893
4_real,0.23342228,,,,,,0.12938787,,,,,,,,,,,,,,,,,,,,,,,,,,,,,,,,,,,,,,,,,,,,,,,,,,,,,,,,,,,,,,,
4_gen,0.23342228,0.22511618,0.2119622,0.20332098,0.1945002,0.18285778,0.17295071,0.16874309,0.16028634,0.15548304,0.15124671,0.14488144,0.1332263,0.12428105,0.11371945,0.10510337,0.09684222,0.088998415,0.079910375,0.07283321,0.06475983,0.057472717,0.04508613,0.029509604,0.019894594,0.01670772,0.0095520895,0.0053970604,-0.0017092358,-0.009327004,-0.01803642,-0.023967441,-0.032661594,-0.042801153,-0.05067777,-0.05974539,-0.07104828,-0.07348358,-0.08153894,-0.09167362,-0.10031164,-0.10944947,-0.11706622,-0.12282173,-0.12944528,-0.14357255,-0.1527966,-0.16451131,-0.17133608,-0.18074964,-0.18990384,-0.19905198,-0.20865114,-0.21832924,-0.226581,-0.23749869,-0.2494038,-0.26179436,-0.27235895,-0.28419554,-0.29458806,-0.30200887,-0.30988583,-0.3185788,-0.325383,-0.3395802,-0.3440191,-0.3528646,-0.36485958,-0.3735796
5_real,2.2782686,,,,,,1.9071665,,,,,,,,,,,,,,,,,,,,,,,,,,,,,,,,,,,,,,,,,,,,,,,,,,,,,,,,,,,,,,,
5_gen,2.2782686,2.2673104,2.2531455,2.2406936,2.2279317,2.2180068,2.2046585,2.1964054,2.184625,2.1755939,2.1629643,2.1553931,2.1468036,2.1376963,2.1281655,2.11696,2.1058173,2.0934672,2.0827842,2.0736103,2.0665336,2.0539124,2.0452313,2.033366,2.0245576,2.0100694,1.9977007,1.9831339,1.9669892,1.9575056,1.9494816,1.9347162,1.9231199,1.9108632,1.9002043,1.8884106,1.8797175,1.8711685,1.8610748,1.8480012,1.8340098,1.8206333,1.8128269,1.8020357,1.7921999,1.7798271,1.7662548,1.7551473,1.742953,1.7312739,1.7204494,1.7102932,1.7031205,1.6905155,1.67999,1.6713803,1.6583818,1.6480118,1.640802,1.6285336,1.620158,1.6114635,1.5983552,1.5872856,1.5757182,1.5635456,1.5495745,1.536707,1.5282446,1.5174768
6_real,0.2735618,,,,,,0.15352827,,,,,,,,,,,,,,,,,,,,,,,,,,,,,,,,,,,,,,,,,,,,,,,,,,,,,,,,,,,,,,,
6_gen,0.27356178,0.27346545,0.2719031,0.26818317,0.26562777,0.26348513,0.26050383,0.25642198,0.25446144,0.2515626,0.24859214,0.24613652,0.24301358,0.23960261,0.23670125,0.23277041,0.22977631,0.22619419,0.22568116,0.22266345,0.21958366,0.21763015,0.21324237,0.21051475,0.20746271,0.20343752,0.19942807,0.19531201,0.19181585,0.18876526,0.18597123,0.18171033,0.17907256,0.1745237,0.17224462,0.1700739,0.16562632,0.16261637,0.16059813,0.15722708,0.15422359,0.15249577,0.147479,0.14337924,0.14001042,0.13587993,0.13224998,0.12802777,0.1240503,0.120641805,0.116953865,0.11423139,0.11084366,0.10801618,0.10446404,0.10291566,0.09841874,0.094696224,0.09053838,0.08784826,0.08386878,0.07925854,0.076971054,0.07296555,0.06936766,0.0651719,0.06124243,0.05809208,0.055352766,0.051689524
7_real,0.49873093,,,,,,0.25439656,,,,,,,,,,,,,,,,,,,,,,,,,,,,,,,,,,,,,,,,,,,,,,,,,,,,,,,,,,,,,,,
7_gen,0.49873096,0.4952709,0.49115667,0.48831445,0.4845662,0.48387894,0.48207808,0.48316485,0.4815201,0.47955242,0.47915697,0.47758323,0.47446647,0.47555536,0.47458228,0.4742536,0.47128266,0.47021633,0.4710353,0.46977305,0.46967387,0.46930417,0.46966934,0.46805173,0.4656643,0.46503893,0.4641233,0.46464667,0.46450004,0.46624714,0.4635581,0.46559137,0.46505994,0.46363539,0.46295977,0.46332532,0.4609634,0.46135545,0.46098432,0.45827928,0.45699435,0.46034342,0.46027654,0.46224898,0.46321625,0.4610775,0.46048012,0.4627955,0.46389645,0.46282467,0.46125227,0.46214533,0.4608056,0.46338072,0.46319747,0.46150047,0.46336332,0.46559277,0.46388125,0.46426684,0.4651571,0.4669382,0.4633968,0.46561557,0.46560702,0.46737742,0.47005194,0.4696805,0.46904278,0.4712394
8_real,-0.9939441,,,,,,-0.96737826,,,,,,,,,,,,,,,,,,,,,,,,,,,,,,,,,,,,,,,,,,,,,,,,,,,,,,,,,,,,,,,
8_gen,-0.99394405,-0.9993123,-1.0007008,-1.0042517,-1.007939,-1.008815,-1.0106182,-1.0161605,-1.017978,-1.021766,-1.0252638,-1.0284866,-1.0308809,-1.0332557,-1.0353909,-1.0379075,-1.0424203,-1.0433131,-1.0478532,-1.049805,-1.0519068,-1.0547262,-1.0559636,-1.0587075,-1.0603794,-1.0627618,-1.0662009,-1.0667316,-1.0684433,-1.0697042,-1.0717492,-1.0740211,-1.0760261,-1.0770127,-1.0804721,-1.0849767,-1.0868092,-1.0879638,-1.0917702,-1.0929158,-1.0934112,-1.0961592,-1.0998132,-1.1033146,-1.1043893,-1.1060178,-1.1062225,-1.1066521,-1.10901,-1.1118084,-1.1161983,-1.1176718,-1.1207013,-1.1229093,-1.1260903,-1.1312845,-1.1340531,-1.1346897,-1.1353703,-1.1388724,-1.1415632,-1.1428417,-1.1431401,-1.1462314,-1.1501939,-1.1542315,-1.1562302,-1.1598186,-1.1623353,-1.1673881
9_real,-0.91156113,,,,,,-1.0891665,,,,,,,,,,,,,,,,,,,,,,,,,,,,,,,,,,,,,,,,,,,,,,,,,,,,,,,,,,,,,,,
9_gen,-0.91156113,-0.9138573,-0.9129073,-0.9172753,-0.92037296,-0.92290384,-0.92733526,-0.9327218,-0.93491447,-0.9380916,-0.94191015,-0.94744617,-0.95194674,-0.95819426,-0.9609483,-0.9656954,-0.96966755,-0.9730403,-0.9754149,-0.97751445,-0.981201,-0.9849192,-0.98831606,-0.99245644,-0.9966218,-1.0025562,-1.0070258,-1.0094119,-1.0134504,-1.0176626,-1.0222819,-1.0254157,-1.0278083,-1.0345353,-1.0404223,-1.0416095,-1.0444446,-1.0473355,-1.0543346,-1.0586551,-1.065693,-1.0699064,-1.074726,-1.0797031,-1.0813133,-1.0866932,-1.0905167,-1.0930586,-1.0953206,-1.0987012,-1.1000079,-1.1048654,-1.1086726,-1.1132661,-1.1172264,-1.1225337,-1.1255805,-1.1292732,-1.1332129,-1.1374524,-1.1408653,-1.1462754,-1.1483151,-1.1517913,-1.1541202,-1.1588684,-1.1618876,-1.1649511,-1.1676515,-1.1734629
10_real,-1.4494573,,,,,,-1.396657,,,,,,,,,,,,,,,,,,,,,,,,,,,,,,,,,,,,,,,,,,,,,,,,,,,,,,,,,,,,,,,
10_gen,-1.4494573,-1.4551688,-1.4594291,-1.4624509,-1.4662774,-1.4690615,-1.472996,-1.4791987,-1.4840546,-1.4896944,-1.4964973,-1.4998531,-1.5029945,-1.5077507,-1.5133415,-1.5180289,-1.5217838,-1.5288779,-1.5333478,-1.5390192,-1.5436304,-1.5512948,-1.554865,-1.5610778,-1.5655642,-1.571877,-1.5766934,-1.5811458,-1.5850761,-1.5913564,-1.5974088,-1.602758,-1.6071434,-1.610804,-1.6179225,-1.6227553,-1.6269617,-1.6283233,-1.6306235,-1.636405,-1.6408612,-1.6452316,-1.6473984,-1.6566194,-1.6583802,-1.6622097,-1.6668842,-1.6696934,-1.6720603,-1.6776121,-1.6812708,-1.6858444,-1.6887859,-1.6940649,-1.6995296,-1.7066395,-1.714069,-1.7195921,-1.7257855,-1.7302147,-1.7351071,-1.7426081,-1.7480074,-1.7530286,-1.7591015,-1.7628849,-1.7696106,-1.7750314,-1.7788283,-1.7834564
11_real,-0.44402412,,,,,,-0.52895373,,,,,,,,,,,,,,,,,,,,,,,,,,,,,,,,,,,,,,,,,,,,,,,,,,,,,,,,,,,,,,,
11_gen,-0.44402415,-0.43706638,-0.4324491,-0.43104118,-0.42901072,-0.4283166,-0.42483115,-0.425764,-0.42746672,-0.42902446,-0.43047413,-0.43062958,-0.43162006,-0.43288273,-0.43337855,-0.43266568,-0.43280372,-0.43627864,-0.437773,-0.43852443,-0.44060674,-0.44221234,-0.4429307,-0.44480675,-0.4457473,-0.45220643,-0.4511563,-0.45165125,-0.45385113,-0.45812136,-0.46215993,-0.4629689,-0.46503443,-0.46607885,-0.46715206,-0.46710223,-0.468911,-0.46896434,-0.47022906,-0.472644,-0.47477132,-0.47623497,-0.48049456,-0.48021182,-0.48287457,-0.4836665,-0.4830494,-0.48523068,-0.48572817,-0.4865071,-0.4897932,-0.49186268,-0.49469638,-0.49571905,-0.49383703,-0.49942723,-0.50129443,-0.5018428,-0.50260794,-0.5038356,-0.5072855,-0.50589085,-0.50858223,-0.5112108,-0.50973976,-0.51163054,-0.5128752,-0.51537883,-0.5173534,-0.51774675
12_real,-0.67217255,,,,,,-0.81583184,,,,,,,,,,,,,,,,,,,,,,,,,,,,,,,,,,,,,,,,,,,,,,,,,,,,,,,,,,,,,,,
12_gen,-0.67217255,-0.67150676,-0.668119,-0.6659514,-0.66505367,-0.66764617,-0.66713464,-0.6637653,-0.66333014,-0.66411024,-0.66188,-0.6601612,-0.661252,-0.6596787,-0.66272724,-0.66369843,-0.6619057,-0.66664135,-0.6661235,-0.6664165,-0.6683322,-0.673022,-0.6747972,-0.67573917,-0.67707974,-0.68054974,-0.6836352,-0.68670404,-0.6898298,-0.69160116,-0.69407284,-0.6919185,-0.69369423,-0.69566,-0.6969126,-0.7028513,-0.7032505,-0.7076431,-0.7097827,-0.71109223,-0.71521354,-0.7179715,-0.7205436,-0.7225699,-0.72663003,-0.7292156,-0.73298645,-0.73416877,-0.73832333,-0.74094427,-0.74341935,-0.746311,-0.7498807,-0.7484457,-0.75273657,-0.7574,-0.75817853,-0.759777,-0.7641354,-0.7661697,-0.7698413,-0.77207613,-0.7719063,-0.7744084,-0.7782295,-0.77934307,-0.7835175,-0.783818,-0.7902724,-0.7937527
13_real,-0.31481335,,,,,,-0.5133096,,,,,,,,,,,,,,,,,,,,,,,,,,,,,,,,,,,,,,,,,,,,,,,,,,,,,,,,,,,,,,,
13_gen,-0.31481335,-0.32087725,-0.3333045,-0.3416188,-0.35210174,-0.362413,-0.3720723,-0.38509655,-0.39615488,-0.40638122,-0.41793138,-0.42867833,-0.43976012,-0.4521864,-0.46283913,-0.47150573,-0.4819377,-0.49252835,-0.501397,-0.5121219,-0.5209391,-0.53100765,-0.54041,-0.55169475,-0.56175625,-0.5728386,-0.58401835,-0.5943819,-0.6053802,-0.61652243,-0.6281749,-0.63816977,-0.65212965,-0.6628399,-0.67152387,-0.68304354,-0.69400644,-0.7062174,-0.7161333,-0.73073673,-0.74124557,-0.75237477,-0.7621233,-0.7746488,-0.7831806,-0.7960149,-0.80591404,-0.8162159,-0.82772017,-0.8384067,-0.850175,-0.86003286,-0.87027854,-0.88180953,-0.8943982,-0.9043096,-0.912965,-0.92132187,-0.9306515,-0.94306916,-0.9564451,-0.9694624,-0.9800583,-0.99217683,-1.0017227,-1.0162559,-1.0278822,-1.0379924,-1.0454999,-1.0567706
14_real,-0.017189918,,,,,,-0.055989478,,,,,,,,,,,,,,,,,,,,,,,,,,,,,,,,,,,,,,,,,,,,,,,,,,,,,,,,,,,,,,,
14_gen,-0.017189918,-0.028510716,-0.039886195,-0.0530334,-0.06729813,-0.07895586,-0.08833028,-0.09959245,-0.110096276,-0.12076776,-0.13065463,-0.14181328,-0.15183863,-0.16227366,-0.17408143,-0.18488733,-0.19341326,-0.20165595,-0.21079199,-0.21874674,-0.22917596,-0.23583469,-0.24621005,-0.2574131,-0.27110648,-0.28302997,-0.29180747,-0.2992264,-0.31042773,-0.31742865,-0.32554674,-0.3369389,-0.34668094,-0.35793903,-0.36837178,-0.37766427,-0.38855916,-0.39696407,-0.40591955,-0.4133131,-0.4248919,-0.4346806,-0.44319135,-0.45256725,-0.4630248,-0.47285637,-0.48655993,-0.49686489,-0.50716317,-0.51860386,-0.52955925,-0.5415538,-0.5495903,-0.56084555,-0.5724805,-0.5838417,-0.5946062,-0.60615903,-0.61709386,-0.6249526,-0.63733935,-0.6458324,-0.65893584,-0.6693048,-0.6832098,-0.696703,-0.7102965,-0.7208723,-0.7310588,-0.74196523
15_real,-1.6624719,,,,,,-1.683138,,,,,,,,,,,,,,,,,,,,,,,,,,,,,,,,,,,,,,,,,,,,,,,,,,,,,,,,,,,,,,,
15_gen,-1.662472,-1.6498859,-1.6378158,-1.6223814,-1.6094122,-1.599303,-1.5846465,-1.5690901,-1.5570399,-1.5424693,-1.5302327,-1.5123262,-1.5044338,-1.4868242,-1.4758524,-1.4652396,-1.4565222,-1.4453173,-1.4331359,-1.4214569,-1.4086521,-1.3941456,-1.3776805,-1.3640301,-1.3496923,-1.3351662,-1.3270515,-1.3134792,-1.3012937,-1.2873437,-1.2734611,-1.2642629,-1.2562025,-1.2489202,-1.2396567,-1.226207,-1.2126799,-1.2012353,-1.1860554,-1.1758158,-1.1612506,-1.1484634,-1.1295501,-1.1097463,-1.099216,-1.0863625,-1.074516,-1.0626545,-1.0466406,-1.0309794,-1.0172299,-1.0011165,-0.9911844,-0.9780388,-0.9631708,-0.94860446,-0.93880796,-0.9251444,-0.9073323,-0.890345,-0.8748897,-0.8595069,-0.84338224,-0.8287886,-0.8141516,-0.80109835,-0.78520817,-0.76800275,-0.7521179,-0.7377471
16_real,-0.86259246,,,,,,-1.0707287,,,,,,,,,,,,,,,,,,,,,,,,,,,,,,,,,,,,,,,,,,,,,,,,,,,,,,,,,,,,,,,
16_gen,-0.8625926,-0.8462418,-0.8390268,-0.8280705,-0.8130892,-0.80320454,-0.78963333,-0.77629954,-0.7672842,-0.75729144,-0.74034005,-0.7294084,-0.7189279,-0.7097243,-0.6983584,-0.68699425,-0.67454076,-0.66607827,-0.655809,-0.6409839,-0.6330264,-0.61402464,-0.60954916,-0.5975344,-0.5854053,-0.57086796,-0.56165504,-0.54732704,-0.53626084,-0.5219759,-0.5097185,-0.49360472,-0.47727698,-0.4599526,-0.45134878,-0.4394583,-0.42576352,-0.40840054,-0.39742118,-0.37832433,-0.364848,-0.3484773,-0.33177423,-0.31808797,-0.30381688,-0.28673217,-0.27667493,-0.2658527,-0.24894305,-0.23707244,-0.22272933,-0.20674689,-0.19627185,-0.18491948,-0.16748855,-0.14624512,-0.12953499,-0.114425816,-0.09835703,-0.08627029,-0.07151437,-0.05690406,-0.04382553,-0.02951786,-0.01339819,0.006738058,0.019478612,0.03636126,0.046908055,0.06788947
17_real,-0.5825781,,,,,,-0.7449569,,,,,,,,,,,,,,,,,,,,,,,,,,,,,,,,,,,,,,,,,,,,,,,,,,,,,,,,,,,,,,,
17_gen,-0.5825781,-0.5704163,-0.56203556,-0.55438995,-0.54854906,-0.5399494,-0.5308854,-0.52430606,-0.5151693,-0.5087143,-0.50460494,-0.49685168,-0.49109802,-0.48389125,-0.47887903,-0.4677984,-0.457084,-0.44921628,-0.4409453,-0.4338563,-0.42717552,-0.41871542,-0.4124303,-0.40455866,-0.3969555,-0.38488388,-0.37638977,-0.37010944,-0.36326084,-0.35578611,-0.34652242,-0.34069368,-0.3308593,-0.32372785,-0.3170925,-0.30985522,-0.2992625,-0.29174775,-0.28722185,-0.28161952,-0.27418026,-0.26546022,-0.2606559,-0.25044918,-0.24181223,-0.23377612,-0.22605304,-0.21795878,-0.20971581,-0.19742839,-0.18769883,-0.17938468,-0.16893563,-0.16036612,-0.15452114,-0.14724883,-0.13758227,-0.12921919,-0.12134757,-0.11401101,-0.107418835,-0.102521,-0.09458112,-0.08732754,-0.08008798,-0.07071471,-0.062128592,-0.056322027,-0.045271285,-0.035203464
18_real,0.22163379,,,,,,-0.12950672,,,,,,,,,,,,,,,,,,,,,,,,,,,,,,,,,,,,,,,,,,,,,,,,,,,,,,,,,,,,,,,
18_gen,0.22163379,0.22781222,0.2353268,0.24082923,0.24913792,0.2548414,0.2630424,0.27325368,0.28148028,0.28881657,0.29595357,0.3028815,0.30783278,0.31441605,0.32151985,0.32555416,0.3325724,0.33868346,0.34617156,0.35569927,0.3630608,0.3709888,0.3784707,0.3878181,0.39432102,0.40106073,0.41374022,0.42116967,0.42651016,0.43180457,0.43982643,0.44871315,0.45484495,0.46361837,0.47259793,0.47986847,0.48812428,0.49652815,0.5060577,0.514969,0.5246669,0.532676,0.53852904,0.54757375,0.55774075,0.5665947,0.5758809,0.5834727,0.5902158,0.60100687,0.61156857,0.6198877,0.62689173,0.6325821,0.64068145,0.6481881,0.65907353,0.6691935,0.67844784,0.68550956,0.6937218,0.7027784,0.7110051,0.7198761,0.72800374,0.736869,0.7445695,0.7557289,0.76833475,0.7782887
19_real,0.53881,,,,,,0.06850698,,,,,,,,,,,,,,,,,,,,,,,,,,,,,,,,,,,,,,,,,,,,,,,,,,,,,,,,,,,,,,,
19_gen,0.53880996,0.53343135,0.5297183,0.5228196,0.5200389,0.51581484,0.51049083,0.5062884,0.5021117,0.49783045,0.49385667,0.49077067,0.48592418,0.48161465,0.47815236,0.4730029,0.46934548,0.46502072,0.46277785,0.45724338,0.4518965,0.44579077,0.44334474,0.4380014,0.43311992,0.42907697,0.42526907,0.4192528,0.41501123,0.41064763,0.40730786,0.40312043,0.39997372,0.39664823,0.39005023,0.38702258,0.38275576,0.37982577,0.37611997,0.3726762,0.36959612,0.3665353,0.3623973,0.36076155,0.35541874,0.35040268,0.3473696,0.3431709,0.3387124,0.33435687,0.32990995,0.32522652,0.3205075,0.31710654,0.31366038,0.30918807,0.30293617,0.29833132,0.29407254,0.29055208,0.2862591,0.28074327,0.27794313,0.27210218,0.2670105,0.26375833,0.25852808,0.25499442,0.24994564,0.24478681
20_real,0.90609914,,,,,,0.9226418,,,,,,,,,,,,,,,,,,,,,,,,,,,,,,,,,,,,,,,,,,,,,,,,,,,,,,,,,,,,,,,
20_gen,0.9060992,0.9030814,0.89952886,0.8958294,0.89163905,0.88958895,0.88691837,0.8832475,0.87965727,0.8800583,0.87584174,0.8718394,0.8680314,0.8653046,0.8620194,0.8595155,0.85423887,0.8526926,0.8509453,0.8511278,0.8455154,0.8429507,0.8398843,0.8375517,0.838086,0.8350977,0.831515,0.8288733,0.8253007,0.82312524,0.8211697,0.82010335,0.81815755,0.81444407,0.8138503,0.81054115,0.8088083,0.8069873,0.8027812,0.80082047,0.79867303,0.7940103,0.7875007,0.78303885,0.7784234,0.77591234,0.77354866,0.77045596,0.7704463,0.7656997,0.76234514,0.75872993,0.7523835,0.747054,0.7457139,0.7420595,0.73721397,0.7332722,0.72981113,0.72785175,0.7227216,0.71842,0.7157103,0.71332264,0.70978767,0.7085835,0.7042443,0.7004853,0.6968257,0.69440585
21_real,-1.902667,,,,,,-2.1057134,,,,,,,,,,,,,,,,,,,,,,,,,,,,,,,,,,,,,,,,,,,,,,,,,,,,,,,,,,,,,,,
21_gen,-1.9026673,-1.9085716,-1.9142044,-1.9179163,-1.9246985,-1.9308016,-1.9349438,-1.9425532,-1.9469954,-1.9494808,-1.9561357,-1.960681,-1.9641716,-1.9681883,-1.9730679,-1.9745138,-1.9782133,-1.9823605,-1.9857002,-1.9894953,-1.9928871,-1.9979391,-1.9997025,-2.0034108,-2.0060744,-2.009645,-2.0143235,-2.0190716,-2.0254035,-2.0305517,-2.0331454,-2.0376434,-2.0407944,-2.0446925,-2.0501783,-2.0547595,-2.0579875,-2.0642471,-2.0673058,-2.0681007,-2.0740275,-2.079115,-2.0839782,-2.0896258,-2.093698,-2.0997634,-2.1033537,-2.1066833,-2.109818,-2.1115205,-2.1157813,-2.1203887,-2.1261458,-2.1275978,-2.132699,-2.1363473,-2.140219,-2.144627,-2.1494744,-2.1543117,-2.1581044,-2.1620088,-2.1669343,-2.1717486,-2.17491,-2.1779017,-2.1829424,-2.1869178,-2.1921184,-2.1964345
22_real,-0.31283677,,,,,,-0.58021814,,,,,,,,,,,,,,,,,,,,,,,,,,,,,,,,,,,,,,,,,,,,,,,,,,,,,,,,,,,,,,,
22_gen,-0.31283674,-0.3237196,-0.33367938,-0.34101623,-0.3464113,-0.35298142,-0.35903615,-0.36425355,-0.36731556,-0.37239456,-0.3750959,-0.37913945,-0.3836853,-0.39007458,-0.39593625,-0.39921713,-0.40525007,-0.41118947,-0.41463947,-0.4213066,-0.42779073,-0.43293372,-0.43917674,-0.44216284,-0.44437605,-0.44941837,-0.4532792,-0.45920324,-0.46446452,-0.46966353,-0.4758831,-0.47734332,-0.48259753,-0.48791322,-0.49086756,-0.49392062,-0.4977343,-0.50402814,-0.5092052,-0.5153171,-0.5190881,-0.5240175,-0.5263425,-0.5315947,-0.5352701,-0.53683025,-0.5388483,-0.5463549,-0.55217505,-0.5547954,-0.561309,-0.5659326,-0.57163376,-0.575626,-0.5795201,-0.58251536,-0.586684,-0.59172523,-0.59735423,-0.6006609,-0.60635513,-0.6110064,-0.614577,-0.6178957,-0.6217829,-0.6270418,-0.63230145,-0.63651574,-0.63984776,-0.64487696
23_real,0.040784314,,,,,,-0.22596401,,,,,,,,,,,,,,,,,,,,,,,,,,,,,,,,,,,,,,,,,,,,,,,,,,,,,,,,,,,,,,,
23_gen,0.04078431,0.03320784,0.026592016,0.018454533,0.011280344,0.004974695,-0.002265749,-0.008589914,-0.013205376,-0.018237468,-0.021192309,-0.028585013,-0.033704303,-0.040611964,-0.045465488,-0.05124555,-0.05331943,-0.058821924,-0.0618968,-0.06691127,-0.06966508,-0.07279783,-0.07671799,-0.07934537,-0.086696595,-0.09066199,-0.095121205,-0.102163985,-0.10645318,-0.11006713,-0.11423938,-0.11971824,-0.12557262,-0.12908883,-0.13406968,-0.13964152,-0.14340433,-0.14575776,-0.1513778,-0.15447839,-0.160189,-0.16493425,-0.17059697,-0.17517532,-0.17866871,-0.18280375,-0.18608508,-0.1900143,-0.1954879,-0.19804227,-0.20373166,-0.20796394,-0.21105285,-0.21511567,-0.21933234,-0.22352092,-0.22963491,-0.23491971,-0.23852572,-0.24393728,-0.24762745,-0.25035027,-0.25487143,-0.2590918,-0.26019746,-0.26558554,-0.26999742,-0.27354482,-0.27820316,-0.28268218
24_real,-1.0563974,,,,,,-1.1604213,,,,,,,,,,,,,,,,,,,,,,,,,,,,,,,,,,,,,,,,,,,,,,,,,,,,,,,,,,,,,,,
24_gen,-1.0563974,-1.0628221,-1.0699282,-1.0763022,-1.0810769,-1.0878617,-1.0943301,-1.1022506,-1.108674,-1.1124473,-1.1177346,-1.123835,-1.1270669,-1.1335958,-1.1388714,-1.1463298,-1.15416,-1.1592596,-1.165855,-1.1714699,-1.1741822,-1.1796026,-1.1861475,-1.1934626,-1.197674,-1.2040241,-1.2091763,-1.2128725,-1.2205689,-1.2277143,-1.2363129,-1.24064,-1.2469082,-1.2511964,-1.259153,-1.2649544,-1.2732258,-1.2796631,-1.2834189,-1.2888386,-1.2968587,-1.3026282,-1.3051909,-1.308864,-1.3132269,-1.3194356,-1.3241777,-1.3325886,-1.3391323,-1.3436007,-1.351897,-1.3593289,-1.3656785,-1.3716763,-1.3786113,-1.3850663,-1.3916132,-1.3964212,-1.4016691,-1.4098287,-1.4173756,-1.4252429,-1.4305536,-1.4352125,-1.4440639,-1.4503317,-1.4570286,-1.4601933,-1.4675348,-1.4741161
25_real,-1.4512814,,,,,,-1.6022315,,,,,,,,,,,,,,,,,,,,,,,,,,,,,,,,,,,,,,,,,,,,,,,,,,,,,,,,,,,,,,,
25_gen,-1.4512814,-1.4548718,-1.4596423,-1.4624755,-1.4662788,-1.4688396,-1.47112,-1.474404,-1.4784607,-1.4822674,-1.4860919,-1.4910342,-1.4943702,-1.4982994,-1.5044786,-1.508213,-1.5132356,-1.516313,-1.5191181,-1.5238533,-1.528661,-1.5312245,-1.5356073,-1.5387657,-1.5428472,-1.5460091,-1.5509076,-1.5545822,-1.5581818,-1.5606668,-1.5663444,-1.5707501,-1.5733379,-1.5777464,-1.5810261,-1.5850345,-1.5866925,-1.5907979,-1.5962602,-1.6005942,-1.6047404,-1.6096392,-1.6142294,-1.6197386,-1.6232888,-1.6272669,-1.6322181,-1.6376623,-1.641206,-1.6458652,-1.6496798,-1.6524242,-1.6560787,-1.6608341,-1.6656945,-1.6695473,-1.6720679,-1.6760604,-1.6806446,-1.6839355,-1.6875458,-1.6919569,-1.6963513,-1.6990519,-1.7033017,-1.7082212,-1.7139152,-1.717283,-1.7226137,-1.7262655
26_real,-0.6151975,,,,,,-0.93938285,,,,,,,,,,,,,,,,,,,,,,,,,,,,,,,,,,,,,,,,,,,,,,,,,,,,,,,,,,,,,,,
26_gen,-0.61519754,-0.6188395,-0.6219116,-0.62589914,-0.6299652,-0.6349609,-0.6416608,-0.64572144,-0.65054214,-0.6542315,-0.65964186,-0.66590554,-0.67076826,-0.6749004,-0.681107,-0.6837787,-0.68773377,-0.6911984,-0.696879,-0.702381,-0.705803,-0.70905745,-0.71263945,-0.71906114,-0.7236215,-0.7286342,-0.73303217,-0.7369721,-0.7412747,-0.7453166,-0.74908036,-0.7522718,-0.7578808,-0.76242065,-0.76794827,-0.7734079,-0.78016716,-0.7841094,-0.7893352,-0.7931485,-0.7992267,-0.8057289,-0.8116523,-0.8163866,-0.8199504,-0.82508814,-0.8306241,-0.8332488,-0.8371536,-0.841015,-0.84558153,-0.8507098,-0.8536053,-0.8577787,-0.86287916,-0.86860436,-0.87255734,-0.87583655,-0.88088197,-0.88546133,-0.89062274,-0.895393,-0.8996847,-0.90501654,-0.9103409,-0.9158989,-0.92199975,-0.9262433,-0.9304239,-0.9360425
27_real,-2.0297396,,,,,,-2.261904,,,,,,,,,,,,,,,,,,,,,,,,,,,,,,,,,,,,,,,,,,,,,,,,,,,,,,,,,,,,,,,
27_gen,-2.0297396,-2.0319326,-2.0348332,-2.0360036,-2.0389726,-2.0412605,-2.0448718,-2.0473719,-2.0498018,-2.052903,-2.0553925,-2.0576663,-2.060781,-2.0641735,-2.0664997,-2.0702398,-2.0716805,-2.0755434,-2.08016,-2.0837283,-2.0861268,-2.088347,-2.0912697,-2.0954509,-2.0985029,-2.1024528,-2.105743,-2.1089344,-2.11088,-2.1142883,-2.1167645,-2.1194272,-2.1218848,-2.1259754,-2.1307044,-2.1351721,-2.138538,-2.1412606,-2.144791,-2.1471157,-2.1501856,-2.1529737,-2.1563504,-2.1598601,-2.1627953,-2.1657853,-2.1693943,-2.1732824,-2.1774611,-2.1792066,-2.1829662,-2.1863604,-2.188915,-2.1915517,-2.1949506,-2.197288,-2.201175,-2.2056308,-2.2095463,-2.2137568,-2.2170272,-2.2199018,-2.2231789,-2.2275333,-2.2313855,-2.235458,-2.238357,-2.2421236,-2.2459798,-2.2499747
28_real,-1.0675776,,,,,,-1.4251928,,,,,,,,,,,,,,,,,,,,,,,,,,,,,,,,,,,,,,,,,,,,,,,,,,,,,,,,,,,,,,,
28_gen,-1.0675775,-1.0688434,-1.0678672,-1.069443,-1.0689495,-1.0700115,-1.0688536,-1.0697498,-1.0704688,-1.0705087,-1.070467,-1.0716155,-1.0728853,-1.0735639,-1.0747547,-1.0764138,-1.0787542,-1.079423,-1.0809572,-1.0825617,-1.0832272,-1.0847666,-1.0840026,-1.0832729,-1.08409,-1.0851418,-1.0850433,-1.0868948,-1.0875275,-1.0896305,-1.0919712,-1.0927149,-1.0930351,-1.0958121,-1.0967293,-1.0997401,-1.099623,-1.0996599,-1.100561,-1.1021707,-1.1043007,-1.1054856,-1.1070352,-1.1065415,-1.1093028,-1.1108738,-1.1130106,-1.1152098,-1.1159613,-1.11735,-1.1177666,-1.118094,-1.1196376,-1.12013,-1.1206144,-1.1233724,-1.1254749,-1.1262181,-1.1291163,-1.1323228,-1.1349963,-1.1369731,-1.1379055,-1.1385702,-1.1417838,-1.1456764,-1.1482294,-1.1514871,-1.1531395,-1.1556166
29_real,0.14458649,,,,,,0.15064363,,,,,,,,,,,,,,,,,,,,,,,,,,,,,,,,,,,,,,,,,,,,,,,,,,,,,,,,,,,,,,,
29_gen,0.14458647,0.14426515,0.14289008,0.14111009,0.13812043,0.13731454,0.13746384,0.13583185,0.1361996,0.13438031,0.13274224,0.12993492,0.12860571,0.12687516,0.12585506,0.1247054,0.12268019,0.12151986,0.12087287,0.1194758,0.1175104,0.11851337,0.11644143,0.114381775,0.11350794,0.11198006,0.11035894,0.10854894,0.1047346,0.103966966,0.10177146,0.10034422,0.09959872,0.09689082,0.09582357,0.0944423,0.09356838,0.09291672,0.091345154,0.0888094,0.089024335,0.08715291,0.08573403,0.08530361,0.08534086,0.08127147,0.08032611,0.07803427,0.07782455,0.078003734,0.075638995,0.07482492,0.071053654,0.07168829,0.07034589,0.06964077,0.066787615,0.06544672,0.065702,0.0642433,0.062410362,0.061389923,0.060043655,0.05805249,0.05621224,0.05450145,0.05447793,0.053094078,0.051398683,0.05096705
30_real,-0.5043989,,,,,,-0.43191934,,,,,,,,,,,,,,,,,,,,,,,,,,,,,,,,,,,,,,,,,,,,,,,,,,,,,,,,,,,,,,,
30_gen,-0.5043989,-0.52308786,-0.540618,-0.5519952,-0.56266034,-0.57898283,-0.5956961,-0.6079644,-0.6209403,-0.6316997,-0.64319265,-0.6588277,-0.67034835,-0.6776169,-0.6894795,-0.69770956,-0.70635784,-0.7119305,-0.722655,-0.7347399,-0.74382794,-0.7574857,-0.76709443,-0.77889293,-0.7865714,-0.7974571,-0.80850935,-0.8179878,-0.8257036,-0.8338396,-0.8399088,-0.85419005,-0.8619412,-0.87653255,-0.87939465,-0.895418,-0.906855,-0.9204732,-0.9288,-0.9343091,-0.9438817,-0.9500063,-0.95750093,-0.9714445,-0.9833662,-0.9886794,-0.9934764,-1.0078468,-1.0199155,-1.0294563,-1.0450922,-1.0616162,-1.0783854,-1.085469,-1.1006501,-1.10494,-1.1176908,-1.1328131,-1.1409595,-1.1512392,-1.1611711,-1.1659281,-1.182643,-1.1935842,-1.202781,-1.2125556,-1.222926,-1.2331469,-1.2427176,-1.2540176
31_real,0.07630771,,,,,,-0.19405587,,,,,,,,,,,,,,,,,,,,,,,,,,,,,,,,,,,,,,,,,,,,,,,,,,,,,,,,,,,,,,,
31_gen,0.07630771,0.055578798,0.03747491,0.016841274,0.0030699647,-0.01277712,-0.025446583,-0.040562328,-0.048009045,-0.060227893,-0.071824685,-0.081761286,-0.08919296,-0.100495085,-0.11232271,-0.12798299,-0.1401653,-0.15418065,-0.16627796,-0.1714311,-0.18277185,-0.19302137,-0.2090271,-0.22068474,-0.23069596,-0.24229221,-0.25708595,-0.26424995,-0.2731257,-0.28957,-0.2978199,-0.30987987,-0.3193966,-0.33266652,-0.34173375,-0.35196,-0.35971028,-0.37188312,-0.3867287,-0.40110832,-0.40942985,-0.42518798,-0.44379488,-0.45781702,-0.46983916,-0.480084,-0.49092954,-0.5019464,-0.5092907,-0.52371866,-0.53637993,-0.5407473,-0.5486029,-0.5620624,-0.5703402,-0.5837428,-0.5985823,-0.60747063,-0.6183804,-0.62654793,-0.64192146,-0.65007544,-0.6585386,-0.6690665,-0.6780948,-0.6882646,-0.69644797,-0.7067281,-0.71633434,-0.72363985
32_real,0.30412155,,,,,,0.060587313,,,,,,,,,,,,,,,,,,,,,,,,,,,,,,,,,,,,,,,,,,,,,,,,,,,,,,,,,,,,,,,
32_gen,0.30412152,0.30387524,0.3008689,0.29707575,0.29403535,0.2905514,0.28572923,0.28017557,0.2794208,0.27614805,0.27412736,0.27257204,0.26835108,0.26282555,0.25821164,0.2553529,0.24952026,0.24702287,0.24366227,0.2372762,0.2301726,0.22376332,0.21620813,0.2134283,0.2105846,0.20443106,0.20274284,0.19981374,0.19544159,0.19056089,0.18734477,0.18277259,0.17797598,0.17272112,0.17065258,0.1654779,0.16269107,0.15853254,0.15244499,0.14924598,0.1433886,0.13945192,0.13484561,0.13062568,0.12730446,0.12228012,0.11606493,0.112238504,0.110079065,0.10361745,0.098911285,0.09092042,0.08694048,0.08456065,0.078182384,0.07537747,0.07256861,0.06826838,0.06548274,0.06202627,0.05718248,0.0513251,0.047725506,0.045074195,0.038934957,0.03482181,0.030796817,0.022771861,0.02186589,0.019108273
33_real,-0.6373852,,,,,,-0.81964594,,,,,,,,,,,,,,,,,,,,,,,,,,,,,,,,,,,,,,,,,,,,,,,,,,,,,,,,,,,,,,,
33_gen,-0.63738525,-0.6359266,-0.63606876,-0.63770056,-0.6385076,-0.6390371,-0.639133,-0.6425939,-0.64442843,-0.6463496,-0.6479049,-0.6501138,-0.6504725,-0.65145826,-0.6527582,-0.6509799,-0.6521474,-0.6548029,-0.65586674,-0.6608211,-0.6627528,-0.66398394,-0.6649305,-0.66866714,-0.670487,-0.6719692,-0.67236286,-0.6718619,-0.6745073,-0.67907506,-0.6818223,-0.68456984,-0.6862546,-0.6891606,-0.69168484,-0.6945564,-0.6963164,-0.70067114,-0.7047161,-0.7089927,-0.70875746,-0.7114623,-0.7125231,-0.7159379,-0.7189816,-0.7212809,-0.7229963,-0.7228064,-0.7232876,-0.7284173,-0.72807837,-0.73023105,-0.7306744,-0.7321887,-0.73185116,-0.73386526,-0.7361105,-0.73788667,-0.7368228,-0.7384553,-0.7400151,-0.7408662,-0.742825,-0.74526393,-0.74659324,-0.7477909,-0.7522286,-0.7546614,-0.75469714,-0.7564945
34_real,-0.45726797,,,,,,-0.6907135,,,,,,,,,,,,,,,,,,,,,,,,,,,,,,,,,,,,,,,,,,,,,,,,,,,,,,,,,,,,,,,
34_gen,-0.45726794,-0.44858414,-0.44298276,-0.44276375,-0.4425136,-0.44226742,-0.44258732,-0.44520098,-0.44581795,-0.44450068,-0.44461393,-0.44371086,-0.44359064,-0.44181496,-0.44599944,-0.44592342,-0.44514975,-0.44626418,-0.44281673,-0.44427657,-0.44570646,-0.4464225,-0.44557562,-0.4466104,-0.4490408,-0.45120722,-0.45385212,-0.4540566,-0.45680016,-0.4596572,-0.46013466,-0.46052188,-0.46282655,-0.46580353,-0.46851382,-0.46880656,-0.47272578,-0.4737946,-0.47564378,-0.47759098,-0.4751421,-0.47506776,-0.47825724,-0.4796256,-0.4797228,-0.4808165,-0.48261815,-0.48485407,-0.4859659,-0.48654953,-0.48895755,-0.49161643,-0.49253225,-0.493145,-0.49200425,-0.49319252,-0.4938723,-0.4947393,-0.495818,-0.4997322,-0.50415045,-0.50611633,-0.5113975,-0.5155115,-0.5164727,-0.51870745,-0.51749086,-0.5188035,-0.51824963,-0.52198625
35_real,-0.66341585,,,,,,-0.8244992,,,,,,,,,,,,,,,,,,,,,,,,,,,,,,,,,,,,,,,,,,,,,,,,,,,,,,,,,,,,,,,
35_gen,-0.66341585,-0.66189337,-0.66118866,-0.6596416,-0.6597202,-0.66131246,-0.6649023,-0.66428584,-0.66449606,-0.6687083,-0.6708189,-0.67195654,-0.67207897,-0.6731919,-0.67479414,-0.6750438,-0.67792237,-0.6753576,-0.67581636,-0.67630595,-0.67993814,-0.6810741,-0.682665,-0.68627053,-0.6914069,-0.69181216,-0.6955384,-0.6991492,-0.7025777,-0.7067217,-0.708217,-0.7122421,-0.7141276,-0.7163427,-0.7173754,-0.7247352,-0.726383,-0.729925,-0.7322079,-0.7339319,-0.73492193,-0.7374344,-0.741793,-0.7441387,-0.7491903,-0.75365067,-0.7570859,-0.7589529,-0.76199806,-0.7665806,-0.76908886,-0.769591,-0.7715463,-0.7755047,-0.779375,-0.7795621,-0.78357804,-0.78485835,-0.7887794,-0.79561514,-0.7999788,-0.80289686,-0.80514604,-0.8122839,-0.81376016,-0.8181707,-0.82332546,-0.8276838,-0.8323873,-0.83455575
36_real,-0.3135397,,,,,,-0.4609572,,,,,,,,,,,,,,,,,,,,,,,,,,,,,,,,,,,,,,,,,,,,,,,,,,,,,,,,,,,,,,,
36_gen,-0.3135397,-0.3097623,-0.31264347,-0.3142653,-0.31660187,-0.31632462,-0.31694385,-0.31901777,-0.3182724,-0.31975913,-0.3211388,-0.3228339,-0.3287421,-0.33306044,-0.33684814,-0.34077054,-0.3476716,-0.35145026,-0.35381562,-0.3597572,-0.3650759,-0.37085807,-0.3750661,-0.37981787,-0.38265657,-0.38576096,-0.3881965,-0.39131278,-0.3981315,-0.4033555,-0.4060208,-0.41103435,-0.41169682,-0.41972977,-0.42099375,-0.42243797,-0.422789,-0.42705855,-0.42960072,-0.43076715,-0.43272433,-0.43456277,-0.43736124,-0.43974128,-0.43730998,-0.43799448,-0.4448804,-0.4500394,-0.45299596,-0.45514908,-0.4554712,-0.4603053,-0.4620244,-0.46360785,-0.46485728,-0.47102612,-0.47554117,-0.47857052,-0.48068938,-0.4868374,-0.48875266,-0.49286622,-0.49588332,-0.49981174,-0.5007794,-0.5050027,-0.5084141,-0.51091105,-0.5141267,-0.52036995
37_real,0.79752856,,,,,,0.5661526,,,,,,,,,,,,,,,,,,,,,,,,,,,,,,,,,,,,,,,,,,,,,,,,,,,,,,,,,,,,,,,
37_gen,0.7975286,0.79557,0.79853916,0.7999398,0.7991313,0.7975922,0.7985171,0.7979238,0.7913349,0.78754866,0.78464663,0.7805375,0.77941424,0.7781913,0.77188224,0.7668291,0.76055473,0.7589089,0.7565068,0.75367427,0.74963206,0.7463254,0.7374073,0.73446476,0.731856,0.7269032,0.7213849,0.71837384,0.717278,0.7143201,0.71549845,0.71225345,0.7077246,0.70815104,0.7068648,0.7048456,0.69933337,0.69227177,0.6867314,0.6862099,0.6861969,0.681524,0.67620444,0.6711746,0.66843,0.6585625,0.6531135,0.6517906,0.6482955,0.64638853,0.64441246,0.6375977,0.6347044,0.6308938,0.6288401,0.62680244,0.6206068,0.6199811,0.6153995,0.61311126,0.60744303,0.60372883,0.5987058,0.5931255,0.5908241,0.58217984,0.580618,0.5759319,0.5738908,0.57205313
38_real,0.7790217,,,,,,0.48182514,,,,,,,,,,,,,,,,,,,,,,,,,,,,,,,,,,,,,,,,,,,,,,,,,,,,,,,,,,,,,,,
38_gen,0.7790217,0.7811787,0.78156126,0.7821395,0.782743,0.7797471,0.77907336,0.77760994,0.77760935,0.77607507,0.7758787,0.7754399,0.77359045,0.77115667,0.76921797,0.7697545,0.76939553,0.7676109,0.7668449,0.7665873,0.76205504,0.76145715,0.7627445,0.76152885,0.7581619,0.75582564,0.75169754,0.7482606,0.7455873,0.7432041,0.73704445,0.73279303,0.7322308,0.73128086,0.7304488,0.7283453,0.72469383,0.7225223,0.72180575,0.7175153,0.71589506,0.7121846,0.71144897,0.71022046,0.7088604,0.7065522,0.7021996,0.70183116,0.6976742,0.69492215,0.6933182,0.69404,0.6915261,0.68744326,0.6879973,0.6854877,0.6841803,0.67963463,0.67481047,0.6746213,0.6728371,0.6690264,0.6664919,0.6655179,0.66155803,0.6618926,0.6568097,0.6563128,0.6554719,0.6528067
39_real,-0.6077701,,,,,,-0.7118482,,,,,,,,,,,,,,,,,,,,,,,,,,,,,,,,,,,,,,,,,,,,,,,,,,,,,,,,,,,,,,,
39_gen,-0.60777,-0.60909927,-0.613966,-0.6158544,-0.61558294,-0.6169224,-0.61914593,-0.62091553,-0.62051463,-0.62527895,-0.6262961,-0.62718433,-0.6282428,-0.6295128,-0.6307204,-0.63216764,-0.6369028,-0.64095724,-0.6431628,-0.6477009,-0.65137136,-0.6509991,-0.65371805,-0.6568373,-0.6582151,-0.6617874,-0.6639707,-0.665141,-0.66962737,-0.6728742,-0.67617434,-0.67964154,-0.6879687,-0.6939477,-0.70217866,-0.70519066,-0.7061931,-0.7094031,-0.71469134,-0.71440226,-0.7166812,-0.7201644,-0.72650385,-0.7330698,-0.7331073,-0.7410216,-0.74729633,-0.74873555,-0.7586678,-0.76287305,-0.76798314,-0.7726111,-0.7747921,-0.77563155,-0.7799109,-0.7835175,-0.7861666,-0.788072,-0.792259,-0.79308313,-0.7981912,-0.79968417,-0.8037926,-0.80495036,-0.80746984,-0.8111626,-0.81003654,-0.8124417,-0.81216276,-0.8182634
40_real,0.05743931,,,,,,-0.10974245,,,,,,,,,,,,,,,,,,,,,,,,,,,,,,,,,,,,,,,,,,,,,,,,,,,,,,,,,,,,,,,
40_gen,0.05743931,0.05280407,0.051669776,0.05115974,0.045741584,0.046521846,0.041838817,0.045358006,0.046414234,0.043049745,0.041328132,0.04019461,0.039791737,0.039048083,0.03841599,0.0378829,0.042935997,0.043649726,0.04352179,0.045916278,0.048118986,0.043496348,0.042443834,0.042850185,0.040768296,0.03972065,0.037949387,0.03441833,0.035747822,0.031544484,0.03291539,0.03383463,0.037397128,0.03942768,0.03744395,0.036197856,0.035149258,0.035625502,0.039204963,0.039024554,0.038033195,0.03917215,0.039888885,0.039868407,0.04085611,0.043840043,0.043790597,0.044426918,0.04935048,0.045368034,0.047011726,0.04258833,0.0369087,0.034848996,0.032724686,0.03425113,0.035068188,0.0411879,0.042103194,0.04465933,0.041883893,0.03949581,0.041017387,0.038552843,0.04152552,0.04438271,0.044224095,0.045934357,0.04880825,0.053031046
41_real,0.20190063,,,,,,0.09516763,,,,,,,,,,,,,,,,,,,,,,,,,,,,,,,,,,,,,,,,,,,,,,,,,,,,,,,,,,,,,,,
41_gen,0.20190063,0.1919773,0.18372135,0.17731766,0.17435834,0.16631137,0.16706052,0.16050735,0.15762758,0.15178683,0.1465213,0.1369048,0.13421336,0.12969236,0.12524572,0.122761846,0.12146957,0.12118077,0.117189966,0.11258687,0.10735595,0.105350174,0.102344796,0.098075405,0.09359769,0.08799692,0.08647082,0.079952925,0.07934202,0.07569726,0.06908445,0.067339644,0.059950672,0.055528052,0.04911693,0.03949241,0.038251895,0.034948386,0.031412624,0.025018234,0.019206164,0.016607212,0.013736266,0.0135400025,0.013374023,0.014931259,0.010264608,0.0040735262,-0.0032286372,-0.008621493,-0.015633944,-0.021190299,-0.025875714,-0.030777324,-0.03445602,-0.03876893,-0.043582223,-0.04626895,-0.04689459,-0.045543823,-0.051554263,-0.057628445,-0.060388096,-0.06181127,-0.0654508,-0.06874971,-0.07266826,-0.07123511,-0.07737226,-0.081901
42_real,0.36250797,,,,,,-0.07545729,,,,,,,,,,,,,,,,,,,,,,,,,,,,,,,,,,,,,,,,,,,,,,,,,,,,,,,,,,,,,,,
42_gen,0.362508,0.3617801,0.35813305,0.3539632,0.34761643,0.34595832,0.3430612,0.33990666,0.33339685,0.33128318,0.32727653,0.32180545,0.3186533,0.31457204,0.3073283,0.30350092,0.29863438,0.29570904,0.29163045,0.2869329,0.2831286,0.27839082,0.27499506,0.2709383,0.26733476,0.26250672,0.25755858,0.2504689,0.24682014,0.24021626,0.23597646,0.23232928,0.22905028,0.22403443,0.2227355,0.21845952,0.21286182,0.20790298,0.20505598,0.20073013,0.19568926,0.19169125,0.18594389,0.18055429,0.17552799,0.1703452,0.16449812,0.16007142,0.15804,0.15566733,0.14968725,0.14515354,0.13966107,0.13416323,0.13015983,0.12594545,0.118975446,0.11674164,0.11392256,0.11021546,0.10680811,0.10287894,0.0980974,0.09097292,0.08567308,0.0818851,0.07791736,0.072344616,0.06665598,0.06342467
43_real,-1.6538569,,,,,,-1.7536514,,,,,,,,,,,,,,,,,,,,,,,,,,,,,,,,,,,,,,,,,,,,,,,,,,,,,,,,,,,,,,,
43_gen,-1.653857,-1.6572669,-1.6624861,-1.6658493,-1.6686852,-1.6735957,-1.6785612,-1.6833788,-1.6856025,-1.6888813,-1.6934044,-1.697449,-1.703268,-1.7094027,-1.7149206,-1.7206175,-1.7251389,-1.7315031,-1.7362772,-1.7438704,-1.7472963,-1.7519709,-1.7557974,-1.7618153,-1.7665844,-1.7725025,-1.7750123,-1.7803581,-1.7847347,-1.7890028,-1.7935728,-1.7971799,-1.8009841,-1.8099188,-1.8145252,-1.8184601,-1.8237114,-1.8272164,-1.8323908,-1.8392718,-1.8434544,-1.8492479,-1.8531713,-1.8578192,-1.8624771,-1.866354,-1.8715862,-1.8759264,-1.8818076,-1.8859184,-1.8911331,-1.8960012,-1.9012216,-1.9066709,-1.9116577,-1.9154603,-1.9205757,-1.926687,-1.9301922,-1.9364666,-1.9405502,-1.9457061,-1.9510629,-1.955601,-1.9610946,-1.9647672,-1.9688766,-1.9752381,-1.979584,-1.9838959
44_real,-0.753043,,,,,,-0.6238599,,,,,,,,,,,,,,,,,,,,,,,,,,,,,,,,,,,,,,,,,,,,,,,,,,,,,,,,,,,,,,,
44_gen,-0.75304306,-0.75813335,-0.7617127,-0.7645356,-0.76656276,-0.7697339,-0.77116805,-0.7711593,-0.77338517,-0.7773696,-0.77768886,-0.78071153,-0.7810298,-0.7807841,-0.78338945,-0.78632957,-0.79058874,-0.7903491,-0.79250497,-0.79267395,-0.79452026,-0.7955352,-0.7993363,-0.7989793,-0.79968995,-0.80164206,-0.8041852,-0.8054107,-0.8026165,-0.8051523,-0.80715734,-0.8093089,-0.808383,-0.8085226,-0.80997133,-0.8124817,-0.8129498,-0.8163775,-0.8149071,-0.8167548,-0.8185746,-0.8188578,-0.82008445,-0.8194727,-0.8196989,-0.8188505,-0.8215712,-0.8215601,-0.8232973,-0.82398397,-0.8255669,-0.8241482,-0.8265487,-0.8303257,-0.8315426,-0.83384943,-0.8362354,-0.8385097,-0.8411622,-0.8416597,-0.8417913,-0.84092873,-0.84051275,-0.84058064,-0.8385025,-0.83758277,-0.83918256,-0.84060353,-0.8409885,-0.83831036
45_real,-2.0878935,,,,,,-2.0607917,,,,,,,,,,,,,,,,,,,,,,,,,,,,,,,,,,,,,,,,,,,,,,,,,,,,,,,,,,,,,,,
45_gen,-2.0878937,-2.0926979,-2.0969696,-2.1008642,-2.1054716,-2.11027,-2.1134844,-2.1158762,-2.119269,-2.1238945,-2.1271672,-2.1313465,-2.135584,-2.136342,-2.1410694,-2.1421218,-2.145015,-2.1462674,-2.151654,-2.1530998,-2.1580708,-2.1617954,-2.1661441,-2.1686625,-2.1725144,-2.1765695,-2.178395,-2.1807656,-2.185284,-2.1892896,-2.1894841,-2.1939263,-2.1970298,-2.196989,-2.1963913,-2.2009807,-2.2036798,-2.2063007,-2.2071977,-2.2099442,-2.2133217,-2.217131,-2.221348,-2.2252815,-2.2259593,-2.2305577,-2.2342458,-2.2358708,-2.2375028,-2.2398667,-2.2443714,-2.2465692,-2.2480192,-2.2510629,-2.252418,-2.2562213,-2.25744,-2.2614336,-2.2649732,-2.2690768,-2.272538,-2.2752209,-2.2774272,-2.2807138,-2.2851539,-2.2917638,-2.2932942,-2.2948947,-2.2987409,-2.2999563
46_real,-0.047975633,,,,,,-0.22104396,,,,,,,,,,,,,,,,,,,,,,,,,,,,,,,,,,,,,,,,,,,,,,,,,,,,,,,,,,,,,,,
46_gen,-0.047975633,-0.05378928,-0.06043256,-0.06828289,-0.07269753,-0.078703836,-0.08419739,-0.089765325,-0.094779946,-0.1003742,-0.10513707,-0.108638525,-0.114223495,-0.11990856,-0.12535763,-0.1306043,-0.13559759,-0.13991863,-0.14420661,-0.14937353,-0.1536896,-0.15883286,-0.16323769,-0.16783875,-0.17267635,-0.1780236,-0.18090509,-0.18662289,-0.19091164,-0.19350463,-0.19771531,-0.20366816,-0.2088897,-0.21360466,-0.21713412,-0.2206049,-0.22476867,-0.23045638,-0.23623988,-0.24130788,-0.24585576,-0.25082433,-0.25555477,-0.25938866,-0.26526934,-0.27025577,-0.2753283,-0.27967495,-0.28555116,-0.28988457,-0.2944858,-0.30039975,-0.30519825,-0.3107198,-0.316391,-0.32049885,-0.325135,-0.33074287,-0.33508793,-0.34010705,-0.34574336,-0.3516126,-0.35602257,-0.35953835,-0.36372897,-0.36782202,-0.37229326,-0.37750846,-0.38196188,-0.38709888
47_real,-0.69245017,,,,,,-0.9646923,,,,,,,,,,,,,,,,,,,,,,,,,,,,,,,,,,,,,,,,,,,,,,,,,,,,,,,,,,,,,,,
47_gen,-0.6924501,-0.7010215,-0.7083623,-0.7173953,-0.7222296,-0.7293276,-0.7363586,-0.74160135,-0.7453094,-0.7506818,-0.75574625,-0.7622253,-0.76486295,-0.7695406,-0.77392656,-0.77863467,-0.78337467,-0.7876261,-0.79410803,-0.7999272,-0.8057359,-0.81124556,-0.8176689,-0.8226882,-0.8289304,-0.8341416,-0.8392008,-0.8440091,-0.8483287,-0.8534177,-0.85774165,-0.8631555,-0.869891,-0.87444085,-0.88027173,-0.885824,-0.8894973,-0.8931462,-0.8984784,-0.90467083,-0.9105028,-0.9159476,-0.92016715,-0.92532045,-0.93081075,-0.93702585,-0.9426831,-0.9481443,-0.9546462,-0.9591325,-0.964406,-0.96971196,-0.9754267,-0.98106164,-0.985305,-0.9911364,-0.9983014,-1.0027338,-1.0090466,-1.0142587,-1.0210102,-1.0257734,-1.0312798,-1.0360445,-1.042278,-1.0479947,-1.0528721,-1.0574913,-1.0647674,-1.0709324
48_real,-0.20763633,,,,,,-0.54969454,,,,,,,,,,,,,,,,,,,,,,,,,,,,,,,,,,,,,,,,,,,,,,,,,,,,,,,,,,,,,,,
48_gen,-0.20763633,-0.21238708,-0.21683669,-0.22260353,-0.22975239,-0.23541471,-0.24072771,-0.24714366,-0.25387198,-0.25992042,-0.26355082,-0.26856652,-0.27246836,-0.27744508,-0.28316712,-0.28961906,-0.2935446,-0.29984027,-0.30469427,-0.3095314,-0.31497663,-0.31804022,-0.3222043,-0.32753775,-0.33177382,-0.33814472,-0.34017885,-0.3444777,-0.3482459,-0.35227722,-0.3600789,-0.364397,-0.3686066,-0.37342674,-0.3782956,-0.38473096,-0.38908756,-0.3954076,-0.40236086,-0.408027,-0.41255385,-0.4177568,-0.42050332,-0.42639416,-0.43139163,-0.4365259,-0.4401434,-0.44586658,-0.45281607,-0.4550044,-0.45915237,-0.46505865,-0.47065955,-0.47585106,-0.48078918,-0.48636803,-0.49140707,-0.4972946,-0.5011675,-0.50916684,-0.5149493,-0.519875,-0.5245557,-0.52927756,-0.53601456,-0.54072183,-0.5458233,-0.5496333,-0.55522335,-0.56052816
49_real,-1.3951048,,,,,,-1.723377,,,,,,,,,,,,,,,,,,,,,,,,,,,,,,,,,,,,,,,,,,,,,,,,,,,,,,,,,,,,,,,
49_gen,-1.3951046,-1.4067616,-1.4168249,-1.4318444,-1.4421074,-1.4535711,-1.4603226,-1.474142,-1.4824336,-1.4926096,-1.5032814,-1.5147725,-1.5254248,-1.534865,-1.5448024,-1.5568151,-1.5667608,-1.5732923,-1.5839417,-1.5947691,-1.602141,-1.6142946,-1.6243763,-1.6310011,-1.6403663,-1.6486038,-1.6606001,-1.6733634,-1.6812578,-1.6916437,-1.7031224,-1.710879,-1.7210951,-1.730966,-1.7415097,-1.7523963,-1.7624922,-1.7743816,-1.7873983,-1.7970695,-1.8049891,-1.817818,-1.8277076,-1.8395069,-1.8481944,-1.8597372,-1.8676355,-1.8795792,-1.8921064,-1.9037946,-1.9150423,-1.9239165,-1.9322027,-1.9415938,-1.951223,-1.9653323,-1.9761436,-1.98524,-1.9955982,-2.0067453,-2.0162063,-2.0249267,-2.0356257,-2.045505,-2.0571923,-2.0676608,-2.0799177,-2.0891852,-2.1007762,-2.109404
50_real,-0.6607397,,,,,,-0.8845761,,,,,,,,,,,,,,,,,,,,,,,,,,,,,,,,,,,,,,,,,,,,,,,,,,,,,,,,,,,,,,,
50_gen,-0.6607398,-0.6773649,-0.69085264,-0.7055925,-0.7187788,-0.7300959,-0.744562,-0.7548147,-0.7625302,-0.77408844,-0.788105,-0.80035514,-0.8107606,-0.81816924,-0.82656634,-0.83924377,-0.84974766,-0.86185855,-0.87467086,-0.88671416,-0.89771986,-0.9082888,-0.920483,-0.9314119,-0.9422739,-0.95018214,-0.9598981,-0.9716959,-0.9827862,-0.99664116,-1.0091759,-1.0197095,-1.0299077,-1.0393362,-1.0548763,-1.0643823,-1.0730685,-1.0840752,-1.0941161,-1.1018001,-1.1122367,-1.1212723,-1.1327482,-1.1459682,-1.1544675,-1.1617727,-1.1735,-1.1854347,-1.1971304,-1.2075838,-1.2165354,-1.2269852,-1.2335956,-1.2451575,-1.2515001,-1.2591207,-1.2678436,-1.2781646,-1.2910798,-1.3016897,-1.3150475,-1.3278248,-1.3387719,-1.3477155,-1.355571,-1.3687308,-1.3777609,-1.3867933,-1.3961935,-1.4097005
51_real,-0.23642184,,,,,,-0.35772884,,,,,,,,,,,,,,,,,,,,,,,,,,,,,,,,,,,,,,,,,,,,,,,,,,,,,,,,,,,,,,,
51_gen,-0.23642185,-0.24402454,-0.25114286,-0.2550477,-0.2635046,-0.27313676,-0.2783366,-0.28728646,-0.29428992,-0.300376,-0.30728355,-0.31501764,-0.32017154,-0.32397228,-0.33077487,-0.33326426,-0.34035107,-0.34554085,-0.3506225,-0.35737404,-0.36267,-0.36677435,-0.37409014,-0.38178334,-0.38626856,-0.39401168,-0.40119553,-0.405023,-0.41288275,-0.42039984,-0.42580542,-0.4311444,-0.43732214,-0.4418698,-0.445553,-0.45138174,-0.45736656,-0.46504584,-0.47480416,-0.48184624,-0.49040657,-0.49886888,-0.5021206,-0.51121557,-0.51837456,-0.52487975,-0.5328664,-0.53634197,-0.54747283,-0.55415237,-0.5610329,-0.5688824,-0.57529557,-0.58131355,-0.5886605,-0.5965606,-0.60145813,-0.6117066,-0.61960113,-0.625069,-0.63158596,-0.63569206,-0.64234483,-0.64703906,-0.6531639,-0.65993834,-0.66605437,-0.6740997,-0.682878,-0.6895933
52_real,-0.1397951,,,,,,-0.47445557,,,,,,,,,,,,,,,,,,,,,,,,,,,,,,,,,,,,,,,,,,,,,,,,,,,,,,,,,,,,,,,
52_gen,-0.13979508,-0.14551617,-0.15009856,-0.1571776,-0.16107947,-0.1636971,-0.16981399,-0.1764087,-0.18198243,-0.18711783,-0.19318847,-0.19961977,-0.20529966,-0.21418984,-0.22080477,-0.22419877,-0.23115444,-0.23489158,-0.23874998,-0.24561536,-0.24888346,-0.25527385,-0.26103288,-0.2655848,-0.26984143,-0.27464446,-0.27961713,-0.2823461,-0.28595278,-0.29277346,-0.29969335,-0.30829668,-0.31258816,-0.31466857,-0.32071823,-0.32496855,-0.33139968,-0.3373717,-0.34158954,-0.34506446,-0.3537152,-0.35885805,-0.36132795,-0.36641717,-0.372359,-0.37774,-0.38001215,-0.38532084,-0.38910124,-0.39354205,-0.39868993,-0.40513515,-0.41245374,-0.41814336,-0.4211535,-0.42775393,-0.43413624,-0.43998575,-0.44483048,-0.44816604,-0.45452985,-0.45901933,-0.46477747,-0.4728418,-0.4794395,-0.48389798,-0.49173298,-0.4955369,-0.49629655,-0.5004533
53_real,-1.6893406,,,,,,-1.7277629,,,,,,,,,,,,,,,,,,,,,,,,,,,,,,,,,,,,,,,,,,,,,,,,,,,,,,,,,,,,,,,
53_gen,-1.6893406,-1.6994145,-1.7045329,-1.7153572,-1.7249798,-1.7366571,-1.746768,-1.7595861,-1.7686603,-1.7764114,-1.7865772,-1.7942852,-1.8045632,-1.814797,-1.8216842,-1.8306061,-1.8449488,-1.8590286,-1.8692677,-1.8830633,-1.8941615,-1.9047922,-1.9147186,-1.9266676,-1.9396337,-1.9490055,-1.9644136,-1.9764557,-1.9880202,-1.9957998,-2.007049,-2.0140333,-2.0246024,-2.0334754,-2.0480962,-2.055751,-2.0636096,-2.0695662,-2.0784442,-2.0885117,-2.1000543,-2.1115336,-2.1203504,-2.1302876,-2.1372852,-2.1484444,-2.1583877,-2.1707983,-2.177029,-2.1869152,-2.1922004,-2.2029681,-2.2101784,-2.2110882,-2.2221017,-2.226184,-2.2403455,-2.2509604,-2.2603145,-2.2673733,-2.276219,-2.2873938,-2.2963655,-2.3076327,-2.3166084,-2.3287425,-2.3384442,-2.3474371,-2.3534248,-2.3644285
54_real,0.02588036,,,,,,-0.38584208,,,,,,,,,,,,,,,,,,,,,,,,,,,,,,,,,,,,,,,,,,,,,,,,,,,,,,,,,,,,,,,
54_gen,0.025880363,0.013622887,0.007537777,-0.000674622,-0.00908458,-0.019026874,-0.031090781,-0.040690638,-0.054113973,-0.05903486,-0.0661702,-0.0752437,-0.084749356,-0.098021254,-0.10682492,-0.12162919,-0.13272066,-0.13714886,-0.14603987,-0.15458697,-0.16219936,-0.17331906,-0.17890915,-0.18975139,-0.19966252,-0.21063092,-0.22513497,-0.23118249,-0.23843828,-0.24571714,-0.25347042,-0.26343927,-0.26907554,-0.27470198,-0.28472805,-0.2869597,-0.29343575,-0.3007137,-0.30814937,-0.31531543,-0.3256097,-0.33214402,-0.34183845,-0.3543573,-0.36254254,-0.37227768,-0.3809174,-0.38747928,-0.39941698,-0.407957,-0.41822308,-0.42630363,-0.43300828,-0.44519323,-0.4631249,-0.47412378,-0.48516527,-0.4872178,-0.49502665,-0.4992403,-0.50818866,-0.52099454,-0.5361242,-0.5425085,-0.5472744,-0.5568244,-0.56543845,-0.5740823,-0.5765431,-0.59213096
55_real,-1.6367351,,,,,,-1.8423465,,,,,,,,,,,,,,,,,,,,,,,,,,,,,,,,,,,,,,,,,,,,,,,,,,,,,,,,,,,,,,,
55_gen,-1.6367352,-1.6421331,-1.646875,-1.6517916,-1.6559019,-1.6589903,-1.6627858,-1.6675873,-1.6714563,-1.6732614,-1.6762772,-1.679698,-1.6837444,-1.6864159,-1.6910436,-1.695068,-1.6987689,-1.7028555,-1.7055448,-1.7082875,-1.7095578,-1.7129377,-1.715484,-1.7187274,-1.7216288,-1.7227013,-1.726742,-1.7288759,-1.732371,-1.7344348,-1.739929,-1.7430618,-1.7454414,-1.7503217,-1.7536535,-1.7563902,-1.7581761,-1.7630863,-1.7658058,-1.7684374,-1.7713234,-1.7754939,-1.7791567,-1.7826374,-1.7860568,-1.7896248,-1.7948078,-1.7985945,-1.8011726,-1.8036916,-1.8075409,-1.810495,-1.8117626,-1.8160652,-1.8198767,-1.8245646,-1.8272899,-1.8293899,-1.8322941,-1.8352652,-1.8377159,-1.8428656,-1.8463415,-1.8480943,-1.8531065,-1.8571419,-1.8612194,-1.8651402,-1.8681997,-1.8703018
56_real,0.17241283,,,,,,-0.04105289,,,,,,,,,,,,,,,,,,,,,,,,,,,,,,,,,,,,,,,,,,,,,,,,,,,,,,,,,,,,,,,
56_gen,0.17241284,0.1654906,0.16118878,0.15510944,0.152781,0.14951588,0.14504603,0.14159498,0.14040129,0.1382204,0.13438743,0.1327183,0.12868114,0.12619859,0.12290648,0.12170557,0.118654296,0.11694527,0.113713324,0.109015904,0.107288755,0.104381606,0.100584604,0.09816549,0.09756029,0.094106756,0.09364509,0.090954244,0.08978148,0.08849661,0.08655324,0.0826323,0.08243537,0.081755064,0.07903604,0.07497916,0.07200453,0.06872587,0.0648221,0.06257907,0.059998788,0.057774015,0.05579728,0.05275906,0.048075408,0.043512482,0.040129624,0.040141277,0.03775125,0.034250937,0.03363149,0.033114158,0.033124663,0.029419025,0.026275521,0.02324795,0.020607729,0.018192979,0.01649099,0.015297733,0.016279265,0.015855633,0.013385114,0.009924338,0.009044577,0.008979218,0.006394977,0.0056248154,0.0035801001,-0.00024219276
57_real,-0.21533315,,,,,,-0.3213392,,,,,,,,,,,,,,,,,,,,,,,,,,,,,,,,,,,,,,,,,,,,,,,,,,,,,,,,,,,,,,,
57_gen,-0.21533313,-0.22462878,-0.23331526,-0.2437532,-0.2536885,-0.26534837,-0.27435288,-0.28068504,-0.28847167,-0.293081,-0.3012366,-0.3115064,-0.3203159,-0.32816887,-0.33571053,-0.34251484,-0.34618375,-0.35215142,-0.3604761,-0.36854845,-0.3777184,-0.38589805,-0.39514545,-0.40214673,-0.4074998,-0.41517553,-0.42370558,-0.42874783,-0.4367861,-0.44768086,-0.45510024,-0.46421972,-0.47680968,-0.48480073,-0.49166697,-0.50261605,-0.51393276,-0.5219158,-0.53085643,-0.5448228,-0.5526492,-0.56171536,-0.56798345,-0.5768794,-0.58378303,-0.5952297,-0.6027495,-0.60760206,-0.6167738,-0.62305987,-0.63274705,-0.64435196,-0.6546006,-0.6627985,-0.67185664,-0.682994,-0.6905945,-0.6967975,-0.7037791,-0.7126168,-0.72256005,-0.7328244,-0.7429109,-0.7547308,-0.7666736,-0.77707267,-0.7870519,-0.7961545,-0.80802184,-0.8152563
58_real,-0.5070852,,,,,,-0.6496084,,,,,,,,,,,,,,,,,,,,,,,,,,,,,,,,,,,,,,,,,,,,,,,,,,,,,,,,,,,,,,,
58_gen,-0.50708526,-0.5184005,-0.5291405,-0.5416275,-0.55343616,-0.5598911,-0.56977844,-0.58027637,-0.5898932,-0.6008177,-0.608611,-0.61583966,-0.62807095,-0.6329742,-0.64323187,-0.64911,-0.6617938,-0.672951,-0.6776582,-0.6872889,-0.6899826,-0.700137,-0.7090823,-0.71272975,-0.7199374,-0.72961485,-0.73622,-0.74504054,-0.75069034,-0.76007104,-0.77043235,-0.78150094,-0.7889566,-0.79633886,-0.807593,-0.81554633,-0.82754135,-0.8395823,-0.850887,-0.86250496,-0.8716459,-0.8803158,-0.8876859,-0.89940435,-0.9060273,-0.9200899,-0.9283439,-0.9360317,-0.941366,-0.94859886,-0.95830315,-0.9653923,-0.977273,-0.9867512,-0.9914826,-0.9975584,-1.0038223,-1.014752,-1.0228041,-1.0283389,-1.035217,-1.0437986,-1.0518533,-1.0664692,-1.0802224,-1.0884016,-1.095178,-1.1034367,-1.1135967,-1.1206663
59_real,-0.2520717,,,,,,-0.2835451,,,,,,,,,,,,,,,,,,,,,,,,,,,,,,,,,,,,,,,,,,,,,,,,,,,,,,,,,,,,,,,
59_gen,-0.25207168,-0.25410432,-0.26034763,-0.2661714,-0.26764122,-0.270714,-0.27362815,-0.27729982,-0.28075355,-0.28790897,-0.2926669,-0.29789838,-0.29924288,-0.3032422,-0.30538318,-0.30878213,-0.3100094,-0.3116867,-0.3137465,-0.31813732,-0.32316026,-0.32622427,-0.33134478,-0.33398867,-0.34199363,-0.34663668,-0.3525394,-0.3575728,-0.3597132,-0.3603769,-0.36627814,-0.3672279,-0.37231544,-0.37433127,-0.37666267,-0.38047507,-0.3843611,-0.38894123,-0.39550978,-0.40289316,-0.40821928,-0.4133102,-0.4143383,-0.41745386,-0.42147845,-0.4263587,-0.43129873,-0.43293658,-0.44021907,-0.44608012,-0.44933933,-0.45090622,-0.45257124,-0.45651644,-0.46329302,-0.46770325,-0.47318068,-0.47766858,-0.48012957,-0.48562828,-0.48709708,-0.49012995,-0.4953355,-0.5003048,-0.50480616,-0.5081016,-0.512736,-0.51531637,-0.5184045,-0.5221286
60_real,-0.32808688,,,,,,-0.5856951,,,,,,,,,,,,,,,,,,,,,,,,,,,,,,,,,,,,,,,,,,,,,,,,,,,,,,,,,,,,,,,
60_gen,-0.32808688,-0.32823676,-0.32981604,-0.33058658,-0.3331754,-0.33898908,-0.34245965,-0.34554285,-0.35069603,-0.35441422,-0.35733932,-0.3595761,-0.36339507,-0.36566895,-0.3691054,-0.37241346,-0.37444398,-0.37444627,-0.37936547,-0.38244572,-0.38535997,-0.38685635,-0.3896307,-0.39239293,-0.39392033,-0.39820498,-0.4013237,-0.40403995,-0.40690273,-0.41063562,-0.41181278,-0.4161908,-0.41969356,-0.42334923,-0.42855063,-0.43121767,-0.43575186,-0.43953976,-0.44086337,-0.4424916,-0.44335645,-0.44853202,-0.45079082,-0.45546046,-0.45813942,-0.4612102,-0.46262607,-0.46509638,-0.4685216,-0.4721562,-0.47488937,-0.47686118,-0.48007232,-0.48393315,-0.48435038,-0.48865372,-0.49146476,-0.49267405,-0.49640694,-0.49842572,-0.49862328,-0.5012033,-0.5053705,-0.50866973,-0.5128364,-0.51821595,-0.5211105,-0.52428114,-0.52724385,-0.5297754
61_real,-0.1010905,,,,,,-0.26488358,,,,,,,,,,,,,,,,,,,,,,,,,,,,,,,,,,,,,,,,,,,,,,,,,,,,,,,,,,,,,,,
61_gen,-0.101090506,-0.1127568,-0.118282214,-0.12562723,-0.13500217,-0.14131717,-0.15033461,-0.15720353,-0.16262436,-0.17013296,-0.17851478,-0.18773444,-0.19754843,-0.2052953,-0.21355328,-0.22156349,-0.2300854,-0.23635781,-0.24573943,-0.25639218,-0.26071244,-0.27025014,-0.27719396,-0.28794956,-0.29517668,-0.30184895,-0.31340283,-0.3169416,-0.3293541,-0.3374467,-0.34735334,-0.35227132,-0.3665082,-0.37758842,-0.38756186,-0.3955065,-0.40242538,-0.41527152,-0.4233417,-0.43315816,-0.44260174,-0.45123887,-0.45688286,-0.46483946,-0.47162563,-0.47709617,-0.48512483,-0.4923151,-0.5015859,-0.51427656,-0.52312386,-0.5307503,-0.54113346,-0.54706055,-0.5582391,-0.5652095,-0.57778263,-0.58782953,-0.5959807,-0.60892,-0.61957556,-0.62985206,-0.6390065,-0.6489014,-0.6605091,-0.6709252,-0.67821234,-0.6885147,-0.6981889,-0.7064961
62_real,0.04700308,,,,,,-0.38161385,,,,,,,,,,,,,,,,,,,,,,,,,,,,,,,,,,,,,,,,,,,,,,,,,,,,,,,,,,,,,,,
62_gen,0.047003083,0.035273626,0.026191011,0.018601526,0.009926416,0.00032254244,-0.0088824155,-0.018518291,-0.027045066,-0.034340132,-0.043273035,-0.052339036,-0.056966282,-0.064630106,-0.07185648,-0.079545915,-0.09266984,-0.10321058,-0.10993948,-0.12356601,-0.13421035,-0.14099061,-0.14922772,-0.15673116,-0.16099136,-0.17186664,-0.17715988,-0.18822059,-0.1963179,-0.20740208,-0.2158679,-0.22270021,-0.23432556,-0.2392008,-0.25025567,-0.2579087,-0.2653966,-0.2748105,-0.28366786,-0.2925703,-0.30378276,-0.31495073,-0.3216492,-0.33189905,-0.345298,-0.35414943,-0.3634567,-0.37518105,-0.38373655,-0.3935315,-0.40073258,-0.41147804,-0.4191218,-0.42796174,-0.4368082,-0.44731712,-0.45927805,-0.46984035,-0.48228997,-0.48970684,-0.5019574,-0.5081704,-0.51720816,-0.53144115,-0.5386236,-0.5512074,-0.56258446,-0.57722044,-0.5867394,-0.5938603
63_real,-2.3251157,,,,,,-2.2389703,,,,,,,,,,,,,,,,,,,,,,,,,,,,,,,,,,,,,,,,,,,,,,,,,,,,,,,,,,,,,,,
63_gen,-2.3251154,-2.3385072,-2.3489685,-2.3615842,-2.3758333,-2.385685,-2.3927236,-2.4058042,-2.4160876,-2.4250703,-2.434618,-2.4427598,-2.455791,-2.465777,-2.4756057,-2.4843073,-2.4932265,-2.5008824,-2.5145257,-2.5257914,-2.534165,-2.5444374,-2.5531697,-2.5609238,-2.5724044,-2.5783334,-2.589986,-2.5997214,-2.608727,-2.6180112,-2.629521,-2.6383824,-2.6443923,-2.65352,-2.6629567,-2.6731148,-2.6781774,-2.6914852,-2.7006805,-2.7099822,-2.7193954,-2.7274919,-2.7360306,-2.746511,-2.7534418,-2.762113,-2.7713532,-2.7807314,-2.7900226,-2.7995942,-2.8103154,-2.819721,-2.8296432,-2.8380995,-2.8501298,-2.860408,-2.8681781,-2.8781734,-2.8881028,-2.8976145,-2.9046874,-2.9148371,-2.9238656,-2.9348764,-2.9449458,-2.9553285,-2.966275,-2.9754627,-2.9850035,-2.992879
64_real,-1.3648033,,,,,,-1.4421957,,,,,,,,,,,,,,,,,,,,,,,,,,,,,,,,,,,,,,,,,,,,,,,,,,,,,,,,,,,,,,,
64_gen,-1.3648033,-1.3779107,-1.3888352,-1.4006236,-1.4164956,-1.4276665,-1.4378002,-1.4510186,-1.4609544,-1.4702839,-1.482563,-1.4946738,-1.5046473,-1.5158281,-1.5238189,-1.5345408,-1.5460978,-1.5570621,-1.5689521,-1.5811143,-1.5907232,-1.6004215,-1.6126654,-1.6232494,-1.6317232,-1.6418476,-1.6501528,-1.6610632,-1.6714131,-1.6829351,-1.6937487,-1.7054495,-1.7171257,-1.7271124,-1.7363344,-1.7470543,-1.7572334,-1.7660673,-1.774939,-1.7853014,-1.7920192,-1.8046669,-1.8156347,-1.8241266,-1.8347206,-1.8440119,-1.855859,-1.8632733,-1.8744338,-1.8852587,-1.8952599,-1.9063619,-1.915459,-1.9260712,-1.9370091,-1.9507458,-1.959533,-1.9659122,-1.9737822,-1.9812775,-1.9915069,-2.0014577,-2.0121534,-2.0205894,-2.0311599,-2.0421968,-2.0514445,-2.059465,-2.0705829,-2.0821338
65_real,-1.0375637,,,,,,-1.4570851,,,,,,,,,,,,,,,,,,,,,,,,,,,,,,,,,,,,,,,,,,,,,,,,,,,,,,,,,,,,,,,
65_gen,-1.0375636,-1.0477759,-1.0558369,-1.0640631,-1.0724986,-1.082647,-1.094025,-1.0997307,-1.1076542,-1.1144487,-1.1205437,-1.1261699,-1.1339322,-1.1410236,-1.1502411,-1.159004,-1.163168,-1.1672474,-1.1747723,-1.185848,-1.1941117,-1.2009752,-1.2053375,-1.2117678,-1.2162554,-1.2243091,-1.232199,-1.2404838,-1.2502028,-1.2567648,-1.2622111,-1.2678921,-1.2745945,-1.2822698,-1.289089,-1.2955095,-1.3033612,-1.309806,-1.3168061,-1.3227971,-1.3304279,-1.3371619,-1.3467836,-1.3510671,-1.3589925,-1.3676888,-1.3728644,-1.3807685,-1.3859098,-1.3922269,-1.3970524,-1.4043274,-1.4106712,-1.4185019,-1.4256909,-1.4327018,-1.4397467,-1.4474888,-1.4537141,-1.4605854,-1.4678643,-1.4763002,-1.4853091,-1.4937264,-1.4999838,-1.5077914,-1.5126394,-1.5186929,-1.5228034,-1.527296
66_real,-0.3363404,,,,,,-0.6058401,,,,,,,,,,,,,,,,,,,,,,,,,,,,,,,,,,,,,,,,,,,,,,,,,,,,,,,,,,,,,,,
66_gen,-0.3363404,-0.34744018,-0.35893792,-0.37281322,-0.38213754,-0.39394325,-0.40317756,-0.40894884,-0.4168033,-0.42629433,-0.4350478,-0.4475955,-0.45654374,-0.46294752,-0.47180948,-0.48209852,-0.4893848,-0.49713984,-0.5078281,-0.5148455,-0.52255344,-0.53491914,-0.54306686,-0.5495036,-0.557761,-0.55994964,-0.56983507,-0.5779072,-0.5874923,-0.59340394,-0.59885967,-0.60876817,-0.6160246,-0.6230516,-0.6341862,-0.6414278,-0.6471049,-0.654134,-0.66245145,-0.6721166,-0.6816309,-0.6897075,-0.6993114,-0.70975274,-0.72318393,-0.7307155,-0.737229,-0.74796826,-0.75612605,-0.7665861,-0.77845955,-0.7858621,-0.7944547,-0.80267143,-0.81155187,-0.8220211,-0.8309494,-0.84182835,-0.8496439,-0.85774773,-0.8639925,-0.8714237,-0.87856674,-0.8861996,-0.8946694,-0.9010377,-0.9106595,-0.9188306,-0.9268986,-0.9361936
67_real,-0.57123953,,,,,,-0.6818336,,,,,,,,,,,,,,,,,,,,,,,,,,,,,,,,,,,,,,,,,,,,,,,,,,,,,,,,,,,,,,,
67_gen,-0.57123953,-0.5762507,-0.58229357,-0.5884695,-0.5951669,-0.606808,-0.61492336,-0.62446165,-0.62898237,-0.6366073,-0.64850634,-0.6548266,-0.6640111,-0.6725858,-0.68249476,-0.68889534,-0.6952363,-0.70079386,-0.7091576,-0.7202739,-0.72520673,-0.7323009,-0.7409848,-0.7486335,-0.75825864,-0.7638957,-0.7693132,-0.7769818,-0.7860392,-0.7936881,-0.80021554,-0.8084472,-0.8178421,-0.8268199,-0.83474433,-0.84135425,-0.84860706,-0.8544418,-0.8607565,-0.870876,-0.87804997,-0.88511145,-0.89318466,-0.9037239,-0.91337776,-0.9173896,-0.92521703,-0.93308485,-0.94302195,-0.9532738,-0.96307164,-0.97163486,-0.97865266,-0.9873697,-0.99389535,-1.0047083,-1.0168635,-1.0239489,-1.0320818,-1.0414399,-1.0508114,-1.0566818,-1.0664333,-1.073356,-1.0841501,-1.0957019,-1.1063757,-1.1171882,-1.1261797,-1.1354557
68_real,-0.9127391,,,,,,-0.9721665,,,,,,,,,,,,,,,,,,,,,,,,,,,,,,,,,,,,,,,,,,,,,,,,,,,,,,,,,,,,,,,
68_gen,-0.9127391,-0.9246807,-0.931911,-0.9367992,-0.94693506,-0.9554962,-0.9675233,-0.97587824,-0.9827067,-0.9911138,-0.997025,-1.0047854,-1.012615,-1.0181698,-1.0242071,-1.0289919,-1.0343994,-1.044587,-1.0525194,-1.0591682,-1.0704497,-1.0798193,-1.0860642,-1.0939062,-1.1018975,-1.1106583,-1.1190431,-1.124012,-1.129132,-1.1331351,-1.1397585,-1.1447324,-1.1508582,-1.1592059,-1.1675584,-1.1705539,-1.1801807,-1.1889081,-1.1965512,-1.2024851,-1.2095693,-1.2190433,-1.2255051,-1.2342352,-1.2414649,-1.2494795,-1.26017,-1.2664101,-1.2747052,-1.2824106,-1.2893918,-1.299245,-1.310615,-1.3184841,-1.3275856,-1.336024,-1.3429687,-1.3507774,-1.3585187,-1.3629847,-1.3720229,-1.3789893,-1.3858892,-1.394978,-1.4039646,-1.4127941,-1.4200536,-1.4268004,-1.4358221,-1.4421337
69_real,-0.966089,,,,,,-1.0714396,,,,,,,,,,,,,,,,,,,,,,,,,,,,,,,,,,,,,,,,,,,,,,,,,,,,,,,,,,,,,,,
69_gen,-0.9660891,-0.97424066,-0.9832922,-0.99167335,-1.0022154,-1.0077302,-1.0177463,-1.0253137,-1.0293062,-1.037289,-1.0448949,-1.0544195,-1.057226,-1.0664936,-1.0791972,-1.0849643,-1.0926651,-1.0971553,-1.1067734,-1.112243,-1.1153915,-1.1225574,-1.128413,-1.1352974,-1.1418445,-1.1484472,-1.1552109,-1.1616546,-1.1693918,-1.173741,-1.1812761,-1.1861036,-1.1929938,-1.2019144,-1.2089694,-1.2167441,-1.2223331,-1.2277831,-1.2349457,-1.2435538,-1.2515905,-1.2591726,-1.2687404,-1.2775704,-1.2797897,-1.2877251,-1.2933095,-1.3017644,-1.308635,-1.3155867,-1.3219297,-1.3275363,-1.3381326,-1.3461221,-1.3526464,-1.3580059,-1.3678955,-1.3748666,-1.3818996,-1.3900177,-1.3955731,-1.403786,-1.4125048,-1.4181764,-1.4259936,-1.4371655,-1.4458036,-1.4520223,-1.4627497,-1.4716367
70_real,-0.00190172,,,,,,-0.27116278,,,,,,,,,,,,,,,,,,,,,,,,,,,,,,,,,,,,,,,,,,,,,,,,,,,,,,,,,,,,,,,
70_gen,-0.00190172,-0.011831473,-0.02353316,-0.02711762,-0.03165736,-0.037732907,-0.044985898,-0.053811003,-0.05877472,-0.06635044,-0.068054594,-0.074075066,-0.079337634,-0.083966516,-0.088773906,-0.095377326,-0.098443605,-0.10615264,-0.11128131,-0.11812453,-0.123565055,-0.13044351,-0.13277325,-0.14024462,-0.1465088,-0.15116063,-0.16123332,-0.16805074,-0.17255479,-0.1805342,-0.1856231,-0.19324285,-0.19861296,-0.20595367,-0.21079092,-0.21683283,-0.22029229,-0.22870417,-0.23285551,-0.23557624,-0.24217868,-0.244788,-0.24956462,-0.25156364,-0.2552758,-0.25818345,-0.26233968,-0.26581904,-0.2717041,-0.27690655,-0.27934527,-0.28775603,-0.2938559,-0.2946506,-0.30001488,-0.30786797,-0.31185004,-0.3177136,-0.3264469,-0.33407152,-0.3385386,-0.34056324,-0.34297448,-0.34492415,-0.34708962,-0.34854525,-0.35246855,-0.3565376,-0.36256266,-0.36508358
71_real,-0.50562865,,,,,,-0.8089855,,,,,,,,,,,,,,,,,,,,,,,,,,,,,,,,,,,,,,,,,,,,,,,,,,,,,,,,,,,,,,,
71_gen,-0.50562865,-0.5111011,-0.5130273,-0.5203127,-0.52363473,-0.52519894,-0.52649754,-0.5317077,-0.5323352,-0.5364935,-0.5406309,-0.5416105,-0.5465009,-0.5493985,-0.5547058,-0.55603564,-0.5547837,-0.5642401,-0.5736311,-0.5766744,-0.5826821,-0.5883259,-0.59090936,-0.5957367,-0.59651387,-0.600979,-0.6084049,-0.61371416,-0.6218461,-0.6244197,-0.6305882,-0.6317832,-0.633006,-0.63988674,-0.64433134,-0.65566045,-0.6601417,-0.66197467,-0.66640335,-0.6720721,-0.6797033,-0.6813885,-0.6898993,-0.69426304,-0.7002448,-0.7019058,-0.7044858,-0.70693415,-0.71305597,-0.7199486,-0.72172374,-0.72791326,-0.7298241,-0.73033637,-0.7339981,-0.7408719,-0.73873484,-0.7397915,-0.7451459,-0.7503278,-0.7555222,-0.7594526,-0.7612678,-0.76772416,-0.7717278,-0.7713717,-0.77681494,-0.7786582,-0.7830801,-0.78826606
72_real,-0.693296,,,,,,-0.86806834,,,,,,,,,,,,,,,,,,,,,,,,,,,,,,,,,,,,,,,,,,,,,,,,,,,,,,,,,,,,,,,
72_gen,-0.693296,-0.7022018,-0.71309674,-0.7217783,-0.7265686,-0.7342845,-0.7397975,-0.74464446,-0.7524573,-0.76046574,-0.7672778,-0.77236193,-0.78158015,-0.7826929,-0.7880194,-0.79399765,-0.79726726,-0.79847735,-0.80384016,-0.8061331,-0.81283104,-0.81680644,-0.8260981,-0.82885057,-0.83219224,-0.8371447,-0.8467461,-0.8540796,-0.86157477,-0.8689167,-0.8754956,-0.87756854,-0.8841656,-0.892406,-0.8972508,-0.9017655,-0.90717393,-0.9130322,-0.91706765,-0.92388546,-0.93391436,-0.94114864,-0.949968,-0.9555893,-0.9597977,-0.971858,-0.9771246,-0.979658,-0.98731357,-0.9876259,-0.9936905,-0.99496806,-1.0039189,-1.0096632,-1.0124279,-1.0185448,-1.0257853,-1.0282835,-1.032444,-1.0361959,-1.0400149,-1.0472606,-1.0534625,-1.0615479,-1.0664877,-1.0726773,-1.0807592,-1.0851815,-1.0892193,-1.0916069
73_real,-0.8355954,,,,,,-1.1511585,,,,,,,,,,,,,,,,,,,,,,,,,,,,,,,,,,,,,,,,,,,,,,,,,,,,,,,,,,,,,,,
73_gen,-0.8355955,-0.84110785,-0.8473608,-0.85452956,-0.85921353,-0.8672784,-0.8756906,-0.88248694,-0.8897519,-0.90095174,-0.909078,-0.91441286,-0.9248458,-0.93546027,-0.9438623,-0.9501934,-0.96199924,-0.97539294,-0.9785579,-0.9886082,-1.0000079,-1.0043076,-1.011008,-1.0223285,-1.0337043,-1.0414239,-1.048398,-1.0540814,-1.0624187,-1.0709947,-1.0839168,-1.0916102,-1.1043621,-1.112379,-1.1234922,-1.1263397,-1.1308234,-1.139129,-1.1486785,-1.1573731,-1.1659527,-1.1745447,-1.1830332,-1.1943916,-1.2009118,-1.2101009,-1.2172858,-1.2305819,-1.2406176,-1.2557812,-1.2590889,-1.2691534,-1.2761385,-1.2843316,-1.2922571,-1.2985958,-1.3080785,-1.3204901,-1.3313872,-1.3416274,-1.3520814,-1.3607172,-1.3707976,-1.3791384,-1.3898431,-1.4015087,-1.4132702,-1.4235636,-1.4376926,-1.4472635
74_real,-0.21064463,,,,,,-0.6079959,,,,,,,,,,,,,,,,,,,,,,,,,,,,,,,,,,,,,,,,,,,,,,,,,,,,,,,,,,,,,,,
74_gen,-0.21064463,-0.21575367,-0.2252585,-0.23853771,-0.24621037,-0.25519854,-0.26589075,-0.27347225,-0.28315765,-0.29249582,-0.30153468,-0.30692035,-0.31666556,-0.3252739,-0.33137384,-0.3369388,-0.34330583,-0.35311562,-0.36602107,-0.37594086,-0.3862957,-0.3906229,-0.39971402,-0.4057837,-0.41570473,-0.42649198,-0.43477926,-0.44729266,-0.4578701,-0.46772918,-0.47200546,-0.4857108,-0.49310923,-0.4991722,-0.50652516,-0.5143684,-0.52517706,-0.5336516,-0.5412912,-0.55207515,-0.5601994,-0.5685538,-0.5752606,-0.5856617,-0.58951056,-0.595398,-0.6007415,-0.6135661,-0.62625974,-0.63602227,-0.64601946,-0.65118325,-0.66126037,-0.66828406,-0.68196535,-0.6952709,-0.705057,-0.7199229,-0.7268389,-0.74386823,-0.7524327,-0.7611526,-0.77070504,-0.7811539,-0.79282796,-0.80033,-0.81133765,-0.8236619,-0.8310256,-0.8396228
75_real,-0.50525737,,,,,,-0.72009605,,,,,,,,,,,,,,,,,,,,,,,,,,,,,,,,,,,,,,,,,,,,,,,,,,,,,,,,,,,,,,,
75_gen,-0.5052574,-0.5092324,-0.513024,-0.51954585,-0.5223324,-0.5255426,-0.52932036,-0.5356263,-0.53727704,-0.542734,-0.5465275,-0.5522976,-0.5525137,-0.55645704,-0.5586429,-0.561594,-0.56630063,-0.5668753,-0.5691177,-0.5725168,-0.57588387,-0.57963717,-0.58075565,-0.5856192,-0.5870417,-0.5890723,-0.59291977,-0.5963684,-0.59772044,-0.60194623,-0.6057755,-0.6112019,-0.6139496,-0.6176714,-0.62041694,-0.62194055,-0.6246809,-0.62880784,-0.632259,-0.63708156,-0.64082444,-0.64559764,-0.650605,-0.65216655,-0.6542353,-0.65637773,-0.65789783,-0.6613676,-0.6633774,-0.6661202,-0.6690492,-0.67198026,-0.67387736,-0.6757332,-0.675077,-0.68124944,-0.68142676,-0.6825599,-0.68522274,-0.6888521,-0.69331205,-0.7005162,-0.7033021,-0.7089652,-0.7111794,-0.71316284,-0.7152889,-0.7205974,-0.7232348,-0.72818613
76_real,-0.21049438,,,,,,-0.53434837,,,,,,,,,,,,,,,,,,,,,,,,,,,,,,,,,,,,,,,,,,,,,,,,,,,,,,,,,,,,,,,
76_gen,-0.21049437,-0.21960005,-0.22688016,-0.23445031,-0.24108657,-0.24458334,-0.25053716,-0.25622517,-0.262081,-0.26510486,-0.268968,-0.27076724,-0.27818528,-0.28106037,-0.28265044,-0.28806716,-0.29199222,-0.2971412,-0.29950956,-0.30434805,-0.30940816,-0.31537622,-0.32076782,-0.32446522,-0.32751164,-0.32957274,-0.33045277,-0.33268923,-0.33662295,-0.341819,-0.34398288,-0.34854302,-0.35216445,-0.3567788,-0.3589899,-0.3642593,-0.36930782,-0.3715869,-0.37592486,-0.37802285,-0.3830348,-0.385777,-0.39009732,-0.39536744,-0.3990731,-0.40045184,-0.40750033,-0.41204348,-0.41773963,-0.42019373,-0.42748046,-0.43025357,-0.43594056,-0.4374846,-0.4428622,-0.4480719,-0.45166412,-0.4552508,-0.46004972,-0.4638194,-0.46603423,-0.4723428,-0.47619376,-0.4819975,-0.4838106,-0.48737162,-0.49064007,-0.49504346,-0.5017458,-0.50565636
77_real,0.31389448,,,,,,-0.053764176,,,,,,,,,,,,,,,,,,,,,,,,,,,,,,,,,,,,,,,,,,,,,,,,,,,,,,,,,,,,,,,
77_gen,0.31389448,0.30846053,0.3015622,0.29670644,0.28951216,0.28172606,0.27452645,0.26847982,0.26033518,0.25703797,0.25173154,0.24959949,0.24413581,0.24139372,0.23354125,0.22748208,0.22189645,0.21733198,0.21108954,0.20589855,0.19804248,0.18860345,0.18332765,0.17738333,0.17236036,0.16756752,0.1610886,0.15466318,0.1474309,0.1414145,0.1376344,0.12899864,0.1224427,0.119373456,0.110670686,0.10372846,0.09978782,0.094420955,0.086750925,0.07993831,0.073143885,0.068739176,0.06661844,0.06289186,0.054384448,0.047509793,0.040979408,0.03279838,0.025613349,0.021078441,0.014415765,0.008890614,0.0066038184,0.0004589187,-0.0054808944,-0.010602489,-0.018792404,-0.02724171,-0.033270378,-0.042061195,-0.04871612,-0.054693602,-0.0615535,-0.069424294,-0.07467757,-0.08014829,-0.08632255,-0.0920694,-0.09816584,-0.10504494
78_real,-0.46203843,,,,,,-0.7140495,,,,,,,,,,,,,,,,,,,,,,,,,,,,,,,,,,,,,,,,,,,,,,,,,,,,,,,,,,,,,,,
78_gen,-0.46203846,-0.46900266,-0.47355843,-0.47800747,-0.48240867,-0.4877983,-0.49389142,-0.49762478,-0.50248504,-0.50672734,-0.50876653,-0.5158419,-0.51839256,-0.52343947,-0.5293692,-0.5362781,-0.5398958,-0.54361594,-0.5504209,-0.5551261,-0.55825984,-0.55960405,-0.56500167,-0.56895,-0.5728298,-0.5809696,-0.5853461,-0.59214014,-0.5969548,-0.6038552,-0.6065174,-0.6094466,-0.6116915,-0.61830467,-0.6241431,-0.6260375,-0.6313726,-0.63583523,-0.6405941,-0.64200574,-0.6471096,-0.65381366,-0.65749276,-0.6639042,-0.6694662,-0.675364,-0.680194,-0.6850463,-0.6873834,-0.6909021,-0.69404286,-0.6997956,-0.70629394,-0.71014756,-0.71440566,-0.71986735,-0.72496635,-0.72849816,-0.7326824,-0.7414211,-0.7457516,-0.7504312,-0.7559006,-0.7606258,-0.76643074,-0.771061,-0.77670753,-0.78183424,-0.7882869,-0.79662716
79_real,-0.71960294,,,,,,-0.8534537,,,,,,,,,,,,,,,,,,,,,,,,,,,,,,,,,,,,,,,,,,,,,,,,,,,,,,,,,,,,,,,
79_gen,-0.719603,-0.7269341,-0.7337195,-0.7391591,-0.745103,-0.750463,-0.7563934,-0.76151335,-0.7676035,-0.77493733,-0.7802547,-0.7863514,-0.7927186,-0.79929775,-0.80577344,-0.81221664,-0.8176382,-0.8230117,-0.82935745,-0.83499014,-0.8420226,-0.84654224,-0.8523218,-0.85930985,-0.86393607,-0.87045765,-0.8766527,-0.8825798,-0.8880766,-0.8952805,-0.90025103,-0.9047505,-0.9109227,-0.91702497,-0.92223245,-0.9268225,-0.9318889,-0.93677074,-0.94294274,-0.94970256,-0.9558722,-0.96291494,-0.96920145,-0.9757455,-0.98048437,-0.9868385,-0.99182737,-0.9970428,-1.0016365,-1.0061855,-1.0110435,-1.0160371,-1.0221475,-1.0271581,-1.0326805,-1.0382905,-1.0430689,-1.0491002,-1.0563486,-1.0612533,-1.0672646,-1.0732803,-1.0792516,-1.0862072,-1.0920967,-1.0981818,-1.1055768,-1.1109403,-1.1165037,-1.122064
80_real,-0.8732105,,,,,,-0.8732105,,,,,,,,,,,,,,,,,,,,,,,,,,,,,,,,,,,,,,,,,,,,,,,,,,,,,,,,,,,,,,,
80_gen,-0.87321055,-0.8776806,-0.8818175,-0.8863605,-0.88929576,-0.89268893,-0.89560664,-0.89950943,-0.90209615,-0.9044596,-0.9073876,-0.91042745,-0.91185266,-0.91456985,-0.91753757,-0.9193753,-0.92155236,-0.924415,-0.9262226,-0.928158,-0.9314928,-0.93568313,-0.9385476,-0.9416238,-0.94526017,-0.94842595,-0.9532145,-0.95534956,-0.95669776,-0.95957583,-0.9593102,-0.9604893,-0.9639226,-0.9681484,-0.96853447,-0.9702692,-0.9717339,-0.97436124,-0.97728837,-0.9786372,-0.9820073,-0.9839717,-0.98794,-0.9905883,-0.9935174,-0.99624425,-0.9987742,-1.0007274,-1.0030082,-1.0066801,-1.0091326,-1.0126679,-1.0143267,-1.0153172,-1.017446,-1.0184406,-1.0203693,-1.0237182,-1.0290921,-1.0316403,-1.0348133,-1.0369781,-1.040174,-1.0433114,-1.0460117,-1.0491942,-1.051863,-1.0552956,-1.0580399,-1.0606586
81_real,-1.2700614,,,,,,-1.5519195,,,,,,,,,,,,,,,,,,,,,,,,,,,,,,,,,,,,,,,,,,,,,,,,,,,,,,,,,,,,,,,
81_gen,-1.2700614,-1.2802702,-1.2899588,-1.3023117,-1.3155481,-1.3263474,-1.3357811,-1.3443129,-1.3531501,-1.3607275,-1.3708379,-1.380629,-1.3882029,-1.3978815,-1.4070094,-1.4129441,-1.4215753,-1.4292524,-1.4380748,-1.4478455,-1.4552459,-1.4624467,-1.4689262,-1.4781597,-1.4848096,-1.4916302,-1.5015756,-1.5104632,-1.5190083,-1.5278909,-1.538244,-1.5473417,-1.5549837,-1.5610797,-1.56854,-1.5778726,-1.5878074,-1.5940884,-1.6008409,-1.6083225,-1.6174304,-1.6250937,-1.6313013,-1.6401637,-1.645297,-1.6570985,-1.6654415,-1.6752567,-1.6841052,-1.6884874,-1.6993135,-1.7062538,-1.7155615,-1.7233366,-1.7336252,-1.7408565,-1.7484032,-1.7594538,-1.7681795,-1.7767532,-1.7858158,-1.7953222,-1.8022926,-1.8110539,-1.8186966,-1.8270239,-1.8350093,-1.8414701,-1.8498404,-1.8597047
82_real,-1.0994538,,,,,,-1.1560788,,,,,,,,,,,,,,,,,,,,,,,,,,,,,,,,,,,,,,,,,,,,,,,,,,,,,,,,,,,,,,,
82_gen,-1.0994538,-1.104922,-1.1118424,-1.1196585,-1.1250062,-1.1328993,-1.137933,-1.1448066,-1.1499051,-1.1566799,-1.1617603,-1.1690134,-1.1753561,-1.1820171,-1.1894166,-1.1951959,-1.2020308,-1.2056631,-1.2107408,-1.2172208,-1.2229601,-1.2306011,-1.2361726,-1.2404671,-1.2441561,-1.2479632,-1.2525947,-1.256977,-1.2622459,-1.26741,-1.2718554,-1.2772299,-1.2835528,-1.2858241,-1.2903517,-1.2952911,-1.3006413,-1.3057221,-1.3110797,-1.3134978,-1.3179815,-1.323602,-1.330056,-1.3341641,-1.3399774,-1.3452128,-1.3515158,-1.3557125,-1.3603573,-1.3659083,-1.372354,-1.3774464,-1.3819579,-1.3883278,-1.396219,-1.4006996,-1.406808,-1.4115918,-1.4177103,-1.4210774,-1.4248978,-1.4308876,-1.4356252,-1.4436886,-1.4477463,-1.454837,-1.4598284,-1.4649858,-1.4697729,-1.4750656
83_real,-1.2167357,,,,,,-1.2861259,,,,,,,,,,,,,,,,,,,,,,,,,,,,,,,,,,,,,,,,,,,,,,,,,,,,,,,,,,,,,,,
83_gen,-1.2167357,-1.2234557,-1.231765,-1.2389135,-1.2470447,-1.2539551,-1.2599571,-1.2665488,-1.2714012,-1.2782513,-1.2862395,-1.2925171,-1.2992784,-1.3063684,-1.3134978,-1.3213183,-1.3289754,-1.3355365,-1.3429954,-1.3493367,-1.3554516,-1.3628356,-1.3692409,-1.3744168,-1.3817894,-1.3886753,-1.3967159,-1.4023651,-1.4112189,-1.4204803,-1.4254019,-1.4327971,-1.4386902,-1.4470584,-1.4544817,-1.4605894,-1.4685744,-1.4758424,-1.4820919,-1.4887732,-1.4930991,-1.500072,-1.5078356,-1.5137916,-1.5224475,-1.5307083,-1.5374473,-1.54274,-1.5490654,-1.5558197,-1.5634831,-1.5696669,-1.5769817,-1.5827072,-1.5907214,-1.5972893,-1.6038704,-1.6101233,-1.6188793,-1.6267551,-1.63206,-1.6379244,-1.6431553,-1.6499491,-1.6573925,-1.6653118,-1.6719586,-1.6811314,-1.6879457,-1.6948669
84_real,-0.95795363,,,,,,-1.1855048,,,,,,,,,,,,,,,,,,,,,,,,,,,,,,,,,,,,,,,,,,,,,,,,,,,,,,,,,,,,,,,
84_gen,-0.9579536,-0.9698645,-0.9797614,-0.9896552,-1.0015252,-1.0115722,-1.0199912,-1.0250326,-1.0324409,-1.0422393,-1.0512898,-1.0588553,-1.0700823,-1.0763822,-1.0827318,-1.0910372,-1.1002659,-1.1100603,-1.1171696,-1.1265906,-1.1337445,-1.1416225,-1.1481087,-1.158412,-1.1680466,-1.1744288,-1.1839923,-1.1935531,-1.1998512,-1.206485,-1.2146178,-1.2207421,-1.2278665,-1.235883,-1.2441304,-1.251643,-1.2620214,-1.271795,-1.280113,-1.2867646,-1.2939379,-1.3013093,-1.3092169,-1.318341,-1.3254592,-1.3315624,-1.3387811,-1.348109,-1.3548561,-1.3638788,-1.3731225,-1.3806525,-1.388705,-1.3975118,-1.4044604,-1.412247,-1.4203528,-1.4251409,-1.4348999,-1.4408126,-1.4495794,-1.4543794,-1.4645791,-1.4749676,-1.4811562,-1.4874054,-1.4940693,-1.5001953,-1.5109736,-1.5197884
85_real,-0.23449579,,,,,,-0.29806125,,,,,,,,,,,,,,,,,,,,,,,,,,,,,,,,,,,,,,,,,,,,,,,,,,,,,,,,,,,,,,,
85_gen,-0.23449579,-0.24305984,-0.25065023,-0.2608171,-0.26782998,-0.27649784,-0.2846076,-0.29209626,-0.3024341,-0.31044227,-0.3167349,-0.32398266,-0.33214828,-0.34068677,-0.34611455,-0.3529703,-0.36009237,-0.3669206,-0.37396607,-0.38038617,-0.38693848,-0.39355725,-0.39983118,-0.40880623,-0.4165217,-0.4242278,-0.4310572,-0.43755633,-0.44333902,-0.44713593,-0.4575666,-0.46256667,-0.468754,-0.47503018,-0.48301512,-0.48975307,-0.49805802,-0.50256234,-0.5103649,-0.5155045,-0.5208805,-0.52784044,-0.53574514,-0.5415647,-0.5493004,-0.554729,-0.5638165,-0.56926644,-0.5743314,-0.579341,-0.5887271,-0.5930769,-0.59905404,-0.60649997,-0.61315954,-0.62078524,-0.62764174,-0.63677156,-0.64501333,-0.65315235,-0.659145,-0.66570175,-0.6738657,-0.68136346,-0.69120353,-0.6978467,-0.70629895,-0.7146665,-0.7229845,-0.7304999
86_real,-0.6079838,,,,,,-0.80358875,,,,,,,,,,,,,,,,,,,,,,,,,,,,,,,,,,,,,,,,,,,,,,,,,,,,,,,,,,,,,,,
86_gen,-0.60798377,-0.6170896,-0.62227505,-0.6294686,-0.637159,-0.646382,-0.65133846,-0.6577414,-0.6661867,-0.6754943,-0.6813533,-0.6881345,-0.69506514,-0.70021856,-0.706911,-0.71589434,-0.72321147,-0.7308183,-0.7372751,-0.7437922,-0.7510921,-0.75632775,-0.7653705,-0.7708796,-0.77676356,-0.7828848,-0.79130065,-0.797664,-0.80526316,-0.81111515,-0.81846464,-0.8251451,-0.8336609,-0.83823454,-0.84434354,-0.8475572,-0.853868,-0.8606123,-0.8644804,-0.87116116,-0.8792793,-0.88126755,-0.8881459,-0.8963758,-0.9047945,-0.9120863,-0.9181479,-0.9256872,-0.933329,-0.94268674,-0.9505684,-0.9574316,-0.9636377,-0.972006,-0.97824585,-0.9843646,-0.9920336,-0.9991933,-1.0063338,-1.0129483,-1.0209059,-1.0255816,-1.0342863,-1.0404342,-1.0461594,-1.0542663,-1.0618412,-1.0706294,-1.0768592,-1.0812695
87_real,-1.3660402,,,,,,-1.4378363,,,,,,,,,,,,,,,,,,,,,,,,,,,,,,,,,,,,,,,,,,,,,,,,,,,,,,,,,,,,,,,
87_gen,-1.3660402,-1.3749125,-1.3800193,-1.3846152,-1.3914654,-1.3967917,-1.4021713,-1.4121746,-1.4184055,-1.4240897,-1.4314315,-1.4393736,-1.4499907,-1.4548333,-1.4617685,-1.4654937,-1.4660542,-1.4702652,-1.4740067,-1.4788905,-1.4814192,-1.4905337,-1.4967015,-1.502327,-1.5055003,-1.5086071,-1.5165163,-1.5219835,-1.5289992,-1.535564,-1.5419327,-1.5484313,-1.5568287,-1.560412,-1.5693258,-1.5744661,-1.5799177,-1.586348,-1.5922861,-1.5958099,-1.6037518,-1.6083815,-1.6130583,-1.6192541,-1.6272917,-1.6358849,-1.6401014,-1.6478478,-1.64965,-1.6510737,-1.6578567,-1.6626259,-1.6660016,-1.6707191,-1.6775081,-1.684452,-1.6933018,-1.7000059,-1.7059345,-1.7105068,-1.7158499,-1.7220026,-1.7277027,-1.7336445,-1.7414271,-1.7475199,-1.7549522,-1.7611916,-1.7668219,-1.771792
88_real,-0.7179839,,,,,,-0.80662155,,,,,,,,,,,,,,,,,,,,,,,,,,,,,,,,,,,,,,,,,,,,,,,,,,,,,,,,,,,,,,,
88_gen,-0.71798384,-0.71897686,-0.7228857,-0.7278617,-0.7313239,-0.7418717,-0.7441626,-0.74932396,-0.75442874,-0.76002157,-0.7669639,-0.77018917,-0.77473676,-0.7790895,-0.7835279,-0.7884119,-0.7916254,-0.7965532,-0.8014178,-0.8051648,-0.809624,-0.8153677,-0.8171957,-0.82514125,-0.8284296,-0.83652604,-0.8411608,-0.8443362,-0.84814423,-0.8541253,-0.8558329,-0.8602705,-0.86211383,-0.8666192,-0.8714584,-0.87534505,-0.8773676,-0.88014996,-0.88443166,-0.88628167,-0.89342767,-0.90205353,-0.9047554,-0.90908515,-0.9105023,-0.9148871,-0.9194288,-0.92321044,-0.9274726,-0.9338912,-0.93806136,-0.942715,-0.9455978,-0.94923437,-0.95403606,-0.96047336,-0.9663086,-0.966654,-0.96751004,-0.97124165,-0.97412694,-0.97719365,-0.9826182,-0.9862507,-0.9897445,-0.9978565,-1.0044906,-1.0124338,-1.0153921,-1.019822
89_real,-0.37408414,,,,,,-0.56696296,,,,,,,,,,,,,,,,,,,,,,,,,,,,,,,,,,,,,,,,,,,,,,,,,,,,,,,,,,,,,,,
89_gen,-0.37408417,-0.3783944,-0.38454932,-0.39135736,-0.39193308,-0.3969474,-0.40236688,-0.4071434,-0.41067535,-0.41436547,-0.41862154,-0.4213552,-0.42420936,-0.4260717,-0.4288033,-0.4319408,-0.43572968,-0.44026837,-0.44459385,-0.4464573,-0.44950715,-0.45527816,-0.45769185,-0.46220595,-0.46797976,-0.4710473,-0.47275314,-0.47901693,-0.48129112,-0.48434216,-0.48960012,-0.49314746,-0.4956295,-0.49986464,-0.5033127,-0.5067638,-0.51210785,-0.514901,-0.5187164,-0.52076066,-0.52592754,-0.5319633,-0.5331599,-0.53543556,-0.5393789,-0.5430864,-0.5445341,-0.54657495,-0.54976094,-0.5528648,-0.5543438,-0.5583799,-0.56192577,-0.5651005,-0.56662023,-0.5697109,-0.5751622,-0.5772061,-0.58321404,-0.58475304,-0.5857984,-0.587129,-0.5909121,-0.59639233,-0.60095346,-0.60419935,-0.6044899,-0.60709953,-0.6087879,-0.609716
90_real,-0.63482594,,,,,,-0.86914074,,,,,,,,,,,,,,,,,,,,,,,,,,,,,,,,,,,,,,,,,,,,,,,,,,,,,,,,,,,,,,,
90_gen,-0.6348259,-0.6356426,-0.6392795,-0.6429538,-0.64615786,-0.6493502,-0.6535455,-0.65582335,-0.6623202,-0.6680607,-0.671789,-0.6739637,-0.67798626,-0.68111897,-0.68567103,-0.6895753,-0.69330704,-0.69385827,-0.700367,-0.70520556,-0.7047317,-0.7073411,-0.7078208,-0.70868284,-0.71088374,-0.71303,-0.71319616,-0.7164586,-0.7203598,-0.72522265,-0.7289479,-0.7324337,-0.7359166,-0.73812735,-0.74107486,-0.7445216,-0.7449488,-0.7457391,-0.7513845,-0.7553812,-0.75755674,-0.7584357,-0.76464546,-0.768723,-0.7713607,-0.77589977,-0.7790966,-0.78256655,-0.78545797,-0.78985447,-0.7963265,-0.7991734,-0.8008318,-0.8018258,-0.802636,-0.80373764,-0.8062825,-0.8077744,-0.812545,-0.8147645,-0.8185482,-0.82517326,-0.8307826,-0.8323391,-0.83404744,-0.83631945,-0.8384228,-0.84464705,-0.8481784,-0.85160273
91_real,-0.1714213,,,,,,-0.27002734,,,,,,,,,,,,,,,,,,,,,,,,,,,,,,,,,,,,,,,,,,,,,,,,,,,,,,,,,,,,,,,
91_gen,-0.1714213,-0.178282,-0.18536718,-0.18887472,-0.19311601,-0.19613752,-0.19988683,-0.20593838,-0.20960586,-0.21301356,-0.21336396,-0.21729788,-0.21922365,-0.22163613,-0.22614643,-0.229619,-0.23220268,-0.23605117,-0.23974116,-0.24181399,-0.24455512,-0.24419558,-0.24781671,-0.24820355,-0.25039524,-0.25467834,-0.2594728,-0.2615338,-0.26463407,-0.26914734,-0.2694568,-0.272164,-0.27359146,-0.27691367,-0.27884778,-0.28175932,-0.28453115,-0.2868486,-0.28970686,-0.29198653,-0.29232237,-0.2959586,-0.29843944,-0.3012151,-0.3052672,-0.30826157,-0.31055665,-0.31299818,-0.3155442,-0.31984356,-0.32398558,-0.32314023,-0.32754803,-0.32961833,-0.33202305,-0.33590785,-0.3382167,-0.33887464,-0.34051082,-0.3419406,-0.34355512,-0.34717023,-0.3494885,-0.3524775,-0.356402,-0.3612246,-0.36399856,-0.36525345,-0.36807325,-0.36898237
92_real,0.2520486,,,,,,0.06469303,,,,,,,,,,,,,,,,,,,,,,,,,,,,,,,,,,,,,,,,,,,,,,,,,,,,,,,,,,,,,,,
92_gen,0.25204858,0.24736747,0.24403778,0.23934452,0.2340742,0.22998989,0.22850211,0.22656839,0.22209212,0.2170661,0.21513739,0.2114112,0.20790903,0.20411785,0.20235798,0.19755976,0.19541131,0.1917045,0.18750687,0.18556143,0.18193533,0.17905024,0.17441665,0.17270611,0.16889982,0.1642215,0.1600478,0.15620549,0.15332547,0.14827153,0.14556265,0.14026359,0.13639656,0.13347127,0.13007149,0.12736416,0.12477951,0.1203116,0.11638574,0.11380615,0.110995434,0.10694592,0.10515672,0.10325792,0.1022083,0.09879972,0.098230265,0.09850155,0.098586775,0.096042596,0.092905894,0.08749866,0.08428735,0.08188671,0.07898219,0.07440558,0.07213309,0.06914538,0.06714846,0.06419115,0.06355354,0.06075591,0.059889585,0.059212707,0.056660194,0.05425353,0.050851107,0.047040448,0.04455674,0.044665553
93_real,-2.0572,,,,,,-2.4634113,,,,,,,,,,,,,,,,,,,,,,,,,,,,,,,,,,,,,,,,,,,,,,,,,,,,,,,,,,,,,,,
93_gen,-2.0571997,-2.065727,-2.0761273,-2.0851514,-2.0926669,-2.100689,-2.1110253,-2.1171095,-2.1271594,-2.1316361,-2.1418023,-2.1492758,-2.1560168,-2.1627574,-2.1688585,-2.1783624,-2.1849859,-2.1921983,-2.1983278,-2.2061787,-2.2142718,-2.2213492,-2.2278006,-2.2348456,-2.2426276,-2.2503352,-2.2561257,-2.2629724,-2.2673144,-2.2735834,-2.280467,-2.2867029,-2.2932334,-2.3014963,-2.3057532,-2.3123212,-2.318558,-2.3272967,-2.3360362,-2.3427215,-2.351425,-2.3584664,-2.3646743,-2.3728898,-2.3794112,-2.3869138,-2.3960905,-2.4028249,-2.4098678,-2.4158354,-2.423732,-2.4325073,-2.44044,-2.4499373,-2.4567065,-2.463284,-2.4702785,-2.4771156,-2.483902,-2.491492,-2.4982548,-2.5067153,-2.515038,-2.5240204,-2.532824,-2.540512,-2.5492008,-2.5545633,-2.5626292,-2.570938
94_real,-1.3591636,,,,,,-1.5701103,,,,,,,,,,,,,,,,,,,,,,,,,,,,,,,,,,,,,,,,,,,,,,,,,,,,,,,,,,,,,,,
94_gen,-1.3591635,-1.3686316,-1.3784146,-1.3870841,-1.3953091,-1.4010496,-1.4114317,-1.4197204,-1.4272202,-1.43204,-1.435802,-1.4419248,-1.4488068,-1.453364,-1.4582522,-1.4660876,-1.470333,-1.4751079,-1.4806014,-1.4873936,-1.4935114,-1.4972786,-1.5053341,-1.5123637,-1.5191377,-1.5263727,-1.5353692,-1.5407507,-1.5491221,-1.5537837,-1.5587453,-1.5650164,-1.5718317,-1.5797532,-1.583273,-1.5932596,-1.5997329,-1.6042773,-1.6115144,-1.6166842,-1.6208241,-1.6258993,-1.6330446,-1.6397384,-1.6463432,-1.6535562,-1.6595427,-1.6673836,-1.6729113,-1.6780875,-1.6845497,-1.6914514,-1.6989692,-1.7060478,-1.7123556,-1.7189951,-1.7268146,-1.7309268,-1.7387508,-1.7457874,-1.7516445,-1.7564509,-1.763224,-1.7669446,-1.7744935,-1.7800967,-1.7862549,-1.7937298,-1.79977,-1.8057432
95_real,-0.32181662,,,,,,-0.56753033,,,,,,,,,,,,,,,,,,,,,,,,,,,,,,,,,,,,,,,,,,,,,,,,,,,,,,,,,,,,,,,
95_gen,-0.32181665,-0.33465263,-0.34485394,-0.35656658,-0.36456582,-0.3756474,-0.3868378,-0.39697704,-0.4079218,-0.41877955,-0.4246264,-0.4321096,-0.4382247,-0.4513825,-0.46348462,-0.4723805,-0.48327932,-0.49501452,-0.5050956,-0.52196085,-0.5346023,-0.54559,-0.55505335,-0.5634852,-0.5764281,-0.5829727,-0.59683853,-0.6038226,-0.61495936,-0.62933004,-0.6374754,-0.6427211,-0.65599144,-0.66678184,-0.68055403,-0.6881777,-0.6985489,-0.7091321,-0.71828854,-0.7292292,-0.73991734,-0.74477714,-0.75693125,-0.76438177,-0.7750007,-0.78664243,-0.79757535,-0.80689734,-0.8159482,-0.82684517,-0.8422063,-0.855909,-0.8659623,-0.8787611,-0.8909648,-0.9013314,-0.9068697,-0.9192623,-0.9362642,-0.9487165,-0.9602267,-0.9704695,-0.9845759,-0.9978102,-1.007601,-1.0161091,-1.0218818,-1.0356168,-1.0458186,-1.0580509
96_real,0.55608666,,,,,,0.39187613,,,,,,,,,,,,,,,,,,,,,,,,,,,,,,,,,,,,,,,,,,,,,,,,,,,,,,,,,,,,,,,
96_gen,0.5560866,0.5400461,0.5240329,0.5054734,0.49540138,0.48526317,0.4751923,0.46098343,0.44507462,0.43100303,0.4235035,0.41711718,0.406048,0.3968164,0.39007357,0.38093275,0.3686969,0.3612152,0.34354442,0.3355314,0.32999972,0.31699052,0.30196357,0.286325,0.27597144,0.2644785,0.25604907,0.24539247,0.23330788,0.22096269,0.21089444,0.19880798,0.18816055,0.17401725,0.16320641,0.15090562,0.13821405,0.13190706,0.11926929,0.107968904,0.09831286,0.08164723,0.07200895,0.0595456,0.05012936,0.04226193,0.02341491,0.012689206,0.0072936653,-0.006150948,-0.014207381,-0.022615727,-0.036860377,-0.04546887,-0.05815493,-0.06811366,-0.07775225,-0.09042236,-0.10238607,-0.113724686,-0.12300084,-0.1330001,-0.14323345,-0.15667978,-0.16819692,-0.18181643,-0.19681545,-0.21224424,-0.22711286,-0.24321088
97_real,-1.4491572,,,,,,-1.5844446,,,,,,,,,,,,,,,,,,,,,,,,,,,,,,,,,,,,,,,,,,,,,,,,,,,,,,,,,,,,,,,
97_gen,-1.4491574,-1.4577059,-1.4661896,-1.4737076,-1.4800227,-1.4861715,-1.4921408,-1.5015302,-1.5075244,-1.5139431,-1.5217111,-1.5267898,-1.5344019,-1.5405173,-1.5464928,-1.5527899,-1.5597105,-1.5637589,-1.5711257,-1.5790617,-1.5855798,-1.5940847,-1.6011512,-1.6055863,-1.6120039,-1.6169999,-1.6208538,-1.6247984,-1.6298233,-1.6350615,-1.6399475,-1.6457363,-1.6498226,-1.6580416,-1.6628777,-1.6693108,-1.6743298,-1.6834943,-1.6892897,-1.6954762,-1.7022207,-1.7086798,-1.7144789,-1.7205244,-1.727014,-1.732748,-1.7395356,-1.7457745,-1.7510548,-1.7564218,-1.7617458,-1.7668123,-1.7721201,-1.7761217,-1.7815793,-1.7869123,-1.7915518,-1.7990128,-1.806879,-1.8133469,-1.8187796,-1.8252653,-1.8296419,-1.837137,-1.8444273,-1.8542725,-1.8627812,-1.8676653,-1.8743639,-1.8809853
98_real,-0.18600756,,,,,,-0.28043053,,,,,,,,,,,,,,,,,,,,,,,,,,,,,,,,,,,,,,,,,,,,,,,,,,,,,,,,,,,,,,,
98_gen,-0.18600754,-0.1933611,-0.20028774,-0.2073733,-0.21189015,-0.21914499,-0.22419181,-0.23050904,-0.23498897,-0.24000864,-0.24565157,-0.24680361,-0.2515965,-0.25728136,-0.2569518,-0.25816342,-0.2611118,-0.26133302,-0.26612356,-0.2727167,-0.27510768,-0.2790879,-0.28258923,-0.2865123,-0.28993973,-0.29205534,-0.29668874,-0.30099094,-0.30494484,-0.30666846,-0.3102487,-0.31494102,-0.31543547,-0.31949234,-0.32024103,-0.3236076,-0.32739824,-0.33108565,-0.33425185,-0.33847845,-0.3431458,-0.34598255,-0.34943405,-0.35273546,-0.35390928,-0.35883337,-0.3655136,-0.37086958,-0.37523288,-0.38029212,-0.3862259,-0.39037278,-0.39384353,-0.39674127,-0.39923567,-0.4035278,-0.40533003,-0.4086286,-0.41029733,-0.4148541,-0.41926485,-0.4235549,-0.42523414,-0.4279375,-0.43209878,-0.43786916,-0.4425215,-0.4451503,-0.44798326,-0.4549172
99_real,0.25290018,,,,,,-0.0034994374,,,,,,,,,,,,,,,,,,,,,,,,,,,,,,,,,,,,,,,,,,,,,,,,,,,,,,,,,,,,,,,
99_gen,0.25290015,0.25217512,0.24483605,0.24118392,0.23947808,0.23726563,0.23639807,0.23334798,0.22612138,0.22074747,0.21802738,0.21560904,0.21111718,0.20749943,0.20205912,0.1961088,0.19278058,0.18835036,0.18365839,0.17721036,0.17391606,0.16976967,0.16913573,0.16717537,0.16536716,0.15727375,0.1511975,0.14272794,0.13569304,0.13336821,0.13069406,0.12453761,0.11935286,0.116609655,0.111298,0.10681226,0.1029948,0.09956038,0.09868233,0.0960692,0.09093582,0.087088555,0.07944093,0.075605914,0.07282939,0.0716079,0.06565119,0.062758714,0.05904449,0.05356123,0.049015395,0.04393907,0.0393871,0.034532752,0.031116912,0.023518449,0.018695861,0.009482078,0.0019469105,-0.0046138032,-0.0071894834,-0.0104018,-0.015742838,-0.024219759,-0.03131237,-0.036467742,-0.03968496,-0.04431068,-0.04636995,-0.05406586
100_real,-0.12497087,,,,,,-0.22499716,,,,,,,,,,,,,,,,,,,,,,,,,,,,,,,,,,,,,,,,,,,,,,,,,,,,,,,,,,,,,,,
100_gen,-0.12497087,-0.13686156,-0.14656396,-0.15506932,-0.16219223,-0.16865903,-0.17121553,-0.17400873,-0.1797092,-0.18614492,-0.18595526,-0.19455454,-0.20173717,-0.20349734,-0.20375673,-0.2131635,-0.22022541,-0.22917946,-0.2303272,-0.23264377,-0.23742414,-0.2448221,-0.24891992,-0.25267148,-0.25723195,-0.26202106,-0.26882225,-0.27327973,-0.2789448,-0.28317705,-0.2907853,-0.29662013,-0.29956862,-0.30175662,-0.30660552,-0.31242543,-0.3143056,-0.32101947,-0.32786918,-0.33243766,-0.33664292,-0.339887,-0.34760123,-0.35263023,-0.35750574,-0.36588925,-0.37048864,-0.3731203,-0.38175833,-0.38880298,-0.39459914,-0.40279657,-0.4097298,-0.41771823,-0.42436856,-0.43071628,-0.44082266,-0.44439253,-0.45025897,-0.45471174,-0.46136695,-0.46526647,-0.47221416,-0.4797298,-0.48374397,-0.4905065,-0.49691755,-0.4984963,-0.5033279,-0.5116317
101_real,-1.7694452,,,,,,-2.1861253,,,,,,,,,,,,,,,,,,,,,,,,,,,,,,,,,,,,,,,,,,,,,,,,,,,,,,,,,,,,,,,
101_gen,-1.7694452,-1.7799126,-1.7900875,-1.8000511,-1.8078874,-1.8168195,-1.8235142,-1.8357891,-1.842055,-1.8494217,-1.8574518,-1.8622353,-1.8702488,-1.8778076,-1.8816534,-1.8877056,-1.8937311,-1.9000099,-1.9057881,-1.9111611,-1.91719,-1.9233341,-1.9258893,-1.9317366,-1.9408662,-1.9501545,-1.9602861,-1.966643,-1.9717121,-1.9744354,-1.9804474,-1.9872755,-1.9921602,-1.9974838,-2.0037925,-2.0126085,-2.0203252,-2.0269861,-2.033382,-2.041185,-2.046201,-2.0499406,-2.056273,-2.0652184,-2.0698085,-2.0785253,-2.0849762,-2.088579,-2.0951219,-2.0987227,-2.106752,-2.1122699,-2.1193557,-2.12499,-2.1313763,-2.1377754,-2.1458712,-2.1504505,-2.155895,-2.1610296,-2.1642566,-2.1715026,-2.1762338,-2.179732,-2.18599,-2.1905003,-2.1977005,-2.2073815,-2.2113972,-2.2184489
102_real,-0.6229934,,,,,,-1.0189044,,,,,,,,,,,,,,,,,,,,,,,,,,,,,,,,,,,,,,,,,,,,,,,,,,,,,,,,,,,,,,,
102_gen,-0.6229934,-0.6329182,-0.640589,-0.6476979,-0.65959054,-0.66961086,-0.6756183,-0.6846942,-0.69216204,-0.69877756,-0.7037283,-0.7097279,-0.71353483,-0.7197839,-0.72640884,-0.73420507,-0.7423095,-0.7478693,-0.75245786,-0.7609943,-0.76729816,-0.7716095,-0.7794673,-0.78348076,-0.7908133,-0.797344,-0.8006121,-0.80269444,-0.8078245,-0.81488,-0.81965005,-0.8241913,-0.83007395,-0.8344765,-0.8370781,-0.84062445,-0.8445532,-0.8495718,-0.85782015,-0.863304,-0.87046796,-0.87475765,-0.8817007,-0.88709843,-0.8966735,-0.9013134,-0.9076284,-0.9157917,-0.9231073,-0.9279192,-0.93336153,-0.9389017,-0.9427538,-0.94616115,-0.95245343,-0.957094,-0.9658496,-0.96928424,-0.9771857,-0.98248637,-0.9832716,-0.9906565,-0.994503,-1.0010122,-1.0068194,-1.0138235,-1.019478,-1.026717,-1.0329823,-1.03783
103_real,0.6421728,,,,,,0.68530357,,,,,,,,,,,,,,,,,,,,,,,,,,,,,,,,,,,,,,,,,,,,,,,,,,,,,,,,,,,,,,,
103_gen,0.6421728,0.6343475,0.62635684,0.61623025,0.6095184,0.60072976,0.590837,0.5836149,0.5766399,0.56591827,0.5585512,0.55313873,0.54318255,0.53507066,0.52770436,0.5218508,0.5151348,0.50666034,0.5003382,0.49287686,0.4867134,0.4775712,0.46709895,0.4556755,0.44624853,0.43897143,0.4296422,0.4215742,0.41775027,0.4103714,0.40018278,0.3935085,0.38022748,0.36967307,0.36153728,0.3507002,0.3430931,0.3380497,0.3273585,0.32097095,0.31517643,0.3098371,0.3006033,0.2912168,0.2787299,0.27231994,0.26495317,0.2584683,0.2505917,0.24205439,0.23293325,0.22253184,0.21202013,0.20395803,0.19420934,0.18536144,0.17670956,0.16390654,0.15693143,0.15128526,0.14518635,0.13901275,0.1291481,0.115998544,0.108626805,0.10140947,0.093694,0.086781904,0.079139955,0.07114993
104_real,-0.042470843,,,,,,-0.09224048,,,,,,,,,,,,,,,,,,,,,,,,,,,,,,,,,,,,,,,,,,,,,,,,,,,,,,,,,,,,,,,
104_gen,-0.042470843,-0.054833613,-0.06561625,-0.07267676,-0.079865396,-0.08746095,-0.0943241,-0.105410956,-0.10938786,-0.11399068,-0.12086718,-0.12790397,-0.13530067,-0.14127311,-0.14698313,-0.15322702,-0.16027272,-0.16686141,-0.1715096,-0.17714731,-0.18588848,-0.19338101,-0.2020179,-0.20820443,-0.2151927,-0.22123782,-0.22582324,-0.23203138,-0.24034604,-0.24595328,-0.25620157,-0.2617131,-0.26831406,-0.27523062,-0.28245848,-0.28728107,-0.29167932,-0.29721814,-0.30170056,-0.3064657,-0.31037572,-0.32090628,-0.32807368,-0.33401355,-0.33629245,-0.3395365,-0.3471476,-0.35473666,-0.36344618,-0.37236145,-0.37462077,-0.38114265,-0.38495356,-0.39400873,-0.39976245,-0.40747404,-0.41280246,-0.41817456,-0.42647058,-0.43399534,-0.4418636,-0.44860563,-0.45626187,-0.46371016,-0.47001925,-0.47652593,-0.48106775,-0.4858284,-0.49081558,-0.49762368
105_real,0.41459212,,,,,,0.26302534,,,,,,,,,,,,,,,,,,,,,,,,,,,,,,,,,,,,,,,,,,,,,,,,,,,,,,,,,,,,,,,
105_gen,0.4145921,0.40657598,0.4016078,0.3952235,0.39013118,0.3839793,0.3786814,0.37457243,0.37203914,0.3673433,0.36344188,0.35761842,0.35119694,0.34559605,0.33976167,0.3324776,0.32606992,0.32150185,0.3157112,0.31098747,0.30668253,0.30209476,0.29702634,0.29365155,0.288697,0.2850359,0.27838692,0.2721208,0.26747358,0.2614954,0.2555799,0.2489396,0.24404974,0.23550503,0.23102026,0.22707841,0.22257271,0.2164608,0.2108496,0.20707712,0.20224042,0.19604541,0.19081435,0.1876128,0.1836371,0.17859055,0.17311896,0.16768172,0.16169305,0.15723345,0.15289047,0.14805129,0.14161232,0.13732722,0.1338757,0.12911919,0.12332958,0.120374635,0.11393255,0.107666746,0.10267426,0.098434545,0.09297113,0.088864066,0.08260948,0.07596481,0.0709188,0.062492967,0.05610106,0.051944494
106_real,0.16001809,,,,,,0.4472592,,,,,,,,,,,,,,,,,,,,,,,,,,,,,,,,,,,,,,,,,,,,,,,,,,,,,,,,,,,,,,,
106_gen,0.16001809,0.15251277,0.14761357,0.14253065,0.13696752,0.13035183,0.12531434,0.117122196,0.11125453,0.1068548,0.10030905,0.09610267,0.0919995,0.085768595,0.081790484,0.0771961,0.071292266,0.06710516,0.063566215,0.05729745,0.054044355,0.049303494,0.045696285,0.040176976,0.034187652,0.029822629,0.024576705,0.019900002,0.015394218,0.010968545,0.006344187,0.000598952,-0.0054372074,-0.0133919865,-0.016616296,-0.020974148,-0.025335524,-0.027573908,-0.03436144,-0.038600337,-0.041187156,-0.046946876,-0.053009987,-0.060030945,-0.06560425,-0.068937525,-0.07426241,-0.07836068,-0.08217493,-0.088032015,-0.09465487,-0.0993011,-0.10655363,-0.11079242,-0.11651172,-0.12136904,-0.12550254,-0.13036327,-0.13535891,-0.14252533,-0.1457924,-0.1527656,-0.15801518,-0.16525286,-0.16948667,-0.17228496,-0.17744292,-0.18172307,-0.1873891,-0.19395602
107_real,0.20637238,,,,,,0.16068183,,,,,,,,,,,,,,,,,,,,,,,,,,,,,,,,,,,,,,,,,,,,,,,,,,,,,,,,,,,,,,,
107_gen,0.20637238,0.19620511,0.18648872,0.17709081,0.1691588,0.15784054,0.14755026,0.13487165,0.1241316,0.11478044,0.10664926,0.09867462,0.089802325,0.081595816,0.06993531,0.062391043,0.05571397,0.04580818,0.03930969,0.031020695,0.02525709,0.014799744,0.0052082697,-0.0016603504,-0.010112704,-0.018752526,-0.027197251,-0.03658618,-0.04279333,-0.05106794,-0.059526674,-0.06666394,-0.0728318,-0.07902311,-0.08907734,-0.096462496,-0.10528604,-0.11399712,-0.1234618,-0.13090198,-0.1382561,-0.14679885,-0.1529583,-0.15865271,-0.16608517,-0.17328432,-0.18159664,-0.18759732,-0.19516164,-0.2025911,-0.2123054,-0.22363229,-0.22989194,-0.2398397,-0.24570842,-0.2529513,-0.2605426,-0.27030072,-0.27834335,-0.28559417,-0.29101777,-0.29950184,-0.3068801,-0.31442708,-0.3221759,-0.3311371,-0.33969766,-0.3457564,-0.35262904,-0.36023557
108_real,-0.8249144,,,,,,-0.694249,,,,,,,,,,,,,,,,,,,,,,,,,,,,,,,,,,,,,,,,,,,,,,,,,,,,,,,,,,,,,,,
108_gen,-0.82491434,-0.8318173,-0.83893377,-0.84778214,-0.85464877,-0.86010236,-0.86904323,-0.87602204,-0.88214064,-0.8882499,-0.89701635,-0.90512294,-0.91177285,-0.91982377,-0.9259862,-0.9325352,-0.9392077,-0.94629586,-0.95411617,-0.96220696,-0.9702547,-0.9785552,-0.9854711,-0.9952936,-1.0017221,-1.009351,-1.0154301,-1.0220985,-1.0291519,-1.0363934,-1.0449276,-1.0530622,-1.0598261,-1.0668418,-1.0732573,-1.0805762,-1.0868865,-1.0967118,-1.1082838,-1.1154538,-1.1252171,-1.1321337,-1.1419759,-1.1514086,-1.1589191,-1.1674327,-1.1736658,-1.1803248,-1.1882322,-1.1927367,-1.2011406,-1.2121408,-1.2204657,-1.2281096,-1.2353437,-1.244221,-1.2534441,-1.2592518,-1.2664049,-1.2728089,-1.2799956,-1.2898307,-1.2961946,-1.3025835,-1.3119261,-1.3206252,-1.3292055,-1.3359251,-1.3448589,-1.3520079
109_real,0.24254331,,,,,,0.40059778,,,,,,,,,,,,,,,,,,,,,,,,,,,,,,,,,,,,,,,,,,,,,,,,,,,,,,,,,,,,,,,
109_gen,0.24254331,0.23428015,0.22255039,0.2117974,0.20426376,0.19665733,0.19102876,0.1804663,0.172975,0.16048858,0.15085098,0.139373,0.13331738,0.12224885,0.11343013,0.10289619,0.092947885,0.086544774,0.07552564,0.066640355,0.05904307,0.05127303,0.046429582,0.03603317,0.02966176,0.019713584,0.010612552,-0.0034595416,-0.012216104,-0.023556221,-0.033949357,-0.0443242,-0.05444423,-0.06224023,-0.07350369,-0.08317055,-0.092243776,-0.102437094,-0.110997066,-0.11851263,-0.12832989,-0.14079814,-0.14989491,-0.16030939,-0.16867447,-0.17643473,-0.18749577,-0.19462235,-0.20704046,-0.22023582,-0.23265043,-0.24412362,-0.25497317,-0.26538104,-0.2737507,-0.28253147,-0.29538494,-0.30969602,-0.32127482,-0.33104992,-0.34399298,-0.35431153,-0.36994416,-0.3829281,-0.39728075,-0.40910468,-0.41938162,-0.4289178,-0.4431798,-0.45142245
110_real,0.24262664,,,,,,0.30515274,,,,,,,,,,,,,,,,,,,,,,,,,,,,,,,,,,,,,,,,,,,,,,,,,,,,,,,,,,,,,,,
110_gen,0.24262664,0.23735723,0.22672725,0.21412739,0.20831232,0.19885251,0.1932896,0.18355611,0.17192894,0.15846093,0.15303831,0.14560983,0.13548578,0.12592529,0.11870734,0.11614732,0.10795049,0.102329895,0.093758106,0.08561697,0.07448772,0.0689689,0.06189577,0.054991804,0.048471004,0.038684353,0.029902752,0.022633448,0.013312185,0.003220912,-0.0067707547,-0.013405792,-0.025832793,-0.032175258,-0.041584045,-0.05327381,-0.0633236,-0.072132155,-0.0795033,-0.08903243,-0.09516736,-0.1018541,-0.1099988,-0.11730237,-0.12591675,-0.13787054,-0.14663902,-0.15398034,-0.15915632,-0.17259677,-0.18088016,-0.19051702,-0.20066294,-0.21445814,-0.22215001,-0.22952013,-0.24169345,-0.2557679,-0.26577252,-0.2750976,-0.2811936,-0.28766707,-0.29785934,-0.3063694,-0.31443664,-0.32658237,-0.33771387,-0.34802765,-0.35823923,-0.37105006
111_real,-2.4960783,,,,,,-2.6093924,,,,,,,,,,,,,,,,,,,,,,,,,,,,,,,,,,,,,,,,,,,,,,,,,,,,,,,,,,,,,,,
111_gen,-2.4960783,-2.5134687,-2.5301886,-2.543711,-2.5552495,-2.564291,-2.576326,-2.588491,-2.6026297,-2.6154,-2.6273694,-2.6376061,-2.6500788,-2.6578248,-2.6681442,-2.681067,-2.6918828,-2.702304,-2.7128496,-2.7269304,-2.736136,-2.7471955,-2.7542646,-2.7638304,-2.7740674,-2.7858462,-2.7932084,-2.8057342,-2.8138185,-2.8248374,-2.8364768,-2.8462272,-2.8558307,-2.864434,-2.8710117,-2.8813791,-2.891343,-2.9025166,-2.912873,-2.9210622,-2.931869,-2.9429717,-2.953936,-2.9609532,-2.967502,-2.9780831,-2.9888804,-2.9984603,-3.0088,-3.0214322,-3.0305257,-3.042607,-3.0529318,-3.065834,-3.0800526,-3.091001,-3.1011524,-3.1145902,-3.1226368,-3.132664,-3.141973,-3.1515608,-3.1627593,-3.1734576,-3.181792,-3.189797,-3.2017522,-3.2126198,-3.2236772,-3.2351482
112_real,-1.7926908,,,,,,-2.0049586,,,,,,,,,,,,,,,,,,,,,,,,,,,,,,,,,,,,,,,,,,,,,,,,,,,,,,,,,,,,,,,
112_gen,-1.7926905,-1.808024,-1.8253853,-1.8403146,-1.8520987,-1.8632591,-1.8788589,-1.8902538,-1.8999121,-1.9126571,-1.9252157,-1.9375855,-1.9483798,-1.9579214,-1.9721485,-1.9815884,-1.9939476,-2.0033574,-2.0142913,-2.027177,-2.0369008,-2.0490613,-2.0633957,-2.0750437,-2.0861645,-2.0966258,-2.1128526,-2.1233857,-2.13148,-2.1404753,-2.153471,-2.164203,-2.1725023,-2.1853292,-2.1991303,-2.211637,-2.2223456,-2.2370298,-2.2491856,-2.2594364,-2.2709374,-2.2813044,-2.2922597,-2.3061516,-2.3161633,-2.3279433,-2.3357556,-2.3455634,-2.3588216,-2.3700404,-2.385262,-2.3930008,-2.4045815,-2.4161777,-2.4261127,-2.4412982,-2.456204,-2.4663432,-2.476481,-2.490894,-2.5043457,-2.5190217,-2.5306363,-2.5394616,-2.552013,-2.5647893,-2.5741966,-2.5894427,-2.6010919,-2.6128073
113_real,0.06558196,,,,,,0.3957402,,,,,,,,,,,,,,,,,,,,,,,,,,,,,,,,,,,,,,,,,,,,,,,,,,,,,,,,,,,,,,,
113_gen,0.06558197,0.060472168,0.056527805,0.05138579,0.04568068,0.038285844,0.029490277,0.021389525,0.016623085,0.0072573335,0.002558187,-0.004591897,-0.009005412,-0.013361539,-0.015948799,-0.020072669,-0.025944626,-0.03297666,-0.036745828,-0.03929163,-0.045466114,-0.04934657,-0.058017116,-0.06391077,-0.07445158,-0.0842955,-0.082673125,-0.087238975,-0.09248624,-0.09860086,-0.10136799,-0.10410197,-0.11049952,-0.11462419,-0.11749022,-0.12449571,-0.128579,-0.13261653,-0.13812672,-0.14396377,-0.15056886,-0.15763289,-0.16375284,-0.16661406,-0.17223509,-0.17809656,-0.1858532,-0.19039173,-0.19435911,-0.20110865,-0.20719504,-0.20978832,-0.21618024,-0.22005495,-0.22808075,-0.23484159,-0.23920293,-0.24343398,-0.25184807,-0.25827533,-0.25953865,-0.26416236,-0.27376512,-0.280263,-0.28494126,-0.29277605,-0.29698104,-0.3049562,-0.3094223,-0.3157317
114_real,-0.16072541,,,,,,0.07166014,,,,,,,,,,,,,,,,,,,,,,,,,,,,,,,,,,,,,,,,,,,,,,,,,,,,,,,,,,,,,,,
114_gen,-0.1607254,-0.16943702,-0.17769349,-0.18465047,-0.19467643,-0.20512524,-0.213418,-0.2217271,-0.22652324,-0.23395169,-0.24037266,-0.24665356,-0.25403833,-0.25968653,-0.26860583,-0.27663448,-0.2828581,-0.28713205,-0.29183486,-0.29988965,-0.30504358,-0.30953613,-0.31423455,-0.3198049,-0.3241616,-0.32917094,-0.33331102,-0.34010765,-0.3443659,-0.3452751,-0.35175323,-0.36010617,-0.3665453,-0.3748762,-0.3834165,-0.38609642,-0.38858014,-0.3911624,-0.40045157,-0.40466985,-0.41235942,-0.41661948,-0.42011786,-0.42494193,-0.4278605,-0.4356819,-0.4396701,-0.4457841,-0.45260134,-0.4568693,-0.45908624,-0.46332973,-0.4681167,-0.474959,-0.48142833,-0.48671803,-0.49422756,-0.5008543,-0.50836945,-0.5135245,-0.52033794,-0.5227787,-0.52937865,-0.53487706,-0.54375494,-0.5510794,-0.5564866,-0.5621098,-0.56640714,-0.57485306
115_real,-0.3956007,,,,,,-0.22313647,,,,,,,,,,,,,,,,,,,,,,,,,,,,,,,,,,,,,,,,,,,,,,,,,,,,,,,,,,,,,,,
115_gen,-0.39560074,-0.3941676,-0.39886874,-0.40688545,-0.4123335,-0.41708183,-0.4192114,-0.4264043,-0.4315731,-0.4334004,-0.43961722,-0.44417614,-0.4523541,-0.4585204,-0.46465164,-0.46957463,-0.4757606,-0.48572284,-0.49355856,-0.49778476,-0.50071454,-0.5050109,-0.5107653,-0.51041096,-0.5178689,-0.5228835,-0.52945566,-0.53401506,-0.5385983,-0.5476319,-0.55159676,-0.5560048,-0.5605189,-0.5646106,-0.5735713,-0.5794352,-0.58426917,-0.59222084,-0.5990859,-0.603125,-0.6068708,-0.6129104,-0.61996555,-0.6253091,-0.6311146,-0.63550675,-0.6429511,-0.64582884,-0.6504342,-0.6586627,-0.6626833,-0.6697982,-0.6726154,-0.67815006,-0.6838746,-0.6908318,-0.69977105,-0.703411,-0.71351993,-0.7226911,-0.72901934,-0.7376383,-0.7419988,-0.7503632,-0.7557639,-0.75882083,-0.76897687,-0.7712647,-0.7751476,-0.7793366
116_real,-0.6627225,,,,,,-0.5408317,,,,,,,,,,,,,,,,,,,,,,,,,,,,,,,,,,,,,,,,,,,,,,,,,,,,,,,,,,,,,,,
116_gen,-0.6627225,-0.67085624,-0.67704713,-0.6824095,-0.6898336,-0.69597065,-0.7020709,-0.71292555,-0.7185841,-0.72646177,-0.7328257,-0.7441717,-0.7515444,-0.7527183,-0.75927407,-0.76294357,-0.76710486,-0.7753624,-0.7793131,-0.78562725,-0.7955027,-0.80102444,-0.80293083,-0.80835056,-0.8153685,-0.82483405,-0.82771075,-0.8364234,-0.84194744,-0.84638387,-0.8517679,-0.8538082,-0.8563964,-0.8613349,-0.8672066,-0.87566745,-0.88201857,-0.8840596,-0.89247674,-0.9034344,-0.9078611,-0.91714364,-0.920519,-0.9257042,-0.9365004,-0.93843544,-0.9424983,-0.9469093,-0.9523684,-0.95358527,-0.9595469,-0.96251947,-0.96950847,-0.98109305,-0.9908385,-0.99588645,-1.0015241,-1.0107753,-1.0203283,-1.0246637,-1.0299506,-1.0352523,-1.0400096,-1.0463614,-1.0520333,-1.0617878,-1.0708554,-1.0773194,-1.0847943,-1.0927953
117_real,-0.8823365,,,,,,-0.86103725,,,,,,,,,,,,,,,,,,,,,,,,,,,,,,,,,,,,,,,,,,,,,,,,,,,,,,,,,,,,,,,
117_gen,-0.8823365,-0.8906807,-0.8992275,-0.9053545,-0.91198003,-0.91715527,-0.9222579,-0.9288057,-0.93232214,-0.9397262,-0.9444771,-0.9473217,-0.9507866,-0.95651805,-0.9605233,-0.96636105,-0.9706167,-0.9769327,-0.9813441,-0.9847349,-0.9925831,-1.0003216,-1.0061963,-1.0104322,-1.0171577,-1.0219557,-1.0274863,-1.0329324,-1.0389798,-1.0425545,-1.0490707,-1.0543904,-1.0639298,-1.0667841,-1.0757896,-1.0807871,-1.08832,-1.0942132,-1.099577,-1.1062337,-1.1139934,-1.1203076,-1.1262033,-1.1339284,-1.1407759,-1.1438555,-1.1491789,-1.1542834,-1.1594999,-1.1600758,-1.1620994,-1.1678075,-1.1739742,-1.1796752,-1.1853487,-1.1902103,-1.1941965,-1.2002366,-1.2065248,-1.2116159,-1.2178385,-1.2237858,-1.2326038,-1.2361776,-1.2415136,-1.24813,-1.2539821,-1.2622616,-1.2695477,-1.27543
118_real,-0.4602332,,,,,,-0.6131435,,,,,,,,,,,,,,,,,,,,,,,,,,,,,,,,,,,,,,,,,,,,,,,,,,,,,,,,,,,,,,,
118_gen,-0.4602332,-0.46529523,-0.47124973,-0.4760062,-0.48140916,-0.4865478,-0.49420947,-0.49965024,-0.5047889,-0.5088045,-0.512129,-0.51624095,-0.5195488,-0.52495253,-0.5256581,-0.5306103,-0.5351528,-0.5406892,-0.5464552,-0.5505783,-0.5543214,-0.55621666,-0.5597669,-0.56497204,-0.5708877,-0.5762745,-0.58193254,-0.5851787,-0.5884047,-0.5925695,-0.59571296,-0.59943914,-0.6034621,-0.6061628,-0.61141765,-0.61488426,-0.62037385,-0.62689316,-0.63030005,-0.63294315,-0.6374347,-0.6398625,-0.6465682,-0.6502957,-0.6544603,-0.66040844,-0.66495866,-0.6693718,-0.6744844,-0.67822856,-0.6829076,-0.6868838,-0.6911406,-0.6952167,-0.7020235,-0.70819485,-0.7112611,-0.71730524,-0.72338635,-0.7299262,-0.7347381,-0.74041235,-0.7440735,-0.7484285,-0.75330037,-0.7581229,-0.7619028,-0.76602805,-0.7710301,-0.7767974
119_real,0.09699675,,,,,,-0.09586805,,,,,,,,,,,,,,,,,,,,,,,,,,,,,,,,,,,,,,,,,,,,,,,,,,,,,,,,,,,,,,,
119_gen,0.09699674,0.0880599,0.07899043,0.06885576,0.05529064,0.043532632,0.037680574,0.030716171,0.020463202,0.0076228855,-0.0010557488,-0.011865174,-0.019690588,-0.02708204,-0.038896292,-0.048880428,-0.057970487,-0.064642146,-0.07446658,-0.08175038,-0.09331774,-0.10119061,-0.11165811,-0.11935458,-0.12999837,-0.1402649,-0.14822888,-0.15700047,-0.16877697,-0.1783416,-0.18643871,-0.19529493,-0.2022872,-0.21022145,-0.2208236,-0.22948566,-0.24032453,-0.25030842,-0.2582949,-0.26522785,-0.2769915,-0.28347355,-0.29019615,-0.29824966,-0.30777496,-0.3190766,-0.32753062,-0.3355024,-0.34454942,-0.3557903,-0.3625981,-0.37360466,-0.38149962,-0.39409935,-0.40291414,-0.41270334,-0.42340794,-0.43513694,-0.4449872,-0.45542327,-0.46653175,-0.47794086,-0.48577031,-0.49212927,-0.49739122,-0.5067731,-0.51611793,-0.5223434,-0.52937573,-0.5395488
120_real,0.1035661,,,,,,-0.036038797,,,,,,,,,,,,,,,,,,,,,,,,,,,,,,,,,,,,,,,,,,,,,,,,,,,,,,,,,,,,,,,
120_gen,0.103566095,0.09251138,0.07913407,0.0636549,0.056546174,0.043792013,0.034235585,0.023366421,0.014339221,0.0034994476,-0.005560766,-0.017193085,-0.030135859,-0.039673727,-0.049735416,-0.059912425,-0.0664728,-0.077390745,-0.08419454,-0.094121054,-0.10228737,-0.11091294,-0.11671589,-0.12523994,-0.13411851,-0.14166836,-0.14810777,-0.15688929,-0.16659895,-0.17507286,-0.1843992,-0.19100323,-0.20122063,-0.21051717,-0.21988921,-0.22974844,-0.24108465,-0.25027654,-0.2612267,-0.27207357,-0.28413665,-0.29436368,-0.30229497,-0.3120721,-0.31899124,-0.32744652,-0.33604667,-0.34550637,-0.3556413,-0.36538675,-0.37266695,-0.38157237,-0.3890609,-0.39505416,-0.40635258,-0.4151176,-0.4204759,-0.43074912,-0.4400258,-0.44646072,-0.4552939,-0.4598964,-0.4686129,-0.47964507,-0.48745307,-0.4941513,-0.50156444,-0.51041204,-0.5188029,-0.5245539
121_real,-1.0388688,,,,,,-1.1236675,,,,,,,,,,,,,,,,,,,,,,,,,,,,,,,,,,,,,,,,,,,,,,,,,,,,,,,,,,,,,,,
121_gen,-1.0388688,-1.0515977,-1.0601326,-1.065856,-1.0690798,-1.0744103,-1.0830959,-1.0900468,-1.0962669,-1.1004912,-1.1116571,-1.1167831,-1.1253495,-1.1314342,-1.1394541,-1.1456339,-1.1524225,-1.1592989,-1.1612256,-1.1645067,-1.1734881,-1.1827503,-1.191607,-1.1979942,-1.2042185,-1.2091365,-1.2129248,-1.2195002,-1.2264142,-1.2314198,-1.235496,-1.2382419,-1.2408968,-1.2445112,-1.2500393,-1.256645,-1.2630419,-1.2671201,-1.2732086,-1.2803395,-1.2880601,-1.2951916,-1.3056564,-1.3138018,-1.3159629,-1.3196831,-1.3244976,-1.3294991,-1.3332621,-1.3395917,-1.3424044,-1.3494624,-1.352823,-1.3585943,-1.3633444,-1.3701808,-1.3737911,-1.3772689,-1.3870465,-1.3895115,-1.3980055,-1.4035413,-1.4128383,-1.4187562,-1.4227995,-1.4266138,-1.434629,-1.4376628,-1.4409549,-1.4408271
122_real,-0.7676219,,,,,,-0.9464331,,,,,,,,,,,,,,,,,,,,,,,,,,,,,,,,,,,,,,,,,,,,,,,,,,,,,,,,,,,,,,,
122_gen,-0.76762193,-0.7753319,-0.7870382,-0.7980418,-0.8025218,-0.8101037,-0.81632805,-0.82502013,-0.8341856,-0.84183055,-0.84744674,-0.8572016,-0.8622309,-0.8673317,-0.874825,-0.87808067,-0.88340807,-0.892643,-0.8980969,-0.9032219,-0.904861,-0.9086355,-0.9193889,-0.9216617,-0.9316045,-0.94301224,-0.94537985,-0.9479326,-0.9499464,-0.9548937,-0.95849,-0.9649041,-0.9728869,-0.98036414,-0.9884125,-0.9954832,-1.0024184,-1.0098883,-1.0182276,-1.0212979,-1.027456,-1.0325352,-1.0335137,-1.04104,-1.0497489,-1.0572653,-1.0664394,-1.0739139,-1.0828732,-1.0868369,-1.0899361,-1.0972326,-1.096411,-1.1028882,-1.1113985,-1.1161073,-1.1207683,-1.1282308,-1.135086,-1.1400145,-1.1486859,-1.1511008,-1.1545789,-1.1605316,-1.1670489,-1.174308,-1.1803032,-1.1856476,-1.194637,-1.2058517
123_real,-0.4526341,,,,,,-0.4230783,,,,,,,,,,,,,,,,,,,,,,,,,,,,,,,,,,,,,,,,,,,,,,,,,,,,,,,,,,,,,,,
123_gen,-0.45263404,-0.45775065,-0.46842924,-0.47559565,-0.48330292,-0.48914498,-0.49678177,-0.5062157,-0.5136208,-0.520658,-0.5240518,-0.5302977,-0.5363905,-0.5428611,-0.5492488,-0.55637974,-0.564472,-0.5691434,-0.57464385,-0.58157927,-0.590063,-0.5944421,-0.59986484,-0.61059606,-0.6158043,-0.6245587,-0.6323582,-0.63686407,-0.6402346,-0.6471025,-0.6531455,-0.659096,-0.66644025,-0.67127174,-0.6759896,-0.6848506,-0.69377744,-0.6991874,-0.70581406,-0.71365786,-0.71895325,-0.7273351,-0.7326205,-0.7374226,-0.74612534,-0.7551442,-0.7592759,-0.7676656,-0.7730977,-0.7779146,-0.7839197,-0.789384,-0.7940493,-0.80145246,-0.8100406,-0.8138857,-0.8195224,-0.82653016,-0.8301872,-0.8373734,-0.8442315,-0.84861726,-0.8521859,-0.85653174,-0.8615392,-0.86685354,-0.87150705,-0.8753821,-0.8828518,-0.8897168
124_real,-0.19100824,,,,,,-0.3686702,,,,,,,,,,,,,,,,,,,,,,,,,,,,,,,,,,,,,,,,,,,,,,,,,,,,,,,,,,,,,,,
124_gen,-0.19100823,-0.2055395,-0.21461785,-0.22508307,-0.23424998,-0.24286096,-0.24847598,-0.25502494,-0.26061317,-0.27033293,-0.27669838,-0.28405496,-0.28844395,-0.2965975,-0.30276018,-0.30966204,-0.31414962,-0.32414204,-0.33005923,-0.3375712,-0.34655166,-0.35050026,-0.35767978,-0.36374587,-0.36928162,-0.3762552,-0.38404274,-0.39153463,-0.39675933,-0.40543094,-0.41101617,-0.41995168,-0.42443505,-0.4331262,-0.43664017,-0.44497076,-0.450138,-0.4563586,-0.4616858,-0.46807027,-0.47642478,-0.48502144,-0.49159223,-0.49740982,-0.50617063,-0.5139744,-0.5213247,-0.5264417,-0.53367317,-0.5424887,-0.5500069,-0.55679834,-0.56486195,-0.5730249,-0.5825742,-0.5872146,-0.5936495,-0.59723914,-0.6053579,-0.6118773,-0.6197481,-0.62713605,-0.63371146,-0.638312,-0.64208525,-0.64944214,-0.65700585,-0.66375625,-0.6695808,-0.6790007
125_real,0.059887573,,,,,,-0.059296247,,,,,,,,,,,,,,,,,,,,,,,,,,,,,,,,,,,,,,,,,,,,,,,,,,,,,,,,,,,,,,,
125_gen,0.05988758,0.05662635,0.04966771,0.043237407,0.041488193,0.040440097,0.03860031,0.037457574,0.031555757,0.028186444,0.024549875,0.020045532,0.016730808,0.014295089,0.012128209,0.011552244,0.009562661,0.006974002,0.00038059911,-0.0056854235,-0.0064928913,-0.008667715,-0.013582038,-0.015957698,-0.018432919,-0.021089897,-0.025196746,-0.024511967,-0.031033725,-0.03293114,-0.03406223,-0.040405504,-0.040479448,-0.04488752,-0.047959086,-0.050345402,-0.055506695,-0.0614916,-0.06449012,-0.06964436,-0.07358806,-0.07930962,-0.08266131,-0.08614674,-0.0880153,-0.09137531,-0.09326074,-0.09457691,-0.09754975,-0.09843378,-0.10294615,-0.107061066,-0.108241975,-0.11284901,-0.11561453,-0.119909264,-0.12116786,-0.12454073,-0.12811679,-0.13336505,-0.13388878,-0.13946345,-0.14301753,-0.14563738,-0.15091954,-0.15744911,-0.16122165,-0.16378905,-0.16760036,-0.17191963
126_real,-0.8747874,,,,,,-1.4112738,,,,,,,,,,,,,,,,,,,,,,,,,,,,,,,,,,,,,,,,,,,,,,,,,,,,,,,,,,,,,,,
126_gen,-0.87478745,-0.87810946,-0.88472205,-0.88788426,-0.89496124,-0.900677,-0.9063551,-0.90922177,-0.9115707,-0.91887647,-0.92035276,-0.92436135,-0.9316022,-0.93585694,-0.9386341,-0.9420263,-0.9437803,-0.94509524,-0.9480014,-0.95351374,-0.9550959,-0.95821506,-0.9591096,-0.96277636,-0.96657026,-0.97206575,-0.976206,-0.9798244,-0.9841542,-0.9891165,-0.9921037,-0.9929867,-0.99541634,-0.9984352,-1.0015599,-1.0056705,-1.0083579,-1.0098629,-1.0116055,-1.015775,-1.0179603,-1.020339,-1.0220377,-1.0263813,-1.0317879,-1.036557,-1.0406648,-1.0456612,-1.0481293,-1.0512811,-1.0544691,-1.0599587,-1.0613251,-1.06537,-1.0719236,-1.076368,-1.0811968,-1.0813636,-1.0866932,-1.0916204,-1.0929717,-1.0959778,-1.1005588,-1.1066347,-1.1103764,-1.1140015,-1.11736,-1.12123,-1.1256897,-1.1302918
127_real,-0.30790824,,,,,,-0.2796716,,,,,,,,,,,,,,,,,,,,,,,,,,,,,,,,,,,,,,,,,,,,,,,,,,,,,,,,,,,,,,,
127_gen,-0.30790827,-0.31937,-0.32824153,-0.33684427,-0.3474706,-0.35880333,-0.36738732,-0.37577865,-0.3848619,-0.39581555,-0.4031147,-0.4117064,-0.41893703,-0.42675692,-0.4365848,-0.4444266,-0.45459956,-0.46453547,-0.47381535,-0.4815475,-0.49079847,-0.5030285,-0.5080177,-0.51739013,-0.52911633,-0.53801507,-0.54500854,-0.55278623,-0.56212866,-0.57368106,-0.5815779,-0.5882715,-0.59677625,-0.60612637,-0.6154272,-0.6227893,-0.6309098,-0.63661563,-0.64458007,-0.6538949,-0.6616828,-0.66918534,-0.6763665,-0.68599784,-0.69334745,-0.7015788,-0.70517313,-0.7130211,-0.7227332,-0.7287866,-0.7386665,-0.7479467,-0.756307,-0.766286,-0.7763385,-0.7860038,-0.7934729,-0.80417377,-0.8119415,-0.82175857,-0.83302385,-0.8431255,-0.8524188,-0.8606798,-0.87019455,-0.87842387,-0.88845396,-0.8990429,-0.9093014,-0.91687024
128_real,-0.021953456,,,,,,-0.1187991,,,,,,,,,,,,,,,,,,,,,,,,,,,,,,,,,,,,,,,,,,,,,,,,,,,,,,,,,,,,,,,
128_gen,-0.021953458,-0.033521287,-0.043358102,-0.05361957,-0.06464173,-0.075010106,-0.08263208,-0.09366265,-0.10253413,-0.10793529,-0.114537135,-0.12236373,-0.12977196,-0.13689421,-0.14220239,-0.15037528,-0.15751407,-0.16274773,-0.16991529,-0.17548564,-0.18064843,-0.18976226,-0.1958383,-0.20520914,-0.21463719,-0.22346258,-0.2309396,-0.23720777,-0.24158518,-0.24836966,-0.25557774,-0.2612144,-0.26950794,-0.27602813,-0.28023714,-0.28840065,-0.29486287,-0.30038172,-0.30706114,-0.31406385,-0.32070342,-0.32323623,-0.3337738,-0.34089562,-0.34581628,-0.353578,-0.35797045,-0.3632706,-0.3700958,-0.37747884,-0.38104868,-0.38839245,-0.39541253,-0.40180817,-0.40844744,-0.41396204,-0.42070732,-0.4269883,-0.4354225,-0.44256672,-0.44839588,-0.45583066,-0.46136364,-0.46693382,-0.47404504,-0.4805835,-0.48784128,-0.49381852,-0.50069106,-0.50690585
129_real,-0.4688416,,,,,,-0.61104006,,,,,,,,,,,,,,,,,,,,,,,,,,,,,,,,,,,,,,,,,,,,,,,,,,,,,,,,,,,,,,,
129_gen,-0.4688416,-0.47710228,-0.4827703,-0.4884718,-0.49293908,-0.49948987,-0.5064097,-0.5115143,-0.5167273,-0.52499634,-0.5297625,-0.5328434,-0.5361713,-0.5411416,-0.5480223,-0.5530494,-0.55413425,-0.56027853,-0.56921995,-0.57214725,-0.57788247,-0.5826033,-0.58433837,-0.58863807,-0.59494704,-0.59952223,-0.60646224,-0.6115143,-0.6140933,-0.61802584,-0.6217865,-0.6255691,-0.6294342,-0.63192785,-0.63550156,-0.6415122,-0.6469606,-0.6522529,-0.65749836,-0.65963924,-0.6619399,-0.6669242,-0.67116755,-0.6741415,-0.67825806,-0.68087846,-0.6822424,-0.68965036,-0.6929504,-0.6978812,-0.7014044,-0.7061755,-0.7099898,-0.7146674,-0.71981645,-0.7243059,-0.72803324,-0.7326908,-0.7376361,-0.7424206,-0.74766266,-0.753043,-0.75513464,-0.75920707,-0.7641104,-0.76947355,-0.7755124,-0.7784452,-0.7827931,-0.7866451
130_real,-1.2249253,,,,,,-1.237489,,,,,,,,,,,,,,,,,,,,,,,,,,,,,,,,,,,,,,,,,,,,,,,,,,,,,,,,,,,,,,,
130_gen,-1.2249252,-1.2341535,-1.2429745,-1.249412,-1.2572429,-1.2643797,-1.27308,-1.2773203,-1.2817094,-1.2870098,-1.2926524,-1.2964857,-1.3032427,-1.3091981,-1.3152387,-1.3209177,-1.324524,-1.3283389,-1.3336792,-1.3380426,-1.3435429,-1.3494759,-1.3534086,-1.35778,-1.3645823,-1.3692663,-1.3735546,-1.3789036,-1.3838949,-1.3892887,-1.3946798,-1.4006057,-1.4079866,-1.4135844,-1.4188107,-1.4249625,-1.4305588,-1.4348241,-1.4417274,-1.4476175,-1.4520147,-1.455973,-1.4640334,-1.4694101,-1.4756423,-1.4795009,-1.4863025,-1.4918439,-1.4971467,-1.5011932,-1.5087733,-1.5155126,-1.5186404,-1.5239458,-1.5290947,-1.5344045,-1.5395871,-1.5457975,-1.5520431,-1.5563707,-1.5611622,-1.56873,-1.5753618,-1.5817597,-1.5878179,-1.5933355,-1.599539,-1.603248,-1.6088688,-1.6157467
131_real,-0.84020334,,,,,,-1.0350473,,,,,,,,,,,,,,,,,,,,,,,,,,,,,,,,,,,,,,,,,,,,,,,,,,,,,,,,,,,,,,,
131_gen,-0.8402034,-0.8476,-0.85744584,-0.8700299,-0.8728682,-0.8786324,-0.88470936,-0.8931203,-0.8999503,-0.90939397,-0.9132398,-0.9173009,-0.93162096,-0.9361845,-0.9454033,-0.9529703,-0.9529934,-0.96107113,-0.9693717,-0.97896326,-0.9893371,-0.9921953,-1.0031679,-1.0110077,-1.0163351,-1.0221789,-1.0222405,-1.0250504,-1.0292869,-1.0337493,-1.0468962,-1.0523922,-1.0604975,-1.0647253,-1.0711801,-1.074214,-1.0799912,-1.082809,-1.0862856,-1.0987312,-1.1008197,-1.1120209,-1.1238552,-1.1318313,-1.1406276,-1.1419632,-1.1487577,-1.154389,-1.1648276,-1.1697142,-1.1792514,-1.1894292,-1.1948259,-1.2035501,-1.2129686,-1.2242559,-1.2342865,-1.2390356,-1.2446895,-1.2503536,-1.2558391,-1.2656643,-1.2679937,-1.276763,-1.2847456,-1.2914177,-1.3046112,-1.315866,-1.3263433,-1.3328426
132_real,-0.8313486,,,,,,-0.83542186,,,,,,,,,,,,,,,,,,,,,,,,,,,,,,,,,,,,,,,,,,,,,,,,,,,,,,,,,,,,,,,
132_gen,-0.83134854,-0.84637433,-0.85389984,-0.86336833,-0.87215173,-0.8735429,-0.8822095,-0.8853173,-0.89660585,-0.9014901,-0.90741044,-0.9132932,-0.9162644,-0.9237407,-0.9258275,-0.9312905,-0.93642026,-0.9406827,-0.9536549,-0.95317686,-0.9605358,-0.9663699,-0.969979,-0.9767461,-0.9844494,-0.990324,-0.9934765,-1.0036749,-1.0048885,-1.0080649,-1.0166819,-1.0167099,-1.0243752,-1.0290321,-1.0319209,-1.0401711,-1.0398744,-1.0433245,-1.0508416,-1.0581169,-1.0609449,-1.0594665,-1.0692755,-1.0760622,-1.0797567,-1.0838107,-1.092238,-1.0958188,-1.1039191,-1.1119152,-1.1161561,-1.1266778,-1.1309351,-1.1405475,-1.1449281,-1.1530902,-1.1588972,-1.1596626,-1.1637845,-1.1692556,-1.1752837,-1.1808438,-1.1850092,-1.1965754,-1.2118092,-1.216723,-1.2217824,-1.2226133,-1.2275846,-1.2366947
133_real,-1.199768,,,,,,-1.3039801,,,,,,,,,,,,,,,,,,,,,,,,,,,,,,,,,,,,,,,,,,,,,,,,,,,,,,,,,,,,,,,
133_gen,-1.199768,-1.2065518,-1.2168669,-1.2233431,-1.2330326,-1.2404355,-1.2465109,-1.253514,-1.2622503,-1.2690504,-1.2777096,-1.2821658,-1.2889726,-1.2988467,-1.3068482,-1.3146421,-1.3204999,-1.3291196,-1.3343134,-1.3402728,-1.3469558,-1.3547592,-1.3612393,-1.3681058,-1.3717337,-1.3792775,-1.3895833,-1.3976896,-1.4043399,-1.4113194,-1.4191598,-1.425654,-1.4334185,-1.4424989,-1.4508463,-1.4573611,-1.4662105,-1.476293,-1.4841788,-1.4908339,-1.4991429,-1.5085348,-1.5176768,-1.5250925,-1.5344769,-1.540914,-1.5497434,-1.55804,-1.5636958,-1.5724541,-1.5806729,-1.587852,-1.5931603,-1.5997001,-1.6079592,-1.6165094,-1.6237844,-1.6315908,-1.6391134,-1.6460098,-1.6535486,-1.6607773,-1.6696064,-1.6759531,-1.6827924,-1.6920264,-1.7001565,-1.7090807,-1.7189003,-1.7276968
134_real,-0.90658706,,,,,,-0.9527433,,,,,,,,,,,,,,,,,,,,,,,,,,,,,,,,,,,,,,,,,,,,,,,,,,,,,,,,,,,,,,,
134_gen,-0.906587,-0.9112314,-0.9160735,-0.9225702,-0.92927057,-0.93333846,-0.93758905,-0.9440522,-0.9493437,-0.95561296,-0.9617017,-0.9678691,-0.9728047,-0.97772753,-0.98169243,-0.9853226,-0.9915945,-0.99614275,-1.0023502,-1.0089662,-1.0152404,-1.0206492,-1.0267314,-1.0314577,-1.0385693,-1.045059,-1.047878,-1.0521338,-1.0575582,-1.0605282,-1.0664939,-1.0718813,-1.077055,-1.083002,-1.0883069,-1.0930933,-1.0986707,-1.1031986,-1.1085632,-1.1133873,-1.11887,-1.1243608,-1.1282537,-1.1328895,-1.1416802,-1.1485543,-1.150867,-1.1573863,-1.162676,-1.1684297,-1.1750373,-1.1827599,-1.1893154,-1.196796,-1.2010384,-1.2080628,-1.2135402,-1.2176383,-1.2216018,-1.2271223,-1.2325784,-1.2374054,-1.2455777,-1.2503633,-1.2562771,-1.2627394,-1.2689497,-1.2740505,-1.2790446,-1.284755
135_real,-0.8648385,,,,,,-1.0873886,,,,,,,,,,,,,,,,,,,,,,,,,,,,,,,,,,,,,,,,,,,,,,,,,,,,,,,,,,,,,,,
135_gen,-0.8648385,-0.86936885,-0.87399566,-0.88458794,-0.8933252,-0.90069914,-0.9083846,-0.91491956,-0.92121476,-0.9283346,-0.93570155,-0.94018906,-0.94701004,-0.9520937,-0.96038353,-0.9671175,-0.97402143,-0.9813393,-0.9867846,-0.9917429,-1.0002136,-1.0080332,-1.0136564,-1.0240332,-1.0316093,-1.0367892,-1.0428569,-1.0513321,-1.0579282,-1.0675722,-1.0698094,-1.0754011,-1.0809386,-1.0870991,-1.096252,-1.1014671,-1.111481,-1.1218041,-1.1286553,-1.1342171,-1.1374707,-1.1435263,-1.1514039,-1.1542923,-1.1622741,-1.1689901,-1.1737547,-1.1788018,-1.1876924,-1.1906711,-1.1971258,-1.207308,-1.2125053,-1.2198992,-1.2274926,-1.2330223,-1.2403743,-1.2462134,-1.2491531,-1.2587793,-1.266207,-1.2709953,-1.2796293,-1.2855854,-1.2915268,-1.2984316,-1.3031064,-1.3097384,-1.3155897,-1.3200886
136_real,-1.696293,,,,,,-1.6185626,,,,,,,,,,,,,,,,,,,,,,,,,,,,,,,,,,,,,,,,,,,,,,,,,,,,,,,,,,,,,,,
136_gen,-1.6962931,-1.7051312,-1.7129806,-1.7186705,-1.7305958,-1.7393,-1.74702,-1.7551787,-1.7632128,-1.7709774,-1.7782567,-1.7865725,-1.7971287,-1.8026167,-1.8066877,-1.8172709,-1.8224024,-1.828654,-1.8358186,-1.8459965,-1.8517771,-1.8589709,-1.866114,-1.8755763,-1.8793631,-1.8880208,-1.8956095,-1.9019674,-1.9073989,-1.9143202,-1.9230942,-1.9287727,-1.9338646,-1.9428393,-1.9459264,-1.9461647,-1.951658,-1.9541426,-1.9620917,-1.9707254,-1.9789207,-1.9854736,-1.9938805,-1.9977205,-2.006853,-2.0074382,-2.0114636,-2.017544,-2.0288994,-2.0382943,-2.0453694,-2.0501714,-2.0603096,-2.0662742,-2.069736,-2.0752711,-2.0849462,-2.0950577,-2.1019046,-2.1071105,-2.1157675,-2.1181037,-2.1262994,-2.1345086,-2.1429486,-2.14983,-2.1568115,-2.1655502,-2.1713288,-2.178209
137_real,-1.3644845,,,,,,-1.5214025,,,,,,,,,,,,,,,,,,,,,,,,,,,,,,,,,,,,,,,,,,,,,,,,,,,,,,,,,,,,,,,
137_gen,-1.3644847,-1.3725717,-1.3809878,-1.3880723,-1.3963829,-1.4058187,-1.415035,-1.4226153,-1.4265033,-1.4357396,-1.4435809,-1.4488169,-1.4548148,-1.4622977,-1.4678811,-1.4748698,-1.482344,-1.4870342,-1.4920262,-1.4991994,-1.5060266,-1.5132948,-1.5189624,-1.5267516,-1.5333645,-1.542538,-1.550317,-1.5575101,-1.5659105,-1.5714703,-1.5794468,-1.5866013,-1.5944775,-1.6010252,-1.6080887,-1.6126986,-1.6179374,-1.6271616,-1.6360499,-1.643646,-1.649615,-1.6553739,-1.660705,-1.6694435,-1.6753781,-1.6797416,-1.6872612,-1.6966465,-1.7034792,-1.7105649,-1.7206208,-1.7258459,-1.7351017,-1.7440186,-1.7552927,-1.7617943,-1.7690163,-1.7783289,-1.7857479,-1.7925552,-1.7997258,-1.8079567,-1.8155134,-1.8252214,-1.8308992,-1.8360459,-1.8457245,-1.8538326,-1.8633674,-1.8713115
138_real,-0.7373255,,,,,,-1.056378,,,,,,,,,,,,,,,,,,,,,,,,,,,,,,,,,,,,,,,,,,,,,,,,,,,,,,,,,,,,,,,
138_gen,-0.73732555,-0.7488545,-0.76222324,-0.7783998,-0.7911215,-0.8015612,-0.81121504,-0.8206445,-0.83141506,-0.83498967,-0.84303015,-0.85259503,-0.85950243,-0.8689105,-0.87852365,-0.8827175,-0.885049,-0.8940253,-0.90479934,-0.91445035,-0.9225364,-0.93388236,-0.9403021,-0.9449239,-0.9496056,-0.9551608,-0.96093845,-0.9677454,-0.9723102,-0.98139226,-0.9918685,-1.0006121,-1.0086477,-1.019194,-1.0323772,-1.0384709,-1.0490205,-1.0538206,-1.061095,-1.0646209,-1.0758233,-1.0837389,-1.0891157,-1.1013731,-1.1081841,-1.1191192,-1.1298221,-1.1410029,-1.1428457,-1.1529229,-1.1627952,-1.1714537,-1.1813653,-1.1929672,-1.2050345,-1.2137692,-1.2206349,-1.2274826,-1.2372116,-1.2486113,-1.2592192,-1.2665043,-1.276354,-1.2880223,-1.2962667,-1.3048548,-1.3151194,-1.3251921,-1.338041,-1.3446589
139_real,-1.0435021,,,,,,-0.41373482,,,,,,,,,,,,,,,,,,,,,,,,,,,,,,,,,,,,,,,,,,,,,,,,,,,,,,,,,,,,,,,
139_gen,-1.043502,-1.060152,-1.0738451,-1.0836413,-1.0947828,-1.1080166,-1.1201164,-1.1309987,-1.1402729,-1.152097,-1.162024,-1.1708704,-1.1843293,-1.1943549,-1.2036483,-1.2135687,-1.2215905,-1.230365,-1.2435288,-1.2505224,-1.2598244,-1.2693887,-1.281068,-1.2910461,-1.300422,-1.3116354,-1.3187777,-1.328457,-1.3370628,-1.3446796,-1.3564084,-1.3634969,-1.3719432,-1.3828306,-1.3944879,-1.3999429,-1.4099599,-1.4200923,-1.4313346,-1.4414955,-1.4489428,-1.4601967,-1.4687928,-1.4815911,-1.4902753,-1.4985503,-1.5065877,-1.5153056,-1.5234822,-1.5371387,-1.5508521,-1.5596517,-1.5711448,-1.5820968,-1.5928187,-1.6053679,-1.6187427,-1.6293796,-1.6423073,-1.6499952,-1.6629425,-1.6735443,-1.6864033,-1.6945995,-1.7047342,-1.7180916,-1.7276258,-1.7387838,-1.748235,-1.7632191
140_real,-0.62987816,,,,,,-0.6498667,,,,,,,,,,,,,,,,,,,,,,,,,,,,,,,,,,,,,,,,,,,,,,,,,,,,,,,,,,,,,,,
140_gen,-0.6298781,-0.6438421,-0.65848315,-0.67029846,-0.67998654,-0.6906248,-0.70164585,-0.70953786,-0.72178596,-0.7328067,-0.7424792,-0.7509505,-0.7618598,-0.7700283,-0.77531374,-0.78765506,-0.79892856,-0.8098658,-0.8216947,-0.83589184,-0.84464675,-0.85011816,-0.86422825,-0.8727358,-0.88369083,-0.89464206,-0.9064168,-0.9153166,-0.9250051,-0.9356822,-0.9457617,-0.9528054,-0.9674865,-0.9773221,-0.99031675,-1.003865,-1.0131477,-1.0238693,-1.0363406,-1.0456297,-1.0555252,-1.0635374,-1.0729067,-1.0856248,-1.0943615,-1.1043053,-1.1201222,-1.1324301,-1.1424588,-1.1566902,-1.1652952,-1.1762418,-1.188826,-1.1993119,-1.2135757,-1.2258545,-1.2352006,-1.246865,-1.260832,-1.2703087,-1.2836039,-1.2940505,-1.3007008,-1.3130745,-1.3205025,-1.333869,-1.3418177,-1.350834,-1.3626986,-1.372432
141_real,-0.58704764,,,,,,-0.66691965,,,,,,,,,,,,,,,,,,,,,,,,,,,,,,,,,,,,,,,,,,,,,,,,,,,,,,,,,,,,,,,
141_gen,-0.58704764,-0.59266907,-0.60099787,-0.60916686,-0.6160821,-0.62271154,-0.6290439,-0.6367866,-0.64501,-0.6508938,-0.6557506,-0.6598412,-0.6644517,-0.6712264,-0.67759883,-0.6819542,-0.68854445,-0.69370633,-0.6993548,-0.706309,-0.713038,-0.71989614,-0.7247813,-0.73229206,-0.73721576,-0.7424583,-0.7494419,-0.7575756,-0.7646771,-0.7691338,-0.7741517,-0.78281677,-0.7908114,-0.7936653,-0.7997593,-0.80439615,-0.81099236,-0.8182476,-0.8239045,-0.8305563,-0.8370234,-0.84413177,-0.8507845,-0.8585719,-0.8637322,-0.86848605,-0.8782093,-0.88317525,-0.89232314,-0.8977351,-0.901728,-0.9075144,-0.9141382,-0.9162219,-0.9228935,-0.92996264,-0.9356288,-0.94275415,-0.94901323,-0.95612,-0.9605919,-0.96422625,-0.969546,-0.9767358,-0.98092157,-0.98763,-0.99368,-0.9993998,-1.0038257,-1.0101388
142_real,-0.35663396,,,,,,-0.34221733,,,,,,,,,,,,,,,,,,,,,,,,,,,,,,,,,,,,,,,,,,,,,,,,,,,,,,,,,,,,,,,
142_gen,-0.35663393,-0.3683847,-0.37978733,-0.3909618,-0.39796168,-0.40783435,-0.415767,-0.42585355,-0.4312536,-0.43859768,-0.44427443,-0.45162708,-0.45646057,-0.4619681,-0.47008115,-0.47467047,-0.48026204,-0.48712596,-0.4887517,-0.49485493,-0.5014251,-0.50802,-0.5134052,-0.5188402,-0.5257281,-0.5332687,-0.5392957,-0.5453614,-0.5501131,-0.557033,-0.56204253,-0.5674557,-0.5747869,-0.5814446,-0.5893327,-0.59406537,-0.5997524,-0.6067407,-0.608517,-0.61591196,-0.6219324,-0.6304487,-0.63601,-0.6412324,-0.6491838,-0.6557605,-0.66567194,-0.67416596,-0.68376845,-0.6887063,-0.6946375,-0.70018107,-0.70334697,-0.70942897,-0.7160507,-0.7217911,-0.7283045,-0.73398316,-0.740145,-0.747136,-0.755175,-0.7607258,-0.7656945,-0.76995057,-0.77700514,-0.7838048,-0.79417497,-0.80095893,-0.8084918,-0.8184773
143_real,-0.12866357,,,,,,-0.29600668,,,,,,,,,,,,,,,,,,,,,,,,,,,,,,,,,,,,,,,,,,,,,,,,,,,,,,,,,,,,,,,
143_gen,-0.12866355,-0.13386938,-0.13991919,-0.14493641,-0.15129815,-0.15591663,-0.1617797,-0.16776375,-0.17376271,-0.17898649,-0.18140611,-0.1847539,-0.18994096,-0.19516103,-0.19912045,-0.20512398,-0.21010152,-0.21528867,-0.21966048,-0.22456332,-0.22749992,-0.23219796,-0.23415664,-0.23776276,-0.24396947,-0.24710223,-0.25118685,-0.25714976,-0.26001683,-0.26194292,-0.26455778,-0.2673916,-0.2714166,-0.2743506,-0.2773959,-0.2813513,-0.28772005,-0.29240555,-0.296526,-0.30191198,-0.30444583,-0.30980244,-0.31806636,-0.32330063,-0.32925388,-0.33494422,-0.33936468,-0.3438996,-0.3448646,-0.3493306,-0.35196766,-0.35650474,-0.3589509,-0.3635183,-0.36822474,-0.3738356,-0.37685803,-0.38075715,-0.3843065,-0.38784048,-0.39191252,-0.3968462,-0.3991258,-0.40219158,-0.40509376,-0.40880162,-0.41374117,-0.41793555,-0.42152968,-0.4242764
144_real,0.18939054,,,,,,0.09307901,,,,,,,,,,,,,,,,,,,,,,,,,,,,,,,,,,,,,,,,,,,,,,,,,,,,,,,,,,,,,,,
144_gen,0.18939054,0.18221383,0.17593038,0.16811065,0.16268493,0.15564911,0.14788298,0.14329349,0.13423952,0.12746607,0.12326716,0.11935742,0.11174099,0.1071864,0.10349025,0.096509814,0.09150539,0.08852485,0.08310653,0.076287664,0.07225327,0.06876198,0.062446058,0.058465112,0.05187086,0.04642593,0.040978193,0.035267368,0.03164745,0.028358486,0.021293275,0.017060284,0.009839724,0.0050697117,-7.716902e-05,-0.0059544607,-0.0096990215,-0.014983785,-0.01865478,-0.02644124,-0.033367652,-0.03885596,-0.04380301,-0.047268577,-0.05046373,-0.05299567,-0.05752138,-0.06300104,-0.06843633,-0.07456365,-0.07786051,-0.08231504,-0.086940385,-0.09068398,-0.09686799,-0.09978177,-0.10404505,-0.11071254,-0.11541901,-0.12226623,-0.12672272,-0.13102986,-0.13815442,-0.14183976,-0.14607823,-0.15231276,-0.15933506,-0.16572689,-0.17222749,-0.17767268
