ROI_Index,Month_0,Month_1,Month_2,Month_3,Month_4,Month_5,Month_6,Month_7,Month_8,Month_9,Month_10,Month_11,Month_12,Month_13,Month_14,Month_15,Month_16,Month_17,Month_18,Month_19,Month_20,Month_21,Month_22,Month_23,Month_24,Month_25,Month_26,Month_27,Month_28,Month_29,Month_30,Month_31,Month_32,Month_33,Month_34,Month_35,Month_36,Month_37,Month_38,Month_39,Month_40,Month_41,Month_42,Month_43,Month_44,Month_45,Month_46,Month_47,Month_48,Month_49,Month_50,Month_51,Month_52,Month_53,Month_54,Month_55,Month_56,Month_57,Month_58,Month_59,Month_60,Month_61,Month_62,Month_63,Month_64,Month_65,Month_66,Month_67,Month_68,Month_69,Month_70,Month_71,Month_72,Month_73,Month_74,Month_75,Month_76,Month_77,Month_78,Month_79,Month_80,Month_81,Month_82,Month_83,Month_84,Month_85,Month_86,Month_87,Month_88,Month_89,Month_90,Month_91,Month_92,Month_93,Month_94,Month_95,Month_96,Month_97,Month_98,Month_99,Month_100,Month_101,Month_102,Month_103,Month_104,Month_105,Month_106,Month_107,Month_108,Month_109,Month_110,Month_111,Month_112,Month_113,Month_114,Month_115,Month_116,Month_117,Month_118,Month_119
0,0.5939926,0.59972733,0.60892427,0.6151737,0.62146044,0.62699443,0.63334423,0.6386376,0.6438235,0.6470904,0.6517664,0.6549952,0.6616005,0.6683785,0.67423165,0.67823803,0.6858765,0.69143313,0.6974527,0.7053615,0.7115333,0.71831524,0.7240805,0.73061126,0.7357396,0.7444885,0.7497755,0.756142,0.76074046,0.7687425,0.7739878,0.7779436,0.78219116,0.7884018,0.79321134,0.7976115,0.8018966,0.80673295,0.81152695,0.81673735,0.8211862,0.8268813,0.83426714,0.8408314,0.84478056,0.8501008,0.85564077,0.86132956,0.8671545,0.87370884,0.8795355,0.8830773,0.88794345,0.8926058,0.8971842,0.9009403,0.90785944,0.91020364,0.91436434,0.9202719,0.92607576,0.93200684,0.93602693,0.94055796,0.9454056,0.94730794,0.9527521,0.9590171,0.9657291,0.967635,0.97349995,0.97893494,0.98483753,0.9877993,0.9936638,0.9969777,1.0028979,1.0076975,1.0124172,1.0150397,1.0177807,1.022426,1.0253345,1.0303862,1.0316937,1.0342419,1.0364572,1.040972,1.0451864,1.0465921,1.0510194,1.0537211,1.0579537,1.0628188,1.0684464,1.0707422,1.0760813,1.0794872,1.0848074,1.0916914,1.094787,1.0970029,1.1007597,1.1037908,1.1064208,1.1109852,1.1161811,1.1185541,1.1212898,1.1221006,1.1255882,1.1261289,1.1269972,1.130711,1.1333497,1.1348693,1.1355948,1.1399739,1.1444294,1.1460296
1,0.3948784,0.39926723,0.4037568,0.407941,0.41284114,0.41814834,0.422347,0.42510763,0.4297935,0.4338142,0.44191772,0.44754583,0.4532655,0.45916113,0.46459714,0.4694519,0.47186717,0.4768722,0.4825654,0.48801255,0.4936869,0.5012612,0.5059564,0.50991553,0.5153795,0.52135766,0.52700055,0.53260064,0.53661144,0.54359084,0.54799664,0.5513051,0.5564182,0.5597223,0.5635951,0.5678826,0.5734671,0.57821405,0.58294284,0.58820766,0.5919891,0.593161,0.5980805,0.60019493,0.602814,0.61119413,0.61536247,0.61878973,0.6240002,0.6280835,0.63278854,0.63508314,0.64027905,0.6453432,0.64981514,0.6539868,0.6579881,0.6592846,0.66215694,0.66826713,0.67106974,0.6754041,0.67980945,0.6820337,0.6888553,0.6937215,0.6970736,0.6998243,0.7053248,0.7072344,0.7091002,0.7120357,0.7153071,0.7183253,0.7214068,0.725418,0.7327391,0.73658514,0.7399659,0.74283475,0.74626195,0.7508105,0.75392693,0.7589614,0.75876653,0.7643956,0.76759255,0.7685415,0.7668928,0.76684177,0.76772034,0.7680007,0.7696419,0.77118105,0.7746118,0.7742325,0.777436,0.7802829,0.7815577,0.78549415,0.7893952,0.7924684,0.7943571,0.79631793,0.79978704,0.80427265,0.80515337,0.8057703,0.80470496,0.8041962,0.8049625,0.80894786,0.8079279,0.8106702,0.8121193,0.8134182,0.8146397,0.8170468,0.8194984,0.8201395
2,0.5153555,0.5055869,0.49431556,0.4834145,0.47221595,0.463902,0.45463675,0.44587675,0.43896404,0.43068486,0.42406297,0.41831177,0.41012096,0.40438905,0.39638594,0.38876957,0.3814093,0.37510875,0.3678897,0.36140484,0.35240766,0.34560886,0.33932978,0.33188656,0.3251273,0.31975383,0.31287396,0.30763876,0.30165502,0.29613513,0.28974444,0.2857142,0.27785566,0.27156553,0.26465034,0.26024523,0.254554,0.2500521,0.24270198,0.23576546,0.23265931,0.22396378,0.21850833,0.21185377,0.20732662,0.1997074,0.1927706,0.18581246,0.1784114,0.1698896,0.16318153,0.15812166,0.15248136,0.14574452,0.13835783,0.13241665,0.12478831,0.116462745,0.11025262,0.10516193,0.097179934,0.09131576,0.082866535,0.0777229,0.07135389,0.06864764,0.062788926,0.054954994,0.048044752,0.040294096,0.03578751,0.03155746,0.024709161,0.01863887,0.010702433,0.0036149933,0.0021454585,-0.0025324903,-0.006771839,-0.012588243,-0.015177399,-0.020729844,-0.026474405,-0.030859819,-0.02964074,-0.033705734,-0.03829935,-0.041745353,-0.043212436,-0.046665717,-0.05208371,-0.055366706,-0.06120001,-0.06690396,-0.07188882,-0.07439521,-0.08015005,-0.085645355,-0.088809066,-0.09686246,-0.09756626,-0.09982999,-0.10242794,-0.10860095,-0.11074799,-0.11378282,-0.12204263,-0.12546782,-0.12881593,-0.13136247,-0.1349494,-0.13809417,-0.14400381,-0.14877763,-0.15234451,-0.15460598,-0.1602295,-0.16634437,-0.17089416,-0.17373477
3,0.6026163,0.59567446,0.5913344,0.5873263,0.5837701,0.58186805,0.57586753,0.5744273,0.5754279,0.5746149,0.5756152,0.5762452,0.57676303,0.5759956,0.5754382,0.5753821,0.57322353,0.5712242,0.57209027,0.5723558,0.5690085,0.56877565,0.5667132,0.565743,0.56453246,0.56490153,0.5616802,0.56235206,0.56219,0.561802,0.5624916,0.56247383,0.5624223,0.5608636,0.55978423,0.55874544,0.5559591,0.55424273,0.5539116,0.55229485,0.55211407,0.55143434,0.5491569,0.54988325,0.54866856,0.54741234,0.5453148,0.54445946,0.5429742,0.5385911,0.53922015,0.53722197,0.5386155,0.53709453,0.5354823,0.53446114,0.5310893,0.5305908,0.5317464,0.53033155,0.52952605,0.53007436,0.5329769,0.5308028,0.5293838,0.52937376,0.52857316,0.5274666,0.5266315,0.524522,0.525628,0.52429765,0.5241372,0.52426946,0.52207136,0.5226953,0.52175796,0.5201351,0.5167879,0.51849127,0.5176761,0.5173684,0.5167584,0.51744884,0.51714885,0.517668,0.51663107,0.51720303,0.51912147,0.51836187,0.51565415,0.51488876,0.5125576,0.5133277,0.5134044,0.51473427,0.5121708,0.5119368,0.5118527,0.50905764,0.5057557,0.5015667,0.49997407,0.4996069,0.50016755,0.5017808,0.50431025,0.5044671,0.50593555,0.5036228,0.5045877,0.5026956,0.5018598,0.5011705,0.5025207,0.5008973,0.5004447,0.5005991,0.5016914,0.5041037
4,-0.95006645,-0.9511282,-0.94863975,-0.9431618,-0.9366005,-0.93463886,-0.93351936,-0.9330336,-0.9281042,-0.92524195,-0.9214426,-0.9178314,-0.91635066,-0.91542894,-0.91382056,-0.9108087,-0.9070738,-0.9043544,-0.9016879,-0.9020979,-0.900554,-0.9017336,-0.9010333,-0.90044034,-0.898069,-0.8955105,-0.894259,-0.8938123,-0.8923537,-0.8874483,-0.8880232,-0.8856125,-0.8837637,-0.8823811,-0.87961864,-0.8783616,-0.88089114,-0.8796302,-0.8776433,-0.8770653,-0.8754676,-0.86875373,-0.86851895,-0.86699784,-0.866642,-0.8637533,-0.8619469,-0.8623598,-0.8613304,-0.86010915,-0.8583314,-0.857407,-0.8595926,-0.85907954,-0.85957587,-0.8547603,-0.8534644,-0.8486999,-0.845642,-0.84407616,-0.843645,-0.84256,-0.8404436,-0.8389225,-0.8351722,-0.83184415,-0.8310273,-0.829847,-0.8279315,-0.82688475,-0.8262085,-0.82477313,-0.8237454,-0.8215004,-0.8186692,-0.81748086,-0.8170182,-0.81502044,-0.8106288,-0.80681884,-0.8056823,-0.7995839,-0.79608977,-0.79590315,-0.79233444,-0.7904973,-0.7872677,-0.7851287,-0.7824248,-0.78056556,-0.7818147,-0.7769679,-0.7742635,-0.7709302,-0.7700575,-0.7626782,-0.7603606,-0.7578307,-0.754368,-0.75056344,-0.745035,-0.74437946,-0.7393805,-0.7362974,-0.73531044,-0.73317593,-0.7315022,-0.72792184,-0.72418547,-0.7207467,-0.7154399,-0.7088016,-0.7040818,-0.70079696,-0.70110804,-0.70083916,-0.6995604,-0.6954718,-0.6934165,-0.6888319
5,0.8362912,0.83977205,0.8403462,0.8382875,0.83770084,0.83550394,0.8335002,0.8338159,0.8377781,0.84036887,0.8417059,0.8449944,0.84598863,0.84732354,0.85175973,0.852602,0.8498663,0.85181504,0.8513664,0.8488842,0.84913045,0.8501717,0.84907895,0.8519715,0.85504496,0.8559934,0.8564478,0.8587316,0.86198556,0.8651699,0.8658568,0.86811054,0.8709651,0.874914,0.87606394,0.8769342,0.8789808,0.8790841,0.8777035,0.87701285,0.87784374,0.87979794,0.87861776,0.8814149,0.8832739,0.88629085,0.8852002,0.88453305,0.8867227,0.8883522,0.8928331,0.89286596,0.893923,0.89208394,0.89539653,0.89861333,0.89954215,0.9030803,0.90538275,0.9030098,0.90584487,0.9087474,0.9110786,0.9125711,0.9131073,0.9153117,0.9153695,0.91484106,0.9144088,0.9137605,0.9141964,0.9156724,0.91686183,0.9173231,0.9185853,0.91790533,0.91631365,0.91712254,0.919069,0.9215641,0.92135763,0.9221565,0.9243056,0.92763126,0.9297203,0.93258303,0.93052024,0.9293634,0.9322947,0.93556327,0.9326855,0.9342092,0.9330241,0.9358697,0.93656886,0.9376877,0.93551856,0.93869054,0.94198656,0.9385861,0.9432772,0.94629526,0.94510144,0.9435132,0.941325,0.94283885,0.94551164,0.9449776,0.9455042,0.9483102,0.9485835,0.9472874,0.949732,0.9518324,0.95425737,0.95883626,0.96229076,0.9633194,0.96185267,0.96297157
6,0.24713972,0.24221957,0.2357045,0.23079228,0.22718099,0.22514987,0.22016498,0.21839511,0.21464948,0.21169457,0.2065912,0.20480168,0.19856402,0.19513221,0.19018865,0.1856696,0.1822103,0.17828716,0.17345886,0.16908693,0.16744497,0.16413984,0.16079232,0.15774289,0.15455319,0.1489628,0.14450726,0.14230871,0.13781835,0.13436854,0.13105536,0.1250929,0.12255009,0.12148801,0.118491866,0.11534904,0.11220713,0.1099063,0.10638331,0.10388007,0.10053748,0.0975889,0.094268635,0.09208069,0.08692168,0.08581985,0.084171034,0.08214477,0.07767554,0.07243329,0.070424214,0.06660158,0.0625547,0.05775813,0.054519605,0.05060873,0.04783537,0.044662744,0.042822137,0.039223664,0.03605707,0.032738145,0.0301564,0.028909707,0.02526835,0.020275602,0.013919748,0.0082716355,0.0058005704,0.002967575,-0.0008647792,-0.005935114,-0.008631765,-0.012081562,-0.015715633,-0.021928323,-0.029998288,-0.03509526,-0.041004296,-0.04562372,-0.05116235,-0.054912187,-0.058896124,-0.06312237,-0.06718099,-0.070066676,-0.07620494,-0.07908304,-0.08234024,-0.08830307,-0.0921674,-0.09823813,-0.10355278,-0.10978402,-0.11632018,-0.123661496,-0.129802,-0.13366139,-0.13668445,-0.14065364,-0.14562032,-0.1534182,-0.16111125,-0.16550387,-0.17153898,-0.17710343,-0.18103859,-0.18448548,-0.18782246,-0.1939948,-0.19833842,-0.2054468,-0.20917137,-0.21361034,-0.21789114,-0.2225372,-0.22648108,-0.23207161,-0.2355582,-0.24070148
7,1.1630976,1.1665014,1.1675446,1.1703999,1.1760223,1.1802448,1.1840459,1.186032,1.1916453,1.1959221,1.2041838,1.2089211,1.2131037,1.2197483,1.2239172,1.2288066,1.2318226,1.2372761,1.24129,1.2471998,1.2524414,1.2593405,1.264014,1.2694781,1.2737114,1.2805847,1.2860668,1.2911832,1.2954066,1.2998326,1.307758,1.311629,1.3136215,1.3190135,1.3235047,1.3273743,1.3342872,1.3404887,1.3441387,1.3504827,1.3572209,1.3634824,1.3676865,1.3732463,1.379836,1.3828967,1.3899634,1.3949721,1.4016055,1.4063008,1.4147056,1.4187043,1.423572,1.4295487,1.4332628,1.4391991,1.444382,1.4467196,1.4515454,1.4562377,1.4626276,1.4694763,1.4750971,1.480635,1.483398,1.4911802,1.497344,1.5027906,1.5094982,1.5139108,1.521784,1.5297289,1.53676,1.5413381,1.5486602,1.5495738,1.5529629,1.559346,1.563172,1.5691711,1.57695,1.5829238,1.584735,1.5899217,1.5953759,1.5978289,1.6006012,1.6057554,1.6120449,1.6166487,1.6193526,1.6220146,1.6276964,1.6325033,1.6365188,1.6396816,1.6432453,1.6480992,1.6566925,1.6623529,1.6683924,1.6728996,1.6773605,1.6833404,1.6884177,1.6940267,1.6980032,1.701602,1.7003044,1.7000729,1.6994501,1.7026154,1.7049408,1.7085593,1.7124422,1.7125318,1.7159088,1.722148,1.7247432,1.7292309
8,-0.006578819,-0.005603118,-0.00555084,-0.0067645935,-0.007894571,-0.009020869,-0.012428905,-0.01521522,-0.015246171,-0.014700623,-0.014529021,-0.011994088,-0.013866874,-0.013368329,-0.013702397,-0.014305194,-0.012291113,-0.0123211695,-0.013888292,-0.014805287,-0.016820442,-0.016425263,-0.018193975,-0.020024465,-0.023383059,-0.022029422,-0.02293271,-0.024739854,-0.02541859,-0.026220908,-0.025596905,-0.025071716,-0.026672378,-0.026014512,-0.02645393,-0.026610881,-0.03143365,-0.0315453,-0.033628784,-0.033985294,-0.035220068,-0.03473925,-0.036051385,-0.035733692,-0.03564061,-0.040420346,-0.041906253,-0.04141778,-0.042744722,-0.043901652,-0.045118213,-0.04688876,-0.04933713,-0.050581973,-0.04897686,-0.04925432,-0.049813926,-0.0480674,-0.04879257,-0.048579812,-0.04932549,-0.048771672,-0.048636634,-0.051772654,-0.052113842,-0.05203082,-0.05115525,-0.054445833,-0.055196017,-0.056342013,-0.05727635,-0.057772838,-0.057545137,-0.05893121,-0.061155993,-0.06169813,-0.06199386,-0.061769165,-0.06174346,-0.059950907,-0.06161393,-0.06536506,-0.06650176,-0.06925514,-0.06881977,-0.07063431,-0.07251425,-0.074069284,-0.07275434,-0.07417691,-0.075516246,-0.07547031,-0.078073055,-0.07782906,-0.07750079,-0.0788015,-0.080437236,-0.08331536,-0.08459142,-0.08871983,-0.09081258,-0.09143491,-0.09403988,-0.09385111,-0.09624183,-0.09795073,-0.10244919,-0.10489924,-0.10637997,-0.107713714,-0.11029555,-0.115596674,-0.1180524,-0.12135102,-0.12350921,-0.12600596,-0.12799971,-0.12985139,-0.13027565,-0.13172975
9,-0.44508797,-0.44900307,-0.4554387,-0.46208137,-0.46845326,-0.4736282,-0.47961769,-0.48281962,-0.48758498,-0.49206144,-0.49689522,-0.49861413,-0.5043038,-0.5097815,-0.51509154,-0.52044666,-0.5280576,-0.5332866,-0.53549147,-0.54213744,-0.5506876,-0.5570842,-0.5629716,-0.57194316,-0.57809937,-0.5839927,-0.5906204,-0.5978501,-0.6051245,-0.6107925,-0.6177778,-0.6230587,-0.62902117,-0.63334686,-0.6391726,-0.6438668,-0.6489491,-0.65573204,-0.6635415,-0.6676003,-0.67171896,-0.6787251,-0.6828991,-0.6885993,-0.69751614,-0.70217097,-0.7094339,-0.7133038,-0.7202683,-0.7260957,-0.7340983,-0.7378303,-0.7467875,-0.75127155,-0.75841594,-0.76460683,-0.7712976,-0.77531445,-0.7815593,-0.789886,-0.7977292,-0.80533636,-0.8114792,-0.8141699,-0.81805944,-0.8261484,-0.8300664,-0.838487,-0.845187,-0.85277337,-0.8607685,-0.86775815,-0.87123215,-0.8774425,-0.8848642,-0.8933304,-0.9020444,-0.9077239,-0.9147786,-0.92112494,-0.92788684,-0.9333867,-0.9381617,-0.9445734,-0.94905853,-0.9566557,-0.9622281,-0.9694525,-0.976003,-0.9840186,-0.9907238,-0.99662,-1.0038424,-1.0108677,-1.0162203,-1.0186253,-1.0263741,-1.033323,-1.0378311,-1.0401227,-1.0474254,-1.055572,-1.0594438,-1.061599,-1.0713542,-1.0816457,-1.0885804,-1.094614,-1.1003544,-1.1045711,-1.110065,-1.1116517,-1.1174839,-1.1231258,-1.1330646,-1.1404049,-1.1492248,-1.1543677,-1.1600518,-1.163714
10,2.9023378,2.901893,2.893806,2.889568,2.8893163,2.8850064,2.8838816,2.8810856,2.8810928,2.8756027,2.8717756,2.8662117,2.8662865,2.8684585,2.863712,2.862341,2.8566425,2.8593328,2.8616595,2.8617244,2.859964,2.8614604,2.8615098,2.862763,2.8659081,2.865234,2.8644564,2.866588,2.869596,2.8681285,2.8704984,2.8725219,2.8764706,2.8759859,2.8774178,2.877983,2.8791113,2.8789601,2.8805509,2.8821564,2.8835816,2.8860488,2.8833976,2.8849578,2.8871677,2.8912454,2.8925817,2.8972085,2.8986871,2.8986623,2.9012473,2.9055126,2.90898,2.907678,2.9055762,2.9034631,2.9059758,2.9100363,2.9138885,2.9120462,2.91422,2.919649,2.921884,2.921915,2.9207034,2.9218698,2.9245005,2.9232602,2.9252899,2.9210844,2.9234426,2.9249923,2.928901,2.9327977,2.9372928,2.9377263,2.9375615,2.9366317,2.9374082,2.9370716,2.9382672,2.9352615,2.9356523,2.9384785,2.932759,2.9345007,2.9338212,2.9357696,2.9339,2.9322934,2.9330564,2.9331334,2.9324436,2.9344478,2.9337595,2.934958,2.9389236,2.9433582,2.9454885,2.9480164,2.9430976,2.9451325,2.9474056,2.947062,2.9434152,2.942786,2.9448273,2.9452221,2.942016,2.9358976,2.9316964,2.9346669,2.9385116,2.939974,2.9407206,2.9409575,2.9428215,2.9400592,2.9396472,2.9386268
11,1.303202,1.299217,1.2933649,1.2901826,1.2801263,1.2723738,1.2652909,1.2620943,1.2557546,1.248952,1.2393875,1.2299623,1.2228136,1.2162365,1.2076613,1.2043403,1.1946299,1.1872116,1.1789981,1.1719877,1.1654875,1.1603972,1.1544973,1.1489922,1.1419272,1.1346984,1.1265445,1.1206434,1.1152309,1.106433,1.0983621,1.0900415,1.0821866,1.0753285,1.0680314,1.0618098,1.0560749,1.0476817,1.0398791,1.0355756,1.0241989,1.0148379,1.0018296,0.9926184,0.98683006,0.9779006,0.96997577,0.9630691,0.95293444,0.9461166,0.93986523,0.9310406,0.9212041,0.91272944,0.9031228,0.8938135,0.8836895,0.8780966,0.86869466,0.85665166,0.8499635,0.8438239,0.83546895,0.8280732,0.82065547,0.8120904,0.80549127,0.7960194,0.78710926,0.77461827,0.76481223,0.7560636,0.7475163,0.74030745,0.7324657,0.7230843,0.7117205,0.7012683,0.69208634,0.6814852,0.6731962,0.65957606,0.6516782,0.6396866,0.6301343,0.6217602,0.6098683,0.6016787,0.59370995,0.5846133,0.572297,0.561916,0.5556554,0.5457121,0.53178203,0.5212374,0.51000434,0.5021111,0.49301323,0.48373514,0.4734455,0.4621408,0.4519135,0.44001955,0.42539686,0.41122198,0.40028143,0.39113188,0.38011923,0.37245557,0.3619812,0.353811,0.34500146,0.33654106,0.32654136,0.318213,0.3077131,0.2977484,0.28251046,0.26873145
12,1.3356485,1.3343477,1.3290565,1.3282025,1.3244226,1.3188695,1.3150799,1.312821,1.3057909,1.2974863,1.2907459,1.2833148,1.2814112,1.2800987,1.274183,1.271731,1.2677028,1.2661132,1.2628288,1.2590945,1.2547586,1.2536732,1.2505684,1.2501569,1.2504585,1.2475425,1.2439823,1.2442114,1.2438962,1.2378348,1.2343597,1.233454,1.23332,1.2306893,1.2289783,1.2273941,1.2265894,1.2231641,1.219939,1.2191802,1.2188101,1.215764,1.2117832,1.2096494,1.2098291,1.2088759,1.2097178,1.2106407,1.2097379,1.2088869,1.2087945,1.2094402,1.2106202,1.206393,1.2042482,1.2014707,1.2011412,1.1986817,1.1967047,1.1947241,1.1974905,1.1991812,1.1991146,1.198062,1.1974591,1.1972315,1.1986802,1.1962776,1.1982903,1.1972201,1.1986617,1.1989518,1.196087,1.1973703,1.1977367,1.1981294,1.1964736,1.1938229,1.1957393,1.1907709,1.190736,1.190154,1.1905929,1.1897275,1.190769,1.1915768,1.1891606,1.1895795,1.1873975,1.1870892,1.1861904,1.1882991,1.1875204,1.1883535,1.1860719,1.1868432,1.1887873,1.1909516,1.190155,1.1897633,1.1875976,1.188105,1.1884166,1.1882318,1.1883852,1.1883619,1.1884806,1.1887791,1.187437,1.186813,1.1847279,1.1871152,1.1908133,1.1941979,1.196532,1.2015928,1.2063224,1.206244,1.2060215,1.2083857
13,1.3172532,1.3118274,1.3042746,1.2989259,1.2935132,1.2861999,1.2821337,1.2759106,1.2695998,1.2632208,1.260669,1.2556698,1.2515069,1.2481617,1.2477486,1.2447118,1.2401844,1.2376815,1.2337784,1.2281221,1.2271565,1.2246734,1.2214439,1.2202197,1.2207012,1.2166991,1.212381,1.210501,1.20911,1.2055285,1.2021997,1.2013655,1.1994262,1.1958269,1.194219,1.1923373,1.1894736,1.1864555,1.1846409,1.1805747,1.1765993,1.1739144,1.1704162,1.1680957,1.165177,1.1618989,1.15926,1.157409,1.1561687,1.1504103,1.149015,1.1458195,1.1451666,1.1430596,1.1400515,1.1405222,1.1375011,1.1351371,1.1331216,1.1279947,1.1252849,1.1262118,1.1244127,1.1226612,1.1217806,1.1205559,1.1185845,1.113612,1.1127889,1.1080575,1.1044841,1.1051755,1.1036571,1.1028187,1.1011051,1.0987508,1.094011,1.0895903,1.0845735,1.081854,1.0814793,1.0801989,1.0784272,1.0783478,1.074894,1.074986,1.0739965,1.0699326,1.0682372,1.0664885,1.0654268,1.0622627,1.060581,1.0594351,1.0579984,1.0547756,1.0506179,1.0501372,1.0482234,1.0482887,1.0484909,1.0478704,1.046747,1.0430276,1.0415411,1.03771,1.0399013,1.0334885,1.0281787,1.0249578,1.0234201,1.0243495,1.0240796,1.0229337,1.0219651,1.0234823,1.0257378,1.021238,1.019998,1.0205867
14,1.1273165,1.1255118,1.123612,1.1225408,1.1234312,1.1238272,1.125818,1.128855,1.1302557,1.131398,1.1335733,1.1373225,1.141563,1.1433958,1.1429585,1.1479969,1.1512244,1.1562771,1.1595752,1.1619322,1.1618071,1.1663058,1.1702935,1.1748006,1.1774397,1.1806862,1.1835918,1.1888988,1.1950858,1.198958,1.2038187,1.2080717,1.213846,1.2184358,1.2218044,1.2260773,1.2302248,1.2372568,1.241975,1.2465641,1.2495592,1.2546127,1.2569784,1.2620436,1.267533,1.273217,1.2765694,1.2780886,1.2814949,1.285304,1.2897136,1.294037,1.2980082,1.3004386,1.3046353,1.3104105,1.3141496,1.3190114,1.3280139,1.3307881,1.3340423,1.340545,1.3447926,1.3472005,1.3544586,1.359681,1.3627783,1.3666319,1.3724177,1.3760917,1.3799374,1.3866738,1.3937451,1.3978823,1.4024045,1.4077023,1.4110126,1.4173237,1.4242918,1.4290979,1.435035,1.4435127,1.4526192,1.4602792,1.4647019,1.4739497,1.4822193,1.4888458,1.492582,1.5006258,1.5066088,1.5113356,1.5155799,1.5216398,1.5283563,1.5340649,1.5376523,1.5456336,1.5529425,1.5571632,1.5624269,1.565798,1.5661492,1.5735853,1.5775038,1.5847354,1.5926737,1.6005684,1.6073291,1.6139143,1.618054,1.6201748,1.6296715,1.6353557,1.6423638,1.6490443,1.6553307,1.6580635,1.6610798,1.6657461
15,0.5050779,0.50277394,0.50482213,0.50046307,0.49885494,0.50026304,0.4993669,0.4976197,0.4932908,0.4898538,0.488973,0.48776507,0.48508415,0.48554817,0.4833302,0.48169035,0.47884497,0.47763532,0.4760552,0.47334918,0.47304273,0.47250843,0.4710955,0.47035918,0.46907264,0.4673427,0.46415585,0.4641822,0.46113196,0.46182552,0.46204367,0.4581984,0.456498,0.45403323,0.45073628,0.44935685,0.44951352,0.44684976,0.44488597,0.4443822,0.44497305,0.44209322,0.44338053,0.44435924,0.44149733,0.43999314,0.4378136,0.43588,0.43733063,0.4363138,0.4338793,0.4341038,0.43441123,0.43369895,0.4318189,0.43045884,0.4266079,0.42419448,0.4211095,0.42166728,0.42094707,0.41730136,0.41466218,0.41317898,0.40862006,0.40644965,0.40479732,0.40369457,0.3999207,0.39725137,0.39628324,0.39506745,0.3948633,0.39194286,0.38923654,0.38447434,0.38471836,0.3849629,0.38263887,0.3819881,0.38096634,0.3798402,0.3760298,0.37424707,0.37075132,0.36799905,0.36384222,0.36291128,0.36012352,0.3549544,0.35502177,0.35360184,0.3532036,0.35311383,0.3539141,0.3527651,0.3554888,0.35240048,0.34907454,0.34854716,0.34679675,0.3446241,0.3428881,0.34260422,0.3438348,0.3416869,0.33895758,0.34023923,0.33501405,0.33204448,0.32830805,0.3258003,0.32158914,0.321374,0.32069534,0.3172597,0.3157165,0.3129734,0.309788,0.30896455
16,0.4941283,0.48767513,0.48537955,0.4825558,0.47892714,0.4776671,0.47513896,0.47446924,0.47026664,0.46612948,0.46324044,0.46342587,0.46268553,0.4624754,0.45966157,0.4560255,0.45388943,0.45414263,0.4517488,0.4506498,0.4495225,0.44811144,0.44740263,0.44702125,0.44493097,0.44277185,0.43805036,0.43543738,0.43322664,0.4325955,0.43198505,0.4273146,0.42448822,0.4209357,0.41605562,0.41497183,0.4113748,0.40719777,0.40239802,0.4003961,0.39792937,0.39376903,0.39089483,0.3881402,0.38474524,0.38561752,0.38309178,0.38068396,0.37967262,0.37789267,0.37513062,0.37705883,0.3769569,0.37578067,0.37324876,0.36855164,0.36259967,0.36116982,0.35831845,0.35585076,0.3548141,0.35097927,0.34796432,0.34397164,0.34101662,0.33681357,0.3342647,0.3304164,0.32698032,0.321723,0.31929702,0.31562752,0.3145321,0.31062374,0.30620405,0.3014646,0.29831326,0.2973432,0.29525605,0.29079342,0.28625038,0.28057516,0.2763195,0.27150315,0.26742747,0.26448923,0.26191804,0.2574213,0.25281477,0.24852788,0.24642622,0.24388762,0.23927975,0.23471221,0.23408115,0.22879048,0.22560172,0.22041392,0.21384797,0.21350694,0.20463534,0.20193043,0.19768068,0.1921496,0.18776457,0.18374225,0.17959356,0.17399523,0.16858779,0.16475083,0.16056398,0.15469775,0.14831474,0.14449528,0.14016725,0.13963634,0.13355413,0.12646455,0.1221021,0.11745028
17,0.8807926,0.8835721,0.8884684,0.89130276,0.89408475,0.8987009,0.90228397,0.9064981,0.9105588,0.9122232,0.9164896,0.9189293,0.9206812,0.9254963,0.9258323,0.92936265,0.9334936,0.93834466,0.94333637,0.94537544,0.9479826,0.95444477,0.95811987,0.9632343,0.9689458,0.9739701,0.9789203,0.9849572,0.98948514,0.99473876,0.99861515,1.0011652,1.0045164,1.0074154,1.0086687,1.0126878,1.0159738,1.0176452,1.020224,1.0238334,1.0260025,1.0287279,1.0339991,1.0366269,1.0410384,1.0450697,1.046788,1.0502977,1.0545186,1.0584981,1.064327,1.0677992,1.0736549,1.0758556,1.0775131,1.08087,1.0835421,1.0855502,1.0865798,1.0874026,1.088331,1.092693,1.096698,1.098538,1.1013,1.1024911,1.1043814,1.1058565,1.1059072,1.1095765,1.1130453,1.116184,1.120302,1.1230301,1.1275747,1.1306752,1.1336063,1.1377908,1.1408415,1.1413362,1.1445216,1.1488848,1.1482298,1.1523025,1.1536561,1.1564839,1.1582576,1.1584883,1.1619376,1.1610988,1.1643265,1.1665571,1.1684378,1.1721787,1.1752583,1.1772661,1.1781508,1.1812294,1.181517,1.1867534,1.1889769,1.1902603,1.1937752,1.1905668,1.1931547,1.1949575,1.1969844,1.199333,1.199892,1.1997718,1.1986309,1.1999438,1.1992607,1.2029259,1.2042367,1.2058697,1.206755,1.2044166,1.204958,1.2053324
18,0.7384831,0.7381757,0.73716706,0.73551697,0.73451865,0.7321221,0.73251444,0.73011255,0.7282779,0.72344184,0.71983707,0.72104555,0.7183862,0.7184092,0.717812,0.71471673,0.7124266,0.7123221,0.71100575,0.71145594,0.71122134,0.71141815,0.70915496,0.70609844,0.70359695,0.7021483,0.7007594,0.700359,0.6977435,0.697414,0.6957353,0.69313365,0.6913732,0.6887263,0.6845523,0.68395984,0.68431807,0.68120795,0.6786402,0.67623186,0.67305094,0.6686932,0.6680409,0.6674939,0.666475,0.6655992,0.6652449,0.6627046,0.66113603,0.6587422,0.6593512,0.65903926,0.6605299,0.65622246,0.6546892,0.6511073,0.64765733,0.64169014,0.6388221,0.63363934,0.63219047,0.62850773,0.6267271,0.62518746,0.6231071,0.6191712,0.61868143,0.6151655,0.6118102,0.6063186,0.6056055,0.60236454,0.60031956,0.5952929,0.59198296,0.5853354,0.5822784,0.57930714,0.5744135,0.56819886,0.56465447,0.5595816,0.55184186,0.5490147,0.5475477,0.54257727,0.535848,0.531757,0.52711767,0.52008307,0.5141261,0.5095611,0.50530064,0.5009511,0.4976163,0.49258667,0.48483872,0.48092985,0.47498974,0.4728319,0.4656406,0.4610381,0.45570308,0.44666734,0.44072857,0.4358522,0.42917442,0.42149925,0.413781,0.40954056,0.4062705,0.40018684,0.3933993,0.3901028,0.386046,0.3808779,0.37725487,0.37042853,0.36379945,0.35735548
19,-0.23995325,-0.24538657,-0.24881944,-0.2512571,-0.25369394,-0.25243685,-0.25693005,-0.25885803,-0.2614439,-0.26406842,-0.267872,-0.26585266,-0.26975244,-0.2722742,-0.27273464,-0.27651465,-0.2791363,-0.2808744,-0.2825946,-0.28495327,-0.28894868,-0.29175842,-0.2955653,-0.29801226,-0.30261093,-0.3049098,-0.30902204,-0.31363335,-0.31539965,-0.31842905,-0.32113373,-0.3256834,-0.3304947,-0.333367,-0.33734584,-0.33966696,-0.34295183,-0.34394714,-0.34793806,-0.35030916,-0.35222453,-0.35405034,-0.35570425,-0.35807294,-0.3601926,-0.3616496,-0.36899215,-0.36948436,-0.37275136,-0.37753364,-0.3798069,-0.3821974,-0.3874036,-0.389985,-0.39152247,-0.39633206,-0.40288582,-0.40666613,-0.40733868,-0.4103023,-0.41396508,-0.41524285,-0.4176438,-0.42264947,-0.4255291,-0.42797294,-0.4304883,-0.4341291,-0.436469,-0.44029912,-0.4433031,-0.44614306,-0.44861037,-0.4529252,-0.45710182,-0.46146697,-0.46488795,-0.46758395,-0.46917266,-0.47033548,-0.47508353,-0.47997794,-0.48349458,-0.48814297,-0.49231505,-0.49440998,-0.49753848,-0.50311273,-0.5067819,-0.5072577,-0.5100886,-0.5145591,-0.517794,-0.51716125,-0.51897645,-0.521327,-0.52537566,-0.5300175,-0.5314617,-0.534532,-0.5400008,-0.54355156,-0.5485501,-0.5522946,-0.55618346,-0.55842555,-0.5603546,-0.5661151,-0.56848323,-0.5720049,-0.57393396,-0.57787573,-0.5831572,-0.5848302,-0.5873192,-0.5896423,-0.5939943,-0.59917355,-0.6007078,-0.6027426
20,0.28431728,0.28632137,0.28328362,0.28013265,0.27923873,0.2782576,0.2771634,0.27556574,0.27635568,0.27650052,0.27459487,0.27378556,0.27377948,0.27609542,0.27588183,0.2748471,0.2760153,0.27538124,0.27539825,0.2737473,0.27439663,0.27484408,0.2745739,0.27506563,0.27452207,0.27175888,0.27152696,0.27296764,0.27236658,0.27240914,0.27412686,0.2751389,0.2769,0.27612066,0.27610323,0.27804905,0.27677163,0.2778611,0.2776336,0.27626604,0.27591252,0.27708006,0.27634272,0.275517,0.27591178,0.27688652,0.2762795,0.27660903,0.2784037,0.27537182,0.2777322,0.27564013,0.27544513,0.27247006,0.2755875,0.27262923,0.26898512,0.26645234,0.26217267,0.26077056,0.26052678,0.2623879,0.26215348,0.26163954,0.25981373,0.25784555,0.25804877,0.25362104,0.25536823,0.25318974,0.2525893,0.2520462,0.25012332,0.24977644,0.2508392,0.2487227,0.24538688,0.24473079,0.24362545,0.24300297,0.24015908,0.23426898,0.23394844,0.23210415,0.23199663,0.23061292,0.22965506,0.22983003,0.23011544,0.22877142,0.22820234,0.22456205,0.22262177,0.22234663,0.21879062,0.21784338,0.21706554,0.21523981,0.21234486,0.21054177,0.20643277,0.20614715,0.20437765,0.20247765,0.1989347,0.19913758,0.19727391,0.19510004,0.19131467,0.18497771,0.17949033,0.17285444,0.17171104,0.16843627,0.165068,0.16193277,0.16157739,0.1622899,0.16091712,0.15557691
21,-0.5321913,-0.53640497,-0.5383418,-0.5411679,-0.54332614,-0.5445129,-0.54888034,-0.5496783,-0.5510663,-0.55458206,-0.5559033,-0.55779904,-0.55915385,-0.5606371,-0.5620281,-0.5638257,-0.56368697,-0.56385076,-0.56647784,-0.56929195,-0.5721829,-0.575246,-0.5791017,-0.5829239,-0.5866157,-0.588192,-0.5893482,-0.59325624,-0.59532166,-0.59792465,-0.6003634,-0.60364354,-0.6068886,-0.6100729,-0.61329347,-0.6149832,-0.6184441,-0.62025315,-0.6215221,-0.62503326,-0.6255086,-0.629235,-0.6299599,-0.633634,-0.6369582,-0.6398531,-0.64372206,-0.6455769,-0.64829135,-0.6531524,-0.6572353,-0.65996975,-0.66329145,-0.6651382,-0.6666263,-0.66723067,-0.6703128,-0.6680974,-0.6702067,-0.6707181,-0.6742629,-0.67535365,-0.6759281,-0.6790862,-0.67717063,-0.6797528,-0.6810339,-0.6824907,-0.6835638,-0.6841543,-0.6869828,-0.6900004,-0.69227564,-0.6929842,-0.6979471,-0.7032569,-0.7060498,-0.7068502,-0.7091592,-0.71059054,-0.71449786,-0.7172959,-0.71741354,-0.7228533,-0.723966,-0.7249635,-0.72971845,-0.73204625,-0.7355324,-0.73907775,-0.74200994,-0.7452772,-0.7462373,-0.7479094,-0.7500431,-0.7500291,-0.752034,-0.75486296,-0.75620675,-0.7611718,-0.7624649,-0.7630297,-0.76721895,-0.7712194,-0.7773645,-0.7822314,-0.7829534,-0.78423375,-0.7809506,-0.78331566,-0.7794377,-0.7787755,-0.77960825,-0.7832359,-0.7840878,-0.7867216,-0.7915062,-0.78908193,-0.7911183,-0.78939474
22,-0.24224687,-0.2437092,-0.23994331,-0.23762444,-0.23821154,-0.23326397,-0.23399572,-0.2354948,-0.23401482,-0.23154847,-0.22998743,-0.22667924,-0.22547095,-0.22399262,-0.22285834,-0.22264251,-0.2226133,-0.22056139,-0.21857038,-0.21685056,-0.21668606,-0.2163393,-0.217026,-0.2163465,-0.21469514,-0.21385069,-0.21459961,-0.21232578,-0.21056783,-0.21024461,-0.20717955,-0.20707247,-0.20462854,-0.20233338,-0.2001557,-0.19839343,-0.19584821,-0.19041245,-0.1908347,-0.19151103,-0.18748067,-0.18514557,-0.18354651,-0.18190554,-0.17937061,-0.17665608,-0.17610046,-0.17242597,-0.1694027,-0.16731918,-0.16643468,-0.16607371,-0.1637445,-0.1609648,-0.15704863,-0.15102269,-0.14962947,-0.14632803,-0.14222027,-0.14119093,-0.13947189,-0.1363278,-0.13123354,-0.13215688,-0.12730397,-0.124492265,-0.12301258,-0.123556994,-0.121538065,-0.11957137,-0.116699204,-0.11493512,-0.11172445,-0.108942054,-0.10694362,-0.10624786,-0.10392191,-0.09853723,-0.09509873,-0.091322735,-0.09011887,-0.087144546,-0.08200736,-0.080799505,-0.07505092,-0.07456067,-0.070920415,-0.06802551,-0.06386201,-0.05839362,-0.05484479,-0.053420793,-0.048866957,-0.045249008,-0.04094244,-0.03675989,-0.03299402,-0.026884357,-0.020557921,-0.017352257,-0.012931868,-0.0094051575,-0.0051622675,-0.0010403397,0.0020891041,0.0043136845,0.008398208,0.012768683,0.01660822,0.019788057,0.023350392,0.02577011,0.028931618,0.032668103,0.03731994,0.04085511,0.04696757,0.05245009,0.05606971,0.062012732
23,2.6070998,2.6021266,2.5894969,2.580212,2.57404,2.5667968,2.5610144,2.5541873,2.5487478,2.5394905,2.5338197,2.5261161,2.5201294,2.5176322,2.5101218,2.5020986,2.493851,2.4893708,2.482126,2.478101,2.472983,2.4689715,2.4649577,2.461125,2.4581234,2.4536,2.4487133,2.4446576,2.440835,2.4354599,2.4314334,2.4267225,2.4240623,2.4192772,2.41428,2.4112365,2.410016,2.4033062,2.3952928,2.3912747,2.3872247,2.3822389,2.3764377,2.3691146,2.365881,2.3603482,2.3534207,2.3496,2.343892,2.338162,2.3341002,2.332515,2.3293343,2.3227057,2.3141506,2.3072205,2.3024144,2.2980678,2.2937055,2.2846122,2.280438,2.2786865,2.2744968,2.2706378,2.2633328,2.2589023,2.254786,2.2454476,2.243237,2.236199,2.2316577,2.2291272,2.2232034,2.2204723,2.2174122,2.2118814,2.205729,2.2001557,2.1922724,2.186573,2.1815412,2.1739793,2.167938,2.1644104,2.1594477,2.155468,2.1488194,2.1457226,2.140646,2.1335626,2.1285975,2.124436,2.1192946,2.1125913,2.1044133,2.0987525,2.0927927,2.089596,2.0823388,2.0794563,2.0688736,2.0614605,2.0540001,2.0477195,2.0404465,2.0319216,2.0277765,2.0222619,2.012598,2.0031953,1.9904658,1.9828962,1.975009,1.9681066,1.9605602,1.9530516,1.9465401,1.937268,1.9320214,1.9310191
24,2.0838072,2.0794067,2.0699365,2.0638049,2.0586112,2.048935,2.0419574,2.035219,2.0276713,2.0169508,2.0084379,2.0002494,1.9958296,1.9919188,1.9818442,1.9726709,1.962053,1.9574988,1.9522034,1.9468228,1.9404867,1.9351536,1.9286587,1.9235293,1.918225,1.9122877,1.9076103,1.903512,1.8998232,1.8956366,1.8928074,1.8879111,1.8851357,1.8803232,1.8760824,1.8724998,1.8672101,1.8586695,1.853208,1.8469788,1.8440847,1.835789,1.8319361,1.8274326,1.8227482,1.8173201,1.8126843,1.8079014,1.8024123,1.7958292,1.7922283,1.7880589,1.7845064,1.7782762,1.7704058,1.7661158,1.7622204,1.7563397,1.7527535,1.7479908,1.7443266,1.7407148,1.736206,1.7316526,1.7245512,1.7197628,1.7150208,1.7053874,1.7035526,1.6980209,1.6931982,1.6897713,1.6851263,1.6814394,1.6764387,1.6701953,1.6651399,1.6601435,1.6544861,1.6505344,1.6472765,1.6414378,1.6353378,1.633357,1.6251959,1.6201203,1.616003,1.6113727,1.6067756,1.6011808,1.5953814,1.5930593,1.587147,1.5848147,1.5806698,1.5738385,1.5669202,1.5626199,1.556851,1.551245,1.5408137,1.5343769,1.5276043,1.5174412,1.5111749,1.5044528,1.5022254,1.4957241,1.486404,1.4770716,1.4679182,1.4639573,1.4596479,1.4523317,1.4470696,1.4413716,1.4386636,1.4308048,1.4250747,1.4203569
25,0.47262496,0.4696516,0.46367726,0.45472878,0.44880915,0.44405627,0.4368476,0.4313028,0.42479834,0.41904038,0.41307196,0.4090627,0.4045693,0.40177733,0.3981271,0.3952776,0.3913976,0.38730502,0.3828501,0.3789829,0.37628078,0.37148437,0.36842924,0.3649035,0.3613131,0.35590786,0.35316858,0.34983736,0.34619582,0.3414002,0.33797926,0.33339018,0.3290647,0.3261328,0.32135564,0.3206506,0.31717983,0.31295112,0.308954,0.30602875,0.30229992,0.29759452,0.29353276,0.29131246,0.28557736,0.28078118,0.27705297,0.2735023,0.26870584,0.2635386,0.26023096,0.25533813,0.25212926,0.24944165,0.2459017,0.24271584,0.23657691,0.23271859,0.22824228,0.22431791,0.22111955,0.21974738,0.21627255,0.2141507,0.208607,0.20531015,0.20353857,0.19707271,0.19427957,0.18964744,0.1832295,0.18113008,0.17831734,0.17405097,0.16985047,0.16681415,0.16284803,0.15865746,0.1538122,0.15238982,0.14776352,0.14531705,0.14476062,0.14117171,0.14112315,0.13838552,0.13200969,0.12872915,0.12902248,0.12814192,0.12800294,0.12496366,0.11887064,0.11709517,0.11361631,0.10865853,0.10387248,0.10024265,0.09534462,0.090951696,0.08315629,0.07728749,0.0729206,0.066789836,0.061678927,0.056159772,0.052090645,0.045640606,0.0439268,0.041862253,0.04205319,0.04053398,0.037074912,0.032471705,0.026334122,0.023223776,0.020744346,0.01325728,0.010581549,0.0070379665
26,-0.25351623,-0.25052768,-0.24979714,-0.24633405,-0.24265936,-0.24063611,-0.23975404,-0.23675688,-0.23420553,-0.23116274,-0.2325666,-0.22889796,-0.22726758,-0.22575831,-0.22310725,-0.22083612,-0.21965382,-0.21735859,-0.21565342,-0.21446693,-0.21320382,-0.21302707,-0.2124908,-0.20994735,-0.20881908,-0.20679149,-0.20600387,-0.20301744,-0.2005157,-0.19663465,-0.19619428,-0.19435057,-0.19183531,-0.18956593,-0.18614411,-0.1843181,-0.18142593,-0.17841394,-0.17798908,-0.17715473,-0.17236131,-0.1688654,-0.1689758,-0.16590835,-0.1649683,-0.16203332,-0.16079777,-0.15668352,-0.15524414,-0.15325369,-0.15061553,-0.14891754,-0.14798471,-0.14762422,-0.1449532,-0.14112806,-0.14116657,-0.13975531,-0.13729022,-0.13448185,-0.13313329,-0.13163067,-0.12929061,-0.12811676,-0.12386167,-0.12097584,-0.11802542,-0.11698779,-0.114549085,-0.11459465,-0.11530759,-0.11385612,-0.11091386,-0.11067252,-0.1091546,-0.10622326,-0.10559605,-0.10230193,-0.10181256,-0.09983714,-0.10154475,-0.10105364,-0.099633016,-0.09802723,-0.09645586,-0.09477401,-0.092643805,-0.09158761,-0.091076314,-0.0867602,-0.08667262,-0.08832322,-0.08597686,-0.083174385,-0.08169703,-0.08007588,-0.07955667,-0.07824534,-0.076147914,-0.075964116,-0.07648982,-0.07513604,-0.0748234,-0.07536717,-0.07687303,-0.07769017,-0.07833822,-0.08024804,-0.07855326,-0.07977032,-0.082216576,-0.08211756,-0.08077794,-0.080324546,-0.08009372,-0.08301755,-0.083012536,-0.08204671,-0.08196477,-0.08116628
27,-0.092060216,-0.096066415,-0.100642286,-0.1060674,-0.10963136,-0.11299626,-0.11721015,-0.11938474,-0.121200204,-0.12691687,-0.13187686,-0.13492595,-0.13883263,-0.14223713,-0.14609918,-0.15226571,-0.1545459,-0.15805909,-0.16273004,-0.16889812,-0.17277889,-0.17781103,-0.18163487,-0.18722996,-0.1913386,-0.19594504,-0.200967,-0.206436,-0.20976529,-0.21256623,-0.21674724,-0.2209033,-0.22521642,-0.22968058,-0.23403421,-0.23712067,-0.24067667,-0.24227235,-0.24633756,-0.25247836,-0.25727117,-0.26178622,-0.26667556,-0.2696839,-0.27551726,-0.28056172,-0.2862446,-0.29191273,-0.29830977,-0.30267447,-0.307507,-0.3123327,-0.3180739,-0.32621205,-0.33150095,-0.33639106,-0.34148973,-0.34608796,-0.35362324,-0.36025792,-0.3661261,-0.37114805,-0.37726232,-0.38158086,-0.3867451,-0.39116332,-0.3974584,-0.40088505,-0.40491122,-0.4106988,-0.41557273,-0.42039976,-0.4257269,-0.43144006,-0.43745643,-0.44243637,-0.44773364,-0.45290518,-0.45970368,-0.46414202,-0.46984607,-0.47640187,-0.48233318,-0.48634356,-0.49175626,-0.49663168,-0.5026808,-0.5085007,-0.51093197,-0.5166212,-0.5212704,-0.52547926,-0.5298254,-0.53555614,-0.53995067,-0.5438124,-0.5505206,-0.5557726,-0.5599756,-0.5663437,-0.57038754,-0.5681648,-0.5721988,-0.57985103,-0.5868133,-0.5914897,-0.5957936,-0.6013862,-0.6063411,-0.6115657,-0.6124334,-0.61660755,-0.6213501,-0.62920034,-0.6337944,-0.6401833,-0.6449959,-0.65209067,-0.6576902,-0.66139764
28,0.968752,0.9676897,0.9648119,0.9673498,0.9677385,0.96579015,0.964454,0.962917,0.96397525,0.9620951,0.96144134,0.95978546,0.9605428,0.9626527,0.9612899,0.9604043,0.95796996,0.9581604,0.95691967,0.9567048,0.9585398,0.9597564,0.9601863,0.9614781,0.9616373,0.96167547,0.96056765,0.96072227,0.9622717,0.96355534,0.96415865,0.96290314,0.964307,0.96552485,0.9668395,0.9655388,0.96596,0.9660846,0.9635723,0.96318513,0.96208227,0.9616234,0.9579498,0.95829713,0.95708,0.9578533,0.955536,0.9556416,0.95536315,0.95590574,0.9572622,0.9559935,0.9556656,0.9558133,0.9521947,0.9508414,0.9521475,0.9485116,0.9470273,0.94553435,0.9454811,0.9500176,0.9515284,0.95053434,0.9477577,0.94754374,0.9461936,0.9450283,0.94271785,0.9440594,0.9445065,0.9471959,0.94929236,0.9506502,0.95354795,0.95108825,0.94831944,0.9486405,0.9508108,0.94622123,0.9467057,0.94647664,0.94299567,0.94579536,0.9435522,0.9437542,0.9438569,0.94296026,0.94230473,0.9388282,0.94214714,0.9419624,0.93992776,0.941611,0.9416965,0.9395052,0.9410759,0.94106066,0.9405201,0.94252586,0.9390558,0.9413104,0.9427849,0.9459518,0.9450556,0.9450229,0.9476822,0.9462166,0.9447959,0.9433219,0.9369775,0.935442,0.93648565,0.93601006,0.93441474,0.93390656,0.93601847,0.93760335,0.93373996,0.93325245
29,0.19600727,0.19077,0.18445525,0.17873377,0.17189571,0.16713619,0.15932949,0.15359813,0.14572436,0.14042255,0.13627778,0.1328225,0.12671016,0.12057276,0.11263993,0.10878547,0.103437826,0.09811269,0.09373726,0.08777046,0.07909616,0.0730261,0.06584789,0.060210574,0.05559014,0.049101997,0.04337626,0.038240343,0.033459447,0.029700447,0.024361853,0.018724957,0.013396797,0.008343097,0.0033500388,-0.00085571595,-0.006569059,-0.011246828,-0.017083855,-0.02335913,-0.028366745,-0.033806346,-0.03889916,-0.045022793,-0.050969332,-0.055766247,-0.060620237,-0.06549338,-0.07186089,-0.07849917,-0.0840588,-0.0898241,-0.09553768,-0.10358445,-0.10793781,-0.11132779,-0.11617881,-0.12300805,-0.12819481,-0.13591908,-0.13994801,-0.14754686,-0.15228458,-0.15845779,-0.16409683,-0.1678199,-0.1772305,-0.18432188,-0.19181132,-0.1983058,-0.20347214,-0.20877838,-0.2126805,-0.2196848,-0.22453102,-0.22973077,-0.2357277,-0.24142568,-0.2453411,-0.24830727,-0.25489303,-0.25940162,-0.26446015,-0.2703831,-0.27237612,-0.27751946,-0.28408474,-0.28833404,-0.2935887,-0.29840404,-0.30373856,-0.3100097,-0.31496245,-0.31989422,-0.32434648,-0.33082542,-0.33778054,-0.34186897,-0.34706968,-0.35179645,-0.35477817,-0.3566638,-0.36106038,-0.3634782,-0.3672429,-0.3752143,-0.3799457,-0.38360694,-0.3872146,-0.3908707,-0.39455733,-0.40116405,-0.4041152,-0.4060959,-0.41361126,-0.4174133,-0.42212325,-0.42723608,-0.43383187,-0.43865442
30,0.27263662,0.2639008,0.25285292,0.24437276,0.24055903,0.23555747,0.2256926,0.22023706,0.21425144,0.20399018,0.20330894,0.19996747,0.19304863,0.18941101,0.18139157,0.17494379,0.16823962,0.16268305,0.15929964,0.15817896,0.15314834,0.14702006,0.14332703,0.13838764,0.13406639,0.128548,0.12454637,0.118737265,0.11138709,0.106184445,0.10403792,0.10292514,0.096386716,0.09146643,0.086027645,0.08457996,0.08248997,0.08258312,0.07723222,0.072558865,0.07143827,0.067176566,0.06402065,0.059916954,0.055571605,0.049500804,0.044999726,0.043550827,0.039927594,0.033781283,0.027605314,0.022684839,0.019776557,0.015912764,0.012401655,0.0087570995,0.005951156,0.0039691613,0.0021647974,-0.0032322523,-0.0077682817,-0.011697409,-0.012927493,-0.017527346,-0.019565389,-0.02269717,-0.023958704,-0.02751289,-0.030353334,-0.031818666,-0.032764822,-0.03328756,-0.038141616,-0.042791765,-0.0447317,-0.046600603,-0.051235717,-0.056264598,-0.061939277,-0.06423879,-0.06687506,-0.067810535,-0.072242096,-0.07568997,-0.07940555,-0.083821185,-0.083743714,-0.085915506,-0.08792571,-0.08748322,-0.09336291,-0.094148435,-0.09604069,-0.09924303,-0.10296981,-0.10487747,-0.10830011,-0.10890876,-0.1131943,-0.11492436,-0.11577115,-0.117897354,-0.122020185,-0.12299436,-0.12200411,-0.122245446,-0.122727096,-0.12492722,-0.12774701,-0.12694405,-0.13086528,-0.12892783,-0.12920442,-0.13060486,-0.13185553,-0.1369184,-0.1377959,-0.1409964,-0.14118788,-0.14106986
31,0.75147814,0.7397121,0.72778225,0.7218641,0.71496224,0.70800716,0.6984259,0.69420826,0.6877189,0.68194926,0.6796103,0.6774343,0.6707412,0.668959,0.66487366,0.65888447,0.6552771,0.65316,0.6498227,0.65018797,0.6473393,0.64336795,0.6427887,0.64064944,0.6380457,0.63594276,0.6330453,0.632342,0.6296251,0.6240355,0.6198886,0.6172896,0.61444587,0.6096505,0.60717475,0.60693765,0.6068595,0.606305,0.6065978,0.6020842,0.5988134,0.596405,0.592645,0.59629416,0.59248495,0.5864352,0.5841216,0.5825628,0.5821469,0.5788871,0.5750427,0.57211334,0.57115567,0.5718491,0.57272905,0.570407,0.5685481,0.56342673,0.5584706,0.5525056,0.5499882,0.5511516,0.55226344,0.5511573,0.5477893,0.5468942,0.5449589,0.5429114,0.54107183,0.54001445,0.54138935,0.5413923,0.53894603,0.53944445,0.53982824,0.53915036,0.53856075,0.53802836,0.5358834,0.5311995,0.53126776,0.533071,0.5320767,0.531332,0.52429914,0.52316046,0.5256574,0.52333236,0.5208334,0.52301234,0.52336776,0.52764595,0.5295491,0.53082603,0.5299026,0.5277857,0.5262674,0.5259998,0.5289444,0.5299092,0.52963954,0.52932507,0.5300106,0.52925384,0.52935326,0.5318855,0.530457,0.5319914,0.52852565,0.53114414,0.5332412,0.53384954,0.5348365,0.5339228,0.5331914,0.5307642,0.5283888,0.5273409,0.52810746,0.52921164
32,0.733048,0.7347814,0.7352785,0.73574716,0.73508185,0.73751247,0.737323,0.73836374,0.7373275,0.73724693,0.7326387,0.73232216,0.73190403,0.73518074,0.73578614,0.7349457,0.7305821,0.73090607,0.73175424,0.7327931,0.73281014,0.7323903,0.7312159,0.7340977,0.7342211,0.7331512,0.73458195,0.73877585,0.7422025,0.7413014,0.7405895,0.74179554,0.7412845,0.7455532,0.74527895,0.7476978,0.7493923,0.7489449,0.74917036,0.74944717,0.75162935,0.7524849,0.75002056,0.7498111,0.7510288,0.7507018,0.7504983,0.7520584,0.7527874,0.7542273,0.7564727,0.75721717,0.7598413,0.7592917,0.7593055,0.76005155,0.7611296,0.76208675,0.7628325,0.7606963,0.7633759,0.7679165,0.7735816,0.7759641,0.7759743,0.7772725,0.779497,0.7805222,0.78255785,0.7805329,0.7821623,0.7838422,0.78685826,0.7870424,0.7876902,0.78927827,0.7910021,0.7928077,0.79488254,0.7985805,0.7992423,0.8026683,0.8029383,0.8034542,0.80755365,0.81136113,0.8127549,0.8167817,0.8209645,0.8232929,0.82185924,0.8246064,0.82681686,0.8330755,0.83188754,0.83282536,0.83420503,0.83906686,0.83892936,0.8406147,0.8416208,0.83868515,0.84021676,0.8402575,0.8424007,0.8418619,0.843181,0.846912,0.8471535,0.84774065,0.84591275,0.8465823,0.84732294,0.8497427,0.8486845,0.8553028,0.85837364,0.86002433,0.8589171,0.86401683
33,0.063289344,0.075324476,0.08477396,0.0965232,0.10375464,0.11355982,0.12165491,0.1300194,0.13848951,0.14776939,0.15452905,0.1613719,0.17084453,0.18128145,0.18851826,0.1986734,0.20566961,0.21423931,0.22117126,0.22857073,0.23799343,0.24542527,0.25112388,0.25974134,0.265917,0.27195206,0.2795714,0.28771177,0.29599702,0.30069217,0.3097331,0.3182971,0.3247815,0.33342308,0.33679065,0.34711644,0.3534299,0.35988858,0.36559138,0.3701707,0.37606657,0.38001728,0.3843673,0.3891985,0.3939461,0.39767104,0.4026708,0.40704602,0.411657,0.41575685,0.4217568,0.425179,0.42897,0.43578473,0.4392403,0.44418925,0.45007172,0.45121923,0.454247,0.4573149,0.46043715,0.4681661,0.4735446,0.47965795,0.48317927,0.48850027,0.4949163,0.4983438,0.5048915,0.50628513,0.50948894,0.5117059,0.5143443,0.5183044,0.5211004,0.52364707,0.5272238,0.52990735,0.53324693,0.54026574,0.5432972,0.5440238,0.5473224,0.549089,0.5528461,0.55771124,0.560187,0.5624724,0.56627333,0.5674869,0.57037437,0.574191,0.5755561,0.5810079,0.5819637,0.5834591,0.5855359,0.5869038,0.58860075,0.58986515,0.5910378,0.592228,0.59270304,0.5902038,0.58929914,0.5884278,0.5900341,0.589973,0.59186894,0.59297866,0.5899478,0.5914783,0.5920663,0.5935583,0.5909649,0.5935291,0.5939492,0.5910544,0.5897213,0.59267646
34,0.8538203,0.85891944,0.8592762,0.8626553,0.8598361,0.8592183,0.8591976,0.86475885,0.8626677,0.8603121,0.85428464,0.8519041,0.85478324,0.8561242,0.85679436,0.8534667,0.8502628,0.85065615,0.84891224,0.8478076,0.8449117,0.8438344,0.84242505,0.8443319,0.842916,0.84063673,0.83950126,0.8388039,0.8376745,0.83369434,0.83096707,0.83029187,0.8274609,0.8282565,0.8277472,0.8264419,0.8273417,0.8262731,0.82386,0.82112664,0.8161877,0.8139388,0.8072688,0.8064763,0.8048924,0.80651397,0.8059875,0.8042035,0.8005102,0.7986622,0.7979946,0.7970911,0.79829943,0.7960555,0.7939325,0.7917827,0.78816926,0.7875939,0.7883481,0.78612614,0.78469074,0.78676623,0.7880789,0.7905718,0.78545153,0.78517276,0.7854075,0.78379166,0.7841072,0.77919966,0.77975345,0.7789062,0.7790809,0.7779207,0.77535105,0.7749692,0.7728825,0.7698158,0.7672462,0.76433116,0.76202285,0.7621613,0.76244557,0.759651,0.76022524,0.7610043,0.76016474,0.7596592,0.7599026,0.75872505,0.7567376,0.7561604,0.7563084,0.7575769,0.7522136,0.7522901,0.7517257,0.7519038,0.74873894,0.74566954,0.7441596,0.74074924,0.74020445,0.7382153,0.73855495,0.73605525,0.7368531,0.73739445,0.7368519,0.7393651,0.7349555,0.7343434,0.73120683,0.73124826,0.72820157,0.7304462,0.7309068,0.7265023,0.7222699,0.7242013
35,0.20716217,0.21267316,0.21658507,0.21757689,0.22053906,0.22274765,0.22369044,0.22790451,0.22867393,0.22938983,0.22701648,0.226006,0.2283171,0.23226182,0.23439118,0.23581691,0.23366933,0.23302558,0.23255196,0.23331806,0.23499572,0.23402151,0.23345509,0.23509565,0.23531458,0.23433575,0.23607822,0.23726586,0.23938735,0.23757736,0.23693672,0.23609772,0.23466262,0.2352738,0.23645827,0.23780878,0.23644812,0.23662277,0.23980081,0.23942304,0.23791058,0.23675203,0.23731463,0.23494704,0.23585463,0.23691073,0.23688805,0.24013738,0.24175088,0.24191156,0.24305448,0.24188074,0.24234113,0.23922198,0.2409447,0.24074385,0.24111073,0.2420586,0.24431674,0.24611099,0.2492837,0.24962878,0.25109607,0.25007066,0.24601114,0.2466608,0.2483759,0.2490725,0.24911587,0.24621947,0.24347301,0.2459239,0.24516746,0.24286982,0.24527414,0.24363425,0.24130146,0.2397846,0.24056475,0.24125914,0.23899718,0.23846194,0.23840746,0.23496404,0.23368482,0.23414221,0.23376112,0.23534751,0.23521762,0.23629539,0.23454955,0.23512022,0.23382685,0.23513167,0.23529081,0.23439825,0.23524722,0.2356751,0.2336748,0.23347633,0.23066644,0.2272664,0.22831735,0.2271848,0.22617576,0.22413163,0.22712398,0.22805312,0.22489636,0.22390422,0.22057357,0.21879002,0.21862125,0.21896248,0.21939945,0.22537608,0.2274257,0.22774804,0.22388625,0.22464745
36,0.64853096,0.6619665,0.67058027,0.6809605,0.68774533,0.6979238,0.70579493,0.71974576,0.72419703,0.7331634,0.73749506,0.7429522,0.75483316,0.76552504,0.77702004,0.786884,0.7943731,0.8048318,0.81525743,0.8243343,0.8326272,0.8421961,0.85072803,0.8628424,0.8715998,0.88053226,0.89074486,0.9035922,0.91636544,0.925331,0.93332994,0.9452116,0.9552399,0.9673885,0.97665083,0.9874716,1.0008605,1.0107322,1.0204406,1.0300277,1.0405991,1.0522068,1.064224,1.0734369,1.0846196,1.095352,1.107416,1.1200497,1.1311821,1.1426188,1.1568246,1.171998,1.1859373,1.197489,1.2105703,1.2190857,1.2303804,1.2403831,1.252805,1.2640928,1.2763952,1.29234,1.3061135,1.3195469,1.3345205,1.3485434,1.3641373,1.3796365,1.3964945,1.4074429,1.4222748,1.4362838,1.4527436,1.467883,1.4812783,1.49573,1.5095832,1.5241004,1.5363457,1.547522,1.5619678,1.5767547,1.5891007,1.6014211,1.611048,1.6295286,1.6426346,1.658042,1.6727202,1.6885116,1.7039354,1.7185367,1.7336237,1.7513762,1.7670557,1.7822323,1.7958896,1.8139515,1.828075,1.843162,1.8577554,1.8720388,1.8866476,1.9015859,1.9172218,1.930125,1.9502094,1.9698788,1.985253,2.0048711,2.0214276,2.0387907,2.056778,2.078217,2.0929172,2.1138136,2.1319764,2.1447692,2.1643052,2.1860588
37,0.15260753,0.15263477,0.15066421,0.14569622,0.1404393,0.13705088,0.13383289,0.13256145,0.12727588,0.124675594,0.11809808,0.1139213,0.11331002,0.11193601,0.1097772,0.1035099,0.09947972,0.09528803,0.089384176,0.08393772,0.08056656,0.077983424,0.073294796,0.07082858,0.06458154,0.057703726,0.05399949,0.049715154,0.048266135,0.03830283,0.034045935,0.02796399,0.021925379,0.016970627,0.009548366,0.0076214797,0.0024881435,-0.0023284105,-0.009635472,-0.013697942,-0.02084993,-0.026618462,-0.031055104,-0.03923268,-0.046936255,-0.050841253,-0.05648201,-0.06487876,-0.07220566,-0.07937764,-0.08744599,-0.09293918,-0.101796314,-0.10925426,-0.11633076,-0.122432865,-0.12936667,-0.13603978,-0.14500411,-0.1496959,-0.15658915,-0.161706,-0.17042445,-0.1795383,-0.18894005,-0.1982536,-0.2055196,-0.21485917,-0.22074533,-0.23059066,-0.24245408,-0.25258994,-0.263556,-0.27260405,-0.28399503,-0.29275736,-0.30460736,-0.31188828,-0.31799692,-0.32514018,-0.3342473,-0.34101957,-0.34909496,-0.35949203,-0.36608967,-0.37551445,-0.38550955,-0.3953207,-0.40309057,-0.411794,-0.42249498,-0.43324286,-0.44742155,-0.45444924,-0.46814364,-0.4788083,-0.48944855,-0.5016053,-0.5125964,-0.5243534,-0.5358003,-0.54854965,-0.56352806,-0.57364094,-0.5885894,-0.5990721,-0.6110193,-0.6257544,-0.63646257,-0.645011,-0.6558004,-0.6660277,-0.68001,-0.69430476,-0.7062527,-0.7180678,-0.7279725,-0.74292153,-0.7576412,-0.76938456
38,0.29635304,0.30351877,0.30700502,0.31215578,0.31731737,0.32096916,0.32557112,0.3341729,0.33721155,0.34398577,0.34645134,0.34978062,0.35477966,0.35998213,0.36475855,0.37039232,0.37282005,0.3775557,0.37976253,0.38429612,0.38957864,0.39516103,0.39836088,0.406377,0.41094127,0.41716203,0.42300954,0.4283349,0.43296868,0.43316823,0.4346552,0.44020796,0.44528013,0.45090637,0.4546081,0.46054792,0.46406585,0.466503,0.46910533,0.47192487,0.47643322,0.4804352,0.48382798,0.48742667,0.49058396,0.49622545,0.50048876,0.5081067,0.5111655,0.51616544,0.520381,0.52495635,0.5294429,0.52965474,0.5348407,0.53817135,0.54112864,0.5461265,0.55069697,0.5552469,0.5620532,0.567367,0.57248247,0.5768846,0.578715,0.58137447,0.5866278,0.5920949,0.59938097,0.6025642,0.6058739,0.60917544,0.6155015,0.61915284,0.62173975,0.62226784,0.62695557,0.63014126,0.6333161,0.6375622,0.64113075,0.64448404,0.6452106,0.648083,0.6530637,0.6583619,0.6603666,0.6654964,0.66639006,0.67002237,0.67129076,0.6740201,0.6761861,0.6814183,0.68376124,0.6875931,0.6905424,0.6934902,0.694355,0.69617075,0.6971377,0.6980988,0.7039827,0.705461,0.70797616,0.71036255,0.7146228,0.7153161,0.7206213,0.7245058,0.7253655,0.72779024,0.73117805,0.73386836,0.73596334,0.7397447,0.7429243,0.74479955,0.7498073,0.7555622
39,1.2831192,1.2880782,1.2893591,1.2886742,1.2876253,1.2844024,1.282552,1.2798601,1.2779818,1.2768027,1.2734714,1.2715093,1.2703494,1.2699788,1.2649895,1.2632768,1.2571781,1.2555588,1.2515073,1.2501746,1.2489418,1.2483348,1.2472259,1.2472777,1.2455139,1.2441766,1.2435472,1.2455609,1.2460157,1.2417552,1.2409883,1.2383502,1.2387298,1.2368987,1.2352506,1.2352812,1.2339516,1.2319852,1.2303015,1.2288568,1.2280387,1.2243091,1.2220671,1.2174932,1.215824,1.2134569,1.2131913,1.210882,1.2075751,1.2037911,1.203286,1.2001138,1.1978573,1.1941,1.192183,1.1890986,1.1908237,1.1875942,1.1840416,1.1816473,1.1789947,1.1815169,1.1801425,1.1772417,1.1768582,1.1759068,1.1729763,1.1711504,1.172733,1.1684471,1.1649778,1.1633976,1.162857,1.1600572,1.1578993,1.1586373,1.1585754,1.1542277,1.1534238,1.150646,1.1466799,1.1434637,1.1408405,1.1375396,1.1360612,1.1347061,1.1324288,1.1326487,1.1315504,1.1285028,1.1268779,1.1217396,1.120216,1.1228521,1.1225965,1.1173363,1.1136159,1.1112537,1.1096799,1.1090356,1.1035526,1.099543,1.0965021,1.0934192,1.0866114,1.0846301,1.0826916,1.0801291,1.0745971,1.0712289,1.06579,1.0629642,1.0597551,1.0574017,1.0546768,1.0520344,1.0507348,1.044388,1.0431925,1.0405699
40,0.7520748,0.7527176,0.757942,0.7592115,0.758782,0.7595416,0.7565716,0.7579573,0.76280713,0.76398575,0.7670468,0.77326214,0.774043,0.77802485,0.7782806,0.7775589,0.7804769,0.7848175,0.7864214,0.7895145,0.79320353,0.79536843,0.7978783,0.80291605,0.80467147,0.8106736,0.81510794,0.8224246,0.8285285,0.8336154,0.8365386,0.84056836,0.84651184,0.8510354,0.8547821,0.8588874,0.8649273,0.8692826,0.874298,0.8792747,0.88295555,0.8867965,0.8871134,0.8922353,0.89480793,0.90025294,0.90492976,0.91028243,0.9151492,0.9182472,0.9255358,0.9270619,0.93348455,0.9361534,0.9410602,0.9431387,0.9467033,0.9520974,0.95518893,0.95888567,0.9623205,0.966829,0.9721492,0.9750309,0.97766006,0.9832013,0.98405755,0.98781526,0.99390715,0.9958851,0.99862975,1.004769,1.0099101,1.0144159,1.0177927,1.0170896,1.0180554,1.0212924,1.0215673,1.024077,1.0301247,1.0294445,1.031956,1.0354578,1.0384946,1.0418639,1.0462952,1.0513737,1.0568537,1.0616766,1.0661769,1.0716317,1.0766115,1.0800948,1.0837914,1.084885,1.0867549,1.0927988,1.0962296,1.0998873,1.1083584,1.1137755,1.1156647,1.1189823,1.1207836,1.123471,1.131284,1.1339643,1.1348336,1.1369743,1.1387999,1.1408283,1.1460868,1.1469758,1.1522543,1.1536145,1.1565918,1.1550404,1.1581743,1.1608082
41,1.1775225,1.1598306,1.1445787,1.1289718,1.114166,1.0981948,1.0859953,1.0762923,1.0639102,1.0537987,1.0412501,1.0279486,1.0142864,1.0018373,0.9912903,0.97712433,0.96387994,0.9543519,0.94070894,0.92978466,0.9199913,0.9107984,0.89833784,0.88883936,0.8787917,0.8705555,0.8593035,0.850618,0.84092367,0.8333796,0.8220488,0.81229126,0.80371344,0.79433453,0.7812418,0.7702025,0.7632972,0.7504878,0.73930675,0.73008686,0.7153611,0.7072624,0.6992681,0.68966377,0.6840863,0.67910075,0.66964984,0.6592967,0.6473761,0.63815475,0.63286245,0.6243549,0.6151812,0.60411114,0.59680045,0.5902066,0.58026135,0.5718146,0.5655349,0.5575378,0.5503519,0.54172015,0.5330303,0.52444255,0.5160947,0.5101484,0.4989647,0.49384856,0.48490414,0.47788167,0.47010073,0.46590167,0.45897922,0.45441303,0.4486011,0.44442743,0.43402752,0.42922336,0.419102,0.40758222,0.40324658,0.396913,0.3908108,0.38600406,0.3798253,0.37506312,0.36671355,0.3561074,0.34983692,0.34620062,0.3379336,0.3312156,0.3208847,0.31708914,0.30571288,0.29820767,0.2922302,0.28593388,0.27861732,0.27264556,0.26504406,0.256182,0.24835208,0.24160573,0.23227802,0.22654045,0.22123232,0.21278055,0.20877464,0.20562057,0.19880775,0.1959444,0.19286537,0.18348183,0.17628318,0.16989745,0.16787052,0.16166008,0.15619442,0.15461871
42,0.46289077,0.46059245,0.45469266,0.44818902,0.44358402,0.4380607,0.43207496,0.42899436,0.42344603,0.4183355,0.41054302,0.40261978,0.39799175,0.39360756,0.3887473,0.3812037,0.3744354,0.37068313,0.36569154,0.36168686,0.35784784,0.35475975,0.34969264,0.34441936,0.33896255,0.33465755,0.32946095,0.327629,0.3240549,0.32026634,0.31629622,0.31126496,0.30797452,0.3064267,0.30364203,0.30145645,0.2997368,0.29678303,0.29263014,0.28968653,0.2871859,0.28382742,0.28002363,0.27429885,0.2711317,0.2692293,0.2654212,0.26219952,0.25553417,0.24977414,0.24670573,0.24258943,0.23936418,0.23734052,0.2328414,0.22974518,0.2238528,0.21896915,0.21581464,0.2111913,0.21013527,0.20742384,0.2047697,0.20318183,0.20154056,0.20332706,0.20349021,0.20111537,0.19694822,0.19156447,0.18725409,0.18473053,0.18033871,0.17898968,0.17464973,0.1704373,0.16741374,0.1626909,0.16029027,0.15883288,0.15497497,0.1563828,0.1554363,0.15304415,0.1503481,0.15015988,0.14880757,0.14565411,0.142575,0.14231923,0.13859375,0.13510957,0.1310471,0.13122092,0.12862745,0.12560801,0.119989894,0.117653504,0.1185658,0.11469562,0.10937266,0.10678308,0.10480974,0.104144216,0.101668,0.096090004,0.09303629,0.08985766,0.09180332,0.09169121,0.08881935,0.08741797,0.08763941,0.08645789,0.08194532,0.07865725,0.07856961,0.07785128,0.07426615,0.07056088
43,-0.2269809,-0.2297533,-0.23287842,-0.23810697,-0.24090841,-0.24652012,-0.25113076,-0.25338936,-0.25669798,-0.2600358,-0.26496166,-0.2687273,-0.27235487,-0.2775634,-0.27903843,-0.28094462,-0.2858166,-0.29036584,-0.29651028,-0.3023631,-0.3053115,-0.3095105,-0.31390053,-0.31765166,-0.32202694,-0.32679278,-0.32868087,-0.33036453,-0.3325389,-0.33622515,-0.34002328,-0.34352094,-0.34546822,-0.34753653,-0.34918657,-0.35014063,-0.35253638,-0.3551473,-0.35730463,-0.3586891,-0.35834926,-0.36008555,-0.36024705,-0.36267227,-0.36634725,-0.3705543,-0.37311873,-0.37546182,-0.38028577,-0.3837373,-0.38527283,-0.38737386,-0.3902039,-0.3950175,-0.39588776,-0.39997274,-0.40199074,-0.4017373,-0.40359417,-0.4044591,-0.40692908,-0.40855187,-0.4097906,-0.4128251,-0.41343284,-0.4141603,-0.41253692,-0.41297683,-0.4144326,-0.41670388,-0.41732183,-0.41877255,-0.4192249,-0.41955027,-0.42161733,-0.42063046,-0.4233336,-0.42515302,-0.42582726,-0.42584342,-0.43057078,-0.43061027,-0.43376112,-0.43522525,-0.43387914,-0.43313998,-0.43259057,-0.43271565,-0.4308563,-0.42871365,-0.42966658,-0.43026558,-0.43179393,-0.4306522,-0.43177682,-0.42903313,-0.43174863,-0.43080258,-0.4322566,-0.43326488,-0.43285617,-0.43301144,-0.4333439,-0.43421206,-0.437043,-0.4368406,-0.43427843,-0.43432102,-0.43164364,-0.4305389,-0.42784938,-0.42367887,-0.42098862,-0.4195724,-0.41943192,-0.41878238,-0.41781586,-0.41765207,-0.41832486,-0.41628766
44,1.4535712,1.4515715,1.4461263,1.4422174,1.4406469,1.4390647,1.4379208,1.4358491,1.4345297,1.4331045,1.428045,1.4274161,1.4266884,1.4264247,1.4253223,1.4204203,1.4123222,1.4116098,1.4105582,1.4085838,1.4037536,1.4041575,1.4003093,1.3994753,1.399577,1.3995664,1.3990467,1.4000422,1.3996863,1.395924,1.3942753,1.392232,1.3906081,1.3914735,1.3893315,1.3901962,1.3885276,1.3887441,1.3852714,1.3848016,1.3836594,1.3800274,1.380421,1.3800672,1.3813545,1.3801342,1.3774269,1.3762313,1.3735853,1.3711851,1.3723863,1.3708054,1.3700646,1.3679843,1.3679471,1.367868,1.3689461,1.3674613,1.3644402,1.3635542,1.362993,1.3648131,1.367306,1.3664902,1.3654875,1.3634899,1.3632715,1.3630431,1.3627474,1.3594371,1.3597279,1.3593342,1.3599223,1.3592914,1.3616108,1.3595084,1.3590516,1.3601459,1.361282,1.3570904,1.3583858,1.3597572,1.3566221,1.3558735,1.3583981,1.3586853,1.356482,1.3568773,1.3572098,1.357749,1.3548731,1.351114,1.348479,1.346946,1.3478194,1.3447076,1.3443868,1.3458397,1.3478736,1.3484528,1.3477864,1.3462905,1.3463014,1.3489596,1.3475726,1.3496201,1.3489501,1.3484715,1.3473939,1.3460153,1.3452127,1.3451235,1.3429357,1.3412083,1.34014,1.3395964,1.3371788,1.3404089,1.3403717,1.338636
45,0.85010433,0.84824836,0.84521085,0.8463709,0.8471308,0.8435879,0.8392061,0.83749473,0.8355214,0.8336299,0.8293228,0.8277446,0.82459146,0.8237051,0.82364094,0.8191431,0.81722337,0.81561005,0.814336,0.81289494,0.81301415,0.81308734,0.810729,0.8115303,0.81228065,0.81168634,0.8104417,0.81007737,0.8103449,0.8113686,0.80947256,0.8084051,0.8073287,0.8079311,0.80678004,0.80765676,0.80831844,0.80741036,0.80446607,0.8018426,0.8011406,0.79938585,0.7989851,0.8000843,0.80068696,0.7997567,0.79890764,0.8000147,0.7987435,0.7991422,0.80099297,0.8003799,0.80074674,0.79828644,0.79953754,0.80064166,0.79897344,0.79801977,0.7969593,0.79646295,0.79636705,0.7966753,0.79834104,0.79753894,0.79682755,0.7974894,0.7969315,0.79386544,0.7944213,0.79083073,0.78854215,0.78917617,0.7896515,0.78679013,0.78527915,0.7854381,0.7848262,0.78622794,0.78838515,0.78899527,0.79016125,0.7898226,0.78642094,0.7872976,0.7886199,0.7893928,0.7920046,0.7902457,0.7919876,0.79234666,0.79221267,0.7911313,0.79256403,0.7948145,0.7929466,0.7924444,0.79063267,0.7906286,0.7895048,0.78767294,0.7861116,0.7832236,0.78285116,0.7807741,0.7818514,0.778112,0.7781425,0.7777666,0.7766163,0.77604717,0.7731435,0.76772577,0.7644819,0.7636039,0.7652797,0.7663542,0.7693453,0.7649883,0.76238203,0.7638482
46,0.42998105,0.43137106,0.4274258,0.42775327,0.42940983,0.43018213,0.43030405,0.4302163,0.43003565,0.43032575,0.43203646,0.43444586,0.43480605,0.43812212,0.43611735,0.43816382,0.4407763,0.44239655,0.44166073,0.4453327,0.44975585,0.45305562,0.4558323,0.4565591,0.45951405,0.45910177,0.46062517,0.46280852,0.4647111,0.46596307,0.46700272,0.4677537,0.4699226,0.46920475,0.4691103,0.46935987,0.4721927,0.47309893,0.47354573,0.47409457,0.47514668,0.47744018,0.4788026,0.48056754,0.48006982,0.48116884,0.48284572,0.48221698,0.48281798,0.4847054,0.4861297,0.48688322,0.48772994,0.48995718,0.49204278,0.4938875,0.4947301,0.4938991,0.4936459,0.49354228,0.49386907,0.49811062,0.4999126,0.5021461,0.50521046,0.5061643,0.5068032,0.5056173,0.505859,0.50764066,0.50827837,0.5109216,0.5129826,0.51404375,0.5165679,0.5187581,0.5234144,0.52480924,0.5270707,0.52911633,0.52899224,0.5280153,0.5293964,0.53215456,0.5365619,0.53715855,0.5387945,0.54055023,0.54299986,0.5432523,0.5453006,0.5458935,0.5463684,0.54852307,0.5493411,0.54776317,0.54963505,0.55186135,0.5505194,0.55282813,0.55357075,0.55316865,0.5542895,0.55695784,0.560102,0.5590296,0.55798477,0.55681133,0.55326617,0.55239904,0.55205834,0.5521923,0.5515904,0.55221266,0.550886,0.55072033,0.5503341,0.55082715,0.5527379,0.55298483
47,1.281553,1.2783898,1.2722785,1.268076,1.2637724,1.2599937,1.2584511,1.2562907,1.2552685,1.2508103,1.2479173,1.2438694,1.2411834,1.2407486,1.2388532,1.236749,1.2352291,1.235375,1.2327995,1.2320427,1.2306049,1.2290392,1.2272999,1.2267706,1.225535,1.223353,1.2206296,1.2211285,1.2196372,1.2152052,1.2146419,1.2153441,1.2146814,1.2122545,1.2113842,1.2105737,1.2109455,1.2097229,1.20516,1.2043195,1.2006866,1.1977994,1.196952,1.1958245,1.1962858,1.1933033,1.1927726,1.1936098,1.1932578,1.188301,1.1893332,1.1875031,1.1874349,1.1853453,1.1828101,1.181723,1.1787115,1.1787544,1.1780765,1.1769421,1.1770595,1.1783067,1.1781328,1.1801286,1.1806556,1.1768128,1.1778382,1.1763036,1.1766913,1.1754622,1.1726542,1.1730356,1.1736289,1.1747528,1.1753322,1.1763912,1.1778203,1.1743087,1.1736804,1.1702877,1.1690283,1.1673037,1.165738,1.1659039,1.1635395,1.1618763,1.1577406,1.1563556,1.1577928,1.1565211,1.1561093,1.1549433,1.1539965,1.154037,1.1549921,1.1535741,1.151163,1.1529355,1.1514345,1.1496389,1.1474749,1.1458526,1.1459942,1.146282,1.1466382,1.1452258,1.1458846,1.144977,1.1410301,1.1438758,1.1401495,1.1385405,1.1364319,1.1393849,1.1378179,1.1366571,1.1342001,1.1339809,1.1311207,1.1322149
48,1.5729886,1.5744545,1.5721459,1.5727072,1.5785099,1.5813938,1.5835453,1.5849383,1.5875306,1.5904958,1.5923096,1.5948796,1.5986019,1.602216,1.6032989,1.607591,1.6065668,1.6103699,1.6140347,1.6163772,1.6140903,1.6162573,1.6185433,1.6255057,1.6259756,1.6297499,1.6310838,1.6355448,1.6405294,1.6435635,1.6485231,1.6505104,1.654575,1.6589683,1.6599324,1.6630266,1.6678272,1.6723168,1.6722018,1.6734302,1.6764826,1.6785603,1.6784586,1.6809301,1.683843,1.6859127,1.6890923,1.6906497,1.6916212,1.691431,1.695349,1.6964433,1.7014391,1.7041721,1.7046134,1.7073872,1.7113186,1.7127241,1.7162308,1.7197891,1.7234348,1.7273676,1.7300742,1.7340972,1.7357461,1.7364075,1.7387527,1.7419866,1.7453645,1.7487705,1.7525114,1.7557188,1.7589273,1.7628727,1.7669134,1.771644,1.7717663,1.7743585,1.7744112,1.7733109,1.7768542,1.7813082,1.7821592,1.7875681,1.7869126,1.7894118,1.7910452,1.7966019,1.7976961,1.800019,1.8015016,1.8028904,1.8017108,1.8011036,1.8022993,1.8046631,1.8060672,1.8112471,1.8160298,1.8171072,1.8155463,1.8163478,1.8159206,1.8170307,1.8186737,1.8224808,1.8229334,1.8234205,1.8215697,1.8143332,1.8091247,1.8091923,1.8135834,1.815356,1.814702,1.8138033,1.8154272,1.8194641,1.8200763,1.8220552
49,0.19519772,0.18990716,0.18415776,0.17910112,0.17527053,0.17490497,0.17204712,0.17157902,0.17122415,0.16961816,0.17064577,0.17103721,0.16801491,0.16697145,0.1660739,0.16428906,0.1595544,0.15826328,0.15370893,0.15060699,0.1520581,0.15147978,0.14913835,0.14590457,0.14241344,0.13956614,0.13713984,0.13458003,0.13180113,0.12796347,0.1268773,0.12640736,0.12451695,0.12140282,0.119094834,0.11711024,0.11317408,0.11248435,0.11055483,0.10598488,0.104144715,0.103289485,0.099875145,0.09941837,0.09765792,0.097058386,0.09346528,0.09248811,0.09047018,0.08637883,0.0829113,0.08106707,0.077396795,0.07572059,0.07516797,0.074428394,0.06957878,0.06735057,0.065373205,0.062250197,0.06030665,0.060135335,0.05909758,0.058344025,0.057846267,0.059296273,0.056818537,0.054165073,0.052405685,0.052983783,0.051935565,0.05214702,0.05183511,0.053184368,0.05014218,0.050423585,0.050090235,0.05099324,0.05042537,0.05325977,0.05401227,0.05711926,0.055784665,0.05499364,0.053437106,0.05546979,0.05352673,0.053168584,0.05320661,0.053743847,0.055063955,0.058348935,0.058425672,0.05748285,0.058072574,0.058988266,0.059732657,0.06014336,0.05975761,0.060235947,0.062235743,0.063678235,0.060237546,0.059960432,0.05975627,0.0611552,0.060294807,0.0598587,0.059046924,0.060117476,0.058445446,0.058753125,0.058688868,0.061146654,0.05955738,0.057810713,0.057293672,0.0574644,0.059388626,0.063698836
50,-0.27909666,-0.277919,-0.2807219,-0.27975002,-0.27803367,-0.2776811,-0.27487788,-0.27470535,-0.27238354,-0.2704335,-0.26764965,-0.26453,-0.26325995,-0.26381844,-0.26037812,-0.2589823,-0.2578803,-0.2568876,-0.2565797,-0.2561646,-0.2546387,-0.2535608,-0.2535931,-0.2535872,-0.25217497,-0.25014168,-0.25031677,-0.24896629,-0.24796882,-0.24623387,-0.24356835,-0.24080762,-0.24018247,-0.23488717,-0.23348758,-0.2298487,-0.2302998,-0.23007843,-0.22885993,-0.22891779,-0.22858672,-0.22632222,-0.2257925,-0.22617793,-0.22500984,-0.22450972,-0.22459027,-0.22267191,-0.22143063,-0.21926777,-0.21822307,-0.21845785,-0.21728544,-0.2160289,-0.2171311,-0.21535268,-0.21632865,-0.21527815,-0.21429999,-0.21169531,-0.2114377,-0.20916899,-0.20926976,-0.2099256,-0.20834215,-0.20543997,-0.203246,-0.20147517,-0.19898383,-0.19807892,-0.1970801,-0.19690217,-0.1956962,-0.19187304,-0.18924817,-0.18628861,-0.18293217,-0.18129356,-0.17963448,-0.1790015,-0.17629498,-0.17154178,-0.17016257,-0.16615435,-0.16410764,-0.16202039,-0.15686181,-0.15502737,-0.14865427,-0.14364663,-0.14314438,-0.13633366,-0.13520527,-0.13120726,-0.128355,-0.12555438,-0.12299843,-0.120457806,-0.115100205,-0.11186953,-0.11166052,-0.11072681,-0.108417824,-0.10448682,-0.10268559,-0.0984556,-0.096801504,-0.096388206,-0.09026788,-0.08878753,-0.08666334,-0.083153136,-0.07945002,-0.076421015,-0.072749235,-0.073359445,-0.07264064,-0.069014326,-0.06703578,-0.06210792
51,-0.7771616,-0.7700228,-0.7654632,-0.7594168,-0.7500564,-0.7420824,-0.7371622,-0.7305391,-0.72185683,-0.71522444,-0.7087747,-0.6989253,-0.69120854,-0.6825104,-0.67602503,-0.6690884,-0.66144294,-0.65294415,-0.6419425,-0.63621724,-0.6266645,-0.61954,-0.6119618,-0.60242474,-0.59432256,-0.58848387,-0.57783884,-0.571353,-0.56371796,-0.5560625,-0.5452347,-0.53603446,-0.52727395,-0.51895237,-0.51204044,-0.500483,-0.49334773,-0.48423785,-0.47573352,-0.46707526,-0.45583576,-0.44920096,-0.44079995,-0.42954293,-0.42196113,-0.41258723,-0.40395886,-0.39468488,-0.38838643,-0.3821247,-0.37482157,-0.36869088,-0.36319393,-0.35598868,-0.34857422,-0.34100363,-0.3360368,-0.32840273,-0.3200466,-0.31561804,-0.30991712,-0.3020383,-0.296787,-0.28805995,-0.27962533,-0.27342507,-0.26666576,-0.25924462,-0.25444627,-0.2465312,-0.2399306,-0.23326044,-0.22757773,-0.22106084,-0.21501867,-0.20924142,-0.20111656,-0.1913465,-0.18300436,-0.1753072,-0.17034061,-0.16528541,-0.15456513,-0.14813618,-0.14466932,-0.13757631,-0.13429235,-0.12721248,-0.12102814,-0.11636261,-0.109326705,-0.10064278,-0.09734164,-0.09190675,-0.08647476,-0.08208296,-0.07627796,-0.07201897,-0.067117855,-0.06385245,-0.06060679,-0.056853384,-0.05200071,-0.051057808,-0.046083502,-0.039227657,-0.032033626,-0.024874937,-0.019215152,-0.013983843,-0.007616768,-0.0058313664,-0.0011786835,0.0024158922,0.0051392484,0.009312715,0.014489606,0.019517967,0.023664404,0.028220812
52,-0.28223228,-0.28022802,-0.2833722,-0.27974504,-0.27888113,-0.28029278,-0.28341413,-0.28419268,-0.28251642,-0.28423887,-0.2841015,-0.28369296,-0.28163353,-0.28183004,-0.28343815,-0.28495243,-0.28479633,-0.2830394,-0.28393334,-0.28265935,-0.27991384,-0.28077087,-0.28310767,-0.28300136,-0.2823304,-0.283006,-0.28438067,-0.28628296,-0.2892027,-0.28994745,-0.28769332,-0.28753233,-0.28755838,-0.28749496,-0.28841886,-0.28536415,-0.28492808,-0.28424722,-0.28511888,-0.28554404,-0.28445545,-0.28337115,-0.28655103,-0.28634375,-0.286526,-0.28803936,-0.28719342,-0.28293103,-0.28485623,-0.28940088,-0.2887494,-0.28833604,-0.2900764,-0.28957057,-0.29013023,-0.28797066,-0.28953975,-0.29216757,-0.29045913,-0.29153237,-0.2900241,-0.29008675,-0.291559,-0.28911647,-0.29033858,-0.28723645,-0.2839703,-0.28502706,-0.28309068,-0.2839934,-0.2859806,-0.2853033,-0.28744507,-0.28672177,-0.28922275,-0.29000643,-0.29081523,-0.2933599,-0.29112124,-0.29210111,-0.29294533,-0.29426426,-0.29082343,-0.29005322,-0.2886249,-0.28788826,-0.2853901,-0.286968,-0.2825525,-0.28301296,-0.28545117,-0.28387672,-0.28312045,-0.28032625,-0.28082106,-0.27843666,-0.279631,-0.27871716,-0.27911392,-0.2788642,-0.28313166,-0.28115323,-0.28001636,-0.27722326,-0.2792303,-0.27943403,-0.2776122,-0.27455422,-0.27299094,-0.27303037,-0.27571687,-0.27869612,-0.2781008,-0.27714586,-0.27348667,-0.271197,-0.26751927,-0.26674348,-0.26710832,-0.26385233
53,0.9230641,0.9305321,0.93152034,0.9387497,0.94190025,0.94606256,0.9521926,0.96032727,0.96815884,0.9749036,0.9783233,0.9836211,0.99289113,1.0007775,1.0075988,1.0192436,1.0216978,1.0308821,1.0378075,1.0445622,1.0522908,1.0612204,1.0683168,1.0771152,1.0859258,1.0941207,1.1013143,1.1096346,1.1191804,1.1287391,1.1373494,1.1476455,1.1574078,1.1679693,1.1765124,1.1874442,1.1991866,1.2105782,1.2201412,1.2307975,1.2406143,1.2538557,1.2641885,1.277394,1.2902433,1.2994356,1.3085413,1.3216761,1.3326483,1.3429459,1.3567897,1.3719244,1.38378,1.3953518,1.4066612,1.4167683,1.4269649,1.4373306,1.4499934,1.4576682,1.4684541,1.4836376,1.4958518,1.5086191,1.5226622,1.5410607,1.5561409,1.5679387,1.5822965,1.5967033,1.611612,1.627153,1.641475,1.6581566,1.6730614,1.6849308,1.6995318,1.714564,1.7291733,1.744375,1.7585922,1.771319,1.782394,1.7972292,1.8049853,1.8234644,1.8375862,1.852945,1.8697863,1.8880742,1.9022751,1.9181731,1.9390777,1.9557737,1.9713396,1.9893334,2.007145,2.0281987,2.0475564,2.0672922,2.0826008,2.0982475,2.1149025,2.1305509,2.147028,2.164269,2.1835842,2.2057395,2.2243197,2.238603,2.25333,2.269946,2.2918472,2.310438,2.3288193,2.3479812,2.3657708,2.380423,2.3994813,2.4241385
54,0.89790785,0.8914795,0.8823036,0.8727705,0.86457825,0.855388,0.84896964,0.84095937,0.83568585,0.82967645,0.82426596,0.81684417,0.8121953,0.805864,0.80116004,0.7950154,0.78609973,0.7806592,0.77203166,0.76442045,0.75870407,0.7505753,0.74285156,0.7345787,0.72726876,0.7190865,0.7144083,0.7061342,0.69847375,0.6891039,0.6816918,0.67196757,0.66610134,0.6568177,0.65045714,0.64086276,0.62977856,0.6239332,0.6128314,0.6024323,0.5953269,0.5885762,0.5799058,0.5719689,0.56040144,0.54864967,0.5392471,0.530447,0.5219389,0.51262414,0.50024825,0.49090806,0.47954717,0.46371254,0.45580357,0.44826823,0.43405542,0.42467204,0.41547522,0.4027261,0.39344007,0.37998062,0.36726958,0.3516255,0.340284,0.32499874,0.3136218,0.29807442,0.28671435,0.2731484,0.2572763,0.24526718,0.23264265,0.21960363,0.2044903,0.19326,0.17942463,0.16535166,0.1553857,0.14238964,0.12736276,0.11525448,0.101687595,0.089906886,0.07627975,0.059364956,0.047812957,0.033901326,0.019238777,0.0059771608,-0.0059334617,-0.024362007,-0.04075947,-0.055541586,-0.074462906,-0.09299341,-0.108547166,-0.12490753,-0.1426858,-0.15970026,-0.17492625,-0.18942651,-0.20884523,-0.2254709,-0.24345264,-0.26047397,-0.27814406,-0.29790536,-0.31607693,-0.33180374,-0.35271168,-0.36948746,-0.38522157,-0.4013067,-0.41885337,-0.44023672,-0.4582222,-0.47008857,-0.49243107,-0.5140094
55,1.3344088,1.339525,1.3385504,1.3400142,1.3392103,1.3424377,1.3463566,1.3483562,1.3485276,1.3503516,1.3526323,1.3514243,1.352401,1.3529494,1.3532082,1.3556557,1.3535558,1.3538994,1.3525513,1.3530636,1.3529775,1.3564193,1.3566473,1.3578254,1.3611712,1.3620541,1.3614414,1.3652184,1.3687737,1.3713077,1.3716414,1.3739154,1.377317,1.378345,1.3808799,1.3829873,1.3855584,1.388171,1.3897319,1.3917984,1.3928431,1.3935587,1.3940455,1.3956444,1.3970833,1.3995699,1.4026978,1.40541,1.4063189,1.4063648,1.4111621,1.4158618,1.4197851,1.4218674,1.4221054,1.4238415,1.4258225,1.4298221,1.431244,1.4343559,1.4358956,1.4422091,1.4466875,1.4504969,1.4536774,1.4575284,1.4601946,1.4588134,1.4610445,1.4669955,1.4702976,1.4754984,1.481581,1.4845518,1.4895613,1.4910673,1.4950988,1.4968929,1.4999818,1.5048736,1.5100901,1.5136864,1.5132325,1.5184971,1.5220892,1.5277786,1.5297158,1.5318682,1.5357788,1.5377672,1.5397834,1.5417365,1.5450453,1.5506331,1.5526092,1.5564716,1.5569298,1.560927,1.5641189,1.568216,1.5715497,1.5746115,1.5794995,1.5841527,1.5852677,1.5873854,1.5919696,1.595691,1.5995166,1.5992175,1.5948696,1.5965286,1.5991383,1.6006279,1.6014833,1.6029476,1.6066574,1.6102581,1.6124443,1.614851
56,0.9468597,0.94872177,0.94668067,0.94679433,0.94626254,0.9457449,0.94725525,0.9485036,0.94971687,0.94683725,0.94747955,0.94819176,0.9479443,0.9498971,0.9494972,0.95061415,0.95197886,0.95496655,0.95543253,0.95590574,0.9570152,0.9597694,0.9631609,0.96367025,0.9652208,0.96612483,0.9683436,0.97056293,0.9708064,0.9739634,0.9765903,0.9804797,0.9824687,0.9826635,0.98369753,0.9868944,0.9886076,0.9925558,0.9948908,0.9988513,0.9992541,1.0002162,1.0007316,1.0036561,1.0054847,1.0105382,1.010575,1.0164195,1.0169888,1.0188036,1.0234287,1.0253737,1.0288094,1.0338746,1.0365638,1.0373712,1.0392479,1.0428202,1.0460507,1.04411,1.0458006,1.0492432,1.0518591,1.0562526,1.0572829,1.0615567,1.0676701,1.0699357,1.0719702,1.0731966,1.0769761,1.0819868,1.085968,1.0899091,1.0953331,1.0978026,1.0983813,1.1005105,1.103178,1.1079912,1.1125315,1.1169841,1.1186354,1.1246139,1.1277424,1.1334469,1.1351221,1.1392667,1.1465275,1.1507127,1.1535993,1.1584909,1.1598947,1.1656978,1.1717474,1.176421,1.1819209,1.1875639,1.1910503,1.1988004,1.2018672,1.204443,1.2079744,1.2156012,1.2208334,1.2251966,1.2321737,1.2361523,1.2409521,1.2445805,1.2481164,1.2517016,1.2581828,1.2612175,1.266263,1.2713931,1.277736,1.2812995,1.2871757,1.2913357
57,0.31728747,0.31686854,0.3142055,0.3127039,0.3124441,0.31184334,0.3096407,0.30939406,0.3089174,0.31224388,0.309869,0.30922976,0.3105406,0.3108846,0.31457078,0.31497556,0.31431514,0.3139825,0.3115836,0.3101779,0.3098903,0.30933926,0.3078144,0.30796486,0.30849025,0.30767292,0.30705157,0.3090593,0.30903268,0.3056758,0.30501705,0.30451018,0.30485165,0.30623037,0.30947226,0.3123514,0.31399283,0.31480312,0.315672,0.31406268,0.31268057,0.31549573,0.3165041,0.31847623,0.3188906,0.31756848,0.31664383,0.3189972,0.31830168,0.31700584,0.3182816,0.318716,0.31927362,0.3170909,0.32050127,0.3213573,0.32154736,0.32113734,0.3221379,0.32176936,0.32205325,0.32560226,0.32589048,0.32694593,0.32654804,0.33134374,0.3317562,0.3319244,0.3335425,0.33461112,0.33627585,0.33861962,0.33905384,0.34142056,0.34173414,0.34397393,0.3445763,0.34601712,0.34483105,0.3432855,0.3457505,0.35144183,0.35233998,0.35406524,0.35530502,0.36019775,0.36135486,0.36295605,0.36480895,0.3701272,0.3688749,0.3685955,0.37115878,0.37175855,0.3720481,0.37464315,0.3763834,0.37906063,0.38159665,0.3826621,0.38381544,0.38479033,0.38348436,0.3878411,0.38981467,0.3923669,0.39432842,0.39719516,0.39980623,0.4018437,0.40389284,0.4041277,0.40498242,0.40629745,0.40560842,0.4077228,0.4091302,0.41254193,0.41153494,0.41307682
58,-0.62135893,-0.62630904,-0.6296075,-0.6325985,-0.6374176,-0.63864654,-0.6443434,-0.6492947,-0.65491474,-0.66110396,-0.66482764,-0.6713137,-0.6753633,-0.6803513,-0.6858583,-0.691768,-0.69579065,-0.7014874,-0.70666975,-0.70990646,-0.716115,-0.7222084,-0.72663003,-0.73186934,-0.73715734,-0.73973906,-0.74343234,-0.74826616,-0.7526986,-0.75741863,-0.7592417,-0.7654834,-0.7677685,-0.7711237,-0.77396023,-0.77514166,-0.77850354,-0.78011584,-0.7848649,-0.7899049,-0.7899217,-0.79046106,-0.79446244,-0.79627645,-0.8015477,-0.8030144,-0.80664766,-0.8094233,-0.8140084,-0.8195597,-0.825122,-0.82768506,-0.83366996,-0.83730584,-0.8400079,-0.8421844,-0.8469675,-0.8521997,-0.85585105,-0.85863227,-0.8654006,-0.86874515,-0.871484,-0.8730303,-0.8765135,-0.8790947,-0.88252276,-0.88753146,-0.8910607,-0.8905338,-0.8955821,-0.8968234,-0.9017209,-0.90465945,-0.90756464,-0.9081359,-0.9132473,-0.9157194,-0.91723126,-0.91833955,-0.9198726,-0.9192654,-0.9215776,-0.92497844,-0.92954266,-0.93135184,-0.93369496,-0.935764,-0.9376014,-0.93693256,-0.940605,-0.9405996,-0.9416696,-0.94254494,-0.9475895,-0.94746655,-0.95003605,-0.95107955,-0.9548768,-0.95564973,-0.95439243,-0.9569027,-0.95786,-0.96191216,-0.9662716,-0.969169,-0.97058046,-0.972812,-0.9723753,-0.97494525,-0.97457826,-0.97652495,-0.98123896,-0.98555946,-0.98934346,-0.9936269,-0.9970232,-0.99805224,-1.0010316,-1.0031453
59,0.45098132,0.4550436,0.4584042,0.46092954,0.45975232,0.4626372,0.46225923,0.46315822,0.46384192,0.4645218,0.46458492,0.4639751,0.46587077,0.46650285,0.4651823,0.4660913,0.46449193,0.46525517,0.46322575,0.46054286,0.45720315,0.45460877,0.45193624,0.45187807,0.4495917,0.44900054,0.44839793,0.44773817,0.4456204,0.44174868,0.4387641,0.4387557,0.43861446,0.4367221,0.4379441,0.43786997,0.43698376,0.43729615,0.43561953,0.4370551,0.4407692,0.44034824,0.44034737,0.4398853,0.43761784,0.4387663,0.43562564,0.43689552,0.4351066,0.43471918,0.43508083,0.43470734,0.4339598,0.4350769,0.4348181,0.43558198,0.434278,0.43448806,0.43509164,0.4357245,0.43731794,0.44095492,0.44027224,0.44124508,0.44184226,0.4463325,0.44968447,0.45053196,0.4519698,0.45040005,0.44960195,0.4510997,0.45234984,0.4534803,0.4551044,0.45562667,0.45684662,0.4572073,0.45441756,0.4553899,0.45589775,0.457455,0.4572391,0.45677036,0.45855588,0.45974463,0.46093512,0.46065742,0.46225852,0.46328673,0.46275765,0.4630293,0.46461493,0.46889025,0.47136813,0.47205567,0.4722972,0.47549286,0.47883815,0.47841144,0.48009148,0.48187584,0.48045048,0.48269257,0.480471,0.4842414,0.4874379,0.48760623,0.4932352,0.4916707,0.48990887,0.4865218,0.4912582,0.49328724,0.49406734,0.49650794,0.49693733,0.49727255,0.49969673,0.5038344
60,0.33968738,0.33678767,0.3312492,0.32821792,0.32543913,0.3213216,0.31547195,0.31003556,0.3044955,0.2996727,0.2950099,0.29109573,0.28752816,0.28527555,0.28248727,0.27941474,0.2763024,0.2713181,0.26815942,0.2630674,0.25772098,0.25468376,0.25124806,0.24796331,0.2429466,0.2390466,0.23560837,0.23380685,0.23127437,0.22905922,0.22314055,0.21995883,0.21650882,0.2115192,0.21067628,0.20678206,0.20316334,0.19955717,0.19816855,0.19435875,0.18973458,0.18915717,0.18783107,0.18346007,0.18081443,0.17984016,0.17592035,0.17265238,0.16823167,0.1638674,0.16220042,0.15926182,0.15817238,0.1564239,0.15512815,0.15133652,0.14819928,0.14552167,0.14649001,0.14257933,0.1411045,0.13997467,0.13873222,0.13762593,0.13430035,0.13457112,0.13159935,0.12737182,0.12731902,0.124205686,0.1236306,0.12215986,0.12444423,0.123763785,0.119448245,0.120471396,0.11623009,0.11246157,0.10821519,0.10339383,0.10265458,0.102353,0.10129533,0.09876156,0.09901586,0.098954245,0.09820406,0.096599415,0.09469036,0.09246074,0.091316305,0.087648004,0.08502323,0.08341764,0.08036675,0.076732755,0.07749231,0.076993704,0.0773933,0.07636581,0.07504744,0.0732152,0.07243649,0.071161866,0.06832234,0.06853401,0.067505196,0.067641154,0.06689222,0.062791385,0.06173988,0.06465712,0.06393546,0.06525205,0.06352279,0.06290232,0.060480833,0.061036706,0.061487436,0.06354761
61,1.1619941,1.1500117,1.1356426,1.1286701,1.1157844,1.1088116,1.098788,1.0905546,1.0822605,1.0737963,1.0672194,1.0590951,1.048869,1.0427005,1.0388639,1.0308666,1.0203972,1.0147943,1.008682,1.0042869,0.998089,0.99270755,0.98653,0.98153436,0.97575986,0.9681845,0.95938694,0.95465213,0.9487828,0.9410698,0.93485576,0.926927,0.9230048,0.91649085,0.9098816,0.90286416,0.89642555,0.89115584,0.883253,0.87811834,0.87008965,0.8644584,0.8551707,0.84782827,0.8410652,0.83667564,0.83166206,0.8260374,0.8181494,0.81104594,0.80594623,0.7973984,0.79041165,0.7829507,0.7759445,0.77214843,0.7671758,0.7604542,0.75333345,0.74500185,0.7382325,0.7344016,0.72601813,0.71973866,0.7142292,0.70938075,0.7022876,0.6917463,0.685572,0.6780383,0.67166394,0.66526335,0.6583868,0.6527125,0.6460881,0.6365234,0.62932456,0.6254791,0.61728346,0.61009854,0.6013999,0.5943279,0.5877067,0.5824412,0.5706532,0.56689745,0.56111306,0.5519582,0.5463393,0.54032993,0.52943116,0.52430844,0.5196633,0.51453316,0.5068767,0.50003487,0.49218282,0.48479086,0.47962403,0.47447547,0.47230825,0.46639243,0.45848227,0.44857645,0.44128433,0.43484187,0.42994428,0.42171535,0.4137928,0.40863165,0.4031756,0.3986069,0.39324775,0.38799998,0.3824467,0.37932566,0.37577772,0.36443466,0.35617024,0.34996134
62,1.12245,1.1195912,1.1127677,1.1113976,1.10963,1.1032016,1.1007189,1.0981816,1.0968134,1.0932643,1.091367,1.0914629,1.0917188,1.0908557,1.0906308,1.0884528,1.0852995,1.0865467,1.0865582,1.0840814,1.0814326,1.0809,1.0784352,1.0793241,1.0815389,1.0817007,1.0813801,1.0829372,1.0837467,1.0836387,1.0833516,1.0839018,1.0846586,1.0851562,1.0879505,1.0895277,1.089614,1.0887191,1.087227,1.0862219,1.0854338,1.0874908,1.0854089,1.0868934,1.0880932,1.0868403,1.0825374,1.0815316,1.0816132,1.082116,1.0848897,1.0862744,1.0870823,1.0843486,1.0845356,1.0872201,1.0891781,1.0890671,1.0939264,1.0922563,1.0925429,1.0962443,1.0978861,1.1000631,1.0994189,1.1007441,1.1024106,1.1030443,1.1054478,1.1060015,1.1083214,1.1095078,1.1114056,1.1111178,1.1131047,1.1117952,1.1129855,1.1130422,1.1138752,1.1131732,1.1145186,1.1129291,1.1105472,1.1139257,1.1161143,1.1202841,1.1187459,1.1198972,1.1214843,1.1213658,1.1194139,1.1196657,1.1201935,1.122954,1.1229962,1.1270139,1.1260374,1.1285132,1.130127,1.1298903,1.1309173,1.1328099,1.1352453,1.1374114,1.1375974,1.1404077,1.1407564,1.1420839,1.1442587,1.1493552,1.1500471,1.1502184,1.1541123,1.1548938,1.1541156,1.1555318,1.1590779,1.1600239,1.1605499,1.164404
63,0.6981145,0.6954869,0.6880278,0.68512887,0.6811172,0.67830235,0.67397475,0.6731192,0.6751898,0.67669696,0.67668134,0.67464936,0.6753245,0.6741517,0.6752438,0.67584026,0.6743202,0.67423487,0.67127585,0.67235696,0.6755662,0.6750262,0.6747054,0.6753533,0.6738952,0.6754283,0.6742707,0.67492163,0.67583704,0.6767559,0.6789002,0.67982084,0.68292034,0.6839658,0.6856493,0.6860792,0.68644077,0.6856481,0.6852139,0.68266416,0.6805089,0.68371785,0.68413943,0.6873356,0.68943846,0.6898273,0.69153535,0.6927314,0.695265,0.6928182,0.69600093,0.69686496,0.69696206,0.6991695,0.70060796,0.7039143,0.70526075,0.7037331,0.7074361,0.7099108,0.7123233,0.71452296,0.718078,0.72160447,0.7224849,0.7273823,0.72971517,0.7312957,0.7326778,0.73697054,0.7383317,0.7415126,0.7428547,0.74536335,0.7464215,0.75296503,0.7569968,0.7600961,0.7638148,0.7651784,0.76839143,0.770393,0.7752307,0.77950037,0.77729,0.7819149,0.78524876,0.78733885,0.7908144,0.79343164,0.79518384,0.79720867,0.80243796,0.80603075,0.8112197,0.8145173,0.8208705,0.82509816,0.8295293,0.8291361,0.83040035,0.83311814,0.8356377,0.84423035,0.8482901,0.8514854,0.8544304,0.8574172,0.8599788,0.8647855,0.86495936,0.8654143,0.868879,0.87266076,0.87305534,0.8733533,0.87569124,0.87845755,0.88102704,0.88764465
64,1.0589131,1.0584606,1.0533655,1.0539072,1.0525911,1.052283,1.0535122,1.054282,1.054987,1.0544615,1.0531827,1.0518153,1.0505202,1.0502942,1.0502722,1.0502053,1.0504826,1.0522754,1.0525792,1.0532229,1.0522732,1.053376,1.0546925,1.0547833,1.0573435,1.0585248,1.0604204,1.0625241,1.0631868,1.0628527,1.0655863,1.0661129,1.0675148,1.0713441,1.0746114,1.0752854,1.0762298,1.0785244,1.0779917,1.0796157,1.0797188,1.0814219,1.0812042,1.0834063,1.0845009,1.083714,1.0847715,1.0840365,1.084194,1.0845295,1.0851231,1.084712,1.087055,1.0877856,1.088344,1.087095,1.087457,1.0902497,1.089719,1.090325,1.0891582,1.0910769,1.0914819,1.0923252,1.0953525,1.0970936,1.1005528,1.1001585,1.1021128,1.1046447,1.1045029,1.1048567,1.1049783,1.1050546,1.1076142,1.109164,1.1072751,1.1076934,1.1085056,1.1093172,1.1105777,1.1127355,1.1107861,1.1142614,1.1138554,1.1147931,1.1159697,1.1176553,1.1184235,1.1240058,1.1233413,1.1226287,1.1234416,1.1257575,1.1253042,1.1250789,1.1265067,1.128163,1.1291007,1.131791,1.131959,1.1336048,1.1320261,1.1298883,1.1301438,1.1265597,1.1253957,1.1219496,1.1199433,1.1240842,1.1236125,1.1255143,1.1256938,1.1267494,1.1304045,1.1335332,1.1362083,1.1327147,1.1321622,1.135953
65,1.8356197,1.8264881,1.8142049,1.8044357,1.7972786,1.787591,1.7793894,1.7711884,1.7678778,1.7633457,1.758467,1.7550545,1.7503647,1.7487819,1.7423112,1.7381551,1.7351681,1.7316593,1.7267565,1.7210171,1.7120113,1.7091353,1.7059406,1.7030115,1.6993605,1.6945152,1.6915299,1.6878729,1.6842817,1.6835158,1.6802326,1.6758531,1.6749079,1.6697649,1.664778,1.6610094,1.6569439,1.6538837,1.6485466,1.6422317,1.6365454,1.6293398,1.6258564,1.6210492,1.6174958,1.6119747,1.6050978,1.6010497,1.5973009,1.5929542,1.5896393,1.5841825,1.5815679,1.5770947,1.5722786,1.5683836,1.5629723,1.5548756,1.5479921,1.5413597,1.5363767,1.5351927,1.5338959,1.5297763,1.5246229,1.5180981,1.5137902,1.5039312,1.4991975,1.4964328,1.4912703,1.4877014,1.484055,1.4839518,1.4799652,1.4762512,1.4720979,1.4676098,1.4651196,1.4621605,1.458677,1.4544437,1.4485929,1.4465555,1.4418288,1.4395642,1.4356186,1.4317935,1.4266841,1.4230504,1.4197705,1.4145626,1.4075415,1.4025621,1.3971196,1.3910418,1.3867693,1.3843905,1.3814164,1.3761538,1.3693292,1.3672552,1.3618684,1.3596052,1.356772,1.3530701,1.3479129,1.345299,1.3380853,1.3335397,1.3229905,1.3181955,1.3160659,1.3109639,1.3058672,1.3025045,1.2976719,1.2980205,1.2955885,1.2902037
66,1.437431,1.4329064,1.4245136,1.4186497,1.4130455,1.4059361,1.403709,1.399494,1.3990195,1.3951542,1.3923998,1.3918298,1.3895667,1.3879894,1.3858261,1.3843666,1.385133,1.3850441,1.3851935,1.3813984,1.3762681,1.3752996,1.3738376,1.3712103,1.3683035,1.3676704,1.3697679,1.3687264,1.3659918,1.3661354,1.365649,1.3665397,1.3680758,1.3608613,1.353878,1.3521264,1.3482006,1.3479553,1.3459675,1.343621,1.3401614,1.3384731,1.3406308,1.3410292,1.3404014,1.3383687,1.3362789,1.3341914,1.3322984,1.3270618,1.3264176,1.3262426,1.3231108,1.321119,1.321531,1.318421,1.3160052,1.3084967,1.3068901,1.3028538,1.3001331,1.301189,1.2999805,1.2983947,1.2978863,1.2957481,1.2954738,1.2936792,1.2919672,1.2882229,1.2859836,1.2856575,1.2825873,1.2813125,1.2804735,1.2783458,1.2742596,1.2735989,1.2710886,1.2717918,1.269649,1.2660477,1.2645378,1.2669334,1.2623466,1.2617313,1.2575724,1.2569978,1.2566373,1.2565006,1.2560077,1.2523962,1.2506139,1.246814,1.2409396,1.2403197,1.238053,1.2379332,1.2361896,1.2350805,1.2319117,1.2308424,1.2267468,1.2254143,1.222492,1.2216806,1.221731,1.2222416,1.2183565,1.2146066,1.2073936,1.2034321,1.2026789,1.2005785,1.1965647,1.1965368,1.1914442,1.1912091,1.1931633,1.19052
67,1.0940131,1.1004006,1.099188,1.1039482,1.1068587,1.1097442,1.1140654,1.1138742,1.1202862,1.1249567,1.1270047,1.1314408,1.1355228,1.1418351,1.1457757,1.1481411,1.1517395,1.1565794,1.1614441,1.1669515,1.1710105,1.1741645,1.1781611,1.182822,1.187235,1.1911489,1.1941378,1.1984916,1.2032206,1.2087388,1.2137353,1.2189283,1.2231529,1.2256674,1.2286861,1.2353603,1.2408615,1.2477336,1.2533203,1.2557634,1.2611921,1.2665315,1.2685148,1.2750636,1.2798387,1.2804197,1.2828434,1.2892412,1.2921147,1.2952459,1.2984145,1.3024204,1.3064957,1.3117818,1.3172864,1.3227999,1.3242171,1.3292984,1.3340085,1.335141,1.3413724,1.347567,1.3526176,1.3577892,1.3629366,1.3679329,1.374104,1.3755213,1.3799996,1.382319,1.3857329,1.3896887,1.3946092,1.398988,1.4047053,1.4076694,1.4128163,1.4190037,1.4216151,1.4246376,1.4308383,1.4311575,1.4365739,1.4425635,1.4441303,1.4495825,1.4519726,1.4547173,1.4595897,1.4625721,1.4661834,1.468829,1.4720817,1.4767332,1.4796804,1.4817917,1.4836868,1.4879135,1.4895217,1.4931037,1.4928526,1.4970015,1.4988444,1.5010933,1.5014069,1.5051104,1.5111682,1.5153047,1.5169729,1.5164764,1.5194674,1.5217241,1.5284104,1.5285679,1.5321683,1.5354933,1.539726,1.5415738,1.543718,1.5446078
68,0.15036674,0.15042391,0.14894612,0.14737792,0.14630017,0.14586528,0.14667663,0.14691207,0.14702208,0.14364591,0.1423155,0.1433411,0.1434401,0.14430156,0.14709368,0.14997986,0.15342225,0.15534417,0.16051564,0.16358714,0.1609585,0.16174892,0.16218606,0.16212228,0.16312408,0.1650737,0.16750462,0.16810079,0.16963318,0.17060564,0.17336829,0.17667666,0.17804283,0.17881438,0.17986716,0.1807724,0.18354094,0.18678424,0.19031887,0.19137302,0.19227526,0.19496319,0.1959103,0.19851898,0.19878161,0.19965824,0.19976316,0.20345509,0.204218,0.20599982,0.20866463,0.21068159,0.21259873,0.21459241,0.21701248,0.21759157,0.22139028,0.22464764,0.22783692,0.22970378,0.23175493,0.23411052,0.23696491,0.23713604,0.23892221,0.24140342,0.24530315,0.24721508,0.24964373,0.2523803,0.2552508,0.25670403,0.25784585,0.26022562,0.2631275,0.26591438,0.26790082,0.2709412,0.270842,0.27509815,0.27725405,0.28267074,0.28544563,0.29152268,0.29599518,0.29797596,0.2987152,0.30293736,0.3059054,0.31034774,0.31046614,0.3134864,0.31714454,0.3194719,0.32271343,0.3264659,0.3305007,0.33527252,0.34138206,0.3434624,0.34960136,0.35341054,0.3587374,0.35968772,0.36014596,0.3631248,0.36560577,0.37006575,0.37266922,0.3764159,0.3834417,0.38966125,0.3949597,0.39840063,0.40482602,0.40967193,0.41292343,0.41794902,0.42351976,0.42853132
69,-1.1185199,-1.1141297,-1.1103978,-1.1051557,-1.0991586,-1.0946001,-1.090739,-1.0833297,-1.079026,-1.0712721,-1.061112,-1.0499359,-1.0447193,-1.0365763,-1.0288734,-1.0230583,-1.012493,-1.0060679,-0.9979323,-0.9922358,-0.9831516,-0.98037356,-0.9743411,-0.9673402,-0.962015,-0.9559704,-0.9533807,-0.9475223,-0.94097364,-0.9331547,-0.9274832,-0.9225356,-0.9178398,-0.91006726,-0.90391445,-0.89771765,-0.8905133,-0.8849901,-0.8815026,-0.8748859,-0.8681339,-0.8608886,-0.8535692,-0.8491373,-0.84495765,-0.83812296,-0.83281136,-0.82584494,-0.8229662,-0.81675977,-0.8112809,-0.807988,-0.803543,-0.7964925,-0.7893763,-0.78417295,-0.77813435,-0.771578,-0.76546156,-0.7586845,-0.7491371,-0.7415103,-0.73667663,-0.7309829,-0.7265978,-0.7201339,-0.7152898,-0.7133772,-0.70734346,-0.70505804,-0.6985617,-0.6932249,-0.6874822,-0.68157256,-0.67831457,-0.6711242,-0.6670814,-0.6645127,-0.66331637,-0.6585723,-0.6537977,-0.6488575,-0.6387054,-0.6331591,-0.6239259,-0.6196076,-0.613634,-0.6074025,-0.5998463,-0.5943038,-0.5906611,-0.5809275,-0.5766698,-0.57381237,-0.5704489,-0.56222963,-0.5552767,-0.55174303,-0.5470483,-0.5411896,-0.5357787,-0.52784854,-0.5234242,-0.51558864,-0.5143262,-0.51086056,-0.50449115,-0.50121003,-0.4985033,-0.4956138,-0.49318418,-0.48723525,-0.48274487,-0.48075628,-0.47682938,-0.46869308,-0.46298018,-0.4561549,-0.44981495,-0.44371718
70,-0.1196775,-0.1175614,-0.12140578,-0.11929448,-0.11631443,-0.11374648,-0.10879016,-0.10393308,-0.10159143,-0.09689139,-0.0899838,-0.08335627,-0.078002356,-0.07126272,-0.069821075,-0.06484442,-0.060491156,-0.05525289,-0.05138719,-0.046217103,-0.045220017,-0.042602055,-0.039591916,-0.033224054,-0.02813136,-0.023668926,-0.022653528,-0.020041054,-0.014753973,-0.012014468,-0.007956626,-0.0030185585,-0.0006253485,0.0037720639,0.008126473,0.015926296,0.018557869,0.023568194,0.026003078,0.02647326,0.029211497,0.0338498,0.034723524,0.03719935,0.04010991,0.043705463,0.04893124,0.054072093,0.054504465,0.05385253,0.05857531,0.062594675,0.06677513,0.0711119,0.07577942,0.07940299,0.08492098,0.0901096,0.09574751,0.095439,0.098874494,0.105256975,0.108783916,0.112771675,0.117371336,0.119642854,0.121991694,0.12429486,0.12852836,0.13159227,0.13465771,0.1381811,0.14219934,0.14490044,0.14958358,0.15449488,0.15548226,0.15808177,0.16272636,0.16694447,0.17402723,0.18036331,0.18752381,0.19097073,0.19763826,0.19885942,0.20305522,0.20810597,0.21090396,0.21226075,0.21583685,0.21849832,0.22164448,0.2258079,0.22810988,0.231042,0.23557839,0.2396503,0.24437073,0.24931303,0.25357714,0.26231688,0.26761705,0.26944774,0.26777428,0.27284494,0.27760437,0.28227165,0.28692508,0.2884479,0.2923806,0.2914589,0.29565245,0.29891557,0.30430433,0.3086214,0.3143395,0.3162772,0.32326,0.32481608
71,-1.1111668,-1.1103764,-1.1115316,-1.1130903,-1.1139743,-1.115404,-1.1208124,-1.1216364,-1.122991,-1.122693,-1.1238526,-1.1260283,-1.1249806,-1.1274416,-1.1239554,-1.1230237,-1.1222231,-1.1250839,-1.1247929,-1.1283319,-1.1301181,-1.133147,-1.1348283,-1.1381575,-1.1391616,-1.1405799,-1.1435592,-1.1480271,-1.1500221,-1.156357,-1.158898,-1.1584024,-1.1628389,-1.1618416,-1.1674725,-1.1678134,-1.1726619,-1.1744815,-1.1755983,-1.1790774,-1.1818144,-1.1832168,-1.1864426,-1.1859884,-1.1911147,-1.1923238,-1.1933538,-1.1936358,-1.1933525,-1.1945325,-1.1968405,-1.1992643,-1.2044008,-1.206522,-1.2077228,-1.2050912,-1.2061669,-1.2069347,-1.2081373,-1.2062018,-1.2102587,-1.2123121,-1.212809,-1.2139175,-1.2159928,-1.2178767,-1.2180008,-1.2202234,-1.2225173,-1.2215502,-1.224086,-1.2292767,-1.2319238,-1.2344744,-1.2356122,-1.2338549,-1.234154,-1.2366273,-1.2377499,-1.2356513,-1.2377763,-1.2390683,-1.242046,-1.2430998,-1.2416723,-1.2445314,-1.2447149,-1.2473007,-1.2468818,-1.2480729,-1.2509781,-1.2513816,-1.2522948,-1.2535161,-1.254445,-1.2557127,-1.254262,-1.2573483,-1.2578619,-1.2607015,-1.2598141,-1.259939,-1.2591736,-1.2589436,-1.2600582,-1.259719,-1.2598397,-1.2567227,-1.2510622,-1.2481251,-1.242348,-1.246652,-1.2478913,-1.2494285,-1.2498721,-1.2508358,-1.2513033,-1.2500563,-1.2492337,-1.2458556
72,-0.2687066,-0.2642625,-0.26220456,-0.26086426,-0.25914586,-0.25784653,-0.25516877,-0.2522934,-0.24897556,-0.24546924,-0.24142852,-0.23909453,-0.23627886,-0.23181283,-0.22700688,-0.22426338,-0.22256954,-0.2202572,-0.21603104,-0.21343115,-0.21124163,-0.20801254,-0.20535526,-0.20320466,-0.1993191,-0.19680563,-0.19180498,-0.1864595,-0.18126681,-0.17798257,-0.17341429,-0.1711394,-0.16441187,-0.1615133,-0.15742345,-0.15362182,-0.15000734,-0.14571701,-0.13846205,-0.13536923,-0.13137095,-0.12805519,-0.12157037,-0.118212506,-0.114182375,-0.10935684,-0.104813814,-0.09943551,-0.09342528,-0.088408895,-0.082225665,-0.0795089,-0.07244267,-0.0702977,-0.06651156,-0.061289757,-0.05513222,-0.051318772,-0.04794241,-0.043409925,-0.03730638,-0.033230722,-0.028385332,-0.02667147,-0.022435755,-0.016659487,-0.010377446,-0.005502495,-0.0016903745,0.0041841124,0.00963601,0.014718151,0.019804755,0.025259286,0.030304706,0.034467712,0.037861094,0.0420713,0.04856936,0.054673046,0.061692245,0.065286964,0.06371493,0.0680136,0.077334024,0.08236663,0.087388344,0.09241071,0.09834552,0.10523194,0.109184444,0.11285033,0.11781509,0.12417662,0.12956461,0.13365509,0.14131996,0.14720613,0.1545699,0.16063413,0.16489968,0.16867699,0.17683959,0.18224461,0.18699536,0.19001229,0.19418672,0.19744393,0.20156017,0.20884457,0.21378091,0.21855263,0.22472525,0.23079276,0.23921421,0.24634087,0.25490013,0.25796312,0.26364404,0.27122766
73,1.7010691,1.7036871,1.6996365,1.6989946,1.6967605,1.6941227,1.692352,1.6924484,1.6917778,1.6887277,1.6883585,1.6862348,1.6845016,1.6842773,1.6824367,1.6813726,1.6755073,1.6757643,1.6744055,1.6758425,1.6730658,1.6734025,1.673234,1.6740768,1.6764898,1.6775873,1.676481,1.6773456,1.6771084,1.6772639,1.6769034,1.6776556,1.6779044,1.6789252,1.6799444,1.6805983,1.6795359,1.679252,1.675575,1.6746352,1.6714258,1.6709936,1.6656721,1.6638912,1.6645733,1.6626024,1.6602131,1.660743,1.6600901,1.658534,1.6594518,1.658242,1.6596203,1.6553882,1.6547487,1.6561216,1.6573029,1.6563003,1.6550856,1.651212,1.6521151,1.6531559,1.6540139,1.6568635,1.6589304,1.6601604,1.6624491,1.6606352,1.660902,1.6568282,1.6575629,1.6551654,1.6579216,1.656954,1.6573769,1.6566918,1.6547676,1.6567748,1.6534688,1.6549927,1.6560507,1.6542021,1.6499002,1.6526012,1.6490024,1.6513908,1.6522243,1.6540754,1.6529362,1.653524,1.6514076,1.6471802,1.6475235,1.6458985,1.644339,1.6438906,1.6428343,1.6437924,1.6448946,1.6466055,1.645146,1.6418654,1.6428201,1.6410065,1.6394842,1.6394151,1.6386172,1.6370697,1.6337729,1.6308091,1.6292722,1.6269114,1.6282642,1.626248,1.623749,1.6223103,1.625493,1.6203401,1.6205432,1.6212927
74,0.7340744,0.73268276,0.7276903,0.7231419,0.7189411,0.71577615,0.71141213,0.7053652,0.7028679,0.69750893,0.6932988,0.6912081,0.6884174,0.68588996,0.68474877,0.68239766,0.6766902,0.6740037,0.67221564,0.67052907,0.66457427,0.66101635,0.65919316,0.6569565,0.6561331,0.65366805,0.65261567,0.651058,0.6495741,0.64865035,0.6506069,0.6513099,0.65298283,0.65411234,0.65362203,0.65198034,0.6533233,0.65421075,0.6498415,0.6508719,0.65315425,0.6516525,0.65154594,0.65384513,0.65491855,0.6558875,0.6563026,0.654467,0.6563114,0.6566136,0.6572525,0.65543616,0.6578108,0.6561653,0.6564423,0.65870225,0.66013575,0.65651166,0.655927,0.6557058,0.6579261,0.6616848,0.66537774,0.6636249,0.6656076,0.6679584,0.6706947,0.67006683,0.67491484,0.6770791,0.68000555,0.68273544,0.6858811,0.6872889,0.6889633,0.69091594,0.6934163,0.6938696,0.69787294,0.7040409,0.70589715,0.7088103,0.71138597,0.7156512,0.7178118,0.7210529,0.7214793,0.7249206,0.7303523,0.73535913,0.7390915,0.74246347,0.74477005,0.751881,0.75491816,0.75955266,0.7637583,0.7680399,0.7734672,0.777699,0.77841514,0.7805062,0.7828795,0.78424203,0.78623855,0.7871505,0.79039496,0.7943717,0.7940645,0.79974973,0.7998909,0.7956119,0.802838,0.80681837,0.8127667,0.8179517,0.8213827,0.822247,0.82504004,0.8303261
75,0.98696625,0.9797993,0.96812993,0.95986766,0.9525669,0.9421257,0.9329361,0.9277381,0.9197996,0.91159517,0.9029664,0.89726293,0.89320564,0.8863114,0.8788187,0.873092,0.86592865,0.8584903,0.8506358,0.842082,0.83475006,0.8257195,0.81888896,0.81288415,0.80519116,0.79727715,0.7916112,0.7838375,0.77903223,0.77277476,0.76505184,0.75687146,0.75029206,0.7429451,0.7369774,0.7294857,0.72384137,0.71721035,0.70927066,0.7017995,0.6934827,0.68494016,0.6778302,0.673236,0.6644084,0.65580434,0.6459971,0.64050543,0.63312364,0.62528336,0.6205289,0.61215156,0.6031297,0.5967917,0.5890275,0.58332354,0.5732051,0.56576645,0.5605283,0.5552761,0.5486917,0.5414517,0.53437746,0.5254096,0.51624393,0.51201725,0.50509566,0.4942709,0.48725027,0.4798099,0.469944,0.46487054,0.45911878,0.45158166,0.4447127,0.43593153,0.42936826,0.4228557,0.41355854,0.40642375,0.39810687,0.3924057,0.38400823,0.37764516,0.3657729,0.359665,0.35185623,0.3425603,0.33433047,0.32832506,0.3187738,0.31148285,0.3041666,0.29876295,0.29014927,0.28097063,0.2768659,0.26926333,0.26410684,0.2567224,0.2524882,0.2450788,0.23483446,0.22740579,0.216961,0.20737033,0.20103917,0.19558854,0.18969578,0.18318556,0.17744295,0.17016357,0.16310811,0.15384164,0.14853103,0.14289524,0.134583,0.12801737,0.12380363,0.11855956
76,0.82716715,0.82549775,0.820545,0.81675446,0.81023663,0.8050108,0.8000158,0.7993331,0.79623616,0.79412293,0.79318607,0.7920748,0.7926809,0.7938795,0.79320824,0.78915155,0.7897497,0.78913486,0.789878,0.7877473,0.78619206,0.78555715,0.78535223,0.78443086,0.7848205,0.7840645,0.7837106,0.7845642,0.7838165,0.7847064,0.7837427,0.78248125,0.78317577,0.7806279,0.7817155,0.7807408,0.778725,0.77570426,0.77467024,0.7734295,0.77488023,0.77241147,0.77162087,0.76973253,0.7680909,0.7651389,0.76228523,0.76252586,0.76089066,0.76087064,0.7610443,0.7589201,0.75963557,0.7567928,0.7555127,0.753858,0.7515022,0.7528052,0.7529587,0.7513742,0.75230956,0.7532842,0.7499768,0.7483125,0.746734,0.74676055,0.7478596,0.74324566,0.74309677,0.73866266,0.73617184,0.73452044,0.7361018,0.73570365,0.73479974,0.7327951,0.7280424,0.7281498,0.72587657,0.7250577,0.72354054,0.7207011,0.7161695,0.7164574,0.7154466,0.71406215,0.7135182,0.7136105,0.7118907,0.70856184,0.7049203,0.7064086,0.7025617,0.70245117,0.70013106,0.70244366,0.6994215,0.69976985,0.69725525,0.69610614,0.6925407,0.6870045,0.6878358,0.6814745,0.6799623,0.6792905,0.6788206,0.6797067,0.67792106,0.6741196,0.6711587,0.6699182,0.66843724,0.6663457,0.6637,0.66429174,0.6611832,0.659838,0.6579212,0.65782106
77,0.31384423,0.31588835,0.31497633,0.31478566,0.31624833,0.31744486,0.3162019,0.3210711,0.32325178,0.3268662,0.32616538,0.33010805,0.33248344,0.33256298,0.33647093,0.33788082,0.3372575,0.3388468,0.34107336,0.34292802,0.3442072,0.34617785,0.34854907,0.35167605,0.35251114,0.35655296,0.3592998,0.3623562,0.36461928,0.36549535,0.36817056,0.37245756,0.37736866,0.37971008,0.38161555,0.3844572,0.38838845,0.39118886,0.3926902,0.3940553,0.3974306,0.39980817,0.40198818,0.40659636,0.4093863,0.41337818,0.41528884,0.4190306,0.42074218,0.42348084,0.42612314,0.42737395,0.42769232,0.43004006,0.4321713,0.43427116,0.43543822,0.43819198,0.4415822,0.44201478,0.4475666,0.4509429,0.45543107,0.45817026,0.4601609,0.46119723,0.46380457,0.4664909,0.46890488,0.47060046,0.47323418,0.47636336,0.47954243,0.482519,0.4822958,0.4853529,0.4872276,0.48889416,0.4880689,0.49253964,0.49308482,0.49515787,0.49918333,0.50105846,0.4992358,0.5011995,0.50179166,0.5067486,0.511695,0.5165734,0.51775163,0.51965106,0.5213748,0.5221412,0.5249918,0.52746224,0.5290357,0.53400254,0.5345465,0.5361691,0.538654,0.5389102,0.5419508,0.5451889,0.5478781,0.5500399,0.5541026,0.5539876,0.55615664,0.5558938,0.55679,0.5554049,0.5578393,0.56267345,0.56356215,0.56533396,0.5677553,0.57321775,0.57668245,0.58114254
78,0.6938465,0.69974965,0.69992787,0.7048723,0.71055347,0.7152618,0.7220098,0.72857803,0.7357322,0.741339,0.74583244,0.75235367,0.7588142,0.76423115,0.77048504,0.77740985,0.7835845,0.7914935,0.7976571,0.8002017,0.802388,0.8082859,0.81246054,0.8176557,0.82272005,0.8273721,0.83249533,0.8359271,0.8419595,0.8473625,0.8539545,0.85700905,0.8636816,0.8662424,0.8696965,0.87524956,0.8806342,0.8861206,0.8886981,0.89184487,0.8966138,0.90115464,0.9050573,0.9122459,0.9158778,0.92496616,0.92887366,0.9336039,0.9366412,0.94236785,0.9468641,0.94978523,0.95434904,0.95886695,0.96322745,0.9666972,0.96959066,0.9735381,0.9755929,0.97603095,0.9785164,0.9839549,0.9862296,0.991175,0.99639714,1.0021626,1.0056849,1.0073837,1.0134056,1.0195425,1.024612,1.028806,1.0335562,1.0379593,1.0414183,1.0416634,1.0444635,1.0481327,1.0522335,1.0577576,1.0632544,1.0644977,1.069119,1.0757945,1.0766523,1.0793644,1.0846703,1.0911882,1.0925713,1.0983151,1.1021075,1.103189,1.1051254,1.1095743,1.113127,1.1152663,1.1181791,1.1227947,1.1270065,1.1330028,1.132736,1.1329949,1.1354457,1.1393363,1.1403406,1.141908,1.1468751,1.1483067,1.150134,1.1532602,1.1499897,1.1531512,1.1544421,1.157843,1.161346,1.1646649,1.1695153,1.1733673,1.1753464,1.178259
79,-0.3464534,-0.35049912,-0.35232228,-0.35638565,-0.35905498,-0.3601346,-0.36397868,-0.36513078,-0.36570424,-0.36517563,-0.3667034,-0.36652303,-0.37014192,-0.3705948,-0.37139577,-0.3704055,-0.37069383,-0.37188965,-0.37168753,-0.37291667,-0.3698035,-0.3718315,-0.37208807,-0.37379077,-0.3739187,-0.37610304,-0.37630677,-0.37707716,-0.37862486,-0.3813133,-0.38113287,-0.3815036,-0.3823021,-0.38299626,-0.38262647,-0.38285792,-0.38180703,-0.37945703,-0.38016605,-0.37953025,-0.378934,-0.37939176,-0.3759366,-0.3753689,-0.37581897,-0.37560162,-0.3757049,-0.37399226,-0.374012,-0.37632462,-0.3754917,-0.37797508,-0.37768617,-0.37819368,-0.37734312,-0.37782046,-0.3792618,-0.37834364,-0.3761257,-0.37397632,-0.3730895,-0.37403947,-0.37497687,-0.37398523,-0.3728959,-0.37177262,-0.36998,-0.37181604,-0.3708443,-0.36946705,-0.37129515,-0.3699452,-0.36944985,-0.36864746,-0.3686314,-0.36895597,-0.36625773,-0.3653609,-0.36594036,-0.36425778,-0.36406046,-0.3632031,-0.36030763,-0.35738114,-0.35636985,-0.35612145,-0.3564999,-0.35731193,-0.35820264,-0.35343826,-0.3554194,-0.35225123,-0.35327858,-0.35240468,-0.3533495,-0.35267907,-0.34858218,-0.3477252,-0.3450896,-0.34570232,-0.34098783,-0.3381537,-0.33742663,-0.33523285,-0.3349029,-0.33416036,-0.33239558,-0.3304443,-0.33178285,-0.33146688,-0.32757774,-0.3238384,-0.32277003,-0.32243767,-0.32015002,-0.31723735,-0.31726483,-0.31668967,-0.31375903,-0.31201962
80,0.2629621,0.2618378,0.2634403,0.26318628,0.26344246,0.2643758,0.26302314,0.26234534,0.2645375,0.26355547,0.2623283,0.26365608,0.2619042,0.2611115,0.26248053,0.26425943,0.2639396,0.26437578,0.26270074,0.26205108,0.2632573,0.26458815,0.2644456,0.26345548,0.26238942,0.26202458,0.26369423,0.26401967,0.2640682,0.26403207,0.26241106,0.26134795,0.26314145,0.26150838,0.25899452,0.2606346,0.25919414,0.25968415,0.25962573,0.2579006,0.2570827,0.2591064,0.25756487,0.2593761,0.26103956,0.26171657,0.26128593,0.26292354,0.26340327,0.26115355,0.26139694,0.26174265,0.26139063,0.26214588,0.26328832,0.26267415,0.2628849,0.26655954,0.27038622,0.2698586,0.2699463,0.2722334,0.27040595,0.27147838,0.2754052,0.28045872,0.28342986,0.28313634,0.28620824,0.2869093,0.2865014,0.29130253,0.2933764,0.29664522,0.29901996,0.30048326,0.3024566,0.30470595,0.3049105,0.30631924,0.30550033,0.30460733,0.3073699,0.30881554,0.30853003,0.3100416,0.312769,0.31489295,0.31618065,0.32011598,0.3187848,0.31939286,0.32058862,0.32019466,0.32139653,0.3232968,0.32373196,0.3260965,0.32616493,0.3264644,0.32828724,0.33144978,0.332223,0.3356685,0.3364234,0.33584064,0.3363258,0.3401242,0.33929983,0.34138697,0.342954,0.34206733,0.34392503,0.3448487,0.346756,0.34774336,0.35089493,0.35385826,0.35471737,0.35967648
81,0.94376314,0.94661933,0.9454377,0.9466158,0.94910735,0.9527149,0.9575156,0.9608518,0.9643319,0.9650014,0.96866417,0.9738822,0.9787178,0.98139346,0.981387,0.984196,0.9821709,0.98768485,0.98908347,0.9902936,0.99290484,0.9945712,0.9959176,0.99965274,1.001613,1.0037667,1.0061939,1.0072634,1.0108607,1.015015,1.0177561,1.0189366,1.0216744,1.0242224,1.0259238,1.0281193,1.0285108,1.0325701,1.0309961,1.0320443,1.0301731,1.0309104,1.0317936,1.0364512,1.0396783,1.0419962,1.0442233,1.0457772,1.0456369,1.0461032,1.0476487,1.0489509,1.0505276,1.0521902,1.0542552,1.0546616,1.0559381,1.0550903,1.0564849,1.0556791,1.055115,1.058601,1.0606117,1.0616916,1.0647587,1.0644332,1.0653629,1.0648768,1.0673856,1.0669205,1.0688343,1.0722328,1.0723917,1.0730298,1.075682,1.0765027,1.0773259,1.078344,1.077234,1.0786482,1.0796934,1.0786893,1.077992,1.0791516,1.0784937,1.0788443,1.0786849,1.0792749,1.0800421,1.0807923,1.0792768,1.0780526,1.0794101,1.0819827,1.0809128,1.0839818,1.0827421,1.0880811,1.0901382,1.0910249,1.0926037,1.0920744,1.0903456,1.0940604,1.0905021,1.0921036,1.0930008,1.093093,1.0893999,1.0869958,1.0845062,1.0845515,1.082256,1.0801159,1.0769128,1.0761174,1.0759618,1.0753297,1.0747207,1.0752593
82,0.11357416,0.11351211,0.11344807,0.11523322,0.11697171,0.1168249,0.11472831,0.11507113,0.11420479,0.11380039,0.114244245,0.115690306,0.115508415,0.11552741,0.117169276,0.117621936,0.117670335,0.11921264,0.116032764,0.115696035,0.11873263,0.119430944,0.1179224,0.117858745,0.11686716,0.11631209,0.11650322,0.115358315,0.11677635,0.116816476,0.114467576,0.11446234,0.11425455,0.11270976,0.1153358,0.11590394,0.11921122,0.1182969,0.117653266,0.11822609,0.116861664,0.116413556,0.116477154,0.11957524,0.11839785,0.12004161,0.12338692,0.12160281,0.12066348,0.11800102,0.120349884,0.11947397,0.12083962,0.12030588,0.12368746,0.123098396,0.124360144,0.12490857,0.12610424,0.12968034,0.13231704,0.13441543,0.13448286,0.1333171,0.13290349,0.13307594,0.13294297,0.13219789,0.13485846,0.13886191,0.14095658,0.14249867,0.14382891,0.14784338,0.14958067,0.15429677,0.15471764,0.15668994,0.15832157,0.15849003,0.16187215,0.16208813,0.16506721,0.1648469,0.16520719,0.16587134,0.16796726,0.16883148,0.16913283,0.171792,0.17151156,0.17214783,0.17514218,0.17709996,0.1761378,0.18043505,0.18091549,0.18277754,0.1826224,0.18404476,0.18581134,0.1873127,0.18754123,0.1922336,0.19236943,0.1959988,0.19613938,0.19599883,0.19694152,0.1948277,0.19499311,0.19875869,0.20161529,0.20237045,0.20297346,0.20413816,0.20848393,0.21593785,0.21754813,0.22220823
83,1.9085066,1.9100907,1.9100263,1.9101776,1.9094822,1.9079294,1.9079002,1.9079616,1.9105091,1.9084984,1.9094473,1.909783,1.91031,1.9120436,1.9111001,1.9102843,1.908474,1.9089142,1.9056098,1.9057792,1.9074863,1.9068911,1.9060129,1.9067627,1.9054582,1.9039307,1.9043709,1.9050119,1.903969,1.9010404,1.8986555,1.8989922,1.8996112,1.8952681,1.8936021,1.8938049,1.8940471,1.8943665,1.891962,1.8879486,1.8830086,1.8833034,1.8801849,1.8819921,1.8816284,1.8789383,1.8756657,1.8743925,1.8733852,1.8684635,1.8698391,1.8710537,1.8702443,1.8689115,1.8685287,1.8676207,1.8670568,1.865049,1.8639504,1.8606303,1.8576841,1.8612627,1.8615646,1.8605306,1.8592844,1.8611839,1.8622005,1.8599656,1.8604368,1.8583733,1.8569342,1.8595932,1.8591648,1.8603175,1.861105,1.8588988,1.8574612,1.8564637,1.8544832,1.8495716,1.8497185,1.8477592,1.8477051,1.8465631,1.8405163,1.8434331,1.8420486,1.8420565,1.8395967,1.8391775,1.836612,1.8339851,1.832848,1.8325208,1.8295062,1.8297303,1.8307197,1.8312767,1.8312073,1.8301289,1.828343,1.8271601,1.8240592,1.8200054,1.8187277,1.8199362,1.8218491,1.8207188,1.8188555,1.8155048,1.8138844,1.8067911,1.807122,1.8064636,1.803046,1.801794,1.8014545,1.7990568,1.7953854,1.7936102
84,1.6977775,1.6997607,1.6971413,1.6973747,1.6951765,1.6924102,1.6907415,1.6898279,1.6916939,1.6920016,1.6911243,1.6908163,1.6923325,1.6958174,1.6960405,1.6959841,1.6926107,1.694257,1.6944011,1.6949657,1.6959511,1.696936,1.6972202,1.6980377,1.6977806,1.7005503,1.7021046,1.7032595,1.7042776,1.7052281,1.706974,1.7083309,1.7091362,1.7093582,1.7112488,1.7120678,1.7108123,1.7127781,1.7132499,1.7140248,1.7145474,1.7197784,1.7203062,1.7224085,1.7243716,1.7248132,1.7248644,1.7272184,1.7299678,1.7308495,1.7333761,1.73622,1.7374834,1.7365223,1.7385676,1.7404573,1.7409319,1.7420549,1.7444538,1.7442904,1.7453086,1.7494812,1.7505137,1.7532704,1.7526405,1.7518451,1.7544569,1.7530086,1.7578256,1.7580433,1.7600151,1.7637863,1.7670923,1.76798,1.7720388,1.772728,1.7760689,1.7785282,1.7821133,1.7862648,1.7876049,1.7883081,1.7905079,1.7938354,1.7884678,1.7928473,1.7960876,1.79921,1.8022944,1.8022783,1.8054254,1.809687,1.8109341,1.8137404,1.8172798,1.8190496,1.8204784,1.8242588,1.8295491,1.8336732,1.8363968,1.836717,1.8387959,1.8413702,1.8439238,1.8478495,1.849947,1.8517135,1.8540876,1.8483022,1.8436677,1.8396744,1.8435758,1.844956,1.847512,1.8478523,1.8511254,1.8568308,1.8573456,1.8641472
85,-0.33823007,-0.33510184,-0.329771,-0.32644776,-0.32322994,-0.31889024,-0.3139612,-0.30835253,-0.3007364,-0.29761213,-0.2934317,-0.28927606,-0.28455982,-0.2817941,-0.27565137,-0.2703132,-0.2656014,-0.26189575,-0.25677937,-0.2530476,-0.24554944,-0.24158807,-0.23719823,-0.23424828,-0.2305237,-0.22607806,-0.21955404,-0.21698241,-0.21401665,-0.21224466,-0.20822975,-0.2031841,-0.19885817,-0.19309525,-0.18936975,-0.18540423,-0.18336275,-0.17439434,-0.16893816,-0.1646262,-0.15752895,-0.15354188,-0.14711131,-0.14045694,-0.13505153,-0.12888016,-0.12553807,-0.118896246,-0.112675086,-0.10739903,-0.10272249,-0.096431635,-0.09363208,-0.089302376,-0.08614238,-0.07627107,-0.07268499,-0.06662437,-0.061228644,-0.05753432,-0.055849157,-0.051575862,-0.04544048,-0.040887576,-0.035956647,-0.03249813,-0.027539467,-0.024006402,-0.018562961,-0.010421265,-0.005071064,0.00046616048,0.0038528051,0.009374957,0.013316671,0.0185135,0.02330136,0.027718639,0.03609386,0.044084005,0.04930018,0.052605473,0.055889152,0.06319131,0.06935241,0.073384725,0.07958289,0.084929034,0.09421021,0.10263888,0.10855006,0.115617074,0.12192079,0.12717196,0.13097534,0.13772891,0.14329353,0.14992033,0.1555722,0.16056833,0.16696718,0.17010441,0.17902315,0.18635081,0.19228017,0.19807027,0.206019,0.2142035,0.22190018,0.23093681,0.24118447,0.24851617,0.2537028,0.26342696,0.2690543,0.27322495,0.2781177,0.28385606,0.29013753,0.29774562
86,-0.40784377,-0.40877923,-0.40796605,-0.40750384,-0.4068996,-0.40775833,-0.4077077,-0.40561286,-0.40437093,-0.40119028,-0.39940578,-0.39493656,-0.3932468,-0.3922488,-0.39126736,-0.39003295,-0.38930064,-0.3899712,-0.39054894,-0.39023677,-0.38839617,-0.38955826,-0.3883176,-0.38839334,-0.38889083,-0.38828045,-0.3876121,-0.38757345,-0.38824266,-0.38668668,-0.3866501,-0.38549203,-0.384515,-0.3851139,-0.38294092,-0.38387126,-0.38517538,-0.38303035,-0.3836684,-0.38385445,-0.38062587,-0.37818533,-0.3790391,-0.3754437,-0.37535003,-0.3768449,-0.37630862,-0.37736732,-0.37626925,-0.37805682,-0.377246,-0.37928838,-0.3832733,-0.3847948,-0.38366145,-0.38477343,-0.3839169,-0.38408718,-0.38282666,-0.38066882,-0.38011473,-0.3788647,-0.3776738,-0.37599593,-0.37371832,-0.37642676,-0.37730682,-0.3767818,-0.3761205,-0.37148768,-0.37344566,-0.37096816,-0.37260866,-0.37088796,-0.3697016,-0.3677389,-0.36709276,-0.36944047,-0.36816084,-0.36688232,-0.36583862,-0.36267576,-0.35997593,-0.3585524,-0.3609076,-0.363104,-0.3631247,-0.36198124,-0.3621386,-0.3632328,-0.3635155,-0.3660788,-0.3658294,-0.36375597,-0.36443228,-0.3648613,-0.3637537,-0.36454284,-0.36361772,-0.3647285,-0.36244655,-0.3634809,-0.36382142,-0.36033827,-0.35949475,-0.36071935,-0.36210448,-0.36196643,-0.36212927,-0.36422768,-0.36468428,-0.36847755,-0.36622378,-0.3644472,-0.36474174,-0.36639035,-0.3683721,-0.36597782,-0.36486524,-0.36472312
87,0.4321863,0.43846554,0.43706408,0.4444467,0.450631,0.4567523,0.4634428,0.46932712,0.47725525,0.48537725,0.48920974,0.4959878,0.5035816,0.51183593,0.5146802,0.5239581,0.52682084,0.5348211,0.5446006,0.5526219,0.559997,0.5651604,0.56998676,0.5790846,0.5872849,0.59352493,0.60067713,0.60889864,0.61691153,0.6210228,0.6282574,0.63821137,0.64535075,0.65490663,0.6615594,0.6712505,0.67726934,0.6850453,0.69191295,0.69935095,0.7060471,0.7114545,0.71609515,0.72361964,0.7297084,0.7349165,0.74044,0.7458761,0.75420034,0.7615831,0.76837474,0.77303076,0.77934664,0.7832444,0.78913957,0.79566586,0.79984796,0.80629367,0.81436837,0.81556976,0.8211335,0.83020353,0.83799314,0.84679526,0.8557019,0.8603152,0.86564875,0.8680912,0.8727478,0.87507266,0.88043356,0.8850759,0.88926446,0.8973466,0.9022168,0.9061551,0.91080064,0.91459084,0.92017335,0.9256765,0.93045616,0.9368738,0.9432789,0.9494647,0.950271,0.95545566,0.9599887,0.96471995,0.96858615,0.97108,0.97249764,0.97767067,0.9820856,0.9859724,0.9905001,0.9968811,0.99902666,1.0053926,1.0118084,1.0170368,1.0129491,1.0163342,1.0185846,1.0260651,1.0289309,1.0333719,1.0365036,1.0412707,1.0434453,1.0508925,1.0516042,1.0529318,1.0579413,1.0627202,1.0657954,1.0673974,1.0713279,1.0739353,1.0782559,1.0835625
88,0.8044013,0.80908173,0.81041956,0.81480443,0.82119435,0.82526433,0.83310014,0.8388807,0.845605,0.8542488,0.8599803,0.8684489,0.8735625,0.8809592,0.8875934,0.89317596,0.9010434,0.90724546,0.9142782,0.9198952,0.9231883,0.9284832,0.9352624,0.9430383,0.94942284,0.9565898,0.962242,0.9699515,0.9771353,0.9829998,0.98921365,0.9949775,1.0013509,1.009535,1.0158851,1.0240699,1.0291369,1.0369929,1.0427353,1.047571,1.0528923,1.0589626,1.061122,1.0669215,1.0719491,1.0771171,1.083584,1.0891938,1.0933024,1.0981354,1.1043116,1.107796,1.1141231,1.11713,1.1214224,1.1276562,1.1332295,1.137416,1.1434708,1.1427182,1.1483858,1.1570704,1.1609428,1.1676755,1.1723826,1.1762781,1.180089,1.1842902,1.1909589,1.1953007,1.2010548,1.2061632,1.2118105,1.2167327,1.2220601,1.2248424,1.22697,1.2306464,1.234974,1.2429562,1.2500981,1.2528274,1.2593797,1.2656428,1.2684755,1.2739283,1.2770135,1.2845634,1.2896833,1.2957237,1.2998797,1.3035994,1.3053914,1.3070511,1.3097838,1.3127458,1.3164668,1.3215395,1.3264819,1.3304079,1.3325173,1.3350165,1.3395896,1.3395228,1.3369503,1.3412583,1.3431755,1.347787,1.3495237,1.3501914,1.3478829,1.3462431,1.3509448,1.3556483,1.3567429,1.3574085,1.3617661,1.3650273,1.3693935,1.3711284
89,1.4183133,1.4181812,1.417453,1.4143083,1.4126339,1.4070766,1.4045961,1.4023153,1.4018362,1.3973788,1.3974371,1.3959397,1.3936617,1.3922702,1.3853139,1.3829447,1.377821,1.3767524,1.373811,1.3715459,1.3720562,1.3683428,1.3684343,1.3669884,1.3645802,1.3626344,1.3595695,1.3576306,1.3564438,1.3560922,1.3553833,1.3551905,1.354327,1.3487554,1.3463093,1.3451829,1.3408625,1.3375676,1.3339899,1.3315456,1.3288538,1.3262827,1.3271021,1.3238583,1.3220861,1.3213999,1.3176115,1.3178291,1.3159262,1.3136948,1.3141712,1.3111575,1.3113647,1.3078414,1.3070208,1.3016716,1.3005207,1.2952807,1.2944032,1.288709,1.2873296,1.2865548,1.2860129,1.2845827,1.2808096,1.2788961,1.278257,1.2718177,1.27281,1.2703305,1.2703121,1.2686956,1.2683581,1.2677234,1.2678549,1.2686303,1.2672346,1.2643794,1.2609937,1.2590922,1.258024,1.2565306,1.25591,1.2546797,1.2523437,1.251367,1.2463465,1.2445912,1.2415426,1.2366331,1.2355211,1.2343339,1.2306737,1.2255361,1.2249192,1.2243848,1.2247648,1.2228742,1.2228749,1.2193327,1.2170254,1.2166035,1.2146708,1.2109501,1.2103245,1.2077136,1.205996,1.2069026,1.2012416,1.1970901,1.1931933,1.1884038,1.186183,1.1851242,1.1829045,1.178488,1.1735065,1.1694825,1.1696451,1.1694887
90,0.5147156,0.51124996,0.5100363,0.5059495,0.5030242,0.49459618,0.4887224,0.4819576,0.47643274,0.47209233,0.46533108,0.4629999,0.45910066,0.4538509,0.4484849,0.44145912,0.43461162,0.43101025,0.42348337,0.41756335,0.41544405,0.41213575,0.40784326,0.40375787,0.39697862,0.39180988,0.38503262,0.37885642,0.3747866,0.3725403,0.36470658,0.35694423,0.35262108,0.34663028,0.34076712,0.33371907,0.32942122,0.32429725,0.31657043,0.3123358,0.3074297,0.30200842,0.2979602,0.29542,0.28931865,0.28346127,0.27925092,0.27454367,0.26877376,0.26835546,0.26473767,0.26036566,0.2546114,0.24998772,0.2449998,0.24185503,0.23819633,0.23356166,0.22689888,0.22184765,0.21886614,0.21332923,0.21046452,0.20598488,0.19765165,0.19180742,0.1856952,0.17946519,0.17743087,0.17608565,0.17112823,0.16804329,0.16435912,0.16104434,0.15794846,0.15186588,0.1480217,0.14499146,0.13865188,0.13177468,0.12487431,0.12144077,0.117371544,0.113798365,0.106439546,0.10258852,0.09858772,0.09540655,0.09081051,0.086665876,0.082135715,0.07521517,0.07393296,0.071732685,0.06735371,0.06240225,0.058560204,0.056452293,0.05392146,0.051291294,0.04829166,0.040641747,0.035025116,0.027370617,0.021493237,0.01689117,0.011525443,0.0104044285,0.0075928546,0.0024201577,-0.0017764997,-0.009455748,-0.013842842,-0.017153364,-0.02044072,-0.026192825,-0.028096873,-0.029088642,-0.031063303,-0.0312717
91,0.22592989,0.22033295,0.21534713,0.21151748,0.21143356,0.21023348,0.20694435,0.20487611,0.20336775,0.19948061,0.20041701,0.19601777,0.19209705,0.19028828,0.18490459,0.18177573,0.17884734,0.17585528,0.17257002,0.17006055,0.1694773,0.16764298,0.16476122,0.16131428,0.15609948,0.15187702,0.14554289,0.14040816,0.13550805,0.13244617,0.12990554,0.12528136,0.1219943,0.11791488,0.11552856,0.11135785,0.107241884,0.10542762,0.10007489,0.0964749,0.09440235,0.092453964,0.09054397,0.08717879,0.08323593,0.07939734,0.075545415,0.07327738,0.068655655,0.06507349,0.06124115,0.056029595,0.05283161,0.049904533,0.047365345,0.04202827,0.038075455,0.03298179,0.030751234,0.022322528,0.020541232,0.015311742,0.014030933,0.011307427,0.008059724,0.0066624293,0.0031394914,-0.0032024817,-0.0036951038,-0.008959411,-0.010853805,-0.0126056345,-0.0153082665,-0.017204478,-0.021303367,-0.022388414,-0.02597339,-0.029706756,-0.032898568,-0.038602073,-0.041029267,-0.042325385,-0.047232673,-0.05095849,-0.051906753,-0.056153547,-0.05795445,-0.060588002,-0.06475966,-0.0648872,-0.06779226,-0.069792405,-0.071852416,-0.07565761,-0.07859517,-0.080538556,-0.08310254,-0.08555047,-0.08811931,-0.09071563,-0.090164706,-0.09268469,-0.09374515,-0.09530866,-0.09857406,-0.10183147,-0.105384216,-0.108814694,-0.11171962,-0.11453867,-0.12117003,-0.12698245,-0.12919101,-0.1302297,-0.13323921,-0.13745835,-0.13964602,-0.13944271,-0.13786927,-0.13801351
92,0.25880745,0.25086212,0.24405983,0.23617268,0.23105982,0.22511676,0.21875434,0.21358259,0.2079056,0.2006418,0.19008148,0.18644956,0.18032953,0.17395334,0.1671597,0.16024831,0.15272118,0.14624926,0.13977006,0.13143274,0.123829044,0.11579485,0.10820451,0.103136696,0.0955386,0.09074668,0.08233577,0.07486587,0.069770314,0.06326626,0.05734948,0.04998997,0.043811925,0.036211766,0.030222243,0.024549186,0.018699674,0.013001482,0.0042291787,-0.00475091,-0.009665727,-0.011851144,-0.015351412,-0.018487753,-0.026574839,-0.033923667,-0.04000936,-0.045853447,-0.052379597,-0.056971528,-0.06245779,-0.0677368,-0.07479135,-0.08175038,-0.08831473,-0.096400216,-0.10265964,-0.10450375,-0.11141527,-0.11846566,-0.123317435,-0.12931028,-0.13491508,-0.14220153,-0.14847198,-0.15360405,-0.16077353,-0.16703649,-0.17180778,-0.17607339,-0.18171002,-0.18661223,-0.19141515,-0.19585577,-0.20253238,-0.20769617,-0.21281712,-0.21886048,-0.2281564,-0.23869579,-0.24387312,-0.25344402,-0.26009277,-0.26606148,-0.27196506,-0.27770767,-0.28383347,-0.28893158,-0.29479924,-0.30060858,-0.30756795,-0.31485835,-0.32314795,-0.32732195,-0.33532733,-0.34210542,-0.3462021,-0.35495228,-0.36269727,-0.3690275,-0.37366852,-0.37879616,-0.38558844,-0.3918398,-0.40137237,-0.40898362,-0.41602618,-0.4228359,-0.42938948,-0.43521062,-0.43833047,-0.43862242,-0.44360533,-0.45132574,-0.45817494,-0.46397012,-0.4735652,-0.47662455,-0.47964793,-0.48366538
93,0.043726202,0.041869387,0.038271442,0.037750892,0.0353565,0.033533555,0.03327436,0.032670107,0.0316475,0.026528358,0.027132973,0.027994115,0.026654935,0.026622469,0.024308784,0.024159383,0.024748836,0.023956815,0.023537304,0.022572022,0.020382885,0.01851579,0.017209375,0.016107745,0.013716489,0.012638129,0.013391137,0.011047535,0.009565219,0.009800484,0.010547107,0.008703761,0.008638086,0.009963984,0.008897545,0.008234186,0.0064296983,0.009622081,0.008892837,0.006033878,0.0064190095,0.00699387,0.007218783,0.0075557767,0.0056179618,0.00696819,0.0056230514,0.005124108,0.0034819848,0.0046191453,0.003943694,0.0018937837,0.0012088692,0.0011702336,-0.00095327257,-0.001528756,-0.0024409196,-0.007007836,-0.0086720325,-0.010218492,-0.009959298,-0.009918558,-0.009018595,-0.009432169,-0.009475734,-0.007176526,-0.008067789,-0.009013612,-0.0065936977,-0.003412059,-0.0033660252,-0.0014474075,-0.00152677,0.00034071616,4.2349566e-05,-0.00053059554,5.0292256e-05,0.0020888944,0.0025313008,0.0031683196,0.0042117513,0.0067780577,0.008774316,0.009987159,0.01058776,0.012486551,0.013829596,0.015064535,0.016793335,0.020380814,0.021322697,0.023023846,0.02444696,0.026832521,0.025446698,0.026852772,0.028604472,0.030746087,0.03225399,0.03388027,0.035073392,0.03909391,0.04370804,0.044389587,0.045756854,0.04679308,0.04826785,0.049785625,0.05351042,0.05854072,0.060182046,0.060675453,0.06374907,0.06481619,0.064140424,0.06487509,0.06553153,0.0651222,0.065501496,0.07047361
94,0.9082836,0.9035698,0.897744,0.8910676,0.8842352,0.87757456,0.8698128,0.86557835,0.8597034,0.8536296,0.8476409,0.8390852,0.832033,0.82604253,0.817966,0.8113136,0.80127573,0.7956163,0.78919023,0.78431237,0.77655756,0.770631,0.7653127,0.7603468,0.7525066,0.7467811,0.74146885,0.73537797,0.7293026,0.7222518,0.71485317,0.70771545,0.7013017,0.6955982,0.69076765,0.6851496,0.67797816,0.6743358,0.66623306,0.65914047,0.6535689,0.64754635,0.64281476,0.6392916,0.6342363,0.6276643,0.61664957,0.609172,0.6032311,0.59432083,0.5863373,0.57935077,0.5713624,0.5651431,0.5590634,0.55448896,0.5481202,0.53999376,0.533774,0.5248728,0.5201255,0.51460016,0.50753415,0.5004924,0.49302015,0.4889868,0.48396492,0.47592792,0.47340146,0.47123545,0.46539527,0.45957583,0.4549734,0.4504365,0.4444831,0.4384767,0.43538466,0.42985708,0.4248322,0.41868085,0.41551954,0.4095419,0.40451345,0.4013701,0.39575946,0.39105532,0.3862039,0.38162082,0.37923247,0.3736508,0.37039953,0.36577964,0.35838026,0.35339102,0.35054657,0.34890223,0.34470516,0.33874375,0.33770895,0.33503908,0.33233643,0.32741037,0.3197417,0.3179248,0.31185517,0.3087204,0.30512726,0.3023781,0.30073434,0.2968268,0.29197195,0.28524953,0.28197393,0.28031933,0.27223855,0.26719627,0.26172125,0.25942734,0.25550082,0.25411698
95,0.52782047,0.53410065,0.5362712,0.53838605,0.5433092,0.5461514,0.5501405,0.55506766,0.5592125,0.5657457,0.5708024,0.5755777,0.58090454,0.586698,0.58950955,0.5972054,0.6006974,0.6071671,0.6115359,0.6160332,0.6210228,0.6262082,0.63170373,0.6370131,0.6443809,0.6518231,0.65738666,0.66234183,0.6673585,0.6715529,0.67823553,0.68409455,0.6910966,0.6991762,0.7078828,0.7149204,0.7211216,0.7281062,0.7351626,0.74153084,0.74688935,0.75376,0.75724757,0.76741683,0.77279794,0.778351,0.78230995,0.789502,0.7973317,0.8028919,0.8092836,0.8151207,0.81974983,0.82582206,0.8319322,0.83781195,0.8441721,0.84943104,0.8544383,0.86055833,0.86786634,0.87911093,0.8873091,0.89576894,0.9031968,0.9102825,0.91697997,0.92403525,0.93067825,0.93569785,0.9426095,0.95012605,0.9563519,0.96309125,0.97081643,0.97690535,0.9846431,0.99091405,0.9997052,1.0058947,1.0156454,1.0223324,1.0304339,1.0386227,1.0468806,1.0574472,1.0631225,1.0722306,1.0795386,1.0850875,1.0903044,1.0971763,1.10261,1.1091965,1.1139915,1.1188067,1.1260383,1.1346221,1.1421416,1.1508815,1.1564164,1.1630738,1.167036,1.1713345,1.1787772,1.187426,1.1960543,1.2060454,1.2095668,1.2179992,1.2261491,1.2317208,1.237381,1.2420284,1.2513722,1.2584538,1.2676455,1.2727681,1.2800522,1.2884386
96,0.62964636,0.63106424,0.6285623,0.6303294,0.6323086,0.63361514,0.6337854,0.63427085,0.6385065,0.6411921,0.643741,0.647335,0.6504535,0.6548649,0.6603238,0.6630354,0.6640462,0.666099,0.6677235,0.6696568,0.6737553,0.6763566,0.67992276,0.6819843,0.68812245,0.6892735,0.69327533,0.6952928,0.699973,0.7047355,0.7097391,0.7129209,0.7209054,0.72581977,0.72986877,0.7354548,0.7391079,0.74724144,0.74984765,0.75340044,0.7565659,0.7610177,0.7656901,0.7734125,0.77800584,0.7820217,0.7888454,0.7943211,0.7987699,0.8006934,0.8061107,0.80932015,0.811825,0.81292915,0.81717587,0.8240401,0.82846135,0.83067304,0.83668983,0.8419471,0.8452986,0.85283947,0.8595468,0.8638708,0.868332,0.87305987,0.8779184,0.87619495,0.88235235,0.89121544,0.89371336,0.9000023,0.9044533,0.9100307,0.9143144,0.9195306,0.92336166,0.92733985,0.93344057,0.9441487,0.94814575,0.9523681,0.9588397,0.96588594,0.96699476,0.9719459,0.9783036,0.98534995,0.99129343,0.99806464,1.0040531,1.0084198,1.0137256,1.0211889,1.0263433,1.031599,1.0377839,1.0454853,1.0494636,1.0556992,1.0568451,1.0601662,1.0641695,1.0704987,1.0753031,1.0813904,1.0866435,1.0911325,1.096041,1.0990226,1.1006033,1.1004231,1.104659,1.112936,1.1193451,1.1250724,1.1322196,1.1401358,1.1454934,1.1530716
97,0.23673137,0.23662722,0.23230264,0.23001687,0.23001845,0.23184045,0.22958848,0.23139131,0.23170991,0.2286588,0.22850065,0.22659798,0.22718492,0.22919977,0.22952643,0.22874649,0.22789769,0.22820568,0.22946532,0.22875181,0.2269605,0.22746094,0.22969198,0.22844025,0.22682483,0.22558078,0.22532086,0.22616728,0.22355136,0.22672248,0.22501497,0.2237703,0.22534874,0.22487748,0.22521372,0.22630382,0.22921686,0.23169664,0.23397835,0.23311207,0.23407069,0.23174599,0.23284867,0.23364119,0.23252568,0.23398006,0.23032217,0.23188905,0.22997542,0.23083678,0.2326374,0.23354307,0.23369709,0.23174722,0.22919467,0.22992384,0.22926395,0.22902846,0.22966547,0.2272791,0.22424369,0.22498234,0.22480622,0.22388515,0.22376809,0.22380507,0.22318372,0.22163408,0.22015627,0.2203774,0.21941543,0.2206749,0.22226524,0.22248717,0.22152726,0.2199916,0.21963377,0.21825488,0.21779266,0.21658099,0.21660475,0.21758965,0.21390744,0.21462467,0.21257734,0.21208301,0.21161775,0.21238351,0.21180268,0.21237823,0.21225329,0.21216416,0.21091613,0.208761,0.20801286,0.20566738,0.20483151,0.20369616,0.20131311,0.1999253,0.19829307,0.19494404,0.19258183,0.19512132,0.1951499,0.19494213,0.19854306,0.19734232,0.1955249,0.19663914,0.19457614,0.19598973,0.19527775,0.19281837,0.19267423,0.19067322,0.18935344,0.18690509,0.18567726,0.18538514
98,0.79767895,0.7914219,0.78525496,0.77670556,0.7674731,0.7603179,0.75333244,0.7493074,0.7421515,0.73328984,0.7254231,0.72080165,0.7141569,0.70888996,0.7043731,0.6975597,0.694231,0.6889483,0.6872766,0.68146735,0.67628586,0.67219025,0.6683239,0.6629478,0.66027087,0.65410626,0.6489404,0.6439549,0.63791305,0.63423306,0.631246,0.6263558,0.6232234,0.6176672,0.6118,0.60649526,0.60208017,0.5964743,0.59410334,0.5888927,0.581602,0.5761867,0.5737729,0.570473,0.5653804,0.5642663,0.5584854,0.55596715,0.55092704,0.54749817,0.5438718,0.53842294,0.53366363,0.5282217,0.5194057,0.51389635,0.50889695,0.50106883,0.49671358,0.49075517,0.48362237,0.47844118,0.47572494,0.47180805,0.4658002,0.45898446,0.45442533,0.44869143,0.44478846,0.44061166,0.43625998,0.43203527,0.4276504,0.4236365,0.41839495,0.41213903,0.4058934,0.3999651,0.39503068,0.39067972,0.3851095,0.38161576,0.3740918,0.36828274,0.3612849,0.35593262,0.35024777,0.34421766,0.3394726,0.3334702,0.33019796,0.3253362,0.31928307,0.3135733,0.3087505,0.2990026,0.29619655,0.29111126,0.28666782,0.2835745,0.27767485,0.2683263,0.26615623,0.26074567,0.25697264,0.24866691,0.2438386,0.24038139,0.23609832,0.23293176,0.22820978,0.22400375,0.21959472,0.21574147,0.21089189,0.20234029,0.19768718,0.19178416,0.19012162,0.1832795
99,0.8180686,0.82796276,0.83383954,0.8396807,0.84369695,0.84679586,0.8484666,0.8517324,0.85580224,0.8595638,0.8615171,0.8653306,0.8680452,0.87238485,0.8780586,0.88214743,0.8855767,0.89099437,0.89585316,0.8974885,0.9002013,0.9036895,0.90777224,0.91297567,0.91707385,0.9213433,0.9243754,0.92893773,0.9345071,0.9365403,0.9415904,0.94271886,0.9463849,0.94935066,0.952332,0.9559709,0.95865405,0.96375924,0.96669835,0.9723443,0.9773812,0.9799241,0.98283845,0.98768485,0.9895226,0.99420613,0.99496824,0.99800885,0.9970876,0.9991232,1.0022134,1.0054746,1.0092864,1.0098956,1.0133135,1.0166365,1.0183789,1.0210934,1.0250511,1.024327,1.0279217,1.0343176,1.0360292,1.0399759,1.041247,1.0446892,1.0479114,1.048753,1.0511253,1.051019,1.0520146,1.0552933,1.0597413,1.0624115,1.0635111,1.0657791,1.0686753,1.07314,1.0729636,1.0750248,1.0765889,1.0776827,1.0817282,1.0852833,1.0888145,1.094183,1.099658,1.1039003,1.1033866,1.1051781,1.1060402,1.1072497,1.1081359,1.1099871,1.1125286,1.1129714,1.11635,1.1187505,1.1233733,1.1270841,1.1278517,1.1315225,1.1304625,1.12843,1.1272953,1.1294575,1.1348516,1.1362352,1.1389191,1.1394823,1.1399801,1.141999,1.1434977,1.1419255,1.1460989,1.1490382,1.1537061,1.1532567,1.1552513,1.1582892
100,0.91216385,0.91620475,0.91477746,0.9173371,0.9210371,0.9195709,0.9215404,0.9253607,0.9291503,0.93129826,0.933128,0.93448704,0.93644315,0.94153994,0.94522506,0.9458359,0.9470975,0.9496004,0.95162165,0.95486224,0.9593512,0.9631282,0.9676965,0.9720863,0.9749228,0.97670496,0.9816969,0.98696774,0.9898003,0.9945815,0.9962843,0.9995295,1.0041537,1.0060817,1.0097843,1.0157839,1.018424,1.0224787,1.027384,1.0304646,1.0311602,1.0325663,1.0329612,1.0380442,1.041317,1.0453136,1.0471632,1.0505664,1.0541782,1.0578848,1.0629561,1.0657284,1.0695006,1.070875,1.0748115,1.0731952,1.0754356,1.0776231,1.0797012,1.0824023,1.0853058,1.0888408,1.092762,1.0960283,1.0988988,1.10315,1.1076715,1.1085672,1.1139201,1.1168054,1.1196657,1.1237781,1.1281011,1.1316983,1.135237,1.1388587,1.1392256,1.141399,1.1431682,1.1432567,1.1479433,1.1499212,1.1494601,1.151242,1.1514937,1.1540025,1.1561917,1.1600498,1.1614931,1.1659312,1.1685902,1.1681049,1.1698945,1.1718082,1.1726912,1.1722314,1.1760275,1.1775014,1.1797061,1.1819526,1.1830858,1.1830924,1.1831204,1.1799669,1.180441,1.1840371,1.1896335,1.1931611,1.1935209,1.1902921,1.1881121,1.1876776,1.1885805,1.1894943,1.1901462,1.192554,1.1947114,1.1955738,1.1956463,1.197408
101,0.17339177,0.17250821,0.17114154,0.16921675,0.17033812,0.1695542,0.16644177,0.16540377,0.16742113,0.1687727,0.17164299,0.17277494,0.17278925,0.17312472,0.17272012,0.17433433,0.1771203,0.1753929,0.17642291,0.17776492,0.1758805,0.17563039,0.17613539,0.17601565,0.17948109,0.17938685,0.17850192,0.17806143,0.17823653,0.17776115,0.17694072,0.17532909,0.17466652,0.17766114,0.17902508,0.17996165,0.17943211,0.1816539,0.18336888,0.18650405,0.1864929,0.18734272,0.18814379,0.1899116,0.19039814,0.18889506,0.19083612,0.19070786,0.19023395,0.1880539,0.19010231,0.1917036,0.18839025,0.18897644,0.18857601,0.19012699,0.19175765,0.19128923,0.1899751,0.18843624,0.18618378,0.18822375,0.1900616,0.19206597,0.1933856,0.1965057,0.19461718,0.19170395,0.1937075,0.19493344,0.19583629,0.19592649,0.19532871,0.19687201,0.19732079,0.20110059,0.19852939,0.19772759,0.20059486,0.20268762,0.20442852,0.20757246,0.2106013,0.21334994,0.21485445,0.21588448,0.21925132,0.21995708,0.22150724,0.22561547,0.22339909,0.22081964,0.22121191,0.22202413,0.21951473,0.22005646,0.22236614,0.22536607,0.22514947,0.2265615,0.22917862,0.23195219,0.23319158,0.23778646,0.23848954,0.2386769,0.24100041,0.2441121,0.24401335,0.2459307,0.25021034,0.2500578,0.2501876,0.2541026,0.25331417,0.25405264,0.25339586,0.2545573,0.25878078,0.26222283
102,0.41162163,0.40732265,0.40066886,0.39235622,0.38606578,0.38356474,0.379759,0.37397903,0.3704972,0.36569196,0.36151484,0.3549636,0.3495698,0.34556118,0.3406503,0.33801013,0.33446333,0.3276982,0.32365552,0.31893188,0.31527215,0.310561,0.30450588,0.29840097,0.29599762,0.29117838,0.28852296,0.2825299,0.2788383,0.27340308,0.27054992,0.26800558,0.26437706,0.26106048,0.25731492,0.25271884,0.24960855,0.24879122,0.24533674,0.24227662,0.23990376,0.23602407,0.230492,0.22836676,0.2251871,0.22247574,0.21968552,0.21750228,0.21374407,0.21065748,0.21093369,0.21007323,0.20719624,0.2038484,0.2019726,0.20052107,0.19838794,0.19880635,0.19699673,0.19288447,0.18818559,0.1877685,0.1869822,0.183113,0.18102893,0.18001375,0.17895617,0.17790201,0.17774668,0.17735782,0.17517784,0.1744928,0.17260878,0.17168973,0.17068498,0.16881312,0.16956158,0.16601357,0.16736111,0.16894256,0.16805151,0.16597784,0.16587074,0.16517965,0.16108191,0.15972279,0.16085434,0.16172794,0.16329119,0.16474427,0.16127345,0.1595958,0.15855007,0.15909998,0.15699382,0.15432736,0.15419938,0.15373267,0.15324266,0.15308379,0.15602222,0.15545249,0.15837634,0.16242768,0.16179714,0.16092893,0.16214928,0.15833616,0.15917522,0.1630319,0.16591558,0.16816927,0.16932045,0.17033845,0.17220707,0.17239292,0.17238209,0.17173378,0.1730703,0.1746653
103,0.6000352,0.5948287,0.5877204,0.57694453,0.5700575,0.5611855,0.5510838,0.5456212,0.5394354,0.5327511,0.5259637,0.5197184,0.5113637,0.50615287,0.50065213,0.49185753,0.48281693,0.47598568,0.46921897,0.46394214,0.45857817,0.4531025,0.44611007,0.43882388,0.43050995,0.42572927,0.41763896,0.41367823,0.4091057,0.40719953,0.40184632,0.39709637,0.39347315,0.39002532,0.38870353,0.38234526,0.37824142,0.37660065,0.37456784,0.36947578,0.36434138,0.3606288,0.358887,0.35554278,0.35068133,0.34654394,0.34269497,0.34447986,0.34180117,0.3365338,0.33521476,0.33013195,0.32595244,0.32178348,0.32135755,0.31612602,0.3150112,0.3119659,0.3082264,0.30301237,0.30090615,0.30056816,0.2997535,0.30021507,0.29557675,0.2925997,0.2889859,0.28417125,0.28364235,0.28469372,0.28332227,0.28153294,0.27876925,0.27909684,0.27763015,0.27877662,0.27942127,0.27861923,0.27777618,0.27840832,0.27774912,0.27715552,0.27611235,0.2753567,0.27242675,0.27116454,0.2717027,0.27072653,0.26766843,0.27020413,0.26992536,0.26948962,0.26616552,0.26757297,0.2670059,0.26372278,0.2648844,0.2662118,0.26655945,0.26641822,0.26650986,0.26562816,0.26751024,0.27513078,0.27377754,0.2743632,0.27314046,0.27680987,0.27767387,0.27878767,0.2743026,0.27365583,0.27459186,0.27623314,0.27624094,0.27779648,0.27860853,0.2856986,0.2878886,0.29127654
104,0.000544337,0.00028695204,-0.0011371779,-0.00046373048,0.0005480213,-0.00043945285,-0.0020913223,-0.0016852949,-0.0019383285,0.00016918671,0.0024163162,0.00652931,0.0073489295,0.008755582,0.01028878,0.014145966,0.014751265,0.014805423,0.01350602,0.0128802955,0.015756205,0.015247111,0.016817631,0.01844025,0.01913603,0.020138541,0.021365251,0.023397036,0.023687238,0.025971537,0.025103915,0.025395576,0.026760573,0.027096525,0.030022029,0.029777626,0.028378466,0.031855516,0.03279805,0.031280495,0.035715874,0.036142323,0.035730388,0.037713233,0.039394576,0.041287135,0.04002838,0.04276567,0.04249506,0.041880205,0.04424812,0.04393036,0.043671075,0.042954568,0.0458371,0.04685286,0.04731027,0.046113513,0.04775762,0.046886463,0.04516757,0.04627893,0.04544814,0.04492003,0.044527255,0.044569563,0.042923994,0.03930182,0.040261548,0.03818695,0.038292814,0.038678475,0.040049024,0.041366175,0.042024337,0.04606066,0.045093648,0.04495399,0.05022206,0.052119512,0.05062469,0.050975125,0.05145179,0.051731486,0.047486287,0.049413048,0.049381007,0.048853505,0.05053856,0.053495534,0.054643333,0.05030954,0.050838817,0.05032106,0.049636357,0.052115776,0.051306903,0.053095914,0.05270412,0.052577715,0.056185544,0.054569058,0.05616816,0.059413224,0.058584534,0.060693353,0.060454976,0.06048144,0.063378036,0.065840706,0.06481436,0.06098752,0.060942687,0.061828833,0.05953101,0.05881957,0.0592471,0.06047703,0.062194876,0.063857205
105,0.13959788,0.13982126,0.1379784,0.13566041,0.13464251,0.13126108,0.13053192,0.129147,0.12832496,0.13091302,0.12776852,0.12820244,0.12865475,0.12579666,0.12452527,0.124501266,0.12244578,0.12118356,0.11899966,0.11583569,0.116207935,0.11472939,0.11407939,0.11258322,0.11134486,0.112905264,0.11408764,0.11353525,0.11289624,0.11079712,0.11226486,0.113197945,0.11298603,0.11482482,0.11450879,0.114223,0.11389927,0.117567286,0.116238914,0.11695504,0.11655901,0.121201456,0.12309611,0.12671044,0.12703054,0.1316211,0.13304445,0.13203081,0.13197753,0.13225071,0.13280031,0.13210946,0.13145712,0.13382402,0.13664629,0.13944574,0.13840395,0.13909005,0.13976903,0.13786072,0.13849694,0.14040029,0.14164469,0.14484286,0.14646475,0.15083125,0.15248297,0.15447356,0.15709367,0.15705338,0.15820162,0.16234113,0.16375822,0.1656007,0.16684115,0.17066512,0.1694633,0.17336582,0.17788859,0.18077172,0.18254086,0.1853089,0.19113632,0.19481906,0.196974,0.20155287,0.20317844,0.20607357,0.2109212,0.21364674,0.21738002,0.21741955,0.2211395,0.22757006,0.225673,0.22664101,0.22967684,0.23177807,0.23655625,0.2399131,0.24206641,0.2473863,0.24774525,0.25357252,0.25287014,0.25406796,0.26068488,0.26133493,0.26244658,0.26284686,0.26497704,0.2666736,0.27204424,0.27726445,0.27992523,0.2809376,0.28772444,0.29090315,0.29456896,0.30272865
106,1.076727,1.0781113,1.0753764,1.0724922,1.0738726,1.0729024,1.0704173,1.0698332,1.0675309,1.0645826,1.0638875,1.061208,1.059573,1.0588465,1.0562294,1.0529525,1.0487336,1.0485373,1.0436556,1.0401216,1.0369397,1.0352473,1.0335203,1.0314108,1.032884,1.0320488,1.0287192,1.0292978,1.0283456,1.0274837,1.024955,1.023443,1.022391,1.0205002,1.0205225,1.0217224,1.0191603,1.0157034,1.0108107,1.0095438,1.0069572,1.0104568,1.0077794,1.00702,1.0054876,1.0060494,1.0025799,1.0017496,1.001273,0.9963781,0.99632597,0.99394923,0.9906281,0.98778546,0.98575115,0.98427564,0.9840328,0.9808502,0.98006266,0.97697943,0.9774663,0.97907287,0.97670907,0.97338307,0.9701725,0.97190446,0.97280407,0.9708241,0.96948016,0.9695795,0.9647474,0.9654037,0.9668045,0.96576864,0.96388185,0.96163976,0.9607236,0.96056473,0.9592476,0.9593633,0.95674944,0.9548685,0.9531126,0.95322293,0.9490987,0.95018893,0.947571,0.9474665,0.9415471,0.9393195,0.9382019,0.93397653,0.93188095,0.93207014,0.9310829,0.9276802,0.9243771,0.92364675,0.92307425,0.92171973,0.92157304,0.92033273,0.9183132,0.9131748,0.9109193,0.90806544,0.9066469,0.9068683,0.9019759,0.89858496,0.8977016,0.8955604,0.894503,0.89409417,0.8911058,0.88877904,0.8893507,0.88888836,0.8875209,0.8883587
107,0.82624924,0.82854545,0.8282154,0.827579,0.8289119,0.82682765,0.8276981,0.8264903,0.82809067,0.8290826,0.8303243,0.83079255,0.8320171,0.8324693,0.8321211,0.8354639,0.8348347,0.8381916,0.838171,0.83890593,0.84194565,0.84369886,0.84460896,0.8474337,0.8487843,0.84995043,0.8527756,0.85519314,0.8557556,0.8545207,0.8540381,0.85563576,0.85859376,0.85836965,0.8621977,0.8634,0.8636015,0.8667525,0.8676594,0.8674957,0.8676298,0.87170804,0.8739419,0.8769561,0.88131684,0.8834187,0.88626206,0.88954604,0.88972557,0.88983536,0.8922723,0.896628,0.89874667,0.89908266,0.9029695,0.90523595,0.9084096,0.91086924,0.913239,0.9126586,0.91357404,0.9183868,0.9207795,0.9250902,0.92582214,0.9292264,0.93190193,0.9326806,0.9369167,0.9364257,0.93956566,0.9440859,0.9458124,0.94973373,0.95223653,0.9553509,0.9579318,0.96135104,0.96407336,0.9678214,0.97115743,0.9734372,0.9760807,0.97941417,0.98259366,0.98856497,0.9901141,0.99285126,0.9965194,0.9992088,1.0030458,1.006617,1.009969,1.0129036,1.0136604,1.0178499,1.0201471,1.0255547,1.0266081,1.0292265,1.0318775,1.0374224,1.0395343,1.0394893,1.0382487,1.0389125,1.0417744,1.0428084,1.042274,1.046534,1.0486538,1.0531789,1.0575316,1.0591676,1.0600336,1.0626265,1.0672613,1.0695373,1.0717696,1.076915
108,-0.817835,-0.8167569,-0.814849,-0.8133253,-0.8146037,-0.8155074,-0.81406915,-0.815286,-0.8150815,-0.8163005,-0.814757,-0.8125857,-0.8145558,-0.8158127,-0.8142956,-0.81178015,-0.8101222,-0.8094195,-0.8077879,-0.80959094,-0.80853593,-0.81135,-0.81007624,-0.80859244,-0.80946195,-0.8080977,-0.8088802,-0.80883616,-0.807325,-0.80613023,-0.8073493,-0.80671483,-0.8076607,-0.80742186,-0.80520236,-0.80405587,-0.807134,-0.8030286,-0.80189073,-0.8027589,-0.8027805,-0.7970749,-0.79426515,-0.7920829,-0.7924918,-0.7916506,-0.78892624,-0.78447545,-0.78496754,-0.78391874,-0.7838187,-0.78506035,-0.7868682,-0.78482294,-0.78228676,-0.78147674,-0.7794799,-0.7758166,-0.77359986,-0.7715494,-0.770177,-0.7666539,-0.7666294,-0.7638545,-0.76045215,-0.758556,-0.7541472,-0.7536397,-0.7512414,-0.74857175,-0.7481344,-0.7448311,-0.7430998,-0.7413906,-0.7394353,-0.73556864,-0.73185694,-0.7283409,-0.7267599,-0.7203745,-0.7199974,-0.71606946,-0.7091025,-0.7089482,-0.7068872,-0.7029866,-0.7022979,-0.699617,-0.6927011,-0.6909328,-0.68908495,-0.6862725,-0.6839603,-0.6807679,-0.6778381,-0.676007,-0.67340636,-0.6748049,-0.6737555,-0.6744446,-0.67019135,-0.664673,-0.66212547,-0.6584044,-0.6583704,-0.6579588,-0.6540662,-0.65152395,-0.6490494,-0.644796,-0.6412912,-0.6428826,-0.6384386,-0.6334869,-0.63023585,-0.6288895,-0.6278608,-0.62316763,-0.62066174,-0.6167381
109,1.6314147,1.624273,1.6161559,1.6107318,1.6033424,1.5973799,1.5903614,1.5857953,1.5813396,1.5767624,1.571593,1.5666974,1.5632279,1.560329,1.5547892,1.550787,1.545266,1.5427738,1.5415375,1.5379182,1.5335089,1.5289971,1.523708,1.519631,1.5163991,1.512637,1.5074553,1.5033798,1.499683,1.4963019,1.4906765,1.4879625,1.4858553,1.4826801,1.4773873,1.4746792,1.4729725,1.4682939,1.4633937,1.4609616,1.4548864,1.4529703,1.4455652,1.44211,1.4374003,1.4320018,1.4268843,1.4221342,1.4169483,1.4121021,1.4097105,1.4047804,1.4012725,1.3979015,1.3940923,1.3929836,1.389391,1.3855786,1.3815036,1.3737772,1.3705852,1.3692265,1.3640678,1.357208,1.3534667,1.3524292,1.349952,1.3436465,1.3416533,1.3375007,1.3351933,1.3317977,1.3293316,1.3243492,1.323168,1.3171616,1.3093992,1.3062904,1.3004439,1.2974529,1.2933898,1.2851202,1.278115,1.2767974,1.2719839,1.2703035,1.2666856,1.2654526,1.2640259,1.2589252,1.2535703,1.250313,1.2457982,1.2411724,1.2358491,1.2330631,1.2283725,1.2251768,1.2215053,1.2188562,1.2116247,1.2066808,1.2037828,1.2024386,1.1936591,1.1913673,1.1874062,1.184511,1.1828452,1.1746844,1.1694274,1.1673696,1.165325,1.1608092,1.154876,1.1504105,1.1481498,1.1453781,1.142803,1.1400106
110,1.4864156,1.4811409,1.4730324,1.4658183,1.4601375,1.4576533,1.4524392,1.4471334,1.4417212,1.4372292,1.4361424,1.436017,1.4322686,1.4311659,1.429349,1.4289256,1.4227684,1.4228305,1.4224374,1.4224397,1.4173778,1.4158589,1.4145722,1.4155194,1.4176447,1.4172707,1.4164088,1.4177271,1.4168556,1.4174994,1.4153,1.4153655,1.41521,1.4126499,1.4129442,1.4107777,1.4124286,1.411933,1.4080579,1.4058858,1.4014255,1.4007828,1.3985636,1.3994627,1.3978682,1.396207,1.3943641,1.3919843,1.3908297,1.3885453,1.3866588,1.3842057,1.384692,1.3820585,1.3831445,1.3820931,1.3811171,1.378925,1.3776945,1.3741683,1.3739406,1.3751718,1.3742913,1.3717518,1.3691379,1.369104,1.3694398,1.3679315,1.3664138,1.3591255,1.3577164,1.3559006,1.3573954,1.3544626,1.3530505,1.351582,1.3483065,1.346753,1.344306,1.3448759,1.3454492,1.3430474,1.3385456,1.3385948,1.337666,1.338671,1.3366482,1.3366845,1.3340294,1.3346416,1.327895,1.3250934,1.3204203,1.3187315,1.3194005,1.3172241,1.3137157,1.3148322,1.3123186,1.3102672,1.3068492,1.3024614,1.2975024,1.2964709,1.2940353,1.292444,1.2900242,1.2868633,1.2813828,1.2789072,1.2741134,1.2737858,1.2738073,1.2706538,1.2685412,1.2649031,1.2634305,1.2577542,1.2554082,1.253948
111,0.9645747,0.962509,0.9579612,0.9585134,0.9593668,0.95908946,0.9612889,0.9638627,0.9633473,0.96399534,0.97174025,0.9735449,0.974229,0.97971565,0.9814502,0.9852411,0.9918853,0.9971765,1.0010678,1.0049546,1.0058138,1.0101659,1.013889,1.0189629,1.023129,1.0282547,1.0301443,1.0362942,1.0396222,1.0430291,1.0450146,1.0476209,1.0526619,1.0572128,1.0620835,1.0667937,1.0694659,1.0719678,1.0733938,1.0754758,1.0783176,1.0830446,1.0868857,1.0910217,1.0944929,1.0989559,1.1030449,1.108187,1.1129192,1.118052,1.1209171,1.1249683,1.1298258,1.1340373,1.1392245,1.1429758,1.1465195,1.1479348,1.1504415,1.1508604,1.1531234,1.1620269,1.1689883,1.1758168,1.1818919,1.1877792,1.193632,1.1992689,1.2072972,1.2092961,1.2133255,1.2196,1.2252054,1.2301866,1.2379011,1.2433623,1.2497205,1.256781,1.2632765,1.2664844,1.2742128,1.2809836,1.2859035,1.2940125,1.301252,1.3073475,1.3150636,1.3209906,1.3246924,1.331933,1.3367331,1.343239,1.3499666,1.3529941,1.3550076,1.3611605,1.3664957,1.3750983,1.3810031,1.3859719,1.393172,1.3976529,1.4020951,1.4062669,1.4122055,1.4204437,1.4269199,1.4323257,1.4354784,1.4401557,1.4457581,1.454327,1.4584205,1.4631124,1.4678136,1.4709619,1.476615,1.482353,1.4882419,1.4966859
112,1.0240176,1.0095615,0.9938235,0.98187524,0.96906567,0.9565957,0.94485664,0.9336942,0.92353934,0.9127573,0.90613145,0.8952521,0.8832051,0.8765172,0.8654116,0.8551407,0.8467903,0.83778316,0.82726395,0.81875956,0.80790806,0.79988223,0.79237586,0.7833546,0.77589214,0.76636255,0.7570023,0.7489634,0.7389201,0.7307158,0.7211166,0.7107605,0.7045051,0.6986276,0.69120705,0.68358743,0.6767823,0.67253125,0.6637251,0.6555222,0.6465271,0.638359,0.6309735,0.6249406,0.6167232,0.61071646,0.60104,0.5964198,0.5899564,0.58283335,0.5754084,0.56616914,0.561057,0.556074,0.55116105,0.54487103,0.53822076,0.530742,0.52268374,0.51679754,0.50974065,0.50482374,0.4978176,0.49204573,0.4855578,0.4806784,0.47586805,0.46456632,0.45904964,0.45861268,0.4529921,0.4466076,0.43940276,0.43388993,0.42726144,0.41897458,0.41319638,0.4057718,0.40067706,0.39530885,0.3893422,0.3814714,0.3750431,0.37186152,0.36354685,0.35773692,0.35086578,0.34479198,0.33793822,0.33422667,0.32812226,0.32238948,0.31832445,0.31110954,0.30456942,0.2990777,0.2941799,0.28829938,0.28450075,0.27760756,0.2725991,0.26756236,0.26129144,0.25690657,0.25019258,0.24688129,0.24082604,0.23308429,0.22433126,0.21890578,0.21258351,0.20753694,0.20235002,0.19663706,0.19147363,0.18105146,0.17588237,0.17362216,0.16516778,0.16120614
113,-0.7609988,-0.75399864,-0.7436569,-0.73897946,-0.7333661,-0.7269035,-0.72193587,-0.71325415,-0.70764494,-0.69840306,-0.69354564,-0.68529856,-0.6783538,-0.67025876,-0.6622945,-0.6568824,-0.6488883,-0.6414427,-0.632326,-0.6243988,-0.6172426,-0.6114077,-0.60585034,-0.6011151,-0.5946497,-0.58634317,-0.5776995,-0.56831634,-0.56196684,-0.5535721,-0.5462217,-0.539541,-0.5327927,-0.5249177,-0.5171029,-0.5105337,-0.50199765,-0.49180254,-0.4825984,-0.47568288,-0.46931806,-0.45728636,-0.4472928,-0.4368301,-0.42796087,-0.41646028,-0.40904465,-0.39685693,-0.38890556,-0.3795358,-0.37061766,-0.36408696,-0.3584208,-0.34901673,-0.3397295,-0.33236983,-0.32254595,-0.31611747,-0.30650255,-0.2967437,-0.28889734,-0.27953145,-0.27041858,-0.2628708,-0.25157562,-0.23952591,-0.23009443,-0.21916077,-0.20655032,-0.19525322,-0.18564148,-0.17789075,-0.16962668,-0.1600199,-0.15076835,-0.14023365,-0.12973504,-0.11682482,-0.10686071,-0.09504771,-0.081902646,-0.070712194,-0.061797567,-0.049442213,-0.038364418,-0.027841344,-0.018347478,-0.0056380015,0.009454569,0.022985866,0.031152546,0.041275434,0.053606234,0.06346713,0.073160715,0.08548927,0.09884007,0.110030755,0.119619645,0.13081406,0.14109352,0.15310153,0.16376892,0.17545274,0.18796988,0.2000213,0.21157813,0.22592373,0.24003804,0.25385213,0.26711285,0.27811676,0.29092032,0.30372375,0.3133133,0.32331002,0.33581433,0.35337,0.36492282,0.37799054
114,-0.6686535,-0.67628294,-0.6848551,-0.69135267,-0.6949553,-0.69848377,-0.70330524,-0.7088925,-0.7156774,-0.72160137,-0.7250358,-0.73050296,-0.73510206,-0.7413803,-0.74632984,-0.7516643,-0.7545233,-0.7607552,-0.76456296,-0.7713246,-0.7777811,-0.78289956,-0.7901337,-0.79741967,-0.80408096,-0.8113016,-0.81800365,-0.82454073,-0.8305249,-0.8396324,-0.84407634,-0.84979886,-0.8574525,-0.86210716,-0.8689438,-0.8733832,-0.8836154,-0.8881704,-0.89670724,-0.90230054,-0.90812016,-0.91134775,-0.91706276,-0.92196214,-0.9319024,-0.93831986,-0.94413406,-0.949268,-0.9552541,-0.96130925,-0.96813995,-0.976756,-0.9855955,-0.99031764,-0.99457186,-1.0015682,-1.007464,-1.0116786,-1.0192783,-1.0275356,-1.0358793,-1.0427961,-1.0492337,-1.0574915,-1.0650021,-1.0720502,-1.0801266,-1.0919093,-1.0974977,-1.1051064,-1.114273,-1.1223658,-1.1301042,-1.1370795,-1.1458242,-1.1521639,-1.1595186,-1.1659418,-1.1718044,-1.1764452,-1.1842746,-1.1877578,-1.1952765,-1.2031689,-1.209276,-1.2167971,-1.2226186,-1.230699,-1.2382025,-1.2456119,-1.252528,-1.2596676,-1.2685083,-1.2769262,-1.2852851,-1.2914166,-1.3000184,-1.3087094,-1.3163155,-1.324074,-1.3319378,-1.3365979,-1.3437853,-1.3441131,-1.3545002,-1.3608077,-1.3698599,-1.3788642,-1.3833196,-1.3933487,-1.4012154,-1.4064968,-1.4147174,-1.4263189,-1.4351271,-1.4494674,-1.459376,-1.4665368,-1.4752979,-1.483038
115,-0.6593238,-0.6515299,-0.6442855,-0.6345166,-0.62588304,-0.6219145,-0.61649233,-0.60801744,-0.6009169,-0.5944401,-0.58948267,-0.5865088,-0.58089215,-0.57458645,-0.5662026,-0.55884,-0.5546588,-0.54719675,-0.5425104,-0.53608483,-0.5281068,-0.5194097,-0.515237,-0.5107663,-0.50574785,-0.49853024,-0.49238962,-0.48556152,-0.47927064,-0.4707469,-0.46588603,-0.4589343,-0.45144472,-0.4446745,-0.43924385,-0.4344963,-0.4283723,-0.42180353,-0.41300172,-0.40644965,-0.39666483,-0.3888723,-0.38290548,-0.37130457,-0.36257017,-0.35942903,-0.35334304,-0.34157717,-0.33281595,-0.3270749,-0.31806338,-0.30868125,-0.3022055,-0.29433113,-0.28361794,-0.2764057,-0.26826495,-0.26029167,-0.2524909,-0.2415684,-0.23324394,-0.22296953,-0.21418345,-0.20390947,-0.19287358,-0.18019275,-0.16899617,-0.15918708,-0.1481549,-0.13778155,-0.12747106,-0.115312636,-0.10494492,-0.094210565,-0.082838506,-0.07238162,-0.06255617,-0.05053675,-0.041791674,-0.033513717,-0.020319222,-0.01082868,-0.000455131,0.009900187,0.01654369,0.0284872,0.037731882,0.049797546,0.061066467,0.071480796,0.08188866,0.09326394,0.10622507,0.11642958,0.12500292,0.13557789,0.14812067,0.16221908,0.17467889,0.18385924,0.19524041,0.20816818,0.21971829,0.23569313,0.24693684,0.25929776,0.27290744,0.2885499,0.30217105,0.3175565,0.3302659,0.3412642,0.35604042,0.3708704,0.38508564,0.39747113,0.41112217,0.43036723,0.44576088,0.46446076
116,-0.648794,-0.65873253,-0.6674587,-0.6786665,-0.68657136,-0.69544494,-0.70510644,-0.71537983,-0.7215546,-0.72874284,-0.73483294,-0.74487793,-0.7533543,-0.76338536,-0.7706322,-0.77852625,-0.78686166,-0.79673994,-0.8115722,-0.8227545,-0.83085954,-0.83914757,-0.84857386,-0.86233646,-0.87484634,-0.88859445,-0.89589024,-0.9077133,-0.91923654,-0.9320322,-0.94131154,-0.9532687,-0.9612342,-0.9748148,-0.9882499,-1.0003158,-1.0133747,-1.0210396,-1.0311373,-1.0423133,-1.0494512,-1.059017,-1.0689728,-1.0787437,-1.0924239,-1.1042534,-1.1172501,-1.1291342,-1.138299,-1.153471,-1.1686609,-1.1797043,-1.1954316,-1.2057841,-1.2170794,-1.2239783,-1.2355511,-1.2471625,-1.2584956,-1.2711743,-1.2834934,-1.297313,-1.3116903,-1.3225044,-1.3349121,-1.3495696,-1.3641155,-1.3803346,-1.3937145,-1.4043744,-1.419293,-1.4330182,-1.4478925,-1.4609549,-1.4745538,-1.4820731,-1.4934189,-1.5104368,-1.5193822,-1.5314254,-1.5468695,-1.5565686,-1.5651838,-1.5792582,-1.5950629,-1.612875,-1.624444,-1.6407659,-1.651576,-1.6660267,-1.6789625,-1.6950594,-1.7124405,-1.7257122,-1.7404512,-1.7527235,-1.769296,-1.7836062,-1.7997501,-1.8147604,-1.8278983,-1.8433396,-1.8599144,-1.868713,-1.8833544,-1.8995928,-1.9149227,-1.9325409,-1.9476757,-1.9617056,-1.9765222,-1.9895357,-2.0073571,-2.0246658,-2.0414214,-2.0633667,-2.079789,-2.0912979,-2.1049755,-2.1192904
117,-0.16979155,-0.16969845,-0.17258416,-0.17241195,-0.17421032,-0.17439073,-0.17817305,-0.18032475,-0.18100882,-0.18514648,-0.18340665,-0.18527958,-0.18341085,-0.18281026,-0.18282178,-0.18205947,-0.1807638,-0.18123677,-0.18217894,-0.18180558,-0.18312228,-0.18403839,-0.18388507,-0.18270329,-0.18147096,-0.1816124,-0.18250546,-0.18184596,-0.18015167,-0.17908011,-0.17851174,-0.17698267,-0.17615956,-0.17420611,-0.1716083,-0.16931179,-0.17059615,-0.17048952,-0.1708858,-0.17134915,-0.16988757,-0.16645788,-0.16761653,-0.165929,-0.16592003,-0.16436967,-0.16369268,-0.16310863,-0.16251372,-0.16398142,-0.1642102,-0.1653103,-0.16515988,-0.16366978,-0.16346091,-0.16186282,-0.16005106,-0.15996806,-0.16087966,-0.16408758,-0.16465223,-0.16332054,-0.1614336,-0.15908802,-0.15861675,-0.15763395,-0.15775861,-0.15950096,-0.15845248,-0.16032198,-0.15949395,-0.15900865,-0.15790394,-0.15923901,-0.15785687,-0.15355118,-0.15316853,-0.15391736,-0.1530217,-0.15003489,-0.15135327,-0.14867511,-0.15063773,-0.15051858,-0.15059946,-0.14998688,-0.14781928,-0.1474416,-0.142862,-0.14118117,-0.137691,-0.1350498,-0.13571313,-0.13646552,-0.1367286,-0.13698444,-0.13772085,-0.13548794,-0.13669446,-0.1340224,-0.12893459,-0.12761323,-0.12505072,-0.12431753,-0.1242983,-0.12459527,-0.12360245,-0.12222741,-0.12371466,-0.12258048,-0.120901585,-0.12144463,-0.121906295,-0.12228545,-0.12274025,-0.12192254,-0.12106882,-0.12220504,-0.122468874,-0.120231055
118,-0.34559366,-0.3491947,-0.35665497,-0.360511,-0.36477876,-0.3658469,-0.3691159,-0.37353593,-0.37780368,-0.3809236,-0.38320488,-0.38235453,-0.3836912,-0.38693297,-0.38697428,-0.39168206,-0.3935772,-0.39781186,-0.4001917,-0.4046865,-0.40985647,-0.4112433,-0.41408506,-0.41726938,-0.41895667,-0.4232201,-0.42707855,-0.42850882,-0.43182674,-0.43360814,-0.4348982,-0.43632382,-0.43752918,-0.43964607,-0.44332987,-0.4444693,-0.44763747,-0.45060736,-0.4494176,-0.453223,-0.45409283,-0.4555048,-0.45421672,-0.45574775,-0.45750028,-0.45705333,-0.45880598,-0.46274155,-0.4669214,-0.4709155,-0.472874,-0.4763151,-0.47891694,-0.4804131,-0.48281202,-0.4842294,-0.48521814,-0.486342,-0.48979932,-0.4939757,-0.4957405,-0.49817133,-0.5017332,-0.50568837,-0.5086001,-0.5101429,-0.51431006,-0.51561886,-0.5175511,-0.5221052,-0.5252974,-0.5288975,-0.53227884,-0.5342089,-0.538414,-0.5372177,-0.54026926,-0.54401314,-0.54583645,-0.5472205,-0.549509,-0.5508084,-0.55325735,-0.55600524,-0.5590532,-0.5591682,-0.55988234,-0.5637075,-0.56299394,-0.566641,-0.5709249,-0.57586324,-0.580929,-0.58280694,-0.58449805,-0.5848111,-0.5874715,-0.58901703,-0.59060526,-0.59050184,-0.5921474,-0.5953604,-0.59677994,-0.6010136,-0.60684735,-0.60680926,-0.6093969,-0.610733,-0.6108758,-0.6115528,-0.6117702,-0.61123145,-0.6146058,-0.61725974,-0.62026054,-0.6216928,-0.62340736,-0.625453,-0.6275402,-0.6291679
119,0.9187654,0.9086331,0.8955902,0.8866607,0.87526685,0.866138,0.8592709,0.85437804,0.8461813,0.8365033,0.8254247,0.8183929,0.8101088,0.8053007,0.7989639,0.7902969,0.7793706,0.77393585,0.77097,0.7640465,0.7560616,0.74789613,0.7392161,0.7318829,0.7268169,0.7194307,0.7124914,0.7068199,0.69921744,0.6924838,0.6850036,0.67964596,0.6723368,0.66458833,0.6579286,0.6532553,0.64531744,0.63826025,0.6307026,0.62288064,0.6155017,0.609224,0.59989977,0.59419584,0.5879604,0.57980067,0.5712018,0.5631767,0.55408025,0.5473939,0.5394279,0.53183323,0.5258707,0.5202752,0.5153073,0.5056634,0.49669546,0.49008602,0.48333484,0.47645807,0.46941406,0.46640176,0.46199912,0.45400602,0.44709736,0.44070753,0.43586025,0.4307086,0.42440814,0.41792798,0.41259184,0.4069323,0.39845634,0.39173684,0.38518912,0.3731265,0.36656672,0.3610321,0.35263374,0.34529597,0.34204745,0.3359266,0.32595068,0.32147104,0.31351382,0.30812603,0.30135232,0.2992094,0.28975263,0.2822718,0.2753114,0.26926565,0.2633995,0.2558565,0.24867277,0.24279921,0.2383745,0.23555315,0.22782986,0.22271009,0.21681257,0.2091475,0.20241566,0.20106883,0.19533221,0.19011363,0.18190724,0.17665888,0.16930786,0.16351733,0.15870292,0.15540545,0.14929615,0.142637,0.13455276,0.12798235,0.123140454,0.12114285,0.11622401,0.11127391
120,0.890257,0.88026315,0.8676356,0.8582972,0.84821117,0.8382554,0.8285443,0.8198845,0.8109373,0.801788,0.79287845,0.7860323,0.7759134,0.7715627,0.76579946,0.7558092,0.74582016,0.738299,0.73115534,0.72355896,0.71636575,0.70800817,0.6989679,0.6924934,0.6865603,0.67962396,0.6719362,0.6665086,0.6575205,0.65234554,0.6450148,0.63768244,0.6305941,0.62363434,0.61988956,0.6142369,0.6069145,0.6010002,0.5929964,0.5860102,0.5788351,0.5712233,0.56466305,0.5567177,0.55079013,0.54319715,0.5326148,0.5279508,0.5218112,0.5149922,0.50925404,0.5032914,0.49801865,0.4902175,0.4868318,0.47852778,0.47278064,0.46530762,0.45802838,0.4498271,0.44331375,0.43855682,0.43187246,0.4250905,0.41799316,0.4126106,0.4079659,0.39915165,0.39228114,0.38765985,0.38122883,0.37548083,0.36867312,0.36248595,0.35893172,0.3548797,0.34677827,0.34352428,0.33518776,0.3289594,0.32409737,0.32128185,0.3134393,0.30870444,0.30066246,0.29659885,0.28994578,0.28488502,0.27712157,0.27067533,0.2642115,0.258321,0.2524188,0.24860811,0.24082871,0.23677564,0.23082325,0.22383419,0.21627612,0.20997274,0.20400791,0.19635558,0.19035599,0.18210629,0.17748478,0.17036359,0.16229224,0.15732609,0.15020572,0.1454788,0.14103207,0.13522564,0.13238502,0.12531564,0.12020842,0.11497313,0.11081274,0.107477404,0.10247737,0.09688886
121,1.0714878,1.0687045,1.0631574,1.0596449,1.0542129,1.0500798,1.0463121,1.04298,1.0409809,1.0348508,1.0303463,1.0256045,1.0199813,1.0171582,1.0148685,1.0115068,1.0093291,1.0094252,1.007252,1.003658,1.0003915,1.0008049,0.9980896,0.9939518,0.9891038,0.986461,0.9817251,0.9809121,0.97696865,0.9731741,0.9698763,0.9682436,0.9680768,0.9638314,0.9585088,0.9549205,0.95123065,0.94974935,0.947443,0.943899,0.94139576,0.9395202,0.93857765,0.9385581,0.9356821,0.93300134,0.92792845,0.9272574,0.9252448,0.92331,0.9222568,0.9206654,0.9192597,0.9184159,0.91636896,0.9157426,0.9135369,0.9138757,0.91452044,0.9095414,0.90756845,0.90541,0.9033452,0.90021837,0.9002876,0.900605,0.89921874,0.8949636,0.8930682,0.89489233,0.89513856,0.8961048,0.89480126,0.8944458,0.8923149,0.89263725,0.89126366,0.89312947,0.8912382,0.8915793,0.8912425,0.8891121,0.88715255,0.8866285,0.88216496,0.88193816,0.88101006,0.8818243,0.8836094,0.8853734,0.8834238,0.8870424,0.88508254,0.8840785,0.8824932,0.88153875,0.8823452,0.8822695,0.8811904,0.88161105,0.87950975,0.88100135,0.87994176,0.877954,0.87386876,0.87230617,0.8704669,0.8715391,0.8728388,0.873613,0.8725656,0.8736164,0.87293977,0.8731106,0.8736881,0.87362623,0.8729359,0.8711457,0.87372315,0.874719
122,1.0406486,1.0334514,1.0273666,1.0195296,1.0125015,1.0065407,0.9981438,0.9908387,0.98782396,0.9786323,0.97411203,0.9666481,0.9589841,0.9543646,0.9439947,0.9359304,0.9311534,0.92634594,0.92048633,0.9162053,0.9105843,0.90551174,0.90147704,0.8934515,0.8870684,0.88285416,0.87757856,0.8721854,0.86625385,0.8607564,0.8547324,0.84833276,0.8434342,0.8361023,0.83049774,0.8232479,0.8172409,0.81217766,0.80459535,0.7979418,0.79402363,0.79098,0.7839192,0.78059596,0.774102,0.7683493,0.76222414,0.75724065,0.75392854,0.74556243,0.7395049,0.7340714,0.7268713,0.72128284,0.71638954,0.7062808,0.7006681,0.6956935,0.6898915,0.68552345,0.6778835,0.67198604,0.6659632,0.6640056,0.65781814,0.65020335,0.6461731,0.6387912,0.6327486,0.62899464,0.6243516,0.6190043,0.61276996,0.6067011,0.60287446,0.59618443,0.5876562,0.58246726,0.5732481,0.566403,0.55901414,0.5508156,0.5450349,0.53889275,0.52645195,0.51978785,0.5123452,0.5063545,0.49885145,0.48945817,0.48118106,0.47495562,0.46659103,0.45991334,0.44996744,0.44172668,0.4348348,0.42852908,0.42060223,0.41390783,0.40406623,0.39606303,0.3883223,0.3837912,0.37637824,0.3670203,0.35834447,0.3519587,0.34213558,0.3321287,0.32521394,0.31912297,0.31102866,0.30019256,0.29141957,0.2784319,0.2678465,0.26083112,0.25147912,0.24037758
123,0.4724074,0.46970144,0.46678877,0.46422282,0.464853,0.4631013,0.4600173,0.45753893,0.45850268,0.46038237,0.46146506,0.46383458,0.46460462,0.46820885,0.46842986,0.47165912,0.47178084,0.4739483,0.4764076,0.48054758,0.4830304,0.48489052,0.48734656,0.48798198,0.48979798,0.4936367,0.49689642,0.49874267,0.49840307,0.49909073,0.50434834,0.5083068,0.5107325,0.51286864,0.5137011,0.5186244,0.52239645,0.5246445,0.5277518,0.5299276,0.5344487,0.5382534,0.542773,0.5481547,0.5510262,0.55509174,0.5564235,0.56016785,0.565982,0.5688333,0.5732917,0.5774671,0.58311236,0.58626664,0.5929593,0.59748614,0.6019747,0.605825,0.6067997,0.60970914,0.6160606,0.62225825,0.62691164,0.6304898,0.6361667,0.6404405,0.6450629,0.6437253,0.6494988,0.6533352,0.65950686,0.6665947,0.6727485,0.6783002,0.6839415,0.6893789,0.6951591,0.6993218,0.702961,0.7103826,0.7171584,0.7219974,0.7260121,0.730408,0.7333666,0.7383739,0.74388415,0.74909914,0.75635606,0.7618559,0.7688039,0.77253354,0.780345,0.7848042,0.79111266,0.80101633,0.8087497,0.816453,0.8254614,0.83529633,0.84366226,0.8460969,0.8501674,0.8546792,0.85957605,0.86703855,0.87398034,0.87922966,0.8888968,0.8932737,0.9000446,0.90361273,0.90798867,0.91412103,0.9220217,0.9273548,0.93466794,0.94070166,0.9468781,0.9580728
124,0.3971367,0.39309055,0.3859395,0.3798362,0.37540236,0.36961243,0.36431828,0.36179167,0.36028424,0.35823905,0.357403,0.3536828,0.35069653,0.3496284,0.34657142,0.34377044,0.3382653,0.3359478,0.32885277,0.32775337,0.32764566,0.3253687,0.32367983,0.32009563,0.3175475,0.31548125,0.31100553,0.30987197,0.3087818,0.30731985,0.30740696,0.30862588,0.30846494,0.3049708,0.30611533,0.3045148,0.30022603,0.29750594,0.29427668,0.29271403,0.2900241,0.28636807,0.2855833,0.28550428,0.28276432,0.2769075,0.27467316,0.27559072,0.27339536,0.2696597,0.26527268,0.25891834,0.2559256,0.25331467,0.25460675,0.24962583,0.24949244,0.24688026,0.24371359,0.23921731,0.23717287,0.23543768,0.23267274,0.22989924,0.22767505,0.22409491,0.2231282,0.21733257,0.21778524,0.21097262,0.20835988,0.20558235,0.20007887,0.19633833,0.1939755,0.19170927,0.19081412,0.18592665,0.18162705,0.17927942,0.1752043,0.16920446,0.1650645,0.16283381,0.15782742,0.15546544,0.15356536,0.14986458,0.1454668,0.14274561,0.14008126,0.13734397,0.13136236,0.12630305,0.12428492,0.119437754,0.11293409,0.1094558,0.106383406,0.099446006,0.0941291,0.087500475,0.08234736,0.07905703,0.07215701,0.06936161,0.06380608,0.06053725,0.05238948,0.04543413,0.039069913,0.028724259,0.028363297,0.022988629,0.020524537,0.014672309,0.008603333,0.005288217,0.001962232,-0.0022037954
125,0.42332482,0.42921868,0.4283709,0.43439493,0.4372684,0.4391232,0.44442397,0.44934815,0.45411485,0.4571871,0.46467596,0.47391582,0.47680417,0.4847594,0.48596606,0.49006385,0.4962129,0.5020054,0.50689584,0.51288354,0.5198399,0.5250535,0.53285426,0.53880644,0.543149,0.54973304,0.5537801,0.5592966,0.5638883,0.5692768,0.5757912,0.5801443,0.5863644,0.5886589,0.59161645,0.59617335,0.60321486,0.61041194,0.6155576,0.6183907,0.6241255,0.629483,0.630247,0.63682044,0.6403751,0.6456899,0.64930993,0.6555872,0.66034365,0.6644949,0.668328,0.67245805,0.6769749,0.6824088,0.68823075,0.6908745,0.69562256,0.6988195,0.70079356,0.70328814,0.7072894,0.71713287,0.72066706,0.7280629,0.7328065,0.7360559,0.7414516,0.7461008,0.7528569,0.75447494,0.75827485,0.76242405,0.7664575,0.77115667,0.7752354,0.78189224,0.7873409,0.7918018,0.7965301,0.7958554,0.8003613,0.8038268,0.8089385,0.8139769,0.81719893,0.8201577,0.82423276,0.8285729,0.83405983,0.8356578,0.8379547,0.84160787,0.84664774,0.8518492,0.85603666,0.8621696,0.8622816,0.8665169,0.86869156,0.87330884,0.8736111,0.8798253,0.8841397,0.88847893,0.8915353,0.8958853,0.89933985,0.90146524,0.9013898,0.9035845,0.9027945,0.9061505,0.9096675,0.91406935,0.917476,0.91925466,0.9199605,0.91920805,0.9200371,0.9236348
126,-0.6316604,-0.6289535,-0.62826407,-0.6272682,-0.6268268,-0.62363845,-0.6211947,-0.61900914,-0.61988246,-0.61975276,-0.61437935,-0.6102507,-0.6113469,-0.6104715,-0.6068946,-0.6030625,-0.59753823,-0.5954126,-0.5935724,-0.59416074,-0.5929095,-0.5899774,-0.5872312,-0.5851639,-0.58498776,-0.5810021,-0.57986087,-0.5773451,-0.57460964,-0.57309735,-0.5710389,-0.5697376,-0.56897265,-0.5672174,-0.5650622,-0.5607234,-0.55920905,-0.55691075,-0.55451566,-0.55424815,-0.55489445,-0.5513824,-0.5504664,-0.5456015,-0.5446523,-0.5411611,-0.54109824,-0.5410374,-0.5419838,-0.54233086,-0.5424324,-0.54318774,-0.5426972,-0.54192793,-0.53774595,-0.536566,-0.5339444,-0.5315595,-0.5321025,-0.5340807,-0.53504217,-0.53251755,-0.532832,-0.5309246,-0.5293634,-0.5314519,-0.53013617,-0.5285457,-0.52725774,-0.52222866,-0.52151877,-0.5194994,-0.5181752,-0.5162264,-0.5157736,-0.51244754,-0.5123776,-0.51149786,-0.5095826,-0.5088848,-0.5035535,-0.4993201,-0.500997,-0.5006849,-0.4982234,-0.49821764,-0.49618012,-0.49421826,-0.49242583,-0.49016166,-0.4900798,-0.49135646,-0.49250278,-0.49097657,-0.4887584,-0.48459044,-0.48542866,-0.48546427,-0.4865741,-0.48470125,-0.481951,-0.48043394,-0.4795187,-0.47544187,-0.4771594,-0.48034897,-0.48053378,-0.48125774,-0.4764267,-0.4700532,-0.46813148,-0.4663991,-0.46914577,-0.46955976,-0.47063923,-0.4741198,-0.47680917,-0.4750859,-0.473756,-0.47466636
127,0.45968384,0.45643082,0.45395058,0.4513403,0.44799942,0.44583878,0.44044918,0.43873292,0.44146365,0.44233617,0.4422111,0.44396544,0.44044176,0.44042927,0.43813857,0.4368207,0.43491116,0.43476924,0.4331325,0.43339172,0.43281952,0.43299586,0.43302172,0.43096143,0.430051,0.42994896,0.42936498,0.42905816,0.42882022,0.42865616,0.42765397,0.42845908,0.42937025,0.42814508,0.42802078,0.42779025,0.42694235,0.43138963,0.43057805,0.4285384,0.4295694,0.43116814,0.4323632,0.4359045,0.43653876,0.43614537,0.43642122,0.43769065,0.435944,0.43545657,0.43561178,0.4354527,0.43531656,0.43668216,0.43882337,0.4375412,0.43801636,0.4388073,0.44325453,0.44354787,0.44543225,0.44691387,0.44729233,0.44857264,0.45060977,0.45086065,0.45333838,0.45412788,0.45292735,0.45505023,0.45415145,0.45578307,0.45601654,0.4599,0.4588457,0.45728388,0.4591016,0.46015778,0.46059436,0.4635114,0.46651492,0.46629778,0.46794042,0.47097707,0.47355303,0.4752191,0.4751063,0.47429466,0.47530633,0.47556257,0.47269565,0.47216862,0.47245055,0.47401214,0.47502536,0.47619683,0.47866917,0.48142377,0.48321486,0.48337215,0.48462874,0.4874731,0.4859346,0.48763576,0.4890636,0.48953366,0.49119654,0.49322343,0.49714884,0.49699742,0.49780616,0.49779567,0.50038904,0.4989636,0.49994332,0.5004254,0.50193614,0.50198245,0.5056426,0.5082104
128,0.44386572,0.4441255,0.44231558,0.44453263,0.44418192,0.4415086,0.44023028,0.43865514,0.44338122,0.44321615,0.44303244,0.4443956,0.4434576,0.44468302,0.44560724,0.4449857,0.44593176,0.4479068,0.44818288,0.44890317,0.45096073,0.44893822,0.4481985,0.44646692,0.44420624,0.44596538,0.44651324,0.44722968,0.44729203,0.44666743,0.44732183,0.4493526,0.4530061,0.4522879,0.4496142,0.4491474,0.44950467,0.45280924,0.45228276,0.45147902,0.45381242,0.45641226,0.46023783,0.463053,0.46322626,0.4623591,0.4619173,0.4624909,0.4645442,0.4644507,0.46730313,0.46640164,0.4666478,0.46851206,0.47132236,0.47188395,0.4729058,0.4717155,0.47125396,0.4719964,0.47204763,0.47424164,0.4771708,0.47927552,0.48276243,0.484989,0.48671517,0.4859175,0.4870761,0.48904857,0.49135837,0.4922924,0.49315333,0.49638814,0.49716806,0.49928886,0.50111026,0.50127256,0.5032725,0.5063282,0.50766885,0.5051845,0.50600016,0.5075247,0.512267,0.5144739,0.51658696,0.5181338,0.5228197,0.5254272,0.52530855,0.52697194,0.52815163,0.5313827,0.5309234,0.5331389,0.5350693,0.5395967,0.5404836,0.5417149,0.5425464,0.5452018,0.54792356,0.5524874,0.55352265,0.55274844,0.5537832,0.55166304,0.55322254,0.554495,0.5585834,0.5597321,0.5643011,0.56391394,0.5650152,0.5664929,0.565121,0.56780005,0.5709015,0.57517296
129,0.4238065,0.42411947,0.4246913,0.4287057,0.42919692,0.43027744,0.4299388,0.42946655,0.43043074,0.4320208,0.4335226,0.43698758,0.4384984,0.44161773,0.44356114,0.44718847,0.4483788,0.45271024,0.4524432,0.45504132,0.4572266,0.45796308,0.4606656,0.4631443,0.465621,0.4691094,0.47309294,0.47548085,0.47825235,0.48220024,0.48366576,0.48475274,0.486485,0.48766136,0.49101457,0.49193135,0.4927772,0.49692816,0.49788266,0.49812788,0.5011933,0.5070586,0.5089071,0.51392096,0.5167851,0.51960206,0.52251095,0.52341574,0.5247992,0.5259022,0.52829206,0.52974725,0.53091747,0.53431094,0.53621507,0.53684235,0.5381889,0.539298,0.54310167,0.5458836,0.54957026,0.55419856,0.5567001,0.55722904,0.5593725,0.5605814,0.56156975,0.5639804,0.56570554,0.5690323,0.57195604,0.57722837,0.5805452,0.58363426,0.5861263,0.59121335,0.594427,0.59704846,0.60086703,0.6025766,0.6050309,0.6107706,0.6159225,0.61957103,0.61911637,0.6211642,0.62339884,0.6262413,0.6271193,0.62900114,0.63196415,0.6334896,0.63757306,0.6414508,0.6430781,0.6458963,0.6466181,0.64956605,0.6549468,0.6565205,0.6632876,0.6674838,0.668731,0.6687132,0.67045987,0.67133456,0.6745035,0.6793556,0.6786596,0.68143433,0.6805423,0.68045324,0.6825478,0.6857015,0.68756825,0.68950826,0.690781,0.69030416,0.69308954,0.6964027
130,0.8983532,0.89566165,0.8954042,0.8945664,0.8933039,0.8928267,0.8911812,0.88975847,0.8848265,0.88065404,0.88109505,0.87911147,0.8771869,0.876307,0.8733271,0.869034,0.86575305,0.86279154,0.858902,0.85720253,0.8543134,0.85109645,0.8491616,0.84812653,0.84641343,0.8439888,0.8405045,0.83732337,0.83475226,0.83259773,0.8312775,0.8279583,0.8248251,0.82189417,0.8211794,0.8182608,0.81512576,0.8163203,0.8137317,0.81018925,0.80905855,0.8065411,0.80461484,0.8022507,0.79982597,0.7972659,0.79158014,0.7897533,0.78605795,0.7838508,0.7821592,0.7800106,0.777511,0.77834857,0.778741,0.7756981,0.7759364,0.7739035,0.77531266,0.7725833,0.7733232,0.77337706,0.77445954,0.77160144,0.7710615,0.76828563,0.7678668,0.76651406,0.7676536,0.771832,0.7723347,0.77147484,0.7711002,0.77356774,0.77422464,0.7745538,0.77134174,0.7734807,0.77287704,0.76973706,0.7706183,0.77130866,0.768989,0.7680496,0.7679481,0.7675584,0.76323545,0.76189625,0.76276964,0.7641176,0.76547444,0.76699513,0.7653366,0.7660934,0.76751006,0.7703753,0.7717251,0.7717304,0.7743564,0.7740752,0.773121,0.77116525,0.77197593,0.77105826,0.76853186,0.76770043,0.7692807,0.7696963,0.77164257,0.7707993,0.77532804,0.7750548,0.77521294,0.77577895,0.7751948,0.7761949,0.77682745,0.77613187,0.7791114,0.7819778
131,0.8847376,0.8987843,0.9087475,0.9205462,0.92910194,0.9404319,0.9501096,0.96127814,0.9711477,0.9839056,0.9939095,1.0067222,1.0166937,1.0289562,1.0391682,1.0530246,1.0649583,1.0782783,1.0919452,1.1041791,1.117677,1.1304467,1.1420585,1.1564744,1.1691406,1.1826286,1.1965573,1.2118824,1.2230189,1.2373822,1.2504305,1.2644919,1.2770913,1.2895715,1.30205,1.3170278,1.334589,1.3513008,1.3648517,1.3782806,1.3915242,1.4052085,1.4181414,1.4318774,1.4479401,1.4620789,1.4751956,1.4923651,1.5098641,1.5243365,1.5408226,1.5580721,1.5752146,1.5910608,1.6080306,1.6238378,1.6381071,1.6507553,1.6666548,1.6770195,1.6933234,1.7134613,1.7331177,1.7530401,1.7692407,1.791008,1.8116834,1.8284765,1.8468122,1.8644724,1.8844748,1.9055961,1.9251983,1.9430492,1.9643255,1.9809574,1.997905,2.0164258,2.0342202,2.0543075,2.0780873,2.096526,2.1111195,2.1330607,2.1516995,2.1753306,2.192584,2.215759,2.2368948,2.2572896,2.2759292,2.2970216,2.3213952,2.3419619,2.3609014,2.3814626,2.404142,2.4285326,2.4520366,2.4749846,2.4960127,2.5148883,2.5392303,2.5566494,2.5835998,2.603972,2.6278496,2.6548839,2.675204,2.6936898,2.7122393,2.73246,2.7566967,2.779904,2.800782,2.827743,2.8513682,2.871937,2.893496,2.920059
132,0.6099161,0.60143477,0.5885469,0.5771071,0.5671035,0.555561,0.5454483,0.5326681,0.5258692,0.52162844,0.514627,0.510404,0.50392604,0.4968947,0.48941222,0.48061246,0.47597733,0.4666443,0.45775628,0.4471197,0.43781656,0.42754388,0.4175766,0.4056901,0.40005946,0.38962308,0.38029042,0.3692379,0.35902238,0.34802037,0.34379527,0.3307795,0.32186082,0.30847988,0.29774094,0.28751272,0.27209213,0.26494947,0.24966459,0.23990162,0.2323697,0.2206374,0.20969406,0.19682795,0.1808584,0.16834109,0.15633538,0.14288202,0.13312438,0.11854477,0.10318373,0.088452056,0.07206707,0.057616554,0.046918087,0.03943337,0.026426608,0.015102622,0.00011677742,-0.015468948,-0.030273193,-0.04388507,-0.05798322,-0.072541825,-0.08714489,-0.10294716,-0.12008236,-0.14200668,-0.15513423,-0.17470206,-0.19592455,-0.21216626,-0.23033349,-0.24527378,-0.2655888,-0.2772507,-0.29329216,-0.30710572,-0.3182084,-0.33274132,-0.35393822,-0.37176564,-0.38621634,-0.3992102,-0.4131097,-0.4323153,-0.4473954,-0.46604204,-0.48030487,-0.4980212,-0.51238936,-0.5318238,-0.55046016,-0.56455916,-0.5835542,-0.60053957,-0.62072664,-0.6406939,-0.6620172,-0.6808287,-0.7004566,-0.71664804,-0.7374984,-0.7510896,-0.7705995,-0.78981876,-0.8119933,-0.83487463,-0.8523487,-0.8724038,-0.8918586,-0.9126959,-0.93309003,-0.95204705,-0.97015417,-0.99284697,-1.0134547,-1.0297635,-1.0491741,-1.0748733
133,0.8227705,0.82186127,0.8182651,0.8175155,0.8163368,0.8126165,0.8082919,0.80049354,0.7956832,0.7888802,0.7835455,0.7817924,0.77738994,0.77261686,0.766416,0.76005185,0.7574765,0.7530063,0.7455425,0.7409642,0.7339393,0.72722536,0.7217712,0.7184428,0.71109235,0.7050018,0.6981056,0.69131863,0.68810076,0.67942846,0.67117965,0.66231793,0.6573791,0.6509421,0.643651,0.64102775,0.6371648,0.6305802,0.62372315,0.6187449,0.6129295,0.60779345,0.6055236,0.6028484,0.59571964,0.591009,0.58286065,0.5781987,0.5736741,0.57017547,0.56471545,0.5606072,0.55496615,0.5490406,0.5434289,0.5392564,0.5329386,0.5286392,0.52501035,0.5207433,0.51500857,0.5103631,0.5076462,0.50148565,0.49951792,0.49754924,0.49114162,0.4875916,0.47922212,0.4769372,0.47191182,0.46766272,0.46386975,0.46209925,0.4587834,0.45483547,0.4549261,0.45195144,0.44855914,0.44666323,0.44302344,0.4405477,0.43814617,0.43538517,0.43511495,0.4344676,0.43172294,0.42751622,0.4220458,0.41735297,0.41235524,0.4036541,0.4010195,0.3997849,0.39552063,0.39382687,0.39109153,0.3877268,0.38238162,0.38009226,0.3768672,0.3782428,0.37474906,0.3671381,0.364705,0.3605236,0.35951194,0.35564098,0.35566562,0.35578954,0.3556834,0.35406372,0.35313663,0.34944683,0.34700316,0.3445731,0.34191447,0.3373221,0.33549815,0.3342451
134,0.6636526,0.6636021,0.66332597,0.6637996,0.66246086,0.6624118,0.65960217,0.6548073,0.65341246,0.6523837,0.6496597,0.64796007,0.64598477,0.6434636,0.64146274,0.6394473,0.6346234,0.6306297,0.6269328,0.6242299,0.6233152,0.62018925,0.61730397,0.6132432,0.6115154,0.60535043,0.60100967,0.59937036,0.5978371,0.5968662,0.5947367,0.593661,0.5929839,0.58832276,0.5876032,0.58459616,0.5839648,0.5818153,0.57976526,0.57615745,0.5743349,0.5709457,0.56879926,0.5677014,0.5647601,0.56121266,0.55751586,0.5543298,0.5528553,0.55119324,0.5502446,0.5470098,0.545452,0.5452252,0.54482305,0.5427532,0.5396342,0.5375121,0.53776026,0.5339063,0.5327784,0.53211796,0.53377354,0.5291388,0.5284773,0.5288655,0.52571857,0.52116245,0.51905733,0.51877415,0.51696455,0.5174551,0.5145366,0.514967,0.5155576,0.5152346,0.5143168,0.5128513,0.51438904,0.5126251,0.5135058,0.5140457,0.5128571,0.5127427,0.51064044,0.5120221,0.5105422,0.51045847,0.5110189,0.5133535,0.51448303,0.513029,0.51181096,0.5102018,0.50977,0.50934,0.5091272,0.5087592,0.50531244,0.5029259,0.50044125,0.5014955,0.4958641,0.49489927,0.4949727,0.49310708,0.49301696,0.49302214,0.48499742,0.48311138,0.48270383,0.481707,0.48192325,0.48017806,0.47837907,0.4761591,0.47606087,0.4752356,0.47616726,0.47406927
135,0.46514708,0.4653163,0.46314144,0.4602991,0.45956093,0.4582131,0.45434618,0.4540712,0.45201296,0.45016265,0.44788462,0.44461733,0.44297862,0.44177803,0.44011194,0.4381346,0.43569678,0.43336454,0.43318266,0.4322555,0.43227586,0.43024993,0.4292665,0.42817432,0.427756,0.42778617,0.4250103,0.4242279,0.42319417,0.42379108,0.41939983,0.4173835,0.4158793,0.41186816,0.41188258,0.41336408,0.41253734,0.4142394,0.41632643,0.4151699,0.41878456,0.42246175,0.42026478,0.42140093,0.42071205,0.4196631,0.4190879,0.4194151,0.4206017,0.41961798,0.42228088,0.4238822,0.42456156,0.42374864,0.4240612,0.42320186,0.4252738,0.42526183,0.42476243,0.42160678,0.42092925,0.42205128,0.4231654,0.42328444,0.42347997,0.42436004,0.4304761,0.43017346,0.43407518,0.43412519,0.4365324,0.44055033,0.44360703,0.44647533,0.45159006,0.45392317,0.4579517,0.46067017,0.4603389,0.46635374,0.47087592,0.47136158,0.4720102,0.47881383,0.47800556,0.48453632,0.4903913,0.4960619,0.49937558,0.50274956,0.50554407,0.51229775,0.51573986,0.5189377,0.52101636,0.5293219,0.5346012,0.53849006,0.5421306,0.54716855,0.55372065,0.5598419,0.56331027,0.5690254,0.57020205,0.57220805,0.5782631,0.5832795,0.589892,0.5920745,0.59821624,0.6010083,0.6084228,0.61329377,0.62054425,0.6284511,0.6346892,0.64404684,0.65017736,0.6597058
136,0.37486294,0.36993137,0.364763,0.35713577,0.35140383,0.34585226,0.34021932,0.33338112,0.3261541,0.32415384,0.32359764,0.3226204,0.32063976,0.3175798,0.31784368,0.31569904,0.31331182,0.30665678,0.30132335,0.2978395,0.2962132,0.292492,0.2873705,0.28375557,0.2799719,0.27596894,0.2727937,0.26819998,0.26403368,0.26025003,0.2588137,0.25371236,0.25230798,0.24534138,0.24270597,0.23742351,0.23322871,0.22964926,0.22207054,0.21979058,0.21473396,0.21177189,0.20872864,0.20615819,0.199253,0.19281389,0.18904953,0.18076071,0.17603125,0.17117485,0.16484407,0.16028409,0.15299544,0.14791851,0.14404732,0.14203295,0.13612406,0.13116238,0.12475401,0.12098324,0.11461922,0.10947232,0.10208174,0.09611361,0.09140523,0.08333404,0.07823099,0.070199,0.06307333,0.05300796,0.045018412,0.03924913,0.033074994,0.028386224,0.02289978,0.017629903,0.012974356,0.008028595,0.0030787045,-0.002687825,-0.011549663,-0.01904602,-0.024755362,-0.029610852,-0.032578822,-0.038173195,-0.04554338,-0.054031003,-0.05845068,-0.06485585,-0.07275684,-0.08297346,-0.09254565,-0.09919329,-0.109679185,-0.11917001,-0.12709561,-0.13793713,-0.14691563,-0.15313692,-0.15948439,-0.16873011,-0.17842668,-0.18216217,-0.18843648,-0.19819137,-0.20540862,-0.21790633,-0.22738428,-0.23218063,-0.24028108,-0.2501945,-0.25756177,-0.26866788,-0.27393523,-0.28418094,-0.29394585,-0.30096322,-0.31069833,-0.31940416
137,0.6082262,0.61362845,0.61258614,0.614866,0.6211616,0.6247145,0.6290535,0.633408,0.6385268,0.64534223,0.64904207,0.6532374,0.6590773,0.6656004,0.670493,0.67614716,0.6760973,0.68163145,0.684878,0.6892158,0.6938703,0.69868267,0.70455956,0.71074784,0.7176788,0.72133255,0.72744787,0.7329342,0.7391609,0.7417645,0.7461816,0.7533771,0.75985414,0.7647995,0.7726246,0.77767026,0.7832266,0.787819,0.7936199,0.7960286,0.80003107,0.8057114,0.80842435,0.8162216,0.8223754,0.8289111,0.8329892,0.8395683,0.8455887,0.849429,0.85438555,0.85944396,0.8646966,0.86864805,0.8770469,0.88212985,0.88620645,0.8907978,0.89337367,0.8956062,0.9029406,0.9101512,0.9193285,0.9267337,0.93310326,0.9374167,0.9420552,0.94754285,0.9535821,0.9596001,0.96505165,0.9715927,0.9763732,0.9830457,0.98893607,0.99534243,1.0020168,1.0068215,1.0125617,1.0204233,1.0282533,1.0344632,1.0379875,1.0431073,1.0478523,1.0556179,1.0576357,1.0668424,1.0693495,1.0771172,1.0824475,1.0855187,1.0921133,1.0959265,1.0995281,1.104399,1.1110322,1.117625,1.1240605,1.1304743,1.1367375,1.1431012,1.1463345,1.1515704,1.1552907,1.1607859,1.1667556,1.1739556,1.1742631,1.1762521,1.184832,1.185929,1.190564,1.1969435,1.2004473,1.2034749,1.2108406,1.2155787,1.2192142,1.2262461
138,0.6044979,0.6025997,0.6007093,0.598492,0.59852034,0.5965028,0.5955941,0.5957662,0.59477365,0.5912534,0.59329134,0.59481233,0.5939001,0.595091,0.59578586,0.5962252,0.59299743,0.5937498,0.5913882,0.5881574,0.5861746,0.5846586,0.582771,0.5796665,0.579776,0.5795796,0.57688695,0.57526594,0.57393134,0.5717114,0.5692878,0.56828105,0.56744206,0.56715304,0.56808406,0.56605977,0.56329787,0.56170994,0.5583602,0.5583492,0.5577404,0.55627185,0.55161536,0.5512328,0.54946434,0.5462157,0.54458004,0.5421876,0.5424033,0.5394637,0.5391153,0.5372497,0.53421956,0.53113866,0.530448,0.52785337,0.5284729,0.52607876,0.5265815,0.5249778,0.5232725,0.5220514,0.52284944,0.52050567,0.51961803,0.5182706,0.51478046,0.51226413,0.513188,0.5103681,0.50851446,0.5080191,0.5047809,0.50198483,0.5010411,0.5003752,0.49433646,0.49197227,0.4914089,0.49309868,0.4917849,0.49063396,0.4917736,0.48839813,0.48580018,0.4841849,0.48283225,0.48229948,0.48083162,0.4779486,0.47692418,0.47303796,0.47010788,0.4688775,0.46372947,0.463056,0.46212953,0.460152,0.45626983,0.45376706,0.452341,0.45227614,0.4461158,0.44168591,0.4396832,0.43725005,0.43536633,0.43385515,0.42927855,0.42656136,0.4220272,0.4192019,0.4179946,0.4148152,0.41508383,0.41213918,0.41333318,0.41519293,0.41337505,0.41372305
139,1.2045163,1.2064097,1.2015196,1.2016575,1.2000209,1.1970886,1.1969118,1.1959219,1.1995504,1.2033143,1.2048061,1.2046245,1.206643,1.2080609,1.2115732,1.2103302,1.209047,1.2110946,1.2116071,1.2110466,1.2128607,1.2138884,1.2157036,1.2184224,1.2196048,1.2219943,1.222338,1.2239211,1.225139,1.2246721,1.2246258,1.2268101,1.2300837,1.2318354,1.2318431,1.2344257,1.236029,1.236903,1.2355921,1.2366742,1.2350826,1.233962,1.2307279,1.2315344,1.2323093,1.230675,1.2332753,1.2342646,1.2363536,1.238287,1.2413489,1.2408806,1.239733,1.2397206,1.2400923,1.2412503,1.240979,1.242161,1.2434726,1.2433245,1.2460599,1.250371,1.248543,1.2505591,1.253553,1.2529027,1.2538774,1.2529354,1.2553799,1.2504787,1.2505326,1.251639,1.2536343,1.2540147,1.2553979,1.2560706,1.252949,1.2548186,1.2524291,1.2559494,1.2551514,1.2508516,1.2522844,1.2549847,1.2555139,1.2543409,1.2520673,1.2525098,1.2523781,1.2510588,1.244911,1.2446682,1.2451303,1.244806,1.2433922,1.2422888,1.2440721,1.2450521,1.2474761,1.2480507,1.2481592,1.2499012,1.248709,1.2453709,1.2403117,1.2427617,1.2453533,1.2468479,1.241751,1.2388577,1.2387087,1.2394421,1.2427561,1.243057,1.2411488,1.2381179,1.2409172,1.240528,1.2415171,1.2428269
140,0.8692714,0.86990356,0.8626134,0.8603986,0.8589481,0.8569843,0.85556495,0.8564944,0.86085635,0.8633011,0.86047494,0.8610708,0.86216354,0.86443967,0.8662264,0.86791486,0.868227,0.8684112,0.86890733,0.86892664,0.8716356,0.8723707,0.8733246,0.8759925,0.87772673,0.8774468,0.8805254,0.8832387,0.8845247,0.88545626,0.88623226,0.88848954,0.8919937,0.89317894,0.8929798,0.8958802,0.8983822,0.9018917,0.9022911,0.90712917,0.9102252,0.9090948,0.9088381,0.9121501,0.91400415,0.9152756,0.9173316,0.9192244,0.9214448,0.9226314,0.9273149,0.92834157,0.9302618,0.92861444,0.92991525,0.9295677,0.9316136,0.9332344,0.9354929,0.9382561,0.9399581,0.94285744,0.94500124,0.9475357,0.9468094,0.94844407,0.9523549,0.9531929,0.95765954,0.9577061,0.95937645,0.96205646,0.96406156,0.96624887,0.9706005,0.9736506,0.9716714,0.971163,0.9716943,0.97562087,0.9754121,0.9771799,0.98080206,0.98611677,0.98838043,0.9896935,0.99278784,0.9934045,0.996683,0.99918634,1.0004017,1.0039815,1.0052141,1.0059744,1.0045503,1.0114584,1.0105158,1.0131199,1.0142919,1.0162565,1.0185363,1.0214126,1.026252,1.0202422,1.0213305,1.0235598,1.0290794,1.0311924,1.0371178,1.0391681,1.0366349,1.0360435,1.0408914,1.0419796,1.042619,1.0434208,1.0472524,1.0496804,1.0516939,1.0570672
141,0.9172748,0.91401225,0.90822107,0.9044405,0.9041643,0.9053432,0.9042649,0.90744007,0.90803033,0.9067171,0.9069567,0.9066917,0.90773547,0.908641,0.9098629,0.9116371,0.9123765,0.9142376,0.9145792,0.9154331,0.91646004,0.91747963,0.9196526,0.92119086,0.9232376,0.9241498,0.9259285,0.9283373,0.9307257,0.9335405,0.9366642,0.94004977,0.94394314,0.94680965,0.947058,0.94664335,0.94825476,0.94999015,0.9505752,0.95092994,0.95083743,0.95088595,0.9506165,0.9537117,0.9571508,0.9583268,0.9588741,0.958838,0.9579337,0.958611,0.9616765,0.9647581,0.9668768,0.96818876,0.97199047,0.97813606,0.9807719,0.98061705,0.9833616,0.9841666,0.98633754,0.98887146,0.9896561,0.9924467,0.9934076,0.9974052,0.9995779,1.0009034,1.0030969,1.0053271,1.0081209,1.0119382,1.0162627,1.0176994,1.0188098,1.0197554,1.0238912,1.0234301,1.024983,1.0279092,1.0308195,1.0345609,1.0377675,1.0437781,1.0425714,1.0472624,1.0504091,1.0550073,1.0621,1.0648501,1.066891,1.0724124,1.0736144,1.0749242,1.0780714,1.082011,1.0848157,1.0869205,1.091808,1.0964586,1.1002041,1.1014042,1.1043555,1.1080453,1.107644,1.1123742,1.1147671,1.1167476,1.1176357,1.1185851,1.1233764,1.1245673,1.1269258,1.1285312,1.129616,1.1314048,1.1339618,1.137916,1.1426265,1.1467515
142,0.70104796,0.6991955,0.69204324,0.68793863,0.68462145,0.6796766,0.67851,0.67473745,0.6721206,0.66758215,0.66181934,0.6591813,0.65680563,0.65497863,0.649351,0.64735186,0.6440446,0.6431144,0.6397449,0.6364204,0.6307294,0.6286744,0.6281105,0.6268469,0.6241814,0.62201375,0.61935085,0.6184158,0.6164248,0.613979,0.61353815,0.6109842,0.61019576,0.61094457,0.6078196,0.60698307,0.6055004,0.6046368,0.6020297,0.59980124,0.5994873,0.59536856,0.5919088,0.5928682,0.5913127,0.59049135,0.5883429,0.5848919,0.58260405,0.582963,0.5824455,0.580335,0.5790516,0.5798941,0.5786071,0.5784523,0.57756966,0.5766733,0.5758722,0.5739481,0.5714344,0.57081777,0.56847376,0.5656791,0.5628186,0.5639584,0.5650851,0.5634144,0.5601946,0.5598323,0.55966914,0.5603441,0.55908763,0.5582668,0.55889803,0.5581531,0.5590545,0.5603682,0.56099975,0.55817014,0.55703276,0.5599062,0.5617116,0.5641882,0.56323797,0.5645203,0.56385887,0.5653105,0.5659293,0.5673903,0.5667565,0.56742704,0.56809473,0.57045114,0.5685623,0.56551605,0.56717575,0.5681508,0.5682565,0.56956005,0.56963146,0.5741517,0.57268196,0.5728962,0.57173586,0.57112813,0.571468,0.56848717,0.5680367,0.5703877,0.5705756,0.5711053,0.5722921,0.57322556,0.5750756,0.57609314,0.578139,0.5762353,0.574889,0.5760202
143,0.61245066,0.6149144,0.6168563,0.6194506,0.61921734,0.62134534,0.62118673,0.6228344,0.6238547,0.62209237,0.62279177,0.6233568,0.62640285,0.630481,0.6311105,0.629768,0.63214594,0.6332088,0.6337772,0.63591564,0.6369411,0.63730156,0.6367315,0.6392303,0.6415533,0.6438349,0.64522225,0.6482234,0.6507365,0.65054786,0.65059197,0.6515733,0.6530201,0.65457976,0.6557428,0.6596911,0.66113883,0.6633791,0.66308486,0.6623982,0.66076726,0.6631364,0.6663734,0.67028105,0.6727034,0.6755716,0.67582566,0.6779862,0.6783908,0.68010896,0.6824866,0.6838256,0.6865405,0.6896845,0.6912827,0.6931232,0.695684,0.69456965,0.6962716,0.69444114,0.6953802,0.6986877,0.70105475,0.7029786,0.705887,0.7089063,0.7096966,0.7110851,0.7143229,0.7166612,0.7188322,0.7221447,0.7237246,0.7271258,0.7304067,0.7327539,0.7352676,0.7359482,0.73861474,0.7388684,0.7413539,0.7428949,0.7439553,0.7468125,0.75049984,0.7522974,0.7517379,0.7545053,0.7568113,0.75989634,0.7631639,0.7630833,0.76367235,0.76394707,0.7647417,0.76808155,0.7708594,0.77389,0.775757,0.78028363,0.7836201,0.78354126,0.7824962,0.7806269,0.78166854,0.78338253,0.7860778,0.78615993,0.78615165,0.78694093,0.79076165,0.79337007,0.79353184,0.79458064,0.79406726,0.79524285,0.7954293,0.7955384,0.79535455,0.79721737
144,0.21164563,0.20940366,0.20844917,0.20648341,0.20512488,0.2063106,0.20285991,0.20128193,0.19976808,0.19711235,0.19737366,0.1979591,0.19672537,0.19808833,0.19631927,0.19574216,0.195596,0.19446096,0.19361052,0.19460742,0.19340727,0.19328883,0.19257046,0.19028756,0.18863416,0.18882397,0.1879498,0.18891466,0.1899188,0.19061986,0.19104443,0.19060943,0.19110322,0.19124964,0.19226493,0.19349955,0.19425231,0.19672345,0.19567606,0.19635843,0.19568431,0.19524097,0.19366024,0.19474602,0.19496943,0.19724992,0.1978201,0.19983532,0.19939764,0.20086172,0.20080686,0.2013555,0.20178986,0.20430815,0.20693116,0.20624018,0.2090873,0.20956127,0.21146095,0.21283953,0.21429951,0.2162545,0.2167469,0.22028303,0.22077361,0.22211227,0.22466235,0.22664902,0.22899301,0.23262724,0.23459068,0.23628953,0.23666665,0.2374449,0.23929796,0.24297738,0.24472952,0.24872942,0.24868123,0.24961069,0.2492251,0.25060216,0.251844,0.25231257,0.24942532,0.25415573,0.25724536,0.25992054,0.2606344,0.26359183,0.2648203,0.26802534,0.2717758,0.27226648,0.2741389,0.27689356,0.27977195,0.28185448,0.28526968,0.28387275,0.28498355,0.29096195,0.29364654,0.29827917,0.29829687,0.3004298,0.30200642,0.30080447,0.30193183,0.30469167,0.30828148,0.30829826,0.3111819,0.31165293,0.31234816,0.3138797,0.31594518,0.31600285,0.3206973,0.3234859
