ROI,Month_0,Month_1,Month_2,Month_3,Month_4,Month_5,Month_6,Month_7,Month_8,Month_9,Month_10,Month_11,Month_12,Month_13,Month_14,Month_15,Month_16,Month_17,Month_18,Month_19,Month_20,Month_21,Month_22,Month_23,Month_24,Month_25,Month_26,Month_27,Month_28,Month_29,Month_30,Month_31,Month_32,Month_33,Month_34,Month_35,Month_36,Month_37,Month_38,Month_39,Month_40,Month_41,Month_42,Month_43,Month_44,Month_45,Month_46,Month_47,Month_48,Month_49,Month_50,Month_51,Month_52,Month_53,Month_54,Month_55,Month_56,Month_57,Month_58,Month_59,Month_60,Month_61,Month_62,Month_63,Month_64,Month_65,Month_66,Month_67,Month_68,Month_69
0_real,-0.2181224,,,,,,,,,,,,,,,,,,,,,,,,-0.33545867,,,,,,,,,,,,,,,,,,,,,,,,-0.38981044,,,,,,,,,,,,,,,,,,,,,
0_gen,-0.2181224,-0.20621157,-0.19789909,-0.18859139,-0.18237178,-0.17542633,-0.16909313,-0.1582952,-0.14937483,-0.14040709,-0.13391995,-0.12587248,-0.12046846,-0.1134996,-0.10400337,-0.09731786,-0.087626405,-0.08224605,-0.075501144,-0.0695713,-0.060774863,-0.05125616,-0.044632263,-0.037251867,-0.029983204,-0.022584014,-0.013982515,-0.006585394,0.0011568342,0.009215693,0.015727537,0.023252549,0.030588856,0.03880583,0.046939768,0.05498768,0.06338854,0.070682794,0.07692762,0.084410325,0.091055356,0.09979069,0.10712366,0.113382265,0.12036462,0.12611851,0.13485603,0.14199753,0.14955601,0.15601762,0.16368456,0.1715255,0.17914844,0.18615492,0.19199626,0.19977424,0.20668662,0.21362162,0.21957096,0.22796667,0.23560265,0.24377458,0.25048077,0.25893337,0.26783603,0.27534804,0.2832499,0.2889728,0.29785517,0.30602357
1_real,-1.6006575,,,,,,,,,,,,,,,,,,,,,,,,-1.6190839,,,,,,,,,,,,,,,,,,,,,,,,-1.7247925,,,,,,,,,,,,,,,,,,,,,
1_gen,-1.6006575,-1.5977446,-1.5947812,-1.5915678,-1.587035,-1.5825222,-1.5806175,-1.578247,-1.5760964,-1.5739148,-1.5703218,-1.5666715,-1.5642498,-1.5596611,-1.5582681,-1.5553106,-1.5524701,-1.5483804,-1.5455868,-1.543354,-1.5404599,-1.5377498,-1.5355246,-1.5331266,-1.5302174,-1.5280579,-1.5251681,-1.5226333,-1.5189837,-1.5157506,-1.5128434,-1.5094359,-1.5061758,-1.5022224,-1.4999421,-1.4958712,-1.4922101,-1.487818,-1.4855078,-1.4835291,-1.4800049,-1.4761499,-1.4720271,-1.4695698,-1.4668286,-1.4641987,-1.4620616,-1.4595692,-1.4564002,-1.4533982,-1.4499749,-1.44539,-1.4433291,-1.4399856,-1.4387214,-1.4353998,-1.4333562,-1.4287813,-1.4269422,-1.4242333,-1.4209125,-1.4177349,-1.4149984,-1.4117568,-1.4082496,-1.4064071,-1.4024485,-1.399599,-1.3970389,-1.3935272
2_real,-0.47549054,,,,,,,,,,,,,,,,,,,,,,,,-0.6477809,,,,,,,,,,,,,,,,,,,,,,,,-0.6128026,,,,,,,,,,,,,,,,,,,,,
2_gen,-0.4754905,-0.49249345,-0.50538504,-0.51533014,-0.5263586,-0.5370528,-0.54886544,-0.55617756,-0.5626041,-0.5702398,-0.582024,-0.5910498,-0.5990931,-0.6078496,-0.61086166,-0.6194987,-0.6294039,-0.6399449,-0.6484858,-0.65881765,-0.6654015,-0.6716601,-0.6789933,-0.6853162,-0.692133,-0.69720423,-0.70162165,-0.7087375,-0.71604747,-0.72567374,-0.7323058,-0.7431804,-0.7531956,-0.76258004,-0.7673078,-0.7764323,-0.78401554,-0.7927748,-0.796193,-0.8046669,-0.8124747,-0.8230649,-0.8291446,-0.83671206,-0.84476024,-0.8543933,-0.86427915,-0.8714045,-0.8790822,-0.8860423,-0.89568007,-0.90385884,-0.9138281,-0.92082673,-0.9315201,-0.9403475,-0.9461223,-0.95274335,-0.9622011,-0.9714241,-0.97772807,-0.98478013,-0.99101895,-1.0017655,-1.010709,-1.0216213,-1.0288751,-1.0366046,-1.0435038,-1.0510638
3_real,-0.24047522,,,,,,,,,,,,,,,,,,,,,,,,-0.2146516,,,,,,,,,,,,,,,,,,,,,,,,-0.4452445,,,,,,,,,,,,,,,,,,,,,
3_gen,-0.24047521,-0.25288808,-0.2665835,-0.27629668,-0.2882638,-0.29448074,-0.30535462,-0.316141,-0.32571426,-0.33388394,-0.34621087,-0.35593924,-0.36390683,-0.3730773,-0.37989855,-0.38922006,-0.39428487,-0.400093,-0.41004577,-0.41982284,-0.42684788,-0.4344345,-0.44484115,-0.45237073,-0.46315137,-0.47109652,-0.47849283,-0.48695174,-0.49917358,-0.5071999,-0.51587814,-0.5251734,-0.5355239,-0.5439046,-0.5524485,-0.5601087,-0.5680922,-0.57406217,-0.5847553,-0.59331477,-0.60169417,-0.6118847,-0.6208359,-0.62986517,-0.6370187,-0.6471714,-0.6548007,-0.66365516,-0.6712262,-0.68113834,-0.68707573,-0.6954614,-0.7053079,-0.71449125,-0.7226343,-0.73284036,-0.7405911,-0.74759567,-0.7551241,-0.7659441,-0.7783637,-0.78918654,-0.7967721,-0.8074628,-0.8146784,-0.8214138,-0.82957256,-0.8377439,-0.84490883,-0.85233134
4_real,-1.5020355,,,,,,,,,,,,,,,,,,,,,,,,-1.6486778,,,,,,,,,,,,,,,,,,,,,,,,-1.6722715,,,,,,,,,,,,,,,,,,,,,
4_gen,-1.5020354,-1.5128266,-1.5203694,-1.533339,-1.5391867,-1.5480437,-1.5567473,-1.5555433,-1.562559,-1.569409,-1.5766666,-1.5850418,-1.5913839,-1.5976243,-1.6052952,-1.6072344,-1.6160473,-1.6216949,-1.6284666,-1.6373186,-1.6427586,-1.6443264,-1.6487442,-1.6527567,-1.6570585,-1.6658545,-1.6737922,-1.6813294,-1.6904156,-1.6975315,-1.7064209,-1.7121929,-1.7176468,-1.7276974,-1.7323828,-1.7422193,-1.7462543,-1.7575548,-1.7644193,-1.7696421,-1.7736362,-1.7805115,-1.7861235,-1.7932692,-1.8043976,-1.8149211,-1.819712,-1.8280481,-1.83113,-1.8380836,-1.8416164,-1.8490483,-1.862277,-1.8712763,-1.8791645,-1.8900754,-1.8984668,-1.905699,-1.9111054,-1.9212803,-1.926275,-1.9374075,-1.950402,-1.956431,-1.9696432,-1.9810979,-1.9913499,-2.0015492,-2.0094707,-2.0201416
5_real,-2.6301587,,,,,,,,,,,,,,,,,,,,,,,,-2.7538896,,,,,,,,,,,,,,,,,,,,,,,,-2.8973515,,,,,,,,,,,,,,,,,,,,,
5_gen,-2.630159,-2.6366372,-2.6439755,-2.6523826,-2.66299,-2.6733444,-2.67677,-2.6859035,-2.695574,-2.7051682,-2.7163186,-2.723206,-2.728437,-2.736822,-2.7496204,-2.7577376,-2.7614348,-2.7693565,-2.7785656,-2.7877212,-2.7972553,-2.804503,-2.8143337,-2.822386,-2.8311453,-2.8411562,-2.8481355,-2.8569827,-2.8648295,-2.875902,-2.882869,-2.8938117,-2.9061093,-2.919002,-2.9277117,-2.9390314,-2.9470336,-2.9572806,-2.9677339,-2.9778252,-2.988649,-2.9966362,-3.0036983,-3.0171983,-3.024781,-3.034153,-3.039409,-3.0509682,-3.0606668,-3.070315,-3.083528,-3.0859709,-3.0917091,-3.1037261,-3.117725,-3.1272354,-3.1395974,-3.1529002,-3.165166,-3.1725407,-3.1808684,-3.185695,-3.200103,-3.2091632,-3.2185159,-3.2313228,-3.2416692,-3.2552948,-3.265739,-3.2751527
6_real,-0.15732124,,,,,,,,,,,,,,,,,,,,,,,,-0.3110882,,,,,,,,,,,,,,,,,,,,,,,,-0.6599069,,,,,,,,,,,,,,,,,,,,,
6_gen,-0.15732123,-0.15749164,-0.1601511,-0.16090676,-0.16304168,-0.16562513,-0.1683193,-0.17074078,-0.17307797,-0.17441353,-0.17768152,-0.18114157,-0.18493657,-0.18859349,-0.19239677,-0.19450027,-0.19810317,-0.20054069,-0.20338765,-0.20729057,-0.21088748,-0.2145304,-0.21647236,-0.21922047,-0.22220197,-0.22517502,-0.22829135,-0.23323353,-0.23583618,-0.23974662,-0.24261579,-0.24585827,-0.24981335,-0.25193667,-0.25424787,-0.25636232,-0.2595925,-0.26267663,-0.2652077,-0.26933655,-0.2712378,-0.27503955,-0.27676907,-0.27856946,-0.28278923,-0.28607613,-0.28825933,-0.2920238,-0.29455122,-0.29828554,-0.30062324,-0.30365452,-0.30668417,-0.3097387,-0.31352487,-0.3158401,-0.31947967,-0.3218615,-0.3249034,-0.32718426,-0.329189,-0.33236668,-0.3346432,-0.33711585,-0.33923644,-0.3412614,-0.34494632,-0.34794042,-0.35029763,-0.35338277
7_real,1.4933598,,,,,,,,,,,,,,,,,,,,,,,,1.4151806,,,,,,,,,,,,,,,,,,,,,,,,1.1981629,,,,,,,,,,,,,,,,,,,,,
7_gen,1.4933597,1.4891467,1.4858639,1.4834697,1.4788637,1.4785874,1.4763566,1.4772227,1.4759147,1.4711729,1.4716368,1.4704635,1.4726679,1.4714208,1.470772,1.4704461,1.469258,1.4697614,1.468754,1.4689456,1.4696449,1.4673011,1.4697355,1.4683899,1.4681082,1.4676198,1.4694285,1.4694803,1.4667406,1.4658301,1.4624293,1.4627862,1.4617987,1.4624149,1.462913,1.4626069,1.4612509,1.4601762,1.4600927,1.4606059,1.4587747,1.4576714,1.4590491,1.4568193,1.4570493,1.4581171,1.4575901,1.4547623,1.4536474,1.453263,1.4529994,1.4533743,1.4531072,1.4541371,1.451786,1.4497516,1.4509699,1.4497421,1.4507617,1.4535176,1.453446,1.4514995,1.4515264,1.4522126,1.4500779,1.446655,1.4462044,1.4460223,1.4482255,1.4497812
8_real,-0.10175009,,,,,,,,,,,,,,,,,,,,,,,,-0.26783514,,,,,,,,,,,,,,,,,,,,,,,,-0.33198524,,,,,,,,,,,,,,,,,,,,,
8_gen,-0.10175009,-0.10817013,-0.11102201,-0.11495565,-0.119288586,-0.12334572,-0.12571615,-0.12910765,-0.130948,-0.13004242,-0.13160442,-0.13097009,-0.13288525,-0.13321565,-0.13599797,-0.13825853,-0.13706669,-0.13873976,-0.142521,-0.13956478,-0.13886914,-0.14170858,-0.1423333,-0.14607222,-0.14898135,-0.14933619,-0.15176567,-0.15368807,-0.1587351,-0.16108309,-0.16357341,-0.16386653,-0.16627397,-0.16629249,-0.16467875,-0.16894808,-0.17332953,-0.17354512,-0.17626026,-0.17830595,-0.18039669,-0.18215625,-0.18628663,-0.18860841,-0.19318682,-0.19355856,-0.19574821,-0.19817728,-0.20114414,-0.20365825,-0.20447364,-0.20888641,-0.21121664,-0.21377149,-0.21322468,-0.2145046,-0.21580794,-0.2180728,-0.21893609,-0.22024862,-0.22308674,-0.22432701,-0.22646637,-0.23115417,-0.2348983,-0.23760572,-0.2397995,-0.23959938,-0.2436297,-0.2461575
9_real,-0.054131057,,,,,,,,,,,,,,,,,,,,,,,,-0.16033417,,,,,,,,,,,,,,,,,,,,,,,,-0.2133612,,,,,,,,,,,,,,,,,,,,,
9_gen,-0.054131053,-0.056976683,-0.057747506,-0.06106494,-0.064612985,-0.066830695,-0.07168756,-0.07399321,-0.07751119,-0.07733482,-0.08047035,-0.08416259,-0.08894809,-0.09479342,-0.09971975,-0.10352151,-0.1079513,-0.11235796,-0.11636343,-0.12080699,-0.12430452,-0.12830466,-0.13222037,-0.13479501,-0.13817824,-0.14271769,-0.14597312,-0.15021342,-0.15362954,-0.1572061,-0.16059689,-0.16669762,-0.1676645,-0.17255756,-0.17659874,-0.18260768,-0.18512033,-0.19028746,-0.19449893,-0.2000297,-0.2043645,-0.20703575,-0.21177506,-0.21442907,-0.21992335,-0.22420701,-0.22945674,-0.23017177,-0.23662195,-0.24178931,-0.24803638,-0.2541417,-0.25643665,-0.2601579,-0.2631406,-0.26786375,-0.27422383,-0.27955765,-0.28428984,-0.28890517,-0.29257384,-0.29937595,-0.30343875,-0.30553162,-0.31031102,-0.31454682,-0.31888297,-0.32399893,-0.33015627,-0.33571294
10_real,0.7153731,,,,,,,,,,,,,,,,,,,,,,,,0.7280101,,,,,,,,,,,,,,,,,,,,,,,,0.81041634,,,,,,,,,,,,,,,,,,,,,
10_gen,0.7153731,0.7118486,0.7093566,0.7049643,0.70078444,0.6945487,0.68754965,0.6835338,0.6804508,0.6758014,0.6700831,0.6679268,0.6662551,0.66352725,0.66057605,0.6564348,0.65064543,0.6471511,0.6399545,0.63580364,0.6303092,0.627014,0.6236335,0.6174259,0.6134089,0.6094824,0.60542,0.60015994,0.5955913,0.59149194,0.5857158,0.5826818,0.58093345,0.57671005,0.57286626,0.56924254,0.56413186,0.56095,0.55737764,0.5497832,0.5444715,0.5391637,0.533388,0.5296124,0.5244648,0.5200791,0.5148734,0.5111819,0.50670046,0.5021446,0.4984576,0.4948875,0.4892644,0.4855113,0.4785121,0.47638637,0.4705476,0.46729952,0.46073452,0.459102,0.45553246,0.45087808,0.44825286,0.4425888,0.4350048,0.43112236,0.42722526,0.42254558,0.4174575,0.41431206
11_real,-0.39706147,,,,,,,,,,,,,,,,,,,,,,,,-0.4328752,,,,,,,,,,,,,,,,,,,,,,,,-0.50210315,,,,,,,,,,,,,,,,,,,,,
11_gen,-0.39706144,-0.3929115,-0.39389247,-0.3974678,-0.39537948,-0.39599496,-0.3973712,-0.39964312,-0.39817,-0.3976062,-0.40138546,-0.4058799,-0.40695158,-0.41001672,-0.41122904,-0.41086555,-0.41534242,-0.41619444,-0.417372,-0.416529,-0.41685686,-0.41828507,-0.42115155,-0.42547646,-0.42827654,-0.43238488,-0.43829328,-0.43697682,-0.43988585,-0.44158697,-0.44505787,-0.44927168,-0.45108247,-0.45456284,-0.45581275,-0.4574445,-0.45915943,-0.4604259,-0.46567744,-0.4699847,-0.4701294,-0.4727041,-0.47710744,-0.48103136,-0.4835624,-0.48769847,-0.4916584,-0.49427494,-0.49866623,-0.49841148,-0.50120246,-0.5074247,-0.5096625,-0.5113684,-0.51518875,-0.51938146,-0.5252887,-0.529584,-0.53238416,-0.53536433,-0.5398761,-0.54497373,-0.5483151,-0.5470193,-0.55296755,-0.55167866,-0.55694866,-0.55726206,-0.5622319,-0.56307995
12_real,-0.6281199,,,,,,,,,,,,,,,,,,,,,,,,-0.7023206,,,,,,,,,,,,,,,,,,,,,,,,-0.91543674,,,,,,,,,,,,,,,,,,,,,
12_gen,-0.6281199,-0.6245207,-0.622028,-0.62392724,-0.62356275,-0.6228305,-0.62449664,-0.62395227,-0.62399423,-0.6255925,-0.6277737,-0.63183826,-0.6306571,-0.63180375,-0.6323349,-0.63421494,-0.6370954,-0.63907784,-0.6369916,-0.63685024,-0.6372526,-0.63396776,-0.637756,-0.64207953,-0.64258456,-0.646447,-0.6510166,-0.653724,-0.6569317,-0.66031003,-0.66103375,-0.6640089,-0.66570777,-0.66942954,-0.669471,-0.67320704,-0.6763612,-0.6807822,-0.6848833,-0.68895286,-0.68880874,-0.6874335,-0.68991244,-0.6920707,-0.6937326,-0.6968531,-0.7004035,-0.7045734,-0.70729333,-0.7093469,-0.70933557,-0.7141177,-0.7177206,-0.72639626,-0.7338319,-0.7376377,-0.74482715,-0.7467855,-0.75113297,-0.7561032,-0.7602037,-0.76503795,-0.76985484,-0.7765489,-0.7827169,-0.7855422,-0.79266536,-0.7967545,-0.79984653,-0.801993
13_real,0.39048004,,,,,,,,,,,,,,,,,,,,,,,,0.23403119,,,,,,,,,,,,,,,,,,,,,,,,0.055143557,,,,,,,,,,,,,,,,,,,,,
13_gen,0.39048004,0.38456464,0.37260833,0.36509812,0.3597341,0.35339734,0.34261757,0.33224937,0.32346505,0.3119822,0.30322632,0.29503354,0.28648227,0.27792442,0.26965207,0.26126942,0.25209132,0.24348406,0.23425679,0.22193773,0.21322362,0.20432255,0.19481431,0.18075852,0.16947272,0.16176449,0.15250692,0.14083874,0.13111678,0.12231417,0.109961666,0.101784445,0.09141698,0.080908865,0.0771861,0.070442066,0.061796337,0.05048254,0.03945335,0.03204287,0.020837069,0.0095105935,-0.0011160576,-0.009875389,-0.020898065,-0.029000863,-0.038435407,-0.048666142,-0.059124462,-0.06779738,-0.076601066,-0.087476715,-0.09455697,-0.10431577,-0.1144402,-0.12765892,-0.1387054,-0.14628473,-0.15176609,-0.1639774,-0.1759772,-0.18651459,-0.1973854,-0.20620188,-0.21792217,-0.22689232,-0.23690112,-0.24808791,-0.25775406,-0.26624304
14_real,0.825569,,,,,,,,,,,,,,,,,,,,,,,,0.7370435,,,,,,,,,,,,,,,,,,,,,,,,0.6082942,,,,,,,,,,,,,,,,,,,,,
14_gen,0.82556903,0.8175066,0.8074403,0.7990061,0.7889181,0.77522767,0.7655202,0.757036,0.74810857,0.73954993,0.7295234,0.7240541,0.71614105,0.70815694,0.7024245,0.69554776,0.6880533,0.6807571,0.6711022,0.66413504,0.6580891,0.6454959,0.6380455,0.628559,0.62050784,0.6103972,0.60246575,0.5938707,0.5856248,0.5745309,0.5675448,0.55674917,0.5455958,0.5356426,0.52605814,0.51420385,0.5038347,0.49400252,0.48212886,0.47622642,0.4657437,0.45669946,0.44405293,0.43436489,0.42605677,0.4182763,0.41254616,0.4031361,0.39544672,0.38633293,0.37554902,0.3656298,0.3582484,0.3469599,0.33849823,0.3287187,0.3193006,0.30919877,0.29816002,0.28916293,0.27796546,0.268907,0.25829974,0.24601619,0.23441008,0.22577715,0.21508312,0.20744464,0.2004251,0.19253899
15_real,0.4213982,,,,,,,,,,,,,,,,,,,,,,,,0.2663469,,,,,,,,,,,,,,,,,,,,,,,,0.46617872,,,,,,,,,,,,,,,,,,,,,
15_gen,0.42139822,0.42732987,0.4394637,0.44698858,0.45689568,0.46915674,0.4820602,0.49396858,0.5068642,0.51284105,0.5262775,0.53645307,0.54546916,0.5483714,0.5585472,0.5683908,0.57832605,0.59092945,0.60533726,0.6145262,0.6305288,0.6347194,0.6500751,0.65955484,0.6677381,0.67340404,0.6803493,0.6917168,0.7018499,0.7117412,0.7244543,0.7385045,0.7521612,0.7620076,0.77348375,0.7851113,0.7963574,0.8055774,0.8177105,0.8263776,0.8427988,0.85126656,0.86076677,0.8690196,0.8777224,0.8887254,0.9013519,0.91312534,0.9252097,0.9379819,0.95061255,0.96729755,0.97936076,0.99027365,1.0058624,1.0189067,1.0271434,1.0405362,1.0510125,1.0651053,1.0822496,1.0922095,1.1025565,1.1167669,1.1293352,1.1437595,1.1596234,1.167595,1.1802962,1.1966933
16_real,-0.10600862,,,,,,,,,,,,,,,,,,,,,,,,0.039307144,,,,,,,,,,,,,,,,,,,,,,,,0.17481473,,,,,,,,,,,,,,,,,,,,,
16_gen,-0.106008634,-0.09253815,-0.08656417,-0.07693823,-0.06696182,-0.05653742,-0.044905424,-0.03409802,-0.019772451,-0.010600699,0.0015096739,0.015751656,0.021576067,0.031780757,0.043548726,0.05141307,0.066662215,0.07987128,0.0898986,0.097717725,0.10529683,0.11484213,0.12674096,0.13209583,0.14414985,0.1548779,0.16509789,0.1784762,0.19054161,0.1967873,0.20858607,0.21344821,0.22186437,0.23148271,0.24480453,0.25853005,0.27300093,0.28106695,0.29208964,0.29931659,0.31134075,0.32565776,0.33668703,0.350716,0.3685858,0.37901807,0.39335063,0.40744752,0.41413778,0.42648396,0.43632883,0.44835654,0.4614156,0.47701678,0.49472022,0.50787795,0.5235695,0.53657067,0.5521428,0.5621632,0.5788101,0.5908586,0.602626,0.6183295,0.6304204,0.645208,0.66020024,0.67723715,0.6903934,0.7041172
17_real,0.65616983,,,,,,,,,,,,,,,,,,,,,,,,0.44734088,,,,,,,,,,,,,,,,,,,,,,,,0.1643949,,,,,,,,,,,,,,,,,,,,,
17_gen,0.65616983,0.6636544,0.67167807,0.67916125,0.6859739,0.69365185,0.7000847,0.7072709,0.7151828,0.7222516,0.72880477,0.7350855,0.7407185,0.74576974,0.75072604,0.7543496,0.76307935,0.77035606,0.77667,0.7848369,0.7915933,0.8014733,0.8079752,0.8153349,0.82363,0.82948923,0.8387965,0.8444683,0.85298556,0.8595952,0.8664994,0.87440825,0.88156426,0.8852765,0.89480436,0.9016875,0.90889835,0.9165982,0.9251107,0.933605,0.93982184,0.9474985,0.9572894,0.96527064,0.97555125,0.98501384,0.9919027,0.9996289,1.0076587,1.0148695,1.0216341,1.0268227,1.0364163,1.0463554,1.0522412,1.060775,1.0684179,1.077919,1.0870374,1.0971714,1.1048495,1.1159179,1.1265864,1.1376922,1.1470754,1.1553403,1.1652439,1.1755781,1.1838591,1.1957437
18_real,-0.11614865,,,,,,,,,,,,,,,,,,,,,,,,-0.23620395,,,,,,,,,,,,,,,,,,,,,,,,-0.5339608,,,,,,,,,,,,,,,,,,,,,
18_gen,-0.116148666,-0.108690485,-0.10348543,-0.09912423,-0.092485346,-0.08545764,-0.0800661,-0.07036152,-0.06321905,-0.052654784,-0.043172784,-0.03598412,-0.029972482,-0.021861402,-0.0138506545,-0.006935711,-0.0025354216,0.006571617,0.015575163,0.022424344,0.028484112,0.035745904,0.04350578,0.052115966,0.06304457,0.075458586,0.08210248,0.08759071,0.09775864,0.106480025,0.113651715,0.12311683,0.13224998,0.14054497,0.14642791,0.15390985,0.16330642,0.17227827,0.18032613,0.1875749,0.1951455,0.20396626,0.21273975,0.22150819,0.23250075,0.24253604,0.25069994,0.25927058,0.26788643,0.2747381,0.28243193,0.29294366,0.3027741,0.31210822,0.3205297,0.3280972,0.33904225,0.3481359,0.3548274,0.3626132,0.36901852,0.3759366,0.38481754,0.39389688,0.40321922,0.4127705,0.41964993,0.42698565,0.43822032,0.4495453
19_real,0.94997275,,,,,,,,,,,,,,,,,,,,,,,,0.88138044,,,,,,,,,,,,,,,,,,,,,,,,0.8191638,,,,,,,,,,,,,,,,,,,,,
19_gen,0.94997275,0.9432334,0.9361887,0.93122673,0.923529,0.9201174,0.91625404,0.9119234,0.90480363,0.89842767,0.89422417,0.8895072,0.88496387,0.8818782,0.8761236,0.8699253,0.86441743,0.86037624,0.85552967,0.85060346,0.84735554,0.84302825,0.8398155,0.83489525,0.8292817,0.8240986,0.8183255,0.81240684,0.8073617,0.8032216,0.7987941,0.7952758,0.792021,0.787443,0.78220147,0.7780211,0.7731962,0.7668425,0.7655629,0.76195014,0.75931716,0.75474566,0.75002337,0.7455423,0.7412714,0.7370524,0.7333131,0.7291535,0.72296804,0.71830076,0.715251,0.7110064,0.7057913,0.70146704,0.6971957,0.6910056,0.68748015,0.68250614,0.6775582,0.6720549,0.6680266,0.6625547,0.65851367,0.65531737,0.6520971,0.64800864,0.64450383,0.63937664,0.6350892,0.62958574
20_real,0.12863067,,,,,,,,,,,,,,,,,,,,,,,,0.13848925,,,,,,,,,,,,,,,,,,,,,,,,-0.07649469,,,,,,,,,,,,,,,,,,,,,
20_gen,0.12863065,0.12273912,0.11816339,0.11350404,0.110216156,0.10658832,0.10436733,0.10141351,0.09776859,0.096004814,0.09273,0.08926086,0.0832501,0.079674184,0.07730104,0.07405635,0.07204737,0.06828989,0.061851572,0.05917657,0.056337435,0.053045016,0.05055677,0.04628826,0.04051823,0.03575199,0.03176444,0.027083402,0.023274338,0.019356385,0.0147069525,0.009163147,0.0049798223,0.0012225726,-0.004289026,-0.008274147,-0.012932025,-0.016672596,-0.020777721,-0.023629263,-0.028068954,-0.032423567,-0.03774489,-0.042302437,-0.048042364,-0.0527713,-0.058748864,-0.062173076,-0.06682648,-0.070224926,-0.070830956,-0.07564221,-0.07919693,-0.083982065,-0.08800866,-0.093779236,-0.09679054,-0.10187004,-0.108083844,-0.11169554,-0.11624644,-0.120101735,-0.12506881,-0.12657724,-0.13036858,-0.13355157,-0.13746576,-0.14350648,-0.14703877,-0.15417686
21_real,0.15922764,,,,,,,,,,,,,,,,,,,,,,,,0.18009916,,,,,,,,,,,,,,,,,,,,,,,,0.077593826,,,,,,,,,,,,,,,,,,,,,
21_gen,0.15922762,0.15484314,0.14800563,0.1422997,0.14009465,0.13769908,0.1326956,0.12880571,0.1255146,0.12362889,0.11946195,0.1125826,0.10747268,0.10303758,0.099155426,0.09551146,0.09313737,0.09075591,0.08822755,0.082826056,0.07922029,0.073953,0.07067401,0.066146456,0.061417617,0.059357755,0.054284196,0.049552474,0.044362847,0.042622954,0.038885746,0.03782303,0.035332095,0.033438355,0.030545209,0.024603035,0.020960834,0.016522551,0.011100773,0.006841681,0.0018177241,-0.0014971655,-0.004931678,-0.007337627,-0.010836901,-0.015301608,-0.018771252,-0.02057003,-0.0249107,-0.030205663,-0.03417546,-0.037395433,-0.041662905,-0.0443529,-0.047988985,-0.05098895,-0.05382507,-0.055436917,-0.05948665,-0.0630537,-0.06659441,-0.07054261,-0.072746456,-0.07562891,-0.07954422,-0.08226016,-0.088464476,-0.09194717,-0.0958984,-0.10101607
22_real,-0.1614375,,,,,,,,,,,,,,,,,,,,,,,,-0.17254536,,,,,,,,,,,,,,,,,,,,,,,,-0.29623008,,,,,,,,,,,,,,,,,,,,,
22_gen,-0.1614375,-0.16868086,-0.17801411,-0.18455133,-0.18933667,-0.19396041,-0.20013967,-0.20526929,-0.20868759,-0.21533501,-0.22093344,-0.2267311,-0.23273596,-0.24055758,-0.2456847,-0.24952109,-0.25416702,-0.25574586,-0.26020643,-0.265334,-0.2728006,-0.27740264,-0.28211206,-0.28601554,-0.28935096,-0.29504558,-0.2970794,-0.30561668,-0.3087421,-0.31260008,-0.3176932,-0.32195798,-0.32441172,-0.32895043,-0.3353592,-0.33994424,-0.34382567,-0.347342,-0.35321382,-0.35518187,-0.35879403,-0.3628946,-0.36635548,-0.37126076,-0.3769268,-0.38486868,-0.3912795,-0.39687142,-0.4027032,-0.40566865,-0.41008034,-0.41321763,-0.41765228,-0.42316994,-0.42641965,-0.43271136,-0.43964767,-0.44580612,-0.45088682,-0.4580156,-0.46452847,-0.46873203,-0.4733416,-0.47732124,-0.48397928,-0.4890944,-0.49403653,-0.49739528,-0.5033148,-0.5064775
23_real,-1.3435161,,,,,,,,,,,,,,,,,,,,,,,,-1.2837888,,,,,,,,,,,,,,,,,,,,,,,,-1.200939,,,,,,,,,,,,,,,,,,,,,
23_gen,-1.3435162,-1.3508499,-1.3587235,-1.3638618,-1.3690487,-1.3750316,-1.3820913,-1.386767,-1.3925946,-1.3962559,-1.4011891,-1.4060674,-1.4095556,-1.4161104,-1.4241303,-1.4296634,-1.4354799,-1.4391999,-1.4459741,-1.449483,-1.4536272,-1.4568106,-1.459029,-1.465657,-1.4693379,-1.4756885,-1.480548,-1.4851725,-1.4898263,-1.4954534,-1.5006274,-1.5062042,-1.5106956,-1.513049,-1.5174652,-1.5215105,-1.5264606,-1.5315807,-1.5361823,-1.538949,-1.5450039,-1.5475013,-1.5528585,-1.5567051,-1.558938,-1.5640267,-1.5699015,-1.57455,-1.5780165,-1.582019,-1.586784,-1.5914128,-1.5969727,-1.6008621,-1.6090536,-1.612067,-1.6146294,-1.621409,-1.6272764,-1.6312679,-1.633975,-1.6402204,-1.6427333,-1.6494,-1.6541407,-1.6575124,-1.6626618,-1.6677287,-1.6732603,-1.6754234
24_real,-1.3367794,,,,,,,,,,,,,,,,,,,,,,,,-1.5855892,,,,,,,,,,,,,,,,,,,,,,,,-1.5267333,,,,,,,,,,,,,,,,,,,,,
24_gen,-1.3367795,-1.3481474,-1.3543246,-1.364393,-1.3712097,-1.3797356,-1.3848385,-1.3926815,-1.3978109,-1.4016014,-1.4073852,-1.4139698,-1.420583,-1.4299135,-1.4362929,-1.4421954,-1.4479048,-1.4524804,-1.4600775,-1.4650756,-1.4713222,-1.4778283,-1.4852535,-1.4917063,-1.4981465,-1.5014497,-1.5099398,-1.5182118,-1.527767,-1.533684,-1.5383986,-1.5445845,-1.5506381,-1.5583783,-1.5644188,-1.5714114,-1.578366,-1.5843619,-1.5913726,-1.5987937,-1.6060575,-1.6139294,-1.619414,-1.625219,-1.6318518,-1.6361506,-1.6428831,-1.6493334,-1.6555824,-1.6597002,-1.6677742,-1.6722559,-1.6751239,-1.683542,-1.6906261,-1.6977301,-1.702419,-1.7079322,-1.7166779,-1.7215369,-1.7296858,-1.7348053,-1.7404468,-1.7478616,-1.7553055,-1.7616136,-1.7689177,-1.7752864,-1.7830737,-1.7897145
25_real,-1.0364479,,,,,,,,,,,,,,,,,,,,,,,,-1.0708647,,,,,,,,,,,,,,,,,,,,,,,,-1.2512118,,,,,,,,,,,,,,,,,,,,,
25_gen,-1.0364478,-1.0399708,-1.0433247,-1.0462574,-1.0487686,-1.05315,-1.0563587,-1.0610582,-1.0660174,-1.0703541,-1.0720284,-1.0766696,-1.0801632,-1.084379,-1.088105,-1.0922947,-1.0968927,-1.1003538,-1.1046705,-1.1072749,-1.1111684,-1.1147871,-1.1186959,-1.1245843,-1.1309718,-1.1348034,-1.1394379,-1.1438769,-1.1462817,-1.1498301,-1.1522275,-1.154838,-1.1587131,-1.1622846,-1.166551,-1.1699286,-1.1746193,-1.1801385,-1.1846187,-1.1882703,-1.1917129,-1.1953224,-1.1995419,-1.2041737,-1.2065704,-1.2119191,-1.21619,-1.2209175,-1.2242916,-1.2293074,-1.2309506,-1.2357509,-1.2402465,-1.2431024,-1.2463675,-1.2503006,-1.2541502,-1.2568194,-1.2608342,-1.2651727,-1.2685001,-1.2713882,-1.2747988,-1.2782263,-1.2842257,-1.2896569,-1.2939483,-1.2987239,-1.3012073,-1.3046377
26_real,-0.9967756,,,,,,,,,,,,,,,,,,,,,,,,-1.1607152,,,,,,,,,,,,,,,,,,,,,,,,-1.2755014,,,,,,,,,,,,,,,,,,,,,
26_gen,-0.9967756,-1.0017784,-1.0053097,-1.0094548,-1.0128028,-1.0158643,-1.0194331,-1.0212561,-1.0248559,-1.0286993,-1.0316614,-1.0345913,-1.037911,-1.0410526,-1.0439368,-1.0472503,-1.0508732,-1.0542574,-1.0588592,-1.0631902,-1.0678017,-1.0726093,-1.0761006,-1.0820385,-1.0852191,-1.0896357,-1.0947895,-1.0987852,-1.103855,-1.10829,-1.1114979,-1.11437,-1.1190813,-1.1231558,-1.127738,-1.1335106,-1.1357731,-1.1393692,-1.1436479,-1.1488255,-1.151974,-1.1552919,-1.1612726,-1.164889,-1.1679789,-1.1731026,-1.1772267,-1.180599,-1.1856855,-1.1906917,-1.1957089,-1.1985836,-1.2026472,-1.2073991,-1.2117462,-1.2150228,-1.2199514,-1.2261236,-1.2310097,-1.2360032,-1.2394502,-1.2424209,-1.2478335,-1.2528698,-1.2591302,-1.2635889,-1.2680151,-1.272467,-1.2763288,-1.280854
27_real,-1.1257982,,,,,,,,,,,,,,,,,,,,,,,,-1.0829142,,,,,,,,,,,,,,,,,,,,,,,,-1.0479211,,,,,,,,,,,,,,,,,,,,,
27_gen,-1.1257982,-1.129394,-1.1327128,-1.1348541,-1.1372492,-1.1397951,-1.141134,-1.1427609,-1.1458251,-1.1489251,-1.151226,-1.1528412,-1.1562941,-1.1585281,-1.1614311,-1.1645373,-1.1668171,-1.168306,-1.1704881,-1.1743906,-1.1786407,-1.180816,-1.1834304,-1.1870995,-1.1884503,-1.1914511,-1.1926353,-1.1959426,-1.1986622,-1.2013307,-1.2039279,-1.2063277,-1.210051,-1.2122535,-1.2150725,-1.2184937,-1.2224655,-1.2261823,-1.2294785,-1.2329395,-1.2369778,-1.2399652,-1.2422541,-1.2472769,-1.2501221,-1.252325,-1.255717,-1.2592981,-1.2623811,-1.265832,-1.2684171,-1.272021,-1.2752867,-1.279742,-1.2826214,-1.2859786,-1.2895248,-1.29199,-1.2952827,-1.2990549,-1.303768,-1.3076687,-1.3100253,-1.3133701,-1.3162413,-1.3201811,-1.322849,-1.3255274,-1.3280246,-1.3308386
28_real,-0.69971395,,,,,,,,,,,,,,,,,,,,,,,,-0.9229875,,,,,,,,,,,,,,,,,,,,,,,,-1.1312088,,,,,,,,,,,,,,,,,,,,,
28_gen,-0.6997139,-0.69940764,-0.69789195,-0.6981627,-0.6983361,-0.69901407,-0.69972885,-0.70132095,-0.70081955,-0.7026812,-0.70306456,-0.7018599,-0.7033709,-0.7034026,-0.7054721,-0.70661134,-0.7076097,-0.7098503,-0.7118755,-0.712354,-0.71102417,-0.71041423,-0.7108949,-0.7130016,-0.7143196,-0.71650237,-0.7175017,-0.71809375,-0.72069967,-0.7219911,-0.72551405,-0.72695196,-0.73010325,-0.7315953,-0.7324759,-0.7328705,-0.73366344,-0.73461974,-0.7351802,-0.73809767,-0.73935366,-0.74171585,-0.74314636,-0.74323946,-0.7443231,-0.745551,-0.7456282,-0.7466897,-0.7478114,-0.75017613,-0.7507816,-0.7534897,-0.75391656,-0.7550732,-0.7570949,-0.7581705,-0.76038605,-0.7617304,-0.7639228,-0.7659245,-0.766694,-0.76768786,-0.7694872,-0.77217895,-0.77534795,-0.77737445,-0.7780742,-0.77961844,-0.78011596,-0.78234595
29_real,0.33037487,,,,,,,,,,,,,,,,,,,,,,,,0.22834368,,,,,,,,,,,,,,,,,,,,,,,,0.21428338,,,,,,,,,,,,,,,,,,,,,
29_gen,0.3303749,0.3284474,0.32527548,0.324607,0.32397228,0.32194138,0.31868792,0.3178543,0.31718862,0.31603983,0.31462127,0.31446445,0.31175607,0.31265977,0.3103356,0.30867743,0.3076934,0.30597076,0.3035687,0.30108806,0.299416,0.29792458,0.2964384,0.29521498,0.29399806,0.2914645,0.2904052,0.2885036,0.28652167,0.28553945,0.28460705,0.28418547,0.28202412,0.28083748,0.27947408,0.2773154,0.276016,0.2746282,0.27455425,0.27348867,0.27294797,0.27198413,0.27106574,0.2696827,0.2700474,0.27086338,0.269832,0.2687432,0.26847205,0.2661571,0.26395345,0.26138183,0.26054853,0.25862643,0.2569612,0.25660545,0.25653243,0.25639972,0.25735322,0.25644627,0.25463924,0.25353962,0.25140023,0.24933347,0.24759182,0.24643031,0.2448732,0.244446,0.24262962,0.23974302
30_real,-0.22652595,,,,,,,,,,,,,,,,,,,,,,,,-0.3759443,,,,,,,,,,,,,,,,,,,,,,,,-0.33414343,,,,,,,,,,,,,,,,,,,,,
30_gen,-0.22652595,-0.24134591,-0.2531973,-0.25952438,-0.2743513,-0.2848112,-0.29261795,-0.29987293,-0.30610585,-0.3190419,-0.3279045,-0.3358369,-0.3450789,-0.35221353,-0.36271855,-0.36210924,-0.3718722,-0.38089174,-0.3901945,-0.39569005,-0.39867085,-0.41450334,-0.42793512,-0.43752807,-0.44571766,-0.4537185,-0.46075454,-0.46699014,-0.4794681,-0.49153113,-0.49820352,-0.50055885,-0.5081687,-0.51602584,-0.5248982,-0.5314289,-0.53757924,-0.54938114,-0.56046945,-0.57219833,-0.5798233,-0.58581114,-0.59876204,-0.60696566,-0.6138609,-0.62156814,-0.63632506,-0.6471698,-0.646225,-0.65481377,-0.6649994,-0.66858184,-0.67722565,-0.6864954,-0.6951859,-0.70700777,-0.7134987,-0.72777545,-0.7397572,-0.75413334,-0.758106,-0.7690695,-0.7803792,-0.79011035,-0.7962998,-0.8058349,-0.8143099,-0.82188904,-0.83219194,-0.8412201
31_real,-0.94306433,,,,,,,,,,,,,,,,,,,,,,,,-0.68605983,,,,,,,,,,,,,,,,,,,,,,,,-0.872145,,,,,,,,,,,,,,,,,,,,,
31_gen,-0.94306433,-0.9609639,-0.9748079,-0.9852446,-0.9975637,-1.0094455,-1.0224676,-1.0320385,-1.0419499,-1.0534413,-1.0608971,-1.0707549,-1.0757766,-1.0867395,-1.0955956,-1.1057792,-1.1140723,-1.1231842,-1.130503,-1.1409332,-1.1488909,-1.1573972,-1.1621921,-1.1689235,-1.1712372,-1.181727,-1.1932136,-1.2013161,-1.2093333,-1.2178048,-1.2254982,-1.23119,-1.238765,-1.2441503,-1.2552574,-1.2615112,-1.2776697,-1.2869139,-1.2984792,-1.3113604,-1.3204628,-1.3295685,-1.3382004,-1.3458576,-1.3529825,-1.3603971,-1.372931,-1.3847988,-1.3977293,-1.4007723,-1.4095528,-1.4154885,-1.4252077,-1.4333969,-1.4413491,-1.4474818,-1.4567343,-1.4660506,-1.4766133,-1.4841902,-1.495691,-1.501777,-1.5068423,-1.5167811,-1.5221094,-1.5334941,-1.5447272,-1.5502229,-1.5560601,-1.5603092
32_real,0.12898251,,,,,,,,,,,,,,,,,,,,,,,,0.026374953,,,,,,,,,,,,,,,,,,,,,,,,0.13325931,,,,,,,,,,,,,,,,,,,,,
32_gen,0.12898253,0.1279501,0.125543,0.124876514,0.119842984,0.11652161,0.11189053,0.10602923,0.10314778,0.10018828,0.0973408,0.09261693,0.089585975,0.08576192,0.082824394,0.08162455,0.07676374,0.07359042,0.0668028,0.06181401,0.058458705,0.053175747,0.049513407,0.045186467,0.04424449,0.040062863,0.034260433,0.030949136,0.028880516,0.0252592,0.023236483,0.020473868,0.016791176,0.012708137,0.008995626,0.0040226667,-0.00085764413,-0.0035705871,-0.006989521,-0.009399762,-0.014567559,-0.016906591,-0.019982329,-0.024356324,-0.028979715,-0.03308127,-0.036358163,-0.03810792,-0.039911043,-0.044375576,-0.04805203,-0.052405935,-0.05403787,-0.059164304,-0.06316952,-0.0678399,-0.07174251,-0.07602027,-0.079749726,-0.084273465,-0.088548765,-0.09113461,-0.09836346,-0.10111906,-0.10129826,-0.10537668,-0.10851707,-0.11051357,-0.11307125,-0.1170522
33_real,-0.21474671,,,,,,,,,,,,,,,,,,,,,,,,-0.0585896,,,,,,,,,,,,,,,,,,,,,,,,-0.25680298,,,,,,,,,,,,,,,,,,,,,
33_gen,-0.21474671,-0.21313396,-0.21261613,-0.21304393,-0.21157058,-0.21392086,-0.21496406,-0.21622515,-0.21680236,-0.21953213,-0.22092858,-0.22087531,-0.22508433,-0.22767682,-0.23164847,-0.23302023,-0.2355105,-0.23750779,-0.24042073,-0.24128935,-0.24415155,-0.24870256,-0.24988799,-0.25155398,-0.25305277,-0.25596327,-0.2584017,-0.26082215,-0.26525313,-0.2679511,-0.26782927,-0.26965237,-0.27147445,-0.27446628,-0.27655083,-0.28060883,-0.2835523,-0.28483254,-0.28361914,-0.28796682,-0.29021332,-0.29522124,-0.29691425,-0.2980753,-0.3018195,-0.3057342,-0.30827218,-0.31286708,-0.31775573,-0.322357,-0.3251692,-0.32679015,-0.32563204,-0.32763416,-0.3297302,-0.3314636,-0.3343113,-0.33881426,-0.3425757,-0.34328777,-0.3471852,-0.3474966,-0.34951702,-0.35328877,-0.35670865,-0.35879302,-0.36049944,-0.3632509,-0.36500183,-0.36671385
34_real,-0.49331382,,,,,,,,,,,,,,,,,,,,,,,,-0.74592054,,,,,,,,,,,,,,,,,,,,,,,,-0.5102879,,,,,,,,,,,,,,,,,,,,,
34_gen,-0.49331385,-0.48949876,-0.48469323,-0.48055553,-0.4792184,-0.4800137,-0.48015326,-0.47678643,-0.47792047,-0.48005342,-0.4814895,-0.48473662,-0.48461014,-0.4874998,-0.4883186,-0.49226856,-0.49306417,-0.4956173,-0.49393994,-0.4965362,-0.4981567,-0.4961752,-0.49457368,-0.49777675,-0.4959012,-0.49566674,-0.49522418,-0.49742427,-0.49775904,-0.4982707,-0.497077,-0.497022,-0.49737692,-0.4979927,-0.49827892,-0.5013548,-0.50381327,-0.5050526,-0.5048056,-0.50983083,-0.50998783,-0.5147554,-0.5148687,-0.5149145,-0.5178731,-0.519662,-0.52011335,-0.5220729,-0.5240067,-0.52611023,-0.5247592,-0.5281269,-0.53337824,-0.535281,-0.5390991,-0.5413827,-0.540712,-0.54133457,-0.5437151,-0.54764587,-0.54885876,-0.5529045,-0.5536903,-0.55685514,-0.5596717,-0.5614128,-0.5636421,-0.56375563,-0.5650721,-0.56934124
35_real,-0.65188646,,,,,,,,,,,,,,,,,,,,,,,,-0.7209673,,,,,,,,,,,,,,,,,,,,,,,,-0.9356986,,,,,,,,,,,,,,,,,,,,,
35_gen,-0.65188646,-0.65391254,-0.6500912,-0.65267336,-0.6543828,-0.65592825,-0.6557749,-0.6551972,-0.65750945,-0.6594916,-0.66094893,-0.6653603,-0.66536367,-0.66459805,-0.6628155,-0.66594136,-0.6698422,-0.67162585,-0.6731599,-0.67486894,-0.6770673,-0.6788618,-0.6797718,-0.68096375,-0.68280786,-0.6843438,-0.6846277,-0.6854864,-0.68744886,-0.6911294,-0.6939543,-0.69459844,-0.6986616,-0.7021464,-0.7063053,-0.70991236,-0.70973516,-0.7122801,-0.716869,-0.7172752,-0.7190678,-0.71967274,-0.72006166,-0.7211729,-0.72344637,-0.72718346,-0.72981787,-0.7339601,-0.7372562,-0.7357132,-0.73938096,-0.7399918,-0.7424068,-0.7459941,-0.746673,-0.7514989,-0.7548526,-0.75791705,-0.7594063,-0.7612861,-0.7649137,-0.76659125,-0.76694995,-0.7683073,-0.7677153,-0.77169394,-0.7745557,-0.7779056,-0.781671,-0.7836768
36_real,-0.91424495,,,,,,,,,,,,,,,,,,,,,,,,-1.076444,,,,,,,,,,,,,,,,,,,,,,,,-0.94372606,,,,,,,,,,,,,,,,,,,,,
36_gen,-0.91424495,-0.9143098,-0.9130751,-0.91753113,-0.9210771,-0.92010975,-0.92060316,-0.92170554,-0.921694,-0.92410916,-0.92292005,-0.9244194,-0.92426026,-0.9279335,-0.9326545,-0.93960345,-0.94387466,-0.94831115,-0.9517698,-0.95624244,-0.9582055,-0.9605284,-0.96360797,-0.9644246,-0.9645585,-0.9649633,-0.9686974,-0.97505444,-0.9771083,-0.9821623,-0.98589337,-0.9908379,-0.9939014,-0.9972068,-1.0001428,-1.0047112,-1.0048989,-1.0095751,-1.014628,-1.0135121,-1.0146525,-1.0217927,-1.02117,-1.0199676,-1.0219944,-1.0268642,-1.0292552,-1.0328926,-1.0387698,-1.0413697,-1.0449874,-1.0524094,-1.0560181,-1.0574014,-1.0599658,-1.062072,-1.0615337,-1.0660872,-1.0709041,-1.0738298,-1.0766689,-1.0809777,-1.0809398,-1.0792716,-1.0810968,-1.0844504,-1.0880693,-1.0910157,-1.0969734,-1.1007808
37_real,-0.054591887,,,,,,,,,,,,,,,,,,,,,,,,-0.09256064,,,,,,,,,,,,,,,,,,,,,,,,-0.24264346,,,,,,,,,,,,,,,,,,,,,
37_gen,-0.054591887,-0.056842566,-0.059785563,-0.06202521,-0.06382082,-0.06588789,-0.065263726,-0.06926905,-0.07336344,-0.07516146,-0.079075314,-0.082200706,-0.08866935,-0.088566944,-0.08851786,-0.08981977,-0.0901953,-0.09125967,-0.09351574,-0.09533152,-0.097431414,-0.096875705,-0.098378055,-0.097033545,-0.10377759,-0.107868195,-0.104817465,-0.10894601,-0.11352785,-0.11626699,-0.11593839,-0.118261516,-0.12585428,-0.13197185,-0.1347786,-0.14003177,-0.14340582,-0.14740762,-0.14824548,-0.14911939,-0.14884886,-0.1540278,-0.15904772,-0.16607769,-0.16917108,-0.17624232,-0.17429554,-0.17813267,-0.1826259,-0.18493517,-0.19017224,-0.19505568,-0.19944143,-0.20382635,-0.20761335,-0.20862988,-0.2128504,-0.21857342,-0.22275023,-0.22610185,-0.23161677,-0.23881559,-0.24624924,-0.249824,-0.2530697,-0.2545718,-0.25969964,-0.26405993,-0.2685388,-0.27667254
38_real,-0.53245753,,,,,,,,,,,,,,,,,,,,,,,,-0.5744086,,,,,,,,,,,,,,,,,,,,,,,,-0.6566561,,,,,,,,,,,,,,,,,,,,,
38_gen,-0.5324575,-0.52893007,-0.52923286,-0.526804,-0.5280335,-0.5264575,-0.52979565,-0.5306797,-0.5363568,-0.5379257,-0.53720325,-0.5407065,-0.54141295,-0.54031765,-0.53829306,-0.5394845,-0.54147303,-0.5446955,-0.54706204,-0.54928446,-0.55159503,-0.5521383,-0.5534705,-0.5531069,-0.5543266,-0.5592054,-0.5614305,-0.5595053,-0.5600769,-0.56166685,-0.5634551,-0.5684945,-0.5695816,-0.57221454,-0.57540214,-0.57988095,-0.5834285,-0.5886993,-0.58850515,-0.5910205,-0.5928811,-0.5968022,-0.5993628,-0.60104436,-0.6046753,-0.611776,-0.6144558,-0.6151736,-0.6158433,-0.6173319,-0.61950254,-0.6230539,-0.62859833,-0.6314226,-0.6349844,-0.634559,-0.63482434,-0.636911,-0.6390786,-0.6398653,-0.64140385,-0.6406113,-0.6447967,-0.64397347,-0.64615446,-0.6471626,-0.64807904,-0.65112984,-0.65310067,-0.65576077
39_real,0.29806352,,,,,,,,,,,,,,,,,,,,,,,,0.2459691,,,,,,,,,,,,,,,,,,,,,,,,-0.097106755,,,,,,,,,,,,,,,,,,,,,
39_gen,0.29806352,0.2936516,0.29804125,0.2933007,0.29206443,0.2923035,0.2858351,0.28461367,0.2834917,0.28494868,0.2811246,0.2784916,0.27341408,0.27236494,0.27132654,0.26755682,0.26525742,0.2596088,0.25700575,0.25552845,0.25110665,0.24937788,0.24795651,0.24495098,0.24498627,0.23725934,0.23218198,0.23160636,0.23043165,0.22510667,0.22030203,0.21639614,0.21246716,0.20666912,0.20499662,0.20274559,0.19730416,0.19642608,0.19202246,0.18785548,0.18438077,0.18096331,0.17628868,0.17179646,0.16797915,0.16637866,0.16097043,0.15955846,0.15597695,0.15211794,0.14952266,0.146805,0.14422305,0.13897623,0.13768235,0.13193215,0.13182934,0.12845139,0.12017353,0.12102137,0.11445534,0.11181854,0.10805098,0.10770674,0.10398255,0.10130741,0.09671786,0.09528897,0.09066464,0.08703233
40_real,0.19287127,,,,,,,,,,,,,,,,,,,,,,,,0.09886295,,,,,,,,,,,,,,,,,,,,,,,,-0.16774239,,,,,,,,,,,,,,,,,,,,,
40_gen,0.19287129,0.18953077,0.19086897,0.19120073,0.1894013,0.1898424,0.18715292,0.18714692,0.18817988,0.18523048,0.1866144,0.18634751,0.18376629,0.18503109,0.18562254,0.18583746,0.18735309,0.18380897,0.18546942,0.18726398,0.18723905,0.18950543,0.1888152,0.18794115,0.18493918,0.18365017,0.18197021,0.18564734,0.18748848,0.18795024,0.18947658,0.19300318,0.19763261,0.19519344,0.19079146,0.19326898,0.19304809,0.19010982,0.1862117,0.18117753,0.1802924,0.17827687,0.18063648,0.1853602,0.18824333,0.19179913,0.18841957,0.1846337,0.1852518,0.18221101,0.18460554,0.18285504,0.18145822,0.1813293,0.17999193,0.17975003,0.18036875,0.1792033,0.18140434,0.18482839,0.18190813,0.18125966,0.17851578,0.1761509,0.17361817,0.17034422,0.17104012,0.17347176,0.17724514,0.17564973
41_real,-0.7613272,,,,,,,,,,,,,,,,,,,,,,,,-0.99621147,,,,,,,,,,,,,,,,,,,,,,,,-1.3536941,,,,,,,,,,,,,,,,,,,,,
41_gen,-0.7613272,-0.7721559,-0.78133166,-0.78878295,-0.79357815,-0.8025178,-0.8054236,-0.8089844,-0.81115276,-0.8181194,-0.8223659,-0.82522976,-0.8323361,-0.83521354,-0.8366615,-0.83695734,-0.84200585,-0.8523747,-0.85652035,-0.85643995,-0.860736,-0.8653242,-0.8735566,-0.87489176,-0.8772486,-0.8843583,-0.884838,-0.89041024,-0.8959788,-0.9002134,-0.90568227,-0.90489817,-0.91262627,-0.9143219,-0.91502964,-0.91246814,-0.91839683,-0.9267743,-0.9276756,-0.9308953,-0.93139666,-0.9329914,-0.93745786,-0.9375383,-0.94481725,-0.94219655,-0.9498391,-0.95155936,-0.9537347,-0.95776653,-0.9630989,-0.96903837,-0.97169095,-0.9691526,-0.9694088,-0.9711108,-0.9774893,-0.97993296,-0.98417675,-0.988613,-0.99157465,-0.9933141,-0.9983454,-1.0073493,-1.0093443,-1.0093573,-1.0107503,-1.0121741,-1.0113271,-1.0157431
42_real,-0.4786641,,,,,,,,,,,,,,,,,,,,,,,,-0.4734039,,,,,,,,,,,,,,,,,,,,,,,,-0.5641161,,,,,,,,,,,,,,,,,,,,,
42_gen,-0.4786641,-0.48072237,-0.48645002,-0.4906024,-0.49318615,-0.49457097,-0.49843216,-0.49945602,-0.50401807,-0.50853187,-0.51228964,-0.5150088,-0.520982,-0.5255617,-0.5271057,-0.5303973,-0.5351751,-0.54003954,-0.5430641,-0.54703677,-0.5523764,-0.55609685,-0.5589007,-0.56280947,-0.5671979,-0.5724827,-0.5746716,-0.57921016,-0.58297217,-0.5867975,-0.5938758,-0.5985529,-0.6038497,-0.6081002,-0.61372364,-0.6176511,-0.62193185,-0.6259283,-0.6294432,-0.63302,-0.6387236,-0.6441567,-0.6495565,-0.6533406,-0.6590111,-0.6646987,-0.6724745,-0.6767689,-0.6818639,-0.6900063,-0.69532377,-0.69962204,-0.7061911,-0.70783925,-0.7160021,-0.72150624,-0.72746736,-0.7296133,-0.7318777,-0.73800164,-0.74185,-0.746605,-0.75032735,-0.75202215,-0.7553399,-0.7587122,-0.76284915,-0.76812255,-0.77247846,-0.77783924
43_real,1.6260855,,,,,,,,,,,,,,,,,,,,,,,,1.5062742,,,,,,,,,,,,,,,,,,,,,,,,1.6793133,,,,,,,,,,,,,,,,,,,,,
43_gen,1.6260855,1.622114,1.6178688,1.6156647,1.6113937,1.6061461,1.6008034,1.5950549,1.5908439,1.5859301,1.5811076,1.5770102,1.5727972,1.5680146,1.5635519,1.558392,1.5534093,1.5487392,1.5442306,1.5378516,1.5332086,1.526274,1.5211068,1.5173246,1.5133858,1.5073265,1.5026729,1.495867,1.4910519,1.4847796,1.4799764,1.4752264,1.4703631,1.4642379,1.4581894,1.4512497,1.4449575,1.4391574,1.4337742,1.4266913,1.4208134,1.41501,1.4093974,1.4045769,1.4007849,1.3943069,1.3891863,1.3839743,1.3795749,1.3730333,1.3688508,1.3636702,1.357819,1.3541231,1.3485098,1.3402879,1.3343438,1.3307115,1.324071,1.3194339,1.3126296,1.3041656,1.2985961,1.2941331,1.2884572,1.2826393,1.2775267,1.2718693,1.26588,1.2593439
44_real,-1.0569886,,,,,,,,,,,,,,,,,,,,,,,,-0.39590648,,,,,,,,,,,,,,,,,,,,,,,,-0.67703444,,,,,,,,,,,,,,,,,,,,,
44_gen,-1.0569886,-1.0617797,-1.0673797,-1.0773866,-1.0805113,-1.0847914,-1.0852937,-1.0883763,-1.0892961,-1.0917628,-1.0930113,-1.0981259,-1.0992951,-1.1013275,-1.1035178,-1.1057327,-1.1099851,-1.1131715,-1.1130083,-1.11387,-1.1147043,-1.1167394,-1.1217515,-1.1227752,-1.12347,-1.1285042,-1.1296301,-1.1321744,-1.1327231,-1.13249,-1.1340461,-1.1348282,-1.1352514,-1.1371163,-1.1404808,-1.14443,-1.1459453,-1.1471024,-1.1501472,-1.1498263,-1.1512474,-1.1537945,-1.1541132,-1.156398,-1.1578486,-1.1591319,-1.1599478,-1.1587675,-1.1591054,-1.1638342,-1.1643258,-1.1664379,-1.168677,-1.1665431,-1.1676841,-1.1704862,-1.1735294,-1.1745495,-1.1765006,-1.1768835,-1.1806418,-1.1853272,-1.187982,-1.190429,-1.1906003,-1.1913993,-1.1945312,-1.1974887,-1.19891,-1.1986527
45_real,0.9014586,,,,,,,,,,,,,,,,,,,,,,,,0.83093023,,,,,,,,,,,,,,,,,,,,,,,,0.73072094,,,,,,,,,,,,,,,,,,,,,
45_gen,0.9014586,0.89704096,0.89463294,0.8916319,0.8865341,0.8828682,0.87931716,0.87530136,0.87358654,0.8727843,0.8688067,0.8656374,0.85837173,0.8540003,0.8508135,0.8481514,0.8451826,0.84362614,0.8416192,0.8373369,0.8347292,0.8316701,0.8280649,0.8232401,0.8216853,0.8188098,0.8156009,0.81476295,0.81175125,0.8083428,0.80604106,0.8015281,0.80006963,0.7981719,0.7959846,0.79141295,0.7910055,0.78987694,0.7859854,0.78157926,0.7796172,0.7773371,0.77479637,0.7710705,0.76904476,0.76682174,0.76480234,0.76158255,0.7603959,0.7574743,0.75387233,0.75117457,0.74689436,0.7440848,0.74010193,0.73646164,0.73142827,0.7282362,0.7236988,0.7214451,0.71888703,0.71351707,0.71047723,0.70923364,0.7069246,0.70447695,0.70083827,0.69507426,0.69013,0.6902158
46_real,1.7070352,,,,,,,,,,,,,,,,,,,,,,,,1.9954087,,,,,,,,,,,,,,,,,,,,,,,,1.8922542,,,,,,,,,,,,,,,,,,,,,
46_gen,1.7070353,1.698662,1.6935415,1.6860373,1.6797178,1.6756451,1.6709251,1.6661276,1.6601152,1.6549908,1.6500905,1.6446339,1.6390374,1.6356647,1.6312529,1.6268795,1.6209886,1.6161324,1.6107031,1.6067448,1.6012163,1.5966556,1.5911129,1.5868026,1.5821893,1.5765848,1.5722246,1.5669647,1.5622361,1.5569656,1.5530641,1.5492151,1.5445645,1.539831,1.5357492,1.53047,1.5260913,1.5210273,1.5151274,1.5109546,1.5066195,1.5020869,1.4977276,1.4914238,1.4854319,1.4793326,1.4737821,1.4681543,1.463033,1.4559947,1.4514658,1.4453076,1.4390802,1.4343654,1.4305279,1.4260209,1.4214568,1.4145607,1.409149,1.4037321,1.3985894,1.3934842,1.3885794,1.3845015,1.3790052,1.372951,1.3687123,1.3643322,1.3586559,1.3536146
47_real,-0.5574374,,,,,,,,,,,,,,,,,,,,,,,,-0.6391601,,,,,,,,,,,,,,,,,,,,,,,,-0.9340379,,,,,,,,,,,,,,,,,,,,,
47_gen,-0.5574374,-0.56677437,-0.5733198,-0.57797587,-0.583367,-0.58901584,-0.594139,-0.59907836,-0.6041992,-0.6106018,-0.61477363,-0.6195182,-0.6248385,-0.6305667,-0.63467795,-0.6398679,-0.64319193,-0.6486528,-0.6526585,-0.6565292,-0.660149,-0.6645907,-0.669096,-0.6734022,-0.6793027,-0.68338245,-0.6867386,-0.691215,-0.6981177,-0.70055187,-0.70515126,-0.7084502,-0.71204275,-0.71732676,-0.72054785,-0.7258064,-0.73143405,-0.73435843,-0.7388426,-0.7438971,-0.7479332,-0.75273204,-0.7559018,-0.7594886,-0.76408714,-0.76785463,-0.77272445,-0.7760963,-0.7797662,-0.78242576,-0.78395075,-0.7895579,-0.793224,-0.7974919,-0.80130684,-0.8056841,-0.8107707,-0.8153744,-0.8210494,-0.82249725,-0.82781714,-0.83121586,-0.8365544,-0.8409969,-0.8452946,-0.8501115,-0.85495824,-0.85925734,-0.8652388,-0.86932755
48_real,0.69047445,,,,,,,,,,,,,,,,,,,,,,,,0.57076275,,,,,,,,,,,,,,,,,,,,,,,,0.5074833,,,,,,,,,,,,,,,,,,,,,
48_gen,0.69047445,0.68276846,0.6747983,0.6689251,0.66364056,0.6596557,0.6545164,0.6515836,0.6464261,0.64084405,0.63359463,0.62793154,0.62190896,0.61728394,0.6121367,0.60730034,0.60171604,0.5984126,0.5949825,0.59028065,0.5859531,0.5812131,0.57555014,0.57013613,0.5684152,0.56495225,0.56231624,0.5569417,0.5537024,0.549227,0.5432849,0.5387557,0.535263,0.5283184,0.52307755,0.51747817,0.51412773,0.50980085,0.50710094,0.5017314,0.4976418,0.49317962,0.48849934,0.4864315,0.4820075,0.47540727,0.46878448,0.46431255,0.46009701,0.45730963,0.45431837,0.44980067,0.4451316,0.44210353,0.43675232,0.43114933,0.4269169,0.4248981,0.42314538,0.41938305,0.41377854,0.4081069,0.40139142,0.39872438,0.3933254,0.38911036,0.38379362,0.37684032,0.37201005,0.36693415
49_real,0.067953125,,,,,,,,,,,,,,,,,,,,,,,,-0.09261543,,,,,,,,,,,,,,,,,,,,,,,,-0.3025894,,,,,,,,,,,,,,,,,,,,,
49_gen,0.06795312,0.057092708,0.046141982,0.036435746,0.027034715,0.016456822,0.007433553,-0.0054072416,-0.015778085,-0.02596647,-0.033841398,-0.040716827,-0.049087252,-0.05467683,-0.06334682,-0.07296234,-0.076980546,-0.08736382,-0.09348783,-0.10301707,-0.11201109,-0.11891786,-0.12688267,-0.13596007,-0.14602327,-0.15578713,-0.16361189,-0.17247352,-0.18392453,-0.19032052,-0.19662169,-0.20472834,-0.21398237,-0.22037485,-0.22536425,-0.23347059,-0.24330339,-0.2533575,-0.26208758,-0.26944965,-0.27687633,-0.28029832,-0.29202998,-0.29719752,-0.30513594,-0.31087306,-0.32051563,-0.3295143,-0.33953553,-0.34847242,-0.3580538,-0.36623102,-0.37624502,-0.38577822,-0.39349586,-0.4028243,-0.41441852,-0.42309242,-0.43236214,-0.4402029,-0.45070678,-0.46090135,-0.4710908,-0.47812343,-0.48952422,-0.49569482,-0.5061079,-0.5167011,-0.52299416,-0.53417015
50_real,0.102700174,,,,,,,,,,,,,,,,,,,,,,,,-0.081158705,,,,,,,,,,,,,,,,,,,,,,,,-0.26291898,,,,,,,,,,,,,,,,,,,,,
50_gen,0.102700174,0.084358394,0.0748708,0.062629506,0.048809137,0.037384458,0.031040931,0.024098212,0.014802299,0.0054253014,-0.0011266578,-0.0077474066,-0.0134881465,-0.019711997,-0.031164164,-0.041670322,-0.046974953,-0.054730456,-0.06377013,-0.06688566,-0.072940916,-0.08041175,-0.09019397,-0.09722722,-0.10679074,-0.11607387,-0.12556878,-0.13459948,-0.14046144,-0.15128449,-0.15891266,-0.16091177,-0.1676598,-0.17397748,-0.18087754,-0.18639854,-0.19030766,-0.20031455,-0.20813107,-0.21522024,-0.22178504,-0.23134676,-0.24061723,-0.25031048,-0.25772128,-0.26660445,-0.27371153,-0.2811494,-0.28836852,-0.29660282,-0.30600291,-0.31364316,-0.324909,-0.33376855,-0.34245712,-0.349909,-0.3576483,-0.36566943,-0.37104064,-0.37847617,-0.38519976,-0.3962981,-0.404178,-0.41258588,-0.42067423,-0.42815787,-0.43685922,-0.44669905,-0.45600852,-0.46538204
51_real,0.17034301,,,,,,,,,,,,,,,,,,,,,,,,0.18931401,,,,,,,,,,,,,,,,,,,,,,,,0.013360264,,,,,,,,,,,,,,,,,,,,,
51_gen,0.17034303,0.1634508,0.15466464,0.14882456,0.14172211,0.13154028,0.12395237,0.1196143,0.11177039,0.104588546,0.100055754,0.095512174,0.090984985,0.08459944,0.074909635,0.07219386,0.06739814,0.06399877,0.057362966,0.051282357,0.04463127,0.044060905,0.037323505,0.031037876,0.027800376,0.024154553,0.020511562,0.014043356,0.008827071,0.0026621907,-0.0026734225,-0.007895814,-0.016801057,-0.025397236,-0.029498775,-0.03457477,-0.0431265,-0.048284296,-0.052821986,-0.06146248,-0.066720024,-0.06926765,-0.07102134,-0.07171098,-0.07471824,-0.07865299,-0.08313643,-0.09074809,-0.09494505,-0.09846352,-0.10763387,-0.1138281,-0.12187536,-0.12689146,-0.13119891,-0.13893919,-0.14660445,-0.15139015,-0.15534492,-0.16327766,-0.1693787,-0.174255,-0.17524871,-0.18441398,-0.19115666,-0.194076,-0.20227039,-0.20524558,-0.21311176,-0.21783404
52_real,0.56879294,,,,,,,,,,,,,,,,,,,,,,,,0.47179696,,,,,,,,,,,,,,,,,,,,,,,,0.22721043,,,,,,,,,,,,,,,,,,,,,
52_gen,0.5687929,0.5654634,0.55909175,0.54981947,0.54541194,0.5414042,0.5354765,0.52929837,0.52639115,0.5231922,0.51650155,0.51116335,0.503551,0.4974154,0.49276662,0.48822504,0.48367,0.47682652,0.47352552,0.46750402,0.46331277,0.45865625,0.45286846,0.44687015,0.44172797,0.4385274,0.43226585,0.4308105,0.42791352,0.42049336,0.41269565,0.41005164,0.40680304,0.40317497,0.39926785,0.39221737,0.38815004,0.381389,0.38032848,0.37336564,0.370259,0.36387414,0.36046258,0.35776246,0.35388356,0.3500581,0.3470326,0.34361,0.33727807,0.3333488,0.327564,0.3225802,0.31965753,0.31646135,0.3087831,0.30465335,0.29983142,0.29541928,0.2909643,0.28638858,0.2811568,0.27759215,0.27240393,0.26893845,0.26477283,0.2611005,0.2565024,0.25075313,0.25006443,0.24554388
53_real,-0.97850364,,,,,,,,,,,,,,,,,,,,,,,,-0.93139684,,,,,,,,,,,,,,,,,,,,,,,,-1.0448668,,,,,,,,,,,,,,,,,,,,,
53_gen,-0.9785036,-0.99052083,-1.0024581,-1.0140668,-1.0181987,-1.0318757,-1.0382247,-1.0437586,-1.0523621,-1.0584055,-1.0688717,-1.0745496,-1.0854294,-1.0950339,-1.1035058,-1.1112854,-1.1189531,-1.1258079,-1.1374793,-1.1456372,-1.15467,-1.1656301,-1.1716549,-1.1762533,-1.1872114,-1.1956365,-1.206725,-1.2151022,-1.2253455,-1.2337546,-1.2431538,-1.2527797,-1.2583833,-1.2579732,-1.2683805,-1.278088,-1.2875332,-1.2929698,-1.3015723,-1.3057475,-1.311169,-1.3216875,-1.3304781,-1.3371161,-1.3500876,-1.3646991,-1.372565,-1.3823327,-1.3893974,-1.3945129,-1.4005269,-1.4057453,-1.4127626,-1.4234717,-1.4321947,-1.4395492,-1.448925,-1.4563081,-1.4616117,-1.4666727,-1.4774427,-1.4872291,-1.4938684,-1.5006609,-1.5103588,-1.5161384,-1.5240705,-1.5360355,-1.5394943,-1.5478195
54_real,0.0022293904,,,,,,,,,,,,,,,,,,,,,,,,-0.08527808,,,,,,,,,,,,,,,,,,,,,,,,-0.10160874,,,,,,,,,,,,,,,,,,,,,
54_gen,0.0022293904,-0.016316608,-0.026216244,-0.03201462,-0.040359147,-0.05537138,-0.061648052,-0.0686647,-0.075253084,-0.082745805,-0.089562066,-0.09856962,-0.10290468,-0.11007583,-0.117883004,-0.12732805,-0.13014068,-0.13932757,-0.15337282,-0.16384229,-0.16984096,-0.17846629,-0.18576595,-0.19088122,-0.19467333,-0.19911909,-0.20344767,-0.2130009,-0.22613716,-0.22857861,-0.23833254,-0.24814725,-0.25518328,-0.2641865,-0.27424592,-0.28064376,-0.28617567,-0.29218674,-0.2966575,-0.29785913,-0.30516255,-0.3183535,-0.3282284,-0.33347532,-0.34145686,-0.34711036,-0.3563409,-0.3693248,-0.3758807,-0.38708764,-0.3989801,-0.406372,-0.41159678,-0.42183346,-0.43147117,-0.44065276,-0.45454493,-0.4613741,-0.47140947,-0.47862038,-0.49138746,-0.49727637,-0.50563824,-0.5153717,-0.5189587,-0.5244723,-0.53661937,-0.5466777,-0.55535567,-0.5673882
55_real,1.0853089,,,,,,,,,,,,,,,,,,,,,,,,0.7417899,,,,,,,,,,,,,,,,,,,,,,,,0.41940817,,,,,,,,,,,,,,,,,,,,,
55_gen,1.0853089,1.0803397,1.0737469,1.0698323,1.0656368,1.062229,1.0585564,1.0548083,1.0501912,1.0457938,1.0412308,1.0357993,1.0292696,1.0255082,1.0202814,1.0163422,1.0116802,1.0100548,1.0048034,1.0015575,0.99594724,0.9927456,0.9884613,0.9846219,0.9820918,0.97907734,0.97796935,0.9719321,0.9666255,0.96249217,0.95733947,0.9519447,0.9488317,0.94337,0.93915874,0.9348955,0.93266886,0.92889106,0.9275316,0.92321265,0.9216701,0.91822606,0.91541517,0.9099697,0.9059846,0.9037901,0.89799947,0.8944904,0.89003533,0.8836948,0.8798,0.8767911,0.8713848,0.86770487,0.8640496,0.86065686,0.85595924,0.85448295,0.8511475,0.84793746,0.84385145,0.83917725,0.8358885,0.83240795,0.8288514,0.82394946,0.82095224,0.81713784,0.8128791,0.8084216
56_real,0.15109003,,,,,,,,,,,,,,,,,,,,,,,,-0.0054968707,,,,,,,,,,,,,,,,,,,,,,,,-0.07186136,,,,,,,,,,,,,,,,,,,,,
56_gen,0.15109003,0.14636442,0.14396259,0.14056745,0.13902152,0.13454929,0.12991747,0.12607315,0.122988,0.12238465,0.11927365,0.11336859,0.111329116,0.10791024,0.10307093,0.099381715,0.09406725,0.09088725,0.0878333,0.08739476,0.08259057,0.07977204,0.07920711,0.07688003,0.07529347,0.07217786,0.07006645,0.06652995,0.06382317,0.060473453,0.05704785,0.05292651,0.05066637,0.048629474,0.04556583,0.043114472,0.038107283,0.035592742,0.034661468,0.031687647,0.028367499,0.023803903,0.020168219,0.018923696,0.016856333,0.013820628,0.012811768,0.010387053,0.008334663,0.0051059136,0.0014664016,-0.0028243796,-0.0049482,-0.008570893,-0.011677316,-0.013908285,-0.018598093,-0.020430123,-0.024206541,-0.02494895,-0.02677818,-0.028620135,-0.031355493,-0.03176076,-0.03436298,-0.03578999,-0.036784194,-0.038703606,-0.041787483,-0.042725272
57_real,-1.1782008,,,,,,,,,,,,,,,,,,,,,,,,-1.4079195,,,,,,,,,,,,,,,,,,,,,,,,-1.575723,,,,,,,,,,,,,,,,,,,,,
57_gen,-1.1782008,-1.1850646,-1.1972951,-1.2073028,-1.2144463,-1.2219833,-1.2299975,-1.2385752,-1.2494401,-1.2573106,-1.2635574,-1.2729638,-1.2840679,-1.2914473,-1.3015617,-1.3132008,-1.3212035,-1.3335068,-1.3433105,-1.3498658,-1.3580284,-1.3671014,-1.3737785,-1.3820834,-1.3916833,-1.399186,-1.406184,-1.4152367,-1.4248388,-1.4340851,-1.4416616,-1.447944,-1.4562094,-1.4649608,-1.4731711,-1.4830056,-1.4925545,-1.4968952,-1.5065475,-1.5110513,-1.5197943,-1.5305558,-1.5400981,-1.5455633,-1.5543823,-1.5628326,-1.5729226,-1.5795882,-1.5860173,-1.5945612,-1.6021738,-1.6114441,-1.6185795,-1.6274506,-1.6370156,-1.6432632,-1.6529099,-1.6567389,-1.6670061,-1.676214,-1.6892288,-1.6996775,-1.7068084,-1.714426,-1.7243258,-1.7319971,-1.7379906,-1.7467664,-1.7555637,-1.7614666
58_real,0.5381139,,,,,,,,,,,,,,,,,,,,,,,,0.4041723,,,,,,,,,,,,,,,,,,,,,,,,0.3912746,,,,,,,,,,,,,,,,,,,,,
58_gen,0.53811395,0.52818197,0.51736677,0.51216036,0.50093436,0.4904782,0.48085633,0.47206354,0.4644002,0.45593277,0.44622144,0.43619055,0.42740685,0.41333693,0.40576133,0.3973268,0.3916853,0.38747194,0.37890995,0.3714326,0.36196107,0.35475686,0.35033506,0.34213185,0.33341366,0.32631525,0.32037878,0.3165724,0.30780002,0.2998529,0.29249445,0.28397983,0.27740154,0.26843125,0.26324362,0.26006576,0.25014567,0.23753123,0.2305013,0.22173035,0.21838483,0.21000274,0.20370074,0.19479321,0.18380705,0.17784531,0.17131692,0.16485688,0.15504786,0.1482553,0.13842899,0.13277541,0.12222489,0.11538096,0.10816656,0.096591,0.08494044,0.07440405,0.06366503,0.051775724,0.03892052,0.03058255,0.021998622,0.0135288555,0.006385407,-0.0019529145,-0.009271735,-0.021682609,-0.027777767,-0.034799386
59_real,-0.86698335,,,,,,,,,,,,,,,,,,,,,,,,-0.9057775,,,,,,,,,,,,,,,,,,,,,,,,-0.997716,,,,,,,,,,,,,,,,,,,,,
59_gen,-0.8669833,-0.869761,-0.87604,-0.87949646,-0.8835909,-0.8871685,-0.89146376,-0.8955166,-0.8971006,-0.89803183,-0.901089,-0.907794,-0.9130901,-0.91424036,-0.91934043,-0.92240506,-0.9276112,-0.93050975,-0.9363121,-0.94081867,-0.942825,-0.9449913,-0.94806564,-0.95088595,-0.95141697,-0.9552091,-0.9559501,-0.96143544,-0.9628414,-0.96878415,-0.9705962,-0.9782332,-0.98058635,-0.98680747,-0.9885024,-0.99128646,-0.9938162,-0.9987051,-0.99956274,-1.0041946,-1.0054288,-1.0102451,-1.0144943,-1.0181463,-1.0224411,-1.028746,-1.0332547,-1.0389795,-1.0414152,-1.0448864,-1.0483577,-1.0506126,-1.056104,-1.0595055,-1.0621479,-1.0662582,-1.0720667,-1.0755953,-1.0787448,-1.0809122,-1.0867947,-1.090307,-1.0944871,-1.0966647,-1.1002872,-1.1067501,-1.1121266,-1.1158255,-1.1217221,-1.1270063
60_real,-1.0853363,,,,,,,,,,,,,,,,,,,,,,,,-1.112043,,,,,,,,,,,,,,,,,,,,,,,,-1.1897091,,,,,,,,,,,,,,,,,,,,,
60_gen,-1.0853364,-1.0854672,-1.0870144,-1.0890449,-1.092541,-1.0932533,-1.0936365,-1.0939658,-1.0959584,-1.0981448,-1.1005273,-1.1035683,-1.1061469,-1.1083791,-1.1111468,-1.1123391,-1.1133138,-1.1177009,-1.1211851,-1.1227496,-1.1250647,-1.1292146,-1.1335994,-1.135128,-1.1376979,-1.1400524,-1.1438402,-1.1485401,-1.1497219,-1.1542642,-1.157316,-1.1593256,-1.1600723,-1.163364,-1.167422,-1.1714932,-1.1759813,-1.18029,-1.1830602,-1.1850439,-1.1871397,-1.192256,-1.1949747,-1.1964524,-1.1996272,-1.2008102,-1.2060935,-1.2080996,-1.2103374,-1.2131284,-1.2179115,-1.2233803,-1.2283626,-1.2316917,-1.233934,-1.237481,-1.2413099,-1.2429684,-1.2473571,-1.2526748,-1.2584774,-1.2595078,-1.2611092,-1.2648592,-1.2684076,-1.2726748,-1.2746371,-1.2775055,-1.2822605,-1.2838218
61_real,0.7688512,,,,,,,,,,,,,,,,,,,,,,,,0.6770891,,,,,,,,,,,,,,,,,,,,,,,,0.5666602,,,,,,,,,,,,,,,,,,,,,
61_gen,0.7688512,0.7580752,0.749035,0.7428534,0.7362333,0.7289628,0.7209631,0.71480536,0.7106507,0.705785,0.70174646,0.6954312,0.68607205,0.67867035,0.67429286,0.66446435,0.6592413,0.6530278,0.64561033,0.6395914,0.62979084,0.61806554,0.6119517,0.60371876,0.5945465,0.58735764,0.57811266,0.5734255,0.5687812,0.56017995,0.5489012,0.53799236,0.53239316,0.5283875,0.5226044,0.51575696,0.50559527,0.49741045,0.4866337,0.48205313,0.47225556,0.46180606,0.45207915,0.44333085,0.43861356,0.42632264,0.4191312,0.41242057,0.40741768,0.39843643,0.39038026,0.38354987,0.3717668,0.35810918,0.35121313,0.3440414,0.3367251,0.32575437,0.31758928,0.30839247,0.3004408,0.2912736,0.2788499,0.27063778,0.2620129,0.251739,0.241377,0.2341154,0.22304225,0.21300416
62_real,1.6891773,,,,,,,,,,,,,,,,,,,,,,,,1.575212,,,,,,,,,,,,,,,,,,,,,,,,1.3529046,,,,,,,,,,,,,,,,,,,,,
62_gen,1.6891773,1.6794195,1.6710516,1.661732,1.6525686,1.6402948,1.6299032,1.6218185,1.6150404,1.6086887,1.5999749,1.5908364,1.581624,1.5739286,1.5687587,1.5587434,1.5517186,1.5424173,1.53446,1.5261031,1.5188679,1.5126303,1.5076327,1.5044817,1.4937046,1.4817357,1.4738581,1.4670551,1.4611502,1.4532988,1.4448978,1.4349105,1.4240868,1.417886,1.4086881,1.403494,1.397229,1.3906423,1.3811501,1.372962,1.3609822,1.3522565,1.3486297,1.3397605,1.3322326,1.3220961,1.3150812,1.3075289,1.2972594,1.2870562,1.2807319,1.2738053,1.2650162,1.2537558,1.2462043,1.2352359,1.2331978,1.2214344,1.2128828,1.2046511,1.197517,1.1839023,1.171593,1.1657261,1.1544652,1.1471875,1.1374826,1.1253215,1.1154596,1.1055924
63_real,-0.4382191,,,,,,,,,,,,,,,,,,,,,,,,-0.41327232,,,,,,,,,,,,,,,,,,,,,,,,-0.52713996,,,,,,,,,,,,,,,,,,,,,
63_gen,-0.43821913,-0.45172486,-0.46078926,-0.46938992,-0.47723633,-0.48831287,-0.49911308,-0.5075376,-0.51914316,-0.52503514,-0.5336946,-0.5435483,-0.5506755,-0.5572359,-0.5675498,-0.5767919,-0.5830785,-0.59036285,-0.59916395,-0.6086094,-0.6134161,-0.62183297,-0.63399607,-0.6421851,-0.64845383,-0.6539566,-0.66262084,-0.67204833,-0.6774479,-0.6860112,-0.6933437,-0.70364165,-0.7106964,-0.71295464,-0.71814275,-0.727517,-0.738876,-0.74782485,-0.752734,-0.7592988,-0.76662445,-0.77313584,-0.7793385,-0.78739804,-0.7962655,-0.80401087,-0.81491566,-0.82448214,-0.8326112,-0.8422764,-0.85189563,-0.8621229,-0.86965525,-0.8777083,-0.88582677,-0.89615566,-0.9065541,-0.91475695,-0.9214071,-0.9276391,-0.9358369,-0.9469751,-0.9555971,-0.962443,-0.9718119,-0.9821455,-0.9896008,-0.9992248,-1.0068581,-1.0166886
64_real,-0.086461134,,,,,,,,,,,,,,,,,,,,,,,,-0.28134066,,,,,,,,,,,,,,,,,,,,,,,,-0.3293103,,,,,,,,,,,,,,,,,,,,,
64_gen,-0.086461134,-0.10157975,-0.11397584,-0.124511205,-0.13594362,-0.14540124,-0.15560709,-0.1649349,-0.17605484,-0.18502067,-0.19367345,-0.20161226,-0.21020131,-0.21545875,-0.22414856,-0.23204127,-0.24327993,-0.2522826,-0.26111275,-0.26877874,-0.27854973,-0.28757676,-0.2988308,-0.30585453,-0.3137001,-0.31836835,-0.32820114,-0.3373607,-0.34896415,-0.3558569,-0.3657744,-0.37394428,-0.38295385,-0.39075592,-0.39948785,-0.4099587,-0.4201606,-0.42898536,-0.43693566,-0.44742027,-0.4573533,-0.46501637,-0.47445345,-0.4812654,-0.49061483,-0.4993685,-0.5082839,-0.52043337,-0.52881205,-0.53750616,-0.5457018,-0.5546168,-0.56390125,-0.5732442,-0.58136475,-0.5840049,-0.5916216,-0.59844184,-0.6067815,-0.6152145,-0.6242867,-0.6334174,-0.64576995,-0.6535902,-0.6614129,-0.67079794,-0.68051034,-0.69121563,-0.7015046,-0.7088343
65_real,0.22902362,,,,,,,,,,,,,,,,,,,,,,,,0.121084556,,,,,,,,,,,,,,,,,,,,,,,,0.061218105,,,,,,,,,,,,,,,,,,,,,
65_gen,0.22902362,0.21748409,0.20573287,0.19466908,0.18647273,0.17618409,0.16735336,0.16110331,0.15185031,0.14295696,0.13271731,0.12310113,0.11548267,0.10734671,0.099793926,0.09222904,0.085991345,0.07815221,0.070716396,0.06547326,0.05907922,0.049001843,0.03904633,0.030515801,0.024628738,0.01654557,0.010224516,0.0029681507,-0.003753718,-0.010064234,-0.018165696,-0.02382367,-0.033428244,-0.038806155,-0.042665012,-0.05396338,-0.06224086,-0.06899919,-0.074820474,-0.08233326,-0.08816193,-0.0928603,-0.09945529,-0.10624559,-0.11448467,-0.12211467,-0.124019206,-0.13019736,-0.13591586,-0.1434125,-0.15016249,-0.15261039,-0.16100144,-0.16972819,-0.1761444,-0.1825787,-0.19072105,-0.19836825,-0.2061383,-0.21418937,-0.22627144,-0.2363672,-0.24297988,-0.2515189,-0.25663877,-0.26207873,-0.26917136,-0.27824318,-0.28729102,-0.29535505
66_real,-0.22021802,,,,,,,,,,,,,,,,,,,,,,,,-0.34466052,,,,,,,,,,,,,,,,,,,,,,,,-0.8379938,,,,,,,,,,,,,,,,,,,,,
66_gen,-0.22021803,-0.23211709,-0.23731044,-0.24657896,-0.25713402,-0.26696205,-0.27410403,-0.28325638,-0.287894,-0.3006159,-0.3080711,-0.31652373,-0.32221293,-0.33005124,-0.33528292,-0.3428743,-0.3506852,-0.35858744,-0.36651072,-0.37219873,-0.3779922,-0.3831366,-0.3900167,-0.39496735,-0.40225762,-0.41056928,-0.41642183,-0.4234128,-0.4313063,-0.4382302,-0.44471937,-0.45283598,-0.45756847,-0.4636138,-0.4714156,-0.47404942,-0.47784168,-0.48568147,-0.4875473,-0.49265295,-0.49939594,-0.5075924,-0.5115176,-0.5157254,-0.5231684,-0.5318222,-0.5383393,-0.5468626,-0.5536172,-0.5596658,-0.56622356,-0.5702,-0.57671535,-0.58208877,-0.58984077,-0.59984607,-0.60807717,-0.6159328,-0.62505245,-0.63254005,-0.64036083,-0.645564,-0.6527136,-0.6591679,-0.6658505,-0.67088723,-0.6771382,-0.6817108,-0.6923356,-0.69605833
67_real,-0.12170505,,,,,,,,,,,,,,,,,,,,,,,,-0.21807298,,,,,,,,,,,,,,,,,,,,,,,,-0.45348635,,,,,,,,,,,,,,,,,,,,,
67_gen,-0.12170504,-0.12943342,-0.1351501,-0.14020157,-0.14921284,-0.1538831,-0.15914702,-0.16410425,-0.1707677,-0.17875086,-0.18418069,-0.1918247,-0.19884726,-0.2056655,-0.21030769,-0.2167887,-0.22014484,-0.22435412,-0.2325948,-0.2401284,-0.24675083,-0.25333592,-0.2587543,-0.26442525,-0.27163202,-0.28039417,-0.2884406,-0.29290503,-0.29721266,-0.30501467,-0.311359,-0.31666788,-0.32293078,-0.32664922,-0.33268684,-0.34087747,-0.34910193,-0.3523879,-0.36124033,-0.3673092,-0.37474504,-0.3809639,-0.3885352,-0.3974807,-0.4033727,-0.40923366,-0.4156162,-0.424805,-0.43188676,-0.43714523,-0.4441549,-0.4525931,-0.4598906,-0.46122807,-0.46898133,-0.47635713,-0.48282948,-0.4895293,-0.49403924,-0.50065535,-0.50810975,-0.5154271,-0.52186036,-0.5258899,-0.53424436,-0.5385829,-0.54731995,-0.55604374,-0.5639669,-0.57017606
68_real,-0.89489233,,,,,,,,,,,,,,,,,,,,,,,,-1.2514911,,,,,,,,,,,,,,,,,,,,,,,,-1.3851689,,,,,,,,,,,,,,,,,,,,,
68_gen,-0.89489233,-0.90328085,-0.91165113,-0.91894805,-0.92623794,-0.93306524,-0.9379994,-0.9450447,-0.9500912,-0.955962,-0.96529925,-0.9722904,-0.9785718,-0.9850706,-0.9953455,-1.0015495,-1.005148,-1.0109825,-1.0149441,-1.0217133,-1.0264382,-1.0380648,-1.0459795,-1.0520675,-1.0598655,-1.0652235,-1.06657,-1.0718205,-1.0770065,-1.0812379,-1.0842506,-1.089064,-1.0966266,-1.1019003,-1.110889,-1.117535,-1.1246699,-1.1297772,-1.1370387,-1.1426847,-1.1536143,-1.1641486,-1.1685665,-1.1756223,-1.182778,-1.1893644,-1.1941042,-1.2014956,-1.2065551,-1.2095137,-1.2141068,-1.2184737,-1.2224662,-1.2317945,-1.2414887,-1.247476,-1.253526,-1.2569611,-1.2640902,-1.2751247,-1.2827404,-1.2878458,-1.2934257,-1.3027216,-1.3098943,-1.3169677,-1.325835,-1.3307537,-1.3398914,-1.347833
69_real,0.0154297,,,,,,,,,,,,,,,,,,,,,,,,0.042231955,,,,,,,,,,,,,,,,,,,,,,,,-0.2146184,,,,,,,,,,,,,,,,,,,,,
69_gen,0.0154297,0.006806983,0.0030852691,-0.004211334,-0.011350108,-0.015880672,-0.022298612,-0.026810508,-0.033295028,-0.03826975,-0.04817864,-0.05472353,-0.06116564,-0.06815665,-0.07521193,-0.07638726,-0.08197969,-0.08967533,-0.098087594,-0.10446943,-0.10895773,-0.11595394,-0.120098494,-0.12655874,-0.13085902,-0.13811399,-0.14501837,-0.15024203,-0.15669134,-0.1619183,-0.16403732,-0.16687956,-0.16939779,-0.17500326,-0.18085356,-0.18679205,-0.19427954,-0.19960274,-0.20456871,-0.212975,-0.22044106,-0.22788759,-0.23350449,-0.24296734,-0.2500671,-0.2577604,-0.2607342,-0.26704726,-0.27412343,-0.28073686,-0.28603315,-0.290155,-0.29540592,-0.30190498,-0.30625716,-0.3092715,-0.31588855,-0.32327384,-0.332034,-0.3347327,-0.34006846,-0.34534416,-0.35048798,-0.35992286,-0.36714342,-0.37566525,-0.37935728,-0.3882438,-0.39189634,-0.39859426
70_real,-0.16686198,,,,,,,,,,,,,,,,,,,,,,,,-0.09304116,,,,,,,,,,,,,,,,,,,,,,,,-0.30857444,,,,,,,,,,,,,,,,,,,,,
70_gen,-0.166862,-0.18147698,-0.18967062,-0.1943596,-0.20055851,-0.20690672,-0.21374607,-0.21947172,-0.22563472,-0.23199232,-0.23766164,-0.24351332,-0.24916312,-0.25259143,-0.25871423,-0.26370114,-0.27024275,-0.27613693,-0.27691525,-0.27967277,-0.28608316,-0.29318166,-0.29441708,-0.30297726,-0.3051003,-0.30984634,-0.31709972,-0.32011676,-0.32328093,-0.33058843,-0.33587688,-0.33952567,-0.34312677,-0.35089585,-0.3563447,-0.36209464,-0.36594075,-0.37045962,-0.37309185,-0.37771612,-0.37907064,-0.38268816,-0.38537198,-0.39282474,-0.39924434,-0.4044407,-0.4069158,-0.41082993,-0.41710037,-0.41809422,-0.42374557,-0.43024158,-0.43313676,-0.44109574,-0.44657874,-0.45023346,-0.45916277,-0.46060008,-0.46380758,-0.468295,-0.47270593,-0.47743767,-0.48315343,-0.48585683,-0.49097386,-0.50136864,-0.5058471,-0.5110305,-0.52000654,-0.5220693
71_real,-0.10689993,,,,,,,,,,,,,,,,,,,,,,,,-0.21963523,,,,,,,,,,,,,,,,,,,,,,,,-0.27157643,,,,,,,,,,,,,,,,,,,,,
71_gen,-0.10689993,-0.11070397,-0.110306844,-0.108501956,-0.10930307,-0.11041645,-0.11192677,-0.11599974,-0.11633746,-0.11674565,-0.11404339,-0.117543496,-0.12055665,-0.122755505,-0.1241432,-0.1282698,-0.13122681,-0.13447905,-0.13825256,-0.13578759,-0.13931164,-0.14044186,-0.14302993,-0.1486484,-0.15223497,-0.15306757,-0.15523711,-0.15576331,-0.15875494,-0.16233425,-0.17127828,-0.172467,-0.17477709,-0.17563143,-0.17848884,-0.18314528,-0.18116358,-0.18606865,-0.18816099,-0.19069213,-0.19269548,-0.19813763,-0.20046815,-0.200418,-0.20113358,-0.20425352,-0.20561445,-0.20676617,-0.21139619,-0.21896958,-0.2217509,-0.22150962,-0.22013113,-0.21897182,-0.2184786,-0.22127657,-0.22147807,-0.22587876,-0.22611718,-0.22917923,-0.22914782,-0.23095253,-0.23539583,-0.2365294,-0.23682614,-0.24349992,-0.24641256,-0.24627765,-0.2542056,-0.2581469
72_real,0.58548796,,,,,,,,,,,,,,,,,,,,,,,,0.5708599,,,,,,,,,,,,,,,,,,,,,,,,0.5563631,,,,,,,,,,,,,,,,,,,,,
72_gen,0.5854879,0.5795354,0.56848466,0.56191814,0.5575155,0.55287623,0.5497962,0.5424061,0.5406184,0.53681266,0.5290826,0.5228456,0.5181488,0.5183729,0.5136103,0.51197046,0.50275207,0.4988672,0.49661055,0.49155235,0.48512244,0.47669154,0.4718296,0.46884385,0.4666283,0.46313357,0.45742851,0.4504797,0.4458665,0.43950868,0.43570834,0.43129992,0.42563367,0.42204657,0.41811123,0.41365558,0.4085895,0.40281993,0.4028871,0.39700875,0.39270186,0.38538057,0.38277107,0.37885553,0.3703962,0.3627321,0.36028546,0.35460764,0.35220352,0.3434523,0.33912298,0.3289473,0.32598487,0.3188148,0.3140658,0.31307167,0.3056667,0.30103797,0.29803652,0.2915325,0.28255612,0.27743357,0.27130353,0.26544574,0.26126224,0.25789413,0.24766915,0.24286738,0.23779085,0.23101445
73_real,-0.14336355,,,,,,,,,,,,,,,,,,,,,,,,-0.22485532,,,,,,,,,,,,,,,,,,,,,,,,-0.56580955,,,,,,,,,,,,,,,,,,,,,
73_gen,-0.14336357,-0.14345732,-0.14666893,-0.15649004,-0.16723509,-0.17779276,-0.18300891,-0.18874085,-0.19654392,-0.20006843,-0.2039495,-0.211111,-0.2230087,-0.22876215,-0.24028733,-0.245448,-0.25420147,-0.2629755,-0.26677924,-0.2745949,-0.28259626,-0.2921923,-0.30034646,-0.30328807,-0.3117401,-0.32204014,-0.3317685,-0.333754,-0.34269965,-0.3497216,-0.35399947,-0.36028296,-0.36625427,-0.37464333,-0.3837429,-0.38854614,-0.39170155,-0.40467334,-0.41638225,-0.42410764,-0.43152937,-0.43587798,-0.43940526,-0.44878292,-0.45543957,-0.46005312,-0.46664792,-0.47311908,-0.48174945,-0.48958626,-0.4969057,-0.5017303,-0.50650084,-0.5167844,-0.5257049,-0.53054196,-0.53664076,-0.5438305,-0.55150694,-0.55926573,-0.57169724,-0.5775932,-0.5832979,-0.59504277,-0.601415,-0.61277455,-0.6189059,-0.62878954,-0.63708603,-0.64463186
74_real,0.61058056,,,,,,,,,,,,,,,,,,,,,,,,0.44716275,,,,,,,,,,,,,,,,,,,,,,,,0.30153185,,,,,,,,,,,,,,,,,,,,,
74_gen,0.6105805,0.5971204,0.5826473,0.57729936,0.5716227,0.55829364,0.5491184,0.5398344,0.53232443,0.52745193,0.52108574,0.5188482,0.50708175,0.49581605,0.48436674,0.47779894,0.47067848,0.46163827,0.45449585,0.44778162,0.4420227,0.43650413,0.43142682,0.42447028,0.4203116,0.41272116,0.40423456,0.38809577,0.37659895,0.36746103,0.35805285,0.35501102,0.35258994,0.34232494,0.33667174,0.3278553,0.32131746,0.3175224,0.31015283,0.29982865,0.29725483,0.28797978,0.27842784,0.27516317,0.26943144,0.26446587,0.25450683,0.24551836,0.24013355,0.23178907,0.22003317,0.21308641,0.2077773,0.19391884,0.18594301,0.17756799,0.16764869,0.15767418,0.15278196,0.14861205,0.14029256,0.13222425,0.11880722,0.11175157,0.09980102,0.08760341,0.078021064,0.06517969,0.06055016,0.053794246
75_real,-0.29793477,,,,,,,,,,,,,,,,,,,,,,,,-0.39535463,,,,,,,,,,,,,,,,,,,,,,,,-0.43304434,,,,,,,,,,,,,,,,,,,,,
75_gen,-0.29793477,-0.3047857,-0.30819803,-0.311778,-0.31233707,-0.314885,-0.31721777,-0.31648967,-0.31896168,-0.31961718,-0.32154787,-0.32408175,-0.32328743,-0.3251569,-0.32760102,-0.327899,-0.32923353,-0.333655,-0.33742172,-0.34227267,-0.34632164,-0.34681702,-0.34971327,-0.35167462,-0.3552277,-0.35924116,-0.35957155,-0.3625968,-0.36472386,-0.36846232,-0.3713869,-0.3736597,-0.37402838,-0.3788088,-0.38159657,-0.3812681,-0.38365698,-0.38532823,-0.39002967,-0.39267594,-0.39718604,-0.39773646,-0.40088964,-0.40477714,-0.40786457,-0.41378027,-0.41556635,-0.4178029,-0.42086726,-0.4215781,-0.4245987,-0.42730063,-0.43115348,-0.4346234,-0.43599176,-0.43919215,-0.4428615,-0.4464249,-0.4492867,-0.453911,-0.45736092,-0.46002072,-0.46589932,-0.46735436,-0.47387236,-0.4764852,-0.4779408,-0.47967345,-0.48338825,-0.48534217
76_real,0.94730526,,,,,,,,,,,,,,,,,,,,,,,,0.8536826,,,,,,,,,,,,,,,,,,,,,,,,0.5458001,,,,,,,,,,,,,,,,,,,,,
76_gen,0.9473053,0.9388242,0.9332534,0.92778766,0.9216285,0.918443,0.9145063,0.91075075,0.90303975,0.90194213,0.8974453,0.89384973,0.89120626,0.8864619,0.8821557,0.87949497,0.8769392,0.87117165,0.8662612,0.862741,0.85995597,0.8573052,0.851401,0.84559315,0.839851,0.8358882,0.83351266,0.82941306,0.8229822,0.8216422,0.8189748,0.814421,0.8114538,0.8095459,0.80281365,0.7972947,0.7921974,0.7879399,0.78579164,0.78220886,0.7794302,0.77449125,0.7682608,0.76502436,0.7636279,0.75815934,0.75327027,0.7493944,0.7397013,0.7395706,0.7343106,0.7297573,0.72467273,0.7197274,0.7166749,0.71031636,0.7058,0.70240176,0.6981028,0.6964125,0.6891164,0.68373924,0.67834944,0.67819625,0.674878,0.6706981,0.66357034,0.6556233,0.6506399,0.6485754
77_real,-0.6651778,,,,,,,,,,,,,,,,,,,,,,,,-0.7611246,,,,,,,,,,,,,,,,,,,,,,,,-1.016851,,,,,,,,,,,,,,,,,,,,,
77_gen,-0.6651778,-0.66931885,-0.67557436,-0.6831152,-0.6918156,-0.69859606,-0.70564747,-0.7111106,-0.71396816,-0.7175783,-0.720837,-0.72689867,-0.73331624,-0.7390826,-0.7453123,-0.75348985,-0.7573846,-0.76163054,-0.76739585,-0.7717773,-0.77607733,-0.7865058,-0.79489005,-0.7998532,-0.8051432,-0.80835265,-0.81590194,-0.8209575,-0.8262048,-0.83070403,-0.8370609,-0.8426035,-0.8453657,-0.8544313,-0.8586942,-0.86353236,-0.869479,-0.87258875,-0.87801206,-0.8814839,-0.88920593,-0.8929229,-0.89694345,-0.9034837,-0.90716904,-0.9135295,-0.91768646,-0.9218256,-0.92982733,-0.9338797,-0.93993866,-0.9465621,-0.95204955,-0.9584543,-0.9633487,-0.9683901,-0.9738302,-0.9820782,-0.9854616,-0.9931847,-0.9988953,-1.0036861,-1.0091622,-1.0162636,-1.0239071,-1.0279491,-1.0326862,-1.0376776,-1.0462164,-1.052696
78_real,-1.2555188,,,,,,,,,,,,,,,,,,,,,,,,-1.514367,,,,,,,,,,,,,,,,,,,,,,,,-1.5007185,,,,,,,,,,,,,,,,,,,,,
78_gen,-1.2555188,-1.2621499,-1.2684997,-1.2752515,-1.2816063,-1.2853212,-1.2933537,-1.2982227,-1.2997134,-1.3059874,-1.3111061,-1.3142998,-1.3203709,-1.3219502,-1.3270185,-1.3313849,-1.3345982,-1.3393141,-1.3454888,-1.3487552,-1.3544593,-1.3583982,-1.3598816,-1.3655204,-1.3693553,-1.3720872,-1.3763101,-1.3827248,-1.387224,-1.3920208,-1.3973241,-1.4015529,-1.4063336,-1.4104449,-1.4180872,-1.422594,-1.4264371,-1.4295841,-1.4343038,-1.4384173,-1.4450786,-1.4512722,-1.456434,-1.4611597,-1.4655101,-1.4729841,-1.4780964,-1.4836621,-1.4872458,-1.4916233,-1.4932828,-1.4989562,-1.5058889,-1.5082004,-1.5146011,-1.5184277,-1.5220652,-1.5262786,-1.5325491,-1.5375446,-1.5416359,-1.5457307,-1.5504878,-1.5551207,-1.5598055,-1.5628164,-1.5668983,-1.5732806,-1.58024,-1.5812399
79_real,-0.51612496,,,,,,,,,,,,,,,,,,,,,,,,-0.65537715,,,,,,,,,,,,,,,,,,,,,,,,-0.6713897,,,,,,,,,,,,,,,,,,,,,
79_gen,-0.5161249,-0.52053034,-0.52630746,-0.53062546,-0.53602016,-0.541277,-0.5466033,-0.55150557,-0.5546905,-0.55970377,-0.56478274,-0.56829107,-0.5710918,-0.57531035,-0.5791405,-0.5820507,-0.5857807,-0.5902809,-0.59460914,-0.59736264,-0.6020464,-0.60649574,-0.6105279,-0.6143261,-0.6193069,-0.6258005,-0.6308756,-0.6353265,-0.63925844,-0.64436924,-0.6470514,-0.6513387,-0.65546143,-0.6608403,-0.6662275,-0.6714951,-0.6754688,-0.6795549,-0.6835807,-0.6878187,-0.6922305,-0.6965996,-0.7018813,-0.7071878,-0.7116751,-0.71628606,-0.7201495,-0.724611,-0.7287728,-0.7324477,-0.7373831,-0.74126375,-0.74614376,-0.7506863,-0.7552484,-0.7584009,-0.76294404,-0.7690791,-0.774711,-0.77984565,-0.7842692,-0.78983253,-0.7950375,-0.80053073,-0.80376065,-0.80931646,-0.81412494,-0.8189317,-0.82406616,-0.82928485
80_real,-1.513572,,,,,,,,,,,,,,,,,,,,,,,,-1.312817,,,,,,,,,,,,,,,,,,,,,,,,-1.193376,,,,,,,,,,,,,,,,,,,,,
80_gen,-1.5135719,-1.5195994,-1.5244105,-1.5287164,-1.5329012,-1.5362048,-1.5387094,-1.5422347,-1.5458138,-1.5491817,-1.5532576,-1.5567989,-1.5607524,-1.5630398,-1.566858,-1.5694981,-1.572241,-1.575028,-1.5784088,-1.5814899,-1.5840157,-1.588774,-1.5927004,-1.5964572,-1.5992692,-1.60434,-1.6065257,-1.6108872,-1.6144584,-1.6176739,-1.621384,-1.6244558,-1.6275747,-1.6300379,-1.6333444,-1.6375939,-1.6400646,-1.6442392,-1.6485361,-1.6504914,-1.652537,-1.6568642,-1.658489,-1.6610515,-1.6641877,-1.6664999,-1.6702354,-1.674394,-1.678333,-1.6822367,-1.6863148,-1.687906,-1.6910973,-1.6939223,-1.697818,-1.7008183,-1.7054808,-1.7084372,-1.7124379,-1.7135603,-1.7173312,-1.7206653,-1.7238052,-1.7270858,-1.7316672,-1.7354857,-1.7381271,-1.742404,-1.7448769,-1.7483714
81_real,0.2515628,,,,,,,,,,,,,,,,,,,,,,,,0.12655212,,,,,,,,,,,,,,,,,,,,,,,,0.024741007,,,,,,,,,,,,,,,,,,,,,
81_gen,0.2515628,0.24026033,0.23050895,0.22057967,0.21128252,0.20162794,0.19279853,0.18633941,0.17897733,0.17411038,0.16560575,0.15785947,0.1510798,0.14611937,0.13987532,0.13212435,0.12254623,0.11723949,0.108689606,0.09881395,0.0907963,0.08171729,0.07032748,0.05895873,0.047967,0.03937621,0.03081105,0.021856792,0.013474418,0.005748349,-0.0018044484,-0.008874005,-0.017705213,-0.023085821,-0.030218815,-0.039749257,-0.049754683,-0.060546886,-0.06789589,-0.07637142,-0.08638379,-0.09196681,-0.10036858,-0.109525144,-0.119513944,-0.12899174,-0.13939795,-0.14927323,-0.15740153,-0.16571379,-0.17446029,-0.18251896,-0.1888078,-0.19654237,-0.2044537,-0.2114074,-0.22112136,-0.22916432,-0.2406592,-0.2478375,-0.25501853,-0.26140866,-0.27418888,-0.28656256,-0.2940182,-0.30338347,-0.31232423,-0.3189489,-0.32692242,-0.33537182
82_real,0.42946035,,,,,,,,,,,,,,,,,,,,,,,,0.43095776,,,,,,,,,,,,,,,,,,,,,,,,0.20768261,,,,,,,,,,,,,,,,,,,,,
82_gen,0.42946035,0.4230531,0.41736633,0.41201282,0.40777755,0.40247852,0.39640346,0.39313036,0.38855857,0.3823917,0.378127,0.3744706,0.36899537,0.36548114,0.36075583,0.35637635,0.35422105,0.34856248,0.34442294,0.33959603,0.3373986,0.33187926,0.32838517,0.32203788,0.31769347,0.31158477,0.30907208,0.3046846,0.30288535,0.29635724,0.29034466,0.28653562,0.28253382,0.27917355,0.2768111,0.27389222,0.27001995,0.26626804,0.26130757,0.25565633,0.2509631,0.2448456,0.24050292,0.23558073,0.2290236,0.22470267,0.22097775,0.2153149,0.21123418,0.20719418,0.20162483,0.19656725,0.19063433,0.18523563,0.18042849,0.17449339,0.16916107,0.16275926,0.15954575,0.15404715,0.15087569,0.14860901,0.1449895,0.13986759,0.13448955,0.12875666,0.12392038,0.11957054,0.11380297,0.10914022
83_real,-0.033421446,,,,,,,,,,,,,,,,,,,,,,,,-0.09556394,,,,,,,,,,,,,,,,,,,,,,,,0.035972692,,,,,,,,,,,,,,,,,,,,,
83_gen,-0.03342145,-0.038448445,-0.04491957,-0.052014004,-0.058467634,-0.063486315,-0.07029283,-0.07665817,-0.08236269,-0.08804135,-0.09552382,-0.10182761,-0.105850376,-0.111314535,-0.11927322,-0.12553754,-0.13251534,-0.1384573,-0.14436734,-0.150808,-0.15783928,-0.16312106,-0.17045942,-0.17530945,-0.18112385,-0.18853894,-0.19379778,-0.1984069,-0.20551436,-0.2133415,-0.2223258,-0.22894672,-0.2364209,-0.24135096,-0.2493078,-0.25548413,-0.2622868,-0.26919356,-0.27424332,-0.2787884,-0.28584558,-0.29380733,-0.29834062,-0.30737603,-0.31087282,-0.316382,-0.32288358,-0.3295051,-0.33555293,-0.3415996,-0.34772435,-0.35371578,-0.36147693,-0.36911625,-0.37327912,-0.38077298,-0.385392,-0.3934315,-0.39979798,-0.40667877,-0.41403013,-0.4210995,-0.42726007,-0.43438664,-0.44223952,-0.44909787,-0.4547184,-0.46241412,-0.468154,-0.47644177
84_real,0.7849914,,,,,,,,,,,,,,,,,,,,,,,,0.83439183,,,,,,,,,,,,,,,,,,,,,,,,0.81137854,,,,,,,,,,,,,,,,,,,,,
84_gen,0.7849913,0.7712561,0.7609662,0.75437534,0.7457975,0.73624814,0.72659093,0.71639025,0.7090994,0.70226735,0.6913992,0.6838294,0.6775657,0.6713478,0.6639676,0.656844,0.64813495,0.64079463,0.62967455,0.62368596,0.61847264,0.608479,0.60412633,0.59660363,0.58645236,0.57893294,0.5721127,0.5637201,0.5565907,0.5486537,0.5396076,0.53627795,0.5293838,0.5241629,0.5198448,0.5142564,0.50735694,0.49603105,0.49022445,0.48487806,0.47858277,0.47246534,0.4661371,0.46017474,0.45164067,0.44507933,0.4410289,0.43391293,0.42832226,0.4187572,0.41256538,0.4072013,0.40018183,0.39074615,0.38127822,0.37694627,0.37188238,0.36514524,0.3601175,0.3522971,0.34543166,0.33564177,0.32999513,0.32247633,0.31687385,0.30795616,0.2992785,0.29438695,0.2868309,0.27847916
85_real,-0.4630965,,,,,,,,,,,,,,,,,,,,,,,,-0.40676606,,,,,,,,,,,,,,,,,,,,,,,,-0.55639106,,,,,,,,,,,,,,,,,,,,,
85_gen,-0.46309656,-0.47059402,-0.4769153,-0.48148385,-0.48538536,-0.49213427,-0.49828452,-0.5039651,-0.510435,-0.51830214,-0.5226113,-0.52606416,-0.5320662,-0.5349174,-0.5393239,-0.5421051,-0.5469314,-0.54963744,-0.5534184,-0.55896586,-0.56601465,-0.5696544,-0.57389677,-0.5767473,-0.5797874,-0.5832083,-0.5862204,-0.5909526,-0.59426975,-0.59687626,-0.6005671,-0.60684955,-0.61101335,-0.615864,-0.6196431,-0.6257271,-0.6287907,-0.6356009,-0.63954145,-0.64498436,-0.64796585,-0.6545587,-0.66026056,-0.6638887,-0.66930914,-0.67502344,-0.67879987,-0.6835283,-0.69023454,-0.6949655,-0.70184785,-0.706801,-0.7134987,-0.72078454,-0.72549945,-0.7285217,-0.7343008,-0.73992884,-0.7443446,-0.7493994,-0.755046,-0.7587718,-0.7665528,-0.7733385,-0.77783227,-0.7813417,-0.78579766,-0.7911273,-0.79775363,-0.80128527
86_real,-0.21780631,,,,,,,,,,,,,,,,,,,,,,,,-0.049901776,,,,,,,,,,,,,,,,,,,,,,,,-0.36769623,,,,,,,,,,,,,,,,,,,,,
86_gen,-0.21780631,-0.22842355,-0.23610207,-0.24513431,-0.2517241,-0.25883633,-0.26738948,-0.27315566,-0.28162584,-0.28891444,-0.29744905,-0.3055516,-0.31227228,-0.31623036,-0.32115665,-0.32933015,-0.33629256,-0.34233183,-0.34898552,-0.35597342,-0.36396956,-0.37000358,-0.3761062,-0.38379854,-0.38794687,-0.3958434,-0.40077847,-0.40769115,-0.4115463,-0.41838932,-0.4226306,-0.43052334,-0.43510026,-0.4391361,-0.44628,-0.45288053,-0.45981368,-0.46614265,-0.46992832,-0.47757807,-0.4827466,-0.4893983,-0.49351582,-0.50061285,-0.5049746,-0.5117325,-0.51851165,-0.525507,-0.53007424,-0.5359856,-0.54269457,-0.5538527,-0.55970514,-0.5667271,-0.57083076,-0.5766653,-0.5823189,-0.5905372,-0.5981083,-0.6045093,-0.6099557,-0.6184264,-0.6255761,-0.63333595,-0.64160854,-0.64817023,-0.6547765,-0.66268164,-0.6685096,-0.672894
87_real,0.017691307,,,,,,,,,,,,,,,,,,,,,,,,-0.09766951,,,,,,,,,,,,,,,,,,,,,,,,-0.367395,,,,,,,,,,,,,,,,,,,,,
87_gen,0.017691309,0.0129567385,0.0042970846,-0.002074113,-0.010686565,-0.016393099,-0.021348601,-0.02818301,-0.030848954,-0.037737183,-0.038942724,-0.042903736,-0.047020324,-0.053909145,-0.05943071,-0.06335558,-0.06839766,-0.07206348,-0.073632106,-0.07498531,-0.08074493,-0.0829914,-0.084899254,-0.08717917,-0.09050443,-0.09242344,-0.09682065,-0.100435376,-0.10334035,-0.10820006,-0.11277,-0.116560005,-0.123176955,-0.12970024,-0.1318448,-0.13526353,-0.14198045,-0.14703166,-0.14890125,-0.14900587,-0.15179536,-0.15724584,-0.16245827,-0.16763853,-0.17105493,-0.17484473,-0.17793871,-0.17992064,-0.18553135,-0.19258495,-0.19350763,-0.19744931,-0.2060965,-0.21257314,-0.21653672,-0.22248463,-0.22608432,-0.233355,-0.23864336,-0.24238011,-0.24765423,-0.25455672,-0.25707504,-0.26142088,-0.26307672,-0.26835805,-0.27573895,-0.27941012,-0.28124833,-0.2878796
88_real,0.4271462,,,,,,,,,,,,,,,,,,,,,,,,0.47739974,,,,,,,,,,,,,,,,,,,,,,,,0.3361159,,,,,,,,,,,,,,,,,,,,,
88_gen,0.4271462,0.4187762,0.41202664,0.40819222,0.40534067,0.40340692,0.40005976,0.39805776,0.39163858,0.3843049,0.3830487,0.37905192,0.3768953,0.37396485,0.3765288,0.37233132,0.3619495,0.35891056,0.3587726,0.35587874,0.35428512,0.35225764,0.34695154,0.34125662,0.33155602,0.33033663,0.3292605,0.32708356,0.32394135,0.3237153,0.3215077,0.31801897,0.31627706,0.31533062,0.31187302,0.308738,0.30504912,0.301208,0.29993716,0.29700917,0.29073182,0.2838058,0.28254315,0.28205746,0.2811584,0.27570796,0.27217412,0.2627047,0.25649303,0.25470898,0.244457,0.24168763,0.23669298,0.23442893,0.23145458,0.22509572,0.22233996,0.21357866,0.21001375,0.2090143,0.20619068,0.20025912,0.19685686,0.19424525,0.18775995,0.17935568,0.17610371,0.17460077,0.16805881,0.16433217
89_real,-0.33841258,,,,,,,,,,,,,,,,,,,,,,,,-0.353148,,,,,,,,,,,,,,,,,,,,,,,,-0.5375782,,,,,,,,,,,,,,,,,,,,,
89_gen,-0.33841255,-0.34396195,-0.34999567,-0.3559588,-0.363157,-0.36524028,-0.368626,-0.37495762,-0.37887812,-0.3812549,-0.38335413,-0.38680345,-0.38833168,-0.39559746,-0.4010621,-0.40131944,-0.4038817,-0.40655527,-0.40843573,-0.41177288,-0.41499233,-0.41848335,-0.41997963,-0.42546305,-0.42739487,-0.43147463,-0.4359711,-0.4396318,-0.4407708,-0.44234377,-0.44579878,-0.44846115,-0.4553286,-0.45807678,-0.46094155,-0.46080112,-0.466679,-0.46688914,-0.4703539,-0.47072682,-0.47194618,-0.47554746,-0.4781602,-0.48005772,-0.4840023,-0.48622626,-0.48900375,-0.4913618,-0.49411994,-0.4976414,-0.5019415,-0.50671643,-0.5099699,-0.514701,-0.5158861,-0.5169372,-0.5206323,-0.52634084,-0.53010017,-0.5339749,-0.5378499,-0.54201376,-0.54577684,-0.54427314,-0.5501258,-0.55242145,-0.5565444,-0.558237,-0.56306565,-0.56332576
90_real,0.48549357,,,,,,,,,,,,,,,,,,,,,,,,0.38486466,,,,,,,,,,,,,,,,,,,,,,,,0.31152055,,,,,,,,,,,,,,,,,,,,,
90_gen,0.4854936,0.48365864,0.47795805,0.4736487,0.47222385,0.47130722,0.46913403,0.46314654,0.46272588,0.46133226,0.45733657,0.45500678,0.45068112,0.44825548,0.4434627,0.44105625,0.43947372,0.43996295,0.43575892,0.43286315,0.428758,0.42375246,0.4222514,0.42089987,0.41942096,0.4177509,0.4159177,0.4129912,0.41128764,0.4091838,0.40547556,0.40425247,0.4004243,0.3991209,0.3964838,0.39344192,0.3911069,0.38832444,0.38325995,0.38202748,0.38251048,0.38011163,0.37891334,0.3748514,0.3693168,0.36917153,0.36739376,0.36529216,0.3638097,0.36004975,0.35814133,0.3536572,0.3504983,0.3500432,0.34677643,0.3433829,0.34199652,0.3412509,0.336497,0.3348195,0.33376276,0.33140686,0.32956764,0.32759637,0.3250597,0.32272142,0.32072854,0.31741503,0.31383404,0.30984405
91_real,-1.1115278,,,,,,,,,,,,,,,,,,,,,,,,-1.2898818,,,,,,,,,,,,,,,,,,,,,,,,-1.4181503,,,,,,,,,,,,,,,,,,,,,
91_gen,-1.1115277,-1.1155481,-1.1202323,-1.1236125,-1.1282018,-1.1326007,-1.136573,-1.1405039,-1.1430953,-1.146825,-1.1511873,-1.1546307,-1.1567135,-1.1608673,-1.1648406,-1.1676204,-1.1719244,-1.1757634,-1.1788436,-1.183394,-1.1880755,-1.1934147,-1.1968828,-1.2016151,-1.2043474,-1.2071257,-1.2093217,-1.2159871,-1.2193059,-1.2234756,-1.2273271,-1.2299587,-1.2339833,-1.2351091,-1.2350619,-1.2387292,-1.2405503,-1.2441714,-1.2466434,-1.2469329,-1.2481662,-1.250642,-1.2539026,-1.2572658,-1.2598139,-1.2626363,-1.2671067,-1.2717346,-1.2743385,-1.2792219,-1.279938,-1.2827727,-1.2849655,-1.287892,-1.2890667,-1.2910514,-1.2958869,-1.2997364,-1.3040837,-1.3058677,-1.3089654,-1.311449,-1.3137091,-1.3149563,-1.3150864,-1.3181772,-1.3205354,-1.3238897,-1.3269367,-1.3287674
92_real,-0.016678855,,,,,,,,,,,,,,,,,,,,,,,,-0.35139298,,,,,,,,,,,,,,,,,,,,,,,,-0.67048496,,,,,,,,,,,,,,,,,,,,,
92_gen,-0.016678855,-0.018210009,-0.025131155,-0.028008098,-0.03190528,-0.03552907,-0.038584433,-0.04112907,-0.04296615,-0.04754513,-0.050337244,-0.0534906,-0.056050014,-0.060181785,-0.06458682,-0.065380886,-0.068078,-0.06995199,-0.0743714,-0.07718144,-0.07898571,-0.082647145,-0.08659093,-0.09037696,-0.09338625,-0.09670222,-0.09721669,-0.10038717,-0.101770304,-0.10455929,-0.106841825,-0.108663835,-0.11231829,-0.11369628,-0.11640793,-0.118920445,-0.12072383,-0.123977065,-0.12510943,-0.12748921,-0.1308848,-0.134542,-0.13590574,-0.13964358,-0.1429435,-0.14703229,-0.15152672,-0.15253651,-0.15236272,-0.15855093,-0.15949239,-0.16205904,-0.16717559,-0.17014052,-0.17468847,-0.17883049,-0.17895886,-0.1813446,-0.18567227,-0.18982354,-0.19175673,-0.19404176,-0.19619486,-0.20155087,-0.20615336,-0.20775823,-0.21081476,-0.21306482,-0.21678837,-0.22009394
93_real,-0.10066425,,,,,,,,,,,,,,,,,,,,,,,,-0.36738676,,,,,,,,,,,,,,,,,,,,,,,,-0.30424538,,,,,,,,,,,,,,,,,,,,,
93_gen,-0.10066424,-0.11111035,-0.1187162,-0.124774195,-0.1334587,-0.1380566,-0.14415061,-0.15042281,-0.15976375,-0.16278121,-0.1693501,-0.177923,-0.1835268,-0.18924169,-0.19574429,-0.2023968,-0.2080284,-0.21439464,-0.22192831,-0.22700298,-0.23266995,-0.23903827,-0.24676041,-0.25212443,-0.2601059,-0.26402074,-0.2709946,-0.27426633,-0.2806853,-0.28411192,-0.29163086,-0.2975348,-0.30473596,-0.3119405,-0.31893626,-0.3238358,-0.32948253,-0.33569017,-0.3422001,-0.34706432,-0.35208878,-0.3585297,-0.3657385,-0.37032777,-0.37568024,-0.3829339,-0.3876555,-0.3936324,-0.40094152,-0.40466493,-0.41079822,-0.41769084,-0.42311865,-0.42698735,-0.43183088,-0.43709746,-0.44476596,-0.45239693,-0.45755857,-0.46547094,-0.47080088,-0.47834674,-0.48621112,-0.49209484,-0.49734554,-0.5030414,-0.5100905,-0.51359564,-0.51950336,-0.5266185
94_real,-0.2995413,,,,,,,,,,,,,,,,,,,,,,,,-0.4065274,,,,,,,,,,,,,,,,,,,,,,,,-0.34036642,,,,,,,,,,,,,,,,,,,,,
94_gen,-0.29954126,-0.30931658,-0.3178255,-0.32282892,-0.33038956,-0.33804595,-0.34388158,-0.3478082,-0.35530782,-0.36132056,-0.36885327,-0.3753581,-0.38375664,-0.39072293,-0.39593887,-0.40375042,-0.4112842,-0.41859335,-0.42631918,-0.4356851,-0.4419175,-0.44670114,-0.4526514,-0.4583501,-0.4620059,-0.4673117,-0.4736064,-0.47822127,-0.4850257,-0.49373537,-0.5015174,-0.5082683,-0.51293623,-0.51814926,-0.52305347,-0.52941674,-0.5327202,-0.5409025,-0.5454086,-0.54754406,-0.5547637,-0.5642689,-0.5680808,-0.57576454,-0.58182144,-0.5883082,-0.59245586,-0.5982572,-0.6022824,-0.60686934,-0.6135889,-0.618929,-0.62382615,-0.6311521,-0.63434637,-0.6429361,-0.6479305,-0.6526035,-0.6590054,-0.6648254,-0.668687,-0.6750501,-0.68223727,-0.6869535,-0.692721,-0.6978934,-0.70473534,-0.71183026,-0.7188765,-0.72262573
95_real,-0.26543486,,,,,,,,,,,,,,,,,,,,,,,,-0.40073878,,,,,,,,,,,,,,,,,,,,,,,,-0.48860416,,,,,,,,,,,,,,,,,,,,,
95_gen,-0.26543483,-0.27862877,-0.2903302,-0.29966626,-0.3130006,-0.32475084,-0.32959569,-0.339919,-0.35047865,-0.35737795,-0.370744,-0.38084716,-0.38692075,-0.3947934,-0.4051122,-0.41608566,-0.4243636,-0.4372208,-0.44379726,-0.4495322,-0.4577931,-0.46444458,-0.4759718,-0.48757356,-0.49876684,-0.50712454,-0.5164857,-0.52109337,-0.5260521,-0.5345609,-0.54481274,-0.55562675,-0.5655164,-0.5758362,-0.58229655,-0.5950259,-0.60471374,-0.6156064,-0.62459385,-0.63488364,-0.6427737,-0.64994085,-0.6607067,-0.6687349,-0.6805854,-0.6904644,-0.6995245,-0.70695275,-0.7192132,-0.7287006,-0.74384546,-0.752373,-0.7655383,-0.7756211,-0.7874656,-0.80098706,-0.811608,-0.81973565,-0.8278654,-0.8378917,-0.84563893,-0.85703707,-0.8694744,-0.8760211,-0.8804518,-0.89151746,-0.8992305,-0.90790594,-0.91659296,-0.924307
96_real,-0.5023799,,,,,,,,,,,,,,,,,,,,,,,,-0.5867533,,,,,,,,,,,,,,,,,,,,,,,,-0.6333021,,,,,,,,,,,,,,,,,,,,,
96_gen,-0.5023799,-0.5166217,-0.5278166,-0.5401701,-0.55052084,-0.55870926,-0.5696659,-0.5754565,-0.5855683,-0.5958118,-0.604418,-0.61268884,-0.6258791,-0.63679296,-0.6465685,-0.65638,-0.6657051,-0.676494,-0.6877722,-0.7021874,-0.7118988,-0.72013897,-0.73076147,-0.7401947,-0.75712335,-0.76889837,-0.77868617,-0.79142463,-0.80414546,-0.80670893,-0.8152587,-0.8223194,-0.83416957,-0.8403047,-0.8520292,-0.86379087,-0.8709067,-0.8831166,-0.8929464,-0.90242517,-0.90939873,-0.9226524,-0.93120277,-0.9370743,-0.94522107,-0.95687056,-0.9686762,-0.97531736,-0.98423326,-0.9920255,-1.000839,-1.0113809,-1.022758,-1.0273368,-1.0360272,-1.0464609,-1.0545028,-1.0636046,-1.0730709,-1.0826132,-1.0961121,-1.1051314,-1.1139305,-1.1242692,-1.1322548,-1.1461551,-1.1531157,-1.1613725,-1.171332,-1.1840503
97_real,-0.3201868,,,,,,,,,,,,,,,,,,,,,,,,-0.29690012,,,,,,,,,,,,,,,,,,,,,,,,-0.64207697,,,,,,,,,,,,,,,,,,,,,
97_gen,-0.32018682,-0.32925326,-0.33809918,-0.3443734,-0.35122436,-0.35722977,-0.36189172,-0.36773187,-0.37069005,-0.37349045,-0.37767497,-0.38394642,-0.38807505,-0.39244056,-0.39514968,-0.40041962,-0.406555,-0.40885472,-0.4154233,-0.4183194,-0.42413282,-0.43134135,-0.43535337,-0.43653664,-0.44439292,-0.44868892,-0.45526186,-0.4585105,-0.46549827,-0.46706194,-0.4742979,-0.4789617,-0.48223153,-0.4834724,-0.48595428,-0.48952127,-0.4934194,-0.49977335,-0.50447345,-0.5117337,-0.5144126,-0.5206575,-0.52411026,-0.5327867,-0.5362167,-0.54054505,-0.5468638,-0.5502534,-0.5539856,-0.5567078,-0.5593332,-0.5634137,-0.56916445,-0.57633746,-0.58114517,-0.58724076,-0.59392726,-0.5994692,-0.60239613,-0.60848796,-0.614219,-0.6204333,-0.6230687,-0.62723666,-0.6331404,-0.6375275,-0.6423505,-0.64537394,-0.6557112,-0.6576739
98_real,0.07367624,,,,,,,,,,,,,,,,,,,,,,,,-0.020786319,,,,,,,,,,,,,,,,,,,,,,,,-0.13090543,,,,,,,,,,,,,,,,,,,,,
98_gen,0.073676236,0.06524568,0.05853305,0.051111866,0.048052073,0.04296437,0.036870085,0.032004405,0.029983094,0.023876661,0.02176909,0.014970425,0.0131323915,0.0081783645,0.004311958,0.003673879,0.0033635576,-0.00058318087,-0.005476889,-0.010687424,-0.008969124,-0.012083696,-0.014970839,-0.020415628,-0.026194012,-0.029611653,-0.03175001,-0.036809675,-0.03961876,-0.046328355,-0.047856532,-0.04836737,-0.050323635,-0.050269436,-0.055141043,-0.057152353,-0.061334826,-0.064998776,-0.06494464,-0.06840792,-0.07083647,-0.0741742,-0.07754503,-0.078848094,-0.08337803,-0.086448416,-0.091828026,-0.09391537,-0.09639971,-0.10414268,-0.10695161,-0.11091445,-0.11774399,-0.12461604,-0.1303191,-0.13359463,-0.13776395,-0.14047238,-0.14497676,-0.14952692,-0.15303579,-0.15401395,-0.15778093,-0.15990004,-0.16577563,-0.17067842,-0.17292604,-0.17733443,-0.1797234,-0.18404113
99_real,1.1686462,,,,,,,,,,,,,,,,,,,,,,,,1.2784669,,,,,,,,,,,,,,,,,,,,,,,,1.3151652,,,,,,,,,,,,,,,,,,,,,
99_gen,1.1686461,1.165909,1.1641599,1.1617616,1.1586273,1.1578617,1.1556655,1.1519572,1.1497816,1.1469772,1.143834,1.1420326,1.1397091,1.1385521,1.1300204,1.1291288,1.1258901,1.124797,1.1217649,1.1233433,1.1199753,1.1191479,1.1164628,1.113915,1.1117836,1.1086719,1.1061,1.1000035,1.0959029,1.0940936,1.0906683,1.0880489,1.0840689,1.0786983,1.0797123,1.0740435,1.0730813,1.0733254,1.0688889,1.066857,1.0630671,1.0613724,1.0560361,1.0494807,1.0467384,1.042649,1.039798,1.0338871,1.029788,1.0291818,1.0253031,1.0230658,1.0197868,1.015093,1.0120368,1.0061786,1.002774,1.0005205,0.9922298,0.9905817,0.9850051,0.9814367,0.9768327,0.97253275,0.9705631,0.9644311,0.96157235,0.958218,0.9543258,0.9492257
100_real,1.5088264,,,,,,,,,,,,,,,,,,,,,,,,1.4254045,,,,,,,,,,,,,,,,,,,,,,,,1.192079,,,,,,,,,,,,,,,,,,,,,
100_gen,1.5088264,1.5058789,1.5004733,1.4951065,1.4895966,1.4824821,1.4812969,1.4738861,1.4706864,1.4663392,1.4634465,1.4547949,1.4522724,1.4507536,1.4476342,1.4431324,1.435181,1.4287236,1.4259443,1.420241,1.4142258,1.4096227,1.4070476,1.4022663,1.3989613,1.3934182,1.3906273,1.3862528,1.3813822,1.3787371,1.3732684,1.3666251,1.362189,1.3601072,1.3511765,1.3459572,1.338639,1.3331854,1.3295419,1.3220446,1.3209295,1.317569,1.3141255,1.3110718,1.3091254,1.3052596,1.3024229,1.2992572,1.2935413,1.2890201,1.2853274,1.2800405,1.2753174,1.2687417,1.2675122,1.2644752,1.2615423,1.2567161,1.2549039,1.2524066,1.2533484,1.2505505,1.2440587,1.2360351,1.2286583,1.224218,1.2220778,1.2177953,1.2106941,1.2059394
101_real,0.12300946,,,,,,,,,,,,,,,,,,,,,,,,0.1229458,,,,,,,,,,,,,,,,,,,,,,,,0.096970834,,,,,,,,,,,,,,,,,,,,,
101_gen,0.12300946,0.11283086,0.105265915,0.093270205,0.083605886,0.07443343,0.06881606,0.062473,0.052243523,0.047704164,0.03965068,0.030869776,0.023130516,0.017987601,0.011071774,0.0021570225,-0.006973612,-0.010153005,-0.016174952,-0.01979173,-0.026814878,-0.033543367,-0.03562284,-0.043182306,-0.050729048,-0.05593141,-0.059613198,-0.068000294,-0.07385564,-0.07991097,-0.084545195,-0.09384603,-0.09931101,-0.106881164,-0.11136973,-0.119530834,-0.125461,-0.12965031,-0.13400903,-0.14121692,-0.149963,-0.15649278,-0.16316397,-0.16951975,-0.1733115,-0.17854585,-0.18549538,-0.19219461,-0.1970284,-0.20404291,-0.20937529,-0.21511254,-0.22056623,-0.22787097,-0.23356044,-0.24054125,-0.25015825,-0.25542694,-0.26222095,-0.26802945,-0.27423984,-0.2793508,-0.2877062,-0.29442003,-0.30050486,-0.3079031,-0.31386378,-0.32198602,-0.32948887,-0.33470255
102_real,-0.23547472,,,,,,,,,,,,,,,,,,,,,,,,-0.18499386,,,,,,,,,,,,,,,,,,,,,,,,-0.47133407,,,,,,,,,,,,,,,,,,,,,
102_gen,-0.23547474,-0.24721941,-0.25809547,-0.26909587,-0.28098163,-0.2890392,-0.2962124,-0.30246276,-0.30677557,-0.31513304,-0.32211238,-0.32660487,-0.33116686,-0.3384665,-0.34490317,-0.35217673,-0.35717115,-0.3610465,-0.36645776,-0.37301606,-0.3793857,-0.3846409,-0.390881,-0.39317402,-0.3976721,-0.4034141,-0.4057979,-0.41332215,-0.42099684,-0.42530608,-0.4314615,-0.43825307,-0.44355354,-0.44736212,-0.4524335,-0.45650187,-0.4642338,-0.47070298,-0.47727942,-0.48517054,-0.48895162,-0.49515668,-0.5034676,-0.506909,-0.5146877,-0.5199687,-0.52473086,-0.5321311,-0.54201186,-0.5480349,-0.5545289,-0.55838615,-0.5644215,-0.57322824,-0.58073884,-0.58789986,-0.59484917,-0.6008607,-0.60451794,-0.60907274,-0.6145395,-0.6172493,-0.6206521,-0.6254446,-0.63028836,-0.63549834,-0.6405717,-0.6454376,-0.6507031,-0.6577679
103_real,1.38497,,,,,,,,,,,,,,,,,,,,,,,,1.3501402,,,,,,,,,,,,,,,,,,,,,,,,1.293113,,,,,,,,,,,,,,,,,,,,,
103_gen,1.3849698,1.3767595,1.3693101,1.3626267,1.3529686,1.3480002,1.339773,1.3316605,1.3244011,1.3166777,1.3071572,1.300164,1.2955592,1.2868025,1.2823849,1.2719414,1.2637814,1.2578562,1.2515956,1.2433218,1.2367966,1.2301064,1.2243735,1.2183152,1.2134997,1.2035987,1.1953548,1.190313,1.1873826,1.1782649,1.1711639,1.1640197,1.1572977,1.1480241,1.1425952,1.1329789,1.1233004,1.1176727,1.1102802,1.1052024,1.0999137,1.096288,1.0883774,1.0814317,1.0758817,1.067776,1.0609479,1.054877,1.0485432,1.0389796,1.029435,1.0215994,1.0120441,1.0060164,1.0001078,0.9913031,0.9858389,0.9807599,0.97467387,0.967034,0.9637955,0.95575285,0.9487767,0.94228685,0.93640554,0.92948234,0.9194377,0.9118562,0.90324867,0.89624757
104_real,0.4524978,,,,,,,,,,,,,,,,,,,,,,,,0.33629707,,,,,,,,,,,,,,,,,,,,,,,,0.081992984,,,,,,,,,,,,,,,,,,,,,
104_gen,0.4524978,0.43934608,0.43025059,0.4246818,0.41668862,0.40764278,0.40112433,0.39112538,0.38257033,0.37766033,0.3726037,0.36629128,0.35983187,0.35679117,0.35181388,0.34706295,0.33797246,0.33077595,0.32535845,0.3209232,0.3122188,0.30743295,0.30207783,0.29613793,0.2877558,0.28072387,0.27438843,0.2677594,0.26046842,0.25305876,0.24947734,0.24443007,0.2398289,0.23078391,0.2257208,0.21771741,0.21354572,0.20897846,0.20345624,0.19793144,0.19257788,0.18670824,0.18009454,0.17387073,0.1680067,0.16161178,0.1537244,0.14736441,0.1417396,0.13445558,0.13095444,0.1278851,0.121112965,0.11577666,0.10907142,0.100924075,0.09562053,0.091160424,0.0871443,0.08066887,0.07531945,0.068590894,0.062054735,0.054553486,0.051144063,0.043246463,0.038223088,0.03272945,0.026695395,0.020913526
105_real,0.7445122,,,,,,,,,,,,,,,,,,,,,,,,0.661223,,,,,,,,,,,,,,,,,,,,,,,,0.6583315,,,,,,,,,,,,,,,,,,,,,
105_gen,0.74451214,0.7373499,0.7318938,0.7260314,0.71657825,0.7082558,0.7025997,0.69688046,0.6935054,0.687153,0.68118423,0.6738497,0.6677982,0.6632611,0.6591938,0.654517,0.64991987,0.64390796,0.638274,0.6315417,0.62464887,0.6214855,0.61678994,0.61194694,0.609937,0.60301006,0.5984646,0.5939804,0.5884699,0.58365965,0.57803214,0.57422954,0.5694959,0.56482804,0.5577944,0.5522332,0.54651755,0.542386,0.53709334,0.53246343,0.52694523,0.522134,0.51813304,0.51315457,0.5067767,0.5011465,0.49550313,0.48855034,0.4828446,0.4771115,0.47454032,0.47059083,0.46620113,0.4602712,0.45562586,0.45309648,0.44872007,0.44348902,0.43532386,0.42934185,0.42183226,0.41419506,0.4077962,0.4011039,0.39448708,0.38756612,0.382266,0.37495276,0.37088293,0.36545542
106_real,0.52278036,,,,,,,,,,,,,,,,,,,,,,,,0.4672724,,,,,,,,,,,,,,,,,,,,,,,,0.457229,,,,,,,,,,,,,,,,,,,,,
106_gen,0.52278036,0.515016,0.5101448,0.50363773,0.49839553,0.49554223,0.490021,0.48439884,0.48183042,0.4772555,0.47109175,0.46779615,0.46451765,0.4617293,0.4565006,0.45376047,0.45117655,0.4476673,0.44376874,0.44039902,0.43708,0.43230933,0.43029624,0.4281121,0.42563978,0.4238519,0.4188549,0.4147191,0.41126356,0.40882167,0.40692085,0.40244618,0.3990708,0.3940419,0.38936263,0.38614842,0.37994272,0.37566432,0.3697968,0.36654767,0.3631662,0.35931593,0.35680303,0.35510415,0.34983668,0.34788656,0.3438685,0.33974665,0.3361849,0.33078858,0.32641,0.32215375,0.3181767,0.314575,0.3103289,0.30494925,0.30089945,0.295682,0.2911916,0.28667894,0.28316903,0.28154904,0.2782274,0.27340406,0.26962253,0.26486412,0.26135424,0.25871715,0.2523636,0.247901
107_real,0.72792226,,,,,,,,,,,,,,,,,,,,,,,,0.63217324,,,,,,,,,,,,,,,,,,,,,,,,0.47336507,,,,,,,,,,,,,,,,,,,,,
107_gen,0.7279223,0.7189655,0.70913273,0.7022575,0.6944581,0.68540144,0.67417103,0.66569436,0.65725386,0.6497399,0.6406468,0.63608015,0.6297236,0.6236641,0.61814356,0.60993326,0.60550064,0.5984162,0.59194833,0.5862915,0.5774618,0.56937045,0.56053627,0.5520679,0.5457295,0.5400176,0.5348278,0.52682155,0.51959217,0.51274186,0.5054022,0.49649566,0.48991662,0.48427376,0.47822222,0.4705313,0.46190247,0.45254713,0.44452587,0.4367023,0.4280421,0.42133918,0.41557813,0.40804067,0.40131456,0.393513,0.38640085,0.37788233,0.3731443,0.36728528,0.36177856,0.3542139,0.3452888,0.34013212,0.33301362,0.32488823,0.31780013,0.3114279,0.30527622,0.29724216,0.2893876,0.27811718,0.27095094,0.2615338,0.25419822,0.24613674,0.23861249,0.2306952,0.22146451,0.21339074
108_real,-1.0878147,,,,,,,,,,,,,,,,,,,,,,,,-1.0043875,,,,,,,,,,,,,,,,,,,,,,,,-0.9036221,,,,,,,,,,,,,,,,,,,,,
108_gen,-1.0878146,-1.0932891,-1.0980939,-1.1041723,-1.108572,-1.1160448,-1.1202036,-1.126775,-1.1317462,-1.1394804,-1.1469039,-1.1551949,-1.1608016,-1.1680574,-1.1723397,-1.1806839,-1.1857857,-1.1930672,-1.199721,-1.2043382,-1.2106191,-1.2166871,-1.2221415,-1.2270914,-1.2349242,-1.2382543,-1.2454096,-1.2479684,-1.2554083,-1.259341,-1.2661698,-1.274312,-1.2807772,-1.2864734,-1.2925851,-1.2973641,-1.3043386,-1.3094592,-1.3176482,-1.3235586,-1.3288972,-1.3367137,-1.342209,-1.3481339,-1.3562809,-1.3595716,-1.362885,-1.3679174,-1.3749908,-1.3846285,-1.390998,-1.3980821,-1.4040662,-1.4105158,-1.4152203,-1.4216368,-1.426851,-1.4336808,-1.4404296,-1.4476452,-1.4525571,-1.4592278,-1.4674051,-1.4746934,-1.4812765,-1.4875171,-1.4931904,-1.4973818,-1.5034786,-1.5097898
109_real,0.8830458,,,,,,,,,,,,,,,,,,,,,,,,0.85149807,,,,,,,,,,,,,,,,,,,,,,,,0.86732066,,,,,,,,,,,,,,,,,,,,,
109_gen,0.8830458,0.8706867,0.8635889,0.85260904,0.8425741,0.8338006,0.8243594,0.8162154,0.80925906,0.8007101,0.796452,0.7901758,0.7812753,0.76980686,0.76396567,0.7603296,0.7529766,0.74279094,0.73408824,0.72640926,0.7214667,0.7110671,0.7030714,0.6970417,0.6895475,0.6829214,0.6723584,0.66289145,0.6544148,0.64563096,0.636828,0.62851655,0.6205417,0.6175218,0.6131009,0.60668206,0.599144,0.5871661,0.5790284,0.56569207,0.5553239,0.5473906,0.5389501,0.53131884,0.5207605,0.513239,0.50683445,0.49572492,0.49169382,0.48367167,0.47346163,0.4666338,0.4571855,0.4468174,0.43716437,0.42822152,0.41816536,0.40865415,0.39766362,0.38473222,0.37430957,0.3624898,0.35184327,0.34351274,0.33368224,0.32532758,0.31727445,0.3051625,0.297464,0.29154575
110_real,0.8801331,,,,,,,,,,,,,,,,,,,,,,,,0.74660605,,,,,,,,,,,,,,,,,,,,,,,,0.73983544,,,,,,,,,,,,,,,,,,,,,
110_gen,0.88013303,0.87281245,0.86062634,0.851998,0.8427434,0.8349406,0.82698715,0.82173604,0.81545174,0.8075978,0.8008566,0.7942255,0.78540707,0.7789421,0.7715615,0.7648048,0.75718707,0.7512895,0.74639547,0.7379736,0.73025334,0.7265231,0.71903914,0.71214074,0.7046357,0.6971444,0.69257766,0.6879942,0.682067,0.6775874,0.66711605,0.66061836,0.65425473,0.6459409,0.6370097,0.62854606,0.6194645,0.6075111,0.59891677,0.5869784,0.5761997,0.57213736,0.56828636,0.55984217,0.55052644,0.5449935,0.5364874,0.527497,0.51986456,0.5147672,0.50816804,0.5007421,0.49010903,0.48248094,0.47493058,0.4685556,0.46126238,0.45371658,0.4460454,0.43970394,0.43185443,0.42548552,0.4156035,0.40682802,0.3993125,0.38894042,0.38225064,0.3757885,0.36858124,0.3575168
111_real,0.13331223,,,,,,,,,,,,,,,,,,,,,,,,0.11705629,,,,,,,,,,,,,,,,,,,,,,,,0.015376475,,,,,,,,,,,,,,,,,,,,,
111_gen,0.13331223,0.12084248,0.108369134,0.09607037,0.08629413,0.07613828,0.06739678,0.057596646,0.05237951,0.044050906,0.032556485,0.024693653,0.01489115,0.0073532434,-0.0024347175,-0.010578695,-0.02139375,-0.030121988,-0.039947487,-0.04624993,-0.055308152,-0.06564991,-0.07366107,-0.081515804,-0.090193175,-0.09830169,-0.10792738,-0.117685996,-0.1259233,-0.13427487,-0.1438975,-0.15145428,-0.16349652,-0.17249417,-0.17859438,-0.18670678,-0.19248128,-0.20262663,-0.2136497,-0.2216891,-0.22996023,-0.240931,-0.25151184,-0.261376,-0.2703548,-0.27939063,-0.2879977,-0.29554158,-0.3054331,-0.314723,-0.32384792,-0.33309427,-0.3445928,-0.3527232,-0.36266583,-0.37436667,-0.38215008,-0.3933789,-0.40349564,-0.41163436,-0.4196261,-0.43025738,-0.43929625,-0.4485875,-0.45863295,-0.46838483,-0.47720617,-0.48767167,-0.49799705,-0.50659543
112_real,-0.28507468,,,,,,,,,,,,,,,,,,,,,,,,-0.21518442,,,,,,,,,,,,,,,,,,,,,,,,-0.26818576,,,,,,,,,,,,,,,,,,,,,
112_gen,-0.28507468,-0.30010647,-0.31019285,-0.31996718,-0.32986873,-0.33592445,-0.34732407,-0.35762358,-0.36898953,-0.3794369,-0.38571447,-0.39274618,-0.40439853,-0.41324955,-0.42226586,-0.43320927,-0.44547,-0.45515266,-0.46234092,-0.4721032,-0.47609884,-0.48250732,-0.49229512,-0.49777955,-0.50510365,-0.51206815,-0.5185997,-0.5274836,-0.53339136,-0.5443281,-0.55244243,-0.5620543,-0.5708251,-0.5800906,-0.5886534,-0.5995201,-0.6063616,-0.61371684,-0.6234765,-0.63126147,-0.64257854,-0.65486246,-0.6646265,-0.67369103,-0.68289375,-0.6927975,-0.7029382,-0.71176577,-0.7179861,-0.7262119,-0.7371523,-0.7456561,-0.7543963,-0.7643654,-0.77226675,-0.7847386,-0.7979351,-0.80785054,-0.8160157,-0.82527703,-0.836712,-0.84937733,-0.85918856,-0.87006044,-0.8804568,-0.8915019,-0.89760953,-0.9090479,-0.92028254,-0.9284776
113_real,-0.06110183,,,,,,,,,,,,,,,,,,,,,,,,0.031025553,,,,,,,,,,,,,,,,,,,,,,,,0.107817866,,,,,,,,,,,,,,,,,,,,,
113_gen,-0.06110183,-0.06453317,-0.07432986,-0.078832045,-0.085331336,-0.09196646,-0.098413244,-0.10117608,-0.10412134,-0.11010198,-0.11891584,-0.12758464,-0.13078041,-0.13507304,-0.13934116,-0.14290275,-0.14898352,-0.15440169,-0.15835859,-0.16039364,-0.16527906,-0.167315,-0.16947222,-0.17421226,-0.17831004,-0.18324421,-0.18574509,-0.19077742,-0.19516435,-0.19959901,-0.2054841,-0.21106264,-0.21627459,-0.22019932,-0.2249681,-0.23253143,-0.23668234,-0.23988998,-0.24509475,-0.24985644,-0.25786394,-0.26473945,-0.26894242,-0.2742416,-0.2788698,-0.28580937,-0.28998756,-0.29419535,-0.29964918,-0.3032762,-0.30782214,-0.3144765,-0.31941268,-0.32272822,-0.32746187,-0.3321076,-0.34052175,-0.3476958,-0.35372144,-0.35805634,-0.3655831,-0.37145695,-0.37536597,-0.38202354,-0.39040685,-0.3965533,-0.40168294,-0.40367395,-0.40773854,-0.4106741
114_real,-0.4705699,,,,,,,,,,,,,,,,,,,,,,,,-0.35934877,,,,,,,,,,,,,,,,,,,,,,,,-0.21236198,,,,,,,,,,,,,,,,,,,,,
114_gen,-0.4705699,-0.48177785,-0.49173898,-0.49994054,-0.5104042,-0.51835155,-0.52529687,-0.52963024,-0.53921986,-0.5465726,-0.5531215,-0.5596762,-0.5648424,-0.56942385,-0.57504845,-0.5779661,-0.58174855,-0.5877773,-0.59744275,-0.6063651,-0.6103565,-0.6160735,-0.62546,-0.6311356,-0.6417913,-0.6494108,-0.65421784,-0.65778506,-0.6631031,-0.6655722,-0.6737443,-0.675618,-0.6839155,-0.6940185,-0.69861543,-0.70365524,-0.70750254,-0.7133716,-0.7186741,-0.7238569,-0.7282956,-0.7337316,-0.74160594,-0.7480618,-0.75581396,-0.7567793,-0.7595142,-0.76455706,-0.77087164,-0.77981675,-0.7869837,-0.7931461,-0.796697,-0.8021544,-0.8045865,-0.8110504,-0.81802815,-0.82365406,-0.8294687,-0.8354766,-0.84146225,-0.84850836,-0.8549382,-0.85709935,-0.8627815,-0.8668979,-0.870076,-0.8783325,-0.885726,-0.8908596
115_real,-0.4895021,,,,,,,,,,,,,,,,,,,,,,,,-0.42675838,,,,,,,,,,,,,,,,,,,,,,,,-0.27753177,,,,,,,,,,,,,,,,,,,,,
115_gen,-0.4895021,-0.49444285,-0.4946722,-0.49422798,-0.49850494,-0.5020186,-0.50447017,-0.5083683,-0.5108579,-0.5166125,-0.5257827,-0.5306713,-0.53835773,-0.542496,-0.54588306,-0.54884654,-0.55118364,-0.5586544,-0.5673218,-0.5748022,-0.5814537,-0.5837405,-0.58683276,-0.5921527,-0.59205663,-0.5952028,-0.59845173,-0.5989944,-0.60163593,-0.60193455,-0.60842884,-0.61691064,-0.61653244,-0.6200633,-0.6252155,-0.6307062,-0.63325197,-0.6374024,-0.6396841,-0.6461135,-0.64973944,-0.6510376,-0.6583945,-0.6626254,-0.6676413,-0.6709098,-0.6750032,-0.6801894,-0.68414646,-0.6884398,-0.6962073,-0.70181817,-0.7079025,-0.7116567,-0.71838784,-0.72207475,-0.72511494,-0.7307075,-0.736213,-0.7381447,-0.74265754,-0.74611944,-0.75024074,-0.75379837,-0.757012,-0.76662505,-0.7750876,-0.78450525,-0.7901361,-0.79362166
116_real,-0.32595468,,,,,,,,,,,,,,,,,,,,,,,,-0.20850949,,,,,,,,,,,,,,,,,,,,,,,,-0.018908123,,,,,,,,,,,,,,,,,,,,,
116_gen,-0.32595468,-0.341186,-0.34636155,-0.35516518,-0.35947204,-0.36333868,-0.37220454,-0.37861377,-0.3838577,-0.38814437,-0.3949109,-0.40161926,-0.40265197,-0.40940982,-0.41511267,-0.41982436,-0.42345572,-0.43078297,-0.43473783,-0.4360078,-0.441145,-0.44745308,-0.45126957,-0.4600548,-0.4637967,-0.46655256,-0.46898785,-0.47386822,-0.4810527,-0.48248893,-0.48799863,-0.49179015,-0.497755,-0.50245655,-0.50913805,-0.51496327,-0.5196544,-0.5267264,-0.5320581,-0.5394709,-0.54239404,-0.5447241,-0.54857695,-0.5532748,-0.5582248,-0.56622744,-0.5691382,-0.57708716,-0.58171666,-0.589445,-0.59532434,-0.6031805,-0.6119307,-0.615222,-0.61871314,-0.6180858,-0.6237287,-0.62151957,-0.6246942,-0.6300186,-0.63540953,-0.6369421,-0.6419133,-0.64779335,-0.65863764,-0.6628054,-0.6687037,-0.6727053,-0.6760681,-0.68025887
117_real,-0.023227513,,,,,,,,,,,,,,,,,,,,,,,,-0.26469436,,,,,,,,,,,,,,,,,,,,,,,,-0.09422055,,,,,,,,,,,,,,,,,,,,,
117_gen,-0.023227513,-0.030068863,-0.0373485,-0.04480781,-0.05032023,-0.057255328,-0.06403533,-0.06747318,-0.073060825,-0.079937145,-0.08894804,-0.0937393,-0.10091478,-0.10861156,-0.11503611,-0.119060025,-0.12643652,-0.13073644,-0.13468912,-0.14009047,-0.14467013,-0.14865234,-0.15376063,-0.16083424,-0.16439645,-0.17090416,-0.17698736,-0.18226309,-0.18855426,-0.19497281,-0.19958958,-0.20691189,-0.21157567,-0.21826324,-0.22428858,-0.22925659,-0.23548953,-0.23864122,-0.24563661,-0.25101304,-0.25383347,-0.2585805,-0.2651108,-0.27065316,-0.27532613,-0.28157467,-0.28507966,-0.290612,-0.29469588,-0.29935914,-0.3052171,-0.31233394,-0.3165905,-0.32144922,-0.32613897,-0.3309504,-0.3361431,-0.33996192,-0.3451664,-0.35135713,-0.3553441,-0.36102742,-0.3646155,-0.36964732,-0.37589103,-0.382034,-0.38667753,-0.39102906,-0.39441556,-0.4022006
118_real,0.08889318,,,,,,,,,,,,,,,,,,,,,,,,0.07491596,,,,,,,,,,,,,,,,,,,,,,,,-0.1265677,,,,,,,,,,,,,,,,,,,,,
118_gen,0.08889318,0.081309386,0.07549723,0.067857474,0.061178166,0.055090554,0.049120612,0.043934803,0.03744959,0.0329946,0.02859364,0.024245292,0.018984916,0.013984409,0.008168235,0.0026750134,-0.0017024653,-0.0073284497,-0.013318191,-0.01933939,-0.023393448,-0.028828988,-0.034681894,-0.039862722,-0.04399754,-0.047704495,-0.050728254,-0.05472796,-0.06034897,-0.06714094,-0.07115658,-0.07543151,-0.08021535,-0.08579319,-0.092267625,-0.09822454,-0.105171695,-0.11038649,-0.11622901,-0.12099789,-0.12575741,-0.1298456,-0.13376722,-0.13911764,-0.1435573,-0.14706834,-0.15337387,-0.15693513,-0.16089109,-0.16408686,-0.17014945,-0.17498861,-0.18138137,-0.18641727,-0.19040789,-0.19413245,-0.19980326,-0.20370173,-0.20902142,-0.21690662,-0.22298697,-0.2283372,-0.23402718,-0.23918483,-0.2439508,-0.25020182,-0.25463605,-0.2600941,-0.26503685,-0.269605
119_real,-0.47394595,,,,,,,,,,,,,,,,,,,,,,,,-0.5374629,,,,,,,,,,,,,,,,,,,,,,,,-0.7404006,,,,,,,,,,,,,,,,,,,,,
119_gen,-0.47394595,-0.4837256,-0.4936029,-0.5056077,-0.5142203,-0.52490574,-0.5322393,-0.54030615,-0.5490147,-0.5569049,-0.56368124,-0.57187885,-0.58086884,-0.58966506,-0.5983995,-0.6094067,-0.61472666,-0.62294924,-0.6297034,-0.63945043,-0.65041363,-0.6585671,-0.66665596,-0.67390084,-0.6803394,-0.6885439,-0.69636106,-0.7068317,-0.7149097,-0.72286624,-0.72844493,-0.7374149,-0.7471555,-0.75521564,-0.7644688,-0.77255327,-0.7767851,-0.78438485,-0.79739964,-0.80449265,-0.8112456,-0.81538737,-0.8214749,-0.828728,-0.8355831,-0.8425949,-0.84930676,-0.85661936,-0.86228675,-0.8709776,-0.8772952,-0.88609755,-0.89823943,-0.9053785,-0.9118042,-0.9201271,-0.92889607,-0.93519086,-0.94029045,-0.94670707,-0.9530252,-0.95787084,-0.9653497,-0.9705868,-0.97887975,-0.9878923,-0.9986657,-1.0057757,-1.0101311,-1.0177362
120_real,-0.11577322,,,,,,,,,,,,,,,,,,,,,,,,-0.09092106,,,,,,,,,,,,,,,,,,,,,,,,-0.26035994,,,,,,,,,,,,,,,,,,,,,
120_gen,-0.115773216,-0.12569994,-0.13728906,-0.14840719,-0.15537302,-0.1680017,-0.17799541,-0.18802339,-0.19832315,-0.2051527,-0.21292417,-0.22213617,-0.22901964,-0.23757188,-0.24564424,-0.25366467,-0.2629907,-0.2689402,-0.2812019,-0.29038283,-0.2987588,-0.30749226,-0.31170553,-0.321846,-0.32855505,-0.33745813,-0.3446126,-0.35630444,-0.3629036,-0.36724895,-0.3730573,-0.38034627,-0.38585114,-0.39506283,-0.40318766,-0.41298312,-0.4202034,-0.42917806,-0.43605193,-0.44381022,-0.4518456,-0.46036178,-0.47077042,-0.47751012,-0.4841991,-0.4930356,-0.5025827,-0.51370883,-0.51875436,-0.52638555,-0.5377593,-0.54558164,-0.55419505,-0.56305707,-0.57043505,-0.5783218,-0.58347166,-0.5913607,-0.60086966,-0.6138614,-0.6249475,-0.6298703,-0.6378937,-0.64613926,-0.65722847,-0.6660914,-0.6733403,-0.6824133,-0.6978343,-0.70630616
121_real,-0.35195133,,,,,,,,,,,,,,,,,,,,,,,,-0.38596213,,,,,,,,,,,,,,,,,,,,,,,,-0.5571597,,,,,,,,,,,,,,,,,,,,,
121_gen,-0.35195133,-0.3629554,-0.37136635,-0.38089234,-0.39169496,-0.40100473,-0.4113253,-0.42023373,-0.43108964,-0.43838134,-0.44539055,-0.45142525,-0.45753822,-0.4634911,-0.47154728,-0.47565955,-0.4823226,-0.48890394,-0.49343768,-0.4969433,-0.5040283,-0.5099382,-0.51618326,-0.5200972,-0.52672994,-0.5371337,-0.539176,-0.5479947,-0.5548509,-0.56278616,-0.5698847,-0.575343,-0.5844358,-0.5902704,-0.59647864,-0.5992297,-0.60710895,-0.6124731,-0.61675805,-0.6254449,-0.63192,-0.6390645,-0.64795214,-0.65230787,-0.65667635,-0.66197574,-0.6702829,-0.67500275,-0.67939204,-0.6869687,-0.6931774,-0.70049727,-0.70780534,-0.71098727,-0.7192694,-0.72664404,-0.7331383,-0.74010897,-0.7420293,-0.74984497,-0.76247203,-0.76583713,-0.7713436,-0.78016776,-0.78814256,-0.79712665,-0.80134165,-0.8083912,-0.8153297,-0.8181821
122_real,-0.2679056,,,,,,,,,,,,,,,,,,,,,,,,-0.35823846,,,,,,,,,,,,,,,,,,,,,,,,-0.39992,,,,,,,,,,,,,,,,,,,,,
122_gen,-0.26790562,-0.28034553,-0.2862689,-0.29148692,-0.30186206,-0.30784526,-0.3120348,-0.31646848,-0.32537478,-0.3366444,-0.3457132,-0.35334185,-0.3592611,-0.36590657,-0.3721465,-0.3769433,-0.38548565,-0.39136443,-0.39893273,-0.40185508,-0.40628004,-0.40786988,-0.4145642,-0.41823602,-0.4216892,-0.4247231,-0.43241006,-0.4406937,-0.44473442,-0.44938836,-0.45487443,-0.4598167,-0.46343628,-0.46856475,-0.47352377,-0.47678748,-0.4820165,-0.49246112,-0.49738377,-0.5002036,-0.504435,-0.50697005,-0.51040494,-0.51209724,-0.51637846,-0.52254164,-0.52713174,-0.5276679,-0.5340667,-0.5416068,-0.5434897,-0.5418137,-0.54760206,-0.55263597,-0.5556139,-0.5645983,-0.573721,-0.58178055,-0.58769816,-0.5924993,-0.5977179,-0.6007266,-0.60503393,-0.6101967,-0.6157354,-0.62114936,-0.6261837,-0.6326986,-0.6352541,-0.6354511
123_real,-0.07426792,,,,,,,,,,,,,,,,,,,,,,,,-0.25170276,,,,,,,,,,,,,,,,,,,,,,,,-0.3727767,,,,,,,,,,,,,,,,,,,,,
123_gen,-0.07426792,-0.083256796,-0.09127905,-0.09948109,-0.107883334,-0.115386724,-0.12759472,-0.13516474,-0.14330694,-0.14826524,-0.15718535,-0.16238959,-0.17101982,-0.17614026,-0.1839726,-0.1874284,-0.19369166,-0.2022719,-0.21084222,-0.21760122,-0.22697675,-0.23394434,-0.23846407,-0.24419257,-0.25365314,-0.2594809,-0.26253837,-0.2696753,-0.27665892,-0.28124234,-0.29112542,-0.29845616,-0.30460948,-0.31318268,-0.32042608,-0.3264399,-0.33500564,-0.3418744,-0.34691292,-0.35251114,-0.35728878,-0.36536318,-0.37376463,-0.3812111,-0.38477692,-0.38923097,-0.39606446,-0.40388593,-0.4103921,-0.41607895,-0.4207694,-0.42868415,-0.43686613,-0.44384566,-0.4516495,-0.45744592,-0.4656965,-0.47353107,-0.47748083,-0.48585206,-0.49313015,-0.5021714,-0.5095421,-0.5163981,-0.52412236,-0.53114283,-0.53913355,-0.5466249,-0.5533618,-0.55996543
124_real,-0.12327697,,,,,,,,,,,,,,,,,,,,,,,,-0.12055492,,,,,,,,,,,,,,,,,,,,,,,,-0.21915236,,,,,,,,,,,,,,,,,,,,,
124_gen,-0.123276964,-0.13977815,-0.1526818,-0.16280958,-0.17329754,-0.1837012,-0.19572991,-0.20309687,-0.2098454,-0.21861999,-0.22604188,-0.23443353,-0.24259064,-0.24777827,-0.2572756,-0.2643255,-0.27160406,-0.2775565,-0.28605017,-0.291506,-0.29420415,-0.30094904,-0.30970302,-0.3140158,-0.3205999,-0.32814524,-0.33309367,-0.34141877,-0.34810916,-0.3544293,-0.36113968,-0.36396253,-0.36691976,-0.37151214,-0.37911767,-0.38921928,-0.39435357,-0.39858276,-0.40374127,-0.40949717,-0.41567025,-0.4229041,-0.42901546,-0.43727437,-0.4451602,-0.4515066,-0.4564095,-0.46363822,-0.47394186,-0.4786431,-0.48897853,-0.49776965,-0.5067056,-0.51177794,-0.5190124,-0.5255326,-0.5324224,-0.53847617,-0.54547584,-0.5546083,-0.5614716,-0.56502616,-0.570721,-0.57589793,-0.5814912,-0.5871178,-0.597209,-0.6045745,-0.61162007,-0.6187699
125_real,-0.010702251,,,,,,,,,,,,,,,,,,,,,,,,0.024538366,,,,,,,,,,,,,,,,,,,,,,,,-0.06366852,,,,,,,,,,,,,,,,,,,,,
125_gen,-0.010702251,-0.013466245,-0.017265927,-0.021948632,-0.022490177,-0.023977142,-0.024496622,-0.02790137,-0.030212771,-0.031247118,-0.036151003,-0.038605295,-0.04040858,-0.04155389,-0.04481486,-0.04602001,-0.049192782,-0.050457656,-0.049923252,-0.052273143,-0.05542753,-0.059531648,-0.060171653,-0.063353516,-0.06672794,-0.0680681,-0.07178499,-0.073081695,-0.07379766,-0.07602795,-0.07877305,-0.08130687,-0.08253563,-0.08359213,-0.08420076,-0.08569437,-0.08987172,-0.09083517,-0.092805795,-0.09673129,-0.10027461,-0.10243894,-0.10387888,-0.1082868,-0.1101769,-0.11421273,-0.120541014,-0.12414738,-0.12889723,-0.13161713,-0.13311759,-0.1363417,-0.13899599,-0.1431664,-0.14393368,-0.14714608,-0.15292504,-0.15723892,-0.1651186,-0.1658419,-0.16717929,-0.16954485,-0.17427018,-0.17932983,-0.18303609,-0.18787728,-0.1872356,-0.1897029,-0.18955131,-0.18856186
126_real,1.2130857,,,,,,,,,,,,,,,,,,,,,,,,1.2577026,,,,,,,,,,,,,,,,,,,,,,,,1.2846233,,,,,,,,,,,,,,,,,,,,,
126_gen,1.2130855,1.2100585,1.2054768,1.2018743,1.1964574,1.1944287,1.1917114,1.1856613,1.1812576,1.1794014,1.1792367,1.1749865,1.1709678,1.1669239,1.161734,1.1600381,1.1596731,1.1551675,1.1525196,1.1456127,1.143975,1.1393104,1.1377908,1.1356736,1.133666,1.133373,1.1321957,1.1299392,1.1249835,1.1225132,1.1206481,1.1162014,1.1135136,1.1091387,1.1046107,1.1021401,1.0977433,1.0951376,1.0915643,1.0901679,1.0840421,1.0824723,1.0769982,1.0736907,1.0709469,1.06812,1.0648073,1.0643924,1.062357,1.0579712,1.0551554,1.0534384,1.0521077,1.0475227,1.0438092,1.0445702,1.0419929,1.0393127,1.034332,1.0341656,1.0293427,1.0267885,1.0221584,1.0192935,1.015965,1.0110765,1.0078721,1.0059285,1.0012248,0.99757594
127_real,0.46706754,,,,,,,,,,,,,,,,,,,,,,,,0.5203301,,,,,,,,,,,,,,,,,,,,,,,,0.47020957,,,,,,,,,,,,,,,,,,,,,
127_gen,0.46706754,0.4582056,0.4474477,0.43875843,0.42752513,0.4206636,0.4123761,0.40347418,0.39469567,0.38554186,0.37824115,0.3687332,0.36051077,0.35045964,0.34186524,0.33540365,0.3266291,0.31995386,0.3150005,0.30953288,0.3016136,0.29481506,0.28456837,0.27811337,0.27226734,0.2643047,0.25672266,0.251989,0.2451649,0.23882091,0.23336723,0.22620693,0.21806994,0.20960589,0.20477419,0.19881293,0.18994324,0.18283698,0.17760107,0.17034464,0.16314998,0.15507759,0.14828108,0.14184304,0.13555722,0.12965123,0.12193303,0.11626685,0.10794308,0.10010569,0.093268275,0.08826016,0.08209756,0.073043905,0.0682392,0.06179905,0.055675924,0.048628133,0.041282404,0.036599364,0.028404435,0.019420195,0.011030687,0.004761667,-0.00010710582,-0.0074093314,-0.014166552,-0.022286369,-0.029585999,-0.03706761
128_real,0.39312676,,,,,,,,,,,,,,,,,,,,,,,,-0.008142326,,,,,,,,,,,,,,,,,,,,,,,,-0.104935884,,,,,,,,,,,,,,,,,,,,,
128_gen,0.39312676,0.38007203,0.3713737,0.36148566,0.35537457,0.34791645,0.34159487,0.33586568,0.32696256,0.32043862,0.31421924,0.307498,0.30404857,0.29874596,0.29452842,0.28830212,0.28257567,0.27602714,0.26867455,0.26347986,0.26039332,0.2557662,0.2485058,0.24293192,0.23592417,0.2283248,0.22341323,0.21585615,0.21114735,0.20580323,0.19956693,0.19407007,0.18867218,0.18230619,0.1752112,0.17029083,0.1637043,0.15871987,0.15426938,0.14764395,0.14235023,0.13358536,0.12817891,0.12566397,0.11968581,0.11453048,0.11003472,0.103535675,0.097591706,0.09375979,0.08895783,0.08088271,0.07559343,0.07224971,0.06753887,0.06198131,0.057149373,0.050246645,0.045396324,0.040072974,0.033390984,0.027869482,0.022620713,0.016278787,0.010434507,0.0010150911,-0.004309155,-0.010903113,-0.015231552,-0.018398348
129_real,0.6829942,,,,,,,,,,,,,,,,,,,,,,,,-0.1986875,,,,,,,,,,,,,,,,,,,,,,,,-0.2697369,,,,,,,,,,,,,,,,,,,,,
129_gen,0.68299425,0.6739267,0.6673583,0.6586976,0.6496188,0.6446478,0.63861674,0.6320323,0.62435776,0.6202942,0.61712575,0.6133851,0.6112614,0.6084216,0.60318375,0.5956728,0.59101677,0.5857991,0.5839265,0.5810226,0.57794815,0.5752007,0.57327247,0.571348,0.569956,0.5656516,0.5618342,0.55717486,0.5529732,0.5475097,0.5417434,0.53822786,0.53395814,0.53171283,0.52746475,0.52208436,0.51840323,0.5161058,0.5122942,0.5063776,0.50481415,0.4995068,0.49640998,0.49230242,0.4852543,0.48119983,0.47727832,0.47660646,0.47077456,0.467343,0.46334854,0.45966014,0.4577643,0.4490253,0.44462562,0.44300485,0.4390332,0.43547136,0.4287259,0.42383838,0.41944844,0.41324195,0.41008073,0.40698472,0.4035279,0.40006724,0.3988057,0.39672524,0.39303097,0.38964382
130_real,-0.9348039,,,,,,,,,,,,,,,,,,,,,,,,-1.0012628,,,,,,,,,,,,,,,,,,,,,,,,-0.96483004,,,,,,,,,,,,,,,,,,,,,
130_gen,-0.93480384,-0.9423181,-0.9498744,-0.95550966,-0.9603699,-0.9659584,-0.9736344,-0.9797961,-0.98499787,-0.9901875,-0.9951471,-0.99811393,-1.0040176,-1.0080357,-1.0131453,-1.0172408,-1.0219713,-1.024522,-1.028737,-1.0326921,-1.0363909,-1.0397725,-1.0439293,-1.0498083,-1.0528929,-1.0541165,-1.0589141,-1.0662706,-1.0726513,-1.0764555,-1.0828273,-1.0873449,-1.0927333,-1.0980467,-1.1010619,-1.1066415,-1.1134866,-1.1167318,-1.1215192,-1.1279335,-1.1336067,-1.1391802,-1.1437023,-1.1513928,-1.155969,-1.1608691,-1.1672844,-1.169934,-1.1741577,-1.1776093,-1.1842496,-1.1887174,-1.1923478,-1.196689,-1.2022564,-1.2074082,-1.212967,-1.2166331,-1.2237103,-1.229893,-1.2336967,-1.2377484,-1.2430993,-1.2484761,-1.254611,-1.2588644,-1.2614092,-1.2661113,-1.2715809,-1.2772171
131_real,-0.92194176,,,,,,,,,,,,,,,,,,,,,,,,-0.9923789,,,,,,,,,,,,,,,,,,,,,,,,-0.9366547,,,,,,,,,,,,,,,,,,,,,
131_gen,-0.92194176,-0.92401445,-0.92947376,-0.93687975,-0.9445623,-0.949541,-0.9578719,-0.96451265,-0.97365487,-0.9824068,-0.9887144,-0.99075985,-0.99696445,-0.9999963,-1.0042032,-1.0091529,-1.0121175,-1.0183543,-1.0291474,-1.0315692,-1.0384458,-1.0392838,-1.0508487,-1.0542364,-1.0581229,-1.0635445,-1.0683066,-1.0725317,-1.0741278,-1.0719607,-1.0727382,-1.0756282,-1.0823886,-1.086163,-1.0916222,-1.0970395,-1.1023959,-1.1086481,-1.1163253,-1.1152852,-1.1118908,-1.1178682,-1.1206698,-1.1243038,-1.127053,-1.1353298,-1.1357459,-1.1374661,-1.1441609,-1.1474289,-1.1545646,-1.1615784,-1.159704,-1.1627777,-1.1712487,-1.175342,-1.1843015,-1.1902225,-1.1954266,-1.1970232,-1.1986537,-1.202409,-1.2131927,-1.2176062,-1.2233924,-1.2263352,-1.2274784,-1.2348436,-1.2377607,-1.2443442
132_real,-1.0519547,,,,,,,,,,,,,,,,,,,,,,,,-1.1290594,,,,,,,,,,,,,,,,,,,,,,,,-1.1062615,,,,,,,,,,,,,,,,,,,,,
132_gen,-1.0519546,-1.067724,-1.0802472,-1.0851768,-1.0920773,-1.0990603,-1.1096609,-1.1147491,-1.1166761,-1.1192782,-1.1296748,-1.1293572,-1.135579,-1.1390235,-1.142263,-1.1512474,-1.1576742,-1.1711653,-1.1733009,-1.1792533,-1.1818354,-1.1863195,-1.1880149,-1.1870834,-1.1859238,-1.1914058,-1.1918421,-1.1946946,-1.2011688,-1.2068908,-1.2111663,-1.2194297,-1.2295438,-1.2373329,-1.246527,-1.2439693,-1.2533965,-1.249162,-1.2518461,-1.2524115,-1.2640285,-1.2698604,-1.271692,-1.2782688,-1.2871346,-1.2897474,-1.2936738,-1.2974737,-1.3037972,-1.3119905,-1.3129642,-1.3163829,-1.3155965,-1.3193133,-1.3262358,-1.3252306,-1.3376731,-1.342157,-1.354917,-1.3638872,-1.368901,-1.374934,-1.3861349,-1.3904226,-1.3971817,-1.402044,-1.4062253,-1.4102318,-1.4193218,-1.4188696
133_real,-0.9899168,,,,,,,,,,,,,,,,,,,,,,,,-1.09768,,,,,,,,,,,,,,,,,,,,,,,,-1.0710454,,,,,,,,,,,,,,,,,,,,,
133_gen,-0.9899168,-0.99505377,-0.99807817,-1.003755,-1.0080773,-1.0163926,-1.022185,-1.028011,-1.0319136,-1.0385184,-1.0420086,-1.0466989,-1.0501314,-1.0591358,-1.0638586,-1.0690495,-1.0733534,-1.0798552,-1.0857567,-1.0893258,-1.0944772,-1.0992081,-1.1039932,-1.1108925,-1.1176517,-1.1237696,-1.1297331,-1.1354259,-1.1391636,-1.1451476,-1.1510179,-1.1544816,-1.1606661,-1.1676196,-1.1712158,-1.1778506,-1.1833749,-1.1871808,-1.1935494,-1.2000039,-1.2097608,-1.2164137,-1.2239608,-1.2270316,-1.2334174,-1.2409322,-1.2468203,-1.2520534,-1.256525,-1.2638835,-1.2713686,-1.2774132,-1.2858946,-1.2901717,-1.293855,-1.2974716,-1.3045145,-1.3115512,-1.3167545,-1.3250983,-1.3303503,-1.3382934,-1.3441845,-1.3487535,-1.3563606,-1.3652958,-1.3703307,-1.3792601,-1.3851024,-1.3918258
134_real,-1.1383446,,,,,,,,,,,,,,,,,,,,,,,,-1.1551342,,,,,,,,,,,,,,,,,,,,,,,,-1.0968202,,,,,,,,,,,,,,,,,,,,,
134_gen,-1.1383446,-1.1433309,-1.1506319,-1.1563003,-1.1608303,-1.1668696,-1.1721501,-1.1780615,-1.1829882,-1.1872581,-1.1902978,-1.1937726,-1.1983241,-1.2045082,-1.2097988,-1.2136779,-1.2178587,-1.2238505,-1.2273362,-1.2330239,-1.2395182,-1.2423437,-1.2484863,-1.2562987,-1.2613761,-1.267319,-1.2708648,-1.2750365,-1.278683,-1.283548,-1.2904476,-1.2967813,-1.3027173,-1.3072456,-1.311314,-1.314749,-1.3216126,-1.328251,-1.3337076,-1.3381428,-1.3444927,-1.3493483,-1.3561405,-1.3577032,-1.3632715,-1.3673381,-1.3724678,-1.3757689,-1.3780358,-1.3839836,-1.3868997,-1.3909826,-1.3943762,-1.3991762,-1.4044241,-1.411402,-1.4170579,-1.4214959,-1.4254274,-1.4308426,-1.4373024,-1.4435598,-1.4493202,-1.4554526,-1.4610505,-1.4662188,-1.4717653,-1.4780455,-1.4862328,-1.4909818
135_real,-0.92544574,,,,,,,,,,,,,,,,,,,,,,,,-1.0141704,,,,,,,,,,,,,,,,,,,,,,,,-0.9668698,,,,,,,,,,,,,,,,,,,,,
135_gen,-0.9254457,-0.9291705,-0.93607616,-0.9433963,-0.95023555,-0.9519103,-0.9571804,-0.96270245,-0.96885145,-0.97696066,-0.97951907,-0.9887821,-0.9892955,-0.9935478,-1.0010113,-1.0091916,-1.0148385,-1.0213519,-1.0278199,-1.0326579,-1.0375812,-1.0432463,-1.0490239,-1.0561019,-1.0619085,-1.0664833,-1.0721909,-1.0773644,-1.0840752,-1.0893184,-1.09042,-1.0945493,-1.0994934,-1.105984,-1.1106089,-1.1179622,-1.122226,-1.1276197,-1.1341789,-1.1330097,-1.1361961,-1.1414478,-1.1434819,-1.146677,-1.150064,-1.1549993,-1.160248,-1.1647727,-1.1702697,-1.1773362,-1.1866068,-1.1912482,-1.1966999,-1.2016436,-1.2059321,-1.2142657,-1.2194841,-1.2258835,-1.2300271,-1.2368428,-1.2440459,-1.2511799,-1.2594324,-1.2628165,-1.2691667,-1.2765367,-1.2823614,-1.286916,-1.2944715,-1.3006778
136_real,-1.2529619,,,,,,,,,,,,,,,,,,,,,,,,-1.2506824,,,,,,,,,,,,,,,,,,,,,,,,-1.1506994,,,,,,,,,,,,,,,,,,,,,
136_gen,-1.252962,-1.2620027,-1.2690805,-1.277717,-1.286324,-1.291725,-1.3011453,-1.3031907,-1.3124473,-1.3219552,-1.3264633,-1.3346022,-1.3430833,-1.3515141,-1.3572938,-1.360838,-1.3673952,-1.375453,-1.381468,-1.3860893,-1.3929175,-1.39664,-1.4017949,-1.4096339,-1.4165555,-1.4234626,-1.4313091,-1.4401147,-1.4492179,-1.4547108,-1.4617354,-1.4672012,-1.4728273,-1.476289,-1.4812839,-1.4913828,-1.4967852,-1.5005698,-1.5033844,-1.5101982,-1.5149872,-1.5185983,-1.5211893,-1.526554,-1.5317706,-1.5362444,-1.5412136,-1.5468575,-1.5541863,-1.5587372,-1.5675147,-1.5713279,-1.5764716,-1.5834278,-1.59108,-1.5950202,-1.6001179,-1.6080053,-1.6087797,-1.6147248,-1.6209621,-1.6270206,-1.6346567,-1.6425512,-1.6471246,-1.6541418,-1.660146,-1.6704447,-1.6721525,-1.6757383
137_real,-1.0126793,,,,,,,,,,,,,,,,,,,,,,,,-1.0791781,,,,,,,,,,,,,,,,,,,,,,,,-1.028589,,,,,,,,,,,,,,,,,,,,,
137_gen,-1.0126792,-1.0226598,-1.0336431,-1.039005,-1.0487587,-1.0555379,-1.0647566,-1.0737216,-1.082731,-1.0919912,-1.0976455,-1.104627,-1.113902,-1.121351,-1.1278847,-1.1334566,-1.1410747,-1.146575,-1.1526664,-1.1612848,-1.1706133,-1.1765563,-1.1839494,-1.189954,-1.1957906,-1.2021616,-1.2112889,-1.2183986,-1.2255293,-1.2305202,-1.2354089,-1.2426319,-1.2480314,-1.2534012,-1.2600498,-1.2675269,-1.2733123,-1.2786938,-1.286461,-1.295842,-1.3022652,-1.3096133,-1.3193324,-1.3265545,-1.3340051,-1.3412573,-1.3469536,-1.3531604,-1.3611957,-1.3688117,-1.3789625,-1.3857286,-1.3915983,-1.399931,-1.4065381,-1.4142553,-1.4242501,-1.4303808,-1.4375485,-1.4454582,-1.4542025,-1.460202,-1.4677603,-1.476883,-1.4817542,-1.4895915,-1.4975289,-1.5029128,-1.5143294,-1.5227811
138_real,0.21986458,,,,,,,,,,,,,,,,,,,,,,,,0.14473052,,,,,,,,,,,,,,,,,,,,,,,,0.20110068,,,,,,,,,,,,,,,,,,,,,
138_gen,0.21986458,0.21062437,0.2011598,0.19219714,0.1783211,0.17080098,0.16283603,0.1555527,0.1528774,0.14350371,0.13860679,0.13113785,0.12092209,0.112467885,0.10277508,0.09729272,0.08818628,0.083246246,0.078513175,0.07246806,0.066287294,0.057473052,0.05090522,0.04136344,0.03174492,0.021804804,0.015730826,0.00669119,0.0011029579,-0.00478103,-0.017727423,-0.022562295,-0.028470403,-0.03302495,-0.042109996,-0.04990633,-0.058190428,-0.06530452,-0.078455076,-0.08599164,-0.09419792,-0.10423491,-0.11366606,-0.121852994,-0.12996183,-0.13765204,-0.14707455,-0.15003404,-0.1610266,-0.1694623,-0.17925434,-0.18861869,-0.19570398,-0.20323224,-0.210248,-0.21887657,-0.22972634,-0.237324,-0.24453191,-0.25199896,-0.2614338,-0.27027127,-0.27663815,-0.28606558,-0.29330078,-0.30146676,-0.30681092,-0.31235757,-0.3196067,-0.3261419
139_real,0.28604186,,,,,,,,,,,,,,,,,,,,,,,,0.4084277,,,,,,,,,,,,,,,,,,,,,,,,0.86333597,,,,,,,,,,,,,,,,,,,,,
139_gen,0.28604183,0.27179974,0.26072374,0.248452,0.23514163,0.2285543,0.21754225,0.21039169,0.19998738,0.1935951,0.18076706,0.17154661,0.16286376,0.151005,0.14360705,0.14083867,0.13175091,0.12247001,0.11352605,0.104320906,0.09594713,0.08807774,0.076796725,0.07023148,0.061002623,0.051903404,0.04368553,0.035021152,0.029743671,0.025697734,0.016995663,0.0072669,-0.0009017175,-0.012502283,-0.02512464,-0.032976154,-0.041706003,-0.04944945,-0.058314066,-0.065479405,-0.07599547,-0.08704582,-0.09741424,-0.10468148,-0.11027396,-0.11795453,-0.12614718,-0.13998684,-0.1506733,-0.16264579,-0.17365193,-0.18281779,-0.19502567,-0.20589559,-0.2150948,-0.22585721,-0.23658457,-0.24982949,-0.25871545,-0.26493493,-0.27367318,-0.28466898,-0.29804373,-0.30529106,-0.3139766,-0.32375598,-0.3354445,-0.34298372,-0.354561,-0.3681057
140_real,0.17636482,,,,,,,,,,,,,,,,,,,,,,,,0.12964739,,,,,,,,,,,,,,,,,,,,,,,,0.13639252,,,,,,,,,,,,,,,,,,,,,
140_gen,0.17636481,0.16437183,0.15521584,0.1471664,0.13873276,0.1308541,0.12382974,0.11306461,0.103353545,0.09479819,0.08693996,0.0799781,0.06878221,0.060320355,0.050058268,0.041864254,0.03445343,0.026289573,0.01564708,0.0110736685,0.0026323623,-0.0077002407,-0.016415784,-0.02322212,-0.02934348,-0.039261896,-0.048429698,-0.05536445,-0.06470318,-0.07395063,-0.08333148,-0.094413914,-0.10825863,-0.11848383,-0.12920204,-0.13475218,-0.14342865,-0.14940071,-0.1555781,-0.16366795,-0.16969317,-0.17626469,-0.18556087,-0.19526485,-0.20456962,-0.21376833,-0.22313783,-0.23383574,-0.24204645,-0.24964455,-0.25972772,-0.2682255,-0.2790813,-0.28984937,-0.3007892,-0.3104705,-0.31993788,-0.330662,-0.3422354,-0.35175174,-0.3616248,-0.37308058,-0.3854398,-0.39353496,-0.39948207,-0.40882784,-0.4232815,-0.43176943,-0.44111276,-0.4509
141_real,0.4361174,,,,,,,,,,,,,,,,,,,,,,,,0.28770286,,,,,,,,,,,,,,,,,,,,,,,,0.22693269,,,,,,,,,,,,,,,,,,,,,
141_gen,0.4361174,0.4276908,0.41992632,0.41284305,0.40467772,0.3974624,0.39273915,0.38735646,0.38337654,0.3789316,0.37216848,0.36640683,0.362155,0.35892242,0.35288417,0.3464122,0.3403142,0.3350742,0.32978427,0.32405263,0.31930965,0.31070304,0.3059762,0.30019408,0.2933495,0.28832763,0.28119722,0.27558944,0.26948258,0.2620439,0.25369644,0.24958754,0.2436103,0.238501,0.23115046,0.22560959,0.22074148,0.21592157,0.208981,0.20220439,0.19666755,0.18767199,0.18172543,0.17529872,0.17205049,0.16763619,0.16093014,0.15581897,0.15038258,0.14645162,0.1406046,0.13331863,0.12767962,0.12099098,0.11425867,0.10653712,0.100705266,0.09570938,0.08822157,0.082514524,0.07630835,0.06925931,0.06484923,0.058332086,0.0490522,0.04546051,0.042278342,0.03671506,0.030849943,0.023187544
142_real,0.13357292,,,,,,,,,,,,,,,,,,,,,,,,0.071021,,,,,,,,,,,,,,,,,,,,,,,,-0.121117264,,,,,,,,,,,,,,,,,,,,,
142_gen,0.13357292,0.11842098,0.10849993,0.0989853,0.09340509,0.08375058,0.07495816,0.06708278,0.060808666,0.0523885,0.045935247,0.03677895,0.027490228,0.021163058,0.013659013,0.006761217,0.0017057719,-0.0042121,-0.008527467,-0.012520651,-0.020900417,-0.02647003,-0.033708744,-0.039656844,-0.0427581,-0.05135082,-0.058527924,-0.06735935,-0.074979976,-0.078493215,-0.08542894,-0.091324225,-0.097660676,-0.10331343,-0.10495343,-0.10846416,-0.112704135,-0.11913975,-0.12714216,-0.13132182,-0.13804916,-0.1454541,-0.15282185,-0.15727954,-0.16074488,-0.16665837,-0.17100336,-0.17586645,-0.1805912,-0.18858746,-0.19602332,-0.20154385,-0.20837557,-0.21469922,-0.22143586,-0.22504704,-0.22959118,-0.23698597,-0.24280235,-0.24884348,-0.255293,-0.2588793,-0.26449227,-0.2695906,-0.27498654,-0.2812329,-0.2895055,-0.29702428,-0.30273744,-0.30858222
143_real,-0.03510875,,,,,,,,,,,,,,,,,,,,,,,,-0.084403776,,,,,,,,,,,,,,,,,,,,,,,,-0.020338258,,,,,,,,,,,,,,,,,,,,,
143_gen,-0.03510875,-0.041321114,-0.049411424,-0.05536927,-0.061600793,-0.06527584,-0.070982,-0.07445603,-0.081036374,-0.08385931,-0.08817183,-0.09283669,-0.0978479,-0.10438792,-0.10833311,-0.11332568,-0.11808653,-0.12472894,-0.1299447,-0.13598165,-0.13875093,-0.14168635,-0.14847521,-0.15094474,-0.15686801,-0.16060528,-0.16492637,-0.16890518,-0.1736373,-0.17848733,-0.18380101,-0.18864709,-0.19390723,-0.197606,-0.20208275,-0.2077012,-0.21190605,-0.2171196,-0.22150306,-0.2245224,-0.22763571,-0.23118699,-0.23759893,-0.2396904,-0.24498174,-0.24915433,-0.2534524,-0.25669938,-0.26156527,-0.26803842,-0.27065,-0.2762012,-0.2800602,-0.28397995,-0.2896225,-0.29421574,-0.30172285,-0.3070508,-0.31012535,-0.31322458,-0.31874126,-0.32234055,-0.32618093,-0.3304681,-0.3344039,-0.33685297,-0.34061345,-0.3444189,-0.34825784,-0.3531124
144_real,-0.96105087,,,,,,,,,,,,,,,,,,,,,,,,-1.0250655,,,,,,,,,,,,,,,,,,,,,,,,-1.1724823,,,,,,,,,,,,,,,,,,,,,
144_gen,-0.96105087,-0.96886426,-0.97579753,-0.9813698,-0.98789704,-0.99147403,-0.9967348,-1.001295,-1.0050502,-1.0127964,-1.0193105,-1.0221938,-1.026303,-1.0326574,-1.035814,-1.0400293,-1.0420798,-1.045007,-1.0514855,-1.0544722,-1.0591235,-1.0638392,-1.0693976,-1.0743122,-1.0799881,-1.0862665,-1.0908048,-1.0938733,-1.0985761,-1.103152,-1.1068203,-1.112683,-1.117931,-1.1211717,-1.1244893,-1.12805,-1.1313616,-1.1353743,-1.1402265,-1.144145,-1.1491535,-1.153659,-1.1602786,-1.1619098,-1.1671869,-1.1741114,-1.1802516,-1.1843891,-1.1910603,-1.1959004,-1.2008811,-1.2063329,-1.2093493,-1.2141933,-1.2171474,-1.222879,-1.2283018,-1.2331916,-1.2384351,-1.2420065,-1.2472554,-1.2512522,-1.2577816,-1.263199,-1.2672079,-1.272528,-1.2750909,-1.279937,-1.2859936,-1.2917538
