ROI,Month_0,Month_1,Month_2,Month_3,Month_4,Month_5,Month_6,Month_7,Month_8,Month_9,Month_10,Month_11,Month_12,Month_13,Month_14,Month_15,Month_16,Month_17,Month_18,Month_19,Month_20,Month_21,Month_22,Month_23,Month_24,Month_25,Month_26,Month_27,Month_28,Month_29,Month_30,Month_31,Month_32,Month_33,Month_34,Month_35,Month_36,Month_37,Month_38,Month_39,Month_40,Month_41,Month_42,Month_43,Month_44,Month_45,Month_46,Month_47,Month_48,Month_49,Month_50,Month_51,Month_52,Month_53,Month_54,Month_55,Month_56,Month_57,Month_58,Month_59,Month_60,Month_61,Month_62,Month_63,Month_64,Month_65,Month_66,Month_67,Month_68,Month_69
0_real,-1.3893548,,,,,,,,,,,,,,,,,,,,,,,,,,,,,,,,,,,,,,,,,,,,-1.5848469,,,,,,,,,,,,,,,,,,,,,,,,,
0_gen,-1.3893548,-1.3824801,-1.3770034,-1.3692992,-1.361543,-1.356037,-1.3499142,-1.3445338,-1.3393567,-1.3313522,-1.3242497,-1.3178997,-1.3124721,-1.3068869,-1.3013856,-1.2950438,-1.288711,-1.2822601,-1.2754811,-1.2685319,-1.2626065,-1.2570922,-1.250747,-1.2448814,-1.2400656,-1.2332308,-1.2280102,-1.2216383,-1.2159193,-1.2112277,-1.2045028,-1.1962701,-1.1893051,-1.18438,-1.1768856,-1.1701622,-1.1636575,-1.1569958,-1.1505704,-1.1431117,-1.1380942,-1.1310108,-1.1238356,-1.1171472,-1.1120725,-1.1037564,-1.0982941,-1.0925223,-1.0870615,-1.0793575,-1.0731899,-1.0667784,-1.0593358,-1.0519598,-1.043666,-1.0363322,-1.0305454,-1.0229948,-1.0172076,-1.0106279,-1.0051054,-0.9985449,-0.99106055,-0.9858368,-0.9788742,-0.97368777,-0.9666473,-0.9608116,-0.9536055,-0.9457154
1_real,0.16945367,,,,,,,,,,,,,,,,,,,,,,,,,,,,,,,,,,,,,,,,,,,,0.2690661,,,,,,,,,,,,,,,,,,,,,,,,,
1_gen,0.16945365,0.1706195,0.1704074,0.17042892,0.17188837,0.17317241,0.17505841,0.176066,0.17704873,0.18023142,0.18216632,0.18491265,0.18737268,0.1887,0.19079988,0.19400474,0.19506998,0.19678183,0.19825646,0.19996677,0.2026302,0.20457193,0.20705979,0.20891759,0.21060917,0.21333627,0.21522346,0.21648529,0.21735139,0.21938989,0.22134228,0.22342153,0.22619462,0.22914132,0.23098409,0.23386112,0.23687398,0.23806813,0.24105847,0.24376798,0.24645576,0.2492307,0.24974653,0.25310016,0.25572208,0.2565262,0.2592567,0.26228556,0.26547623,0.26858103,0.27084994,0.27304992,0.27367672,0.27734903,0.27932578,0.2817242,0.28389403,0.28631285,0.2894565,0.29343998,0.29551333,0.29738206,0.29777455,0.30131716,0.30237263,0.3050627,0.3097828,0.31320664,0.31472448,0.31809443
2_real,-0.5546137,,,,,,,,,,,,,,,,,,,,,,,,,,,,,,,,,,,,,,,,,,,,-0.68495244,,,,,,,,,,,,,,,,,,,,,,,,,
2_gen,-0.55461365,-0.56392574,-0.57402277,-0.5847126,-0.5941982,-0.60371846,-0.6121529,-0.620969,-0.62873256,-0.63701713,-0.6466054,-0.65512836,-0.6622067,-0.66806567,-0.6737826,-0.6799346,-0.6869983,-0.6950432,-0.70462775,-0.71036226,-0.7168953,-0.72716343,-0.73391455,-0.7428776,-0.7504779,-0.7558466,-0.76240987,-0.7680683,-0.773136,-0.77902126,-0.7844539,-0.792024,-0.7998797,-0.8073934,-0.8159501,-0.82478076,-0.83140916,-0.8385164,-0.8453129,-0.8556779,-0.8629662,-0.87269896,-0.88053197,-0.8854804,-0.8972061,-0.903667,-0.9118379,-0.9187916,-0.92520636,-0.93432266,-0.9405147,-0.9473012,-0.951564,-0.9592746,-0.968596,-0.97559536,-0.982582,-0.9908468,-0.996956,-1.0041759,-1.0104132,-1.0174437,-1.0230691,-1.0308197,-1.0396748,-1.0468553,-1.05509,-1.0637927,-1.0730345,-1.0804136
3_real,0.023149868,,,,,,,,,,,,,,,,,,,,,,,,,,,,,,,,,,,,,,,,,,,,-0.16515271,,,,,,,,,,,,,,,,,,,,,,,,,
3_gen,0.023149867,0.010109678,0.0011945295,-0.009873748,-0.017649021,-0.026455024,-0.03507219,-0.042586494,-0.05183698,-0.060830526,-0.06693379,-0.07430112,-0.08163341,-0.09122536,-0.10143779,-0.11278208,-0.11904963,-0.12815829,-0.13586442,-0.14295784,-0.15006684,-0.158901,-0.16810891,-0.17514703,-0.17985246,-0.18832266,-0.19752482,-0.20660758,-0.217855,-0.22578403,-0.23373929,-0.24135931,-0.24848334,-0.25700003,-0.2641302,-0.2746444,-0.282971,-0.2915805,-0.29779333,-0.30732462,-0.31467584,-0.3207892,-0.3294408,-0.33683902,-0.34493607,-0.35322833,-0.36354905,-0.3683095,-0.3745672,-0.38193712,-0.3924046,-0.3999585,-0.40496936,-0.41448385,-0.42385784,-0.43072826,-0.43949,-0.44744644,-0.45341307,-0.46072236,-0.4700206,-0.4810466,-0.48766008,-0.49945387,-0.5103837,-0.5208365,-0.5287749,-0.53848565,-0.5439848,-0.55322486
4_real,0.33749935,,,,,,,,,,,,,,,,,,,,,,,,,,,,,,,,,,,,,,,,,,,,0.32330787,,,,,,,,,,,,,,,,,,,,,,,,,
4_gen,0.33749935,0.33336365,0.32115623,0.30918702,0.29681152,0.28974736,0.2811381,0.2750911,0.26858282,0.25876132,0.25256568,0.2435304,0.23388329,0.22402668,0.21828389,0.21214917,0.21075563,0.20114556,0.19859405,0.1925673,0.18344516,0.1711262,0.1632971,0.15470211,0.14426348,0.13897753,0.1286093,0.123258926,0.1219189,0.11104922,0.09838176,0.0961667,0.09039278,0.08333495,0.07118343,0.0621017,0.05580452,0.04742748,0.03998532,0.028663883,0.019638369,0.011949217,-0.0015359115,-0.006892091,-0.014758818,-0.021644585,-0.032868847,-0.041731585,-0.052163493,-0.06321845,-0.075724855,-0.082054466,-0.09035738,-0.09768856,-0.10572519,-0.10857483,-0.11799643,-0.12905648,-0.13950835,-0.14673933,-0.15903974,-0.16811709,-0.17359316,-0.18233542,-0.19072202,-0.20212603,-0.20688982,-0.21657303,-0.22411533,-0.23133901
5_real,-1.2150104,,,,,,,,,,,,,,,,,,,,,,,,,,,,,,,,,,,,,,,,,,,,-1.4871566,,,,,,,,,,,,,,,,,,,,,,,,,
5_gen,-1.2150105,-1.2257538,-1.2398995,-1.2477571,-1.2585174,-1.2679408,-1.2754492,-1.2891511,-1.297655,-1.305849,-1.3193806,-1.3283975,-1.3369969,-1.3499782,-1.3582878,-1.3693876,-1.3780626,-1.3913774,-1.397526,-1.4102998,-1.4169239,-1.4268326,-1.4374446,-1.4507478,-1.4630073,-1.4732196,-1.4816178,-1.491267,-1.5005171,-1.5121311,-1.5201328,-1.5279461,-1.534029,-1.5450404,-1.5515318,-1.5573242,-1.5684826,-1.5799575,-1.5901529,-1.5991561,-1.6065451,-1.6205645,-1.6307844,-1.6402442,-1.6488622,-1.6619818,-1.674557,-1.6864319,-1.6963612,-1.707545,-1.7238519,-1.7383068,-1.7510866,-1.7634668,-1.7752491,-1.7898651,-1.7997782,-1.8106302,-1.8214775,-1.8304617,-1.8410418,-1.8515422,-1.8635219,-1.8703585,-1.8792441,-1.8894039,-1.9012915,-1.9141293,-1.9266983,-1.9385796
6_real,-1.3179332,,,,,,,,,,,,,,,,,,,,,,,,,,,,,,,,,,,,,,,,,,,,-1.270441,,,,,,,,,,,,,,,,,,,,,,,,,
6_gen,-1.3179332,-1.318303,-1.3183646,-1.3200123,-1.3212879,-1.3226407,-1.3236086,-1.3235741,-1.324749,-1.3256389,-1.3277512,-1.3302833,-1.331099,-1.3326476,-1.3332102,-1.3341475,-1.3358257,-1.3365844,-1.3383725,-1.339823,-1.3415229,-1.3441525,-1.3475001,-1.3498003,-1.3521149,-1.3547171,-1.3569839,-1.3598558,-1.3619448,-1.3640468,-1.3662632,-1.3671364,-1.3686235,-1.3718758,-1.3732581,-1.3735384,-1.3755745,-1.3762051,-1.3784409,-1.3792717,-1.3813864,-1.3832197,-1.3855752,-1.3878145,-1.3892725,-1.3905002,-1.3927541,-1.3947188,-1.396054,-1.3981755,-1.3995931,-1.4012942,-1.4025598,-1.4044061,-1.4048126,-1.4058639,-1.4062397,-1.4094844,-1.4119799,-1.4146812,-1.4161831,-1.4181843,-1.4200919,-1.4212625,-1.4223241,-1.4253823,-1.4272236,-1.428249,-1.429467,-1.4331603
7_real,-1.0244718,,,,,,,,,,,,,,,,,,,,,,,,,,,,,,,,,,,,,,,,,,,,-1.2706271,,,,,,,,,,,,,,,,,,,,,,,,,
7_gen,-1.0244716,-1.0271074,-1.0284879,-1.0280124,-1.0284156,-1.0276163,-1.0280836,-1.0271751,-1.0287246,-1.0316484,-1.0315669,-1.0321895,-1.0311226,-1.0304208,-1.0316163,-1.032304,-1.0322632,-1.0333936,-1.0323409,-1.035033,-1.0360887,-1.0386069,-1.0405799,-1.0418167,-1.0425833,-1.0445465,-1.0436448,-1.0442069,-1.045703,-1.0464715,-1.0462452,-1.045452,-1.0458548,-1.0476177,-1.0456285,-1.0457228,-1.0471199,-1.046408,-1.0467536,-1.0465199,-1.0455043,-1.0457588,-1.0457263,-1.0475923,-1.046099,-1.0458838,-1.0451758,-1.0465965,-1.0460507,-1.0452294,-1.0445083,-1.0448662,-1.0460491,-1.0454351,-1.0467094,-1.04802,-1.0487663,-1.0485153,-1.0492826,-1.0495428,-1.047743,-1.0451673,-1.0459864,-1.044503,-1.0436707,-1.0430496,-1.0427529,-1.0433569,-1.043309,-1.0434058
8_real,-1.5252371,,,,,,,,,,,,,,,,,,,,,,,,,,,,,,,,,,,,,,,,,,,,-1.3614165,,,,,,,,,,,,,,,,,,,,,,,,,
8_gen,-1.5252371,-1.529758,-1.5333463,-1.5368675,-1.5398271,-1.540218,-1.5452468,-1.5478153,-1.5487047,-1.5507464,-1.5536996,-1.5537294,-1.5570081,-1.5589886,-1.5609858,-1.5640298,-1.5654026,-1.5690018,-1.5694945,-1.5726855,-1.5721141,-1.571696,-1.5707811,-1.5719374,-1.5739352,-1.5745236,-1.5766032,-1.5776432,-1.580507,-1.5829895,-1.5842031,-1.5814387,-1.5831048,-1.5842069,-1.5836632,-1.5872729,-1.5898795,-1.5902938,-1.5921179,-1.5951462,-1.5942448,-1.5969245,-1.5984485,-1.5997496,-1.6009777,-1.6016442,-1.6036909,-1.6080666,-1.6089647,-1.6105824,-1.6121044,-1.6142668,-1.6152729,-1.6180512,-1.6196902,-1.618445,-1.6214616,-1.6205444,-1.6209457,-1.6243273,-1.6260602,-1.6274621,-1.6270607,-1.6279714,-1.6289558,-1.6302385,-1.6310047,-1.6314551,-1.6335636,-1.6359692
9_real,-0.9727787,,,,,,,,,,,,,,,,,,,,,,,,,,,,,,,,,,,,,,,,,,,,-0.98298883,,,,,,,,,,,,,,,,,,,,,,,,,
9_gen,-0.9727787,-0.9727146,-0.9735662,-0.9766968,-0.9809774,-0.9847108,-0.9889776,-0.9930135,-0.99814546,-1.0024145,-1.0024325,-1.0059552,-1.0135043,-1.0193741,-1.0233133,-1.0292614,-1.034725,-1.0384294,-1.0399975,-1.0436183,-1.0507019,-1.0555761,-1.0599015,-1.0661474,-1.072596,-1.0767481,-1.0787461,-1.0816529,-1.0853995,-1.0909806,-1.0976946,-1.1022819,-1.1077478,-1.1103979,-1.1128777,-1.1206276,-1.123522,-1.1245472,-1.1298554,-1.1347147,-1.1384492,-1.1423168,-1.1466482,-1.1500969,-1.1539818,-1.158036,-1.161707,-1.1686069,-1.1720307,-1.1791464,-1.1831217,-1.1897316,-1.1943004,-1.2016013,-1.2079881,-1.2145662,-1.2232138,-1.2236555,-1.2245073,-1.2326058,-1.2373269,-1.242154,-1.246285,-1.2518249,-1.2555089,-1.2588545,-1.2670525,-1.2717232,-1.2761356,-1.2811658
10_real,0.6921452,,,,,,,,,,,,,,,,,,,,,,,,,,,,,,,,,,,,,,,,,,,,0.5654213,,,,,,,,,,,,,,,,,,,,,,,,,
10_gen,0.6921453,0.6889328,0.68397975,0.6798829,0.6785431,0.6750032,0.67100334,0.6643979,0.6605813,0.6575439,0.6515961,0.64578545,0.641988,0.6318181,0.62863916,0.62285817,0.6141969,0.6091583,0.6014869,0.5961374,0.59116435,0.58250034,0.577388,0.56850076,0.56332797,0.5586082,0.55313396,0.5480576,0.54247296,0.53622884,0.5280722,0.5236215,0.51491886,0.50911534,0.5003894,0.49331933,0.48693696,0.4800334,0.473094,0.4651122,0.45812076,0.4491774,0.44258776,0.4342826,0.42767864,0.42108446,0.41527373,0.40899196,0.40247425,0.39652583,0.3885342,0.38419715,0.37826538,0.37060952,0.3652934,0.35512513,0.3470184,0.34118304,0.33522856,0.32948676,0.3243942,0.31673926,0.30965298,0.30144864,0.29106933,0.2851823,0.27825248,0.2716101,0.26321906,0.25564712
11_real,-0.45069474,,,,,,,,,,,,,,,,,,,,,,,,,,,,,,,,,,,,,,,,,,,,-0.5669188,,,,,,,,,,,,,,,,,,,,,,,,,
11_gen,-0.45069474,-0.44453344,-0.44372907,-0.44417572,-0.44230127,-0.44245878,-0.44190574,-0.44097513,-0.43957275,-0.43961176,-0.4366199,-0.4390459,-0.4401772,-0.43820754,-0.4389654,-0.4358639,-0.43759808,-0.43843755,-0.439493,-0.4377183,-0.43919063,-0.44313282,-0.44659814,-0.44892615,-0.4474302,-0.44941777,-0.45281512,-0.45286816,-0.45361972,-0.45699272,-0.46009177,-0.46348983,-0.46618098,-0.46663022,-0.46736655,-0.46631894,-0.47211418,-0.47716576,-0.48099986,-0.47969365,-0.4818228,-0.48099503,-0.48272198,-0.4844032,-0.48732343,-0.48725447,-0.48838758,-0.4906003,-0.49298292,-0.494788,-0.4957586,-0.49292392,-0.49443778,-0.49469012,-0.4951149,-0.50059354,-0.5026082,-0.5043998,-0.5064801,-0.50571954,-0.5083941,-0.51166385,-0.5117374,-0.5124738,-0.514498,-0.5127942,-0.5158966,-0.51770943,-0.52192557,-0.5259273
12_real,-0.6327473,,,,,,,,,,,,,,,,,,,,,,,,,,,,,,,,,,,,,,,,,,,,-0.7092155,,,,,,,,,,,,,,,,,,,,,,,,,
12_gen,-0.63274723,-0.6278125,-0.62871313,-0.6303545,-0.63333094,-0.63508046,-0.638026,-0.6370221,-0.6402978,-0.6406604,-0.640986,-0.64503455,-0.6473687,-0.6474142,-0.6501111,-0.65233725,-0.6550426,-0.6561114,-0.6615863,-0.6593069,-0.6622948,-0.6663747,-0.66809976,-0.67155087,-0.6729461,-0.67379385,-0.67405576,-0.67733824,-0.6820313,-0.6857828,-0.68741494,-0.6942151,-0.698692,-0.70337,-0.71008193,-0.71318567,-0.71857184,-0.7206718,-0.72177887,-0.7285804,-0.7336869,-0.73697084,-0.7410714,-0.74408334,-0.74630696,-0.7514905,-0.7523907,-0.7552413,-0.76109207,-0.76817536,-0.774205,-0.7784559,-0.78005034,-0.78366554,-0.78783214,-0.79605263,-0.79852116,-0.8025819,-0.804638,-0.8090194,-0.81223476,-0.8157507,-0.8155678,-0.81753033,-0.81757194,-0.82208556,-0.825374,-0.8314129,-0.83290845,-0.8400955
13_real,-2.1584003,,,,,,,,,,,,,,,,,,,,,,,,,,,,,,,,,,,,,,,,,,,,-2.1087785,,,,,,,,,,,,,,,,,,,,,,,,,
13_gen,-2.1584,-2.1689048,-2.1797118,-2.190641,-2.2017295,-2.214388,-2.22474,-2.2326083,-2.2419646,-2.2490563,-2.2604318,-2.2729545,-2.2816062,-2.2906783,-2.2965379,-2.3050077,-2.3141007,-2.3234127,-2.3341746,-2.341829,-2.3505096,-2.3601823,-2.3671699,-2.375376,-2.3832166,-2.3921673,-2.4002438,-2.4065819,-2.4151013,-2.4256022,-2.4324422,-2.4399042,-2.4469354,-2.4540198,-2.4601324,-2.465265,-2.473629,-2.4875073,-2.4967113,-2.501922,-2.5097327,-2.517966,-2.5241551,-2.533172,-2.5457604,-2.5551648,-2.5635448,-2.5717003,-2.5820456,-2.5892298,-2.599814,-2.6099808,-2.6192553,-2.6312444,-2.640799,-2.6487074,-2.6601799,-2.6722465,-2.6791906,-2.6905088,-2.7012591,-2.7107599,-2.7212996,-2.731616,-2.7413332,-2.7511427,-2.7614665,-2.772696,-2.783132,-2.7945428
14_real,-1.7724575,,,,,,,,,,,,,,,,,,,,,,,,,,,,,,,,,,,,,,,,,,,,-1.7709082,,,,,,,,,,,,,,,,,,,,,,,,,
14_gen,-1.7724574,-1.7836195,-1.7948658,-1.8057365,-1.8165184,-1.8260065,-1.8373035,-1.850016,-1.8597383,-1.867397,-1.8763059,-1.8870575,-1.8978078,-1.9054677,-1.9176733,-1.928598,-1.9376427,-1.9476328,-1.9571387,-1.9660496,-1.9769232,-1.9857258,-1.9963655,-2.0059373,-2.0187593,-2.0278246,-2.0353425,-2.048426,-2.0577092,-2.0678988,-2.0776222,-2.0870805,-2.0981774,-2.1079354,-2.1186357,-2.1306176,-2.1400115,-2.15093,-2.1576893,-2.168063,-2.1779017,-2.189237,-2.2008367,-2.2129624,-2.2230585,-2.2336442,-2.244183,-2.2520158,-2.2639165,-2.2740846,-2.2799773,-2.288297,-2.2957442,-2.3077204,-2.3190937,-2.3314483,-2.345922,-2.3566785,-2.3679981,-2.3777928,-2.386764,-2.3941665,-2.4038186,-2.4158304,-2.428083,-2.441519,-2.452655,-2.4622948,-2.4737537,-2.4877014
15_real,0.06318899,,,,,,,,,,,,,,,,,,,,,,,,,,,,,,,,,,,,,,,,,,,,0.021852532,,,,,,,,,,,,,,,,,,,,,,,,,
15_gen,0.063188985,0.07304611,0.08819401,0.10914286,0.1170946,0.12762338,0.14037804,0.15061654,0.16645035,0.1799883,0.19466881,0.20742702,0.21908453,0.23458986,0.24761753,0.26050887,0.27328572,0.28999037,0.30282122,0.3141318,0.32820553,0.34573606,0.3567843,0.37624398,0.39533624,0.40975714,0.42176396,0.43199453,0.44558668,0.4597466,0.47330743,0.4893581,0.5014447,0.5150561,0.53037566,0.53812337,0.54988986,0.561196,0.5798743,0.5949639,0.607967,0.6172342,0.6339437,0.64722794,0.6601458,0.67165875,0.68666226,0.70486975,0.71664673,0.7275439,0.74759674,0.76275957,0.77620655,0.7920666,0.80895156,0.82391196,0.8380772,0.85529935,0.8642216,0.87507945,0.88955057,0.9034112,0.92171335,0.9339801,0.9446475,0.9626867,0.9809988,0.99158275,1.0074797,1.020982
16_real,-0.28440607,,,,,,,,,,,,,,,,,,,,,,,,,,,,,,,,,,,,,,,,,,,,-0.16547388,,,,,,,,,,,,,,,,,,,,,,,,,
16_gen,-0.2844061,-0.27620846,-0.26268604,-0.24819353,-0.23395188,-0.21761842,-0.21052587,-0.19481763,-0.18220223,-0.16669253,-0.15956971,-0.14675894,-0.13480505,-0.12353035,-0.11470952,-0.101695314,-0.09464171,-0.083584964,-0.06624636,-0.047468882,-0.03774612,-0.02551117,-0.011144778,0.005182649,0.014623562,0.03079922,0.045857064,0.062443,0.0789985,0.08673245,0.102954865,0.11799371,0.12517281,0.14241078,0.15664776,0.17423238,0.1856544,0.19813964,0.21371767,0.22533886,0.23581645,0.2474043,0.26561207,0.28143954,0.29750025,0.30756906,0.3259898,0.3397023,0.3550046,0.36814398,0.38283044,0.39874858,0.4153646,0.4233672,0.440161,0.45930725,0.47363606,0.49028602,0.5070863,0.52114075,0.53895175,0.55679923,0.570149,0.58204764,0.59696,0.6154942,0.6282358,0.64041907,0.660936,0.68469876
17_real,-0.049015258,,,,,,,,,,,,,,,,,,,,,,,,,,,,,,,,,,,,,,,,,,,,-0.21139868,,,,,,,,,,,,,,,,,,,,,,,,,
17_gen,-0.049015258,-0.03970622,-0.03062315,-0.0208195,-0.013201738,-0.0016753407,0.010744013,0.021950599,0.029838871,0.039457154,0.05054413,0.06055514,0.070274286,0.078274384,0.087156095,0.096541986,0.10576703,0.11428024,0.12349157,0.13194093,0.14035892,0.1493989,0.16094403,0.16894016,0.17876902,0.1883143,0.20019338,0.20835046,0.2183414,0.22749662,0.23641703,0.24413922,0.24973531,0.25516224,0.26518923,0.27462462,0.28355366,0.29306132,0.3022397,0.31332228,0.32265875,0.33180547,0.34068865,0.3481523,0.35546145,0.3644923,0.37221828,0.37961596,0.38886604,0.39997226,0.4122757,0.4218619,0.4315608,0.44018298,0.44878587,0.45583233,0.46318358,0.4717918,0.47922587,0.48812285,0.5018181,0.5116655,0.5206815,0.53133774,0.5429374,0.55152446,0.5640893,0.5712247,0.58090657,0.5912773
18_real,-0.6717483,,,,,,,,,,,,,,,,,,,,,,,,,,,,,,,,,,,,,,,,,,,,-0.64508224,,,,,,,,,,,,,,,,,,,,,,,,,
18_gen,-0.6717482,-0.66718495,-0.6581309,-0.65442497,-0.6447376,-0.6344396,-0.62898433,-0.6209712,-0.6137845,-0.6056363,-0.59859025,-0.59051025,-0.58244956,-0.57525516,-0.5660341,-0.5587304,-0.5495692,-0.5421696,-0.53598094,-0.52875006,-0.5247464,-0.5199016,-0.5095877,-0.50053596,-0.4941876,-0.48558727,-0.4768394,-0.47253138,-0.46766979,-0.46112236,-0.45312476,-0.44712764,-0.43964505,-0.4309728,-0.42523012,-0.41312504,-0.40725142,-0.40014333,-0.39030808,-0.38043994,-0.37496278,-0.37241536,-0.36335382,-0.35599732,-0.34548968,-0.33541328,-0.3245774,-0.3151595,-0.3077708,-0.30119866,-0.29469943,-0.28702858,-0.28096417,-0.26908976,-0.25921765,-0.25032982,-0.2394683,-0.23089695,-0.22156636,-0.21433559,-0.20580634,-0.19561937,-0.18585837,-0.17718658,-0.16524151,-0.15466605,-0.14433184,-0.13489491,-0.12668721,-0.11563642
19_real,0.10903756,,,,,,,,,,,,,,,,,,,,,,,,,,,,,,,,,,,,,,,,,,,,-0.29586592,,,,,,,,,,,,,,,,,,,,,,,,,
19_gen,0.10903756,0.10259302,0.09640019,0.09108476,0.08782047,0.081011005,0.075662084,0.069928296,0.06460975,0.058655657,0.0527953,0.04750655,0.041335672,0.03614255,0.03246063,0.028370848,0.02277182,0.015570948,0.01021141,0.005551847,1.01648275e-05,-0.0034578298,-0.005707477,-0.010283662,-0.0151267825,-0.020862654,-0.024057526,-0.025257181,-0.027923469,-0.03240852,-0.03727209,-0.04114172,-0.044801023,-0.05051138,-0.054844398,-0.060910337,-0.0659507,-0.071178555,-0.074551634,-0.07909919,-0.08260822,-0.08434944,-0.09001129,-0.092956915,-0.09583671,-0.099819124,-0.10369394,-0.10899039,-0.112106346,-0.116461515,-0.12204085,-0.12555124,-0.12997566,-0.13373865,-0.1373287,-0.14162955,-0.14541014,-0.14801642,-0.15059717,-0.1536343,-0.15897489,-0.16549364,-0.16718546,-0.17161302,-0.1743481,-0.17853291,-0.18280882,-0.1869376,-0.19134392,-0.19608465
20_real,-1.4396105,,,,,,,,,,,,,,,,,,,,,,,,,,,,,,,,,,,,,,,,,,,,-1.8631077,,,,,,,,,,,,,,,,,,,,,,,,,
20_gen,-1.4396105,-1.4447023,-1.4499954,-1.4542398,-1.4584982,-1.463827,-1.4682748,-1.4728476,-1.4776847,-1.4845558,-1.4900339,-1.493636,-1.4990776,-1.5040164,-1.5095098,-1.5131352,-1.5172088,-1.5204626,-1.5253999,-1.5313079,-1.5364417,-1.5427625,-1.5490296,-1.5527815,-1.5588782,-1.5651872,-1.5713686,-1.5760472,-1.5798312,-1.5862421,-1.5904646,-1.5975695,-1.6043072,-1.608403,-1.6126728,-1.618881,-1.62481,-1.6299407,-1.6347138,-1.6395203,-1.6449623,-1.6505451,-1.6579468,-1.664023,-1.6700815,-1.6763061,-1.6806164,-1.683588,-1.6895478,-1.6946566,-1.6978943,-1.7027613,-1.7081286,-1.7132667,-1.7183685,-1.7247612,-1.73052,-1.7365478,-1.741081,-1.7459618,-1.7506082,-1.7553192,-1.7604414,-1.7646637,-1.7694769,-1.7747482,-1.781481,-1.789259,-1.7954891,-1.8037975
21_real,-1.0129986,,,,,,,,,,,,,,,,,,,,,,,,,,,,,,,,,,,,,,,,,,,,-1.0559143,,,,,,,,,,,,,,,,,,,,,,,,,
21_gen,-1.0129986,-1.0191418,-1.0263195,-1.0334318,-1.0380723,-1.0454558,-1.0517381,-1.0541389,-1.059181,-1.0638573,-1.0684559,-1.0762643,-1.0815222,-1.0870811,-1.0908749,-1.0958993,-1.1018133,-1.1084187,-1.1119604,-1.1192662,-1.1249933,-1.128897,-1.133654,-1.1401306,-1.1464701,-1.1507376,-1.1542051,-1.1576668,-1.164396,-1.1720501,-1.1754578,-1.17943,-1.1827513,-1.1859087,-1.1907367,-1.1939884,-1.1953969,-1.2003744,-1.2057723,-1.2119768,-1.2189424,-1.2225889,-1.2277023,-1.2333014,-1.2398461,-1.2440634,-1.2480419,-1.2494941,-1.256503,-1.2612154,-1.2670848,-1.2688183,-1.2731135,-1.276767,-1.2826631,-1.2907002,-1.2944214,-1.3003596,-1.30345,-1.3071059,-1.3114713,-1.3140469,-1.3185854,-1.3238727,-1.3266256,-1.3306253,-1.3355078,-1.3411018,-1.3488383,-1.3549451
22_real,-0.54372144,,,,,,,,,,,,,,,,,,,,,,,,,,,,,,,,,,,,,,,,,,,,-0.6696827,,,,,,,,,,,,,,,,,,,,,,,,,
22_gen,-0.5437214,-0.5511991,-0.5579751,-0.56495017,-0.5695873,-0.57379705,-0.5753614,-0.5803516,-0.5815353,-0.5856603,-0.5904101,-0.5975063,-0.5995126,-0.6039451,-0.6083008,-0.6134023,-0.6168216,-0.61945903,-0.62451637,-0.629,-0.6343057,-0.64004076,-0.6412221,-0.64523596,-0.6487485,-0.65296274,-0.6613854,-0.6665066,-0.67057675,-0.67463785,-0.6790245,-0.68469536,-0.6897317,-0.6943029,-0.69850314,-0.70360917,-0.7053348,-0.71140385,-0.7159394,-0.71663177,-0.72109663,-0.72565067,-0.72742665,-0.73299706,-0.7387275,-0.7415955,-0.7444807,-0.74786437,-0.75286096,-0.7566692,-0.75994927,-0.7629309,-0.7660781,-0.7706963,-0.774855,-0.7771368,-0.78234494,-0.7864387,-0.7861371,-0.7896925,-0.7919673,-0.79264534,-0.7959062,-0.80026704,-0.80393857,-0.80767965,-0.8126621,-0.8172635,-0.82040393,-0.82653886
23_real,0.21559897,,,,,,,,,,,,,,,,,,,,,,,,,,,,,,,,,,,,,,,,,,,,0.1604038,,,,,,,,,,,,,,,,,,,,,,,,,
23_gen,0.21559897,0.20641229,0.1982309,0.19069152,0.18208162,0.17439982,0.16712019,0.15854013,0.15246555,0.14255588,0.13427116,0.12970307,0.12358157,0.11868961,0.109684184,0.103320315,0.09648784,0.08981153,0.07997885,0.074085094,0.06976966,0.06391296,0.056167156,0.048250437,0.040694006,0.036164153,0.030120647,0.023056734,0.017946482,0.011770524,0.0042934725,-0.0002040945,-0.0071856277,-0.012060052,-0.018893065,-0.024030127,-0.032490354,-0.037279975,-0.0423517,-0.048648737,-0.05396118,-0.057308573,-0.06314993,-0.07017677,-0.075406104,-0.0802281,-0.08553464,-0.092844516,-0.09742682,-0.10281704,-0.10965059,-0.116158746,-0.123280466,-0.13091463,-0.13617338,-0.14380524,-0.1513116,-0.15721254,-0.1617487,-0.1664247,-0.17222577,-0.18058625,-0.18840118,-0.1969997,-0.2050176,-0.2103788,-0.2177289,-0.22289638,-0.22850855,-0.23579963
24_real,0.46330306,,,,,,,,,,,,,,,,,,,,,,,,,,,,,,,,,,,,,,,,,,,,0.1738384,,,,,,,,,,,,,,,,,,,,,,,,,
24_gen,0.46330303,0.45475906,0.4476695,0.44037014,0.43493938,0.42962533,0.4248,0.41989845,0.4144517,0.4086824,0.4029479,0.39820105,0.39268497,0.38728556,0.382762,0.37820977,0.3721378,0.36557156,0.35947293,0.35288846,0.3459374,0.340788,0.3344563,0.32942033,0.3235757,0.3189829,0.31329122,0.3078644,0.30094603,0.29547027,0.2893338,0.2821649,0.27788022,0.27131894,0.26658568,0.2602666,0.2570651,0.25080222,0.2452511,0.24003895,0.23563726,0.2307553,0.22675231,0.22152925,0.21737805,0.21110132,0.20611978,0.20045607,0.19458035,0.18894374,0.18640374,0.18058482,0.17434783,0.16668539,0.15991835,0.1549378,0.1482834,0.14357144,0.13798386,0.1327844,0.12688453,0.122337535,0.11557875,0.1087295,0.10448251,0.09840608,0.09236668,0.08603028,0.08013671,0.07499112
25_real,-0.9750788,,,,,,,,,,,,,,,,,,,,,,,,,,,,,,,,,,,,,,,,,,,,-0.8769035,,,,,,,,,,,,,,,,,,,,,,,,,
25_gen,-0.9750787,-0.97951937,-0.9850497,-0.9906495,-0.99454564,-0.997427,-1.0002307,-1.0048792,-1.009846,-1.0144542,-1.019724,-1.024394,-1.0273588,-1.0313687,-1.0373721,-1.0422146,-1.0472132,-1.0525687,-1.0584346,-1.0642356,-1.0679623,-1.0713354,-1.0768349,-1.0795357,-1.0842627,-1.0879977,-1.0928631,-1.0978874,-1.1005194,-1.1057796,-1.1097637,-1.1135495,-1.118289,-1.1229578,-1.1277622,-1.1327217,-1.1379756,-1.1422052,-1.1472313,-1.153333,-1.1586993,-1.1644473,-1.1680255,-1.1730348,-1.1778963,-1.1811653,-1.1855438,-1.1899481,-1.1955647,-1.1993104,-1.2043612,-1.2105621,-1.2160547,-1.2215102,-1.2263672,-1.2310836,-1.2361542,-1.2400663,-1.2444941,-1.2482283,-1.2540572,-1.2593545,-1.2644541,-1.2696127,-1.2754353,-1.2808049,-1.2855943,-1.2902547,-1.2948476,-1.2993294
26_real,-0.6749741,,,,,,,,,,,,,,,,,,,,,,,,,,,,,,,,,,,,,,,,,,,,-0.5936324,,,,,,,,,,,,,,,,,,,,,,,,,
26_gen,-0.674974,-0.67845285,-0.68400145,-0.6882682,-0.6918101,-0.69722766,-0.70061904,-0.7065605,-0.7108467,-0.71487194,-0.718229,-0.7226748,-0.7273628,-0.73221374,-0.736658,-0.74193233,-0.74754035,-0.7516557,-0.75671023,-0.76043636,-0.7661111,-0.7697127,-0.7748367,-0.7790654,-0.7819963,-0.7841166,-0.7891661,-0.79202366,-0.79487926,-0.80084276,-0.8064618,-0.81124115,-0.81641465,-0.8192626,-0.8227374,-0.8274358,-0.8319866,-0.8365582,-0.84057987,-0.8455616,-0.8502458,-0.8551275,-0.85898876,-0.86278427,-0.8663721,-0.8703985,-0.87440383,-0.8777612,-0.88089764,-0.8848341,-0.8871916,-0.89160377,-0.8959044,-0.89893913,-0.9043083,-0.9079908,-0.91284704,-0.9175078,-0.9206645,-0.92398083,-0.9296833,-0.9342154,-0.93781364,-0.9433223,-0.9477752,-0.9508497,-0.956076,-0.95849866,-0.9613222,-0.966543
27_real,-0.9940609,,,,,,,,,,,,,,,,,,,,,,,,,,,,,,,,,,,,,,,,,,,,-1.0173544,,,,,,,,,,,,,,,,,,,,,,,,,
27_gen,-0.9940609,-0.9978701,-1.0013856,-1.0038413,-1.0092766,-1.0144073,-1.0179858,-1.0213953,-1.0253322,-1.0301235,-1.0329549,-1.0364925,-1.0410622,-1.0444028,-1.0494723,-1.0537342,-1.0582814,-1.0627756,-1.067161,-1.0715433,-1.0752646,-1.0783405,-1.0831773,-1.0868062,-1.0913317,-1.0960008,-1.1004165,-1.1051127,-1.1083628,-1.1129122,-1.1191651,-1.1229544,-1.1274674,-1.1312526,-1.1348275,-1.137977,-1.142646,-1.1470401,-1.1524016,-1.1564636,-1.1604551,-1.1646198,-1.1689514,-1.1726805,-1.1766751,-1.1803532,-1.1854353,-1.1889739,-1.1939085,-1.1980585,-1.2013539,-1.2052463,-1.2095839,-1.213182,-1.2178555,-1.2211304,-1.2259598,-1.2292228,-1.2333777,-1.2377423,-1.242982,-1.2467512,-1.2522371,-1.2554848,-1.2598794,-1.2643394,-1.2676055,-1.2710129,-1.2747971,-1.2796001
28_real,-1.7301161,,,,,,,,,,,,,,,,,,,,,,,,,,,,,,,,,,,,,,,,,,,,-1.7104706,,,,,,,,,,,,,,,,,,,,,,,,,
28_gen,-1.7301161,-1.7299068,-1.7317159,-1.7300116,-1.7304885,-1.7299564,-1.7308699,-1.7321078,-1.7314911,-1.7345345,-1.7358863,-1.7355793,-1.7363545,-1.7377504,-1.7380095,-1.736645,-1.7360842,-1.7355454,-1.7376378,-1.7377115,-1.7417856,-1.7425766,-1.7437708,-1.7459319,-1.7454427,-1.7450879,-1.7461065,-1.7483008,-1.7483733,-1.7506654,-1.7519572,-1.7549,-1.7540681,-1.7543709,-1.759753,-1.7616322,-1.7618191,-1.7626045,-1.7647998,-1.7640507,-1.7642567,-1.7648462,-1.7671589,-1.7702391,-1.7691183,-1.7684377,-1.768997,-1.7719257,-1.772608,-1.7726052,-1.7738011,-1.7741175,-1.7728186,-1.7715222,-1.7740253,-1.7748663,-1.7791071,-1.7803797,-1.7823375,-1.783197,-1.7863834,-1.7894294,-1.7911947,-1.791325,-1.7911764,-1.7903799,-1.79214,-1.7934815,-1.7956375,-1.7990999
29_real,-0.37527794,,,,,,,,,,,,,,,,,,,,,,,,,,,,,,,,,,,,,,,,,,,,-0.45301634,,,,,,,,,,,,,,,,,,,,,,,,,
29_gen,-0.37527797,-0.3749854,-0.3766138,-0.37639445,-0.37683868,-0.3768131,-0.37808836,-0.37871104,-0.3794966,-0.3813564,-0.38341025,-0.3845965,-0.387413,-0.38832226,-0.39059567,-0.3925976,-0.39365873,-0.39334598,-0.39350277,-0.394077,-0.3940609,-0.39477625,-0.39726236,-0.39741105,-0.3978905,-0.39940584,-0.40037727,-0.39986545,-0.4021843,-0.40131178,-0.40150365,-0.40309352,-0.40316302,-0.4023122,-0.40345636,-0.4030521,-0.4037105,-0.4028109,-0.4056712,-0.40682936,-0.40739107,-0.40602583,-0.40619254,-0.4058031,-0.40688124,-0.40811104,-0.41152397,-0.41237482,-0.4116252,-0.41485077,-0.41492146,-0.4143011,-0.4152202,-0.41525397,-0.41715878,-0.4209423,-0.42104024,-0.4224762,-0.42289972,-0.42260194,-0.42249292,-0.42257452,-0.42254066,-0.42452225,-0.42322165,-0.42429033,-0.42518774,-0.425779,-0.4260308,-0.42739218
30_real,-1.5300591,,,,,,,,,,,,,,,,,,,,,,,,,,,,,,,,,,,,,,,,,,,,-1.6684339,,,,,,,,,,,,,,,,,,,,,,,,,
30_gen,-1.530059,-1.5554384,-1.5738062,-1.5932182,-1.6042054,-1.6152525,-1.6266606,-1.6387606,-1.6549368,-1.6739209,-1.6836627,-1.700877,-1.7170255,-1.72864,-1.7364597,-1.7527939,-1.7614988,-1.7766533,-1.7895145,-1.7966839,-1.8109541,-1.8202314,-1.8348429,-1.8434379,-1.8529074,-1.8668003,-1.8784916,-1.893663,-1.9036268,-1.9097977,-1.9214948,-1.9285545,-1.9354128,-1.9477148,-1.9599959,-1.9773127,-1.988105,-1.9932572,-2.00395,-2.0106077,-2.0184534,-2.0288844,-2.0366294,-2.0442662,-2.0536666,-2.0620697,-2.0718846,-2.0814729,-2.093371,-2.103273,-2.1106572,-2.1185317,-2.133461,-2.145411,-2.1535535,-2.1642952,-2.172142,-2.1799037,-2.189021,-2.1974516,-2.207087,-2.2172577,-2.2306466,-2.242645,-2.2528393,-2.2597795,-2.2664926,-2.277474,-2.2916732,-2.299424
31_real,-1.0184042,,,,,,,,,,,,,,,,,,,,,,,,,,,,,,,,,,,,,,,,,,,,-1.2577482,,,,,,,,,,,,,,,,,,,,,,,,,
31_gen,-1.0184041,-1.0304425,-1.0383523,-1.0450742,-1.0565166,-1.0693467,-1.0764627,-1.0903221,-1.0964844,-1.1023849,-1.1123152,-1.1275768,-1.1409268,-1.155451,-1.1701107,-1.1817313,-1.1972641,-1.2071841,-1.2103761,-1.2174499,-1.2268335,-1.2432265,-1.2516726,-1.2572489,-1.2675403,-1.279867,-1.2921765,-1.3034681,-1.3148913,-1.3231515,-1.3351372,-1.3454101,-1.3587005,-1.3749095,-1.3867859,-1.3980143,-1.400799,-1.4078718,-1.4253644,-1.432903,-1.4393349,-1.4468206,-1.4579316,-1.4693,-1.4809263,-1.4884175,-1.5005728,-1.5157745,-1.5270541,-1.5319062,-1.5399121,-1.5495993,-1.5599506,-1.5730957,-1.5853012,-1.5941336,-1.6041527,-1.6150534,-1.6307589,-1.642902,-1.6552824,-1.66355,-1.6774918,-1.6882026,-1.703495,-1.7168767,-1.7272456,-1.7341945,-1.7465223,-1.7609733
32_real,-1.4774902,,,,,,,,,,,,,,,,,,,,,,,,,,,,,,,,,,,,,,,,,,,,-1.4732214,,,,,,,,,,,,,,,,,,,,,,,,,
32_gen,-1.4774903,-1.4746066,-1.4735156,-1.4726833,-1.4763427,-1.4770509,-1.480252,-1.4819504,-1.4831622,-1.4859273,-1.4886608,-1.4926873,-1.4967285,-1.5002191,-1.5032113,-1.5087688,-1.5128343,-1.5170339,-1.5218557,-1.5259179,-1.5324305,-1.5347072,-1.5370735,-1.540634,-1.5446789,-1.5464528,-1.5507863,-1.5554239,-1.5618962,-1.5659864,-1.5694122,-1.5705464,-1.571918,-1.5763893,-1.579262,-1.5843015,-1.5880874,-1.5931822,-1.5986576,-1.5999148,-1.60599,-1.6122303,-1.617808,-1.6203754,-1.6229321,-1.6257626,-1.626182,-1.6305342,-1.6337885,-1.6392902,-1.6429964,-1.6468168,-1.6521635,-1.6545022,-1.6592214,-1.6638972,-1.6686199,-1.6718988,-1.6749483,-1.6796703,-1.6802235,-1.6836191,-1.6872413,-1.6930492,-1.6974857,-1.7018394,-1.7058576,-1.7095827,-1.7108123,-1.7115959
33_real,-0.76352686,,,,,,,,,,,,,,,,,,,,,,,,,,,,,,,,,,,,,,,,,,,,-0.9658218,,,,,,,,,,,,,,,,,,,,,,,,,
33_gen,-0.76352686,-0.76294625,-0.76453096,-0.7657086,-0.77101713,-0.77690256,-0.77725375,-0.7793198,-0.7823933,-0.7821474,-0.78289384,-0.78613937,-0.79345,-0.7976167,-0.79757166,-0.7983986,-0.7962072,-0.7983429,-0.7972773,-0.8014821,-0.79978025,-0.8008896,-0.80399835,-0.80564725,-0.80547714,-0.80859166,-0.8135582,-0.81589997,-0.8173852,-0.8182429,-0.8179328,-0.81982934,-0.8230804,-0.8228777,-0.8264481,-0.82706547,-0.82215977,-0.82563466,-0.8325547,-0.8364199,-0.8368082,-0.83928597,-0.8420433,-0.84585845,-0.85033655,-0.85151196,-0.8521069,-0.85447633,-0.8524529,-0.8553475,-0.8582781,-0.8618673,-0.8634321,-0.8664665,-0.8682478,-0.86804247,-0.87077045,-0.87385815,-0.8751215,-0.87587273,-0.8787017,-0.88537693,-0.884,-0.8884285,-0.8905829,-0.8956815,-0.8982828,-0.9025239,-0.90523607,-0.90810555
34_real,-0.5675846,,,,,,,,,,,,,,,,,,,,,,,,,,,,,,,,,,,,,,,,,,,,-0.68643475,,,,,,,,,,,,,,,,,,,,,,,,,
34_gen,-0.5675846,-0.56321263,-0.56150323,-0.5604249,-0.5620297,-0.5627851,-0.55984294,-0.5574235,-0.55600584,-0.5550012,-0.5553366,-0.55909216,-0.55876744,-0.55564964,-0.5536601,-0.55432653,-0.55760515,-0.5552172,-0.55649835,-0.55767405,-0.559484,-0.55999285,-0.55910844,-0.56158906,-0.56414354,-0.56133294,-0.5635804,-0.56458455,-0.5664263,-0.5658888,-0.56676495,-0.56901276,-0.56647605,-0.5667432,-0.5691719,-0.57076395,-0.57303685,-0.5709585,-0.5701113,-0.5687119,-0.5679469,-0.5696271,-0.5711694,-0.57128906,-0.5729569,-0.5740226,-0.5723879,-0.57180786,-0.5708223,-0.56982505,-0.5700158,-0.56942093,-0.5711886,-0.5721692,-0.57177705,-0.5728873,-0.57434374,-0.57468164,-0.5783049,-0.579321,-0.5808339,-0.58201844,-0.58220625,-0.5834974,-0.58665603,-0.5876131,-0.58530605,-0.58474654,-0.58648014,-0.5906321
35_real,-0.21848729,,,,,,,,,,,,,,,,,,,,,,,,,,,,,,,,,,,,,,,,,,,,-0.24150297,,,,,,,,,,,,,,,,,,,,,,,,,
35_gen,-0.21848729,-0.21865746,-0.21945266,-0.21745741,-0.22138742,-0.22102606,-0.21909678,-0.22216637,-0.22079134,-0.21883702,-0.21764123,-0.21820872,-0.21574728,-0.21708453,-0.22094181,-0.22196707,-0.2208266,-0.22223504,-0.22389452,-0.22645286,-0.22550955,-0.2294131,-0.22986212,-0.23239794,-0.23382907,-0.23431829,-0.23703754,-0.23688133,-0.24012502,-0.24295267,-0.24457388,-0.24973765,-0.2555704,-0.2550227,-0.2535176,-0.2519698,-0.25102207,-0.25542822,-0.25760943,-0.26168284,-0.26389948,-0.2673757,-0.27086926,-0.2751742,-0.27928394,-0.2828161,-0.28279975,-0.2851509,-0.28731877,-0.28815216,-0.28891107,-0.28808305,-0.29399675,-0.2969626,-0.29672033,-0.29623145,-0.29708385,-0.30040425,-0.30372924,-0.30541953,-0.30882448,-0.31011522,-0.30829293,-0.31067795,-0.3113994,-0.31390572,-0.3190417,-0.31945255,-0.3228238,-0.32467502
36_real,0.8179259,,,,,,,,,,,,,,,,,,,,,,,,,,,,,,,,,,,,,,,,,,,,0.93954176,,,,,,,,,,,,,,,,,,,,,,,,,
36_gen,0.8179258,0.81715345,0.8194767,0.81564856,0.81526375,0.8113653,0.8128551,0.812397,0.80794966,0.8082326,0.80637634,0.80962485,0.8057726,0.8055502,0.80229723,0.8042267,0.8002485,0.799811,0.7921705,0.7905122,0.7856945,0.7815422,0.77980787,0.7762154,0.7738061,0.7689842,0.7674673,0.76216394,0.75902504,0.7559675,0.7504241,0.743567,0.7381712,0.73594254,0.7309916,0.7305598,0.73036516,0.7229905,0.7154085,0.71124935,0.70556533,0.7031179,0.7013898,0.69712836,0.69366467,0.68752867,0.68508667,0.68349254,0.6805924,0.67389995,0.66805816,0.66541487,0.6626542,0.65797937,0.65421206,0.65004534,0.64890695,0.64549655,0.6447767,0.6408707,0.6356968,0.6337505,0.63043463,0.62699914,0.6258643,0.62091404,0.6186464,0.61377215,0.60851735,0.60667837
37_real,-0.5424456,,,,,,,,,,,,,,,,,,,,,,,,,,,,,,,,,,,,,,,,,,,,-0.7053985,,,,,,,,,,,,,,,,,,,,,,,,,
37_gen,-0.5424456,-0.55313534,-0.5553717,-0.55815643,-0.5621249,-0.56901306,-0.57071507,-0.5742451,-0.5751573,-0.5758821,-0.5766095,-0.58189297,-0.5849314,-0.58798003,-0.5941247,-0.59454083,-0.599634,-0.6042569,-0.60339254,-0.60549766,-0.6105804,-0.61603194,-0.6161575,-0.6182478,-0.6249153,-0.6308774,-0.63393915,-0.63333213,-0.6369252,-0.63891923,-0.6393784,-0.6439734,-0.6427661,-0.64490896,-0.64704925,-0.6489071,-0.64860857,-0.6488325,-0.6498966,-0.64687794,-0.653039,-0.65598077,-0.65457165,-0.6565815,-0.658932,-0.662166,-0.66545236,-0.6689524,-0.67196786,-0.67203194,-0.6728185,-0.6787683,-0.68221706,-0.68351495,-0.6866216,-0.69055676,-0.6947957,-0.69741523,-0.69809955,-0.69690865,-0.6977299,-0.7001626,-0.7029083,-0.70149815,-0.7030449,-0.7025207,-0.7042891,-0.70897985,-0.7175139,-0.7146223
38_real,-1.0332023,,,,,,,,,,,,,,,,,,,,,,,,,,,,,,,,,,,,,,,,,,,,-1.2269025,,,,,,,,,,,,,,,,,,,,,,,,,
38_gen,-1.0332023,-1.0299261,-1.0298302,-1.0226271,-1.023794,-1.0269006,-1.0302308,-1.032619,-1.032186,-1.0362346,-1.0363141,-1.0391703,-1.0462716,-1.0486691,-1.0526422,-1.0537462,-1.059077,-1.0619648,-1.061776,-1.0614946,-1.0651821,-1.0662141,-1.0686243,-1.0688376,-1.0721838,-1.079105,-1.0852885,-1.089131,-1.0891442,-1.0888367,-1.0896218,-1.0923741,-1.094991,-1.0971367,-1.1021287,-1.102441,-1.1016879,-1.1063777,-1.1134295,-1.116273,-1.1204736,-1.1207278,-1.1231424,-1.1266751,-1.1260335,-1.1259786,-1.1279067,-1.1318483,-1.1352087,-1.1379478,-1.1384407,-1.1400983,-1.1427839,-1.1439378,-1.1497492,-1.1532114,-1.1547492,-1.1545064,-1.1602454,-1.163703,-1.1670222,-1.1678833,-1.16915,-1.1719943,-1.1768901,-1.17969,-1.1842299,-1.1857182,-1.1924121,-1.1972109
39_real,-1.1086189,,,,,,,,,,,,,,,,,,,,,,,,,,,,,,,,,,,,,,,,,,,,-1.3005171,,,,,,,,,,,,,,,,,,,,,,,,,
39_gen,-1.1086189,-1.1081092,-1.1131119,-1.116787,-1.1232731,-1.1266379,-1.1301074,-1.1326654,-1.1370087,-1.1405226,-1.1429955,-1.1412125,-1.1468108,-1.148031,-1.149914,-1.1548612,-1.1601517,-1.1616424,-1.1663727,-1.1672118,-1.1707877,-1.1758873,-1.1790153,-1.1837742,-1.1850011,-1.1905237,-1.1931217,-1.19658,-1.1999167,-1.201535,-1.2070248,-1.2086847,-1.2121515,-1.21322,-1.2180655,-1.2186,-1.2217509,-1.2245833,-1.2285373,-1.2362566,-1.2401731,-1.2486886,-1.2513759,-1.2569717,-1.2655494,-1.2711632,-1.2740761,-1.2768581,-1.2804439,-1.2829905,-1.2843957,-1.2862972,-1.289544,-1.2934549,-1.2965596,-1.3036644,-1.3097332,-1.3106558,-1.3155209,-1.3222827,-1.326033,-1.3295815,-1.3312504,-1.3326286,-1.3370743,-1.3428143,-1.3464363,-1.349671,-1.3549438,-1.3589768
40_real,0.104451016,,,,,,,,,,,,,,,,,,,,,,,,,,,,,,,,,,,,,,,,,,,,-0.0710257,,,,,,,,,,,,,,,,,,,,,,,,,
40_gen,0.104451016,0.10159379,0.10026224,0.098208345,0.09615113,0.09231384,0.09051289,0.09125504,0.08603299,0.08315076,0.079708345,0.08396216,0.08473085,0.086790934,0.0846491,0.0822689,0.08102135,0.08009102,0.079192325,0.07216485,0.07215974,0.07271428,0.07321574,0.07233354,0.07100213,0.071529254,0.07060919,0.06970103,0.06979008,0.069420174,0.067346014,0.06325665,0.06472999,0.05851243,0.056745667,0.05314681,0.050761156,0.044928618,0.040413134,0.03873893,0.03711137,0.03790225,0.036117613,0.031208813,0.031068066,0.030689377,0.027532661,0.03093245,0.029968563,0.027593236,0.026238715,0.025769243,0.02813601,0.024545213,0.025029134,0.024551025,0.027296508,0.028765818,0.0287272,0.027449131,0.031562738,0.029934704,0.028752562,0.025771985,0.016706875,0.008819836,0.0021575242,-0.0025480122,-0.0031818151,-0.00079062505
41_real,-0.9027401,,,,,,,,,,,,,,,,,,,,,,,,,,,,,,,,,,,,,,,,,,,,-0.90007704,,,,,,,,,,,,,,,,,,,,,,,,,
41_gen,-0.9027401,-0.9049139,-0.9112217,-0.92207336,-0.92785805,-0.9340719,-0.940907,-0.9454794,-0.9529594,-0.9661071,-0.97286004,-0.97752255,-0.98388547,-0.9883587,-0.99441737,-1.0009801,-1.0075268,-1.0152307,-1.0213234,-1.0286458,-1.0289339,-1.0357907,-1.035815,-1.0413809,-1.0436056,-1.0465972,-1.0476215,-1.054748,-1.0594008,-1.0617961,-1.0658283,-1.071327,-1.0751778,-1.087334,-1.0933301,-1.0979632,-1.1041437,-1.1114538,-1.1150444,-1.1173861,-1.1235421,-1.1250864,-1.1304682,-1.1335046,-1.1367979,-1.1433536,-1.1466202,-1.1558441,-1.1655533,-1.174309,-1.1786075,-1.1847761,-1.1900572,-1.1973588,-1.2069348,-1.2081846,-1.2113192,-1.2148402,-1.2224756,-1.2316117,-1.235706,-1.2377136,-1.2463801,-1.2505984,-1.2525215,-1.2578683,-1.2618817,-1.2671463,-1.2768953,-1.2839842
42_real,-0.61485124,,,,,,,,,,,,,,,,,,,,,,,,,,,,,,,,,,,,,,,,,,,,-0.5801401,,,,,,,,,,,,,,,,,,,,,,,,,
42_gen,-0.6148512,-0.6234568,-0.6295616,-0.63655454,-0.64066255,-0.64774835,-0.6526355,-0.65913427,-0.66472787,-0.67134,-0.6773119,-0.6824352,-0.688755,-0.6956194,-0.70261204,-0.7092556,-0.71637523,-0.72239536,-0.7273593,-0.73312926,-0.73912686,-0.7453493,-0.7510263,-0.75487167,-0.7612871,-0.7671927,-0.7728932,-0.77866805,-0.78323853,-0.7882334,-0.79417384,-0.80039424,-0.80478513,-0.8098715,-0.8154832,-0.82062787,-0.8267248,-0.8302477,-0.8347783,-0.8415697,-0.8468652,-0.85204965,-0.8587886,-0.8635772,-0.87106675,-0.87844324,-0.8843322,-0.8880081,-0.89324796,-0.90039253,-0.90654373,-0.9122739,-0.91881293,-0.924965,-0.92983884,-0.9342152,-0.9373808,-0.94194585,-0.9482933,-0.95043886,-0.9567003,-0.9618456,-0.9676358,-0.9745318,-0.9792326,-0.9853795,-0.9924227,-0.9970223,-1.0038345,-1.0098039
43_real,-0.59601116,,,,,,,,,,,,,,,,,,,,,,,,,,,,,,,,,,,,,,,,,,,,-0.73572695,,,,,,,,,,,,,,,,,,,,,,,,,
43_gen,-0.59601116,-0.600049,-0.6061198,-0.6133078,-0.61730826,-0.62278605,-0.6276093,-0.63401955,-0.64148617,-0.6477753,-0.65246075,-0.6572734,-0.6630538,-0.66954076,-0.6741601,-0.67931235,-0.6854778,-0.6893197,-0.6946603,-0.6989801,-0.70346767,-0.7084022,-0.71258974,-0.7166406,-0.72120553,-0.7255802,-0.7300628,-0.73619896,-0.74327004,-0.7493275,-0.75315773,-0.7573043,-0.76278764,-0.76754624,-0.7719466,-0.77557963,-0.77858293,-0.7815427,-0.78713095,-0.79284704,-0.7980152,-0.8037323,-0.8107499,-0.8121897,-0.81783044,-0.8212584,-0.8276143,-0.831653,-0.83731717,-0.84251994,-0.84722936,-0.84996986,-0.8519825,-0.85587025,-0.8598115,-0.86544704,-0.8696214,-0.8759235,-0.88188136,-0.88710624,-0.89116514,-0.8949771,-0.8992281,-0.9036523,-0.9076232,-0.9142868,-0.91938895,-0.9256671,-0.9326979,-0.9402379
44_real,0.2880473,,,,,,,,,,,,,,,,,,,,,,,,,,,,,,,,,,,,,,,,,,,,0.5312138,,,,,,,,,,,,,,,,,,,,,,,,,
44_gen,0.2880473,0.28430766,0.27871537,0.27644843,0.27429414,0.27125618,0.26825187,0.267611,0.26539642,0.2601309,0.25819263,0.25501046,0.25534213,0.2549266,0.25444037,0.25069422,0.2500648,0.2454853,0.2424942,0.23799133,0.23390715,0.2316533,0.23011926,0.22758722,0.22439894,0.22333932,0.22267552,0.22055204,0.2175053,0.21757717,0.2138048,0.21047561,0.2065855,0.20402452,0.20004022,0.1971058,0.19244063,0.19003138,0.18916357,0.1878744,0.18593451,0.18349096,0.18011685,0.17727563,0.17405905,0.1722281,0.17270274,0.17103256,0.16882858,0.16672716,0.16127512,0.16052279,0.15779227,0.1540774,0.15196794,0.14999604,0.1481789,0.14818785,0.14605775,0.14148693,0.13755578,0.13721727,0.13295658,0.13244991,0.1274215,0.12394364,0.12033411,0.11798966,0.11656952,0.11319871
45_real,-0.9794036,,,,,,,,,,,,,,,,,,,,,,,,,,,,,,,,,,,,,,,,,,,,-1.1853812,,,,,,,,,,,,,,,,,,,,,,,,,
45_gen,-0.9794036,-0.9813145,-0.98358285,-0.98850316,-0.9928857,-0.99738896,-0.99985635,-1.0045373,-1.010143,-1.0138688,-1.0180614,-1.0227077,-1.0268476,-1.028932,-1.0341432,-1.0376794,-1.0419496,-1.044291,-1.0471106,-1.0502466,-1.0544525,-1.0579965,-1.0621408,-1.0665071,-1.0690598,-1.0720217,-1.0742967,-1.0747664,-1.077136,-1.0801183,-1.0853798,-1.0890604,-1.0911092,-1.0962157,-1.1004748,-1.1025965,-1.1056243,-1.1086658,-1.1151423,-1.1187198,-1.121438,-1.1241806,-1.1271284,-1.1300479,-1.1313112,-1.1366639,-1.1392441,-1.1404754,-1.1447394,-1.1470166,-1.1519963,-1.1581761,-1.1635128,-1.1646127,-1.1687744,-1.1740746,-1.1786534,-1.1817127,-1.1851555,-1.1913797,-1.194306,-1.1957068,-1.1976564,-1.2015045,-1.2070887,-1.213227,-1.2157831,-1.2198489,-1.2233586,-1.2276812
46_real,-0.78272545,,,,,,,,,,,,,,,,,,,,,,,,,,,,,,,,,,,,,,,,,,,,-0.8768545,,,,,,,,,,,,,,,,,,,,,,,,,
46_gen,-0.7827254,-0.7882794,-0.7952853,-0.8027209,-0.809807,-0.8166075,-0.82246256,-0.82984924,-0.8355185,-0.84104955,-0.8468216,-0.85138625,-0.8572154,-0.8631581,-0.86713254,-0.87337273,-0.87914866,-0.88410014,-0.88821334,-0.8933133,-0.8977658,-0.90333545,-0.9079913,-0.9137192,-0.9184036,-0.9245251,-0.929963,-0.93332356,-0.9377655,-0.9420327,-0.946802,-0.95327914,-0.9603527,-0.96709555,-0.9730562,-0.9802655,-0.9864373,-0.9912424,-0.996225,-1.0026237,-1.0083477,-1.0108781,-1.0158001,-1.0209477,-1.026992,-1.0331223,-1.0382283,-1.0428435,-1.0493895,-1.0548849,-1.0604966,-1.0652298,-1.0714371,-1.0776345,-1.0843832,-1.0897868,-1.0945247,-1.0981525,-1.1028616,-1.1079028,-1.1137276,-1.1187447,-1.1238539,-1.1302829,-1.1348755,-1.1400946,-1.1449901,-1.1502506,-1.1544596,-1.1592968
47_real,-0.15019976,,,,,,,,,,,,,,,,,,,,,,,,,,,,,,,,,,,,,,,,,,,,-0.3441773,,,,,,,,,,,,,,,,,,,,,,,,,
47_gen,-0.15019976,-0.15862891,-0.16362712,-0.17064002,-0.17482632,-0.18062653,-0.1865308,-0.19238856,-0.19626984,-0.20143017,-0.20791273,-0.21454732,-0.21874793,-0.22388157,-0.23129217,-0.2377586,-0.24301744,-0.24800792,-0.25390124,-0.2598842,-0.2656892,-0.27293366,-0.27792445,-0.28326726,-0.28882647,-0.2942912,-0.2997187,-0.3039444,-0.30967066,-0.31526166,-0.32027024,-0.32431757,-0.32975847,-0.3357477,-0.33985904,-0.34544232,-0.34946287,-0.35548615,-0.3619884,-0.3700058,-0.3754312,-0.3824376,-0.38610917,-0.392239,-0.39590397,-0.40326175,-0.4086985,-0.41351596,-0.41897297,-0.42384133,-0.4302391,-0.4363207,-0.44394618,-0.45000997,-0.45782447,-0.46324816,-0.46843213,-0.47391376,-0.47979885,-0.4874993,-0.49513167,-0.50033736,-0.50508165,-0.51056224,-0.5183147,-0.5251942,-0.5309783,-0.5373353,-0.54480726,-0.5511515
48_real,-0.98462754,,,,,,,,,,,,,,,,,,,,,,,,,,,,,,,,,,,,,,,,,,,,-1.0845745,,,,,,,,,,,,,,,,,,,,,,,,,
48_gen,-0.9846276,-0.99202204,-0.99801034,-1.006407,-1.0111582,-1.0196999,-1.0264647,-1.0327289,-1.0402334,-1.0467824,-1.0533578,-1.0592703,-1.0663943,-1.0725374,-1.0796571,-1.0852585,-1.091377,-1.0960265,-1.1035306,-1.1101731,-1.1175585,-1.1232048,-1.1289933,-1.1361226,-1.1407392,-1.1462634,-1.1515217,-1.1574547,-1.161329,-1.1679536,-1.1738727,-1.1798619,-1.1867074,-1.1919627,-1.1967008,-1.2028453,-1.2075406,-1.2115762,-1.2170205,-1.2216938,-1.2297819,-1.2366942,-1.2417085,-1.2511014,-1.2554269,-1.2605585,-1.2672474,-1.2733676,-1.2796578,-1.2864805,-1.2905945,-1.2974281,-1.3043846,-1.3124858,-1.3192185,-1.3253338,-1.3319945,-1.3392775,-1.3434203,-1.3498482,-1.3561739,-1.3639914,-1.3707111,-1.378306,-1.3835905,-1.3896867,-1.3951466,-1.3990074,-1.4059353,-1.4132738
49_real,-0.64142776,,,,,,,,,,,,,,,,,,,,,,,,,,,,,,,,,,,,,,,,,,,,-0.7094648,,,,,,,,,,,,,,,,,,,,,,,,,
49_gen,-0.6414278,-0.65384835,-0.6648637,-0.6773666,-0.6877869,-0.69859517,-0.7115816,-0.72290903,-0.7349683,-0.7457297,-0.757577,-0.7693879,-0.7776173,-0.78871304,-0.7991456,-0.81152046,-0.82331717,-0.8336822,-0.8421582,-0.85287607,-0.86461556,-0.8753891,-0.8817569,-0.8922272,-0.9065096,-0.9144209,-0.92926073,-0.9420165,-0.9509169,-0.959668,-0.96822166,-0.98168385,-0.9923714,-1.0029447,-1.0154722,-1.0260614,-1.040124,-1.0511382,-1.0619314,-1.0730989,-1.087294,-1.0985873,-1.1096287,-1.1218259,-1.1324756,-1.1408007,-1.1527056,-1.165777,-1.178313,-1.1902645,-1.2041104,-1.2149436,-1.2277015,-1.2424939,-1.2538365,-1.2650911,-1.2779579,-1.2899624,-1.3024566,-1.3140719,-1.3258101,-1.3348863,-1.3456358,-1.3582575,-1.3676873,-1.3795182,-1.3930635,-1.4045929,-1.4149354,-1.4294441
50_real,0.028533367,,,,,,,,,,,,,,,,,,,,,,,,,,,,,,,,,,,,,,,,,,,,-0.10144152,,,,,,,,,,,,,,,,,,,,,,,,,
50_gen,0.028533366,0.014779324,-5.512787e-05,-0.013246137,-0.02821063,-0.038801763,-0.05169804,-0.06343619,-0.07730016,-0.0879007,-0.097769335,-0.108473405,-0.11830871,-0.1317643,-0.14077805,-0.15153417,-0.16304412,-0.17295858,-0.18514356,-0.19524686,-0.20386143,-0.21148236,-0.2236882,-0.23314841,-0.24468128,-0.25929964,-0.2709929,-0.2814031,-0.29135087,-0.3020738,-0.3098015,-0.32124192,-0.33124754,-0.34163636,-0.3511384,-0.36226606,-0.37274528,-0.38360873,-0.39227515,-0.40265927,-0.41475648,-0.42404586,-0.43523508,-0.44695678,-0.45791873,-0.46892166,-0.48015732,-0.49100766,-0.50193495,-0.51347554,-0.5264827,-0.53917366,-0.55047405,-0.558768,-0.56960094,-0.5826641,-0.59438646,-0.6072537,-0.618415,-0.6292121,-0.6428298,-0.65793777,-0.67203104,-0.68380857,-0.6971961,-0.70762825,-0.716598,-0.72605664,-0.7370069,-0.74819225
51_real,-0.9547195,,,,,,,,,,,,,,,,,,,,,,,,,,,,,,,,,,,,,,,,,,,,-0.91428703,,,,,,,,,,,,,,,,,,,,,,,,,
51_gen,-0.9547194,-0.9629215,-0.96955043,-0.9748007,-0.98267424,-0.98897016,-0.9926507,-0.9980316,-1.0058255,-1.0135263,-1.0193056,-1.0210702,-1.0254595,-1.0300586,-1.0347897,-1.0420287,-1.0449659,-1.0506941,-1.0564108,-1.0638124,-1.068674,-1.0726268,-1.0792873,-1.0841969,-1.0891793,-1.097759,-1.1005876,-1.1075666,-1.1117977,-1.118121,-1.1265805,-1.127693,-1.1336062,-1.137268,-1.1456084,-1.152574,-1.1564248,-1.163072,-1.1693205,-1.1754547,-1.18362,-1.1889603,-1.1966016,-1.2020025,-1.2105075,-1.2152339,-1.2210072,-1.2265203,-1.2336884,-1.2427593,-1.2517271,-1.2585156,-1.2656028,-1.2718204,-1.2784584,-1.284999,-1.2929442,-1.298341,-1.3054489,-1.3172553,-1.3242404,-1.33397,-1.340073,-1.3425782,-1.3496739,-1.3544853,-1.3620214,-1.3675698,-1.3739135,-1.3786118
52_real,-0.10052439,,,,,,,,,,,,,,,,,,,,,,,,,,,,,,,,,,,,,,,,,,,,-0.1651528,,,,,,,,,,,,,,,,,,,,,,,,,
52_gen,-0.10052438,-0.11102474,-0.11792922,-0.12738295,-0.12981509,-0.14278187,-0.14652336,-0.15385959,-0.16233312,-0.17070201,-0.17838755,-0.18015525,-0.18271083,-0.19206233,-0.19805977,-0.20430644,-0.21020368,-0.21454208,-0.22062473,-0.22516958,-0.23503096,-0.24051496,-0.24620636,-0.25174814,-0.2595082,-0.26380554,-0.27248922,-0.27909392,-0.28926408,-0.29694447,-0.3040908,-0.3118747,-0.31862637,-0.3239843,-0.3324943,-0.34004614,-0.3481955,-0.35365212,-0.3619056,-0.36677793,-0.37615108,-0.3805447,-0.38921538,-0.39885536,-0.40372762,-0.41260463,-0.42084765,-0.43118247,-0.43918338,-0.44601813,-0.449907,-0.45678782,-0.46305674,-0.47251478,-0.47755995,-0.48653927,-0.496864,-0.5017106,-0.506814,-0.5149085,-0.5232432,-0.5344433,-0.5408983,-0.5479268,-0.5539438,-0.56314325,-0.570607,-0.57930434,-0.5862732,-0.59595263
53_real,-1.1828356,,,,,,,,,,,,,,,,,,,,,,,,,,,,,,,,,,,,,,,,,,,,-1.0274025,,,,,,,,,,,,,,,,,,,,,,,,,
53_gen,-1.1828356,-1.1878917,-1.1919231,-1.2020675,-1.2092988,-1.2210296,-1.230448,-1.2385545,-1.252455,-1.2599918,-1.2748251,-1.2854124,-1.2902222,-1.2955079,-1.3029699,-1.3078694,-1.3141191,-1.3210278,-1.3286784,-1.3374904,-1.3493311,-1.3603752,-1.3674576,-1.3766096,-1.3853278,-1.3944694,-1.4013708,-1.4098804,-1.4191667,-1.4291012,-1.4416825,-1.4484835,-1.4548047,-1.4637637,-1.4771049,-1.4892335,-1.4963405,-1.5020193,-1.5088806,-1.5130746,-1.5224955,-1.5331804,-1.543549,-1.5507149,-1.55902,-1.5704266,-1.5830522,-1.5928712,-1.5997255,-1.6114683,-1.6195259,-1.6288004,-1.6367953,-1.6510937,-1.664094,-1.6686447,-1.6792822,-1.6907551,-1.7031904,-1.7121162,-1.7186587,-1.723376,-1.7363608,-1.7472947,-1.7590634,-1.7724199,-1.7836367,-1.7929369,-1.8042532,-1.8108242
54_real,-0.32204166,,,,,,,,,,,,,,,,,,,,,,,,,,,,,,,,,,,,,,,,,,,,-0.29836276,,,,,,,,,,,,,,,,,,,,,,,,,
54_gen,-0.3220417,-0.3334155,-0.34132382,-0.35342368,-0.36639014,-0.38102454,-0.39232466,-0.40216962,-0.4050459,-0.41257244,-0.41641134,-0.4239889,-0.44163528,-0.45375437,-0.4567787,-0.466328,-0.47546378,-0.49120942,-0.49746576,-0.51026696,-0.5252369,-0.5288699,-0.5388732,-0.5478033,-0.5570897,-0.56241167,-0.56991357,-0.5728308,-0.5819861,-0.5968479,-0.6055095,-0.6149396,-0.62207687,-0.6300623,-0.6378032,-0.6397916,-0.64843863,-0.6574639,-0.66711724,-0.67567366,-0.6852399,-0.6972286,-0.7058268,-0.7154285,-0.7299252,-0.73761976,-0.74526423,-0.7477086,-0.75984544,-0.7630359,-0.7776873,-0.78531384,-0.7981702,-0.801908,-0.81210434,-0.8238721,-0.83078593,-0.83890474,-0.8518963,-0.863229,-0.8739768,-0.88549197,-0.89695513,-0.9052388,-0.90806836,-0.9161397,-0.9251647,-0.9357961,-0.9418691,-0.94818103
55_real,0.28155735,,,,,,,,,,,,,,,,,,,,,,,,,,,,,,,,,,,,,,,,,,,,0.20444907,,,,,,,,,,,,,,,,,,,,,,,,,
55_gen,0.28155735,0.27715594,0.27164707,0.26831,0.26084518,0.2576223,0.25368458,0.248793,0.24283853,0.23778136,0.23291126,0.23132296,0.22732297,0.22417872,0.21839316,0.21268955,0.20883398,0.2027899,0.20141451,0.19801328,0.19237213,0.18882726,0.18787271,0.18276131,0.18085976,0.17669258,0.17208448,0.16865781,0.16476868,0.16135041,0.15646596,0.15335324,0.14882927,0.14674659,0.14613685,0.14234136,0.14044443,0.13620551,0.1331813,0.13148119,0.12787059,0.12272803,0.12067461,0.116991416,0.11370669,0.111432716,0.10791838,0.105247855,0.099539496,0.09561584,0.09078674,0.088544235,0.08481201,0.08112856,0.07621206,0.07303733,0.06820239,0.06465023,0.061032873,0.058098454,0.056057267,0.052768983,0.049048755,0.046425402,0.04266332,0.039506067,0.0367819,0.032303445,0.02975205,0.026972633
56_real,-1.165284,,,,,,,,,,,,,,,,,,,,,,,,,,,,,,,,,,,,,,,,,,,,-1.3218288,,,,,,,,,,,,,,,,,,,,,,,,,
56_gen,-1.165284,-1.1724658,-1.177343,-1.1793683,-1.1852068,-1.1930214,-1.198935,-1.2017184,-1.2077771,-1.2142779,-1.2212694,-1.2260771,-1.2316023,-1.2358978,-1.2428423,-1.2466476,-1.2521608,-1.2554281,-1.2617652,-1.2662678,-1.2698772,-1.2750932,-1.2788177,-1.2830522,-1.287129,-1.2911518,-1.2957809,-1.3012131,-1.3067304,-1.3107542,-1.3144059,-1.318508,-1.3229938,-1.3278292,-1.333054,-1.3355172,-1.3393347,-1.3434184,-1.3481776,-1.3529161,-1.3581012,-1.3640413,-1.3685261,-1.3742974,-1.3780888,-1.3829832,-1.3874846,-1.392367,-1.3996557,-1.4052778,-1.4095246,-1.4151617,-1.4175473,-1.4228001,-1.4263,-1.4318686,-1.4358829,-1.441624,-1.4490055,-1.4516513,-1.4552926,-1.4600347,-1.4664267,-1.4732516,-1.4770135,-1.4814427,-1.4855511,-1.4896386,-1.4920739,-1.4946301
57_real,0.22639292,,,,,,,,,,,,,,,,,,,,,,,,,,,,,,,,,,,,,,,,,,,,0.09388073,,,,,,,,,,,,,,,,,,,,,,,,,
57_gen,0.22639295,0.21497087,0.20409492,0.1970227,0.1865951,0.17542192,0.16484055,0.15477613,0.14742285,0.13752872,0.13188384,0.12278388,0.112107076,0.10220069,0.09243651,0.08198801,0.07403545,0.066510774,0.059805267,0.052634824,0.04504623,0.036694232,0.029509109,0.020529032,0.012775173,0.005633343,-0.00072938233,-0.011730874,-0.022196895,-0.027231723,-0.03704124,-0.04345117,-0.051430307,-0.058505,-0.06602843,-0.07587749,-0.08311911,-0.09145847,-0.09860591,-0.106734954,-0.11391699,-0.12246072,-0.13216396,-0.14374086,-0.15049572,-0.15877527,-0.16646385,-0.17479074,-0.18356803,-0.19088916,-0.19891405,-0.20309493,-0.21146011,-0.22014141,-0.22592573,-0.23510352,-0.24475916,-0.25116926,-0.25632554,-0.2667528,-0.27377266,-0.28202483,-0.29088598,-0.29777065,-0.30704662,-0.3154907,-0.32671738,-0.33558047,-0.3444625,-0.35494715
58_real,-0.416358,,,,,,,,,,,,,,,,,,,,,,,,,,,,,,,,,,,,,,,,,,,,-0.48546404,,,,,,,,,,,,,,,,,,,,,,,,,
58_gen,-0.416358,-0.4271945,-0.44034043,-0.44996023,-0.4623081,-0.4690687,-0.4770821,-0.488206,-0.497451,-0.508025,-0.5166356,-0.52593786,-0.5361556,-0.5451406,-0.55563676,-0.56661874,-0.57619154,-0.5868867,-0.5923995,-0.59887064,-0.60842055,-0.6177873,-0.6257283,-0.6330588,-0.6420301,-0.6523816,-0.6623694,-0.670379,-0.68050367,-0.6922411,-0.7025548,-0.71120566,-0.71803415,-0.72537744,-0.735052,-0.74692875,-0.7563422,-0.7643031,-0.7685803,-0.772199,-0.7808179,-0.785817,-0.7967275,-0.8074732,-0.81566966,-0.8233277,-0.8323353,-0.8427048,-0.85048306,-0.8594351,-0.87013894,-0.8795579,-0.8872878,-0.89479744,-0.90843123,-0.9140722,-0.92355233,-0.9352791,-0.9477765,-0.9573989,-0.96722525,-0.9783988,-0.98761255,-0.9996794,-1.0095273,-1.0206827,-1.0333884,-1.0431408,-1.0509589,-1.0609273
59_real,-0.8282393,,,,,,,,,,,,,,,,,,,,,,,,,,,,,,,,,,,,,,,,,,,,-1.019506,,,,,,,,,,,,,,,,,,,,,,,,,
59_gen,-0.8282393,-0.8283919,-0.8325772,-0.8348392,-0.83925116,-0.8405903,-0.8429456,-0.8453884,-0.847999,-0.85197514,-0.857382,-0.8589757,-0.8584529,-0.8636714,-0.8680994,-0.87082374,-0.8725482,-0.8771154,-0.8832221,-0.8868121,-0.89001274,-0.89203775,-0.8932745,-0.89409083,-0.8961428,-0.8982814,-0.90025455,-0.90133744,-0.9026281,-0.9053467,-0.90829,-0.9121491,-0.9168292,-0.92022485,-0.9212185,-0.9259683,-0.92881554,-0.9288133,-0.9297263,-0.93189824,-0.9348513,-0.9368887,-0.9405797,-0.94215983,-0.9457847,-0.94646454,-0.94989413,-0.9518126,-0.95070773,-0.9524906,-0.95719147,-0.95919883,-0.9638734,-0.9675682,-0.96893466,-0.9712186,-0.97159606,-0.9727831,-0.97633535,-0.97744256,-0.9806792,-0.98551244,-0.99049866,-0.9947399,-0.99968463,-1.0036721,-1.006874,-1.0105923,-1.0134051,-1.0171025
60_real,-0.8454855,,,,,,,,,,,,,,,,,,,,,,,,,,,,,,,,,,,,,,,,,,,,-0.79219145,,,,,,,,,,,,,,,,,,,,,,,,,
60_gen,-0.84548557,-0.8459405,-0.84942067,-0.8536577,-0.8554948,-0.86128795,-0.86338866,-0.86784476,-0.87075347,-0.8729013,-0.8758894,-0.8794702,-0.884405,-0.88858163,-0.89588386,-0.8959495,-0.900226,-0.90252686,-0.90441334,-0.90618354,-0.9089565,-0.91236305,-0.9150627,-0.91787374,-0.92246807,-0.9278923,-0.93169993,-0.9334103,-0.9365147,-0.94142187,-0.9464803,-0.94775784,-0.94877785,-0.95266867,-0.95465314,-0.9585432,-0.9606341,-0.9618541,-0.96428597,-0.97009075,-0.9717994,-0.97529554,-0.9798255,-0.9819492,-0.9840649,-0.9872756,-0.9909671,-0.9943778,-0.9986021,-1.0028155,-1.0042548,-1.0059541,-1.0087078,-1.0133269,-1.0163093,-1.0196501,-1.0210096,-1.021012,-1.0242249,-1.0261222,-1.029247,-1.0315872,-1.0340445,-1.0380086,-1.0402329,-1.04338,-1.0468851,-1.0497066,-1.0545375,-1.0598032
61_real,-1.2562301,,,,,,,,,,,,,,,,,,,,,,,,,,,,,,,,,,,,,,,,,,,,-1.3643849,,,,,,,,,,,,,,,,,,,,,,,,,
61_gen,-1.2562302,-1.266473,-1.2769972,-1.2854384,-1.2972279,-1.3095645,-1.3203374,-1.3297018,-1.3378704,-1.3489491,-1.3542417,-1.360987,-1.3656231,-1.3718399,-1.3779837,-1.3843734,-1.3906894,-1.398047,-1.4062724,-1.4142568,-1.4215915,-1.429741,-1.4398128,-1.4471966,-1.4548419,-1.4618742,-1.4710871,-1.4789994,-1.4855208,-1.4956136,-1.5002451,-1.5067956,-1.5168571,-1.5287589,-1.5381188,-1.5468484,-1.5597607,-1.568123,-1.5828125,-1.5912421,-1.603083,-1.6108967,-1.6182724,-1.628372,-1.6364515,-1.6418579,-1.6485935,-1.656612,-1.6683773,-1.6744788,-1.6773369,-1.685614,-1.6938498,-1.7035898,-1.7123142,-1.7206846,-1.7280114,-1.7369537,-1.7480828,-1.7610998,-1.7711512,-1.7803497,-1.7892145,-1.7960545,-1.8061012,-1.8132511,-1.8233359,-1.8317754,-1.8324363,-1.8448036
62_real,-0.7986529,,,,,,,,,,,,,,,,,,,,,,,,,,,,,,,,,,,,,,,,,,,,-0.78865325,,,,,,,,,,,,,,,,,,,,,,,,,
62_gen,-0.7986528,-0.80321676,-0.8115293,-0.8224424,-0.83328545,-0.8453132,-0.8568929,-0.86940634,-0.8775094,-0.8916359,-0.902537,-0.91292274,-0.918945,-0.930205,-0.941538,-0.9496454,-0.9580747,-0.9658662,-0.97894156,-0.99000037,-1.0023293,-1.0121596,-1.0259633,-1.0374911,-1.0472078,-1.0531627,-1.0624573,-1.072048,-1.080335,-1.0877106,-1.0966332,-1.1070406,-1.1155275,-1.1217911,-1.1265454,-1.1360784,-1.1471841,-1.1603426,-1.17149,-1.1843169,-1.1939504,-1.2031337,-1.2155787,-1.2265875,-1.2375721,-1.245507,-1.2569854,-1.2685436,-1.2804204,-1.2925438,-1.3012344,-1.3142368,-1.3277981,-1.3382337,-1.3514762,-1.3632755,-1.3712927,-1.3763624,-1.387047,-1.3950984,-1.4055003,-1.4164848,-1.4237821,-1.433772,-1.4484075,-1.4624958,-1.4754083,-1.4839708,-1.4931624,-1.504818
63_real,0.78450644,,,,,,,,,,,,,,,,,,,,,,,,,,,,,,,,,,,,,,,,,,,,0.528842,,,,,,,,,,,,,,,,,,,,,,,,,
63_gen,0.7845064,0.7720765,0.75999254,0.75285894,0.7428129,0.73368233,0.72416145,0.71312827,0.7033519,0.6971627,0.6889182,0.6807238,0.67079145,0.66206753,0.6537788,0.64566755,0.6381955,0.630072,0.6227769,0.6110488,0.6049961,0.5939455,0.5851637,0.57529795,0.56600744,0.5579474,0.5516606,0.5433261,0.5341736,0.525748,0.5161613,0.50751966,0.5003089,0.49347392,0.48978025,0.48306507,0.47514805,0.4672219,0.46010298,0.452825,0.44374403,0.43583822,0.4261601,0.42092457,0.41530094,0.40776834,0.4006392,0.39421433,0.38686037,0.37934405,0.37209505,0.36032352,0.35382384,0.34760338,0.33980978,0.3303698,0.3238042,0.31530654,0.30680007,0.29884487,0.29058537,0.281758,0.2741515,0.26829576,0.2618279,0.25512338,0.24507213,0.23882563,0.23031215,0.22361402
64_real,-0.05175956,,,,,,,,,,,,,,,,,,,,,,,,,,,,,,,,,,,,,,,,,,,,-0.2732679,,,,,,,,,,,,,,,,,,,,,,,,,
64_gen,-0.051759563,-0.06398431,-0.07461168,-0.081316724,-0.09362865,-0.10357177,-0.11370478,-0.12760559,-0.14003643,-0.15277873,-0.16162843,-0.16957298,-0.17852655,-0.18464188,-0.1927703,-0.20427783,-0.2124695,-0.22369485,-0.23085976,-0.23917463,-0.24950345,-0.2568883,-0.26467246,-0.27652547,-0.28416127,-0.2919531,-0.3026695,-0.31000185,-0.31761092,-0.32640105,-0.33330235,-0.34294173,-0.35078126,-0.3586071,-0.36635888,-0.3761037,-0.3862369,-0.39380485,-0.40034246,-0.4102621,-0.42087063,-0.4328479,-0.4402666,-0.4503017,-0.45717573,-0.467285,-0.47720137,-0.48462963,-0.493743,-0.5020051,-0.509901,-0.51977396,-0.53105634,-0.5414006,-0.5518979,-0.56370413,-0.5741581,-0.5823606,-0.5889074,-0.5975815,-0.605013,-0.61309355,-0.62161183,-0.62913895,-0.6365612,-0.6466592,-0.65833867,-0.6685251,-0.6767522,-0.6889216
65_real,-0.20647426,,,,,,,,,,,,,,,,,,,,,,,,,,,,,,,,,,,,,,,,,,,,-0.19848764,,,,,,,,,,,,,,,,,,,,,,,,,
65_gen,-0.20647427,-0.21375099,-0.22641106,-0.2325823,-0.24041414,-0.24603224,-0.25255674,-0.25999504,-0.2658568,-0.27535558,-0.28518346,-0.2914668,-0.30093437,-0.30805868,-0.31661505,-0.32321006,-0.32872304,-0.33780316,-0.34300256,-0.35201716,-0.3600916,-0.36359406,-0.3696583,-0.37744147,-0.38297135,-0.39076963,-0.40088987,-0.40665168,-0.41164836,-0.4170516,-0.42368403,-0.43215346,-0.43631297,-0.4434692,-0.44878426,-0.45751137,-0.46459666,-0.47042212,-0.4758564,-0.48045462,-0.4895895,-0.49624437,-0.50481445,-0.5128644,-0.51953983,-0.52522314,-0.53110516,-0.53444207,-0.5409963,-0.5477638,-0.5580657,-0.56621885,-0.5730715,-0.5843079,-0.5915182,-0.5946626,-0.6017391,-0.6081142,-0.61407864,-0.62184,-0.62745726,-0.637615,-0.6471999,-0.6542104,-0.6625342,-0.66738605,-0.67292345,-0.6795536,-0.68764734,-0.6964243
66_real,-0.20777209,,,,,,,,,,,,,,,,,,,,,,,,,,,,,,,,,,,,,,,,,,,,-0.39020795,,,,,,,,,,,,,,,,,,,,,,,,,
66_gen,-0.2077721,-0.2153534,-0.22414282,-0.23098905,-0.23897319,-0.24945907,-0.25556293,-0.26614827,-0.2760901,-0.28031397,-0.28499573,-0.2930631,-0.29923937,-0.308534,-0.3111617,-0.31987587,-0.3287488,-0.33858073,-0.34768313,-0.3570426,-0.36323753,-0.3689612,-0.3768751,-0.38707238,-0.39141592,-0.3988966,-0.40698934,-0.41038474,-0.41357246,-0.41964936,-0.42551446,-0.43557757,-0.43716788,-0.4415628,-0.44646278,-0.45058352,-0.4548072,-0.46476942,-0.47054583,-0.4801519,-0.48712778,-0.4947833,-0.5027238,-0.508587,-0.5148257,-0.52394605,-0.53115064,-0.53366625,-0.53791654,-0.5469588,-0.55291384,-0.56050014,-0.5709214,-0.57813877,-0.5851289,-0.5909281,-0.60201275,-0.61089885,-0.61902046,-0.62640345,-0.62937194,-0.63898724,-0.6492423,-0.65775263,-0.6648402,-0.67123276,-0.6812123,-0.69305223,-0.69955313,-0.7108637
67_real,-1.170566,,,,,,,,,,,,,,,,,,,,,,,,,,,,,,,,,,,,,,,,,,,,-1.1206225,,,,,,,,,,,,,,,,,,,,,,,,,
67_gen,-1.1705658,-1.1761372,-1.182977,-1.1889608,-1.1969798,-1.2082705,-1.2124571,-1.2167333,-1.226269,-1.2341144,-1.2400217,-1.250654,-1.2584902,-1.2651646,-1.2706983,-1.2780292,-1.2828314,-1.287331,-1.2960064,-1.3078034,-1.315098,-1.3247013,-1.3353485,-1.3442886,-1.3497617,-1.3529519,-1.3639132,-1.3724296,-1.3808477,-1.3842745,-1.392032,-1.3996015,-1.4077837,-1.4144695,-1.4191338,-1.4280287,-1.4366919,-1.4424032,-1.4502293,-1.4564202,-1.4648879,-1.4747345,-1.4829284,-1.4923776,-1.5005147,-1.5066445,-1.5174106,-1.5252507,-1.5338391,-1.542742,-1.553318,-1.5592625,-1.567996,-1.5760826,-1.5846286,-1.5921122,-1.6027294,-1.6101658,-1.6175648,-1.6241739,-1.6310291,-1.6372721,-1.6459345,-1.6526778,-1.6622022,-1.6724745,-1.6827368,-1.6925199,-1.7035927,-1.7142969
68_real,-0.93351585,,,,,,,,,,,,,,,,,,,,,,,,,,,,,,,,,,,,,,,,,,,,-0.9513468,,,,,,,,,,,,,,,,,,,,,,,,,
68_gen,-0.93351585,-0.9466368,-0.95946217,-0.97502106,-0.98506576,-0.9956536,-1.0078665,-1.0198929,-1.0292321,-1.0386117,-1.052939,-1.06359,-1.0736401,-1.081589,-1.0897938,-1.0987729,-1.1055912,-1.1170175,-1.1243322,-1.1319678,-1.1423918,-1.1526266,-1.165074,-1.1781327,-1.1889318,-1.1957887,-1.2016287,-1.2082016,-1.2161258,-1.2241896,-1.2320129,-1.2376481,-1.2446963,-1.2550033,-1.2629184,-1.2706954,-1.2792022,-1.2902863,-1.3005749,-1.3088477,-1.3155934,-1.3232363,-1.3315351,-1.3396043,-1.3473619,-1.3543757,-1.3623857,-1.370464,-1.3812805,-1.3904655,-1.3997829,-1.4116533,-1.4226606,-1.434172,-1.444891,-1.4546287,-1.4632565,-1.4710366,-1.4803213,-1.4932921,-1.5034424,-1.5148793,-1.5225103,-1.5352206,-1.5457375,-1.5576193,-1.5670741,-1.5788386,-1.5897818,-1.60086
69_real,-1.7271576,,,,,,,,,,,,,,,,,,,,,,,,,,,,,,,,,,,,,,,,,,,,-1.8916386,,,,,,,,,,,,,,,,,,,,,,,,,
69_gen,-1.7271576,-1.7347025,-1.7392629,-1.7442415,-1.7502015,-1.7567049,-1.7597697,-1.7644764,-1.7700107,-1.7741066,-1.7797663,-1.7867473,-1.791425,-1.7987192,-1.809055,-1.8161814,-1.8219967,-1.824701,-1.82641,-1.831255,-1.8385487,-1.843412,-1.8500221,-1.8567581,-1.8638895,-1.8683491,-1.874534,-1.8810408,-1.8839958,-1.8886074,-1.8947241,-1.9002835,-1.9055307,-1.9132181,-1.9203289,-1.9274256,-1.9333969,-1.9383812,-1.9438708,-1.9485067,-1.9524759,-1.9574487,-1.9624408,-1.9689138,-1.9742607,-1.9799246,-1.9854851,-1.9914681,-1.9963589,-2.0038638,-2.0117087,-2.0177457,-2.0258183,-2.0316145,-2.0395057,-2.047227,-2.0528212,-2.059612,-2.0683434,-2.0733216,-2.0804627,-2.0888906,-2.0934587,-2.1000392,-2.1062522,-2.1130142,-2.1167223,-2.1189697,-2.1240735,-2.1286159
70_real,-0.79648197,,,,,,,,,,,,,,,,,,,,,,,,,,,,,,,,,,,,,,,,,,,,-1.082958,,,,,,,,,,,,,,,,,,,,,,,,,
70_gen,-0.796482,-0.8081579,-0.8197252,-0.8287587,-0.8349414,-0.83964574,-0.85033834,-0.8546718,-0.86365974,-0.8746441,-0.8837024,-0.8898407,-0.8936666,-0.8989444,-0.9062441,-0.9124815,-0.91926193,-0.92170703,-0.9278283,-0.9343135,-0.9411127,-0.94546366,-0.9497918,-0.9565253,-0.96143377,-0.9679613,-0.97166663,-0.9790473,-0.9840597,-0.9907972,-0.9948037,-1.0004544,-1.0071905,-1.0121665,-1.0179259,-1.0215776,-1.0297854,-1.0409175,-1.0458813,-1.0544692,-1.0609701,-1.0653297,-1.0678949,-1.0730699,-1.0783055,-1.0853246,-1.0932026,-1.0997041,-1.1079566,-1.1160438,-1.1190131,-1.1257802,-1.1339049,-1.1369617,-1.144925,-1.1503947,-1.1584114,-1.1639199,-1.1691561,-1.1711519,-1.1774975,-1.1847336,-1.190797,-1.199106,-1.2082459,-1.2123798,-1.2198235,-1.2266339,-1.2326329,-1.2396786
71_real,-0.3755814,,,,,,,,,,,,,,,,,,,,,,,,,,,,,,,,,,,,,,,,,,,,-0.49692905,,,,,,,,,,,,,,,,,,,,,,,,,
71_gen,-0.37558144,-0.3824396,-0.38192397,-0.39214084,-0.3979312,-0.40210995,-0.40464258,-0.41346973,-0.4155326,-0.42498264,-0.43307123,-0.43732086,-0.4441866,-0.44656485,-0.45076984,-0.4556622,-0.46017918,-0.46507755,-0.47007355,-0.4761775,-0.4841977,-0.4888988,-0.4954423,-0.49705547,-0.5045832,-0.50959605,-0.5142418,-0.5156595,-0.5205122,-0.52514064,-0.5294183,-0.53513277,-0.5360074,-0.5408384,-0.5459291,-0.5513341,-0.5601241,-0.5686634,-0.57417786,-0.58006847,-0.5859355,-0.5870317,-0.5916177,-0.5993472,-0.6047295,-0.61041135,-0.6172963,-0.6197387,-0.6244937,-0.6284116,-0.6338635,-0.63806784,-0.6430744,-0.65068746,-0.65537757,-0.65974027,-0.6692518,-0.67553085,-0.68113244,-0.68587434,-0.6929715,-0.696695,-0.6988062,-0.70450926,-0.71349347,-0.7170264,-0.7230373,-0.7328368,-0.73912024,-0.7446617
72_real,0.82435304,,,,,,,,,,,,,,,,,,,,,,,,,,,,,,,,,,,,,,,,,,,,0.84765124,,,,,,,,,,,,,,,,,,,,,,,,,
72_gen,0.8243531,0.81891596,0.8108703,0.79985,0.7909927,0.7851849,0.77905834,0.7726342,0.7681545,0.76127064,0.7559999,0.7473832,0.7430462,0.73593485,0.7230238,0.71927536,0.7148324,0.7075251,0.70368564,0.69664884,0.6864746,0.6797959,0.6745212,0.66899997,0.66001004,0.6500145,0.6407774,0.6391664,0.6331128,0.6318313,0.62186,0.61734855,0.6077587,0.5995092,0.5930098,0.58586276,0.5788628,0.5735547,0.5650481,0.5565739,0.55362654,0.54607636,0.539388,0.5319506,0.5233261,0.5198632,0.51362795,0.50643456,0.49919027,0.49463248,0.490506,0.4856778,0.47897705,0.47716075,0.4695948,0.46187672,0.45328006,0.44751215,0.4413848,0.43551356,0.43181938,0.42217883,0.41580313,0.41058248,0.40324193,0.3972912,0.3905499,0.3824899,0.3761937,0.36917382
73_real,-0.9119097,,,,,,,,,,,,,,,,,,,,,,,,,,,,,,,,,,,,,,,,,,,,-1.4819657,,,,,,,,,,,,,,,,,,,,,,,,,
73_gen,-0.9119097,-0.9181506,-0.9241945,-0.9340507,-0.94585097,-0.96077234,-0.971883,-0.984104,-0.99354124,-1.0020508,-1.0091692,-1.0173672,-1.0264419,-1.0374316,-1.0471215,-1.0566312,-1.0679233,-1.0741878,-1.0839179,-1.0977105,-1.110604,-1.1222274,-1.1289701,-1.1422267,-1.1551608,-1.1655436,-1.1774232,-1.1906127,-1.1998552,-1.2095191,-1.2178792,-1.225927,-1.2333682,-1.2429078,-1.2474306,-1.2533164,-1.2651945,-1.2810382,-1.2935505,-1.3041188,-1.316766,-1.3316278,-1.343122,-1.3516917,-1.3604906,-1.3724167,-1.3865322,-1.3972483,-1.409744,-1.4231802,-1.4314361,-1.4477525,-1.4601957,-1.4669743,-1.4764162,-1.487647,-1.4968879,-1.5042694,-1.5160987,-1.5256336,-1.5335552,-1.5424008,-1.5558786,-1.5676782,-1.5802109,-1.592931,-1.6059097,-1.6170597,-1.6299083,-1.6420076
74_real,-0.22385426,,,,,,,,,,,,,,,,,,,,,,,,,,,,,,,,,,,,,,,,,,,,-0.40928993,,,,,,,,,,,,,,,,,,,,,,,,,
74_gen,-0.22385427,-0.23147237,-0.24036765,-0.24578495,-0.25447392,-0.26254618,-0.26760474,-0.27674717,-0.29184747,-0.30194512,-0.30773687,-0.31662017,-0.32605168,-0.33450893,-0.34388584,-0.35100856,-0.3578505,-0.36407062,-0.37362626,-0.38039118,-0.3928575,-0.3994708,-0.4090746,-0.41617194,-0.42645106,-0.4345375,-0.44189557,-0.45135626,-0.45821008,-0.47136658,-0.48277622,-0.48899713,-0.4980095,-0.50445414,-0.5170643,-0.5267116,-0.53455126,-0.54327804,-0.5502919,-0.55715597,-0.5664155,-0.5760376,-0.58620626,-0.597,-0.6040374,-0.6113989,-0.61829627,-0.6245295,-0.6347311,-0.64297706,-0.6498289,-0.6593575,-0.6689507,-0.6792003,-0.6877948,-0.6990814,-0.71171004,-0.72534573,-0.73158014,-0.74622715,-0.75922906,-0.7707332,-0.7807816,-0.7916914,-0.79698277,-0.80991983,-0.8212417,-0.8314704,-0.841791,-0.85201037
75_real,-0.72005266,,,,,,,,,,,,,,,,,,,,,,,,,,,,,,,,,,,,,,,,,,,,-0.86524236,,,,,,,,,,,,,,,,,,,,,,,,,
75_gen,-0.72005266,-0.7225765,-0.7256943,-0.72620946,-0.7294807,-0.7316423,-0.7381686,-0.73996085,-0.74288446,-0.7481693,-0.7522074,-0.75430834,-0.7582202,-0.76471436,-0.7662252,-0.76936936,-0.7763486,-0.77907234,-0.78133744,-0.78451943,-0.788122,-0.7913655,-0.7928836,-0.7960701,-0.7997638,-0.80511016,-0.80884504,-0.8116112,-0.8142843,-0.8160369,-0.8210937,-0.8232579,-0.8273813,-0.83169067,-0.83656675,-0.84285146,-0.84892905,-0.8518537,-0.85474765,-0.85923815,-0.86316264,-0.865847,-0.8684716,-0.87101,-0.8764292,-0.87950975,-0.8814688,-0.8841833,-0.88545626,-0.8895587,-0.89430636,-0.8953355,-0.90029895,-0.90375406,-0.907699,-0.91061574,-0.91578424,-0.92002296,-0.9238755,-0.9299326,-0.9322616,-0.934909,-0.9385052,-0.9395663,-0.9403285,-0.94333994,-0.9460665,-0.9484154,-0.95401174,-0.95628893
76_real,-0.11337837,,,,,,,,,,,,,,,,,,,,,,,,,,,,,,,,,,,,,,,,,,,,-0.3551726,,,,,,,,,,,,,,,,,,,,,,,,,
76_gen,-0.11337837,-0.12004612,-0.12551485,-0.12998904,-0.13539144,-0.14012717,-0.14511052,-0.1513046,-0.15480056,-0.15800478,-0.1614295,-0.16483636,-0.16619302,-0.16965485,-0.17334868,-0.17552903,-0.17996824,-0.1845849,-0.18898755,-0.19069253,-0.19377643,-0.19721763,-0.1992848,-0.20222004,-0.20607293,-0.20913672,-0.21440668,-0.21792309,-0.22204626,-0.22438745,-0.22904453,-0.23332791,-0.23607203,-0.24154504,-0.24660179,-0.2518558,-0.25513422,-0.25738323,-0.2611482,-0.2657,-0.26976144,-0.27280802,-0.2751111,-0.2780761,-0.28210163,-0.28561434,-0.28986377,-0.29459327,-0.29635343,-0.29983768,-0.30284145,-0.30827218,-0.31122077,-0.3157793,-0.32021794,-0.32233697,-0.32582435,-0.3304154,-0.33319,-0.3388788,-0.34174722,-0.3472442,-0.35241002,-0.35814124,-0.36338392,-0.36766702,-0.36972517,-0.37752628,-0.37812275,-0.38244572
77_real,-1.1806977,,,,,,,,,,,,,,,,,,,,,,,,,,,,,,,,,,,,,,,,,,,,-1.1447332,,,,,,,,,,,,,,,,,,,,,,,,,
77_gen,-1.1806976,-1.1871803,-1.197917,-1.2038114,-1.2155803,-1.2234815,-1.2290868,-1.2335422,-1.2423608,-1.2453672,-1.246853,-1.2514913,-1.2575507,-1.2667457,-1.2740448,-1.2791727,-1.284515,-1.292329,-1.2984787,-1.3039188,-1.3088204,-1.3161769,-1.323576,-1.331794,-1.3403099,-1.3484757,-1.3542416,-1.3597326,-1.366718,-1.374302,-1.3784302,-1.3847737,-1.389808,-1.3946669,-1.3976376,-1.4051489,-1.4116254,-1.4190094,-1.4194382,-1.4253266,-1.4343638,-1.4429712,-1.4477446,-1.4533322,-1.4595829,-1.465642,-1.4709668,-1.4776499,-1.4809377,-1.4854109,-1.4913684,-1.4958403,-1.5002812,-1.506217,-1.5139297,-1.5215495,-1.529195,-1.5365407,-1.539086,-1.5454185,-1.5509783,-1.5533277,-1.5574167,-1.5646938,-1.5704403,-1.576635,-1.5814431,-1.5870162,-1.5909246,-1.5943887
78_real,-1.0613976,,,,,,,,,,,,,,,,,,,,,,,,,,,,,,,,,,,,,,,,,,,,-1.0920498,,,,,,,,,,,,,,,,,,,,,,,,,
78_gen,-1.0613976,-1.0650645,-1.070543,-1.0727202,-1.078569,-1.0839138,-1.0924206,-1.0974072,-1.0999715,-1.1034311,-1.107377,-1.1109648,-1.1144755,-1.1226764,-1.1283551,-1.1312963,-1.1379943,-1.1414169,-1.148989,-1.1554606,-1.1586508,-1.1624919,-1.169575,-1.1744635,-1.1785727,-1.1841445,-1.18934,-1.1947925,-1.2011694,-1.2082713,-1.218082,-1.2211559,-1.223417,-1.2309397,-1.2367135,-1.2407873,-1.2455323,-1.2507675,-1.2556798,-1.2626346,-1.2709033,-1.2767309,-1.2785485,-1.2832375,-1.2881621,-1.2956803,-1.3031781,-1.3102915,-1.316308,-1.3212688,-1.3309013,-1.3346266,-1.3392394,-1.3457879,-1.3528761,-1.3585259,-1.3647696,-1.3739247,-1.3797107,-1.3861412,-1.3927326,-1.3969728,-1.4039195,-1.408491,-1.4144695,-1.422518,-1.4277115,-1.4322113,-1.4376651,-1.446181
79_real,-0.7035112,,,,,,,,,,,,,,,,,,,,,,,,,,,,,,,,,,,,,,,,,,,,-0.53218466,,,,,,,,,,,,,,,,,,,,,,,,,
79_gen,-0.7035112,-0.70980227,-0.71386373,-0.7191199,-0.72676927,-0.73000765,-0.73666996,-0.7407958,-0.74719775,-0.7517416,-0.7560794,-0.76052177,-0.76392376,-0.7687191,-0.7723924,-0.77724004,-0.7811523,-0.7860747,-0.7914052,-0.79327095,-0.7976509,-0.80153245,-0.8066441,-0.8121902,-0.817516,-0.8220943,-0.82569677,-0.83166134,-0.8388616,-0.84512156,-0.8494538,-0.8502897,-0.854212,-0.8586731,-0.8630171,-0.86832964,-0.8731491,-0.87816066,-0.883554,-0.88700455,-0.8911427,-0.8934161,-0.8995234,-0.90442646,-0.9109106,-0.9151139,-0.9208075,-0.9246009,-0.93039787,-0.9338406,-0.94096917,-0.94749326,-0.95254344,-0.9573963,-0.961712,-0.96529025,-0.9697369,-0.9726887,-0.9777706,-0.9841609,-0.98897076,-0.99507415,-0.99782914,-1.0006568,-1.0075047,-1.0126486,-1.0190122,-1.0247028,-1.0284228,-1.0329523
80_real,-0.4173106,,,,,,,,,,,,,,,,,,,,,,,,,,,,,,,,,,,,,,,,,,,,-0.2762123,,,,,,,,,,,,,,,,,,,,,,,,,
80_gen,-0.41731066,-0.42459098,-0.4317616,-0.43905348,-0.44431582,-0.45068717,-0.4573637,-0.4620633,-0.4660707,-0.4694437,-0.47424966,-0.47831646,-0.48149258,-0.4873259,-0.4910577,-0.49612293,-0.5001453,-0.50427246,-0.5082471,-0.5122055,-0.5176772,-0.52157,-0.5272247,-0.5309106,-0.53468513,-0.5392319,-0.5435564,-0.5472515,-0.550132,-0.5544802,-0.5591794,-0.5621475,-0.5659188,-0.5719442,-0.5762717,-0.58104503,-0.588074,-0.59302676,-0.5975338,-0.6025718,-0.6043789,-0.6083038,-0.61263555,-0.6169616,-0.6220027,-0.62658954,-0.6319779,-0.6353362,-0.6391706,-0.64312285,-0.6466543,-0.65087885,-0.65606856,-0.6600696,-0.6653705,-0.67038757,-0.6744822,-0.67972106,-0.68455696,-0.6899921,-0.69385356,-0.6969799,-0.7010881,-0.7069918,-0.71036744,-0.7157436,-0.7198943,-0.72328305,-0.7262894,-0.7300097
81_real,-0.76208216,,,,,,,,,,,,,,,,,,,,,,,,,,,,,,,,,,,,,,,,,,,,-0.8371997,,,,,,,,,,,,,,,,,,,,,,,,,
81_gen,-0.76208216,-0.7717348,-0.7806259,-0.78821784,-0.7996756,-0.8097781,-0.8176344,-0.82782954,-0.8383111,-0.84519386,-0.8533553,-0.8626038,-0.87075746,-0.8792755,-0.8877514,-0.89461815,-0.90329677,-0.9119423,-0.9198834,-0.92633504,-0.9345665,-0.94185126,-0.9535133,-0.9613266,-0.9717542,-0.97896814,-0.98800373,-0.9956441,-1.005305,-1.0137441,-1.0222857,-1.0325496,-1.0425632,-1.0515639,-1.0596955,-1.0689087,-1.0798458,-1.0860361,-1.0961401,-1.1052434,-1.1140431,-1.1205225,-1.1303387,-1.1375782,-1.1453725,-1.1597335,-1.166426,-1.1718115,-1.1844568,-1.1920367,-1.2028649,-1.2089857,-1.216522,-1.2234637,-1.2314155,-1.2410834,-1.2461069,-1.2558017,-1.2637056,-1.2705196,-1.280226,-1.2898697,-1.2961458,-1.302863,-1.312423,-1.3172256,-1.3277853,-1.337395,-1.3482584,-1.3547895
82_real,-0.4608065,,,,,,,,,,,,,,,,,,,,,,,,,,,,,,,,,,,,,,,,,,,,-0.6377655,,,,,,,,,,,,,,,,,,,,,,,,,
82_gen,-0.46080643,-0.46981135,-0.47596997,-0.48397246,-0.4895277,-0.49646226,-0.5050761,-0.5112957,-0.51852584,-0.52615196,-0.53383493,-0.5407256,-0.55028313,-0.5569709,-0.5627133,-0.5712646,-0.57911533,-0.5866352,-0.59537923,-0.6000157,-0.6067808,-0.6132587,-0.6211029,-0.62829936,-0.6342348,-0.641758,-0.64606696,-0.6520279,-0.65654176,-0.66203517,-0.6687492,-0.6760073,-0.6808744,-0.687638,-0.69278926,-0.69942296,-0.70872915,-0.7142006,-0.7196729,-0.72703016,-0.7328965,-0.7383872,-0.7447852,-0.75007707,-0.75599134,-0.76262456,-0.7681806,-0.77507514,-0.78049123,-0.7858755,-0.7941634,-0.79773444,-0.80437577,-0.81137216,-0.8191353,-0.82643443,-0.8329996,-0.8401613,-0.8474622,-0.85150623,-0.8561044,-0.8638743,-0.8713714,-0.87719125,-0.8840904,-0.89113,-0.89525825,-0.902454,-0.90876377,-0.91641676
83_real,-0.6561035,,,,,,,,,,,,,,,,,,,,,,,,,,,,,,,,,,,,,,,,,,,,-0.9318434,,,,,,,,,,,,,,,,,,,,,,,,,
83_gen,-0.65610355,-0.66420454,-0.6728593,-0.6828469,-0.6930721,-0.70096445,-0.7098836,-0.71899575,-0.7272159,-0.7369596,-0.7458517,-0.7520593,-0.760903,-0.76830333,-0.778218,-0.78745204,-0.7964056,-0.8040077,-0.8116768,-0.81699115,-0.8260604,-0.8317847,-0.8398217,-0.8457664,-0.85311306,-0.861133,-0.86885804,-0.8750677,-0.88310754,-0.88969535,-0.89798605,-0.9068079,-0.91422814,-0.92041653,-0.9274372,-0.93446064,-0.9417728,-0.9499525,-0.95736885,-0.96564406,-0.9726118,-0.981806,-0.98909914,-1.0001042,-1.006342,-1.0144018,-1.0239618,-1.031634,-1.0408076,-1.0481662,-1.0566509,-1.0654187,-1.0747999,-1.0819305,-1.0925816,-1.1026913,-1.111563,-1.120702,-1.1293457,-1.1361649,-1.144654,-1.1536325,-1.1628407,-1.1707675,-1.1791295,-1.1882002,-1.1967307,-1.2065663,-1.2159735,-1.2251406
84_real,-0.06749795,,,,,,,,,,,,,,,,,,,,,,,,,,,,,,,,,,,,,,,,,,,,-0.4648946,,,,,,,,,,,,,,,,,,,,,,,,,
84_gen,-0.067497954,-0.07816628,-0.08459128,-0.08942086,-0.09417404,-0.10174153,-0.1080058,-0.114399396,-0.12392148,-0.13239418,-0.13794884,-0.14306772,-0.1496251,-0.15795746,-0.16286945,-0.17040363,-0.17605858,-0.18372165,-0.1917669,-0.19645251,-0.20429108,-0.20998117,-0.21610515,-0.22537884,-0.23226726,-0.23866901,-0.24440053,-0.25256103,-0.2603191,-0.26607004,-0.27215883,-0.27964163,-0.28373522,-0.29010373,-0.2969287,-0.3040357,-0.31076437,-0.31580973,-0.32424265,-0.33175474,-0.33646658,-0.34406042,-0.35198557,-0.35777557,-0.36252588,-0.36708388,-0.37328902,-0.37788337,-0.3832006,-0.38962683,-0.3974821,-0.40429822,-0.40970764,-0.4171888,-0.42204618,-0.429545,-0.43732542,-0.44399732,-0.4503767,-0.45831951,-0.46484265,-0.46883598,-0.47548962,-0.48429003,-0.491479,-0.50082994,-0.5078598,-0.51110953,-0.519671,-0.5242851
85_real,-1.1048993,,,,,,,,,,,,,,,,,,,,,,,,,,,,,,,,,,,,,,,,,,,,-1.442212,,,,,,,,,,,,,,,,,,,,,,,,,
85_gen,-1.1048993,-1.1111938,-1.1205399,-1.1292466,-1.137645,-1.141164,-1.1491005,-1.1560194,-1.1624253,-1.1684825,-1.1735533,-1.1817496,-1.1873676,-1.1929991,-1.1970271,-1.204211,-1.2097175,-1.2170208,-1.2250664,-1.2354419,-1.2440951,-1.2471347,-1.2517126,-1.2607747,-1.2677901,-1.2738624,-1.2804636,-1.2875428,-1.2940958,-1.3010129,-1.3090544,-1.3163391,-1.3219818,-1.3273642,-1.3364766,-1.3469808,-1.3509102,-1.3592045,-1.3673707,-1.3736446,-1.3807877,-1.3886666,-1.3922012,-1.3989104,-1.4066072,-1.4131881,-1.4199331,-1.4310654,-1.4398324,-1.448537,-1.4549687,-1.4652339,-1.4747015,-1.4818923,-1.4902643,-1.4974406,-1.5067866,-1.5131128,-1.5191587,-1.5249462,-1.5348513,-1.5426584,-1.5468705,-1.5527076,-1.5598719,-1.5654397,-1.5706466,-1.5776458,-1.5867274,-1.5947196
86_real,-1.0778277,,,,,,,,,,,,,,,,,,,,,,,,,,,,,,,,,,,,,,,,,,,,-1.2830051,,,,,,,,,,,,,,,,,,,,,,,,,
86_gen,-1.0778276,-1.0836222,-1.0925245,-1.099564,-1.1091925,-1.1187977,-1.1280892,-1.1344965,-1.1417592,-1.1499649,-1.1577506,-1.1681864,-1.1761295,-1.179784,-1.1900103,-1.1981322,-1.2042677,-1.2139747,-1.2189648,-1.225621,-1.234149,-1.2410369,-1.2501858,-1.2566488,-1.2613652,-1.266969,-1.2778449,-1.2804844,-1.287647,-1.296574,-1.3038538,-1.3134612,-1.3180951,-1.3225,-1.3303039,-1.3402945,-1.3469201,-1.3561635,-1.3643315,-1.376054,-1.3828735,-1.3909683,-1.3962867,-1.4001155,-1.4049852,-1.4140693,-1.4237009,-1.4272935,-1.4366572,-1.446215,-1.4550515,-1.4617093,-1.4688601,-1.4750896,-1.4865344,-1.495638,-1.5009416,-1.5085858,-1.5172427,-1.526086,-1.5335348,-1.5421557,-1.5508316,-1.5611118,-1.5685536,-1.5741347,-1.580932,-1.591425,-1.5988442,-1.6065668
87_real,0.44630083,,,,,,,,,,,,,,,,,,,,,,,,,,,,,,,,,,,,,,,,,,,,0.6399293,,,,,,,,,,,,,,,,,,,,,,,,,
87_gen,0.44630083,0.43972126,0.4344987,0.42752615,0.42125002,0.41682786,0.41161078,0.4068033,0.40004787,0.39644176,0.39021838,0.38720328,0.37891003,0.37488732,0.3685056,0.36366504,0.3585726,0.35341796,0.3477226,0.34246993,0.33699507,0.33286422,0.32968774,0.32937616,0.3255402,0.31850475,0.31469175,0.310964,0.3067724,0.303554,0.29866448,0.2946475,0.29069525,0.28741592,0.27818626,0.2743009,0.27246365,0.26622784,0.2610077,0.2572351,0.25531062,0.25080255,0.24569759,0.24013245,0.23464032,0.22900209,0.22414632,0.2185831,0.21722496,0.21229228,0.20750304,0.20362738,0.20169738,0.19418368,0.18533765,0.18179134,0.17910396,0.17371866,0.16828416,0.1641586,0.15861514,0.15618563,0.1515266,0.14719161,0.14206342,0.13350104,0.12960483,0.123947695,0.11963308,0.11317519
88_real,-0.5167236,,,,,,,,,,,,,,,,,,,,,,,,,,,,,,,,,,,,,,,,,,,,-0.50235313,,,,,,,,,,,,,,,,,,,,,,,,,
88_gen,-0.5167236,-0.51960415,-0.5253749,-0.52856624,-0.5378981,-0.54299504,-0.54775125,-0.5526276,-0.5583002,-0.56247485,-0.5683823,-0.5733048,-0.5753239,-0.58154124,-0.58615893,-0.5885603,-0.5909411,-0.5954824,-0.5973839,-0.6014651,-0.60545146,-0.6122265,-0.61580926,-0.6224923,-0.6271126,-0.63078177,-0.6358754,-0.6386711,-0.6433547,-0.6489237,-0.6533731,-0.6575817,-0.66117847,-0.6642259,-0.6686481,-0.6772439,-0.6805943,-0.68537605,-0.6867014,-0.6902304,-0.695339,-0.70201683,-0.7068206,-0.7119929,-0.7171038,-0.7221655,-0.7243768,-0.7267406,-0.72997713,-0.7345981,-0.7384368,-0.7402466,-0.74380195,-0.74958616,-0.7519449,-0.75521076,-0.76316774,-0.7701829,-0.77321136,-0.7766949,-0.7801677,-0.7844615,-0.7887629,-0.7941301,-0.800182,-0.8082097,-0.8104307,-0.81553155,-0.82021296,-0.8268591
89_real,-0.11512544,,,,,,,,,,,,,,,,,,,,,,,,,,,,,,,,,,,,,,,,,,,,-0.113033496,,,,,,,,,,,,,,,,,,,,,,,,,
89_gen,-0.11512543,-0.11869248,-0.12318709,-0.12515746,-0.12668024,-0.12924127,-0.13268645,-0.13655196,-0.13713005,-0.13796669,-0.13864729,-0.13775307,-0.13892774,-0.14261489,-0.14449759,-0.14953947,-0.15338728,-0.15620577,-0.16037044,-0.16071412,-0.16314876,-0.16574655,-0.16486251,-0.16673097,-0.17151032,-0.1745046,-0.1768873,-0.17819767,-0.17892826,-0.17903748,-0.17891957,-0.17867441,-0.18116629,-0.18323919,-0.18252046,-0.18226048,-0.18604532,-0.18805036,-0.18781194,-0.19247352,-0.19259709,-0.1948553,-0.1982341,-0.20046738,-0.20307696,-0.20474836,-0.20771274,-0.20924039,-0.20895009,-0.21209295,-0.21177018,-0.21127129,-0.21130583,-0.2131581,-0.21304074,-0.21595418,-0.21518028,-0.2157516,-0.21654454,-0.21877079,-0.21844378,-0.21890056,-0.21993203,-0.21939349,-0.21926935,-0.22352806,-0.22602756,-0.22342665,-0.2234821,-0.22394982
90_real,-1.2814231,,,,,,,,,,,,,,,,,,,,,,,,,,,,,,,,,,,,,,,,,,,,-1.374952,,,,,,,,,,,,,,,,,,,,,,,,,
90_gen,-1.2814232,-1.2853664,-1.2923241,-1.2966391,-1.3027662,-1.3063421,-1.3093855,-1.3108461,-1.3136413,-1.3171595,-1.3221338,-1.3249047,-1.3273467,-1.3342372,-1.3386028,-1.3418531,-1.3457761,-1.3489835,-1.3502983,-1.3533545,-1.3535435,-1.3547292,-1.3580557,-1.3620738,-1.3673731,-1.3698088,-1.3716998,-1.3738315,-1.370981,-1.3716837,-1.3715388,-1.3731272,-1.37567,-1.3781605,-1.3818675,-1.3849725,-1.3854841,-1.3884314,-1.3897581,-1.3924216,-1.3927077,-1.3925048,-1.3957151,-1.397022,-1.3992298,-1.3998817,-1.4067457,-1.4089355,-1.4117985,-1.4123092,-1.4140686,-1.4137896,-1.4134653,-1.413914,-1.4166038,-1.4200188,-1.4258897,-1.4278672,-1.4292607,-1.4321803,-1.4341725,-1.4375598,-1.4357414,-1.4405849,-1.441827,-1.4438074,-1.4429264,-1.4450347,-1.4476101,-1.453247
91_real,-1.2844204,,,,,,,,,,,,,,,,,,,,,,,,,,,,,,,,,,,,,,,,,,,,-1.2182362,,,,,,,,,,,,,,,,,,,,,,,,,
91_gen,-1.2844203,-1.2888979,-1.2951459,-1.3018241,-1.3059015,-1.3075161,-1.3103302,-1.3130444,-1.3154022,-1.3207446,-1.3237602,-1.3269256,-1.330116,-1.3336385,-1.3372747,-1.3393795,-1.3436868,-1.3467011,-1.3516266,-1.3556488,-1.3582329,-1.36113,-1.36464,-1.3674611,-1.3714573,-1.377073,-1.3787304,-1.383549,-1.3869637,-1.3909707,-1.3955635,-1.3992236,-1.4014595,-1.4058809,-1.4116012,-1.4153583,-1.4183398,-1.4189624,-1.4209539,-1.4263438,-1.4313878,-1.4366864,-1.4424812,-1.4429134,-1.4448311,-1.4462743,-1.4470683,-1.4492236,-1.4512565,-1.4552166,-1.4578038,-1.4614608,-1.4652545,-1.4696605,-1.4707763,-1.4705989,-1.4720773,-1.4775541,-1.4824773,-1.4858956,-1.4857868,-1.4906739,-1.4909422,-1.4920866,-1.4939398,-1.4965587,-1.4980121,-1.5017871,-1.5067918,-1.5090228
92_real,-1.3901898,,,,,,,,,,,,,,,,,,,,,,,,,,,,,,,,,,,,,,,,,,,,-1.489686,,,,,,,,,,,,,,,,,,,,,,,,,
92_gen,-1.3901899,-1.3938444,-1.3986919,-1.4044197,-1.4068375,-1.4125221,-1.4138154,-1.4174457,-1.4188838,-1.4215987,-1.4237825,-1.4268243,-1.4300293,-1.4330727,-1.4385388,-1.4406403,-1.4424279,-1.4463161,-1.4529722,-1.4572372,-1.46119,-1.4652517,-1.4699295,-1.4748614,-1.4786892,-1.4837168,-1.4854996,-1.4908783,-1.4960788,-1.4995878,-1.5025913,-1.504507,-1.5093235,-1.5119991,-1.5135448,-1.5178492,-1.5201168,-1.521168,-1.5226543,-1.527592,-1.529868,-1.5311228,-1.5353957,-1.5412587,-1.5457441,-1.5514632,-1.5551921,-1.5600667,-1.5650158,-1.569599,-1.5690973,-1.567896,-1.5728363,-1.5721872,-1.5747826,-1.5772718,-1.5783293,-1.5826871,-1.5845028,-1.5888416,-1.5926532,-1.5981658,-1.598404,-1.6009734,-1.6039193,-1.6066555,-1.6097901,-1.6126553,-1.6175673,-1.620148
93_real,-0.44856727,,,,,,,,,,,,,,,,,,,,,,,,,,,,,,,,,,,,,,,,,,,,-0.7572937,,,,,,,,,,,,,,,,,,,,,,,,,
93_gen,-0.44856733,-0.4590946,-0.4672841,-0.4774838,-0.4861369,-0.4944218,-0.5026241,-0.51005965,-0.51520956,-0.5225652,-0.5324669,-0.5379265,-0.5461111,-0.55131173,-0.5584711,-0.56620044,-0.572965,-0.582106,-0.5873305,-0.5961672,-0.6054076,-0.6107642,-0.61805856,-0.62503135,-0.6309122,-0.63880384,-0.6461552,-0.6548923,-0.66172236,-0.6688883,-0.67425525,-0.68315536,-0.68888474,-0.69482344,-0.7015527,-0.7096044,-0.71449757,-0.719711,-0.72755325,-0.7317235,-0.7377843,-0.74601567,-0.7503657,-0.75790143,-0.764186,-0.77241826,-0.7780994,-0.7839731,-0.7907733,-0.79877484,-0.8050305,-0.8141052,-0.82093734,-0.82872236,-0.8348071,-0.8441032,-0.85015506,-0.85636103,-0.86231935,-0.8707134,-0.8822481,-0.88870305,-0.89646196,-0.9036026,-0.90972865,-0.9192238,-0.9273313,-0.93614423,-0.9440532,-0.95265245
94_real,-0.6747689,,,,,,,,,,,,,,,,,,,,,,,,,,,,,,,,,,,,,,,,,,,,-0.7107408,,,,,,,,,,,,,,,,,,,,,,,,,
94_gen,-0.6747689,-0.685258,-0.6953166,-0.7046608,-0.7132428,-0.7223923,-0.73346597,-0.7431309,-0.7517681,-0.7598964,-0.76851547,-0.7777772,-0.7838159,-0.78941685,-0.79578334,-0.8040002,-0.81358415,-0.8222763,-0.8304986,-0.83659476,-0.8452554,-0.85239446,-0.85821235,-0.86598605,-0.8716909,-0.880122,-0.88736117,-0.89319974,-0.90196955,-0.906738,-0.9121526,-0.9198826,-0.9267152,-0.9359849,-0.94202507,-0.94915694,-0.9585161,-0.9650734,-0.97158366,-0.9787332,-0.98532504,-0.99280643,-1.0007012,-1.0079753,-1.0171165,-1.0263817,-1.0351441,-1.0407219,-1.0497456,-1.0596861,-1.0662786,-1.0742005,-1.0806324,-1.08575,-1.0900002,-1.0952154,-1.1026632,-1.1108335,-1.1194565,-1.1270968,-1.136956,-1.146302,-1.1547301,-1.1615636,-1.1678675,-1.1746639,-1.1819284,-1.1876398,-1.1946977,-1.2067463
95_real,0.15161097,,,,,,,,,,,,,,,,,,,,,,,,,,,,,,,,,,,,,,,,,,,,-0.1684988,,,,,,,,,,,,,,,,,,,,,,,,,
95_gen,0.15161097,0.13490607,0.1197777,0.104551,0.094779894,0.07906828,0.0652407,0.04810053,0.035719093,0.021083811,0.0067750774,-0.006890353,-0.016774718,-0.031354476,-0.04087753,-0.05009823,-0.056426376,-0.06596942,-0.07652013,-0.08873337,-0.1018185,-0.11652084,-0.13223597,-0.1470518,-0.16055709,-0.17628875,-0.18500559,-0.19281265,-0.20101061,-0.21071081,-0.22334285,-0.23229782,-0.24823482,-0.2553312,-0.26192862,-0.27392405,-0.2854638,-0.296599,-0.30698556,-0.3192156,-0.3283051,-0.34152144,-0.3528613,-0.36499393,-0.37571543,-0.3871828,-0.3999535,-0.41110644,-0.42442936,-0.43163472,-0.4477877,-0.46177378,-0.4701404,-0.48175716,-0.49252596,-0.5001954,-0.50947976,-0.51880366,-0.52949965,-0.5406138,-0.549084,-0.5587324,-0.56767637,-0.5828136,-0.5928497,-0.60567987,-0.62028503,-0.6326653,-0.64294064,-0.6533122
96_real,-0.54009795,,,,,,,,,,,,,,,,,,,,,,,,,,,,,,,,,,,,,,,,,,,,-0.797514,,,,,,,,,,,,,,,,,,,,,,,,,
96_gen,-0.540098,-0.54541546,-0.5561981,-0.5697796,-0.58181435,-0.59057504,-0.6017117,-0.6169261,-0.6356791,-0.64723223,-0.65304816,-0.66302586,-0.67358106,-0.6842883,-0.69356906,-0.70525897,-0.71466887,-0.72848666,-0.739651,-0.7528492,-0.7713741,-0.780377,-0.7921246,-0.8034037,-0.8169778,-0.8317174,-0.84107125,-0.8547958,-0.86299086,-0.8730419,-0.8869486,-0.900194,-0.9123041,-0.923166,-0.9330209,-0.9395243,-0.9493499,-0.96349144,-0.97311765,-0.98649883,-0.99490005,-1.0032333,-1.0151774,-1.0250565,-1.0449636,-1.0615332,-1.0756729,-1.084725,-1.0937171,-1.1066072,-1.1201388,-1.1340272,-1.1473094,-1.1584911,-1.1690323,-1.1836754,-1.1980684,-1.2121632,-1.2195314,-1.2297999,-1.2395041,-1.2514206,-1.2620286,-1.2730345,-1.2859828,-1.2982849,-1.3128666,-1.3259407,-1.3357098,-1.345382
97_real,-1.3418417,,,,,,,,,,,,,,,,,,,,,,,,,,,,,,,,,,,,,,,,,,,,-1.3791647,,,,,,,,,,,,,,,,,,,,,,,,,
97_gen,-1.3418417,-1.3445324,-1.3462692,-1.3496895,-1.3534372,-1.358903,-1.3659263,-1.366432,-1.3725934,-1.377041,-1.3809755,-1.3843205,-1.3904622,-1.393416,-1.3954957,-1.4008504,-1.4058781,-1.4121777,-1.4154065,-1.423473,-1.4290886,-1.433953,-1.4396371,-1.4450102,-1.4470662,-1.449567,-1.4541903,-1.4602551,-1.4638002,-1.4684597,-1.4739965,-1.4816363,-1.489897,-1.498636,-1.50125,-1.5060352,-1.5081091,-1.50872,-1.5153044,-1.5197603,-1.5262064,-1.528386,-1.5345484,-1.5396503,-1.5459493,-1.5528141,-1.5593095,-1.5646102,-1.5707281,-1.579372,-1.5847971,-1.5909,-1.5955225,-1.6027454,-1.6098604,-1.6151279,-1.6211933,-1.6247053,-1.6294773,-1.6342739,-1.6395414,-1.6444412,-1.6532961,-1.659756,-1.6658185,-1.6680839,-1.6766888,-1.6793095,-1.6829485,-1.6908392
98_real,-0.81153935,,,,,,,,,,,,,,,,,,,,,,,,,,,,,,,,,,,,,,,,,,,,-0.83121324,,,,,,,,,,,,,,,,,,,,,,,,,
98_gen,-0.8115393,-0.8161004,-0.8244532,-0.8305103,-0.8362877,-0.8401966,-0.84879124,-0.8535082,-0.860613,-0.86557233,-0.8710844,-0.8781991,-0.8840709,-0.8882241,-0.8944696,-0.9005655,-0.905393,-0.9102421,-0.91327506,-0.91686124,-0.9210528,-0.92352915,-0.92579126,-0.93302214,-0.93827045,-0.94471467,-0.9493704,-0.9534234,-0.95752174,-0.9637882,-0.96789247,-0.9718324,-0.9792059,-0.98448527,-0.98994035,-0.9949069,-0.99997216,-1.0059673,-1.0126264,-1.0187763,-1.0250742,-1.0278904,-1.029171,-1.0339413,-1.0350354,-1.0399458,-1.0454844,-1.0497864,-1.0525075,-1.0595374,-1.063297,-1.0684564,-1.0730356,-1.0765572,-1.0828589,-1.0878698,-1.0945966,-1.102269,-1.107521,-1.1122396,-1.1174768,-1.1237689,-1.129199,-1.1360873,-1.1417649,-1.149138,-1.15362,-1.157752,-1.1648657,-1.1692718
99_real,0.89393884,,,,,,,,,,,,,,,,,,,,,,,,,,,,,,,,,,,,,,,,,,,,0.8023625,,,,,,,,,,,,,,,,,,,,,,,,,
99_gen,0.8939389,0.89495814,0.8909694,0.8875979,0.88679016,0.8812748,0.8794813,0.8757533,0.87152576,0.8683179,0.8689016,0.8654839,0.8628483,0.8610443,0.8579879,0.8546297,0.8507829,0.84501296,0.8425909,0.8394693,0.8342217,0.83027256,0.82557994,0.81841725,0.8143672,0.8117918,0.8083612,0.8071414,0.8024052,0.80255497,0.79873544,0.79360926,0.78844196,0.78662306,0.781577,0.7756573,0.7698027,0.7675532,0.7624426,0.7566222,0.7496716,0.7470006,0.7446113,0.7413777,0.73741424,0.7313205,0.7267083,0.72296613,0.71729445,0.7115417,0.71095026,0.70534086,0.70098597,0.69732994,0.6913735,0.6870905,0.6829771,0.67723924,0.675203,0.6702057,0.6664485,0.66309655,0.66259176,0.65624547,0.652682,0.6493146,0.6414391,0.6381882,0.63088286,0.6258616
100_real,0.6085928,,,,,,,,,,,,,,,,,,,,,,,,,,,,,,,,,,,,,,,,,,,,0.37519258,,,,,,,,,,,,,,,,,,,,,,,,,
100_gen,0.60859287,0.6032537,0.595399,0.5907253,0.58252865,0.57749027,0.57275295,0.567198,0.5608481,0.5557059,0.55095786,0.5471983,0.5426826,0.5392647,0.53338957,0.5277845,0.5226852,0.5208271,0.5157005,0.5122386,0.51180494,0.5074332,0.49927092,0.49447423,0.48751765,0.48562297,0.4828599,0.477909,0.47377324,0.46791214,0.46391988,0.4595565,0.45536202,0.45045662,0.44710907,0.4404084,0.43844932,0.43456405,0.43174347,0.42858544,0.4225332,0.41789085,0.41072637,0.40727472,0.39859462,0.39478076,0.39272767,0.3857056,0.37983006,0.37396216,0.3662805,0.36504668,0.35946494,0.35263297,0.3466621,0.34218827,0.33622783,0.3304115,0.32215583,0.31483322,0.3127078,0.3083771,0.30236372,0.29682595,0.28508845,0.28050852,0.27227837,0.26906753,0.26346236,0.25515616
101_real,-0.015876686,,,,,,,,,,,,,,,,,,,,,,,,,,,,,,,,,,,,,,,,,,,,-0.18949889,,,,,,,,,,,,,,,,,,,,,,,,,
101_gen,-0.015876684,-0.02462807,-0.032667987,-0.039235942,-0.04663057,-0.055148315,-0.061742164,-0.07109563,-0.07792734,-0.0841288,-0.089099154,-0.09461695,-0.10143773,-0.108088,-0.115348935,-0.12114477,-0.12943713,-0.13552205,-0.1421865,-0.1476523,-0.15253708,-0.1608571,-0.16791803,-0.17451139,-0.18092504,-0.18812133,-0.19417779,-0.2019001,-0.20840494,-0.21355662,-0.21734774,-0.22284862,-0.23224647,-0.23893277,-0.23885708,-0.24557057,-0.25181195,-0.2537593,-0.2615541,-0.2678938,-0.272828,-0.28076252,-0.28878507,-0.29757664,-0.2993297,-0.30375117,-0.307582,-0.31322888,-0.31990856,-0.324079,-0.3296637,-0.33449003,-0.34103355,-0.34921724,-0.35308322,-0.36009836,-0.36811572,-0.37653264,-0.3826532,-0.38990623,-0.3961209,-0.40384275,-0.41028428,-0.4181784,-0.4243753,-0.43292052,-0.43981242,-0.44601804,-0.45376927,-0.4588522
102_real,-0.25231442,,,,,,,,,,,,,,,,,,,,,,,,,,,,,,,,,,,,,,,,,,,,-0.48818204,,,,,,,,,,,,,,,,,,,,,,,,,
102_gen,-0.2523144,-0.2641585,-0.27419767,-0.28438848,-0.29114518,-0.3011082,-0.30963427,-0.31823665,-0.32590646,-0.33163014,-0.33927527,-0.34579208,-0.353339,-0.36273277,-0.37251717,-0.37815598,-0.3843307,-0.39234862,-0.40508828,-0.41179118,-0.42207074,-0.4274512,-0.43566808,-0.44248995,-0.45081845,-0.45759422,-0.46384367,-0.4721263,-0.47910228,-0.48674616,-0.49568072,-0.5037676,-0.5083679,-0.5170487,-0.52537096,-0.53498894,-0.5420162,-0.54985183,-0.5599076,-0.56961423,-0.5785479,-0.58458346,-0.5921922,-0.60319096,-0.60982984,-0.61873305,-0.6269148,-0.6318959,-0.63855946,-0.64852726,-0.6564969,-0.66247475,-0.67187333,-0.67529905,-0.6825856,-0.69278586,-0.7016531,-0.70942014,-0.7140052,-0.7195214,-0.723866,-0.7299167,-0.74088037,-0.7473531,-0.7542183,-0.7616469,-0.7660367,-0.77423275,-0.7820921,-0.7865141
103_real,-0.8544682,,,,,,,,,,,,,,,,,,,,,,,,,,,,,,,,,,,,,,,,,,,,-0.81582433,,,,,,,,,,,,,,,,,,,,,,,,,
103_gen,-0.8544682,-0.8626188,-0.87017995,-0.8764429,-0.8821861,-0.8891104,-0.8943532,-0.90016186,-0.90641975,-0.9138094,-0.91900694,-0.92702425,-0.93415153,-0.9421035,-0.94821584,-0.9521984,-0.95834094,-0.965093,-0.97245884,-0.9796551,-0.9874012,-0.99422425,-0.9994254,-1.0054947,-1.0152918,-1.0231861,-1.0286086,-1.034849,-1.0414224,-1.049805,-1.0563339,-1.0623958,-1.0702696,-1.0784129,-1.084723,-1.0898821,-1.096184,-1.1023214,-1.1087296,-1.1154128,-1.120413,-1.1263812,-1.1318048,-1.1386688,-1.1448356,-1.1495944,-1.1567036,-1.1621425,-1.1691599,-1.1750748,-1.1814616,-1.1863086,-1.1920583,-1.1978533,-1.2035229,-1.2103899,-1.2149414,-1.2214077,-1.2269275,-1.2337664,-1.238883,-1.2461762,-1.2539932,-1.2616675,-1.2668965,-1.2727273,-1.2800384,-1.2886734,-1.2938592,-1.299113
104_real,-0.2829823,,,,,,,,,,,,,,,,,,,,,,,,,,,,,,,,,,,,,,,,,,,,-0.23598216,,,,,,,,,,,,,,,,,,,,,,,,,
104_gen,-0.28298232,-0.2949887,-0.30263457,-0.31103188,-0.31938976,-0.32675964,-0.33276242,-0.33968264,-0.34585905,-0.3490797,-0.35702455,-0.36347547,-0.36882347,-0.37650844,-0.3811747,-0.38964656,-0.39624906,-0.40394458,-0.40889168,-0.41509652,-0.42203093,-0.42623782,-0.43307352,-0.43831277,-0.44448885,-0.4525091,-0.46027526,-0.46865645,-0.47409838,-0.48058957,-0.4893949,-0.49688616,-0.5033132,-0.5085814,-0.5135759,-0.52379817,-0.5290009,-0.5353533,-0.5405885,-0.5488311,-0.556553,-0.56602544,-0.5699456,-0.5753554,-0.5787685,-0.58451796,-0.59245217,-0.5965022,-0.59909666,-0.6055523,-0.60958034,-0.61636955,-0.6215518,-0.6252278,-0.62980723,-0.63549393,-0.6431486,-0.6501973,-0.65757877,-0.66501075,-0.67225623,-0.68060106,-0.6867579,-0.69551265,-0.7034371,-0.7080014,-0.713742,-0.7193166,-0.72638303,-0.7344768
105_real,-0.09653027,,,,,,,,,,,,,,,,,,,,,,,,,,,,,,,,,,,,,,,,,,,,0.022341222,,,,,,,,,,,,,,,,,,,,,,,,,
105_gen,-0.096530266,-0.10487803,-0.111086085,-0.11685276,-0.1237723,-0.13468726,-0.1405811,-0.14681253,-0.15276846,-0.15822771,-0.1636871,-0.16941005,-0.17568791,-0.17974232,-0.18424304,-0.18978533,-0.19333842,-0.19657746,-0.20005067,-0.203137,-0.20863183,-0.21145082,-0.2160027,-0.22202194,-0.22835633,-0.23452719,-0.2388279,-0.24420929,-0.25071332,-0.25557584,-0.26072484,-0.2626713,-0.2671471,-0.27137932,-0.275278,-0.2794221,-0.2853648,-0.2912632,-0.29650968,-0.30247477,-0.31146592,-0.31911367,-0.32355008,-0.32922167,-0.3339328,-0.33999324,-0.34608722,-0.35006532,-0.35534906,-0.35847825,-0.36370593,-0.3679059,-0.37427366,-0.38083774,-0.38808548,-0.39282563,-0.39797178,-0.40483123,-0.41174904,-0.4178756,-0.4240641,-0.43091697,-0.43575692,-0.44082522,-0.44604427,-0.44802088,-0.45525116,-0.4597302,-0.46571955,-0.47187734
106_real,-1.0740805,,,,,,,,,,,,,,,,,,,,,,,,,,,,,,,,,,,,,,,,,,,,-1.0393665,,,,,,,,,,,,,,,,,,,,,,,,,
106_gen,-1.0740805,-1.081795,-1.0886688,-1.0965598,-1.1018566,-1.1070344,-1.1124055,-1.1192753,-1.1234343,-1.1290925,-1.1354116,-1.1417551,-1.1480174,-1.1530594,-1.1580635,-1.1601222,-1.1661047,-1.1721369,-1.1779779,-1.1819296,-1.1878111,-1.192898,-1.1960682,-1.2017406,-1.2065095,-1.2115736,-1.2185427,-1.2230974,-1.225457,-1.2315747,-1.2351878,-1.2390057,-1.2436575,-1.2484728,-1.2525514,-1.257839,-1.2617495,-1.2658893,-1.2717844,-1.2781165,-1.2828665,-1.2852886,-1.2917073,-1.2951882,-1.3006933,-1.3072767,-1.3121741,-1.3174185,-1.3205701,-1.3261102,-1.3328449,-1.3373948,-1.3427532,-1.3477551,-1.3528146,-1.3565357,-1.362725,-1.3676046,-1.3711298,-1.3750864,-1.3805056,-1.385988,-1.3906876,-1.3951117,-1.3982913,-1.4029624,-1.4069774,-1.4123342,-1.4181459,-1.4233567
107_real,-0.98558474,,,,,,,,,,,,,,,,,,,,,,,,,,,,,,,,,,,,,,,,,,,,-1.0972289,,,,,,,,,,,,,,,,,,,,,,,,,
107_gen,-0.9855846,-0.9957913,-1.0034705,-1.0106037,-1.0200669,-1.0276811,-1.0372839,-1.0462508,-1.0564344,-1.0665696,-1.0731047,-1.0795026,-1.0888946,-1.0989405,-1.1060789,-1.1152124,-1.123482,-1.1310661,-1.1406791,-1.1460854,-1.1519892,-1.1613033,-1.1703348,-1.1789303,-1.185672,-1.1975543,-1.203536,-1.211422,-1.2203186,-1.2271065,-1.2362039,-1.2450306,-1.2559189,-1.2636719,-1.2691518,-1.2767905,-1.2856548,-1.2930049,-1.3017648,-1.3099937,-1.3176153,-1.3253936,-1.3349372,-1.3430412,-1.3510326,-1.3570454,-1.3666468,-1.3737352,-1.3788625,-1.3861878,-1.3976502,-1.4065171,-1.4148668,-1.4211905,-1.4314001,-1.4383423,-1.4455054,-1.455691,-1.4669287,-1.4741242,-1.4830456,-1.4935068,-1.5044994,-1.5131385,-1.5215294,-1.5320085,-1.5387007,-1.5457541,-1.5537412,-1.5623503
108_real,0.3416432,,,,,,,,,,,,,,,,,,,,,,,,,,,,,,,,,,,,,,,,,,,,0.47230762,,,,,,,,,,,,,,,,,,,,,,,,,
108_gen,0.34164324,0.33352366,0.32444903,0.31630707,0.31153643,0.3048335,0.29793102,0.28849503,0.27777904,0.2709887,0.2642118,0.2565052,0.24806762,0.23863299,0.22918952,0.22183657,0.2165246,0.20893106,0.200533,0.1916644,0.18409246,0.17828776,0.1689122,0.15983088,0.15078923,0.14520809,0.13817304,0.13190174,0.1235677,0.11368074,0.10578754,0.09937865,0.09374396,0.08590323,0.07537303,0.06681494,0.061987735,0.055318214,0.049777873,0.041897833,0.03464798,0.026564935,0.015136929,0.0061925566,-0.0010599089,-0.007608372,-0.01531696,-0.022504354,-0.027919352,-0.03468993,-0.041736085,-0.04840183,-0.055246748,-0.06268565,-0.07070061,-0.07856307,-0.08421699,-0.08906425,-0.096098684,-0.10462984,-0.11152867,-0.11937243,-0.1284976,-0.13597813,-0.14268675,-0.15242572,-0.16168082,-0.16840705,-0.17505202,-0.18507645
109_real,-1.1364572,,,,,,,,,,,,,,,,,,,,,,,,,,,,,,,,,,,,,,,,,,,,-1.1784105,,,,,,,,,,,,,,,,,,,,,,,,,
109_gen,-1.1364573,-1.1435226,-1.1510067,-1.1600099,-1.1690838,-1.1780984,-1.186408,-1.1974216,-1.2069188,-1.2182453,-1.2267962,-1.2361562,-1.2431997,-1.2515142,-1.2607025,-1.2708476,-1.2789901,-1.2858326,-1.2961915,-1.3070481,-1.319803,-1.3297582,-1.338636,-1.3462163,-1.3563234,-1.3657143,-1.3724682,-1.3796937,-1.3865217,-1.3933924,-1.4000299,-1.4067191,-1.4151307,-1.4271998,-1.4341037,-1.4456509,-1.4515438,-1.4569299,-1.4678249,-1.4777176,-1.4844841,-1.4899197,-1.4966164,-1.5043322,-1.5129744,-1.5197442,-1.5252445,-1.5303571,-1.5476086,-1.5590783,-1.5717273,-1.5791667,-1.5901964,-1.6005325,-1.6084776,-1.6150421,-1.6264673,-1.6367178,-1.6426065,-1.6550354,-1.6629902,-1.6725743,-1.6832063,-1.6918087,-1.7001536,-1.7108148,-1.724098,-1.7340825,-1.7409575,-1.7510641
110_real,-0.99259996,,,,,,,,,,,,,,,,,,,,,,,,,,,,,,,,,,,,,,,,,,,,-1.1794219,,,,,,,,,,,,,,,,,,,,,,,,,
110_gen,-0.99259984,-1.0020032,-1.0131336,-1.0247107,-1.0338012,-1.0440525,-1.0532395,-1.0596678,-1.0687935,-1.0777973,-1.0891134,-1.0998709,-1.1078846,-1.1190284,-1.1278459,-1.1367437,-1.1477458,-1.156005,-1.1634684,-1.1755254,-1.1850853,-1.1945965,-1.2006295,-1.2077566,-1.2178671,-1.2260265,-1.2320467,-1.2384531,-1.2492287,-1.2612091,-1.270458,-1.2778265,-1.288019,-1.293038,-1.3029279,-1.3135986,-1.3297818,-1.3395134,-1.3534626,-1.3620412,-1.370682,-1.3786112,-1.3894179,-1.3998137,-1.4066519,-1.416205,-1.4274236,-1.435332,-1.4410466,-1.4487704,-1.4581802,-1.4669352,-1.4749815,-1.4848005,-1.4999073,-1.5082487,-1.5180757,-1.5268261,-1.536446,-1.5484332,-1.5574492,-1.5675819,-1.5773327,-1.5884393,-1.5995609,-1.6105255,-1.6226076,-1.6380961,-1.6482302,-1.66115
111_real,-0.042433076,,,,,,,,,,,,,,,,,,,,,,,,,,,,,,,,,,,,,,,,,,,,-0.17194077,,,,,,,,,,,,,,,,,,,,,,,,,
111_gen,-0.04243308,-0.058368634,-0.07370921,-0.09058216,-0.10206862,-0.11833745,-0.13161644,-0.14598474,-0.15902884,-0.17158344,-0.18116468,-0.19570084,-0.20731458,-0.22269063,-0.23441927,-0.24697438,-0.2581878,-0.27020437,-0.2831224,-0.2946199,-0.3059132,-0.3163902,-0.32806787,-0.33887738,-0.35121486,-0.36385912,-0.37414986,-0.3866469,-0.3950257,-0.406637,-0.41806588,-0.43279344,-0.44563025,-0.4535791,-0.46347612,-0.47598737,-0.48763713,-0.49698105,-0.50862455,-0.51877105,-0.5301154,-0.5405922,-0.55230886,-0.5604166,-0.5683068,-0.57805234,-0.5901017,-0.601672,-0.61426914,-0.62179744,-0.63157785,-0.6416942,-0.6521271,-0.6644787,-0.6781103,-0.6907078,-0.7039551,-0.7173513,-0.72959983,-0.7407901,-0.75441563,-0.7672679,-0.7806223,-0.79147995,-0.7999852,-0.80930537,-0.82045525,-0.8323086,-0.84358346,-0.8506025
112_real,0.004391039,,,,,,,,,,,,,,,,,,,,,,,,,,,,,,,,,,,,,,,,,,,,-0.13551827,,,,,,,,,,,,,,,,,,,,,,,,,
112_gen,0.0043910383,-0.010648692,-0.023746964,-0.03452373,-0.048326995,-0.060928755,-0.07641028,-0.08861802,-0.09741082,-0.11000439,-0.12096524,-0.13458946,-0.14695181,-0.15642932,-0.16677907,-0.17654039,-0.18659037,-0.19525048,-0.20767097,-0.22150202,-0.23219569,-0.24448797,-0.253176,-0.26497564,-0.27968946,-0.29087213,-0.30448368,-0.31496394,-0.32261512,-0.33175874,-0.3442888,-0.35579813,-0.3691857,-0.37820524,-0.38719827,-0.40134192,-0.40981907,-0.4231111,-0.4339947,-0.44663936,-0.45830965,-0.46970868,-0.48063344,-0.4911035,-0.4999802,-0.5104171,-0.52136695,-0.5314044,-0.54741615,-0.5592727,-0.56940854,-0.57879114,-0.59186804,-0.604641,-0.61588633,-0.63016325,-0.64269644,-0.65315646,-0.66537035,-0.6766853,-0.6883254,-0.6968371,-0.7112913,-0.7223248,-0.7337397,-0.74558485,-0.7584991,-0.7657887,-0.7769035,-0.78917503
113_real,-0.18779005,,,,,,,,,,,,,,,,,,,,,,,,,,,,,,,,,,,,,,,,,,,,-0.02846924,,,,,,,,,,,,,,,,,,,,,,,,,
113_gen,-0.18779005,-0.19612388,-0.20165765,-0.20486167,-0.20883374,-0.21492581,-0.22243348,-0.22973053,-0.23530087,-0.2387222,-0.24649262,-0.2512108,-0.25587076,-0.26216993,-0.26809517,-0.2725649,-0.27888373,-0.28433627,-0.2876107,-0.294882,-0.30067387,-0.30669165,-0.3130953,-0.31724444,-0.3234857,-0.3316597,-0.33742818,-0.34383038,-0.34789127,-0.35210258,-0.3563846,-0.36327457,-0.36777738,-0.374562,-0.3793897,-0.38284454,-0.38724127,-0.39359832,-0.39900446,-0.40554285,-0.41083664,-0.41521758,-0.41935062,-0.42362452,-0.4279639,-0.43350443,-0.4385795,-0.44419104,-0.4492154,-0.45558316,-0.45848602,-0.4632562,-0.46873945,-0.47721258,-0.48085546,-0.48979402,-0.49425307,-0.50141305,-0.50663435,-0.511531,-0.51904595,-0.525182,-0.5277939,-0.53529274,-0.5441623,-0.55107534,-0.5560056,-0.56181204,-0.5710845,-0.5765389
114_real,-0.25208575,,,,,,,,,,,,,,,,,,,,,,,,,,,,,,,,,,,,,,,,,,,,-0.09914798,,,,,,,,,,,,,,,,,,,,,,,,,
114_gen,-0.25208572,-0.2586798,-0.26878434,-0.27608478,-0.28490877,-0.28736693,-0.29434124,-0.2985465,-0.3062032,-0.31196234,-0.31930444,-0.3279215,-0.33554143,-0.34342295,-0.3477965,-0.35110396,-0.35738647,-0.35921884,-0.36574873,-0.37147847,-0.3787371,-0.3862659,-0.39233404,-0.39656287,-0.4034966,-0.40902978,-0.41883928,-0.42607555,-0.4308184,-0.437154,-0.44397292,-0.45281768,-0.46010146,-0.46958286,-0.4751315,-0.48258036,-0.48731542,-0.49371284,-0.49765792,-0.50648105,-0.51200163,-0.517047,-0.52421105,-0.527891,-0.53480446,-0.5377332,-0.5428376,-0.5495243,-0.55269086,-0.5578787,-0.55982745,-0.56633174,-0.5702503,-0.5722596,-0.5786261,-0.5817695,-0.58921945,-0.59682477,-0.60204387,-0.6107339,-0.61632186,-0.6241759,-0.63299,-0.64060646,-0.64887226,-0.6539422,-0.66094637,-0.66751117,-0.6752513,-0.68053323
115_real,-0.2145495,,,,,,,,,,,,,,,,,,,,,,,,,,,,,,,,,,,,,,,,,,,,-0.0823799,,,,,,,,,,,,,,,,,,,,,,,,,
115_gen,-0.21454951,-0.21581347,-0.221421,-0.2290736,-0.23201723,-0.23784609,-0.2401034,-0.24415652,-0.2516015,-0.25410074,-0.2605639,-0.26227954,-0.26567778,-0.2747959,-0.28425574,-0.28792843,-0.2892401,-0.29382947,-0.29900432,-0.30310035,-0.3123203,-0.3165484,-0.32520837,-0.32719538,-0.33278674,-0.33618945,-0.33820444,-0.34417263,-0.34748805,-0.3485715,-0.35301438,-0.3551605,-0.36265633,-0.3638989,-0.36972713,-0.37439248,-0.37763724,-0.3801818,-0.38956517,-0.3941179,-0.40060788,-0.4089233,-0.41077715,-0.41493982,-0.41563624,-0.41922006,-0.42377687,-0.43048,-0.43207034,-0.43850502,-0.44103312,-0.44405326,-0.44431248,-0.44870672,-0.4554345,-0.46308118,-0.46968317,-0.47903475,-0.4802912,-0.48419374,-0.49096137,-0.49398082,-0.50135046,-0.5070589,-0.5094522,-0.5113601,-0.5189566,-0.5202224,-0.52306604,-0.526924
116_real,-0.32363614,,,,,,,,,,,,,,,,,,,,,,,,,,,,,,,,,,,,,,,,,,,,-0.23932038,,,,,,,,,,,,,,,,,,,,,,,,,
116_gen,-0.3236361,-0.33568498,-0.34541953,-0.35226724,-0.3634358,-0.3755831,-0.38703585,-0.3903804,-0.39708847,-0.40384722,-0.41046327,-0.4203325,-0.42905712,-0.43537244,-0.4371119,-0.44566813,-0.44856063,-0.45394558,-0.46047407,-0.47037935,-0.47931796,-0.48482424,-0.49206585,-0.50300187,-0.50525236,-0.5093299,-0.5107177,-0.5157468,-0.5282825,-0.5367889,-0.54456216,-0.55166644,-0.5564894,-0.5632855,-0.566845,-0.5718993,-0.5797899,-0.5876254,-0.5964383,-0.6018437,-0.60868865,-0.61451787,-0.62438786,-0.63020176,-0.6337279,-0.6403736,-0.651827,-0.655969,-0.6629334,-0.67322886,-0.68416655,-0.6872697,-0.698531,-0.7002123,-0.71017474,-0.7167764,-0.7192116,-0.7229548,-0.73300445,-0.7400659,-0.74797714,-0.75445807,-0.7610846,-0.7708272,-0.77943003,-0.7860253,-0.7991315,-0.80522126,-0.8122405,-0.817848
117_real,-0.009018266,,,,,,,,,,,,,,,,,,,,,,,,,,,,,,,,,,,,,,,,,,,,-0.17941877,,,,,,,,,,,,,,,,,,,,,,,,,
117_gen,-0.009018266,-0.012163477,-0.015760174,-0.020384513,-0.025699103,-0.030509245,-0.036478788,-0.040067688,-0.045298595,-0.048143715,-0.052233614,-0.05919414,-0.06559767,-0.070783004,-0.07467096,-0.079140924,-0.082895726,-0.087859824,-0.09387978,-0.09858732,-0.103188835,-0.10533203,-0.11092619,-0.11381791,-0.12008871,-0.123357415,-0.1299179,-0.13616583,-0.14074102,-0.14761932,-0.15453652,-0.15783432,-0.16232654,-0.16720495,-0.17024416,-0.17492746,-0.17843208,-0.18422857,-0.19027387,-0.19766597,-0.20226625,-0.20633121,-0.20998804,-0.21471171,-0.22057228,-0.22326967,-0.22915456,-0.23239478,-0.23803301,-0.2431676,-0.24960823,-0.25740123,-0.26389462,-0.27135572,-0.27668703,-0.28278038,-0.28854212,-0.29681778,-0.300333,-0.30434957,-0.30921337,-0.31421447,-0.3178907,-0.32610974,-0.33287707,-0.33812678,-0.34527928,-0.34941775,-0.35508305,-0.3596081
118_real,-0.40458342,,,,,,,,,,,,,,,,,,,,,,,,,,,,,,,,,,,,,,,,,,,,-0.6270049,,,,,,,,,,,,,,,,,,,,,,,,,
118_gen,-0.4045834,-0.40827614,-0.41220874,-0.41663066,-0.4213006,-0.42673582,-0.4328838,-0.43766242,-0.44087586,-0.44525474,-0.45098957,-0.45676398,-0.46214542,-0.46707183,-0.47232836,-0.47699052,-0.48132515,-0.48654684,-0.4920349,-0.4967204,-0.5047705,-0.5089877,-0.5132702,-0.5170883,-0.52199674,-0.5250697,-0.52939934,-0.5362058,-0.54083,-0.5450394,-0.5523483,-0.5566167,-0.5628726,-0.5651662,-0.5712975,-0.57801855,-0.58437425,-0.5894796,-0.59715277,-0.6028633,-0.6071583,-0.6094944,-0.6150211,-0.62079704,-0.6254484,-0.63276917,-0.63761604,-0.642548,-0.6476551,-0.65146255,-0.6575522,-0.6633174,-0.67005193,-0.6741299,-0.67949593,-0.68641907,-0.6918353,-0.69691366,-0.7015638,-0.707016,-0.71157503,-0.7184719,-0.72387874,-0.7301575,-0.7349315,-0.7426387,-0.7461971,-0.7521576,-0.75797737,-0.7628797
119_real,-0.6947173,,,,,,,,,,,,,,,,,,,,,,,,,,,,,,,,,,,,,,,,,,,,-0.7733916,,,,,,,,,,,,,,,,,,,,,,,,,
119_gen,-0.69471735,-0.70690817,-0.71779305,-0.7277305,-0.73544264,-0.74508655,-0.7547729,-0.7616681,-0.76803917,-0.77495754,-0.77928954,-0.78508145,-0.79173,-0.799564,-0.8081813,-0.8139542,-0.8240117,-0.83114845,-0.8417691,-0.84849656,-0.8541664,-0.8611568,-0.86967736,-0.87449944,-0.88170165,-0.8875683,-0.89631337,-0.905783,-0.91477376,-0.92304754,-0.9292553,-0.9342629,-0.94228935,-0.9492055,-0.9564853,-0.9646618,-0.9752137,-0.9827464,-0.98620594,-0.9952017,-1.0014724,-1.0065181,-1.0130925,-1.0176096,-1.0256685,-1.030929,-1.0392878,-1.0489919,-1.0540833,-1.0596385,-1.0652192,-1.0716057,-1.0770872,-1.0871087,-1.0959399,-1.1041288,-1.1126173,-1.1187353,-1.1250551,-1.1323496,-1.1390784,-1.1455448,-1.1530141,-1.1609741,-1.1693169,-1.1774422,-1.1820394,-1.1897573,-1.1990498,-1.2053003
120_real,-0.6243273,,,,,,,,,,,,,,,,,,,,,,,,,,,,,,,,,,,,,,,,,,,,-0.72405094,,,,,,,,,,,,,,,,,,,,,,,,,
120_gen,-0.62432724,-0.6330575,-0.6421195,-0.65398705,-0.6630864,-0.6756161,-0.6849899,-0.6928299,-0.70046914,-0.70955294,-0.71595395,-0.726207,-0.73575556,-0.7454032,-0.75472784,-0.7680496,-0.78067416,-0.78478414,-0.792229,-0.8035682,-0.8147479,-0.82534903,-0.83174455,-0.83990496,-0.85059625,-0.8588761,-0.872132,-0.8827707,-0.8950588,-0.9040766,-0.91241425,-0.9272876,-0.9418257,-0.95170337,-0.9620177,-0.9766674,-0.985078,-0.99278384,-1.0030887,-1.0127313,-1.0240873,-1.033201,-1.0421485,-1.0505139,-1.0611099,-1.0695002,-1.0813663,-1.0926802,-1.1058668,-1.1172365,-1.1251694,-1.1297622,-1.1389381,-1.1498287,-1.1597289,-1.1691903,-1.1818756,-1.1912713,-1.2002589,-1.2108165,-1.2174686,-1.2268019,-1.2360731,-1.245558,-1.2551285,-1.2651801,-1.272513,-1.2826232,-1.293424,-1.3015499
121_real,-0.70809686,,,,,,,,,,,,,,,,,,,,,,,,,,,,,,,,,,,,,,,,,,,,-0.80816644,,,,,,,,,,,,,,,,,,,,,,,,,
121_gen,-0.7080969,-0.7157762,-0.7250853,-0.7307532,-0.7383884,-0.7440534,-0.7514008,-0.7559099,-0.76467896,-0.76704603,-0.77449095,-0.7805898,-0.785071,-0.7875112,-0.79526985,-0.8033155,-0.80705583,-0.81244296,-0.81635684,-0.8218055,-0.8277227,-0.8311774,-0.8362052,-0.84261036,-0.8480215,-0.855688,-0.8616517,-0.86905587,-0.8701476,-0.87294024,-0.8806914,-0.887574,-0.8940541,-0.8966681,-0.90409625,-0.9124507,-0.9151597,-0.9201741,-0.9256406,-0.9309186,-0.9388461,-0.9454848,-0.95285255,-0.9558732,-0.96133405,-0.969471,-0.9750497,-0.98084384,-0.9897946,-0.99413013,-0.9987911,-1.005151,-1.0080137,-1.0136954,-1.0162454,-1.0244745,-1.0308392,-1.0393467,-1.0428138,-1.0485513,-1.0554249,-1.0612092,-1.0690916,-1.0755848,-1.0855837,-1.0914147,-1.0949461,-1.0978374,-1.106994,-1.1120534
122_real,-0.61382055,,,,,,,,,,,,,,,,,,,,,,,,,,,,,,,,,,,,,,,,,,,,-0.6890285,,,,,,,,,,,,,,,,,,,,,,,,,
122_gen,-0.61382055,-0.62811863,-0.6384638,-0.65290904,-0.6637985,-0.6687573,-0.67834586,-0.68413347,-0.6949698,-0.7038508,-0.7144712,-0.72433156,-0.7303113,-0.7377183,-0.74784416,-0.7563969,-0.7589197,-0.76824737,-0.78007954,-0.794138,-0.8035957,-0.8106251,-0.81783086,-0.82907057,-0.8385145,-0.8439914,-0.8489307,-0.8554759,-0.86404514,-0.87161905,-0.87902963,-0.8868679,-0.8941434,-0.9036919,-0.9088772,-0.91854095,-0.9241023,-0.92938215,-0.9370235,-0.94530106,-0.95465773,-0.9586874,-0.9655708,-0.9697506,-0.97564965,-0.98516005,-0.99017936,-0.9944317,-1.001704,-1.0070764,-1.0166285,-1.025961,-1.0302635,-1.0343436,-1.0417795,-1.0495349,-1.0540481,-1.0577515,-1.0673534,-1.0762926,-1.0861974,-1.0964102,-1.1015772,-1.1095252,-1.1160493,-1.1240451,-1.1339337,-1.1430043,-1.1482553,-1.1565278
123_real,-0.3639037,,,,,,,,,,,,,,,,,,,,,,,,,,,,,,,,,,,,,,,,,,,,-0.47031233,,,,,,,,,,,,,,,,,,,,,,,,,
123_gen,-0.36390373,-0.37645197,-0.38520706,-0.39230612,-0.40226436,-0.41000956,-0.41643757,-0.42697734,-0.4339326,-0.4444278,-0.45305315,-0.4622274,-0.4698813,-0.47702175,-0.48611808,-0.49588633,-0.502875,-0.5098892,-0.52125317,-0.52653533,-0.53102666,-0.5383532,-0.5458577,-0.55146205,-0.5563663,-0.56535465,-0.57128584,-0.5789812,-0.5861248,-0.59361523,-0.60377276,-0.6121818,-0.61744905,-0.62661713,-0.63626754,-0.64228714,-0.6490051,-0.6569082,-0.66553104,-0.67244685,-0.67880106,-0.6860763,-0.6932689,-0.6995226,-0.706461,-0.71510357,-0.7228288,-0.73006165,-0.73972,-0.7482762,-0.75509435,-0.7643515,-0.7723987,-0.7812242,-0.79047203,-0.79977477,-0.807567,-0.81702995,-0.82402766,-0.83404124,-0.8435747,-0.85138285,-0.85681313,-0.8651382,-0.8726675,-0.8795741,-0.8891448,-0.8967506,-0.90591395,-0.91639745
124_real,-0.87339735,,,,,,,,,,,,,,,,,,,,,,,,,,,,,,,,,,,,,,,,,,,,-1.0115863,,,,,,,,,,,,,,,,,,,,,,,,,
124_gen,-0.87339735,-0.88458765,-0.8953679,-0.9041052,-0.9129351,-0.92232496,-0.9326083,-0.944482,-0.9565996,-0.96787167,-0.97525865,-0.98136693,-0.98964727,-0.999695,-1.0086787,-1.0168872,-1.026489,-1.0315819,-1.0400884,-1.046267,-1.052927,-1.0619738,-1.0700394,-1.0799626,-1.0860698,-1.094121,-1.1004279,-1.1083864,-1.1173773,-1.1228985,-1.1296457,-1.1378434,-1.1439375,-1.1526166,-1.1580813,-1.165502,-1.1689302,-1.1743581,-1.1807582,-1.1863105,-1.194206,-1.2014794,-1.210031,-1.2200625,-1.2247334,-1.2323067,-1.2401164,-1.2456497,-1.2514746,-1.2605959,-1.2684886,-1.2739136,-1.2809381,-1.2893355,-1.2972219,-1.3072453,-1.3138534,-1.3229897,-1.3298645,-1.337043,-1.3460692,-1.3523309,-1.3595072,-1.3678715,-1.3734761,-1.378225,-1.3856957,-1.3937317,-1.4046291,-1.411041
125_real,-0.9685836,,,,,,,,,,,,,,,,,,,,,,,,,,,,,,,,,,,,,,,,,,,,-0.86706084,,,,,,,,,,,,,,,,,,,,,,,,,
125_gen,-0.9685837,-0.9743837,-0.9798416,-0.9829831,-0.9867325,-0.9919119,-0.99697745,-0.99945307,-1.0027926,-1.0047266,-1.0102429,-1.0142306,-1.0199485,-1.0243332,-1.0301912,-1.0338879,-1.0361079,-1.0409844,-1.045202,-1.0513847,-1.0554502,-1.0586822,-1.061629,-1.0676773,-1.0724725,-1.07717,-1.0801215,-1.0857725,-1.0902169,-1.0923607,-1.0962106,-1.0949965,-1.0982234,-1.1026171,-1.1074185,-1.1117166,-1.1145616,-1.1195929,-1.1219083,-1.1251855,-1.1310418,-1.1372155,-1.1431987,-1.1445224,-1.1490384,-1.1538646,-1.1586066,-1.1615202,-1.164086,-1.1715075,-1.1752293,-1.1804676,-1.1843637,-1.1890231,-1.1925564,-1.196356,-1.198651,-1.2008333,-1.2074544,-1.210284,-1.2138578,-1.2193379,-1.2217773,-1.2263775,-1.232124,-1.2364018,-1.2414036,-1.2470591,-1.2489592,-1.2531558
126_real,-1.1876945,,,,,,,,,,,,,,,,,,,,,,,,,,,,,,,,,,,,,,,,,,,,-1.214524,,,,,,,,,,,,,,,,,,,,,,,,,
126_gen,-1.1876945,-1.1921136,-1.1966267,-1.1985067,-1.2032926,-1.2057097,-1.20881,-1.2149465,-1.2165692,-1.2193726,-1.2231596,-1.2256577,-1.2275715,-1.2281556,-1.2328513,-1.2373881,-1.2418014,-1.24637,-1.2482494,-1.2515274,-1.2539808,-1.2537372,-1.2566175,-1.2585717,-1.2616774,-1.2695028,-1.2745866,-1.2788048,-1.2825894,-1.2843413,-1.2896374,-1.296627,-1.3013276,-1.304374,-1.3095539,-1.3153465,-1.3175895,-1.3213668,-1.3235197,-1.3255506,-1.3282826,-1.3300145,-1.3336462,-1.3356001,-1.3401835,-1.3440127,-1.3501214,-1.354016,-1.3603644,-1.3642038,-1.3677465,-1.3697956,-1.3730358,-1.3771181,-1.3799185,-1.3851581,-1.3865331,-1.3898361,-1.3913215,-1.393338,-1.3975534,-1.4006127,-1.4026126,-1.4011734,-1.404022,-1.4073942,-1.4103217,-1.4134017,-1.4150088,-1.4189892
127_real,-0.047460165,,,,,,,,,,,,,,,,,,,,,,,,,,,,,,,,,,,,,,,,,,,,-0.06001486,,,,,,,,,,,,,,,,,,,,,,,,,
127_gen,-0.047460165,-0.057041693,-0.06754131,-0.075418346,-0.08299632,-0.08955678,-0.09603233,-0.10073586,-0.1100985,-0.11988171,-0.12740402,-0.13641317,-0.144757,-0.15306781,-0.15997472,-0.16925412,-0.17609806,-0.18569745,-0.19307497,-0.19849478,-0.20723931,-0.21499316,-0.22577044,-0.23575751,-0.24024336,-0.24692059,-0.25686717,-0.2645247,-0.27076057,-0.27686825,-0.2822854,-0.28686786,-0.2948957,-0.29991338,-0.30759364,-0.31400365,-0.31883574,-0.32495186,-0.33022228,-0.33827946,-0.3434847,-0.34893936,-0.3542495,-0.36107236,-0.3675384,-0.37540567,-0.38329744,-0.3904542,-0.39940467,-0.40910667,-0.415936,-0.42165846,-0.42794895,-0.43433085,-0.4447968,-0.45134217,-0.45727926,-0.46444717,-0.469774,-0.47651905,-0.4821716,-0.4876674,-0.494165,-0.50029665,-0.5098238,-0.51661915,-0.5248256,-0.53333014,-0.5442063,-0.5512368
128_real,0.3792983,,,,,,,,,,,,,,,,,,,,,,,,,,,,,,,,,,,,,,,,,,,,0.5314812,,,,,,,,,,,,,,,,,,,,,,,,,
128_gen,0.37929827,0.36798793,0.35652527,0.3445642,0.33617392,0.3295061,0.32077587,0.31367144,0.3047149,0.29862168,0.29249933,0.28468475,0.2780302,0.27145565,0.26695824,0.25814715,0.25076428,0.24296126,0.23630705,0.2317703,0.22314644,0.21671578,0.21087055,0.2059398,0.20001161,0.19044349,0.1816068,0.17616005,0.1707645,0.16395047,0.15856272,0.15141396,0.14599392,0.13894169,0.13239384,0.12629482,0.1201756,0.11469293,0.10925505,0.100534186,0.0939299,0.08644688,0.08070679,0.07557107,0.06627286,0.06271715,0.056103926,0.053398274,0.046263743,0.037122346,0.03158792,0.022110876,0.016950054,0.00689773,0.0010787479,-0.008647988,-0.016917454,-0.02377772,-0.030324882,-0.037642382,-0.045263417,-0.0532912,-0.06131652,-0.067111865,-0.0733514,-0.081272766,-0.08967969,-0.09963964,-0.108561374,-0.11415949
129_real,0.65456134,,,,,,,,,,,,,,,,,,,,,,,,,,,,,,,,,,,,,,,,,,,,0.24217968,,,,,,,,,,,,,,,,,,,,,,,,,
129_gen,0.6545614,0.6493285,0.6410113,0.6343148,0.6282178,0.62024915,0.6147335,0.608827,0.60392,0.59763145,0.592188,0.5876685,0.5845067,0.5799748,0.5742675,0.5675272,0.561728,0.55567735,0.5483534,0.5424142,0.5389253,0.5357372,0.53158677,0.5251063,0.5228492,0.5206816,0.51609004,0.51230234,0.5085134,0.5021075,0.49569216,0.492527,0.48800483,0.48374206,0.47947866,0.47699976,0.47360164,0.4678649,0.4641737,0.46248817,0.45751056,0.45644885,0.45350927,0.45134386,0.44689626,0.44315472,0.43815765,0.43716335,0.4317925,0.429353,0.42456192,0.41740188,0.4157783,0.41264206,0.4095325,0.40438992,0.3995186,0.39567,0.3928623,0.39088705,0.38575608,0.38236517,0.3780976,0.37505308,0.37147778,0.36502784,0.36020353,0.3553354,0.35273862,0.3494533
130_real,-0.71927154,,,,,,,,,,,,,,,,,,,,,,,,,,,,,,,,,,,,,,,,,,,,-0.8033411,,,,,,,,,,,,,,,,,,,,,,,,,
130_gen,-0.7192716,-0.7296928,-0.73527604,-0.7431158,-0.7458316,-0.7526812,-0.7586092,-0.76430714,-0.77189076,-0.7780389,-0.78361833,-0.78911114,-0.79495156,-0.799207,-0.80433816,-0.80906886,-0.8153186,-0.8212897,-0.82796395,-0.8311449,-0.8352879,-0.83922374,-0.84300023,-0.85016215,-0.8565804,-0.86017215,-0.86403006,-0.8721158,-0.87733907,-0.88342255,-0.8879318,-0.890645,-0.8980077,-0.9034853,-0.9084183,-0.9143895,-0.9194927,-0.9229394,-0.92855453,-0.9320348,-0.93652785,-0.94267637,-0.9466238,-0.9520087,-0.9575974,-0.96269447,-0.96923065,-0.97369397,-0.9800165,-0.9846632,-0.98692733,-0.9918873,-0.9976392,-1.0042733,-1.0082734,-1.0138333,-1.0218877,-1.0273265,-1.0319302,-1.036172,-1.0388161,-1.0449935,-1.0500145,-1.0547807,-1.0601027,-1.0646213,-1.071182,-1.0777323,-1.0805221,-1.0880111
131_real,-0.8734295,,,,,,,,,,,,,,,,,,,,,,,,,,,,,,,,,,,,,,,,,,,,-0.98049545,,,,,,,,,,,,,,,,,,,,,,,,,
131_gen,-0.8734294,-0.8779011,-0.88654184,-0.891294,-0.89375085,-0.90233743,-0.9127142,-0.91621387,-0.924445,-0.9312912,-0.9407223,-0.9468338,-0.9545681,-0.9625063,-0.9673618,-0.9663925,-0.96973944,-0.97263795,-0.9769181,-0.9844502,-0.9925513,-0.99472535,-0.99700737,-1.0034602,-1.0072337,-1.0117354,-1.0162723,-1.0244026,-1.03189,-1.0329514,-1.0351048,-1.036583,-1.0417558,-1.0487387,-1.0526466,-1.0556266,-1.0576575,-1.0597336,-1.063786,-1.0731102,-1.0778954,-1.0811092,-1.0826764,-1.0808588,-1.0869658,-1.0936393,-1.0987698,-1.0975642,-1.1011508,-1.1046158,-1.1180413,-1.1192513,-1.1262699,-1.129168,-1.1309861,-1.1351994,-1.1412839,-1.1440694,-1.157439,-1.1627743,-1.1656774,-1.1633096,-1.1691897,-1.173845,-1.1748703,-1.1768196,-1.1829469,-1.1865637,-1.1919563,-1.2001002
132_real,-1.3411493,,,,,,,,,,,,,,,,,,,,,,,,,,,,,,,,,,,,,,,,,,,,-1.333346,,,,,,,,,,,,,,,,,,,,,,,,,
132_gen,-1.3411493,-1.3561707,-1.3616505,-1.3695735,-1.378385,-1.3964932,-1.4067667,-1.4143988,-1.4249742,-1.4308697,-1.4404436,-1.449343,-1.4569966,-1.4697338,-1.4781318,-1.478697,-1.4878196,-1.4964097,-1.500828,-1.5084916,-1.5129334,-1.517472,-1.5219146,-1.5294176,-1.5384237,-1.5482467,-1.5584306,-1.5719253,-1.5842679,-1.5976923,-1.6055666,-1.6096003,-1.6198294,-1.6303365,-1.6405275,-1.6534302,-1.6580822,-1.6658589,-1.6710247,-1.6815726,-1.6897347,-1.6991266,-1.7007415,-1.7101809,-1.7215188,-1.7293236,-1.7360169,-1.7463013,-1.7572038,-1.757899,-1.767264,-1.7713209,-1.7824233,-1.794048,-1.8001587,-1.8065668,-1.8111502,-1.8236039,-1.8331264,-1.8432043,-1.8479455,-1.8541152,-1.8647413,-1.8712347,-1.8780998,-1.8972574,-1.9041227,-1.92081,-1.9249729,-1.9324005
133_real,-1.2707249,,,,,,,,,,,,,,,,,,,,,,,,,,,,,,,,,,,,,,,,,,,,-1.3868314,,,,,,,,,,,,,,,,,,,,,,,,,
133_gen,-1.270725,-1.2756962,-1.2830321,-1.2874079,-1.2944127,-1.2991862,-1.3068235,-1.3125243,-1.3201741,-1.3243891,-1.3301313,-1.337123,-1.3436774,-1.3514717,-1.3583667,-1.3646681,-1.3709049,-1.379533,-1.3870251,-1.3931164,-1.4002659,-1.4058652,-1.4145756,-1.4213622,-1.4271139,-1.4324118,-1.4388967,-1.4456435,-1.4537563,-1.465027,-1.4719391,-1.4809573,-1.4899594,-1.4978187,-1.5029567,-1.5106157,-1.5169346,-1.5222572,-1.5326582,-1.5377226,-1.5451035,-1.5554348,-1.5611565,-1.5651152,-1.574517,-1.5792735,-1.5872921,-1.5931365,-1.5999781,-1.6087393,-1.6175144,-1.6252043,-1.6327188,-1.6386833,-1.6468248,-1.6564766,-1.6642039,-1.673633,-1.6797928,-1.6882849,-1.6950859,-1.7024028,-1.7110841,-1.7170041,-1.7274323,-1.7336066,-1.739974,-1.7469616,-1.7531717,-1.7595495
134_real,-1.1085067,,,,,,,,,,,,,,,,,,,,,,,,,,,,,,,,,,,,,,,,,,,,-1.1722031,,,,,,,,,,,,,,,,,,,,,,,,,
134_gen,-1.1085068,-1.1150929,-1.1209456,-1.1254632,-1.1326857,-1.1400366,-1.1441859,-1.1517045,-1.1581067,-1.165205,-1.1706498,-1.1773672,-1.1833035,-1.1919315,-1.2006028,-1.2064569,-1.2112399,-1.2166113,-1.2219337,-1.2242424,-1.2304065,-1.2372326,-1.2402534,-1.247324,-1.2542156,-1.2604598,-1.2657717,-1.2712902,-1.2782266,-1.2839524,-1.2887547,-1.2935104,-1.296262,-1.3066355,-1.3108528,-1.3154947,-1.323236,-1.3322264,-1.3389881,-1.3452022,-1.3508856,-1.3576357,-1.3629209,-1.3709284,-1.3756875,-1.3808196,-1.3894527,-1.3936776,-1.3992501,-1.4074637,-1.4158602,-1.42097,-1.4308695,-1.4369926,-1.4423424,-1.4484646,-1.4541634,-1.45602,-1.461886,-1.4692318,-1.4773664,-1.482803,-1.4897832,-1.495878,-1.5033973,-1.5128729,-1.5192003,-1.5225627,-1.5279278,-1.5314163
135_real,-1.0134974,,,,,,,,,,,,,,,,,,,,,,,,,,,,,,,,,,,,,,,,,,,,-1.1079664,,,,,,,,,,,,,,,,,,,,,,,,,
135_gen,-1.0134974,-1.0222164,-1.0343146,-1.0385195,-1.0456018,-1.0520904,-1.0570782,-1.0643946,-1.0799032,-1.0889572,-1.0927559,-1.0991094,-1.1092128,-1.1161782,-1.1266099,-1.1357611,-1.1444148,-1.1496274,-1.1510676,-1.1597408,-1.1647615,-1.1725552,-1.177541,-1.1861348,-1.1932038,-1.1964242,-1.2048929,-1.2075266,-1.2154645,-1.2203676,-1.2291491,-1.2392031,-1.2487469,-1.255535,-1.2615808,-1.2711302,-1.2754778,-1.2830508,-1.2896558,-1.2970138,-1.3050507,-1.3111737,-1.3142197,-1.3220036,-1.3293782,-1.3326302,-1.3375146,-1.3468274,-1.3496878,-1.353636,-1.3648697,-1.3707058,-1.3730834,-1.3783505,-1.376662,-1.3855078,-1.3939952,-1.4009154,-1.4070221,-1.4094732,-1.4092853,-1.4159319,-1.4219906,-1.4266031,-1.4352375,-1.441969,-1.4513429,-1.4581171,-1.4619181,-1.4690847
136_real,-1.1790102,,,,,,,,,,,,,,,,,,,,,,,,,,,,,,,,,,,,,,,,,,,,-1.1552088,,,,,,,,,,,,,,,,,,,,,,,,,
136_gen,-1.1790103,-1.1857879,-1.1922917,-1.1957355,-1.2087085,-1.2188394,-1.2288601,-1.2417353,-1.2462095,-1.255769,-1.2654787,-1.2721025,-1.2861301,-1.2908517,-1.2983667,-1.3063291,-1.3080418,-1.3135105,-1.3202978,-1.3324782,-1.337212,-1.3434912,-1.3529102,-1.3658221,-1.3761548,-1.3863288,-1.3873575,-1.39322,-1.3993034,-1.4086251,-1.4208921,-1.4302826,-1.4388936,-1.4435527,-1.4551747,-1.4602458,-1.4688398,-1.476171,-1.4833767,-1.489706,-1.505043,-1.5123842,-1.5235145,-1.5304236,-1.5368733,-1.5429444,-1.549563,-1.5609396,-1.5689723,-1.5790126,-1.5827001,-1.5918983,-1.6023302,-1.6130545,-1.6158073,-1.627948,-1.6379824,-1.6486139,-1.6600479,-1.6704724,-1.6812748,-1.6913611,-1.6993167,-1.7095468,-1.7168766,-1.7230809,-1.7312313,-1.7393959,-1.746048,-1.7488925
137_real,-1.1899447,,,,,,,,,,,,,,,,,,,,,,,,,,,,,,,,,,,,,,,,,,,,-1.2306597,,,,,,,,,,,,,,,,,,,,,,,,,
137_gen,-1.1899449,-1.1990249,-1.2073182,-1.2165043,-1.2217834,-1.2275217,-1.2356384,-1.2435399,-1.2500222,-1.2561738,-1.2635536,-1.2700418,-1.2770911,-1.2837323,-1.2889992,-1.2983164,-1.3054259,-1.3113072,-1.3181335,-1.3255998,-1.333036,-1.3371168,-1.3407528,-1.3449273,-1.3549893,-1.3581787,-1.3667659,-1.3754518,-1.3829796,-1.3919054,-1.4016619,-1.4107156,-1.4215174,-1.425947,-1.4315001,-1.442261,-1.4508759,-1.4595686,-1.4677975,-1.4746581,-1.4831231,-1.4922324,-1.4986472,-1.5088794,-1.5167631,-1.523321,-1.5290015,-1.5390317,-1.5489329,-1.5558382,-1.5652125,-1.5704372,-1.5771875,-1.5828549,-1.5927601,-1.6018616,-1.6098967,-1.6185557,-1.6236994,-1.6329752,-1.6374166,-1.6429241,-1.6488968,-1.6559006,-1.6595005,-1.6692272,-1.6759331,-1.6815792,-1.6873798,-1.6930773
138_real,0.21987256,,,,,,,,,,,,,,,,,,,,,,,,,,,,,,,,,,,,,,,,,,,,0.16356423,,,,,,,,,,,,,,,,,,,,,,,,,
138_gen,0.21987256,0.21198478,0.19793281,0.18757819,0.17435966,0.16441217,0.15026832,0.1386968,0.12790528,0.11620176,0.10622945,0.09460527,0.08345385,0.074167535,0.06321643,0.05495103,0.04295031,0.03447884,0.0264009,0.01552738,0.004939971,-0.0035967336,-0.010955484,-0.020213835,-0.027917113,-0.037751757,-0.046730336,-0.05611199,-0.06066954,-0.06850207,-0.07813111,-0.088217035,-0.09817295,-0.10662544,-0.11986469,-0.12812671,-0.1375276,-0.1486457,-0.16062249,-0.17025097,-0.1805269,-0.18956931,-0.19923228,-0.20738621,-0.2215714,-0.23199634,-0.24361372,-0.25443965,-0.2682768,-0.27858725,-0.2856227,-0.2945997,-0.30036363,-0.313176,-0.32566598,-0.33659026,-0.34609294,-0.35513774,-0.36415738,-0.37502247,-0.3848727,-0.3942022,-0.40494043,-0.41466802,-0.4223044,-0.43377858,-0.44609362,-0.45598394,-0.4697345,-0.4791069
139_real,1.1607325,,,,,,,,,,,,,,,,,,,,,,,,,,,,,,,,,,,,,,,,,,,,0.6534116,,,,,,,,,,,,,,,,,,,,,,,,,
139_gen,1.1607324,1.1520777,1.1395383,1.1232545,1.1127554,1.098804,1.0883924,1.0756874,1.0652056,1.0559938,1.0456533,1.0350455,1.025086,1.0150249,1.0068798,0.9988505,0.98901665,0.9791458,0.97130823,0.962448,0.95267534,0.9449935,0.93374884,0.9243349,0.91419953,0.9044223,0.8967822,0.8906021,0.8797224,0.87088984,0.85749835,0.8485279,0.83721256,0.82368815,0.81086224,0.80217505,0.7912825,0.7822441,0.7699201,0.75907034,0.7437204,0.73476064,0.7223071,0.7088952,0.697722,0.68871963,0.67734563,0.67005646,0.66039944,0.6517853,0.6413339,0.6295374,0.61912346,0.6100105,0.60013497,0.5900211,0.5765852,0.5628251,0.5522615,0.54539824,0.532724,0.5192854,0.5137657,0.50538045,0.49308094,0.4822259,0.46900362,0.46143332,0.45092663,0.43743762
140_real,-0.5465472,,,,,,,,,,,,,,,,,,,,,,,,,,,,,,,,,,,,,,,,,,,,-0.66648406,,,,,,,,,,,,,,,,,,,,,,,,,
140_gen,-0.5465471,-0.5607792,-0.5777868,-0.58779943,-0.59952325,-0.6143254,-0.6281031,-0.6403698,-0.6511222,-0.660143,-0.67216283,-0.6830481,-0.69329506,-0.7039455,-0.71163255,-0.7177631,-0.7303572,-0.7400804,-0.74810344,-0.75408703,-0.7654257,-0.77776325,-0.7865769,-0.79830647,-0.80660534,-0.8135508,-0.82683545,-0.8394515,-0.8495544,-0.86104316,-0.8711851,-0.88317883,-0.8897268,-0.8974289,-0.90851724,-0.91883487,-0.9268301,-0.93767756,-0.9472203,-0.95684946,-0.966459,-0.9771093,-0.9873409,-0.9978813,-1.0090404,-1.0171187,-1.0285033,-1.0376627,-1.0500113,-1.0611905,-1.0707519,-1.0807883,-1.0877416,-1.0938514,-1.0983851,-1.1080372,-1.1216652,-1.1352289,-1.1474478,-1.1592808,-1.168771,-1.180025,-1.186491,-1.1964654,-1.2069293,-1.2173591,-1.2292347,-1.2363781,-1.2466657,-1.2593575
141_real,-0.67828447,,,,,,,,,,,,,,,,,,,,,,,,,,,,,,,,,,,,,,,,,,,,-0.7961967,,,,,,,,,,,,,,,,,,,,,,,,,
141_gen,-0.6782845,-0.68312794,-0.69091994,-0.6952592,-0.70098156,-0.7077279,-0.7123968,-0.717792,-0.7201623,-0.72369075,-0.73312366,-0.7379945,-0.7422708,-0.74925715,-0.75726014,-0.7614164,-0.76554954,-0.7651908,-0.76921827,-0.7724085,-0.7822236,-0.78783166,-0.79385,-0.7989886,-0.8050052,-0.8102374,-0.81654996,-0.8218735,-0.8270019,-0.82981396,-0.8349571,-0.84309137,-0.84636956,-0.8513544,-0.8539729,-0.8590873,-0.86344415,-0.8682221,-0.87410134,-0.88085115,-0.8839275,-0.8890394,-0.8945543,-0.8986708,-0.9050762,-0.9098314,-0.91248035,-0.91911286,-0.9240111,-0.92718714,-0.9308828,-0.9348404,-0.9384478,-0.9448236,-0.9485399,-0.9501114,-0.9528559,-0.95368147,-0.9573596,-0.9630643,-0.96902025,-0.9752904,-0.9778099,-0.98215264,-0.9898224,-0.9940134,-1.0007008,-1.0091088,-1.012597,-1.0201222
142_real,-0.7698648,,,,,,,,,,,,,,,,,,,,,,,,,,,,,,,,,,,,,,,,,,,,-1.0822321,,,,,,,,,,,,,,,,,,,,,,,,,
142_gen,-0.76986486,-0.7783707,-0.7876059,-0.7957872,-0.80310833,-0.8104575,-0.8184271,-0.8270564,-0.83250684,-0.83770245,-0.84292287,-0.85048497,-0.8589716,-0.8656247,-0.8736515,-0.8801292,-0.8873823,-0.8915925,-0.8969876,-0.9023031,-0.9100784,-0.9160617,-0.9236492,-0.92925656,-0.93680745,-0.94524,-0.9503406,-0.95590276,-0.96482,-0.9700025,-0.97696364,-0.9836736,-0.98967665,-0.9993164,-1.0062062,-1.0127504,-1.0200465,-1.0266745,-1.0324976,-1.0399637,-1.043894,-1.0516737,-1.0564458,-1.0604129,-1.0679547,-1.070792,-1.0782347,-1.0890546,-1.0963414,-1.1028793,-1.1083603,-1.1155117,-1.1201818,-1.1254922,-1.1310422,-1.1349509,-1.1424155,-1.1499798,-1.1548007,-1.1606998,-1.1687005,-1.1754404,-1.1804928,-1.1879244,-1.1963689,-1.2011982,-1.2093192,-1.218728,-1.2277814,-1.2350509
143_real,-0.66510046,,,,,,,,,,,,,,,,,,,,,,,,,,,,,,,,,,,,,,,,,,,,-0.69955885,,,,,,,,,,,,,,,,,,,,,,,,,
143_gen,-0.6651005,-0.6677692,-0.6735131,-0.67785233,-0.68257844,-0.6885443,-0.6937175,-0.69604826,-0.6991425,-0.7030615,-0.7098896,-0.7127926,-0.716775,-0.7210466,-0.72735476,-0.7332743,-0.7367411,-0.74312925,-0.747357,-0.7535056,-0.757578,-0.7610502,-0.7649095,-0.76643103,-0.7696684,-0.7766553,-0.7802611,-0.7835606,-0.78909534,-0.7920111,-0.7968803,-0.8038583,-0.80903614,-0.81273544,-0.8190012,-0.82402456,-0.82862854,-0.8345091,-0.83997726,-0.84394234,-0.8475645,-0.8507961,-0.8555853,-0.8604804,-0.8648261,-0.8683284,-0.872399,-0.8772596,-0.8828794,-0.8883646,-0.89447606,-0.9005982,-0.90479803,-0.9109622,-0.9161228,-0.92297393,-0.9278747,-0.9339274,-0.9361065,-0.9400121,-0.9448366,-0.94794214,-0.95244086,-0.9578686,-0.96428204,-0.9695374,-0.9758604,-0.9824106,-0.98819005,-0.9933262
144_real,-0.955024,,,,,,,,,,,,,,,,,,,,,,,,,,,,,,,,,,,,,,,,,,,,-0.9565332,,,,,,,,,,,,,,,,,,,,,,,,,
144_gen,-0.9550239,-0.9652735,-0.9729074,-0.9807431,-0.98764294,-0.9960368,-1.003617,-1.0102881,-1.0166743,-1.0235813,-1.0316913,-1.0390271,-1.0450583,-1.0536625,-1.0612333,-1.0690402,-1.0734246,-1.0813601,-1.0888255,-1.0960853,-1.1016719,-1.1089373,-1.1172886,-1.124347,-1.1307222,-1.1372566,-1.1438352,-1.1507058,-1.1575135,-1.1650635,-1.1703607,-1.1780647,-1.183735,-1.1895722,-1.196508,-1.2040589,-1.2110837,-1.2166057,-1.2257534,-1.2324996,-1.2381334,-1.2427318,-1.2469378,-1.2539918,-1.2619206,-1.2666937,-1.2766881,-1.2840884,-1.2900859,-1.295358,-1.2998871,-1.3060402,-1.314348,-1.3206193,-1.3269064,-1.3323369,-1.3393186,-1.3471477,-1.3550203,-1.360503,-1.3689387,-1.3740032,-1.3803468,-1.3855022,-1.3930454,-1.4002131,-1.4068656,-1.412069,-1.4167593,-1.4240915
