ROI_Index,Month_0,Month_1,Month_2,Month_3,Month_4,Month_5,Month_6,Month_7,Month_8,Month_9,Month_10,Month_11,Month_12,Month_13,Month_14,Month_15,Month_16,Month_17,Month_18,Month_19,Month_20,Month_21,Month_22,Month_23,Month_24,Month_25,Month_26,Month_27,Month_28,Month_29,Month_30,Month_31,Month_32,Month_33,Month_34,Month_35,Month_36,Month_37,Month_38,Month_39,Month_40,Month_41,Month_42,Month_43,Month_44,Month_45,Month_46,Month_47,Month_48,Month_49,Month_50,Month_51,Month_52,Month_53,Month_54,Month_55,Month_56,Month_57,Month_58,Month_59,Month_60,Month_61,Month_62,Month_63,Month_64,Month_65,Month_66,Month_67,Month_68,Month_69,Month_70,Month_71,Month_72,Month_73,Month_74,Month_75,Month_76,Month_77,Month_78,Month_79,Month_80,Month_81,Month_82,Month_83,Month_84,Month_85,Month_86,Month_87,Month_88,Month_89,Month_90,Month_91,Month_92,Month_93,Month_94,Month_95,Month_96,Month_97,Month_98,Month_99,Month_100,Month_101,Month_102,Month_103,Month_104,Month_105,Month_106,Month_107,Month_108,Month_109,Month_110,Month_111,Month_112,Month_113,Month_114,Month_115,Month_116,Month_117,Month_118,Month_119
0,-0.37453613,-0.37028924,-0.367356,-0.36388355,-0.36007404,-0.3545963,-0.3480418,-0.34181407,-0.33622536,-0.33555165,-0.33208665,-0.3284852,-0.32199582,-0.315337,-0.31511036,-0.3114323,-0.3087731,-0.303944,-0.30235556,-0.29929772,-0.2982522,-0.29406798,-0.2914111,-0.2901141,-0.28628898,-0.28340036,-0.2802463,-0.2781638,-0.27644056,-0.2754539,-0.2719937,-0.2702034,-0.2670675,-0.26507527,-0.26502955,-0.2631969,-0.26211435,-0.25992584,-0.25775424,-0.25775784,-0.2571702,-0.25656116,-0.25362855,-0.25133157,-0.24974963,-0.24971554,-0.2476336,-0.24717224,-0.24670562,-0.24535814,-0.24374673,-0.24069628,-0.23873565,-0.23517442,-0.234355,-0.23342237,-0.23263279,-0.23219934,-0.23393753,-0.23399086,-0.23630223,-0.23658125,-0.23715396,-0.23672104,-0.23755793,-0.23826006,-0.23915276,-0.23946753,-0.23848288,-0.23987715,-0.23956251,-0.24088068,-0.24390034,-0.24604468,-0.24760392,-0.24713811,-0.24729356,-0.24961486,-0.25204366,-0.25479415,-0.25435135,-0.25484458,-0.25665292,-0.25982982,-0.26032606,-0.26201332,-0.26319975,-0.26243335,-0.26402998,-0.2663009,-0.26778948,-0.2693309,-0.27199894,-0.27704751,-0.27570003,-0.27595282,-0.2799382,-0.2832326,-0.2841781,-0.28563532,-0.28807887,-0.29267913,-0.29549992,-0.29955652,-0.3041095,-0.30613512,-0.307436,-0.30987728,-0.3129374,-0.31414202,-0.3192914,-0.32154542,-0.3232339,-0.32746387,-0.33294746,-0.33529228,-0.33641705,-0.3399096,-0.3431514,-0.3476865
1,0.74872345,0.7478015,0.7444881,0.7421829,0.7411307,0.73956954,0.74035835,0.74176323,0.74161464,0.741485,0.7393241,0.73917747,0.7423747,0.74342644,0.7440564,0.74765825,0.7510969,0.7561443,0.75823677,0.7592022,0.7613175,0.7633847,0.7626305,0.7641463,0.76704645,0.7677181,0.767806,0.7706275,0.77743495,0.7818444,0.78408515,0.7841407,0.7898549,0.7921299,0.7961144,0.8026964,0.80744296,0.8109616,0.81431735,0.82101,0.8248213,0.8314069,0.83129644,0.8320063,0.83378327,0.8353795,0.83903295,0.8438715,0.8489553,0.85465366,0.85748404,0.85916805,0.8624989,0.8669008,0.87199813,0.8729302,0.87942827,0.88538915,0.88434565,0.88604224,0.89225054,0.8942661,0.8982539,0.8996886,0.90253747,0.90207446,0.9055959,0.9038289,0.9069149,0.9111927,0.91432446,0.91763675,0.9226159,0.9269223,0.9323162,0.9385334,0.9419902,0.9448444,0.9483997,0.9505078,0.9500035,0.95352185,0.9545903,0.95646447,0.96286726,0.96537554,0.97117823,0.9737984,0.9766739,0.9807361,0.9852888,0.98879945,0.9941983,0.9960855,0.99733925,1.0040519,1.0097212,1.0107789,1.0152534,1.0144149,1.0161797,1.0132982,1.0182831,1.0188966,1.0206888,1.0222107,1.0279794,1.0326686,1.0342656,1.0355979,1.0387343,1.0412613,1.044041,1.0489337,1.0538123,1.059356,1.0596087,1.0628142,1.0671867,1.0708187
2,1.190879,1.1720926,1.1487486,1.1338409,1.1125094,1.0976485,1.0817692,1.0652648,1.0493369,1.0337632,1.018334,1.0022992,0.98612154,0.9730943,0.9625557,0.9493121,0.93468446,0.91755664,0.905413,0.8901595,0.8786923,0.8636364,0.85112077,0.8332796,0.8195983,0.80533105,0.79009426,0.77667344,0.7635346,0.7519088,0.74131864,0.7303009,0.72125936,0.7095851,0.6987058,0.6865104,0.6759939,0.66535646,0.65402144,0.64440143,0.6341568,0.6231171,0.60929096,0.5967905,0.5855876,0.5755891,0.5631204,0.55005515,0.54042035,0.52881134,0.5155345,0.50372374,0.4942103,0.48561516,0.47512382,0.46354714,0.4563837,0.4480177,0.44043508,0.43136796,0.42507505,0.4187706,0.4093701,0.40182653,0.39088497,0.38248283,0.37351137,0.3614653,0.35085523,0.3444336,0.33641747,0.32766542,0.32059848,0.3145764,0.3040656,0.29777268,0.2915754,0.28127646,0.27344057,0.2648303,0.25587076,0.24724814,0.23756596,0.22896287,0.22261408,0.21142526,0.20489688,0.1998739,0.19140832,0.18105912,0.17387389,0.16439253,0.1579704,0.15410784,0.14456646,0.13348389,0.12913035,0.12396081,0.11510029,0.10565162,0.0968379,0.090053484,0.08283465,0.07540201,0.071370445,0.06426777,0.058356505,0.051135533,0.04199844,0.035643212,0.02545029,0.017627027,0.008917324,0.0020710449,-0.0032084964,-0.011037662,-0.019502763,-0.023200216,-0.026773045,-0.034081385
3,0.9245738,0.9060793,0.88789606,0.87160313,0.85231096,0.8379036,0.8258044,0.8096096,0.79439867,0.78102547,0.7678972,0.7553669,0.7359416,0.7207502,0.7071916,0.6951641,0.6830411,0.6678571,0.6586706,0.6472133,0.63688487,0.62733656,0.6157392,0.60627204,0.59392023,0.58340234,0.57063186,0.56025684,0.5486348,0.5396658,0.52828676,0.5195876,0.510713,0.49873024,0.48832494,0.47874218,0.47191018,0.46217054,0.45565796,0.4468649,0.43623438,0.42786652,0.41500688,0.4049902,0.39432433,0.38313594,0.37354752,0.3643158,0.35470766,0.34583944,0.33739865,0.33005473,0.32060078,0.31276283,0.30415392,0.29388082,0.28805965,0.27931613,0.2749802,0.26552662,0.2592997,0.25103515,0.2417064,0.23285279,0.22402342,0.21282215,0.20541608,0.19728291,0.19065277,0.18549842,0.17864735,0.1700755,0.16261159,0.15558188,0.1456179,0.13958767,0.13221267,0.12307358,0.11191274,0.104197934,0.09811057,0.09078653,0.08257003,0.07789678,0.06797618,0.06053294,0.054650705,0.049601924,0.043523513,0.034213755,0.027766462,0.024013063,0.021913212,0.016265307,0.007036851,-0.00030670146,-0.0073717227,-0.0112715345,-0.01927199,-0.028514598,-0.035785727,-0.039642405,-0.04672228,-0.054551326,-0.06443022,-0.07025681,-0.07756683,-0.08516531,-0.09321855,-0.10235558,-0.11008135,-0.11503096,-0.120626524,-0.12811817,-0.13364947,-0.14329901,-0.14782149,-0.15494245,-0.16015983,-0.16800556
4,0.45094806,0.44546142,0.4378229,0.4348208,0.4273808,0.42201152,0.41722614,0.4125162,0.4067513,0.39972496,0.3942279,0.38657898,0.37849274,0.37083974,0.36542186,0.35943133,0.35400376,0.35183275,0.34608185,0.34055287,0.33304733,0.33495516,0.32868358,0.32195944,0.3135257,0.3074601,0.30627558,0.2998039,0.2960684,0.29312727,0.28809386,0.2814756,0.27607018,0.26889545,0.26294032,0.2583374,0.25418,0.24676342,0.241276,0.23684219,0.22829023,0.22350001,0.2175386,0.214331,0.2065134,0.20065336,0.19619536,0.18886241,0.18401709,0.17709194,0.17163171,0.1681746,0.16463856,0.1583482,0.14990842,0.14509788,0.13896212,0.13491218,0.12898791,0.123605624,0.11743301,0.111715816,0.10537325,0.10303746,0.095136635,0.091665626,0.08581264,0.08189237,0.07695009,0.07358724,0.071786284,0.06716726,0.060666196,0.052674204,0.04716236,0.041068025,0.03676471,0.030880172,0.02662265,0.019286985,0.017817289,0.011617942,0.012925783,0.009480193,0.006220837,0.000713335,-0.004782067,-0.01054841,-0.0134562645,-0.018915165,-0.026445717,-0.03044204,-0.03438785,-0.03559298,-0.035873413,-0.041239776,-0.046579186,-0.051515896,-0.060559172,-0.064410515,-0.06942406,-0.069975115,-0.07500521,-0.082096934,-0.085011944,-0.09129287,-0.09809054,-0.10338213,-0.11042694,-0.11670218,-0.12222797,-0.12647295,-0.12547976,-0.1296952,-0.1330327,-0.1393969,-0.14360319,-0.14808285,-0.15240869,-0.15747364
5,-0.09678514,-0.1005546,-0.11182509,-0.11410085,-0.122797966,-0.13141058,-0.14405122,-0.14899069,-0.15254629,-0.16209519,-0.16964203,-0.17338176,-0.17857155,-0.1841151,-0.18863848,-0.19593015,-0.20428503,-0.21071546,-0.21899411,-0.22723392,-0.236376,-0.24039681,-0.24801752,-0.2514488,-0.25937086,-0.26664686,-0.2685298,-0.27339622,-0.27883893,-0.2859132,-0.29134747,-0.29767382,-0.30371568,-0.3077441,-0.31475636,-0.3197872,-0.328936,-0.33488947,-0.33980963,-0.3466708,-0.35428292,-0.35721487,-0.36406857,-0.370723,-0.38125387,-0.38521248,-0.3899085,-0.39683598,-0.40330228,-0.4117073,-0.41893202,-0.42487603,-0.4302958,-0.43516827,-0.44187278,-0.4483726,-0.45784998,-0.46174827,-0.46906695,-0.47713393,-0.4859088,-0.49207467,-0.5001156,-0.50752175,-0.5147457,-0.52349114,-0.5307056,-0.5372879,-0.5454567,-0.55061257,-0.5554094,-0.5626975,-0.56708926,-0.57339495,-0.5819737,-0.58697605,-0.59577453,-0.60559464,-0.6133753,-0.6205963,-0.624213,-0.6306458,-0.6356395,-0.64231026,-0.6471682,-0.65512526,-0.66339076,-0.66754925,-0.67186415,-0.67734265,-0.68449616,-0.69538707,-0.70033705,-0.70648474,-0.711617,-0.720277,-0.7252342,-0.73112214,-0.73922414,-0.74782,-0.7535704,-0.75965214,-0.76750684,-0.775778,-0.77890193,-0.7861439,-0.79255784,-0.7996622,-0.8051419,-0.8126899,-0.8213881,-0.82928735,-0.83467805,-0.839771,-0.8478311,-0.8573214,-0.86515653,-0.87169456,-0.8765238,-0.8855473
6,-0.41382504,-0.42050284,-0.42312017,-0.4246524,-0.42899722,-0.4335254,-0.43917543,-0.4429567,-0.44428998,-0.4464355,-0.4498065,-0.45172006,-0.45324516,-0.4507804,-0.4520883,-0.45809633,-0.46177197,-0.46633583,-0.47105956,-0.47036594,-0.4714779,-0.47098765,-0.47329864,-0.4777596,-0.4770662,-0.4825223,-0.48142257,-0.4849462,-0.4856232,-0.48906103,-0.49222016,-0.49199027,-0.49249822,-0.49157906,-0.4954391,-0.498706,-0.50140023,-0.5035374,-0.50405,-0.5057722,-0.5100523,-0.512066,-0.51353085,-0.5161378,-0.52148056,-0.5223384,-0.52600425,-0.52886426,-0.5329834,-0.5363368,-0.53663146,-0.53896993,-0.5409233,-0.5446743,-0.54783607,-0.55074036,-0.5526669,-0.5531939,-0.55653244,-0.55941683,-0.561088,-0.567706,-0.5710741,-0.5727608,-0.57327586,-0.5724954,-0.5732728,-0.57679856,-0.5809807,-0.58151567,-0.5850447,-0.5851336,-0.5864845,-0.58692646,-0.58848953,-0.5921701,-0.5940381,-0.598489,-0.59839714,-0.5994314,-0.60242486,-0.60383457,-0.60504085,-0.6050936,-0.6066283,-0.6068158,-0.61027837,-0.6091088,-0.6087553,-0.6101715,-0.6129868,-0.61283153,-0.6140415,-0.61380374,-0.612529,-0.6138644,-0.61398256,-0.61382353,-0.6168826,-0.6173803,-0.62078905,-0.6193918,-0.62232834,-0.6252936,-0.6285576,-0.63015234,-0.6319195,-0.63451,-0.6382771,-0.6398489,-0.64192903,-0.64179385,-0.6416213,-0.6409131,-0.6432381,-0.64522207,-0.6449484,-0.6453068,-0.6460908,-0.65194404
7,0.020053042,0.011798146,0.0023404309,-0.0021007448,-0.010680419,-0.01926144,-0.022384573,-0.03008706,-0.034576677,-0.040961783,-0.04480604,-0.04719639,-0.054169483,-0.053792488,-0.057396054,-0.0625637,-0.06770009,-0.0741778,-0.0794487,-0.086725906,-0.09127856,-0.09276246,-0.09554317,-0.10392882,-0.11099348,-0.11445707,-0.11877449,-0.12363656,-0.12534703,-0.12869471,-0.13230684,-0.13743901,-0.14166395,-0.15070018,-0.15555544,-0.16205528,-0.1665396,-0.1698419,-0.17241952,-0.17838432,-0.18487935,-0.19071247,-0.19476973,-0.19811237,-0.20390339,-0.20605703,-0.21090992,-0.21693864,-0.22092724,-0.2248836,-0.22716483,-0.2311308,-0.23279557,-0.23989952,-0.24573238,-0.25342852,-0.2582691,-0.26447618,-0.26675645,-0.27128154,-0.2748421,-0.27894142,-0.28369933,-0.28639054,-0.2897997,-0.29178452,-0.29537457,-0.29867938,-0.30364102,-0.30600572,-0.30899963,-0.31030035,-0.31327718,-0.31573695,-0.3203186,-0.32560378,-0.33012232,-0.33381155,-0.33916035,-0.3439303,-0.34722644,-0.35199288,-0.3553421,-0.35797054,-0.36010212,-0.3636719,-0.3674345,-0.36887842,-0.37188,-0.37583947,-0.3770404,-0.37929887,-0.3817059,-0.3846111,-0.38911065,-0.39427823,-0.4004591,-0.40244573,-0.4060301,-0.41160822,-0.41610947,-0.41816315,-0.4202947,-0.42331305,-0.42608064,-0.42933077,-0.43101224,-0.4344352,-0.43868437,-0.4407857,-0.44548973,-0.44688195,-0.45182055,-0.45457736,-0.45598477,-0.46159917,-0.4629418,-0.46431008,-0.46847636,-0.4714926
8,0.526948,0.5191364,0.511686,0.50697106,0.498635,0.48844543,0.48446068,0.4770493,0.47144747,0.4636802,0.45893517,0.45233735,0.44452924,0.43858472,0.43788806,0.43618655,0.43137598,0.42579928,0.4207967,0.4141461,0.4106658,0.40913868,0.4055273,0.40019384,0.39214483,0.38497424,0.3822651,0.37646192,0.3722989,0.3694238,0.36656922,0.36410126,0.3622481,0.35900733,0.3570105,0.35334826,0.35155967,0.34895068,0.34529528,0.34395507,0.33967397,0.33765417,0.33387205,0.33081335,0.32271242,0.32368034,0.31844512,0.31240654,0.30971375,0.30470923,0.29954863,0.29746833,0.29464972,0.2928491,0.28903872,0.2852574,0.28549904,0.2789392,0.28251162,0.28087243,0.28211465,0.28107822,0.2754012,0.27219355,0.27088702,0.26952973,0.26804468,0.26692724,0.26568437,0.26307616,0.2591437,0.25493997,0.25496203,0.25381225,0.24830902,0.246761,0.24307927,0.24226482,0.23866777,0.23619047,0.23591249,0.2337606,0.23165365,0.22620764,0.22542188,0.22473069,0.22271688,0.22038946,0.21989346,0.21905294,0.2215637,0.21884711,0.21792546,0.21734032,0.21372283,0.21153471,0.20952025,0.20919795,0.20595148,0.19967106,0.19638242,0.19568016,0.19298004,0.1925163,0.18762228,0.18777268,0.18524,0.18293768,0.18047002,0.1786437,0.17712806,0.17414923,0.17462856,0.17351551,0.17335284,0.1701411,0.16800535,0.16374773,0.15993318,0.15870525
9,0.44803756,0.4431003,0.4329341,0.42332497,0.41095495,0.40078807,0.39384624,0.383118,0.373759,0.36548358,0.35501906,0.3484395,0.33893868,0.33340323,0.3238513,0.31577677,0.30958632,0.30056196,0.2931831,0.28405842,0.2778674,0.26970035,0.26703876,0.257743,0.24995211,0.24112555,0.23095593,0.22626856,0.21955702,0.21413688,0.20420277,0.20100193,0.19383976,0.18818347,0.18395418,0.17591545,0.16677137,0.15880008,0.15097089,0.14575072,0.13632119,0.13049102,0.12225834,0.112872384,0.106416844,0.097256586,0.08859833,0.08122218,0.07484949,0.064910255,0.055474132,0.046512004,0.03900256,0.03255233,0.024584917,0.017291315,0.010274468,0.0010053072,-0.004898902,-0.012183137,-0.02082457,-0.028689135,-0.03829687,-0.043673195,-0.05097895,-0.054114252,-0.061608154,-0.07046112,-0.08081811,-0.085754044,-0.09127971,-0.09911303,-0.10385946,-0.108809195,-0.11164842,-0.120430484,-0.12644407,-0.13300464,-0.13894615,-0.1446672,-0.15282646,-0.16204752,-0.1674271,-0.1723303,-0.17831144,-0.18275557,-0.189257,-0.19710913,-0.2039685,-0.2110121,-0.21465448,-0.22111706,-0.2280883,-0.23518541,-0.24033551,-0.24850762,-0.25322813,-0.25827074,-0.2664598,-0.27373224,-0.2784649,-0.27719778,-0.2815918,-0.28709897,-0.29009807,-0.29830334,-0.29721436,-0.30555704,-0.31224483,-0.31579155,-0.32483456,-0.33270392,-0.34077358,-0.3462724,-0.35329658,-0.36186606,-0.36748827,-0.3759575,-0.38166016,-0.39011163
10,0.55695385,0.55119145,0.5439474,0.53385085,0.5232821,0.5128343,0.5041469,0.4942065,0.48770428,0.4789365,0.46889323,0.46014208,0.45006865,0.44287062,0.4372229,0.429202,0.4220609,0.41291434,0.40405393,0.3970076,0.39054507,0.38475198,0.37690696,0.36901534,0.36104378,0.3550184,0.34820575,0.3418818,0.3359682,0.32761693,0.31921357,0.31435966,0.30733708,0.30007204,0.29441184,0.28926334,0.28374317,0.2747051,0.26648402,0.26073593,0.25401562,0.24810255,0.24005607,0.22954413,0.22146109,0.21188538,0.20194817,0.19640216,0.18831255,0.18107592,0.17414372,0.16464129,0.15796661,0.15182677,0.1443983,0.13776119,0.13109134,0.123445615,0.12208035,0.11609404,0.11082717,0.10187143,0.09188841,0.083204076,0.07481945,0.06846405,0.060958683,0.052364737,0.04675272,0.04101796,0.030860841,0.021525726,0.01556897,0.009359851,0.0029905476,-0.006468085,-0.016160978,-0.02450993,-0.031558644,-0.041430242,-0.0497142,-0.05724313,-0.06689449,-0.07572116,-0.08104253,-0.08952855,-0.09639634,-0.10310117,-0.114745915,-0.12320093,-0.12835386,-0.13907656,-0.14418302,-0.14921662,-0.15446953,-0.16063872,-0.168644,-0.17866561,-0.18794647,-0.1999294,-0.20881999,-0.21961232,-0.22589155,-0.23303895,-0.24050155,-0.2508815,-0.25737637,-0.26747352,-0.27309626,-0.28155488,-0.29020417,-0.30028176,-0.30554652,-0.31273538,-0.3196554,-0.32577506,-0.3334492,-0.34234756,-0.34660378,-0.35234696
11,0.083432935,0.080707744,0.07446901,0.06997013,0.061804146,0.057471752,0.05205848,0.04468559,0.04495376,0.040141832,0.03377704,0.025866006,0.022840763,0.019027041,0.016043583,0.010099806,0.0057114223,-0.0007882776,-0.00517235,-0.01231136,-0.0141352,-0.018002234,-0.023737822,-0.030913493,-0.0353603,-0.043673154,-0.050590657,-0.051261984,-0.05697784,-0.0596066,-0.064521834,-0.06689129,-0.07423045,-0.07912706,-0.084899,-0.08820896,-0.092799954,-0.098117396,-0.09932412,-0.10296936,-0.11057137,-0.11270855,-0.11781539,-0.123748004,-0.12884577,-0.13246866,-0.14055422,-0.14578933,-0.15117091,-0.1555295,-0.15743938,-0.15608642,-0.16191673,-0.16514969,-0.17275651,-0.17790216,-0.18259609,-0.18648572,-0.18791088,-0.19174454,-0.19424051,-0.19946343,-0.20368317,-0.21210833,-0.22128037,-0.2265701,-0.23541841,-0.23808894,-0.24505751,-0.24887517,-0.24937983,-0.25420398,-0.2571727,-0.2609471,-0.2647297,-0.26969784,-0.27425066,-0.27924317,-0.28043145,-0.28491932,-0.29205787,-0.2979338,-0.30263007,-0.30958435,-0.31597477,-0.31816277,-0.32197505,-0.3306926,-0.33364356,-0.3382637,-0.3460996,-0.35148564,-0.35519132,-0.35953736,-0.36387676,-0.3679185,-0.37360552,-0.3790656,-0.3854027,-0.3914628,-0.39796683,-0.39838073,-0.4043859,-0.4089474,-0.41460615,-0.4193116,-0.41996986,-0.42871317,-0.43000793,-0.4357544,-0.4426434,-0.44786644,-0.4546906,-0.4608097,-0.4679963,-0.4737854,-0.47870684,-0.4855547,-0.48745927,-0.49082822
12,-0.07436495,-0.07352917,-0.07162837,-0.07387189,-0.07845751,-0.08141265,-0.08636208,-0.09062404,-0.092889205,-0.09744928,-0.100484625,-0.10766621,-0.10787316,-0.10723406,-0.11125915,-0.119247064,-0.12295975,-0.12539004,-0.1291916,-0.12764928,-0.13099736,-0.13140316,-0.1346745,-0.14188626,-0.14279453,-0.14564821,-0.14435592,-0.14790735,-0.15145643,-0.1537656,-0.15467092,-0.15452169,-0.15572782,-0.15767398,-0.15991934,-0.16096476,-0.16451477,-0.16970618,-0.16916499,-0.17240308,-0.17627765,-0.17868498,-0.17912433,-0.18291797,-0.18524401,-0.18594068,-0.18843801,-0.1920207,-0.19578096,-0.196824,-0.19946179,-0.19848871,-0.20031075,-0.20386124,-0.20777717,-0.21030834,-0.21285574,-0.21288833,-0.21549788,-0.21715602,-0.21742988,-0.2208178,-0.22206593,-0.22516891,-0.22884779,-0.23131299,-0.23584326,-0.23655018,-0.2383295,-0.24108467,-0.24192801,-0.24485214,-0.24335615,-0.24437544,-0.2500966,-0.2522063,-0.2571494,-0.25862068,-0.25470433,-0.25509647,-0.25927943,-0.26210266,-0.2664468,-0.26853436,-0.26912516,-0.27231675,-0.27478102,-0.2771085,-0.2818528,-0.28317085,-0.2879072,-0.29296735,-0.29319724,-0.29390085,-0.29363626,-0.290772,-0.28981414,-0.29085246,-0.2935815,-0.2965728,-0.29884356,-0.29982316,-0.2997619,-0.29838258,-0.29935524,-0.30251902,-0.29985574,-0.30472666,-0.3027239,-0.3037401,-0.30682945,-0.30801582,-0.31156963,-0.3116594,-0.31276542,-0.312596,-0.31749454,-0.3192209,-0.31959122,-0.32170644
13,0.87315595,0.86200553,0.8432255,0.8324369,0.81643164,0.8061015,0.7927588,0.7818841,0.7735863,0.7670731,0.7551431,0.74600136,0.7381474,0.725638,0.71561134,0.70873106,0.6991931,0.68697655,0.6794545,0.6706763,0.6637193,0.66197944,0.65358657,0.64613616,0.6410244,0.6303188,0.6202971,0.6140131,0.60963666,0.60346586,0.5966512,0.5876919,0.5808257,0.5718169,0.56492054,0.55810463,0.5488987,0.54470885,0.53676045,0.5297209,0.52527606,0.51989526,0.5131309,0.50356996,0.49704418,0.49117428,0.486022,0.47977287,0.47535762,0.46965522,0.46377096,0.45927697,0.45517373,0.44903263,0.44199544,0.43786854,0.4324882,0.42717534,0.42474252,0.4198943,0.41187173,0.40715557,0.40207466,0.39372844,0.38650972,0.3806694,0.37422177,0.36716303,0.3595689,0.35541624,0.34955427,0.34379604,0.33728576,0.32932776,0.3196979,0.31591624,0.31091148,0.30751422,0.3022863,0.2990951,0.2964544,0.29172882,0.28624052,0.2779011,0.27324632,0.27196372,0.26436085,0.26132998,0.25895983,0.25487164,0.24881013,0.24343777,0.23783675,0.23318072,0.22690344,0.22181308,0.21695372,0.21430854,0.20709857,0.204984,0.19752164,0.19239798,0.18750647,0.1826146,0.17729488,0.17180482,0.16707206,0.161592,0.15740325,0.15514538,0.14894833,0.14400598,0.1421198,0.13775444,0.1318416,0.12785284,0.121142626,0.117590286,0.11376689,0.10694021
14,0.7556967,0.74366957,0.7327753,0.7226017,0.70724565,0.69774824,0.68889976,0.67805046,0.6690179,0.6610514,0.6521654,0.6468128,0.63786775,0.6299975,0.6235409,0.6179802,0.6112257,0.6034564,0.59683037,0.5898273,0.5852925,0.5798819,0.5694578,0.5633566,0.5552494,0.5466073,0.53903323,0.5376034,0.533841,0.52879256,0.52434313,0.5169842,0.51367867,0.5078666,0.502358,0.49655095,0.48953685,0.48553306,0.47914115,0.4755076,0.46960717,0.46396452,0.45795235,0.45339313,0.44476557,0.43957466,0.43012705,0.42266303,0.41865414,0.41073924,0.40431842,0.39689478,0.38921443,0.38493353,0.37761799,0.36956495,0.3650667,0.36131915,0.3592416,0.35254055,0.34410235,0.3400071,0.33424214,0.3272197,0.3205498,0.31504843,0.30959976,0.3049776,0.29744568,0.29330665,0.28778943,0.27958173,0.2741,0.26750562,0.25967115,0.2524471,0.24661899,0.24203663,0.23397319,0.23043922,0.22508883,0.21895187,0.21289727,0.20872799,0.20440798,0.19643176,0.18864073,0.1829271,0.17759131,0.171191,0.16672729,0.16189365,0.1583481,0.15551694,0.1500087,0.14236185,0.13565542,0.13112769,0.12146957,0.11456845,0.106788054,0.10354406,0.09611936,0.08903091,0.08431469,0.08012316,0.073906474,0.068280816,0.060964666,0.054388635,0.046023376,0.042821072,0.036578547,0.030689841,0.028089684,0.023522105,0.0189772,0.01464393,0.008304685,0.003330204
15,2.102219,2.1176133,2.1267643,2.1406004,2.1539226,2.1691566,2.1843002,2.198685,2.2154036,2.2321706,2.2451053,2.2607646,2.2729437,2.2849598,2.303538,2.3230383,2.3442416,2.3592463,2.3791435,2.399771,2.4194367,2.4356754,2.4504914,2.4670403,2.4870887,2.5099237,2.5227723,2.5408223,2.5586953,2.580087,2.6024926,2.6222126,2.6457574,2.6655478,2.6892269,2.713324,2.734967,2.7605946,2.7793362,2.8020337,2.8208294,2.8465517,2.8636532,2.8841836,2.9057374,2.9268312,2.9472594,2.9739914,3.0016663,3.026744,3.0458114,3.0638864,3.0894954,3.1104665,3.1346247,3.1581929,3.1886048,3.208922,3.2276216,3.2541866,3.2790859,3.301482,3.3277924,3.3531747,3.3800666,3.3990078,3.4239914,3.4483037,3.4744809,3.4956498,3.5175738,3.5408185,3.567208,3.586757,3.6120753,3.6366177,3.6586242,3.68539,3.7111125,3.7352474,3.765253,3.7910805,3.8175113,3.8395104,3.8660214,3.8882184,3.9215496,3.949454,3.9753985,4.0017133,4.0299897,4.0555887,4.082354,4.1024895,4.1311827,4.160474,4.1858034,4.2105417,4.242017,4.270006,4.2990026,4.3153853,4.341523,4.3716063,4.3956084,4.4228625,4.448205,4.481273,4.508848,4.5392237,4.569557,4.5989714,4.6294594,4.6631484,4.694565,4.728752,4.7561054,4.7820024,4.80629,4.8336506
16,1.8663044,1.8782272,1.8819002,1.8929713,1.9041522,1.9211231,1.9349482,1.9490407,1.9648352,1.9808385,1.9902025,2.0067112,2.0205467,2.028559,2.0472977,2.0654156,2.0838265,2.0960166,2.1151016,2.1299515,2.1469295,2.1659572,2.180133,2.1936936,2.2144096,2.2349985,2.2448196,2.2636497,2.2836792,2.306641,2.328607,2.3444436,2.3670418,2.3854156,2.406633,2.4263396,2.445997,2.46904,2.4900932,2.5087802,2.5269885,2.5491176,2.5673282,2.585095,2.6060967,2.622757,2.642015,2.667627,2.6921198,2.7163806,2.7334175,2.7509317,2.773188,2.7931128,2.8165736,2.8392131,2.8661125,2.8889847,2.9108024,2.9329484,2.9565804,2.9811482,3.0051017,3.0284953,3.0513015,3.072296,3.0956597,3.116937,3.1409135,3.1597276,3.1799493,3.1994557,3.2188077,3.2375476,3.2564492,3.2796865,3.3056843,3.3316684,3.35835,3.3781059,3.4028625,3.4239159,3.448605,3.4705067,3.4985993,3.5222256,3.5531955,3.5763226,3.6003253,3.6261246,3.652861,3.676063,3.7006085,3.7190614,3.7469215,3.7719333,3.7956238,3.817985,3.8455021,3.861447,3.8892162,3.9031684,3.9286218,3.9576793,3.9784577,4.0048366,4.028509,4.0586104,4.086278,4.1117415,4.140837,4.166793,4.19702,4.2260237,4.2532015,4.284249,4.308034,4.33122,4.352669,4.3820086
17,-0.94445145,-0.9383012,-0.9301491,-0.9237522,-0.9159756,-0.909602,-0.9037123,-0.8989455,-0.89281654,-0.8871237,-0.88033044,-0.8725028,-0.86288345,-0.85711765,-0.8509777,-0.84479123,-0.8404638,-0.833564,-0.8285699,-0.82274675,-0.8167037,-0.81206876,-0.8063377,-0.7986952,-0.7929397,-0.78907907,-0.78562945,-0.78194255,-0.7767046,-0.77308255,-0.77080894,-0.765596,-0.76181275,-0.75837487,-0.75671947,-0.7509747,-0.74589026,-0.74358535,-0.73721695,-0.7318088,-0.7271172,-0.72218275,-0.7138381,-0.7090148,-0.70482635,-0.69775665,-0.69270265,-0.6881221,-0.6833024,-0.6805994,-0.67387885,-0.670776,-0.66610414,-0.66321003,-0.6593687,-0.6537132,-0.64955187,-0.6479455,-0.6410626,-0.6385686,-0.6329322,-0.6296976,-0.62710744,-0.62304837,-0.61521345,-0.6102003,-0.6057815,-0.60223395,-0.5981635,-0.59484076,-0.59149164,-0.58687365,-0.5822159,-0.5764921,-0.570195,-0.57008994,-0.564499,-0.5597022,-0.5564848,-0.55377835,-0.5523864,-0.548008,-0.54365104,-0.537913,-0.53371346,-0.53277916,-0.52941835,-0.5259699,-0.5195037,-0.5139745,-0.5071071,-0.5026853,-0.4993903,-0.49609956,-0.49086595,-0.4852163,-0.4834178,-0.4814826,-0.4749803,-0.47137246,-0.46897644,-0.46461225,-0.45920897,-0.45798555,-0.4574141,-0.45372558,-0.4484376,-0.44558567,-0.44552618,-0.4457664,-0.44225818,-0.43734807,-0.4329947,-0.43117827,-0.4282264,-0.42694896,-0.4237764,-0.42044598,-0.41555786,-0.41459543
18,0.1994092,0.20690188,0.21226302,0.22192314,0.22765675,0.23565376,0.24263754,0.24769089,0.25707114,0.26435307,0.27296674,0.28381804,0.2926372,0.29540437,0.30275998,0.31208736,0.3205474,0.32929748,0.33833322,0.34417254,0.35027274,0.35630503,0.36597073,0.3726177,0.3781906,0.38573757,0.3903712,0.39409232,0.4008256,0.406799,0.41472897,0.42190212,0.43074483,0.43781394,0.44588846,0.45280343,0.45772633,0.46602407,0.47476965,0.4827822,0.48700866,0.49581036,0.5011577,0.5059054,0.51175106,0.52143013,0.52640724,0.53464335,0.5449493,0.5517324,0.55943507,0.56317717,0.56923074,0.5747555,0.5824764,0.59076416,0.5971199,0.600532,0.60732573,0.61547554,0.6227947,0.62871236,0.6334945,0.63789505,0.6427334,0.64763343,0.65300715,0.6593408,0.66518223,0.67383295,0.6794166,0.68833554,0.69620824,0.70192826,0.71060365,0.7167494,0.7230382,0.7304292,0.7367157,0.741926,0.7485077,0.7536986,0.7586599,0.76414645,0.76979476,0.7750486,0.78301483,0.7882748,0.7955371,0.8042058,0.81133336,0.8168747,0.8217697,0.82803947,0.83610076,0.8430904,0.84834814,0.8515872,0.8596708,0.8644868,0.8726786,0.87596667,0.8824113,0.88813907,0.89550513,0.90068865,0.9038936,0.9097471,0.91424483,0.9190461,0.9251493,0.9308661,0.93324727,0.94199646,0.9495141,0.95680314,0.9611157,0.96556664,0.9725269,0.9753067
19,-1.202246,-1.2081916,-1.2107495,-1.2151704,-1.2142,-1.2136493,-1.218807,-1.2192519,-1.2185612,-1.2199745,-1.221522,-1.2225235,-1.2245047,-1.2224625,-1.2230232,-1.2247603,-1.2258003,-1.2269096,-1.2299104,-1.2294888,-1.228351,-1.2274673,-1.2238064,-1.2249743,-1.2238138,-1.2282214,-1.2287841,-1.2317082,-1.23494,-1.2366158,-1.2386544,-1.2393087,-1.2425892,-1.241384,-1.2430418,-1.247504,-1.2492731,-1.252597,-1.2552143,-1.256572,-1.255786,-1.2604393,-1.264574,-1.2641854,-1.2625163,-1.2616595,-1.2608292,-1.2624573,-1.2659056,-1.2672936,-1.2673786,-1.2652441,-1.2627455,-1.2660187,-1.2673408,-1.265957,-1.2666308,-1.2679943,-1.2654939,-1.26511,-1.2659924,-1.2652196,-1.2652335,-1.26139,-1.2600172,-1.2566597,-1.2564914,-1.2540796,-1.2548492,-1.2520977,-1.2487563,-1.2470084,-1.2437971,-1.2420626,-1.2410897,-1.2429383,-1.2432921,-1.2422326,-1.2413703,-1.2345243,-1.2341629,-1.2360978,-1.2342767,-1.2299984,-1.229553,-1.2279971,-1.2269617,-1.2220032,-1.2167168,-1.2129301,-1.2124393,-1.2118936,-1.2083038,-1.1991916,-1.1958958,-1.1926094,-1.1889423,-1.1835409,-1.1829801,-1.1799426,-1.1795862,-1.1684643,-1.1649592,-1.1634573,-1.1572279,-1.1530344,-1.151351,-1.149553,-1.1447275,-1.1355612,-1.1356235,-1.1328148,-1.1307147,-1.1269476,-1.1220739,-1.1180259,-1.1132532,-1.1091089,-1.102514,-1.096148
20,-0.9202064,-0.9231161,-0.92060506,-0.92270577,-0.9249321,-0.92532843,-0.9243604,-0.9220909,-0.9242924,-0.924596,-0.9234845,-0.9201686,-0.92057,-0.9154722,-0.916599,-0.91959465,-0.92022973,-0.9195322,-0.91997814,-0.9234641,-0.9221466,-0.92249554,-0.9217164,-0.91670513,-0.9173315,-0.9190284,-0.9209043,-0.9199651,-0.9216709,-0.9228145,-0.92287856,-0.9241182,-0.92599213,-0.92336625,-0.92499524,-0.928682,-0.9299676,-0.9308971,-0.9301052,-0.9309577,-0.92986155,-0.9334518,-0.9344106,-0.9340432,-0.9338953,-0.9328993,-0.93408585,-0.93617564,-0.93747985,-0.9392172,-0.93698835,-0.9353941,-0.93488437,-0.93711585,-0.9414077,-0.94334376,-0.94375306,-0.9429042,-0.9419835,-0.9441384,-0.9452585,-0.9465585,-0.94717723,-0.94811666,-0.94749385,-0.9453454,-0.9480543,-0.9482788,-0.9489422,-0.94766283,-0.94929665,-0.95030147,-0.9497212,-0.9492237,-0.9502593,-0.9517687,-0.9522034,-0.95191205,-0.9535502,-0.9520567,-0.9519523,-0.9535278,-0.9525421,-0.95490897,-0.95410645,-0.95476073,-0.9559881,-0.95609206,-0.95886487,-0.9592457,-0.9576484,-0.9556319,-0.9567622,-0.95538485,-0.95724165,-0.9574544,-0.9580413,-0.9566863,-0.95911807,-0.9593334,-0.9596626,-0.9555583,-0.9546574,-0.9562103,-0.95560014,-0.9556513,-0.95329964,-0.9553871,-0.958128,-0.9540539,-0.9577754,-0.9581768,-0.9567083,-0.95770025,-0.9568691,-0.9568985,-0.95535105,-0.95164776,-0.94833964,-0.9483105
21,0.7003037,0.68878853,0.6743384,0.66521585,0.65310776,0.6401531,0.63236964,0.61876667,0.6093813,0.60310686,0.5922793,0.5844999,0.57803106,0.56607574,0.55820274,0.54789984,0.5407909,0.53198564,0.5233587,0.5114986,0.5014132,0.49588785,0.4872965,0.47686067,0.4658889,0.45751128,0.45175824,0.44477385,0.43988276,0.43532696,0.42676863,0.41844264,0.40861654,0.39883205,0.38956675,0.38320857,0.37478438,0.36826807,0.3598441,0.3520494,0.3449713,0.33671555,0.32919553,0.32100728,0.31223303,0.30576468,0.29852158,0.28963757,0.2814399,0.27301925,0.2675302,0.2584573,0.2504819,0.24290112,0.23429565,0.22664991,0.22013071,0.2125789,0.20658663,0.20128337,0.1943922,0.18652454,0.17701447,0.1689384,0.16075501,0.14976515,0.13978235,0.13063344,0.12138132,0.11354841,0.104812846,0.09671964,0.08943419,0.08208574,0.07198159,0.06254263,0.05534436,0.046282146,0.035143472,0.02881901,0.024262378,0.01632154,0.009712736,0.0010232672,-0.0067188665,-0.012491578,-0.020466095,-0.026679274,-0.034924887,-0.04315207,-0.05113878,-0.055123914,-0.059738148,-0.06511059,-0.07336249,-0.08088724,-0.08885275,-0.09395628,-0.10339637,-0.11323617,-0.11799435,-0.12309104,-0.12802324,-0.13523398,-0.1438019,-0.1497663,-0.15670499,-0.16388483,-0.17121388,-0.17803594,-0.1859462,-0.19434184,-0.19842991,-0.2038594,-0.21085086,-0.21751936,-0.22480102,-0.23027341,-0.2372256,-0.24548379
22,0.09265417,0.08307616,0.07250189,0.06598164,0.057104558,0.05038597,0.042034872,0.036208443,0.029991213,0.024108008,0.017619168,0.013760684,0.010409681,0.0048078396,0.0015115977,-0.004317288,-0.008794038,-0.009779721,-0.017662507,-0.023957359,-0.029176142,-0.03631874,-0.039566062,-0.042974126,-0.04836578,-0.054644454,-0.058327414,-0.061622597,-0.06562157,-0.06995719,-0.074750856,-0.079686336,-0.08397211,-0.08543647,-0.09154773,-0.09553557,-0.10369285,-0.1085799,-0.11065765,-0.11324565,-0.11539465,-0.11905366,-0.12038962,-0.12345575,-0.12647031,-0.1306452,-0.13390504,-0.13918994,-0.14730205,-0.15156697,-0.15325238,-0.15687391,-0.15986307,-0.16099453,-0.16377567,-0.16732924,-0.1724957,-0.17799334,-0.18165627,-0.18415068,-0.18878445,-0.19208096,-0.19884154,-0.20241837,-0.20409605,-0.20795973,-0.2096746,-0.21455708,-0.21828571,-0.22132249,-0.22501388,-0.22900192,-0.23197322,-0.23553197,-0.23855618,-0.24496022,-0.24769647,-0.25284895,-0.25894916,-0.25894636,-0.26270518,-0.26663047,-0.2697657,-0.27458486,-0.27588114,-0.2778358,-0.28033656,-0.28228503,-0.28387135,-0.2842434,-0.28630728,-0.2898156,-0.28703934,-0.2884187,-0.2925548,-0.29601598,-0.29993194,-0.30250672,-0.30562192,-0.30406535,-0.306631,-0.30362615,-0.3046473,-0.3083591,-0.3105613,-0.3106163,-0.31320682,-0.31647518,-0.31717455,-0.31780455,-0.3232407,-0.32431626,-0.32457995,-0.32433373,-0.327527,-0.33202663,-0.32873422,-0.32657558,-0.32424122,-0.32700688
23,0.5052934,0.5001669,0.49607405,0.4911793,0.48433256,0.47650576,0.46935043,0.462384,0.4608901,0.45553535,0.45223904,0.44628438,0.44078884,0.43257767,0.43012458,0.42487916,0.4218337,0.41804415,0.4148074,0.41233653,0.40963998,0.40905857,0.406385,0.4025189,0.3994028,0.39652902,0.3959697,0.3934533,0.39072078,0.38957492,0.38623494,0.38528526,0.3850084,0.384393,0.3842838,0.383197,0.38057476,0.38075286,0.3806427,0.37820187,0.37581113,0.37501365,0.37485227,0.3731858,0.36977905,0.3690284,0.3660643,0.3632036,0.36377,0.36226732,0.36393893,0.36053136,0.35845545,0.3535716,0.35250992,0.35199967,0.35192028,0.3509243,0.35001153,0.34894738,0.34752077,0.34646684,0.34465176,0.34454772,0.3424015,0.34242088,0.34180284,0.34337905,0.3442652,0.3489148,0.35002065,0.35009667,0.35051465,0.35011983,0.35068867,0.34929374,0.3495903,0.35063687,0.35010815,0.35187522,0.3520218,0.35128984,0.34972683,0.35080922,0.35133022,0.35081005,0.35052842,0.3496675,0.35174954,0.3522771,0.35280845,0.35015497,0.35112068,0.35049802,0.34844884,0.35004017,0.34817165,0.3507215,0.3516118,0.34982502,0.3489741,0.34997457,0.3516367,0.35124665,0.35246634,0.35136774,0.35011387,0.3493602,0.35094094,0.3494375,0.35008535,0.3500656,0.3492952,0.35129622,0.34954515,0.34981668,0.3487896,0.34812507,0.34981102,0.35011613
24,0.6984381,0.69166386,0.682804,0.6725148,0.66033477,0.6463634,0.6365302,0.6246723,0.6177789,0.6087174,0.59946764,0.5902145,0.5820695,0.57187265,0.56591725,0.5564426,0.54730976,0.53450763,0.5268248,0.52303946,0.52013946,0.51502913,0.5066656,0.50004053,0.49640042,0.4891681,0.48245215,0.476952,0.47412616,0.4663909,0.46061236,0.45591158,0.4526201,0.45043302,0.4459663,0.441186,0.43674642,0.43262824,0.4285907,0.4243319,0.41915312,0.41498095,0.41117373,0.40828782,0.39889994,0.39248094,0.38790053,0.3807376,0.37517458,0.36928612,0.36763558,0.36135006,0.35732284,0.3496413,0.34640592,0.34399098,0.34087294,0.33860114,0.33766374,0.33240467,0.32576966,0.32186332,0.31802276,0.31358188,0.30776122,0.3057641,0.30172166,0.29898936,0.2960829,0.29432765,0.2891243,0.28343987,0.28077894,0.2753516,0.27258652,0.2683906,0.2625013,0.25726292,0.2513396,0.24947885,0.24431002,0.23994634,0.23766986,0.23505604,0.23258154,0.22762021,0.22335401,0.21961331,0.21411733,0.21107805,0.2055895,0.20135398,0.19870502,0.19337589,0.19028467,0.18623084,0.1838588,0.18023974,0.17524011,0.17227091,0.16688329,0.1657053,0.16210969,0.15650252,0.1493612,0.14213091,0.13818333,0.13329743,0.12524603,0.12077837,0.11621331,0.11219804,0.11103872,0.107754275,0.1023355,0.10033704,0.0977175,0.09217031,0.08925759,0.081317164
25,0.8129672,0.80056524,0.78229666,0.76941836,0.75523233,0.7423613,0.73131406,0.72360116,0.7108289,0.69910675,0.6881321,0.67736983,0.668517,0.65726054,0.64904904,0.64021266,0.6299602,0.6161481,0.60789156,0.5975276,0.5907896,0.58153284,0.5729018,0.5636061,0.5559397,0.54820853,0.53986907,0.5309104,0.5219768,0.5138608,0.5075803,0.4975515,0.49232203,0.48623347,0.4798936,0.47382054,0.4668147,0.46248212,0.45380703,0.44772798,0.44009072,0.43329793,0.42646718,0.414501,0.40583128,0.39927468,0.39118356,0.38242143,0.37538558,0.37038976,0.36911124,0.36458653,0.35791463,0.34911826,0.3398366,0.3364348,0.33113664,0.32397488,0.31526256,0.30807653,0.30282328,0.29380977,0.28766567,0.28262147,0.2732702,0.26666844,0.25843233,0.25027555,0.24313137,0.2355093,0.22683719,0.21924813,0.21453586,0.2097667,0.20272318,0.19743161,0.19210759,0.18554375,0.18162067,0.17601584,0.17037526,0.1632814,0.15544364,0.14608674,0.1378919,0.13084725,0.12493441,0.11564201,0.11037655,0.10114548,0.097044125,0.091090605,0.08676554,0.07841165,0.077430084,0.07057552,0.06522916,0.060352046,0.05527528,0.049402602,0.041342814,0.041548204,0.036697682,0.029497286,0.026030406,0.018878307,0.011661439,0.00751504,-1.7712824e-05,-0.0027267202,-0.011044338,-0.016621616,-0.023894846,-0.028752308,-0.034512963,-0.04030324,-0.048778918,-0.05600535,-0.06554277,-0.07524266
26,0.023602547,0.018953562,0.0143044265,0.009316777,0.0045348303,-0.0013442275,-0.009630381,-0.014672546,-0.018774634,-0.026532978,-0.028367471,-0.033955395,-0.03583464,-0.039377984,-0.044785284,-0.0482654,-0.052607812,-0.059874754,-0.06463826,-0.06722835,-0.068486094,-0.070556864,-0.06973143,-0.07338082,-0.076287456,-0.08235667,-0.08750449,-0.092777565,-0.090535045,-0.092690505,-0.09614915,-0.100523375,-0.10229585,-0.10203872,-0.103623584,-0.10732521,-0.11167234,-0.11584191,-0.11875071,-0.12126763,-0.1265682,-0.1292345,-0.1337212,-0.13446178,-0.13522142,-0.13673791,-0.14272898,-0.14692998,-0.1494852,-0.15299532,-0.15515564,-0.1565351,-0.15717357,-0.16099805,-0.16617034,-0.16971934,-0.17177615,-0.17236593,-0.17505938,-0.17758963,-0.18421021,-0.1886746,-0.19170807,-0.1949169,-0.19718684,-0.20330986,-0.20572639,-0.2084475,-0.21144898,-0.21501136,-0.21709308,-0.22159176,-0.22346437,-0.22573666,-0.22847669,-0.23100272,-0.2359797,-0.23945074,-0.24148795,-0.24440956,-0.2476956,-0.25090662,-0.25458986,-0.2572197,-0.25994003,-0.2664769,-0.27079222,-0.27530244,-0.27928254,-0.28278702,-0.28933987,-0.29191872,-0.29687655,-0.3020894,-0.30154184,-0.30332616,-0.30768612,-0.3121109,-0.3152449,-0.32041746,-0.32808128,-0.3264928,-0.32993305,-0.3349346,-0.33964115,-0.34359908,-0.34768018,-0.35255903,-0.35591364,-0.35722455,-0.36165023,-0.36185282,-0.36643463,-0.37084597,-0.3772346,-0.38050026,-0.38560098,-0.38887846,-0.3939334,-0.39886934
27,1.1805327,1.1715534,1.1607794,1.1465657,1.1356087,1.1291618,1.1186533,1.1087066,1.0992057,1.0932605,1.0828978,1.0742365,1.0648421,1.0538734,1.0481964,1.0410106,1.0337387,1.0235953,1.0181575,1.0101545,1.0030445,0.99696004,0.9880341,0.9821515,0.97929966,0.9735834,0.9644543,0.9570122,0.9493071,0.9432043,0.93644685,0.92782843,0.921049,0.91566163,0.91125965,0.90444165,0.8972155,0.8920666,0.88469446,0.8787738,0.8701776,0.8647639,0.8516119,0.8450054,0.8385865,0.8301042,0.8240465,0.8182794,0.8117674,0.8048072,0.8004977,0.79275,0.78568095,0.7788181,0.7722822,0.76545066,0.7588366,0.7507562,0.74543846,0.74432915,0.73834497,0.7308495,0.72455114,0.71772414,0.71384645,0.70862126,0.70018035,0.6951705,0.68795204,0.68224907,0.6722635,0.6655687,0.66365206,0.65396816,0.6513034,0.64358807,0.6382329,0.6318145,0.62729514,0.6191493,0.61143255,0.6054596,0.59920007,0.588977,0.5836941,0.57595795,0.57156354,0.56453025,0.5592132,0.5522193,0.54534185,0.54175043,0.5382572,0.53409487,0.52819914,0.5223737,0.5159932,0.511028,0.50462466,0.49912494,0.49319428,0.4857606,0.4817772,0.47756997,0.47242293,0.4662128,0.45929345,0.4560639,0.44956714,0.4434865,0.43604827,0.4285563,0.42292428,0.4203518,0.41625398,0.4113697,0.40645295,0.40009475,0.39548558,0.39253676
28,1.0089482,1.0038363,0.99926364,0.9899232,0.98364294,0.97781575,0.9762165,0.97238666,0.9683484,0.96328247,0.95688295,0.9541416,0.9453022,0.941061,0.93446577,0.9317729,0.9300777,0.9213991,0.918458,0.9128254,0.9068575,0.9027473,0.8987688,0.8944826,0.891204,0.8841484,0.87961185,0.8765338,0.8720169,0.8684915,0.8647766,0.8595747,0.8576194,0.85294855,0.85016316,0.8473364,0.84373885,0.8417616,0.837947,0.837216,0.8344835,0.8309511,0.82495946,0.82015723,0.81358415,0.8096261,0.80674505,0.805999,0.8029026,0.7974352,0.7920144,0.7859562,0.7824652,0.7784723,0.7720588,0.7677812,0.76536685,0.7589258,0.7549387,0.75337344,0.75335515,0.75021094,0.7426459,0.7395098,0.7392916,0.7375905,0.73248106,0.72873884,0.7251022,0.72380507,0.7205557,0.7151369,0.71171147,0.70408595,0.7023877,0.69549334,0.69374025,0.68980473,0.68527144,0.679465,0.6741773,0.6696917,0.6667818,0.6585983,0.6575205,0.6529697,0.64814794,0.6470671,0.6440028,0.6419297,0.6382755,0.636453,0.6317085,0.62601435,0.6227461,0.61917704,0.6133103,0.60818803,0.6080121,0.600278,0.59551513,0.5915225,0.5893223,0.5829917,0.57553613,0.5703207,0.5660747,0.5640175,0.56032354,0.5587672,0.5537399,0.5508767,0.5460532,0.5431081,0.5389811,0.5345957,0.53044975,0.527277,0.52321833,0.5203865
29,1.2560718,1.2531097,1.2433995,1.2366319,1.2332444,1.2257853,1.2229434,1.2196162,1.2167045,1.2137963,1.2087185,1.205808,1.2025323,1.195925,1.1943095,1.1928787,1.1894996,1.1812133,1.1796213,1.1758754,1.1741626,1.172394,1.1756542,1.1726736,1.1723195,1.1713628,1.1668447,1.1652019,1.166918,1.168053,1.1653467,1.1616756,1.1589643,1.1588995,1.1578162,1.1559125,1.1550086,1.1522734,1.1506485,1.1485145,1.1458557,1.1439433,1.1375442,1.1329803,1.1302063,1.1268114,1.1238979,1.1237736,1.1236122,1.1199123,1.11625,1.1125555,1.1097662,1.1043675,1.1018597,1.09883,1.0991217,1.0969152,1.0927215,1.0909889,1.0873802,1.083347,1.081795,1.0790821,1.0783231,1.0759207,1.0722969,1.0710068,1.0700353,1.071171,1.0689633,1.0640742,1.062058,1.0606302,1.0573533,1.0562147,1.0546458,1.0513319,1.0505207,1.0481716,1.0466664,1.0458734,1.04493,1.0427783,1.0429487,1.0412014,1.0380319,1.035476,1.0300184,1.0274271,1.02286,1.0198281,1.0187814,1.0165317,1.0132277,1.0118635,1.0129642,1.0091118,1.0068874,0.9967642,0.99377215,0.9883684,0.9872168,0.98566043,0.9850771,0.98330355,0.9790147,0.97709084,0.9736821,0.9722557,0.96742123,0.9672335,0.96629333,0.9626363,0.9594717,0.95633495,0.9542858,0.951547,0.9497102,0.948294
30,1.596409,1.5753186,1.5417066,1.516093,1.4886842,1.4666172,1.4420793,1.4171762,1.3945318,1.3729336,1.35154,1.3297688,1.3095162,1.2795566,1.2624104,1.2419854,1.220594,1.1985595,1.1838061,1.1618571,1.1443955,1.1303017,1.1112225,1.0936158,1.07138,1.0545261,1.037565,1.020125,0.99969053,0.98228514,0.9703466,0.9547492,0.9418243,0.922447,0.90744066,0.8872179,0.87465763,0.8608445,0.84412754,0.82564104,0.812384,0.79706377,0.7812194,0.76259714,0.74244916,0.7284449,0.71370137,0.69444853,0.67672473,0.66097593,0.6481964,0.63352597,0.6207205,0.6028692,0.58952653,0.5711378,0.55969584,0.54620284,0.53047574,0.5147274,0.49999928,0.48610014,0.47333664,0.45817083,0.44425306,0.42614943,0.41034037,0.39314494,0.38026705,0.36697894,0.3511628,0.34007573,0.32217717,0.30697832,0.28475797,0.27316737,0.2568396,0.24530299,0.23121592,0.21391614,0.20231962,0.18745613,0.17412159,0.15759036,0.14225268,0.12812957,0.1133012,0.1006673,0.09069896,0.07784832,0.061175954,0.047938023,0.037563942,0.026739025,0.013286747,-0.00039530097,-0.013581604,-0.027160887,-0.040351126,-0.049575362,-0.06306821,-0.07511215,-0.085976794,-0.09889475,-0.11478796,-0.12680207,-0.14295714,-0.15593144,-0.17086656,-0.18389836,-0.19674599,-0.20971796,-0.22357318,-0.23352492,-0.2458973,-0.25719658,-0.26785213,-0.27817684,-0.28749982,-0.3036823
31,-0.84558856,-0.86348945,-0.8815834,-0.89213735,-0.89704674,-0.90781754,-0.9226717,-0.9303964,-0.9461357,-0.9501855,-0.9612977,-0.97258234,-0.9832159,-0.99362123,-1.0003595,-1.008692,-1.0184427,-1.0284412,-1.0345414,-1.0466716,-1.0543064,-1.0647451,-1.0738865,-1.0804131,-1.0883216,-1.0960262,-1.101175,-1.1074669,-1.1164367,-1.1239929,-1.1306033,-1.136853,-1.1437787,-1.150109,-1.1609678,-1.1705476,-1.1741921,-1.1793282,-1.1865427,-1.1947925,-1.2019374,-1.2093792,-1.2159107,-1.2219651,-1.2304633,-1.2373478,-1.2405155,-1.2499517,-1.2614485,-1.2696056,-1.2711648,-1.277806,-1.2821629,-1.2878085,-1.2954878,-1.302799,-1.3047523,-1.3090976,-1.3129914,-1.3176509,-1.3201631,-1.3246775,-1.3294027,-1.3326784,-1.3372592,-1.3428048,-1.3489598,-1.3530042,-1.3575417,-1.358117,-1.3625306,-1.3676507,-1.3762282,-1.3786398,-1.3870387,-1.391505,-1.395895,-1.4004953,-1.4076267,-1.4085664,-1.410836,-1.4151251,-1.4201334,-1.4277549,-1.4302652,-1.4364659,-1.4420311,-1.439558,-1.4395595,-1.4444013,-1.4490701,-1.449254,-1.4483544,-1.4488986,-1.4555068,-1.4588196,-1.4608395,-1.4590715,-1.4636037,-1.4607605,-1.4619077,-1.4587725,-1.4562943,-1.4575024,-1.4591789,-1.4650301,-1.4675276,-1.470055,-1.4750427,-1.4747602,-1.4748333,-1.4752676,-1.4762355,-1.4743471,-1.4729233,-1.4762493,-1.475729,-1.4788287,-1.4759767,-1.4810946
32,-1.2596253,-1.2541536,-1.2439998,-1.237162,-1.231599,-1.2241924,-1.2220731,-1.2173364,-1.210927,-1.2061332,-1.2020233,-1.2017205,-1.1969451,-1.1822685,-1.1817148,-1.1796682,-1.1786243,-1.1739175,-1.1727269,-1.1682796,-1.1621325,-1.1599544,-1.1601452,-1.1525717,-1.1480153,-1.1459591,-1.138847,-1.1347121,-1.1310035,-1.1305777,-1.1295068,-1.1285249,-1.1258366,-1.1196854,-1.1221796,-1.1198311,-1.1187303,-1.1175224,-1.1144001,-1.1113722,-1.1078452,-1.1075556,-1.1026447,-1.0982769,-1.0958335,-1.0885594,-1.0878332,-1.0862129,-1.0865687,-1.0845883,-1.0832045,-1.077007,-1.074738,-1.0726496,-1.0735441,-1.0725138,-1.0703791,-1.0695218,-1.0624216,-1.062118,-1.0583441,-1.0576766,-1.0553808,-1.0553387,-1.0548592,-1.0536454,-1.0523556,-1.0510408,-1.0517399,-1.0517619,-1.0506675,-1.0485623,-1.0455942,-1.0440242,-1.0396335,-1.036483,-1.0326631,-1.0312937,-1.0270929,-1.0238346,-1.0268915,-1.0255817,-1.0242456,-1.024862,-1.0214468,-1.018238,-1.0188437,-1.0180598,-1.0150588,-1.015587,-1.0156573,-1.0159448,-1.012132,-1.0096118,-1.0089767,-1.0082182,-1.0056351,-1.0050752,-1.0066549,-1.0004673,-0.9999424,-0.99682045,-0.9944399,-0.9959984,-0.9943455,-0.9933318,-0.98925054,-0.9907964,-0.99025756,-0.98695964,-0.9873661,-0.9856163,-0.9860014,-0.98305875,-0.9834426,-0.98186636,-0.9782542,-0.973079,-0.9694001,-0.9700306
33,-1.4966148,-1.4952875,-1.4939878,-1.4963231,-1.4962151,-1.4966211,-1.4990999,-1.4999201,-1.5011716,-1.5020106,-1.5057986,-1.5094923,-1.506513,-1.4989272,-1.5022241,-1.5039498,-1.5076969,-1.5060487,-1.5094469,-1.5080096,-1.5074112,-1.5078034,-1.514005,-1.5078741,-1.5091122,-1.5118669,-1.5070897,-1.5042661,-1.5030793,-1.5068398,-1.5117686,-1.5086032,-1.5124557,-1.5136733,-1.5186627,-1.5189468,-1.522103,-1.5255146,-1.5262665,-1.5262884,-1.5270779,-1.5283275,-1.526141,-1.5240968,-1.5250231,-1.5241238,-1.5275787,-1.5304124,-1.5352169,-1.5363543,-1.5354271,-1.5336956,-1.5349509,-1.534683,-1.5372598,-1.5414739,-1.5427989,-1.5461859,-1.5444771,-1.5442784,-1.5460647,-1.5506575,-1.553799,-1.557337,-1.5598416,-1.5619687,-1.5602484,-1.5609165,-1.5641097,-1.5633612,-1.5641456,-1.5648258,-1.5640504,-1.5662374,-1.5694721,-1.5693135,-1.5691426,-1.570402,-1.5668231,-1.5633135,-1.5676825,-1.5700312,-1.5691211,-1.5728605,-1.57311,-1.5696484,-1.5745562,-1.5768902,-1.5757707,-1.5775229,-1.5818619,-1.5850066,-1.5851223,-1.5849096,-1.5870305,-1.5877936,-1.5896926,-1.5883645,-1.5919852,-1.590779,-1.5929635,-1.58776,-1.589618,-1.5907329,-1.5930265,-1.5911227,-1.5887493,-1.5932205,-1.5961494,-1.5959178,-1.5964838,-1.5988255,-1.6043745,-1.6058128,-1.6076221,-1.611542,-1.6109178,-1.6098932,-1.6068233,-1.6108825
34,1.2956952,1.2997705,1.2899077,1.2842335,1.2776661,1.272571,1.2698463,1.2631625,1.2597476,1.2542434,1.2499043,1.2425404,1.2399654,1.2355149,1.2286154,1.2225662,1.217984,1.2104486,1.2062263,1.2040194,1.2008337,1.1936575,1.1915396,1.1887276,1.1857179,1.1803182,1.1763852,1.1745832,1.172365,1.1706194,1.1661766,1.161206,1.1584446,1.1541269,1.150106,1.1474733,1.143142,1.1406661,1.1370585,1.1333251,1.1261187,1.1236663,1.1159173,1.1071393,1.1052105,1.0998476,1.0948982,1.0914743,1.0866481,1.0827601,1.0806437,1.0791825,1.0738928,1.0709162,1.0660245,1.0631037,1.0618023,1.0595043,1.0538391,1.0517514,1.0480688,1.0439609,1.0410805,1.0338209,1.027814,1.0217462,1.016047,1.0107048,1.005328,0.9997799,0.99853307,0.9941394,0.99243087,0.98631924,0.9808159,0.9781736,0.97316706,0.97009706,0.968826,0.96262425,0.957791,0.9531393,0.9496137,0.9440796,0.9445575,0.9397025,0.9366478,0.9319397,0.92788535,0.92513597,0.9203749,0.9181038,0.913276,0.90823877,0.90539837,0.9034742,0.9052812,0.9004305,0.8961147,0.89204675,0.8902178,0.88182306,0.8782171,0.8766626,0.87282956,0.869806,0.86645746,0.86357516,0.8611593,0.85950136,0.85384065,0.8509472,0.8479632,0.8443476,0.83855695,0.8385385,0.83547914,0.8325734,0.8335517,0.8296914
35,-0.21468428,-0.21359554,-0.21177156,-0.20769414,-0.20851545,-0.20682268,-0.20888317,-0.20741913,-0.20493284,-0.20486012,-0.2046438,-0.20576152,-0.2035486,-0.20020679,-0.2027765,-0.20640585,-0.20694053,-0.20795436,-0.21032159,-0.21010378,-0.21124902,-0.21127029,-0.2104567,-0.21170716,-0.21576926,-0.21749477,-0.21233125,-0.21179199,-0.21156125,-0.21337894,-0.21430428,-0.21276066,-0.21309559,-0.2140899,-0.21334343,-0.2138932,-0.21517678,-0.21472704,-0.21246079,-0.21259125,-0.21419387,-0.21259415,-0.21234338,-0.21087897,-0.21041267,-0.20768817,-0.20856944,-0.21005464,-0.21241462,-0.21167667,-0.21258178,-0.21359849,-0.21321931,-0.21287446,-0.21277793,-0.21274057,-0.21220759,-0.2107927,-0.21285972,-0.21170083,-0.21228841,-0.21458316,-0.2166473,-0.22027683,-0.22211225,-0.22190619,-0.2231575,-0.22570582,-0.22815101,-0.22544849,-0.22400804,-0.2231901,-0.2226768,-0.221403,-0.22052535,-0.22123341,-0.22102769,-0.22169736,-0.21796866,-0.21707833,-0.21787336,-0.2172766,-0.21684496,-0.21490034,-0.21487232,-0.21246874,-0.21289417,-0.2151045,-0.21598737,-0.21398826,-0.21632615,-0.21736416,-0.21936178,-0.22046752,-0.21993008,-0.22123596,-0.21924384,-0.22004168,-0.22005191,-0.21743271,-0.21841323,-0.21963818,-0.22015905,-0.21906276,-0.21851215,-0.2189906,-0.2198381,-0.22138755,-0.2216082,-0.21755044,-0.21824522,-0.2170889,-0.21873459,-0.21825834,-0.2200288,-0.22125459,-0.22025771,-0.21926944,-0.21804872,-0.21832936
36,0.5341101,0.5400598,0.54132026,0.54566437,0.54190004,0.5406578,0.5436922,0.5461434,0.55047935,0.5500213,0.5495107,0.5487662,0.5489117,0.55853474,0.5593667,0.5615482,0.5633,0.56426954,0.5688467,0.5752455,0.5800457,0.5827905,0.5850568,0.585792,0.58991843,0.59255826,0.5963026,0.60166025,0.602968,0.6051868,0.60842574,0.6131939,0.61928165,0.62403804,0.6284236,0.6366625,0.64052427,0.64695096,0.6508397,0.6543647,0.6567617,0.6625782,0.6655878,0.66667575,0.6735343,0.6793929,0.68500924,0.6909983,0.6963085,0.7028979,0.7081367,0.71733636,0.7215285,0.72765505,0.73498976,0.74003625,0.7487361,0.7572804,0.7642159,0.7714977,0.7788862,0.7840804,0.79052633,0.7934094,0.79716504,0.80026656,0.80697215,0.81089795,0.8151743,0.8204037,0.8264472,0.8307973,0.8371542,0.84264404,0.8494338,0.8568724,0.86294353,0.8700347,0.87833387,0.8821456,0.8870863,0.8953701,0.8981558,0.9038259,0.91137314,0.92007864,0.92793787,0.9338314,0.93949443,0.9453028,0.95026195,0.9593334,0.9652956,0.9733122,0.97960436,0.9878327,0.9991611,1.0069448,1.0154543,1.0215895,1.0279422,1.0299919,1.039726,1.0455635,1.0530448,1.0623147,1.0715721,1.080466,1.0902597,1.1027652,1.1107922,1.1188407,1.1278698,1.1348283,1.1426575,1.1551607,1.1656786,1.1756438,1.1869643,1.1950301
37,0.28850076,0.29310736,0.2931382,0.29484022,0.29166698,0.28811738,0.2873339,0.28412133,0.28313914,0.28309906,0.2836017,0.2803524,0.2801897,0.2751965,0.2723776,0.2691395,0.26523197,0.25925082,0.25906414,0.26046556,0.26054898,0.25904673,0.25785348,0.25803405,0.26012513,0.25723746,0.25750345,0.2576639,0.25726402,0.25721496,0.25636137,0.25809434,0.26118714,0.25696597,0.25817686,0.25948596,0.25716293,0.25781146,0.2574026,0.25710958,0.2559206,0.25744224,0.25875288,0.2594131,0.25481185,0.25409353,0.25100744,0.2512749,0.24890108,0.25047103,0.24465518,0.24231592,0.23833258,0.2375103,0.23844695,0.23551004,0.23775856,0.23859513,0.23499413,0.23610869,0.23348336,0.23084137,0.23091216,0.22965086,0.22449787,0.22134563,0.2212565,0.2180012,0.21471839,0.2124315,0.21292496,0.21211047,0.2128545,0.2131248,0.210514,0.211566,0.2155977,0.21690246,0.21699843,0.21510442,0.21230415,0.20872144,0.20553108,0.20028794,0.19606152,0.19478051,0.18886146,0.18406601,0.18213895,0.17617092,0.1731376,0.1703696,0.167674,0.16332495,0.15948376,0.15484552,0.15337615,0.15033844,0.14677551,0.1422784,0.13729021,0.13306728,0.12632659,0.124754325,0.12064342,0.116196595,0.11211606,0.107032254,0.1017895,0.10199209,0.09774066,0.096599914,0.089921586,0.0855552,0.08062997,0.075168535,0.070105016,0.06458542,0.063589334,0.057824265
38,-0.28260636,-0.27802992,-0.26821572,-0.26324257,-0.25687265,-0.25567386,-0.25325218,-0.25101417,-0.25036162,-0.24609856,-0.243378,-0.24216945,-0.23624495,-0.23368411,-0.23136285,-0.23009057,-0.22663394,-0.22225341,-0.21941058,-0.21479467,-0.21024838,-0.2036696,-0.1998007,-0.20002505,-0.19703725,-0.19362545,-0.18696627,-0.18308043,-0.17948472,-0.17721482,-0.17388427,-0.16927089,-0.16753325,-0.16509493,-0.16071734,-0.15516415,-0.15237191,-0.15010618,-0.1474076,-0.14654246,-0.1435014,-0.13965951,-0.13748139,-0.13556665,-0.13353375,-0.12949596,-0.124441765,-0.12099701,-0.11831661,-0.11534504,-0.11211345,-0.106246576,-0.103028156,-0.09902324,-0.09717065,-0.094694205,-0.09090176,-0.08740397,-0.08325185,-0.08032693,-0.0742444,-0.07433572,-0.07303257,-0.07298833,-0.071180634,-0.06753779,-0.06591673,-0.06358821,-0.06234646,-0.06015693,-0.0586429,-0.058135957,-0.054221354,-0.05341072,-0.05341249,-0.052148055,-0.048645984,-0.04656177,-0.042018317,-0.039824717,-0.038501076,-0.037097894,-0.035192244,-0.035145916,-0.031922888,-0.030893367,-0.03007724,-0.030740563,-0.026655653,-0.02336008,-0.022208124,-0.023190577,-0.02002531,-0.018647034,-0.013548295,-0.008704466,-0.0047254795,-0.0006331701,0.00081044587,0.0029383432,0.0024020604,0.0049612583,0.007162376,0.008914435,0.011313465,0.012706052,0.01936936,0.021677718,0.02496016,0.028441463,0.028548682,0.03287612,0.034425627,0.035047073,0.035838593,0.036551505,0.036535427,0.037053987,0.040171463,0.041064434
39,-0.023957413,-0.022365363,-0.022772666,-0.024568329,-0.026912201,-0.030348191,-0.037471347,-0.041544534,-0.047520027,-0.050685834,-0.05299269,-0.054462254,-0.056359548,-0.06127838,-0.06503841,-0.06803708,-0.072620146,-0.0747148,-0.078022495,-0.07998572,-0.08309056,-0.08507824,-0.09064122,-0.09518529,-0.09755797,-0.10128506,-0.10382867,-0.10918437,-0.109284624,-0.11410143,-0.1161103,-0.12005077,-0.12022816,-0.12563616,-0.12857689,-0.1325091,-0.13483961,-0.13746592,-0.13871923,-0.13992584,-0.1431878,-0.14562781,-0.14656813,-0.14714491,-0.14816621,-0.1500701,-0.15326329,-0.15715018,-0.1616812,-0.165254,-0.16942346,-0.1704583,-0.17139626,-0.17575997,-0.17750211,-0.18192236,-0.18413262,-0.18701985,-0.18914476,-0.1884388,-0.19139299,-0.1975233,-0.20014763,-0.20282087,-0.2099138,-0.21340819,-0.21728706,-0.2174112,-0.21953937,-0.22013478,-0.22149596,-0.22520785,-0.22520319,-0.22932732,-0.23394506,-0.23742664,-0.24322541,-0.24275291,-0.24392056,-0.24679103,-0.25190312,-0.2562393,-0.25979087,-0.26244122,-0.26365724,-0.26510042,-0.26894176,-0.27170268,-0.2745308,-0.27817723,-0.28241533,-0.29005218,-0.29149926,-0.29496425,-0.29559237,-0.29502657,-0.29825008,-0.30181283,-0.30578154,-0.30577445,-0.31217828,-0.3162631,-0.32066798,-0.32590896,-0.32965225,-0.33408356,-0.33643305,-0.33967724,-0.34043327,-0.33950427,-0.34365648,-0.34937233,-0.35359105,-0.3550561,-0.35913402,-0.36454758,-0.36801565,-0.37479022,-0.37358594,-0.37610072
40,0.05743874,0.04134476,0.028369958,0.018014167,0.008812102,-0.0005440934,-0.01346394,-0.020908635,-0.027554024,-0.036506813,-0.0456386,-0.054171883,-0.056324054,-0.06419918,-0.06816006,-0.07531575,-0.083282486,-0.08703718,-0.09645767,-0.10364969,-0.11057593,-0.1143152,-0.118977726,-0.12480805,-0.13033073,-0.1359162,-0.14191215,-0.14735688,-0.15535027,-0.15884852,-0.16532594,-0.17438368,-0.18146822,-0.19191188,-0.19742714,-0.20669317,-0.21046045,-0.21814485,-0.22203222,-0.23141186,-0.23824143,-0.24311635,-0.25035653,-0.25591883,-0.26540324,-0.27140465,-0.277754,-0.28473356,-0.28944808,-0.2951805,-0.30064234,-0.30173883,-0.30596894,-0.310958,-0.31895596,-0.3276765,-0.33018166,-0.32997507,-0.3391441,-0.3433711,-0.35243133,-0.3578689,-0.3669343,-0.37484396,-0.38149413,-0.3866577,-0.38972017,-0.39125556,-0.39299554,-0.39703935,-0.39762715,-0.40186,-0.40369606,-0.40820822,-0.40850544,-0.41317075,-0.41753903,-0.42381915,-0.4288369,-0.43249726,-0.43818957,-0.44485736,-0.4504876,-0.45796832,-0.46229395,-0.46705788,-0.47132334,-0.47224933,-0.47649002,-0.47528672,-0.47627848,-0.48155507,-0.48601288,-0.49020514,-0.49622494,-0.50201213,-0.5099028,-0.51602757,-0.523026,-0.529286,-0.5358129,-0.5374329,-0.54270273,-0.54866797,-0.54788244,-0.5513792,-0.55539966,-0.5613969,-0.5661116,-0.57002383,-0.5771105,-0.5789746,-0.58412343,-0.5882647,-0.59559876,-0.5999054,-0.6082121,-0.6133543,-0.61843526,-0.62156373
41,0.06848353,0.06642256,0.065228775,0.060776897,0.056372263,0.051876236,0.05004946,0.04764024,0.0460052,0.043997724,0.04586134,0.042819142,0.039473362,0.042467274,0.041401878,0.040997673,0.041789956,0.038346,0.036833934,0.036823075,0.03992018,0.04075887,0.03917422,0.0405424,0.038453273,0.037712205,0.039210983,0.03872157,0.037967455,0.03612291,0.033429004,0.033726342,0.03279748,0.03455829,0.034077328,0.03627255,0.037240498,0.03536529,0.03524221,0.032858483,0.033845082,0.03190419,0.03438991,0.032631252,0.033720586,0.031837977,0.033073943,0.031081742,0.031873476,0.032420255,0.034887027,0.03512045,0.03393468,0.03498334,0.034638934,0.030823627,0.032534994,0.032415744,0.028930623,0.027683482,0.025801402,0.024636539,0.024951378,0.022771891,0.020324117,0.015528038,0.015548957,0.014386718,0.012684219,0.013304768,0.014982703,0.014035568,0.013555268,0.013462439,0.014353678,0.011609725,0.010862023,0.014212516,0.011509592,0.010552477,0.00771299,0.0076978854,0.0035571433,0.00236612,-0.00095084636,-9.797215e-05,-0.0012804603,0.00059627433,0.001925058,-0.0019924487,-0.0023926012,-0.002638209,-0.0037497343,-0.007036439,-0.006188245,-0.00755451,-0.00726185,-0.011092061,-0.013986844,-0.014658442,-0.014561528,-0.01622077,-0.020672437,-0.021913502,-0.023382876,-0.026796514,-0.02873905,-0.028315563,-0.026864186,-0.029336024,-0.03489077,-0.034262426,-0.034627136,-0.037854664,-0.036827054,-0.038972385,-0.040188126,-0.04241378,-0.043139882,-0.051304508
42,0.56279606,0.5535906,0.54283214,0.53496915,0.52722037,0.5189974,0.5079415,0.499914,0.4910195,0.48355135,0.47651845,0.46735352,0.45732218,0.45221096,0.4478038,0.43959206,0.43229443,0.42071518,0.41345596,0.40743375,0.4000997,0.39445502,0.38885993,0.3776239,0.37332585,0.3686804,0.3603437,0.35329363,0.3466038,0.34138235,0.3355711,0.32862097,0.32636628,0.321494,0.31762606,0.31118265,0.30526066,0.3015448,0.29632002,0.29382396,0.28867418,0.2839629,0.27820542,0.27438748,0.26962924,0.26585734,0.26177764,0.2551415,0.2507645,0.24693961,0.24088576,0.23399766,0.2290558,0.22322364,0.22004154,0.2147038,0.21309106,0.20992072,0.20831163,0.20687325,0.20406441,0.19874343,0.1956059,0.19186297,0.18344441,0.18176137,0.17676184,0.17148615,0.16796722,0.16634765,0.16069552,0.15754855,0.15722328,0.15431361,0.15229663,0.14908251,0.14454898,0.14181301,0.13947318,0.13671283,0.1321517,0.12685327,0.11963707,0.11514916,0.11218065,0.10816135,0.104527496,0.097736105,0.09683721,0.09463254,0.08989741,0.08634929,0.08352786,0.08116915,0.080575004,0.07900707,0.07589944,0.07347371,0.067471676,0.063166,0.05656762,0.050825678,0.047712006,0.045271557,0.041726857,0.038191367,0.03611343,0.032217596,0.028457453,0.026338214,0.023783645,0.015429194,0.0117537035,0.011426954,0.010236773,0.0077901715,0.0034001307,0.00035257675,0.0024672502,-0.004020906
43,-0.25008148,-0.25078517,-0.25147352,-0.25143388,-0.24854484,-0.24956557,-0.2534868,-0.25511402,-0.2554844,-0.26048493,-0.2646424,-0.26465386,-0.26141557,-0.2594714,-0.26117536,-0.26473242,-0.26677942,-0.26871115,-0.2702859,-0.27556005,-0.27378684,-0.2739274,-0.27194867,-0.2715254,-0.2744144,-0.2754935,-0.27892718,-0.27928764,-0.28070578,-0.2822702,-0.2870674,-0.2872106,-0.28642258,-0.2882254,-0.28932703,-0.29213196,-0.29561597,-0.29803833,-0.29665864,-0.29944614,-0.302895,-0.30438867,-0.30598903,-0.3036746,-0.30653355,-0.30902594,-0.30963954,-0.31190294,-0.31408,-0.31428474,-0.3119489,-0.313581,-0.3139268,-0.31755367,-0.3188707,-0.32081932,-0.32386562,-0.32548565,-0.32489845,-0.32434177,-0.32317105,-0.3269356,-0.32972163,-0.3302631,-0.32913285,-0.33091038,-0.33299395,-0.33353922,-0.33636576,-0.33748513,-0.33616826,-0.33715907,-0.3345963,-0.3398177,-0.33964172,-0.34197742,-0.3442353,-0.34694368,-0.34715644,-0.34889022,-0.35032716,-0.35165977,-0.35282508,-0.35726795,-0.35678345,-0.3593317,-0.36173108,-0.36348262,-0.36299577,-0.3637306,-0.36719236,-0.3681356,-0.3672651,-0.36702237,-0.36278623,-0.36420566,-0.36714903,-0.36692417,-0.3676185,-0.3694197,-0.37320113,-0.36814982,-0.37027413,-0.3715629,-0.37381852,-0.37718946,-0.37925485,-0.3822219,-0.38275483,-0.3801186,-0.3818416,-0.38471347,-0.38812417,-0.38919473,-0.39247423,-0.39490828,-0.39600128,-0.396002,-0.39338368,-0.39789852
44,-0.9506175,-0.9564007,-0.9602283,-0.96058905,-0.9671837,-0.9749671,-0.98429334,-0.99047107,-0.9923455,-0.9944571,-0.9950155,-0.9965224,-1.0017225,-1.0029508,-1.007745,-1.0140291,-1.0208023,-1.0223225,-1.028805,-1.0319798,-1.03669,-1.0403832,-1.0454409,-1.0465841,-1.0491644,-1.0534552,-1.0573536,-1.0628054,-1.0651007,-1.0707269,-1.0750935,-1.0746019,-1.0789664,-1.0811249,-1.0863297,-1.0930775,-1.0963056,-1.0989166,-1.103944,-1.1046579,-1.1065984,-1.1096189,-1.1063482,-1.1098225,-1.1142057,-1.1141514,-1.1161101,-1.1216965,-1.1278327,-1.1336551,-1.1361382,-1.1364514,-1.1391435,-1.1404055,-1.1448479,-1.1485186,-1.1514826,-1.1516904,-1.1521763,-1.1538862,-1.1561854,-1.1610626,-1.1649507,-1.1668377,-1.1704763,-1.1731542,-1.1750808,-1.1760995,-1.1760669,-1.1759422,-1.1790392,-1.1793468,-1.1811577,-1.1824374,-1.180601,-1.1855586,-1.1888641,-1.1924158,-1.1944056,-1.1926678,-1.1966531,-1.2002012,-1.2024658,-1.2047893,-1.2070603,-1.2058947,-1.2098274,-1.2091507,-1.2114826,-1.2144324,-1.2174059,-1.2175823,-1.2191783,-1.2190896,-1.222908,-1.2269528,-1.2292744,-1.2313579,-1.2344255,-1.2337868,-1.2374475,-1.232245,-1.2322993,-1.2339437,-1.2372305,-1.2393922,-1.2417481,-1.2455757,-1.2458907,-1.2503889,-1.2529233,-1.2550474,-1.2604964,-1.2609193,-1.2664171,-1.2683637,-1.2688234,-1.2684985,-1.2718122,-1.2760603
45,-0.041714754,-0.041659873,-0.044906635,-0.048022773,-0.049585927,-0.05203139,-0.05483041,-0.054788668,-0.053625267,-0.05502348,-0.054692745,-0.052927427,-0.051134914,-0.049909174,-0.048215073,-0.05064707,-0.051345307,-0.053552877,-0.054485537,-0.057132334,-0.054938894,-0.054086734,-0.055974595,-0.053276755,-0.05522272,-0.05518914,-0.046878003,-0.04541277,-0.042871974,-0.042177968,-0.043210544,-0.039070684,-0.038190026,-0.033843566,-0.031664297,-0.029789746,-0.027799785,-0.026679957,-0.023235131,-0.020101491,-0.020832364,-0.018422913,-0.018467102,-0.019558808,-0.017838497,-0.01850261,-0.018023543,-0.019363264,-0.019828446,-0.01910923,-0.014809286,-0.012369223,-0.010775735,-0.007832725,-0.008138763,-0.008783507,-0.0063230707,-0.0037195801,-0.0038273868,-0.0033772804,0.00039764773,-0.00074682076,-0.002493258,0.00060194137,0.0026602286,0.0016720407,0.003503662,0.0054331697,0.0059699556,0.010392767,0.011426998,0.015228148,0.01801773,0.018042674,0.019198649,0.023024563,0.026208546,0.027899597,0.028666843,0.03176296,0.034631062,0.036282122,0.03676411,0.03556343,0.03759432,0.042025317,0.0424864,0.045699447,0.047368392,0.046888754,0.049396582,0.05032695,0.055079143,0.05826838,0.06242294,0.06491331,0.064964935,0.06852975,0.06772329,0.07277858,0.07374436,0.07925467,0.081696354,0.082726166,0.08221102,0.08424612,0.08389704,0.08499877,0.08666779,0.09008558,0.08949841,0.09261917,0.09573873,0.09926697,0.09964386,0.101160206,0.105387524,0.1067696,0.1107166,0.10797857
46,-1.2230188,-1.222624,-1.2185427,-1.2119817,-1.2103379,-1.2118301,-1.2136142,-1.2151608,-1.2152094,-1.2156426,-1.2126335,-1.2151542,-1.212527,-1.2083479,-1.210792,-1.2119372,-1.2116609,-1.2133805,-1.2150439,-1.2163838,-1.2154849,-1.2155467,-1.2157599,-1.212789,-1.2107854,-1.2110153,-1.2066511,-1.2071049,-1.2086009,-1.2116616,-1.2150979,-1.2156209,-1.217046,-1.2168677,-1.2195642,-1.2206571,-1.2183317,-1.2216547,-1.2193466,-1.2182829,-1.2212919,-1.2225878,-1.2201755,-1.2227181,-1.2227079,-1.223888,-1.2247193,-1.2269996,-1.2306949,-1.2351849,-1.2365776,-1.2385184,-1.2386957,-1.2418001,-1.2450479,-1.2458307,-1.2483103,-1.2476094,-1.2463626,-1.2462745,-1.2481378,-1.2487342,-1.250528,-1.25258,-1.2550787,-1.2552615,-1.2564542,-1.2550488,-1.2551699,-1.2525301,-1.2544221,-1.2579931,-1.2545574,-1.2532513,-1.2534513,-1.2541873,-1.2574136,-1.2602131,-1.2632563,-1.2613485,-1.2653602,-1.2648149,-1.2648326,-1.2682006,-1.2697382,-1.270929,-1.2767508,-1.2764084,-1.2810414,-1.2820332,-1.2860683,-1.2867572,-1.2866356,-1.2887722,-1.286801,-1.2883877,-1.2872435,-1.2891876,-1.2915666,-1.2895912,-1.2931293,-1.2932186,-1.2940724,-1.2993352,-1.3010638,-1.3025783,-1.3046038,-1.307539,-1.3089559,-1.3104036,-1.3133352,-1.3134133,-1.3152192,-1.3169976,-1.3193067,-1.3202661,-1.3209126,-1.3214314,-1.3176665,-1.3206427
47,0.34206933,0.33222696,0.32888255,0.32406813,0.31365603,0.30974996,0.30557895,0.30085462,0.29527825,0.29020232,0.28806624,0.28171107,0.27558374,0.27202603,0.27124554,0.2680295,0.26585078,0.2608313,0.25695804,0.25052613,0.24669151,0.24722128,0.24169724,0.2372733,0.23526117,0.23254076,0.22954834,0.2279174,0.22437637,0.2215643,0.21676302,0.21537308,0.21341577,0.21227384,0.21098015,0.20828013,0.2056661,0.20359853,0.20245704,0.20130022,0.19802824,0.19726418,0.19376142,0.18946193,0.1899863,0.18966225,0.18821262,0.18462151,0.18235716,0.17983113,0.17405942,0.17323664,0.17249238,0.1697897,0.16654892,0.16527387,0.16533954,0.16329125,0.15916273,0.1566082,0.1553222,0.15406065,0.15175068,0.14856896,0.14776978,0.14428039,0.13910943,0.13827439,0.13670231,0.13392203,0.1295784,0.12646613,0.12352985,0.12166464,0.11729127,0.116617486,0.11480762,0.11136676,0.10761799,0.10469104,0.10322182,0.10107304,0.10276459,0.0998372,0.09835703,0.09732981,0.09510809,0.09408657,0.0911235,0.09119346,0.0915543,0.088616535,0.088063516,0.090401426,0.086430945,0.08482267,0.085863255,0.08537124,0.08291079,0.082022205,0.080090374,0.07726185,0.07789389,0.0758679,0.07626189,0.07388948,0.07124346,0.069409974,0.06610161,0.062231224,0.061212666,0.058232706,0.055858634,0.054595422,0.055020384,0.053480618,0.053084683,0.05073313,0.050347127,0.046934653
48,-1.2844867,-1.2872764,-1.2893432,-1.2930574,-1.2983011,-1.3015692,-1.309468,-1.3159671,-1.3222594,-1.325569,-1.3299677,-1.3338395,-1.3374708,-1.3382914,-1.3425791,-1.3426087,-1.3472751,-1.3502284,-1.3569552,-1.3624184,-1.3663403,-1.3657395,-1.3683721,-1.3721865,-1.3753576,-1.3789417,-1.3784162,-1.382301,-1.3873266,-1.3925283,-1.398935,-1.4000273,-1.4047704,-1.4065851,-1.4148777,-1.4211199,-1.4262983,-1.4302843,-1.435126,-1.4400417,-1.4413427,-1.4434901,-1.4420294,-1.4438157,-1.4452205,-1.4477881,-1.4531674,-1.4600233,-1.4649531,-1.4687774,-1.4664749,-1.4706138,-1.476805,-1.4798863,-1.4838065,-1.4882648,-1.4922707,-1.4960546,-1.4977465,-1.4999402,-1.503503,-1.5072832,-1.5125043,-1.5119421,-1.5181605,-1.5231398,-1.5270294,-1.5291572,-1.5351584,-1.5379919,-1.5416926,-1.5443277,-1.5460207,-1.5508881,-1.5580457,-1.561963,-1.5645071,-1.5687802,-1.5732996,-1.5748304,-1.5770345,-1.5787586,-1.5811442,-1.5836108,-1.5876834,-1.5861204,-1.5917814,-1.594239,-1.5959644,-1.5991709,-1.6030916,-1.6052179,-1.6046969,-1.6028261,-1.6059475,-1.6078323,-1.6134665,-1.612887,-1.6180826,-1.6154816,-1.6204102,-1.6219451,-1.6261654,-1.6283051,-1.629913,-1.6322798,-1.6336734,-1.6374457,-1.6412579,-1.6409639,-1.6444429,-1.648687,-1.6530077,-1.657279,-1.6585882,-1.660909,-1.6635389,-1.6642967,-1.6698357,-1.6766278
49,0.37043074,0.35775697,0.34434882,0.3300298,0.31461173,0.30277175,0.2902066,0.2776673,0.2681055,0.2561946,0.24823265,0.23589213,0.22266896,0.21523161,0.20456386,0.19323567,0.18203501,0.16994762,0.15920359,0.14620501,0.13526519,0.12803058,0.11228186,0.10064546,0.089406624,0.07797651,0.064849265,0.057201236,0.043525267,0.033602048,0.023222223,0.012569463,0.004292094,-0.0071894275,-0.017667105,-0.029788334,-0.03997948,-0.047143765,-0.054751206,-0.06574872,-0.074126266,-0.08212131,-0.09485216,-0.10598321,-0.11717918,-0.12775925,-0.13609478,-0.14639473,-0.15839289,-0.16766153,-0.17381504,-0.18270276,-0.19330074,-0.20285729,-0.21293429,-0.22304241,-0.2329702,-0.24433616,-0.2523916,-0.26257536,-0.2720179,-0.2789582,-0.28919935,-0.29834682,-0.3102896,-0.31829867,-0.3249799,-0.33827826,-0.34461245,-0.35032052,-0.36132732,-0.36806804,-0.37576097,-0.38654613,-0.39642072,-0.4056223,-0.41340715,-0.42038417,-0.42930332,-0.4371496,-0.44479936,-0.45356384,-0.4635446,-0.4713152,-0.4788665,-0.48775086,-0.49768072,-0.5035713,-0.51034236,-0.51802784,-0.52298343,-0.5325427,-0.5379659,-0.54443854,-0.55120975,-0.5584771,-0.5659619,-0.573004,-0.5825037,-0.5938233,-0.6015299,-0.607429,-0.6144341,-0.62308955,-0.63253963,-0.64013493,-0.646109,-0.65474427,-0.6620672,-0.66867656,-0.67514694,-0.6845938,-0.69004,-0.6939478,-0.699515,-0.7070149,-0.714314,-0.72056925,-0.728106,-0.73597413
50,0.7728624,0.76086843,0.7457945,0.7316514,0.71541005,0.7018593,0.6909606,0.67981565,0.66309243,0.6486548,0.63672674,0.62379354,0.605024,0.59393704,0.581913,0.5745786,0.5610435,0.55113834,0.539069,0.5247,0.5143554,0.5046277,0.49591905,0.48536325,0.47432813,0.46294886,0.45456228,0.44428086,0.4309051,0.4195191,0.4095784,0.40140876,0.39183253,0.38100412,0.37001464,0.36091667,0.34691387,0.3362175,0.32634127,0.315501,0.30487594,0.29515246,0.28267664,0.26822075,0.255669,0.24643905,0.23567107,0.22445217,0.21348138,0.20000939,0.18538399,0.17379387,0.1622814,0.15285333,0.14427015,0.13307066,0.12486341,0.11510662,0.1063451,0.095573194,0.085729755,0.0770176,0.0675845,0.059551436,0.048565827,0.038719885,0.027107883,0.015103176,0.005566689,-0.0057796882,-0.018498242,-0.032365922,-0.04052039,-0.046522927,-0.05850566,-0.06746839,-0.07929955,-0.08991683,-0.09938494,-0.108087316,-0.11612894,-0.12647527,-0.13794562,-0.14835003,-0.15966663,-0.17115164,-0.1819236,-0.1919669,-0.20001626,-0.20903513,-0.22130279,-0.23228617,-0.24077931,-0.24693175,-0.2538146,-0.26361275,-0.27378082,-0.2839101,-0.293834,-0.3057914,-0.3167238,-0.32913202,-0.34061015,-0.34982914,-0.36188042,-0.37016863,-0.38010034,-0.38962233,-0.3991223,-0.40817294,-0.41975814,-0.4287098,-0.4358712,-0.44475454,-0.45382267,-0.46404928,-0.46995974,-0.47963357,-0.4883482,-0.49731532
51,1.7235181,1.7168219,1.7033155,1.6930329,1.6780603,1.6704544,1.6632557,1.6516857,1.6443806,1.6384194,1.6279049,1.619261,1.6125004,1.6028392,1.5965043,1.5927559,1.5867203,1.5796657,1.5762627,1.5688146,1.56688,1.5615482,1.5570198,1.5495805,1.5442277,1.5408224,1.5347872,1.5303224,1.5275135,1.5236566,1.520894,1.5134741,1.5114315,1.5072892,1.5053008,1.502326,1.4995755,1.496568,1.4918392,1.490078,1.4852991,1.4830606,1.4725931,1.4658394,1.4601845,1.4547899,1.4484813,1.4448348,1.4411645,1.4333553,1.4282334,1.4207076,1.4197713,1.4131045,1.40904,1.4052249,1.3994437,1.3889191,1.3842566,1.3782107,1.3730409,1.3678881,1.3641587,1.358472,1.3504326,1.3442428,1.3368946,1.3290931,1.3246369,1.319945,1.3113449,1.3060936,1.3017476,1.2929513,1.2846161,1.2787341,1.2744615,1.2659982,1.2613157,1.2553784,1.250304,1.2424147,1.2357452,1.2271379,1.2226388,1.2142664,1.2094858,1.205014,1.1974064,1.1893849,1.1854768,1.180361,1.174124,1.1652977,1.1592038,1.1527352,1.1469,1.1407187,1.1340611,1.1305285,1.1226184,1.1171098,1.1111921,1.1041307,1.0939631,1.0848414,1.0796951,1.0748266,1.0671957,1.0597202,1.0506468,1.0435034,1.0375468,1.0318146,1.0242475,1.0189885,1.0115328,1.00383,0.995303,0.9868824
52,-0.47676414,-0.48325127,-0.48753563,-0.49195543,-0.5004617,-0.50604147,-0.51302457,-0.52104354,-0.5256831,-0.53104174,-0.5320517,-0.537988,-0.54258054,-0.54295784,-0.5483761,-0.5503739,-0.5521475,-0.55500543,-0.5598166,-0.56335837,-0.5651422,-0.56737024,-0.57207835,-0.576042,-0.57712543,-0.58268255,-0.5852078,-0.5895632,-0.595059,-0.6000742,-0.6050994,-0.60754013,-0.612593,-0.61632884,-0.6215309,-0.62818086,-0.6346688,-0.6403563,-0.6448546,-0.64698106,-0.65404606,-0.65796006,-0.6630104,-0.6684978,-0.67271537,-0.67838085,-0.68415546,-0.6918364,-0.69736016,-0.70269334,-0.7080618,-0.7113229,-0.7182528,-0.72441673,-0.7293096,-0.7357544,-0.74216247,-0.74778736,-0.7495863,-0.7574984,-0.7646146,-0.76782024,-0.7738695,-0.7805144,-0.7862466,-0.7886208,-0.79259694,-0.7970021,-0.80489606,-0.8104765,-0.81449664,-0.82216865,-0.82636577,-0.8308903,-0.83493364,-0.8405221,-0.8470715,-0.851549,-0.8584074,-0.86328423,-0.86522806,-0.8724415,-0.8772327,-0.87875956,-0.885087,-0.88901806,-0.89334756,-0.89541113,-0.90196764,-0.90884876,-0.91335374,-0.92051286,-0.92782056,-0.9289147,-0.93645954,-0.943102,-0.95069903,-0.9557603,-0.9627265,-0.9649504,-0.9708699,-0.9761152,-0.98209345,-0.98845416,-0.9910488,-0.9988233,-1.0022895,-1.0116458,-1.0152215,-1.0215889,-1.0273067,-1.0354553,-1.0408772,-1.0497477,-1.0537391,-1.0601199,-1.0668833,-1.0684711,-1.0738381,-1.0807868
53,0.17064711,0.15963097,0.14278333,0.1279814,0.113135934,0.09845303,0.08843821,0.07679924,0.06458321,0.05005393,0.039358355,0.029802937,0.014023857,0.0036392182,-0.0082166735,-0.019696815,-0.029050177,-0.03841956,-0.04617795,-0.059860446,-0.06823123,-0.077896774,-0.082261726,-0.090323746,-0.10115005,-0.11015527,-0.11503694,-0.124333724,-0.1348717,-0.14172623,-0.14996415,-0.15966804,-0.16604508,-0.1736984,-0.18195035,-0.18847328,-0.19383022,-0.20149323,-0.20729482,-0.21449263,-0.22552344,-0.2335041,-0.24056654,-0.25084502,-0.25827038,-0.264672,-0.27161673,-0.27849978,-0.28549856,-0.29407954,-0.3003846,-0.30497056,-0.3124122,-0.31739703,-0.32657018,-0.33051404,-0.3361159,-0.343661,-0.3495634,-0.3602075,-0.3659169,-0.37345734,-0.3772899,-0.38404468,-0.39120978,-0.39957395,-0.4049901,-0.41141206,-0.4149386,-0.41974562,-0.42500424,-0.43027353,-0.43132687,-0.4391961,-0.44812608,-0.45477462,-0.46168917,-0.46874428,-0.4748868,-0.47999406,-0.48507938,-0.49103865,-0.49712962,-0.50021225,-0.50327843,-0.5067741,-0.51241416,-0.51659626,-0.51859725,-0.5216374,-0.52327,-0.5298681,-0.53434974,-0.5396389,-0.5451272,-0.54822105,-0.5522782,-0.55562127,-0.56167936,-0.5693498,-0.57419956,-0.5777798,-0.5804142,-0.58555704,-0.58861524,-0.59238863,-0.5950451,-0.59914154,-0.60192406,-0.6056929,-0.6076323,-0.6108593,-0.6136013,-0.6154278,-0.6161319,-0.62062347,-0.6208831,-0.6239091,-0.6234666,-0.6283052
54,0.9258393,0.917482,0.9084357,0.9008854,0.89182264,0.88384277,0.8698387,0.86040115,0.8472659,0.8408697,0.83347785,0.82188684,0.81351316,0.8046098,0.7963104,0.7862933,0.777091,0.7659452,0.757877,0.7483371,0.738927,0.7299508,0.7268036,0.72152585,0.71495533,0.7043389,0.6962854,0.6863923,0.6814784,0.67594457,0.6682785,0.657491,0.6531216,0.64775175,0.6401628,0.62990916,0.62325853,0.61647755,0.60918796,0.59975994,0.59007037,0.5838157,0.5758427,0.56764084,0.5587033,0.55388147,0.5449064,0.5374557,0.5267884,0.5163492,0.5007067,0.48786792,0.47964877,0.46851316,0.46110186,0.4513277,0.44358176,0.43759075,0.42953205,0.41991967,0.40804976,0.39870545,0.39076704,0.38220733,0.37128636,0.36329028,0.35376188,0.34145933,0.33226418,0.32303777,0.31266302,0.30336803,0.2920225,0.2797984,0.27271637,0.2653796,0.25836605,0.24770944,0.23811205,0.22673503,0.21578363,0.20237276,0.19171298,0.17798305,0.16415802,0.14992708,0.13774753,0.12631248,0.112985656,0.103731655,0.09187867,0.07965659,0.07161776,0.062530175,0.050049983,0.036074255,0.023329638,0.014767888,0.0015251472,-0.012167858,-0.023256611,-0.03170783,-0.046927046,-0.0566997,-0.06894561,-0.083586305,-0.09636232,-0.10899111,-0.12282363,-0.13456728,-0.14690296,-0.15773357,-0.17352568,-0.18448153,-0.1977388,-0.2147841,-0.22759926,-0.23923393,-0.25335097,-0.2679085
55,-0.036237396,-0.036157902,-0.03896657,-0.045259394,-0.051930945,-0.058060516,-0.060622413,-0.06752398,-0.075413555,-0.08476432,-0.08739661,-0.09301599,-0.10189082,-0.10563203,-0.111897565,-0.11774008,-0.1250255,-0.12533596,-0.1331058,-0.14068438,-0.14413735,-0.15017653,-0.15477887,-0.15870243,-0.16464688,-0.17234024,-0.17235842,-0.17453153,-0.17937131,-0.18701546,-0.19435504,-0.2006611,-0.20647304,-0.20954764,-0.2144253,-0.2202979,-0.22173567,-0.22786982,-0.22981732,-0.23361798,-0.23989084,-0.24513015,-0.24916852,-0.25412336,-0.25556558,-0.2626446,-0.2675524,-0.2743671,-0.27981383,-0.28476924,-0.28803355,-0.29324278,-0.29920688,-0.30303997,-0.30742645,-0.30996466,-0.31319556,-0.3138563,-0.31655723,-0.32000777,-0.32448003,-0.32745704,-0.3344521,-0.33935,-0.3438316,-0.34395108,-0.3476771,-0.35110682,-0.35620785,-0.35766244,-0.3579387,-0.3612858,-0.36553276,-0.36580244,-0.37018687,-0.37392312,-0.37581843,-0.37766856,-0.3791879,-0.38102967,-0.3832845,-0.38389555,-0.3849954,-0.38850516,-0.3909912,-0.39706567,-0.40060085,-0.40325466,-0.40555972,-0.40776196,-0.4099543,-0.41237837,-0.4140667,-0.41280907,-0.41449428,-0.41887385,-0.4203981,-0.41966662,-0.4228298,-0.4232675,-0.42231497,-0.42164055,-0.42228022,-0.42525798,-0.42614216,-0.4262812,-0.42695183,-0.42843238,-0.4307893,-0.43141192,-0.43224302,-0.43112534,-0.42859322,-0.42942125,-0.42987174,-0.4309066,-0.43271375,-0.4317009,-0.42867264,-0.4288147
56,-0.21656957,-0.22012825,-0.22658107,-0.23350596,-0.235811,-0.24211653,-0.24750602,-0.2534179,-0.2594307,-0.26363337,-0.26641586,-0.27145883,-0.2738108,-0.2736898,-0.27749425,-0.2826361,-0.29001254,-0.29088238,-0.29558843,-0.2992375,-0.3027081,-0.30565843,-0.30708957,-0.30610737,-0.3097633,-0.31291535,-0.3184842,-0.3207688,-0.32550734,-0.33103907,-0.33612856,-0.34012052,-0.34318647,-0.34605795,-0.34809107,-0.3519949,-0.35326064,-0.35784882,-0.36262465,-0.36744377,-0.3707836,-0.373839,-0.37635395,-0.38071603,-0.38661614,-0.3878234,-0.3913898,-0.396349,-0.4018321,-0.40831786,-0.4122235,-0.41757187,-0.41966882,-0.4249037,-0.42903042,-0.43129578,-0.4342273,-0.43375105,-0.4351099,-0.43667713,-0.4390522,-0.4423658,-0.44991368,-0.45535827,-0.45640236,-0.45697623,-0.45935187,-0.4633054,-0.4652714,-0.4676361,-0.47168106,-0.47474474,-0.47691044,-0.4816366,-0.48231888,-0.4838976,-0.48564965,-0.48850456,-0.48994327,-0.48980242,-0.4941008,-0.49195838,-0.49388033,-0.4938416,-0.49868768,-0.50039935,-0.50417626,-0.50718224,-0.50957185,-0.51082903,-0.5111941,-0.51205844,-0.5145852,-0.5145976,-0.51725125,-0.5216366,-0.52194726,-0.52371716,-0.5246378,-0.5261079,-0.52775985,-0.5251626,-0.5290947,-0.5290774,-0.5285305,-0.52820635,-0.52548087,-0.52704,-0.52933013,-0.53054476,-0.53322804,-0.53154314,-0.5296902,-0.5324832,-0.53536165,-0.5354902,-0.53991014,-0.53812164,-0.5387057,-0.5392393
57,0.61946386,0.6086973,0.59768164,0.5889628,0.57347834,0.56223756,0.5535449,0.54258513,0.53248227,0.5253069,0.51419604,0.50414383,0.4910776,0.48272747,0.47546053,0.46677524,0.4563199,0.4496513,0.4408256,0.4300416,0.42244467,0.41682968,0.40863425,0.40192962,0.39511386,0.3880456,0.38082626,0.37099838,0.3600936,0.35184035,0.34555766,0.3381254,0.33205557,0.3279023,0.3212665,0.31222898,0.3074653,0.3028365,0.29445502,0.28715777,0.2797489,0.2736522,0.26313555,0.25438195,0.24652591,0.23854442,0.22969742,0.22266376,0.216301,0.2096668,0.2041575,0.19762251,0.1943165,0.18855597,0.18342146,0.17587072,0.17222144,0.16670331,0.16431329,0.15870517,0.15200385,0.14816512,0.14265415,0.13954806,0.12955049,0.12437455,0.11799364,0.109871045,0.10623194,0.10155009,0.09366051,0.08802807,0.08339256,0.07919727,0.07201467,0.06716394,0.058628798,0.055278193,0.051765244,0.051072896,0.048259806,0.04501732,0.042187788,0.04035809,0.03549913,0.031093648,0.026963502,0.023779145,0.021308072,0.017319946,0.014319919,0.007955914,0.0030070462,-0.0026083316,-0.0056121335,-0.011025399,-0.015650887,-0.017184526,-0.02206431,-0.025654078,-0.030626822,-0.034650784,-0.036566697,-0.04259995,-0.046163306,-0.049879104,-0.05424171,-0.058077954,-0.061682057,-0.068328306,-0.07387878,-0.0786194,-0.0777722,-0.079340175,-0.08239231,-0.085423484,-0.08854266,-0.09255113,-0.09891347,-0.10335797
58,-1.2153826,-1.2218237,-1.2285225,-1.2365646,-1.2402866,-1.2508183,-1.2623982,-1.2675118,-1.2775339,-1.287451,-1.2934818,-1.2966806,-1.3017721,-1.3021877,-1.3050916,-1.3089045,-1.3166115,-1.3202671,-1.3300208,-1.3358576,-1.3415061,-1.3461158,-1.3508364,-1.3540362,-1.3621365,-1.367182,-1.3697193,-1.3748267,-1.382833,-1.3899285,-1.3990462,-1.4017148,-1.4109019,-1.4132951,-1.420714,-1.4281769,-1.4339867,-1.4411696,-1.4516641,-1.4577041,-1.4641176,-1.4682825,-1.4734874,-1.4777141,-1.4852216,-1.4889386,-1.4942703,-1.5032334,-1.5113987,-1.5213209,-1.5258601,-1.5302207,-1.5384253,-1.5408357,-1.5470546,-1.5549431,-1.5608541,-1.5668333,-1.5735495,-1.5793947,-1.5899702,-1.5940387,-1.6020577,-1.607317,-1.6111395,-1.6187359,-1.6239004,-1.6299193,-1.636679,-1.6384871,-1.6456131,-1.6481955,-1.653463,-1.6589477,-1.6651614,-1.6715086,-1.6765903,-1.681132,-1.6900756,-1.6932144,-1.6997135,-1.7048976,-1.7108128,-1.7152764,-1.7202921,-1.7257059,-1.734211,-1.739782,-1.746521,-1.7528648,-1.761605,-1.7648758,-1.765907,-1.7682469,-1.7729079,-1.7790949,-1.78634,-1.7951555,-1.8040539,-1.8082443,-1.8151499,-1.8174117,-1.8260214,-1.8327583,-1.8389618,-1.8439369,-1.8468635,-1.854488,-1.860899,-1.8674688,-1.875647,-1.8807398,-1.8845546,-1.8950884,-1.9017054,-1.9078319,-1.9148016,-1.9190245,-1.9216788,-1.9289095
59,0.35802695,0.36540353,0.36682066,0.3678905,0.37321642,0.37340868,0.3701491,0.37128618,0.36895698,0.36744174,0.36306602,0.3591826,0.35657907,0.35631683,0.35261172,0.34988993,0.34856305,0.34438026,0.34391946,0.3427832,0.34263182,0.3419965,0.34338248,0.34121865,0.33574224,0.33246812,0.33170563,0.33375546,0.331701,0.3314372,0.33134103,0.32906875,0.32758072,0.3262325,0.324862,0.32513306,0.32609504,0.32464203,0.3240162,0.3248675,0.3221759,0.320303,0.3205672,0.32001156,0.3181827,0.31902918,0.31759578,0.31711322,0.31505626,0.3130313,0.31211415,0.31095535,0.31201845,0.3102389,0.31094795,0.31233755,0.31430596,0.31649375,0.3163969,0.31364584,0.3145613,0.3133087,0.31438494,0.31110787,0.31115222,0.31268114,0.31121024,0.31159902,0.31248215,0.3104442,0.31058884,0.31199047,0.3094598,0.30794787,0.30457002,0.30594534,0.30821672,0.30889457,0.3109035,0.31312555,0.31318903,0.3124656,0.31368786,0.31183404,0.3130152,0.31571013,0.316369,0.31722677,0.3151142,0.31158713,0.3091977,0.30999157,0.3115584,0.31276003,0.31266508,0.31165284,0.31366235,0.31662756,0.31835502,0.3224124,0.3226715,0.31971365,0.32108867,0.32231754,0.32406953,0.32224697,0.326365,0.3273957,0.3314347,0.3350256,0.33657664,0.3402733,0.3392024,0.3385069,0.3367525,0.33759242,0.33743748,0.336445,0.3375744,0.33575636
60,1.5306885,1.530283,1.523011,1.5153913,1.5095866,1.5047524,1.4977957,1.4893792,1.4824699,1.4842247,1.4804108,1.4739192,1.4669828,1.4606589,1.4556687,1.4525286,1.4486545,1.4452311,1.4432089,1.4409548,1.4388411,1.4318768,1.4269843,1.4228333,1.4159045,1.4115645,1.4041495,1.3967406,1.3921378,1.3889637,1.3871886,1.3857769,1.3860633,1.3819314,1.3836302,1.3857943,1.3841684,1.3831915,1.3792566,1.3770227,1.371012,1.3688796,1.3674078,1.3658588,1.3663216,1.36024,1.3619224,1.3578755,1.3557565,1.3520406,1.3504307,1.3480666,1.3459918,1.3426838,1.3402625,1.3406103,1.3421726,1.3425608,1.3394663,1.3391653,1.3415024,1.3387876,1.3375976,1.3361039,1.3315108,1.3308365,1.3276672,1.3275521,1.3268797,1.328032,1.3263289,1.3260758,1.323317,1.3221512,1.3202811,1.3167808,1.3138893,1.3123372,1.3150586,1.3141391,1.31435,1.3125962,1.3125592,1.3067969,1.3063732,1.3024458,1.3038342,1.30107,1.2989095,1.2975762,1.2957909,1.2931864,1.2943863,1.2927936,1.2937548,1.2934176,1.2949803,1.294431,1.296922,1.294639,1.2943275,1.2923627,1.2943742,1.2942721,1.292851,1.2939527,1.2938799,1.295586,1.295964,1.2946131,1.2963653,1.2990568,1.3027217,1.303788,1.3031325,1.3023865,1.3023459,1.2999082,1.295023,1.2955925
61,-0.020370172,-0.027587628,-0.03594296,-0.04498424,-0.054861348,-0.063789636,-0.07127066,-0.07778095,-0.087110505,-0.091164544,-0.099681996,-0.10602246,-0.10907165,-0.118109845,-0.12377177,-0.12827241,-0.13476217,-0.13725285,-0.14196618,-0.14968461,-0.1564023,-0.16201267,-0.16734347,-0.16945842,-0.17545874,-0.17692772,-0.1809592,-0.18282196,-0.18583475,-0.19064899,-0.19638513,-0.19798832,-0.20247814,-0.2068109,-0.21161887,-0.21473598,-0.21865961,-0.22757891,-0.23464915,-0.23901927,-0.24413705,-0.24801032,-0.2502042,-0.2581531,-0.2673873,-0.26834512,-0.27196923,-0.27886516,-0.2835718,-0.28870204,-0.2924776,-0.30019543,-0.30552584,-0.3115879,-0.31516322,-0.32021958,-0.3233728,-0.32751098,-0.3327743,-0.34001592,-0.34558958,-0.35064444,-0.35611695,-0.36244968,-0.36587113,-0.37222216,-0.376795,-0.38264817,-0.38482475,-0.38922873,-0.3945977,-0.40078726,-0.40702492,-0.41667676,-0.42441073,-0.42726937,-0.43419415,-0.4400745,-0.44386965,-0.44934687,-0.4511865,-0.45495552,-0.4617184,-0.46950436,-0.47467273,-0.47713953,-0.48375708,-0.49067965,-0.4917009,-0.49349585,-0.50207597,-0.50840974,-0.5127475,-0.51701874,-0.5256821,-0.5307164,-0.5345207,-0.53966486,-0.54444313,-0.55217445,-0.55814564,-0.5628375,-0.5662615,-0.57180893,-0.57591736,-0.5813744,-0.58876944,-0.5964915,-0.6034314,-0.6034835,-0.6101911,-0.6154125,-0.6194624,-0.62352824,-0.62747353,-0.6325546,-0.63432705,-0.6364051,-0.6380619,-0.64257956
62,0.097790055,0.08726003,0.077472046,0.06629075,0.056896567,0.047831688,0.035921086,0.03137308,0.025173988,0.018161777,0.007877741,0.0010847279,-0.0045312,-0.011171636,-0.016738862,-0.024983402,-0.031316195,-0.042083394,-0.05118534,-0.058537733,-0.06557257,-0.072779804,-0.07997015,-0.086502746,-0.09459408,-0.10313554,-0.108122274,-0.11428028,-0.12071244,-0.12863502,-0.13477904,-0.13938837,-0.1467795,-0.15359494,-0.16296281,-0.16991988,-0.1767787,-0.18417157,-0.1915956,-0.20002365,-0.20606776,-0.21171601,-0.2177238,-0.22678001,-0.23408827,-0.24150315,-0.24613369,-0.25451186,-0.26295757,-0.27017397,-0.27417627,-0.27715355,-0.28428143,-0.2907409,-0.2984681,-0.30841932,-0.31518412,-0.31879157,-0.32536185,-0.33212513,-0.33836156,-0.34362903,-0.34890515,-0.35670024,-0.36140686,-0.36571032,-0.3702758,-0.37656882,-0.3832267,-0.3883087,-0.39473632,-0.40412363,-0.41412267,-0.42384988,-0.42947975,-0.4352433,-0.44078097,-0.4460072,-0.45121613,-0.45272756,-0.45649838,-0.46180636,-0.4660291,-0.4707137,-0.47458506,-0.48002726,-0.48718438,-0.48986197,-0.495011,-0.49912396,-0.50561357,-0.5136894,-0.52162766,-0.52832854,-0.5328853,-0.53990996,-0.5452185,-0.5479015,-0.5562576,-0.5588445,-0.56107116,-0.5632015,-0.5696069,-0.5753096,-0.5807806,-0.58600897,-0.5913588,-0.5998708,-0.6056607,-0.60859674,-0.61381143,-0.616818,-0.6212052,-0.62645996,-0.63275826,-0.6380774,-0.64163893,-0.64392656,-0.6484767,-0.656314
63,1.2318584,1.2168796,1.2003763,1.1834924,1.1627936,1.147028,1.1314856,1.1174113,1.0991597,1.0854498,1.0712112,1.0570533,1.0440212,1.0264338,1.0120194,0.99609864,0.9847318,0.97009003,0.9574854,0.94350183,0.9292428,0.9158285,0.9028896,0.8916087,0.87975246,0.869946,0.85848445,0.84737384,0.8361295,0.82373554,0.81455725,0.8026411,0.79466695,0.78604823,0.77531034,0.76380426,0.7577693,0.7491376,0.73934716,0.7318988,0.72249085,0.7126573,0.7038343,0.689391,0.6795935,0.66915035,0.66036206,0.64950097,0.6385888,0.6283272,0.61834925,0.6081194,0.595854,0.585101,0.57608604,0.56300926,0.55533755,0.5454107,0.5350677,0.525685,0.51650214,0.5069581,0.4976945,0.48875728,0.47662574,0.46976933,0.46189365,0.4528359,0.44502467,0.43515015,0.42402664,0.41302174,0.40517277,0.3935649,0.3808811,0.37390473,0.36616474,0.35457444,0.34419376,0.33430964,0.3260664,0.31850287,0.3089673,0.2956783,0.28720057,0.27829194,0.26856542,0.26036844,0.252537,0.23966508,0.23083837,0.22285649,0.2143453,0.20692357,0.19723362,0.18840587,0.18118873,0.1732431,0.16271129,0.15152436,0.14221214,0.13781019,0.1283281,0.118159354,0.10967213,0.09902095,0.089748695,0.08183912,0.07335645,0.068820864,0.062737584,0.052264206,0.044789188,0.036548376,0.030416444,0.021540735,0.01396164,0.009019796,-0.0003919188,-0.012641984
64,1.1331016,1.1236641,1.1115748,1.0975585,1.0807095,1.0721983,1.061295,1.048348,1.0368159,1.027142,1.0187712,1.0055001,0.9952636,0.98095244,0.97124434,0.96034354,0.9528842,0.94158965,0.9345811,0.9240524,0.9151106,0.90598905,0.8999901,0.8938612,0.88594234,0.878888,0.87118226,0.8635627,0.85503185,0.8482157,0.8434839,0.8378681,0.8326088,0.827697,0.8213943,0.81388026,0.8089981,0.8058869,0.7997619,0.795313,0.7893046,0.7838453,0.77724224,0.7667092,0.7579463,0.75077224,0.7438207,0.73997504,0.7324446,0.7264432,0.7178106,0.7118115,0.7049794,0.6976327,0.6918866,0.68349695,0.6803715,0.6752702,0.6641332,0.6587057,0.65381515,0.6481736,0.6432102,0.63591707,0.62817436,0.62397796,0.61808413,0.6081499,0.6016484,0.59706676,0.5895427,0.58248824,0.5780617,0.5695983,0.563238,0.560822,0.5540422,0.54963523,0.54327124,0.5375856,0.5340747,0.5278481,0.5211224,0.5169276,0.5123509,0.5026035,0.49699703,0.49030048,0.48351726,0.47742105,0.47489318,0.4702786,0.4682827,0.46210632,0.4560922,0.4504518,0.4457179,0.44158095,0.43727416,0.42964625,0.42403516,0.41719255,0.41614857,0.41325846,0.40742785,0.39816347,0.390197,0.3858258,0.37864515,0.37479836,0.37211424,0.36728537,0.3637441,0.36294666,0.36113554,0.35744554,0.35224733,0.34844086,0.34487933,0.34128577
65,0.0012505,-0.011275555,-0.019293724,-0.02891109,-0.041407675,-0.04806366,-0.05815388,-0.0646436,-0.07362084,-0.083155625,-0.08576706,-0.09253713,-0.101158604,-0.10418616,-0.10720364,-0.10965848,-0.11549886,-0.11999285,-0.12392436,-0.12597735,-0.13023087,-0.1329261,-0.1360895,-0.14002676,-0.14184345,-0.14486283,-0.14494212,-0.14963126,-0.15380017,-0.15650171,-0.15963903,-0.16074312,-0.16394989,-0.16586612,-0.17079778,-0.17468004,-0.17985997,-0.18207663,-0.18486428,-0.18874708,-0.19371927,-0.1976812,-0.19983646,-0.2067918,-0.20948282,-0.21724331,-0.22171421,-0.22562225,-0.2305924,-0.23722346,-0.24375737,-0.24686392,-0.24805589,-0.25001842,-0.25582665,-0.26021105,-0.26469642,-0.26715857,-0.26615328,-0.27138743,-0.27444866,-0.277603,-0.27999073,-0.28267485,-0.28814003,-0.28976798,-0.29214317,-0.30128652,-0.30583787,-0.3080911,-0.31155124,-0.3142937,-0.31909448,-0.32030967,-0.3237145,-0.33099827,-0.3334183,-0.33740172,-0.3431708,-0.34451848,-0.3467147,-0.34821534,-0.34864932,-0.35166776,-0.35663542,-0.35560077,-0.35758194,-0.35897538,-0.3636791,-0.36733085,-0.3674864,-0.37392467,-0.3773268,-0.37859875,-0.38039613,-0.38611305,-0.39041343,-0.3922119,-0.39648712,-0.39948744,-0.40064964,-0.3966061,-0.39980438,-0.4039263,-0.4027099,-0.40577835,-0.4099061,-0.4120554,-0.4134581,-0.41579175,-0.41672882,-0.42147866,-0.4219653,-0.42509803,-0.42452592,-0.42623934,-0.42477602,-0.4246188,-0.4252116,-0.4290552
66,0.5011808,0.49211508,0.4775335,0.4605227,0.44439167,0.42766672,0.41023526,0.39883858,0.38318497,0.36865565,0.354742,0.34095335,0.32861647,0.31684208,0.30565625,0.29634976,0.28607398,0.27318797,0.263035,0.25141278,0.24512947,0.23813406,0.22977248,0.2220689,0.21270306,0.20394537,0.19806942,0.1884259,0.17472547,0.16669552,0.15609808,0.14514391,0.1378086,0.12660214,0.1159686,0.107137755,0.09960124,0.091591746,0.08665055,0.07883705,0.069031134,0.06273244,0.05257951,0.04066691,0.02918674,0.022207282,0.013187194,0.0031209658,-0.0041688606,-0.01169732,-0.0204864,-0.030150866,-0.039540306,-0.047203466,-0.057918496,-0.06702815,-0.076442145,-0.085097685,-0.09380196,-0.10431917,-0.112918556,-0.12037511,-0.13065295,-0.13877587,-0.14942485,-0.1577933,-0.16802415,-0.17821881,-0.18577889,-0.19512346,-0.202311,-0.21355672,-0.22354138,-0.23362353,-0.24021713,-0.24893422,-0.25697917,-0.26374102,-0.27420625,-0.28243297,-0.28919563,-0.30196056,-0.30858415,-0.3175764,-0.32789296,-0.33532178,-0.34293348,-0.3494525,-0.35893062,-0.36911166,-0.37801954,-0.3898122,-0.39786288,-0.40350398,-0.4098982,-0.41907543,-0.43044263,-0.43330565,-0.43985987,-0.44563502,-0.4534127,-0.45829925,-0.46681386,-0.4786253,-0.4857262,-0.49808043,-0.50816286,-0.51553744,-0.5247582,-0.531258,-0.54081935,-0.54972404,-0.5555603,-0.5653059,-0.57315207,-0.58225524,-0.5922206,-0.5994604,-0.60830796,-0.6176777
67,0.2849724,0.28309074,0.27598625,0.26819563,0.25515628,0.24749108,0.24640453,0.23928222,0.23261115,0.22638103,0.22357777,0.22070408,0.21807742,0.21535106,0.2101877,0.20424084,0.19994937,0.19568244,0.19094643,0.18504818,0.18182036,0.18297386,0.18240201,0.18023002,0.17659715,0.17044595,0.16942248,0.16554067,0.1602884,0.15922582,0.15442324,0.15007176,0.1461803,0.14029303,0.13506882,0.13021472,0.12635441,0.121983066,0.12064475,0.11724703,0.111119114,0.10712167,0.10261717,0.097414285,0.09111392,0.08706022,0.081972525,0.07602983,0.072524615,0.06383507,0.056483835,0.052842163,0.050246883,0.046058334,0.040066242,0.034337033,0.028868413,0.025776297,0.018918578,0.012119824,0.005552101,0.0008001238,-0.0040342263,-0.009256132,-0.0139003275,-0.017211918,-0.023510963,-0.027794128,-0.031517334,-0.035965614,-0.04301853,-0.05212596,-0.05574084,-0.062059514,-0.0679815,-0.072839685,-0.07748727,-0.082058094,-0.09099638,-0.097735226,-0.10034871,-0.10844223,-0.112441935,-0.117875636,-0.12449201,-0.13109668,-0.13693105,-0.14043303,-0.14344811,-0.14758113,-0.15310697,-0.15897235,-0.16376176,-0.16780165,-0.17097366,-0.17429213,-0.18277498,-0.18802255,-0.19104715,-0.19519837,-0.19861503,-0.19956163,-0.20636149,-0.21299441,-0.21681452,-0.2203114,-0.22099157,-0.22595172,-0.23226357,-0.23729634,-0.24654408,-0.2511058,-0.25522405,-0.26221856,-0.26938218,-0.27599573,-0.28073615,-0.28507334,-0.28884956,-0.29743165
68,0.6561438,0.6435694,0.6261632,0.60859144,0.5917827,0.5777,0.5630177,0.55172884,0.5414273,0.52655566,0.51465315,0.5009273,0.48934373,0.48088497,0.469639,0.4593293,0.4471836,0.43419886,0.42379194,0.41359663,0.40410733,0.39028972,0.383926,0.37552664,0.36583185,0.35424247,0.3407023,0.33240902,0.32261652,0.31303045,0.30211055,0.2922236,0.2805093,0.26844245,0.25596112,0.24383748,0.23234749,0.22392818,0.21255127,0.20219652,0.19151933,0.18018022,0.16610332,0.15267962,0.14358172,0.12798536,0.11213738,0.09900224,0.08800294,0.07607581,0.06416107,0.052679636,0.040779646,0.031810798,0.019767923,0.009396012,-0.0011819128,-0.011717221,-0.023191571,-0.03447504,-0.04419754,-0.05402109,-0.06515445,-0.0765851,-0.09145321,-0.10419054,-0.11451788,-0.12589332,-0.13582504,-0.1456209,-0.15725052,-0.16910334,-0.18015102,-0.18951762,-0.19738291,-0.20680526,-0.21374671,-0.22529034,-0.23838651,-0.2508744,-0.26157716,-0.27410764,-0.28210017,-0.28941172,-0.30213565,-0.31480163,-0.3268426,-0.33744186,-0.34799796,-0.35880172,-0.36770877,-0.3751331,-0.38647303,-0.39424998,-0.4055954,-0.41846624,-0.42800498,-0.4353345,-0.44527373,-0.45285058,-0.46243674,-0.46775007,-0.4779759,-0.48741156,-0.49445528,-0.504495,-0.5118117,-0.5221498,-0.53072035,-0.5402843,-0.5504572,-0.564422,-0.57238615,-0.58330524,-0.593629,-0.60607994,-0.61898303,-0.6293254,-0.6374094,-0.647168
69,-0.3361358,-0.33658797,-0.34256062,-0.3394905,-0.34410936,-0.34708413,-0.34856364,-0.3527885,-0.35217267,-0.3509641,-0.35106647,-0.3511858,-0.34944898,-0.3477481,-0.34979057,-0.35067415,-0.35306844,-0.35506493,-0.35432142,-0.3545114,-0.35259658,-0.35141522,-0.34929755,-0.34412792,-0.34452242,-0.3440296,-0.3434481,-0.34679312,-0.34592366,-0.34768435,-0.3493677,-0.34871083,-0.34840244,-0.34950647,-0.35104156,-0.35312492,-0.35507315,-0.3551451,-0.35641533,-0.35722727,-0.35941476,-0.3598611,-0.35848668,-0.3577562,-0.35773522,-0.35669112,-0.35492712,-0.35509118,-0.3567553,-0.35770005,-0.35719258,-0.35639733,-0.35392836,-0.35687923,-0.35659146,-0.35978255,-0.3609658,-0.36068785,-0.36285678,-0.36681968,-0.36639583,-0.36577183,-0.36834672,-0.37090313,-0.37079257,-0.3685952,-0.36961427,-0.37405175,-0.37351364,-0.37247607,-0.37515122,-0.37352812,-0.37258658,-0.3754364,-0.37805396,-0.38149592,-0.38461718,-0.38702354,-0.38978648,-0.38829565,-0.38979095,-0.38806242,-0.3896838,-0.3919083,-0.39241928,-0.39545882,-0.39806318,-0.39776307,-0.3971214,-0.39606437,-0.3975831,-0.40131107,-0.40078592,-0.40144715,-0.400602,-0.40030184,-0.40126404,-0.40034065,-0.40359005,-0.40058646,-0.40212375,-0.3981443,-0.39902312,-0.40404302,-0.4052984,-0.4073564,-0.40811315,-0.41036946,-0.4133544,-0.4165739,-0.41952595,-0.42228585,-0.4221553,-0.42514634,-0.42818657,-0.43209225,-0.4308756,-0.43266648,-0.4325502,-0.4359029
70,0.22585586,0.21731062,0.20557912,0.19228384,0.18397741,0.17487761,0.16725753,0.15564242,0.14777468,0.13973367,0.12979372,0.118196584,0.112576224,0.103838004,0.09770829,0.088840045,0.08052796,0.07669695,0.07185999,0.06363242,0.05851258,0.04858078,0.042046063,0.038357027,0.031487774,0.021977391,0.0162914,0.0069006206,5.1400995e-05,-0.004721931,-0.0110655045,-0.016933117,-0.020507256,-0.023507897,-0.029894367,-0.03697196,-0.04161748,-0.046810444,-0.053448696,-0.059469897,-0.06459484,-0.0709287,-0.077437885,-0.08351007,-0.093477905,-0.09940529,-0.105800495,-0.1112934,-0.11768565,-0.12539849,-0.13008302,-0.13437742,-0.14014944,-0.14341013,-0.14830485,-0.15495911,-0.1602114,-0.1653175,-0.17285424,-0.17942908,-0.18249345,-0.18466824,-0.19277975,-0.19938916,-0.20564482,-0.21253863,-0.21802208,-0.22542627,-0.2307804,-0.2366515,-0.24442963,-0.24682567,-0.2525827,-0.25819364,-0.26554984,-0.27224776,-0.27745718,-0.2822588,-0.28774056,-0.29291838,-0.29845774,-0.30633533,-0.31141657,-0.31649828,-0.32133216,-0.32897687,-0.3367026,-0.3404543,-0.34037012,-0.3461834,-0.34877768,-0.35236087,-0.3560719,-0.35721025,-0.3648179,-0.36991656,-0.37578517,-0.37845764,-0.38463867,-0.38862213,-0.39358526,-0.39323145,-0.39314172,-0.39878258,-0.40369955,-0.41006446,-0.41557616,-0.42058915,-0.4277154,-0.43389806,-0.43903822,-0.44437677,-0.4480919,-0.4506685,-0.45703635,-0.462789,-0.4690388,-0.47758776,-0.4843256,-0.49078757
71,1.1267194,1.1198801,1.1098114,1.1017679,1.0906384,1.0866886,1.0827687,1.0726848,1.0641563,1.0563247,1.0476559,1.0435795,1.0365893,1.0229946,1.0146848,1.0049225,0.9998461,0.9913651,0.9874838,0.9780401,0.96953374,0.96244496,0.9549717,0.94650567,0.9407015,0.93218184,0.9221878,0.91563064,0.9060003,0.89828014,0.8919624,0.88558275,0.881127,0.8758834,0.86979276,0.8636837,0.85585815,0.84912777,0.84223735,0.83888876,0.8292657,0.8217347,0.8118903,0.80291575,0.79734266,0.78865665,0.7786287,0.77181137,0.76719147,0.757596,0.7506271,0.74205416,0.7359978,0.7286994,0.72136664,0.715031,0.7109132,0.70344037,0.696432,0.6910513,0.68756974,0.67870003,0.6713881,0.66415554,0.6550438,0.64812386,0.6396504,0.63351834,0.62391126,0.61708605,0.609085,0.59816146,0.59090793,0.5828208,0.5744669,0.5670904,0.5571246,0.5505624,0.54476917,0.54004633,0.5350154,0.52487594,0.51990646,0.51535594,0.5096466,0.49755344,0.49071512,0.48087698,0.47941455,0.46947628,0.4631229,0.45928878,0.45014396,0.44103163,0.43386212,0.42568785,0.41902274,0.41438207,0.40911365,0.40692616,0.39664614,0.39065975,0.3820746,0.3745649,0.36462802,0.35655543,0.35176033,0.346455,0.33614594,0.3280403,0.31764084,0.3112536,0.30220947,0.29485637,0.28941557,0.27746308,0.27014858,0.2618179,0.25324863,0.246563
72,0.2213454,0.2140154,0.204265,0.19810507,0.1870269,0.17764953,0.17021753,0.16510253,0.15942039,0.15111823,0.13906817,0.12937309,0.121143736,0.10820697,0.101284966,0.095823795,0.08823393,0.08172913,0.07457407,0.067596,0.06251171,0.054484714,0.047318183,0.04531508,0.04141999,0.031999487,0.020673858,0.012020046,0.009403972,0.001789793,-0.0037557618,-0.013642853,-0.017660368,-0.024192622,-0.033066355,-0.039576273,-0.047229793,-0.05338972,-0.059773456,-0.06484406,-0.07135297,-0.077146664,-0.07937376,-0.085284464,-0.092751555,-0.100853704,-0.10825752,-0.113173224,-0.1189962,-0.1274445,-0.13542071,-0.1425906,-0.14505798,-0.1505005,-0.1552277,-0.1621704,-0.16677047,-0.17090607,-0.1739178,-0.18210466,-0.18752714,-0.19466911,-0.20311448,-0.20938513,-0.21312301,-0.21798606,-0.22263536,-0.2294549,-0.23827302,-0.24421616,-0.25038338,-0.25505078,-0.26118404,-0.26426262,-0.2702382,-0.27621558,-0.2834778,-0.2894313,-0.2938829,-0.3008674,-0.30665535,-0.31217864,-0.31680065,-0.32211107,-0.3292452,-0.33280545,-0.340046,-0.34492582,-0.3506235,-0.35533613,-0.36116505,-0.36650482,-0.37128606,-0.3770558,-0.3781049,-0.38352746,-0.3868488,-0.39059085,-0.39500338,-0.40229464,-0.40802488,-0.4099742,-0.41655555,-0.4234826,-0.4283882,-0.43363768,-0.44051957,-0.4450461,-0.45137793,-0.45371118,-0.45990914,-0.46453556,-0.4663197,-0.4701263,-0.4753151,-0.47998476,-0.48481315,-0.49089718,-0.50032365,-0.50649965
73,-0.52003294,-0.52134436,-0.5225998,-0.5281037,-0.53097355,-0.5338044,-0.5364109,-0.5369241,-0.54782516,-0.55131406,-0.557584,-0.5622983,-0.5662493,-0.5717336,-0.57358915,-0.57835925,-0.5842794,-0.5887632,-0.5935923,-0.5983268,-0.6007571,-0.6020343,-0.60573786,-0.6056311,-0.60833156,-0.6136529,-0.6135789,-0.6192787,-0.62682307,-0.6327138,-0.6392542,-0.6414406,-0.64811563,-0.65609777,-0.66121596,-0.666848,-0.66966337,-0.674773,-0.68090045,-0.6811431,-0.6871582,-0.6935526,-0.6972164,-0.70400876,-0.70740795,-0.7146527,-0.7215575,-0.7291793,-0.7348549,-0.74317724,-0.7483202,-0.756562,-0.76399636,-0.76888317,-0.77576023,-0.78331363,-0.7867922,-0.7928573,-0.79896724,-0.80235827,-0.8088687,-0.812799,-0.8215048,-0.8304346,-0.8338645,-0.8363326,-0.8423792,-0.8458848,-0.85151225,-0.8569603,-0.8679843,-0.87236387,-0.872577,-0.8778912,-0.8847248,-0.888364,-0.8942505,-0.8987632,-0.9051784,-0.90916145,-0.9145101,-0.9217626,-0.92622536,-0.93201905,-0.9353598,-0.94092005,-0.950791,-0.95714206,-0.96156263,-0.966512,-0.97181004,-0.97974813,-0.9856285,-0.98897475,-0.9956619,-1.0022714,-1.008265,-1.0107745,-1.0206175,-1.0266922,-1.0367877,-1.037904,-1.0464582,-1.0551088,-1.0589167,-1.0664014,-1.0694516,-1.0763808,-1.0806385,-1.0846035,-1.0919263,-1.0980273,-1.1045073,-1.1098673,-1.1166282,-1.1229059,-1.128833,-1.135052,-1.1402483,-1.1468298
74,0.23527119,0.22754323,0.22043543,0.20998998,0.19818151,0.1866342,0.1702818,0.1566405,0.14686574,0.13451305,0.12256203,0.10710271,0.096361056,0.08461464,0.073363796,0.06317121,0.054234184,0.045509923,0.033797152,0.022840846,0.012670329,0.005389479,-0.0031060134,-0.009513253,-0.021340054,-0.03036794,-0.03486624,-0.043602772,-0.05132892,-0.06369762,-0.07330914,-0.08197243,-0.08927362,-0.101806365,-0.11142007,-0.11796311,-0.12830226,-0.13835338,-0.14700748,-0.15633658,-0.16489814,-0.17265916,-0.17963164,-0.18643513,-0.19468051,-0.20020323,-0.20997556,-0.22066414,-0.23160616,-0.24129057,-0.2493792,-0.2567262,-0.2678927,-0.28101018,-0.2898596,-0.296312,-0.30499026,-0.31311652,-0.31666353,-0.3271262,-0.33466515,-0.34493488,-0.35540706,-0.36198243,-0.37265116,-0.3830281,-0.392049,-0.4005579,-0.41004044,-0.41614658,-0.42733946,-0.43442464,-0.44379473,-0.4527217,-0.45985675,-0.46821132,-0.47635508,-0.48400718,-0.492016,-0.50251335,-0.50863147,-0.51727545,-0.52364236,-0.5338256,-0.54222435,-0.55125755,-0.5616075,-0.5675453,-0.57742393,-0.58507764,-0.59397143,-0.6029967,-0.6093712,-0.61713094,-0.6275548,-0.6362572,-0.6444009,-0.649907,-0.6592748,-0.67070025,-0.6785251,-0.6793856,-0.6829936,-0.6910355,-0.700224,-0.7063083,-0.7113891,-0.7192964,-0.7280081,-0.73398685,-0.74366534,-0.75175714,-0.75673616,-0.76268435,-0.7718042,-0.78092754,-0.78948843,-0.7932768,-0.79662645,-0.8055646
75,-0.026067283,-0.029824188,-0.036336757,-0.042814516,-0.051534235,-0.05457756,-0.06212501,-0.07008199,-0.076086216,-0.07917204,-0.08491874,-0.089444086,-0.0901485,-0.0929555,-0.09853647,-0.104853794,-0.10835947,-0.11398806,-0.11641973,-0.12117348,-0.12200447,-0.12052568,-0.12171589,-0.12144928,-0.12426977,-0.12853469,-0.13324848,-0.13731688,-0.14020154,-0.14252953,-0.14819476,-0.15043427,-0.15402189,-0.15774146,-0.16358885,-0.16818757,-0.17156436,-0.17531738,-0.18005775,-0.1860831,-0.19079518,-0.19524555,-0.19288822,-0.19468954,-0.1984949,-0.20056741,-0.20519395,-0.21056123,-0.21444507,-0.21909735,-0.21980505,-0.223103,-0.22777121,-0.23092405,-0.23599294,-0.2397277,-0.24274102,-0.24838135,-0.25024286,-0.25542897,-0.2580498,-0.2619379,-0.26660687,-0.270777,-0.2728044,-0.27333745,-0.27892596,-0.28072315,-0.2857739,-0.2839217,-0.28461173,-0.2889972,-0.2918236,-0.29553154,-0.29781175,-0.30156806,-0.30583984,-0.30867893,-0.31100774,-0.31160852,-0.3136439,-0.31616893,-0.31655058,-0.31823695,-0.32181755,-0.32361972,-0.32808727,-0.32869697,-0.33084738,-0.33115843,-0.33695742,-0.3385379,-0.34119338,-0.3445071,-0.3486061,-0.35307696,-0.35631275,-0.35635456,-0.35989144,-0.3587122,-0.36302623,-0.36128584,-0.36351287,-0.368267,-0.36691386,-0.36761945,-0.36482733,-0.36754927,-0.36982226,-0.37013507,-0.37555856,-0.37744385,-0.38054207,-0.38434607,-0.3862813,-0.38780236,-0.38922596,-0.39035827,-0.39274734,-0.396493
76,-0.7126011,-0.71741825,-0.72434336,-0.73288405,-0.73984134,-0.74780065,-0.7542437,-0.76088774,-0.77006876,-0.7773422,-0.78209704,-0.78948486,-0.79416996,-0.8007766,-0.80712366,-0.8098111,-0.814717,-0.8199628,-0.8266061,-0.8305086,-0.83589315,-0.8425847,-0.8446903,-0.846768,-0.847406,-0.8524624,-0.8512434,-0.85742414,-0.862106,-0.8672918,-0.8738061,-0.8750294,-0.8776167,-0.87957335,-0.8841674,-0.88877314,-0.8927,-0.8949474,-0.8978468,-0.9011102,-0.9034173,-0.9053879,-0.9071867,-0.91443026,-0.9151164,-0.9210995,-0.9243566,-0.9273464,-0.9326312,-0.93518555,-0.9396939,-0.94132775,-0.94460934,-0.949104,-0.95124567,-0.9545139,-0.95715344,-0.96025217,-0.9603338,-0.96253824,-0.96496457,-0.9688346,-0.9730008,-0.976154,-0.9793881,-0.9806242,-0.98462534,-0.98666656,-0.9865751,-0.9876412,-0.9905063,-0.99132526,-0.9925483,-0.9950501,-0.99574566,-0.99844533,-0.9985855,-1.0020266,-1.0027568,-1.0059559,-1.0089617,-1.0129235,-1.0121257,-1.0139506,-1.0134091,-1.0151601,-1.0178118,-1.0189488,-1.0207615,-1.0215809,-1.0255495,-1.0268855,-1.0289124,-1.0265688,-1.0264518,-1.031009,-1.0332565,-1.0349634,-1.0380651,-1.0409256,-1.0436407,-1.0434413,-1.0465719,-1.0500011,-1.0522374,-1.0550768,-1.0550101,-1.0551661,-1.0569955,-1.0561529,-1.0569649,-1.0547167,-1.0531311,-1.0529921,-1.0551113,-1.0578278,-1.0600566,-1.060668,-1.0576084,-1.0596325
77,-0.72514135,-0.7239398,-0.72049963,-0.7189086,-0.72282076,-0.72717476,-0.7308953,-0.7285916,-0.7291456,-0.73004764,-0.7295399,-0.73273593,-0.7259789,-0.7219103,-0.7242312,-0.72727066,-0.7267257,-0.7282423,-0.7321823,-0.73252404,-0.73311096,-0.73623055,-0.73459184,-0.7329079,-0.7319928,-0.7303588,-0.72643363,-0.7265271,-0.7276807,-0.73093265,-0.7323669,-0.73028696,-0.73007023,-0.7310049,-0.7330938,-0.7337039,-0.7328708,-0.73639095,-0.7361779,-0.7341166,-0.73603594,-0.73609215,-0.73435265,-0.7344717,-0.73177654,-0.7348292,-0.7369961,-0.7384455,-0.74004704,-0.7386705,-0.73688364,-0.7339096,-0.7323457,-0.732975,-0.73268765,-0.7315578,-0.7325487,-0.7324599,-0.73304003,-0.7321831,-0.7312162,-0.7311189,-0.7316395,-0.7324594,-0.73290503,-0.7266911,-0.7285458,-0.72647446,-0.72468674,-0.7216705,-0.7205757,-0.7178904,-0.7166138,-0.7152354,-0.71091413,-0.7107271,-0.71005905,-0.70941913,-0.7085743,-0.7062771,-0.7066745,-0.7077612,-0.7026776,-0.70071256,-0.69754565,-0.6984447,-0.6977841,-0.6929293,-0.69082695,-0.68765634,-0.68516475,-0.68120205,-0.68030816,-0.6781877,-0.68145245,-0.6792537,-0.67687196,-0.67298406,-0.670086,-0.6629908,-0.6623355,-0.6549659,-0.6506869,-0.6479007,-0.6447691,-0.6439618,-0.639843,-0.6407813,-0.6352781,-0.6321042,-0.6266613,-0.62180436,-0.61840653,-0.6156228,-0.615555,-0.6132411,-0.6115328,-0.6046467,-0.59847033,-0.59591585
78,1.015972,1.0111663,1.0068703,0.9994626,0.986681,0.97873175,0.9724919,0.9671378,0.9575567,0.9506733,0.9453762,0.9342049,0.9298543,0.9259564,0.9180415,0.912069,0.90683734,0.8999208,0.89429873,0.88635504,0.88446206,0.8810873,0.8756223,0.8710219,0.8677133,0.8631123,0.85519105,0.8488755,0.84160405,0.83775866,0.83130485,0.8237465,0.82187235,0.8154833,0.808836,0.8057865,0.7991236,0.79554766,0.78805524,0.78275955,0.7782558,0.774546,0.7686987,0.7626443,0.7554496,0.7496322,0.7422873,0.7368057,0.73135704,0.72496855,0.72222424,0.717702,0.7174527,0.71035707,0.70657593,0.70034575,0.69627535,0.6930013,0.6870262,0.68229556,0.6758567,0.6727072,0.6686219,0.6608009,0.6581887,0.6535677,0.64913094,0.6399437,0.6344763,0.6323129,0.62585676,0.6198982,0.61663574,0.6107937,0.60523224,0.60185397,0.59673774,0.59152925,0.5864606,0.5837527,0.57851315,0.5746025,0.5698909,0.56660974,0.55773795,0.55292106,0.54866296,0.5497133,0.54392326,0.5382032,0.5322676,0.5273,0.5236084,0.51618826,0.51014256,0.5076602,0.503166,0.50187784,0.50032437,0.49323493,0.4873113,0.48947924,0.4834985,0.47739053,0.47026342,0.4671685,0.46362916,0.45848593,0.45652825,0.45337805,0.44606876,0.4448313,0.44130367,0.43606502,0.4320919,0.4269289,0.42070112,0.41597533,0.41002923,0.40496826
79,0.59213436,0.5826758,0.5723006,0.5619997,0.55380183,0.5419493,0.53034866,0.52512854,0.51621306,0.5103122,0.49977168,0.49112678,0.47967902,0.46753734,0.45848998,0.45205754,0.4435285,0.43386894,0.42697206,0.4195692,0.41378003,0.40737835,0.39912546,0.39128634,0.3828985,0.375881,0.36289406,0.3583944,0.35069615,0.34523565,0.33791694,0.3333787,0.32723272,0.3200521,0.3139771,0.30601948,0.3016125,0.29375845,0.28881967,0.2837169,0.2754451,0.27032286,0.26426542,0.25955102,0.2504279,0.24405976,0.23976275,0.23335548,0.22724769,0.2208534,0.21777943,0.2120398,0.20468731,0.19873622,0.18856266,0.18084422,0.17818527,0.17180164,0.16638032,0.16112325,0.15587455,0.15030342,0.14395627,0.13611281,0.12937525,0.12402558,0.11410518,0.10718645,0.1027952,0.09555177,0.08977067,0.085473664,0.07909504,0.07285459,0.06787849,0.06058977,0.052055288,0.044995096,0.040230833,0.037642926,0.029470418,0.022230793,0.016435107,0.0132664535,0.0063603236,0.0016229402,-0.007106398,-0.01376231,-0.021853153,-0.026732335,-0.032809723,-0.038376722,-0.043492865,-0.056683302,-0.0599675,-0.06749342,-0.07281817,-0.07906161,-0.08598515,-0.09170375,-0.09946208,-0.10434071,-0.1124292,-0.12067088,-0.12713501,-0.13557056,-0.14205405,-0.15094528,-0.15698549,-0.16626218,-0.17387572,-0.18264532,-0.19225824,-0.20157142,-0.20970578,-0.21721525,-0.22587784,-0.2332735,-0.24176843,-0.24972658
80,0.91769135,0.90596896,0.8864973,0.87451756,0.86599034,0.85101926,0.840963,0.83049524,0.8172248,0.8067131,0.79432166,0.7817588,0.7695994,0.7566639,0.7485578,0.7399397,0.72951525,0.71532524,0.7056368,0.69339514,0.6816329,0.6716065,0.663592,0.65665656,0.6462345,0.63886386,0.63008994,0.62150925,0.6115477,0.6026271,0.59306335,0.5835593,0.5751096,0.56566006,0.55951256,0.5499366,0.54511666,0.535884,0.52656287,0.5198554,0.51105416,0.5036819,0.49519238,0.4837094,0.4738287,0.46465573,0.4576733,0.4490717,0.43977237,0.43068376,0.4188625,0.41055813,0.39911777,0.39060935,0.38200375,0.37307137,0.3674485,0.36189437,0.3544287,0.34508494,0.3346638,0.3258919,0.31590876,0.30888385,0.30141154,0.295132,0.28654674,0.27754992,0.27191883,0.26251882,0.25348502,0.24442723,0.2340769,0.22530039,0.21478829,0.20812777,0.20103645,0.19165936,0.18134746,0.17064461,0.16494974,0.15932725,0.14997643,0.14103124,0.13183013,0.124564074,0.11501187,0.10365409,0.096326075,0.08803557,0.082481906,0.073815234,0.069266506,0.06137619,0.051854383,0.043505616,0.031495925,0.021282699,0.013836598,0.012215254,0.0024273589,-0.0056307632,-0.010333864,-0.017680716,-0.023863155,-0.029166913,-0.03660477,-0.04365358,-0.05483194,-0.060559798,-0.069094524,-0.07300442,-0.08181069,-0.09051324,-0.0985477,-0.10650239,-0.11209891,-0.115853235,-0.121339716,-0.12584317
81,-0.4230005,-0.4338111,-0.4385302,-0.4478876,-0.4575917,-0.46390802,-0.47238213,-0.4770454,-0.48527256,-0.49175367,-0.49785966,-0.50605065,-0.5083488,-0.5177606,-0.5213201,-0.52148455,-0.52978027,-0.5384318,-0.54574776,-0.55128795,-0.5560068,-0.5616988,-0.5644211,-0.56579995,-0.5672449,-0.5729524,-0.58203304,-0.58848166,-0.5918639,-0.59954023,-0.6061531,-0.61113364,-0.6144811,-0.6187812,-0.6227438,-0.62820536,-0.63263017,-0.63838875,-0.64167,-0.6471454,-0.65025026,-0.65380824,-0.6591404,-0.6629187,-0.667529,-0.6722101,-0.67749274,-0.6817846,-0.687125,-0.69171673,-0.6919367,-0.69635713,-0.7023413,-0.7044401,-0.7085864,-0.71377176,-0.7202548,-0.7213374,-0.7286891,-0.7303957,-0.7349284,-0.7402034,-0.74371046,-0.75080556,-0.7544359,-0.7566299,-0.75904495,-0.7661476,-0.769118,-0.771858,-0.773429,-0.77540267,-0.77881616,-0.7834691,-0.78563684,-0.7882254,-0.7932337,-0.7987,-0.80460185,-0.8081471,-0.81100476,-0.81344426,-0.8147462,-0.8177293,-0.8194736,-0.8217866,-0.8250551,-0.8260633,-0.8327511,-0.8326982,-0.8360202,-0.8406825,-0.84265023,-0.8436661,-0.84671754,-0.85030174,-0.85245,-0.85146964,-0.8531933,-0.85756284,-0.860479,-0.856057,-0.85634375,-0.8597208,-0.86130667,-0.86375725,-0.8674854,-0.86978644,-0.8715519,-0.8721508,-0.8738958,-0.87780416,-0.87894917,-0.8802891,-0.8800805,-0.88239384,-0.8844269,-0.88366807,-0.88223183,-0.88773155
82,0.42076963,0.4107744,0.4003632,0.38990203,0.3788355,0.36757016,0.35990798,0.35182172,0.33904353,0.32690415,0.3196066,0.3090492,0.29819468,0.28688982,0.27481014,0.26398236,0.25265902,0.23974185,0.23014513,0.22134253,0.21253273,0.20140204,0.1934006,0.18490002,0.17543313,0.16703042,0.15600887,0.14997381,0.14245613,0.13177678,0.12214291,0.11049311,0.09983797,0.0902033,0.081405856,0.07342844,0.06301461,0.054766554,0.045478974,0.03589321,0.026265752,0.01855321,0.008161211,-0.0013578671,-0.012402652,-0.019373287,-0.02508459,-0.034458064,-0.04204706,-0.04930366,-0.058445,-0.063829385,-0.07184303,-0.07867316,-0.08697128,-0.0964091,-0.10317876,-0.1087446,-0.11519052,-0.12484901,-0.13099043,-0.13505524,-0.14044781,-0.1483217,-0.15408882,-0.16200426,-0.16944715,-0.177748,-0.18640845,-0.19540653,-0.20219246,-0.20584421,-0.21184902,-0.22201331,-0.22877176,-0.23698075,-0.24167363,-0.25048763,-0.2597603,-0.27039346,-0.27568346,-0.2812074,-0.28849378,-0.29529005,-0.30228013,-0.30950755,-0.31712466,-0.3222856,-0.32653207,-0.33242083,-0.33500427,-0.34038505,-0.34436452,-0.34594053,-0.3537592,-0.35900092,-0.36630124,-0.37028453,-0.3775701,-0.38025174,-0.38547546,-0.3824399,-0.38759878,-0.3954625,-0.40074858,-0.40509295,-0.41080204,-0.4181962,-0.42533055,-0.43188635,-0.43747973,-0.4432835,-0.44779342,-0.4551262,-0.46103677,-0.46762928,-0.4721199,-0.4779519,-0.4824016,-0.48902017
83,1.127921,1.1198269,1.1018344,1.089267,1.0757518,1.0648761,1.0541661,1.0430639,1.033257,1.0199004,1.0077851,0.99766254,0.9834646,0.9659095,0.9558815,0.9475759,0.9357441,0.9254255,0.91415393,0.9023094,0.8932573,0.88597476,0.87590456,0.86789703,0.8595072,0.84744513,0.83172923,0.8205253,0.81195164,0.80300856,0.79420096,0.7826267,0.7758374,0.7693752,0.7586841,0.74655026,0.73866284,0.7333864,0.721495,0.7114042,0.70115656,0.69244736,0.68084013,0.6727074,0.6643847,0.65028846,0.64155185,0.63325775,0.62539357,0.61701965,0.60904646,0.5992976,0.5889882,0.57928526,0.5714942,0.55971366,0.552567,0.54405546,0.5349,0.52815276,0.5195636,0.5107939,0.50352126,0.4969283,0.48787108,0.4817442,0.473241,0.46354026,0.45732325,0.4505059,0.44088787,0.433733,0.42811927,0.41807622,0.40463895,0.40008622,0.3938634,0.38653773,0.37844416,0.36845815,0.36230803,0.3546738,0.34992024,0.33990258,0.3364573,0.3313894,0.32491818,0.31970233,0.3127866,0.3042261,0.29824725,0.29229182,0.28823358,0.28002778,0.2739389,0.2672816,0.25743824,0.25172952,0.24305017,0.23620066,0.22801869,0.22062668,0.21438801,0.20593481,0.19779149,0.18994702,0.1851404,0.17964396,0.17187215,0.16543326,0.1577731,0.15208784,0.14635256,0.13943547,0.13179664,0.12553309,0.11674806,0.10855291,0.098406404,0.09310116
84,-1.4641732,-1.4657848,-1.4629157,-1.4670525,-1.4690039,-1.4720386,-1.4778548,-1.481776,-1.4845879,-1.487831,-1.4898502,-1.4923044,-1.493288,-1.4915737,-1.4961045,-1.5001351,-1.5068096,-1.5109162,-1.5196457,-1.5248773,-1.5268875,-1.5316164,-1.5343344,-1.5345066,-1.5364946,-1.5456214,-1.5399745,-1.5436044,-1.5457268,-1.5521666,-1.5602539,-1.5643642,-1.5704532,-1.5751162,-1.5847883,-1.591605,-1.5996038,-1.6072798,-1.6103033,-1.6161149,-1.6213318,-1.6263765,-1.6263955,-1.6284046,-1.6337068,-1.6341925,-1.6394548,-1.6458709,-1.6541827,-1.6624558,-1.6678387,-1.6730057,-1.678903,-1.6839333,-1.6914917,-1.6962414,-1.7023764,-1.7064295,-1.7069156,-1.7148182,-1.7217315,-1.7280405,-1.734313,-1.7396135,-1.7418951,-1.7409725,-1.7467334,-1.7491093,-1.7523302,-1.7569723,-1.7592537,-1.7635647,-1.7691419,-1.7742012,-1.7811569,-1.7885668,-1.7954094,-1.8012116,-1.8090832,-1.8130678,-1.8194011,-1.825684,-1.8274714,-1.8323253,-1.8369058,-1.8415972,-1.8499966,-1.8542554,-1.8574817,-1.8654635,-1.8700514,-1.8751891,-1.8788404,-1.8834369,-1.8890479,-1.8937508,-1.8987596,-1.9010744,-1.9073206,-1.9076738,-1.9127811,-1.9135568,-1.9174969,-1.9222103,-1.927331,-1.9286087,-1.933396,-1.9411621,-1.9449497,-1.9508854,-1.9536337,-1.9566549,-1.9616768,-1.9684118,-1.9748806,-1.980039,-1.981505,-1.981479,-1.9852531,-1.9930683
85,-0.044825286,-0.047469817,-0.054419763,-0.056604855,-0.063884936,-0.06723322,-0.07436328,-0.08655301,-0.08670752,-0.08849769,-0.08901273,-0.091022424,-0.09424682,-0.0989412,-0.10645809,-0.10933119,-0.114925586,-0.11896789,-0.12404536,-0.13044295,-0.13433334,-0.13798636,-0.14020276,-0.14282005,-0.15034345,-0.15458155,-0.15642598,-0.1586849,-0.16154182,-0.16830704,-0.173327,-0.17910188,-0.18362531,-0.19052489,-0.19763516,-0.20490365,-0.20971887,-0.2126188,-0.21826105,-0.22430602,-0.2276893,-0.23234859,-0.2364351,-0.24268731,-0.24691057,-0.24990089,-0.25667155,-0.263696,-0.26742676,-0.27334347,-0.2757607,-0.2800794,-0.28354055,-0.29234266,-0.29784364,-0.3043808,-0.30939683,-0.3143063,-0.3237056,-0.32836708,-0.33197546,-0.33920464,-0.34514207,-0.35551253,-0.3608659,-0.36766276,-0.3726381,-0.37803856,-0.38607627,-0.39104193,-0.39685303,-0.4024776,-0.40937433,-0.41270247,-0.41792685,-0.4230694,-0.42917913,-0.43629378,-0.44084877,-0.4450273,-0.45050234,-0.45482683,-0.46028376,-0.46839935,-0.47205552,-0.48012704,-0.4862102,-0.49006662,-0.4953336,-0.50185233,-0.5080484,-0.5107595,-0.514679,-0.5206238,-0.52808607,-0.53246117,-0.53731394,-0.5436869,-0.5498531,-0.5547091,-0.5620048,-0.5623909,-0.56766677,-0.57379,-0.5802593,-0.5878894,-0.58903414,-0.59720266,-0.59930503,-0.60482097,-0.61174953,-0.6192645,-0.6262047,-0.6315384,-0.63822544,-0.6463758,-0.6513232,-0.65604883,-0.6564158,-0.6661123
86,-0.44852394,-0.45181054,-0.4546012,-0.45964128,-0.4673347,-0.47330093,-0.47991744,-0.48662668,-0.48987332,-0.49661893,-0.5022673,-0.51072925,-0.50972086,-0.51413727,-0.5185143,-0.5247303,-0.5311481,-0.53662336,-0.5439948,-0.549934,-0.55191195,-0.55614126,-0.56025845,-0.5619311,-0.5696309,-0.57676303,-0.57463044,-0.5779134,-0.5792746,-0.5849994,-0.5891715,-0.59263235,-0.59562933,-0.5986351,-0.6038436,-0.6108233,-0.6142458,-0.6186651,-0.6223835,-0.6286081,-0.633458,-0.6386599,-0.64366513,-0.6474169,-0.650591,-0.6542202,-0.65951747,-0.6646836,-0.67135787,-0.6795951,-0.68393517,-0.6874783,-0.692696,-0.69672143,-0.7003163,-0.7065693,-0.7114218,-0.716426,-0.72039986,-0.7265534,-0.7338284,-0.73954827,-0.7440895,-0.7531747,-0.7580433,-0.7657587,-0.7716512,-0.78091824,-0.7882182,-0.7896591,-0.7952386,-0.80002177,-0.8051528,-0.80974007,-0.8129753,-0.8175949,-0.8241704,-0.8304291,-0.8351183,-0.8373281,-0.84417325,-0.85194826,-0.85715187,-0.86242914,-0.86858857,-0.8715782,-0.8771254,-0.8790366,-0.8828866,-0.8873558,-0.8929664,-0.90046567,-0.90073764,-0.90441287,-0.90716726,-0.9125503,-0.9202307,-0.92528754,-0.9296368,-0.9338323,-0.93920565,-0.94027674,-0.9467044,-0.95316505,-0.9578887,-0.9613024,-0.96824294,-0.9748357,-0.97861516,-0.98220015,-0.9859802,-0.9911312,-0.99565995,-0.99978054,-1.003935,-1.0102997,-1.0149643,-1.0187372,-1.0209534,-1.0278224
87,0.76390654,0.7527772,0.7393406,0.7249511,0.708255,0.69460523,0.68267614,0.6701993,0.6627663,0.65364563,0.6452148,0.63331974,0.62590706,0.6168333,0.60609186,0.5981972,0.5896393,0.5844121,0.5791588,0.56929654,0.5624094,0.5537198,0.5456757,0.5374019,0.52899396,0.5226747,0.5131905,0.5059414,0.4988846,0.49282447,0.48729077,0.48142442,0.47398552,0.46802625,0.46046823,0.4542776,0.44606382,0.44057646,0.43050855,0.4251606,0.41834798,0.4133092,0.40411502,0.39671844,0.38748518,0.38124195,0.37437785,0.36865926,0.3620833,0.3555691,0.3489769,0.34174508,0.33325362,0.3274401,0.32038257,0.31056017,0.30382937,0.29615912,0.28728852,0.28046483,0.27037793,0.26104078,0.2526922,0.24341471,0.2358586,0.2280736,0.21855824,0.21012175,0.20199092,0.19468464,0.18696763,0.17811257,0.17044745,0.16221797,0.15442899,0.14574367,0.13857186,0.13147856,0.123153664,0.11558493,0.1105116,0.099782966,0.09499683,0.08533107,0.0795781,0.06915878,0.06035022,0.054130465,0.04885031,0.04193129,0.030761903,0.026389565,0.019814089,0.008175011,0.0005521852,-0.005438622,-0.015071884,-0.020079916,-0.027187217,-0.036001824,-0.041898053,-0.04754301,-0.050833505,-0.05914215,-0.06657176,-0.07280095,-0.077911705,-0.08438196,-0.095221356,-0.09943855,-0.1072955,-0.1136958,-0.119163275,-0.12656409,-0.1366177,-0.14394698,-0.14737108,-0.15794,-0.16452841,-0.17119104
88,0.096523404,0.09242146,0.087542124,0.08028055,0.07804339,0.07474996,0.07053228,0.06497932,0.064181104,0.05914701,0.05433781,0.052067827,0.051972024,0.044061318,0.0429766,0.03953099,0.03776911,0.03442144,0.03437202,0.029859561,0.029071778,0.02761344,0.024919309,0.02453664,0.022393545,0.020520035,0.021270005,0.015407065,0.010352653,0.0096766045,0.007034263,0.0026433696,0.0022101488,-0.0022119507,-0.0066387565,-0.009273196,-0.0138869705,-0.016318042,-0.02006785,-0.023490643,-0.027454456,-0.029189313,-0.035872318,-0.037753306,-0.03792415,-0.03380982,-0.037155658,-0.042036656,-0.044546235,-0.048100613,-0.048366968,-0.052078635,-0.05480554,-0.059524387,-0.06397068,-0.066804186,-0.072454065,-0.07528737,-0.07759806,-0.08022256,-0.08365886,-0.08772584,-0.092426404,-0.09659139,-0.10108644,-0.101798914,-0.10717048,-0.11226664,-0.11865683,-0.122385584,-0.12929983,-0.1340486,-0.13712236,-0.14382815,-0.14828238,-0.15347269,-0.16266884,-0.1683527,-0.17358801,-0.18106759,-0.18280426,-0.18827114,-0.19313392,-0.19863862,-0.20025949,-0.20750225,-0.21217561,-0.21716538,-0.2166441,-0.22160523,-0.22620039,-0.23108554,-0.23621483,-0.24019405,-0.24556665,-0.25008672,-0.2553448,-0.2579146,-0.2636569,-0.26769128,-0.27263534,-0.276916,-0.28171358,-0.28575307,-0.29100648,-0.29596838,-0.30154744,-0.30715257,-0.3118958,-0.31413656,-0.3185839,-0.32703862,-0.3323743,-0.33791125,-0.34306368,-0.34934193,-0.35360578,-0.36113235,-0.36552593,-0.37351215
89,0.61546725,0.61396784,0.61070085,0.61181265,0.609027,0.6052622,0.6028396,0.60191095,0.5988846,0.59207374,0.5895538,0.5843066,0.582816,0.5776912,0.57410896,0.5735343,0.57168704,0.5698381,0.56727207,0.56269014,0.55852044,0.5541952,0.5523945,0.5511062,0.5499021,0.54581666,0.54169613,0.5415335,0.5377134,0.5353453,0.5353717,0.5310894,0.5307754,0.5258283,0.5245676,0.5229689,0.52189845,0.5231759,0.5228632,0.5219833,0.51876366,0.5167306,0.51268876,0.5100241,0.50666666,0.5025794,0.5022974,0.5024513,0.50394803,0.50348496,0.5028943,0.5051703,0.5014148,0.50106066,0.49716195,0.4962387,0.49697575,0.49771228,0.49902922,0.50120753,0.50214565,0.5022706,0.5010172,0.49869853,0.49535543,0.4924582,0.498295,0.4999051,0.5032325,0.5007578,0.499731,0.4996728,0.5006095,0.4979505,0.4983666,0.5019429,0.5055658,0.5078879,0.5088468,0.50804126,0.5103235,0.5164119,0.5146564,0.5108185,0.5110656,0.51087284,0.50979817,0.5092395,0.5131649,0.5114179,0.5125829,0.5130509,0.513132,0.51466924,0.5130711,0.5162603,0.5167275,0.5179757,0.51988465,0.51762336,0.5172962,0.52117527,0.5231037,0.52475965,0.5265106,0.52714896,0.52576315,0.52818334,0.5294106,0.5321709,0.53177005,0.5351059,0.53787446,0.5410737,0.5410017,0.5432766,0.5437205,0.54457027,0.54693854,0.5449586
90,-0.2858686,-0.2912123,-0.2921109,-0.29320824,-0.29407677,-0.29624975,-0.3040905,-0.30763304,-0.31119323,-0.31485167,-0.31853777,-0.3235914,-0.32621482,-0.32543543,-0.3268581,-0.3267599,-0.33230102,-0.33555594,-0.3357516,-0.34096855,-0.34305078,-0.34444314,-0.34480807,-0.34514922,-0.343019,-0.3501449,-0.35636765,-0.3593805,-0.36351663,-0.36475602,-0.36729425,-0.37005466,-0.37084225,-0.371106,-0.37191623,-0.3759943,-0.378951,-0.37911445,-0.37968108,-0.38088673,-0.38202095,-0.3855439,-0.38468343,-0.3856602,-0.3928303,-0.39259025,-0.3928118,-0.3937805,-0.3951773,-0.3981022,-0.398002,-0.4007987,-0.40449786,-0.4021383,-0.40492672,-0.40358075,-0.40167457,-0.39900717,-0.39803407,-0.3963421,-0.3946529,-0.39357108,-0.39187902,-0.3899934,-0.39039272,-0.39026412,-0.38858807,-0.38865766,-0.38897994,-0.3856922,-0.38361096,-0.38362142,-0.38479614,-0.38422912,-0.38032243,-0.3777401,-0.37444603,-0.37099475,-0.370431,-0.36889663,-0.36628038,-0.3670637,-0.3652303,-0.36664137,-0.36573738,-0.36559603,-0.36574596,-0.3671449,-0.36260518,-0.36119848,-0.356744,-0.35387343,-0.35121083,-0.3455659,-0.34767935,-0.3452436,-0.34401536,-0.33860236,-0.33543885,-0.3326095,-0.3304059,-0.32453334,-0.31993112,-0.31649464,-0.31395078,-0.31205675,-0.30498797,-0.3003158,-0.2976359,-0.29505205,-0.29307398,-0.29207373,-0.29126915,-0.28839386,-0.28666872,-0.28643247,-0.28533596,-0.28199214,-0.27893978,-0.27782515
91,-0.69146734,-0.69610393,-0.70378923,-0.7089701,-0.70949733,-0.7142054,-0.71764714,-0.7194916,-0.7214263,-0.7280746,-0.734217,-0.73869807,-0.74195653,-0.7430385,-0.744723,-0.74582756,-0.75133026,-0.75822234,-0.7653216,-0.7713593,-0.77815473,-0.7802449,-0.7826244,-0.78181183,-0.7858566,-0.7919842,-0.79233533,-0.79836804,-0.8024952,-0.80769235,-0.81417674,-0.8202152,-0.82384986,-0.824931,-0.82945615,-0.8365267,-0.84161586,-0.8466126,-0.8500519,-0.85482645,-0.8585774,-0.8654097,-0.8709157,-0.87174445,-0.8782169,-0.880027,-0.8818075,-0.88793546,-0.89263487,-0.8979149,-0.9012965,-0.90732896,-0.90943897,-0.91079295,-0.9190035,-0.9229166,-0.9260136,-0.9272278,-0.92539865,-0.92885935,-0.9301254,-0.9326555,-0.9371762,-0.9386902,-0.9412837,-0.9445716,-0.9469029,-0.9501365,-0.95414793,-0.95658004,-0.9612767,-0.9610842,-0.9628345,-0.9633752,-0.96483266,-0.96791446,-0.9687518,-0.96920204,-0.972792,-0.9759103,-0.9763408,-0.97657585,-0.975993,-0.9802977,-0.98112774,-0.98526144,-0.99063605,-0.99749976,-0.9974195,-0.9993342,-0.9978801,-0.99904406,-0.9995438,-0.99997157,-0.9979103,-1.0033182,-1.0053246,-1.0040177,-1.0055664,-1.0035468,-1.0048068,-1.0017059,-1.0019454,-1.0028434,-1.0051352,-1.0115621,-1.0115229,-1.0131414,-1.0143923,-1.0148792,-1.0156841,-1.014106,-1.0157902,-1.0175861,-1.0171918,-1.0176435,-1.0171728,-1.013358,-1.0138111,-1.0123299
92,1.3761814,1.3677657,1.3567374,1.3494923,1.3352449,1.3277606,1.3182952,1.3068869,1.2968285,1.2906729,1.283426,1.2746294,1.2642587,1.251511,1.2468525,1.2442929,1.2367516,1.2280052,1.2201487,1.2113916,1.2051928,1.2011586,1.1941433,1.1831577,1.1811881,1.1719415,1.1581904,1.1503934,1.1415452,1.1363307,1.1325004,1.1255066,1.1217349,1.1162463,1.1109402,1.1031239,1.0995922,1.0956256,1.0922205,1.0855823,1.07665,1.0712814,1.0598505,1.0532553,1.045846,1.0375826,1.0315844,1.0286875,1.025049,1.0193069,1.0135559,1.0066594,1.0033425,1.0000894,0.99257576,0.9891122,0.98827314,0.98410195,0.97764444,0.9729535,0.96644384,0.9637477,0.961627,0.95681876,0.9507616,0.94804287,0.9428733,0.9337519,0.931262,0.92621726,0.9173128,0.911428,0.90787125,0.89989424,0.8952745,0.89229786,0.88738585,0.8820486,0.87480956,0.87054455,0.8677567,0.86288786,0.85954124,0.8578849,0.8544245,0.8475382,0.8426837,0.83995616,0.83494675,0.8310006,0.8298631,0.8272438,0.825817,0.81755733,0.8100034,0.8060136,0.79794824,0.79055303,0.7862685,0.78149885,0.7742594,0.76813686,0.76444423,0.75909126,0.75855744,0.7509269,0.7500555,0.7471116,0.7422651,0.73904914,0.73176444,0.7271476,0.722888,0.71976596,0.7168927,0.71242714,0.70704067,0.70451516,0.6983342,0.6957137
93,0.94016254,0.92385924,0.9014233,0.8869581,0.8677484,0.85109645,0.8344781,0.8187194,0.80394495,0.7874196,0.7688651,0.75336796,0.7359785,0.71941876,0.7034613,0.68846315,0.67636025,0.662665,0.6476921,0.6342319,0.62310386,0.6103121,0.5978274,0.5843692,0.5718133,0.55855685,0.54889846,0.5395428,0.5260657,0.5126062,0.50041384,0.48680806,0.47179666,0.45967132,0.4456902,0.43409294,0.42185998,0.4089238,0.39694947,0.38288984,0.36887407,0.356166,0.3405847,0.32395273,0.30622116,0.2929367,0.27935907,0.2655714,0.25294408,0.23698494,0.22507223,0.21110317,0.19667445,0.18468407,0.16955936,0.15712078,0.14455768,0.13320881,0.12323327,0.10925951,0.09922945,0.08691885,0.076337576,0.06579442,0.053368915,0.042871665,0.030725729,0.0177698,0.004366926,-0.0037355027,-0.014434019,-0.023837937,-0.034261495,-0.045125347,-0.05830123,-0.071194276,-0.080165714,-0.09259469,-0.1031443,-0.11470368,-0.12643185,-0.13872764,-0.15023747,-0.16097434,-0.17033081,-0.18262514,-0.19352007,-0.20436807,-0.21195373,-0.22552498,-0.23522088,-0.24630734,-0.254114,-0.2625956,-0.27368456,-0.28666934,-0.29815653,-0.30704737,-0.32099736,-0.32752407,-0.33941397,-0.33991954,-0.35039178,-0.36184612,-0.372463,-0.38333955,-0.3941088,-0.40709376,-0.41816053,-0.42879215,-0.43988195,-0.45189205,-0.4642623,-0.47447485,-0.4859453,-0.49611554,-0.5061731,-0.5122217,-0.51973456,-0.53390944
94,1.3364813,1.3260844,1.3111085,1.2982777,1.2776171,1.2681954,1.2548833,1.242057,1.2294619,1.2176874,1.2028427,1.1869217,1.1748086,1.1640356,1.1530032,1.1421182,1.1325302,1.1203672,1.110005,1.102463,1.0919583,1.0842389,1.0756847,1.0659646,1.0564464,1.0453682,1.0313342,1.0225672,1.0111214,1.0025926,0.9931531,0.98167735,0.97181237,0.9629014,0.9508421,0.94031394,0.9280815,0.92059106,0.90983665,0.90098655,0.89030725,0.8813156,0.8737745,0.860579,0.8474221,0.83590066,0.8249947,0.81588954,0.80687654,0.79904306,0.7890776,0.778165,0.77041435,0.76082474,0.7511464,0.7420432,0.7330692,0.72757584,0.7196249,0.71054643,0.70318437,0.69685274,0.6909728,0.6854299,0.6785233,0.6728495,0.66478455,0.65688694,0.6503736,0.6437205,0.63652605,0.6303563,0.62112856,0.6081194,0.60184634,0.59493434,0.58622956,0.57698077,0.5692001,0.5605394,0.5525976,0.54289585,0.5363367,0.5309672,0.5264316,0.51966226,0.5122913,0.50475997,0.500113,0.494478,0.48559013,0.47715372,0.47118774,0.46511596,0.46044588,0.45180243,0.4481836,0.44182056,0.4341604,0.429003,0.42555556,0.42414325,0.4133728,0.40717348,0.40171432,0.39288396,0.38990778,0.38444045,0.37852463,0.37123916,0.3650903,0.3562148,0.35457268,0.3490905,0.34242037,0.33921537,0.33269414,0.32911664,0.3249222,0.31967807
95,-0.5427341,-0.5450001,-0.5485294,-0.5522256,-0.5554079,-0.56086236,-0.56692433,-0.5692506,-0.57506424,-0.57803875,-0.5796423,-0.5823614,-0.58539927,-0.5870299,-0.5906162,-0.594446,-0.60092133,-0.602219,-0.606088,-0.6128848,-0.6156658,-0.6186758,-0.6233225,-0.619059,-0.6234306,-0.62493974,-0.6188196,-0.62198246,-0.6229233,-0.6239463,-0.6254357,-0.62984145,-0.63361514,-0.6370057,-0.6409333,-0.64540786,-0.650338,-0.6543082,-0.65542614,-0.65835464,-0.66014546,-0.6634959,-0.66970223,-0.6727773,-0.6744175,-0.67563176,-0.68086225,-0.6871287,-0.69163656,-0.6987786,-0.7059287,-0.70964015,-0.71176565,-0.7150191,-0.7210383,-0.72490346,-0.728075,-0.7316973,-0.73388666,-0.7385062,-0.74362195,-0.74673563,-0.750586,-0.75759304,-0.76337457,-0.768174,-0.7745737,-0.78161603,-0.788475,-0.7935442,-0.7988053,-0.80047274,-0.80894315,-0.8136881,-0.8208109,-0.8257694,-0.8262602,-0.82987034,-0.83342826,-0.8361114,-0.8392086,-0.84585655,-0.84751606,-0.8525034,-0.85431874,-0.8605302,-0.8659781,-0.8707245,-0.8745409,-0.88015425,-0.8850614,-0.89073145,-0.89491063,-0.8986372,-0.9087345,-0.9114429,-0.91638404,-0.9168145,-0.9207465,-0.924188,-0.93348205,-0.93579787,-0.9371003,-0.94331753,-0.9473473,-0.95106685,-0.95872146,-0.9658885,-0.9743675,-0.9814205,-0.98700464,-0.9911728,-0.9964756,-1.0010827,-1.0080764,-1.0161203,-1.0192258,-1.0235115,-1.0248306,-1.0316542
96,-1.4699165,-1.4802653,-1.4874973,-1.4958757,-1.5112609,-1.5221016,-1.535326,-1.542908,-1.5508362,-1.5622432,-1.5688031,-1.5757548,-1.5837944,-1.5906136,-1.6020842,-1.6106018,-1.6212476,-1.628142,-1.639168,-1.6476921,-1.6541939,-1.658468,-1.6654686,-1.6667192,-1.6738001,-1.6827587,-1.6879345,-1.6929487,-1.6961515,-1.7078623,-1.7184252,-1.7288383,-1.7397861,-1.7497599,-1.7609301,-1.7727909,-1.7838862,-1.7931381,-1.8026457,-1.810889,-1.8198506,-1.8279358,-1.827327,-1.8333511,-1.8426244,-1.8502442,-1.8591673,-1.8725169,-1.8819968,-1.8941494,-1.9018877,-1.9095631,-1.9188436,-1.9275463,-1.9378595,-1.9482311,-1.9593846,-1.9665811,-1.9697411,-1.9835027,-1.9947755,-2.002489,-2.0141802,-2.0244308,-2.0337198,-2.0420554,-2.0529144,-2.0599494,-2.0692706,-2.0750124,-2.0876002,-2.0949795,-2.1021354,-2.1116853,-2.1197166,-2.1283174,-2.1353126,-2.144645,-2.1577399,-2.1697688,-2.1753583,-2.1846592,-2.1931584,-2.2013593,-2.2075584,-2.2141562,-2.2262032,-2.23285,-2.239961,-2.2463546,-2.2554724,-2.2635841,-2.2698796,-2.2759354,-2.2868366,-2.295383,-2.3030887,-2.3113444,-2.3261282,-2.3343368,-2.343677,-2.343958,-2.3529224,-2.3636472,-2.3710327,-2.3823645,-2.3878224,-2.4007394,-2.407254,-2.41394,-2.4246354,-2.4343967,-2.4420133,-2.449678,-2.4554029,-2.464383,-2.4715881,-2.4777553,-2.4841332,-2.4930627
97,-0.016976666,-0.021259893,-0.029272005,-0.036031485,-0.042785875,-0.04759317,-0.053115822,-0.061177384,-0.069867134,-0.07505663,-0.07702818,-0.08169189,-0.08579853,-0.09137727,-0.09626953,-0.10131949,-0.10692419,-0.11173898,-0.11613417,-0.122217454,-0.12514281,-0.13246849,-0.13614804,-0.1418535,-0.14853044,-0.15070644,-0.15325876,-0.15980826,-0.16669261,-0.17078866,-0.17418575,-0.17872468,-0.18326676,-0.18924975,-0.19710137,-0.20019548,-0.20230159,-0.20593305,-0.20931725,-0.21429792,-0.21886317,-0.22111157,-0.22558133,-0.22892728,-0.23118551,-0.23496039,-0.24163672,-0.24689198,-0.25078124,-0.25662065,-0.2586958,-0.26520398,-0.26816446,-0.2700247,-0.27654558,-0.28021374,-0.28204602,-0.28438705,-0.28971195,-0.29172683,-0.2952227,-0.29999286,-0.3058832,-0.31012788,-0.31329817,-0.31660417,-0.32196623,-0.32908005,-0.33399358,-0.3375213,-0.33964115,-0.34040022,-0.34430495,-0.35044885,-0.3531755,-0.3570314,-0.3640308,-0.36803165,-0.3717839,-0.3761863,-0.37867957,-0.38243482,-0.38493353,-0.39020002,-0.39372802,-0.39949614,-0.40416974,-0.40340644,-0.40677714,-0.41123468,-0.41665468,-0.41871428,-0.42226273,-0.428722,-0.4322741,-0.43944868,-0.4440289,-0.4448443,-0.44869405,-0.4490025,-0.4525372,-0.45634532,-0.45575276,-0.45861888,-0.45872027,-0.46124882,-0.4674655,-0.47132277,-0.47898436,-0.48411337,-0.4877294,-0.49350318,-0.4980741,-0.49932623,-0.50534415,-0.51134783,-0.51530236,-0.51779366,-0.5202931,-0.52670085
98,-0.15059935,-0.15965427,-0.1680726,-0.1856822,-0.19282618,-0.20034926,-0.2117019,-0.2235936,-0.2375836,-0.24678254,-0.25316218,-0.26248583,-0.27091408,-0.2814796,-0.2858778,-0.29118428,-0.29947665,-0.3033625,-0.30892506,-0.31883034,-0.32418045,-0.33237663,-0.33728462,-0.3454265,-0.35254756,-0.35917762,-0.36607763,-0.37182426,-0.3795461,-0.38656217,-0.3953689,-0.40204793,-0.40549308,-0.4137457,-0.4221992,-0.42604524,-0.4310736,-0.43541583,-0.4427971,-0.45086494,-0.45736948,-0.46334076,-0.46647587,-0.47119418,-0.4752943,-0.4849553,-0.49479884,-0.50100076,-0.5063928,-0.5133734,-0.51876456,-0.5284816,-0.53441095,-0.5404886,-0.551392,-0.56146026,-0.56510687,-0.5720634,-0.57404065,-0.58071357,-0.5865773,-0.59369934,-0.60347813,-0.6079441,-0.61201787,-0.6168969,-0.6233397,-0.632571,-0.6373621,-0.6411706,-0.6496643,-0.6550492,-0.6591029,-0.66352177,-0.6688926,-0.6749403,-0.68196934,-0.6879219,-0.695018,-0.70002234,-0.7081922,-0.71118313,-0.7167802,-0.7260212,-0.7317136,-0.7422371,-0.7490246,-0.7555064,-0.7627355,-0.76806587,-0.7761971,-0.78382254,-0.7867379,-0.78839153,-0.7920155,-0.80002534,-0.8068449,-0.81394273,-0.8211387,-0.82783604,-0.8331536,-0.84068096,-0.8465692,-0.85312194,-0.85427874,-0.85675764,-0.8596999,-0.8622801,-0.86982423,-0.8767686,-0.8811967,-0.88575447,-0.89047384,-0.8933512,-0.89956796,-0.9032199,-0.90960073,-0.9153732,-0.92048234,-0.9274945
99,-0.49798495,-0.49493614,-0.4933246,-0.49322543,-0.49758968,-0.49714977,-0.5005375,-0.5043486,-0.5067459,-0.5085524,-0.5072373,-0.50960946,-0.508153,-0.51242757,-0.51831067,-0.52231693,-0.5261386,-0.5284236,-0.5307051,-0.53531384,-0.5382273,-0.5408533,-0.54297155,-0.5424264,-0.54409236,-0.54816145,-0.55079395,-0.5558841,-0.5579784,-0.5633157,-0.5684867,-0.5703566,-0.57549393,-0.5798422,-0.5835643,-0.58626944,-0.58934796,-0.5952822,-0.5963849,-0.5982302,-0.6019182,-0.60231245,-0.60073507,-0.60401577,-0.60337555,-0.6040273,-0.6064477,-0.6117259,-0.6154224,-0.62025267,-0.6258538,-0.62800837,-0.63070333,-0.63283247,-0.6374285,-0.638281,-0.6405646,-0.6447298,-0.6491649,-0.650395,-0.65291667,-0.6587237,-0.6627933,-0.6701729,-0.6742779,-0.6745023,-0.67675126,-0.6770464,-0.6841253,-0.6865661,-0.6910795,-0.69452995,-0.6991809,-0.70187676,-0.7060987,-0.7125095,-0.71264267,-0.71579224,-0.7180228,-0.720571,-0.7238593,-0.72989076,-0.73013556,-0.73433316,-0.738105,-0.74102384,-0.7472298,-0.7511423,-0.75470126,-0.75646573,-0.76164615,-0.7671344,-0.7692026,-0.7734438,-0.77677953,-0.7818194,-0.7823484,-0.7843805,-0.7903756,-0.79043514,-0.79403234,-0.7962223,-0.79959553,-0.80459917,-0.8079716,-0.81399715,-0.8131958,-0.81696826,-0.82447976,-0.8281913,-0.83237666,-0.83324736,-0.8375796,-0.8432622,-0.8483327,-0.8543185,-0.8593513,-0.860284,-0.8635639,-0.86676437
100,-0.69178694,-0.69385266,-0.69676244,-0.7004449,-0.7066638,-0.711388,-0.71462464,-0.7164085,-0.71741974,-0.7194947,-0.7188857,-0.7236172,-0.7212609,-0.722751,-0.72168946,-0.7233851,-0.724753,-0.726424,-0.72977495,-0.7300863,-0.73086154,-0.73039937,-0.73083645,-0.728876,-0.72741175,-0.7297507,-0.72887033,-0.73179656,-0.73153734,-0.73432726,-0.734911,-0.7330428,-0.73076826,-0.73250026,-0.7340409,-0.7337225,-0.73460543,-0.7342447,-0.7332434,-0.7327407,-0.73135984,-0.7281183,-0.7276413,-0.72777534,-0.7302603,-0.72827506,-0.7311242,-0.7316499,-0.7328751,-0.7346817,-0.7370888,-0.73450816,-0.7314211,-0.732781,-0.7320218,-0.73349774,-0.73357457,-0.732843,-0.7338354,-0.733725,-0.735361,-0.7367817,-0.73768437,-0.7381691,-0.7378187,-0.73768103,-0.7382556,-0.73736894,-0.7379875,-0.7390122,-0.7395359,-0.73850703,-0.7381534,-0.7361688,-0.73594606,-0.73631984,-0.7360587,-0.7379781,-0.7378284,-0.73649895,-0.7372813,-0.7393962,-0.73747694,-0.73576933,-0.73432314,-0.7346998,-0.7371036,-0.7374842,-0.7396798,-0.73798215,-0.73724526,-0.73745,-0.73636925,-0.7355073,-0.7372513,-0.736718,-0.73767567,-0.7364592,-0.7377621,-0.7379682,-0.7368378,-0.732725,-0.734312,-0.736193,-0.7373838,-0.73929304,-0.73842824,-0.73962104,-0.743421,-0.7437475,-0.74633473,-0.74351543,-0.7428776,-0.7421529,-0.74230707,-0.74302113,-0.7443637,-0.7448806,-0.7427114,-0.7460491
101,1.737611,1.7280461,1.7134368,1.7003294,1.6856146,1.6752872,1.6631588,1.648979,1.6359113,1.6259683,1.6160284,1.6044009,1.5884413,1.5774357,1.5690005,1.5594887,1.5525532,1.5442979,1.535856,1.5238878,1.5154932,1.5076573,1.497875,1.4837272,1.4743302,1.4685525,1.4613888,1.448084,1.443823,1.4359298,1.4277469,1.418105,1.4106394,1.4014499,1.3940895,1.3883775,1.3820612,1.3764336,1.3683321,1.3608332,1.3518116,1.3433561,1.3310399,1.3224149,1.3160285,1.3060085,1.2973868,1.2903714,1.284979,1.2776005,1.2718841,1.2606623,1.2535942,1.2427602,1.2347006,1.2274063,1.2214789,1.2147313,1.205995,1.2003542,1.195841,1.1899449,1.18334,1.1787255,1.1690787,1.1628983,1.1557344,1.1490853,1.1434371,1.1374005,1.1319112,1.123221,1.1173351,1.1105549,1.105811,1.0998851,1.0928372,1.0835183,1.0762963,1.0731349,1.0681276,1.0633067,1.0600173,1.0476333,1.0431201,1.0343173,1.028436,1.0218729,1.0189346,1.0099707,1.007152,1.000415,0.99676675,0.9931692,0.98607695,0.9801427,0.9704052,0.96636075,0.9607617,0.9555294,0.94840395,0.94376266,0.9383041,0.9327303,0.9273863,0.9208657,0.9149939,0.91025466,0.9055003,0.8990715,0.8934137,0.8868987,0.88251275,0.87785023,0.8704624,0.86607456,0.8597785,0.85419667,0.84481704,0.83707255
102,1.7356246,1.7217697,1.702166,1.685592,1.6647656,1.6456499,1.633577,1.6211048,1.6085491,1.5935183,1.5785725,1.5650749,1.5487176,1.5282114,1.5146022,1.502834,1.4887927,1.4773201,1.4654095,1.4491694,1.4387038,1.4260504,1.4141936,1.4045827,1.3909485,1.3794992,1.3730056,1.3594353,1.3486578,1.3389356,1.3294275,1.3153782,1.3066909,1.2964313,1.2853794,1.2742052,1.2676544,1.2619941,1.2502123,1.2414905,1.2293231,1.2199224,1.2070428,1.1957128,1.1866301,1.1748228,1.1662126,1.1570604,1.149213,1.1412063,1.1302732,1.122237,1.113334,1.1028218,1.0915349,1.0817137,1.0740683,1.0649507,1.0565894,1.0481702,1.0389118,1.0298119,1.0212792,1.0131068,1.0024037,0.9928993,0.9841925,0.9733421,0.96574783,0.953967,0.944417,0.93721265,0.92912114,0.9187616,0.90916175,0.9021103,0.8947848,0.8843905,0.87814677,0.86987865,0.8647496,0.85772276,0.8532468,0.8442119,0.83561766,0.8267382,0.82036954,0.8100852,0.80723876,0.7954248,0.78663975,0.78120565,0.77156186,0.7654577,0.75821,0.75095046,0.7450379,0.74071425,0.73448145,0.72528476,0.71533525,0.7117257,0.70396805,0.69547683,0.6907735,0.6830309,0.6735147,0.6683756,0.6620873,0.6546954,0.6462718,0.6384715,0.6321591,0.6251576,0.61635417,0.6106634,0.60668755,0.6003157,0.59546417,0.5871838
103,-0.38120276,-0.38614455,-0.38670278,-0.39081836,-0.39579862,-0.40188152,-0.4093677,-0.41533035,-0.41942173,-0.427068,-0.4313261,-0.43813476,-0.44255438,-0.44463968,-0.45089126,-0.45676655,-0.463104,-0.465345,-0.47168937,-0.4772142,-0.48360285,-0.48577943,-0.48817387,-0.4905303,-0.49443978,-0.4974815,-0.50241613,-0.51060045,-0.51527584,-0.51932067,-0.5241947,-0.52929825,-0.535787,-0.5395349,-0.5451337,-0.5511093,-0.5555464,-0.561695,-0.5662581,-0.56996983,-0.57712567,-0.5816489,-0.58289635,-0.5863623,-0.5914398,-0.59647924,-0.60057414,-0.6055709,-0.6097305,-0.61577815,-0.62193596,-0.6246133,-0.6285366,-0.6325418,-0.6404646,-0.6464841,-0.6517854,-0.6546186,-0.6542618,-0.65752417,-0.663268,-0.66530573,-0.6691083,-0.67319626,-0.6779653,-0.68016636,-0.6849164,-0.68869007,-0.69492036,-0.6980038,-0.7023651,-0.70314664,-0.7073502,-0.7102939,-0.71280986,-0.7182738,-0.72311676,-0.72607344,-0.7283377,-0.7303554,-0.7317301,-0.7345039,-0.73749346,-0.7365534,-0.74028623,-0.74469084,-0.7503659,-0.7556492,-0.75878775,-0.7615667,-0.764843,-0.7656853,-0.7692178,-0.77144325,-0.77468616,-0.77785534,-0.7795295,-0.7792641,-0.7837265,-0.7834359,-0.78414786,-0.7785583,-0.7797682,-0.78545725,-0.78736013,-0.7918595,-0.79406583,-0.79775995,-0.7988184,-0.80493087,-0.80694276,-0.81251085,-0.81360847,-0.817304,-0.8211843,-0.8242588,-0.8268542,-0.828996,-0.82959366,-0.8330119
104,-0.25814003,-0.27290314,-0.28962445,-0.2994512,-0.31252795,-0.324318,-0.33120343,-0.33806404,-0.34642678,-0.35620803,-0.36805874,-0.37749305,-0.3849967,-0.3903641,-0.40123305,-0.40947992,-0.41907358,-0.4258716,-0.43365127,-0.44247255,-0.45097226,-0.45817786,-0.46639118,-0.471382,-0.47816318,-0.4885789,-0.4972945,-0.5060562,-0.509978,-0.51931274,-0.52792764,-0.5354417,-0.5438138,-0.55457336,-0.56363666,-0.5728711,-0.58496225,-0.59448034,-0.60491,-0.6132573,-0.6216779,-0.63259363,-0.64111626,-0.65173227,-0.6614248,-0.6702611,-0.6810137,-0.69137985,-0.70153445,-0.7125011,-0.72134787,-0.73288393,-0.73778117,-0.7463002,-0.7575093,-0.76855314,-0.77954197,-0.7884165,-0.79393053,-0.8064744,-0.81489545,-0.82597077,-0.83779013,-0.8489107,-0.85706437,-0.86431235,-0.8748806,-0.8843837,-0.89481103,-0.9037077,-0.9122238,-0.923087,-0.93733203,-0.9487332,-0.95946014,-0.9709528,-0.97860116,-0.98578614,-0.9987934,-1.0080849,-1.019215,-1.0264266,-1.0347885,-1.0410208,-1.0502115,-1.0574516,-1.0692446,-1.0776498,-1.0847694,-1.0941026,-1.1048423,-1.1115173,-1.120502,-1.1296108,-1.1406482,-1.1473786,-1.158192,-1.1632447,-1.1724646,-1.1786549,-1.1888779,-1.1925932,-1.2011333,-1.210024,-1.2180319,-1.2289852,-1.2386649,-1.2472798,-1.2526362,-1.2614987,-1.2709491,-1.278379,-1.2881058,-1.2981122,-1.3061396,-1.3149297,-1.3195671,-1.3240213,-1.3312552,-1.3395053
105,-0.34027055,-0.3408915,-0.34185007,-0.34389994,-0.34674203,-0.34998348,-0.3538068,-0.35753888,-0.3559405,-0.35744393,-0.35536608,-0.35622394,-0.3542864,-0.35419357,-0.3564983,-0.35583785,-0.3553219,-0.35820287,-0.3586647,-0.35965776,-0.35686573,-0.3558127,-0.3518673,-0.3509508,-0.3534467,-0.35490292,-0.35386086,-0.35322422,-0.35130978,-0.3513003,-0.35222226,-0.3505507,-0.34972855,-0.3480225,-0.34833983,-0.35050756,-0.35184675,-0.35125136,-0.35333118,-0.35113317,-0.35204068,-0.3534325,-0.35130268,-0.35281965,-0.3570668,-0.35945073,-0.35903418,-0.3612758,-0.36317503,-0.3646061,-0.36379546,-0.36118335,-0.3609488,-0.36367372,-0.36362526,-0.3647738,-0.36556652,-0.36807078,-0.36821657,-0.36839432,-0.369779,-0.36955032,-0.3700078,-0.37096864,-0.3718648,-0.3693403,-0.37270445,-0.3753536,-0.37545052,-0.37193495,-0.3695696,-0.37002003,-0.37113726,-0.37152186,-0.37211797,-0.37070265,-0.36967486,-0.36970657,-0.37205815,-0.37205654,-0.3721071,-0.37491727,-0.37329233,-0.3742826,-0.3725862,-0.3715437,-0.3751348,-0.37482303,-0.3744599,-0.3718075,-0.37463367,-0.3734684,-0.37265712,-0.3724184,-0.37107247,-0.3708127,-0.37244558,-0.37205756,-0.37220314,-0.37156147,-0.37262076,-0.37498027,-0.37344635,-0.37465745,-0.37519464,-0.37553304,-0.37946332,-0.3805712,-0.383197,-0.38033885,-0.38370723,-0.3842025,-0.38422638,-0.38330013,-0.38526502,-0.38716722,-0.38611513,-0.38503093,-0.38657084,-0.38697287
106,0.92513084,0.91353256,0.89847803,0.8858756,0.8719662,0.8579327,0.8434809,0.8336147,0.8229828,0.81069946,0.7988418,0.78523123,0.7730366,0.76080716,0.7515136,0.74060285,0.7314914,0.7180919,0.7089794,0.69800794,0.6911308,0.68160117,0.66916484,0.65498835,0.6447222,0.6343001,0.6229803,0.61278564,0.6054332,0.59563744,0.5869472,0.5761198,0.56836784,0.556733,0.55039424,0.53988874,0.532287,0.52601546,0.517946,0.5090386,0.49912181,0.49041444,0.478788,0.46929902,0.46073136,0.45193306,0.4400483,0.43094492,0.4249266,0.4167424,0.41185412,0.40307713,0.39581722,0.38812536,0.37764978,0.3669513,0.3594697,0.35092878,0.34573454,0.3398412,0.33223122,0.32372993,0.31643432,0.30581206,0.29766557,0.28468284,0.2745021,0.2673582,0.25859842,0.25081652,0.24254218,0.23384652,0.22841258,0.2240285,0.21739595,0.21184465,0.20294435,0.19336435,0.1837841,0.17471316,0.16603807,0.15748295,0.15048212,0.1433679,0.13503039,0.12707284,0.11800641,0.11065684,0.10588982,0.09661689,0.08823076,0.080690265,0.074378535,0.06635646,0.062546894,0.056898147,0.049948364,0.043305755,0.038798694,0.032964416,0.025666583,0.021392815,0.014450284,0.007428522,-0.00052048045,-0.011765878,-0.020833604,-0.027808929,-0.03297707,-0.039074864,-0.048800692,-0.055528443,-0.06454606,-0.06902605,-0.07633532,-0.08475651,-0.092814684,-0.09997415,-0.10695292,-0.11755059
107,0.73192537,0.7291883,0.72560275,0.7242178,0.7182364,0.71510506,0.70985126,0.7062596,0.7029896,0.697611,0.69087,0.68574625,0.679659,0.67701423,0.6740735,0.6751504,0.6737856,0.67101836,0.66784084,0.6649324,0.6660418,0.6671369,0.6661285,0.665555,0.66483253,0.6638471,0.6635288,0.66335094,0.66206604,0.6592078,0.6585564,0.65885293,0.656137,0.6541577,0.6537873,0.6553494,0.6554362,0.65497065,0.65121424,0.65039265,0.6491796,0.64884174,0.6491741,0.6483148,0.64732677,0.6431409,0.64220375,0.642171,0.64268947,0.64188266,0.6391922,0.63849556,0.63674617,0.63755864,0.6360066,0.63337195,0.6339885,0.63266224,0.63263977,0.6335491,0.6356004,0.63577366,0.63586867,0.6341427,0.63449574,0.6347767,0.63274986,0.6293548,0.6305183,0.62925565,0.62818605,0.62968063,0.6304476,0.63015354,0.6286064,0.6270834,0.62878466,0.6271794,0.627508,0.62649024,0.6270329,0.6277901,0.62968314,0.627526,0.628334,0.6255701,0.626171,0.62592596,0.6274636,0.6283414,0.6296208,0.63148147,0.63462704,0.6371794,0.6394342,0.63636935,0.6356207,0.63732624,0.63809776,0.63795036,0.63690794,0.6396862,0.6427206,0.6452216,0.6447265,0.64619637,0.6482791,0.6487843,0.6492582,0.651744,0.6520305,0.65112674,0.6493025,0.6503536,0.65035874,0.6526829,0.6546358,0.65635335,0.6577281,0.6584466
108,2.1866868,2.1774678,2.1628194,2.1513476,2.1339123,2.1217742,2.1123993,2.0984056,2.088468,2.0757298,2.0591297,2.0487094,2.037009,2.0230534,2.0171676,2.0070605,1.9988184,1.9848543,1.9767711,1.9675213,1.9576454,1.9483589,1.9389805,1.9267632,1.9176476,1.9092013,1.896225,1.8869512,1.8806999,1.8742192,1.8682842,1.8591677,1.8541658,1.8455429,1.8389018,1.8344405,1.8274708,1.8231004,1.8170033,1.8075126,1.7973213,1.7908518,1.7769665,1.7682736,1.7575557,1.7494713,1.7421488,1.7360821,1.7313083,1.7249043,1.717989,1.710221,1.7014017,1.6942103,1.6871376,1.6798795,1.6773307,1.6695912,1.6596988,1.65356,1.6481295,1.6421974,1.6364031,1.6298851,1.61744,1.6072922,1.6015326,1.5891995,1.5848259,1.579031,1.5728229,1.5640954,1.5568985,1.550681,1.5438173,1.5398607,1.5318899,1.526695,1.5225167,1.5169114,1.5141776,1.5065336,1.4982303,1.4903204,1.4861383,1.4778974,1.4733608,1.467558,1.4626458,1.4564149,1.4512666,1.443009,1.4421629,1.4358093,1.4292208,1.4231536,1.4186088,1.41419,1.407664,1.398124,1.3925607,1.3845718,1.3789203,1.3738265,1.3649973,1.3557519,1.3510978,1.3478205,1.3401203,1.3328491,1.3274724,1.3190336,1.3135502,1.3100065,1.3047901,1.2978725,1.291348,1.2850502,1.2797382,1.2710924
109,-0.90279067,-0.9083686,-0.9206516,-0.92944956,-0.93819827,-0.95077765,-0.95935345,-0.96756583,-0.97545874,-0.97823304,-0.9821304,-0.9859522,-0.990095,-0.9977996,-1.0047635,-1.0107704,-1.0168102,-1.0250654,-1.0300567,-1.0343755,-1.038774,-1.040054,-1.0439938,-1.0450156,-1.0501807,-1.0576528,-1.054377,-1.0572973,-1.0621883,-1.0693787,-1.0767487,-1.0795172,-1.08607,-1.0925255,-1.1006403,-1.1073368,-1.1124579,-1.1221633,-1.1279912,-1.1319336,-1.1382004,-1.1459234,-1.1541288,-1.1616968,-1.1705064,-1.1726793,-1.1791016,-1.1883125,-1.1961025,-1.204796,-1.2106825,-1.2178282,-1.2244003,-1.2295587,-1.2368878,-1.2428789,-1.2514384,-1.2554524,-1.2582014,-1.2647666,-1.270916,-1.2755868,-1.2834101,-1.2912855,-1.296047,-1.3025082,-1.3119732,-1.3169247,-1.3215911,-1.3282834,-1.3369267,-1.3437732,-1.3517833,-1.3562756,-1.3638933,-1.3730862,-1.3840702,-1.3891472,-1.3960193,-1.4004028,-1.4017109,-1.4067041,-1.4128519,-1.4174745,-1.4233516,-1.4302522,-1.4380326,-1.4431195,-1.4473168,-1.4526321,-1.4588554,-1.4664453,-1.4717789,-1.476986,-1.4780059,-1.4874175,-1.4933832,-1.4998779,-1.5063593,-1.5105,-1.5163647,-1.5126293,-1.5189313,-1.5263352,-1.5340494,-1.542999,-1.5509923,-1.5589379,-1.5637934,-1.5675561,-1.5746014,-1.581624,-1.5856063,-1.5932381,-1.6012675,-1.6061573,-1.6103423,-1.6151661,-1.6185061,-1.6222544
110,-0.57097584,-0.5787864,-0.58669585,-0.5935277,-0.600821,-0.611565,-0.61766165,-0.62155926,-0.62627107,-0.63709605,-0.6418108,-0.6484271,-0.6529545,-0.65961075,-0.66111505,-0.66668385,-0.6724334,-0.67639357,-0.68493974,-0.69067353,-0.6954137,-0.6977998,-0.69944483,-0.70124024,-0.70415586,-0.7098044,-0.70667493,-0.70696795,-0.711278,-0.7180047,-0.72382534,-0.72881126,-0.7340234,-0.7381302,-0.7444326,-0.7484025,-0.75340104,-0.760388,-0.76376027,-0.76635844,-0.77072394,-0.77521884,-0.77745134,-0.7827103,-0.7925904,-0.7985111,-0.8018575,-0.8092225,-0.8158041,-0.8205258,-0.82259595,-0.8236824,-0.828755,-0.83251715,-0.83822477,-0.84260833,-0.84970105,-0.8541643,-0.8566672,-0.8624856,-0.86895645,-0.8741797,-0.87849617,-0.88677007,-0.8923801,-0.8975102,-0.90319186,-0.9088222,-0.9104163,-0.91439503,-0.91780126,-0.9226564,-0.9300907,-0.93146056,-0.93583125,-0.9422871,-0.945996,-0.9506446,-0.9540347,-0.95752776,-0.95972556,-0.96512765,-0.9724706,-0.97653484,-0.9775835,-0.9844087,-0.99085283,-0.9927762,-0.9941474,-0.99908924,-1.0018874,-1.0083663,-1.0136997,-1.0154722,-1.0191139,-1.0248864,-1.0294254,-1.0316648,-1.0381556,-1.0427476,-1.0458927,-1.0430984,-1.0413593,-1.046047,-1.0492237,-1.0543379,-1.0580307,-1.0661833,-1.0697943,-1.0712236,-1.0758065,-1.0783021,-1.0780866,-1.0829947,-1.0890291,-1.0925777,-1.0908123,-1.0917158,-1.0933337,-1.0955974
111,1.7219894,1.7010425,1.67996,1.6615286,1.6415012,1.6253783,1.6071142,1.5897598,1.5738255,1.5595714,1.5413682,1.5249717,1.5095086,1.4856346,1.4731996,1.4581819,1.445166,1.4278033,1.4153333,1.3981302,1.3823471,1.3694404,1.3533113,1.342866,1.3270333,1.3133941,1.3004713,1.2880512,1.2735515,1.26145,1.2502091,1.2366148,1.2244428,1.2105128,1.1988739,1.1863765,1.1760659,1.165593,1.1542125,1.1406806,1.126656,1.1154909,1.1041901,1.0877196,1.075783,1.061105,1.0472922,1.0353634,1.023894,1.0133058,1.0025632,0.99070644,0.9797658,0.96695375,0.95691264,0.94384587,0.9356815,0.9224388,0.9105881,0.8982607,0.88639754,0.8754835,0.86601466,0.8527314,0.83854103,0.8263359,0.81582755,0.802811,0.79233694,0.780783,0.7717965,0.75977665,0.7478894,0.73739374,0.7240735,0.7148461,0.7030586,0.6931751,0.6810634,0.6677535,0.6622291,0.65205765,0.6410569,0.62817967,0.61608905,0.605412,0.5937788,0.5822557,0.57511723,0.56441396,0.55499643,0.54869074,0.5408983,0.53115445,0.52011335,0.5100208,0.4966186,0.4861951,0.4755462,0.46651083,0.45805496,0.4484787,0.44203454,0.4319381,0.42134133,0.41431063,0.4029656,0.3943862,0.3872313,0.38007277,0.37057456,0.35921296,0.35161847,0.3453621,0.33818954,0.32787183,0.31996986,0.30984318,0.30222532,0.2945493
112,2.184919,2.168362,2.1463747,2.1251206,2.1047227,2.0895622,2.076061,2.0560424,2.0371773,2.0229824,2.0076742,1.9933736,1.9732956,1.954109,1.9427636,1.9310482,1.9208126,1.9061857,1.8965317,1.8836037,1.8722632,1.8592027,1.8480539,1.8370371,1.8252176,1.8149395,1.8020675,1.7929411,1.7836053,1.7780523,1.77148,1.7638212,1.7559738,1.749533,1.7411737,1.7321094,1.7235752,1.7182398,1.709473,1.7008797,1.6900654,1.6841338,1.6750561,1.6639624,1.6523542,1.6407595,1.6302176,1.6222131,1.6142702,1.6057688,1.5993886,1.5898511,1.5808794,1.5730599,1.5657613,1.5572872,1.5521082,1.5425898,1.5354348,1.5276313,1.5179952,1.513461,1.5085475,1.5020826,1.4919003,1.4820726,1.4733787,1.4633253,1.4575769,1.4508241,1.4418669,1.432401,1.4241852,1.4151208,1.4070889,1.3995814,1.3903363,1.3823262,1.3755963,1.3662341,1.3586162,1.350722,1.3431419,1.3325155,1.3267194,1.3145761,1.3066324,1.2988173,1.2922685,1.2848411,1.2788093,1.2754397,1.2698878,1.2625217,1.2562301,1.2461145,1.2380738,1.2340882,1.2254977,1.2184956,1.2087072,1.1992371,1.1932057,1.1851882,1.1766462,1.1669385,1.1573042,1.1495479,1.1409521,1.1311315,1.1231658,1.114403,1.1081892,1.1034728,1.096711,1.0913489,1.082421,1.0732923,1.0652277,1.0608491
113,0.64335877,0.64003706,0.6361145,0.6293362,0.6219995,0.6182277,0.6164194,0.6117548,0.601784,0.5957991,0.59300977,0.5889257,0.5846957,0.57844603,0.5732589,0.5657493,0.56031924,0.5603471,0.55794364,0.550164,0.548102,0.5439656,0.54015386,0.5397114,0.5365527,0.5367054,0.5316499,0.53217757,0.5279189,0.5224482,0.5199109,0.5182594,0.51742876,0.5182615,0.5153274,0.51158977,0.5130728,0.5108508,0.5111601,0.51076114,0.5087925,0.5051454,0.50289553,0.49632922,0.4965021,0.4954702,0.49328318,0.49366793,0.49149007,0.49013335,0.48755416,0.4872617,0.48562798,0.48582572,0.48349142,0.48232508,0.4808116,0.48206106,0.47649652,0.4755951,0.4756136,0.47517267,0.47461042,0.47180367,0.46801552,0.46917096,0.46837878,0.46395436,0.4638589,0.4626742,0.45915192,0.46016225,0.4605658,0.46153075,0.46198726,0.45966476,0.45399252,0.4526394,0.45231095,0.4521602,0.4485241,0.4490823,0.4449679,0.44287878,0.44448644,0.44357204,0.44225532,0.44152132,0.44243297,0.4435486,0.44586888,0.44425082,0.44537625,0.44171244,0.4394145,0.43890852,0.43597502,0.43323988,0.43213788,0.43331966,0.4326991,0.43090552,0.43447733,0.43073767,0.4272194,0.42456675,0.42527613,0.42543095,0.423954,0.42338163,0.42376813,0.4231879,0.42502198,0.42491508,0.42712182,0.42450052,0.42775363,0.42775184,0.42530805,0.42548457
114,0.60396194,0.5945989,0.58242595,0.5735291,0.5612578,0.5480132,0.5357619,0.52683395,0.5154361,0.5043346,0.49588436,0.48614454,0.48032498,0.46953696,0.460452,0.4496673,0.4376523,0.43147177,0.4206747,0.4130466,0.40419865,0.39778984,0.39262015,0.38882732,0.38250095,0.3755743,0.37081355,0.36225745,0.35684794,0.3495933,0.343394,0.33517304,0.3283157,0.32334659,0.31683028,0.30931225,0.30268067,0.29897386,0.29341158,0.28363633,0.2760881,0.26898646,0.26084957,0.2568729,0.24564593,0.23988469,0.23217496,0.22550604,0.2199157,0.212086,0.20418164,0.19609104,0.18885015,0.18055926,0.17270295,0.16295396,0.15792108,0.14881977,0.14112441,0.1362678,0.12490995,0.11730313,0.10959698,0.099463925,0.091533795,0.08086924,0.07297056,0.060602657,0.05251791,0.04570652,0.036206488,0.027685076,0.018416435,0.00996153,0.0020439848,-0.004786188,-0.010524039,-0.018337248,-0.026886608,-0.0380649,-0.044296153,-0.051141687,-0.05917895,-0.06704166,-0.075614944,-0.084309086,-0.095692635,-0.10411388,-0.11105909,-0.117707945,-0.12725046,-0.13152485,-0.14107239,-0.15042052,-0.15770522,-0.16562536,-0.1742893,-0.18068634,-0.18827958,-0.19361463,-0.2015303,-0.21059194,-0.21831481,-0.22578697,-0.23642509,-0.24603567,-0.25668076,-0.26639405,-0.27446532,-0.28213376,-0.29217115,-0.29902366,-0.30687937,-0.31397915,-0.32380867,-0.33233938,-0.33942562,-0.3455476,-0.35437292,-0.36510366
115,0.69268453,0.68500626,0.67228156,0.66905725,0.6571351,0.64912164,0.6401762,0.6326715,0.6251234,0.6171131,0.6096152,0.60564196,0.5958236,0.58786654,0.58536816,0.5814215,0.5747069,0.56794107,0.5615775,0.55592644,0.55115145,0.54627943,0.54224145,0.53178173,0.5235409,0.51926416,0.51393366,0.50658894,0.50120175,0.49476105,0.49085784,0.48681355,0.48569784,0.47594553,0.4708534,0.46605206,0.46065277,0.45922333,0.4543039,0.44575945,0.43934527,0.43742323,0.4268826,0.41897497,0.41431418,0.41445246,0.4081778,0.4015997,0.3983263,0.39451903,0.3900777,0.3828522,0.38126478,0.37935087,0.37671408,0.37278324,0.37024516,0.3681739,0.36523765,0.36278564,0.36024648,0.35787082,0.3565812,0.3502526,0.34418613,0.34301117,0.34059396,0.33678743,0.33266816,0.32737267,0.32565275,0.32110193,0.31982324,0.31833583,0.31360933,0.30926567,0.30489537,0.30437362,0.30162868,0.29749253,0.29795912,0.29646462,0.29539624,0.2947564,0.2896753,0.2865746,0.28456962,0.28218523,0.28092515,0.2766096,0.27625835,0.27341193,0.27438003,0.2762441,0.27629274,0.27448037,0.26937193,0.2655755,0.26360255,0.26692536,0.26525962,0.26469678,0.26312038,0.2623092,0.26422387,0.26209986,0.2587852,0.25872898,0.2563834,0.25392237,0.25399056,0.24958923,0.24912325,0.24875677,0.2481122,0.24737327,0.24636519,0.24683407,0.24925312,0.24912293
116,0.35350457,0.34259558,0.33007747,0.32064098,0.31050578,0.2987464,0.28735483,0.27832648,0.26664266,0.25659198,0.25064757,0.24221501,0.23251417,0.22271606,0.2132794,0.20461261,0.19429111,0.18381414,0.17504056,0.16524772,0.1542852,0.14697453,0.13852087,0.13282312,0.12292172,0.1108598,0.10134182,0.091264844,0.085745044,0.07621729,0.06702335,0.056777842,0.049320254,0.04050558,0.032530263,0.020589307,0.012502899,0.0073752673,-0.00039220825,-0.0087012695,-0.017868528,-0.02462821,-0.034345932,-0.043245353,-0.048571307,-0.054873787,-0.062473476,-0.06966536,-0.076626346,-0.085738674,-0.09547575,-0.10594852,-0.11219386,-0.12083794,-0.12647882,-0.13726267,-0.14449984,-0.15371649,-0.16168754,-0.17068367,-0.18002747,-0.18768668,-0.19664,-0.20791845,-0.21645002,-0.22478314,-0.23492989,-0.2456233,-0.25174913,-0.2578941,-0.26883608,-0.27467123,-0.27888575,-0.29152113,-0.2989842,-0.30625468,-0.31090245,-0.3182585,-0.32936674,-0.3425947,-0.35069373,-0.35967904,-0.36506954,-0.37611964,-0.3878948,-0.3971504,-0.40840793,-0.417126,-0.42819777,-0.43642086,-0.44425806,-0.44951773,-0.45634413,-0.46761194,-0.47779387,-0.48877177,-0.5009463,-0.50793064,-0.5180646,-0.52888995,-0.5381342,-0.54362196,-0.557298,-0.5682186,-0.57798856,-0.59118694,-0.602201,-0.61330837,-0.6228627,-0.6354598,-0.6432546,-0.65582687,-0.6648664,-0.67197263,-0.68188393,-0.69392514,-0.70596683,-0.71186537,-0.72153556,-0.73415196
117,0.3104203,0.30462044,0.299483,0.29389125,0.28311652,0.27482152,0.26578802,0.25854436,0.24786755,0.24202617,0.24006405,0.23546584,0.22924164,0.22587843,0.22096074,0.21769917,0.21161123,0.20613222,0.20116499,0.19291145,0.18591198,0.17982921,0.17482378,0.17151694,0.16797388,0.16346332,0.15669696,0.15049747,0.14591374,0.13906977,0.13534698,0.13203955,0.12551959,0.12038909,0.11521292,0.10945879,0.105426416,0.09995896,0.094058715,0.08751744,0.084020756,0.08123399,0.07536643,0.06589837,0.06384393,0.05086828,0.045121245,0.038971987,0.035005163,0.029491508,0.02380794,0.016717374,0.010995494,0.005520726,0.00025362,-0.0055619334,-0.0093308585,-0.015191875,-0.017635327,-0.022650056,-0.028912151,-0.03195258,-0.036089726,-0.04145758,-0.050402354,-0.05685116,-0.06352362,-0.0687758,-0.074453846,-0.081891164,-0.08922035,-0.09448702,-0.10007869,-0.10478212,-0.11118372,-0.11827701,-0.121637486,-0.12841439,-0.13578002,-0.14277773,-0.14836468,-0.15734069,-0.16240697,-0.16763961,-0.17586534,-0.1837229,-0.19250771,-0.20022953,-0.20623484,-0.21132603,-0.21657455,-0.2221595,-0.22834682,-0.23612252,-0.24497695,-0.2522831,-0.2601933,-0.26630336,-0.2725983,-0.27680427,-0.28413957,-0.29252157,-0.2999301,-0.30740482,-0.3148463,-0.3222964,-0.32798928,-0.33492082,-0.34480512,-0.35385233,-0.36071485,-0.3689058,-0.37386924,-0.3819271,-0.3885111,-0.39612144,-0.4034404,-0.4110837,-0.41802153,-0.425623
118,0.2139614,0.20335937,0.19069263,0.18197724,0.1693972,0.15917882,0.14805445,0.13750856,0.12889725,0.12059431,0.11385065,0.1031479,0.09560566,0.08956868,0.084184416,0.0777556,0.07075624,0.06474387,0.056516267,0.050757736,0.042837705,0.039294526,0.029589767,0.020672154,0.015341121,0.007030517,0.0011722122,-0.004191297,-0.010242648,-0.019798499,-0.027574524,-0.034138974,-0.041786052,-0.049569,-0.05721458,-0.06553222,-0.07271614,-0.07989616,-0.08649498,-0.091146044,-0.09434962,-0.099906914,-0.104517564,-0.11011157,-0.11522721,-0.12232605,-0.12856337,-0.13327052,-0.14042047,-0.14875011,-0.15840523,-0.16447183,-0.1674062,-0.17649963,-0.1858169,-0.19360475,-0.19760218,-0.20600796,-0.20845392,-0.21350148,-0.22064558,-0.2266868,-0.23396173,-0.24269855,-0.25262177,-0.26332098,-0.2692369,-0.2758197,-0.2828614,-0.29001057,-0.29894707,-0.30466226,-0.3133645,-0.31908464,-0.32785314,-0.33363846,-0.34168845,-0.34680453,-0.35453206,-0.36324143,-0.37322804,-0.38098124,-0.38708305,-0.39611942,-0.4007019,-0.40873447,-0.41709265,-0.41940156,-0.42213267,-0.43126512,-0.4394299,-0.44910032,-0.4572464,-0.46243596,-0.46946993,-0.47650218,-0.48576933,-0.4930686,-0.50206053,-0.51144654,-0.51883614,-0.5286897,-0.5328287,-0.54050577,-0.5465306,-0.5500983,-0.5553977,-0.5651263,-0.5742047,-0.58100617,-0.588321,-0.59654295,-0.604577,-0.6111714,-0.6190899,-0.62549853,-0.63462275,-0.64296854,-0.64901924,-0.66024804
119,0.44719774,0.43167585,0.41374677,0.40041932,0.38395244,0.37205994,0.36097676,0.35162717,0.33842012,0.33101693,0.32390258,0.31351084,0.30455405,0.29249975,0.2853474,0.27676696,0.2712265,0.26110137,0.2502072,0.23976588,0.23053256,0.224333,0.2194031,0.21063001,0.19980548,0.19265468,0.18556821,0.18010151,0.17090276,0.16344973,0.15575658,0.14667916,0.13915394,0.133749,0.1253487,0.115251794,0.108372286,0.10151794,0.09684469,0.090110295,0.080806956,0.07428053,0.06961099,0.06136583,0.054747105,0.05012407,0.045301985,0.037337683,0.032151744,0.024665434,0.01635307,0.011061363,0.004181454,-0.0019280635,-0.007896947,-0.012436786,-0.019068586,-0.025231034,-0.030608034,-0.036242295,-0.04237259,-0.04612113,-0.052466683,-0.061094087,-0.06637751,-0.06920697,-0.07401191,-0.08378138,-0.089484416,-0.093872555,-0.10074751,-0.10503266,-0.1096591,-0.110971496,-0.11839702,-0.126836,-0.13137771,-0.13783936,-0.14159152,-0.14403383,-0.15115398,-0.15604956,-0.16145909,-0.16782352,-0.17275913,-0.1784025,-0.18403855,-0.18879865,-0.19072652,-0.19549033,-0.20055869,-0.2046932,-0.20792504,-0.21433072,-0.2193373,-0.22556026,-0.23189132,-0.23673782,-0.24385223,-0.2404305,-0.24518645,-0.24683039,-0.25099522,-0.25538835,-0.25781167,-0.2631264,-0.2647201,-0.270285,-0.27492884,-0.2808934,-0.28346094,-0.28986114,-0.29099572,-0.29818398,-0.29926118,-0.30453998,-0.30846018,-0.31074283,-0.3115874,-0.31317586
120,0.55229527,0.5381454,0.5207778,0.50063527,0.48261577,0.4685577,0.4499066,0.4361628,0.42039856,0.40507102,0.38912556,0.37699303,0.36407408,0.35062692,0.34101376,0.33010107,0.31880853,0.3032325,0.28863937,0.27429718,0.2670634,0.26041073,0.2515352,0.23513749,0.21972775,0.21058519,0.20329948,0.19537058,0.18421276,0.17660864,0.164965,0.15235902,0.14440767,0.13673106,0.12742035,0.11701913,0.10676209,0.099301174,0.09125836,0.08240468,0.07263107,0.06510034,0.051523328,0.039655916,0.030449172,0.024527311,0.016920567,0.008770432,-0.0005195473,-0.012238145,-0.016704936,-0.024536874,-0.033348296,-0.03982699,-0.046919942,-0.055293333,-0.06267172,-0.0729403,-0.07931046,-0.08638903,-0.09357807,-0.10185716,-0.109258875,-0.11700298,-0.124385655,-0.13037904,-0.13799424,-0.14430137,-0.1528592,-0.1618579,-0.17030516,-0.17832758,-0.18397492,-0.19069012,-0.20066932,-0.20468247,-0.2097485,-0.21893239,-0.22557664,-0.23199525,-0.23907991,-0.24699621,-0.25739536,-0.26489052,-0.27215374,-0.2781943,-0.28751987,-0.29076087,-0.29641572,-0.30267665,-0.30828664,-0.31665665,-0.32028085,-0.3256119,-0.33369187,-0.34279785,-0.35126916,-0.35648337,-0.36536017,-0.37325755,-0.378717,-0.3822928,-0.38629016,-0.38983274,-0.3932441,-0.40044123,-0.40395194,-0.41091323,-0.41406327,-0.41831917,-0.42661443,-0.43308383,-0.43653426,-0.4420936,-0.44958416,-0.45447868,-0.46232754,-0.46752566,-0.47130528,-0.4798047
121,0.7588646,0.7500693,0.7373687,0.72897464,0.71711445,0.7074679,0.69528294,0.68926966,0.6802882,0.6723603,0.66151834,0.6524397,0.64285576,0.6333879,0.62580067,0.6178924,0.6084087,0.5950615,0.5859417,0.57653344,0.5681881,0.5602724,0.55287397,0.54509723,0.5373788,0.5301689,0.5248295,0.51774114,0.5093437,0.50357896,0.49718475,0.48861152,0.48146987,0.47678024,0.47004706,0.46118435,0.45405883,0.44948688,0.44467893,0.43838176,0.4306795,0.42163914,0.41634217,0.4080645,0.40275955,0.39571464,0.3900641,0.38200814,0.37535518,0.36863855,0.35964292,0.35174182,0.34190774,0.335508,0.3283035,0.32265314,0.3160065,0.31016174,0.30464518,0.2998313,0.2928918,0.28543848,0.28023487,0.2742172,0.2660648,0.26184776,0.25534543,0.2516021,0.24199784,0.23535495,0.2268767,0.2203904,0.21420154,0.20996086,0.2033809,0.19890396,0.19263814,0.18859805,0.18123981,0.17714398,0.17256014,0.1660008,0.16074482,0.15585813,0.1503465,0.14667627,0.13889362,0.1328617,0.12717608,0.122027025,0.11836104,0.11342825,0.10901748,0.10185858,0.09562385,0.09050685,0.08385178,0.07879949,0.07262655,0.06989231,0.06622927,0.06352725,0.058897275,0.05301556,0.050463926,0.044277318,0.037869208,0.034051128,0.027087789,0.025164193,0.018497353,0.014345822,0.009234654,0.0046232035,0.00060179643,-0.0057452405,-0.010228517,-0.015709823,-0.020579206,-0.025334667
122,0.2083188,0.19507287,0.18522218,0.17197664,0.16200426,0.15215914,0.13654497,0.12534568,0.11503248,0.10429387,0.09164894,0.081439026,0.07006883,0.05566532,0.04699012,0.039424844,0.027342295,0.016601715,0.003967481,-0.006843233,-0.016351422,-0.025645677,-0.03407504,-0.045450278,-0.054506145,-0.06507026,-0.07812671,-0.08715682,-0.09494528,-0.10471801,-0.11590962,-0.12620258,-0.13576916,-0.14309537,-0.15218233,-0.16344762,-0.17327729,-0.18052703,-0.1904071,-0.20111701,-0.21151495,-0.22202353,-0.23063084,-0.23785023,-0.24560805,-0.25180095,-0.2599358,-0.26859996,-0.27672353,-0.28841242,-0.2974012,-0.3098789,-0.32210034,-0.33226198,-0.34194082,-0.35111937,-0.36047867,-0.36866063,-0.37527528,-0.38103837,-0.3895168,-0.40033013,-0.41088706,-0.42121583,-0.43084115,-0.43801436,-0.4485836,-0.4584473,-0.469633,-0.47501272,-0.4846004,-0.4932298,-0.5024991,-0.5129777,-0.5202793,-0.5296378,-0.5368574,-0.54313207,-0.55529237,-0.5638891,-0.572702,-0.5835335,-0.5902211,-0.6028304,-0.6101574,-0.6229355,-0.6352151,-0.64480466,-0.65474504,-0.66681635,-0.6753999,-0.68211323,-0.6909952,-0.7022766,-0.7100588,-0.7232472,-0.7349017,-0.7399598,-0.7498876,-0.7595461,-0.7679631,-0.76875216,-0.7745513,-0.783466,-0.79014874,-0.7977365,-0.80647767,-0.81693995,-0.8273139,-0.8351266,-0.84498775,-0.8518491,-0.8625,-0.86980665,-0.88171816,-0.89247847,-0.90034133,-0.9102808,-0.9167105,-0.93017405
123,0.2478371,0.23645516,0.22365776,0.21467972,0.2061001,0.19495179,0.18713042,0.17696989,0.16558567,0.15722638,0.14812405,0.14050339,0.13301675,0.12518692,0.11565788,0.110441744,0.10173259,0.0936379,0.090382405,0.080472395,0.073514685,0.068365276,0.063204184,0.06034123,0.053251456,0.04993317,0.04748336,0.042574562,0.034910273,0.030678589,0.025660988,0.024340276,0.020072898,0.015424967,0.010761552,0.005970926,0.0043906993,0.00044280142,-0.0058076563,-0.010728737,-0.018466149,-0.023978222,-0.02996316,-0.03597558,-0.04209243,-0.04597638,-0.05133878,-0.05542528,-0.060017504,-0.06502128,-0.07032953,-0.073701024,-0.077124126,-0.08087546,-0.08559093,-0.09000696,-0.091466226,-0.09484932,-0.09179589,-0.09363587,-0.09514475,-0.09763281,-0.10151501,-0.10500815,-0.108296655,-0.113326415,-0.11688068,-0.12105161,-0.12361288,-0.12814611,-0.132201,-0.13168254,-0.13445929,-0.13620387,-0.1408138,-0.14469211,-0.14673583,-0.15044543,-0.1551337,-0.15856841,-0.1610655,-0.16149671,-0.16321272,-0.16872646,-0.17030936,-0.17486945,-0.1790546,-0.18111017,-0.18392225,-0.1848254,-0.18525392,-0.1819425,-0.18125954,-0.18160287,-0.18539076,-0.1886119,-0.19135767,-0.18947789,-0.19272721,-0.1938102,-0.19580045,-0.19261727,-0.18761143,-0.1899682,-0.19223143,-0.19592866,-0.19704986,-0.19889908,-0.19841284,-0.20066652,-0.20105442,-0.2009201,-0.20225151,-0.20285563,-0.20443217,-0.20562558,-0.20705731,-0.20878765,-0.21023946,-0.2090793
124,0.4124773,0.4058774,0.39678675,0.38967502,0.37868887,0.36738446,0.3572424,0.35013723,0.3402896,0.3356374,0.33046132,0.32454905,0.3164566,0.30751508,0.30008578,0.29738975,0.29140705,0.29091245,0.2852605,0.28384355,0.28246045,0.2809431,0.27605715,0.2769267,0.27284303,0.27007738,0.26149902,0.25950187,0.25287697,0.24863115,0.24599805,0.24402133,0.24237666,0.23787828,0.23615178,0.23281746,0.23288047,0.23042464,0.22798526,0.22481215,0.22248225,0.22037947,0.22282286,0.22012837,0.21279283,0.20967412,0.20990726,0.20705943,0.20430374,0.19914964,0.19845709,0.19407079,0.18807857,0.18668629,0.18574011,0.18323201,0.18206367,0.18128468,0.1771387,0.17615347,0.17417157,0.17238864,0.17156729,0.16864032,0.16723153,0.16616125,0.1640737,0.16037932,0.15863541,0.15597329,0.15010402,0.14968617,0.15057883,0.14590229,0.14144972,0.13845071,0.13599741,0.13458179,0.1329852,0.12961708,0.1282192,0.12957959,0.1288864,0.12642202,0.122280225,0.11978404,0.116609,0.115776345,0.11794488,0.116085134,0.113877274,0.114545345,0.1142904,0.110324465,0.10449831,0.10037216,0.09762873,0.0984218,0.093722664,0.095219865,0.09262637,0.090811744,0.091207795,0.090056606,0.08970733,0.08499447,0.08080562,0.07834916,0.07352345,0.07440374,0.07418779,0.07341622,0.0722147,0.07281007,0.07038043,0.06784533,0.0684526,0.06696149,0.0629891,0.062480222
125,-0.06150412,-0.06808627,-0.07691203,-0.086410835,-0.09540465,-0.1038874,-0.11000098,-0.117076956,-0.12130898,-0.124331355,-0.12985262,-0.1330711,-0.1384069,-0.14703734,-0.15296802,-0.15580246,-0.16269732,-0.16492401,-0.17214157,-0.17929718,-0.18602853,-0.18728516,-0.19269359,-0.19938213,-0.2080853,-0.21311435,-0.22056043,-0.2276307,-0.23286958,-0.23687205,-0.24264865,-0.24678127,-0.25150648,-0.256851,-0.26211438,-0.2685959,-0.27433407,-0.28137156,-0.28343594,-0.28789648,-0.2912853,-0.29662973,-0.29826552,-0.30442658,-0.31358233,-0.31800303,-0.3227459,-0.32983023,-0.33654353,-0.34200722,-0.34452236,-0.34805638,-0.3549641,-0.36025593,-0.36632562,-0.3731922,-0.37723503,-0.38247856,-0.38745958,-0.39423165,-0.39921972,-0.4033503,-0.40947777,-0.41609207,-0.4219896,-0.42913547,-0.43654767,-0.4430302,-0.44838795,-0.45240816,-0.45937768,-0.46332273,-0.4693912,-0.47382385,-0.47967234,-0.4863854,-0.49343944,-0.5016507,-0.50998384,-0.5161629,-0.5227202,-0.52870244,-0.53239864,-0.54015636,-0.54486704,-0.5494565,-0.5569472,-0.5579587,-0.56230336,-0.5679356,-0.57221836,-0.5759336,-0.57900727,-0.58356774,-0.5931188,-0.5997849,-0.6067472,-0.61275756,-0.61925226,-0.62516654,-0.63091755,-0.6339821,-0.63864255,-0.64653015,-0.65164006,-0.66009235,-0.66610676,-0.67344904,-0.67951936,-0.6856357,-0.6920334,-0.69651455,-0.70187116,-0.71027726,-0.7175105,-0.723419,-0.72770613,-0.7328707,-0.74153495,-0.74752533
126,0.33677703,0.33023447,0.32086778,0.31348157,0.3085688,0.30036503,0.2943558,0.28650507,0.27908832,0.27313653,0.2674149,0.26139593,0.25409395,0.25119638,0.24541628,0.24113576,0.2348818,0.2282232,0.22087541,0.21384442,0.21153021,0.20717934,0.19829844,0.18995762,0.18230256,0.17689957,0.17287144,0.16655642,0.16180298,0.15660846,0.14812104,0.14451513,0.1410835,0.13861701,0.13163532,0.1254612,0.12143898,0.11641445,0.11219792,0.1080301,0.10344138,0.100351885,0.09171076,0.086520664,0.0804036,0.0726458,0.067574754,0.060055636,0.054272003,0.047663823,0.04368441,0.036401898,0.032556664,0.030507099,0.02503028,0.018944476,0.016632712,0.009363027,0.006056151,0.0015194872,-0.0025327862,-0.005203382,-0.012935534,-0.01598738,-0.022662062,-0.030365169,-0.03659975,-0.045781776,-0.051988162,-0.054630656,-0.060837023,-0.06573326,-0.07171939,-0.07431881,-0.07696462,-0.08259822,-0.08887751,-0.09500839,-0.10039306,-0.10376175,-0.11167946,-0.11572875,-0.12287714,-0.12792292,-0.13272631,-0.14129004,-0.14751393,-0.15044184,-0.15072446,-0.15702431,-0.16191104,-0.16472068,-0.1684804,-0.17050424,-0.17535922,-0.18200806,-0.18846992,-0.1937665,-0.19837959,-0.1997323,-0.20576937,-0.21017449,-0.21491496,-0.22236073,-0.22631602,-0.23325825,-0.23865958,-0.24401262,-0.24916133,-0.25525403,-0.2605435,-0.26921788,-0.27281767,-0.2769069,-0.28158018,-0.28678882,-0.29100406,-0.29718357,-0.30199546,-0.30499074
127,1.3894252,1.3776307,1.3598746,1.3456694,1.3273386,1.3125826,1.2982072,1.2860839,1.272384,1.2608203,1.2465404,1.2331655,1.2244003,1.206564,1.1973436,1.183893,1.1733868,1.1576912,1.1474197,1.1361808,1.1255863,1.1174082,1.1075373,1.0948923,1.0836583,1.0745438,1.0619525,1.0528905,1.0470084,1.0374324,1.0291778,1.0157354,1.0059055,0.9966391,0.987477,0.9782829,0.97078025,0.96347874,0.96031255,0.9535611,0.9452508,0.93459195,0.92371637,0.9123638,0.9011183,0.8910197,0.8811677,0.87249583,0.8638989,0.8539173,0.8446701,0.83889025,0.8287653,0.8218435,0.80982244,0.80006486,0.7933215,0.78812444,0.7824286,0.77211094,0.76427096,0.7566325,0.7508496,0.7411381,0.7313969,0.7235262,0.7154354,0.7056236,0.698084,0.68785113,0.67896324,0.66819465,0.6575958,0.64997935,0.64037055,0.63252246,0.6243128,0.6132358,0.60300237,0.5958785,0.5885061,0.57779765,0.5709665,0.5630611,0.5538798,0.5431053,0.53391206,0.5271167,0.51790357,0.5073456,0.49905172,0.49177018,0.4868022,0.48038906,0.47277498,0.46411148,0.45656568,0.44946074,0.4409306,0.43337542,0.42796788,0.41992545,0.41102943,0.40001282,0.39494026,0.38424137,0.37292594,0.36477718,0.35422534,0.3468628,0.3376852,0.3307554,0.32073802,0.31409928,0.30366382,0.2949161,0.28436533,0.2780317,0.27228576,0.26237735
128,0.5314497,0.5224265,0.5082102,0.4985934,0.48653716,0.4772934,0.46786243,0.4597436,0.4483459,0.43924198,0.42808342,0.41651964,0.4052094,0.39392194,0.38524002,0.37600717,0.36640057,0.35478252,0.34486395,0.33385918,0.3254221,0.31723815,0.3088234,0.30304134,0.29576594,0.28396076,0.28007814,0.27248555,0.2616644,0.253825,0.24527547,0.23497061,0.22601926,0.22095492,0.21375327,0.20378351,0.1989569,0.19128819,0.18639319,0.1797084,0.17012815,0.16102207,0.15300849,0.14578997,0.13788812,0.13083696,0.12465121,0.11516215,0.10799138,0.09687765,0.088975534,0.07749571,0.06687591,0.05804815,0.046711512,0.039038975,0.031761464,0.026304107,0.01908277,0.010406949,0.0038219015,-0.0032412778,-0.009519842,-0.017003838,-0.025173882,-0.033959646,-0.04240457,-0.0532661,-0.059476264,-0.066821404,-0.07665306,-0.08460002,-0.09051536,-0.09824715,-0.10497197,-0.112128735,-0.121189214,-0.12791245,-0.13717572,-0.14628796,-0.15395524,-0.16127053,-0.16658087,-0.17162569,-0.1823154,-0.18987173,-0.19890681,-0.20723684,-0.21293326,-0.22050929,-0.22481196,-0.23160751,-0.2387199,-0.242648,-0.24973068,-0.25845385,-0.26698402,-0.27038816,-0.27911562,-0.28485626,-0.2914341,-0.29861784,-0.30132037,-0.31021768,-0.3165309,-0.32425874,-0.33112583,-0.33798674,-0.34611732,-0.3555389,-0.36409184,-0.36996692,-0.37842456,-0.38411707,-0.38924044,-0.39835605,-0.40791258,-0.41115445,-0.41810736,-0.42896518
129,0.12839118,0.11965352,0.109235965,0.10278138,0.09367217,0.085360646,0.07549888,0.06889178,0.06018252,0.052721392,0.05037079,0.04324402,0.0343868,0.030535992,0.022390623,0.01706778,0.0104043875,0.003950726,-0.003994073,-0.013025299,-0.01871199,-0.025079658,-0.035503026,-0.039497145,-0.042824887,-0.05127229,-0.058523394,-0.06695313,-0.070896275,-0.08024578,-0.09016606,-0.098011196,-0.1052628,-0.11151948,-0.11897628,-0.12744409,-0.13511147,-0.14061691,-0.1483756,-0.15319586,-0.16380951,-0.1728131,-0.17966051,-0.18992156,-0.19401795,-0.20168869,-0.20758513,-0.21566713,-0.22165827,-0.23030198,-0.23660007,-0.24270646,-0.24929652,-0.25327533,-0.26095465,-0.2689554,-0.27697203,-0.28492218,-0.28980085,-0.29530007,-0.30410188,-0.31046003,-0.31712976,-0.3215732,-0.32475647,-0.32694238,-0.33266962,-0.33560953,-0.34503114,-0.35049292,-0.35917568,-0.36542773,-0.3724272,-0.38130182,-0.3887462,-0.3932951,-0.39941812,-0.40330625,-0.41098946,-0.41606912,-0.41974467,-0.42475423,-0.4302671,-0.43730497,-0.44069934,-0.45101762,-0.4581955,-0.46291918,-0.4676113,-0.47571182,-0.4806272,-0.4861525,-0.49212903,-0.49464688,-0.498411,-0.5048679,-0.5114094,-0.51419336,-0.52253425,-0.52361476,-0.5287358,-0.5307795,-0.5343205,-0.5402652,-0.5421588,-0.54743224,-0.550534,-0.55372924,-0.5622634,-0.5661111,-0.56992424,-0.5748851,-0.5782344,-0.5820083,-0.5861732,-0.5939401,-0.59896505,-0.59964097,-0.6062231,-0.61116207
130,0.18577705,0.18035968,0.17998222,0.1779159,0.17313656,0.17037867,0.16490653,0.16660912,0.16015053,0.15433975,0.15009554,0.14088893,0.13496155,0.1295319,0.12063453,0.11311674,0.10763379,0.10117458,0.09254056,0.08626333,0.07822848,0.070423044,0.064937785,0.062066935,0.058244474,0.050402183,0.040454738,0.036867183,0.032995295,0.026951607,0.022180581,0.016711395,0.011987759,0.006116232,-0.0013272603,-0.0059321676,-0.011814432,-0.016670158,-0.019654207,-0.02735036,-0.03194677,-0.038818747,-0.0420918,-0.046315316,-0.051966675,-0.053267926,-0.060477287,-0.06628514,-0.07244732,-0.07804055,-0.080754384,-0.08703015,-0.090490766,-0.09604429,-0.102349244,-0.106081806,-0.11185318,-0.11522295,-0.11531536,-0.11960344,-0.12198224,-0.128643,-0.13371523,-0.13352236,-0.13939784,-0.14134982,-0.14447966,-0.15147129,-0.15689412,-0.16228426,-0.16594632,-0.17168316,-0.17456897,-0.17703119,-0.18336509,-0.1875855,-0.19438118,-0.20150054,-0.20734206,-0.21319051,-0.21695963,-0.22025065,-0.22783439,-0.2302202,-0.23515582,-0.23973541,-0.24719921,-0.2506467,-0.25365216,-0.26194522,-0.26575875,-0.271387,-0.27519947,-0.28004363,-0.28128576,-0.2881317,-0.29035932,-0.2901258,-0.29442686,-0.29783398,-0.2999796,-0.29879257,-0.30485907,-0.3089764,-0.31176892,-0.31924114,-0.32276756,-0.32725495,-0.33363476,-0.33652726,-0.3426135,-0.34677252,-0.35150483,-0.35677063,-0.35979027,-0.3667447,-0.36955878,-0.37492508,-0.37918168,-0.38697603
131,0.07494081,0.07660947,0.07621526,0.075070165,0.07021234,0.06898703,0.06498035,0.061281092,0.05607436,0.052000813,0.049119208,0.049223937,0.048343427,0.04637943,0.04576824,0.042925112,0.042188443,0.041111443,0.039745938,0.03592961,0.033196516,0.033815127,0.031385235,0.032491926,0.02725851,0.024553997,0.029682374,0.030073905,0.026720714,0.023556525,0.020331284,0.01773272,0.014597246,0.0140497815,0.0115497615,0.010737854,0.007989277,0.00565707,0.0020744826,-0.0005552225,-0.0017658115,-0.004650862,-0.0047921385,-0.008356948,-0.0075485883,-0.012449289,-0.014236784,-0.018286465,-0.022476966,-0.022644158,-0.023708897,-0.024697399,-0.025977368,-0.022700708,-0.024479732,-0.02741005,-0.027677834,-0.026615793,-0.025499921,-0.025151432,-0.026294958,-0.02494885,-0.02457501,-0.025182387,-0.02835153,-0.027696932,-0.027643237,-0.026981201,-0.025301615,-0.026498586,-0.02739954,-0.025745958,-0.024003416,-0.0250467,-0.026332254,-0.025897583,-0.028015327,-0.025952885,-0.025636952,-0.025885087,-0.021784684,-0.019722274,-0.01648118,-0.01588854,-0.011317404,-0.00882626,-0.007263248,-0.0038808107,-0.0038100556,-0.0029853426,-0.00066702516,-0.0010301024,0.00080807507,0.004919934,0.0059024566,0.006659572,0.006797484,0.0075236373,0.007093443,0.0057257703,0.008836149,0.009558788,0.014393797,0.015587658,0.017438546,0.020871744,0.0183853,0.01956127,0.023724044,0.031278826,0.03770907,0.03461099,0.0362074,0.041416552,0.043815136,0.049900778,0.054628234,0.06054138,0.060568612,0.06553126
132,1.5250161,1.5147097,1.496537,1.4837308,1.4653646,1.4503855,1.4368185,1.4205171,1.4075116,1.3959839,1.3792837,1.3650255,1.3544663,1.3348944,1.3248752,1.3164074,1.3022192,1.2880188,1.2774856,1.2654731,1.2539256,1.2426561,1.2298446,1.2184435,1.2099888,1.1980555,1.1851641,1.1751568,1.1640728,1.1536139,1.1452128,1.1319569,1.1227484,1.1084001,1.0963675,1.0850656,1.0699575,1.0602176,1.0431579,1.0266862,1.015041,1.0050385,0.99271995,0.9821373,0.96693116,0.95847434,0.9445068,0.9307825,0.91840535,0.9015893,0.88475716,0.8682165,0.8538473,0.8366245,0.8231289,0.80677396,0.79457176,0.78003323,0.76738954,0.75261134,0.7351395,0.7194209,0.70362216,0.68524575,0.6717798,0.65677893,0.63852155,0.62168396,0.60782695,0.58878785,0.5696398,0.5557413,0.53774047,0.5178132,0.4997248,0.4835514,0.4702643,0.45134863,0.43279028,0.41607553,0.4001963,0.38195056,0.36482129,0.34274063,0.32267565,0.30567652,0.2858713,0.26778993,0.24818441,0.23180509,0.21236983,0.19645233,0.18081771,0.164231,0.14673528,0.12407651,0.10346961,0.08704148,0.06667809,0.04619345,0.027675781,0.010002317,-0.013394145,-0.030734751,-0.049433507,-0.073223576,-0.09272461,-0.114892736,-0.13451642,-0.15876754,-0.17856273,-0.20303282,-0.2253751,-0.24808243,-0.26893997,-0.2909636,-0.3121562,-0.33080453,-0.35015637,-0.3740304
133,0.92748773,0.9221646,0.91213876,0.90565836,0.89709485,0.8917085,0.88532305,0.87878436,0.87284756,0.8621362,0.85347575,0.84946537,0.8413275,0.831332,0.81931627,0.81331986,0.80372906,0.7938982,0.78395593,0.7731492,0.76434344,0.7574787,0.7496788,0.74318945,0.7303556,0.71985525,0.70771706,0.7044972,0.69738376,0.6935133,0.6865021,0.67568624,0.66874206,0.6610309,0.6542372,0.64631724,0.63958883,0.63349116,0.6236993,0.6144024,0.6062967,0.59759104,0.58919513,0.5804647,0.5730301,0.5629806,0.55377454,0.54636127,0.5395335,0.53100735,0.5258358,0.51980144,0.5118805,0.50737584,0.49835825,0.4898203,0.48461014,0.48186344,0.47632742,0.474437,0.46969557,0.4646756,0.4595194,0.4534909,0.44916207,0.44216076,0.4338897,0.42400876,0.41647506,0.41358835,0.4072733,0.39863414,0.39147645,0.3828074,0.37859076,0.3709206,0.36404794,0.35788935,0.3511308,0.34666634,0.34168175,0.3395396,0.3344316,0.32711673,0.3223607,0.31926182,0.31470683,0.3093176,0.3014899,0.29634917,0.28914577,0.28584602,0.28089783,0.2741027,0.26750448,0.26560915,0.25970346,0.2560945,0.24972686,0.2450136,0.24069901,0.2325496,0.22820349,0.22491689,0.21844856,0.21582875,0.2110701,0.20720212,0.20031779,0.19832018,0.1943551,0.18914905,0.18435082,0.18122998,0.17672403,0.17141117,0.16975152,0.16470428,0.15869783,0.1567361
134,0.54602253,0.5498038,0.5501315,0.54759824,0.54696393,0.55049783,0.5497493,0.54885143,0.55305374,0.55120146,0.5494481,0.5517434,0.54900295,0.5456009,0.54534787,0.5433563,0.5423924,0.5416746,0.5380355,0.5400574,0.54081386,0.5422492,0.54414153,0.54265213,0.537011,0.53626907,0.5337455,0.5295891,0.52600974,0.52795327,0.5269772,0.5260339,0.52433455,0.52482545,0.5232772,0.5220336,0.5218719,0.5212726,0.522707,0.5207312,0.51968586,0.5193156,0.51873654,0.5171093,0.5153802,0.5188404,0.5174692,0.5186416,0.51799524,0.5197977,0.52153003,0.5191245,0.521738,0.5205832,0.5189928,0.5185942,0.5193985,0.5195688,0.52189344,0.52527165,0.52451915,0.5241487,0.52300614,0.52247536,0.5208855,0.5214693,0.5222796,0.52223355,0.52259666,0.5195364,0.5183204,0.51686805,0.5134794,0.50943637,0.50980055,0.50820255,0.5092012,0.50774336,0.5048245,0.5048994,0.50615424,0.5041262,0.5023485,0.50382286,0.5036139,0.5008943,0.50050396,0.5003021,0.49984628,0.49654478,0.49899238,0.49776214,0.49957386,0.4989679,0.49765316,0.49600154,0.49601382,0.49406376,0.4957683,0.49614912,0.49681553,0.49887505,0.50114024,0.50057125,0.50310576,0.49813575,0.4948829,0.4935925,0.4902621,0.4915173,0.49013314,0.48847294,0.48776692,0.48508024,0.4819433,0.47886902,0.47650385,0.4756518,0.47645774,0.47815108
135,0.5735311,0.5636403,0.5489743,0.5368251,0.53063023,0.5241189,0.512496,0.50334585,0.49425435,0.483071,0.47521052,0.4660662,0.45179716,0.44237596,0.43680483,0.42923084,0.42032805,0.41466635,0.4051581,0.39253584,0.38239875,0.37626797,0.36705768,0.35387644,0.3430546,0.3291148,0.3231908,0.3151497,0.30495244,0.29678705,0.28793496,0.27862787,0.2683782,0.2610076,0.2538175,0.2448419,0.23757942,0.2295995,0.2211955,0.21301797,0.2026376,0.19331785,0.18173367,0.16939324,0.16194735,0.15270238,0.14391354,0.13639769,0.1286189,0.11990949,0.110790655,0.10012738,0.091845095,0.083923005,0.07283387,0.065472856,0.057720672,0.048629172,0.04593304,0.040837184,0.033520296,0.025248557,0.016189076,0.009604295,0.0008908279,-0.0065699676,-0.014766365,-0.0256136,-0.03422651,-0.041382957,-0.048830293,-0.05756895,-0.063993976,-0.07107843,-0.078248546,-0.08356268,-0.09012027,-0.09455378,-0.10542445,-0.11305386,-0.1186105,-0.12428129,-0.13211349,-0.13782702,-0.14017285,-0.14970806,-0.15668425,-0.1647692,-0.16774873,-0.17600025,-0.18219158,-0.1899484,-0.1966351,-0.1984921,-0.2070218,-0.21189897,-0.21978799,-0.22381353,-0.23306985,-0.23898609,-0.24464154,-0.2525615,-0.25511098,-0.26066065,-0.26598552,-0.27223775,-0.2803523,-0.28611335,-0.2931651,-0.297248,-0.30092478,-0.30774054,-0.31028444,-0.31520373,-0.31800267,-0.3230416,-0.3289839,-0.3338346,-0.3361416,-0.33623666
136,1.2520502,1.2470496,1.2321956,1.221698,1.2116497,1.2069782,1.1949437,1.183958,1.1746073,1.1677644,1.1611621,1.1544901,1.1461899,1.1352867,1.1321852,1.1277602,1.1186855,1.1068289,1.1000035,1.0945098,1.0894623,1.0815212,1.0782275,1.0728348,1.0639122,1.0581508,1.0450311,1.0406747,1.035651,1.0320218,1.0296942,1.0239977,1.0209347,1.0178525,1.0146827,1.0100853,1.0035951,1.0011582,0.9965024,0.9908498,0.9867322,0.984231,0.9776262,0.9725353,0.96690494,0.9598013,0.9548807,0.94988203,0.9453152,0.9391363,0.93472844,0.92987454,0.92389977,0.9175557,0.9143952,0.90839547,0.9047788,0.9001765,0.8961342,0.89220065,0.88875455,0.884693,0.881801,0.87552845,0.865496,0.8597493,0.8544968,0.84638005,0.8375019,0.8280095,0.8196777,0.81472266,0.80793506,0.7997614,0.792456,0.7883704,0.78731763,0.7803119,0.77356845,0.76636434,0.7595352,0.75229675,0.74388605,0.737338,0.73158026,0.7275969,0.72136515,0.7142367,0.7092812,0.7013489,0.6956148,0.6884287,0.683354,0.6713344,0.6635272,0.6571859,0.65433186,0.6486612,0.64217114,0.6358994,0.6269833,0.6196964,0.61277795,0.608923,0.6051102,0.595704,0.59082985,0.5838333,0.5756477,0.5707346,0.56333226,0.5550429,0.5491889,0.54411113,0.5339025,0.5245683,0.5173854,0.5086597,0.5016911,0.49283686
137,1.1750695,1.1679901,1.15754,1.14929,1.1383445,1.1343304,1.1257927,1.1218364,1.115333,1.1090081,1.101821,1.0929806,1.0930114,1.0794773,1.0738009,1.0671123,1.0632465,1.0563056,1.0528368,1.0430685,1.0405474,1.0350871,1.0310738,1.024572,1.0178685,1.0142758,1.0077586,1.0041897,0.9994111,0.99465835,0.99197733,0.98550147,0.9854225,0.9805207,0.9757067,0.9730592,0.9721528,0.969703,0.96593344,0.9633498,0.95750684,0.9558896,0.95069057,0.9432212,0.9410691,0.9358195,0.93204194,0.930923,0.92898977,0.92568606,0.9254794,0.92636555,0.9246597,0.9183367,0.91562986,0.91422623,0.9113647,0.90818596,0.903718,0.8998046,0.89949703,0.89627695,0.89421785,0.8922268,0.8880249,0.8827556,0.8811321,0.8771199,0.87708485,0.8730318,0.86986524,0.8680952,0.8682071,0.8623746,0.85637677,0.85333395,0.8490857,0.8437499,0.8412115,0.83733904,0.8368351,0.83598435,0.8358575,0.83005154,0.8305381,0.82937706,0.8272282,0.8253295,0.8268272,0.82833326,0.828475,0.82857084,0.8299886,0.8238905,0.822453,0.8217924,0.8204924,0.8201004,0.8196249,0.8178835,0.81731004,0.81289166,0.8159664,0.8144396,0.8153016,0.8141073,0.8121621,0.8117159,0.80974644,0.81168854,0.8092934,0.811127,0.81273824,0.81174105,0.8124989,0.8129613,0.811823,0.8095592,0.81072176,0.8104412
138,1.7775581,1.7681614,1.7533636,1.7348158,1.7146553,1.6964648,1.678722,1.6643054,1.6516955,1.6374239,1.6201723,1.6039451,1.5902364,1.5755541,1.5657921,1.5556643,1.5427866,1.5303491,1.5186276,1.5048364,1.4917803,1.4803084,1.4643233,1.4550594,1.4442282,1.4302557,1.4167174,1.4018854,1.3905191,1.3797817,1.3660189,1.3540899,1.342803,1.3305767,1.3206053,1.311907,1.3012556,1.2917262,1.2776673,1.2628518,1.2518394,1.242233,1.2273085,1.212882,1.20198,1.1880996,1.1746452,1.1636432,1.1529849,1.1403852,1.1268897,1.1150439,1.1039245,1.0904515,1.0810652,1.0691408,1.0591291,1.0449867,1.0331812,1.0233973,1.0121299,1.0003186,0.989882,0.9764512,0.96213645,0.94684905,0.9362938,0.9207734,0.9085301,0.8954981,0.88043296,0.87008846,0.86118525,0.8484923,0.8336571,0.82316554,0.8120864,0.80134773,0.78919935,0.7763169,0.7674948,0.75624084,0.7456968,0.7340208,0.7261183,0.7152014,0.7033781,0.69388694,0.68448335,0.67385775,0.6633624,0.6474694,0.63703674,0.62696,0.6155302,0.60395557,0.59571093,0.58408964,0.5702259,0.5578825,0.5459863,0.53201276,0.5198779,0.50862676,0.49639845,0.4823863,0.4699934,0.4574427,0.44874802,0.43953028,0.43058673,0.41693726,0.40771046,0.39954275,0.38887748,0.37768036,0.3644466,0.35268602,0.34314495,0.33095053
139,1.7204759,1.7117193,1.7029312,1.6887671,1.675766,1.6639462,1.6558434,1.6437267,1.6319586,1.6252995,1.6118634,1.6006819,1.5918163,1.576525,1.5682971,1.5615432,1.5550449,1.5492313,1.5440233,1.5375769,1.5332175,1.5293626,1.520596,1.5106536,1.507295,1.5003656,1.4943986,1.4888952,1.4819918,1.477442,1.473613,1.4668957,1.461539,1.4524366,1.447257,1.4408611,1.4372802,1.4313619,1.4214566,1.4155047,1.4094205,1.402426,1.392947,1.3829547,1.376962,1.3689119,1.3626626,1.3566277,1.351143,1.3441962,1.3386767,1.3304317,1.32508,1.3178427,1.3108613,1.3040898,1.2990818,1.2906182,1.2809366,1.2736982,1.2656947,1.2582581,1.249489,1.2406461,1.2321378,1.2239516,1.2163291,1.209783,1.2031338,1.1965847,1.1864606,1.1746984,1.1663544,1.1564746,1.1448314,1.1388451,1.1290596,1.1238279,1.1185379,1.1131871,1.1072873,1.0998765,1.0917897,1.0815799,1.073817,1.0648137,1.0589674,1.0477989,1.0402771,1.0311921,1.0225176,1.0120656,1.0048015,0.99780303,0.98630124,0.97968876,0.97151107,0.96509874,0.95755786,0.94870836,0.9392964,0.9290632,0.9229059,0.914554,0.90723866,0.8983959,0.88927495,0.8834583,0.87384635,0.86678135,0.85963106,0.8495723,0.84248036,0.83600986,0.8286489,0.8209914,0.8151436,0.8062421,0.7989315,0.79078066
140,-0.33338284,-0.34645972,-0.36157945,-0.37314117,-0.38932866,-0.39737552,-0.40933102,-0.42041317,-0.43027943,-0.44058165,-0.4525369,-0.4613448,-0.47144365,-0.47903842,-0.49075466,-0.49861842,-0.5095969,-0.5191639,-0.5309633,-0.54021513,-0.5431913,-0.5494867,-0.558324,-0.56338567,-0.57605505,-0.58215207,-0.59341526,-0.6021802,-0.6099464,-0.62180704,-0.63049257,-0.63934743,-0.6488921,-0.6585647,-0.66844285,-0.6784867,-0.68805754,-0.6979884,-0.7074618,-0.7154101,-0.7209219,-0.7289639,-0.7378782,-0.74817264,-0.7597519,-0.76401746,-0.7726399,-0.7834395,-0.7939383,-0.8047269,-0.81249905,-0.8197917,-0.83119154,-0.8409335,-0.851266,-0.8575112,-0.86576736,-0.8751718,-0.88381165,-0.8972427,-0.905233,-0.91367257,-0.92535436,-0.9357708,-0.9479443,-0.96203244,-0.97221076,-0.98286486,-0.99425334,-1.005019,-1.0140462,-1.0227704,-1.0326315,-1.0398953,-1.0509156,-1.0591118,-1.0714266,-1.0817599,-1.0917974,-1.1000855,-1.1083587,-1.1192873,-1.1283681,-1.1364914,-1.1451199,-1.1563215,-1.1693796,-1.1800607,-1.1872501,-1.1996129,-1.2118899,-1.2230438,-1.2320563,-1.2387956,-1.2489603,-1.2606999,-1.2692454,-1.2795548,-1.2910947,-1.2978871,-1.3048117,-1.3174738,-1.3269497,-1.3385127,-1.3502911,-1.3605034,-1.3722157,-1.3830801,-1.3909037,-1.3964398,-1.4102619,-1.4219295,-1.4322982,-1.444936,-1.4565831,-1.4656723,-1.4775455,-1.4860935,-1.4967542,-1.5052569
141,-0.11922635,-0.13065904,-0.13933738,-0.14901325,-0.15743831,-0.16274208,-0.17260697,-0.1799032,-0.1918287,-0.19918248,-0.20682459,-0.21624966,-0.220153,-0.22909136,-0.23401713,-0.24016862,-0.24600795,-0.25617838,-0.26582426,-0.276563,-0.28363228,-0.2912014,-0.30167753,-0.3102611,-0.31753623,-0.32686028,-0.32651696,-0.33490968,-0.3400693,-0.34897006,-0.35867217,-0.36675912,-0.37425104,-0.37636885,-0.38440937,-0.39246783,-0.40004808,-0.40684924,-0.41158184,-0.41466814,-0.42138004,-0.42711702,-0.43169388,-0.43922514,-0.44631615,-0.45354676,-0.46087486,-0.4677077,-0.4762589,-0.48332968,-0.4915977,-0.49949926,-0.5080267,-0.5142301,-0.52167386,-0.52806205,-0.53591526,-0.54199487,-0.54563653,-0.55177623,-0.55935264,-0.56973696,-0.575843,-0.5814309,-0.5858399,-0.58956695,-0.59561884,-0.6075295,-0.6161771,-0.6225162,-0.6301376,-0.6364174,-0.64318675,-0.6474927,-0.65348375,-0.6593536,-0.6658467,-0.6744565,-0.68017447,-0.68880475,-0.6951169,-0.7006854,-0.7037715,-0.7120741,-0.7152698,-0.7222656,-0.73088324,-0.73585045,-0.7390335,-0.7450961,-0.7488271,-0.7552114,-0.7630518,-0.7679928,-0.7722117,-0.7795387,-0.7842312,-0.7868576,-0.7929622,-0.7993815,-0.807432,-0.8082987,-0.81115454,-0.81590986,-0.82203627,-0.82778704,-0.83146876,-0.8392757,-0.8466703,-0.85145295,-0.8558529,-0.85955876,-0.8620385,-0.8632561,-0.868083,-0.8766227,-0.8819997,-0.88074225,-0.88321006,-0.8883869
142,-0.54405105,-0.5527513,-0.5603739,-0.56813896,-0.57438874,-0.5792335,-0.58600163,-0.59004533,-0.600242,-0.6123727,-0.6190411,-0.6294633,-0.63521326,-0.6397432,-0.64594996,-0.65249497,-0.66096056,-0.67160785,-0.6829977,-0.6928057,-0.6970128,-0.70670474,-0.71017236,-0.71554554,-0.7213198,-0.73074293,-0.7298654,-0.73726016,-0.7451152,-0.7545706,-0.7634605,-0.7697953,-0.77645195,-0.7792908,-0.7884325,-0.7960685,-0.8031349,-0.8099886,-0.8134432,-0.81742465,-0.8239894,-0.82873327,-0.8362638,-0.8459584,-0.85191095,-0.85633487,-0.8647133,-0.87172824,-0.8793023,-0.88795376,-0.8938505,-0.89634657,-0.9027993,-0.91154224,-0.9183402,-0.9242379,-0.9328248,-0.939407,-0.94493043,-0.9505267,-0.9562855,-0.9633907,-0.96923846,-0.97389615,-0.9792079,-0.9823429,-0.98799574,-0.9958035,-1.002699,-1.0070384,-1.008576,-1.0149708,-1.0210963,-1.0314033,-1.0382724,-1.0481012,-1.0526592,-1.059059,-1.0674052,-1.0709704,-1.0769006,-1.0827172,-1.0886548,-1.0910798,-1.098407,-1.1031584,-1.1114032,-1.1165477,-1.1231394,-1.1239631,-1.1284759,-1.1369983,-1.1444538,-1.1483141,-1.1522315,-1.1595914,-1.1653925,-1.1691916,-1.174866,-1.1809635,-1.1860874,-1.1866583,-1.1911179,-1.1989567,-1.2020218,-1.2089174,-1.2112012,-1.217583,-1.2253765,-1.230645,-1.2361181,-1.237569,-1.241042,-1.2456088,-1.2504976,-1.2566398,-1.2572315,-1.2574308,-1.25978,-1.2660074
143,-0.27139816,-0.27660277,-0.28288966,-0.295008,-0.3035187,-0.3148268,-0.32511133,-0.33236632,-0.34041303,-0.346528,-0.34922257,-0.35937208,-0.36574486,-0.372418,-0.38026112,-0.38907397,-0.3975846,-0.40364534,-0.4120887,-0.42035827,-0.43036184,-0.43508974,-0.44322938,-0.45157346,-0.45932227,-0.4653669,-0.4718601,-0.47981215,-0.48731542,-0.4958076,-0.5008247,-0.50654,-0.5134499,-0.5185668,-0.5250882,-0.53497934,-0.5390127,-0.54561365,-0.55138004,-0.5566077,-0.56195056,-0.5698104,-0.5786862,-0.58738744,-0.5918642,-0.59539473,-0.60261786,-0.606816,-0.6121764,-0.6188794,-0.6249441,-0.6268631,-0.63235176,-0.63812476,-0.6441479,-0.65169394,-0.6585221,-0.66275924,-0.6692844,-0.6764295,-0.68440807,-0.69235563,-0.70049965,-0.70907485,-0.71619654,-0.71956843,-0.7240149,-0.73043424,-0.73661387,-0.7394411,-0.7454744,-0.75066054,-0.7550889,-0.7620456,-0.7683482,-0.7747942,-0.77929723,-0.78498375,-0.79033077,-0.7965291,-0.8043109,-0.8113743,-0.81616914,-0.82143414,-0.8261377,-0.83236456,-0.8395437,-0.84330714,-0.8489733,-0.8514681,-0.85977364,-0.86619806,-0.8718916,-0.8783352,-0.88213825,-0.88913214,-0.8972522,-0.90324515,-0.90946406,-0.91440755,-0.9230979,-0.92406785,-0.92582875,-0.93242514,-0.9373876,-0.940213,-0.9452058,-0.95157325,-0.9580409,-0.963659,-0.9708064,-0.9763793,-0.98184884,-0.98683465,-0.9907273,-0.9988135,-1.003063,-1.0056924,-1.0092186,-1.0145507
144,0.40759557,0.4021911,0.39343098,0.38014886,0.37368488,0.36635032,0.35962075,0.3519166,0.3414942,0.33406818,0.32451177,0.31685612,0.30807287,0.3008669,0.294108,0.28905237,0.28121006,0.27551144,0.26977408,0.26066113,0.25781703,0.25474858,0.24866924,0.2475708,0.23999846,0.23273787,0.22364011,0.22085488,0.21581395,0.21005301,0.20473976,0.20105894,0.19474725,0.19045702,0.18644933,0.18048202,0.17561045,0.1718208,0.17192498,0.16689079,0.16469733,0.1587112,0.15872006,0.15454546,0.14862368,0.14375925,0.13812667,0.13471282,0.13096872,0.12623164,0.122944996,0.121426225,0.117466554,0.11407763,0.10853664,0.10304155,0.09945924,0.09821329,0.094173,0.090869315,0.087600335,0.083867,0.07873906,0.07250683,0.07109735,0.068678096,0.064070016,0.057644285,0.052928757,0.04787675,0.043749593,0.0425498,0.036409143,0.03226953,0.028020184,0.024810862,0.021501647,0.01949296,0.016747333,0.01584889,0.010087328,0.009850366,0.006307033,0.0036286425,0.000948544,-0.00028797035,-0.0058706054,-0.009719389,-0.008307077,-0.01270285,-0.014262572,-0.018775271,-0.021081898,-0.023864007,-0.025630224,-0.026466811,-0.03212943,-0.031672813,-0.034100525,-0.03976222,-0.04392793,-0.04595564,-0.045719508,-0.04809188,-0.05432132,-0.05738098,-0.060067452,-0.06420867,-0.066633865,-0.0700138,-0.0742182,-0.07947074,-0.080644205,-0.08242586,-0.08774658,-0.09136821,-0.093890235,-0.0959412,-0.098191954,-0.10231763
