ROI,Month_0,Month_1,Month_2,Month_3,Month_4,Month_5,Month_6,Month_7,Month_8,Month_9,Month_10,Month_11,Month_12,Month_13,Month_14,Month_15,Month_16,Month_17,Month_18,Month_19,Month_20,Month_21,Month_22,Month_23,Month_24,Month_25,Month_26,Month_27,Month_28,Month_29,Month_30,Month_31,Month_32,Month_33,Month_34,Month_35,Month_36,Month_37,Month_38,Month_39,Month_40,Month_41,Month_42,Month_43,Month_44,Month_45,Month_46,Month_47,Month_48,Month_49,Month_50,Month_51,Month_52,Month_53,Month_54,Month_55,Month_56,Month_57,Month_58,Month_59,Month_60,Month_61,Month_62,Month_63,Month_64,Month_65,Month_66,Month_67,Month_68,Month_69
0_real,2.4213693,,,,,,,,,,,,,,,,,,,,,,,,,,,,,,,,,,,,,,,,2.4482033,,,,,,,,,,,,,,,,,,,,,,,,,,,,,
0_gen,2.4213693,2.4251382,2.4333453,2.442126,2.4498057,2.4561129,2.46506,2.4723904,2.4798741,2.4864414,2.4917712,2.5004292,2.5077453,2.515004,2.522589,2.5279448,2.5349588,2.5400515,2.5448606,2.5493538,2.5553443,2.5597692,2.5663776,2.5728984,2.579312,2.5863833,2.5921125,2.596726,2.6023877,2.6063032,2.61272,2.6158977,2.6227272,2.626943,2.6322665,2.6380315,2.644523,2.650449,2.6563816,2.6616983,2.6666505,2.6709418,2.6789877,2.6816776,2.6867945,2.691938,2.6984534,2.704822,2.7094314,2.7148728,2.7212596,2.7265859,2.7322917,2.7371786,2.7441301,2.7498505,2.7571974,2.7622755,2.767957,2.773631,2.7807002,2.7872348,2.7942362,2.7990012,2.8044267,2.8099415,2.8168461,2.8215353,2.8258123,2.831161
1_real,2.3376405,,,,,,,,,,,,,,,,,,,,,,,,,,,,,,,,,,,,,,,,2.2650673,,,,,,,,,,,,,,,,,,,,,,,,,,,,,
1_gen,2.3376405,2.339234,2.342405,2.3457897,2.3498216,2.354016,2.3550544,2.358086,2.3612568,2.3654783,2.370729,2.3738992,2.3779683,2.3830864,2.3875601,2.3916783,2.3944638,2.3990335,2.4031768,2.4050467,2.4069757,2.4084637,2.4119895,2.414583,2.417559,2.4220965,2.424279,2.4262576,2.4307797,2.433025,2.4363108,2.4380326,2.44065,2.4426975,2.4457345,2.447363,2.4486785,2.4508724,2.4538283,2.4567106,2.458637,2.460036,2.4609501,2.4648683,2.467589,2.4688413,2.4702802,2.4714336,2.4748218,2.4773724,2.479178,2.4813645,2.4836128,2.488589,2.4915729,2.4943843,2.4982133,2.500854,2.503121,2.507409,2.5093005,2.5114229,2.5131638,2.5134654,2.5174942,2.520297,2.522861,2.5256538,2.5277944,2.530961
2_real,-0.33196324,,,,,,,,,,,,,,,,,,,,,,,,,,,,,,,,,,,,,,,,-0.33864185,,,,,,,,,,,,,,,,,,,,,,,,,,,,,
2_gen,-0.33196327,-0.33908844,-0.34391356,-0.34978598,-0.3581116,-0.36495754,-0.37210584,-0.37982187,-0.384736,-0.38850418,-0.39654773,-0.40475154,-0.4094383,-0.41706553,-0.4202147,-0.4246553,-0.4280526,-0.43512622,-0.44036308,-0.4445611,-0.44755372,-0.44914708,-0.45418915,-0.4573888,-0.46216336,-0.46433124,-0.468573,-0.47224292,-0.4748323,-0.47669426,-0.48181057,-0.48290318,-0.48701987,-0.49053144,-0.49550706,-0.49878454,-0.5019444,-0.50655967,-0.51022804,-0.5139812,-0.5200735,-0.52420914,-0.5296654,-0.53310776,-0.5379817,-0.5422966,-0.5479608,-0.55091727,-0.5514197,-0.55528057,-0.5562754,-0.559004,-0.56197035,-0.5650331,-0.5712351,-0.5719789,-0.5749075,-0.5777532,-0.58206064,-0.58773,-0.5907985,-0.59514296,-0.6005938,-0.6052554,-0.6112462,-0.6138192,-0.6161032,-0.62210226,-0.6221577,-0.6263695
3_real,0.42003235,,,,,,,,,,,,,,,,,,,,,,,,,,,,,,,,,,,,,,,,0.40314555,,,,,,,,,,,,,,,,,,,,,,,,,,,,,
3_gen,0.42003232,0.40973434,0.4007739,0.3930506,0.3835755,0.37496343,0.36993045,0.3630836,0.3566698,0.3521183,0.34668854,0.33992538,0.33541593,0.32846758,0.3201787,0.31446025,0.31035572,0.3052971,0.29854828,0.2932035,0.28794307,0.28519642,0.28053015,0.27796736,0.27470952,0.26981947,0.26311255,0.25985974,0.2542189,0.24948725,0.24388103,0.2386919,0.23616362,0.23102424,0.22725973,0.22604044,0.21784088,0.2095705,0.2024478,0.19953099,0.19647051,0.19177221,0.18755135,0.18429396,0.17759533,0.17341112,0.1713186,0.16706456,0.16262025,0.15700299,0.15244153,0.14850469,0.14312318,0.14012878,0.13437088,0.13201389,0.1264665,0.122367956,0.117985845,0.11250429,0.109122194,0.10270734,0.09701693,0.08833037,0.08313578,0.07985963,0.07507802,0.06660037,0.060730238,0.05616035
4_real,0.5639174,,,,,,,,,,,,,,,,,,,,,,,,,,,,,,,,,,,,,,,,0.523203,,,,,,,,,,,,,,,,,,,,,,,,,,,,,
4_gen,0.56391734,0.5644747,0.5659024,0.56280434,0.56249344,0.562286,0.56632215,0.56573665,0.5686399,0.56929165,0.5689893,0.5692487,0.56595445,0.5655014,0.56234306,0.5614118,0.5562023,0.5600813,0.5604277,0.55936825,0.55859196,0.55578816,0.55472475,0.5538174,0.54929894,0.54939103,0.5481065,0.5466608,0.5507205,0.55115676,0.54752064,0.5440258,0.53834546,0.5379237,0.5360548,0.5305866,0.52878094,0.5266212,0.5197481,0.5174067,0.51598936,0.5158946,0.5142895,0.5157539,0.5142457,0.5140546,0.5145377,0.5162379,0.51531994,0.507722,0.504031,0.50331175,0.50062984,0.500816,0.49897724,0.49507022,0.49423772,0.49015203,0.48956126,0.48860255,0.4890763,0.4864255,0.4842825,0.48172274,0.48020315,0.48210526,0.47898626,0.478118,0.47762674,0.47823992
5_real,0.42351818,,,,,,,,,,,,,,,,,,,,,,,,,,,,,,,,,,,,,,,,0.23890762,,,,,,,,,,,,,,,,,,,,,,,,,,,,,
5_gen,0.42351818,0.4221241,0.4158237,0.412395,0.40172824,0.39792264,0.39104712,0.38871476,0.37814784,0.37085477,0.3713681,0.36946267,0.36682403,0.36380047,0.36478,0.36185217,0.3562304,0.3573672,0.35196322,0.35337043,0.34751135,0.3456561,0.3445471,0.33959085,0.33903652,0.33341008,0.33364078,0.32943675,0.32519025,0.32277304,0.3179019,0.31660652,0.31312722,0.30649105,0.3039922,0.30193868,0.29956117,0.29858515,0.29999173,0.29651856,0.2962709,0.28892237,0.2903646,0.2886451,0.2851395,0.2840175,0.2790737,0.2772184,0.27766272,0.27694905,0.27518517,0.26810986,0.266158,0.2642514,0.26574758,0.2652151,0.2663135,0.26564002,0.26353446,0.2564895,0.2558422,0.24714164,0.24553987,0.24491417,0.24136898,0.2399363,0.23573041,0.2291623,0.22921169,0.23098853
6_real,0.67765325,,,,,,,,,,,,,,,,,,,,,,,,,,,,,,,,,,,,,,,,0.60578066,,,,,,,,,,,,,,,,,,,,,,,,,,,,,
6_gen,0.67765325,0.6736484,0.6725544,0.67068464,0.66701216,0.66343373,0.6628546,0.6610685,0.6575985,0.6572577,0.65681285,0.6551649,0.65328425,0.65224797,0.65214354,0.65104103,0.650523,0.6511151,0.64999294,0.6490742,0.64755857,0.6469111,0.646433,0.6463941,0.6466249,0.6476191,0.64609575,0.64558685,0.64386547,0.64480793,0.6441114,0.6440455,0.64337224,0.6439639,0.6449966,0.6457931,0.64692974,0.648012,0.648268,0.64907664,0.64951867,0.649782,0.6493244,0.6489507,0.6485882,0.6471699,0.64737993,0.64713067,0.6474287,0.64646834,0.64749604,0.64682996,0.6475809,0.64732546,0.6488419,0.6484325,0.64988923,0.64863884,0.6493877,0.64754397,0.6483722,0.6482503,0.6477034,0.6475271,0.64821434,0.64796764,0.64658123,0.6458187,0.6453105,0.6437677
7_real,-0.45994958,,,,,,,,,,,,,,,,,,,,,,,,,,,,,,,,,,,,,,,,-0.48992762,,,,,,,,,,,,,,,,,,,,,,,,,,,,,
7_gen,-0.45994955,-0.46163598,-0.46214637,-0.46621066,-0.468584,-0.46928033,-0.4705554,-0.47009444,-0.47078443,-0.47321287,-0.47448128,-0.47552052,-0.47791234,-0.48042423,-0.48200792,-0.48575178,-0.48820585,-0.4925267,-0.49366325,-0.49684304,-0.49846044,-0.49920622,-0.5017624,-0.503465,-0.5032945,-0.5028124,-0.50199795,-0.5042056,-0.5051467,-0.50619197,-0.50710607,-0.509344,-0.5108154,-0.5134575,-0.51486635,-0.5168344,-0.51562387,-0.51570034,-0.51370734,-0.51875055,-0.5224314,-0.5221764,-0.52140063,-0.52109444,-0.5241321,-0.5247525,-0.5249084,-0.5256149,-0.5268089,-0.52838814,-0.52791774,-0.5308305,-0.52725184,-0.52797496,-0.5290388,-0.5306917,-0.5295877,-0.52799284,-0.5281127,-0.52898216,-0.5305554,-0.53009325,-0.532109,-0.53328085,-0.53398573,-0.5356595,-0.53686583,-0.53949547,-0.53750366,-0.5379943
8_real,0.63249797,,,,,,,,,,,,,,,,,,,,,,,,,,,,,,,,,,,,,,,,0.72780395,,,,,,,,,,,,,,,,,,,,,,,,,,,,,
8_gen,0.6324979,0.63038033,0.627791,0.6258139,0.6244894,0.62431073,0.6214602,0.6197734,0.6196661,0.61823356,0.6154847,0.61322415,0.61138755,0.609502,0.60793436,0.60564244,0.60387385,0.6052877,0.60313153,0.6037861,0.6014855,0.59790766,0.5967592,0.59847015,0.59607065,0.5950717,0.59656626,0.5962585,0.5960369,0.5955005,0.5948668,0.59352475,0.59265596,0.59359133,0.59155226,0.5918791,0.58994275,0.5903572,0.59140635,0.5913731,0.59290135,0.5944295,0.5938965,0.5944266,0.5942063,0.59349144,0.5912578,0.5908449,0.59254825,0.5927716,0.59272903,0.5936934,0.5930665,0.5926499,0.59245527,0.5935172,0.5937309,0.5929842,0.5958061,0.5951374,0.5928566,0.5926443,0.59234565,0.59171116,0.58987606,0.5875185,0.5884201,0.5886742,0.5905384,0.5905423
9_real,1.3207417,,,,,,,,,,,,,,,,,,,,,,,,,,,,,,,,,,,,,,,,1.1186087,,,,,,,,,,,,,,,,,,,,,,,,,,,,,
9_gen,1.3207417,1.320084,1.3177644,1.315165,1.3117969,1.3080535,1.3038882,1.3014808,1.2992895,1.2962891,1.294227,1.2911776,1.2903528,1.2877575,1.285537,1.2826583,1.2814012,1.2771786,1.2737265,1.2708538,1.2682157,1.2675558,1.2660167,1.2660471,1.266159,1.2639407,1.258508,1.2580158,1.2549961,1.2540021,1.2512553,1.2485454,1.2495925,1.2477586,1.2476609,1.2453468,1.2437886,1.2425802,1.2404797,1.2404385,1.2395906,1.2378737,1.2357132,1.2342414,1.2327219,1.2336719,1.2315221,1.2303509,1.2284337,1.2270396,1.2256126,1.2226288,1.2206403,1.2172573,1.2134054,1.2117337,1.2075343,1.2051871,1.2052705,1.2045583,1.2008913,1.1973317,1.1921189,1.1886514,1.1866686,1.1845459,1.1825265,1.1817877,1.177038,1.1747959
10_real,-1.1039902,,,,,,,,,,,,,,,,,,,,,,,,,,,,,,,,,,,,,,,,-1.1706663,,,,,,,,,,,,,,,,,,,,,,,,,,,,,
10_gen,-1.1039903,-1.1090081,-1.1134675,-1.1190875,-1.125443,-1.1285455,-1.1301792,-1.1332258,-1.1374562,-1.139725,-1.1419021,-1.144672,-1.1468961,-1.150129,-1.1524571,-1.1509454,-1.1534928,-1.1539229,-1.1560955,-1.1585245,-1.1621134,-1.164378,-1.1625644,-1.163757,-1.1638973,-1.1672424,-1.167237,-1.1681156,-1.1703103,-1.1688944,-1.170977,-1.1733718,-1.1747994,-1.1767023,-1.1809196,-1.1830631,-1.1853286,-1.1885407,-1.1908201,-1.1942328,-1.1957935,-1.1954384,-1.1986549,-1.1986625,-1.2002406,-1.2010636,-1.2038217,-1.2058259,-1.2058474,-1.2064078,-1.209738,-1.212632,-1.2153945,-1.2183459,-1.2209975,-1.2241786,-1.2238853,-1.2259947,-1.2291061,-1.2264316,-1.2297308,-1.2314041,-1.2334297,-1.2338982,-1.2334313,-1.2362958,-1.2370113,-1.2417481,-1.245845,-1.2510803
11_real,0.47411716,,,,,,,,,,,,,,,,,,,,,,,,,,,,,,,,,,,,,,,,0.42600974,,,,,,,,,,,,,,,,,,,,,,,,,,,,,
11_gen,0.47411722,0.4757462,0.4680632,0.46427274,0.46331963,0.4579846,0.45169812,0.44793552,0.44121423,0.4356552,0.4289438,0.42301297,0.42126474,0.4180262,0.4175702,0.4137784,0.4105373,0.4093461,0.40513262,0.4004551,0.3992135,0.39726976,0.3901293,0.38734263,0.38099846,0.37923717,0.37417036,0.37366003,0.36883858,0.36517745,0.35677135,0.35288963,0.34930733,0.34378234,0.34133142,0.33536112,0.32967854,0.32397178,0.32059205,0.31667304,0.3135099,0.31014472,0.30605495,0.30485302,0.30130568,0.29688022,0.29414827,0.2901099,0.28755248,0.28796723,0.2860008,0.28152972,0.27758142,0.27831358,0.2736388,0.27092168,0.2688194,0.2688791,0.26173323,0.25843742,0.25327927,0.25078782,0.24705414,0.24388795,0.24297197,0.24039344,0.2356091,0.23314221,0.23369393,0.2300308
12_real,0.6811877,,,,,,,,,,,,,,,,,,,,,,,,,,,,,,,,,,,,,,,,0.46838686,,,,,,,,,,,,,,,,,,,,,,,,,,,,,
12_gen,0.6811877,0.68151724,0.68265045,0.6802079,0.67877394,0.6725167,0.6730384,0.6701032,0.67271733,0.6712514,0.66772014,0.668647,0.66660595,0.6663243,0.66524917,0.6629919,0.6628684,0.66346616,0.6640533,0.6647978,0.66916484,0.6718937,0.6733029,0.6713549,0.67341673,0.67323136,0.67164475,0.67111236,0.6707505,0.67303836,0.6700729,0.66972625,0.67281854,0.675869,0.6727627,0.6756916,0.6755356,0.67910945,0.6820277,0.6794255,0.6817305,0.6796466,0.6816263,0.68521655,0.6840354,0.6850947,0.6877293,0.68736565,0.68653727,0.6852781,0.6852838,0.6858887,0.6894985,0.69093597,0.69161594,0.69110435,0.69301474,0.6970315,0.6971072,0.697556,0.70001006,0.7028514,0.7051603,0.7052631,0.7064513,0.70884055,0.70838207,0.7071407,0.70813036,0.70929986
13_real,0.7522351,,,,,,,,,,,,,,,,,,,,,,,,,,,,,,,,,,,,,,,,0.53428805,,,,,,,,,,,,,,,,,,,,,,,,,,,,,
13_gen,0.75223505,0.7418292,0.7346738,0.7271309,0.7194341,0.7114531,0.706014,0.7000361,0.6945616,0.6895018,0.68046886,0.6787198,0.6745494,0.6696223,0.6648503,0.6613727,0.6588071,0.6571717,0.65403605,0.6524753,0.646662,0.64055586,0.6377339,0.63490045,0.6287775,0.62568206,0.62422234,0.6239046,0.6208744,0.6173108,0.61441886,0.6129018,0.6078283,0.60431415,0.6014761,0.5974907,0.5962286,0.5940815,0.5880696,0.5861476,0.58407134,0.5794669,0.5755018,0.5713498,0.5695895,0.5653012,0.56317204,0.5604508,0.55706733,0.55275863,0.549785,0.54895395,0.5441984,0.5398241,0.5362471,0.53402287,0.530218,0.5317167,0.5298475,0.52576256,0.5222975,0.5217423,0.5166999,0.51612705,0.51207006,0.5052076,0.5030703,0.49869433,0.49565092,0.49092856
14_real,1.9251999,,,,,,,,,,,,,,,,,,,,,,,,,,,,,,,,,,,,,,,,1.7603955,,,,,,,,,,,,,,,,,,,,,,,,,,,,,
14_gen,1.9251997,1.9184029,1.9107786,1.9033644,1.8948504,1.8880628,1.8781652,1.8697078,1.8601547,1.8534546,1.8449972,1.8400028,1.8372526,1.8300499,1.8251988,1.8196657,1.8143069,1.8053048,1.800486,1.795215,1.7911322,1.7909594,1.7887529,1.7867482,1.7849321,1.7812054,1.776453,1.7718918,1.7662914,1.7604144,1.7561287,1.7518221,1.7478794,1.7429812,1.7365551,1.7358475,1.7317921,1.728194,1.7234364,1.718,1.7132795,1.7096703,1.70349,1.7001575,1.6994677,1.6966718,1.6922108,1.6886076,1.6805212,1.6754307,1.6699225,1.6657832,1.6660093,1.665405,1.6624472,1.6572345,1.6557592,1.6517376,1.6486757,1.6447699,1.63766,1.6312624,1.6264439,1.6204466,1.6162564,1.6145265,1.6124008,1.606205,1.6009731,1.5981683
15_real,0.17948753,,,,,,,,,,,,,,,,,,,,,,,,,,,,,,,,,,,,,,,,0.25857118,,,,,,,,,,,,,,,,,,,,,,,,,,,,,
15_gen,0.17948751,0.18653327,0.19033276,0.19305453,0.19649367,0.20130296,0.21285598,0.21357965,0.22002366,0.22290008,0.22637077,0.23166251,0.23337814,0.23728065,0.24457057,0.24971867,0.2558425,0.26143658,0.2675838,0.27331445,0.27827758,0.28042144,0.28498265,0.28941876,0.29995942,0.30373567,0.30197623,0.3070373,0.31239986,0.3216843,0.32650298,0.33510953,0.34104234,0.3486889,0.35547692,0.36057213,0.36638588,0.37056342,0.37615883,0.3842337,0.3911788,0.3971313,0.4051656,0.4092335,0.42005172,0.42164785,0.43184423,0.43438736,0.44408208,0.4475864,0.45422906,0.45987558,0.4710763,0.4812593,0.48703805,0.49362245,0.49640065,0.5070096,0.51577866,0.52209777,0.5283787,0.5378368,0.5486633,0.5556115,0.56492364,0.5725634,0.58233887,0.5910339,0.6002008,0.60538733
16_real,0.11341643,,,,,,,,,,,,,,,,,,,,,,,,,,,,,,,,,,,,,,,,-0.06199595,,,,,,,,,,,,,,,,,,,,,,,,,,,,,
16_gen,0.11341643,0.11655219,0.12421938,0.12764066,0.1338099,0.14488417,0.14658861,0.14810048,0.1539973,0.15572746,0.1608254,0.15946898,0.16328606,0.16530348,0.16872898,0.17205831,0.1784989,0.1861592,0.18645307,0.19268748,0.19302353,0.19909993,0.20353958,0.20888491,0.21796033,0.2222372,0.22999735,0.23616865,0.24035712,0.24403405,0.24667528,0.25134513,0.25352597,0.25789672,0.26216993,0.26912802,0.28162023,0.2863299,0.2882951,0.29504246,0.29736525,0.30168602,0.30985716,0.31363133,0.31993663,0.32583758,0.330809,0.33634835,0.3397475,0.34527472,0.34877506,0.35704643,0.35355324,0.35427052,0.35896295,0.36274952,0.36872357,0.3758007,0.37892336,0.38644728,0.39488974,0.40289956,0.4092446,0.41279116,0.4192976,0.4275659,0.43213302,0.43621936,0.44361386,0.44638467
17_real,0.7000461,,,,,,,,,,,,,,,,,,,,,,,,,,,,,,,,,,,,,,,,0.60684127,,,,,,,,,,,,,,,,,,,,,,,,,,,,,
17_gen,0.7000461,0.7054689,0.71278876,0.72024095,0.72603285,0.7327376,0.74043703,0.74671406,0.75172126,0.75667846,0.7641821,0.77300483,0.77875876,0.78405774,0.7899637,0.7965163,0.8011901,0.80559653,0.81117594,0.8173788,0.8225576,0.82886016,0.8340257,0.84043777,0.84452975,0.8510067,0.8580858,0.86548007,0.87249297,0.87867534,0.88506776,0.89174604,0.8970715,0.9012984,0.9069765,0.9123087,0.9182254,0.9254389,0.9295327,0.93825245,0.9451102,0.94781256,0.9543559,0.9608549,0.9681609,0.97555065,0.9814084,0.9872616,0.9953662,1.0008003,1.0075055,1.0141982,1.0180526,1.0231797,1.029782,1.038305,1.0480298,1.0545892,1.0593381,1.067199,1.0722908,1.0787462,1.0852875,1.0922122,1.0989661,1.1070503,1.1119303,1.1139657,1.1223953,1.1282732
18_real,0.26669666,,,,,,,,,,,,,,,,,,,,,,,,,,,,,,,,,,,,,,,,0.29858905,,,,,,,,,,,,,,,,,,,,,,,,,,,,,
18_gen,0.26669666,0.27287602,0.27706724,0.28434277,0.28753465,0.29502267,0.30143422,0.3099211,0.31706333,0.32076615,0.32669598,0.3306887,0.33735093,0.34132868,0.34702897,0.35365197,0.36123922,0.3688851,0.37122375,0.37590113,0.3789798,0.38521713,0.3891818,0.39616722,0.40076762,0.4064385,0.41285744,0.4148554,0.4206585,0.4274636,0.43085042,0.4349106,0.43834773,0.44468707,0.44962716,0.4543953,0.45905298,0.46402583,0.47173604,0.4759364,0.48292893,0.49141207,0.49535322,0.49911317,0.50269455,0.508992,0.51796764,0.52048975,0.5248518,0.53062,0.5349746,0.5405818,0.54576415,0.5514023,0.55894244,0.5669173,0.57476026,0.58203536,0.5881777,0.59434986,0.6004883,0.60555345,0.6106994,0.61542,0.623208,0.6263847,0.63243824,0.6369054,0.64224565,0.64743483
19_real,1.2138569,,,,,,,,,,,,,,,,,,,,,,,,,,,,,,,,,,,,,,,,0.84736323,,,,,,,,,,,,,,,,,,,,,,,,,,,,,
19_gen,1.2138568,1.2077643,1.2019283,1.1985396,1.195207,1.1903808,1.1857661,1.1809242,1.1764129,1.1712823,1.1672277,1.1630905,1.1608772,1.1551483,1.150936,1.1492541,1.1463388,1.1436615,1.1420664,1.1403866,1.1374949,1.135326,1.1345943,1.1319032,1.1283495,1.12491,1.1215289,1.1188414,1.1147583,1.1104692,1.1071594,1.1062005,1.1031096,1.0990841,1.0982895,1.0948646,1.0910647,1.0868561,1.0830233,1.0823953,1.0807352,1.0748894,1.0718321,1.0686362,1.065559,1.0622101,1.0587645,1.0543523,1.0529156,1.0507481,1.046962,1.045968,1.0433236,1.0407187,1.0378717,1.0345463,1.0318347,1.0275967,1.0241903,1.0213627,1.0196545,1.0154365,1.0124274,1.0077507,1.001884,0.9983112,0.99660397,0.9936333,0.9889046,0.9873365
20_real,1.115783,,,,,,,,,,,,,,,,,,,,,,,,,,,,,,,,,,,,,,,,1.025577,,,,,,,,,,,,,,,,,,,,,,,,,,,,,
20_gen,1.1157829,1.1088884,1.1047585,1.0999457,1.0964622,1.0919374,1.0869883,1.084192,1.0796169,1.0776055,1.0759426,1.0727582,1.0688548,1.0662177,1.0614946,1.0578738,1.0530207,1.0489141,1.0475123,1.0449837,1.0421696,1.0412745,1.0390227,1.0349845,1.034342,1.0312679,1.0274272,1.0222251,1.0174006,1.0132821,1.0124038,1.0081853,1.0043894,1.0015552,0.9970935,0.99318564,0.99242747,0.98765516,0.98226273,0.9776889,0.97474176,0.9707491,0.96769726,0.9650524,0.96125096,0.9576289,0.9535225,0.95152444,0.94981194,0.9474977,0.9440352,0.9419605,0.9407832,0.9365576,0.9349905,0.9313032,0.92877495,0.922814,0.9167121,0.9121143,0.90664136,0.9036999,0.90113866,0.89950246,0.8947655,0.88970006,0.88459283,0.8798667,0.876709,0.8727206
21_real,0.6325702,,,,,,,,,,,,,,,,,,,,,,,,,,,,,,,,,,,,,,,,0.5905174,,,,,,,,,,,,,,,,,,,,,,,,,,,,,
21_gen,0.6325702,0.6291121,0.6236741,0.6198844,0.61534876,0.6105833,0.6081425,0.6086133,0.6080197,0.6060711,0.6018734,0.6017461,0.5988286,0.5954605,0.59417856,0.59168196,0.59145766,0.5908679,0.5912336,0.5893594,0.5871282,0.5860087,0.58617383,0.5837885,0.5830885,0.58106947,0.5774916,0.5768947,0.57645124,0.57595706,0.5758139,0.5734681,0.57257247,0.56810236,0.565011,0.561634,0.5627442,0.5583066,0.5547174,0.55256474,0.55189097,0.5504211,0.54802144,0.5455267,0.54248124,0.5440944,0.5450364,0.54173166,0.5400857,0.5400084,0.53883255,0.5351734,0.5351807,0.534106,0.53093034,0.5305635,0.52651286,0.5245671,0.52477527,0.5206518,0.5179769,0.5153998,0.5119978,0.5122042,0.50789666,0.5071262,0.5037835,0.50249654,0.49797934,0.49510518
22_real,0.1844669,,,,,,,,,,,,,,,,,,,,,,,,,,,,,,,,,,,,,,,,0.20032291,,,,,,,,,,,,,,,,,,,,,,,,,,,,,
22_gen,0.18446688,0.18137728,0.17917995,0.17607526,0.17500974,0.1729326,0.17012808,0.16864757,0.16424508,0.16108386,0.15884578,0.15673469,0.15403889,0.15059897,0.14740638,0.1466171,0.1444319,0.14284235,0.14004853,0.13950586,0.13801968,0.136636,0.13521448,0.13189991,0.13207687,0.12672485,0.12478594,0.12237555,0.1198467,0.1189744,0.119562745,0.11668326,0.1120788,0.11059294,0.10685197,0.10660501,0.10309355,0.099556655,0.09837592,0.09674978,0.096210234,0.094583474,0.09096029,0.088803045,0.090882614,0.089932024,0.08739365,0.08573948,0.08438093,0.0842766,0.08296721,0.08170228,0.08159785,0.08193916,0.07901053,0.07655364,0.074419536,0.07025015,0.06581916,0.061972152,0.06080854,0.05856959,0.053717785,0.05323707,0.04811666,0.046215396,0.04402316,0.042041335,0.039033957,0.03621263
23_real,1.6791284,,,,,,,,,,,,,,,,,,,,,,,,,,,,,,,,,,,,,,,,1.6659303,,,,,,,,,,,,,,,,,,,,,,,,,,,,,
23_gen,1.6791284,1.6688839,1.6596,1.6480439,1.6358321,1.6244612,1.6145103,1.6039762,1.5945978,1.5844382,1.5755879,1.5649757,1.5562017,1.5494375,1.5419981,1.5349864,1.5288956,1.5217693,1.514262,1.5090708,1.5031464,1.4949751,1.4883384,1.4826282,1.4762719,1.4707243,1.466392,1.46212,1.4572792,1.4531486,1.4474839,1.4409316,1.4381763,1.4364773,1.4307182,1.4267129,1.4232956,1.4213467,1.417481,1.4135321,1.4092938,1.4049226,1.4009116,1.3963559,1.391829,1.3874756,1.3827727,1.3785179,1.3753799,1.3726665,1.36735,1.3633837,1.3590834,1.3561795,1.3517725,1.3465359,1.3412129,1.3380051,1.3347226,1.3305728,1.327199,1.322787,1.318027,1.3128889,1.3102193,1.3048029,1.3016881,1.3000764,1.2943989,1.2916086
24_real,1.127471,,,,,,,,,,,,,,,,,,,,,,,,,,,,,,,,,,,,,,,,0.8419033,,,,,,,,,,,,,,,,,,,,,,,,,,,,,
24_gen,1.127471,1.1219665,1.1161411,1.1091766,1.1040344,1.0993159,1.0922573,1.0844395,1.075577,1.0711097,1.0646881,1.0595841,1.0555607,1.0501469,1.0441259,1.0379997,1.0318332,1.0263939,1.0213048,1.0162718,1.0123056,1.0080442,1.0027533,0.99765235,0.9941527,0.99181587,0.9880726,0.9835018,0.97986853,0.9759383,0.97072756,0.96796197,0.9633886,0.9544908,0.9500221,0.94688475,0.9439459,0.9396399,0.9350721,0.9306868,0.9253284,0.92063856,0.91739976,0.91234463,0.90897405,0.905265,0.90204275,0.8989784,0.89766157,0.8949989,0.8918393,0.886926,0.8832267,0.87902135,0.8754495,0.870118,0.86383075,0.85908985,0.8538232,0.85005414,0.8465352,0.84046966,0.8364914,0.8332001,0.831545,0.8283583,0.8253075,0.823027,0.8186331,0.813739
25_real,1.3998917,,,,,,,,,,,,,,,,,,,,,,,,,,,,,,,,,,,,,,,,1.3470602,,,,,,,,,,,,,,,,,,,,,,,,,,,,,
25_gen,1.3998917,1.3970159,1.3926251,1.3890321,1.3851475,1.3806627,1.3745543,1.3696419,1.3660407,1.3605909,1.3570163,1.3529857,1.3504367,1.3455003,1.3424681,1.3389003,1.3361652,1.3318697,1.3270375,1.3228463,1.3191537,1.3167578,1.3133439,1.3110735,1.3076394,1.3042133,1.3006691,1.2967997,1.2945163,1.2915096,1.2879088,1.2855381,1.2835643,1.2794836,1.2781771,1.2756001,1.2723362,1.2695935,1.2660339,1.2633605,1.2598119,1.2555299,1.2532749,1.2503216,1.2459993,1.243233,1.2412381,1.2386235,1.236,1.2332554,1.2302115,1.2271011,1.2235755,1.2192996,1.2168332,1.2136145,1.2112839,1.2076113,1.203719,1.2007687,1.1970086,1.1954372,1.1908622,1.1888995,1.1857994,1.1832573,1.181131,1.1781533,1.1741271,1.171965
26_real,1.5678849,,,,,,,,,,,,,,,,,,,,,,,,,,,,,,,,,,,,,,,,1.5335535,,,,,,,,,,,,,,,,,,,,,,,,,,,,,
26_gen,1.5678848,1.5631163,1.5583599,1.5551506,1.551169,1.5470064,1.5413282,1.5379021,1.5330021,1.5285408,1.5234665,1.5196407,1.5161196,1.511436,1.5073328,1.5042446,1.5001729,1.4957937,1.4926231,1.4893849,1.4874129,1.4836092,1.4807484,1.4775584,1.4757152,1.4728218,1.4693078,1.4657191,1.4627433,1.4586983,1.4550273,1.453134,1.4493605,1.44699,1.4431661,1.4396858,1.4371284,1.4337738,1.4316304,1.427575,1.4260973,1.4223373,1.4172174,1.4142511,1.4114501,1.4085839,1.4061537,1.4062014,1.4024348,1.3993976,1.3954228,1.3915424,1.3888134,1.3848002,1.3821478,1.3788435,1.3749878,1.3716923,1.3686999,1.3662266,1.3615024,1.3577304,1.353493,1.3498383,1.3481724,1.3441169,1.3413553,1.3399127,1.3358372,1.3322237
27_real,0.89655095,,,,,,,,,,,,,,,,,,,,,,,,,,,,,,,,,,,,,,,,0.7942029,,,,,,,,,,,,,,,,,,,,,,,,,,,,,
27_gen,0.896551,0.89475477,0.8911956,0.88762856,0.8840126,0.8791323,0.8742059,0.8698331,0.8650975,0.86116135,0.8575989,0.85389054,0.84962195,0.8460597,0.8416111,0.8375471,0.8319026,0.8292977,0.8246497,0.82030165,0.81643707,0.8131078,0.80980396,0.80748785,0.802894,0.8000067,0.79760826,0.79383695,0.79208034,0.7881994,0.784958,0.7812642,0.7797817,0.77727926,0.77208847,0.7687898,0.7645185,0.76140845,0.7587672,0.7567929,0.7536778,0.7512339,0.74696255,0.7451662,0.743883,0.7396712,0.73596585,0.7320684,0.7285868,0.72498804,0.72254574,0.7190499,0.7165327,0.71386254,0.7107879,0.7070538,0.70444214,0.70254004,0.7001829,0.697926,0.69326335,0.69064826,0.6884554,0.68594587,0.6841577,0.6823566,0.6786062,0.6755762,0.6723779,0.6698475
28_real,0.34724373,,,,,,,,,,,,,,,,,,,,,,,,,,,,,,,,,,,,,,,,0.32694313,,,,,,,,,,,,,,,,,,,,,,,,,,,,,
28_gen,0.34724376,0.3472237,0.34415343,0.34216028,0.33897614,0.3375514,0.33272713,0.3287858,0.32697487,0.32143536,0.3185931,0.31564516,0.3123628,0.30937558,0.30511153,0.29999492,0.2944612,0.2885899,0.28484523,0.27890673,0.27570853,0.27137575,0.2683812,0.26362342,0.25866312,0.25503987,0.25115564,0.2473212,0.24299903,0.23978667,0.23567288,0.23168871,0.22720961,0.2219471,0.21838632,0.21660829,0.21456635,0.21095717,0.20754297,0.20265374,0.19824149,0.19499353,0.19467947,0.19373217,0.1901134,0.18785278,0.18515733,0.18087445,0.17667127,0.17474237,0.17139223,0.167471,0.16456786,0.16059946,0.15675041,0.15265511,0.14740723,0.14596131,0.14376163,0.14122252,0.13992049,0.13772988,0.13374732,0.12885343,0.12532878,0.12345357,0.1232494,0.11931819,0.11751443,0.114987135
29_real,2.0407355,,,,,,,,,,,,,,,,,,,,,,,,,,,,,,,,,,,,,,,,2.1204135,,,,,,,,,,,,,,,,,,,,,,,,,,,,,
29_gen,2.0407355,2.0382457,2.0360992,2.0332773,2.0312588,2.0307355,2.029465,2.0262194,2.0252123,2.0228553,2.0211613,2.0179965,2.017938,2.0162854,2.0143614,2.0125012,2.0099907,2.0091958,2.0082676,2.0077088,2.005892,2.0050802,2.0034368,2.0031867,2.0027359,2.0013058,2.0003066,1.9991839,1.9971632,1.9961144,1.9938055,1.9910475,1.9912723,1.989015,1.9871273,1.9855206,1.9833333,1.9811281,1.9799025,1.9786365,1.9757969,1.9748201,1.9737886,1.9743073,1.9726589,1.9707466,1.9705408,1.9707264,1.9691746,1.9671339,1.9661114,1.9642757,1.964057,1.9610306,1.9605644,1.9595731,1.9600023,1.9572618,1.956464,1.9545742,1.9542131,1.9534018,1.9514242,1.9496148,1.9498808,1.9488415,1.9466999,1.9438994,1.9430716,1.9420531
30_real,2.7264109,,,,,,,,,,,,,,,,,,,,,,,,,,,,,,,,,,,,,,,,2.7894475,,,,,,,,,,,,,,,,,,,,,,,,,,,,,
30_gen,2.7264106,2.7170143,2.7076094,2.6950111,2.6838434,2.669444,2.6624906,2.656072,2.6490712,2.636127,2.6257265,2.6194444,2.6078358,2.5988698,2.5910823,2.583383,2.5738807,2.5650482,2.556198,2.5501637,2.544736,2.5368488,2.530597,2.523734,2.52101,2.5127978,2.5021963,2.4935899,2.4829779,2.477622,2.472384,2.4670246,2.460525,2.4514945,2.443394,2.435367,2.4282372,2.4231796,2.418836,2.4111776,2.405739,2.3995023,2.3890617,2.3852887,2.3770192,2.3688662,2.3610225,2.3519807,2.3457875,2.3424332,2.3388093,2.3340745,2.3240438,2.3153796,2.3085938,2.299496,2.2867227,2.275854,2.2715526,2.2564006,2.2539887,2.2489877,2.2418685,2.2291665,2.218093,2.2118154,2.2066941,2.1944401,2.1854463,2.1779196
31_real,-0.54429036,,,,,,,,,,,,,,,,,,,,,,,,,,,,,,,,,,,,,,,,-0.72237533,,,,,,,,,,,,,,,,,,,,,,,,,,,,,
31_gen,-0.5442904,-0.5566945,-0.56954557,-0.5758763,-0.58784777,-0.59451973,-0.6048708,-0.6097749,-0.62038046,-0.6284405,-0.6432011,-0.6478133,-0.65756327,-0.6654818,-0.67286855,-0.6840388,-0.6940913,-0.70142543,-0.7085533,-0.7111945,-0.71853167,-0.7313486,-0.7365942,-0.739991,-0.75369537,-0.7641865,-0.7699224,-0.7779942,-0.78235036,-0.7890632,-0.7919032,-0.79668957,-0.8057952,-0.80715144,-0.81920826,-0.8270423,-0.8358302,-0.84545565,-0.8554441,-0.8624876,-0.860384,-0.8700203,-0.87706363,-0.88607234,-0.89269733,-0.8983226,-0.9030117,-0.91680014,-0.9249301,-0.9304315,-0.93778646,-0.94429713,-0.94796723,-0.96061784,-0.9650337,-0.9721637,-0.9746401,-0.97973645,-0.9788717,-0.9856294,-0.99225724,-0.9987262,-1.0110258,-1.0188463,-1.0255214,-1.0327517,-1.0393028,-1.0426444,-1.0516422,-1.0596038
32_real,0.3799369,,,,,,,,,,,,,,,,,,,,,,,,,,,,,,,,,,,,,,,,0.09177627,,,,,,,,,,,,,,,,,,,,,,,,,,,,,
32_gen,0.3799369,0.37704593,0.37502804,0.37042195,0.3667471,0.36426193,0.35807127,0.3521734,0.34865507,0.3410348,0.3350672,0.3265057,0.3204641,0.31390455,0.31088242,0.3055181,0.30038026,0.29766923,0.2916507,0.28759235,0.28294647,0.2806931,0.27758366,0.2789194,0.27691454,0.2745693,0.27101657,0.26941752,0.26316136,0.26312,0.26289374,0.2629556,0.25880215,0.25773767,0.25357407,0.25116563,0.2446516,0.24359746,0.24162455,0.24025421,0.23878507,0.23426194,0.23150031,0.2282561,0.2287697,0.22462416,0.22113872,0.21621737,0.21296778,0.21196619,0.20655055,0.20060115,0.195908,0.1908257,0.18775812,0.1860508,0.18238938,0.1793997,0.17465489,0.17313144,0.1732539,0.17010337,0.1654521,0.16087046,0.15799059,0.15434816,0.14992495,0.14553152,0.14314187,0.13904098
33_real,2.7228599,,,,,,,,,,,,,,,,,,,,,,,,,,,,,,,,,,,,,,,,2.5791552,,,,,,,,,,,,,,,,,,,,,,,,,,,,,
33_gen,2.72286,2.7196138,2.7197585,2.7197948,2.7173133,2.7142956,2.7107387,2.7105706,2.7095702,2.7065172,2.7051866,2.703641,2.702155,2.7024841,2.7014625,2.6989183,2.6964355,2.69314,2.6889458,2.6837192,2.6812568,2.680646,2.6775668,2.677174,2.6740885,2.6706815,2.6690593,2.6658986,2.6649299,2.661205,2.6590238,2.655308,2.6517625,2.648763,2.6459215,2.6427314,2.6427665,2.6408865,2.640637,2.6382792,2.6378663,2.63614,2.6352162,2.63239,2.6312873,2.6307225,2.629125,2.6286352,2.6266742,2.6244333,2.620729,2.6186619,2.6191857,2.6176794,2.6169372,2.6142228,2.6099553,2.6083999,2.6077585,2.604883,2.6026273,2.604004,2.5980096,2.5949945,2.5956826,2.59492,2.5918105,2.5909982,2.589866,2.5883343
34_real,-0.62568086,,,,,,,,,,,,,,,,,,,,,,,,,,,,,,,,,,,,,,,,-0.62567997,,,,,,,,,,,,,,,,,,,,,,,,,,,,,
34_gen,-0.62568086,-0.6262237,-0.62374747,-0.62220395,-0.62154615,-0.62173414,-0.6233335,-0.62059754,-0.6219553,-0.62207323,-0.6217305,-0.6219685,-0.6197222,-0.62068284,-0.6239329,-0.62578344,-0.6248588,-0.6235667,-0.6260768,-0.6243888,-0.62565464,-0.6236111,-0.6227187,-0.6250077,-0.62718487,-0.62914,-0.6280303,-0.62739146,-0.6283926,-0.62910974,-0.6324587,-0.633472,-0.6350344,-0.6357773,-0.63670963,-0.6396135,-0.6444242,-0.6470937,-0.6460085,-0.64819175,-0.64842355,-0.65086925,-0.65339214,-0.65171254,-0.65174955,-0.65025336,-0.65086794,-0.6541329,-0.65350914,-0.6549207,-0.65781724,-0.6592721,-0.65859157,-0.6598979,-0.6592816,-0.6584845,-0.65825844,-0.66012377,-0.6612776,-0.6636652,-0.66615736,-0.66851765,-0.66342485,-0.663142,-0.66519094,-0.6655675,-0.66963875,-0.6709986,-0.6726373,-0.6718302
35_real,1.2327645,,,,,,,,,,,,,,,,,,,,,,,,,,,,,,,,,,,,,,,,1.3923725,,,,,,,,,,,,,,,,,,,,,,,,,,,,,
35_gen,1.2327644,1.2332637,1.2378309,1.2354263,1.2374599,1.2380669,1.2354333,1.234797,1.2340943,1.237695,1.2387942,1.2381504,1.2366711,1.236978,1.234625,1.2368239,1.236603,1.2363375,1.236881,1.2374425,1.237746,1.2370852,1.2377334,1.237629,1.2347195,1.2368085,1.2379206,1.2390106,1.2401178,1.2390292,1.239337,1.2383951,1.2394936,1.2390277,1.2399143,1.2410939,1.2393643,1.239972,1.2391939,1.2410318,1.2397687,1.239242,1.2387959,1.2375392,1.2364908,1.2328073,1.2340981,1.2330923,1.2324017,1.2314936,1.2304947,1.2287283,1.2281263,1.2257082,1.2277334,1.2272441,1.2230288,1.2220227,1.2232733,1.2191305,1.2176315,1.2148436,1.2147083,1.2125479,1.2121013,1.2091137,1.2075952,1.2071321,1.2067748,1.206629
36_real,0.8508726,,,,,,,,,,,,,,,,,,,,,,,,,,,,,,,,,,,,,,,,0.88789374,,,,,,,,,,,,,,,,,,,,,,,,,,,,,
36_gen,0.85087264,0.84989613,0.84405726,0.8363735,0.83174753,0.82700473,0.8236742,0.8159796,0.80823326,0.80419123,0.7953423,0.7890784,0.7819971,0.7782145,0.77344674,0.7623013,0.75543237,0.75013626,0.7470095,0.74103415,0.73259795,0.72946656,0.7232273,0.7150413,0.71128124,0.7016077,0.69318926,0.6846173,0.6746945,0.66569364,0.6601852,0.65540296,0.6511768,0.6488014,0.64298373,0.6375712,0.62684727,0.6170157,0.6152503,0.6155762,0.61536133,0.6134895,0.6036529,0.59435123,0.58898807,0.58841926,0.5827236,0.57897377,0.57521045,0.5711301,0.57205737,0.56812704,0.5610939,0.55741525,0.55658686,0.55553526,0.55366135,0.5494862,0.5477285,0.5462883,0.5441438,0.54054105,0.53874195,0.5350835,0.5294672,0.52528685,0.5215718,0.5218881,0.51883173,0.5163344
37_real,1.8224617,,,,,,,,,,,,,,,,,,,,,,,,,,,,,,,,,,,,,,,,1.8655556,,,,,,,,,,,,,,,,,,,,,,,,,,,,,
37_gen,1.8224618,1.8260744,1.8266054,1.8299515,1.8378518,1.8419558,1.8462665,1.8540264,1.8576515,1.8678067,1.8739445,1.878865,1.8844391,1.8887074,1.8943571,1.8994964,1.9055073,1.9091762,1.9195204,1.9255655,1.933595,1.9393399,1.9476309,1.9486043,1.9543893,1.9557778,1.9585907,1.9625489,1.9647839,1.9700489,1.977318,1.9816864,1.9848883,1.987634,1.994035,1.9953915,1.9956354,1.9975383,2.0044913,2.0077488,2.0075722,2.014573,2.0158467,2.0203693,2.0211349,2.0251951,2.032728,2.0340152,2.0388894,2.0373437,2.0388973,2.046509,2.0468411,2.050417,2.0566611,2.0610573,2.0652242,2.0716689,2.0716612,2.0757337,2.0788321,2.0830216,2.083619,2.0830104,2.0860467,2.0870588,2.0912082,2.0958724,2.0977397,2.101642
38_real,1.8758461,,,,,,,,,,,,,,,,,,,,,,,,,,,,,,,,,,,,,,,,1.872311,,,,,,,,,,,,,,,,,,,,,,,,,,,,,
38_gen,1.8758461,1.8732941,1.8665733,1.8650491,1.8604081,1.8549502,1.8489227,1.8438597,1.8371147,1.8329846,1.8278948,1.8225839,1.8157542,1.814325,1.8119711,1.805748,1.8029019,1.7989521,1.794706,1.7939806,1.7923857,1.7899183,1.7875454,1.7877792,1.7832743,1.7811886,1.7778673,1.7747638,1.7754622,1.7727807,1.7704821,1.7695615,1.7684662,1.7665783,1.7657678,1.7630346,1.7578596,1.753567,1.7497089,1.7475731,1.7435815,1.7429816,1.741512,1.7406543,1.7403303,1.7385848,1.7367471,1.7359499,1.7326725,1.7298605,1.7290179,1.7233131,1.7195599,1.7166748,1.713673,1.7107284,1.7083781,1.7021576,1.6980019,1.6954315,1.6940212,1.690871,1.6900336,1.684712,1.6803052,1.6803694,1.6786232,1.6751721,1.6732483,1.6727173
39_real,0.27065757,,,,,,,,,,,,,,,,,,,,,,,,,,,,,,,,,,,,,,,,0.32199833,,,,,,,,,,,,,,,,,,,,,,,,,,,,,
39_gen,0.27065757,0.27052078,0.27172104,0.27418545,0.27301627,0.270943,0.27086234,0.26891655,0.27118132,0.27228394,0.27086312,0.2684015,0.26820987,0.2677372,0.26488942,0.26657408,0.26587152,0.26545155,0.26375827,0.2629521,0.2609172,0.2633638,0.26242265,0.2629486,0.26278487,0.26420087,0.26299343,0.26191527,0.2623279,0.25982085,0.26023284,0.25665462,0.25690308,0.2594506,0.25953716,0.258717,0.25555667,0.25603563,0.25663945,0.25506887,0.2576882,0.2537495,0.2517727,0.2509718,0.25066265,0.24739198,0.24757376,0.2470402,0.24594323,0.24544689,0.24721166,0.24631897,0.24629176,0.2478327,0.2454665,0.24258752,0.23858866,0.2407598,0.23813435,0.23714669,0.2362814,0.23349285,0.23304503,0.23347256,0.23147187,0.22862808,0.22418025,0.2252763,0.22570074,0.23097482
40_real,1.1943498,,,,,,,,,,,,,,,,,,,,,,,,,,,,,,,,,,,,,,,,1.2002988,,,,,,,,,,,,,,,,,,,,,,,,,,,,,
40_gen,1.1943496,1.1806091,1.1787173,1.1689765,1.1598678,1.1561794,1.1481048,1.1430748,1.1383193,1.1318293,1.1251795,1.1215885,1.1163754,1.1083872,1.0992063,1.0948938,1.0902317,1.0875709,1.086204,1.0834173,1.0842013,1.0829484,1.0812166,1.0747911,1.0691204,1.0651382,1.0655845,1.0659816,1.0710185,1.0724779,1.0720837,1.071152,1.0704916,1.0690566,1.0689571,1.0707349,1.0699418,1.0682857,1.0646966,1.068362,1.0680691,1.0699079,1.0703286,1.0670242,1.0669664,1.0640973,1.0654366,1.0660553,1.0636957,1.066486,1.0625314,1.061197,1.0628729,1.06264,1.0639765,1.0644131,1.0658106,1.063968,1.0637133,1.0664203,1.0665473,1.0668819,1.0659635,1.0612882,1.0647185,1.0607045,1.0581864,1.0555077,1.0560018,1.0548671
41_real,1.862148,,,,,,,,,,,,,,,,,,,,,,,,,,,,,,,,,,,,,,,,1.6860129,,,,,,,,,,,,,,,,,,,,,,,,,,,,,
41_gen,1.862148,1.8567969,1.8526106,1.8486423,1.8493373,1.8485849,1.845076,1.8438495,1.8445994,1.8472497,1.8468564,1.8490168,1.8504136,1.8511013,1.8536532,1.8550956,1.8550766,1.8589948,1.860177,1.861055,1.8640207,1.862092,1.8618819,1.8640667,1.8626322,1.8597533,1.855355,1.8565706,1.8542659,1.8535227,1.8562305,1.8550532,1.8573774,1.8560963,1.8550012,1.8566844,1.8603216,1.861599,1.8600651,1.8588068,1.8564533,1.8538052,1.8519914,1.849314,1.8493359,1.8477058,1.8456728,1.8445046,1.8450905,1.8455038,1.8446808,1.8465538,1.8439312,1.8429139,1.8423831,1.8370821,1.8388617,1.8418903,1.8420302,1.841952,1.8385808,1.8371245,1.8377969,1.8383524,1.8378305,1.841851,1.8430586,1.8439744,1.8417174,1.8399489
42_real,2.691154,,,,,,,,,,,,,,,,,,,,,,,,,,,,,,,,,,,,,,,,2.5723572,,,,,,,,,,,,,,,,,,,,,,,,,,,,,
42_gen,2.6911542,2.6854167,2.678081,2.6710613,2.6650984,2.6578796,2.6525984,2.6470187,2.6393275,2.6342356,2.62996,2.6249447,2.617489,2.612885,2.6106677,2.605476,2.6001358,2.595099,2.5898492,2.5850468,2.5805614,2.5769796,2.5731926,2.5690145,2.5667412,2.56286,2.5590854,2.5572073,2.5534225,2.5525222,2.5469942,2.540384,2.534447,2.5294995,2.525788,2.5216956,2.519623,2.5176554,2.5139427,2.5120254,2.5100117,2.5049593,2.5011032,2.4989603,2.4950633,2.4927874,2.490319,2.485785,2.4814713,2.4769583,2.4732687,2.47037,2.4654484,2.4624977,2.461064,2.4573588,2.4560196,2.4538178,2.4510195,2.4482129,2.4452097,2.4424064,2.439406,2.4349034,2.433759,2.4330754,2.4304204,2.4269536,2.4228292,2.4209352
43_real,-0.2048619,,,,,,,,,,,,,,,,,,,,,,,,,,,,,,,,,,,,,,,,-0.109390944,,,,,,,,,,,,,,,,,,,,,,,,,,,,,
43_gen,-0.20486191,-0.20917504,-0.21417573,-0.22008808,-0.22737817,-0.23252878,-0.23876858,-0.24474287,-0.25182217,-0.25685614,-0.2619261,-0.26876706,-0.27527568,-0.2809285,-0.28557873,-0.28906733,-0.2941617,-0.29932055,-0.30259567,-0.3079785,-0.31301343,-0.31794962,-0.3222374,-0.32764497,-0.33213356,-0.33437023,-0.33833343,-0.3430388,-0.34678036,-0.34934297,-0.35469627,-0.35754648,-0.36133406,-0.3654942,-0.36850828,-0.37355182,-0.37741137,-0.38389271,-0.38744685,-0.39310715,-0.3981831,-0.40197167,-0.4059902,-0.4098199,-0.41298366,-0.4162398,-0.42039356,-0.42384982,-0.42858553,-0.43175355,-0.4365664,-0.44039646,-0.44467998,-0.4465354,-0.44825655,-0.4508752,-0.45497423,-0.45784718,-0.4616851,-0.46323913,-0.46610564,-0.4704848,-0.47238913,-0.47767335,-0.4796247,-0.48259243,-0.48528224,-0.48810816,-0.49071535,-0.494703
44_real,0.6118657,,,,,,,,,,,,,,,,,,,,,,,,,,,,,,,,,,,,,,,,0.371965,,,,,,,,,,,,,,,,,,,,,,,,,,,,,
44_gen,0.61186564,0.60755914,0.60312843,0.59874547,0.5951841,0.5907961,0.5877404,0.5830046,0.57847697,0.57727396,0.5750591,0.5719415,0.5672515,0.56357306,0.5621618,0.55936635,0.5560661,0.55227005,0.5495643,0.5489128,0.54815143,0.5459788,0.5442813,0.5436787,0.5402457,0.5359615,0.53624,0.53601897,0.5321622,0.53022856,0.5273874,0.5244235,0.52419126,0.5206732,0.5177746,0.51370126,0.510888,0.50760055,0.5074098,0.5052732,0.5039502,0.5014193,0.50005877,0.49865475,0.49762112,0.49640313,0.49466324,0.4905592,0.4886682,0.48607525,0.48412648,0.4824664,0.48247868,0.48234335,0.47732964,0.47400084,0.47245392,0.4690106,0.46627623,0.46566907,0.46401268,0.46207803,0.4592209,0.45596462,0.45555806,0.4531811,0.45306033,0.45140076,0.44807577,0.44711143
45_real,0.47549924,,,,,,,,,,,,,,,,,,,,,,,,,,,,,,,,,,,,,,,,0.3471596,,,,,,,,,,,,,,,,,,,,,,,,,,,,,
45_gen,0.4754992,0.47218546,0.46539718,0.45810384,0.45130172,0.44263977,0.43177795,0.4235627,0.4135305,0.40480232,0.39759958,0.38861597,0.3823486,0.37422508,0.3661868,0.3599613,0.3545022,0.34882906,0.3433137,0.33786935,0.3326016,0.3249259,0.3192355,0.31307882,0.30712187,0.3014379,0.29470778,0.2919832,0.2830276,0.28077644,0.2762664,0.2709838,0.2659074,0.2599579,0.2562129,0.25156456,0.24612406,0.24379866,0.24256997,0.23647852,0.23266396,0.23124532,0.22607481,0.22229958,0.217853,0.21501799,0.21157792,0.20616639,0.20093593,0.20067754,0.1953152,0.19167839,0.1887228,0.18577461,0.18159355,0.17873332,0.17502911,0.17552513,0.17178491,0.16807888,0.16379991,0.16082624,0.15426709,0.14992563,0.14548169,0.14080583,0.13723932,0.13360056,0.1310372,0.12587397
46_real,1.5180556,,,,,,,,,,,,,,,,,,,,,,,,,,,,,,,,,,,,,,,,1.3655586,,,,,,,,,,,,,,,,,,,,,,,,,,,,,
46_gen,1.5180557,1.5128801,1.5082173,1.5036223,1.4988887,1.4948108,1.4897702,1.4846222,1.4797924,1.4756519,1.4722807,1.4684271,1.4653802,1.4612224,1.4570466,1.4538497,1.4510918,1.4484713,1.4466171,1.4437072,1.4417723,1.4397317,1.4370153,1.435414,1.4333016,1.4316604,1.4302657,1.4282105,1.4261234,1.4235852,1.4219416,1.4209212,1.4195174,1.4173677,1.4148705,1.4131749,1.4115202,1.41027,1.4074138,1.4044589,1.4014053,1.3996899,1.3970053,1.3944889,1.3939419,1.3900262,1.3865852,1.383532,1.3797934,1.3770101,1.3734552,1.3724275,1.3701017,1.3675267,1.3646821,1.3615996,1.3590852,1.3571556,1.355212,1.3536317,1.3508078,1.3483083,1.3460051,1.3438156,1.3414481,1.3381312,1.335655,1.333061,1.3307638,1.3286554
47_real,1.1194372,,,,,,,,,,,,,,,,,,,,,,,,,,,,,,,,,,,,,,,,1.0575824,,,,,,,,,,,,,,,,,,,,,,,,,,,,,
47_gen,1.1194372,1.112385,1.1066973,1.1002934,1.0939728,1.0872486,1.0824234,1.0779512,1.0714118,1.0641806,1.0576509,1.0524046,1.0470997,1.0419799,1.0376652,1.0318348,1.0275362,1.023156,1.0183427,1.0149293,1.0134505,1.0087643,1.0054498,1.0021093,0.99894744,0.99436724,0.9903957,0.98576844,0.9836215,0.9805005,0.97643214,0.9732107,0.9702824,0.967337,0.96255094,0.9605212,0.9565183,0.952944,0.9492917,0.9483776,0.9438316,0.9409785,0.9365338,0.9332924,0.9292903,0.9257628,0.923864,0.92024946,0.9170973,0.9138916,0.9110979,0.90859395,0.90536815,0.90182894,0.8976123,0.8950642,0.8918368,0.890042,0.8885544,0.88837737,0.8861613,0.8829298,0.8798958,0.8757178,0.87300146,0.8712575,0.8700134,0.86786795,0.86612254,0.8646906
48_real,1.5250992,,,,,,,,,,,,,,,,,,,,,,,,,,,,,,,,,,,,,,,,1.5291402,,,,,,,,,,,,,,,,,,,,,,,,,,,,,
48_gen,1.525099,1.5181736,1.5134265,1.5102764,1.5067444,1.5031717,1.4981754,1.493317,1.488029,1.4849833,1.4825408,1.4772155,1.4716847,1.4690034,1.4662647,1.4639381,1.4612037,1.4573729,1.453964,1.4537011,1.4480437,1.4441615,1.440489,1.4376557,1.433964,1.4322109,1.4273417,1.425023,1.4206856,1.419328,1.4153945,1.4119003,1.4101484,1.4088538,1.4046848,1.4030449,1.3995274,1.3938897,1.3898512,1.3873488,1.3841143,1.3827769,1.3816122,1.3790075,1.3757508,1.3719251,1.3683637,1.3651196,1.3604254,1.3563842,1.3543993,1.351856,1.3491938,1.3474945,1.3450724,1.341109,1.3379743,1.3356917,1.3346657,1.33093,1.3268985,1.3241376,1.3206384,1.3196055,1.3179138,1.315376,1.3141857,1.3120062,1.309342,1.3075488
49_real,1.3184115,,,,,,,,,,,,,,,,,,,,,,,,,,,,,,,,,,,,,,,,1.0587069,,,,,,,,,,,,,,,,,,,,,,,,,,,,,
49_gen,1.3184116,1.3117837,1.3081125,1.3061528,1.3010086,1.298268,1.2941532,1.2904359,1.2880824,1.2831613,1.2784604,1.2758348,1.2705584,1.2654859,1.2619377,1.2585855,1.2564168,1.2546978,1.2509357,1.247747,1.2435172,1.2403767,1.2393802,1.2381723,1.2390304,1.2369592,1.233418,1.2307413,1.225074,1.2249451,1.2239078,1.220359,1.2172426,1.2167624,1.214772,1.2102638,1.2063491,1.2049268,1.20373,1.2013588,1.1985171,1.1925229,1.1892736,1.1870981,1.1842043,1.1793995,1.1749548,1.1729956,1.1729486,1.1678698,1.1625447,1.1572192,1.1532145,1.1514089,1.1480423,1.1450264,1.1421214,1.1408089,1.1361443,1.1331573,1.1283015,1.1247705,1.1232219,1.1199249,1.1165346,1.1110417,1.1062701,1.1034706,1.0989978,1.0975249
50_real,0.4461642,,,,,,,,,,,,,,,,,,,,,,,,,,,,,,,,,,,,,,,,0.30581415,,,,,,,,,,,,,,,,,,,,,,,,,,,,,
50_gen,0.4461642,0.43847686,0.43244606,0.4240467,0.41531736,0.40973297,0.4004016,0.3915491,0.38330704,0.37544113,0.36500186,0.36138105,0.35902646,0.35287437,0.34574077,0.34352082,0.33831885,0.33356923,0.3285212,0.32712987,0.32036582,0.31277397,0.3079581,0.30904162,0.30570304,0.29789215,0.29245806,0.28723496,0.28185079,0.27778846,0.27029812,0.26564312,0.2627884,0.25899416,0.2540323,0.24888618,0.24332666,0.23427515,0.22557716,0.22273985,0.21925294,0.21311192,0.20829765,0.19977818,0.19387358,0.1871412,0.18169051,0.17774151,0.17275687,0.16349885,0.15509859,0.15249154,0.14902648,0.14401934,0.13993514,0.13191101,0.12928575,0.12473442,0.12012335,0.111382626,0.106221005,0.09817155,0.08916518,0.08465409,0.081438065,0.07778499,0.072125226,0.06418704,0.05437664,0.050002266
51_real,0.2591702,,,,,,,,,,,,,,,,,,,,,,,,,,,,,,,,,,,,,,,,0.02365641,,,,,,,,,,,,,,,,,,,,,,,,,,,,,
51_gen,0.25917023,0.25644642,0.25141734,0.24543282,0.2436935,0.23666486,0.23205586,0.22520533,0.223706,0.22014098,0.21451442,0.2082644,0.20384336,0.20026669,0.19702908,0.19378456,0.1922546,0.18703483,0.18493071,0.18342437,0.1799009,0.17681377,0.17297292,0.17151383,0.16934694,0.16714354,0.16306147,0.16056235,0.15929937,0.15851173,0.15492606,0.15489113,0.15213908,0.15019879,0.14719224,0.14383197,0.14148942,0.13559805,0.1350761,0.12904766,0.12707824,0.122027054,0.11967297,0.11683418,0.114353396,0.11418096,0.11147454,0.1090407,0.10757744,0.10302901,0.101526655,0.099547155,0.09671952,0.09407561,0.08781539,0.08733848,0.08270907,0.080363385,0.07863046,0.07650252,0.07468263,0.07293019,0.072106965,0.06577442,0.067368925,0.063892275,0.060647655,0.05979426,0.053534567,0.051687926
52_real,1.6620032,,,,,,,,,,,,,,,,,,,,,,,,,,,,,,,,,,,,,,,,1.75474,,,,,,,,,,,,,,,,,,,,,,,,,,,,,
52_gen,1.6620033,1.6573454,1.6552832,1.6539596,1.6503404,1.6450489,1.6389802,1.6365626,1.6324024,1.6274107,1.6230568,1.6178364,1.6128744,1.6100878,1.6074734,1.6038163,1.6024357,1.5992887,1.595304,1.5913775,1.5895364,1.58687,1.585129,1.5837684,1.5815033,1.5820534,1.5816905,1.5801449,1.5753157,1.5717094,1.5708463,1.5719978,1.571235,1.5683229,1.5668933,1.5644741,1.5624173,1.5597042,1.559954,1.5575478,1.5584171,1.5559723,1.5499218,1.5478008,1.5468972,1.5437315,1.5421412,1.5395219,1.5362474,1.533147,1.532542,1.5330988,1.5305443,1.5308541,1.5295738,1.5276903,1.5280051,1.5259129,1.5215651,1.5161549,1.5156673,1.514854,1.5126404,1.5131131,1.5133324,1.5106494,1.5097513,1.5099597,1.5087492,1.5081364
53_real,1.125322,,,,,,,,,,,,,,,,,,,,,,,,,,,,,,,,,,,,,,,,1.0902364,,,,,,,,,,,,,,,,,,,,,,,,,,,,,
53_gen,1.1253221,1.1159003,1.1019778,1.089299,1.0757774,1.0658453,1.0538527,1.0420172,1.030099,1.0113478,0.9974495,0.9799755,0.97128695,0.9548448,0.9462999,0.9363122,0.9263116,0.9124156,0.9011509,0.88960993,0.87902594,0.868677,0.8602977,0.8550795,0.8486479,0.8406876,0.8302889,0.8177864,0.8097173,0.8023794,0.7973773,0.78948313,0.7825364,0.77865463,0.7702554,0.7614738,0.7543802,0.7488282,0.7398762,0.7283608,0.7179121,0.7129962,0.70506436,0.69513136,0.6925287,0.6907521,0.6879644,0.68318295,0.6777444,0.6676349,0.66053283,0.6532305,0.65016484,0.64252216,0.6332139,0.62810683,0.62449783,0.62099993,0.61593103,0.6106164,0.6007935,0.5941361,0.58706343,0.57893145,0.5732459,0.5630369,0.55575824,0.549734,0.5455301,0.5346134
54_real,2.1042924,,,,,,,,,,,,,,,,,,,,,,,,,,,,,,,,,,,,,,,,2.1304362,,,,,,,,,,,,,,,,,,,,,,,,,,,,,
54_gen,2.1042922,2.1089835,2.1105385,2.1150851,2.1214523,2.1316957,2.1354632,2.1445131,2.147079,2.1499023,2.1522448,2.154193,2.1649754,2.1720443,2.173104,2.1841133,2.1950793,2.195881,2.1965146,2.2067375,2.2104917,2.2163258,2.2168105,2.2206752,2.224365,2.22305,2.2271821,2.227756,2.2261662,2.2253115,2.2256181,2.2265575,2.2297502,2.2248266,2.216106,2.2119832,2.2124047,2.217339,2.21659,2.2182598,2.2220168,2.2291868,2.2335389,2.2340803,2.2280188,2.2266967,2.2317586,2.2315948,2.2278368,2.223143,2.2244298,2.2256958,2.223529,2.2238822,2.2289557,2.2291865,2.2297187,2.2292485,2.233195,2.232205,2.2338579,2.231557,2.2342346,2.233993,2.2335317,2.2315528,2.2299078,2.23289,2.2309737,2.2345061
55_real,-1.1447877,,,,,,,,,,,,,,,,,,,,,,,,,,,,,,,,,,,,,,,,-1.4297818,,,,,,,,,,,,,,,,,,,,,,,,,,,,,
55_gen,-1.1447877,-1.1482366,-1.1494151,-1.1533446,-1.1552925,-1.1594398,-1.1648562,-1.1687138,-1.1726183,-1.1778381,-1.1805254,-1.1838969,-1.1881744,-1.1913745,-1.19736,-1.2034997,-1.207535,-1.2137152,-1.2176808,-1.2211454,-1.2234467,-1.2283506,-1.2334735,-1.2377627,-1.2437384,-1.2474897,-1.2504085,-1.2555511,-1.2590183,-1.2657688,-1.2699091,-1.2749252,-1.2773476,-1.281492,-1.2847477,-1.288997,-1.2938486,-1.2971219,-1.3025048,-1.3073533,-1.311136,-1.3140664,-1.3195295,-1.3236246,-1.3283703,-1.3316524,-1.3381099,-1.3403008,-1.3434396,-1.3482007,-1.3516619,-1.355868,-1.3614881,-1.3661572,-1.3714018,-1.3768386,-1.3813244,-1.3848138,-1.3891921,-1.391587,-1.3949113,-1.3994769,-1.4040494,-1.4105242,-1.4132807,-1.4180762,-1.4216393,-1.4241647,-1.4277269,-1.4303356
56_real,-0.33169785,,,,,,,,,,,,,,,,,,,,,,,,,,,,,,,,,,,,,,,,-0.4474197,,,,,,,,,,,,,,,,,,,,,,,,,,,,,
56_gen,-0.33169788,-0.3305156,-0.33483332,-0.33762532,-0.33958384,-0.34366348,-0.345352,-0.3458787,-0.34890658,-0.35131887,-0.35465607,-0.35945994,-0.3595839,-0.36406603,-0.36570325,-0.36799374,-0.37146503,-0.3716026,-0.3730192,-0.37627357,-0.37739322,-0.38071582,-0.38242686,-0.38847464,-0.389419,-0.39216673,-0.39414608,-0.39777026,-0.40255457,-0.40555924,-0.40515646,-0.40809464,-0.41299677,-0.41275454,-0.4143998,-0.4185768,-0.4225762,-0.42488652,-0.42808762,-0.43204355,-0.43684226,-0.4427443,-0.4469982,-0.45137358,-0.45518845,-0.45635146,-0.45846286,-0.46287036,-0.46713066,-0.46822724,-0.47123224,-0.4737188,-0.47844687,-0.48115864,-0.48537946,-0.4908143,-0.49702567,-0.50039625,-0.50273067,-0.5078739,-0.51127684,-0.5156464,-0.5196976,-0.52142,-0.52607757,-0.5313386,-0.53435314,-0.53780806,-0.54228175,-0.54542917
57_real,0.14022228,,,,,,,,,,,,,,,,,,,,,,,,,,,,,,,,,,,,,,,,-0.12598541,,,,,,,,,,,,,,,,,,,,,,,,,,,,,
57_gen,0.1402223,0.13650489,0.13165314,0.1252716,0.11853628,0.112390555,0.10403409,0.09567793,0.09188471,0.08411213,0.076965496,0.06935166,0.06362687,0.059902113,0.049434967,0.041972674,0.036751565,0.032098252,0.026740974,0.017934337,0.011898536,0.005405188,-0.0011917147,-0.003924241,-0.010975805,-0.014681974,-0.021922916,-0.03035383,-0.034889802,-0.03928474,-0.04573041,-0.050718687,-0.057792358,-0.061436094,-0.068312585,-0.07652684,-0.079608425,-0.08831935,-0.091869965,-0.09760868,-0.10582577,-0.1132862,-0.11976923,-0.128873,-0.13448754,-0.14013913,-0.14284492,-0.14750212,-0.15166228,-0.15860994,-0.16456375,-0.17238775,-0.17452034,-0.181274,-0.18750545,-0.19328038,-0.19982216,-0.20417996,-0.20878696,-0.2144989,-0.21889159,-0.22579019,-0.2309593,-0.23480268,-0.23671922,-0.24204075,-0.24910596,-0.25719017,-0.2625875,-0.26512954
58_real,0.73189026,,,,,,,,,,,,,,,,,,,,,,,,,,,,,,,,,,,,,,,,0.6637173,,,,,,,,,,,,,,,,,,,,,,,,,,,,,
58_gen,0.73189026,0.72442627,0.71862346,0.7152257,0.7060505,0.70455927,0.6984087,0.6914536,0.69090956,0.686917,0.68595713,0.68204105,0.6780744,0.6735891,0.6713772,0.6711034,0.66773045,0.6623427,0.6589159,0.6580654,0.65081,0.6452483,0.63957024,0.63832104,0.6350262,0.63038063,0.6271968,0.61997503,0.61460435,0.60957557,0.60619426,0.5976895,0.59359735,0.58949363,0.5858722,0.581252,0.5750145,0.5690727,0.56801665,0.56603277,0.5649751,0.55923337,0.55445606,0.54946554,0.54861414,0.54110086,0.5363962,0.53100526,0.52512234,0.5180459,0.5138104,0.50867826,0.5031706,0.5005727,0.49622577,0.49405414,0.48745662,0.47951835,0.46958938,0.46135306,0.45542264,0.44941506,0.44610554,0.441892,0.43752402,0.4313317,0.42654377,0.41690364,0.40796286,0.40566522
59_real,0.55234855,,,,,,,,,,,,,,,,,,,,,,,,,,,,,,,,,,,,,,,,0.5245561,,,,,,,,,,,,,,,,,,,,,,,,,,,,,
59_gen,0.55234855,0.5520412,0.55068606,0.546128,0.5452249,0.54605067,0.54433596,0.5393125,0.5354131,0.52991545,0.52650017,0.5236093,0.5211757,0.51886034,0.5159199,0.51129043,0.5060225,0.5034141,0.49929976,0.4954877,0.49277574,0.49049082,0.48907605,0.48526382,0.4801429,0.47670618,0.47454986,0.47033054,0.46684304,0.46401325,0.46174636,0.458458,0.45678845,0.45349318,0.45164904,0.44678268,0.44243422,0.43989128,0.43823642,0.43451518,0.43129307,0.4264887,0.4215613,0.41731447,0.4153467,0.4123918,0.410307,0.4095332,0.405217,0.40043107,0.39918473,0.3979265,0.3950156,0.39367133,0.39069384,0.38778177,0.38496274,0.38563743,0.3849309,0.38273415,0.3795587,0.374798,0.37073272,0.36751541,0.36684904,0.36110532,0.3575647,0.35536605,0.3530911,0.34902972
60_real,0.37715897,,,,,,,,,,,,,,,,,,,,,,,,,,,,,,,,,,,,,,,,0.3197976,,,,,,,,,,,,,,,,,,,,,,,,,,,,,
60_gen,0.37715894,0.37509233,0.37328526,0.3699524,0.36864504,0.36765003,0.36972594,0.36907274,0.36951536,0.36938792,0.36861882,0.36816993,0.3691253,0.37058565,0.37193507,0.3722821,0.3737692,0.37480015,0.37462348,0.3740589,0.37359476,0.3732298,0.3737506,0.37520322,0.37657076,0.37779707,0.37867987,0.37950104,0.37989387,0.3816695,0.37994066,0.38096938,0.3847658,0.3831584,0.38430613,0.38404256,0.3836581,0.3845989,0.384296,0.38576514,0.3857405,0.38665536,0.38772604,0.38994744,0.38969558,0.38778386,0.38842902,0.38874644,0.38830268,0.38725886,0.3848388,0.38634872,0.38464317,0.38581946,0.3839434,0.3833168,0.38288325,0.3851229,0.38338643,0.38329834,0.38114342,0.37874848,0.37794814,0.37899652,0.38011393,0.3798794,0.380187,0.37907988,0.3791601,0.37972066
61_real,1.1115993,,,,,,,,,,,,,,,,,,,,,,,,,,,,,,,,,,,,,,,,1.1149743,,,,,,,,,,,,,,,,,,,,,,,,,,,,,
61_gen,1.1115992,1.1095507,1.1059326,1.1033366,1.0959587,1.0958203,1.0907266,1.0853528,1.0840945,1.0780547,1.0734327,1.0743421,1.0727043,1.0692604,1.0681394,1.0661966,1.0641811,1.0617807,1.0592257,1.0531638,1.0550053,1.0559165,1.0570298,1.058673,1.060351,1.059022,1.0551144,1.0545957,1.0550125,1.0506439,1.050565,1.0489336,1.0455165,1.0459654,1.0454206,1.0485137,1.0454004,1.0434581,1.0415357,1.0386719,1.0371386,1.0363487,1.0358416,1.0346829,1.0324653,1.0340477,1.031324,1.0277094,1.0264657,1.0283026,1.0266864,1.0279521,1.0206268,1.0197693,1.024256,1.0241795,1.0205544,1.0194758,1.0185071,1.0151899,1.0155523,1.0153534,1.0126841,1.0086616,1.007568,1.0084679,1.0062306,1.006481,1.0052788,1.0021478
62_real,0.79042023,,,,,,,,,,,,,,,,,,,,,,,,,,,,,,,,,,,,,,,,0.5430693,,,,,,,,,,,,,,,,,,,,,,,,,,,,,
62_gen,0.7904202,0.7864547,0.7853521,0.7772493,0.7720993,0.7687032,0.7648088,0.7573503,0.7536189,0.7501228,0.7506614,0.7423303,0.7353169,0.7312987,0.724998,0.72109365,0.72173005,0.7153436,0.70987356,0.70816314,0.70575625,0.7022332,0.6994572,0.6948488,0.6915435,0.6922916,0.6865364,0.68529224,0.6855852,0.6841645,0.67892146,0.6741578,0.6724835,0.6691467,0.669,0.666259,0.66406476,0.6596974,0.6524917,0.65030193,0.6456796,0.6462496,0.64600575,0.6433011,0.6418301,0.64088285,0.6378621,0.6367675,0.63413393,0.6308712,0.6245511,0.62387,0.61846465,0.6150008,0.60993135,0.60497046,0.6038395,0.6034689,0.59701467,0.59368753,0.5889615,0.5829443,0.5846093,0.58265984,0.57957876,0.57829297,0.57376933,0.5691968,0.5670114,0.5619544
63_real,1.6806185,,,,,,,,,,,,,,,,,,,,,,,,,,,,,,,,,,,,,,,,1.7204969,,,,,,,,,,,,,,,,,,,,,,,,,,,,,
63_gen,1.6806185,1.6720059,1.6654174,1.6567125,1.6508383,1.6404642,1.6298683,1.6231692,1.6163667,1.609904,1.6013743,1.592127,1.5832586,1.5789433,1.5723007,1.5667595,1.5619171,1.5541023,1.5510995,1.5401663,1.5290254,1.5219984,1.5150927,1.5082811,1.5043856,1.5016401,1.4973439,1.4923774,1.4879392,1.4810443,1.4756458,1.4691737,1.4647352,1.4608608,1.4549869,1.4463584,1.4440032,1.4381746,1.4328737,1.429111,1.4254516,1.4214938,1.4169341,1.4086161,1.406944,1.4007591,1.3981013,1.3945928,1.3887489,1.3866583,1.3838077,1.3781056,1.3720986,1.365024,1.3594682,1.3531246,1.3502809,1.3436648,1.3369005,1.3310724,1.3278216,1.3255752,1.3213751,1.3161793,1.3106405,1.302171,1.2939098,1.2899891,1.2849636,1.2803372
64_real,1.1999229,,,,,,,,,,,,,,,,,,,,,,,,,,,,,,,,,,,,,,,,1.2841753,,,,,,,,,,,,,,,,,,,,,,,,,,,,,
64_gen,1.1999228,1.1923196,1.1872208,1.1803263,1.17339,1.1672853,1.1614023,1.1572195,1.1524957,1.1416924,1.132563,1.1252353,1.1204051,1.1156621,1.111046,1.1095742,1.1067915,1.0997407,1.0960585,1.0920715,1.089267,1.0844533,1.0810305,1.076443,1.0723239,1.0655619,1.0619347,1.0559615,1.0490136,1.0444684,1.0392913,1.0342323,1.0275793,1.0207826,1.0135533,1.0101829,1.0040866,0.9992654,0.9917921,0.99060696,0.9849024,0.97900134,0.97682667,0.97405386,0.96896476,0.965316,0.9580587,0.9520691,0.9471766,0.9415873,0.93537664,0.92962885,0.92439157,0.91716605,0.9108299,0.9052375,0.90312946,0.89759856,0.8941662,0.88989556,0.88608086,0.88058966,0.8755658,0.8698721,0.8623508,0.85700226,0.85345185,0.8476645,0.8446042,0.83714926
65_real,0.49566644,,,,,,,,,,,,,,,,,,,,,,,,,,,,,,,,,,,,,,,,0.3981983,,,,,,,,,,,,,,,,,,,,,,,,,,,,,
65_gen,0.49566644,0.4850877,0.47921538,0.47154307,0.46940756,0.45952597,0.45050392,0.4428335,0.43868637,0.4342638,0.4333202,0.42984468,0.4235941,0.41977614,0.41479158,0.4105885,0.40416756,0.3987634,0.39898163,0.3984926,0.39372912,0.38973868,0.38537115,0.38221598,0.38175136,0.3768695,0.37560514,0.3746037,0.36933288,0.36415786,0.36111543,0.356443,0.3530503,0.3557637,0.3505885,0.34650338,0.34470445,0.3400521,0.33772087,0.33544427,0.33126742,0.32711983,0.32657093,0.3182816,0.31571898,0.31082904,0.3098475,0.30483106,0.3054063,0.30518538,0.30295432,0.3044316,0.29839998,0.29448172,0.29092497,0.28757268,0.28368178,0.2811249,0.27515334,0.27072936,0.26726732,0.26371914,0.26116687,0.25734276,0.25236872,0.24836926,0.24238953,0.23917446,0.23723777,0.23652487
66_real,0.50621784,,,,,,,,,,,,,,,,,,,,,,,,,,,,,,,,,,,,,,,,0.55381674,,,,,,,,,,,,,,,,,,,,,,,,,,,,,
66_gen,0.5062179,0.5052489,0.5003168,0.4955469,0.49083114,0.48938948,0.4826457,0.47438717,0.47237402,0.46505874,0.4628808,0.4581918,0.4547736,0.44869798,0.44700265,0.4443844,0.4383956,0.4331007,0.4292037,0.42933464,0.4249015,0.41930395,0.41330537,0.40470538,0.40385303,0.40323648,0.40019816,0.39438382,0.3899753,0.38530883,0.38259473,0.38091606,0.37866503,0.3723478,0.36680707,0.36192387,0.35578513,0.34938744,0.34380907,0.33973655,0.33809364,0.3328356,0.32747597,0.3263385,0.32457757,0.3190291,0.3171826,0.3104034,0.31144494,0.30262384,0.29755813,0.29320875,0.28669304,0.28396153,0.28181475,0.27732998,0.2727935,0.26993078,0.2661,0.2636997,0.2599508,0.25195643,0.2507474,0.24710092,0.24494441,0.23459442,0.22891453,0.22437008,0.22056243,0.21857071
67_real,1.1501745,,,,,,,,,,,,,,,,,,,,,,,,,,,,,,,,,,,,,,,,1.1296976,,,,,,,,,,,,,,,,,,,,,,,,,,,,,
67_gen,1.1501744,1.145766,1.1439574,1.1404191,1.1383833,1.1376579,1.133571,1.1271147,1.1253773,1.1169679,1.1148793,1.1081462,1.1060047,1.106838,1.1033092,1.0978668,1.095656,1.097441,1.0975678,1.0943967,1.0906813,1.0902884,1.0857688,1.0827776,1.0809591,1.0793014,1.0758412,1.0734755,1.0672326,1.0646648,1.0631895,1.0602591,1.0604614,1.0597566,1.0575616,1.0571969,1.051472,1.0496815,1.0490263,1.0457176,1.0425096,1.0407141,1.0411613,1.036349,1.0340059,1.035005,1.0340664,1.0343907,1.0326717,1.031781,1.0308383,1.0283124,1.0263052,1.0220048,1.0202558,1.0185353,1.0160834,1.0152757,1.0130544,1.0099233,1.0056258,1.0052116,1.0025456,1.0029114,0.9989654,0.9954505,0.9920267,0.987662,0.9862698,0.9832514
68_real,1.5598893,,,,,,,,,,,,,,,,,,,,,,,,,,,,,,,,,,,,,,,,1.4405001,,,,,,,,,,,,,,,,,,,,,,,,,,,,,
68_gen,1.5598892,1.5610039,1.5591686,1.557511,1.5544633,1.5531067,1.5539563,1.5560583,1.5558691,1.5546427,1.5564495,1.5551641,1.5560318,1.5530161,1.5545725,1.5549381,1.5542196,1.5564712,1.5582678,1.5526717,1.553636,1.5550729,1.5576388,1.5579281,1.5580249,1.5601988,1.5590081,1.5579177,1.5571939,1.5576726,1.5579745,1.5600215,1.5595708,1.5611017,1.5585196,1.5554016,1.5556244,1.5557377,1.5549775,1.5535702,1.5544022,1.5544331,1.5548204,1.553595,1.5508314,1.5481302,1.5482934,1.5469683,1.5463145,1.5451436,1.5464331,1.544323,1.5423034,1.5396913,1.5376687,1.5395689,1.5387846,1.540197,1.5377767,1.5366371,1.5359991,1.5375539,1.5368006,1.5365032,1.5378317,1.5370805,1.5408663,1.5427372,1.5437837,1.5420516
69_real,0.67874855,,,,,,,,,,,,,,,,,,,,,,,,,,,,,,,,,,,,,,,,0.698804,,,,,,,,,,,,,,,,,,,,,,,,,,,,,
69_gen,0.67874855,0.6775292,0.67971605,0.6778081,0.67373616,0.67109984,0.67227125,0.6716172,0.6686947,0.66937137,0.66817343,0.6654028,0.6639998,0.6621534,0.65961444,0.66039664,0.6568102,0.6572053,0.6563786,0.6515156,0.64781517,0.64873004,0.64497876,0.64302427,0.63675725,0.6335094,0.6319458,0.6288835,0.6256673,0.6224216,0.6212565,0.621671,0.6197771,0.6153985,0.6100391,0.6071798,0.60574305,0.6050154,0.6049372,0.6045367,0.5984665,0.59630406,0.5926422,0.59103775,0.58815074,0.5818748,0.57841444,0.572906,0.5659206,0.56196684,0.56040967,0.55903125,0.556844,0.5528446,0.54900426,0.54487747,0.5435636,0.53938246,0.53443134,0.5330654,0.52838427,0.521967,0.5171424,0.5146401,0.51459,0.5112766,0.50838405,0.503327,0.49931088,0.4945895
70_real,0.69556445,,,,,,,,,,,,,,,,,,,,,,,,,,,,,,,,,,,,,,,,0.63310397,,,,,,,,,,,,,,,,,,,,,,,,,,,,,
70_gen,0.6955644,0.6935897,0.6852064,0.6817184,0.67922586,0.6723205,0.66495955,0.65695864,0.64893407,0.6452631,0.6366459,0.6340148,0.626883,0.6213733,0.6204647,0.6151795,0.611777,0.6097166,0.60696876,0.604127,0.60012466,0.6004391,0.5956105,0.5903057,0.58506095,0.5841235,0.5793709,0.575972,0.57180345,0.56860423,0.56380236,0.5597796,0.5540248,0.552106,0.5513877,0.54892474,0.54513234,0.544741,0.5391844,0.5366704,0.5339147,0.53032744,0.52733266,0.5253459,0.5231725,0.51966655,0.51691824,0.5136449,0.5112337,0.50777686,0.50663364,0.5025563,0.4970855,0.49296007,0.48922887,0.48657307,0.48203078,0.48120293,0.47670227,0.4745493,0.47427446,0.4731055,0.47111326,0.46726102,0.4652881,0.46250257,0.46035805,0.45308113,0.45150214,0.44866768
71_real,0.994853,,,,,,,,,,,,,,,,,,,,,,,,,,,,,,,,,,,,,,,,0.9451034,,,,,,,,,,,,,,,,,,,,,,,,,,,,,
71_gen,0.994853,0.98986053,0.9891976,0.9821882,0.9784628,0.97847664,0.97867185,0.97699225,0.97594774,0.96979636,0.9714955,0.97297174,0.9689104,0.9692305,0.96128833,0.9618462,0.9574663,0.9561697,0.9533685,0.9476665,0.94530505,0.94086903,0.93952686,0.9358514,0.9337632,0.93444806,0.9320634,0.92706996,0.9235853,0.91970426,0.9199478,0.9190482,0.9144929,0.9114677,0.9100588,0.90784466,0.90318185,0.9011278,0.89470613,0.8901229,0.89213216,0.8882324,0.884498,0.884065,0.87905943,0.87718517,0.8768794,0.8771709,0.8733104,0.8713832,0.8683947,0.869095,0.8646477,0.86426145,0.8612312,0.856894,0.8537243,0.85066444,0.84767497,0.8383339,0.83820975,0.8347,0.8300759,0.82723,0.82536155,0.82478666,0.81971395,0.814943,0.81057394,0.8080347
72_real,0.90303624,,,,,,,,,,,,,,,,,,,,,,,,,,,,,,,,,,,,,,,,0.7358379,,,,,,,,,,,,,,,,,,,,,,,,,,,,,
72_gen,0.90303624,0.8994379,0.9004227,0.8958333,0.8930917,0.8917268,0.8942297,0.892238,0.8855421,0.885523,0.88468874,0.8827714,0.88095427,0.8807737,0.88038456,0.8829681,0.88348424,0.8846542,0.88410664,0.8785156,0.880904,0.8783733,0.87755287,0.8779441,0.8758172,0.87503564,0.87384397,0.87320125,0.8742903,0.8752023,0.87537515,0.87245893,0.87244797,0.87057304,0.87031686,0.8726177,0.8732546,0.8754352,0.8742132,0.87411845,0.8726448,0.8731972,0.874646,0.8745837,0.87493974,0.87792623,0.8752691,0.87694895,0.8734805,0.87184,0.87346476,0.8758391,0.8741433,0.87437713,0.8783805,0.87883615,0.8760206,0.87806225,0.8779047,0.876933,0.87652624,0.8755825,0.8743025,0.8723671,0.8715407,0.87363976,0.8758441,0.87508,0.87463397,0.87152827
73_real,-0.10838397,,,,,,,,,,,,,,,,,,,,,,,,,,,,,,,,,,,,,,,,0.19107178,,,,,,,,,,,,,,,,,,,,,,,,,,,,,
73_gen,-0.10838397,-0.11230054,-0.111725986,-0.11015104,-0.11445316,-0.11553683,-0.116757534,-0.1173736,-0.11644188,-0.115840636,-0.11825062,-0.116805516,-0.114063285,-0.1152757,-0.1151893,-0.117110774,-0.11655925,-0.11958899,-0.123389825,-0.12519239,-0.12808645,-0.12511364,-0.12760288,-0.12664348,-0.12907073,-0.12692115,-0.12715486,-0.12756261,-0.1275486,-0.13135402,-0.13548747,-0.14162269,-0.14339888,-0.14279252,-0.14451794,-0.14655142,-0.15205611,-0.15441416,-0.15808086,-0.16391529,-0.16322766,-0.16488062,-0.16340107,-0.16525689,-0.16861627,-0.16874482,-0.1715187,-0.17236856,-0.17505331,-0.17787811,-0.17989652,-0.17774013,-0.17841177,-0.18170924,-0.18707514,-0.18867491,-0.18941928,-0.19084077,-0.1925884,-0.1952272,-0.19665436,-0.19804703,-0.20296201,-0.2061048,-0.20636232,-0.20973893,-0.2162396,-0.21721241,-0.21964172,-0.223459
74_real,-0.35469055,,,,,,,,,,,,,,,,,,,,,,,,,,,,,,,,,,,,,,,,-0.58910567,,,,,,,,,,,,,,,,,,,,,,,,,,,,,
74_gen,-0.35469055,-0.35724562,-0.36410648,-0.36905375,-0.37584487,-0.38178974,-0.3874229,-0.389167,-0.39631376,-0.399939,-0.39991602,-0.3994489,-0.39837033,-0.40300888,-0.40333876,-0.40038586,-0.40208727,-0.40195256,-0.40279827,-0.40371293,-0.40087038,-0.398664,-0.40047878,-0.3990861,-0.40275532,-0.4062752,-0.40589944,-0.40192327,-0.3970274,-0.39993906,-0.39915505,-0.4026031,-0.4024852,-0.40012056,-0.39822915,-0.3989854,-0.3957613,-0.39551982,-0.393136,-0.39135155,-0.3910976,-0.38760456,-0.38776988,-0.38415647,-0.3838163,-0.3782218,-0.3813401,-0.3802425,-0.37962288,-0.37809163,-0.37808436,-0.37979728,-0.37787053,-0.37685892,-0.37327188,-0.3722598,-0.3723407,-0.3681236,-0.3714071,-0.37070614,-0.36407322,-0.36424786,-0.36869988,-0.36881042,-0.36984107,-0.36813673,-0.36807066,-0.36671597,-0.36504012,-0.36496472
75_real,1.0647221,,,,,,,,,,,,,,,,,,,,,,,,,,,,,,,,,,,,,,,,0.9960796,,,,,,,,,,,,,,,,,,,,,,,,,,,,,
75_gen,1.0647221,1.0623384,1.0592239,1.0578508,1.0566533,1.0569087,1.0551594,1.056408,1.0549262,1.0537368,1.0546725,1.0546745,1.0542439,1.0546782,1.0557815,1.0537094,1.0534351,1.0496708,1.0482808,1.0490507,1.0458698,1.0466502,1.0459555,1.0466378,1.0435091,1.044291,1.0444639,1.0430844,1.0407703,1.042214,1.0425448,1.0424712,1.0429981,1.0421431,1.0403957,1.0429623,1.0460838,1.0446718,1.0457611,1.0445945,1.0456523,1.0455275,1.0435245,1.0447085,1.0446472,1.0460612,1.0458196,1.0453752,1.0467547,1.0465076,1.042795,1.0436021,1.0420898,1.0422397,1.042124,1.0411215,1.0418715,1.0419044,1.0396804,1.0390694,1.0399803,1.0409086,1.0386679,1.0396159,1.0394723,1.0387994,1.0401185,1.0423943,1.0407139,1.0395626
76_real,0.6512992,,,,,,,,,,,,,,,,,,,,,,,,,,,,,,,,,,,,,,,,0.57532245,,,,,,,,,,,,,,,,,,,,,,,,,,,,,
76_gen,0.6512991,0.65007985,0.6491345,0.6475116,0.6458456,0.6432967,0.640797,0.6419715,0.6398376,0.6415347,0.64190894,0.6437748,0.64600515,0.64700973,0.6459929,0.6445014,0.64574206,0.6471044,0.64748955,0.6512064,0.6512701,0.65245396,0.65038216,0.65106785,0.65101594,0.6504374,0.6497329,0.6490226,0.6527491,0.6545156,0.65501726,0.65574706,0.6570273,0.6569935,0.65674734,0.65638727,0.656943,0.6579175,0.6586432,0.6598637,0.6607977,0.6610784,0.6603802,0.66219497,0.66423726,0.66457754,0.66490686,0.6645905,0.66650516,0.6668962,0.6677683,0.66598594,0.6676144,0.66712224,0.6657909,0.6656321,0.66577685,0.6663749,0.6671972,0.6658203,0.66927147,0.6687875,0.6674428,0.66800797,0.66805214,0.66857624,0.6671414,0.66523176,0.6637703,0.6627415
77_real,0.11427279,,,,,,,,,,,,,,,,,,,,,,,,,,,,,,,,,,,,,,,,-0.017624503,,,,,,,,,,,,,,,,,,,,,,,,,,,,,
77_gen,0.11427279,0.114877224,0.114153564,0.114831425,0.11426512,0.116299294,0.11370863,0.11558554,0.11658201,0.117399454,0.11606492,0.11592045,0.1162523,0.114183925,0.11414014,0.11570044,0.115300596,0.11644592,0.11826086,0.117419004,0.117000535,0.11880954,0.119132414,0.11924167,0.117368445,0.116262995,0.11763555,0.11919929,0.11760497,0.11645575,0.116122484,0.11612775,0.11361086,0.11407056,0.110590376,0.11168136,0.111560486,0.10951247,0.10839349,0.108719386,0.1058441,0.105437,0.10480453,0.1027699,0.102196395,0.10380159,0.10392128,0.104005896,0.101459004,0.099001646,0.09658119,0.09557556,0.09353482,0.08908458,0.08680929,0.08342522,0.080878496,0.079887226,0.078365006,0.0767852,0.075396225,0.07631136,0.0733557,0.0703418,0.067243345,0.06700963,0.06429772,0.063031994,0.058351915,0.057473697
78_real,0.70192575,,,,,,,,,,,,,,,,,,,,,,,,,,,,,,,,,,,,,,,,0.5504299,,,,,,,,,,,,,,,,,,,,,,,,,,,,,
78_gen,0.70192575,0.6976031,0.69764435,0.694933,0.68882227,0.6862923,0.67973644,0.67567134,0.6719988,0.6687579,0.66518325,0.66135556,0.6599413,0.6592709,0.65792304,0.65376145,0.6532561,0.6492484,0.6514059,0.6488896,0.64815456,0.6452378,0.63989854,0.63716775,0.63377357,0.63163406,0.63035107,0.6307357,0.6290115,0.6279894,0.6245616,0.62152255,0.6229234,0.6218997,0.62028265,0.61823994,0.61463654,0.61376625,0.6125504,0.61157703,0.6103413,0.607939,0.6045529,0.60055196,0.597329,0.5974481,0.5947794,0.5927475,0.592333,0.5899555,0.58902127,0.5874343,0.5867125,0.58418083,0.58058965,0.5798036,0.5773206,0.5743875,0.5747431,0.56990856,0.5633184,0.56315213,0.5578099,0.55300015,0.54995996,0.54606134,0.5446493,0.5421082,0.53796613,0.5349661
79_real,1.7017784,,,,,,,,,,,,,,,,,,,,,,,,,,,,,,,,,,,,,,,,1.6172658,,,,,,,,,,,,,,,,,,,,,,,,,,,,,
79_gen,1.7017784,1.695756,1.6900021,1.68658,1.6828245,1.6786743,1.675778,1.6715218,1.6679833,1.6647761,1.6620293,1.6584094,1.6546739,1.6509202,1.6490141,1.6445358,1.6400878,1.6377207,1.6337903,1.6307045,1.6280701,1.6255639,1.6239822,1.6200676,1.6177571,1.6170733,1.6143748,1.6120634,1.6100956,1.6071265,1.6052357,1.6031015,1.6004572,1.5990509,1.5958273,1.5929773,1.5905125,1.5892543,1.5877875,1.5862219,1.5836041,1.582346,1.5811489,1.5789628,1.577829,1.5772393,1.5750706,1.5716785,1.5716181,1.5692371,1.5677354,1.5668316,1.5656044,1.5632322,1.5603092,1.5589709,1.5568975,1.5556351,1.5550851,1.5535027,1.552181,1.551652,1.5492169,1.5483463,1.5475843,1.5451558,1.5430292,1.540729,1.5384058,1.5371351
80_real,1.0181108,,,,,,,,,,,,,,,,,,,,,,,,,,,,,,,,,,,,,,,,0.8545693,,,,,,,,,,,,,,,,,,,,,,,,,,,,,
80_gen,1.0181106,1.0115477,1.0065161,1.0011346,0.996549,0.9905532,0.98480016,0.97836095,0.97420514,0.9695919,0.96498096,0.9597702,0.9552838,0.9509643,0.94699585,0.94423544,0.93984354,0.935928,0.93104804,0.92589444,0.9211687,0.9173133,0.91326714,0.9103382,0.9072088,0.902392,0.9006742,0.8972479,0.89434147,0.8905238,0.8864934,0.88179123,0.8775565,0.87373894,0.871781,0.86648816,0.8651331,0.86345184,0.86166155,0.8590832,0.85568774,0.85276586,0.85089225,0.85022736,0.8477524,0.84531355,0.8415783,0.8377649,0.83482444,0.83229446,0.828489,0.82689035,0.82386094,0.8235653,0.8210305,0.8191406,0.81618816,0.81330025,0.8101424,0.8054449,0.80251133,0.79933244,0.7966662,0.7945465,0.792815,0.79014266,0.7866167,0.78482014,0.7803531,0.7809874
81_real,0.47764778,,,,,,,,,,,,,,,,,,,,,,,,,,,,,,,,,,,,,,,,0.44670016,,,,,,,,,,,,,,,,,,,,,,,,,,,,,
81_gen,0.47764778,0.47522062,0.47063747,0.46259123,0.461998,0.4540011,0.44981986,0.44391567,0.43936118,0.43413788,0.42854935,0.42382193,0.42070335,0.41623002,0.41641626,0.4128425,0.40645242,0.4020625,0.39892566,0.39487463,0.3886283,0.38654348,0.38153526,0.3814006,0.37682244,0.373836,0.36881626,0.36339504,0.36340165,0.3624316,0.3574775,0.35190505,0.34712133,0.34429651,0.34064406,0.33560395,0.3253756,0.31985584,0.31837112,0.3147433,0.31013817,0.30749574,0.30033988,0.29695672,0.29804868,0.297306,0.2904496,0.28672153,0.28140563,0.2766896,0.27413744,0.2710168,0.26675254,0.2645063,0.25923628,0.25389022,0.25086027,0.24267597,0.24050376,0.23649378,0.23099951,0.2285026,0.22731873,0.22277555,0.21713357,0.21857226,0.21215554,0.21036533,0.20680352,0.20341158
82_real,0.4311347,,,,,,,,,,,,,,,,,,,,,,,,,,,,,,,,,,,,,,,,0.40630722,,,,,,,,,,,,,,,,,,,,,,,,,,,,,
82_gen,0.4311347,0.42908224,0.42684722,0.42360038,0.4195261,0.41512814,0.411007,0.40454784,0.39990935,0.39766654,0.39356056,0.39059222,0.38550836,0.38218123,0.37715,0.37071475,0.367876,0.36236143,0.35937995,0.3582658,0.35697567,0.35504803,0.34999406,0.34776706,0.3467211,0.3455588,0.34493428,0.34185785,0.33949617,0.33795866,0.3313943,0.32764152,0.32297367,0.3195153,0.3183901,0.31647512,0.31233916,0.31065252,0.30774245,0.30522436,0.29802614,0.2918795,0.2895258,0.2875376,0.282669,0.28134194,0.27867886,0.2753921,0.27002993,0.26404807,0.26239458,0.25927812,0.25556114,0.2513312,0.24667151,0.24425635,0.2428875,0.2377561,0.23480865,0.2298911,0.22490089,0.21964416,0.21465442,0.21262404,0.2087017,0.20203766,0.19959484,0.19386078,0.19043125,0.1879062
83_real,0.5659619,,,,,,,,,,,,,,,,,,,,,,,,,,,,,,,,,,,,,,,,0.6838808,,,,,,,,,,,,,,,,,,,,,,,,,,,,,
83_gen,0.5659619,0.5621427,0.55743915,0.55167776,0.54470307,0.5389017,0.5334303,0.5258986,0.5177315,0.5116868,0.50682503,0.5015039,0.4939421,0.4889378,0.4844091,0.48166442,0.47677618,0.47401112,0.4690537,0.464967,0.46009952,0.45480815,0.45256263,0.44617853,0.44346076,0.4392694,0.43551007,0.42951807,0.4245667,0.42180943,0.41973203,0.41646728,0.41439438,0.4097517,0.40726852,0.405183,0.4022995,0.39810807,0.39595944,0.39272547,0.38704783,0.3818832,0.37848753,0.3754103,0.37111694,0.36796936,0.3653717,0.36147133,0.3566809,0.353104,0.35089076,0.34528214,0.33975798,0.3381374,0.33747816,0.33473715,0.33059293,0.32795992,0.32422295,0.31940776,0.3139502,0.3073962,0.30333167,0.2996387,0.29578018,0.2934056,0.29153904,0.28580055,0.28160608,0.27698332
84_real,1.436616,,,,,,,,,,,,,,,,,,,,,,,,,,,,,,,,,,,,,,,,1.3088417,,,,,,,,,,,,,,,,,,,,,,,,,,,,,
84_gen,1.436616,1.432797,1.4296904,1.4266622,1.4223435,1.4179064,1.4120706,1.4079701,1.4025825,1.3977578,1.3969264,1.392405,1.3868735,1.3827817,1.3742577,1.3708758,1.365546,1.3626714,1.3595583,1.3561485,1.3504884,1.3460516,1.3429421,1.3375504,1.3330611,1.3294991,1.3260903,1.3205644,1.3152857,1.3110597,1.3072855,1.304714,1.3022417,1.2965544,1.2922026,1.2867843,1.2842066,1.2790363,1.2740519,1.2687395,1.2656208,1.2626392,1.2560647,1.2507417,1.2463655,1.2413027,1.2365464,1.2326906,1.2286263,1.2245288,1.2211397,1.2170545,1.2118914,1.2092142,1.2057078,1.2011089,1.1977301,1.1929516,1.190081,1.1860049,1.1813748,1.179075,1.1752994,1.1709404,1.1676841,1.1642438,1.1581233,1.1539793,1.1491842,1.14643
85_real,1.41949,,,,,,,,,,,,,,,,,,,,,,,,,,,,,,,,,,,,,,,,1.2973784,,,,,,,,,,,,,,,,,,,,,,,,,,,,,
85_gen,1.41949,1.4137117,1.4086084,1.4035282,1.3975016,1.3902256,1.3856051,1.3793136,1.3694413,1.3659827,1.3583324,1.349531,1.342602,1.3374155,1.3313206,1.3269298,1.322754,1.3148682,1.309977,1.305847,1.2971756,1.2894949,1.2864339,1.2821105,1.2751614,1.270791,1.2672373,1.2590482,1.2547762,1.2498842,1.2436697,1.2393287,1.2341024,1.2307538,1.2245855,1.2229829,1.2168598,1.2132242,1.2062919,1.2016636,1.1979913,1.1933047,1.1891317,1.181949,1.1798421,1.1734691,1.1678336,1.1625634,1.1574134,1.154197,1.1482551,1.1440321,1.138581,1.1308321,1.1270508,1.1204103,1.113857,1.1073219,1.1032227,1.103049,1.0958364,1.0922606,1.0850645,1.0795976,1.0744584,1.0717609,1.0661879,1.0629553,1.0580413,1.0516021
86_real,1.7075015,,,,,,,,,,,,,,,,,,,,,,,,,,,,,,,,,,,,,,,,1.6342782,,,,,,,,,,,,,,,,,,,,,,,,,,,,,
86_gen,1.7075016,1.701547,1.69913,1.6960099,1.6926978,1.689904,1.6903813,1.6899363,1.6848357,1.6833721,1.68251,1.6851406,1.68527,1.6868896,1.6858526,1.6878923,1.6856585,1.683819,1.6845293,1.6817658,1.6830645,1.6822767,1.6829414,1.6812403,1.6814096,1.6794884,1.6792072,1.6739457,1.6692812,1.6670187,1.6651455,1.6664124,1.6654867,1.6645361,1.6589177,1.655413,1.6538244,1.6516769,1.6522102,1.6507915,1.6499157,1.6486833,1.6448584,1.6427393,1.6398293,1.638374,1.6364021,1.6328167,1.6309227,1.6267437,1.6232561,1.6214012,1.6191593,1.6188829,1.6180195,1.6177142,1.6128731,1.6125768,1.6092958,1.6098969,1.6090847,1.6064771,1.6064323,1.6066614,1.604236,1.6036657,1.6000946,1.597004,1.5958838,1.593634
87_real,-0.006546,,,,,,,,,,,,,,,,,,,,,,,,,,,,,,,,,,,,,,,,-0.028399557,,,,,,,,,,,,,,,,,,,,,,,,,,,,,
87_gen,-0.006545999,-0.002692273,-0.004992786,-0.006670048,-0.00541727,-0.0037880954,-0.0012659698,0.00061270874,0.00233499,0.0036862209,0.003705232,0.005689164,0.00867097,0.009870829,0.012300734,0.014082201,0.015585244,0.01847966,0.021543074,0.01888955,0.024190566,0.02515071,0.026196793,0.031400066,0.03947921,0.039738934,0.044112388,0.047527425,0.045928422,0.04484763,0.046277475,0.04850559,0.04814998,0.04822004,0.052049942,0.054903816,0.05703195,0.05776803,0.06547489,0.064488575,0.065102465,0.06447437,0.06351106,0.06333975,0.06409074,0.061157912,0.06300716,0.06185879,0.061499286,0.0645769,0.06303853,0.06445149,0.06183201,0.064784914,0.067297176,0.0662922,0.06597403,0.06839641,0.065599844,0.06370841,0.06722449,0.06728183,0.06820009,0.06895049,0.071850896,0.07467784,0.07585986,0.07538144,0.0769432,0.07582347
88_real,0.4206063,,,,,,,,,,,,,,,,,,,,,,,,,,,,,,,,,,,,,,,,0.40685624,,,,,,,,,,,,,,,,,,,,,,,,,,,,,
88_gen,0.42060632,0.4158763,0.4115704,0.4061578,0.40073484,0.40078145,0.3958453,0.39363378,0.3904369,0.3900605,0.38739914,0.3805022,0.37659615,0.3735221,0.3739533,0.37066054,0.365712,0.3607195,0.35879794,0.35577354,0.35317236,0.35202578,0.34613693,0.34606895,0.34421796,0.340972,0.34249133,0.34318608,0.34314808,0.34121063,0.3402065,0.33421966,0.33639756,0.33069462,0.32667723,0.32218078,0.3209557,0.31707105,0.31129223,0.30901223,0.30846915,0.30626455,0.30413187,0.3014657,0.2970588,0.29651433,0.29244074,0.28828987,0.28681558,0.284697,0.28524986,0.28522304,0.28423592,0.28322968,0.27679363,0.272034,0.271301,0.26727524,0.2693142,0.26829237,0.2681902,0.2685861,0.26359063,0.26073745,0.2561853,0.2517225,0.24886954,0.24643171,0.2446717,0.24151894
89_real,0.9597467,,,,,,,,,,,,,,,,,,,,,,,,,,,,,,,,,,,,,,,,0.91913307,,,,,,,,,,,,,,,,,,,,,,,,,,,,,
89_gen,0.9597467,0.959651,0.9559207,0.95262307,0.9463994,0.9439956,0.9376713,0.9346992,0.93088734,0.92388076,0.92132473,0.91776884,0.9165611,0.9141552,0.9122819,0.910745,0.9087979,0.9046233,0.90317214,0.9010237,0.8984197,0.8972913,0.8940808,0.89227086,0.89279044,0.89296514,0.89101154,0.88918126,0.889644,0.8898405,0.8880496,0.88666475,0.8849567,0.88272697,0.88170844,0.8806521,0.8810941,0.8795803,0.8754365,0.8743615,0.8722006,0.8707321,0.8683027,0.86694366,0.8630784,0.86211956,0.8600153,0.8560976,0.8559314,0.85578775,0.855566,0.8549722,0.852849,0.8524095,0.8530944,0.85303366,0.8529235,0.85020006,0.84915924,0.84973085,0.84869516,0.84852874,0.8471444,0.8459056,0.84702206,0.8469898,0.8445632,0.8438174,0.8419689,0.83959275
90_real,1.0051668,,,,,,,,,,,,,,,,,,,,,,,,,,,,,,,,,,,,,,,,0.9214679,,,,,,,,,,,,,,,,,,,,,,,,,,,,,
90_gen,1.0051669,1.0033462,1.0003793,0.9976982,0.9914669,0.9848444,0.9786515,0.9750705,0.9701687,0.96940583,0.96493167,0.95989835,0.9557517,0.9500821,0.95155174,0.9524161,0.95142424,0.95012313,0.9503214,0.9490689,0.9478508,0.94804317,0.94572437,0.94519186,0.94285643,0.9385091,0.93938005,0.94025123,0.9386841,0.9383508,0.93766344,0.9401331,0.93694305,0.93540925,0.9333334,0.9320675,0.9297326,0.9265944,0.9257885,0.9236595,0.921649,0.9181467,0.91495705,0.9100814,0.90965766,0.9099474,0.9089422,0.90604,0.90311223,0.8988205,0.8961396,0.8952445,0.89185506,0.8905652,0.8875368,0.8871312,0.8841853,0.88218653,0.87908584,0.87607586,0.8735636,0.8733409,0.868482,0.86753666,0.8667862,0.863031,0.86108243,0.8600987,0.8586273,0.8587357
91_real,0.9285302,,,,,,,,,,,,,,,,,,,,,,,,,,,,,,,,,,,,,,,,0.72306544,,,,,,,,,,,,,,,,,,,,,,,,,,,,,
91_gen,0.9285301,0.9221457,0.91456205,0.906459,0.8992697,0.8908111,0.88508147,0.8778536,0.87012327,0.8614041,0.8537606,0.8453312,0.8356697,0.829327,0.8230934,0.81760776,0.8111001,0.80417573,0.8009366,0.79412717,0.7875117,0.78164566,0.775041,0.77217007,0.76672804,0.761691,0.7583205,0.75272536,0.7485417,0.7424394,0.73789364,0.7339203,0.72851497,0.72255814,0.7178431,0.7128681,0.7100538,0.70425,0.69849956,0.69308394,0.6881443,0.6836985,0.6792021,0.67627484,0.67383415,0.6720892,0.66428554,0.6596179,0.6554344,0.6508857,0.6432652,0.63839877,0.63853014,0.63587844,0.6329056,0.6287496,0.62355053,0.6200047,0.6179386,0.6147675,0.6122924,0.6094893,0.6050393,0.6002127,0.5975944,0.59387934,0.5874418,0.5835163,0.5797633,0.57689923
92_real,1.2159495,,,,,,,,,,,,,,,,,,,,,,,,,,,,,,,,,,,,,,,,1.1417835,,,,,,,,,,,,,,,,,,,,,,,,,,,,,
92_gen,1.2159497,1.212951,1.2105216,1.2086856,1.2065591,1.205529,1.2035692,1.1999295,1.1976105,1.1971081,1.1933101,1.1905557,1.1864407,1.1839787,1.1834024,1.1801795,1.179041,1.1764344,1.174125,1.1704044,1.1674905,1.1635559,1.1606202,1.159816,1.158307,1.1558225,1.1555506,1.1552837,1.1524765,1.1465604,1.1476257,1.1464746,1.1448593,1.1461155,1.1416153,1.1400902,1.1389921,1.1387303,1.138333,1.1345083,1.1278739,1.1249343,1.1225917,1.1198822,1.1188266,1.1182919,1.118001,1.1158123,1.115383,1.1100404,1.1058095,1.1074278,1.1059518,1.1018751,1.102995,1.1034297,1.100921,1.0953982,1.0922502,1.0944666,1.0921901,1.0924644,1.0904865,1.089193,1.0887897,1.0883241,1.0865643,1.084464,1.0823928,1.0833037
93_real,1.2025728,,,,,,,,,,,,,,,,,,,,,,,,,,,,,,,,,,,,,,,,1.2327483,,,,,,,,,,,,,,,,,,,,,,,,,,,,,
93_gen,1.2025728,1.1947062,1.1871768,1.1791841,1.1732527,1.1638781,1.1559889,1.1466565,1.1397246,1.1310642,1.1241677,1.1166052,1.109564,1.1049236,1.099363,1.0905315,1.0844995,1.0816404,1.0775933,1.0722259,1.0655669,1.0612719,1.0571381,1.0518891,1.0457495,1.0402315,1.0348241,1.0291989,1.0254493,1.019138,1.0141991,1.0079774,1.0040344,0.99943274,0.99503624,0.99066955,0.98527014,0.9786948,0.9734411,0.96921766,0.9656514,0.9643564,0.95766336,0.95308554,0.94882375,0.9432108,0.9401679,0.93446237,0.92945087,0.9239296,0.9178398,0.9133829,0.90876895,0.9048208,0.90055865,0.897295,0.8906821,0.88661784,0.88146317,0.87698156,0.8721863,0.8659302,0.86232597,0.8569066,0.85241926,0.8485352,0.8425892,0.8381504,0.8331029,0.8282412
94_real,0.67684084,,,,,,,,,,,,,,,,,,,,,,,,,,,,,,,,,,,,,,,,0.5722187,,,,,,,,,,,,,,,,,,,,,,,,,,,,,
94_gen,0.67684084,0.6720189,0.66624546,0.659209,0.65247375,0.64776796,0.6423243,0.637221,0.6292695,0.6224541,0.61772007,0.6102641,0.6038802,0.6019157,0.5992097,0.59155464,0.58925766,0.5841525,0.577825,0.5751256,0.570324,0.56857497,0.56147975,0.5570665,0.55234873,0.54822606,0.5468408,0.5412295,0.53642505,0.5303952,0.52525914,0.52066195,0.5157895,0.5097235,0.5047113,0.4987712,0.49247056,0.49183065,0.48895317,0.48395473,0.47741356,0.47057003,0.46295133,0.46057314,0.45853463,0.4538203,0.4507637,0.44835716,0.44206935,0.4388233,0.43229586,0.42902747,0.42404848,0.41994214,0.41666618,0.41189805,0.40553793,0.4026111,0.39792117,0.39059377,0.38608092,0.38190252,0.37832236,0.37276274,0.36855873,0.36535624,0.36132172,0.35387227,0.3484873,0.34314203
95_real,-1.3165736,,,,,,,,,,,,,,,,,,,,,,,,,,,,,,,,,,,,,,,,-1.3230428,,,,,,,,,,,,,,,,,,,,,,,,,,,,,
95_gen,-1.3165737,-1.3199378,-1.327065,-1.3309267,-1.3403435,-1.3494031,-1.3513291,-1.3547659,-1.3620288,-1.3710096,-1.3799641,-1.3834884,-1.3908079,-1.3941883,-1.3975613,-1.4063812,-1.4139777,-1.4176896,-1.4216077,-1.4282334,-1.4343288,-1.4376915,-1.4399062,-1.4443668,-1.446035,-1.4503229,-1.4557676,-1.4597471,-1.4620363,-1.4704633,-1.4745393,-1.4781381,-1.4819142,-1.4846537,-1.4870228,-1.4948083,-1.5008005,-1.5039155,-1.5068616,-1.511678,-1.5152402,-1.5185286,-1.5216033,-1.5249739,-1.5308588,-1.5340061,-1.540816,-1.544925,-1.5508131,-1.5587946,-1.5624124,-1.566534,-1.5743798,-1.5819652,-1.5874637,-1.5915421,-1.5974029,-1.6025066,-1.6088225,-1.6164763,-1.6227989,-1.6263481,-1.6331037,-1.6337496,-1.637558,-1.6442426,-1.6511471,-1.656201,-1.658403,-1.6662527
96_real,-1.1201347,,,,,,,,,,,,,,,,,,,,,,,,,,,,,,,,,,,,,,,,-1.1392403,,,,,,,,,,,,,,,,,,,,,,,,,,,,,
96_gen,-1.1201346,-1.1258779,-1.1292555,-1.1306567,-1.1344874,-1.1382511,-1.1402613,-1.1433811,-1.1496121,-1.1519797,-1.1580092,-1.1584301,-1.1604822,-1.1614263,-1.1631391,-1.1642184,-1.166446,-1.1638584,-1.1670988,-1.165333,-1.1663377,-1.1694443,-1.1664249,-1.172032,-1.1706619,-1.168989,-1.1697364,-1.1690562,-1.1705043,-1.1746422,-1.1731567,-1.1752863,-1.1757138,-1.1716278,-1.1729233,-1.176409,-1.1767881,-1.1752614,-1.1751076,-1.1778516,-1.183785,-1.1855139,-1.1827232,-1.1802354,-1.1775749,-1.1777447,-1.1795814,-1.1813471,-1.1824024,-1.1805633,-1.181274,-1.1814731,-1.1857898,-1.185037,-1.1888849,-1.1905286,-1.1925762,-1.194479,-1.198411,-1.2031701,-1.2093835,-1.2100021,-1.2137443,-1.2150049,-1.2135541,-1.2157621,-1.2213595,-1.2209219,-1.21993,-1.2222035
97_real,1.227241,,,,,,,,,,,,,,,,,,,,,,,,,,,,,,,,,,,,,,,,1.0933534,,,,,,,,,,,,,,,,,,,,,,,,,,,,,
97_gen,1.2272412,1.2233942,1.2200232,1.2197595,1.2159078,1.2129304,1.210252,1.2074293,1.2035944,1.1982099,1.193216,1.190851,1.1867633,1.1836978,1.1812271,1.1805308,1.1782377,1.1747494,1.1742898,1.170688,1.1680768,1.163049,1.1595343,1.1548381,1.1505319,1.1488814,1.1447364,1.1397235,1.1337473,1.1313012,1.1281227,1.1240321,1.1227254,1.1193095,1.1161463,1.11164,1.1068327,1.101523,1.100244,1.0945213,1.0906737,1.0867791,1.0828948,1.079467,1.0724494,1.0698326,1.0672165,1.0636117,1.0577619,1.0547204,1.0536432,1.0492932,1.0435796,1.0366999,1.0314585,1.0277593,1.025976,1.0234396,1.0177655,1.0121081,1.0086786,1.0052053,1.0005937,0.9973919,0.99313104,0.98960334,0.9835652,0.9789507,0.9790951,0.97417563
98_real,0.29261133,,,,,,,,,,,,,,,,,,,,,,,,,,,,,,,,,,,,,,,,0.3772978,,,,,,,,,,,,,,,,,,,,,,,,,,,,,
98_gen,0.29261133,0.2865454,0.28208575,0.2738917,0.26849055,0.26571602,0.26075363,0.25435832,0.2488126,0.23990253,0.2343466,0.2334955,0.22846763,0.2253587,0.22038694,0.21684392,0.21463665,0.21377714,0.21102886,0.20916753,0.2060071,0.20210251,0.19812551,0.19436505,0.19059713,0.18513265,0.18327603,0.17894024,0.1752656,0.17128618,0.16949733,0.16456632,0.16147384,0.15884459,0.1565764,0.15369274,0.15335663,0.14935881,0.14476088,0.1399403,0.13780989,0.13167652,0.12711528,0.12328833,0.12039544,0.118310764,0.11536534,0.11256208,0.10783468,0.105396606,0.10192971,0.09735963,0.09457808,0.09054281,0.0866876,0.08050735,0.07449468,0.07158923,0.06712698,0.06624905,0.06277792,0.058938473,0.055717535,0.053035103,0.051740535,0.047989946,0.04516215,0.041521996,0.03701822,0.033570763
99_real,1.8983659,,,,,,,,,,,,,,,,,,,,,,,,,,,,,,,,,,,,,,,,1.5304323,,,,,,,,,,,,,,,,,,,,,,,,,,,,,
99_gen,1.8983657,1.8952215,1.897434,1.8979769,1.9003131,1.9018646,1.9013393,1.89794,1.896013,1.8977121,1.8920988,1.8914394,1.8911798,1.8916311,1.890852,1.8886095,1.8947815,1.8957236,1.8924328,1.8886884,1.8890989,1.8871822,1.8858328,1.885896,1.8842394,1.8821691,1.8828623,1.8824284,1.8794994,1.8809792,1.8825657,1.8815334,1.8829403,1.8813422,1.8798485,1.8792158,1.8787218,1.878685,1.8793774,1.8796444,1.8815069,1.881326,1.8814363,1.8813854,1.8820288,1.8827317,1.880607,1.8775781,1.8745228,1.8762453,1.875089,1.8779571,1.8782961,1.8800595,1.8800867,1.8740861,1.8761173,1.8805422,1.880303,1.8813292,1.8802063,1.8802488,1.875251,1.8743387,1.8733972,1.8712454,1.8718183,1.8717861,1.8714863,1.8689835
100_real,1.6316776,,,,,,,,,,,,,,,,,,,,,,,,,,,,,,,,,,,,,,,,1.1292951,,,,,,,,,,,,,,,,,,,,,,,,,,,,,
100_gen,1.6316776,1.6264576,1.6225834,1.6213529,1.6184464,1.6166216,1.6135305,1.6123846,1.6113085,1.6077805,1.6062298,1.6043994,1.6060369,1.6063629,1.6052816,1.6049038,1.6054919,1.6061913,1.6069924,1.6071686,1.606679,1.6060066,1.6058981,1.60392,1.6050293,1.6041315,1.6051292,1.6058763,1.6046852,1.6051102,1.6044579,1.6019602,1.6052834,1.6058849,1.6044248,1.6048806,1.6060162,1.6066936,1.6068825,1.6062607,1.6099418,1.6103909,1.607431,1.6073742,1.6065375,1.6071469,1.6050364,1.6040655,1.6015478,1.600811,1.600633,1.6007164,1.601888,1.6029966,1.6022465,1.5990689,1.5978715,1.5970349,1.5966575,1.5959809,1.5936434,1.5933578,1.5937903,1.5915921,1.5905336,1.5878342,1.5892891,1.5897337,1.5868409,1.5852773
101_real,0.90201575,,,,,,,,,,,,,,,,,,,,,,,,,,,,,,,,,,,,,,,,1.0265871,,,,,,,,,,,,,,,,,,,,,,,,,,,,,
101_gen,0.9020158,0.89690953,0.89256746,0.8904378,0.88520354,0.8802865,0.87739766,0.87286437,0.868326,0.86473626,0.85936004,0.85569346,0.8486646,0.8428912,0.8351654,0.83221245,0.8277481,0.8212816,0.8150484,0.81215703,0.8076755,0.8001609,0.7968544,0.7928738,0.7864765,0.7813676,0.7758743,0.76987475,0.7649366,0.75815046,0.75258726,0.747115,0.7392029,0.73444164,0.73004496,0.7267887,0.72260547,0.720293,0.714889,0.7088165,0.70783937,0.70273894,0.69793427,0.69395983,0.69000113,0.6850333,0.6821912,0.6779245,0.6717266,0.6683604,0.6660043,0.6600799,0.65570337,0.65095305,0.64505196,0.6404324,0.6365163,0.6329119,0.6293988,0.624555,0.6225728,0.6200671,0.61279577,0.607506,0.6024858,0.59867907,0.5928634,0.58831275,0.5841574,0.57945555
102_real,0.59369516,,,,,,,,,,,,,,,,,,,,,,,,,,,,,,,,,,,,,,,,0.8112794,,,,,,,,,,,,,,,,,,,,,,,,,,,,,
102_gen,0.59369516,0.5939621,0.59117407,0.5902397,0.58835095,0.5893515,0.58908165,0.58757055,0.58631885,0.5797832,0.5785166,0.5783011,0.5775664,0.57581365,0.5772959,0.57583535,0.574711,0.5744819,0.5733994,0.5691236,0.56862646,0.56548893,0.5640511,0.56138134,0.5620057,0.5586786,0.5576438,0.55447036,0.54959,0.54638517,0.54298025,0.5419098,0.5382466,0.53702897,0.5345971,0.5324107,0.5287955,0.526743,0.5245061,0.52188265,0.520148,0.51798093,0.51822567,0.51484156,0.5125231,0.5108616,0.50589526,0.5034251,0.50237054,0.4999969,0.49506617,0.49667692,0.49460164,0.49035722,0.489183,0.48652115,0.4829176,0.48035318,0.474955,0.47029313,0.46640557,0.4638165,0.4599108,0.45513582,0.45340753,0.44804922,0.44502783,0.4416725,0.4373126,0.43413216
103_real,1.481082,,,,,,,,,,,,,,,,,,,,,,,,,,,,,,,,,,,,,,,,1.4561656,,,,,,,,,,,,,,,,,,,,,,,,,,,,,
103_gen,1.481082,1.4783019,1.473796,1.4686476,1.4641778,1.4596727,1.452334,1.4496233,1.4477953,1.4431667,1.4395899,1.4327049,1.4267007,1.4239494,1.4181595,1.412921,1.4067965,1.4043262,1.397923,1.3955717,1.3901451,1.3861545,1.379657,1.3788908,1.3757591,1.3698742,1.366454,1.3620764,1.3600028,1.3585902,1.3567315,1.3538905,1.3492696,1.3457389,1.3414754,1.3373945,1.3319327,1.3309164,1.3289766,1.3240602,1.3202689,1.3192606,1.3156326,1.3108882,1.3063886,1.2987913,1.2944789,1.2904783,1.2828152,1.2797225,1.276885,1.2756779,1.2679479,1.262006,1.2558948,1.2534661,1.2496345,1.2466837,1.243326,1.2366841,1.2321888,1.2250831,1.2218268,1.217678,1.2171065,1.2144253,1.2125666,1.2077675,1.2048404,1.1993095
104_real,1.2403377,,,,,,,,,,,,,,,,,,,,,,,,,,,,,,,,,,,,,,,,1.4744366,,,,,,,,,,,,,,,,,,,,,,,,,,,,,
104_gen,1.2403376,1.2343132,1.231772,1.2306623,1.2294841,1.2260209,1.2220061,1.218991,1.2171408,1.2139491,1.2124217,1.2129308,1.2141112,1.2157085,1.2133507,1.2134887,1.2126669,1.2082222,1.2032533,1.2006016,1.1980112,1.193143,1.1884584,1.1850168,1.1816542,1.1771867,1.1761392,1.175122,1.1714319,1.1709846,1.1639595,1.1590923,1.1575059,1.1549822,1.152142,1.150171,1.1490574,1.1446464,1.141958,1.1383675,1.1355572,1.1346714,1.1320282,1.1265085,1.126674,1.1243758,1.1181962,1.1177027,1.1147717,1.1110593,1.1084871,1.1071851,1.1045209,1.1001117,1.0974524,1.0942107,1.0889808,1.0849396,1.0832331,1.0807297,1.0786355,1.0762708,1.0731454,1.0667604,1.0633152,1.0620043,1.0576766,1.0537952,1.0488442,1.0414732
105_real,0.72892267,,,,,,,,,,,,,,,,,,,,,,,,,,,,,,,,,,,,,,,,0.73745316,,,,,,,,,,,,,,,,,,,,,,,,,,,,,
105_gen,0.7289227,0.7251125,0.7206246,0.71822613,0.7165467,0.71429867,0.71105474,0.7076508,0.7059382,0.70458525,0.70189846,0.701075,0.7006321,0.6984154,0.6964581,0.6967956,0.6964629,0.6951833,0.69427484,0.69219714,0.6897887,0.6885079,0.6874796,0.68530625,0.6845733,0.6832819,0.68531555,0.68762445,0.6867977,0.6870134,0.68581235,0.68458045,0.6842706,0.6841141,0.68559104,0.68699014,0.6851536,0.68336743,0.68255883,0.6837708,0.6810581,0.68097496,0.6801593,0.6779633,0.6766946,0.67567974,0.676962,0.6769889,0.6762613,0.6762337,0.6764333,0.6774534,0.67629385,0.6741512,0.6718386,0.67165864,0.67323315,0.67155415,0.669537,0.66968656,0.6690998,0.66806495,0.66642755,0.6633799,0.6620367,0.6601621,0.65917003,0.65943015,0.65890634,0.65872794
106_real,0.32256424,,,,,,,,,,,,,,,,,,,,,,,,,,,,,,,,,,,,,,,,0.27490965,,,,,,,,,,,,,,,,,,,,,,,,,,,,,
106_gen,0.3225642,0.31979108,0.32011688,0.31705993,0.31566054,0.31563243,0.31490564,0.31198302,0.31248242,0.31025928,0.310092,0.3073005,0.30531988,0.30499443,0.30190375,0.29905206,0.29717597,0.29419938,0.29347777,0.29373637,0.2945839,0.29559597,0.2938671,0.29405335,0.2924474,0.2878416,0.28705359,0.28701758,0.28797477,0.28483835,0.28342867,0.28036624,0.27814904,0.27752966,0.27766466,0.2774244,0.27739388,0.27782044,0.27739707,0.27577046,0.27471164,0.2759077,0.27367824,0.27316752,0.2723833,0.27107936,0.2699816,0.26864296,0.2661371,0.26476693,0.2630531,0.26166183,0.2598352,0.25827393,0.25629315,0.25501812,0.2558968,0.25337476,0.25166982,0.24960181,0.24757394,0.24643281,0.24524248,0.24542038,0.24440017,0.24395478,0.24405746,0.24521355,0.2445805,0.2427032
107_real,0.16706932,,,,,,,,,,,,,,,,,,,,,,,,,,,,,,,,,,,,,,,,0.07889544,,,,,,,,,,,,,,,,,,,,,,,,,,,,,
107_gen,0.16706932,0.15996721,0.15535957,0.14925459,0.14042452,0.13437977,0.12880711,0.12466882,0.11999631,0.1145824,0.1107439,0.10656239,0.10116861,0.09936217,0.09689374,0.09174195,0.0856417,0.08332448,0.077530876,0.07399537,0.07028868,0.067487195,0.0632527,0.05764439,0.05573672,0.052291684,0.047450177,0.045981534,0.040131133,0.037492167,0.034292374,0.032054923,0.028593052,0.023220852,0.017207535,0.013917746,0.0095871845,0.0065966384,0.0032012712,-0.0004262332,-0.0027245968,-0.003888438,-0.007509074,-0.011985156,-0.015376864,-0.022981813,-0.025772715,-0.03060419,-0.03341493,-0.038453914,-0.038487434,-0.044370033,-0.047053423,-0.05101524,-0.056932796,-0.060334034,-0.065764554,-0.07018885,-0.07239418,-0.07623735,-0.080226436,-0.08362505,-0.089132115,-0.095031776,-0.09834556,-0.10353748,-0.10692133,-0.11054496,-0.114948794,-0.117812194
108_real,1.7933714,,,,,,,,,,,,,,,,,,,,,,,,,,,,,,,,,,,,,,,,1.9176224,,,,,,,,,,,,,,,,,,,,,,,,,,,,,
108_gen,1.7933714,1.790345,1.7867502,1.7851795,1.7827272,1.7784485,1.7750298,1.7734705,1.7700088,1.7670736,1.7630936,1.7609218,1.7601255,1.7588398,1.7553113,1.7528775,1.7492001,1.7468383,1.7446058,1.74188,1.7384621,1.7357897,1.7324591,1.7335217,1.7320538,1.7330396,1.7296515,1.7301643,1.7277148,1.7277638,1.7234344,1.7213781,1.7210171,1.7177277,1.7147713,1.714907,1.7130272,1.7096436,1.7059698,1.704073,1.7009742,1.6978028,1.6946418,1.6911198,1.6895802,1.6862075,1.6842839,1.6844127,1.6812509,1.6787332,1.674411,1.6721745,1.6684929,1.6657712,1.6620998,1.6593565,1.6572056,1.654516,1.6511495,1.6475201,1.6462101,1.6421114,1.637316,1.6350762,1.6329247,1.6294199,1.6266849,1.6231639,1.6207813,1.6174206
109_real,0.41920677,,,,,,,,,,,,,,,,,,,,,,,,,,,,,,,,,,,,,,,,0.27086854,,,,,,,,,,,,,,,,,,,,,,,,,,,,,
109_gen,0.4192068,0.41538805,0.4103047,0.41077146,0.40926296,0.40842786,0.4081344,0.40911284,0.40636787,0.40121675,0.3972023,0.39564022,0.3934004,0.39159423,0.39138293,0.39214522,0.3871877,0.3872851,0.38378912,0.38042593,0.37707067,0.37590855,0.37912852,0.3784568,0.38005927,0.37850758,0.37539896,0.37094134,0.36837548,0.36556152,0.36188063,0.36130643,0.3607277,0.35845962,0.35535342,0.3574545,0.35723314,0.3547668,0.3494683,0.35236388,0.35311052,0.3509193,0.35174868,0.35613233,0.3571156,0.35283083,0.3500244,0.35133028,0.34336764,0.33838397,0.3356723,0.33360177,0.33034492,0.33094776,0.3292517,0.32736582,0.32569635,0.32360035,0.31909037,0.31707042,0.3104345,0.31193098,0.30787057,0.308649,0.31145126,0.3101765,0.3089711,0.30562896,0.3015934,0.2980235
110_real,0.24303599,,,,,,,,,,,,,,,,,,,,,,,,,,,,,,,,,,,,,,,,0.3765308,,,,,,,,,,,,,,,,,,,,,,,,,,,,,
110_gen,0.243036,0.23346937,0.23159933,0.22741584,0.22375846,0.22098163,0.2174861,0.21434689,0.21038446,0.20643601,0.20186667,0.19995658,0.1982834,0.18678714,0.18993655,0.18656912,0.18541244,0.178343,0.17916384,0.17430829,0.17496738,0.16848858,0.16999303,0.17188293,0.17144462,0.17451055,0.17140542,0.17428032,0.17220625,0.17609592,0.17305064,0.16928789,0.17266181,0.17194803,0.17024043,0.16322283,0.15856694,0.15739648,0.15760249,0.15836124,0.16265976,0.1610833,0.16040051,0.15863226,0.16166642,0.16273431,0.16765931,0.16871862,0.17156067,0.17347112,0.17325056,0.17437565,0.1774956,0.1776139,0.17834607,0.17420912,0.17408867,0.17403822,0.17386921,0.1688343,0.16245615,0.16454992,0.16194758,0.16041042,0.16163738,0.16399673,0.1637935,0.1583775,0.15829298,0.15538768
111_real,0.98252124,,,,,,,,,,,,,,,,,,,,,,,,,,,,,,,,,,,,,,,,0.7701383,,,,,,,,,,,,,,,,,,,,,,,,,,,,,
111_gen,0.9825212,0.9737612,0.96446115,0.9553294,0.9448819,0.93591654,0.9268937,0.91656196,0.9114591,0.90533113,0.89739054,0.8906431,0.88380367,0.8776811,0.8707927,0.86415356,0.8563717,0.85162115,0.8482485,0.84399337,0.83916724,0.8321117,0.82465994,0.8169309,0.80974424,0.8011327,0.7915157,0.7878867,0.78349686,0.7770836,0.7704224,0.76644474,0.7607398,0.7554445,0.7535295,0.7467126,0.74202096,0.73836607,0.73296416,0.7318059,0.72563267,0.7206935,0.71254444,0.7084903,0.7029362,0.70099676,0.69815576,0.6904703,0.6855196,0.67733127,0.6688496,0.6620759,0.6552249,0.6478352,0.6416943,0.63401747,0.628672,0.62446463,0.61671907,0.6110927,0.604863,0.5984236,0.592543,0.585467,0.57861966,0.5722836,0.566447,0.5609166,0.5551961,0.55006677
112_real,0.2547251,,,,,,,,,,,,,,,,,,,,,,,,,,,,,,,,,,,,,,,,0.12319197,,,,,,,,,,,,,,,,,,,,,,,,,,,,,
112_gen,0.25472507,0.24584422,0.23947152,0.22977296,0.22220299,0.21215978,0.20599222,0.19660413,0.18986185,0.18018515,0.17407379,0.16700177,0.16361132,0.1563451,0.14936785,0.14673896,0.14510122,0.14013737,0.13442817,0.13205281,0.12975179,0.12470792,0.1222312,0.1195631,0.11480492,0.113316014,0.11007452,0.10799484,0.10590671,0.1008662,0.09772931,0.09366132,0.091045275,0.089617886,0.08462112,0.08057881,0.076849684,0.070358135,0.06576667,0.06126653,0.056789815,0.050797023,0.045678325,0.03790345,0.031525053,0.0274443,0.023069689,0.018734911,0.010832122,0.00812082,0.0053348597,0.0044547245,-0.0014363385,-0.0039051212,-0.0076529817,-0.008590229,-0.012427533,-0.018627893,-0.022770703,-0.027353674,-0.029733796,-0.03319721,-0.03927561,-0.041466378,-0.04439165,-0.05318179,-0.059529066,-0.062409677,-0.06503646,-0.068403795
113_real,0.027108122,,,,,,,,,,,,,,,,,,,,,,,,,,,,,,,,,,,,,,,,0.18687078,,,,,,,,,,,,,,,,,,,,,,,,,,,,,
113_gen,0.027108122,0.020204065,0.012059468,0.0026612398,-0.009476809,-0.01682577,-0.026798865,-0.034398768,-0.04152038,-0.0499394,-0.05568897,-0.06788585,-0.07778509,-0.08624159,-0.092449136,-0.097172976,-0.10436939,-0.11066075,-0.1189155,-0.1261768,-0.1309078,-0.1348758,-0.14332488,-0.14771083,-0.15407833,-0.15918489,-0.16329712,-0.16872539,-0.17482308,-0.17921697,-0.18699214,-0.18934274,-0.1958383,-0.19975671,-0.20715885,-0.21396188,-0.21701565,-0.22034773,-0.22520988,-0.23085086,-0.2353446,-0.23876505,-0.2402178,-0.2461695,-0.2519732,-0.25919548,-0.26510352,-0.26965818,-0.27604705,-0.28405514,-0.28939015,-0.29511482,-0.3032495,-0.30794638,-0.3131414,-0.31580982,-0.31600243,-0.32219505,-0.32751396,-0.3341126,-0.3376244,-0.34484056,-0.34958413,-0.3583553,-0.36181647,-0.36546427,-0.36782038,-0.37513545,-0.37979975,-0.38523787
114_real,0.5809864,,,,,,,,,,,,,,,,,,,,,,,,,,,,,,,,,,,,,,,,0.669343,,,,,,,,,,,,,,,,,,,,,,,,,,,,,
114_gen,0.58098644,0.5767542,0.5748664,0.5728417,0.5688747,0.56596106,0.56303823,0.562329,0.56128514,0.5609798,0.5606001,0.559753,0.5562204,0.55135286,0.54842216,0.5492541,0.5460189,0.5415424,0.5399614,0.5371972,0.5381972,0.5377945,0.53932655,0.538515,0.53198534,0.5260204,0.52344036,0.52441347,0.51838017,0.51568776,0.5139749,0.51405156,0.51009154,0.5080074,0.5069855,0.5023983,0.50060284,0.5002285,0.49738178,0.4949855,0.4911787,0.48956704,0.488939,0.4881177,0.48538002,0.4831326,0.47913474,0.47394747,0.4704122,0.46935406,0.46770826,0.46522206,0.46410018,0.46321017,0.4618346,0.45903483,0.4590869,0.45498243,0.45381704,0.45369157,0.45205373,0.44601184,0.44336325,0.4425828,0.43721548,0.4370171,0.4341808,0.43096614,0.42774326,0.4260474
115_real,0.95533663,,,,,,,,,,,,,,,,,,,,,,,,,,,,,,,,,,,,,,,,0.9972867,,,,,,,,,,,,,,,,,,,,,,,,,,,,,
115_gen,0.9553367,0.9510709,0.94196475,0.936835,0.92879707,0.9172429,0.9089468,0.9012272,0.8943981,0.88597405,0.87722033,0.8722432,0.86284506,0.8583692,0.8511348,0.84407103,0.8389131,0.83138084,0.82870454,0.8257166,0.8171811,0.81027985,0.7994455,0.7899085,0.7842981,0.77695525,0.7732446,0.7655869,0.7615355,0.75444,0.7484508,0.74282074,0.73608536,0.7255494,0.71485883,0.7090441,0.7030306,0.6977712,0.69321495,0.68711185,0.67710763,0.67437786,0.66739786,0.6614822,0.6563317,0.6532394,0.64546424,0.6361275,0.6297178,0.6214815,0.61652744,0.61405724,0.6036431,0.5974226,0.5931648,0.5878612,0.5791249,0.5742117,0.57019997,0.5610663,0.5567506,0.5498864,0.54562634,0.53801537,0.5327606,0.5260936,0.5197607,0.518433,0.51058036,0.50335324
116_real,1.8406295,,,,,,,,,,,,,,,,,,,,,,,,,,,,,,,,,,,,,,,,1.9085716,,,,,,,,,,,,,,,,,,,,,,,,,,,,,
116_gen,1.8406293,1.8427496,1.8440983,1.843236,1.849418,1.8501852,1.8531796,1.859257,1.8645519,1.8721125,1.876996,1.8807093,1.8901942,1.8924243,1.8981987,1.9001272,1.8997285,1.903445,1.9085286,1.91102,1.9179653,1.9161911,1.9152691,1.9121319,1.913318,1.9075413,1.9059814,1.9069544,1.9071602,1.9078223,1.9061196,1.9082597,1.906052,1.9048951,1.9075578,1.9051368,1.9055372,1.9028152,1.8981758,1.8978481,1.8966821,1.890392,1.8904235,1.893787,1.8936628,1.8921406,1.8858595,1.8857594,1.8788779,1.8764875,1.87012,1.8630297,1.8577859,1.8557208,1.8511385,1.8490922,1.8505512,1.8497112,1.8456138,1.843016,1.837141,1.8294653,1.8291954,1.8248736,1.8219999,1.8197148,1.8142954,1.8116875,1.8119237,1.8084295
117_real,0.65102065,,,,,,,,,,,,,,,,,,,,,,,,,,,,,,,,,,,,,,,,0.6713982,,,,,,,,,,,,,,,,,,,,,,,,,,,,,
117_gen,0.6510206,0.6468101,0.6435705,0.6430424,0.6384113,0.6326131,0.62834364,0.62452143,0.62025225,0.6181446,0.61351407,0.6077989,0.6015727,0.5978755,0.59589136,0.59097415,0.5886235,0.58933514,0.5893527,0.58903986,0.5869989,0.5814129,0.5817916,0.5807314,0.58166534,0.58292395,0.58209324,0.5771576,0.57592714,0.5777202,0.5760739,0.57795286,0.5773862,0.57581913,0.5733367,0.5729025,0.57196516,0.57208145,0.57169807,0.571729,0.5720305,0.57136095,0.5715986,0.5717133,0.57160383,0.57120144,0.5727172,0.5735085,0.5731482,0.5698489,0.56795007,0.5665597,0.5659882,0.56374997,0.5616923,0.56094414,0.558293,0.559875,0.55840135,0.5585759,0.55551827,0.5551063,0.55339515,0.55483687,0.55652636,0.55236256,0.550259,0.5486516,0.5472875,0.5476735
118_real,0.92519397,,,,,,,,,,,,,,,,,,,,,,,,,,,,,,,,,,,,,,,,0.76561195,,,,,,,,,,,,,,,,,,,,,,,,,,,,,
118_gen,0.9251939,0.9180627,0.91178495,0.9056099,0.90168536,0.89787275,0.8927704,0.8913248,0.88857114,0.8875721,0.8849432,0.8832222,0.8819558,0.88150233,0.87814415,0.8758667,0.87322634,0.8693282,0.867025,0.8639476,0.8641391,0.86115015,0.86077845,0.858955,0.8541492,0.8524601,0.8505821,0.84810257,0.84673613,0.8450076,0.84266394,0.84014827,0.8406094,0.8391856,0.8373988,0.8360394,0.8348726,0.83131963,0.8323761,0.830373,0.82815313,0.8276535,0.8269227,0.8237839,0.82077014,0.8194494,0.8176689,0.8146707,0.8127481,0.8115468,0.8087902,0.8079565,0.80527943,0.80372775,0.8010408,0.799175,0.79665357,0.7947321,0.79373986,0.7912532,0.7890054,0.7878706,0.78634274,0.7831911,0.7815975,0.77889115,0.7788485,0.77768475,0.77762336,0.7771116
119_real,1.3344674,,,,,,,,,,,,,,,,,,,,,,,,,,,,,,,,,,,,,,,,1.2579951,,,,,,,,,,,,,,,,,,,,,,,,,,,,,
119_gen,1.3344673,1.3286953,1.3223649,1.3145311,1.3119366,1.3062729,1.3014205,1.2966408,1.2942631,1.2882833,1.2815049,1.2769488,1.2771127,1.2719456,1.2684201,1.2663437,1.2623199,1.2564932,1.2506578,1.2460356,1.2436013,1.2397692,1.2385422,1.2349861,1.2307774,1.2279878,1.2247242,1.2209713,1.2181021,1.214366,1.2085805,1.2043498,1.1981475,1.193105,1.1879696,1.1819828,1.1773053,1.1728785,1.1662494,1.1589024,1.1524932,1.14917,1.1438526,1.1397127,1.1316885,1.1244428,1.1202923,1.1157092,1.1095707,1.1043124,1.0989683,1.0970516,1.0938888,1.0910532,1.0830543,1.0800416,1.0749152,1.0722207,1.0682006,1.0655906,1.0605032,1.0575039,1.054495,1.0485739,1.0430602,1.0391246,1.0343486,1.0268977,1.0209574,1.0128648
120_real,0.78673315,,,,,,,,,,,,,,,,,,,,,,,,,,,,,,,,,,,,,,,,0.80819875,,,,,,,,,,,,,,,,,,,,,,,,,,,,,
120_gen,0.78673315,0.7814378,0.7741392,0.7698522,0.76491255,0.75805163,0.7538377,0.7480387,0.74005574,0.7345993,0.73034626,0.7267639,0.724483,0.718862,0.7186774,0.713009,0.71083736,0.705158,0.7015675,0.6943984,0.69119143,0.683037,0.6763166,0.6768069,0.67147684,0.66152036,0.6561363,0.64821833,0.6421937,0.640148,0.6369501,0.6302768,0.6260777,0.6228572,0.6221371,0.6160021,0.61301386,0.611758,0.6058103,0.60353583,0.5959878,0.5938823,0.5925974,0.5891879,0.5859858,0.5813968,0.5771663,0.57331896,0.5692548,0.56539816,0.55881655,0.55218446,0.5460807,0.537681,0.53510743,0.53038806,0.5253588,0.521739,0.51661897,0.512056,0.50770867,0.50228727,0.4935318,0.48817706,0.4847897,0.4822065,0.47582236,0.4698336,0.46339434,0.45929495
121_real,0.94062877,,,,,,,,,,,,,,,,,,,,,,,,,,,,,,,,,,,,,,,,0.98687124,,,,,,,,,,,,,,,,,,,,,,,,,,,,,
121_gen,0.9406289,0.939504,0.93644685,0.9307858,0.92490065,0.91808033,0.9125823,0.90841025,0.9003889,0.892254,0.8852769,0.8780942,0.86812705,0.8593906,0.8532592,0.8467658,0.8395855,0.83618087,0.83348095,0.83081007,0.8254484,0.8203947,0.81731033,0.81071836,0.80542815,0.7988381,0.79424554,0.7891839,0.7835021,0.77758574,0.7738855,0.769253,0.76514065,0.76359284,0.7542507,0.74841565,0.74683154,0.7409383,0.7342914,0.7287504,0.7239849,0.7176515,0.7131394,0.70793736,0.701904,0.6927806,0.68733966,0.6851583,0.6822069,0.6759532,0.6719693,0.6669765,0.6635011,0.6556147,0.65283877,0.6487358,0.643235,0.6385733,0.6363113,0.63016355,0.626737,0.62017363,0.6140781,0.6084033,0.60302144,0.5963385,0.5940055,0.5883643,0.583462,0.5784197
122_real,1.0309159,,,,,,,,,,,,,,,,,,,,,,,,,,,,,,,,,,,,,,,,0.78391486,,,,,,,,,,,,,,,,,,,,,,,,,,,,,
122_gen,1.030916,1.0306281,1.0271986,1.0255783,1.0280759,1.0286617,1.0260894,1.0299394,1.0298868,1.0295603,1.0309702,1.0286324,1.0292634,1.0261428,1.02617,1.0254213,1.0242946,1.0230285,1.0229517,1.022305,1.0226982,1.0224484,1.0242121,1.025217,1.0208786,1.0209206,1.0201232,1.0172375,1.0168675,1.0135217,1.0058525,1.0061514,1.0016277,0.99701786,0.994027,0.99157685,0.99013007,0.98521054,0.98219097,0.9778922,0.9786943,0.9751646,0.9745598,0.9727157,0.9678257,0.96405506,0.9602804,0.95467484,0.9524498,0.9500163,0.9445238,0.94153464,0.9363761,0.93414354,0.9344085,0.9301508,0.9288858,0.92669725,0.9218379,0.91972,0.91489255,0.9097373,0.9040824,0.8983289,0.8930278,0.8906458,0.8876578,0.88586634,0.8870848,0.88753814
123_real,1.2805513,,,,,,,,,,,,,,,,,,,,,,,,,,,,,,,,,,,,,,,,1.1957276,,,,,,,,,,,,,,,,,,,,,,,,,,,,,
123_gen,1.2805512,1.2742208,1.2680163,1.2576609,1.2508454,1.241985,1.2343421,1.2253987,1.2162441,1.2068176,1.1976261,1.1882045,1.1819257,1.1748123,1.1656228,1.1582843,1.149257,1.1408901,1.1333443,1.1254188,1.1210117,1.1154196,1.1132214,1.110049,1.1059177,1.0989311,1.0946593,1.0895798,1.0821794,1.0768315,1.0701317,1.0648893,1.0599053,1.0539625,1.046227,1.0425084,1.0368431,1.0316352,1.0247815,1.0215487,1.0154948,1.0092846,1.0067459,1.0019672,0.99704444,0.99055606,0.9830329,0.97995615,0.9740902,0.9697569,0.96319896,0.95759106,0.95053804,0.94441664,0.9407939,0.93596697,0.93032473,0.9262916,0.9249546,0.9190812,0.91480476,0.9110249,0.9065606,0.90163267,0.89432573,0.88825715,0.88236034,0.8769695,0.87217206,0.866928
124_real,1.2236367,,,,,,,,,,,,,,,,,,,,,,,,,,,,,,,,,,,,,,,,1.3167137,,,,,,,,,,,,,,,,,,,,,,,,,,,,,
124_gen,1.2236367,1.2159724,1.2083209,1.2011126,1.1979719,1.1937425,1.1907176,1.1887807,1.1870536,1.1852572,1.1851623,1.1847908,1.1815393,1.1805446,1.1784804,1.1762203,1.1747854,1.1775777,1.1770151,1.1774827,1.1759019,1.1751547,1.1728102,1.1738026,1.174365,1.170571,1.1692569,1.167855,1.1682703,1.1658483,1.1656635,1.1643299,1.1626469,1.1623484,1.1611729,1.1610113,1.1606734,1.1571579,1.1567541,1.1544827,1.1540868,1.1521808,1.1490957,1.1478364,1.145296,1.142897,1.1418982,1.1382647,1.1385791,1.137704,1.1346236,1.133261,1.1291567,1.1265442,1.1252223,1.1256124,1.1234763,1.1187623,1.1184576,1.1154087,1.1138855,1.1131636,1.1156964,1.1110251,1.1097708,1.1071405,1.1068542,1.1061523,1.104779,1.1032825
125_real,1.0268018,,,,,,,,,,,,,,,,,,,,,,,,,,,,,,,,,,,,,,,,1.283347,,,,,,,,,,,,,,,,,,,,,,,,,,,,,
125_gen,1.026802,1.0264704,1.0217268,1.021982,1.0187018,1.0126207,1.0087533,1.001467,0.99584085,0.9917542,0.98824567,0.97826654,0.97133267,0.96865577,0.96696645,0.96459275,0.9609067,0.95867854,0.95609456,0.95357704,0.9519909,0.9517592,0.9502184,0.94768745,0.9490525,0.9478048,0.9445944,0.94079673,0.93825996,0.9367963,0.9342559,0.92825156,0.92708397,0.9242288,0.92120516,0.9195984,0.91708183,0.9150917,0.9138565,0.9122003,0.91284084,0.9113256,0.91094035,0.9054514,0.9023844,0.8952557,0.8927948,0.89122117,0.8888534,0.888162,0.8866991,0.88525,0.88481295,0.8840353,0.88042104,0.878325,0.8771442,0.87471294,0.87596256,0.873954,0.8718111,0.86836064,0.86778116,0.86573094,0.86146337,0.8577431,0.85496855,0.8524181,0.8522911,0.85019463
126_real,0.6285623,,,,,,,,,,,,,,,,,,,,,,,,,,,,,,,,,,,,,,,,0.673472,,,,,,,,,,,,,,,,,,,,,,,,,,,,,
126_gen,0.62856233,0.6239595,0.62307715,0.61882746,0.61412436,0.6092714,0.6035787,0.5975591,0.5916055,0.58633244,0.57960063,0.5747093,0.56816906,0.56322604,0.56139386,0.56134725,0.5568623,0.55396587,0.54901683,0.54521954,0.54339105,0.54001886,0.53651106,0.53311026,0.5301811,0.526775,0.5256647,0.52375007,0.522328,0.5154642,0.512215,0.5081147,0.50204647,0.4989183,0.49750942,0.49569574,0.49358392,0.49193034,0.49144587,0.48847595,0.48480377,0.4840764,0.48160344,0.4822403,0.4825167,0.48129153,0.4785019,0.47586808,0.4720409,0.46840447,0.46529227,0.46392512,0.46169144,0.45851523,0.45770502,0.4560423,0.4541007,0.44901222,0.44841728,0.44768485,0.44802016,0.44758517,0.4467381,0.44457197,0.44476232,0.44471258,0.4417595,0.44113928,0.44075364,0.43876258
127_real,-0.48050904,,,,,,,,,,,,,,,,,,,,,,,,,,,,,,,,,,,,,,,,-0.55254304,,,,,,,,,,,,,,,,,,,,,,,,,,,,,
127_gen,-0.48050898,-0.48910546,-0.49458995,-0.50094837,-0.5052907,-0.5124876,-0.5186763,-0.52239335,-0.5278778,-0.5299704,-0.53311837,-0.5385926,-0.54141045,-0.5454909,-0.54891837,-0.5536946,-0.5593287,-0.5640913,-0.5664919,-0.5712956,-0.5735182,-0.574641,-0.57954526,-0.5838998,-0.58741075,-0.5919617,-0.59597164,-0.60223323,-0.60667336,-0.6114863,-0.6162875,-0.6218137,-0.6271235,-0.6325246,-0.63484126,-0.6367985,-0.64176273,-0.6478273,-0.6531421,-0.6579564,-0.6610067,-0.6670402,-0.66898245,-0.6723315,-0.67810595,-0.68165815,-0.68476033,-0.6887394,-0.693962,-0.6971458,-0.70349133,-0.710238,-0.7133928,-0.716391,-0.7190272,-0.7230624,-0.7266535,-0.73130447,-0.73318964,-0.7361762,-0.74178606,-0.74646133,-0.75148237,-0.7533635,-0.75836545,-0.76143396,-0.76367944,-0.7649126,-0.7693622,-0.7734616
128_real,0.8830862,,,,,,,,,,,,,,,,,,,,,,,,,,,,,,,,,,,,,,,,0.76396656,,,,,,,,,,,,,,,,,,,,,,,,,,,,,
128_gen,0.8830862,0.8785532,0.8742593,0.8688939,0.8626417,0.85823023,0.855632,0.84911644,0.84435195,0.83905363,0.8338212,0.82776374,0.82282984,0.8211492,0.819194,0.81435746,0.8098842,0.8057662,0.800187,0.7974056,0.7957217,0.7923935,0.7904403,0.7845592,0.7826634,0.7788458,0.7749861,0.7711939,0.7697676,0.7687987,0.7673155,0.7661217,0.7645023,0.7602073,0.7574252,0.75445855,0.753331,0.7496987,0.74342203,0.73873574,0.7372674,0.7328867,0.7314875,0.7292541,0.72522837,0.7234327,0.7173928,0.7146235,0.71245813,0.70895034,0.70635164,0.7040864,0.7022173,0.6994602,0.69570863,0.69258744,0.6907045,0.6883784,0.684667,0.68254244,0.67956746,0.67526865,0.6686622,0.66567117,0.6631709,0.6580259,0.6540507,0.6514071,0.6488524,0.64785856
129_real,0.26463312,,,,,,,,,,,,,,,,,,,,,,,,,,,,,,,,,,,,,,,,0.6727445,,,,,,,,,,,,,,,,,,,,,,,,,,,,,
129_gen,0.26463315,0.26066813,0.2603638,0.25594485,0.25095922,0.2474987,0.24479409,0.2415982,0.23680691,0.23417997,0.23046489,0.23090954,0.22974963,0.22429156,0.221504,0.21767655,0.21659847,0.2169641,0.21296342,0.20971067,0.20728226,0.20445791,0.20478114,0.20407352,0.2000742,0.19882752,0.196556,0.19586723,0.19345333,0.19086191,0.18866114,0.1844275,0.18244103,0.1802573,0.1786747,0.17590922,0.1732625,0.17291372,0.16989824,0.16952111,0.16501713,0.1631739,0.1590744,0.15705642,0.15474498,0.15299664,0.15156613,0.15020081,0.14811584,0.1449075,0.1412195,0.13591382,0.13305435,0.12963721,0.12644802,0.121240914,0.11785533,0.115842536,0.1139549,0.11240313,0.108883694,0.10620121,0.10307558,0.098449096,0.09617438,0.09467636,0.08955373,0.08614494,0.08404867,0.08058725
130_real,1.9456253,,,,,,,,,,,,,,,,,,,,,,,,,,,,,,,,,,,,,,,,1.9130868,,,,,,,,,,,,,,,,,,,,,,,,,,,,,
130_gen,1.9456253,1.9386857,1.9323012,1.9258837,1.9214098,1.9154198,1.9089664,1.9028524,1.896349,1.8913323,1.8847882,1.8771791,1.8712286,1.8634031,1.856933,1.8506038,1.8442653,1.836525,1.8313046,1.8235801,1.8180199,1.813968,1.8086598,1.8012527,1.7954321,1.7886791,1.7843077,1.7790674,1.7731564,1.7672875,1.7610388,1.7538259,1.7483883,1.7411531,1.7356188,1.7284244,1.7235501,1.7184551,1.712035,1.7082336,1.703385,1.6995332,1.6932083,1.6844187,1.6796461,1.6741349,1.6655794,1.6600863,1.6550089,1.6510271,1.6444899,1.6393826,1.6316245,1.624086,1.6178749,1.6128504,1.6084684,1.6057081,1.599283,1.5932382,1.5859358,1.5810401,1.5748498,1.5690622,1.5644715,1.5564587,1.5511242,1.5466949,1.5402073,1.5337019
131_real,2.1721683,,,,,,,,,,,,,,,,,,,,,,,,,,,,,,,,,,,,,,,,2.1376657,,,,,,,,,,,,,,,,,,,,,,,,,,,,,
131_gen,2.1721685,2.164152,2.156273,2.144633,2.134088,2.1239078,2.1096816,2.0886407,2.0756993,2.0601542,2.046917,2.0318348,2.0240278,2.0140154,1.9992583,1.9889692,1.9773982,1.9641606,1.9495217,1.9341176,1.9259027,1.9174988,1.9067186,1.897096,1.8869383,1.8778493,1.868331,1.8571322,1.8432219,1.8376983,1.8217341,1.8136772,1.8092718,1.7966061,1.7868288,1.7760217,1.7693688,1.7603109,1.7497848,1.7412918,1.7344595,1.7240906,1.7143503,1.7064956,1.6989558,1.6922497,1.6874489,1.6772034,1.6652247,1.658996,1.656924,1.6473068,1.6385634,1.629376,1.6201117,1.6085501,1.5974343,1.5890303,1.5740455,1.5686754,1.5611088,1.5537833,1.5465902,1.5377537,1.527914,1.5147244,1.507369,1.4978571,1.485395,1.480222
132_real,1.6553618,,,,,,,,,,,,,,,,,,,,,,,,,,,,,,,,,,,,,,,,1.7030979,,,,,,,,,,,,,,,,,,,,,,,,,,,,,
132_gen,1.6553619,1.6523864,1.6558149,1.6636112,1.66607,1.679961,1.6905686,1.7003412,1.7081785,1.7196522,1.7307342,1.7356684,1.7435879,1.7442871,1.7509502,1.7579644,1.7633746,1.7729061,1.7840639,1.7930895,1.8020464,1.7982318,1.8047184,1.8149288,1.8216877,1.8238207,1.828859,1.8353422,1.8358185,1.8384279,1.8447638,1.85539,1.8620613,1.8605969,1.8714035,1.8743963,1.8758262,1.8707955,1.8647423,1.8733829,1.8764827,1.8834274,1.8881,1.8869383,1.8899047,1.8856856,1.8782707,1.8802437,1.8846235,1.8821567,1.8858324,1.8808124,1.8906246,1.8867754,1.8844087,1.8856478,1.8901565,1.9012448,1.9047415,1.9122187,1.9166191,1.9176538,1.919179,1.915213,1.9228691,1.9274467,1.9265325,1.9271634,1.9225916,1.9230025
133_real,2.9196408,,,,,,,,,,,,,,,,,,,,,,,,,,,,,,,,,,,,,,,,2.9081001,,,,,,,,,,,,,,,,,,,,,,,,,,,,,
133_gen,2.919641,2.9229362,2.9218006,2.9152873,2.912846,2.9077706,2.9033527,2.8966966,2.8923411,2.8840568,2.880732,2.8765037,2.872993,2.8686795,2.8623838,2.8587875,2.8514569,2.849108,2.8416948,2.8369832,2.8326864,2.8261771,2.8191857,2.814455,2.8100693,2.8037853,2.7978666,2.7911735,2.7851188,2.7832427,2.780956,2.7759902,2.772209,2.768664,2.7630355,2.7562647,2.752604,2.749573,2.7437372,2.7405348,2.7361176,2.7293391,2.7269392,2.7222316,2.7174973,2.7128258,2.705727,2.7004828,2.6934776,2.6895146,2.6837165,2.6794512,2.6720233,2.6688156,2.663959,2.6578572,2.6500113,2.6448731,2.6394997,2.6338878,2.6281006,2.6234112,2.616568,2.6115131,2.6057134,2.5986676,2.591193,2.585615,2.579084,2.5724032
134_real,2.000659,,,,,,,,,,,,,,,,,,,,,,,,,,,,,,,,,,,,,,,,2.0266912,,,,,,,,,,,,,,,,,,,,,,,,,,,,,
134_gen,2.0006592,2.0004542,1.9995861,1.9975908,1.9963264,1.995898,1.9954128,1.9956305,1.9950714,1.9951298,1.9916496,1.9893957,1.9887333,1.9856507,1.9839118,1.98312,1.9814522,1.9792655,1.9768622,1.9754856,1.9731811,1.9722736,1.9710932,1.9663925,1.9629118,1.9592749,1.9559183,1.9525064,1.9469345,1.9432281,1.940027,1.9359465,1.9358702,1.93202,1.9289348,1.9278963,1.9261866,1.919424,1.91712,1.9161459,1.9128278,1.9098196,1.9052174,1.9025505,1.8994033,1.8984098,1.8927647,1.8909575,1.8890775,1.8876116,1.8854923,1.8816469,1.8808386,1.8761942,1.874005,1.8690548,1.8659757,1.8650372,1.8612759,1.8572509,1.8551681,1.8498796,1.8445959,1.8424696,1.8387403,1.8335602,1.829293,1.8225832,1.8180838,1.8165672
135_real,1.8430645,,,,,,,,,,,,,,,,,,,,,,,,,,,,,,,,,,,,,,,,1.7795959,,,,,,,,,,,,,,,,,,,,,,,,,,,,,
135_gen,1.8430645,1.8399557,1.8342701,1.8272741,1.8189497,1.8086765,1.7980077,1.7859386,1.7786071,1.7725079,1.7630619,1.7556064,1.7474623,1.7402935,1.7334515,1.7295986,1.7221174,1.7200994,1.7115189,1.7045887,1.6997287,1.6912874,1.6905485,1.6820421,1.6748012,1.6685603,1.6678022,1.6632999,1.6586199,1.6532362,1.6501455,1.6455456,1.6399758,1.6349157,1.6301632,1.6240292,1.6175464,1.6119425,1.6079342,1.6007338,1.5986086,1.5931487,1.5904703,1.5856018,1.5837553,1.5805681,1.5771201,1.5727298,1.5689561,1.5669101,1.5615146,1.5608846,1.5568686,1.5527484,1.5513273,1.5466452,1.5398624,1.536722,1.5321131,1.5314595,1.5298793,1.5195017,1.5167757,1.5127943,1.511761,1.5079134,1.5011373,1.495779,1.4917519,1.4888686
136_real,1.5475374,,,,,,,,,,,,,,,,,,,,,,,,,,,,,,,,,,,,,,,,1.5946406,,,,,,,,,,,,,,,,,,,,,,,,,,,,,
136_gen,1.5475376,1.5409803,1.5407045,1.5406964,1.5431092,1.5453752,1.5461721,1.5518278,1.5580127,1.5570587,1.5573726,1.5589693,1.5596585,1.5616634,1.5579808,1.5586984,1.5596342,1.5605824,1.5607345,1.5641339,1.5641102,1.5635321,1.5591449,1.5629765,1.5636104,1.5594923,1.5597622,1.5591365,1.5592122,1.5572674,1.5586202,1.5559541,1.5561122,1.554302,1.5531268,1.5507753,1.5497917,1.5485479,1.5450118,1.5456955,1.5458059,1.5449839,1.5413034,1.5366528,1.535232,1.5319518,1.526583,1.5247968,1.5226378,1.5188426,1.5159037,1.5107,1.5075395,1.5061046,1.5049565,1.5014158,1.5012951,1.4966818,1.4991577,1.4973234,1.4947231,1.4924961,1.4895462,1.485656,1.4814619,1.4783598,1.475271,1.4755428,1.4760295,1.4743111
137_real,1.241439,,,,,,,,,,,,,,,,,,,,,,,,,,,,,,,,,,,,,,,,1.3001246,,,,,,,,,,,,,,,,,,,,,,,,,,,,,
137_gen,1.241439,1.2377025,1.2322345,1.2244253,1.2176132,1.2075424,1.2006205,1.1959088,1.1905384,1.1835129,1.1783025,1.1711636,1.1665348,1.1617253,1.1566567,1.1512082,1.1442581,1.1397879,1.1348076,1.1309198,1.1257725,1.1230183,1.116145,1.115144,1.1109761,1.1051443,1.1020036,1.09915,1.09872,1.0960022,1.0923884,1.0854335,1.0824796,1.0787408,1.0751356,1.07306,1.0711614,1.0649235,1.0634387,1.0620567,1.0589223,1.0521518,1.0507832,1.0459874,1.041578,1.035871,1.0328913,1.0259655,1.0234144,1.0180542,1.017731,1.0141838,1.0107791,1.0081842,1.0059061,1.0009353,0.999465,0.9938406,0.99268997,0.9909581,0.98676884,0.9834067,0.9808776,0.97593343,0.9712804,0.9712904,0.9635216,0.96032065,0.9590497,0.9551736
138_real,-0.23207898,,,,,,,,,,,,,,,,,,,,,,,,,,,,,,,,,,,,,,,,-0.5013967,,,,,,,,,,,,,,,,,,,,,,,,,,,,,
138_gen,-0.232079,-0.23297456,-0.23460567,-0.23331937,-0.23280308,-0.23009324,-0.22849825,-0.22665377,-0.22685835,-0.22772112,-0.22772035,-0.22722228,-0.22622328,-0.22730768,-0.22600806,-0.22590514,-0.2262237,-0.22795376,-0.22803262,-0.23064533,-0.23335406,-0.23339012,-0.23512058,-0.23436423,-0.23130083,-0.23189263,-0.22990668,-0.23177882,-0.23191695,-0.23245613,-0.23409541,-0.23823288,-0.23967774,-0.24098352,-0.2418518,-0.24351647,-0.24245243,-0.24364662,-0.24646468,-0.24762876,-0.2504204,-0.24759093,-0.24655215,-0.24869147,-0.24507506,-0.24228017,-0.23949566,-0.24084839,-0.24220899,-0.25049695,-0.25327992,-0.2534721,-0.25419804,-0.25619885,-0.25888222,-0.2599745,-0.2622888,-0.26636863,-0.26879504,-0.2696382,-0.27208248,-0.27728748,-0.2787568,-0.27961615,-0.2816933,-0.2859921,-0.28890345,-0.28856248,-0.29370627,-0.29737502
139_real,0.5244644,,,,,,,,,,,,,,,,,,,,,,,,,,,,,,,,,,,,,,,,-0.078013666,,,,,,,,,,,,,,,,,,,,,,,,,,,,,
139_gen,0.5244645,0.5138409,0.5086777,0.5029247,0.49537688,0.49229246,0.4866907,0.47801957,0.47357678,0.4688728,0.4604837,0.45568055,0.45198426,0.44755006,0.44539374,0.4396538,0.42860642,0.42248216,0.41806808,0.41159272,0.40849718,0.4019362,0.39537975,0.39217207,0.39063174,0.3867716,0.38632652,0.38127965,0.37735575,0.37713748,0.3736113,0.36371773,0.36101565,0.35672468,0.35594857,0.3532104,0.3470559,0.34511262,0.34323615,0.33923775,0.33631337,0.33620864,0.33354247,0.3270066,0.32417294,0.31828973,0.31553927,0.31157833,0.30803648,0.30483782,0.30026582,0.29472125,0.2903269,0.28195465,0.2755224,0.27026206,0.26469463,0.26386443,0.25994307,0.25810343,0.25816175,0.25081,0.2458463,0.24087659,0.24069035,0.23450112,0.23516409,0.23126832,0.22346783,0.22116181
140_real,0.8373194,,,,,,,,,,,,,,,,,,,,,,,,,,,,,,,,,,,,,,,,0.58872956,,,,,,,,,,,,,,,,,,,,,,,,,,,,,
140_gen,0.8373194,0.8257147,0.81362516,0.8067099,0.79694223,0.7874668,0.7777606,0.77035844,0.760987,0.7515659,0.74428517,0.73111445,0.72323734,0.7176014,0.707611,0.6977593,0.6911722,0.6837714,0.67326003,0.6647202,0.65806526,0.6490343,0.6407441,0.6362497,0.6316527,0.6293287,0.6252185,0.6203195,0.6132254,0.60870135,0.6027435,0.5972497,0.59480035,0.58914286,0.58353937,0.58196545,0.5743447,0.571572,0.5675252,0.5595373,0.55459034,0.5531678,0.54769516,0.5408069,0.5381211,0.5325979,0.5291346,0.5242611,0.5176677,0.51349986,0.5038079,0.50232255,0.49904242,0.49264628,0.49236217,0.486617,0.4851315,0.48439485,0.47844997,0.47488603,0.47117305,0.4711972,0.46786165,0.46141085,0.45723748,0.453636,0.44906178,0.44416848,0.44313946,0.43655092
141_real,0.45526895,,,,,,,,,,,,,,,,,,,,,,,,,,,,,,,,,,,,,,,,0.3024478,,,,,,,,,,,,,,,,,,,,,,,,,,,,,
141_gen,0.45526892,0.4451312,0.44006506,0.43621817,0.42892236,0.4250154,0.42173332,0.4156429,0.41091242,0.4082541,0.4057951,0.40347537,0.39932156,0.39582357,0.39381856,0.3897367,0.38841802,0.38323432,0.3807795,0.37869096,0.37550968,0.3720936,0.36893374,0.36602598,0.36387205,0.35937133,0.35771373,0.35371643,0.35187024,0.34732026,0.3456526,0.3422691,0.33701226,0.33311358,0.3292246,0.32730615,0.32435563,0.319848,0.3164316,0.313047,0.3107852,0.3044972,0.30091718,0.29771382,0.2924141,0.2881617,0.28587666,0.2816758,0.27718502,0.2735706,0.26868176,0.2654739,0.2604448,0.2588871,0.25506327,0.25223225,0.24937253,0.24834259,0.24481675,0.24213175,0.23829576,0.23262313,0.22833392,0.22373728,0.22079512,0.21999018,0.21894817,0.216314,0.21415254,0.21029742
142_real,0.96549356,,,,,,,,,,,,,,,,,,,,,,,,,,,,,,,,,,,,,,,,0.87584716,,,,,,,,,,,,,,,,,,,,,,,,,,,,,
142_gen,0.96549356,0.96312,0.9635434,0.9617297,0.96340656,0.96281254,0.962049,0.96195984,0.9619397,0.9589429,0.95650613,0.9601014,0.95869124,0.9578146,0.95574695,0.9553665,0.95325625,0.95549536,0.9544445,0.9558056,0.9555769,0.95399123,0.9516474,0.95013773,0.94882613,0.94913846,0.9459872,0.94445884,0.94189584,0.9392341,0.9366428,0.9352754,0.9333677,0.9318129,0.9291252,0.92396057,0.9220773,0.9183462,0.9144794,0.91103584,0.90935934,0.9058056,0.9051057,0.89967144,0.89803874,0.8976884,0.89427125,0.8924278,0.89126825,0.8871104,0.88626754,0.8823849,0.87827396,0.87334883,0.87073123,0.87011147,0.8655343,0.85946524,0.8525137,0.85143316,0.8470634,0.84428847,0.8425099,0.8371533,0.8332535,0.8289404,0.8263278,0.8251317,0.82017183,0.8166873
143_real,0.9994269,,,,,,,,,,,,,,,,,,,,,,,,,,,,,,,,,,,,,,,,0.90761065,,,,,,,,,,,,,,,,,,,,,,,,,,,,,
143_gen,0.99942696,0.9929509,0.9850105,0.9745288,0.96421117,0.95410204,0.94382906,0.93210065,0.92107743,0.91093886,0.9028654,0.89045316,0.87890196,0.8692934,0.8602889,0.8485095,0.840058,0.8331486,0.8246932,0.81867313,0.80930007,0.8010893,0.79455084,0.78712165,0.7794534,0.771434,0.7648214,0.7577411,0.75029296,0.7429058,0.7377099,0.7310061,0.7231107,0.71621054,0.70865905,0.7033292,0.6972109,0.69056135,0.68567014,0.6793143,0.67275083,0.6679537,0.66321445,0.65704405,0.6518717,0.64717543,0.64368,0.6367377,0.6298619,0.62433827,0.6206454,0.6160063,0.6099047,0.603593,0.59912646,0.59388745,0.58912885,0.58355504,0.5771094,0.5719539,0.56640357,0.56197363,0.55825585,0.55260706,0.549293,0.54637206,0.541926,0.5353712,0.53111994,0.5252654
144_real,-0.4893615,,,,,,,,,,,,,,,,,,,,,,,,,,,,,,,,,,,,,,,,-0.5260719,,,,,,,,,,,,,,,,,,,,,,,,,,,,,
144_gen,-0.48936146,-0.4956448,-0.5030857,-0.5066923,-0.511042,-0.51399183,-0.51843846,-0.5207444,-0.52440035,-0.52743167,-0.53009903,-0.5327159,-0.5374911,-0.5428142,-0.54566514,-0.5485218,-0.5541216,-0.557933,-0.558498,-0.5619669,-0.5643422,-0.56391174,-0.56584394,-0.5686294,-0.5719523,-0.57493937,-0.57715374,-0.5796217,-0.58149374,-0.58573246,-0.5863438,-0.590484,-0.593987,-0.5970617,-0.5987531,-0.6020254,-0.6046094,-0.6076983,-0.6111039,-0.6130252,-0.61654544,-0.6188753,-0.6202191,-0.6202843,-0.6220694,-0.6256932,-0.6294424,-0.6340519,-0.63536066,-0.63852257,-0.6414052,-0.6448259,-0.64597267,-0.648822,-0.6512454,-0.65291,-0.659052,-0.6601778,-0.662946,-0.6693853,-0.67305666,-0.6761797,-0.67944103,-0.682817,-0.68628865,-0.69081604,-0.6938595,-0.6963018,-0.698789,-0.7032634
