ROI,Month_0,Month_1,Month_2,Month_3,Month_4,Month_5,Month_6,Month_7,Month_8,Month_9,Month_10,Month_11,Month_12,Month_13,Month_14,Month_15,Month_16,Month_17,Month_18,Month_19,Month_20,Month_21,Month_22,Month_23,Month_24,Month_25,Month_26,Month_27,Month_28,Month_29,Month_30,Month_31,Month_32,Month_33,Month_34,Month_35,Month_36,Month_37,Month_38,Month_39,Month_40,Month_41,Month_42,Month_43,Month_44,Month_45,Month_46,Month_47,Month_48,Month_49,Month_50,Month_51,Month_52,Month_53,Month_54,Month_55,Month_56,Month_57,Month_58,Month_59,Month_60,Month_61,Month_62,Month_63,Month_64,Month_65,Month_66,Month_67,Month_68,Month_69
0_real,-0.6600814,,,,,,,,,,,,,,-0.8641286,,,,,,,,,,,,,,,,,,,,,-0.78250355,,,,,,,,,,,,,,,,,,,,,,,,,,,,,,,,,,
0_gen,-0.6600814,-0.6531644,-0.6445677,-0.6361207,-0.62594175,-0.6196946,-0.610031,-0.6021616,-0.5961278,-0.58961535,-0.58252037,-0.5742488,-0.56852597,-0.55952895,-0.55377334,-0.54556406,-0.5382823,-0.52980673,-0.5215923,-0.51509327,-0.508729,-0.5017635,-0.4934476,-0.4862647,-0.47962776,-0.47360975,-0.46684662,-0.45753598,-0.45007473,-0.44178253,-0.435177,-0.42751828,-0.41971073,-0.4117495,-0.40469328,-0.3960845,-0.38794026,-0.3808033,-0.374068,-0.3664046,-0.3573237,-0.3507635,-0.3442649,-0.337393,-0.3314926,-0.32405084,-0.31593624,-0.3076275,-0.3003385,-0.292351,-0.28361863,-0.27683586,-0.26654136,-0.2594779,-0.25245804,-0.24514623,-0.23683171,-0.2289435,-0.21998918,-0.20945454,-0.20113984,-0.1941442,-0.18875548,-0.18118706,-0.17199205,-0.16170137,-0.15414442,-0.14575586,-0.13749543,-0.13016352
1_real,-0.019035691,,,,,,,,,,,,,,-0.016048137,,,,,,,,,,,,,,,,,,,,,-0.3102583,,,,,,,,,,,,,,,,,,,,,,,,,,,,,,,,,,
1_gen,-0.019035693,-0.020980647,-0.020294365,-0.019843992,-0.01854473,-0.018045856,-0.018084139,-0.017779205,-0.016079094,-0.015049363,-0.012839029,-0.010365644,-0.008178594,-0.006880395,-0.0049042446,-0.0035745334,-0.002697622,-8.329796e-05,0.00097044354,0.0008333399,0.0026296196,0.0041084467,0.0036657907,0.005211815,0.0057448912,0.010764094,0.012549949,0.013333905,0.015140605,0.016310286,0.019562766,0.022005953,0.023376368,0.028082004,0.029428441,0.031212742,0.032490455,0.035913527,0.03803348,0.039636023,0.041236367,0.043415144,0.045703277,0.04714836,0.050328445,0.05174298,0.05357179,0.05581336,0.057527952,0.058973275,0.061803807,0.06503236,0.066846035,0.06947275,0.071019664,0.07199693,0.07400297,0.07420783,0.07618648,0.07644908,0.07987468,0.08285959,0.083882734,0.08569235,0.089532465,0.09223274,0.095028885,0.097198844,0.09985918,0.10160289
2_real,0.029583458,,,,,,,,,,,,,,0.1062801,,,,,,,,,,,,,,,,,,,,,-0.27302793,,,,,,,,,,,,,,,,,,,,,,,,,,,,,,,,,,
2_gen,0.029583458,0.018367646,0.007416544,-0.003683747,-0.014651534,-0.022947628,-0.030492011,-0.039022915,-0.046808463,-0.05349172,-0.060355447,-0.06936441,-0.07533877,-0.08338714,-0.090073206,-0.09928112,-0.10628493,-0.10959655,-0.118664876,-0.12645437,-0.13247365,-0.14132866,-0.14875239,-0.15602908,-0.16171479,-0.16617939,-0.17279813,-0.17753255,-0.18465352,-0.19428271,-0.20016018,-0.20822522,-0.21702917,-0.22253089,-0.22821419,-0.23401356,-0.24143466,-0.24886267,-0.25838402,-0.26377726,-0.2698682,-0.27622333,-0.28334618,-0.29259077,-0.30047223,-0.30753434,-0.31357694,-0.32339272,-0.33057094,-0.3382888,-0.34374383,-0.35301968,-0.35976723,-0.36487824,-0.37006456,-0.37833023,-0.38593948,-0.39207825,-0.3951872,-0.40118432,-0.4078107,-0.41630787,-0.42394477,-0.42943373,-0.4379322,-0.44645572,-0.45350856,-0.46268135,-0.47344166,-0.48262635
3_real,-0.647641,,,,,,,,,,,,,,-0.5653582,,,,,,,,,,,,,,,,,,,,,-0.5511854,,,,,,,,,,,,,,,,,,,,,,,,,,,,,,,,,,
3_gen,-0.64764106,-0.6609734,-0.6736557,-0.68464464,-0.69655716,-0.70952916,-0.71700466,-0.7259299,-0.73653996,-0.74552965,-0.7538512,-0.7631987,-0.7736027,-0.7800623,-0.78639036,-0.7914633,-0.7976696,-0.80400497,-0.81558263,-0.8232004,-0.82963693,-0.83864707,-0.84582484,-0.85618895,-0.8594862,-0.8683866,-0.87801063,-0.88469136,-0.8938266,-0.90363914,-0.9119276,-0.92017955,-0.9301937,-0.94032097,-0.9470247,-0.95232505,-0.9611963,-0.9715376,-0.97847474,-0.98664415,-0.9933769,-1.0007145,-1.0068514,-1.0165769,-1.0239602,-1.0327542,-1.0417421,-1.0505793,-1.0602541,-1.0702677,-1.07626,-1.0835632,-1.0947007,-1.101588,-1.1107445,-1.1179855,-1.1244204,-1.1322119,-1.1372917,-1.1448879,-1.1552557,-1.1635755,-1.1744173,-1.1815321,-1.1906776,-1.1975944,-1.206775,-1.2163155,-1.2274387,-1.2367878
4_real,-1.0716863,,,,,,,,,,,,,,-1.3696826,,,,,,,,,,,,,,,,,,,,,-1.5635254,,,,,,,,,,,,,,,,,,,,,,,,,,,,,,,,,,
4_gen,-1.0716861,-1.0809195,-1.0882943,-1.0994208,-1.108961,-1.1163751,-1.1245888,-1.1313685,-1.1396434,-1.1484573,-1.1602135,-1.1679718,-1.1754546,-1.1832995,-1.1942803,-1.2004263,-1.2101197,-1.218715,-1.2267792,-1.2366409,-1.2454225,-1.2574351,-1.266052,-1.2736324,-1.2861836,-1.2954255,-1.3015172,-1.3119041,-1.3169538,-1.3255975,-1.334151,-1.3434498,-1.3499234,-1.3584486,-1.366123,-1.3706017,-1.3784802,-1.3880639,-1.3969033,-1.4034241,-1.4118755,-1.4211335,-1.4259282,-1.4303355,-1.4352062,-1.4425447,-1.4484993,-1.4548769,-1.4625418,-1.4677551,-1.4731824,-1.4856968,-1.493652,-1.5012496,-1.5075833,-1.5154295,-1.5272006,-1.5427542,-1.5483422,-1.5575145,-1.5665712,-1.5760576,-1.5848358,-1.5904968,-1.5993793,-1.6114092,-1.6208633,-1.6317856,-1.6414356,-1.6516473
5_real,-1.6949598,,,,,,,,,,,,,,-1.9424204,,,,,,,,,,,,,,,,,,,,,-1.8681704,,,,,,,,,,,,,,,,,,,,,,,,,,,,,,,,,,
5_gen,-1.6949599,-1.7071354,-1.7185459,-1.7292866,-1.7406648,-1.75299,-1.7627285,-1.771241,-1.7837884,-1.798486,-1.8047915,-1.8160048,-1.8210516,-1.8266464,-1.8379784,-1.8454081,-1.8550781,-1.8678662,-1.8801119,-1.88655,-1.898041,-1.908395,-1.9162855,-1.9266636,-1.9368658,-1.9497101,-1.9592234,-1.9692669,-1.9815257,-1.9902742,-1.9981142,-2.0114427,-2.0220966,-2.0323267,-2.0432415,-2.0542932,-2.0634217,-2.0790744,-2.0930245,-2.1037133,-2.113299,-2.12184,-2.132722,-2.1430268,-2.1529453,-2.1594374,-2.1695151,-2.1789544,-2.1874888,-2.1989446,-2.21361,-2.2242231,-2.2372062,-2.2483864,-2.2639425,-2.276657,-2.2850947,-2.2944884,-2.3048503,-2.3133538,-2.3235428,-2.3416722,-2.351895,-2.3635066,-2.3744407,-2.3847404,-2.3930297,-2.4082239,-2.4183128,-2.4321358
6_real,-1.6823412,,,,,,,,,,,,,,-1.6996751,,,,,,,,,,,,,,,,,,,,,-1.7125959,,,,,,,,,,,,,,,,,,,,,,,,,,,,,,,,,,
6_gen,-1.6823413,-1.6846676,-1.686434,-1.6897614,-1.6935171,-1.6966102,-1.6978327,-1.6983235,-1.7000818,-1.702728,-1.7075651,-1.712285,-1.7135063,-1.7149566,-1.7171638,-1.7200962,-1.7224859,-1.7267916,-1.7302206,-1.7331034,-1.7352409,-1.7368658,-1.739322,-1.7406943,-1.74408,-1.7479153,-1.7522011,-1.7548091,-1.7566097,-1.7590383,-1.7606242,-1.7624775,-1.7659035,-1.7680382,-1.7680372,-1.7692591,-1.7719755,-1.7735693,-1.774729,-1.7762406,-1.7802904,-1.7826802,-1.7860851,-1.7874826,-1.7891238,-1.7910773,-1.7938534,-1.7967422,-1.7997767,-1.8024877,-1.8026283,-1.8054831,-1.8070376,-1.8085349,-1.8105123,-1.8132315,-1.8155438,-1.8167126,-1.8193178,-1.8219817,-1.8241812,-1.8266964,-1.8274637,-1.8300645,-1.8333569,-1.8371027,-1.8395342,-1.8428423,-1.8437202,-1.8463074
7_real,-0.74379,,,,,,,,,,,,,,-0.80471367,,,,,,,,,,,,,,,,,,,,,-0.8064958,,,,,,,,,,,,,,,,,,,,,,,,,,,,,,,,,,
7_gen,-0.74379003,-0.7469163,-0.7509755,-0.7498246,-0.7553639,-0.7594777,-0.75936997,-0.7596234,-0.76253927,-0.76654077,-0.7684351,-0.76979536,-0.7708337,-0.76804763,-0.7691057,-0.76838404,-0.77132595,-0.7716199,-0.77124345,-0.77042335,-0.7709037,-0.7717694,-0.77209884,-0.7732967,-0.7747344,-0.7770308,-0.77448934,-0.7747403,-0.7732979,-0.77162504,-0.77135557,-0.77227145,-0.77377313,-0.7728285,-0.77482325,-0.7774705,-0.77935135,-0.7812379,-0.78224033,-0.78432035,-0.7868439,-0.787429,-0.78559625,-0.78716505,-0.78607655,-0.78701127,-0.78631294,-0.78609574,-0.7877965,-0.78932893,-0.79154813,-0.7933749,-0.7940446,-0.7977488,-0.79720324,-0.7991494,-0.7969519,-0.79734886,-0.7969216,-0.7970573,-0.79917765,-0.80085945,-0.8022612,-0.8021029,-0.8008396,-0.80212116,-0.8023589,-0.803273,-0.8030969,-0.8029315
8_real,-0.11058408,,,,,,,,,,,,,,-0.47150978,,,,,,,,,,,,,,,,,,,,,-0.5489572,,,,,,,,,,,,,,,,,,,,,,,,,,,,,,,,,,
8_gen,-0.11058408,-0.11553198,-0.12010839,-0.12326338,-0.12850522,-0.13347085,-0.13447444,-0.13561782,-0.1358673,-0.13925894,-0.14434162,-0.14588866,-0.14745006,-0.1489766,-0.1514473,-0.15255599,-0.15403576,-0.15702468,-0.15983088,-0.16266182,-0.16318703,-0.16245925,-0.16355869,-0.16801473,-0.17013632,-0.17133853,-0.17529865,-0.17860843,-0.18002081,-0.18238808,-0.18430817,-0.18638678,-0.18828943,-0.18866049,-0.18956766,-0.19117288,-0.19415867,-0.19320008,-0.19865273,-0.19905232,-0.20019057,-0.20145321,-0.2026933,-0.20426509,-0.20391974,-0.20736471,-0.20914488,-0.20900556,-0.21076377,-0.21193306,-0.2142677,-0.2159708,-0.21886197,-0.21985503,-0.22082853,-0.22159252,-0.22274694,-0.22428405,-0.22769555,-0.22802524,-0.23012733,-0.23061931,-0.23288718,-0.23205128,-0.23512802,-0.23589739,-0.23766816,-0.23981456,-0.23805185,-0.23963818
9_real,1.6096787,,,,,,,,,,,,,,1.5932491,,,,,,,,,,,,,,,,,,,,,1.364658,,,,,,,,,,,,,,,,,,,,,,,,,,,,,,,,,,
9_gen,1.6096785,1.607996,1.607955,1.6022518,1.600655,1.5973474,1.591624,1.587193,1.5836338,1.5790662,1.5746247,1.5704665,1.5667398,1.5666231,1.563165,1.5603393,1.5560695,1.553902,1.5474771,1.5457649,1.5428023,1.5366168,1.5347693,1.5326796,1.5293908,1.5290773,1.5262079,1.5198667,1.5166603,1.5129896,1.5103734,1.5081702,1.5073901,1.5074716,1.5045061,1.499765,1.4966495,1.4951954,1.4875345,1.478035,1.4772928,1.4715176,1.466442,1.461875,1.4601338,1.4520838,1.446128,1.4409792,1.4375006,1.4331267,1.429991,1.4249073,1.4208863,1.419169,1.4159855,1.4109943,1.4073313,1.402106,1.3952439,1.3912926,1.3823376,1.3732826,1.3692985,1.3688765,1.3627131,1.3563706,1.3525925,1.3459817,1.3419799,1.3414078
10_real,-0.2455859,,,,,,,,,,,,,,-0.24984942,,,,,,,,,,,,,,,,,,,,,-0.4673667,,,,,,,,,,,,,,,,,,,,,,,,,,,,,,,,,,
10_gen,-0.24558589,-0.2514358,-0.25253576,-0.255693,-0.2612041,-0.26629147,-0.26998922,-0.2739728,-0.27760464,-0.2812443,-0.28591347,-0.29141498,-0.2989177,-0.3054621,-0.31248036,-0.32000425,-0.32519057,-0.3306796,-0.33576518,-0.34115314,-0.35137755,-0.35664397,-0.36129698,-0.36495146,-0.36840552,-0.37713107,-0.3827963,-0.3928934,-0.399013,-0.40806508,-0.41200566,-0.41883326,-0.42623854,-0.4318254,-0.4415717,-0.4487589,-0.45663342,-0.458037,-0.46480387,-0.4701199,-0.48054594,-0.48914844,-0.4968173,-0.5036889,-0.5091333,-0.5160626,-0.52195996,-0.5298412,-0.54041594,-0.5459282,-0.5507084,-0.5572534,-0.56432325,-0.5716052,-0.5790818,-0.5835986,-0.59135914,-0.59910357,-0.6049351,-0.60997325,-0.61556226,-0.6240014,-0.63008845,-0.6368144,-0.6423274,-0.64801943,-0.65371925,-0.6640609,-0.6714449,-0.67867744
11_real,-0.6920595,,,,,,,,,,,,,,-0.82400143,,,,,,,,,,,,,,,,,,,,,-1.0027615,,,,,,,,,,,,,,,,,,,,,,,,,,,,,,,,,,
11_gen,-0.6920595,-0.69313896,-0.69449484,-0.693234,-0.6938592,-0.6933478,-0.69514847,-0.6951934,-0.69862974,-0.6987112,-0.7007009,-0.7013506,-0.7026198,-0.70304334,-0.70552856,-0.7065227,-0.7095424,-0.7111551,-0.71491617,-0.71763927,-0.72154856,-0.72642124,-0.7302682,-0.7336299,-0.733832,-0.7338741,-0.73457414,-0.7330736,-0.7352214,-0.7403924,-0.74503934,-0.74840295,-0.75055045,-0.7520144,-0.75689614,-0.7617663,-0.76349056,-0.76691425,-0.7697817,-0.7722138,-0.77180254,-0.77166826,-0.77521473,-0.7802919,-0.78644985,-0.7850019,-0.78968656,-0.7918674,-0.79301184,-0.7968097,-0.7961952,-0.7989854,-0.802347,-0.80765235,-0.81075066,-0.81784457,-0.82198936,-0.8210618,-0.82532007,-0.8302538,-0.8334689,-0.8385416,-0.8421011,-0.8466636,-0.8500077,-0.8526727,-0.8549218,-0.85818386,-0.86080474,-0.86795413
12_real,-0.68834126,,,,,,,,,,,,,,-0.76952076,,,,,,,,,,,,,,,,,,,,,-0.9594804,,,,,,,,,,,,,,,,,,,,,,,,,,,,,,,,,,
12_gen,-0.6883412,-0.68448937,-0.686152,-0.6852974,-0.6862882,-0.68747634,-0.69011533,-0.68810356,-0.6892632,-0.69154817,-0.6938692,-0.69786066,-0.703545,-0.70530236,-0.707615,-0.70961344,-0.7078702,-0.7073146,-0.70856774,-0.70942855,-0.7104031,-0.7121782,-0.7107308,-0.7150153,-0.7151079,-0.7164811,-0.7181779,-0.71993065,-0.72137344,-0.72404516,-0.7263608,-0.72609746,-0.72899044,-0.7337313,-0.73960954,-0.7418551,-0.74218583,-0.7433521,-0.7498094,-0.7525265,-0.7507924,-0.753931,-0.7587691,-0.76134175,-0.76232624,-0.7632679,-0.766981,-0.7673813,-0.77265114,-0.77456564,-0.7753099,-0.7781754,-0.78173995,-0.7805985,-0.7851022,-0.78392804,-0.7865367,-0.78998905,-0.7928475,-0.7954601,-0.79591703,-0.8000411,-0.7999153,-0.8042418,-0.8049095,-0.8068358,-0.8077527,-0.81260157,-0.8178874,-0.8202077
13_real,0.75141084,,,,,,,,,,,,,,0.5317685,,,,,,,,,,,,,,,,,,,,,0.859636,,,,,,,,,,,,,,,,,,,,,,,,,,,,,,,,,,
13_gen,0.7514109,0.74214894,0.7333727,0.7229375,0.71133626,0.70527536,0.69536316,0.68419796,0.6754173,0.6628749,0.6541455,0.6451761,0.6333925,0.62446797,0.6182122,0.60935694,0.6008495,0.59128493,0.58175904,0.5723163,0.5627926,0.5509701,0.54357904,0.5360488,0.52575064,0.51795447,0.5082269,0.501423,0.48858556,0.47963333,0.47034255,0.4598782,0.45222992,0.4440294,0.43309823,0.42343393,0.41377372,0.4019912,0.39384675,0.3830046,0.37264287,0.3625929,0.35331422,0.34405664,0.33591023,0.32458824,0.3166067,0.3075511,0.30106753,0.2950224,0.28324214,0.27202484,0.26449057,0.25350374,0.24456051,0.23333868,0.22226635,0.21248193,0.20077589,0.18969594,0.17826676,0.17050067,0.1588109,0.15018913,0.14124373,0.13292482,0.121307865,0.111200884,0.099805914,0.08757296
14_real,0.72161233,,,,,,,,,,,,,,0.45457837,,,,,,,,,,,,,,,,,,,,,0.7339826,,,,,,,,,,,,,,,,,,,,,,,,,,,,,,,,,,
14_gen,0.7216124,0.70994526,0.6995095,0.68989193,0.67984766,0.66838276,0.65442836,0.6452843,0.6353961,0.6242365,0.6132045,0.6009324,0.5913607,0.5837954,0.57665634,0.56877875,0.5577297,0.5492219,0.5393993,0.5298914,0.5207101,0.50989616,0.5013002,0.49384347,0.4856345,0.47405368,0.46489185,0.45662856,0.45025378,0.4391141,0.42979413,0.41762805,0.40721077,0.39866933,0.3917554,0.38020268,0.37073803,0.36069837,0.35204175,0.34039593,0.32748476,0.31811613,0.30989406,0.30108556,0.29146305,0.28121823,0.27192304,0.26412678,0.25294766,0.2423772,0.23321286,0.21928401,0.20796302,0.20037735,0.19046405,0.17633508,0.16584475,0.15635484,0.14513043,0.13479379,0.123576686,0.11093501,0.09861852,0.088671125,0.07604828,0.06877938,0.05620139,0.04394153,0.03178276,0.02107638
15_real,0.31120148,,,,,,,,,,,,,,0.37656087,,,,,,,,,,,,,,,,,,,,,0.25605136,,,,,,,,,,,,,,,,,,,,,,,,,,,,,,,,,,
15_gen,0.3112015,0.32346043,0.33854118,0.35283467,0.36685,0.38296366,0.39385915,0.40534574,0.42206043,0.4366842,0.45058885,0.46745545,0.4836666,0.49290308,0.5023278,0.51856196,0.53240234,0.5500787,0.56037647,0.5733329,0.58592975,0.5954195,0.6135243,0.62219864,0.6357759,0.6502472,0.6679425,0.6797312,0.6962408,0.7125161,0.72625196,0.7368715,0.75098467,0.7687075,0.78565544,0.80252266,0.8159212,0.8344368,0.8518907,0.8674987,0.88593704,0.8969399,0.9073246,0.9232977,0.9395137,0.95632887,0.97626764,0.98457193,1.000357,1.0183399,1.0347816,1.0486562,1.0668578,1.0777292,1.098407,1.1147673,1.132967,1.1500871,1.1638548,1.1792338,1.1996012,1.2122334,1.2298487,1.245912,1.2665622,1.2776678,1.2950782,1.3067182,1.3241607,1.3441311
16_real,-0.29099932,,,,,,,,,,,,,,-0.35714543,,,,,,,,,,,,,,,,,,,,,-0.07298588,,,,,,,,,,,,,,,,,,,,,,,,,,,,,,,,,,
16_gen,-0.29099935,-0.27394706,-0.26474017,-0.25101048,-0.23617356,-0.21949735,-0.20258284,-0.18962534,-0.17608377,-0.15805072,-0.14563286,-0.13529013,-0.121426105,-0.11018131,-0.097916916,-0.08604517,-0.06921849,-0.054017596,-0.044641864,-0.030344367,-0.016942117,-0.006155878,0.0063707726,0.020041993,0.029907677,0.04819251,0.06915767,0.0820248,0.09465824,0.10809106,0.124850966,0.14087191,0.15733711,0.17396751,0.19292502,0.20497802,0.22135296,0.2349968,0.25303513,0.26594943,0.28267944,0.29803354,0.3183295,0.333947,0.3498119,0.36513516,0.37649783,0.39576262,0.40648335,0.42267388,0.43688932,0.45474067,0.47528917,0.4964593,0.51033336,0.52831995,0.5470966,0.5615529,0.5743293,0.5910384,0.60362923,0.6185214,0.63216954,0.6515136,0.66440094,0.6805634,0.6952091,0.71336067,0.7316909,0.7492677
17_real,-0.8423435,,,,,,,,,,,,,,-0.91199964,,,,,,,,,,,,,,,,,,,,,-1.0557878,,,,,,,,,,,,,,,,,,,,,,,,,,,,,,,,,,
17_gen,-0.84234345,-0.83446884,-0.8256634,-0.8157507,-0.80691034,-0.7993649,-0.78886163,-0.78184736,-0.7739319,-0.76272094,-0.75413096,-0.7432525,-0.7324565,-0.7229431,-0.716699,-0.704863,-0.69805515,-0.6895464,-0.6810264,-0.67095286,-0.6626277,-0.6519319,-0.64463145,-0.6364244,-0.6273266,-0.61916286,-0.6098813,-0.60161805,-0.5911611,-0.5835037,-0.57577586,-0.5681664,-0.56085217,-0.5526959,-0.54751295,-0.5368471,-0.5293219,-0.52129745,-0.5142825,-0.507949,-0.4980143,-0.491007,-0.48352844,-0.47664744,-0.46763682,-0.46049184,-0.45431313,-0.44609204,-0.43871775,-0.43001685,-0.42105842,-0.4134582,-0.40429085,-0.39568958,-0.38743907,-0.3792282,-0.3736624,-0.36529356,-0.35399088,-0.34494042,-0.33809707,-0.32922083,-0.31793308,-0.30878693,-0.29633275,-0.28921992,-0.2809444,-0.27044833,-0.26004037,-0.25128448
18_real,-0.29392314,,,,,,,,,,,,,,-0.045082115,,,,,,,,,,,,,,,,,,,,,-0.3917418,,,,,,,,,,,,,,,,,,,,,,,,,,,,,,,,,,
18_gen,-0.29392314,-0.2886515,-0.27880284,-0.26946944,-0.26140836,-0.25316933,-0.24341317,-0.23367186,-0.22433338,-0.21782157,-0.20995037,-0.2045968,-0.19487008,-0.18971424,-0.18156092,-0.17138214,-0.1634024,-0.15540534,-0.14886412,-0.14047197,-0.12927903,-0.123309396,-0.11550011,-0.10724734,-0.098984286,-0.09112331,-0.08105338,-0.07267608,-0.06679282,-0.056679428,-0.049386263,-0.04091467,-0.03253352,-0.024555217,-0.017682489,-0.0081334915,-0.00013346551,0.009706825,0.017950486,0.024730489,0.035669103,0.044962548,0.052644454,0.058627892,0.0680269,0.07596409,0.08397995,0.09435557,0.101693705,0.111273095,0.121122,0.13056251,0.14243492,0.1490499,0.15610908,0.16447374,0.17476958,0.18664302,0.19749162,0.21183595,0.22177322,0.23079109,0.24008188,0.24972245,0.25985646,0.27000895,0.27888316,0.28785437,0.2975352,0.30814973
19_real,-0.7786089,,,,,,,,,,,,,,-0.95310944,,,,,,,,,,,,,,,,,,,,,-1.308131,,,,,,,,,,,,,,,,,,,,,,,,,,,,,,,,,,
19_gen,-0.77860886,-0.7832603,-0.78854084,-0.7942468,-0.7995471,-0.804426,-0.80872667,-0.8137862,-0.8186266,-0.82331073,-0.8283175,-0.83309096,-0.8368538,-0.84030294,-0.844421,-0.8477257,-0.8512886,-0.8567462,-0.8634165,-0.86866874,-0.8719801,-0.8763243,-0.8810426,-0.88932383,-0.89327395,-0.897524,-0.9031951,-0.9074069,-0.911092,-0.9175971,-0.9211624,-0.92626905,-0.9304034,-0.9364114,-0.9397357,-0.9448639,-0.9506669,-0.9525154,-0.95565367,-0.96228516,-0.96692115,-0.9718238,-0.9757236,-0.9774718,-0.9829148,-0.9870297,-0.99188817,-0.9971949,-1.0008777,-1.0050658,-1.011585,-1.0164921,-1.0216285,-1.0276663,-1.0317281,-1.0340889,-1.037948,-1.041118,-1.0474303,-1.0519799,-1.0571344,-1.0619026,-1.0663862,-1.0706489,-1.0762216,-1.0810539,-1.0849704,-1.0893924,-1.0933278,-1.096464
20_real,-0.5495938,,,,,,,,,,,,,,-0.6191648,,,,,,,,,,,,,,,,,,,,,-0.98967296,,,,,,,,,,,,,,,,,,,,,,,,,,,,,,,,,,
20_gen,-0.54959387,-0.5544058,-0.5586627,-0.5644876,-0.5717249,-0.57825804,-0.58356124,-0.5872444,-0.59143835,-0.59687036,-0.6022314,-0.6066351,-0.61199915,-0.61743003,-0.6223932,-0.626407,-0.62958086,-0.63601416,-0.6396435,-0.6441137,-0.6472222,-0.65298086,-0.65747684,-0.6627068,-0.6677221,-0.67271423,-0.68028253,-0.6854693,-0.69152826,-0.69697577,-0.7014663,-0.7062043,-0.71193725,-0.7177567,-0.7223326,-0.72820127,-0.73301756,-0.7414452,-0.7487267,-0.7540558,-0.7587083,-0.76606977,-0.77318156,-0.778786,-0.78277814,-0.78948,-0.79527813,-0.7989657,-0.80501235,-0.8109887,-0.81704104,-0.8236564,-0.82850534,-0.8343293,-0.8392354,-0.8444997,-0.85156316,-0.8564936,-0.8615612,-0.8661162,-0.8716752,-0.874376,-0.880359,-0.886366,-0.8904198,-0.8966936,-0.90083754,-0.9059466,-0.9110298,-0.9159115
21_real,-0.664452,,,,,,,,,,,,,,-0.6572069,,,,,,,,,,,,,,,,,,,,,-0.69484365,,,,,,,,,,,,,,,,,,,,,,,,,,,,,,,,,,
21_gen,-0.664452,-0.66758245,-0.6754276,-0.6804382,-0.6882175,-0.69320625,-0.69825983,-0.7027391,-0.71016204,-0.7168426,-0.71903324,-0.7270027,-0.73116505,-0.7377287,-0.7406652,-0.74842244,-0.7533375,-0.7543104,-0.75816286,-0.76366234,-0.7647032,-0.7700367,-0.7749282,-0.7828811,-0.78802615,-0.7931711,-0.7963791,-0.79975784,-0.8032446,-0.8082485,-0.8125418,-0.8168181,-0.8206498,-0.82335675,-0.82834977,-0.8305316,-0.8353901,-0.8405123,-0.84677774,-0.8511078,-0.8575207,-0.8603387,-0.8651136,-0.86725366,-0.870103,-0.8740772,-0.87664616,-0.88029635,-0.8835624,-0.8908971,-0.8945178,-0.89609873,-0.8994075,-0.9024105,-0.90727025,-0.9119867,-0.91576385,-0.91861737,-0.9219842,-0.92622346,-0.93071336,-0.9340504,-0.9374591,-0.9398888,-0.94149077,-0.94722575,-0.95083153,-0.9567791,-0.9587995,-0.9617971
22_real,-1.0674231,,,,,,,,,,,,,,-1.0630808,,,,,,,,,,,,,,,,,,,,,-1.1580608,,,,,,,,,,,,,,,,,,,,,,,,,,,,,,,,,,
22_gen,-1.067423,-1.073994,-1.079636,-1.0855361,-1.0875355,-1.0954797,-1.1012037,-1.1054683,-1.1101089,-1.1143982,-1.1178337,-1.1240096,-1.1287574,-1.1320004,-1.1379555,-1.1429449,-1.1470783,-1.1500374,-1.1526446,-1.1559868,-1.1607348,-1.1647887,-1.1666933,-1.1720049,-1.174412,-1.1786028,-1.1812484,-1.1858106,-1.1889069,-1.193755,-1.1994427,-1.205045,-1.2072037,-1.2103884,-1.2127469,-1.2190902,-1.2205126,-1.2255211,-1.2302612,-1.2354562,-1.2404249,-1.2440858,-1.2474664,-1.2514309,-1.2531433,-1.2551636,-1.2583771,-1.2610774,-1.264468,-1.2683182,-1.2723145,-1.2742684,-1.2772944,-1.2805582,-1.283665,-1.2860096,-1.2898296,-1.2946035,-1.2955989,-1.2968338,-1.2987583,-1.3013374,-1.3041743,-1.3080031,-1.3104974,-1.3127524,-1.3160238,-1.3192488,-1.3235557,-1.3270376
23_real,0.050052643,,,,,,,,,,,,,,-0.30878884,,,,,,,,,,,,,,,,,,,,,0.21556637,,,,,,,,,,,,,,,,,,,,,,,,,,,,,,,,,,
23_gen,0.050052643,0.043213688,0.036750324,0.031558752,0.025448913,0.0187025,0.012424874,0.0060795257,0.00016429648,-0.007215373,-0.01382934,-0.018501125,-0.024247432,-0.029504413,-0.036564123,-0.042786796,-0.050152224,-0.054406088,-0.059313167,-0.06508956,-0.070085704,-0.0764085,-0.08227935,-0.087750345,-0.09130807,-0.09809925,-0.10475179,-0.10827118,-0.11332394,-0.11959465,-0.12549959,-0.13191667,-0.13758853,-0.1428332,-0.14729561,-0.1528896,-0.15893905,-0.16598551,-0.17125095,-0.17659572,-0.18189028,-0.18927503,-0.19447026,-0.19793661,-0.2029366,-0.20724311,-0.21345046,-0.2204381,-0.22609413,-0.23242724,-0.23797219,-0.244193,-0.24881284,-0.25440225,-0.26091233,-0.26790476,-0.27371997,-0.2790363,-0.2849649,-0.29050252,-0.2957178,-0.30014926,-0.30521277,-0.31016764,-0.3132664,-0.3192548,-0.32440072,-0.32935345,-0.3345076,-0.33909088
24_real,-1.3277086,,,,,,,,,,,,,,-1.3685025,,,,,,,,,,,,,,,,,,,,,-1.467958,,,,,,,,,,,,,,,,,,,,,,,,,,,,,,,,,,
24_gen,-1.3277085,-1.3332298,-1.3409903,-1.3476171,-1.3540576,-1.3612154,-1.3697011,-1.3765762,-1.3834763,-1.3887959,-1.3946955,-1.4018787,-1.4089378,-1.4146769,-1.4210786,-1.4280788,-1.4346478,-1.44165,-1.447105,-1.4549367,-1.4615349,-1.4680256,-1.4750996,-1.4825392,-1.4887993,-1.4945687,-1.4993789,-1.5062555,-1.5130574,-1.5193291,-1.5272357,-1.5324072,-1.5399487,-1.5457561,-1.5515635,-1.5602787,-1.5653975,-1.5710684,-1.5748472,-1.581656,-1.5875671,-1.5950859,-1.6026134,-1.6119211,-1.6188444,-1.6257957,-1.6332384,-1.639972,-1.6471488,-1.6533018,-1.6594502,-1.6673539,-1.6749111,-1.6807578,-1.6905515,-1.6976038,-1.7044306,-1.710047,-1.7146893,-1.7214788,-1.7282423,-1.735685,-1.7438062,-1.7491051,-1.7555921,-1.762509,-1.7687027,-1.7745936,-1.7813746,-1.7857813
25_real,-1.3702353,,,,,,,,,,,,,,-1.4243116,,,,,,,,,,,,,,,,,,,,,-1.616948,,,,,,,,,,,,,,,,,,,,,,,,,,,,,,,,,,
25_gen,-1.3702353,-1.3765517,-1.3806604,-1.3848202,-1.3896406,-1.3947635,-1.4004745,-1.4060423,-1.4113384,-1.415827,-1.4211614,-1.4260142,-1.4301189,-1.435551,-1.440117,-1.4460008,-1.4516995,-1.4567087,-1.4615098,-1.4657356,-1.4690099,-1.4752784,-1.4809935,-1.484652,-1.4897835,-1.4948223,-1.4995545,-1.5059097,-1.5122049,-1.5179325,-1.5231278,-1.5280466,-1.5325798,-1.5381137,-1.5440966,-1.5485777,-1.5545057,-1.5580194,-1.563688,-1.5694621,-1.576004,-1.5810534,-1.585705,-1.5915943,-1.5959713,-1.6019449,-1.6076273,-1.6133926,-1.6177887,-1.6232284,-1.6271372,-1.6334326,-1.6399199,-1.6444317,-1.6513408,-1.6558466,-1.6620109,-1.6693037,-1.6750631,-1.6805732,-1.6876103,-1.6932186,-1.6988716,-1.705281,-1.7123371,-1.7191416,-1.7238877,-1.7296324,-1.7351704,-1.7415327
26_real,-0.78620964,,,,,,,,,,,,,,-0.76356536,,,,,,,,,,,,,,,,,,,,,-1.5709959,,,,,,,,,,,,,,,,,,,,,,,,,,,,,,,,,,
26_gen,-0.78620964,-0.79264796,-0.798881,-0.8056229,-0.8123727,-0.81826276,-0.82452977,-0.82932776,-0.8339268,-0.8403061,-0.84568155,-0.8513797,-0.8567921,-0.86266965,-0.8672086,-0.87270415,-0.87821835,-0.8840207,-0.889456,-0.8950251,-0.89921606,-0.90423423,-0.9082308,-0.9136688,-0.91882646,-0.9243374,-0.9295262,-0.9343508,-0.93876255,-0.94345486,-0.94796276,-0.9541066,-0.96013653,-0.9650982,-0.9721664,-0.9775933,-0.9830826,-0.9874586,-0.9940861,-0.99925077,-1.004667,-1.0091884,-1.0146234,-1.0196708,-1.0251942,-1.0302671,-1.0354216,-1.040706,-1.0471025,-1.0516366,-1.055943,-1.061167,-1.0676081,-1.0736215,-1.0775006,-1.0819216,-1.0862927,-1.0927137,-1.0982925,-1.1027746,-1.1107423,-1.1152686,-1.1213936,-1.1263784,-1.1312389,-1.1355784,-1.1412693,-1.146261,-1.1517913,-1.1564019
27_real,-0.26479343,,,,,,,,,,,,,,-0.35513538,,,,,,,,,,,,,,,,,,,,,-0.40821466,,,,,,,,,,,,,,,,,,,,,,,,,,,,,,,,,,
27_gen,-0.26479343,-0.26911455,-0.27266142,-0.27580708,-0.2790678,-0.2825513,-0.28775027,-0.29184324,-0.29556566,-0.2989014,-0.30324048,-0.30768266,-0.310324,-0.31480837,-0.31866089,-0.32301503,-0.32800514,-0.33218214,-0.33639693,-0.33980417,-0.34253842,-0.3454507,-0.34914118,-0.35307175,-0.35758126,-0.36005405,-0.36468753,-0.3682815,-0.37146598,-0.37635875,-0.380644,-0.38494313,-0.39026943,-0.39471143,-0.39856893,-0.40217057,-0.40508956,-0.40969077,-0.41462642,-0.41962352,-0.42336494,-0.4280409,-0.43239993,-0.43599263,-0.43942365,-0.44296527,-0.44667163,-0.4514411,-0.45407575,-0.4580594,-0.46184072,-0.46713513,-0.47191006,-0.4742546,-0.47663754,-0.48097223,-0.48609728,-0.48967773,-0.4922889,-0.49777403,-0.5000235,-0.5048169,-0.5084654,-0.51281196,-0.51632017,-0.5206698,-0.5251314,-0.5286814,-0.532079,-0.5352336
28_real,-0.87967634,,,,,,,,,,,,,,-1.0793997,,,,,,,,,,,,,,,,,,,,,-1.0722816,,,,,,,,,,,,,,,,,,,,,,,,,,,,,,,,,,
28_gen,-0.87967634,-0.8815053,-0.8807696,-0.8828503,-0.8822363,-0.8835886,-0.88608754,-0.8873533,-0.8868693,-0.88726485,-0.88593614,-0.88546294,-0.8877102,-0.88888705,-0.8879889,-0.8908653,-0.88647443,-0.8881656,-0.8899439,-0.89365214,-0.8958303,-0.89627135,-0.8950098,-0.89638555,-0.8912595,-0.89199525,-0.8923913,-0.8948218,-0.8950917,-0.89249086,-0.89448786,-0.89446735,-0.89729846,-0.8997574,-0.900778,-0.90405905,-0.90489614,-0.910435,-0.9107277,-0.9103724,-0.91181934,-0.9143461,-0.9156569,-0.91856205,-0.91713095,-0.91836864,-0.9192675,-0.9204985,-0.92261904,-0.9220683,-0.9230773,-0.9251746,-0.92938644,-0.93032074,-0.9313027,-0.931746,-0.93311995,-0.9350909,-0.9331886,-0.9364479,-0.9378769,-0.93740845,-0.9371479,-0.938619,-0.93883103,-0.9425254,-0.9483075,-0.9519006,-0.95188284,-0.95369655
29_real,0.42832968,,,,,,,,,,,,,,0.20612776,,,,,,,,,,,,,,,,,,,,,0.847231,,,,,,,,,,,,,,,,,,,,,,,,,,,,,,,,,,
29_gen,0.42832965,0.42820328,0.42752987,0.4254822,0.4265365,0.4268605,0.4256994,0.42503005,0.4241168,0.42368522,0.4226511,0.42170182,0.42064553,0.4209662,0.4207117,0.41980752,0.42095026,0.42032164,0.41736704,0.41862392,0.41848844,0.4182807,0.41652784,0.4155043,0.4153861,0.4151339,0.41446447,0.41389775,0.41230226,0.41011328,0.40884352,0.40883675,0.4064313,0.4055957,0.4046103,0.40612808,0.4063719,0.4052638,0.40512666,0.40382224,0.40395656,0.40312237,0.4013659,0.4013063,0.40104288,0.4022252,0.40119356,0.3990245,0.39751223,0.3972775,0.39724758,0.39751697,0.3949926,0.3939802,0.39340872,0.39366195,0.39238626,0.39312762,0.39250553,0.3943916,0.39490494,0.39412197,0.39400616,0.39358887,0.39350563,0.3941371,0.39307564,0.39198318,0.39098874,0.39051068
30_real,-0.6240398,,,,,,,,,,,,,,-0.8327888,,,,,,,,,,,,,,,,,,,,,-0.8030895,,,,,,,,,,,,,,,,,,,,,,,,,,,,,,,,,,
30_gen,-0.62403977,-0.641053,-0.66034144,-0.6765829,-0.6961224,-0.712036,-0.7220893,-0.7346326,-0.7451997,-0.758803,-0.77239454,-0.7782265,-0.79072326,-0.7992505,-0.8081539,-0.8137189,-0.8203305,-0.83334273,-0.8433539,-0.8587203,-0.87298805,-0.8806206,-0.89214516,-0.8991973,-0.9138621,-0.91370946,-0.9233492,-0.9353782,-0.94786185,-0.9608325,-0.9734726,-0.98205125,-0.9879519,-0.9955765,-1.0106364,-1.0245367,-1.0327377,-1.048909,-1.05869,-1.0642602,-1.0780224,-1.0942042,-1.1051037,-1.1077087,-1.1159555,-1.1260402,-1.1379225,-1.150707,-1.1612958,-1.1684974,-1.1787481,-1.1984602,-1.2072294,-1.2141106,-1.2224978,-1.2340355,-1.2470634,-1.2520688,-1.2591292,-1.2666856,-1.2808883,-1.2940822,-1.3065512,-1.3222927,-1.3275917,-1.3361282,-1.351589,-1.3562253,-1.3688039,-1.3836137
31_real,-1.1424881,,,,,,,,,,,,,,-1.248951,,,,,,,,,,,,,,,,,,,,,-1.5059723,,,,,,,,,,,,,,,,,,,,,,,,,,,,,,,,,,
31_gen,-1.1424882,-1.1590992,-1.1697185,-1.1868331,-1.196801,-1.203299,-1.2156765,-1.2290952,-1.2366878,-1.2442586,-1.2541134,-1.261075,-1.2730572,-1.2836447,-1.2940935,-1.3075318,-1.3207675,-1.332222,-1.3434323,-1.3554887,-1.3670832,-1.3771614,-1.3886305,-1.4025896,-1.4187742,-1.4295771,-1.4389186,-1.4490248,-1.4550002,-1.4644961,-1.4759572,-1.4832156,-1.4992969,-1.5098143,-1.5242076,-1.5321344,-1.5362151,-1.5451424,-1.5533117,-1.5654168,-1.5767114,-1.5860083,-1.5929939,-1.6028683,-1.6122439,-1.6228555,-1.6338158,-1.6412554,-1.6531576,-1.6640995,-1.6756022,-1.6827377,-1.6877706,-1.695796,-1.7061056,-1.7175043,-1.7292054,-1.7351897,-1.7422755,-1.751869,-1.7638963,-1.7798424,-1.7933308,-1.8035262,-1.8158076,-1.8275732,-1.8393692,-1.8496987,-1.8600504,-1.866355
32_real,-1.3834777,,,,,,,,,,,,,,-1.3109261,,,,,,,,,,,,,,,,,,,,,-1.6484143,,,,,,,,,,,,,,,,,,,,,,,,,,,,,,,,,,
32_gen,-1.3834778,-1.3824036,-1.3820187,-1.3802574,-1.3800988,-1.3854339,-1.3884774,-1.3893378,-1.3910937,-1.395128,-1.3979204,-1.402335,-1.4059486,-1.4102527,-1.4147087,-1.4176813,-1.422446,-1.4241649,-1.4279922,-1.4295695,-1.4347875,-1.4381034,-1.4426558,-1.4462104,-1.4484123,-1.450909,-1.454116,-1.4585254,-1.458832,-1.4661961,-1.4710733,-1.4757316,-1.4800586,-1.4815886,-1.4858792,-1.488442,-1.4941397,-1.4987521,-1.5034375,-1.505666,-1.5082031,-1.5121685,-1.515935,-1.5213072,-1.5265291,-1.5298971,-1.5350194,-1.5376103,-1.543523,-1.5456288,-1.5493366,-1.5543935,-1.5569046,-1.563415,-1.5685067,-1.5729306,-1.5790895,-1.5810862,-1.5837114,-1.5876474,-1.5909306,-1.5966126,-1.6010977,-1.6041228,-1.6101326,-1.6130269,-1.6164353,-1.6217384,-1.6253176,-1.62918
33_real,0.5043167,,,,,,,,,,,,,,0.2818893,,,,,,,,,,,,,,,,,,,,,0.2519018,,,,,,,,,,,,,,,,,,,,,,,,,,,,,,,,,,
33_gen,0.50431675,0.5058209,0.504931,0.5044534,0.5032243,0.5030106,0.49948114,0.49658665,0.49617457,0.49303955,0.48881406,0.4851497,0.4825678,0.48477262,0.48386183,0.48182756,0.477557,0.47469687,0.4729219,0.4720266,0.47088003,0.466013,0.46367994,0.46121335,0.45925683,0.4582697,0.45659238,0.456717,0.45650452,0.45204157,0.44838136,0.4441275,0.4456904,0.44355926,0.44016474,0.4409042,0.4375113,0.43419796,0.43304372,0.43049306,0.42514372,0.42226315,0.42054862,0.41570306,0.411808,0.40689573,0.406259,0.39966944,0.39284894,0.3906385,0.38635096,0.38257852,0.3803349,0.3761727,0.37208357,0.37208745,0.3687511,0.36540058,0.36291015,0.36057568,0.35582447,0.35270876,0.35074005,0.3519445,0.35132623,0.3522883,0.35150647,0.3499306,0.34483996,0.34101683
34_real,0.79067504,,,,,,,,,,,,,,0.91789484,,,,,,,,,,,,,,,,,,,,,0.8373095,,,,,,,,,,,,,,,,,,,,,,,,,,,,,,,,,,
34_gen,0.7906751,0.7943791,0.79708195,0.7935398,0.7939384,0.7961966,0.7972735,0.7994707,0.80067396,0.8031495,0.8017462,0.8053055,0.80795974,0.80744207,0.8080025,0.80690736,0.80617607,0.80082005,0.797315,0.8010441,0.7976016,0.7954242,0.7944392,0.7909677,0.78764373,0.7876014,0.78511024,0.7858721,0.7858395,0.7791969,0.77850527,0.77832425,0.7793251,0.7766923,0.77708375,0.7740306,0.7723204,0.7718637,0.7733626,0.77276117,0.7692588,0.768622,0.76657605,0.76601803,0.7641912,0.7623731,0.76333106,0.76038074,0.7574631,0.75612676,0.7545163,0.75219464,0.7499548,0.75067425,0.7510418,0.7481495,0.7444819,0.7439571,0.74257106,0.74222213,0.7393801,0.7403317,0.7375095,0.73501134,0.73485744,0.7352695,0.7345078,0.73610973,0.73250294,0.7313664
35_real,-0.31819132,,,,,,,,,,,,,,-0.3566184,,,,,,,,,,,,,,,,,,,,,-0.5214993,,,,,,,,,,,,,,,,,,,,,,,,,,,,,,,,,,
35_gen,-0.31819132,-0.31653112,-0.3160636,-0.31673545,-0.32037467,-0.321323,-0.32226083,-0.3210927,-0.31963247,-0.32351872,-0.32734692,-0.33105704,-0.33204627,-0.33352533,-0.33357495,-0.33261985,-0.33507752,-0.33757836,-0.33778968,-0.33939773,-0.34149528,-0.34034333,-0.34457502,-0.34772226,-0.35128242,-0.35174516,-0.35633108,-0.3606361,-0.36340958,-0.36539367,-0.37040913,-0.37747175,-0.37817755,-0.3791062,-0.38258618,-0.38460302,-0.38651937,-0.38756475,-0.38933328,-0.39237326,-0.39507955,-0.39986688,-0.4011224,-0.4055737,-0.40664905,-0.41057628,-0.41460532,-0.414823,-0.41519308,-0.41399232,-0.41543102,-0.41804704,-0.4199423,-0.42026,-0.42448157,-0.42906213,-0.42506877,-0.42589492,-0.4249521,-0.4279564,-0.42861453,-0.43055397,-0.4328383,-0.43485197,-0.43714014,-0.43897122,-0.438927,-0.4421749,-0.44411308,-0.4487242
36_real,-1.1021864,,,,,,,,,,,,,,-1.0617061,,,,,,,,,,,,,,,,,,,,,-1.2054074,,,,,,,,,,,,,,,,,,,,,,,,,,,,,,,,,,
36_gen,-1.1021863,-1.0982376,-1.0947893,-1.0927172,-1.0895195,-1.0922813,-1.0911688,-1.0878873,-1.0882251,-1.084348,-1.0897582,-1.0921347,-1.0962641,-1.1005231,-1.0986078,-1.0990778,-1.1030546,-1.1071323,-1.1075727,-1.1081357,-1.1114937,-1.1155901,-1.11799,-1.1254194,-1.1250118,-1.1267807,-1.1311114,-1.1352394,-1.1399971,-1.1398784,-1.1404908,-1.1437242,-1.1475902,-1.1494759,-1.1537292,-1.156085,-1.1569408,-1.1595337,-1.1613872,-1.1607149,-1.1629045,-1.1637491,-1.1687281,-1.172584,-1.1762389,-1.1783344,-1.1787019,-1.1808913,-1.1868672,-1.1903619,-1.1918452,-1.1990888,-1.1966989,-1.1953866,-1.1935408,-1.196495,-1.1971896,-1.2012398,-1.204211,-1.2100693,-1.2102566,-1.2131059,-1.2167528,-1.2214954,-1.225272,-1.2296244,-1.2318118,-1.2350883,-1.2364233,-1.2352202
37_real,-0.89491016,,,,,,,,,,,,,,-0.97622097,,,,,,,,,,,,,,,,,,,,,-1.1937706,,,,,,,,,,,,,,,,,,,,,,,,,,,,,,,,,,
37_gen,-0.89491016,-0.9016504,-0.9104253,-0.9100979,-0.9104198,-0.9125813,-0.91697586,-0.92084837,-0.918831,-0.920029,-0.9254511,-0.93285495,-0.937305,-0.9385759,-0.9396518,-0.94492495,-0.950956,-0.95358723,-0.9568531,-0.9604443,-0.96496534,-0.96695626,-0.9711469,-0.9793275,-0.9788288,-0.98242724,-0.988637,-0.98966837,-0.99366456,-0.99757594,-0.9987253,-1.0056764,-1.0068061,-1.0104834,-1.0118833,-1.0109282,-1.0099924,-1.0164455,-1.0198905,-1.0230563,-1.0233057,-1.0280623,-1.033512,-1.0381744,-1.0352244,-1.0407975,-1.0447842,-1.0455172,-1.0446848,-1.0475934,-1.0508624,-1.0539166,-1.0589178,-1.0619255,-1.0619404,-1.0647014,-1.0701846,-1.0750892,-1.0794785,-1.0840459,-1.0853622,-1.0910285,-1.0918261,-1.0921886,-1.0989301,-1.0997022,-1.1047746,-1.1073611,-1.1101639,-1.1100017
38_real,-0.78034496,,,,,,,,,,,,,,-0.8972377,,,,,,,,,,,,,,,,,,,,,-1.0539255,,,,,,,,,,,,,,,,,,,,,,,,,,,,,,,,,,
38_gen,-0.78034496,-0.78157943,-0.78551865,-0.78612894,-0.7854066,-0.7876991,-0.78963816,-0.79159725,-0.7939236,-0.7965673,-0.79677594,-0.79551905,-0.79652077,-0.79778016,-0.79891837,-0.8032006,-0.8024861,-0.8014288,-0.80620986,-0.8083612,-0.81196177,-0.81607056,-0.81699276,-0.8186976,-0.8188392,-0.8191714,-0.8176872,-0.81838405,-0.81815976,-0.81878966,-0.8244014,-0.8248402,-0.83159226,-0.8348529,-0.83458364,-0.8383316,-0.8375982,-0.83898365,-0.83952934,-0.84130037,-0.8438188,-0.845257,-0.84921455,-0.8496267,-0.8525711,-0.85724545,-0.8579155,-0.8622526,-0.86620414,-0.8655597,-0.8682782,-0.8714229,-0.87777376,-0.87508756,-0.87349176,-0.87582034,-0.8782875,-0.88105553,-0.8817666,-0.88593256,-0.8859237,-0.88764983,-0.8898908,-0.8924634,-0.90127134,-0.9049872,-0.90657216,-0.9113345,-0.9146987,-0.9189137
39_real,-0.9850121,,,,,,,,,,,,,,-0.8094476,,,,,,,,,,,,,,,,,,,,,-1.2680072,,,,,,,,,,,,,,,,,,,,,,,,,,,,,,,,,,
39_gen,-0.9850122,-0.98774683,-0.9907816,-0.99482393,-0.9990389,-1.0047327,-1.008949,-1.0147736,-1.019638,-1.0215565,-1.0216122,-1.0252628,-1.0277728,-1.0306786,-1.0358416,-1.037743,-1.0454758,-1.0480262,-1.0533875,-1.0578817,-1.0592794,-1.0651901,-1.0679146,-1.0727215,-1.0763391,-1.0826572,-1.0834779,-1.089898,-1.0939572,-1.0988631,-1.1034111,-1.1061362,-1.1092781,-1.1141489,-1.115648,-1.1200923,-1.1203026,-1.1277488,-1.1334944,-1.1411587,-1.1433084,-1.150692,-1.1526096,-1.1570657,-1.1618026,-1.1655878,-1.1680648,-1.1720425,-1.1783779,-1.1818475,-1.1848176,-1.1863081,-1.1881615,-1.1885607,-1.1894653,-1.1899836,-1.195172,-1.1967995,-1.198003,-1.1978899,-1.2007586,-1.2056923,-1.2108076,-1.2142365,-1.2180781,-1.2240944,-1.2255391,-1.2298117,-1.2348739,-1.2403262
40_real,-0.43853247,,,,,,,,,,,,,,-0.5864455,,,,,,,,,,,,,,,,,,,,,-0.84754324,,,,,,,,,,,,,,,,,,,,,,,,,,,,,,,,,,
40_gen,-0.4385324,-0.44288737,-0.44024953,-0.44095474,-0.4427817,-0.44414204,-0.44421625,-0.43919903,-0.44578582,-0.448486,-0.4503739,-0.45007673,-0.45216942,-0.4564113,-0.45713773,-0.4563555,-0.46109,-0.46443263,-0.46358228,-0.46748748,-0.47190347,-0.47950196,-0.48495555,-0.48400277,-0.4912406,-0.49643105,-0.49629578,-0.50163305,-0.50547564,-0.5106523,-0.5102152,-0.51835376,-0.5200184,-0.526142,-0.53064364,-0.53332496,-0.5330623,-0.5333201,-0.53517133,-0.5439636,-0.5466685,-0.55121917,-0.5542504,-0.55558383,-0.5573786,-0.56055176,-0.56143886,-0.5687014,-0.5755613,-0.57662296,-0.5754127,-0.58063376,-0.5817644,-0.58581185,-0.58808553,-0.5953461,-0.5965571,-0.60144556,-0.60448074,-0.6044578,-0.6044859,-0.608368,-0.61236423,-0.6176692,-0.6229359,-0.6220711,-0.6249356,-0.6304566,-0.6372108,-0.63817656
41_real,-0.24096781,,,,,,,,,,,,,,-0.66534764,,,,,,,,,,,,,,,,,,,,,-0.43314478,,,,,,,,,,,,,,,,,,,,,,,,,,,,,,,,,,
41_gen,-0.24096778,-0.25184852,-0.2631169,-0.27027065,-0.27450398,-0.27815372,-0.28175488,-0.28783208,-0.29489487,-0.30425707,-0.30883837,-0.31659916,-0.3231695,-0.32592174,-0.32980308,-0.3334815,-0.33701867,-0.3436886,-0.34513414,-0.34441954,-0.35021344,-0.35853317,-0.3630825,-0.37036064,-0.37401682,-0.37787694,-0.3830484,-0.39011356,-0.39395446,-0.39601237,-0.40205154,-0.40720773,-0.412812,-0.4171123,-0.42710155,-0.43030524,-0.4372847,-0.44077724,-0.44824648,-0.4504381,-0.45712203,-0.46436468,-0.46951684,-0.47414738,-0.4794725,-0.48732743,-0.49358958,-0.49906254,-0.5079529,-0.5108029,-0.5154177,-0.52025044,-0.5216473,-0.526026,-0.529449,-0.534922,-0.538872,-0.55032605,-0.552565,-0.5562554,-0.5547471,-0.5603325,-0.56499654,-0.57209027,-0.578978,-0.5882846,-0.5933361,-0.5937758,-0.59933794,-0.6047658
42_real,-0.29703224,,,,,,,,,,,,,,-0.5348332,,,,,,,,,,,,,,,,,,,,,-0.44397193,,,,,,,,,,,,,,,,,,,,,,,,,,,,,,,,,,
42_gen,-0.29703227,-0.30017298,-0.3022914,-0.30874333,-0.3142701,-0.31936058,-0.32418805,-0.32866898,-0.3335857,-0.33856598,-0.34439334,-0.34955916,-0.35373223,-0.36057138,-0.36721778,-0.3712686,-0.37520307,-0.3802812,-0.3842034,-0.38852292,-0.39475217,-0.40126953,-0.40544143,-0.41209286,-0.4177723,-0.42109686,-0.42588454,-0.43388858,-0.43861875,-0.44388136,-0.44800645,-0.45213693,-0.45668992,-0.46154484,-0.46524987,-0.46988124,-0.4743668,-0.47888008,-0.48406833,-0.48998356,-0.49438828,-0.49910372,-0.50356096,-0.5078782,-0.5111904,-0.51625746,-0.5191075,-0.5236045,-0.5297812,-0.5351672,-0.5405756,-0.54599017,-0.5512055,-0.554873,-0.5592341,-0.5642687,-0.5708631,-0.575014,-0.58296245,-0.58853185,-0.5925592,-0.59614027,-0.60118854,-0.605138,-0.6098255,-0.6160266,-0.62004143,-0.62351334,-0.6273346,-0.63005686
43_real,-2.0663183,,,,,,,,,,,,,,-1.6871374,,,,,,,,,,,,,,,,,,,,,-2.0796418,,,,,,,,,,,,,,,,,,,,,,,,,,,,,,,,,,
43_gen,-2.0663183,-2.0694313,-2.075103,-2.0809512,-2.0873454,-2.0912948,-2.0968738,-2.100792,-2.1046786,-2.1108851,-2.1158755,-2.1199565,-2.1230724,-2.1293423,-2.1331937,-2.1413703,-2.1448822,-2.148093,-2.1507955,-2.1544147,-2.1580052,-2.1615303,-2.167907,-2.1722238,-2.1762383,-2.1810398,-2.1849954,-2.1894572,-2.1914458,-2.196232,-2.2002957,-2.2031121,-2.2071834,-2.2120433,-2.2167742,-2.221173,-2.2262387,-2.2304325,-2.2353005,-2.2389195,-2.2426677,-2.24645,-2.2496507,-2.2525768,-2.2567983,-2.2591877,-2.2614822,-2.2638004,-2.266185,-2.2712493,-2.2748592,-2.2774227,-2.2806742,-2.2857041,-2.2881727,-2.2920282,-2.2950728,-2.2990515,-2.3029268,-2.3089206,-2.3114429,-2.3142211,-2.31711,-2.3214524,-2.3239987,-2.3286824,-2.3304098,-2.3362315,-2.338963,-2.3417423
44_real,-0.37305966,,,,,,,,,,,,,,-0.5858839,,,,,,,,,,,,,,,,,,,,,-0.48707068,,,,,,,,,,,,,,,,,,,,,,,,,,,,,,,,,,
44_gen,-0.3730597,-0.38089553,-0.38315,-0.38573343,-0.38863048,-0.39252734,-0.3966493,-0.39843732,-0.4013346,-0.40110475,-0.40267295,-0.40424377,-0.40737,-0.40801558,-0.4128421,-0.4133753,-0.41727147,-0.42077318,-0.42262426,-0.42354506,-0.42609897,-0.42895252,-0.4317948,-0.4345966,-0.43833345,-0.4397366,-0.44132572,-0.4453575,-0.4457658,-0.44564778,-0.4443643,-0.44502792,-0.44552112,-0.44735646,-0.45069188,-0.45334965,-0.45684332,-0.45922288,-0.45933628,-0.46089697,-0.46573943,-0.46562463,-0.46993652,-0.47119546,-0.47256047,-0.47588897,-0.47868735,-0.4800139,-0.4813974,-0.4852956,-0.4858368,-0.4878486,-0.49164742,-0.49324626,-0.4976272,-0.4979601,-0.50019276,-0.5026391,-0.5075057,-0.5100062,-0.51163274,-0.5160261,-0.5193211,-0.52073395,-0.52301204,-0.5272817,-0.5289384,-0.53218377,-0.5315553,-0.5356124
45_real,-1.2151765,,,,,,,,,,,,,,-1.0146924,,,,,,,,,,,,,,,,,,,,,-1.1853971,,,,,,,,,,,,,,,,,,,,,,,,,,,,,,,,,,
45_gen,-1.2151765,-1.2202066,-1.2270983,-1.233437,-1.2378423,-1.2408359,-1.2457443,-1.2509891,-1.2553751,-1.259815,-1.2635543,-1.2661929,-1.2707545,-1.2766836,-1.2788727,-1.2841822,-1.2881166,-1.2900455,-1.2936224,-1.2964557,-1.300344,-1.3053334,-1.3086245,-1.3096735,-1.3129787,-1.315555,-1.3191674,-1.3228638,-1.3247578,-1.3282684,-1.3305743,-1.3346415,-1.3364203,-1.3395002,-1.345237,-1.3491701,-1.3519115,-1.3554144,-1.3594724,-1.3611349,-1.3643568,-1.3679266,-1.3726233,-1.376262,-1.3799013,-1.3843102,-1.3882027,-1.3927157,-1.396301,-1.3996463,-1.4038477,-1.4081084,-1.4137725,-1.4153992,-1.4192568,-1.4215951,-1.4262507,-1.4286368,-1.4322417,-1.4363153,-1.4394795,-1.4443612,-1.447962,-1.4504478,-1.4551553,-1.4590847,-1.4629759,-1.4666679,-1.4713999,-1.474186
46_real,-0.45478868,,,,,,,,,,,,,,-0.6977697,,,,,,,,,,,,,,,,,,,,,-0.2726495,,,,,,,,,,,,,,,,,,,,,,,,,,,,,,,,,,
46_gen,-0.45478868,-0.45918554,-0.46733227,-0.4732183,-0.48122472,-0.4874348,-0.49350205,-0.5006297,-0.5067185,-0.5130548,-0.5175425,-0.52382064,-0.52925384,-0.5342924,-0.5403778,-0.54690874,-0.5531398,-0.5576173,-0.5618427,-0.5659874,-0.57109255,-0.5760498,-0.5820656,-0.5872816,-0.5938907,-0.59859765,-0.6050175,-0.61123544,-0.6158563,-0.6209558,-0.6274138,-0.63335866,-0.63946223,-0.64477724,-0.64932525,-0.6538102,-0.6582173,-0.6638135,-0.66941136,-0.6741881,-0.679515,-0.6861911,-0.6923765,-0.6982068,-0.7039871,-0.70846367,-0.71525186,-0.7197649,-0.7251514,-0.72986335,-0.73612237,-0.74283606,-0.7489572,-0.7553332,-0.7610453,-0.76686054,-0.7720059,-0.77605474,-0.78198797,-0.788283,-0.79456717,-0.79913914,-0.8059386,-0.81282365,-0.8179121,-0.8235439,-0.8293564,-0.83570033,-0.84128904,-0.84842366
47_real,-1.2788638,,,,,,,,,,,,,,-1.5239469,,,,,,,,,,,,,,,,,,,,,-1.4808092,,,,,,,,,,,,,,,,,,,,,,,,,,,,,,,,,,
47_gen,-1.2788638,-1.2864145,-1.2934576,-1.2991755,-1.3059274,-1.3125777,-1.3201106,-1.3278866,-1.3359839,-1.3410285,-1.3479913,-1.3545722,-1.3599687,-1.3645576,-1.3710413,-1.3770897,-1.3841784,-1.3893225,-1.3962929,-1.4013108,-1.4066082,-1.4139516,-1.4184301,-1.4229472,-1.4302173,-1.4371917,-1.4452442,-1.4507601,-1.4557858,-1.4609807,-1.467977,-1.4749086,-1.4816996,-1.489238,-1.4960324,-1.5038079,-1.5108144,-1.5178592,-1.5246208,-1.5297577,-1.5355672,-1.5442901,-1.5531528,-1.5588036,-1.5672686,-1.5714788,-1.5778942,-1.5841436,-1.589648,-1.5950171,-1.6032896,-1.6091149,-1.6156485,-1.6209666,-1.6288258,-1.636841,-1.643054,-1.6506742,-1.65665,-1.6632631,-1.6704264,-1.6749865,-1.6819761,-1.6895096,-1.6963269,-1.7032074,-1.7108433,-1.7173275,-1.7236086,-1.7277225
48_real,-1.8939614,,,,,,,,,,,,,,-1.8954268,,,,,,,,,,,,,,,,,,,,,-2.1769269,,,,,,,,,,,,,,,,,,,,,,,,,,,,,,,,,,
48_gen,-1.8939612,-1.9018335,-1.9073929,-1.9151583,-1.9198643,-1.9246893,-1.9279598,-1.9365858,-1.9397084,-1.9464852,-1.9506695,-1.9563391,-1.963481,-1.9683498,-1.9750414,-1.9788771,-1.9849037,-1.990886,-1.9972508,-2.0037901,-2.009837,-2.016831,-2.0235286,-2.0291698,-2.0362697,-2.0402586,-2.04639,-2.0509648,-2.0559793,-2.0618865,-2.0660434,-2.0720124,-2.0772152,-2.0839226,-2.0882635,-2.0943503,-2.1010537,-2.1049116,-2.111484,-2.117151,-2.12179,-2.1276443,-2.1327252,-2.1365495,-2.140861,-2.1459255,-2.151075,-2.1561952,-2.161037,-2.167076,-2.1709251,-2.1749256,-2.1813536,-2.188525,-2.1925573,-2.198169,-2.2024486,-2.2085395,-2.2163224,-2.2205694,-2.224936,-2.2294195,-2.236162,-2.241833,-2.2476907,-2.254163,-2.2607584,-2.2663915,-2.2737572,-2.2809165
49_real,-0.62159425,,,,,,,,,,,,,,-0.7617119,,,,,,,,,,,,,,,,,,,,,-0.85281616,,,,,,,,,,,,,,,,,,,,,,,,,,,,,,,,,,
49_gen,-0.6215943,-0.63506335,-0.64745045,-0.6620205,-0.6721653,-0.68757975,-0.69895536,-0.71095717,-0.7227251,-0.7356023,-0.74900705,-0.75890464,-0.7719112,-0.7856082,-0.7990333,-0.8094509,-0.82413614,-0.8336979,-0.8440155,-0.8577067,-0.8691639,-0.8782651,-0.8928544,-0.9043239,-0.91360843,-0.9246972,-0.9385511,-0.9527165,-0.96651685,-0.98131675,-0.9937763,-1.0073282,-1.0162263,-1.0269631,-1.0406618,-1.0546844,-1.066911,-1.0783681,-1.0901954,-1.1011467,-1.1129111,-1.1245724,-1.1373812,-1.1512765,-1.1634777,-1.1748925,-1.1867414,-1.1986471,-1.2118765,-1.2243065,-1.2369102,-1.2509954,-1.2653183,-1.2757113,-1.2914498,-1.304826,-1.3179197,-1.3280827,-1.3429544,-1.3590147,-1.3724955,-1.3853824,-1.3999919,-1.4127942,-1.4248457,-1.4356989,-1.4480798,-1.460023,-1.4736372,-1.4886897
50_real,-0.5878231,,,,,,,,,,,,,,-0.7218188,,,,,,,,,,,,,,,,,,,,,-0.8399284,,,,,,,,,,,,,,,,,,,,,,,,,,,,,,,,,,
50_gen,-0.58782303,-0.59872717,-0.6101229,-0.6229692,-0.6382421,-0.6504488,-0.6638943,-0.6762376,-0.6921674,-0.70503575,-0.7193986,-0.7318815,-0.74372035,-0.7552532,-0.7674552,-0.77692294,-0.78788114,-0.7962605,-0.8051157,-0.81676036,-0.82779056,-0.8395114,-0.84671,-0.8573839,-0.87045276,-0.8814185,-0.89314145,-0.9043412,-0.9163827,-0.9288627,-0.93982065,-0.9518962,-0.96385306,-0.9741395,-0.9823209,-0.99525416,-1.0047108,-1.0137503,-1.0252988,-1.0372344,-1.0537146,-1.0656579,-1.077349,-1.0882533,-1.1005702,-1.1142302,-1.1264448,-1.1418636,-1.153215,-1.1645353,-1.1745441,-1.1871946,-1.1962435,-1.2084923,-1.2207325,-1.2335117,-1.2429457,-1.2543136,-1.2665551,-1.2775624,-1.2910637,-1.3051019,-1.3176353,-1.3297927,-1.3449,-1.3569548,-1.3690479,-1.3851346,-1.3966364,-1.4076966
51_real,0.47007012,,,,,,,,,,,,,,0.45808533,,,,,,,,,,,,,,,,,,,,,0.015718212,,,,,,,,,,,,,,,,,,,,,,,,,,,,,,,,,,
51_gen,0.47007006,0.463207,0.45473108,0.44881755,0.4425517,0.43469405,0.4285275,0.42237553,0.41444558,0.41248617,0.4049472,0.40090775,0.39561522,0.39008564,0.38440263,0.3791907,0.37536293,0.37114465,0.36704442,0.3588875,0.35336164,0.34713882,0.3404606,0.33592856,0.32884812,0.3239237,0.31760272,0.3115096,0.30466717,0.29767203,0.28928617,0.28231472,0.27752155,0.27147034,0.26703557,0.2597552,0.25422472,0.24503998,0.23788337,0.23186524,0.22613204,0.21957314,0.21358708,0.20697156,0.20022058,0.1895131,0.18616001,0.17679629,0.1671595,0.16360995,0.15416619,0.14742917,0.14107457,0.13278332,0.12694368,0.120698646,0.11575767,0.110366724,0.1048345,0.094653174,0.0875048,0.079681225,0.073016,0.066259764,0.05759684,0.048897818,0.041338947,0.03335805,0.024820458,0.01893339
52_real,1.7020587,,,,,,,,,,,,,,1.75965,,,,,,,,,,,,,,,,,,,,,1.2611768,,,,,,,,,,,,,,,,,,,,,,,,,,,,,,,,,,
52_gen,1.7020586,1.6973517,1.6844431,1.6778736,1.6733509,1.6674,1.662595,1.655978,1.6462946,1.636269,1.6286867,1.6236413,1.618166,1.6125553,1.6075919,1.5992978,1.5946324,1.586614,1.5782843,1.5691192,1.5595018,1.5522699,1.5460514,1.539592,1.5304918,1.5239595,1.5170414,1.5100253,1.5026542,1.4976363,1.492191,1.4867018,1.4798094,1.474494,1.4691393,1.4615104,1.4551473,1.445472,1.4353274,1.4308481,1.4237174,1.4182094,1.4112347,1.4051898,1.3972019,1.3898041,1.3849277,1.3776104,1.3702673,1.3617003,1.3521881,1.3433564,1.3380486,1.3320076,1.3301351,1.3227581,1.3174914,1.3090339,1.3014106,1.2943628,1.2850319,1.2788942,1.2679251,1.2611597,1.2517515,1.241943,1.2368743,1.2285742,1.2167112,1.2082722
53_real,-1.3504841,,,,,,,,,,,,,,-1.7330258,,,,,,,,,,,,,,,,,,,,,-1.3400377,,,,,,,,,,,,,,,,,,,,,,,,,,,,,,,,,,
53_gen,-1.350484,-1.359689,-1.3709273,-1.3804122,-1.3873144,-1.3945172,-1.4087051,-1.4214628,-1.4340471,-1.4451793,-1.456547,-1.4700086,-1.4768248,-1.4855999,-1.4955719,-1.4999684,-1.511553,-1.5177554,-1.5285777,-1.5360913,-1.5502343,-1.5580268,-1.5689309,-1.5755452,-1.5892239,-1.5991642,-1.6112238,-1.6239761,-1.6354907,-1.6416848,-1.6500881,-1.6522715,-1.6602094,-1.6701838,-1.678496,-1.6863079,-1.693444,-1.7017905,-1.7076317,-1.7206799,-1.7327274,-1.7423172,-1.7466657,-1.7580525,-1.7623355,-1.7748924,-1.7875025,-1.7970915,-1.7996773,-1.8070726,-1.8117298,-1.8211962,-1.8365856,-1.8455292,-1.8528764,-1.8579966,-1.8733116,-1.8839436,-1.8912033,-1.89895,-1.9080727,-1.9138924,-1.9221137,-1.931566,-1.9413837,-1.946295,-1.960569,-1.9694569,-1.979935,-1.9900315
54_real,-0.52424306,,,,,,,,,,,,,,-0.6099539,,,,,,,,,,,,,,,,,,,,,-1.0999691,,,,,,,,,,,,,,,,,,,,,,,,,,,,,,,,,,
54_gen,-0.524243,-0.54115283,-0.5493053,-0.56101894,-0.57118195,-0.57822365,-0.5898758,-0.6007278,-0.6096486,-0.61874396,-0.62594175,-0.6314934,-0.64306283,-0.64977556,-0.65807325,-0.67034066,-0.6750542,-0.6853517,-0.69241863,-0.69598824,-0.7016145,-0.70796597,-0.7240668,-0.73258996,-0.7473194,-0.75005597,-0.75612706,-0.76745546,-0.7750467,-0.7845174,-0.79178584,-0.7986766,-0.81228,-0.8172909,-0.83055335,-0.8315827,-0.8377286,-0.84896547,-0.8587991,-0.87092745,-0.88512343,-0.8952395,-0.9031267,-0.9104953,-0.9237855,-0.93042976,-0.93737537,-0.9490097,-0.95545644,-0.96247053,-0.9730967,-0.97838354,-0.98820037,-0.9976096,-1.0062886,-1.0201367,-1.0303084,-1.0367802,-1.0499508,-1.0614963,-1.0694155,-1.0791038,-1.0872338,-1.0968211,-1.1103799,-1.1164031,-1.125631,-1.1342432,-1.1479099,-1.1553602
55_real,-1.98952,,,,,,,,,,,,,,-1.9404951,,,,,,,,,,,,,,,,,,,,,-2.1624408,,,,,,,,,,,,,,,,,,,,,,,,,,,,,,,,,,
55_gen,-1.9895198,-1.9940001,-1.9989058,-2.0051153,-2.0113537,-2.0159657,-2.0204692,-2.0271945,-2.0327156,-2.0377464,-2.0431025,-2.0486827,-2.0530858,-2.0578654,-2.0619762,-2.0681129,-2.0727978,-2.0793414,-2.0835366,-2.0877588,-2.0924218,-2.0975683,-2.0999722,-2.1029801,-2.106712,-2.1113315,-2.114248,-2.1193337,-2.1243012,-2.1302078,-2.1343634,-2.137762,-2.1410542,-2.147238,-2.1519144,-2.1564288,-2.1610904,-2.165093,-2.1713154,-2.175909,-2.1803617,-2.1868148,-2.186462,-2.1922696,-2.1965466,-2.2011266,-2.2030616,-2.2054598,-2.2095535,-2.213595,-2.217698,-2.2223926,-2.2265248,-2.228663,-2.230879,-2.234592,-2.2395911,-2.2427633,-2.24691,-2.2492728,-2.2549605,-2.257648,-2.2618618,-2.2656794,-2.2716475,-2.2752497,-2.2800307,-2.2859187,-2.289581,-2.2918777
56_real,-1.919526,,,,,,,,,,,,,,-1.9029638,,,,,,,,,,,,,,,,,,,,,-2.175705,,,,,,,,,,,,,,,,,,,,,,,,,,,,,,,,,,
56_gen,-1.9195259,-1.9241161,-1.9281132,-1.9349537,-1.9415026,-1.9482607,-1.9556516,-1.9604375,-1.9664646,-1.9710029,-1.9747614,-1.9790895,-1.9847815,-1.9931246,-1.9987844,-2.004872,-2.0102708,-2.0149305,-2.0219634,-2.0264313,-2.0308533,-2.0354297,-2.0388014,-2.044194,-2.0485687,-2.053856,-2.0574288,-2.063128,-2.0672493,-2.0712557,-2.0753412,-2.0795786,-2.085748,-2.0910523,-2.0969465,-2.0998693,-2.106208,-2.111208,-2.1152537,-2.1206074,-2.1240523,-2.1268072,-2.1299667,-2.132175,-2.1362948,-2.1427798,-2.1472886,-2.1522346,-2.1568577,-2.163308,-2.1696372,-2.1755712,-2.1813765,-2.1860614,-2.1913223,-2.1963987,-2.2016618,-2.2071013,-2.2115638,-2.217029,-2.2230268,-2.2266073,-2.2317612,-2.2378306,-2.241655,-2.2457604,-2.2513375,-2.2553065,-2.2611928,-2.2664573
57_real,-1.0633426,,,,,,,,,,,,,,-1.0501547,,,,,,,,,,,,,,,,,,,,,-1.2974701,,,,,,,,,,,,,,,,,,,,,,,,,,,,,,,,,,
57_gen,-1.0633427,-1.0732504,-1.0808432,-1.0910624,-1.1031986,-1.1109219,-1.1190758,-1.1297985,-1.141823,-1.150933,-1.1608441,-1.1691782,-1.1804086,-1.1890619,-1.1984847,-1.2057688,-1.2127279,-1.219307,-1.227453,-1.2366773,-1.2442042,-1.2505239,-1.2596354,-1.2636216,-1.2692306,-1.2766005,-1.2821518,-1.2925289,-1.3006802,-1.3096404,-1.3169533,-1.3269193,-1.3383223,-1.3500092,-1.3575546,-1.3626821,-1.3717244,-1.3780805,-1.3840568,-1.3929408,-1.4025706,-1.4147761,-1.4238286,-1.4320428,-1.4395226,-1.4495825,-1.4591347,-1.4657581,-1.4725041,-1.4808551,-1.4931853,-1.501344,-1.5093647,-1.5174825,-1.5272222,-1.5367882,-1.5482053,-1.554986,-1.5647935,-1.5761505,-1.5862349,-1.5929784,-1.6013098,-1.6074164,-1.6150894,-1.6260357,-1.6372585,-1.6465657,-1.6554289,-1.6652552
58_real,-1.2067062,,,,,,,,,,,,,,-1.288826,,,,,,,,,,,,,,,,,,,,,-1.3492593,,,,,,,,,,,,,,,,,,,,,,,,,,,,,,,,,,
58_gen,-1.2067062,-1.218987,-1.2345197,-1.244446,-1.2570939,-1.2670423,-1.2792374,-1.287406,-1.2975746,-1.3073463,-1.3197494,-1.3314382,-1.3398334,-1.351053,-1.3634106,-1.3755044,-1.3872831,-1.3980193,-1.4071677,-1.4175122,-1.4279412,-1.4412549,-1.4539398,-1.4630119,-1.4733844,-1.4825808,-1.4948331,-1.5017855,-1.5098171,-1.5223511,-1.5316889,-1.5439456,-1.5561861,-1.5648619,-1.5720779,-1.5813725,-1.5874447,-1.5950892,-1.6062273,-1.6167408,-1.6278986,-1.6388404,-1.6460962,-1.6541803,-1.6637614,-1.6741949,-1.6851883,-1.6957781,-1.7028663,-1.7127454,-1.7244222,-1.7332942,-1.7408473,-1.7567303,-1.7651727,-1.7759081,-1.7834537,-1.7941821,-1.8048874,-1.8169737,-1.8278644,-1.8397086,-1.8506539,-1.8637934,-1.8744808,-1.8816506,-1.8940655,-1.9061649,-1.9162261,-1.928442
59_real,-0.612748,,,,,,,,,,,,,,-0.7944162,,,,,,,,,,,,,,,,,,,,,-0.6951076,,,,,,,,,,,,,,,,,,,,,,,,,,,,,,,,,,
59_gen,-0.6127481,-0.61317265,-0.6153785,-0.616775,-0.6214238,-0.62596077,-0.63095033,-0.63294125,-0.6350164,-0.6379852,-0.6428324,-0.6452254,-0.64795524,-0.65380317,-0.65742344,-0.66108286,-0.6653863,-0.66791356,-0.67017853,-0.674146,-0.6799427,-0.6831245,-0.6877309,-0.6934878,-0.6985966,-0.7036677,-0.7073906,-0.7090588,-0.71172947,-0.7151344,-0.7180506,-0.7202595,-0.7223174,-0.72902715,-0.7330683,-0.73703176,-0.74086297,-0.74513847,-0.74877083,-0.7522157,-0.75628465,-0.76086885,-0.7621536,-0.7660121,-0.7676607,-0.7726619,-0.7760345,-0.77865076,-0.7826954,-0.78542244,-0.7904208,-0.79342616,-0.79953027,-0.8030944,-0.8058964,-0.80514383,-0.808169,-0.810057,-0.8151082,-0.8151668,-0.819018,-0.8209921,-0.825916,-0.8333437,-0.8353588,-0.84055793,-0.84372437,-0.8462822,-0.8484049,-0.85287476
60_real,-0.6944542,,,,,,,,,,,,,,-0.79670227,,,,,,,,,,,,,,,,,,,,,-0.66118795,,,,,,,,,,,,,,,,,,,,,,,,,,,,,,,,,,
60_gen,-0.6944542,-0.69713783,-0.7014198,-0.70296866,-0.7073654,-0.71091926,-0.71570915,-0.719028,-0.7209534,-0.72318727,-0.726113,-0.7323533,-0.73678976,-0.73870116,-0.74167246,-0.74335915,-0.74581766,-0.7506386,-0.75497687,-0.75782573,-0.7612437,-0.76348984,-0.7675146,-0.7717476,-0.77495587,-0.7780515,-0.7838644,-0.7873831,-0.7921272,-0.7941312,-0.7979001,-0.8022276,-0.80551374,-0.81216383,-0.8138453,-0.81504047,-0.81688786,-0.8190897,-0.823473,-0.8289609,-0.8355526,-0.83773154,-0.840648,-0.8446089,-0.8490119,-0.8544935,-0.8601011,-0.8623314,-0.86576337,-0.86932313,-0.8732414,-0.8770766,-0.88142216,-0.8836462,-0.88859624,-0.89342993,-0.8942356,-0.89781713,-0.9006356,-0.90492105,-0.9089816,-0.91261655,-0.91680354,-0.9202488,-0.92300904,-0.92938787,-0.9323758,-0.93603814,-0.9410164,-0.9454299
61_real,-0.8604432,,,,,,,,,,,,,,-0.8370154,,,,,,,,,,,,,,,,,,,,,-1.0775683,,,,,,,,,,,,,,,,,,,,,,,,,,,,,,,,,,
61_gen,-0.86044323,-0.870498,-0.8763217,-0.8863624,-0.8992591,-0.9094308,-0.9167864,-0.9246155,-0.93329847,-0.9442809,-0.949823,-0.95704144,-0.9660517,-0.972235,-0.979379,-0.98986226,-0.99904317,-1.00477,-1.0120475,-1.0221765,-1.0293305,-1.0347193,-1.043887,-1.0550773,-1.0628072,-1.0718316,-1.0786631,-1.0898678,-1.099067,-1.1083397,-1.1124823,-1.122436,-1.1285493,-1.134453,-1.1419446,-1.1493967,-1.1573138,-1.1677926,-1.1750393,-1.1867748,-1.1970202,-1.2066321,-1.2109325,-1.2220954,-1.2298695,-1.243951,-1.253462,-1.2653611,-1.2746335,-1.286725,-1.2942207,-1.3005528,-1.3130127,-1.3243605,-1.334158,-1.3465142,-1.357732,-1.3666981,-1.3736303,-1.3814168,-1.39206,-1.4008262,-1.4074277,-1.4179258,-1.4337467,-1.440715,-1.4511703,-1.4579334,-1.4641571,-1.4739172
62_real,-1.0494986,,,,,,,,,,,,,,-1.0311105,,,,,,,,,,,,,,,,,,,,,-1.1411091,,,,,,,,,,,,,,,,,,,,,,,,,,,,,,,,,,
62_gen,-1.0494986,-1.0583429,-1.0677766,-1.0794531,-1.094587,-1.1060117,-1.1176244,-1.128771,-1.1428734,-1.155576,-1.1631248,-1.1740127,-1.1840945,-1.1925573,-1.2048498,-1.2172179,-1.2256628,-1.235405,-1.2466776,-1.2565262,-1.265651,-1.2755773,-1.285424,-1.2926357,-1.3057929,-1.3153931,-1.3240836,-1.3360193,-1.3475864,-1.3561671,-1.3637701,-1.3782302,-1.3902694,-1.3976029,-1.4085394,-1.4204507,-1.4301012,-1.4380982,-1.4484023,-1.4619818,-1.4711883,-1.4836943,-1.4952312,-1.5038418,-1.5126106,-1.5237459,-1.5375311,-1.5478997,-1.5571253,-1.5700004,-1.581929,-1.5957767,-1.6079658,-1.620331,-1.6334665,-1.6407521,-1.6502587,-1.6651713,-1.6778294,-1.690136,-1.7004404,-1.7149435,-1.7266943,-1.7407529,-1.751714,-1.7631801,-1.7752994,-1.7871952,-1.8003771,-1.8138723
63_real,0.020328544,,,,,,,,,,,,,,-0.01867857,,,,,,,,,,,,,,,,,,,,,-0.08531904,,,,,,,,,,,,,,,,,,,,,,,,,,,,,,,,,,
63_gen,0.020328546,0.010196964,-0.002634618,-0.010964528,-0.02081662,-0.033523187,-0.043552645,-0.051847845,-0.06114921,-0.07139612,-0.08002439,-0.088573575,-0.09813302,-0.10582346,-0.114357926,-0.12121613,-0.13137606,-0.13860554,-0.14522235,-0.15655787,-0.16530111,-0.17631139,-0.18542379,-0.19483227,-0.20338991,-0.20685133,-0.21150446,-0.22157688,-0.22936502,-0.23666982,-0.24119481,-0.25372496,-0.26219422,-0.27173787,-0.2794128,-0.28480834,-0.2938165,-0.30399925,-0.3162906,-0.32490855,-0.3353998,-0.34149522,-0.3467241,-0.3579189,-0.36571753,-0.37446356,-0.380676,-0.391579,-0.4016747,-0.4116095,-0.41994134,-0.42842332,-0.43714052,-0.44649792,-0.45397806,-0.46359357,-0.47239447,-0.48012313,-0.48781782,-0.49621195,-0.5020007,-0.5104229,-0.5172808,-0.52518046,-0.5343628,-0.54370946,-0.5519582,-0.56006634,-0.56836396,-0.578329
64_real,0.047003306,,,,,,,,,,,,,,-0.15591833,,,,,,,,,,,,,,,,,,,,,-0.057125226,,,,,,,,,,,,,,,,,,,,,,,,,,,,,,,,,,
64_gen,0.047003303,0.037089236,0.023732789,0.012049539,-0.002693542,-0.014201413,-0.026150104,-0.03725832,-0.04778909,-0.059980713,-0.06981098,-0.082608305,-0.09196876,-0.101049915,-0.11343859,-0.12337228,-0.12935749,-0.14180717,-0.15388301,-0.16276582,-0.17595749,-0.18942848,-0.20210607,-0.21337149,-0.2224299,-0.2330971,-0.24417949,-0.2531635,-0.2629291,-0.2732137,-0.28351384,-0.29352123,-0.30440003,-0.31515956,-0.32588175,-0.3370559,-0.35007924,-0.35977313,-0.3717432,-0.3813498,-0.39305258,-0.40301746,-0.4149789,-0.42528096,-0.43573728,-0.44948572,-0.45779186,-0.4663418,-0.47526485,-0.48542586,-0.49596986,-0.5055539,-0.516528,-0.52837545,-0.53855133,-0.5482129,-0.55872154,-0.568246,-0.5780599,-0.59073216,-0.6002404,-0.61094856,-0.6240877,-0.635087,-0.6451925,-0.65623724,-0.6672715,-0.679924,-0.6928388,-0.7036054
65_real,-0.49812627,,,,,,,,,,,,,,-0.49821138,,,,,,,,,,,,,,,,,,,,,-0.6619808,,,,,,,,,,,,,,,,,,,,,,,,,,,,,,,,,,
65_gen,-0.4981262,-0.5075475,-0.5161785,-0.5260832,-0.53359145,-0.5387081,-0.54666764,-0.5547956,-0.56334895,-0.57161707,-0.581221,-0.5874626,-0.59461343,-0.6012014,-0.6059631,-0.6113257,-0.6188852,-0.6286003,-0.6334886,-0.64256513,-0.648178,-0.6556364,-0.6636913,-0.66962254,-0.6763351,-0.6833958,-0.68630683,-0.6920659,-0.7001013,-0.70435804,-0.7101727,-0.71721554,-0.7277783,-0.7380661,-0.7474442,-0.7515483,-0.7577961,-0.7656375,-0.77069634,-0.77920604,-0.78780395,-0.7976073,-0.8070196,-0.81569064,-0.8229742,-0.8286683,-0.83274776,-0.83580893,-0.8422925,-0.8501476,-0.856867,-0.8652856,-0.8725608,-0.87900925,-0.8854866,-0.8921913,-0.8988975,-0.9029539,-0.9088181,-0.91484374,-0.92166674,-0.9278294,-0.93568057,-0.942206,-0.94874084,-0.9623637,-0.9706858,-0.9786056,-0.98757297,-0.99396914
66_real,-0.7799278,,,,,,,,,,,,,,-0.84220105,,,,,,,,,,,,,,,,,,,,,-0.9126441,,,,,,,,,,,,,,,,,,,,,,,,,,,,,,,,,,
66_gen,-0.7799278,-0.78604263,-0.7967359,-0.8041167,-0.809847,-0.8196899,-0.830754,-0.84239244,-0.8466803,-0.85218304,-0.85859215,-0.87119883,-0.87408894,-0.8851358,-0.8989786,-0.9084236,-0.9175216,-0.92754585,-0.93494874,-0.94787824,-0.9569932,-0.96473426,-0.9752835,-0.9833711,-0.99227524,-0.99754703,-1.0032883,-1.0105457,-1.0169303,-1.022282,-1.0305674,-1.0312598,-1.041827,-1.0476962,-1.0606787,-1.0682306,-1.0711933,-1.0819356,-1.0858506,-1.0947129,-1.0984625,-1.1053625,-1.1168236,-1.123795,-1.130341,-1.1391004,-1.1503471,-1.1628702,-1.172116,-1.1814488,-1.1886617,-1.1966828,-1.2029017,-1.2118979,-1.2197005,-1.2271006,-1.2395948,-1.2519108,-1.2595569,-1.2681919,-1.2721426,-1.2784485,-1.2834773,-1.2937459,-1.2995363,-1.3094572,-1.317425,-1.33175,-1.337032,-1.3459375
67_real,-0.9065543,,,,,,,,,,,,,,-1.0992576,,,,,,,,,,,,,,,,,,,,,-1.0885271,,,,,,,,,,,,,,,,,,,,,,,,,,,,,,,,,,
67_gen,-0.90655434,-0.9135103,-0.91959304,-0.928212,-0.9319755,-0.93691903,-0.9410831,-0.95100486,-0.958972,-0.96549875,-0.97329044,-0.9775923,-0.9830618,-0.98774785,-0.9976826,-1.0017567,-1.0110791,-1.0197039,-1.0252569,-1.0354602,-1.0412304,-1.0498036,-1.058542,-1.0650842,-1.0732844,-1.0787623,-1.0867766,-1.0903937,-1.0964708,-1.1057328,-1.1148804,-1.1225109,-1.1294292,-1.1381578,-1.1477791,-1.1581417,-1.1647055,-1.1728661,-1.1785228,-1.1887648,-1.1956437,-1.2009089,-1.20956,-1.2170255,-1.2225533,-1.2293293,-1.2370223,-1.2457031,-1.2531605,-1.2627696,-1.270943,-1.2774366,-1.2879583,-1.2971698,-1.3050848,-1.311922,-1.3209717,-1.3293684,-1.3399041,-1.3492397,-1.360434,-1.3670969,-1.3791517,-1.3870738,-1.3962934,-1.4055336,-1.4156044,-1.4240263,-1.4344503,-1.4446591
68_real,0.03814171,,,,,,,,,,,,,,0.07670113,,,,,,,,,,,,,,,,,,,,,-0.30657083,,,,,,,,,,,,,,,,,,,,,,,,,,,,,,,,,,
68_gen,0.038141705,0.027897898,0.016602013,0.0058164643,-0.005675888,-0.015725339,-0.02664559,-0.036842305,-0.044676434,-0.0571826,-0.06655476,-0.07378738,-0.07941979,-0.08832202,-0.10019487,-0.10777499,-0.11993829,-0.13249263,-0.1453083,-0.15106216,-0.16023129,-0.17035438,-0.17879412,-0.18613516,-0.19445322,-0.20277388,-0.20825705,-0.21838596,-0.22402301,-0.23498102,-0.24586566,-0.25806704,-0.26869446,-0.2748465,-0.28464887,-0.29856333,-0.30622762,-0.31516734,-0.3253961,-0.3340105,-0.3400051,-0.3484067,-0.3602242,-0.3722289,-0.38490844,-0.39383084,-0.4008662,-0.4161957,-0.4257292,-0.43487373,-0.44354042,-0.45519218,-0.46683684,-0.4761998,-0.4840525,-0.4906021,-0.50142336,-0.5119073,-0.52091044,-0.52993685,-0.5395042,-0.548591,-0.5592764,-0.56921077,-0.5792961,-0.59083366,-0.6030867,-0.613624,-0.6239556,-0.63652956
69_real,-0.5585976,,,,,,,,,,,,,,-0.57052547,,,,,,,,,,,,,,,,,,,,,-0.68764836,,,,,,,,,,,,,,,,,,,,,,,,,,,,,,,,,,
69_gen,-0.5585976,-0.56609184,-0.5716839,-0.57769597,-0.5820745,-0.5898591,-0.5982745,-0.6045295,-0.6080979,-0.613852,-0.61773825,-0.6235843,-0.63117087,-0.63840294,-0.642671,-0.64961386,-0.65726984,-0.6631047,-0.6694712,-0.6786672,-0.68298876,-0.68964803,-0.69442874,-0.6999141,-0.70877445,-0.7140245,-0.7234133,-0.7291977,-0.7387336,-0.74455523,-0.7526039,-0.7599225,-0.76686144,-0.7683477,-0.7745904,-0.78060853,-0.7918151,-0.7946103,-0.8021263,-0.8110102,-0.8203541,-0.8265165,-0.829964,-0.83452237,-0.84105814,-0.848094,-0.85857743,-0.86789054,-0.8760505,-0.8826932,-0.8897926,-0.8961136,-0.9006508,-0.9092423,-0.9149226,-0.9226697,-0.92837286,-0.93315184,-0.9390017,-0.944419,-0.95444953,-0.96334827,-0.9721855,-0.9786438,-0.98684996,-0.9949255,-1.0051935,-1.0144228,-1.0208781,-1.0287071
70_real,-0.32676858,,,,,,,,,,,,,,-0.5566606,,,,,,,,,,,,,,,,,,,,,-0.5889976,,,,,,,,,,,,,,,,,,,,,,,,,,,,,,,,,,
70_gen,-0.3267686,-0.33571795,-0.34321,-0.35201663,-0.36018902,-0.36583656,-0.3750928,-0.38318062,-0.38822132,-0.39414594,-0.40054893,-0.4058577,-0.41196156,-0.416259,-0.4202559,-0.42684346,-0.43463737,-0.43797907,-0.4457263,-0.44910493,-0.45690957,-0.4645242,-0.46821743,-0.4731303,-0.47935396,-0.487531,-0.4948085,-0.50045156,-0.5087919,-0.51019394,-0.5165778,-0.521654,-0.5270454,-0.5327824,-0.5407945,-0.54636997,-0.55329573,-0.563814,-0.56772745,-0.5737953,-0.5820103,-0.5871625,-0.5906908,-0.5971556,-0.60062796,-0.60850006,-0.6112455,-0.61607224,-0.62306374,-0.6309592,-0.63784355,-0.6468195,-0.6542389,-0.6592853,-0.66513675,-0.66923386,-0.6734693,-0.6791087,-0.680428,-0.6862045,-0.69123644,-0.69786686,-0.7037125,-0.7097734,-0.71296144,-0.7213496,-0.7251302,-0.7290312,-0.73310465,-0.7392584
71_real,-0.7107038,,,,,,,,,,,,,,-0.57788885,,,,,,,,,,,,,,,,,,,,,-0.7858612,,,,,,,,,,,,,,,,,,,,,,,,,,,,,,,,,,
71_gen,-0.7107038,-0.7146512,-0.7188128,-0.72365093,-0.7336272,-0.74082005,-0.7419206,-0.74973357,-0.75325024,-0.7629639,-0.7675846,-0.77360445,-0.78178006,-0.7845753,-0.7897313,-0.7953199,-0.8013331,-0.80554837,-0.8079384,-0.81670886,-0.8230244,-0.8279808,-0.8355111,-0.84072953,-0.8420793,-0.84990853,-0.8568834,-0.85922223,-0.86695814,-0.87062883,-0.8749505,-0.8828869,-0.8882511,-0.8907202,-0.89333594,-0.89912426,-0.90577203,-0.91414595,-0.9191386,-0.9283803,-0.9304142,-0.93419284,-0.9395073,-0.9450716,-0.9500917,-0.9574011,-0.96143275,-0.96732414,-0.9727143,-0.97734576,-0.9859916,-0.9929453,-0.9968895,-1.0034167,-1.0097291,-1.0167123,-1.0207058,-1.028345,-1.0350126,-1.040512,-1.0464765,-1.0531261,-1.0601362,-1.0686162,-1.0764024,-1.0834532,-1.0949028,-1.1008761,-1.1055748,-1.1117194
72_real,-0.3553508,,,,,,,,,,,,,,-0.50107735,,,,,,,,,,,,,,,,,,,,,-0.5359897,,,,,,,,,,,,,,,,,,,,,,,,,,,,,,,,,,
72_gen,-0.35535076,-0.3572544,-0.35784912,-0.3652323,-0.37262952,-0.37793103,-0.38329396,-0.388539,-0.39348376,-0.40016323,-0.41127238,-0.41941428,-0.42261514,-0.4236253,-0.42876944,-0.43808228,-0.4420612,-0.44604903,-0.45450932,-0.46183068,-0.46239677,-0.46821064,-0.47071996,-0.46872935,-0.47038484,-0.47888294,-0.48277012,-0.4879341,-0.493987,-0.5027266,-0.5048961,-0.51546425,-0.51936716,-0.5237029,-0.5292022,-0.53387946,-0.53781474,-0.5448592,-0.54886043,-0.55833155,-0.56394094,-0.56893724,-0.57549965,-0.57854944,-0.58578634,-0.5943418,-0.6020969,-0.61172676,-0.6195051,-0.628543,-0.63503075,-0.64326197,-0.65125567,-0.65625685,-0.6672717,-0.67198694,-0.6804977,-0.6858537,-0.69107074,-0.69699436,-0.70072174,-0.7039765,-0.7094309,-0.71534455,-0.72361904,-0.7351542,-0.7401385,-0.7470321,-0.7562617,-0.76585686
73_real,-1.1867423,,,,,,,,,,,,,,-1.3496839,,,,,,,,,,,,,,,,,,,,,-1.3394688,,,,,,,,,,,,,,,,,,,,,,,,,,,,,,,,,,
73_gen,-1.1867424,-1.1955712,-1.2036519,-1.214864,-1.2254941,-1.2336757,-1.2443717,-1.2534657,-1.2681328,-1.2760814,-1.288189,-1.2948942,-1.2995859,-1.3126017,-1.3181156,-1.3294086,-1.3397985,-1.348957,-1.3524348,-1.3644364,-1.3773408,-1.3874109,-1.4006313,-1.4092095,-1.419469,-1.4314202,-1.4446948,-1.4526093,-1.4645176,-1.4720042,-1.4812195,-1.4889581,-1.4994051,-1.504732,-1.5125059,-1.5236641,-1.5337905,-1.5452487,-1.552987,-1.5610718,-1.5729043,-1.5864618,-1.5952673,-1.6042789,-1.6142992,-1.6218197,-1.6290554,-1.6405897,-1.6485351,-1.6608502,-1.6716645,-1.6816708,-1.6919686,-1.6999283,-1.7071426,-1.7191021,-1.7278883,-1.735095,-1.7448227,-1.7564306,-1.7683007,-1.7808676,-1.7908108,-1.8041279,-1.8153929,-1.825506,-1.8313717,-1.8436161,-1.8562695,-1.8660657
74_real,-1.0362073,,,,,,,,,,,,,,-1.0804298,,,,,,,,,,,,,,,,,,,,,-1.3761991,,,,,,,,,,,,,,,,,,,,,,,,,,,,,,,,,,
74_gen,-1.0362073,-1.0420575,-1.0532013,-1.0598452,-1.0713818,-1.0819436,-1.0945132,-1.1037494,-1.1160007,-1.123469,-1.1260136,-1.1334553,-1.1434382,-1.1552513,-1.1659997,-1.1740452,-1.1826141,-1.1911991,-1.2016542,-1.2130959,-1.221389,-1.2306482,-1.2410262,-1.2452774,-1.2532004,-1.265019,-1.2722578,-1.2790381,-1.2834423,-1.292462,-1.2990589,-1.3029785,-1.3094774,-1.3188152,-1.3261489,-1.3382045,-1.350671,-1.3590796,-1.3663273,-1.37739,-1.3877643,-1.3976692,-1.4034103,-1.4139762,-1.4200459,-1.4264536,-1.4357312,-1.4455984,-1.4532413,-1.4616966,-1.4745559,-1.487456,-1.4914734,-1.5017383,-1.517725,-1.5273206,-1.5343628,-1.5463228,-1.5620978,-1.5721397,-1.5830388,-1.5941743,-1.6063114,-1.616074,-1.6279595,-1.6381729,-1.6523193,-1.6611264,-1.6744992,-1.6847947
75_real,-0.015925635,,,,,,,,,,,,,,-0.17045334,,,,,,,,,,,,,,,,,,,,,-0.34579188,,,,,,,,,,,,,,,,,,,,,,,,,,,,,,,,,,
75_gen,-0.015925633,-0.018159056,-0.020866573,-0.021910857,-0.02200544,-0.022687625,-0.023734896,-0.025972638,-0.027673662,-0.030854667,-0.034200553,-0.035301287,-0.03532704,-0.037250847,-0.04011807,-0.043032058,-0.044688612,-0.047487903,-0.05307042,-0.05341988,-0.05572205,-0.05862887,-0.06426679,-0.06721548,-0.0685031,-0.071938075,-0.07268755,-0.07430683,-0.077248454,-0.08108731,-0.080257095,-0.08274891,-0.0857795,-0.08851778,-0.09057756,-0.093350545,-0.09419061,-0.09887635,-0.10305752,-0.10526279,-0.11276474,-0.11458738,-0.11591623,-0.120252326,-0.12457415,-0.12803312,-0.13537176,-0.13746741,-0.1401481,-0.14096366,-0.14611879,-0.1485527,-0.15112004,-0.15402994,-0.15703943,-0.15884933,-0.16260642,-0.16747704,-0.1690599,-0.17403707,-0.17610368,-0.18051685,-0.18399845,-0.18694425,-0.19268805,-0.19490252,-0.19833429,-0.19938128,-0.2021747,-0.20479552
76_real,0.4734696,,,,,,,,,,,,,,0.29597822,,,,,,,,,,,,,,,,,,,,,0.12572992,,,,,,,,,,,,,,,,,,,,,,,,,,,,,,,,,,
76_gen,0.4734696,0.46539015,0.45954236,0.45603958,0.45305282,0.44537678,0.4388465,0.43432504,0.43124285,0.4291319,0.42621145,0.4226767,0.419403,0.41465735,0.41215935,0.4085331,0.40660018,0.40445238,0.40164232,0.4009965,0.3964755,0.39039725,0.38764817,0.3841323,0.38207048,0.37949127,0.37700048,0.3747266,0.3700147,0.3682366,0.36537778,0.36182246,0.3568259,0.355173,0.3513563,0.34702867,0.34554753,0.34423956,0.3404614,0.3356979,0.33265826,0.32700047,0.32173836,0.3185636,0.31520692,0.31082773,0.308535,0.30654424,0.30691972,0.3067924,0.3037882,0.30279908,0.3000981,0.29441202,0.2901028,0.284041,0.28063565,0.2758424,0.27007943,0.2710987,0.26848513,0.26580995,0.26218817,0.25799194,0.2532828,0.24919811,0.24384964,0.23946354,0.23534927,0.23109324
77_real,-1.5083869,,,,,,,,,,,,,,-1.4125197,,,,,,,,,,,,,,,,,,,,,-1.9360116,,,,,,,,,,,,,,,,,,,,,,,,,,,,,,,,,,
77_gen,-1.5083867,-1.5142632,-1.5199122,-1.5291727,-1.5386211,-1.5432785,-1.5480869,-1.5546813,-1.56193,-1.5685174,-1.5741941,-1.577754,-1.5842298,-1.5889784,-1.5931879,-1.5992601,-1.6062012,-1.6139091,-1.6195781,-1.6267526,-1.6313107,-1.6389692,-1.6452011,-1.6491377,-1.6555763,-1.6592871,-1.664105,-1.6713841,-1.6787279,-1.6849205,-1.6893154,-1.6919038,-1.6943563,-1.6945584,-1.7014954,-1.7114617,-1.7153413,-1.7188689,-1.7257125,-1.7294725,-1.7347155,-1.7418537,-1.7450559,-1.7489824,-1.7521079,-1.7616165,-1.764066,-1.7725691,-1.7797521,-1.7866218,-1.7931029,-1.7960091,-1.8004,-1.8083115,-1.8150164,-1.8217224,-1.8290408,-1.833676,-1.8368565,-1.8406112,-1.8489592,-1.8541424,-1.8610961,-1.8676655,-1.8709673,-1.8767895,-1.8791777,-1.8821228,-1.8838726,-1.890912
78_real,-0.18274763,,,,,,,,,,,,,,-0.25772625,,,,,,,,,,,,,,,,,,,,,-0.6391204,,,,,,,,,,,,,,,,,,,,,,,,,,,,,,,,,,
78_gen,-0.18274762,-0.18752757,-0.1920935,-0.20061664,-0.2069237,-0.2131135,-0.22036834,-0.22782603,-0.23452978,-0.24286056,-0.25045964,-0.2529418,-0.25592726,-0.2639953,-0.271713,-0.27841416,-0.2838169,-0.29119378,-0.2989184,-0.30660167,-0.3090984,-0.31589738,-0.32443863,-0.33217597,-0.3352449,-0.3380472,-0.34503254,-0.35123762,-0.35954145,-0.3662277,-0.3726049,-0.3783025,-0.38274413,-0.3936311,-0.4033946,-0.40769678,-0.41982412,-0.4248109,-0.43099207,-0.4364303,-0.44018286,-0.44370192,-0.4510718,-0.46238226,-0.47053605,-0.47183466,-0.4796543,-0.48595518,-0.49349913,-0.50167084,-0.50464886,-0.51058584,-0.51663744,-0.5228462,-0.53105295,-0.53597146,-0.542973,-0.5505783,-0.5551864,-0.56146395,-0.56525815,-0.5769498,-0.5803945,-0.5867691,-0.58887255,-0.59789145,-0.6042364,-0.60690105,-0.6154522,-0.6214091
79_real,0.69927186,,,,,,,,,,,,,,0.50643706,,,,,,,,,,,,,,,,,,,,,0.8544953,,,,,,,,,,,,,,,,,,,,,,,,,,,,,,,,,,
79_gen,0.6992718,0.6933237,0.6890472,0.6854038,0.68061644,0.6783042,0.6721889,0.6678159,0.6628818,0.6578486,0.6518759,0.6490225,0.64051855,0.6349226,0.63193536,0.6279307,0.62302333,0.6169956,0.61420816,0.6093611,0.606195,0.60329914,0.59931403,0.59460884,0.58799803,0.5861588,0.58064985,0.57720387,0.57209235,0.5685958,0.5627197,0.55927026,0.5548067,0.5505897,0.5462476,0.5403608,0.5362204,0.5333343,0.52875453,0.5255038,0.5197873,0.5127526,0.5090377,0.5070003,0.50070846,0.4968279,0.4904303,0.4866014,0.4830528,0.4788343,0.4736642,0.46670634,0.46223965,0.45924798,0.4526207,0.44876185,0.44535118,0.4424993,0.43705788,0.43414015,0.4308136,0.42634073,0.4223804,0.41756248,0.41155523,0.40829974,0.40283805,0.39683872,0.391421,0.38507
80_real,-0.51498103,,,,,,,,,,,,,,-0.53676766,,,,,,,,,,,,,,,,,,,,,-0.086287014,,,,,,,,,,,,,,,,,,,,,,,,,,,,,,,,,,
80_gen,-0.5149811,-0.52120066,-0.52751845,-0.5323043,-0.5394201,-0.5453948,-0.54991716,-0.55624425,-0.5625292,-0.5686638,-0.57362473,-0.5779091,-0.58322316,-0.5878738,-0.5921259,-0.59890974,-0.6035059,-0.60823137,-0.61280596,-0.6147341,-0.6184797,-0.62414944,-0.62871146,-0.6332859,-0.6372503,-0.64278334,-0.6457547,-0.64941657,-0.6544778,-0.6606794,-0.665621,-0.66975254,-0.674229,-0.6774162,-0.680673,-0.6848223,-0.68914354,-0.69341993,-0.69925815,-0.70450974,-0.7073816,-0.7135169,-0.7168695,-0.7219764,-0.7264841,-0.7305666,-0.7346284,-0.7397238,-0.74298173,-0.7472344,-0.75278413,-0.7587753,-0.76301444,-0.7677082,-0.7735795,-0.77934253,-0.7823891,-0.7875386,-0.7931539,-0.7971188,-0.802343,-0.80887157,-0.81252325,-0.8179324,-0.8214078,-0.8262399,-0.830653,-0.8366518,-0.84238464,-0.84776384
81_real,-0.43037504,,,,,,,,,,,,,,-0.51227975,,,,,,,,,,,,,,,,,,,,,-0.6386563,,,,,,,,,,,,,,,,,,,,,,,,,,,,,,,,,,
81_gen,-0.43037504,-0.44081908,-0.4481752,-0.4585782,-0.46396762,-0.47567454,-0.48502788,-0.49591964,-0.5053943,-0.5155134,-0.5221489,-0.5317803,-0.54081523,-0.54889226,-0.55722016,-0.56767523,-0.57838875,-0.58549976,-0.59371716,-0.60125124,-0.6091521,-0.6171497,-0.62505263,-0.63088846,-0.6393401,-0.64758927,-0.6596533,-0.6659137,-0.6738061,-0.68173295,-0.69015235,-0.6999332,-0.7059206,-0.712887,-0.721848,-0.7298612,-0.73805845,-0.74816144,-0.75658095,-0.7640249,-0.77083987,-0.778703,-0.7864555,-0.79523385,-0.80112475,-0.8108323,-0.81788206,-0.8288845,-0.8367499,-0.8461317,-0.85282916,-0.8604209,-0.8712826,-0.8778175,-0.88778573,-0.8922714,-0.9019594,-0.9093191,-0.9163253,-0.9216491,-0.93100786,-0.94096774,-0.948229,-0.9553871,-0.9638915,-0.97194034,-0.977908,-0.98460674,-0.99379027,-1.0012511
82_real,-0.29956058,,,,,,,,,,,,,,-0.51358086,,,,,,,,,,,,,,,,,,,,,-0.60868996,,,,,,,,,,,,,,,,,,,,,,,,,,,,,,,,,,
82_gen,-0.29956058,-0.30737847,-0.31646246,-0.32609096,-0.33456758,-0.342204,-0.3505395,-0.35791862,-0.36691228,-0.37582105,-0.38132894,-0.38890666,-0.3955577,-0.40683287,-0.41543022,-0.42291516,-0.4312443,-0.43889803,-0.44564375,-0.453108,-0.46137166,-0.4700609,-0.47879928,-0.4865706,-0.49578148,-0.5036075,-0.5103907,-0.5165521,-0.52416426,-0.5295639,-0.5368314,-0.5432085,-0.5501512,-0.5562482,-0.56280434,-0.5707779,-0.5774947,-0.5858164,-0.5936267,-0.6024979,-0.61158246,-0.61955774,-0.62512815,-0.63352597,-0.64139557,-0.6473304,-0.65473825,-0.6620494,-0.6717869,-0.68002504,-0.6868742,-0.69419175,-0.701244,-0.70905995,-0.71881926,-0.7248503,-0.7318704,-0.7399009,-0.74888515,-0.7583015,-0.7640657,-0.7730346,-0.7808932,-0.7906755,-0.7995399,-0.80700856,-0.8136836,-0.81988585,-0.82734823,-0.8345486
83_real,-0.7035659,,,,,,,,,,,,,,-0.62512296,,,,,,,,,,,,,,,,,,,,,-0.9501213,,,,,,,,,,,,,,,,,,,,,,,,,,,,,,,,,,
83_gen,-0.70356596,-0.7118258,-0.72069895,-0.7312189,-0.7385058,-0.7454554,-0.75283504,-0.7604336,-0.770331,-0.7759466,-0.7825417,-0.7904809,-0.7962457,-0.8052869,-0.81402266,-0.8230275,-0.82929003,-0.8373679,-0.8450922,-0.8530011,-0.85831195,-0.86575973,-0.87086505,-0.87968004,-0.88527364,-0.8924438,-0.89932823,-0.90721434,-0.9161371,-0.9248142,-0.9331578,-0.9430295,-0.9498666,-0.9567906,-0.963919,-0.97355604,-0.9816185,-0.98896646,-0.9960364,-1.0033953,-1.0129279,-1.0195268,-1.0263364,-1.033601,-1.0434597,-1.0509995,-1.0600721,-1.065688,-1.0741081,-1.0835894,-1.0928322,-1.0998176,-1.110155,-1.1158574,-1.1230874,-1.1292832,-1.1348237,-1.1425861,-1.1515961,-1.1616733,-1.170357,-1.1785965,-1.187756,-1.1951402,-1.2025065,-1.211761,-1.2198039,-1.2285768,-1.238389,-1.2457371
84_real,-1.1030122,,,,,,,,,,,,,,-1.3124992,,,,,,,,,,,,,,,,,,,,,-1.3075151,,,,,,,,,,,,,,,,,,,,,,,,,,,,,,,,,,
84_gen,-1.1030122,-1.1131433,-1.1232506,-1.1297109,-1.1413277,-1.151079,-1.1606638,-1.1677171,-1.1758664,-1.1856626,-1.1934612,-1.2015417,-1.2109404,-1.2176256,-1.226432,-1.2328265,-1.2405878,-1.2475803,-1.2551372,-1.2614052,-1.2695439,-1.2753345,-1.2839947,-1.2902732,-1.2991525,-1.3065792,-1.3164794,-1.3209506,-1.3279762,-1.3345904,-1.3431385,-1.3510445,-1.3594937,-1.3685634,-1.3762089,-1.3860024,-1.3911762,-1.3978113,-1.405431,-1.4125688,-1.420449,-1.4301037,-1.4391464,-1.4475205,-1.4582722,-1.4669721,-1.4749701,-1.4822783,-1.4887892,-1.4941517,-1.4994111,-1.508358,-1.5174243,-1.5255605,-1.5366015,-1.544505,-1.5521424,-1.5593932,-1.5671762,-1.5750792,-1.5826844,-1.5914824,-1.5996759,-1.6079836,-1.6177871,-1.6233963,-1.6292032,-1.6373017,-1.6452057,-1.652571
85_real,0.33560506,,,,,,,,,,,,,,0.0074269343,,,,,,,,,,,,,,,,,,,,,0.21662755,,,,,,,,,,,,,,,,,,,,,,,,,,,,,,,,,,
85_gen,0.33560508,0.3294068,0.31786072,0.31086683,0.30192268,0.29504317,0.28572616,0.27966404,0.2731877,0.26624447,0.25584397,0.25253662,0.24559037,0.23972902,0.23373882,0.22744712,0.22105789,0.21119146,0.20512941,0.19965424,0.19471797,0.18623452,0.1803229,0.17249523,0.16410406,0.1559808,0.14877282,0.1381155,0.13205625,0.123242006,0.115998544,0.109297276,0.10472075,0.09924281,0.08944537,0.078927375,0.07024631,0.06410813,0.054278024,0.046272334,0.037361383,0.031594522,0.024462702,0.016841115,0.010286668,0.00096314756,-0.003272349,-0.010314504,-0.018365165,-0.029317131,-0.03588482,-0.04318444,-0.050723087,-0.06012697,-0.066995464,-0.073677815,-0.082901254,-0.09090612,-0.099178106,-0.10766312,-0.11772062,-0.12602693,-0.13614003,-0.14687452,-0.15735325,-0.1668115,-0.17440689,-0.18291533,-0.18926063,-0.19674791
86_real,-0.4357118,,,,,,,,,,,,,,-0.39115122,,,,,,,,,,,,,,,,,,,,,-0.61541355,,,,,,,,,,,,,,,,,,,,,,,,,,,,,,,,,,
86_gen,-0.4357118,-0.44271007,-0.45201534,-0.46037358,-0.46715865,-0.47642016,-0.49038282,-0.49979407,-0.5050441,-0.51256335,-0.5216898,-0.5291184,-0.5375025,-0.54773635,-0.55540633,-0.56594986,-0.573694,-0.5849255,-0.59381557,-0.601058,-0.6080595,-0.6176929,-0.6259487,-0.63417464,-0.6378775,-0.64567745,-0.65259373,-0.66153055,-0.67126936,-0.67975914,-0.6885039,-0.694897,-0.7025422,-0.71086216,-0.71729636,-0.7273954,-0.7393873,-0.7509699,-0.75826895,-0.76370746,-0.7704271,-0.77768624,-0.78665704,-0.7970181,-0.8065723,-0.815642,-0.8253053,-0.83150613,-0.83885515,-0.8452547,-0.8522252,-0.8581476,-0.8676693,-0.87798274,-0.88856363,-0.8936699,-0.9005561,-0.91232663,-0.9193797,-0.92927516,-0.9372444,-0.9465192,-0.95628035,-0.96587545,-0.97525436,-0.9824952,-0.9924157,-0.99972266,-1.0097342,-1.0198138
87_real,0.9053814,,,,,,,,,,,,,,1.085865,,,,,,,,,,,,,,,,,,,,,0.52242374,,,,,,,,,,,,,,,,,,,,,,,,,,,,,,,,,,
87_gen,0.9053813,0.9006138,0.8939506,0.88924885,0.88315505,0.8799211,0.8731923,0.86670303,0.861502,0.855323,0.8511039,0.8472184,0.8409971,0.8347354,0.8293295,0.82571113,0.82193136,0.8174721,0.81396914,0.80789423,0.8053109,0.80381906,0.80145234,0.79968274,0.79622996,0.791464,0.7899887,0.7858754,0.7824858,0.78037876,0.77653223,0.77410686,0.76832354,0.76439035,0.76131094,0.75905615,0.7546571,0.7526486,0.74746764,0.7424731,0.7396771,0.7360312,0.73053706,0.72693735,0.7222945,0.717429,0.7119646,0.70808625,0.70567757,0.7057522,0.70330906,0.70378387,0.6997883,0.69281584,0.6898819,0.6854737,0.6804792,0.67473745,0.66580284,0.6626179,0.65664375,0.6532502,0.64896953,0.64609706,0.6408221,0.6362025,0.62774956,0.62648094,0.6186646,0.6126584
88_real,0.9805607,,,,,,,,,,,,,,0.7145588,,,,,,,,,,,,,,,,,,,,,0.5157675,,,,,,,,,,,,,,,,,,,,,,,,,,,,,,,,,,
88_gen,0.98056066,0.9730275,0.96925324,0.9632019,0.95698863,0.95124006,0.9464741,0.9409312,0.9345592,0.93185556,0.92732775,0.9241996,0.9215938,0.91732997,0.9109117,0.9057848,0.90218145,0.89548075,0.8915415,0.88640165,0.88093567,0.8749119,0.8728296,0.86895525,0.8663346,0.8620783,0.8594955,0.8558873,0.8530987,0.85206586,0.85001975,0.8455456,0.840621,0.83708656,0.8331423,0.82886016,0.8269321,0.82275486,0.82167053,0.81727874,0.8127181,0.80991524,0.80598915,0.80201423,0.7988981,0.7973932,0.79192346,0.78990215,0.7873033,0.7831594,0.7802221,0.77703094,0.7756728,0.7696444,0.7655108,0.76039916,0.7596828,0.7543066,0.75275433,0.74933475,0.7439725,0.7390617,0.7358726,0.7313357,0.72925884,0.7251537,0.72390074,0.71928835,0.7117781,0.70749176
89_real,-0.41595823,,,,,,,,,,,,,,-0.47370228,,,,,,,,,,,,,,,,,,,,,-0.28601804,,,,,,,,,,,,,,,,,,,,,,,,,,,,,,,,,,
89_gen,-0.41595823,-0.41705337,-0.42163175,-0.42715794,-0.43007293,-0.43496007,-0.44070616,-0.4421269,-0.44372338,-0.44690552,-0.4463636,-0.44799596,-0.45123348,-0.45431036,-0.457265,-0.4561769,-0.45673865,-0.4607733,-0.4634618,-0.4655195,-0.46454173,-0.46518317,-0.46858758,-0.47180286,-0.4749086,-0.47925687,-0.47755867,-0.4791464,-0.48143634,-0.48351416,-0.48589048,-0.48558775,-0.48932034,-0.49137554,-0.49360782,-0.494709,-0.49685583,-0.49814636,-0.49810505,-0.5004589,-0.5014216,-0.50384825,-0.50604063,-0.50506836,-0.508047,-0.51138127,-0.510928,-0.5125469,-0.5152348,-0.5174425,-0.5193206,-0.5187843,-0.51862967,-0.51973283,-0.51880777,-0.5215629,-0.52219707,-0.5239739,-0.5258368,-0.5292202,-0.53142357,-0.5315729,-0.53368866,-0.534464,-0.5378423,-0.53920287,-0.53725946,-0.53788483,-0.54001075,-0.54161704
90_real,-0.100773245,,,,,,,,,,,,,,-0.23662522,,,,,,,,,,,,,,,,,,,,,-0.35323396,,,,,,,,,,,,,,,,,,,,,,,,,,,,,,,,,,
90_gen,-0.10077323,-0.10694476,-0.10951366,-0.110570624,-0.116803095,-0.11888088,-0.11879291,-0.11745658,-0.12250986,-0.12434816,-0.12699676,-0.13115525,-0.13413295,-0.1365186,-0.1377776,-0.14059973,-0.1395528,-0.14251569,-0.14042194,-0.143197,-0.1463836,-0.15173867,-0.15421005,-0.15614545,-0.15515742,-0.1571369,-0.15701799,-0.1615232,-0.1640662,-0.16397044,-0.16550757,-0.1684905,-0.16870435,-0.1694389,-0.17099538,-0.17436758,-0.17471246,-0.17751056,-0.17964153,-0.18389173,-0.18801963,-0.18785778,-0.18865708,-0.18992193,-0.18915364,-0.19351022,-0.19269751,-0.19368865,-0.19573976,-0.19491562,-0.19258264,-0.19508299,-0.19923034,-0.20551388,-0.20854731,-0.20978288,-0.2100395,-0.21261445,-0.21554323,-0.2163142,-0.21899477,-0.21997909,-0.21930881,-0.22108445,-0.22161512,-0.22515687,-0.22737488,-0.22874391,-0.23103972,-0.23440936
91_real,-1.8530827,,,,,,,,,,,,,,-2.020648,,,,,,,,,,,,,,,,,,,,,-2.151637,,,,,,,,,,,,,,,,,,,,,,,,,,,,,,,,,,
91_gen,-1.8530827,-1.8609173,-1.868263,-1.8748897,-1.8805252,-1.8831784,-1.8843086,-1.88988,-1.8967409,-1.9021679,-1.9073455,-1.9115394,-1.9165814,-1.923246,-1.9274877,-1.9338913,-1.9377697,-1.9405323,-1.9447836,-1.9485276,-1.9510972,-1.9577448,-1.9607489,-1.96683,-1.9716803,-1.9757217,-1.9802792,-1.9847019,-1.9880846,-1.9926674,-1.99657,-1.9992867,-2.0040472,-2.0074046,-2.008527,-2.0119066,-2.0168984,-2.0226133,-2.02675,-2.0271409,-2.03552,-2.0388174,-2.0437098,-2.0463681,-2.0491405,-2.0505006,-2.0555582,-2.058305,-2.0632074,-2.0661936,-2.0704124,-2.0748677,-2.0777042,-2.083452,-2.0854893,-2.089653,-2.0947354,-2.1012223,-2.1050372,-2.1102715,-2.117175,-2.1216981,-2.125483,-2.1272562,-2.1307676,-2.1374269,-2.1421566,-2.1485324,-2.153001,-2.1579015
92_real,-0.9663604,,,,,,,,,,,,,,-0.94188815,,,,,,,,,,,,,,,,,,,,,-1.1537539,,,,,,,,,,,,,,,,,,,,,,,,,,,,,,,,,,
92_gen,-0.9663604,-0.9724208,-0.9755324,-0.9769104,-0.9785846,-0.9857807,-0.98936826,-0.994342,-0.9980934,-1.0001013,-1.0022452,-1.0059884,-1.0080638,-1.0118111,-1.0161482,-1.0169086,-1.0170554,-1.021423,-1.024098,-1.0242574,-1.0255216,-1.0268353,-1.0285109,-1.0299137,-1.0291879,-1.032036,-1.0379305,-1.0395753,-1.0430208,-1.043681,-1.047851,-1.0496409,-1.0530064,-1.0563087,-1.060152,-1.0593241,-1.0613202,-1.064821,-1.0667617,-1.0707947,-1.0724791,-1.0746135,-1.0776457,-1.0764223,-1.0795273,-1.0822824,-1.0835507,-1.0890987,-1.0906721,-1.0950423,-1.0986284,-1.1007526,-1.0997195,-1.100248,-1.1032529,-1.1036202,-1.1067959,-1.1119583,-1.114213,-1.1156746,-1.1211181,-1.1215756,-1.1239469,-1.124851,-1.1287009,-1.1320044,-1.1345494,-1.1374527,-1.1399305,-1.14376
93_real,-1.1491523,,,,,,,,,,,,,,-1.1731201,,,,,,,,,,,,,,,,,,,,,-1.0927957,,,,,,,,,,,,,,,,,,,,,,,,,,,,,,,,,,
93_gen,-1.1491524,-1.159569,-1.1686199,-1.1780653,-1.188999,-1.1989591,-1.2060068,-1.2137972,-1.2231033,-1.2292207,-1.2387924,-1.2447202,-1.2537346,-1.2622296,-1.2725742,-1.2807561,-1.2877916,-1.296591,-1.3033999,-1.3111198,-1.3202693,-1.3273747,-1.3363799,-1.3456851,-1.3537714,-1.360318,-1.3689331,-1.376961,-1.3838775,-1.3919709,-1.4006118,-1.4084502,-1.415303,-1.4226221,-1.4295739,-1.4371045,-1.4433082,-1.4494143,-1.4557357,-1.4641857,-1.4732151,-1.4792818,-1.4860101,-1.4913715,-1.4993482,-1.5085545,-1.5154604,-1.5229496,-1.5295265,-1.5387403,-1.5477712,-1.5560992,-1.5647417,-1.5723046,-1.5797045,-1.5877876,-1.5976914,-1.6046152,-1.6114686,-1.6209011,-1.6295674,-1.6368519,-1.6464247,-1.6562017,-1.6644394,-1.6736562,-1.6830246,-1.6908318,-1.6967825,-1.7026011
94_real,-1.3377343,,,,,,,,,,,,,,-1.4330692,,,,,,,,,,,,,,,,,,,,,-1.2979114,,,,,,,,,,,,,,,,,,,,,,,,,,,,,,,,,,
94_gen,-1.3377343,-1.3470154,-1.3547175,-1.3664308,-1.3758224,-1.3861291,-1.3962135,-1.4043405,-1.412905,-1.4209859,-1.4303881,-1.4359118,-1.4465644,-1.4559292,-1.4635143,-1.4708639,-1.4759995,-1.4849991,-1.4904286,-1.4958298,-1.5036199,-1.5123112,-1.5230747,-1.5290526,-1.5379115,-1.5450008,-1.5538871,-1.5597899,-1.5656725,-1.5731393,-1.5822759,-1.5874808,-1.5937763,-1.6042054,-1.6113412,-1.618749,-1.6273315,-1.6346956,-1.6404566,-1.6495085,-1.6544596,-1.6606354,-1.6675069,-1.6746181,-1.683265,-1.6925294,-1.7003565,-1.7082745,-1.717741,-1.7245661,-1.7321838,-1.740106,-1.7466135,-1.7529709,-1.7597154,-1.7676283,-1.7760632,-1.7817034,-1.7904078,-1.7970625,-1.8045975,-1.81121,-1.8173864,-1.8258371,-1.8343441,-1.8431666,-1.8485314,-1.8566936,-1.8645624,-1.873422
95_real,-0.16622551,,,,,,,,,,,,,,-0.2068785,,,,,,,,,,,,,,,,,,,,,-0.59006315,,,,,,,,,,,,,,,,,,,,,,,,,,,,,,,,,,
95_gen,-0.16622552,-0.1784115,-0.19426663,-0.20280835,-0.21911213,-0.23351845,-0.24633637,-0.25533953,-0.27011186,-0.28032592,-0.28931665,-0.30583227,-0.32146206,-0.3331262,-0.34518987,-0.35694173,-0.36750945,-0.37406883,-0.38500735,-0.39593923,-0.4065408,-0.42128515,-0.4292701,-0.4432835,-0.4565514,-0.4689167,-0.4798801,-0.49256763,-0.50319374,-0.51587343,-0.5271037,-0.5327778,-0.54054636,-0.55445707,-0.56349856,-0.57334995,-0.5880666,-0.59727013,-0.6054432,-0.6141788,-0.62732035,-0.6378259,-0.65042514,-0.6622098,-0.6772302,-0.69056815,-0.70388806,-0.71189535,-0.7194685,-0.733988,-0.749035,-0.76253456,-0.77596736,-0.78791565,-0.8019229,-0.81601506,-0.83227646,-0.8418148,-0.8527055,-0.864704,-0.8746149,-0.8908137,-0.90162885,-0.91664237,-0.92913926,-0.9432871,-0.9611742,-0.9726902,-0.98629475,-0.99955904
96_real,-0.43356708,,,,,,,,,,,,,,-0.42476737,,,,,,,,,,,,,,,,,,,,,-0.7198634,,,,,,,,,,,,,,,,,,,,,,,,,,,,,,,,,,
96_gen,-0.4335671,-0.4397183,-0.45345718,-0.4699131,-0.4809629,-0.48997855,-0.5017502,-0.5137944,-0.52560765,-0.5375463,-0.54882073,-0.55964667,-0.57026297,-0.5853004,-0.6005247,-0.6128791,-0.62749225,-0.6377618,-0.64839184,-0.6559657,-0.6680478,-0.6771177,-0.68564445,-0.6982124,-0.7008818,-0.71137345,-0.7235764,-0.7340647,-0.74280477,-0.7535939,-0.7579789,-0.7655857,-0.77303755,-0.78117454,-0.78969765,-0.80398244,-0.8141921,-0.82098866,-0.83323157,-0.8467027,-0.8587683,-0.8709465,-0.88275784,-0.8939675,-0.90492284,-0.9180993,-0.93577415,-0.9463719,-0.9603528,-0.9704727,-0.97754085,-0.98501843,-0.9933856,-1.0084552,-1.0250905,-1.0386274,-1.0476071,-1.0590477,-1.0721174,-1.0790222,-1.0937583,-1.1047679,-1.1161638,-1.1296651,-1.14219,-1.1532391,-1.1684325,-1.183157,-1.1884855,-1.2022326
97_real,-1.2578605,,,,,,,,,,,,,,-1.4305131,,,,,,,,,,,,,,,,,,,,,-1.3885051,,,,,,,,,,,,,,,,,,,,,,,,,,,,,,,,,,
97_gen,-1.2578604,-1.2643946,-1.2692287,-1.2729892,-1.282121,-1.285974,-1.2907116,-1.2983946,-1.3059436,-1.3149221,-1.3203628,-1.3261658,-1.3321435,-1.3399646,-1.3451568,-1.349022,-1.356356,-1.3617423,-1.3660448,-1.3680437,-1.3739284,-1.3783199,-1.3857148,-1.3958141,-1.4005792,-1.4062808,-1.4104484,-1.4188834,-1.4227028,-1.4305798,-1.4368223,-1.4424603,-1.4492481,-1.4540331,-1.4607037,-1.4684436,-1.4741781,-1.4838679,-1.4885919,-1.4947048,-1.5005257,-1.5073618,-1.5137419,-1.5206581,-1.5267098,-1.5342739,-1.543865,-1.5506508,-1.5589738,-1.5682102,-1.5780963,-1.5849401,-1.5893857,-1.5949359,-1.600415,-1.6084518,-1.6167946,-1.62404,-1.631057,-1.6381172,-1.6488737,-1.658918,-1.6651036,-1.6719475,-1.6760801,-1.6860192,-1.6933931,-1.7012163,-1.7101395,-1.7174782
98_real,-0.64628804,,,,,,,,,,,,,,-0.6896157,,,,,,,,,,,,,,,,,,,,,-0.8351588,,,,,,,,,,,,,,,,,,,,,,,,,,,,,,,,,,
98_gen,-0.646288,-0.6523894,-0.6593946,-0.66306,-0.667451,-0.67249,-0.67491114,-0.6791645,-0.6823306,-0.6866465,-0.6915775,-0.6996806,-0.7058338,-0.7090524,-0.7160019,-0.72025377,-0.72413903,-0.72840625,-0.73099405,-0.73562294,-0.73926556,-0.74320865,-0.7512449,-0.75630206,-0.7603239,-0.76559323,-0.77279437,-0.7765386,-0.7823453,-0.78644377,-0.790882,-0.7981839,-0.80120546,-0.806043,-0.8099672,-0.81690043,-0.81834614,-0.82448184,-0.8299676,-0.83261216,-0.8331459,-0.839656,-0.8440366,-0.85017407,-0.854624,-0.8547405,-0.8589963,-0.8644878,-0.8731058,-0.8768614,-0.88476056,-0.89199555,-0.89862424,-0.9008869,-0.9034821,-0.907712,-0.9140978,-0.9191759,-0.9237696,-0.9284611,-0.9356376,-0.9398619,-0.9429265,-0.9478453,-0.95190203,-0.96055126,-0.9659511,-0.9698011,-0.97624445,-0.98065597
99_real,-1.9081489,,,,,,,,,,,,,,-1.5602337,,,,,,,,,,,,,,,,,,,,,-1.5785176,,,,,,,,,,,,,,,,,,,,,,,,,,,,,,,,,,
99_gen,-1.908149,-1.9095526,-1.9123108,-1.9147351,-1.9185333,-1.9235058,-1.9269304,-1.930039,-1.9334608,-1.9380629,-1.9430641,-1.9469122,-1.9514328,-1.9528164,-1.9554932,-1.9606841,-1.9647057,-1.968421,-1.9729712,-1.9789484,-1.9816544,-1.9820976,-1.9864041,-1.9920782,-1.996125,-2.0000231,-2.0052578,-2.014526,-2.0204465,-2.0247688,-2.0297298,-2.0340981,-2.0363033,-2.0410476,-2.0435002,-2.0499897,-2.0553322,-2.0624237,-2.0656643,-2.0710347,-2.0770423,-2.0817406,-2.0870311,-2.0941386,-2.0970066,-2.1047518,-2.1109262,-2.114139,-2.1175466,-2.12109,-2.126436,-2.131696,-2.14151,-2.1474447,-2.1547837,-2.1610475,-2.1669567,-2.1716778,-2.1761737,-2.1815157,-2.1892526,-2.1967916,-2.1982992,-2.201898,-2.2046921,-2.2083418,-2.2111127,-2.218838,-2.2225938,-2.2271347
100_real,-1.3585905,,,,,,,,,,,,,,-1.6087159,,,,,,,,,,,,,,,,,,,,,-1.5586729,,,,,,,,,,,,,,,,,,,,,,,,,,,,,,,,,,
100_gen,-1.3585904,-1.3641049,-1.372083,-1.3775209,-1.3830105,-1.3897359,-1.3944992,-1.4008021,-1.408139,-1.4130648,-1.4174914,-1.4218633,-1.4256006,-1.4315454,-1.4373295,-1.4425172,-1.4498627,-1.454404,-1.4588392,-1.4654745,-1.4725759,-1.477113,-1.4823475,-1.488019,-1.4919004,-1.4982219,-1.5059516,-1.510168,-1.5154009,-1.5150325,-1.5199835,-1.5253127,-1.526667,-1.5332139,-1.5393354,-1.54395,-1.5507874,-1.5558031,-1.5573735,-1.5634847,-1.5691334,-1.5737053,-1.5797625,-1.5856118,-1.5909503,-1.5967355,-1.6002022,-1.6047115,-1.6071599,-1.6109934,-1.6175582,-1.6223536,-1.6308256,-1.6320509,-1.6399107,-1.6439555,-1.6465015,-1.6494801,-1.6530712,-1.6594512,-1.6678816,-1.6705027,-1.6767973,-1.6812118,-1.6828582,-1.6840954,-1.6872785,-1.6931585,-1.6960341,-1.7016157
101_real,-0.45858416,,,,,,,,,,,,,,-0.48471528,,,,,,,,,,,,,,,,,,,,,-0.80586106,,,,,,,,,,,,,,,,,,,,,,,,,,,,,,,,,,
101_gen,-0.45858416,-0.46543184,-0.4702738,-0.47701907,-0.481949,-0.489101,-0.49333143,-0.5002069,-0.5055423,-0.51021785,-0.5160049,-0.5223932,-0.52966666,-0.53529054,-0.54357827,-0.54967624,-0.55519855,-0.56114304,-0.56819135,-0.5733239,-0.5785653,-0.5868284,-0.59219444,-0.5953925,-0.6022364,-0.60659945,-0.61283606,-0.61862653,-0.6199998,-0.62379014,-0.629235,-0.6335434,-0.64044607,-0.6468502,-0.6510384,-0.654194,-0.65888155,-0.6635252,-0.6690828,-0.67175996,-0.6762486,-0.6832641,-0.6897848,-0.69484806,-0.7034058,-0.70901155,-0.71655005,-0.72238314,-0.7260591,-0.72965467,-0.73588353,-0.74102694,-0.7452555,-0.75332415,-0.7606094,-0.7666656,-0.77245456,-0.7771596,-0.7821154,-0.7881079,-0.7955647,-0.7988815,-0.80227387,-0.8056086,-0.8111951,-0.8164439,-0.8217,-0.82851374,-0.83644783,-0.8408621
102_real,-0.3449568,,,,,,,,,,,,,,-0.43770742,,,,,,,,,,,,,,,,,,,,,-0.48820293,,,,,,,,,,,,,,,,,,,,,,,,,,,,,,,,,,
102_gen,-0.34495682,-0.3551772,-0.36301845,-0.37380642,-0.37925604,-0.38844836,-0.39672595,-0.40286517,-0.40984154,-0.41838664,-0.42564836,-0.43463844,-0.44409046,-0.44909102,-0.45834622,-0.46944332,-0.48076528,-0.48610577,-0.49338308,-0.5012471,-0.5066002,-0.51260984,-0.52069616,-0.5298101,-0.5368649,-0.54276174,-0.5532149,-0.5603808,-0.5688391,-0.5748818,-0.5822813,-0.58559716,-0.5939325,-0.6008488,-0.60947573,-0.6122645,-0.616264,-0.62255585,-0.6302844,-0.6356658,-0.6432746,-0.65116864,-0.6620329,-0.6694495,-0.6771654,-0.6858282,-0.6932143,-0.6991642,-0.707808,-0.716904,-0.7237832,-0.7315556,-0.7362739,-0.7424568,-0.7493506,-0.7575193,-0.7628033,-0.7696397,-0.77504724,-0.78267646,-0.78904647,-0.7946561,-0.80390024,-0.8090224,-0.81510127,-0.82167006,-0.8272066,-0.8349597,-0.8407726,-0.8472794
103_real,-0.6533519,,,,,,,,,,,,,,-0.70276916,,,,,,,,,,,,,,,,,,,,,-0.6259655,,,,,,,,,,,,,,,,,,,,,,,,,,,,,,,,,,
103_gen,-0.65335184,-0.6644475,-0.67182994,-0.68053144,-0.6886786,-0.6951593,-0.7020937,-0.71048665,-0.71798617,-0.7241692,-0.7305321,-0.73777926,-0.7447273,-0.7527672,-0.7611316,-0.76688147,-0.775807,-0.7817289,-0.7876173,-0.7924346,-0.7993789,-0.8045986,-0.8129176,-0.821753,-0.82915145,-0.83589125,-0.8413927,-0.8466771,-0.8541835,-0.8607999,-0.8661067,-0.8705966,-0.8772286,-0.88264227,-0.88869154,-0.8938192,-0.9003731,-0.90710163,-0.9150659,-0.9224154,-0.92826146,-0.9383378,-0.9457081,-0.9535262,-0.96264446,-0.9730752,-0.980336,-0.9864607,-0.99417067,-1.000535,-1.0061798,-1.0091791,-1.0148722,-1.022816,-1.0310521,-1.0405916,-1.0474285,-1.0539722,-1.0592436,-1.068839,-1.0753276,-1.0810779,-1.0897336,-1.0967016,-1.1038884,-1.1098182,-1.1178641,-1.1295657,-1.1352798,-1.1419181
104_real,-0.1170621,,,,,,,,,,,,,,0.0127894245,,,,,,,,,,,,,,,,,,,,,-0.14476112,,,,,,,,,,,,,,,,,,,,,,,,,,,,,,,,,,
104_gen,-0.11706211,-0.12486033,-0.12987691,-0.13633533,-0.1422164,-0.15200098,-0.16015911,-0.17007056,-0.17693585,-0.18492226,-0.19216876,-0.19919923,-0.20728481,-0.21234122,-0.21908331,-0.22996315,-0.23778264,-0.24505667,-0.24965861,-0.25620118,-0.26674828,-0.2749586,-0.28314894,-0.28994498,-0.30018666,-0.30791906,-0.31425795,-0.31900162,-0.3267681,-0.33320054,-0.34153214,-0.3475797,-0.35340676,-0.36083624,-0.36782247,-0.37215975,-0.3789747,-0.38772893,-0.39268914,-0.40246844,-0.4066918,-0.4107778,-0.4182714,-0.42514825,-0.43289995,-0.44115227,-0.44702682,-0.45512897,-0.46105248,-0.47111663,-0.4787225,-0.48758364,-0.4988079,-0.50643337,-0.5125836,-0.5179925,-0.52334887,-0.5317858,-0.5358373,-0.54142314,-0.546244,-0.55346483,-0.558183,-0.5683577,-0.5757273,-0.5830376,-0.59266937,-0.6015583,-0.6104102,-0.61768585
105_real,-0.23916171,,,,,,,,,,,,,,-0.1679391,,,,,,,,,,,,,,,,,,,,,-0.17680123,,,,,,,,,,,,,,,,,,,,,,,,,,,,,,,,,,
105_gen,-0.2391617,-0.2499856,-0.25723737,-0.26397288,-0.27057657,-0.27648568,-0.28243455,-0.28909573,-0.29490894,-0.30144447,-0.30687594,-0.31223875,-0.31928593,-0.3236761,-0.32833895,-0.3341731,-0.33778846,-0.3414269,-0.34716517,-0.35158113,-0.35781223,-0.36436117,-0.37025392,-0.37651888,-0.38224593,-0.38771418,-0.38959396,-0.39578962,-0.4012304,-0.40537277,-0.41194257,-0.41930723,-0.4258148,-0.43225574,-0.43981537,-0.447196,-0.45415315,-0.46179628,-0.46814936,-0.4739886,-0.47783494,-0.48526755,-0.48944014,-0.49390045,-0.5011663,-0.5072354,-0.51540315,-0.5210798,-0.5267699,-0.53322065,-0.5399554,-0.54581964,-0.5522392,-0.55673546,-0.5625583,-0.56752837,-0.57272273,-0.579068,-0.5851008,-0.5893997,-0.5945225,-0.6006636,-0.6065818,-0.6128291,-0.6208968,-0.6272309,-0.63318807,-0.63918155,-0.64594233,-0.651714
106_real,-0.79651904,,,,,,,,,,,,,,-0.86391425,,,,,,,,,,,,,,,,,,,,,-0.92596215,,,,,,,,,,,,,,,,,,,,,,,,,,,,,,,,,,
106_gen,-0.7965191,-0.8063297,-0.8149406,-0.8226086,-0.8304369,-0.8374163,-0.8438511,-0.8497208,-0.8568196,-0.8616133,-0.86948454,-0.87645566,-0.882545,-0.8873598,-0.8933336,-0.89909714,-0.9042984,-0.9107345,-0.9175781,-0.92213714,-0.9289197,-0.9350356,-0.94133365,-0.94832593,-0.9549764,-0.95885456,-0.9650542,-0.9703604,-0.9745554,-0.97940004,-0.9854131,-0.9925392,-0.99973184,-1.0042286,-1.010091,-1.0170738,-1.0228989,-1.0295837,-1.0372562,-1.041381,-1.0473831,-1.0543808,-1.0597775,-1.064939,-1.070494,-1.0760918,-1.0825433,-1.086991,-1.0919964,-1.097849,-1.1020355,-1.1066048,-1.1122131,-1.1164998,-1.1222439,-1.1289098,-1.1344588,-1.1382376,-1.143906,-1.1498214,-1.1559188,-1.1611072,-1.168833,-1.1761425,-1.1814258,-1.1874654,-1.1929318,-1.1983147,-1.2050056,-1.2106829
107_real,-0.83700967,,,,,,,,,,,,,,-0.8778661,,,,,,,,,,,,,,,,,,,,,-0.9718877,,,,,,,,,,,,,,,,,,,,,,,,,,,,,,,,,,
107_gen,-0.83700955,-0.84643584,-0.85607004,-0.865368,-0.87393224,-0.88100576,-0.8913865,-0.89767915,-0.9040572,-0.9120221,-0.92057574,-0.9283867,-0.93595827,-0.944561,-0.9522303,-0.9586421,-0.96700776,-0.97256315,-0.9836008,-0.99041414,-0.9994771,-1.0060223,-1.012758,-1.0198094,-1.0276529,-1.0340259,-1.0412512,-1.0486219,-1.0590098,-1.066115,-1.0741428,-1.0831711,-1.0924153,-1.1014475,-1.1101625,-1.1185753,-1.1263627,-1.1378278,-1.1462941,-1.1541637,-1.160448,-1.1647595,-1.1723368,-1.1802142,-1.1880517,-1.1940401,-1.2020247,-1.2114041,-1.2202332,-1.2307696,-1.2377173,-1.2478468,-1.2543269,-1.26227,-1.2700793,-1.2767296,-1.285795,-1.2938234,-1.3024976,-1.3119094,-1.3200971,-1.3276594,-1.3370157,-1.3443966,-1.3540175,-1.3630006,-1.3709286,-1.3796673,-1.3877956,-1.3969924
108_real,0.5242685,,,,,,,,,,,,,,0.6139646,,,,,,,,,,,,,,,,,,,,,0.615559,,,,,,,,,,,,,,,,,,,,,,,,,,,,,,,,,,
108_gen,0.52426857,0.5162706,0.50741327,0.49759832,0.49056712,0.48214215,0.47519645,0.4665776,0.4602436,0.45252782,0.44377154,0.4356255,0.43014377,0.42272496,0.4163514,0.40857878,0.3998821,0.3943364,0.38721523,0.3802975,0.37262017,0.36509126,0.3573664,0.3527429,0.34465572,0.3404597,0.3311288,0.3220667,0.31560585,0.30884907,0.30163532,0.29363066,0.28667367,0.2795248,0.27107427,0.26646554,0.26204622,0.25445133,0.24839756,0.24154148,0.23490283,0.22511503,0.21865591,0.21141589,0.19953501,0.192183,0.18424249,0.17478663,0.16982311,0.16273564,0.1558151,0.14592563,0.13641484,0.12820974,0.121783175,0.11037223,0.103297874,0.09558747,0.08470814,0.076312535,0.0661731,0.056634944,0.0507272,0.04598535,0.040108383,0.029277388,0.021225944,0.010673322,0.0038009651,-0.0056163785
109_real,-1.1619053,,,,,,,,,,,,,,-1.2062035,,,,,,,,,,,,,,,,,,,,,-1.1941652,,,,,,,,,,,,,,,,,,,,,,,,,,,,,,,,,,
109_gen,-1.1619053,-1.1735003,-1.1829634,-1.1933281,-1.2031004,-1.2146008,-1.2218927,-1.2297704,-1.2365828,-1.2451063,-1.2589239,-1.271526,-1.2764246,-1.2826921,-1.2933524,-1.302099,-1.3098608,-1.3189261,-1.3256972,-1.3367759,-1.3412045,-1.3464831,-1.3539627,-1.3606648,-1.3715072,-1.3814173,-1.3926419,-1.4009597,-1.4105433,-1.4195646,-1.4238682,-1.4318111,-1.4419478,-1.4525375,-1.4604508,-1.470684,-1.4777453,-1.4913031,-1.4994332,-1.5070646,-1.5190814,-1.5284842,-1.5373703,-1.5466636,-1.5586582,-1.5687861,-1.5778406,-1.5856278,-1.6003077,-1.6109631,-1.6205523,-1.626222,-1.6338812,-1.6420584,-1.6516855,-1.6634865,-1.6707996,-1.681377,-1.6921784,-1.7040117,-1.710881,-1.7214903,-1.7327235,-1.7418289,-1.7531353,-1.7638152,-1.7734509,-1.7852285,-1.7974609,-1.8082443
110_real,-1.1832086,,,,,,,,,,,,,,-1.1589127,,,,,,,,,,,,,,,,,,,,,-1.3052614,,,,,,,,,,,,,,,,,,,,,,,,,,,,,,,,,,
110_gen,-1.1832086,-1.1944389,-1.2067983,-1.216148,-1.2242701,-1.2337396,-1.2420893,-1.2532482,-1.2619358,-1.2709694,-1.2879921,-1.2982149,-1.3070021,-1.3158311,-1.3249904,-1.3339818,-1.3452646,-1.3564825,-1.3667537,-1.3760285,-1.3863858,-1.3931357,-1.4014477,-1.4132936,-1.420196,-1.4297663,-1.4379107,-1.449835,-1.4563351,-1.466994,-1.4774921,-1.4878275,-1.5014745,-1.5104295,-1.5198162,-1.5291748,-1.5444105,-1.5547593,-1.561599,-1.5738341,-1.5875574,-1.5984993,-1.6087444,-1.6210365,-1.6343771,-1.6461763,-1.6563418,-1.6688782,-1.6795132,-1.6909243,-1.7003291,-1.7090702,-1.7213099,-1.7328411,-1.742314,-1.7513689,-1.762847,-1.7721895,-1.7846253,-1.798222,-1.8111073,-1.8296778,-1.838308,-1.8466251,-1.8556616,-1.8656828,-1.878619,-1.8897467,-1.9037082,-1.9151678
111_real,-0.40548438,,,,,,,,,,,,,,-0.3408301,,,,,,,,,,,,,,,,,,,,,-0.50959533,,,,,,,,,,,,,,,,,,,,,,,,,,,,,,,,,,
111_gen,-0.40548438,-0.420885,-0.43150312,-0.44594306,-0.45872918,-0.4732922,-0.48080498,-0.4906394,-0.5036479,-0.514017,-0.526014,-0.5372686,-0.5479415,-0.55821204,-0.5700135,-0.5811528,-0.5908246,-0.6011535,-0.6125164,-0.62457645,-0.63524425,-0.64751446,-0.65771854,-0.6696104,-0.68131465,-0.68978965,-0.6991675,-0.7085103,-0.7209236,-0.73045164,-0.74049526,-0.7510263,-0.7620639,-0.7726095,-0.7827996,-0.790812,-0.80255556,-0.812445,-0.82511073,-0.83209574,-0.8422924,-0.8500611,-0.86256015,-0.87334937,-0.8822309,-0.8923279,-0.90232563,-0.9137343,-0.9227851,-0.93693477,-0.9496951,-0.9587542,-0.9726099,-0.9846302,-0.99526185,-1.0045111,-1.0152647,-1.0258051,-1.0401682,-1.0503204,-1.0597774,-1.0716741,-1.0795972,-1.0889772,-1.1018614,-1.1097476,-1.1184298,-1.1292357,-1.13858,-1.1490389
112_real,-0.7481823,,,,,,,,,,,,,,-0.92917836,,,,,,,,,,,,,,,,,,,,,-0.94843185,,,,,,,,,,,,,,,,,,,,,,,,,,,,,,,,,,
112_gen,-0.7481823,-0.7612974,-0.7748504,-0.7918965,-0.8047596,-0.82104266,-0.8340766,-0.84685296,-0.8621276,-0.8752469,-0.88704574,-0.89764535,-0.9100156,-0.924133,-0.93535966,-0.94357646,-0.9543454,-0.9620309,-0.9742069,-0.98784125,-0.9977499,-1.0082556,-1.0189288,-1.0320858,-1.0480653,-1.0572467,-1.0693183,-1.0823432,-1.0973952,-1.1097891,-1.1203886,-1.1327388,-1.1453617,-1.1541121,-1.1622744,-1.1764195,-1.1860044,-1.196785,-1.2088734,-1.2210511,-1.2341188,-1.2472551,-1.2605919,-1.2714148,-1.2855552,-1.2948189,-1.3066304,-1.3201573,-1.3311375,-1.3424661,-1.3516421,-1.3629211,-1.3778875,-1.3871639,-1.3983486,-1.411792,-1.4269844,-1.4388219,-1.4484527,-1.4593129,-1.4717405,-1.4816262,-1.4941978,-1.5070469,-1.5207987,-1.530772,-1.5422943,-1.5567566,-1.5688546,-1.5792748
113_real,1.2749034,,,,,,,,,,,,,,1.5915897,,,,,,,,,,,,,,,,,,,,,1.5551383,,,,,,,,,,,,,,,,,,,,,,,,,,,,,,,,,,
113_gen,1.2749034,1.2689743,1.265457,1.2638919,1.2568607,1.2502619,1.2438055,1.2350324,1.2280432,1.2221649,1.2168069,1.2125473,1.2060039,1.2001336,1.1935179,1.1868196,1.1801013,1.1721103,1.1709213,1.1670407,1.1642013,1.1592853,1.1541762,1.1499988,1.145778,1.1394585,1.1313133,1.1257842,1.1191643,1.1135119,1.1071408,1.1002024,1.093755,1.0875282,1.0841602,1.081833,1.0783439,1.0701457,1.0625038,1.058151,1.0535896,1.0449178,1.0395633,1.035564,1.0328375,1.02477,1.0198475,1.0093958,1.0028498,0.99626195,0.9911665,0.9832417,0.97810256,0.9700877,0.9643346,0.95780116,0.95322293,0.9461762,0.9422854,0.93319607,0.9259874,0.9192384,0.9130384,0.9095479,0.90181637,0.8927549,0.8844322,0.8768822,0.86793125,0.85765874
114_real,1.7381082,,,,,,,,,,,,,,1.9525763,,,,,,,,,,,,,,,,,,,,,2.0777297,,,,,,,,,,,,,,,,,,,,,,,,,,,,,,,,,,
114_gen,1.7381079,1.7309965,1.7234204,1.712635,1.7026739,1.6944822,1.6898544,1.6808981,1.6753509,1.6677287,1.66294,1.6541831,1.6452729,1.6421888,1.6370519,1.6307442,1.6248335,1.618823,1.6104227,1.6020033,1.593525,1.5827296,1.5755066,1.5728047,1.56446,1.5597985,1.5541818,1.549991,1.540746,1.5337088,1.5272745,1.5224038,1.5144858,1.5048361,1.5011318,1.49473,1.4893998,1.4839411,1.4825232,1.4768559,1.4724013,1.4666542,1.461829,1.4565735,1.4488286,1.441535,1.4365324,1.429035,1.4258488,1.4209421,1.4168117,1.410625,1.4039943,1.3978335,1.3961756,1.3891729,1.38635,1.3796219,1.375859,1.3697113,1.3611931,1.3562598,1.3508165,1.3472121,1.3418844,1.3343123,1.3230344,1.3156589,1.3090985,1.3033981
115_real,1.4321191,,,,,,,,,,,,,,1.7333206,,,,,,,,,,,,,,,,,,,,,1.801858,,,,,,,,,,,,,,,,,,,,,,,,,,,,,,,,,,
115_gen,1.4321193,1.4262826,1.4211382,1.4170258,1.4142725,1.4103438,1.4061244,1.401833,1.3997872,1.393002,1.3878927,1.3839058,1.3762789,1.3708183,1.3623438,1.3547703,1.3521459,1.3506632,1.3474604,1.3424429,1.3374249,1.3355789,1.332294,1.3279718,1.3238802,1.318883,1.3120389,1.3065215,1.3011262,1.2950852,1.2896246,1.2869563,1.2829198,1.2742289,1.2712548,1.2673438,1.2619506,1.2584275,1.2567589,1.2477614,1.2433865,1.2346607,1.2308946,1.2272627,1.222423,1.2178199,1.2080091,1.2018847,1.1961598,1.188831,1.1883898,1.180754,1.1746361,1.1729398,1.1655164,1.1586388,1.1497145,1.1461284,1.1438587,1.1412189,1.138478,1.1327573,1.1282444,1.1206169,1.112502,1.1062084,1.0994314,1.0951598,1.0936315,1.0912635
116_real,1.7577987,,,,,,,,,,,,,,1.9589185,,,,,,,,,,,,,,,,,,,,,1.9816113,,,,,,,,,,,,,,,,,,,,,,,,,,,,,,,,,,
116_gen,1.7577989,1.7463665,1.7390463,1.7351534,1.7325878,1.7207416,1.7139057,1.7100885,1.704319,1.6976715,1.6885211,1.6845627,1.6825927,1.6787903,1.6750658,1.6702974,1.6661637,1.659096,1.6520119,1.6446307,1.6371571,1.6348835,1.6295764,1.6261622,1.6201575,1.616078,1.6098608,1.6047369,1.5991085,1.5930514,1.5897464,1.5874373,1.5797083,1.5738626,1.5631932,1.5571073,1.5536258,1.547127,1.5406196,1.532995,1.5258622,1.5209091,1.5151103,1.5098773,1.5070012,1.4991189,1.5003293,1.4986652,1.4925699,1.4884055,1.4826233,1.4756014,1.4652097,1.4589734,1.4542177,1.4453471,1.44077,1.4337071,1.4274276,1.4253938,1.4234607,1.4162049,1.4166702,1.4097297,1.4061108,1.4043494,1.4051665,1.3944252,1.3902489,1.3874309
117_real,-0.2858875,,,,,,,,,,,,,,-0.27180108,,,,,,,,,,,,,,,,,,,,,-0.5131344,,,,,,,,,,,,,,,,,,,,,,,,,,,,,,,,,,
117_gen,-0.2858875,-0.29107717,-0.2957983,-0.30184025,-0.30815342,-0.31391588,-0.31889275,-0.3254486,-0.32610407,-0.3308541,-0.33264452,-0.33799,-0.34167442,-0.34695873,-0.3504327,-0.3556046,-0.3608425,-0.36462164,-0.3717522,-0.37839743,-0.38294014,-0.38650373,-0.3894785,-0.39683795,-0.40464455,-0.4086412,-0.41216534,-0.4170209,-0.42229056,-0.4274792,-0.43056974,-0.43603867,-0.43938717,-0.4435118,-0.450754,-0.45903975,-0.46494356,-0.4679455,-0.47363836,-0.4787313,-0.48419935,-0.49053067,-0.49464983,-0.4978783,-0.5036973,-0.50838786,-0.5127233,-0.5182476,-0.5237155,-0.5285641,-0.5330152,-0.53824013,-0.54226106,-0.5488738,-0.553897,-0.5632803,-0.5669237,-0.57213676,-0.57581186,-0.5816103,-0.58613634,-0.59119713,-0.5946978,-0.60028017,-0.6065151,-0.6129865,-0.61666673,-0.6227905,-0.62691313,-0.63263166
118_real,-0.05008448,,,,,,,,,,,,,,-0.15445547,,,,,,,,,,,,,,,,,,,,,-0.0014863954,,,,,,,,,,,,,,,,,,,,,,,,,,,,,,,,,,
118_gen,-0.05008448,-0.052595407,-0.05943154,-0.06750877,-0.07502544,-0.0806773,-0.085024476,-0.090905994,-0.09799088,-0.10555389,-0.11071787,-0.119759545,-0.12707107,-0.13254014,-0.13673253,-0.1418502,-0.14820781,-0.15625218,-0.1609046,-0.1662417,-0.1723518,-0.1793581,-0.18404582,-0.19043986,-0.19650818,-0.20234036,-0.20762746,-0.21320674,-0.2220751,-0.22630878,-0.23255101,-0.23970859,-0.24541461,-0.2510649,-0.25708085,-0.26327366,-0.26786232,-0.27319682,-0.28178233,-0.28718054,-0.29224086,-0.2986346,-0.30643308,-0.3144806,-0.32128912,-0.3280519,-0.33078623,-0.33755636,-0.34528834,-0.3527953,-0.35938916,-0.36621597,-0.37464857,-0.38067672,-0.38834992,-0.39482936,-0.402203,-0.41044673,-0.4164997,-0.42321968,-0.4298923,-0.43789864,-0.4439249,-0.4492452,-0.456892,-0.4643356,-0.470776,-0.47585797,-0.48063087,-0.48843232
119_real,-0.24551907,,,,,,,,,,,,,,-0.39028445,,,,,,,,,,,,,,,,,,,,,-0.23542503,,,,,,,,,,,,,,,,,,,,,,,,,,,,,,,,,,
119_gen,-0.24551907,-0.25777072,-0.27149782,-0.28289354,-0.29691702,-0.3058568,-0.31733602,-0.3300094,-0.34052557,-0.34959096,-0.3566864,-0.36607018,-0.3725509,-0.38088834,-0.38451904,-0.39243302,-0.40114537,-0.40897956,-0.421554,-0.43234935,-0.43792003,-0.44570717,-0.4498547,-0.4605325,-0.47051233,-0.47673592,-0.48480988,-0.49478215,-0.5026675,-0.51145416,-0.5212619,-0.5292593,-0.53693014,-0.54357487,-0.55275667,-0.5578235,-0.56765014,-0.5738646,-0.5822507,-0.58954346,-0.59962064,-0.60835093,-0.6127535,-0.62140095,-0.6306128,-0.6400926,-0.6478972,-0.6537336,-0.65866745,-0.6679038,-0.6791163,-0.68601966,-0.6967785,-0.70515597,-0.712612,-0.719846,-0.72690403,-0.7345351,-0.74104464,-0.7513763,-0.76088995,-0.7683404,-0.7753202,-0.7834083,-0.7901513,-0.7964645,-0.80333585,-0.81021434,-0.81769276,-0.83043206
120_real,-0.24786717,,,,,,,,,,,,,,-0.09840719,,,,,,,,,,,,,,,,,,,,,-0.16316283,,,,,,,,,,,,,,,,,,,,,,,,,,,,,,,,,,
120_gen,-0.24786714,-0.2581203,-0.26998025,-0.28032872,-0.29062313,-0.29895812,-0.3125039,-0.3228341,-0.336884,-0.3495125,-0.36142725,-0.37380904,-0.3858785,-0.398947,-0.4122421,-0.42139277,-0.433638,-0.442767,-0.4512539,-0.45929962,-0.47212896,-0.48142305,-0.4951097,-0.50504094,-0.5122243,-0.5198272,-0.5302282,-0.5435985,-0.5511677,-0.5620281,-0.5696861,-0.58186114,-0.5910917,-0.6002842,-0.60831606,-0.61531305,-0.6213156,-0.6335071,-0.64053446,-0.6507577,-0.65868336,-0.6693819,-0.6788906,-0.69103676,-0.7013446,-0.71368206,-0.72470987,-0.7312199,-0.74401236,-0.7555978,-0.76062125,-0.77239686,-0.7815676,-0.7941363,-0.80524856,-0.8156291,-0.8277089,-0.83820546,-0.8471802,-0.86224335,-0.87421834,-0.8854863,-0.89646435,-0.91057175,-0.92044306,-0.93075544,-0.9436057,-0.95253265,-0.964913,-0.97310543
121_real,-0.44349536,,,,,,,,,,,,,,-0.47924894,,,,,,,,,,,,,,,,,,,,,-0.5097053,,,,,,,,,,,,,,,,,,,,,,,,,,,,,,,,,,
121_gen,-0.44349533,-0.45084557,-0.456637,-0.46521425,-0.46902686,-0.4763083,-0.47916064,-0.48673242,-0.4916122,-0.4984309,-0.50478554,-0.5118788,-0.5143245,-0.5206429,-0.5259989,-0.5334557,-0.54174054,-0.54846513,-0.5527191,-0.55765027,-0.5649706,-0.56905854,-0.5766656,-0.58122784,-0.5848025,-0.59519464,-0.6033999,-0.60859567,-0.61691165,-0.62228113,-0.6292904,-0.63621867,-0.64240825,-0.6475363,-0.6542069,-0.6561571,-0.659716,-0.66606677,-0.6728381,-0.6795789,-0.68574667,-0.69335544,-0.69921535,-0.70445025,-0.7106081,-0.71802807,-0.72472477,-0.73013294,-0.7365173,-0.74130934,-0.7473676,-0.7503317,-0.75879526,-0.7659731,-0.7706927,-0.77748173,-0.785441,-0.7933899,-0.79801196,-0.802848,-0.8068327,-0.8077098,-0.8137531,-0.82015055,-0.82842904,-0.8392355,-0.8473002,-0.8565488,-0.86124325,-0.86734885
122_real,-0.6254915,,,,,,,,,,,,,,-0.6440093,,,,,,,,,,,,,,,,,,,,,-0.7876571,,,,,,,,,,,,,,,,,,,,,,,,,,,,,,,,,,
122_gen,-0.62549156,-0.6412991,-0.65020096,-0.6629607,-0.6753631,-0.68701434,-0.69514495,-0.7056078,-0.71852833,-0.72427404,-0.7352079,-0.7429656,-0.7475828,-0.7582951,-0.7652761,-0.77304757,-0.78279465,-0.7934826,-0.8029331,-0.81139934,-0.8210985,-0.82908326,-0.8370907,-0.847123,-0.8578399,-0.86836565,-0.8779268,-0.885094,-0.89156467,-0.8959473,-0.9046189,-0.9136157,-0.92411864,-0.93495303,-0.9451567,-0.9541189,-0.959725,-0.96705437,-0.97480965,-0.98601705,-0.9928643,-1.0055988,-1.0153244,-1.0253043,-1.031191,-1.0369716,-1.0446391,-1.0530617,-1.059804,-1.0675083,-1.0740292,-1.0788784,-1.0881631,-1.0955774,-1.1018995,-1.110803,-1.1183879,-1.1268338,-1.1299342,-1.1352066,-1.1388233,-1.1483732,-1.1591144,-1.1690694,-1.1789426,-1.1836301,-1.1905018,-1.2000356,-1.207342,-1.2152297
123_real,-0.8663267,,,,,,,,,,,,,,-0.9196694,,,,,,,,,,,,,,,,,,,,,-0.93732953,,,,,,,,,,,,,,,,,,,,,,,,,,,,,,,,,,
123_gen,-0.8663267,-0.8757247,-0.8828126,-0.89308167,-0.90360165,-0.91395473,-0.9226702,-0.92941415,-0.93935883,-0.95030624,-0.9581606,-0.96643364,-0.97526723,-0.98141825,-0.98698634,-0.99460876,-1.0014184,-1.0098475,-1.0173545,-1.0257449,-1.0353805,-1.0449548,-1.0522459,-1.0575678,-1.065655,-1.0746119,-1.0804782,-1.0883232,-1.0971006,-1.1052445,-1.1117021,-1.1155668,-1.1230686,-1.1296613,-1.1370878,-1.147393,-1.1547601,-1.1607574,-1.1685909,-1.1764148,-1.1813297,-1.1898322,-1.1954215,-1.2038405,-1.210413,-1.2169274,-1.2247913,-1.2328581,-1.2433727,-1.254056,-1.2604057,-1.2677252,-1.278936,-1.2886658,-1.2966546,-1.3059283,-1.3130716,-1.3227003,-1.3328022,-1.3371506,-1.3441174,-1.3532109,-1.3600588,-1.3729041,-1.3817858,-1.3902166,-1.3977802,-1.4049854,-1.4114401,-1.4232299
124_real,-0.9720716,,,,,,,,,,,,,,-1.1273097,,,,,,,,,,,,,,,,,,,,,-0.9523976,,,,,,,,,,,,,,,,,,,,,,,,,,,,,,,,,,
124_gen,-0.9720715,-0.9842041,-0.9934176,-1.0024085,-1.0149561,-1.0236472,-1.033715,-1.0437956,-1.0529234,-1.0631618,-1.0710293,-1.0774381,-1.0876641,-1.1004376,-1.1092613,-1.1199089,-1.1294965,-1.1353319,-1.143836,-1.1505252,-1.1582679,-1.1668622,-1.1762123,-1.1859319,-1.1950566,-1.2041676,-1.2123889,-1.2194357,-1.2270892,-1.2363527,-1.2476919,-1.2533414,-1.2622765,-1.2684762,-1.2738453,-1.2829287,-1.2905991,-1.299858,-1.3073637,-1.3122909,-1.3195865,-1.3276526,-1.3333423,-1.3429734,-1.3527088,-1.3637639,-1.3709577,-1.3785398,-1.3861535,-1.3938081,-1.4006318,-1.4079382,-1.4154135,-1.4214278,-1.4274487,-1.4345025,-1.44239,-1.4493577,-1.4597485,-1.4665493,-1.4744025,-1.4799744,-1.4844944,-1.4924582,-1.4971172,-1.5061991,-1.5142238,-1.5199045,-1.5253166,-1.5332143
125_real,-0.5823168,,,,,,,,,,,,,,-0.6265618,,,,,,,,,,,,,,,,,,,,,-0.5823666,,,,,,,,,,,,,,,,,,,,,,,,,,,,,,,,,,
125_gen,-0.5823168,-0.5900528,-0.5940295,-0.5984994,-0.60227764,-0.60846424,-0.61598974,-0.6231173,-0.6299094,-0.6361335,-0.64256555,-0.64755255,-0.65401846,-0.6596137,-0.664801,-0.66657466,-0.6726424,-0.6780459,-0.6824708,-0.68739164,-0.69073164,-0.69649756,-0.70268816,-0.7093813,-0.71737427,-0.7255545,-0.7323268,-0.7357849,-0.73834,-0.7421073,-0.74810284,-0.7515174,-0.75367653,-0.7570289,-0.7620681,-0.7660574,-0.76991504,-0.7751287,-0.7805445,-0.78655785,-0.7894002,-0.7955075,-0.80096376,-0.80652094,-0.8095037,-0.8144232,-0.81925833,-0.8255087,-0.828059,-0.8300637,-0.8357382,-0.84245574,-0.84526175,-0.8497036,-0.85595495,-0.85790765,-0.8616117,-0.8689436,-0.8773352,-0.88520783,-0.8902718,-0.89551604,-0.9002665,-0.9056799,-0.9096166,-0.9150251,-0.9188283,-0.9269503,-0.9348418,-0.93802196
126_real,-0.6288289,,,,,,,,,,,,,,-0.49034822,,,,,,,,,,,,,,,,,,,,,-1.0044237,,,,,,,,,,,,,,,,,,,,,,,,,,,,,,,,,,
126_gen,-0.62882894,-0.6380466,-0.6429162,-0.6496853,-0.65714186,-0.66285664,-0.66809815,-0.6751272,-0.6784002,-0.68286073,-0.68919516,-0.692887,-0.6949359,-0.695704,-0.70141053,-0.70524955,-0.7079181,-0.71103394,-0.7141696,-0.71721816,-0.7234896,-0.7282298,-0.73366356,-0.73661035,-0.739901,-0.74490273,-0.74643093,-0.7491557,-0.75374645,-0.7577224,-0.7613188,-0.76553524,-0.7715616,-0.7749863,-0.78013986,-0.78401405,-0.7875757,-0.7885967,-0.7901214,-0.79197437,-0.7957555,-0.8019346,-0.80295324,-0.80674565,-0.8109285,-0.8137132,-0.8174335,-0.821066,-0.82556975,-0.8290081,-0.8326235,-0.83611166,-0.8396927,-0.84241164,-0.84468067,-0.8457022,-0.849843,-0.85284555,-0.8578085,-0.86109954,-0.86763537,-0.8702561,-0.87360936,-0.8767905,-0.87890255,-0.88288575,-0.88558495,-0.8896922,-0.89467204,-0.89856684
127_real,-0.40196887,,,,,,,,,,,,,,-0.41147995,,,,,,,,,,,,,,,,,,,,,-0.36750513,,,,,,,,,,,,,,,,,,,,,,,,,,,,,,,,,,
127_gen,-0.4019689,-0.40969044,-0.41959834,-0.42627025,-0.43639135,-0.44658613,-0.45608777,-0.46310562,-0.47096348,-0.47979397,-0.48777437,-0.4969377,-0.5040176,-0.5108191,-0.5181736,-0.52792597,-0.5342088,-0.54119474,-0.5467733,-0.55450284,-0.5633236,-0.57069075,-0.57896036,-0.5872445,-0.5950529,-0.6029782,-0.61033607,-0.6184957,-0.6248379,-0.6330285,-0.6430934,-0.6500067,-0.6550782,-0.66463065,-0.670812,-0.67770725,-0.68632823,-0.69014835,-0.698034,-0.7054965,-0.7151258,-0.72073317,-0.72866845,-0.73626715,-0.74417377,-0.75206244,-0.75989515,-0.7672679,-0.77596116,-0.7835409,-0.7911387,-0.7982502,-0.8067808,-0.8160866,-0.8242815,-0.83164227,-0.8386895,-0.8445772,-0.8543216,-0.8591835,-0.8660634,-0.87061566,-0.8781866,-0.8846833,-0.8910513,-0.89956266,-0.9097788,-0.91885775,-0.9283558,-0.93487406
128_real,-0.21559972,,,,,,,,,,,,,,-0.4370325,,,,,,,,,,,,,,,,,,,,,-0.47850198,,,,,,,,,,,,,,,,,,,,,,,,,,,,,,,,,,
128_gen,-0.21559975,-0.22579336,-0.236112,-0.24559984,-0.25762218,-0.26863748,-0.27916107,-0.2839808,-0.29139695,-0.29983023,-0.3079498,-0.3139351,-0.32061654,-0.32601932,-0.3331044,-0.34106094,-0.34671125,-0.3517265,-0.3621705,-0.37178275,-0.37933955,-0.38909188,-0.39630985,-0.40204144,-0.4097876,-0.41583377,-0.42237765,-0.42920965,-0.43587047,-0.44334832,-0.45101395,-0.45624143,-0.46073422,-0.46913725,-0.47636443,-0.48429918,-0.49284038,-0.4996687,-0.504058,-0.5107565,-0.5194353,-0.5247146,-0.53143877,-0.5372287,-0.547351,-0.5571182,-0.56449044,-0.57491076,-0.5819906,-0.5904995,-0.59890896,-0.608254,-0.6168788,-0.62764883,-0.6332826,-0.6428281,-0.64978683,-0.6562889,-0.6624276,-0.6691009,-0.67626417,-0.68392026,-0.6943993,-0.703162,-0.71141845,-0.71858543,-0.72515935,-0.7339221,-0.74194777,-0.7503952
129_real,-0.6678788,,,,,,,,,,,,,,-0.82436156,,,,,,,,,,,,,,,,,,,,,-0.38351297,,,,,,,,,,,,,,,,,,,,,,,,,,,,,,,,,,
129_gen,-0.66787875,-0.6746166,-0.68059486,-0.6866294,-0.68963134,-0.6949361,-0.70025885,-0.7095753,-0.71426636,-0.72185796,-0.7265793,-0.73399794,-0.73768663,-0.74141866,-0.747398,-0.75190264,-0.75883687,-0.76306945,-0.76756877,-0.77325356,-0.7777217,-0.7823505,-0.78755707,-0.7911314,-0.7955382,-0.80035436,-0.8055436,-0.8115783,-0.8130773,-0.82085073,-0.8263544,-0.82942134,-0.833228,-0.83716,-0.8402852,-0.8406354,-0.84385604,-0.8477233,-0.85240954,-0.85812175,-0.8594983,-0.86121476,-0.86314976,-0.8675448,-0.8722749,-0.87613785,-0.8801962,-0.88485324,-0.8895356,-0.8933314,-0.8968064,-0.90293133,-0.9082429,-0.9110462,-0.9162701,-0.92051256,-0.92320716,-0.9281542,-0.9350039,-0.9384414,-0.943014,-0.94718564,-0.951196,-0.955167,-0.96190864,-0.96476173,-0.9677278,-0.97377336,-0.9777303,-0.9829726
130_real,-1.7313993,,,,,,,,,,,,,,-1.8095257,,,,,,,,,,,,,,,,,,,,,-1.7445167,,,,,,,,,,,,,,,,,,,,,,,,,,,,,,,,,,
130_gen,-1.7313993,-1.7400095,-1.745506,-1.7507784,-1.7569739,-1.764794,-1.7701486,-1.7771248,-1.7836859,-1.7885936,-1.7939234,-1.7985909,-1.8049319,-1.8101482,-1.8165089,-1.824158,-1.829661,-1.8353369,-1.8398241,-1.8473448,-1.8521591,-1.8599627,-1.8639061,-1.8669412,-1.8726311,-1.8789545,-1.8864639,-1.8913406,-1.8959084,-1.9000114,-1.9056467,-1.9096037,-1.9156349,-1.9202268,-1.924193,-1.9302868,-1.9361149,-1.9405848,-1.9467179,-1.9515673,-1.958276,-1.9653594,-1.9720938,-1.9769728,-1.9817902,-1.9861351,-1.9933527,-1.9982803,-2.004015,-2.0081506,-2.01581,-2.0208907,-2.0265982,-2.0323637,-2.0386224,-2.0445037,-2.0527759,-2.0590768,-2.0646994,-2.069333,-2.0742478,-2.082395,-2.087827,-2.0933661,-2.10054,-2.1040063,-2.108544,-2.115926,-2.121538,-2.127807
131_real,-1.9314839,,,,,,,,,,,,,,-2.0832982,,,,,,,,,,,,,,,,,,,,,-1.9611664,,,,,,,,,,,,,,,,,,,,,,,,,,,,,,,,,,
131_gen,-1.931484,-1.9359049,-1.9395754,-1.9445667,-1.9510733,-1.9583353,-1.9622799,-1.9683533,-1.971216,-1.9726105,-1.977689,-1.9885643,-1.9888427,-1.9890416,-1.9972782,-2.0030785,-2.0067227,-2.0141962,-2.0203207,-2.0234609,-2.0311024,-2.036689,-2.0452096,-2.0526671,-2.0626178,-2.0647864,-2.0705686,-2.0774887,-2.0859573,-2.0852978,-2.094614,-2.1013381,-2.111378,-2.1133401,-2.1157448,-2.1203697,-2.1264102,-2.1308284,-2.1320925,-2.1419806,-2.1436584,-2.155496,-2.1645603,-2.1694522,-2.1732833,-2.1829457,-2.1916919,-2.195229,-2.2014854,-2.2080681,-2.2197936,-2.2266417,-2.2342093,-2.2424474,-2.2419267,-2.2497578,-2.2619653,-2.2661848,-2.2678173,-2.2757149,-2.282319,-2.285767,-2.2953835,-2.2982605,-2.302013,-2.3110101,-2.3234627,-2.3308494,-2.3364325,-2.3370771
132_real,-1.0403908,,,,,,,,,,,,,,-1.1368713,,,,,,,,,,,,,,,,,,,,,-1.0112386,,,,,,,,,,,,,,,,,,,,,,,,,,,,,,,,,,
132_gen,-1.0403908,-1.0575216,-1.0662917,-1.0813847,-1.0928658,-1.0992601,-1.1103088,-1.1229835,-1.1341507,-1.1481441,-1.1645907,-1.1725692,-1.1843326,-1.1989601,-1.2088664,-1.2215962,-1.2358768,-1.2450607,-1.2563598,-1.2593889,-1.267355,-1.2735882,-1.2837325,-1.2894291,-1.3031392,-1.3169944,-1.3265281,-1.3363386,-1.3413975,-1.3525119,-1.3661063,-1.3732573,-1.3829916,-1.3959916,-1.4045646,-1.4114047,-1.4228414,-1.4296739,-1.442723,-1.4546604,-1.4629078,-1.4719706,-1.4770355,-1.4885261,-1.4978483,-1.5010519,-1.5100992,-1.5174904,-1.5252236,-1.5325203,-1.5355662,-1.5444492,-1.5487077,-1.5589117,-1.5684454,-1.5771077,-1.5865747,-1.586203,-1.5946981,-1.6071821,-1.626331,-1.636686,-1.6494782,-1.656605,-1.6616062,-1.6745901,-1.6819652,-1.692667,-1.7071068,-1.7158371
133_real,-0.71467286,,,,,,,,,,,,,,-0.86792994,,,,,,,,,,,,,,,,,,,,,-0.8042396,,,,,,,,,,,,,,,,,,,,,,,,,,,,,,,,,,
133_gen,-0.7146729,-0.7203683,-0.72789484,-0.73240757,-0.7369802,-0.74320376,-0.7506534,-0.7573788,-0.76563054,-0.76991826,-0.7755619,-0.7797108,-0.7864771,-0.7929617,-0.7991568,-0.80759346,-0.81279695,-0.82104456,-0.8294409,-0.83797044,-0.8468256,-0.85365903,-0.8596021,-0.8687655,-0.87351906,-0.8822733,-0.8893744,-0.89693755,-0.90090734,-0.9101693,-0.9154482,-0.92251396,-0.9301983,-0.9369383,-0.94279635,-0.9513256,-0.95699847,-0.96656686,-0.9730315,-0.9781731,-0.9871378,-0.99396384,-1.0022991,-1.0084686,-1.0160348,-1.0247298,-1.0329365,-1.0407307,-1.0508043,-1.0597324,-1.0676922,-1.0750023,-1.084681,-1.0942341,-1.1006306,-1.1093104,-1.1165667,-1.1256645,-1.1348875,-1.1430275,-1.1509662,-1.1574719,-1.1667643,-1.1738136,-1.1832665,-1.1916932,-1.1974585,-1.2041285,-1.2121552,-1.2219303
134_real,-1.4519417,,,,,,,,,,,,,,-1.5191472,,,,,,,,,,,,,,,,,,,,,-1.3647105,,,,,,,,,,,,,,,,,,,,,,,,,,,,,,,,,,
134_gen,-1.4519416,-1.4583418,-1.4640399,-1.4680622,-1.4741169,-1.4802263,-1.4868461,-1.4907124,-1.5000885,-1.5061594,-1.5123826,-1.5210407,-1.5302562,-1.5348396,-1.538262,-1.5436034,-1.548387,-1.5547148,-1.5618582,-1.5697448,-1.5740583,-1.5797095,-1.5855639,-1.5905492,-1.5941024,-1.6001232,-1.6085684,-1.615282,-1.6219187,-1.6281841,-1.6351185,-1.6389621,-1.647302,-1.6553323,-1.6594089,-1.6641648,-1.6686318,-1.6733286,-1.6772842,-1.6841393,-1.6910684,-1.6984856,-1.704587,-1.7107776,-1.717488,-1.7237561,-1.7284712,-1.7350092,-1.7417915,-1.7496729,-1.7564942,-1.7645025,-1.7698495,-1.7764095,-1.781887,-1.7883232,-1.7946342,-1.7996418,-1.8065163,-1.8122619,-1.818691,-1.826669,-1.8365587,-1.8447113,-1.8528011,-1.8607833,-1.8693998,-1.8772256,-1.8834665,-1.8902273
135_real,-1.448375,,,,,,,,,,,,,,-1.5791546,,,,,,,,,,,,,,,,,,,,,-1.4198002,,,,,,,,,,,,,,,,,,,,,,,,,,,,,,,,,,
135_gen,-1.4483749,-1.4542449,-1.4611382,-1.4723686,-1.4796706,-1.4877561,-1.4973929,-1.5128928,-1.5180395,-1.5303987,-1.5369557,-1.5412607,-1.5513432,-1.5567151,-1.5628412,-1.5667632,-1.5713811,-1.5743374,-1.5831155,-1.5882773,-1.5938461,-1.6011502,-1.6061599,-1.6084293,-1.6124554,-1.6185563,-1.6228962,-1.6317867,-1.6401958,-1.6480799,-1.6581417,-1.6657808,-1.6753361,-1.6828222,-1.688744,-1.6984594,-1.7042418,-1.70744,-1.7201364,-1.7271858,-1.732255,-1.7387314,-1.7460921,-1.7506378,-1.7536361,-1.7604752,-1.7661911,-1.77613,-1.7820657,-1.7865607,-1.791015,-1.801184,-1.8117555,-1.8223158,-1.8303308,-1.8381767,-1.8389276,-1.8490865,-1.8529707,-1.8571031,-1.8670944,-1.8715245,-1.8767014,-1.8822209,-1.8872496,-1.8949782,-1.9023988,-1.9104999,-1.9184548,-1.921525
136_real,-1.1822364,,,,,,,,,,,,,,-1.1570879,,,,,,,,,,,,,,,,,,,,,-1.1256552,,,,,,,,,,,,,,,,,,,,,,,,,,,,,,,,,,
136_gen,-1.1822366,-1.193022,-1.2039698,-1.2180564,-1.2201611,-1.2312784,-1.2413069,-1.2532686,-1.2670157,-1.278678,-1.2962527,-1.3112612,-1.3147821,-1.3238027,-1.3256042,-1.3311968,-1.3392973,-1.3523458,-1.3600729,-1.367484,-1.3741057,-1.3806121,-1.3878348,-1.3944123,-1.4043565,-1.4100307,-1.4215714,-1.4328058,-1.4424361,-1.4500225,-1.4581783,-1.4667827,-1.4768125,-1.4821134,-1.4923434,-1.5033648,-1.5130637,-1.5233204,-1.5375907,-1.5449768,-1.5550601,-1.56327,-1.5739882,-1.5781412,-1.5907074,-1.6013527,-1.6102848,-1.6178982,-1.6316761,-1.6391405,-1.6513618,-1.6596794,-1.669082,-1.6781471,-1.6890637,-1.6958401,-1.706138,-1.7187916,-1.7301512,-1.7388836,-1.7480967,-1.7584543,-1.7713223,-1.7798185,-1.7911733,-1.8017677,-1.8120515,-1.8220246,-1.827193,-1.8360844
137_real,-1.4488045,,,,,,,,,,,,,,-1.4977535,,,,,,,,,,,,,,,,,,,,,-1.426276,,,,,,,,,,,,,,,,,,,,,,,,,,,,,,,,,,
137_gen,-1.4488046,-1.4546262,-1.4618845,-1.4717293,-1.4803913,-1.4874471,-1.4961369,-1.5040311,-1.5105776,-1.5165466,-1.523493,-1.5301323,-1.5389792,-1.5479624,-1.5534093,-1.5622442,-1.5717351,-1.5778539,-1.5883605,-1.5959264,-1.6053073,-1.6094081,-1.6149689,-1.6238356,-1.630325,-1.6362934,-1.6447967,-1.6510258,-1.6594679,-1.6692512,-1.6786692,-1.6841071,-1.6915073,-1.6976492,-1.7047724,-1.7100163,-1.7200296,-1.7303295,-1.7383817,-1.7444909,-1.7553091,-1.7613777,-1.7683824,-1.7738979,-1.7812426,-1.7892692,-1.7971474,-1.8017524,-1.8083332,-1.8162206,-1.8240147,-1.8326061,-1.8380474,-1.8453386,-1.8537018,-1.8600804,-1.865996,-1.8756924,-1.8862909,-1.8937906,-1.9021418,-1.909243,-1.9191253,-1.9276041,-1.9351591,-1.9440523,-1.9511864,-1.9550203,-1.9623591,-1.9745128
138_real,0.27619576,,,,,,,,,,,,,,0.6702199,,,,,,,,,,,,,,,,,,,,,0.55766624,,,,,,,,,,,,,,,,,,,,,,,,,,,,,,,,,,
138_gen,0.27619576,0.26544136,0.25249553,0.24174497,0.23017588,0.22084248,0.21132806,0.19801757,0.1869369,0.17872168,0.16599162,0.15797213,0.14661546,0.13715364,0.12454937,0.11497335,0.1052217,0.09710363,0.08718704,0.07904231,0.07465131,0.06648464,0.056346506,0.048096992,0.03977068,0.029641679,0.018548358,0.010918461,0.004395948,-0.0025781454,-0.011013038,-0.01908104,-0.028883707,-0.04099137,-0.052351005,-0.06428029,-0.070305884,-0.07669211,-0.085794665,-0.0949659,-0.10810318,-0.1171213,-0.12672643,-0.13313587,-0.14085543,-0.14754944,-0.16014156,-0.16831496,-0.17681557,-0.18577677,-0.19317539,-0.20564263,-0.21278813,-0.22351554,-0.23614243,-0.2501157,-0.26079398,-0.27303183,-0.2840399,-0.29287964,-0.30317956,-0.31444043,-0.3271868,-0.3377106,-0.3463967,-0.35741708,-0.37099487,-0.378953,-0.3878486,-0.39702243
139_real,0.3735398,,,,,,,,,,,,,,0.33844733,,,,,,,,,,,,,,,,,,,,,-0.16881184,,,,,,,,,,,,,,,,,,,,,,,,,,,,,,,,,,
139_gen,0.37353984,0.3616932,0.34934634,0.33960485,0.33093908,0.31992507,0.30623865,0.29433304,0.28115535,0.26988524,0.26026997,0.24718459,0.23572953,0.22576365,0.21442732,0.20124932,0.18986857,0.17822962,0.1657283,0.1517577,0.14021902,0.12952839,0.12127638,0.107604966,0.10053395,0.09366911,0.08237787,0.069082595,0.059671164,0.05000931,0.038713716,0.027038056,0.017410884,0.007920329,-0.0016493906,-0.012507679,-0.023795156,-0.034192078,-0.0454757,-0.057809837,-0.071245454,-0.08349213,-0.09431369,-0.10321538,-0.118047975,-0.12990478,-0.14238648,-0.15236893,-0.16049165,-0.17473355,-0.18816681,-0.19827524,-0.21094504,-0.22111917,-0.23259933,-0.245128,-0.25342283,-0.26736385,-0.28284198,-0.30020052,-0.31311017,-0.32752544,-0.3365417,-0.34660572,-0.36267373,-0.37981886,-0.39298636,-0.4072916,-0.41912216,-0.4333113
140_real,-1.9523959,,,,,,,,,,,,,,-1.8758619,,,,,,,,,,,,,,,,,,,,,-2.105684,,,,,,,,,,,,,,,,,,,,,,,,,,,,,,,,,,
140_gen,-1.9523962,-1.963712,-1.9720895,-1.9828675,-1.9978422,-2.011353,-2.0203285,-2.0303514,-2.042048,-2.051237,-2.0599227,-2.072005,-2.0873082,-2.0974576,-2.1076744,-2.1146839,-2.123176,-2.1360974,-2.1475685,-2.1564403,-2.167317,-2.1753283,-2.181912,-2.1887498,-2.1975672,-2.2088962,-2.222282,-2.2325127,-2.2404432,-2.2478657,-2.2567718,-2.2632656,-2.2745934,-2.2876875,-2.2980385,-2.308592,-2.316584,-2.3264947,-2.3329055,-2.3391614,-2.34897,-2.363152,-2.3722115,-2.3849804,-2.396992,-2.410692,-2.4223506,-2.4287677,-2.4404454,-2.4513927,-2.4633021,-2.4717643,-2.4835322,-2.491649,-2.504325,-2.5115666,-2.5228086,-2.5307176,-2.5424926,-2.5522938,-2.56417,-2.5776422,-2.5905967,-2.6010337,-2.6124024,-2.6250675,-2.6381683,-2.6438768,-2.6578844,-2.6711593
141_real,-1.5036148,,,,,,,,,,,,,,-1.4732839,,,,,,,,,,,,,,,,,,,,,-1.4466097,,,,,,,,,,,,,,,,,,,,,,,,,,,,,,,,,,
141_gen,-1.5036147,-1.5133917,-1.5200708,-1.5251777,-1.5306352,-1.5353072,-1.5458874,-1.5517573,-1.5547798,-1.5621971,-1.5669589,-1.5738481,-1.5789901,-1.5882379,-1.5921577,-1.5974216,-1.6040624,-1.6087303,-1.6152163,-1.6223981,-1.6303724,-1.6357626,-1.6415598,-1.6485231,-1.6539564,-1.6636436,-1.6693809,-1.6737341,-1.6769755,-1.6844515,-1.6898763,-1.6969267,-1.7020266,-1.7074369,-1.7127247,-1.7189678,-1.7241967,-1.728582,-1.7344214,-1.738752,-1.7427666,-1.7484852,-1.7556251,-1.7602322,-1.7665573,-1.7746693,-1.7784353,-1.7857826,-1.7923357,-1.7976723,-1.8028548,-1.81237,-1.8153317,-1.8221388,-1.8259712,-1.8323176,-1.8386704,-1.8445227,-1.8493019,-1.853995,-1.8589599,-1.8650892,-1.8714399,-1.8753417,-1.8821026,-1.8870554,-1.8903574,-1.8975004,-1.9046475,-1.9119995
142_real,-0.6785368,,,,,,,,,,,,,,-0.9285343,,,,,,,,,,,,,,,,,,,,,-1.0197846,,,,,,,,,,,,,,,,,,,,,,,,,,,,,,,,,,
142_gen,-0.67853683,-0.685418,-0.6960226,-0.70339423,-0.71065694,-0.7210274,-0.72745645,-0.73315823,-0.7401007,-0.7488315,-0.754934,-0.76364744,-0.77282035,-0.7804321,-0.7855078,-0.79362744,-0.8018609,-0.80746347,-0.8143757,-0.82118255,-0.8303501,-0.8382882,-0.8462466,-0.8530483,-0.8589217,-0.86647093,-0.8744464,-0.88053286,-0.8866051,-0.890911,-0.8986119,-0.90377045,-0.90912247,-0.91514856,-0.9224453,-0.9284035,-0.93609685,-0.9444314,-0.95258725,-0.96007216,-0.9654377,-0.97306424,-0.9776939,-0.98427135,-0.9923544,-1.0004427,-1.008525,-1.016318,-1.0270342,-1.0330685,-1.0432122,-1.0516264,-1.0599407,-1.0674229,-1.0774068,-1.0838912,-1.0897057,-1.0923076,-1.0994953,-1.1076148,-1.1134342,-1.1218426,-1.1327726,-1.1411507,-1.1499631,-1.1583729,-1.167474,-1.1771103,-1.183053,-1.1907101
143_real,-0.96531475,,,,,,,,,,,,,,-0.9408093,,,,,,,,,,,,,,,,,,,,,-1.0982552,,,,,,,,,,,,,,,,,,,,,,,,,,,,,,,,,,
143_gen,-0.96531475,-0.97231835,-0.9773761,-0.98132116,-0.987254,-0.9916757,-0.99823856,-1.0024819,-1.0073627,-1.0133656,-1.0188854,-1.0210046,-1.0252311,-1.0312492,-1.0366744,-1.0422907,-1.0486522,-1.0569077,-1.060458,-1.0658672,-1.0703015,-1.0746851,-1.0777681,-1.0843273,-1.0873315,-1.0926913,-1.0941505,-1.0971591,-1.1022058,-1.106929,-1.1146499,-1.1196382,-1.123708,-1.1282527,-1.1331937,-1.1359963,-1.1423838,-1.1454655,-1.1505396,-1.1568984,-1.1635001,-1.1682731,-1.1715876,-1.1766698,-1.1830338,-1.1852381,-1.193875,-1.2004645,-1.2055843,-1.210475,-1.2153679,-1.220997,-1.2265888,-1.2329495,-1.2391272,-1.244314,-1.2489864,-1.2558179,-1.2622316,-1.2663591,-1.2714126,-1.276498,-1.2800426,-1.2844881,-1.2900858,-1.2983439,-1.3016937,-1.3078412,-1.3138798,-1.3182342
144_real,-0.3515489,,,,,,,,,,,,,,-0.41184077,,,,,,,,,,,,,,,,,,,,,-0.5630303,,,,,,,,,,,,,,,,,,,,,,,,,,,,,,,,,,
144_gen,-0.3515489,-0.3603976,-0.36902994,-0.3757191,-0.38216066,-0.3897389,-0.399237,-0.4082268,-0.4156622,-0.42207307,-0.4306058,-0.4382577,-0.44601956,-0.4533247,-0.46046346,-0.46663994,-0.47362965,-0.4827288,-0.4918049,-0.49932584,-0.5059168,-0.5132969,-0.52164394,-0.53047067,-0.5342514,-0.5414871,-0.5484491,-0.5553797,-0.5607971,-0.56796825,-0.5730388,-0.5796808,-0.58704245,-0.59343326,-0.59885234,-0.60591763,-0.61095834,-0.6193514,-0.62432945,-0.6321358,-0.63770527,-0.643769,-0.6494536,-0.65478206,-0.66031164,-0.66650134,-0.6736713,-0.6812594,-0.6883521,-0.6940645,-0.7000537,-0.70488334,-0.7089306,-0.71318024,-0.71936953,-0.72735465,-0.73392254,-0.7401683,-0.74586195,-0.7535644,-0.7600397,-0.7668269,-0.77384025,-0.78070277,-0.78798795,-0.79508173,-0.8017408,-0.8084974,-0.8142432,-0.8204287
