ROI,Month_0,Month_1,Month_2,Month_3,Month_4,Month_5,Month_6,Month_7,Month_8,Month_9,Month_10,Month_11,Month_12,Month_13,Month_14,Month_15,Month_16,Month_17,Month_18,Month_19,Month_20,Month_21,Month_22,Month_23,Month_24,Month_25,Month_26,Month_27,Month_28,Month_29,Month_30,Month_31,Month_32,Month_33,Month_34,Month_35,Month_36,Month_37,Month_38,Month_39,Month_40,Month_41,Month_42,Month_43,Month_44,Month_45,Month_46,Month_47,Month_48,Month_49,Month_50,Month_51,Month_52,Month_53,Month_54,Month_55,Month_56,Month_57,Month_58,Month_59,Month_60,Month_61,Month_62,Month_63,Month_64,Month_65,Month_66,Month_67,Month_68,Month_69
0_real,0.37681943,,,,0.28162506,,,,0.20342968,,,,,0.1541326,,,,,,,,,,,,,0.27652538,,,,,,,,,,,,,,,,,,,,,,,,,,,,,,,,,,,0.17944875,,,,,,,,
0_gen,0.3768194,0.38226372,0.38852173,0.39225283,0.3991532,0.4048094,0.41152525,0.41768032,0.42399368,0.4295927,0.43706027,0.4453071,0.45119238,0.4575655,0.46448055,0.47182292,0.47904873,0.4848844,0.49185285,0.4981204,0.50348693,0.5108567,0.51803446,0.5245643,0.5310286,0.5367095,0.54384243,0.5500956,0.5559462,0.5618082,0.568123,0.5750145,0.5819212,0.5874068,0.59304893,0.59981275,0.604472,0.60888445,0.61665094,0.62279046,0.6288756,0.6364307,0.6427646,0.64945835,0.6558486,0.66255355,0.66933525,0.6762079,0.68103534,0.6840635,0.6915499,0.69775635,0.7039579,0.7114269,0.7191249,0.7264906,0.7347867,0.741197,0.75013566,0.75715685,0.7639053,0.7708911,0.779075,0.7850006,0.791903,0.80064076,0.809237,0.81478584,0.8225999,0.83015746
1_real,-0.03440985,,,,-0.02521455,,,,-0.06659341,,,,,-0.18306723,,,,,,,,,,,,,-0.03440985,,,,,,,,,,,,,,,,,,,,,,,,,,,,,,,,,,,-0.1422276,,,,,,,,
1_gen,-0.03440985,-0.03246954,-0.031731762,-0.029938469,-0.02861836,-0.026263922,-0.024915503,-0.023326896,-0.024129966,-0.023380276,-0.019740585,-0.017825067,-0.01753272,-0.015969442,-0.010865583,-0.011104275,-0.011226485,-0.01182349,-0.009611225,-0.010531953,-0.01126537,-0.010951018,-0.008563206,-0.010111833,-0.008686391,-0.0062427022,-0.00508579,-0.004576826,-0.0028345485,-0.0004449074,0.0006147974,-7.51005e-05,0.002844984,0.0054304595,0.0047009634,0.0058129947,0.008025797,0.011478862,0.011970652,0.013888633,0.015098341,0.015897688,0.017985808,0.019545877,0.021759573,0.024363104,0.026835606,0.029341158,0.030179191,0.03370323,0.03630238,0.037205685,0.040780522,0.043789834,0.046983868,0.051589567,0.053039353,0.054201238,0.058732282,0.06034386,0.06260906,0.0625853,0.06504679,0.06856398,0.072010055,0.07570905,0.077967055,0.08213464,0.083116636,0.08465207
2_real,0.6532544,,,,0.54154015,,,,0.5322307,,,,,0.48801044,,,,,,,,,,,,,0.564814,,,,,,,,,,,,,,,,,,,,,,,,,,,,,,,,,,,0.41998407,,,,,,,,
2_gen,0.65325445,0.6370119,0.6273535,0.6176906,0.6091388,0.6018519,0.598713,0.5944115,0.58512443,0.5752621,0.56911504,0.56067324,0.55438334,0.5488903,0.5425072,0.5366724,0.531835,0.52453655,0.5199221,0.51251096,0.5026954,0.49541706,0.48530263,0.4790496,0.46843952,0.46144652,0.45716467,0.44851962,0.44127712,0.4379712,0.43044147,0.42193636,0.41586056,0.40863863,0.40220395,0.39610878,0.3837516,0.37576962,0.36572668,0.3605648,0.35316494,0.34741116,0.3406842,0.333974,0.32661134,0.3232904,0.31706253,0.31351763,0.30756393,0.30029744,0.2902121,0.28636438,0.27945375,0.27250943,0.2658216,0.2624035,0.25390437,0.2437937,0.23767379,0.23468325,0.23031072,0.22080322,0.21271698,0.20375398,0.19456097,0.18746507,0.1827915,0.17700915,0.17254327,0.16479364
3_real,0.19727871,,,,0.12431384,,,,0.034873035,,,,,0.048995268,,,,,,,,,,,,,0.04193415,,,,,,,,,,,,,,,,,,,,,,,,,,,,,,,,,,,-0.07356887,,,,,,,,
3_gen,0.19727872,0.18399379,0.17314045,0.16474484,0.15527567,0.14687613,0.1376053,0.1280908,0.11965279,0.11147372,0.10164323,0.09249779,0.08198477,0.075130984,0.06750743,0.05854231,0.049026877,0.04187704,0.032553237,0.026880836,0.021142721,0.014868461,0.006239458,-0.000734775,-0.0047709653,-0.012593855,-0.023917522,-0.031221788,-0.03960008,-0.046300314,-0.054951888,-0.05904597,-0.06795889,-0.07434072,-0.08069281,-0.08560472,-0.09231762,-0.09827255,-0.10332888,-0.11138157,-0.11718253,-0.1230785,-0.13121653,-0.14013515,-0.14570081,-0.15137501,-0.1556178,-0.1610163,-0.16844957,-0.17096767,-0.17904176,-0.1885635,-0.19815174,-0.20554428,-0.21208759,-0.21890827,-0.22475943,-0.23295705,-0.23813179,-0.24517755,-0.24822855,-0.2521185,-0.25713354,-0.26523653,-0.2751855,-0.28050625,-0.28503528,-0.29209968,-0.29744694,-0.30474842
4_real,0.9001875,,,,0.71103406,,,,1.2122906,,,,,0.8481703,,,,,,,,,,,,,0.90491635,,,,,,,,,,,,,,,,,,,,,,,,,,,,,,,,,,,1.3916593,,,,,,,,
4_gen,0.9001875,0.89156026,0.8903718,0.8890065,0.88355684,0.87753534,0.8750701,0.870489,0.8628728,0.85538816,0.8448237,0.8379983,0.83199406,0.8317119,0.8308672,0.82307196,0.8173102,0.8091836,0.8018834,0.7946404,0.79201454,0.78941166,0.7836162,0.7805967,0.7774223,0.7756122,0.7682287,0.76624525,0.7604,0.7560805,0.7507534,0.74210656,0.73502433,0.7297384,0.72190946,0.715551,0.7123813,0.7101296,0.7065328,0.6974902,0.6890248,0.6849294,0.68085337,0.6735214,0.66484195,0.6595775,0.65188587,0.64721835,0.64566267,0.63848287,0.6365119,0.63007873,0.6260537,0.62042415,0.6164435,0.61460364,0.60732484,0.5996919,0.5972241,0.59428155,0.5874669,0.5841354,0.5735268,0.5635653,0.558675,0.556795,0.5506822,0.5459121,0.53881294,0.5335139
5_real,0.6899511,,,,0.51182216,,,,0.5167702,,,,,0.16546026,,,,,,,,,,,,,1.0066248,,,,,,,,,,,,,,,,,,,,,,,,,,,,,,,,,,,0.74747384,,,,,,,,
5_gen,0.68995106,0.6795782,0.6757463,0.6702486,0.6667475,0.6594795,0.6534821,0.64679927,0.6398686,0.6333822,0.62588614,0.6185781,0.60937506,0.60490984,0.5977118,0.59370303,0.5879208,0.58052695,0.5760129,0.5743991,0.573812,0.57138765,0.56727254,0.5591755,0.55683744,0.552527,0.5451362,0.5421935,0.5382824,0.52785623,0.52400714,0.5161346,0.5121292,0.5063575,0.4980772,0.49356803,0.48689765,0.47782463,0.47037673,0.46941838,0.46719557,0.4611702,0.45598596,0.4498784,0.4463194,0.4442799,0.438958,0.43383703,0.42453402,0.41734737,0.4102919,0.40560412,0.3959393,0.39429414,0.3894372,0.38530412,0.37874454,0.37127745,0.36543727,0.36391506,0.36227992,0.35802597,0.35234806,0.34374505,0.3387707,0.33015242,0.32234317,0.3127245,0.30960083,0.30170485
6_real,0.12934823,,,,0.013632471,,,,0.00067921344,,,,,0.034357682,,,,,,,,,,,,,-0.04163476,,,,,,,,,,,,,,,,,,,,,,,,,,,,,,,,,,,-0.050984256,,,,,,,,
6_gen,0.12934825,0.12396638,0.12018224,0.11844027,0.11619387,0.11342393,0.11032327,0.10685768,0.10277377,0.09908787,0.09626118,0.09373666,0.093035296,0.090864174,0.09017686,0.08764204,0.08553536,0.08461201,0.081237376,0.07923491,0.07613559,0.0738851,0.07080425,0.06709304,0.066027716,0.064601675,0.06198247,0.059929065,0.057486843,0.054215245,0.052001715,0.049281828,0.04738031,0.044228956,0.042784277,0.03927082,0.036641315,0.033789404,0.030429076,0.026868682,0.025507322,0.022526601,0.0208862,0.018553723,0.016329188,0.014623741,0.012501774,0.011528436,0.0078105233,0.0047825975,0.0025286605,0.00010085919,-0.002203138,-0.004555327,-0.0072479583,-0.009122095,-0.011317218,-0.012588206,-0.015292415,-0.016669828,-0.019695528,-0.0211533,-0.024192106,-0.028869396,-0.031971715,-0.035596687,-0.037927292,-0.040875543,-0.04368943,-0.04705634
7_real,0.46148977,,,,0.45422333,,,,0.33977675,,,,,0.34704322,,,,,,,,,,,,,0.21079731,,,,,,,,,,,,,,,,,,,,,,,,,,,,,,,,,,,0.17705765,,,,,,,,
7_gen,0.46148974,0.4602902,0.45995006,0.45976067,0.4581527,0.4585085,0.45986658,0.46000952,0.45893973,0.45934576,0.46024656,0.4603671,0.46099696,0.457301,0.457483,0.45770055,0.45868987,0.45957637,0.46179572,0.4592789,0.4610737,0.46148843,0.4628149,0.4644633,0.4643448,0.46528888,0.46556297,0.46668473,0.46496835,0.46284217,0.46445757,0.46457642,0.4651031,0.46577305,0.4653406,0.46623325,0.47058326,0.4701179,0.47182566,0.47285095,0.47612962,0.47476906,0.4756697,0.47702202,0.4782122,0.4781416,0.48002282,0.4821693,0.48198318,0.4851303,0.4856638,0.4879226,0.4892889,0.49088445,0.49177036,0.49271536,0.49390826,0.49485913,0.4981019,0.50120306,0.5032138,0.50545883,0.50582063,0.5062057,0.5073715,0.50922287,0.51048124,0.51092595,0.51378626,0.5150449
8_real,0.30556625,,,,0.3122077,,,,0.3874775,,,,,0.24136554,,,,,,,,,,,,,0.21479973,,,,,,,,,,,,,,,,,,,,,,,,,,,,,,,,,,,0.241272,,,,,,,,
8_gen,0.30556628,0.30063057,0.29506952,0.292764,0.29340696,0.29192644,0.29087794,0.2891107,0.287566,0.28699785,0.2870397,0.28516763,0.28348058,0.28198057,0.28158325,0.28193602,0.281851,0.2809356,0.27986085,0.2783994,0.27740705,0.27408454,0.2758469,0.27571705,0.27824625,0.27864337,0.27849287,0.28068778,0.28072923,0.27937126,0.27717987,0.27587882,0.2751138,0.27576983,0.27531344,0.2747436,0.2757124,0.27519152,0.27573702,0.27631038,0.27595758,0.27517363,0.27304524,0.27346212,0.2728265,0.27240735,0.2708094,0.2726964,0.2721575,0.2733854,0.27118462,0.27045006,0.26898047,0.26912674,0.27112162,0.27011484,0.2697424,0.27051708,0.27178836,0.2715049,0.27405754,0.27566144,0.27516475,0.2775619,0.27801692,0.2783595,0.27820802,0.28004497,0.27991334,0.28089625
9_real,1.4075145,,,,1.3952658,,,,1.4299704,,,,,1.3278984,,,,,,,,,,,,,1.4156803,,,,,,,,,,,,,,,,,,,,,,,,,,,,,,,,,,,1.3205255,,,,,,,,
9_gen,1.4075145,1.4106141,1.4137142,1.4169118,1.4178967,1.4175783,1.416903,1.4142154,1.4113914,1.4114511,1.4068729,1.4051601,1.4019215,1.3986795,1.3953326,1.3897815,1.387045,1.3831453,1.3835332,1.3824707,1.3812491,1.3786514,1.3761503,1.3754405,1.3713498,1.3668308,1.3632846,1.3588035,1.3581574,1.3540511,1.3519465,1.3481102,1.3441337,1.3396189,1.3358184,1.3321544,1.3292975,1.3290786,1.3256038,1.3206984,1.318683,1.3156923,1.3121471,1.3063562,1.3029084,1.2983773,1.2944056,1.2906549,1.2886002,1.2862585,1.2829248,1.2778466,1.2746768,1.2707151,1.26418,1.2591696,1.2554694,1.2493262,1.2478609,1.2441894,1.2421498,1.2367088,1.2345831,1.2360159,1.2297497,1.2290047,1.2253257,1.2223213,1.2201885,1.2166934
10_real,-0.82430196,,,,-0.8158539,,,,-0.7630536,,,,,-0.7693896,,,,,,,,,,,,,-0.75249356,,,,,,,,,,,,,,,,,,,,,,,,,,,,,,,,,,,-0.6820725,,,,,,,,
10_gen,-0.82430184,-0.8281814,-0.83148223,-0.83697194,-0.84012985,-0.84357053,-0.8494169,-0.852452,-0.8568274,-0.86126506,-0.8660964,-0.8678253,-0.8679596,-0.8725465,-0.8739461,-0.878508,-0.8801877,-0.8856082,-0.8893814,-0.8947774,-0.89747506,-0.8985945,-0.90311635,-0.90803796,-0.90917635,-0.91166323,-0.9173126,-0.9212222,-0.92365247,-0.9248908,-0.92814827,-0.93095225,-0.9345883,-0.9375966,-0.94172746,-0.94390476,-0.9479475,-0.950636,-0.9524354,-0.9567258,-0.9610987,-0.9662164,-0.9669789,-0.9707754,-0.9735324,-0.9765828,-0.9767159,-0.98208964,-0.98684806,-0.9891116,-0.99171525,-0.99603117,-0.99865115,-1.0006732,-1.006432,-1.0104468,-1.0137459,-1.0178376,-1.0230911,-1.0275073,-1.0301204,-1.0334942,-1.0342551,-1.0382468,-1.0426784,-1.0443896,-1.0485885,-1.0542748,-1.0572296,-1.0612284
11_real,0.66006035,,,,0.46114627,,,,0.45891127,,,,,0.4276214,,,,,,,,,,,,,0.46114627,,,,,,,,,,,,,,,,,,,,,,,,,,,,,,,,,,,0.4526695,,,,,,,,
11_gen,0.66006035,0.6611763,0.66079056,0.6622403,0.66340935,0.6612159,0.66011244,0.66201675,0.656327,0.6517569,0.6550578,0.65185285,0.6526296,0.64431614,0.64467067,0.64296085,0.6435882,0.64045763,0.6403636,0.6412661,0.64335024,0.64525855,0.6439959,0.64168024,0.641671,0.6378641,0.6375744,0.6362588,0.63544756,0.634642,0.6325182,0.6326999,0.6319021,0.63156956,0.62354976,0.6195557,0.62202847,0.6218403,0.6205656,0.61785567,0.6140295,0.60672927,0.60376966,0.60013896,0.6020729,0.596119,0.5914777,0.5864748,0.58265203,0.58367735,0.5800718,0.57880247,0.57216775,0.57076806,0.56650126,0.5669342,0.56229633,0.5591958,0.5578158,0.5549376,0.5522262,0.5521843,0.5491102,0.54814214,0.5491649,0.5482748,0.54621065,0.5436148,0.540696,0.5389639
12_real,0.6022241,,,,0.56515074,,,,0.50027233,,,,,0.5373457,,,,,,,,,,,,,0.5025894,,,,,,,,,,,,,,,,,,,,,,,,,,,,,,,,,,,0.46602243,,,,,,,,
12_gen,0.6022242,0.6025994,0.5987363,0.59687316,0.59324276,0.59271324,0.59234005,0.5919169,0.5872432,0.5804297,0.5817722,0.5785936,0.5740701,0.57132876,0.5696651,0.5709535,0.56838465,0.5680836,0.56662685,0.56486243,0.5675839,0.5657574,0.5627271,0.56600267,0.56208646,0.56177366,0.56093913,0.5632592,0.56303,0.56206024,0.56121016,0.55824673,0.55977637,0.5586535,0.55353767,0.55137974,0.5488294,0.55022395,0.5462114,0.5472355,0.5414036,0.53627926,0.536909,0.5361314,0.5351966,0.52911144,0.5275385,0.52464145,0.5203943,0.5183873,0.51709825,0.5126432,0.50895804,0.50571173,0.5037167,0.50417894,0.50484896,0.5026549,0.5043169,0.5009925,0.5003389,0.4939949,0.48886356,0.4867991,0.48241085,0.47643167,0.47697252,0.47674283,0.4731508,0.4696166
13_real,0.85360706,,,,0.92879504,,,,0.8310507,,,,,0.7122537,,,,,,,,,,,,,0.7859379,,,,,,,,,,,,,,,,,,,,,,,,,,,,,,,,,,,0.7836934,,,,,,,,
13_gen,0.85360706,0.8453628,0.8391851,0.83562595,0.82905227,0.8215836,0.81378496,0.8060004,0.8025471,0.80040395,0.7942487,0.7889762,0.7829919,0.7743437,0.76827955,0.76038337,0.7512481,0.74548686,0.7420777,0.73668563,0.7315544,0.7251138,0.7168759,0.7085927,0.70133865,0.6965072,0.6878007,0.6821665,0.6736169,0.665208,0.6573927,0.65251195,0.64681756,0.6400467,0.6318835,0.6242859,0.61569303,0.6108473,0.6020492,0.5933296,0.58886176,0.57907426,0.5738393,0.5666386,0.56044996,0.5533001,0.5446984,0.5399748,0.53343356,0.5272237,0.52094537,0.5137201,0.50672233,0.4979155,0.4915883,0.4830218,0.4775911,0.46888542,0.46130258,0.45373112,0.44737133,0.44100413,0.43409887,0.4261144,0.41872996,0.41495347,0.40699372,0.3976336,0.39219257,0.38399762
14_real,0.18611918,,,,0.3164857,,,,0.18301521,,,,,0.1581835,,,,,,,,,,,,,0.1581835,,,,,,,,,,,,,,,,,,,,,,,,,,,,,,,,,,,0.29459995,,,,,,,,
14_gen,0.18611918,0.17204875,0.15647678,0.14431682,0.13584271,0.1276057,0.120822966,0.11019083,0.10166128,0.09760338,0.09047349,0.08292237,0.07774747,0.07034268,0.06308322,0.05663098,0.04833748,0.043507583,0.034341726,0.02565605,0.013717605,0.0075791045,0.0037947118,-0.0014983224,-0.012044844,-0.018415641,-0.02395741,-0.031964295,-0.039934374,-0.043068886,-0.04793235,-0.055568796,-0.06337599,-0.06926142,-0.075660266,-0.08407281,-0.09070184,-0.10011768,-0.10635941,-0.11550544,-0.12141754,-0.12933607,-0.1372614,-0.14372034,-0.15068983,-0.15837464,-0.16725703,-0.17500205,-0.18381429,-0.19243577,-0.19881907,-0.20846768,-0.21056199,-0.2168463,-0.22151187,-0.22888823,-0.23429494,-0.23926803,-0.24540968,-0.2561808,-0.2622148,-0.27157876,-0.2775886,-0.28284293,-0.2910889,-0.29821235,-0.30456546,-0.31318918,-0.3214688,-0.32487693
15_real,0.41792458,,,,0.3387042,,,,0.2767056,,,,,0.24915068,,,,,,,,,,,,,0.11826479,,,,,,,,,,,,,,,,,,,,,,,,,,,,,,,,,,,0.22456841,,,,,,,,
15_gen,0.41792458,0.4314979,0.43748274,0.44868463,0.45554954,0.45893288,0.46673098,0.47532964,0.48187017,0.4908507,0.5038983,0.5136401,0.52063817,0.5280681,0.5404283,0.5503746,0.5586761,0.5693332,0.58138657,0.5877234,0.59864545,0.6068843,0.6164137,0.63057476,0.64279765,0.6540524,0.6590241,0.66923916,0.6786164,0.68788993,0.7001212,0.7122827,0.72398794,0.7315186,0.73885167,0.7502785,0.7604516,0.7748401,0.78639174,0.79194915,0.8058268,0.81128883,0.82242167,0.83518064,0.8521136,0.8586236,0.8645226,0.8748978,0.8917011,0.9041196,0.91701967,0.9275179,0.9363821,0.94417477,0.95661104,0.9651163,0.97448903,0.9850828,0.9950018,1.004274,1.0106288,1.0242884,1.037707,1.0466194,1.0565217,1.0681067,1.0789735,1.0867785,1.0948963,1.1035832
16_real,0.670347,,,,0.604272,,,,0.6240945,,,,,0.37300953,,,,,,,,,,,,,0.8124082,,,,,,,,,,,,,,,,,,,,,,,,,,,,,,,,,,,0.5715636,,,,,,,,
16_gen,0.67034703,0.67494893,0.67666626,0.6837122,0.6887208,0.699036,0.7043663,0.7105899,0.71766865,0.7250835,0.7305167,0.7389522,0.74963415,0.76232374,0.7752743,0.78779256,0.7951268,0.79910135,0.8063248,0.81299496,0.8166978,0.8214474,0.8322093,0.8397503,0.8461749,0.8592367,0.8655,0.87296695,0.8792149,0.89072025,0.90224314,0.9154517,0.9243139,0.93392485,0.9412608,0.95123214,0.96273583,0.9758364,0.9808782,0.9932378,1.0030696,1.0107,1.0203923,1.0282295,1.0382327,1.0472376,1.055103,1.060882,1.0729698,1.080714,1.0839628,1.0979159,1.1063466,1.113756,1.1268297,1.138062,1.1499789,1.1603277,1.1736429,1.1800935,1.1909565,1.2025818,1.2145965,1.2271549,1.2404063,1.2561036,1.2676665,1.2758877,1.2880853,1.2972906
17_real,1.3288519,,,,1.3984429,,,,1.0876034,,,,,1.1200793,,,,,,,,,,,,,1.2453429,,,,,,,,,,,,,,,,,,,,,,,,,,,,,,,,,,,1.3106443,,,,,,,,
17_gen,1.3288518,1.3328284,1.3367134,1.3413161,1.349199,1.3554304,1.3615409,1.3671505,1.3707303,1.378965,1.3843759,1.3911462,1.3984821,1.4053254,1.4130654,1.4188509,1.425163,1.4321352,1.4359461,1.4405242,1.4456897,1.450245,1.4551052,1.459563,1.4633507,1.4679092,1.4767275,1.4852788,1.4924575,1.4996021,1.5058361,1.5140582,1.5220907,1.529527,1.5352042,1.5434827,1.550618,1.5580742,1.5612118,1.5713718,1.5761383,1.5843047,1.5924677,1.5989908,1.6038843,1.613213,1.6189848,1.6250359,1.632212,1.6404823,1.64514,1.6525276,1.6595542,1.6648729,1.6705805,1.6797094,1.6871605,1.6935676,1.7036114,1.7111397,1.7199829,1.7276733,1.7361456,1.742494,1.7513268,1.7551534,1.7614276,1.7699816,1.7798532,1.7891505
18_real,1.217272,,,,1.2039376,,,,1.217272,,,,,1.2528306,,,,,,,,,,,,,1.1861584,,,,,,,,,,,,,,,,,,,,,,,,,,,,,,,,,,,0.7753193,,,,,,,,
18_gen,1.2172719,1.2261332,1.2300031,1.2378904,1.2452835,1.2487328,1.2553438,1.2607152,1.2644268,1.2700038,1.2758353,1.2816823,1.2859088,1.2927458,1.2972952,1.3064407,1.3153809,1.321467,1.3279216,1.332399,1.3377717,1.3417448,1.3488529,1.3524433,1.3591607,1.3628612,1.3711745,1.3751414,1.3805969,1.3849361,1.3916075,1.3984587,1.406378,1.4125408,1.4199446,1.4294243,1.4337646,1.4399602,1.4472835,1.4541448,1.4597318,1.4650033,1.4712633,1.4761533,1.4825187,1.4892634,1.4960592,1.5006553,1.5050011,1.5119109,1.5185488,1.5256068,1.5332682,1.5380355,1.5479152,1.5553658,1.561435,1.5679696,1.574718,1.5814245,1.5893698,1.5952613,1.604212,1.612278,1.6196064,1.6269262,1.6342748,1.640839,1.6495466,1.6598438
19_real,0.5948719,,,,0.6945387,,,,0.74125755,,,,,0.336361,,,,,,,,,,,,,0.46405914,,,,,,,,,,,,,,,,,,,,,,,,,,,,,,,,,,,0.36191127,,,,,,,,
19_gen,0.59487194,0.5908196,0.5886586,0.5870013,0.58444417,0.5804876,0.5772285,0.5751837,0.5717436,0.56979394,0.5673574,0.5641561,0.56100035,0.55866164,0.55506766,0.5528257,0.55253357,0.5515062,0.5504911,0.54896986,0.54592067,0.54437935,0.5421843,0.53906715,0.5378634,0.5342957,0.5306736,0.52864075,0.5251721,0.52305233,0.5200285,0.51684296,0.5137827,0.5122753,0.51106656,0.5059657,0.50285596,0.49947563,0.49620128,0.4946591,0.4923256,0.4882813,0.48455662,0.4801752,0.4767335,0.47504973,0.47199574,0.4689997,0.46586347,0.4624322,0.45930943,0.4577008,0.4550995,0.45106608,0.44838518,0.44813615,0.44505486,0.44130015,0.4387869,0.43436342,0.43110695,0.42878366,0.42432436,0.41981754,0.4158182,0.41140956,0.40919667,0.4042973,0.40056124,0.3953517
20_real,0.03926531,,,,0.045882355,,,,0.012797123,,,,,-0.056681864,,,,,,,,,,,,,-0.146012,,,,,,,,,,,,,,,,,,,,,,,,,,,,,,,,,,,-0.49125224,,,,,,,,
20_gen,0.03926531,0.031191528,0.023949461,0.01935098,0.0136765,0.008967809,0.004223502,-0.0013367308,-0.0065516336,-0.00858285,-0.011675897,-0.01547264,-0.020055238,-0.026976194,-0.030755192,-0.033432968,-0.038832095,-0.04212617,-0.045099337,-0.048584513,-0.05374536,-0.057083674,-0.06147041,-0.061852884,-0.06622033,-0.06992832,-0.073353045,-0.07824022,-0.08092733,-0.0845116,-0.0873721,-0.09100963,-0.09562544,-0.09820105,-0.10358399,-0.10640259,-0.10725864,-0.10908271,-0.11235416,-0.117842875,-0.12341231,-0.12533179,-0.12779692,-0.13116507,-0.13345177,-0.13681561,-0.14014022,-0.1445472,-0.14780578,-0.15197264,-0.15570475,-0.15920109,-0.16430977,-0.16969942,-0.17314912,-0.17717746,-0.17890678,-0.1843576,-0.19057018,-0.19571602,-0.19899598,-0.20300508,-0.20660786,-0.21138354,-0.21508053,-0.21783209,-0.2211866,-0.22648892,-0.23089477,-0.23363423
21_real,0.42817968,,,,0.28897777,,,,0.31828344,,,,,0.27432495,,,,,,,,,,,,,0.25025243,,,,,,,,,,,,,,,,,,,,,,,,,,,,,,,,,,,0.35812747,,,,,,,,
21_gen,0.42817968,0.41921377,0.41400465,0.41164327,0.4071158,0.402723,0.3980505,0.39383245,0.38919014,0.38581032,0.3820905,0.38147452,0.38108677,0.3783072,0.37527093,0.37275755,0.3686506,0.3662121,0.36176336,0.3600677,0.3540433,0.34947586,0.34480804,0.34558868,0.34332103,0.34158632,0.34077224,0.3385739,0.33695355,0.33464652,0.33024094,0.32658678,0.32572538,0.323773,0.31949016,0.3145586,0.31085497,0.3073384,0.30501702,0.30318967,0.29973215,0.29684806,0.29347757,0.28966808,0.28478292,0.28125805,0.28102604,0.28143305,0.28035983,0.27818552,0.2756947,0.2734199,0.27209428,0.27104586,0.26704043,0.26503104,0.26302376,0.2631696,0.25923887,0.25641644,0.25301248,0.2506103,0.24815571,0.24573985,0.24423316,0.24272999,0.2422286,0.23898566,0.23495111,0.2339127
22_real,-0.09407082,,,,-0.18467112,,,,-0.16367836,,,,,-0.12611239,,,,,,,,,,,,,-0.13716121,,,,,,,,,,,,,,,,,,,,,,,,,,,,,,,,,,,-0.1767659,,,,,,,,
22_gen,-0.094070815,-0.10021814,-0.10396959,-0.10745092,-0.10920338,-0.113177076,-0.113886274,-0.11819812,-0.12376982,-0.1249253,-0.12840708,-0.13165085,-0.1320933,-0.13287665,-0.13389538,-0.13645409,-0.13809027,-0.14038014,-0.1431379,-0.14658633,-0.15279783,-0.15730867,-0.15919057,-0.16325462,-0.16655493,-0.16875672,-0.17329702,-0.17593968,-0.1782006,-0.18045487,-0.18281142,-0.18768337,-0.18871008,-0.19105537,-0.19574718,-0.19801822,-0.20155711,-0.20501652,-0.20985289,-0.21218562,-0.21378744,-0.21342945,-0.2143414,-0.21694593,-0.22021306,-0.22548282,-0.23065193,-0.231022,-0.23399484,-0.23523124,-0.23684604,-0.24118277,-0.24599123,-0.24968609,-0.25427738,-0.25663123,-0.2595343,-0.26287228,-0.26745498,-0.2715057,-0.27371413,-0.27881473,-0.28114957,-0.2835537,-0.28694734,-0.29085428,-0.2952586,-0.29578084,-0.29898995,-0.30350664
23_real,0.8824204,,,,0.91921324,,,,0.7950373,,,,,0.46850064,,,,,,,,,,,,,0.6616632,,,,,,,,,,,,,,,,,,,,,,,,,,,,,,,,,,,0.47066492,,,,,,,,
23_gen,0.8824204,0.87392825,0.8666426,0.8613843,0.8562247,0.85086966,0.8433777,0.83758515,0.83052504,0.8246895,0.8180663,0.8142277,0.8099106,0.80512106,0.80106604,0.79472286,0.7877452,0.7826168,0.7782811,0.7735959,0.7681076,0.7640602,0.7576421,0.7526111,0.7468847,0.73972905,0.7326776,0.727236,0.7229282,0.72010946,0.7158829,0.71000195,0.7058879,0.7016266,0.697002,0.6922178,0.6876265,0.6816127,0.6774545,0.67239255,0.66836727,0.6643504,0.66005874,0.6546048,0.65062916,0.64595026,0.6415119,0.63691473,0.63248765,0.627087,0.6240222,0.6178981,0.61383903,0.6095399,0.6035687,0.5991408,0.59477884,0.58824384,0.5841179,0.5786087,0.5735892,0.56861156,0.5636414,0.5584197,0.5539671,0.5503681,0.5452443,0.54171073,0.538444,0.53214943
24_real,-1.458925,,,,-1.5403349,,,,-1.4724933,,,,,-1.4951072,,,,,,,,,,,,,-1.2373091,,,,,,,,,,,,,,,,,,,,,,,,,,,,,,,,,,,-1.6628748,,,,,,,,
24_gen,-1.4589251,-1.4663737,-1.4705535,-1.4743373,-1.4798328,-1.486376,-1.4943984,-1.502321,-1.5071598,-1.511943,-1.5179236,-1.5216547,-1.5275288,-1.5334824,-1.538193,-1.541402,-1.544187,-1.5456029,-1.5485141,-1.5520372,-1.5572484,-1.5615371,-1.5634127,-1.5667794,-1.5694153,-1.5712326,-1.5747503,-1.5785897,-1.581803,-1.5827795,-1.5863962,-1.5890434,-1.5929375,-1.5959632,-1.5993481,-1.6035526,-1.6080706,-1.6126992,-1.6184051,-1.6244764,-1.6277946,-1.6322508,-1.6388016,-1.6430546,-1.6477003,-1.6541001,-1.656812,-1.6614844,-1.6664283,-1.6684984,-1.6749579,-1.6795967,-1.6836315,-1.6879323,-1.6912038,-1.6943878,-1.6984322,-1.7015972,-1.7073307,-1.7091703,-1.7129853,-1.717438,-1.7212381,-1.7265793,-1.7303314,-1.7333066,-1.7381941,-1.7430264,-1.7454035,-1.7502537
25_real,-0.20318367,,,,-0.36517873,,,,-0.5026291,,,,,-0.46703926,,,,,,,,,,,,,-0.4191771,,,,,,,,,,,,,,,,,,,,,,,,,,,,,,,,,,,-0.10454041,,,,,,,,
25_gen,-0.20318368,-0.21094437,-0.21523373,-0.2202781,-0.2254426,-0.2310861,-0.23700666,-0.2414997,-0.24531262,-0.24833186,-0.25351018,-0.25679302,-0.26082888,-0.2637097,-0.2676806,-0.26969954,-0.27482867,-0.27863392,-0.28110072,-0.2835154,-0.28650764,-0.29029062,-0.2942959,-0.29616505,-0.30004677,-0.30360863,-0.30565664,-0.30864772,-0.31165808,-0.31687963,-0.32082862,-0.32350206,-0.32744008,-0.33004305,-0.33412558,-0.33712757,-0.34043115,-0.34374827,-0.34781626,-0.35017627,-0.35220054,-0.35419923,-0.3561471,-0.35895434,-0.361327,-0.36449373,-0.36604068,-0.36826053,-0.36949888,-0.37231833,-0.3753113,-0.37757406,-0.38001448,-0.3829755,-0.38653952,-0.39112574,-0.3924415,-0.39604712,-0.40117493,-0.40358514,-0.4068665,-0.40982094,-0.41246969,-0.41368675,-0.41691184,-0.4183193,-0.42159146,-0.42445278,-0.42784232,-0.4284618
26_real,-0.858038,,,,-0.9944112,,,,-0.8688043,,,,,-1.0697752,,,,,,,,,,,,,-0.8711968,,,,,,,,,,,,,,,,,,,,,,,,,,,,,,,,,,,-0.7370626,,,,,,,,
26_gen,-0.85803807,-0.86640394,-0.87364805,-0.87727404,-0.8836813,-0.88794154,-0.8936802,-0.8955272,-0.8996085,-0.90508306,-0.9095877,-0.9129864,-0.9163807,-0.92020637,-0.9243561,-0.93054295,-0.93545705,-0.93988067,-0.9447247,-0.94938105,-0.9547119,-0.9611348,-0.9673605,-0.97231644,-0.97643757,-0.9806018,-0.9848359,-0.9899567,-0.99473304,-1.0000201,-1.0058147,-1.0122519,-1.0175898,-1.0207919,-1.02389,-1.0281543,-1.0335793,-1.037692,-1.0425332,-1.0458807,-1.052045,-1.0578066,-1.0633743,-1.0670035,-1.0697567,-1.0748161,-1.0772803,-1.0818187,-1.0877336,-1.0927905,-1.0975077,-1.1025403,-1.106232,-1.1115614,-1.1168382,-1.120981,-1.1256492,-1.1301467,-1.1347202,-1.1393806,-1.1443933,-1.1510662,-1.1546369,-1.1587365,-1.1663947,-1.1711587,-1.1752932,-1.1798474,-1.1846566,-1.1912043
27_real,-0.28814337,,,,-0.371839,,,,-0.35437205,,,,,-0.4788238,,,,,,,,,,,,,-0.3893059,,,,,,,,,,,,,,,,,,,,,,,,,,,,,,,,,,,-0.25913376,,,,,,,,
27_gen,-0.28814337,-0.28901607,-0.2907594,-0.29209423,-0.2936421,-0.29560435,-0.29870093,-0.30104417,-0.30378333,-0.3056687,-0.3084492,-0.3099449,-0.31087986,-0.31171775,-0.31353647,-0.31500158,-0.31758994,-0.32027107,-0.32299417,-0.32548892,-0.3261767,-0.32746035,-0.32865006,-0.3298472,-0.33299893,-0.33575362,-0.33769307,-0.3396049,-0.34093657,-0.34182948,-0.34429055,-0.34623775,-0.34751013,-0.35079813,-0.35322562,-0.35474527,-0.35710093,-0.35967365,-0.36195338,-0.36440998,-0.36737826,-0.369551,-0.37310082,-0.37423646,-0.37679023,-0.37981075,-0.38154763,-0.38331342,-0.38601986,-0.3880814,-0.39115775,-0.39289647,-0.39445513,-0.39654377,-0.3993355,-0.40008155,-0.4026897,-0.40367717,-0.40675512,-0.40853924,-0.41064453,-0.41333646,-0.4170189,-0.41774648,-0.4208911,-0.4227528,-0.42364407,-0.4261814,-0.42921025,-0.43168753
28_real,0.001337644,,,,-0.019097513,,,,-0.0363888,,,,,-0.114199586,,,,,,,,,,,,,0.10115552,,,,,,,,,,,,,,,,,,,,,,,,,,,,,,,,,,,0.16245656,,,,,,,,
28_gen,0.0013376438,0.010244914,0.014426479,0.020071555,0.022775628,0.024780262,0.026307702,0.030601561,0.030332169,0.029801998,0.030215796,0.030666703,0.028560136,0.027686665,0.031430144,0.03282735,0.03375112,0.036520697,0.038151536,0.039581247,0.042832445,0.04455863,0.045307986,0.046508994,0.045731835,0.047446422,0.048210137,0.04878483,0.049262453,0.04908053,0.051014114,0.051453285,0.052117348,0.05143069,0.053130947,0.05390032,0.05437457,0.0551579,0.05583959,0.057341635,0.056462545,0.05395945,0.05451419,0.055852838,0.056616783,0.053897075,0.055986285,0.05803317,0.057797115,0.05642302,0.056985952,0.056013554,0.05520282,0.056536295,0.05783108,0.056715984,0.05856294,0.05598765,0.05662652,0.055787742,0.057133395,0.05827301,0.0591541,0.06055223,0.061309807,0.061003618,0.06169943,0.06305058,0.06280745,0.060341835
29_real,-0.38945243,,,,-0.6357763,,,,-0.5146334,,,,,-0.67615724,,,,,,,,,,,,,-0.6993763,,,,,,,,,,,,,,,,,,,,,,,,,,,,,,,,,,,-0.39135528,,,,,,,,
29_gen,-0.38945243,-0.38925308,-0.39170095,-0.3923519,-0.39412585,-0.39565486,-0.3955558,-0.39567363,-0.3942068,-0.39383078,-0.39483666,-0.39579517,-0.39505476,-0.3972456,-0.3987556,-0.40108904,-0.40253505,-0.4065629,-0.4078087,-0.40771365,-0.4077302,-0.40935153,-0.4106935,-0.41176027,-0.41134638,-0.41468304,-0.41665196,-0.4182063,-0.4181517,-0.41838616,-0.42034292,-0.42110434,-0.4212381,-0.42303076,-0.42364675,-0.42613134,-0.42567688,-0.42707506,-0.42994538,-0.43040866,-0.43379393,-0.43663964,-0.43744096,-0.4387742,-0.44148842,-0.444102,-0.4464047,-0.4478287,-0.44902238,-0.4516057,-0.45258862,-0.45621276,-0.4563531,-0.45833093,-0.46036062,-0.46243817,-0.46344957,-0.464293,-0.46740085,-0.47092447,-0.46984428,-0.47130027,-0.4739729,-0.4770986,-0.47923785,-0.47943848,-0.48212093,-0.48246107,-0.4839417,-0.4860068
30_real,0.20721777,,,,-0.09038763,,,,-0.023398958,,,,,-0.02559531,,,,,,,,,,,,,-0.1793398,,,,,,,,,,,,,,,,,,,,,,,,,,,,,,,,,,,0.010524669,,,,,,,,
30_gen,0.20721778,0.20185459,0.19008605,0.18196753,0.17044468,0.16505936,0.15517011,0.14668773,0.1396286,0.13168386,0.123803236,0.11289827,0.11076222,0.10595013,0.09883265,0.093628675,0.08623795,0.07979279,0.071092635,0.061476223,0.04811255,0.042051263,0.038015462,0.034578223,0.02621446,0.018964851,0.011322041,0.0037428197,-0.0017668817,-0.0032367043,-0.008116441,-0.015173348,-0.023136929,-0.032527428,-0.042120356,-0.043098792,-0.048415862,-0.053842675,-0.059884448,-0.0648928,-0.073454835,-0.07691947,-0.08562762,-0.094579235,-0.1051427,-0.11296655,-0.12165477,-0.12715606,-0.13426629,-0.14166911,-0.15039897,-0.15421653,-0.16191083,-0.16970384,-0.17425041,-0.1764386,-0.18292317,-0.18611562,-0.18899445,-0.18728088,-0.19438998,-0.2024529,-0.20961806,-0.21690436,-0.22352128,-0.23161003,-0.23459382,-0.24281585,-0.24594326,-0.25560933
31_real,-0.2649716,,,,-0.3580476,,,,-0.4865811,,,,,-0.46442014,,,,,,,,,,,,,-0.26940382,,,,,,,,,,,,,,,,,,,,,,,,,,,,,,,,,,,-0.523096,,,,,,,,
31_gen,-0.26497164,-0.27764523,-0.2905188,-0.30136213,-0.3032368,-0.3114365,-0.32131523,-0.32865947,-0.338122,-0.35092276,-0.36658075,-0.3774912,-0.3872029,-0.39648733,-0.39872298,-0.4081505,-0.41347796,-0.4286109,-0.43852186,-0.44724274,-0.45943207,-0.465555,-0.4733139,-0.48328313,-0.49162024,-0.49422437,-0.50369054,-0.5163422,-0.5223033,-0.5304514,-0.53605217,-0.54473925,-0.5566077,-0.56307715,-0.56953776,-0.5821944,-0.5861055,-0.59226847,-0.5964469,-0.60419667,-0.60963714,-0.617607,-0.6239981,-0.63097554,-0.63908523,-0.64826053,-0.66193235,-0.6697292,-0.67483604,-0.6791457,-0.68746436,-0.69464475,-0.70335925,-0.7095466,-0.7190293,-0.7287105,-0.7324918,-0.74327487,-0.74737066,-0.75395083,-0.7672048,-0.77480286,-0.7802323,-0.78953093,-0.7995008,-0.8043934,-0.812729,-0.8190781,-0.82428265,-0.83722365
32_real,1.393616,,,,1.4790666,,,,1.4534314,,,,,1.538882,,,,,,,,,,,,,1.0945388,,,,,,,,,,,,,,,,,,,,,,,,,,,,,,,,,,,1.4957715,,,,,,,,
32_gen,1.3936158,1.3920267,1.3917391,1.3912404,1.3918437,1.3947518,1.3965691,1.3921249,1.3911619,1.3904414,1.3865687,1.3852667,1.383867,1.3857468,1.3842117,1.3824856,1.3805354,1.3795042,1.3792642,1.3810437,1.3807455,1.3790901,1.3758844,1.3729005,1.3686799,1.365072,1.3604857,1.3591563,1.3574059,1.3541028,1.3530825,1.3483397,1.3462734,1.3445513,1.3455508,1.3457825,1.3429903,1.3426311,1.3440439,1.342707,1.3414333,1.3371874,1.3361515,1.336138,1.335191,1.3305069,1.329327,1.3268327,1.3225963,1.3215994,1.3182096,1.3156474,1.3130653,1.3131403,1.3072317,1.3048565,1.301838,1.2973366,1.2956804,1.2944238,1.2929881,1.2887275,1.2893997,1.2853858,1.2807559,1.279937,1.2765292,1.2703683,1.2700857,1.2691576
33_real,-0.2308042,,,,-0.3289446,,,,-0.2548386,,,,,-0.25283572,,,,,,,,,,,,,-0.29689875,,,,,,,,,,,,,,,,,,,,,,,,,,,,,,,,,,,-0.16147538,,,,,,,,
33_gen,-0.2308042,-0.23621759,-0.23718783,-0.23723726,-0.23717003,-0.23789306,-0.23804717,-0.23817861,-0.23763117,-0.23946187,-0.24111566,-0.23762128,-0.2395691,-0.23962042,-0.23920071,-0.23952496,-0.23750713,-0.2353998,-0.23424986,-0.23322245,-0.22911,-0.2256335,-0.22286026,-0.22332287,-0.22222236,-0.2213856,-0.2208871,-0.2210891,-0.22141404,-0.22245038,-0.2222065,-0.22089505,-0.22189741,-0.22212501,-0.21957865,-0.2202462,-0.21983889,-0.22207424,-0.22177558,-0.22272277,-0.22261529,-0.22362955,-0.22530262,-0.22475068,-0.22509809,-0.22434422,-0.22503869,-0.22771215,-0.22750708,-0.22731312,-0.22945742,-0.23179603,-0.23481531,-0.23644419,-0.23831384,-0.23971632,-0.24241407,-0.24182272,-0.24237952,-0.24150734,-0.24235845,-0.24436435,-0.24640314,-0.24671689,-0.24700138,-0.24755844,-0.24637365,-0.24766584,-0.25191924,-0.2532073
34_real,-1.0387602,,,,-1.1130383,,,,-1.064227,,,,,-1.0493714,,,,,,,,,,,,,-1.0026823,,,,,,,,,,,,,,,,,,,,,,,,,,,,,,,,,,,-1.2635177,,,,,,,,
34_gen,-1.0387602,-1.0366621,-1.0328897,-1.0284564,-1.0265707,-1.0240328,-1.0203892,-1.0212508,-1.0172986,-1.0143883,-1.0123508,-1.0084106,-1.0084023,-1.0056282,-1.001868,-0.9999458,-0.99838704,-0.9976057,-0.9947642,-0.9893085,-0.9875647,-0.9845096,-0.98195994,-0.98167706,-0.9837245,-0.9851278,-0.98482597,-0.9851071,-0.9860576,-0.98644096,-0.9865552,-0.98809415,-0.98680866,-0.98875916,-0.9881055,-0.9910285,-0.99186003,-0.9929244,-0.99330294,-0.99548405,-0.99762726,-0.9978701,-0.9992901,-0.999936,-1.0019633,-1.0015666,-1.0026978,-1.0036333,-1.0027485,-1.0044311,-1.0062342,-1.0062115,-1.0060958,-1.0075792,-1.0069461,-1.0086906,-1.0098317,-1.0113465,-1.0127505,-1.0139732,-1.0169055,-1.0172589,-1.0227041,-1.0255903,-1.0253336,-1.028311,-1.0336952,-1.0370136,-1.0371926,-1.0391161
35_real,1.1660297,,,,1.0432996,,,,1.2273947,,,,,1.0969939,,,,,,,,,,,,,1.169865,,,,,,,,,,,,,,,,,,,,,,,,,,,,,,,,,,,1.1858894,,,,,,,,
35_gen,1.1660298,1.163657,1.1617726,1.1638489,1.163471,1.1630852,1.1613667,1.1593773,1.1588442,1.1589744,1.1580876,1.1568075,1.159775,1.1588271,1.1590693,1.1597925,1.1637146,1.1636316,1.1661513,1.165816,1.166374,1.1644287,1.1683955,1.1690327,1.1711977,1.1690159,1.1672703,1.1685112,1.1673218,1.1659164,1.162853,1.1604828,1.1612575,1.1614597,1.1582526,1.1594503,1.1609615,1.1628879,1.161363,1.1604613,1.1623815,1.1624923,1.1643054,1.1622188,1.1614277,1.1611893,1.1601493,1.1619587,1.1587472,1.157553,1.1572899,1.1544228,1.1533735,1.1501131,1.1493086,1.1490234,1.147325,1.144412,1.1411904,1.1378963,1.1378158,1.1366096,1.1354835,1.1366265,1.1353252,1.1335241,1.1288717,1.1257192,1.1224487,1.1221901
36_real,-0.66734207,,,,-0.69314015,,,,-0.59363335,,,,,-0.54940814,,,,,,,,,,,,,-0.60468966,,,,,,,,,,,,,,,,,,,,,,,,,,,,,,,,,,,-0.88604265,,,,,,,,
36_gen,-0.6673421,-0.66309726,-0.660785,-0.65794694,-0.6615788,-0.6572139,-0.66166914,-0.6595375,-0.6573371,-0.65482694,-0.65723604,-0.66158265,-0.65765405,-0.6598984,-0.6599783,-0.6587337,-0.65976727,-0.6586762,-0.65473086,-0.65582526,-0.6572023,-0.6596087,-0.66198635,-0.66516864,-0.670013,-0.67037976,-0.67718875,-0.6758474,-0.6782804,-0.68152636,-0.6805568,-0.6859278,-0.68620557,-0.6906682,-0.6959863,-0.70327723,-0.7010662,-0.70132816,-0.7034825,-0.7008117,-0.70263714,-0.70381606,-0.70666283,-0.7150835,-0.7240283,-0.7223238,-0.7252839,-0.7235052,-0.72259057,-0.72414625,-0.7269853,-0.7277321,-0.7257837,-0.72788966,-0.73023164,-0.73092926,-0.733181,-0.73612267,-0.74004495,-0.7450957,-0.7543192,-0.7546841,-0.75873935,-0.7612025,-0.76148236,-0.7639379,-0.7680362,-0.7678567,-0.76811445,-0.7737758
37_real,-0.06004004,,,,-0.12059162,,,,-0.15160584,,,,,-0.153575,,,,,,,,,,,,,-0.19098899,,,,,,,,,,,,,,,,,,,,,,,,,,,,,,,,,,,-0.31622204,,,,,,,,
37_gen,-0.06004005,-0.063788906,-0.069644935,-0.071564496,-0.07457088,-0.07649692,-0.08065437,-0.08727221,-0.09216504,-0.0975336,-0.101257816,-0.1021922,-0.105581656,-0.10531312,-0.10278283,-0.101168886,-0.107984066,-0.10949252,-0.109023094,-0.113065556,-0.1149796,-0.11761655,-0.11640606,-0.119562306,-0.12562874,-0.12717499,-0.1297768,-0.13007563,-0.13530721,-0.13618919,-0.14009592,-0.14397207,-0.15027681,-0.16002406,-0.16390286,-0.16750588,-0.17173424,-0.17158611,-0.17506944,-0.18136777,-0.1810545,-0.18292198,-0.18654649,-0.19060166,-0.18897109,-0.18837519,-0.19125973,-0.19703971,-0.19742869,-0.19771206,-0.20431383,-0.21006963,-0.21733575,-0.2207967,-0.21998861,-0.22180021,-0.22464684,-0.2267046,-0.22931318,-0.23095699,-0.23928376,-0.2446579,-0.24494651,-0.2449123,-0.24766222,-0.24987522,-0.24996118,-0.2551335,-0.25598818,-0.2555737
38_real,-0.023360342,,,,0.018533029,,,,-0.014981667,,,,,0.008675766,,,,,,,,,,,,,0.074226566,,,,,,,,,,,,,,,,,,,,,,,,,,,,,,,,,,,0.16889957,,,,,,,,
38_gen,-0.023360342,-0.017341102,-0.008377458,-0.0041489946,-0.0012834122,-0.0037546218,-0.001832248,-0.0005570041,-0.0015133123,-0.0016631646,-0.0042691277,-0.00416199,-0.0040796325,-0.0018571749,-0.0042450656,-0.0052712513,-0.008490479,-0.0058510383,-0.004843167,-0.0022038594,-0.0025796979,-0.00034958366,-0.0018686606,-0.0033034359,-0.0069411723,-0.008451419,-0.006673137,-0.00845062,-0.015076637,-0.016317403,-0.014478147,-0.015233798,-0.016198296,-0.019846115,-0.023142198,-0.025552612,-0.030320872,-0.034758307,-0.038336694,-0.040371142,-0.043647446,-0.04655978,-0.048794806,-0.04983014,-0.05087649,-0.056731947,-0.059396524,-0.0600587,-0.06591295,-0.067501836,-0.07288677,-0.07625076,-0.078546666,-0.08213827,-0.087386094,-0.08704089,-0.08802976,-0.092202924,-0.08987091,-0.09091856,-0.09504027,-0.09659673,-0.09645122,-0.094577506,-0.098210916,-0.10223563,-0.10690931,-0.10849959,-0.1135579,-0.117382444
39_real,-0.323182,,,,-0.39636192,,,,-0.40449303,,,,,-0.43213877,,,,,,,,,,,,,-0.39310947,,,,,,,,,,,,,,,,,,,,,,,,,,,,,,,,,,,-0.55402267,,,,,,,,
39_gen,-0.32318202,-0.32387435,-0.32725483,-0.32810298,-0.32667622,-0.32717764,-0.3286995,-0.33016402,-0.3336671,-0.33565456,-0.33821493,-0.33692288,-0.33731177,-0.33824983,-0.33853796,-0.3392617,-0.33871248,-0.33744746,-0.33654308,-0.33673537,-0.3353675,-0.33658665,-0.3372789,-0.3373155,-0.33832893,-0.33954963,-0.34032902,-0.34019455,-0.3407236,-0.34366077,-0.3436162,-0.34598857,-0.35019958,-0.3542575,-0.35689262,-0.3608549,-0.3632136,-0.36321545,-0.36463135,-0.3675788,-0.3697936,-0.37143058,-0.37628388,-0.38006347,-0.3837152,-0.38527334,-0.3859034,-0.39082405,-0.39488974,-0.39748135,-0.40337515,-0.40637025,-0.4086589,-0.41487247,-0.41693765,-0.41922054,-0.42139784,-0.42208093,-0.42368776,-0.42579085,-0.43001574,-0.43268138,-0.4335094,-0.43486547,-0.4375433,-0.4409241,-0.44029388,-0.4443298,-0.44743434,-0.44917592
40_real,0.024278726,,,,-0.048949637,,,,-0.024079626,,,,,-0.14152135,,,,,,,,,,,,,-0.071056314,,,,,,,,,,,,,,,,,,,,,,,,,,,,,,,,,,,-0.33907032,,,,,,,,
40_gen,0.024278728,0.012716639,0.0027210522,-0.0038387787,-0.009166659,-0.010170268,-0.013970271,-0.013990072,-0.0139842685,-0.015153472,-0.019697215,-0.021176089,-0.017675469,-0.018831614,-0.021053936,-0.026219834,-0.02892664,-0.029640755,-0.03501794,-0.038652547,-0.04628935,-0.042950697,-0.048014406,-0.050515644,-0.050678514,-0.04778175,-0.048435602,-0.051329233,-0.05588547,-0.053067304,-0.053643644,-0.058852196,-0.06339191,-0.060340874,-0.059126843,-0.057631142,-0.06084218,-0.06518528,-0.06658244,-0.07045519,-0.07397354,-0.07251601,-0.06926749,-0.06838149,-0.069408834,-0.06557579,-0.07190456,-0.07169934,-0.06632343,-0.06560409,-0.06842696,-0.06978611,-0.068871096,-0.06770313,-0.06950529,-0.07151496,-0.07140207,-0.07251848,-0.0754387,-0.078394786,-0.077699706,-0.07857166,-0.07651992,-0.07613711,-0.08195656,-0.08270864,-0.079418436,-0.083297126,-0.08419414,-0.083866954
41_real,-0.7613655,,,,-0.6386225,,,,-0.60393435,,,,,-1.0815644,,,,,,,,,,,,,-0.65730083,,,,,,,,,,,,,,,,,,,,,,,,,,,,,,,,,,,-0.6526406,,,,,,,,
41_gen,-0.7613655,-0.77208936,-0.782625,-0.7868906,-0.7924503,-0.7984768,-0.8043917,-0.8107012,-0.81839097,-0.81849015,-0.8199196,-0.8223947,-0.82659614,-0.82879066,-0.8330574,-0.83490914,-0.8358989,-0.8422532,-0.84600914,-0.85111696,-0.85391605,-0.85682505,-0.85918456,-0.8585618,-0.8616961,-0.86560345,-0.86555195,-0.8700119,-0.8705303,-0.87508535,-0.87551403,-0.8827615,-0.88572395,-0.8855586,-0.886613,-0.88792944,-0.8895184,-0.8900075,-0.89306223,-0.891559,-0.8971512,-0.89660585,-0.9012254,-0.90686095,-0.90635836,-0.90973586,-0.9127504,-0.9144325,-0.91499215,-0.918383,-0.92167175,-0.9213319,-0.9202644,-0.9216751,-0.9172697,-0.9178378,-0.9188496,-0.91935474,-0.91653377,-0.9142755,-0.9142599,-0.91136616,-0.9130548,-0.9100415,-0.9083489,-0.9105116,-0.9074944,-0.9040346,-0.9047205,-0.90868264
42_real,-1.4801514,,,,-1.4267411,,,,-1.5335618,,,,,-1.5656081,,,,,,,,,,,,,-1.3973653,,,,,,,,,,,,,,,,,,,,,,,,,,,,,,,,,,,-1.5898417,,,,,,,,
42_gen,-1.4801513,-1.4902158,-1.4985805,-1.5035107,-1.5082886,-1.5151734,-1.5208467,-1.5246413,-1.5291717,-1.5343049,-1.539026,-1.544836,-1.5493579,-1.5541775,-1.5575509,-1.5614424,-1.5666286,-1.5707089,-1.5724485,-1.5777956,-1.5811017,-1.583602,-1.5884062,-1.5926582,-1.598531,-1.6032015,-1.608394,-1.6156218,-1.6208389,-1.6252753,-1.6295669,-1.636308,-1.6396453,-1.6434135,-1.6478479,-1.6515427,-1.6565058,-1.6624081,-1.666593,-1.6686535,-1.6717682,-1.6747599,-1.6788887,-1.6821495,-1.6861029,-1.6899874,-1.694677,-1.6984762,-1.7042046,-1.7097881,-1.7164847,-1.7196896,-1.7255061,-1.7283789,-1.733772,-1.7358291,-1.7405643,-1.7435968,-1.7483389,-1.7518749,-1.7556702,-1.7591898,-1.7650229,-1.770293,-1.7741957,-1.7802376,-1.7837334,-1.7892605,-1.7941818,-1.79999
43_real,-1.3943914,,,,-1.3810855,,,,-1.3677796,,,,,-1.274638,,,,,,,,,,,,,-1.1748437,,,,,,,,,,,,,,,,,,,,,,,,,,,,,,,,,,,-1.41523,,,,,,,,
43_gen,-1.3943913,-1.4006822,-1.4049044,-1.4068154,-1.4124968,-1.416032,-1.41884,-1.4213763,-1.4262946,-1.4319181,-1.4345194,-1.4363604,-1.4384199,-1.4431108,-1.4466097,-1.4482117,-1.4482387,-1.4508083,-1.4542592,-1.4557738,-1.4588581,-1.4604156,-1.4618851,-1.4649613,-1.4685271,-1.4736974,-1.477397,-1.4795102,-1.4836754,-1.4884793,-1.492575,-1.4962509,-1.5000985,-1.5046786,-1.5077018,-1.5097595,-1.5138996,-1.5155381,-1.5178266,-1.5226562,-1.5262132,-1.5303934,-1.5340016,-1.5359098,-1.5406581,-1.5453712,-1.5498142,-1.5522344,-1.5567098,-1.5609976,-1.563555,-1.5684671,-1.5728804,-1.5769663,-1.5818963,-1.5853858,-1.5891887,-1.592747,-1.5962075,-1.6009862,-1.6052153,-1.60628,-1.6099619,-1.6151791,-1.6187241,-1.6233289,-1.6241697,-1.6271696,-1.6306174,-1.6352465
44_real,-0.27430597,,,,-0.5630682,,,,-0.44908312,,,,,-0.6694543,,,,,,,,,,,,,-0.60106325,,,,,,,,,,,,,,,,,,,,,,,,,,,,,,,,,,,-0.38920996,,,,,,,,
44_gen,-0.274306,-0.2771826,-0.28263238,-0.2851879,-0.28757244,-0.2915209,-0.2958743,-0.2995743,-0.30558714,-0.31073153,-0.31372935,-0.32062945,-0.32456633,-0.32715648,-0.33288926,-0.33686763,-0.33985844,-0.34227607,-0.342961,-0.3458628,-0.3473665,-0.35068393,-0.35446742,-0.35563412,-0.3614375,-0.36239663,-0.3655741,-0.37022722,-0.37402433,-0.37649488,-0.37609774,-0.3778321,-0.37797892,-0.3806271,-0.38362762,-0.38595682,-0.3865996,-0.38791126,-0.38850474,-0.39124936,-0.39060414,-0.3940339,-0.39735073,-0.3982911,-0.39985886,-0.40316144,-0.40867725,-0.4117877,-0.41931868,-0.4215606,-0.42340845,-0.4257455,-0.42946762,-0.42889675,-0.4314188,-0.43170127,-0.43424398,-0.4372025,-0.44046274,-0.44333392,-0.44418564,-0.4473142,-0.44723302,-0.4508192,-0.45338434,-0.45718813,-0.4584689,-0.4599673,-0.4633556,-0.46817356
45_real,0.015198841,,,,0.11818534,,,,-0.060685948,,,,,0.18864979,,,,,,,,,,,,,0.099214144,,,,,,,,,,,,,,,,,,,,,,,,,,,,,,,,,,,-0.12734254,,,,,,,,
45_gen,0.01519884,0.013529791,0.010251273,0.0076554255,0.0035229176,0.0007582739,-0.0034279586,-0.005626522,-0.0071866573,-0.011908303,-0.01830229,-0.021320783,-0.02550682,-0.02799356,-0.032760024,-0.03566968,-0.039323356,-0.04221547,-0.04451444,-0.045517962,-0.046826556,-0.05120034,-0.05360681,-0.05568401,-0.060049646,-0.061998654,-0.06555475,-0.065766014,-0.067075,-0.06952031,-0.0707686,-0.072916426,-0.075124644,-0.07682575,-0.07958484,-0.08354198,-0.08416714,-0.087707,-0.0913157,-0.09250051,-0.097190455,-0.10022955,-0.1023276,-0.10417861,-0.108084835,-0.110282525,-0.11372125,-0.11667887,-0.12108852,-0.122550026,-0.12248154,-0.12532215,-0.12882873,-0.1304254,-0.1318781,-0.13290694,-0.1337757,-0.13727348,-0.13910003,-0.1415342,-0.14511795,-0.1477466,-0.14861444,-0.1501687,-0.14994518,-0.15246047,-0.1537686,-0.15432088,-0.15615046,-0.1563445
46_real,-0.075302795,,,,-0.20586309,,,,-0.008504503,,,,,-0.1390648,,,,,,,,,,,,,-0.060121365,,,,,,,,,,,,,,,,,,,,,,,,,,,,,,,,,,,-0.25710726,,,,,,,,
46_gen,-0.07530279,-0.082794465,-0.0907664,-0.095834024,-0.101683296,-0.108831,-0.11555052,-0.12188387,-0.12578097,-0.1321393,-0.13671647,-0.14192507,-0.14662144,-0.1506016,-0.15650935,-0.16023588,-0.16473551,-0.16706589,-0.17056535,-0.17531729,-0.17885487,-0.18312871,-0.18559963,-0.18836835,-0.19195797,-0.19486935,-0.19904293,-0.20475972,-0.20901108,-0.21194625,-0.21542294,-0.21770816,-0.22106564,-0.22332692,-0.226162,-0.22907133,-0.23221931,-0.23568639,-0.23923731,-0.24258998,-0.2455893,-0.24960813,-0.25149253,-0.25460798,-0.256944,-0.26012927,-0.2640751,-0.2662272,-0.2699329,-0.2727026,-0.27565843,-0.27789468,-0.28180096,-0.28519386,-0.2884311,-0.29273397,-0.29481304,-0.2973288,-0.3013783,-0.30399495,-0.30694324,-0.31022716,-0.31407863,-0.31669205,-0.31985822,-0.32188284,-0.32504958,-0.32820013,-0.33207306,-0.33573848
47_real,0.1401564,,,,0.09251404,,,,0.01537878,,,,,-0.036800954,,,,,,,,,,,,,-0.026591877,,,,,,,,,,,,,,,,,,,,,,,,,,,,,,,,,,,-0.15043285,,,,,,,,
47_gen,0.1401564,0.13461483,0.12832801,0.12306543,0.11771388,0.11292241,0.10828086,0.10220079,0.097945295,0.09325309,0.08677432,0.08150916,0.07622658,0.071233764,0.06491288,0.059120953,0.05406038,0.048641704,0.04511627,0.039736226,0.034342907,0.029231038,0.023419574,0.01828269,0.012576568,0.009663893,0.0051875077,-4.262235e-05,-0.0059509017,-0.011151755,-0.015295589,-0.01932236,-0.024386572,-0.029987257,-0.03441289,-0.03852676,-0.043836385,-0.049251184,-0.053515635,-0.058331273,-0.06299585,-0.06879966,-0.07197209,-0.07727834,-0.08212845,-0.08690938,-0.09081074,-0.096766084,-0.10177261,-0.10871301,-0.11250897,-0.11701281,-0.12265543,-0.12743583,-0.13082747,-0.13456681,-0.1395213,-0.14517382,-0.14921442,-0.15457144,-0.15803605,-0.16339353,-0.17060475,-0.1746606,-0.17848346,-0.18262967,-0.18753764,-0.1939652,-0.1984345,-0.20449677
48_real,0.4553647,,,,0.33993766,,,,0.2540712,,,,,0.19495006,,,,,,,,,,,,,0.1597589,,,,,,,,,,,,,,,,,,,,,,,,,,,,,,,,,,,0.08643616,,,,,,,,
48_gen,0.4553647,0.44353804,0.4352255,0.42764306,0.42274746,0.41653576,0.41096902,0.40680188,0.40282345,0.39635906,0.3902987,0.3845443,0.37874803,0.37339863,0.36944172,0.36340362,0.35992742,0.35402793,0.35000595,0.34464204,0.34091672,0.33650655,0.3334599,0.32652307,0.3204817,0.31701925,0.31553212,0.31180638,0.30669072,0.30320066,0.29819158,0.293678,0.2901526,0.28539473,0.28205186,0.27925947,0.2751819,0.2727695,0.26761103,0.2614559,0.25667444,0.25051337,0.24540356,0.24342926,0.23938183,0.23646662,0.23455127,0.23050603,0.22659609,0.2247806,0.22005227,0.21567091,0.21455267,0.21159787,0.20684716,0.20295188,0.19683573,0.19267988,0.18708967,0.1842243,0.1806693,0.17604348,0.1701357,0.16567658,0.1610159,0.15672447,0.15408215,0.15085664,0.14418657,0.1427234
49_real,-0.26960087,,,,-0.3977393,,,,-0.33895412,,,,,-0.43935123,,,,,,,,,,,,,-0.34621972,,,,,,,,,,,,,,,,,,,,,,,,,,,,,,,,,,,-0.3733237,,,,,,,,
49_gen,-0.26960087,-0.2735769,-0.27699998,-0.277695,-0.2813365,-0.2897418,-0.29696265,-0.30334264,-0.31408456,-0.32132533,-0.32987434,-0.34005103,-0.34763995,-0.35498032,-0.36189285,-0.37047306,-0.3771809,-0.38362122,-0.39052278,-0.39616463,-0.40618008,-0.41262674,-0.4198118,-0.4246944,-0.43231863,-0.437277,-0.44316787,-0.44976997,-0.45696893,-0.46413034,-0.47146907,-0.47732496,-0.48270828,-0.49212232,-0.5001138,-0.5046259,-0.50924844,-0.5129651,-0.5201335,-0.52734023,-0.5360474,-0.54078656,-0.54792666,-0.55436057,-0.5637889,-0.57106155,-0.57705265,-0.58470523,-0.5910126,-0.5974306,-0.60400605,-0.60919964,-0.6155776,-0.62408435,-0.6325047,-0.63774914,-0.6439711,-0.653638,-0.6609298,-0.6708941,-0.67591524,-0.6826223,-0.69140846,-0.69587123,-0.70445454,-0.710675,-0.7191712,-0.7266081,-0.73201346,-0.7393284
50_real,-0.30759093,,,,-0.39029878,,,,-0.37454492,,,,,-0.4362476,,,,,,,,,,,,,-0.49007332,,,,,,,,,,,,,,,,,,,,,,,,,,,,,,,,,,,-0.42191187,,,,,,,,
50_gen,-0.30759093,-0.31040955,-0.3177425,-0.3199894,-0.3254558,-0.33333892,-0.33923608,-0.34637544,-0.3554732,-0.36069793,-0.36563602,-0.37287012,-0.37891203,-0.38522437,-0.38937435,-0.39706948,-0.40099078,-0.40701532,-0.40903592,-0.41465616,-0.418593,-0.42590207,-0.42848188,-0.43243402,-0.43692654,-0.4409186,-0.4465681,-0.45267248,-0.45881194,-0.46543735,-0.46782136,-0.4716052,-0.4766693,-0.48218527,-0.48889667,-0.4941674,-0.49471012,-0.5001434,-0.5062436,-0.5131961,-0.5179423,-0.52173305,-0.5259494,-0.53039926,-0.53152406,-0.53639024,-0.54340935,-0.54844964,-0.553616,-0.5588239,-0.5653118,-0.5654372,-0.5701156,-0.57409847,-0.5798187,-0.58550096,-0.5921243,-0.5985621,-0.60566986,-0.6098595,-0.61321473,-0.6190772,-0.62581456,-0.63174385,-0.6361006,-0.6396939,-0.64892507,-0.6541978,-0.660072,-0.6651641
51_real,-0.03662267,,,,0.24166982,,,,0.37962678,,,,,0.053762924,,,,,,,,,,,,,0.35108396,,,,,,,,,,,,,,,,,,,,,,,,,,,,,,,,,,,0.23804241,,,,,,,,
51_gen,-0.03662267,-0.051401913,-0.06374271,-0.07252891,-0.079970434,-0.08250183,-0.086775646,-0.092524745,-0.096071266,-0.10061953,-0.10395769,-0.10991915,-0.11592348,-0.123306975,-0.12614417,-0.13046743,-0.13798138,-0.14264372,-0.14990242,-0.1546986,-0.16379769,-0.1664161,-0.1706982,-0.17536978,-0.18036486,-0.18269774,-0.18478921,-0.18868336,-0.19112194,-0.19326702,-0.19654593,-0.1997051,-0.19970827,-0.20401938,-0.20566127,-0.20644584,-0.21055813,-0.21469803,-0.22211793,-0.22503968,-0.2265304,-0.22899087,-0.2327818,-0.23364064,-0.23564732,-0.24266818,-0.24704829,-0.25205654,-0.25622374,-0.2586733,-0.25975254,-0.26398242,-0.26979455,-0.26854652,-0.2723028,-0.2742764,-0.27974233,-0.2849268,-0.28565913,-0.28984788,-0.29511058,-0.29967788,-0.30175722,-0.30491656,-0.30732435,-0.31101733,-0.31335986,-0.31933632,-0.3248977,-0.3253489
52_real,-0.07517158,,,,0.11639266,,,,0.1556287,,,,,-0.09132761,,,,,,,,,,,,,0.24564081,,,,,,,,,,,,,,,,,,,,,,,,,,,,,,,,,,,-0.0894807,,,,,,,,
52_gen,-0.07517158,-0.081981555,-0.08782688,-0.09774909,-0.10363754,-0.11092409,-0.11635145,-0.1274169,-0.13258216,-0.13844974,-0.14054742,-0.14527261,-0.15052348,-0.15372868,-0.16160166,-0.16992599,-0.18058272,-0.18260503,-0.18866219,-0.19435675,-0.19803542,-0.20216417,-0.20157838,-0.20542626,-0.20860639,-0.21116611,-0.21294527,-0.21862753,-0.2231518,-0.226102,-0.23108499,-0.23148747,-0.23146684,-0.23381376,-0.2345612,-0.2356532,-0.24123533,-0.24489371,-0.24785033,-0.24737485,-0.24955472,-0.25261107,-0.2565932,-0.26043954,-0.26640242,-0.26973906,-0.27313727,-0.2783947,-0.28460374,-0.2892015,-0.29491672,-0.29405922,-0.30033803,-0.30621362,-0.31143612,-0.3159019,-0.3196219,-0.32387504,-0.32973033,-0.33471146,-0.33411944,-0.33965808,-0.34698054,-0.353424,-0.35648027,-0.358886,-0.36316615,-0.36365065,-0.36429858,-0.36638117
53_real,0.6020246,,,,0.28242102,,,,0.32782918,,,,,0.42039198,,,,,,,,,,,,,0.16890062,,,,,,,,,,,,,,,,,,,,,,,,,,,,,,,,,,,0.8334989,,,,,,,,
53_gen,0.6020246,0.5956076,0.5925263,0.58499205,0.5766862,0.5768789,0.56582236,0.56337965,0.5582112,0.5557354,0.5505609,0.5428894,0.539734,0.5336448,0.5313247,0.5263697,0.52260435,0.5161585,0.51345605,0.51024073,0.5050744,0.49875855,0.49115354,0.49118155,0.48142132,0.47470236,0.47127867,0.4636919,0.45754138,0.45205504,0.44967756,0.4413649,0.43278465,0.42692608,0.4191362,0.41327643,0.4064518,0.40628356,0.40136045,0.39560363,0.39533892,0.3898741,0.39035887,0.38451976,0.3791182,0.37762818,0.3695623,0.36882585,0.36728397,0.36402598,0.35689867,0.3501708,0.3412558,0.33333257,0.3256549,0.31390086,0.31440294,0.30866057,0.30387977,0.2985326,0.29077688,0.2843899,0.28014132,0.27999452,0.2764168,0.27399802,0.2692396,0.26202923,0.2588182,0.25514102
54_real,-0.21277356,,,,-0.63178307,,,,-0.60809994,,,,,-0.45689216,,,,,,,,,,,,,-0.5425158,,,,,,,,,,,,,,,,,,,,,,,,,,,,,,,,,,,-0.29046115,,,,,,,,
54_gen,-0.21277356,-0.21844943,-0.22133693,-0.22930136,-0.23613751,-0.2393719,-0.24869582,-0.25315136,-0.2575263,-0.2612161,-0.2699947,-0.27189094,-0.2743325,-0.28357404,-0.2950057,-0.30211395,-0.30776745,-0.31396323,-0.31917998,-0.3278771,-0.33336896,-0.34138852,-0.34777746,-0.35642362,-0.36043817,-0.36569804,-0.3736589,-0.37652856,-0.3809468,-0.38924912,-0.3947971,-0.404244,-0.40969262,-0.41446614,-0.41861016,-0.42588678,-0.4305738,-0.43109965,-0.43719658,-0.44750276,-0.44892254,-0.45456323,-0.46523157,-0.47053847,-0.47635633,-0.4810992,-0.487789,-0.4922288,-0.5019433,-0.5080921,-0.51291645,-0.52018225,-0.5257883,-0.5340172,-0.5373046,-0.541348,-0.54528475,-0.55278015,-0.5581683,-0.5698676,-0.57681125,-0.58905685,-0.5945973,-0.60558283,-0.6127819,-0.6234404,-0.628793,-0.6377838,-0.6461681,-0.65154785
55_real,0.5362035,,,,0.48246413,,,,0.5268575,,,,,0.36563945,,,,,,,,,,,,,0.4918101,,,,,,,,,,,,,,,,,,,,,,,,,,,,,,,,,,,0.48719287,,,,,,,,
55_gen,0.53620344,0.5314045,0.5272765,0.52140677,0.51547563,0.51156974,0.507216,0.5048553,0.50019443,0.49616712,0.49225506,0.48910427,0.4834413,0.48211178,0.4777978,0.4752937,0.47041026,0.4684264,0.46741495,0.46328345,0.46025372,0.45850125,0.45592403,0.45228523,0.44852242,0.44685048,0.44352812,0.4396935,0.43401518,0.42824516,0.42604214,0.4247221,0.42332664,0.41875762,0.41692334,0.41402978,0.41146365,0.41020364,0.40792218,0.4036246,0.39833862,0.39456397,0.39207536,0.38943,0.3866422,0.38347945,0.37820262,0.37445077,0.3720041,0.36971554,0.36678046,0.36364913,0.36239666,0.35866362,0.35728687,0.35355365,0.3497973,0.34718728,0.34331554,0.34230864,0.3383698,0.3349657,0.33262205,0.33118606,0.32695192,0.3229043,0.3164132,0.31330007,0.30929166,0.30420917
56_real,0.07042317,,,,-0.1074649,,,,-0.21656959,,,,,0.04433292,,,,,,,,,,,,,0.11548816,,,,,,,,,,,,,,,,,,,,,,,,,,,,,,,,,,,0.2750421,,,,,,,,
56_gen,0.07042318,0.066868685,0.06257902,0.055774562,0.051923275,0.04820461,0.04742873,0.045459844,0.045346502,0.043967243,0.03746087,0.034652453,0.029925888,0.026932472,0.024931278,0.023113009,0.01741451,0.012485215,0.006412232,0.0029358803,-0.0017503425,-0.0069185966,-0.010343602,-0.013449868,-0.015030816,-0.016020883,-0.019060757,-0.020629115,-0.024047483,-0.028088748,-0.033414535,-0.038865034,-0.039305158,-0.041792665,-0.044023253,-0.04496876,-0.04378765,-0.047374412,-0.0489705,-0.050231945,-0.052828103,-0.05518102,-0.058643766,-0.058419675,-0.060106117,-0.062919095,-0.06290079,-0.06490328,-0.06559885,-0.066970706,-0.06977978,-0.07079579,-0.07295731,-0.07299359,-0.07260838,-0.073541,-0.07856949,-0.08191292,-0.087178335,-0.08982898,-0.09063499,-0.08975442,-0.09289387,-0.09494342,-0.09607919,-0.09855374,-0.10043411,-0.10235721,-0.10294465,-0.1045586
57_real,-0.6349409,,,,-0.8248684,,,,-0.6923608,,,,,-0.8337022,,,,,,,,,,,,,-0.79836684,,,,,,,,,,,,,,,,,,,,,,,,,,,,,,,,,,,-0.5789335,,,,,,,,
57_gen,-0.634941,-0.64244556,-0.6475916,-0.6554491,-0.66151154,-0.6701498,-0.67744434,-0.68423265,-0.68648356,-0.69232637,-0.6978731,-0.7058446,-0.7120027,-0.7182605,-0.7258915,-0.73230904,-0.7393543,-0.7487222,-0.752923,-0.7587622,-0.76232445,-0.7713874,-0.7787335,-0.78305197,-0.7913871,-0.7975577,-0.8038732,-0.81141627,-0.8167573,-0.8230461,-0.8273555,-0.8365675,-0.84101474,-0.8465363,-0.85363567,-0.86009884,-0.866295,-0.8734412,-0.88146305,-0.8870187,-0.89421546,-0.89774895,-0.9028729,-0.9104055,-0.91663104,-0.9246937,-0.9309678,-0.93713236,-0.94164467,-0.94748116,-0.9528111,-0.9615485,-0.96683484,-0.9695266,-0.97023714,-0.97767276,-0.9848458,-0.9921538,-0.9983619,-1.0050989,-1.0122256,-1.0171373,-1.0236115,-1.029128,-1.0356597,-1.0406123,-1.0459778,-1.055711,-1.0642079,-1.070956
58_real,0.40419862,,,,0.1277901,,,,0.3048643,,,,,0.28326988,,,,,,,,,,,,,0.37396643,,,,,,,,,,,,,,,,,,,,,,,,,,,,,,,,,,,0.24365509,,,,,,,,
58_gen,0.4041986,0.3900071,0.3802651,0.37488678,0.36968303,0.36160383,0.35348064,0.34663367,0.3399536,0.3343025,0.32885382,0.31992674,0.31189653,0.30483362,0.2943807,0.28621665,0.27885666,0.27011123,0.2575335,0.25136134,0.24414234,0.23471388,0.2260859,0.21543893,0.21196644,0.2041014,0.19943854,0.19450036,0.1834801,0.17223349,0.16485107,0.1591545,0.15160549,0.14555335,0.1376486,0.12895739,0.12461148,0.12302599,0.117560744,0.11385415,0.10863356,0.10265763,0.09488973,0.08917114,0.08439789,0.077920094,0.07389164,0.07064681,0.06926559,0.0613827,0.055606663,0.046059478,0.038551085,0.035009503,0.030534586,0.024399498,0.014610611,0.0057803257,-7.116273e-05,-0.0044734874,-0.013030969,-0.018984258,-0.02501981,-0.03574108,-0.04123523,-0.046595316,-0.053041704,-0.058241744,-0.06408033,-0.071100034
59_real,0.54444623,,,,0.4112896,,,,0.35560593,,,,,0.38223726,,,,,,,,,,,,,0.3435008,,,,,,,,,,,,,,,,,,,,,,,,,,,,,,,,,,,0.42504066,,,,,,,,
59_gen,0.5444462,0.5415851,0.5389013,0.5380882,0.539742,0.5389706,0.53487915,0.52753085,0.5252778,0.5219822,0.51692444,0.51279676,0.5096375,0.5059063,0.5025104,0.498022,0.49662796,0.49521327,0.49257478,0.49220538,0.49048805,0.48707873,0.4836883,0.48217407,0.4792257,0.4769501,0.47506174,0.47165212,0.4690915,0.46787697,0.46737766,0.46527117,0.46313924,0.459097,0.4555971,0.45413965,0.45120543,0.44887942,0.4496562,0.4487315,0.44844818,0.44767088,0.44473934,0.44054514,0.43657523,0.43444094,0.4306611,0.42840737,0.4269144,0.42478973,0.42177257,0.4193171,0.41435966,0.40954885,0.407831,0.40357503,0.39900988,0.39499727,0.391224,0.38788646,0.3865562,0.38015008,0.37819582,0.3758973,0.37277788,0.3690754,0.36312917,0.35901523,0.35496324,0.35346335
60_real,0.58242404,,,,0.6135147,,,,0.6690337,,,,,0.518022,,,,,,,,,,,,,0.53134656,,,,,,,,,,,,,,,,,,,,,,,,,,,,,,,,,,,0.81649643,,,,,,,,
60_gen,0.5824241,0.57339656,0.56840837,0.56219494,0.5619141,0.55932844,0.5572268,0.55332255,0.55008626,0.5479858,0.5440583,0.54209006,0.5395249,0.5395068,0.5364627,0.5350652,0.5323286,0.53082883,0.52846634,0.5226611,0.5207018,0.5191783,0.5169076,0.5130377,0.5103682,0.50657386,0.5055799,0.5020962,0.5016054,0.5006403,0.49418324,0.4911905,0.48777547,0.48497838,0.48443708,0.48134547,0.47808748,0.47418648,0.47238111,0.46923852,0.46540326,0.46283516,0.45963845,0.4586996,0.4571599,0.4542222,0.4491918,0.44724888,0.44357267,0.44041806,0.43518123,0.43165597,0.4263803,0.4225449,0.4217194,0.41820478,0.4167273,0.41231856,0.4096776,0.40448317,0.40008083,0.39877042,0.3968475,0.39499304,0.3941159,0.3902534,0.38824242,0.38491607,0.38183445,0.3811929
61_real,0.5086265,,,,0.4600372,,,,0.4670905,,,,,0.36129114,,,,,,,,,,,,,0.41458267,,,,,,,,,,,,,,,,,,,,,,,,,,,,,,,,,,,0.43578148,,,,,,,,
61_gen,0.5086265,0.49670768,0.49070352,0.48321334,0.47973552,0.47596842,0.4669904,0.46267867,0.45626187,0.4487031,0.44084516,0.43416554,0.42955017,0.4217495,0.41442093,0.40535587,0.40159065,0.39906937,0.39680833,0.39333573,0.39042252,0.38524055,0.3809003,0.37306485,0.36601162,0.3609076,0.35296717,0.350246,0.3441359,0.3326096,0.32657814,0.32109496,0.31272364,0.3060841,0.30026376,0.2946157,0.28651774,0.27777398,0.2747909,0.2691115,0.26288968,0.25758865,0.24543898,0.24227639,0.23718219,0.23118725,0.23116708,0.22439972,0.21828118,0.21208577,0.20561187,0.1992795,0.18998554,0.18276969,0.17781326,0.1739609,0.16753545,0.15729132,0.14830889,0.14367773,0.13354063,0.12762125,0.11903199,0.108853295,0.0972724,0.08736893,0.079273626,0.06904485,0.058684487,0.05386851
62_real,0.6218261,,,,0.5864287,,,,0.5856592,,,,,0.5063997,,,,,,,,,,,,,0.5979713,,,,,,,,,,,,,,,,,,,,,,,,,,,,,,,,,,,0.584108,,,,,,,,
62_gen,0.6218261,0.61101604,0.601427,0.59524244,0.58924824,0.58885,0.582263,0.58035123,0.5781101,0.5706533,0.5665655,0.5611561,0.5545944,0.54820764,0.54406023,0.53729355,0.53465927,0.5281068,0.5210374,0.516082,0.50982314,0.5018057,0.49759007,0.4924085,0.4844566,0.48195505,0.47523513,0.47092932,0.46608025,0.46101084,0.46094123,0.46350056,0.45457563,0.44678345,0.4415613,0.44169474,0.4342579,0.4289446,0.4228221,0.42027146,0.41582042,0.41332427,0.40583953,0.40562505,0.40283665,0.39814317,0.39445972,0.38858086,0.38539863,0.37913534,0.37065044,0.3635667,0.35973665,0.35202363,0.34472883,0.3401788,0.33030063,0.3192039,0.31130028,0.3016898,0.29571122,0.2900117,0.28070843,0.27653688,0.26791936,0.26074976,0.256101,0.2506021,0.24419704,0.23519425
63_real,0.65662897,,,,0.40930805,,,,0.34817255,,,,,0.28147927,,,,,,,,,,,,,0.33705702,,,,,,,,,,,,,,,,,,,,,,,,,,,,,,,,,,,0.33466274,,,,,,,,
63_gen,0.656629,0.6451294,0.63319397,0.6242521,0.61657333,0.60678774,0.59855014,0.59039074,0.582516,0.5762174,0.57155746,0.5649548,0.56167275,0.5572766,0.5531818,0.5448731,0.54107624,0.53766334,0.53003436,0.5251581,0.51745594,0.50948447,0.50686824,0.50002253,0.49278146,0.48553848,0.4784596,0.4705178,0.46701947,0.4612475,0.45689112,0.4512929,0.44613975,0.44222707,0.4369751,0.43210578,0.42537516,0.41870537,0.41215143,0.40818244,0.40148482,0.39704263,0.39372575,0.38863903,0.3835054,0.379304,0.37474054,0.36887795,0.3664753,0.36093432,0.35470045,0.34946957,0.34344807,0.3398438,0.33372742,0.32882386,0.32164508,0.31522974,0.3074662,0.30244192,0.29716966,0.2930552,0.28847402,0.28426152,0.2797439,0.27226126,0.26556122,0.2606037,0.24936087,0.24491172
64_real,0.69810313,,,,0.50595653,,,,0.65006644,,,,,0.5780115,,,,,,,,,,,,,0.5566619,,,,,,,,,,,,,,,,,,,,,,,,,,,,,,,,,,,0.45148408,,,,,,,,
64_gen,0.6981031,0.6894689,0.6859942,0.67941546,0.67095315,0.66231817,0.65489614,0.64439386,0.63630974,0.62876475,0.62401026,0.6178254,0.61041075,0.6034301,0.5994209,0.5928651,0.5871352,0.57695544,0.56752014,0.5598981,0.5533854,0.54608345,0.5360132,0.53001684,0.5243629,0.51502174,0.50890166,0.5011158,0.4936153,0.4862383,0.47860613,0.4699824,0.46623436,0.45672598,0.45032436,0.44280156,0.4339745,0.42583895,0.42091972,0.41514787,0.40949422,0.40255743,0.39261362,0.3866882,0.37661743,0.36614853,0.35783356,0.35392258,0.3448969,0.33748567,0.33055672,0.3224427,0.31704548,0.30928674,0.29921883,0.29030168,0.28057277,0.27230412,0.26476687,0.25647298,0.24991456,0.24185309,0.23638216,0.22890799,0.22069654,0.21228929,0.20467131,0.19858499,0.18960282,0.18468417
65_real,0.30490404,,,,0.1450864,,,,0.20901345,,,,,0.31289494,,,,,,,,,,,,,0.19303168,,,,,,,,,,,,,,,,,,,,,,,,,,,,,,,,,,,0.12581863,,,,,,,,
65_gen,0.304904,0.29788712,0.28755227,0.2838025,0.2738735,0.26793045,0.26388845,0.2593942,0.25557125,0.25080737,0.24504292,0.23915295,0.23531249,0.22963794,0.22208183,0.21622252,0.21452256,0.21071692,0.20562062,0.19988857,0.19565323,0.18908279,0.18633524,0.17947188,0.17619307,0.16973493,0.16511859,0.1589135,0.15208195,0.14714645,0.14187957,0.13897854,0.13444561,0.13165456,0.12161857,0.11330134,0.10472737,0.0968911,0.092599496,0.08322638,0.07951817,0.077166006,0.07280618,0.07168806,0.06684005,0.059920024,0.054727472,0.04862152,0.044476453,0.037349395,0.03168286,0.027900215,0.020350296,0.016174214,0.0075235097,0.0018754959,-0.0058888732,-0.011424946,-0.015586698,-0.017156336,-0.027282258,-0.029077718,-0.033632677,-0.038785286,-0.044340376,-0.0478426,-0.054317523,-0.059737485,-0.06324813,-0.06690651
66_real,0.48045015,,,,0.3809426,,,,0.3892349,,,,,0.44728097,,,,,,,,,,,,,0.3892349,,,,,,,,,,,,,,,,,,,,,,,,,,,,,,,,,,,0.32083744,,,,,,,,
66_gen,0.48045015,0.47530428,0.4746283,0.4655539,0.46234322,0.45948067,0.45021805,0.44602728,0.44247913,0.4328122,0.4302233,0.4259007,0.41917592,0.41517577,0.41043085,0.40952605,0.40483123,0.39693892,0.39105648,0.38779473,0.38649654,0.38244548,0.37870148,0.36959198,0.36282164,0.3582013,0.35729128,0.3498228,0.34512073,0.3422462,0.3394561,0.3361027,0.3344729,0.33283898,0.32576588,0.32563028,0.3221364,0.31505066,0.30911586,0.3030231,0.29883683,0.29129213,0.28216124,0.27355224,0.26575446,0.258767,0.25132602,0.2421935,0.24010687,0.23092318,0.22358093,0.2202642,0.21386728,0.2116935,0.20681803,0.20254612,0.19983941,0.19478568,0.18756612,0.18440673,0.17874256,0.16741018,0.16056904,0.15395029,0.14439014,0.13840142,0.1329453,0.12707776,0.12247439,0.11667745
67_real,-0.05394498,,,,-0.1324311,,,,-0.1038907,,,,,-0.12172846,,,,,,,,,,,,,-0.03253967,,,,,,,,,,,,,,,,,,,,,,,,,,,,,,,,,,,-0.12791564,,,,,,,,
67_gen,-0.053944983,-0.06241106,-0.0696515,-0.07117976,-0.076632895,-0.081927255,-0.08538826,-0.089991,-0.09624272,-0.09790724,-0.10397671,-0.10577281,-0.11171081,-0.11607905,-0.122176446,-0.12633324,-0.1339569,-0.1417829,-0.14391026,-0.14724997,-0.15203391,-0.15688145,-0.16279228,-0.17038304,-0.17791402,-0.18420103,-0.18948105,-0.19284011,-0.19748579,-0.20444624,-0.20946653,-0.21672983,-0.22164273,-0.2270972,-0.23062953,-0.2360206,-0.24040434,-0.25132698,-0.25653028,-0.2622481,-0.2669136,-0.27265483,-0.2758605,-0.28095672,-0.28717917,-0.29714435,-0.30130845,-0.30542168,-0.31089813,-0.31976324,-0.32828254,-0.33468056,-0.34266365,-0.34673136,-0.35018513,-0.35483626,-0.36034137,-0.3695483,-0.37194437,-0.37825295,-0.3867361,-0.3943135,-0.4059474,-0.41055837,-0.41781268,-0.4280339,-0.43679395,-0.44757706,-0.45355567,-0.46121997
68_real,-0.1580115,,,,-0.14612602,,,,-0.10452684,,,,,-0.06589903,,,,,,,,,,,,,0.07672673,,,,,,,,,,,,,,,,,,,,,,,,,,,,,,,,,,,-0.21006918,,,,,,,,
68_gen,-0.15801148,-0.16678903,-0.17630872,-0.17990722,-0.1836845,-0.18748668,-0.19425027,-0.19910417,-0.20485632,-0.21094501,-0.21637683,-0.22100699,-0.22772542,-0.2365988,-0.24057987,-0.24547665,-0.25244576,-0.25261763,-0.2553952,-0.26040077,-0.265301,-0.2667652,-0.26968727,-0.2753219,-0.28054562,-0.28674114,-0.28923306,-0.29098633,-0.29308453,-0.2962839,-0.30094805,-0.3085379,-0.31898957,-0.32459646,-0.33419994,-0.33885747,-0.3467311,-0.35286528,-0.35659122,-0.35861406,-0.36332327,-0.37222272,-0.37903807,-0.38584808,-0.39014584,-0.3909001,-0.39328647,-0.39607376,-0.4000631,-0.4081114,-0.40928382,-0.4158803,-0.4193209,-0.42521995,-0.43363357,-0.4379754,-0.43999147,-0.44093838,-0.44683647,-0.45379782,-0.45999828,-0.4670016,-0.47298884,-0.48036832,-0.48694602,-0.49519372,-0.49832448,-0.50290066,-0.5061232,-0.5135608
69_real,0.034741506,,,,0.015391388,,,,-0.053409036,,,,,-0.08350922,,,,,,,,,,,,,-0.034058917,,,,,,,,,,,,,,,,,,,,,,,,,,,,,,,,,,,-0.1929373,,,,,,,,
69_gen,0.03474151,0.027971655,0.023856398,0.019388365,0.016354425,0.009593917,0.009386646,0.0061926255,0.003641801,-0.0021975301,-0.0056942524,-0.008399552,-0.011522936,-0.015255384,-0.01731925,-0.023076866,-0.028179903,-0.031178255,-0.034533516,-0.03346467,-0.03549457,-0.03657263,-0.039760634,-0.04492455,-0.04380682,-0.047403347,-0.048202235,-0.052673716,-0.057777774,-0.05953897,-0.063783936,-0.067006744,-0.06893125,-0.07336353,-0.076184265,-0.07542711,-0.08143463,-0.080397725,-0.083278365,-0.08637855,-0.09097482,-0.094169974,-0.093702935,-0.099864475,-0.10752968,-0.11124031,-0.110716164,-0.11326329,-0.115960814,-0.11737968,-0.120866634,-0.12202506,-0.123826765,-0.12854715,-0.13219514,-0.13772152,-0.14246981,-0.14612809,-0.14838664,-0.15275162,-0.15715581,-0.16559969,-0.16909972,-0.17262423,-0.1757856,-0.18271177,-0.18393776,-0.18890743,-0.18896365,-0.19191232
70_real,0.23496622,,,,0.4232465,,,,0.3108857,,,,,0.34024122,,,,,,,,,,,,,0.343278,,,,,,,,,,,,,,,,,,,,,,,,,,,,,,,,,,,0.22308052,,,,,,,,
70_gen,0.23496625,0.22692895,0.2224632,0.21728846,0.20864478,0.20474426,0.19808742,0.19097671,0.1850786,0.17934671,0.17588799,0.1727186,0.1657841,0.16041777,0.15488598,0.14951397,0.14817087,0.14436767,0.13855934,0.13675205,0.13139503,0.13015352,0.123278834,0.11984688,0.11510972,0.112254165,0.108396985,0.10521915,0.10109271,0.09750012,0.09354842,0.08559652,0.08281882,0.07688661,0.070441134,0.06289126,0.05839991,0.05747836,0.05282377,0.04053858,0.036379952,0.030705705,0.02691262,0.02126424,0.01573174,0.011301396,0.007810893,0.0008395467,-0.004771356,-0.009354467,-0.017183935,-0.021588203,-0.02853497,-0.0328566,-0.036116756,-0.042187426,-0.045699537,-0.050586887,-0.060423005,-0.06357944,-0.069770835,-0.074498974,-0.07794556,-0.08391883,-0.08896361,-0.091173925,-0.095087,-0.10127409,-0.10734644,-0.11248337
71_real,0.14731015,,,,-0.020258363,,,,0.12708637,,,,,-0.034703925,,,,,,,,,,,,,0.10686258,,,,,,,,,,,,,,,,,,,,,,,,,,,,,,,,,,,0.014706685,,,,,,,,
71_gen,0.14731015,0.1483523,0.14823548,0.14637081,0.14641145,0.14538474,0.14582145,0.14524451,0.14690171,0.14611292,0.1464575,0.1438579,0.1406709,0.1330528,0.13069695,0.1291592,0.12372442,0.11771784,0.11640837,0.11502639,0.11192393,0.11185764,0.11252763,0.111288086,0.11024336,0.10754968,0.10729506,0.104846105,0.10002713,0.09965115,0.09786634,0.09691684,0.09850045,0.09691535,0.096702166,0.09481571,0.0923638,0.08578054,0.07867657,0.08033119,0.07626146,0.0729417,0.07202732,0.069626234,0.06436443,0.06457462,0.061795413,0.064928666,0.06191843,0.059969466,0.05434016,0.051307023,0.048437648,0.045762576,0.04367172,0.04316195,0.042953696,0.044055082,0.044274203,0.0440419,0.039794944,0.03561902,0.035555128,0.028858423,0.025523186,0.022127306,0.015606734,0.016318917,0.012232354,0.008817843
72_real,0.30873156,,,,0.2941672,,,,0.22717112,,,,,0.13687207,,,,,,,,,,,,,0.43107218,,,,,,,,,,,,,,,,,,,,,,,,,,,,,,,,,,,0.17477442,,,,,,,,
72_gen,0.30873156,0.30111906,0.298765,0.29321927,0.29286674,0.28838533,0.28565693,0.28197208,0.2798217,0.2777202,0.2752599,0.27117053,0.2649611,0.25850648,0.25232166,0.24610054,0.2437748,0.24089253,0.23650424,0.23447382,0.22801623,0.22519383,0.22305146,0.21914876,0.2189532,0.21333666,0.21371889,0.21132834,0.21142185,0.20729604,0.20498434,0.20345032,0.19878098,0.19667336,0.19586205,0.19456562,0.19211757,0.18811385,0.18602602,0.18531129,0.18203749,0.17645124,0.17393984,0.17037112,0.16582493,0.16403338,0.15559009,0.1529614,0.14891876,0.14179721,0.13650374,0.13076352,0.12504056,0.11992073,0.12029841,0.1145149,0.11399587,0.11019133,0.113726735,0.109186016,0.111861214,0.10645093,0.10112119,0.094986446,0.08924258,0.088308506,0.08399384,0.08351442,0.08730191,0.08214612
73_real,-0.5454816,,,,-0.56584054,,,,-0.9170316,,,,,-0.71344256,,,,,,,,,,,,,-0.7338015,,,,,,,,,,,,,,,,,,,,,,,,,,,,,,,,,,,-0.8064007,,,,,,,,
73_gen,-0.5454816,-0.5438979,-0.5442331,-0.55011386,-0.55456764,-0.55537033,-0.5603436,-0.56275696,-0.5643271,-0.56818473,-0.5711309,-0.57442427,-0.57784057,-0.58409536,-0.5857748,-0.58790004,-0.5914341,-0.59318554,-0.5987731,-0.60303587,-0.60907096,-0.6140633,-0.6187118,-0.61965996,-0.6235842,-0.6320735,-0.6380313,-0.64279586,-0.64789605,-0.65254843,-0.6598746,-0.66093385,-0.6629914,-0.66686976,-0.67303085,-0.67838866,-0.6861161,-0.6873159,-0.6915597,-0.69584465,-0.70002335,-0.7004855,-0.70365316,-0.7087422,-0.71238613,-0.71760726,-0.7224694,-0.7280569,-0.73219717,-0.73872566,-0.7452022,-0.7533433,-0.760733,-0.76936525,-0.7748835,-0.78006715,-0.78788936,-0.79103357,-0.80022955,-0.8059198,-0.80948937,-0.81556785,-0.82001257,-0.82581264,-0.8313495,-0.8338486,-0.83722687,-0.84217405,-0.841667,-0.8460237
74_real,0.12489585,,,,0.27059132,,,,0.08957573,,,,,0.25293127,,,,,,,,,,,,,-0.17532511,,,,,,,,,,,,,,,,,,,,,,,,,,,,,,,,,,,-0.20550334,,,,,,,,
74_gen,0.12489585,0.11199127,0.09924246,0.091293365,0.08573067,0.08196001,0.0774865,0.07576887,0.070103265,0.07056937,0.062161386,0.058810044,0.05148272,0.049549896,0.043103527,0.038303323,0.03945667,0.031026985,0.03134403,0.02621612,0.02295338,0.020924766,0.021078628,0.01723357,0.012060363,0.007897347,-1.4937856e-05,-0.005133734,-0.0065269833,-0.009075144,-0.013922091,-0.01401667,-0.012843825,-0.013563812,-0.023576412,-0.026987007,-0.030714672,-0.04052516,-0.049159024,-0.050543062,-0.052755557,-0.05674269,-0.058110774,-0.056910235,-0.062255073,-0.06670489,-0.07092069,-0.07559852,-0.07793852,-0.084081925,-0.09331058,-0.09953241,-0.10453819,-0.1107795,-0.11216599,-0.113330506,-0.11479938,-0.11569941,-0.119004354,-0.11978118,-0.120026685,-0.12195991,-0.12437816,-0.12991288,-0.1370825,-0.14135836,-0.14520878,-0.14881587,-0.15427557,-0.16067562
75_real,-0.19390996,,,,-0.19978446,,,,-0.15950221,,,,,-0.15782379,,,,,,,,,,,,,-0.2895803,,,,,,,,,,,,,,,,,,,,,,,,,,,,,,,,,,,-0.2572992,,,,,,,,
75_gen,-0.19390997,-0.19810137,-0.2004811,-0.20474522,-0.205506,-0.20607945,-0.20929489,-0.21279547,-0.214637,-0.21654506,-0.21989968,-0.2212619,-0.22621778,-0.22750565,-0.23032427,-0.2340137,-0.23445901,-0.23833165,-0.24195957,-0.24709848,-0.24665472,-0.24869451,-0.25059953,-0.25085455,-0.25306177,-0.25603217,-0.25723448,-0.25714463,-0.25963804,-0.2613879,-0.26201648,-0.26458725,-0.26703835,-0.2692559,-0.2696978,-0.27036387,-0.27319676,-0.27369213,-0.2737083,-0.27673274,-0.27838296,-0.28116053,-0.28097492,-0.28460294,-0.2861982,-0.28833798,-0.2915381,-0.2947157,-0.29679257,-0.298444,-0.3000773,-0.30352837,-0.30613026,-0.3110898,-0.32005763,-0.3220962,-0.32484823,-0.32538697,-0.32739106,-0.33188683,-0.336814,-0.33863774,-0.34155175,-0.34364787,-0.34592086,-0.34849718,-0.35183176,-0.35436803,-0.3562907,-0.3600885
76_real,0.4566263,,,,0.5051603,,,,0.4663331,,,,,0.48221692,,,,,,,,,,,,,0.5007481,,,,,,,,,,,,,,,,,,,,,,,,,,,,,,,,,,,0.5540788,,,,,,,,
76_gen,0.45662636,0.4471284,0.43964785,0.43434396,0.4335898,0.42917117,0.42584658,0.4260324,0.42588657,0.42692596,0.42499447,0.42450398,0.4268269,0.42386183,0.42363724,0.42293614,0.4201405,0.41808182,0.4148398,0.41206115,0.41129023,0.40798712,0.4077652,0.40770072,0.4077072,0.40826154,0.40688738,0.40164137,0.40016398,0.39703497,0.39267242,0.3887846,0.38943,0.38720155,0.3861737,0.3869571,0.38252124,0.38159865,0.37753668,0.376967,0.37274432,0.37093192,0.36818185,0.36721924,0.365654,0.3656663,0.36372268,0.3615433,0.35943627,0.35495836,0.3572416,0.35516673,0.35321885,0.35108244,0.35005078,0.3504979,0.34638372,0.34146616,0.33851478,0.33400655,0.33121,0.33106634,0.32997537,0.326127,0.32261422,0.32038295,0.3193823,0.31770605,0.31460184,0.31325
77_real,-0.569286,,,,-0.5932637,,,,-0.7691004,,,,,-0.56129336,,,,,,,,,,,,,-0.49735275,,,,,,,,,,,,,,,,,,,,,,,,,,,,,,,,,,,-0.81955004,,,,,,,,
77_gen,-0.5692859,-0.57660013,-0.5804099,-0.5824553,-0.58759254,-0.5895039,-0.59445393,-0.5990125,-0.600767,-0.605347,-0.60745794,-0.6089077,-0.6100422,-0.611128,-0.6163162,-0.6179164,-0.6213756,-0.6265392,-0.6298847,-0.63326544,-0.63840854,-0.64068854,-0.64393926,-0.64720833,-0.6491161,-0.6503564,-0.65508115,-0.65839946,-0.66122544,-0.66398114,-0.6650238,-0.6702179,-0.67331296,-0.6738974,-0.67572045,-0.6783822,-0.6800672,-0.6802928,-0.68160903,-0.68322474,-0.6881682,-0.6919373,-0.6948782,-0.70003974,-0.7009074,-0.7028472,-0.70614064,-0.7059473,-0.7076715,-0.71167034,-0.7136246,-0.71579826,-0.71896356,-0.7186808,-0.7246455,-0.72852856,-0.73048705,-0.73066324,-0.7325109,-0.7338733,-0.73532695,-0.7380069,-0.74086434,-0.7437029,-0.7430707,-0.7447535,-0.74582946,-0.7492326,-0.75092256,-0.7543034
78_real,0.03517223,,,,-0.029533314,,,,-0.032938868,,,,,-0.09764441,,,,,,,,,,,,,-0.11467219,,,,,,,,,,,,,,,,,,,,,,,,,,,,,,,,,,,-0.32682878,,,,,,,,
78_gen,0.035172228,0.032791067,0.029034164,0.023383105,0.019751882,0.017529193,0.0127529595,0.006874337,0.004029778,-0.0010899557,-0.0042892657,-0.00946301,-0.014111428,-0.01693334,-0.024345329,-0.029169312,-0.03336228,-0.040700834,-0.04594793,-0.05104118,-0.055561572,-0.05914508,-0.06021706,-0.06392137,-0.067409955,-0.07118353,-0.07430514,-0.07709385,-0.078222156,-0.08099437,-0.085654244,-0.0912724,-0.092454754,-0.09389352,-0.09656505,-0.09825966,-0.10206233,-0.1066975,-0.112971865,-0.11452403,-0.11543983,-0.118897274,-0.122662425,-0.12949447,-0.13402215,-0.13929206,-0.1433508,-0.14854787,-0.15420836,-0.15904284,-0.1636583,-0.16780522,-0.17271096,-0.17675637,-0.18361177,-0.1888065,-0.1930673,-0.19647628,-0.20057616,-0.20361558,-0.20759067,-0.21192141,-0.21509118,-0.21811783,-0.22384878,-0.2289232,-0.23568785,-0.23961231,-0.24316922,-0.24648924
79_real,-0.7570816,,,,-0.93376464,,,,-0.82668406,,,,,-0.7517276,,,,,,,,,,,,,-1.0997397,,,,,,,,,,,,,,,,,,,,,,,,,,,,,,,,,,,-0.7849682,,,,,,,,
79_gen,-0.75708157,-0.763957,-0.77105844,-0.77487576,-0.7806837,-0.7863632,-0.79357994,-0.798857,-0.8042439,-0.81195223,-0.8175396,-0.8235199,-0.8303815,-0.8352798,-0.8385622,-0.8439251,-0.8509673,-0.8574766,-0.86237544,-0.86814415,-0.87348,-0.8789396,-0.88470584,-0.8898169,-0.8959938,-0.90140164,-0.9077199,-0.91183263,-0.9167086,-0.92164916,-0.9277382,-0.9329047,-0.9367696,-0.94208163,-0.94758034,-0.9516632,-0.95702755,-0.9611284,-0.9662592,-0.9699793,-0.97483885,-0.9810551,-0.98673856,-0.99135244,-0.9965847,-1.0002406,-1.0039504,-1.0086732,-1.0141153,-1.0190569,-1.0243787,-1.0288359,-1.0306673,-1.0364616,-1.0405806,-1.0450339,-1.0501611,-1.0542672,-1.0567682,-1.0591042,-1.0624679,-1.0656343,-1.0687734,-1.0727563,-1.079071,-1.0831752,-1.087375,-1.0914423,-1.09416,-1.0988197
80_real,-1.4756054,,,,-1.4484706,,,,-1.4213357,,,,,-1.5190213,,,,,,,,,,,,,-1.7089654,,,,,,,,,,,,,,,,,,,,,,,,,,,,,,,,,,,-1.4149687,,,,,,,,
80_gen,-1.4756052,-1.4784724,-1.4801441,-1.4848416,-1.4901624,-1.4952755,-1.4982643,-1.5025601,-1.5051868,-1.5086225,-1.5119265,-1.5164701,-1.5202261,-1.5248121,-1.5275944,-1.529196,-1.5329931,-1.5380045,-1.5421356,-1.5493563,-1.5524032,-1.5579436,-1.5623273,-1.5651398,-1.5673681,-1.570971,-1.5747402,-1.575937,-1.5789807,-1.5816839,-1.5842909,-1.5875572,-1.589125,-1.5920794,-1.5932934,-1.5961703,-1.600104,-1.6035112,-1.6065174,-1.6098341,-1.612952,-1.6158135,-1.6178057,-1.6205034,-1.6253519,-1.6269948,-1.6285508,-1.6309652,-1.6343237,-1.6371648,-1.6382154,-1.6403462,-1.6434765,-1.6460091,-1.6510231,-1.6526397,-1.6553895,-1.6579968,-1.661719,-1.6622703,-1.664416,-1.6672494,-1.6688156,-1.6714861,-1.6742375,-1.6758404,-1.6775322,-1.680258,-1.682065,-1.683412
81_real,0.08791364,,,,0.08716995,,,,0.028418541,,,,,-0.17535217,,,,,,,,,,,,,-0.01769016,,,,,,,,,,,,,,,,,,,,,,,,,,,,,,,,,,,-0.14584908,,,,,,,,
81_gen,0.08791364,0.08203464,0.07625893,0.07101001,0.06656681,0.058348726,0.05223011,0.046270017,0.038392264,0.03226131,0.026697528,0.019524466,0.016205903,0.009877226,0.0018894393,-0.0023858477,-0.0069029555,-0.011746613,-0.017629722,-0.026096806,-0.030897105,-0.037350945,-0.042451054,-0.048797406,-0.05638323,-0.06362149,-0.07061199,-0.075826585,-0.08362681,-0.086808935,-0.093665235,-0.10093222,-0.10794777,-0.10945269,-0.11476706,-0.123823985,-0.13228393,-0.14160483,-0.14936918,-0.15451947,-0.16007377,-0.16608082,-0.17193203,-0.17660005,-0.18279622,-0.18806712,-0.19353421,-0.1994193,-0.20493314,-0.21000144,-0.21573031,-0.22086105,-0.2272803,-0.23390803,-0.24328932,-0.2478832,-0.2552453,-0.26189256,-0.268959,-0.27374738,-0.28022417,-0.28581458,-0.29259682,-0.29866874,-0.30424008,-0.3107653,-0.31702304,-0.32104388,-0.32749733,-0.33460248
82_real,-0.033016924,,,,-0.12739193,,,,-0.16907422,,,,,-0.15019922,,,,,,,,,,,,,-0.21311589,,,,,,,,,,,,,,,,,,,,,,,,,,,,,,,,,,,-0.5315573,,,,,,,,
82_gen,-0.033016924,-0.035208695,-0.04353855,-0.04670886,-0.048930533,-0.055143017,-0.060284466,-0.06529818,-0.07049104,-0.074532144,-0.07887022,-0.082272075,-0.086120404,-0.09100962,-0.097102806,-0.103275515,-0.10734882,-0.113188066,-0.12061252,-0.1275465,-0.13182291,-0.1339105,-0.13959241,-0.14385208,-0.14716998,-0.15283038,-0.1570074,-0.15979543,-0.16131619,-0.16452771,-0.16944632,-0.17079838,-0.17491354,-0.1807619,-0.1835331,-0.18808265,-0.19084218,-0.1920968,-0.19314447,-0.19484824,-0.19801201,-0.20166981,-0.20762989,-0.21164131,-0.2142256,-0.21758959,-0.22230658,-0.22482733,-0.22861369,-0.23197846,-0.23453848,-0.23677924,-0.23977952,-0.2464664,-0.2502529,-0.25598896,-0.25925612,-0.26322326,-0.26672712,-0.2713527,-0.2745362,-0.2759331,-0.28028792,-0.28133675,-0.28589743,-0.28999573,-0.29432234,-0.2965949,-0.29745543,-0.2991051
83_real,0.22037055,,,,0.2605438,,,,0.07976417,,,,,0.16011067,,,,,,,,,,,,,-0.011538677,,,,,,,,,,,,,,,,,,,,,,,,,,,,,,,,,,,-0.08596371,,,,,,,,
83_gen,0.22037056,0.21775742,0.21423826,0.21197715,0.20925085,0.20450552,0.20154858,0.19476056,0.19036357,0.18304098,0.17899072,0.17245951,0.16979095,0.16282883,0.15845625,0.15321234,0.14698711,0.14152066,0.13502416,0.13233176,0.12514882,0.11882155,0.1110269,0.10462272,0.0988545,0.09472251,0.09051464,0.085456505,0.08057662,0.07637201,0.07178111,0.06252428,0.056581277,0.0523143,0.049808715,0.043898754,0.036217857,0.031227103,0.027498772,0.02018728,0.016046036,0.012598539,0.009853605,0.0036376654,-0.003996709,-0.009288549,-0.018094998,-0.023597986,-0.028226847,-0.032004993,-0.036735337,-0.041964743,-0.0472027,-0.05123025,-0.056123085,-0.061635397,-0.06663662,-0.07159136,-0.07590481,-0.083301075,-0.08776842,-0.092942715,-0.09882233,-0.10592685,-0.11015536,-0.117538355,-0.12497543,-0.12914105,-0.13484335,-0.13888867
84_real,0.88224256,,,,0.6250107,,,,0.70251006,,,,,0.67118055,,,,,,,,,,,,,0.577192,,,,,,,,,,,,,,,,,,,,,,,,,,,,,,,,,,,0.50004524,,,,,,,,
84_gen,0.88224256,0.8786318,0.8735086,0.86785805,0.85803145,0.85235226,0.84702647,0.8406048,0.8364215,0.82913685,0.8251605,0.821287,0.8170332,0.8166941,0.80990875,0.8013422,0.79803276,0.7906947,0.7858894,0.7771419,0.7689628,0.7634963,0.7584974,0.7482262,0.7444475,0.7432786,0.7382925,0.73226035,0.72702044,0.721259,0.7166755,0.71343744,0.7086973,0.70220983,0.69979346,0.69374263,0.68778217,0.6846096,0.6791079,0.67598677,0.66845715,0.66580945,0.6635412,0.66040105,0.65502393,0.64856255,0.64355886,0.64062846,0.6320085,0.6259507,0.6226608,0.61510694,0.6130167,0.6084791,0.5986546,0.5934111,0.59066284,0.58427334,0.5790142,0.572753,0.57125914,0.5632775,0.55630404,0.5505296,0.54553115,0.53969705,0.53261244,0.52940756,0.520113,0.51377
85_real,0.32631502,,,,0.293507,,,,0.29248178,,,,,0.26069903,,,,,,,,,,,,,0.29145652,,,,,,,,,,,,,,,,,,,,,,,,,,,,,,,,,,,0.45115793,,,,,,,,
85_gen,0.326315,0.32285252,0.3195739,0.3184057,0.31432635,0.3123973,0.30653077,0.30166304,0.2971745,0.2954623,0.28909618,0.28468648,0.27855018,0.27218264,0.26511002,0.26153442,0.25545678,0.2510968,0.24606712,0.2388665,0.23482148,0.23002365,0.22317223,0.22005486,0.21624963,0.21434183,0.20980433,0.20445156,0.1997252,0.19592647,0.19071837,0.18848716,0.18546051,0.17993036,0.1753747,0.17234436,0.16774142,0.1635948,0.15741551,0.15304747,0.15049055,0.14904426,0.14404675,0.13765848,0.13438909,0.13089672,0.124354504,0.120149896,0.11581389,0.11061331,0.10592806,0.09897953,0.09470664,0.09104262,0.08810292,0.085028365,0.076538995,0.07229105,0.06651592,0.06099381,0.056480777,0.048846375,0.046530746,0.042355377,0.036844928,0.031840973,0.025295818,0.018247489,0.0121438755,0.0068001496
86_real,-0.42619947,,,,-0.4145057,,,,-0.31989247,,,,,-0.33477545,,,,,,,,,,,,,-0.28800038,,,,,,,,,,,,,,,,,,,,,,,,,,,,,,,,,,,-0.43914953,,,,,,,,
86_gen,-0.4261995,-0.43362457,-0.44189993,-0.44534892,-0.45035753,-0.45951518,-0.46648878,-0.4732863,-0.4761277,-0.48364314,-0.4879683,-0.4932117,-0.49408785,-0.5014366,-0.50768614,-0.51097524,-0.5132317,-0.5181585,-0.52410567,-0.5305054,-0.54033864,-0.54576385,-0.55442125,-0.5599722,-0.5649109,-0.5698005,-0.57728153,-0.58096945,-0.5868541,-0.59027785,-0.5995157,-0.60265625,-0.6051333,-0.6102017,-0.61851656,-0.62473744,-0.6303607,-0.63580066,-0.6381986,-0.64266205,-0.6499636,-0.6541906,-0.6592281,-0.6642072,-0.6708657,-0.6759622,-0.6812699,-0.6879339,-0.6900774,-0.6969215,-0.7057646,-0.7102878,-0.71431977,-0.7208246,-0.7256901,-0.73000544,-0.73458177,-0.73629785,-0.7440182,-0.74836534,-0.7510418,-0.7529782,-0.76109535,-0.7664782,-0.77413917,-0.77598053,-0.7825097,-0.7881299,-0.7930788,-0.7977878
87_real,0.39187294,,,,0.47237146,,,,0.43538564,,,,,0.46584454,,,,,,,,,,,,,0.35488713,,,,,,,,,,,,,,,,,,,,,,,,,,,,,,,,,,,0.1677163,,,,,,,,
87_gen,0.3918729,0.3889013,0.38887274,0.38425642,0.37843338,0.37463376,0.37319806,0.3711395,0.3716312,0.37105402,0.36957726,0.3705037,0.36636835,0.3664958,0.36345354,0.36245784,0.36182243,0.35741425,0.35797793,0.35551196,0.35304064,0.3525464,0.3535126,0.35864136,0.35382882,0.34823817,0.3500151,0.35027742,0.3483457,0.34679732,0.34401128,0.34098226,0.34069067,0.34325355,0.34064746,0.33953136,0.33921805,0.33468506,0.33297652,0.33240217,0.3341158,0.3318774,0.33077067,0.3284302,0.32642394,0.32627508,0.32875648,0.33048883,0.33339134,0.3329195,0.33391646,0.33434674,0.3340934,0.3312877,0.32997596,0.33313012,0.33140314,0.32632905,0.3278178,0.3241505,0.32748085,0.3258504,0.32491452,0.32386342,0.32261568,0.32064873,0.3203298,0.32280508,0.32295766,0.32420582
88_real,1.121845,,,,1.2679772,,,,0.90863556,,,,,1.133823,,,,,,,,,,,,,0.9110312,,,,,,,,,,,,,,,,,,,,,,,,,,,,,,,,,,,1.1189734,,,,,,,,
88_gen,1.1218451,1.1089181,1.1021452,1.09649,1.0914438,1.0897424,1.0852478,1.0834733,1.0790871,1.0762342,1.0726098,1.0701879,1.0679772,1.0641892,1.0613246,1.0560611,1.054513,1.0501753,1.0472357,1.0429602,1.0398338,1.0349001,1.0314944,1.0300404,1.0283949,1.028612,1.0277488,1.0256665,1.022639,1.0210373,1.0175915,1.0132533,1.0150334,1.0129831,1.012086,1.0068576,1.0007466,1.0002015,0.99746674,0.9953017,0.99544364,0.9926842,0.99341786,0.99188966,0.9902444,0.9939877,0.9924018,0.99352014,0.99119014,0.99071634,0.99042875,0.9894975,0.98773825,0.9901511,0.98889506,0.9860822,0.98675954,0.9832257,0.9792277,0.9794793,0.97923976,0.9782988,0.97450846,0.9746727,0.9723207,0.9698774,0.96837866,0.96974593,0.9705227,0.96597326
89_real,0.6165156,,,,0.61756384,,,,0.61756384,,,,,0.5358,,,,,,,,,,,,,0.7181963,,,,,,,,,,,,,,,,,,,,,,,,,,,,,,,,,,,0.5129431,,,,,,,,
89_gen,0.6165156,0.6133994,0.61015785,0.60762316,0.6081079,0.6048392,0.60275143,0.5999595,0.5958556,0.59279794,0.59114873,0.5882096,0.5846366,0.5823612,0.5789465,0.5746174,0.57285136,0.5698158,0.56661713,0.5681349,0.56026626,0.55670893,0.5553764,0.5519559,0.5460359,0.54321826,0.5367517,0.53485554,0.5298179,0.52759457,0.5236965,0.5248949,0.52380097,0.5206691,0.5164857,0.5135921,0.5089017,0.5067882,0.5046375,0.50120616,0.49583626,0.49367356,0.49149293,0.48547444,0.48386717,0.4833025,0.48226625,0.47893977,0.47551784,0.472047,0.47049522,0.4694179,0.4641657,0.46215606,0.45796657,0.45556816,0.45237246,0.450267,0.44996476,0.44774127,0.44451255,0.44257808,0.44149485,0.43818408,0.43490463,0.4331487,0.4334375,0.43286186,0.4311513,0.42938113
90_real,0.64133394,,,,0.46936902,,,,0.5146229,,,,,0.4311546,,,,,,,,,,,,,0.3909289,,,,,,,,,,,,,,,,,,,,,,,,,,,,,,,,,,,0.4330681,,,,,,,,
90_gen,0.641334,0.63246673,0.62708557,0.62002903,0.6161783,0.6110669,0.60419345,0.59905016,0.5954853,0.59087837,0.58930683,0.58808565,0.5859661,0.5810307,0.5768429,0.5757435,0.57388204,0.5696837,0.56574124,0.56404525,0.5612177,0.5580136,0.5534202,0.5515181,0.5476675,0.5421204,0.5368731,0.53405523,0.52920765,0.52565384,0.51944613,0.5160545,0.51029605,0.5067078,0.5010084,0.49922824,0.4964312,0.4942022,0.490278,0.48639512,0.4812991,0.47914124,0.47868466,0.4732433,0.46776906,0.463838,0.4588669,0.45486584,0.450599,0.44519672,0.4442462,0.4410366,0.43790942,0.4298702,0.42530888,0.42173642,0.4184361,0.4157702,0.4158379,0.41077852,0.4093298,0.40923697,0.40601414,0.40390152,0.3975977,0.39747167,0.39071935,0.38579026,0.38457036,0.38260475
91_real,0.090626895,,,,0.078469984,,,,0.028491598,,,,,-0.0025760513,,,,,,,,,,,,,-0.04444984,,,,,,,,,,,,,,,,,,,,,,,,,,,,,,,,,,,-0.0967893,,,,,,,,
91_gen,0.090626895,0.08823803,0.08713923,0.084320635,0.08153425,0.07712875,0.0748999,0.07127782,0.070103705,0.0655971,0.06494349,0.06265938,0.06198483,0.059600968,0.05611244,0.054973543,0.055741824,0.054621287,0.053607482,0.052826088,0.050956257,0.048459806,0.047864728,0.046567753,0.043285456,0.0418706,0.04094729,0.04090307,0.039478797,0.039531074,0.038470384,0.036908504,0.034988604,0.034839176,0.03412719,0.03559649,0.03400568,0.032951836,0.030985858,0.028121397,0.025051916,0.022435326,0.019152608,0.016060725,0.016523808,0.01742148,0.013373457,0.011298768,0.010472235,0.0069948,0.0037130762,0.0013793852,-0.00055744237,-0.0018853502,-0.0042643836,-0.004588391,-0.008182819,-0.0072776936,-0.0103223305,-0.010822626,-0.013664286,-0.015883388,-0.018480266,-0.019532323,-0.021382272,-0.021573208,-0.023348847,-0.025376674,-0.028415587,-0.028941551
92_real,0.50659305,,,,0.5001325,,,,0.45232457,,,,,0.37092182,,,,,,,,,,,,,0.47299826,,,,,,,,,,,,,,,,,,,,,,,,,,,,,,,,,,,0.42853788,,,,,,,,
92_gen,0.5065931,0.49578905,0.48915568,0.48548657,0.48003998,0.47395468,0.46979612,0.46677548,0.4653162,0.4607942,0.45699364,0.4536199,0.4498455,0.44587517,0.4430725,0.43994522,0.4360962,0.4313763,0.42769653,0.42448014,0.42060414,0.41452956,0.411103,0.40705475,0.40640956,0.40185004,0.39709395,0.39163974,0.3868347,0.38345057,0.38173848,0.3810224,0.37992227,0.37570387,0.37350637,0.3726643,0.3707034,0.36605668,0.3642559,0.36255097,0.35833237,0.3568892,0.35812932,0.35304582,0.34952617,0.3503006,0.34861648,0.3455844,0.34214,0.34041995,0.3390946,0.33828497,0.33311334,0.3292586,0.33059067,0.32744694,0.32511505,0.3242684,0.32351556,0.32229564,0.3205271,0.31575242,0.31489214,0.3123103,0.30776018,0.30636448,0.30294803,0.30167875,0.29798704,0.29820052
93_real,0.5855638,,,,0.64769024,,,,0.6151933,,,,,0.5712269,,,,,,,,,,,,,0.64769024,,,,,,,,,,,,,,,,,,,,,,,,,,,,,,,,,,,0.5746473,,,,,,,,
93_gen,0.5855637,0.5770634,0.5711069,0.562147,0.55456346,0.54524887,0.53903675,0.53269035,0.5237459,0.5155738,0.50535494,0.49766397,0.48764434,0.48124027,0.4744683,0.46825296,0.4608007,0.45356473,0.44535738,0.43936938,0.43230504,0.42435837,0.4193085,0.41142935,0.40548468,0.39976758,0.39228445,0.38639936,0.38116568,0.37477645,0.36719084,0.3602156,0.35431707,0.34784108,0.342781,0.33460027,0.32903385,0.3221426,0.3175115,0.3101251,0.30380893,0.29823118,0.29208967,0.28643137,0.28041703,0.2739763,0.27000564,0.26444605,0.26012415,0.25436103,0.25075758,0.2451702,0.23700157,0.23202594,0.226003,0.22024903,0.21344241,0.2044018,0.1978549,0.19192854,0.18459913,0.1779188,0.17113806,0.16504721,0.15746352,0.15158686,0.14587766,0.13936049,0.13145666,0.12484238
94_real,0.48102954,,,,0.4499222,,,,0.4285359,,,,,0.50630426,,,,,,,,,,,,,0.50824845,,,,,,,,,,,,,,,,,,,,,,,,,,,,,,,,,,,0.39550948,,,,,,,,
94_gen,0.48102957,0.47187576,0.46435627,0.4585123,0.45443955,0.447262,0.44331947,0.43853253,0.43499556,0.42882323,0.42416954,0.41774422,0.41257054,0.40778548,0.4031772,0.3998911,0.39168054,0.38873678,0.38525373,0.37866864,0.3758894,0.37067968,0.36279953,0.3562535,0.34828538,0.34505945,0.33947784,0.33341557,0.32375464,0.31851384,0.31102538,0.30334732,0.29866132,0.29600447,0.2919739,0.28897876,0.28158712,0.27572984,0.27146727,0.26545122,0.2580697,0.25146228,0.2469829,0.24149518,0.23264912,0.2280272,0.22115946,0.21559486,0.21020286,0.20663914,0.20048463,0.19579653,0.18919906,0.1840324,0.1774578,0.17084447,0.16699027,0.16016695,0.15615314,0.14980978,0.14430466,0.13867958,0.1351964,0.13176206,0.12786493,0.122693196,0.11608894,0.111005425,0.10677171,0.102628134
95_real,0.46266332,,,,0.18764432,,,,0.36798465,,,,,0.2665432,,,,,,,,,,,,,0.44237503,,,,,,,,,,,,,,,,,,,,,,,,,,,,,,,,,,,0.5819697,,,,,,,,
95_gen,0.46266332,0.4594459,0.44900998,0.4414161,0.43984437,0.4309059,0.4198079,0.4103238,0.40285406,0.3944366,0.38674444,0.38031465,0.37190363,0.36949313,0.36106247,0.3568117,0.3528658,0.34861073,0.343421,0.33496937,0.3252341,0.31564218,0.30854023,0.30507678,0.29642493,0.28895083,0.2820225,0.27138788,0.26390344,0.2526442,0.24891002,0.24170072,0.23699176,0.23158853,0.22032909,0.21894762,0.2104638,0.2017329,0.1954653,0.18615799,0.17969285,0.17292464,0.16652414,0.16138366,0.15445413,0.14588311,0.13196614,0.12521552,0.11573497,0.107865214,0.10127489,0.090083554,0.0803568,0.07134011,0.060200773,0.052559756,0.045515444,0.034854863,0.030765379,0.023973359,0.017281419,0.008870873,0.00013777726,-0.0079328595,-0.014337225,-0.022367682,-0.028093034,-0.03812288,-0.051745124,-0.06333349
96_real,-0.11185127,,,,-0.03862226,,,,-0.00977447,,,,,-0.08744159,,,,,,,,,,,,,-0.19839464,,,,,,,,,,,,,,,,,,,,,,,,,,,,,,,,,,,-0.30098993,,,,,,,,
96_gen,-0.11185126,-0.12650427,-0.13904677,-0.14654315,-0.15283504,-0.15835895,-0.16178581,-0.17118022,-0.17868535,-0.18517159,-0.19347048,-0.20120744,-0.20409855,-0.21112648,-0.2227175,-0.22692406,-0.22902599,-0.23724723,-0.24237642,-0.24722779,-0.25601324,-0.26418135,-0.2660519,-0.273748,-0.27851167,-0.28221577,-0.28850797,-0.2941432,-0.30398342,-0.30819923,-0.31473783,-0.32039845,-0.3259069,-0.33346945,-0.3414154,-0.3467193,-0.35310382,-0.36169273,-0.3674416,-0.37533003,-0.38418025,-0.3947788,-0.4047951,-0.41283646,-0.42124352,-0.4232081,-0.42407507,-0.43201828,-0.43382916,-0.43873233,-0.44015622,-0.44424647,-0.4492666,-0.45049334,-0.46061268,-0.46893948,-0.47456574,-0.48416454,-0.4893976,-0.4939045,-0.50057936,-0.508093,-0.5170908,-0.52162945,-0.5289911,-0.53579766,-0.541711,-0.5501239,-0.55004346,-0.55758584
97_real,-0.90334266,,,,-0.9266681,,,,-1.0526254,,,,,-0.9173379,,,,,,,,,,,,,-0.94066334,,,,,,,,,,,,,,,,,,,,,,,,,,,,,,,,,,,-1.2299334,,,,,,,,
97_gen,-0.9033426,-0.9064916,-0.9114362,-0.9156205,-0.91889083,-0.9215174,-0.92295235,-0.9270382,-0.93122643,-0.9335475,-0.9377168,-0.9445723,-0.9472815,-0.95029294,-0.9543293,-0.9569793,-0.96102273,-0.9665306,-0.9708355,-0.9774278,-0.981139,-0.9859495,-0.9885939,-0.9897256,-0.9935301,-0.99519664,-0.9989457,-1.0024632,-1.0052737,-1.0089182,-1.0124052,-1.0156144,-1.0189064,-1.0232203,-1.0268917,-1.0323126,-1.0347431,-1.0390875,-1.0460657,-1.0503213,-1.053923,-1.0589685,-1.061681,-1.0656173,-1.068334,-1.0730903,-1.0762948,-1.0779645,-1.0799562,-1.0862942,-1.0944229,-1.0985593,-1.1044464,-1.1065514,-1.1077034,-1.1097739,-1.111695,-1.1159198,-1.122576,-1.1256847,-1.1292652,-1.1344066,-1.1390543,-1.1407088,-1.1450812,-1.148813,-1.1542009,-1.1591297,-1.1622229,-1.1675172
98_real,0.41200408,,,,0.4474127,,,,0.38839835,,,,,0.4906899,,,,,,,,,,,,,0.451347,,,,,,,,,,,,,,,,,,,,,,,,,,,,,,,,,,,0.12570874,,,,,,,,
98_gen,0.41200405,0.4023007,0.3929273,0.38861015,0.3843469,0.3795585,0.37930888,0.37561578,0.37599126,0.37447828,0.36751574,0.36293754,0.36154827,0.35733807,0.3550114,0.3495519,0.34973043,0.34321755,0.34116173,0.33685207,0.33277035,0.32914189,0.327874,0.32515866,0.32497627,0.32450634,0.32331854,0.3226363,0.31820977,0.31921637,0.31565896,0.3115796,0.31004596,0.3060645,0.30644336,0.3050319,0.3007807,0.29717186,0.29510733,0.2931962,0.2903437,0.28475773,0.28134117,0.27739185,0.27247685,0.2670192,0.26232705,0.2599135,0.2570581,0.25184268,0.25034052,0.24704048,0.24020156,0.23602112,0.2278492,0.22509992,0.22136235,0.21825477,0.21058805,0.20550296,0.20162518,0.20213929,0.19757727,0.19226976,0.18924363,0.18760027,0.18196693,0.1740649,0.16979429,0.16225281
99_real,1.3334407,,,,1.4066978,,,,1.2418694,,,,,0.89389855,,,,,,,,,,,,,1.0770411,,,,,,,,,,,,,,,,,,,,,,,,,,,,,,,,,,,0.6914478,,,,,,,,
99_gen,1.3334407,1.3332367,1.3319514,1.3298293,1.3270296,1.3236653,1.3172004,1.3168149,1.3122412,1.3100843,1.306299,1.3045844,1.3016393,1.2995074,1.2970617,1.2952968,1.288835,1.2874925,1.283982,1.2779405,1.2759457,1.2742827,1.27375,1.2701663,1.2673075,1.2643,1.2613695,1.2594435,1.2594934,1.25544,1.256419,1.2531388,1.2516675,1.2516453,1.2507194,1.2500323,1.2446129,1.2414529,1.2381722,1.2320882,1.2277958,1.2243962,1.220567,1.2173736,1.2156466,1.213599,1.2144617,1.2137511,1.210808,1.2085726,1.2066491,1.1992996,1.1972435,1.1959286,1.1954072,1.1922907,1.1895101,1.1863737,1.1821504,1.181062,1.1814686,1.1771727,1.1764059,1.171812,1.1694622,1.163876,1.1599905,1.156861,1.1503443,1.1498531
100_real,0.59188354,,,,0.37515998,,,,0.4251731,,,,,0.57521254,,,,,,,,,,,,,0.24179159,,,,,,,,,,,,,,,,,,,,,,,,,,,,,,,,,,,0.32255706,,,,,,,,
100_gen,0.5918836,0.588801,0.58304757,0.5786077,0.57405293,0.570498,0.56420946,0.5608057,0.55499715,0.55045515,0.5506594,0.54898006,0.5482356,0.54603064,0.5421629,0.54202795,0.5398668,0.5393207,0.5373832,0.53461504,0.5362181,0.53216743,0.53056896,0.5281551,0.528162,0.5254027,0.5236567,0.5210332,0.52084607,0.5170706,0.5160431,0.51585233,0.5147792,0.517752,0.5169058,0.51842105,0.5165223,0.5152874,0.5112939,0.5088724,0.50443846,0.5034349,0.49888188,0.49838066,0.4962226,0.49301606,0.49106485,0.48810118,0.4853402,0.47990966,0.47957984,0.4771666,0.47212926,0.46821865,0.4677059,0.46145096,0.4597048,0.45692745,0.45434275,0.4509526,0.44748172,0.44482675,0.44066176,0.43674558,0.43538404,0.43375808,0.43179917,0.42722845,0.42464465,0.42422122
101_real,0.66986847,,,,0.5830601,,,,0.8348043,,,,,0.5049326,,,,,,,,,,,,,0.6091026,,,,,,,,,,,,,,,,,,,,,,,,,,,,,,,,,,,0.65878934,,,,,,,,
101_gen,0.66986847,0.6652893,0.6613342,0.65599287,0.65184253,0.64600503,0.6416943,0.634188,0.631358,0.6277234,0.62268406,0.61815006,0.6140063,0.6091217,0.6033465,0.5955354,0.59195155,0.5869232,0.58440155,0.57803744,0.57546026,0.5699712,0.5654647,0.5593928,0.5567714,0.5501939,0.5446033,0.53948843,0.53540224,0.5290972,0.5241479,0.5193318,0.5148446,0.5095924,0.50558984,0.5021218,0.49887627,0.4925022,0.49235764,0.4853757,0.4792757,0.4726824,0.47184458,0.46299,0.45653325,0.45027432,0.44246387,0.43817705,0.4339961,0.43102995,0.42652416,0.42020392,0.41650566,0.40950513,0.40910444,0.40613794,0.398331,0.39267734,0.38910133,0.3827015,0.37537217,0.37085763,0.36357126,0.3621393,0.35918713,0.35338646,0.34991542,0.34342107,0.33590552,0.3324698
102_real,0.53104436,,,,0.59843343,,,,0.724788,,,,,0.57316256,,,,,,,,,,,,,0.61528075,,,,,,,,,,,,,,,,,,,,,,,,,,,,,,,,,,,0.39393893,,,,,,,,
102_gen,0.5310444,0.52207625,0.5169016,0.5097574,0.5053688,0.49846405,0.49459752,0.48990965,0.48372975,0.47862998,0.4724176,0.46873426,0.46410593,0.4564022,0.44980454,0.44243607,0.43721944,0.430303,0.42557448,0.41746902,0.4129085,0.40426564,0.40139356,0.3992025,0.3955472,0.39013252,0.38595152,0.38107643,0.3776994,0.37134165,0.3674347,0.36378327,0.35665476,0.35329133,0.34969074,0.34568217,0.33915105,0.33467978,0.32976243,0.32397038,0.32022643,0.31675738,0.31125635,0.30617827,0.30420882,0.30180976,0.2998629,0.29429618,0.28823727,0.28495792,0.28208098,0.27799848,0.27326527,0.2713627,0.26484427,0.25905895,0.25724593,0.2505051,0.2471096,0.24283934,0.23910232,0.23594555,0.23408839,0.22861198,0.22537243,0.22432125,0.21713963,0.21406206,0.20940113,0.20799848
103_real,0.17613588,,,,0.15485059,,,,0.11059958,,,,,0.13020445,,,,,,,,,,,,,0.14028697,,,,,,,,,,,,,,,,,,,,,,,,,,,,,,,,,,,0.11442803,,,,,,,,
103_gen,0.17613588,0.17122161,0.16789496,0.16344218,0.15825596,0.15163164,0.14644772,0.14167427,0.13716413,0.1310194,0.12802391,0.12512437,0.12184797,0.1204862,0.11579405,0.11182328,0.10935591,0.10809032,0.10421342,0.09857395,0.09437008,0.08689092,0.086724274,0.083804525,0.08210017,0.07807563,0.0743206,0.072605155,0.06547341,0.060932674,0.059409596,0.05541144,0.05247264,0.048031144,0.04668338,0.04458088,0.042357236,0.039014895,0.035161998,0.03086468,0.02694428,0.024566878,0.021516498,0.017772024,0.013093854,0.0069982535,0.004481604,-0.0005475801,-0.004004471,-0.008431392,-0.009289699,-0.011701886,-0.015435261,-0.01787417,-0.021651685,-0.024570728,-0.031713013,-0.03142964,-0.033429388,-0.037922177,-0.040637515,-0.042706866,-0.046013962,-0.054218363,-0.061908394,-0.069203556,-0.07418291,-0.076218985,-0.078731835,-0.08145449
104_real,-1.1374036,,,,-1.1650535,,,,-1.2701226,,,,,-1.2784176,,,,,,,,,,,,,-1.228648,,,,,,,,,,,,,,,,,,,,,,,,,,,,,,,,,,,-1.3464847,,,,,,,,
104_gen,-1.1374036,-1.1411295,-1.1458207,-1.1512316,-1.1568676,-1.1598088,-1.1638912,-1.1676283,-1.1735845,-1.177181,-1.1794589,-1.1827135,-1.1856172,-1.1907499,-1.194262,-1.1986947,-1.2020853,-1.2055506,-1.2126734,-1.2173151,-1.2197222,-1.2213119,-1.2244321,-1.2275463,-1.2277822,-1.229447,-1.2320306,-1.2322737,-1.2342397,-1.2363088,-1.2377758,-1.2412755,-1.2410818,-1.2446365,-1.2494684,-1.2531216,-1.2565916,-1.2593598,-1.2620494,-1.2665538,-1.2688649,-1.2717365,-1.2752676,-1.2790762,-1.280751,-1.2831345,-1.2900593,-1.2944158,-1.299536,-1.3048013,-1.3090822,-1.3140901,-1.3183149,-1.3242755,-1.3267667,-1.3301213,-1.3330622,-1.3354231,-1.3383014,-1.3425233,-1.3458511,-1.3502929,-1.3540316,-1.3629878,-1.3669432,-1.3695467,-1.3748671,-1.3781793,-1.3810415,-1.3836348
105_real,-0.73553294,,,,-0.7266172,,,,-0.71770155,,,,,-0.69095445,,,,,,,,,,,,,-0.70284206,,,,,,,,,,,,,,,,,,,,,,,,,,,,,,,,,,,-1.006408,,,,,,,,
105_gen,-0.7355329,-0.7439548,-0.74705625,-0.75186634,-0.75632244,-0.7626164,-0.7671274,-0.7726038,-0.7797934,-0.7852101,-0.79211336,-0.79759645,-0.8018759,-0.80781806,-0.81054765,-0.8150546,-0.8202001,-0.82337826,-0.8272718,-0.8339405,-0.8381475,-0.8424824,-0.84973496,-0.8569252,-0.8588295,-0.8642092,-0.8676112,-0.8721441,-0.8760098,-0.88240135,-0.8858696,-0.8894356,-0.89184344,-0.89871407,-0.90309507,-0.9073752,-0.9113755,-0.9162712,-0.92124367,-0.92715776,-0.930318,-0.932732,-0.937312,-0.94269305,-0.9486222,-0.9530838,-0.9547187,-0.9607396,-0.9662119,-0.97101325,-0.9766119,-0.98211116,-0.9870642,-0.99181813,-0.9957522,-1.0022713,-1.0076053,-1.0109739,-1.0126656,-1.0179713,-1.0225352,-1.0250698,-1.0305014,-1.03528,-1.0395782,-1.0431367,-1.0465168,-1.0505153,-1.0556686,-1.0582378
106_real,0.4418671,,,,0.28962073,,,,0.28854248,,,,,0.27711323,,,,,,,,,,,,,0.26525268,,,,,,,,,,,,,,,,,,,,,,,,,,,,,,,,,,,0.43655306,,,,,,,,
106_gen,0.4418671,0.43378082,0.42633003,0.4198695,0.41659218,0.41164628,0.40740532,0.40203458,0.39833882,0.39141375,0.3862012,0.38131276,0.37700945,0.37409985,0.36986333,0.36614093,0.3618086,0.35601205,0.3498572,0.3446071,0.33879644,0.3326864,0.32984883,0.32697597,0.32500765,0.32018977,0.3161476,0.3120399,0.30958408,0.30870086,0.30511323,0.30196282,0.29872015,0.29450685,0.29194182,0.29063693,0.2867456,0.2842361,0.28241605,0.2786613,0.27617443,0.27382225,0.2702954,0.26809448,0.2656796,0.26366478,0.2577589,0.2542842,0.2517092,0.24836469,0.24471481,0.24068764,0.2374793,0.23194964,0.22907686,0.22596197,0.22375755,0.22230928,0.2184352,0.21407199,0.21116659,0.20847967,0.20043182,0.19519444,0.19183011,0.18921947,0.18748853,0.18400392,0.1807379,0.1758768
107_real,0.2799715,,,,0.15280323,,,,0.11904174,,,,,0.20974761,,,,,,,,,,,,,0.18048765,,,,,,,,,,,,,,,,,,,,,,,,,,,,,,,,,,,0.40195173,,,,,,,,
107_gen,0.27997154,0.27268788,0.26466367,0.2579056,0.25020358,0.24383552,0.23457642,0.22695711,0.22131673,0.21304056,0.20734,0.19917095,0.19319643,0.18826064,0.18216272,0.17666838,0.169288,0.16305134,0.15464774,0.1478231,0.14214703,0.13579535,0.12886544,0.12272434,0.11774965,0.11180006,0.10583494,0.09813328,0.09311344,0.087004215,0.082538515,0.07851094,0.07113776,0.06721909,0.06191829,0.053472746,0.04868236,0.042080168,0.03477553,0.031656716,0.02803867,0.022414386,0.0151119875,0.008765082,0.006179791,-6.4448454e-06,-0.004742616,-0.009652296,-0.017645368,-0.023984615,-0.029961357,-0.0345329,-0.04070897,-0.046994016,-0.05140852,-0.05573424,-0.06112047,-0.067502245,-0.07342823,-0.08203897,-0.086932376,-0.09259751,-0.09847934,-0.10540333,-0.114074886,-0.120962724,-0.12890363,-0.13668199,-0.14230219,-0.14984553
108_real,-1.4687958,,,,-1.4829643,,,,-1.4845386,,,,,-1.4593501,,,,,,,,,,,,,-1.4577758,,,,,,,,,,,,,,,,,,,,,,,,,,,,,,,,,,,-1.388256,,,,,,,,
108_gen,-1.4687958,-1.4777434,-1.4864516,-1.4928672,-1.4974469,-1.5051646,-1.5129509,-1.5191342,-1.525594,-1.5323557,-1.5384775,-1.5435174,-1.5507855,-1.5576972,-1.5586225,-1.5647368,-1.5687895,-1.5713056,-1.5774566,-1.5845422,-1.5930198,-1.5994676,-1.6044638,-1.6113443,-1.6158912,-1.6226835,-1.6287006,-1.6363943,-1.6404274,-1.6471659,-1.6523788,-1.6596569,-1.6647015,-1.6714427,-1.6766077,-1.6844547,-1.6905922,-1.6927866,-1.6982552,-1.7027639,-1.70597,-1.7097012,-1.7140001,-1.7200651,-1.725262,-1.7310215,-1.7340962,-1.7392843,-1.7442325,-1.7488333,-1.7552483,-1.7600104,-1.766866,-1.7729502,-1.7763437,-1.7842613,-1.7885773,-1.7942673,-1.7976968,-1.8006026,-1.8048843,-1.809296,-1.8151098,-1.8209769,-1.8274517,-1.8307441,-1.8369888,-1.8414524,-1.8465283,-1.8521261
109_real,0.38636452,,,,0.30995905,,,,0.27924705,,,,,0.26726186,,,,,,,,,,,,,0.37512842,,,,,,,,,,,,,,,,,,,,,,,,,,,,,,,,,,,0.20762713,,,,,,,,
109_gen,0.3863645,0.37382904,0.3608907,0.35399875,0.34560883,0.33785468,0.33099282,0.3278546,0.32261974,0.31408763,0.30472225,0.29434472,0.2896344,0.28210875,0.2732125,0.26790023,0.2613115,0.25475335,0.24774769,0.24129896,0.23387775,0.22439465,0.21650489,0.21089466,0.20388064,0.19826083,0.18945555,0.18504141,0.1792924,0.17181742,0.1625872,0.15778145,0.1556977,0.14659563,0.13950047,0.13205782,0.1273653,0.12113144,0.11165615,0.106166646,0.10125349,0.096683286,0.08949368,0.08245609,0.07515243,0.06993699,0.06534462,0.058071554,0.051397882,0.044828042,0.037842948,0.031638004,0.027466228,0.019326566,0.013453503,0.0060637626,0.00017072298,-0.007934053,-0.017247062,-0.022331497,-0.032933194,-0.040416963,-0.04852458,-0.059388272,-0.06652115,-0.0741141,-0.081787154,-0.08846257,-0.09684917,-0.103747785
110_real,0.2098377,,,,0.14121151,,,,0.10232334,,,,,0.009296715,,,,,,,,,,,,,0.11528606,,,,,,,,,,,,,,,,,,,,,,,,,,,,,,,,,,,0.036039952,,,,,,,,
110_gen,0.2098377,0.2049069,0.19859594,0.19513991,0.19077604,0.18448071,0.17683448,0.16963044,0.1666643,0.16358365,0.15759227,0.15507431,0.1496636,0.1473004,0.14245251,0.1441869,0.14248562,0.14164852,0.13747115,0.12876242,0.12844846,0.12553811,0.12267649,0.12076776,0.11644083,0.110922,0.11052986,0.10686084,0.103713855,0.098052904,0.0984616,0.094846696,0.08846685,0.08660398,0.083085835,0.079083346,0.075123645,0.07021994,0.06450374,0.059883736,0.056609374,0.048683926,0.046483647,0.044450194,0.042045288,0.04139062,0.038326904,0.034894083,0.028187737,0.021372396,0.016650904,0.015641917,0.011048777,0.0070805987,0.0019132588,-0.0003261989,-0.0069618328,-0.0117523465,-0.015033868,-0.016194848,-0.021742575,-0.028979843,-0.036155812,-0.040727787,-0.044547997,-0.04949662,-0.052983753,-0.05523946,-0.057940852,-0.06505953
111_real,0.4732193,,,,0.37609273,,,,0.27202854,,,,,0.40384316,,,,,,,,,,,,,0.19802736,,,,,,,,,,,,,,,,,,,,,,,,,,,,,,,,,,,0.25385463,,,,,,,,
111_gen,0.47321934,0.4645962,0.4565648,0.44392133,0.43500695,0.42559153,0.41669974,0.40932417,0.4016129,0.39571983,0.38976127,0.38230038,0.37423122,0.3679539,0.3594918,0.3513078,0.34700263,0.34122047,0.3334122,0.32600874,0.322322,0.31552744,0.30547744,0.29992908,0.29397938,0.28827208,0.28098541,0.27458286,0.26570794,0.2616232,0.25510547,0.24773666,0.24149573,0.23843756,0.22972922,0.22149472,0.21343067,0.20643008,0.1989443,0.19365865,0.18626532,0.17929393,0.17209211,0.16457948,0.1594303,0.15637465,0.14884865,0.14171082,0.13107422,0.12521152,0.11441537,0.10666491,0.09968263,0.09031649,0.08177338,0.07525043,0.06849055,0.062059425,0.055114012,0.0487118,0.0430035,0.037942093,0.033283047,0.028878052,0.025678996,0.022586698,0.017740468,0.008632851,0.0010305187,-0.004129567
112_real,0.8172386,,,,0.77623236,,,,0.7448746,,,,,0.7014562,,,,,,,,,,,,,0.69421977,,,,,,,,,,,,,,,,,,,,,,,,,,,,,,,,,,,0.62780505,,,,,,,,
112_gen,0.8172387,0.8106057,0.7977261,0.78757113,0.782713,0.774099,0.7646235,0.7565797,0.74792254,0.74004155,0.73280805,0.7256261,0.7204468,0.7148403,0.7082933,0.70048875,0.69135475,0.6846448,0.67717296,0.66801655,0.6623447,0.6585585,0.6520312,0.64753455,0.64300466,0.6390579,0.6322769,0.62586606,0.6193297,0.61418945,0.6050505,0.59829724,0.59344435,0.5865909,0.57756734,0.5714656,0.5660805,0.55670184,0.54847884,0.54104316,0.5353327,0.53125554,0.52150655,0.5186966,0.5115121,0.50638527,0.49996346,0.49335513,0.48814416,0.4802478,0.47337914,0.47019368,0.46456033,0.45903152,0.4575869,0.45431763,0.4445755,0.436371,0.4295284,0.42607284,0.4189003,0.413201,0.40569386,0.39721495,0.38504168,0.3797652,0.37303188,0.37048182,0.36494562,0.35821858
113_real,-0.3682307,,,,-0.36247212,,,,-0.36247212,,,,,-0.40278214,,,,,,,,,,,,,-0.3375183,,,,,,,,,,,,,,,,,,,,,,,,,,,,,,,,,,,-0.36147618,,,,,,,,
113_gen,-0.36823073,-0.37110338,-0.37485623,-0.3733768,-0.37797445,-0.38087907,-0.38131496,-0.38397068,-0.38808694,-0.3888446,-0.39282328,-0.39494023,-0.3966561,-0.40243655,-0.40398842,-0.4057629,-0.40689215,-0.411314,-0.41158906,-0.41554174,-0.41937488,-0.42542607,-0.4266649,-0.43196392,-0.43187022,-0.43490568,-0.4426437,-0.44607943,-0.44979423,-0.4561531,-0.4590911,-0.46051198,-0.46356648,-0.47128558,-0.4740111,-0.47623911,-0.47952732,-0.48330125,-0.48617443,-0.49044245,-0.49476114,-0.5002735,-0.50602794,-0.5113222,-0.51092684,-0.5169242,-0.5228385,-0.5267364,-0.53103197,-0.5344929,-0.53623724,-0.543012,-0.5469692,-0.5465768,-0.55230606,-0.5561529,-0.5606399,-0.56571025,-0.5702499,-0.5744051,-0.57593775,-0.58008033,-0.58069575,-0.58254015,-0.58703065,-0.59233415,-0.59645146,-0.5987457,-0.602383,-0.6079577
114_real,-0.57782775,,,,-0.61556554,,,,-0.5678967,,,,,-0.5400899,,,,,,,,,,,,,-0.629469,,,,,,,,,,,,,,,,,,,,,,,,,,,,,,,,,,,-0.58699733,,,,,,,,
114_gen,-0.5778278,-0.58338416,-0.5918215,-0.6001624,-0.60780156,-0.6142967,-0.62117696,-0.6281148,-0.6359603,-0.643905,-0.64965504,-0.65850675,-0.6644785,-0.6719903,-0.67650515,-0.68437284,-0.694228,-0.69990575,-0.70702064,-0.7153243,-0.7206758,-0.7245052,-0.73104584,-0.7346247,-0.73596203,-0.7416408,-0.7468118,-0.75318414,-0.7576709,-0.7640799,-0.7687523,-0.7745341,-0.77718097,-0.7825032,-0.7897743,-0.7948812,-0.79834765,-0.8031517,-0.8062242,-0.8114012,-0.8156141,-0.8243777,-0.8296889,-0.83465385,-0.83922255,-0.8450381,-0.84847194,-0.8491936,-0.8565717,-0.86154956,-0.86885774,-0.8745161,-0.88482606,-0.8891519,-0.89466065,-0.90155125,-0.9035265,-0.9087194,-0.91370547,-0.9182955,-0.9197272,-0.9241021,-0.92496157,-0.9331533,-0.9403163,-0.9415038,-0.94446963,-0.95318854,-0.95893365,-0.9642655
115_real,-0.95498085,,,,-0.9628817,,,,-0.942791,,,,,-0.9534007,,,,,,,,,,,,,-0.94922453,,,,,,,,,,,,,,,,,,,,,,,,,,,,,,,,,,,-0.872961,,,,,,,,
115_gen,-0.95498085,-0.9602873,-0.9640404,-0.9653756,-0.9648116,-0.97136354,-0.9759561,-0.9776983,-0.9806242,-0.9842826,-0.9882619,-0.99309635,-0.99430287,-0.99956846,-1.0022707,-1.0041472,-1.0078833,-1.0102926,-1.0147687,-1.0179837,-1.0201423,-1.0244801,-1.0210465,-1.0217361,-1.0278465,-1.0309203,-1.0351388,-1.0409248,-1.0450348,-1.0478914,-1.0470393,-1.0512649,-1.0544815,-1.0559899,-1.0609516,-1.0635595,-1.0707121,-1.0757638,-1.0803556,-1.0821266,-1.0824268,-1.088237,-1.0911143,-1.0926241,-1.0959663,-1.1014819,-1.1036166,-1.1056029,-1.1089524,-1.1130946,-1.1192893,-1.1240137,-1.1279578,-1.1323332,-1.1363322,-1.143708,-1.1477525,-1.1504544,-1.1501577,-1.1499852,-1.1534717,-1.1547608,-1.1552858,-1.1624109,-1.1653326,-1.165447,-1.1704757,-1.1721976,-1.173668,-1.1774544
116_real,-0.95244,,,,-0.9531452,,,,-0.9336024,,,,,-0.9192978,,,,,,,,,,,,,-0.9258457,,,,,,,,,,,,,,,,,,,,,,,,,,,,,,,,,,,-0.8244754,,,,,,,,
116_gen,-0.95244014,-0.9601329,-0.96358156,-0.96937734,-0.98057234,-0.98594797,-0.9930954,-0.9991544,-1.0036492,-1.0111781,-1.015701,-1.0221157,-1.0309962,-1.0349512,-1.0396593,-1.04881,-1.0575625,-1.065252,-1.0690962,-1.0712438,-1.0751034,-1.0798006,-1.0908722,-1.0965998,-1.1009847,-1.1050283,-1.1089983,-1.1162536,-1.1240051,-1.1294928,-1.1367838,-1.1398046,-1.1470168,-1.1476437,-1.1545779,-1.1632507,-1.167861,-1.1752527,-1.1788042,-1.1817217,-1.1879027,-1.1916473,-1.1971241,-1.2064482,-1.2127318,-1.2156086,-1.2270744,-1.2293941,-1.2333319,-1.242676,-1.252557,-1.2532712,-1.2552247,-1.2639763,-1.2727348,-1.279274,-1.2806146,-1.2828565,-1.2896372,-1.3007475,-1.3078938,-1.3153979,-1.320329,-1.3323847,-1.3394529,-1.3456802,-1.3479369,-1.3561231,-1.3648767,-1.3647072
117_real,0.55181175,,,,0.544712,,,,0.487914,,,,,0.5305125,,,,,,,,,,,,,0.55181175,,,,,,,,,,,,,,,,,,,,,,,,,,,,,,,,,,,0.37444478,,,,,,,,
117_gen,0.55181175,0.54782933,0.5453186,0.5437542,0.5391499,0.53170514,0.5303116,0.5235046,0.519788,0.5181824,0.51285493,0.5112041,0.5076574,0.5070983,0.5042094,0.5030624,0.50153005,0.5007118,0.4988225,0.49778104,0.49499756,0.49220222,0.4882655,0.48460785,0.47984105,0.47506595,0.47115597,0.47107348,0.46898136,0.4633758,0.45782748,0.45452136,0.4533379,0.45001832,0.44671267,0.44292814,0.43543014,0.43219423,0.43008867,0.42810544,0.42592,0.42310065,0.41727728,0.41295162,0.40963468,0.40594095,0.4024747,0.39772445,0.3953901,0.39130336,0.388321,0.38481006,0.3808251,0.37760833,0.3702913,0.3659684,0.36494622,0.3605638,0.35501143,0.35522145,0.35216832,0.34915182,0.34565726,0.3429423,0.34101063,0.33684966,0.33573738,0.33475646,0.33093795,0.32643062
118_real,0.4780792,,,,0.73524654,,,,0.5614848,,,,,0.69354373,,,,,,,,,,,,,0.53368294,,,,,,,,,,,,,,,,,,,,,,,,,,,,,,,,,,,0.2789042,,,,,,,,
118_gen,0.47807926,0.47222286,0.46712834,0.46369094,0.4574646,0.45067587,0.44462103,0.43991527,0.43402028,0.42925364,0.42420512,0.41892213,0.41451406,0.4102059,0.40440387,0.40195116,0.3970888,0.39202437,0.3872652,0.38354376,0.3779675,0.37273583,0.36663154,0.36308494,0.35706598,0.3524953,0.3496893,0.34571654,0.34192878,0.3379915,0.33600616,0.3322839,0.32825986,0.32381672,0.3185877,0.31651568,0.31460586,0.310901,0.30768913,0.30401355,0.299863,0.2978654,0.29581067,0.29354784,0.29071784,0.28554487,0.2808407,0.2785423,0.27457425,0.27017254,0.26716703,0.2638698,0.2580417,0.25466502,0.2519431,0.24692468,0.24400187,0.2395223,0.23404615,0.2289916,0.22632548,0.2222135,0.21677776,0.21344888,0.20849499,0.2044406,0.20074606,0.19596346,0.19178325,0.18999493
119_real,-0.024813434,,,,0.015789678,,,,0.0031012055,,,,,-0.022275738,,,,,,,,,,,,,-0.11109504,,,,,,,,,,,,,,,,,,,,,,,,,,,,,,,,,,,-0.31090093,,,,,,,,
119_gen,-0.024813432,-0.02740264,-0.032547884,-0.037324935,-0.043922476,-0.04932838,-0.05812444,-0.06566897,-0.07466702,-0.08374658,-0.08996496,-0.099317096,-0.10823615,-0.11274958,-0.11930019,-0.123977914,-0.1274115,-0.13239482,-0.1350157,-0.1368573,-0.14265057,-0.14832392,-0.15575619,-0.15664741,-0.15777463,-0.16787,-0.17437257,-0.18079077,-0.18584484,-0.1936398,-0.19591287,-0.1995416,-0.20852904,-0.21490066,-0.21878684,-0.2256346,-0.2282515,-0.23044546,-0.2343208,-0.24042287,-0.24614528,-0.24968605,-0.25676972,-0.2633577,-0.26890424,-0.27579466,-0.2808508,-0.28750944,-0.29503328,-0.30117303,-0.30699283,-0.30956215,-0.31423134,-0.32035673,-0.32620692,-0.3391735,-0.34250808,-0.35167435,-0.3549931,-0.36008936,-0.36411875,-0.37238073,-0.38003716,-0.38544077,-0.39122847,-0.39377132,-0.40433636,-0.40988547,-0.4180591,-0.42130226
120_real,-0.048504338,,,,-0.048504338,,,,-0.055983175,,,,,-0.14074329,,,,,,,,,,,,,-0.041025504,,,,,,,,,,,,,,,,,,,,,,,,,,,,,,,,,,,-0.11490038,,,,,,,,
120_gen,-0.04850434,-0.05936708,-0.07055818,-0.07998688,-0.08830464,-0.09186123,-0.09746034,-0.10692587,-0.1103219,-0.119239524,-0.12700893,-0.13667372,-0.14525703,-0.15057027,-0.16265458,-0.16781524,-0.17386332,-0.17841053,-0.18463124,-0.19286326,-0.20150015,-0.21136037,-0.21937335,-0.22118202,-0.22940691,-0.2363911,-0.24302085,-0.25459772,-0.2597192,-0.27044812,-0.27803147,-0.28732452,-0.2911611,-0.29688028,-0.30262032,-0.31126314,-0.3182413,-0.32092243,-0.32799333,-0.33511037,-0.3437298,-0.34645787,-0.35343167,-0.3592208,-0.3672759,-0.37344766,-0.3761348,-0.378361,-0.39060718,-0.39900997,-0.40669483,-0.41317233,-0.42084712,-0.4267785,-0.4335832,-0.44029465,-0.4486013,-0.4591855,-0.46339774,-0.4704916,-0.47694072,-0.48969895,-0.4971366,-0.5041859,-0.5050963,-0.5092522,-0.51829976,-0.52245784,-0.53329504,-0.54347485
121_real,0.6995055,,,,0.6333625,,,,0.5892671,,,,,0.4959884,,,,,,,,,,,,,0.57061136,,,,,,,,,,,,,,,,,,,,,,,,,,,,,,,,,,,0.49732333,,,,,,,,
121_gen,0.69950545,0.69439983,0.68691194,0.6855854,0.6839621,0.6802012,0.67778903,0.66971797,0.66618866,0.66437423,0.6632946,0.6575987,0.6497539,0.6497754,0.6462352,0.6432623,0.6395954,0.6322743,0.62876475,0.62335837,0.61995924,0.6156673,0.61393577,0.6103252,0.60416347,0.5987772,0.5995901,0.59359586,0.592032,0.5897503,0.58495694,0.583066,0.5800797,0.575508,0.57350725,0.5692527,0.56359637,0.5618693,0.5550684,0.55289793,0.5485191,0.5459705,0.54261225,0.5369511,0.5365974,0.53378534,0.53112257,0.5270896,0.5278095,0.5209304,0.5183643,0.51503944,0.5101782,0.507857,0.5052144,0.506107,0.50042945,0.49733514,0.49412012,0.48927888,0.49090654,0.48838347,0.482557,0.47998095,0.47739553,0.47748432,0.47247404,0.47057122,0.4677228,0.46253347
122_real,0.8483627,,,,0.8500338,,,,0.71968544,,,,,0.70297414,,,,,,,,,,,,,0.77984625,,,,,,,,,,,,,,,,,,,,,,,,,,,,,,,,,,,0.6559785,,,,,,,,
122_gen,0.8483628,0.8441435,0.83446676,0.82480013,0.8175308,0.8123293,0.8030139,0.7988271,0.7937118,0.7821803,0.77946115,0.7740492,0.7681494,0.76029,0.7550919,0.75132024,0.7407836,0.73328114,0.7208846,0.7133373,0.709707,0.6985072,0.6934227,0.6898526,0.68327415,0.68388426,0.676787,0.6714081,0.6658131,0.6557928,0.6504861,0.64588034,0.6416567,0.63570625,0.6328536,0.63013554,0.6249385,0.61684424,0.61343133,0.60796577,0.60258347,0.5958038,0.59203976,0.58877623,0.5840889,0.58320737,0.57983506,0.56781036,0.5627204,0.5611723,0.55427015,0.55229855,0.54389346,0.53964263,0.53183305,0.5239838,0.5211064,0.51710355,0.5115391,0.5136632,0.5023589,0.49423283,0.48962975,0.48572502,0.47622767,0.4713552,0.46076632,0.45860142,0.45081845,0.44210967
123_real,0.42221624,,,,0.48723897,,,,0.5138392,,,,,0.6320623,,,,,,,,,,,,,0.37492698,,,,,,,,,,,,,,,,,,,,,,,,,,,,,,,,,,,0.3937515,,,,,,,,
123_gen,0.42221624,0.42271423,0.42275104,0.4170631,0.41066176,0.4037451,0.39711383,0.39150655,0.38562706,0.3796265,0.3746574,0.36891094,0.36252743,0.35653138,0.3517496,0.3479825,0.34358913,0.33881527,0.33706608,0.33144975,0.32657638,0.32151487,0.31505638,0.30982822,0.3064388,0.30292758,0.29609615,0.29373962,0.29226962,0.29031706,0.28786916,0.2837771,0.27955422,0.27595478,0.27052078,0.26507083,0.25939357,0.2548529,0.25007224,0.24788988,0.24239747,0.23748514,0.23296769,0.22697847,0.2242599,0.21937938,0.21639386,0.21193261,0.20696905,0.20466566,0.20219986,0.19549848,0.18782088,0.18352044,0.17989746,0.17178413,0.17049769,0.16617855,0.1631281,0.15812227,0.14824268,0.14301498,0.13727939,0.133806,0.12517965,0.12040414,0.115359865,0.11020229,0.107483365,0.104140654
124_real,0.31377622,,,,0.2658357,,,,0.477338,,,,,0.20943509,,,,,,,,,,,,,0.34479657,,,,,,,,,,,,,,,,,,,,,,,,,,,,,,,,,,,0.32787278,,,,,,,,
124_gen,0.31377622,0.29547018,0.28361082,0.27405694,0.26349986,0.25513762,0.24504921,0.23495905,0.22749119,0.21810618,0.20975001,0.20110862,0.19517146,0.19156447,0.18139385,0.17370397,0.16847982,0.16229701,0.15450385,0.14546636,0.13780876,0.1326612,0.12661357,0.1217803,0.11498141,0.10825606,0.09727765,0.091000184,0.086024955,0.07884232,0.07195319,0.06574158,0.06076,0.055104394,0.047839694,0.04094275,0.035323776,0.027214516,0.022766639,0.01861861,0.014488636,0.007869327,0.0031505139,-0.0007471478,-0.0054675764,-0.009295886,-0.014452944,-0.019499253,-0.026104888,-0.031679377,-0.037525237,-0.042073604,-0.04846441,-0.05279833,-0.05866139,-0.06401686,-0.06929483,-0.073725246,-0.08148402,-0.08753978,-0.09544149,-0.09915447,-0.105529465,-0.110893965,-0.11453058,-0.119164266,-0.12489064,-0.1309536,-0.13776688,-0.1413438
125_real,0.5145509,,,,0.42626664,,,,0.39536715,,,,,0.37771028,,,,,,,,,,,,,0.40419558,,,,,,,,,,,,,,,,,,,,,,,,,,,,,,,,,,,0.44530782,,,,,,,,
125_gen,0.514551,0.5140928,0.5147297,0.51438737,0.51170206,0.5099857,0.5067512,0.5031063,0.49946994,0.5002606,0.49566898,0.49444136,0.4909815,0.48784775,0.4830718,0.47901312,0.47698826,0.4728085,0.46837887,0.4673725,0.46398926,0.4611311,0.45702687,0.4551096,0.45240098,0.45117164,0.4480115,0.44659823,0.44257307,0.44060516,0.43529645,0.4294742,0.42891043,0.42686218,0.4253398,0.42546302,0.4210453,0.41623893,0.41191047,0.4074316,0.40434274,0.3999702,0.3983627,0.39311972,0.39034626,0.38790017,0.38391533,0.37982568,0.3764755,0.37335968,0.3715117,0.36933255,0.36429936,0.36362436,0.36138293,0.35734382,0.35522133,0.35324275,0.35085413,0.34873468,0.34389597,0.33848518,0.33666268,0.33501354,0.33337206,0.32934693,0.32662955,0.3254798,0.3230614,0.32076666
126_real,1.5930494,,,,1.6019909,,,,1.4678693,,,,,1.6377567,,,,,,,,,,,,,1.1996261,,,,,,,,,,,,,,,,,,,,,,,,,,,,,,,,,,,1.1959614,,,,,,,,
126_gen,1.5930493,1.588232,1.5835861,1.5820969,1.5816517,1.5736151,1.5696341,1.5668762,1.5617446,1.5544527,1.5507683,1.54584,1.5403602,1.5341504,1.5319643,1.5315753,1.5267583,1.5245023,1.5218047,1.5181342,1.5173309,1.5157406,1.5121557,1.5087335,1.506909,1.5032909,1.5001647,1.4993336,1.4974064,1.49191,1.4884064,1.4867599,1.4842999,1.4810508,1.477951,1.4760866,1.4740999,1.4698292,1.468884,1.464027,1.4579846,1.4536498,1.4516271,1.4480244,1.4492142,1.4442581,1.440918,1.4405706,1.4386702,1.435458,1.4303238,1.425298,1.4219621,1.4189587,1.4167852,1.4142901,1.411968,1.4095017,1.4043005,1.4019452,1.398127,1.3952509,1.3911029,1.3878553,1.3839362,1.3813062,1.379109,1.3780496,1.3757695,1.3745276
127_real,-0.9322517,,,,-1.1330454,,,,-1.2052056,,,,,-1.0640225,,,,,,,,,,,,,-0.76910686,,,,,,,,,,,,,,,,,,,,,,,,,,,,,,,,,,,-0.9774449,,,,,,,,
127_gen,-0.9322518,-0.94124776,-0.9491035,-0.9558961,-0.9603003,-0.9648322,-0.9690353,-0.97382003,-0.978031,-0.98195827,-0.98460466,-0.9915287,-0.9954015,-0.99979097,-1.005086,-1.009634,-1.0129461,-1.0167944,-1.0210092,-1.0250206,-1.0320314,-1.0355687,-1.0403675,-1.0473132,-1.053416,-1.0576153,-1.0633333,-1.0661825,-1.0697566,-1.0728762,-1.0786542,-1.0848273,-1.0895997,-1.0936688,-1.1006453,-1.1063017,-1.1140563,-1.118706,-1.1230196,-1.1281539,-1.133034,-1.1351196,-1.1365179,-1.1419666,-1.1454955,-1.1492087,-1.1539853,-1.158851,-1.1640236,-1.1682129,-1.1708081,-1.1734108,-1.1803749,-1.1859597,-1.1911218,-1.1956562,-1.2007871,-1.2036908,-1.2076414,-1.2120985,-1.2163162,-1.2201979,-1.2265851,-1.2280899,-1.232827,-1.2384373,-1.245421,-1.2497826,-1.2541655,-1.2598085
128_real,-0.2571505,,,,0.047221474,,,,-0.29865578,,,,,-0.049624156,,,,,,,,,,,,,-0.14646979,,,,,,,,,,,,,,,,,,,,,,,,,,,,,,,,,,,-0.35769993,,,,,,,,
128_gen,-0.25715047,-0.26532647,-0.26992097,-0.2742428,-0.28236395,-0.2889928,-0.29644635,-0.30374417,-0.30977535,-0.31671935,-0.3231722,-0.3282338,-0.33428225,-0.3392434,-0.34670234,-0.35152805,-0.3553223,-0.36178792,-0.36709344,-0.374691,-0.38045996,-0.38501492,-0.39207825,-0.39737493,-0.4042909,-0.40765786,-0.41197005,-0.41605467,-0.4216748,-0.42755526,-0.43331808,-0.43883213,-0.44604635,-0.45248857,-0.4582911,-0.46318287,-0.4673295,-0.47211903,-0.47655502,-0.47830853,-0.48318037,-0.48670763,-0.49176496,-0.49499044,-0.49963254,-0.504185,-0.51099885,-0.51580286,-0.5206261,-0.52426255,-0.5304365,-0.5366597,-0.54309547,-0.5491373,-0.55557865,-0.56077474,-0.56568986,-0.5686894,-0.5750457,-0.58097225,-0.5862214,-0.5916249,-0.5978692,-0.6033027,-0.60914737,-0.61523765,-0.6203475,-0.62801284,-0.6328043,-0.6378845
129_real,0.12839119,,,,-0.042246886,,,,-0.070686564,,,,,0.3132491,,,,,,,,,,,,,-0.2271048,,,,,,,,,,,,,,,,,,,,,,,,,,,,,,,,,,,-0.1107616,,,,,,,,
129_gen,0.12839118,0.12437314,0.120152794,0.11552185,0.112248,0.10660386,0.09990887,0.0946915,0.09161134,0.08432002,0.08092271,0.07587518,0.07152943,0.06715431,0.060302895,0.05382677,0.04656125,0.041957576,0.03619077,0.030994657,0.026386678,0.021344827,0.018378694,0.014219535,0.008237563,0.0036702577,-0.00136051,-0.005813333,-0.009044894,-0.014861506,-0.017781053,-0.022592545,-0.026952809,-0.02833267,-0.03160411,-0.034589242,-0.037166487,-0.03954606,-0.04603388,-0.047995064,-0.05095905,-0.05462142,-0.057417877,-0.05846305,-0.062814385,-0.066812985,-0.06923117,-0.072421744,-0.0746375,-0.07708503,-0.08327233,-0.086897895,-0.088452116,-0.09299304,-0.09582867,-0.101198554,-0.10406381,-0.10718858,-0.111146115,-0.11473368,-0.120639525,-0.124548376,-0.1274548,-0.13082495,-0.13266721,-0.13780203,-0.14010365,-0.14527379,-0.14968488,-0.15396474
130_real,-0.48908466,,,,-0.4447544,,,,-0.49378324,,,,,-0.5293292,,,,,,,,,,,,,-0.49797112,,,,,,,,,,,,,,,,,,,,,,,,,,,,,,,,,,,-0.48488897,,,,,,,,
130_gen,-0.48908466,-0.49878293,-0.5072514,-0.5144828,-0.52082145,-0.529782,-0.53521454,-0.540218,-0.54619277,-0.55140865,-0.55529696,-0.55831075,-0.56198484,-0.5659,-0.5708512,-0.5749075,-0.5796172,-0.58547753,-0.5905849,-0.5964119,-0.6060146,-0.6132493,-0.6213336,-0.6291037,-0.6345173,-0.64241964,-0.64681774,-0.65170497,-0.6567729,-0.6639556,-0.66946465,-0.676725,-0.6814741,-0.6871406,-0.69215214,-0.69608885,-0.7039861,-0.7085923,-0.71512204,-0.7184126,-0.72135276,-0.72649825,-0.7305337,-0.73504704,-0.7367849,-0.74113333,-0.74696726,-0.75289637,-0.7571989,-0.7624101,-0.7671482,-0.77093416,-0.7750605,-0.7815916,-0.78640926,-0.79353684,-0.80019057,-0.80635786,-0.8098876,-0.8150989,-0.817341,-0.82247627,-0.8264421,-0.83310735,-0.8368705,-0.8422903,-0.85154855,-0.85493743,-0.8608225,-0.8663805
131_real,-0.67593396,,,,-0.58825415,,,,-0.64536005,,,,,-0.6186208,,,,,,,,,,,,,-0.59924006,,,,,,,,,,,,,,,,,,,,,,,,,,,,,,,,,,,-0.6262933,,,,,,,,
131_gen,-0.6759339,-0.67599213,-0.67453206,-0.67222524,-0.670403,-0.67202115,-0.67228186,-0.6735193,-0.67465585,-0.6778813,-0.68012667,-0.68472165,-0.6876332,-0.6927828,-0.69649744,-0.694502,-0.70136714,-0.70273334,-0.69917834,-0.7044507,-0.70997226,-0.7122859,-0.7151497,-0.71783316,-0.7213485,-0.72569764,-0.72463924,-0.72204685,-0.7245809,-0.72303236,-0.7231776,-0.7255996,-0.7271316,-0.7243868,-0.7364956,-0.7366999,-0.7383054,-0.7407972,-0.7420413,-0.73389006,-0.73809856,-0.74239886,-0.7387847,-0.7415334,-0.73986924,-0.74243563,-0.746588,-0.7487405,-0.7532096,-0.75011855,-0.7524069,-0.75759304,-0.7594948,-0.7608514,-0.76067424,-0.76242536,-0.7597318,-0.759738,-0.76466703,-0.7644527,-0.76898825,-0.76595354,-0.7684797,-0.7733623,-0.773215,-0.7765192,-0.78602564,-0.78396505,-0.78456223,-0.7876678
132_real,-0.23122619,,,,-0.20610791,,,,-0.27976555,,,,,-0.216291,,,,,,,,,,,,,-0.12939535,,,,,,,,,,,,,,,,,,,,,,,,,,,,,,,,,,,-0.24879563,,,,,,,,
132_gen,-0.23122618,-0.24151258,-0.25060886,-0.2611702,-0.26456583,-0.2721948,-0.2874216,-0.29219782,-0.30446723,-0.31109104,-0.32383838,-0.33027464,-0.3332707,-0.33810645,-0.34265316,-0.3557705,-0.36453813,-0.37890273,-0.38207635,-0.3936941,-0.3995126,-0.40592343,-0.41548547,-0.42339864,-0.42846456,-0.43723303,-0.4443833,-0.45059538,-0.45760092,-0.4631249,-0.47036704,-0.4762742,-0.48306656,-0.4869315,-0.49376863,-0.5030309,-0.50822127,-0.5097322,-0.5175423,-0.5205545,-0.52044016,-0.52570003,-0.53594893,-0.5400034,-0.5428574,-0.55009604,-0.5604952,-0.5681287,-0.58045894,-0.5855428,-0.59455395,-0.6009412,-0.6106248,-0.6169951,-0.6267609,-0.6316281,-0.63846684,-0.64699036,-0.6591364,-0.6661786,-0.6786498,-0.68331087,-0.69079715,-0.68835515,-0.6981673,-0.69824517,-0.7127491,-0.72117746,-0.72650623,-0.7309224
133_real,-0.2982287,,,,-0.27270022,,,,-0.32270807,,,,,-0.27130142,,,,,,,,,,,,,-0.26185936,,,,,,,,,,,,,,,,,,,,,,,,,,,,,,,,,,,-0.2407114,,,,,,,,
133_gen,-0.2982287,-0.29864377,-0.2976821,-0.2974959,-0.30085325,-0.30696982,-0.3106661,-0.3147123,-0.3202006,-0.3240497,-0.32855168,-0.33346182,-0.33818594,-0.34498134,-0.34769037,-0.35195488,-0.35647193,-0.3614792,-0.36549234,-0.37099224,-0.3761552,-0.37827697,-0.38363537,-0.3887226,-0.39589617,-0.39908397,-0.40464482,-0.40869004,-0.41438276,-0.42067724,-0.42586368,-0.43222728,-0.43837976,-0.44699112,-0.45117083,-0.45744595,-0.46576658,-0.4713646,-0.4765343,-0.47964007,-0.48683006,-0.4906663,-0.49744743,-0.5032285,-0.5085454,-0.51492816,-0.51999027,-0.52672553,-0.530192,-0.5362579,-0.5446804,-0.5498153,-0.55594766,-0.5613654,-0.5666316,-0.575721,-0.58034605,-0.58535033,-0.5913576,-0.5968315,-0.60351557,-0.60866714,-0.61495936,-0.6208891,-0.62761694,-0.6335266,-0.63736826,-0.6447233,-0.6516516,-0.6570309
134_real,-0.20799646,,,,-0.19106579,,,,-0.27692842,,,,,-0.22008978,,,,,,,,,,,,,-0.25616822,,,,,,,,,,,,,,,,,,,,,,,,,,,,,,,,,,,-0.24410252,,,,,,,,
134_gen,-0.20799646,-0.21423261,-0.221337,-0.22520328,-0.22957583,-0.23662439,-0.24161994,-0.24471001,-0.25008997,-0.25615907,-0.25995195,-0.26593775,-0.2690001,-0.27405795,-0.2795253,-0.28779224,-0.29262438,-0.29434258,-0.30064854,-0.30579573,-0.30934682,-0.31505027,-0.3193401,-0.32858706,-0.33149174,-0.33540177,-0.342295,-0.3487102,-0.35408622,-0.36260152,-0.36908007,-0.37572783,-0.37913495,-0.38120055,-0.38713712,-0.39200893,-0.39397985,-0.39633808,-0.40309244,-0.40655977,-0.4095977,-0.41239506,-0.41633806,-0.42164773,-0.42764345,-0.4329094,-0.43904728,-0.44313154,-0.44726595,-0.4536515,-0.45942935,-0.4649155,-0.4693083,-0.47501382,-0.48250538,-0.48704258,-0.49206075,-0.4972736,-0.50193584,-0.5039753,-0.5094001,-0.51685303,-0.52393764,-0.52782565,-0.53302133,-0.53879833,-0.543002,-0.547607,-0.5506131,-0.55419225
135_real,-0.2624328,,,,-0.20439366,,,,-0.28604874,,,,,-0.18337949,,,,,,,,,,,,,-0.24121849,,,,,,,,,,,,,,,,,,,,,,,,,,,,,,,,,,,-0.26727518,,,,,,,,
135_gen,-0.2624328,-0.26084,-0.2616667,-0.262316,-0.2684889,-0.26848322,-0.27912304,-0.2821353,-0.28580672,-0.28768557,-0.29228687,-0.29270193,-0.29821303,-0.3012637,-0.30483568,-0.30775276,-0.31121904,-0.31481326,-0.31638974,-0.31875822,-0.31967324,-0.32131785,-0.32109308,-0.32109717,-0.32215205,-0.32476446,-0.32573792,-0.3281979,-0.33460325,-0.336343,-0.34149727,-0.34872675,-0.35512257,-0.36455768,-0.36905336,-0.36911282,-0.37049162,-0.37110448,-0.37045175,-0.37596628,-0.38216028,-0.38145906,-0.3846461,-0.38590318,-0.38667375,-0.39188963,-0.39771658,-0.39990717,-0.40504557,-0.41127568,-0.4157578,-0.4218472,-0.4248485,-0.42995256,-0.4349413,-0.441271,-0.44204387,-0.44305888,-0.44668484,-0.4505129,-0.45464373,-0.45914978,-0.46341664,-0.46666232,-0.4687913,-0.47430888,-0.48029405,-0.4878767,-0.4927033,-0.49752712
136_real,-0.4500828,,,,-0.45982164,,,,-0.529797,,,,,-0.5191564,,,,,,,,,,,,,-0.5319612,,,,,,,,,,,,,,,,,,,,,,,,,,,,,,,,,,,-0.4652769,,,,,,,,
136_gen,-0.45008284,-0.4606782,-0.47167236,-0.4808468,-0.4901329,-0.49383146,-0.5014468,-0.5088618,-0.51371413,-0.52185875,-0.52933383,-0.5373171,-0.54474425,-0.5528553,-0.56065714,-0.5681027,-0.57474583,-0.5831539,-0.5908181,-0.60206735,-0.61002964,-0.61799955,-0.62417465,-0.6291751,-0.6320827,-0.6406485,-0.64695436,-0.65548974,-0.66064084,-0.66299796,-0.66633236,-0.67029727,-0.67406183,-0.6807272,-0.6871627,-0.68925357,-0.6991497,-0.70388144,-0.7072557,-0.71361214,-0.71895564,-0.7240068,-0.7266423,-0.73376834,-0.74202335,-0.74786675,-0.75334984,-0.76536953,-0.76968557,-0.7754134,-0.7836852,-0.7900365,-0.79566324,-0.80441797,-0.81622887,-0.821912,-0.82622635,-0.83579886,-0.8445538,-0.85364074,-0.8642538,-0.86962473,-0.8755943,-0.881107,-0.8865374,-0.8912324,-0.9004372,-0.903726,-0.9108757,-0.9156186
137_real,-0.5747141,,,,-0.5774898,,,,-0.6396648,,,,,-0.6069119,,,,,,,,,,,,,-0.5439967,,,,,,,,,,,,,,,,,,,,,,,,,,,,,,,,,,,-0.5364527,,,,,,,,
137_gen,-0.5747141,-0.57760817,-0.5803654,-0.5801561,-0.58554,-0.58911574,-0.59594494,-0.6013249,-0.6090338,-0.61709356,-0.62261426,-0.62933755,-0.63536584,-0.63808656,-0.6415195,-0.6426625,-0.64801645,-0.65013134,-0.656877,-0.6629238,-0.66554844,-0.67143685,-0.6777546,-0.683437,-0.6866478,-0.6946082,-0.6997727,-0.70559645,-0.70778877,-0.7119817,-0.7157987,-0.7242535,-0.7317355,-0.73731416,-0.7448605,-0.7505268,-0.76104915,-0.7662868,-0.77338856,-0.7816347,-0.78467685,-0.7891033,-0.79567826,-0.79869384,-0.8046735,-0.81089675,-0.8151778,-0.81928426,-0.8245926,-0.83259964,-0.8404444,-0.8475685,-0.8505684,-0.85837173,-0.86669266,-0.8706024,-0.87573636,-0.8808538,-0.88652694,-0.89091253,-0.8984267,-0.903837,-0.90669,-0.9104115,-0.91459,-0.9182804,-0.92503536,-0.9315721,-0.93482846,-0.93986845
138_real,0.53888375,,,,-0.061685562,,,,0.16352794,,,,,0.6327227,,,,,,,,,,,,,1.3083632,,,,,,,,,,,,,,,,,,,,,,,,,,,,,,,,,,,0.784803,,,,,,,,
138_gen,0.53888375,0.53440493,0.5273587,0.5220432,0.5145211,0.5075752,0.5010336,0.49251357,0.48622108,0.4786833,0.47181836,0.4655488,0.4603445,0.45647973,0.45096332,0.4431561,0.43713507,0.4313318,0.42616487,0.41980958,0.41174942,0.40431437,0.39461675,0.3867779,0.3799693,0.37200448,0.36512965,0.3561026,0.34609646,0.34122545,0.33566517,0.32755876,0.32112613,0.3157532,0.30673102,0.3005745,0.2926723,0.28793833,0.2808171,0.27708,0.27340442,0.26674825,0.26424465,0.2591194,0.25132722,0.24599615,0.23759146,0.23466238,0.22659591,0.22098751,0.21312079,0.20749137,0.20106582,0.19882551,0.19589171,0.19067827,0.18488672,0.17646354,0.16919354,0.16221799,0.15691185,0.15084605,0.15177354,0.14192066,0.13583544,0.1307674,0.12796319,0.121509016,0.11471754,0.10480006
139_real,0.58339596,,,,0.63587654,,,,0.37347353,,,,,0.26851234,,,,,,,,,,,,,-0.5361902,,,,,,,,,,,,,,,,,,,,,,,,,,,,,,,,,,,-0.04829871,,,,,,,,
139_gen,0.58339596,0.5735569,0.56769484,0.5630456,0.557676,0.55088615,0.54467,0.53922683,0.5318152,0.5269562,0.5201167,0.5114404,0.50496453,0.49702853,0.48830706,0.48290834,0.47327542,0.46574035,0.46079555,0.45360988,0.44814855,0.4429589,0.43694335,0.43239984,0.42584077,0.4219305,0.4182883,0.4148736,0.4097084,0.40409917,0.39814445,0.3936574,0.38978806,0.38079137,0.37497574,0.36981705,0.36617535,0.3582971,0.35335082,0.34904036,0.3432768,0.33584678,0.32917994,0.3212531,0.31659192,0.31091172,0.30521205,0.30092794,0.29543477,0.29084602,0.2846981,0.27836925,0.2726817,0.26718697,0.26474476,0.25862864,0.25471628,0.2462124,0.24102971,0.2335115,0.22852811,0.22366707,0.21676989,0.2062306,0.20205955,0.19489533,0.19083352,0.18477109,0.17884119,0.1732218
140_real,0.85593283,,,,0.72267616,,,,0.77264744,,,,,0.7659846,,,,,,,,,,,,,0.75932175,,,,,,,,,,,,,,,,,,,,,,,,,,,,,,,,,,,0.6914691,,,,,,,,
140_gen,0.85593283,0.84844464,0.8456914,0.84390163,0.8388731,0.835686,0.8305718,0.8190934,0.81245625,0.80881166,0.80089504,0.7911193,0.78335863,0.78023785,0.7738891,0.7642453,0.75505483,0.7489841,0.7422153,0.7336173,0.72635293,0.7219926,0.71693325,0.71446806,0.7062332,0.6967772,0.6887873,0.6801684,0.6707615,0.66618836,0.6623233,0.65620655,0.6511073,0.6477396,0.63904417,0.6352976,0.628163,0.6218872,0.6151048,0.6145549,0.60151184,0.5976207,0.5929321,0.5913147,0.5831028,0.580217,0.5728635,0.564768,0.5571205,0.5542718,0.5472571,0.53833663,0.5318533,0.52195895,0.51460207,0.5070271,0.5020822,0.495027,0.48883003,0.4804059,0.47177857,0.46558744,0.45419025,0.44539636,0.43982038,0.4320573,0.42764014,0.41858244,0.40902567,0.4007253
141_real,0.5615878,,,,0.75175935,,,,0.5958187,,,,,0.71372503,,,,,,,,,,,,,0.5501775,,,,,,,,,,,,,,,,,,,,,,,,,,,,,,,,,,,0.5507386,,,,,,,,
141_gen,0.5615878,0.5556796,0.5479595,0.5398973,0.5352086,0.5288057,0.52224976,0.5175475,0.51695883,0.51150006,0.50776017,0.5014249,0.49606735,0.48986024,0.48625594,0.4823083,0.47711936,0.471042,0.4687395,0.46542317,0.46368632,0.46317902,0.46013108,0.45793408,0.45371467,0.4495574,0.44717902,0.4427473,0.43587178,0.43461475,0.42931595,0.42644733,0.42249876,0.41770077,0.41357023,0.41162485,0.4059545,0.4010841,0.39723778,0.39319134,0.38752532,0.3827723,0.3788205,0.3773957,0.37313658,0.36990678,0.36751077,0.363084,0.35904402,0.3531519,0.3481513,0.3414683,0.33817205,0.3319198,0.32890975,0.32637316,0.31936592,0.31362927,0.30642933,0.3013468,0.29361537,0.28717276,0.28372094,0.2799583,0.2728595,0.26617113,0.26166767,0.25457087,0.25035688,0.24475369
142_real,-0.4287179,,,,-0.385468,,,,-0.32780147,,,,,-0.37105137,,,,,,,,,,,,,-0.57768977,,,,,,,,,,,,,,,,,,,,,,,,,,,,,,,,,,,-0.6122037,,,,,,,,
142_gen,-0.4287179,-0.4367529,-0.4464709,-0.45408836,-0.45740438,-0.46596622,-0.47343573,-0.47844476,-0.48514146,-0.49219188,-0.4975316,-0.50241506,-0.5095486,-0.51797694,-0.52368796,-0.5308144,-0.53567016,-0.5386769,-0.54506105,-0.5510589,-0.5596729,-0.56591976,-0.5745305,-0.57873505,-0.58609974,-0.5910108,-0.5972192,-0.6002801,-0.601929,-0.60752976,-0.61227906,-0.6201201,-0.6264795,-0.6317552,-0.6363385,-0.63926667,-0.64314365,-0.64841616,-0.65332335,-0.65413535,-0.6593431,-0.6620964,-0.66898215,-0.6752683,-0.68300736,-0.68755215,-0.6911118,-0.69816715,-0.70171463,-0.7038568,-0.7064315,-0.7099621,-0.71816313,-0.72402984,-0.73196864,-0.73816776,-0.7437093,-0.7512642,-0.76021326,-0.7659687,-0.76990306,-0.7735035,-0.77875787,-0.7822117,-0.7877456,-0.7920793,-0.7977363,-0.80228984,-0.8087336,-0.81559163
143_real,-0.46335056,,,,-0.38952273,,,,-0.39936644,,,,,-0.47319427,,,,,,,,,,,,,-0.43874127,,,,,,,,,,,,,,,,,,,,,,,,,,,,,,,,,,,-0.5072179,,,,,,,,
143_gen,-0.4633506,-0.46732584,-0.47195372,-0.4752244,-0.47958845,-0.48470145,-0.48760527,-0.49153265,-0.49914885,-0.50371426,-0.50876665,-0.5157043,-0.51895744,-0.5217346,-0.5261063,-0.5285231,-0.5317023,-0.5338286,-0.53680146,-0.5414207,-0.5444393,-0.54971796,-0.554934,-0.5604695,-0.5653062,-0.5696096,-0.5735124,-0.5750076,-0.5784372,-0.5819729,-0.5880617,-0.59285605,-0.59736645,-0.6010624,-0.6055596,-0.6116962,-0.6164126,-0.6234598,-0.6269952,-0.6319659,-0.6387025,-0.64277,-0.64837724,-0.65138686,-0.6565953,-0.66191804,-0.66713595,-0.6694247,-0.67240274,-0.67540306,-0.6792606,-0.6826511,-0.68580455,-0.6891939,-0.6926812,-0.6966933,-0.7012714,-0.7073152,-0.70992404,-0.71542,-0.71797764,-0.7212363,-0.7268664,-0.73235565,-0.7381303,-0.740948,-0.74557257,-0.75090766,-0.7550043,-0.75959134
144_real,0.022349514,,,,-0.007747838,,,,0.02159708,,,,,-0.031825718,,,,,,,,,,,,,-0.05214143,,,,,,,,,,,,,,,,,,,,,,,,,,,,,,,,,,,-0.04315772,,,,,,,,
144_gen,0.022349512,0.014897376,0.0077845855,-0.0005419717,-0.006804046,-0.01564719,-0.023016164,-0.029266438,-0.034545563,-0.041491725,-0.047334895,-0.051937092,-0.056160104,-0.060371112,-0.063626096,-0.06985643,-0.07813482,-0.080828026,-0.08468626,-0.090413816,-0.09562997,-0.09887078,-0.10437056,-0.10752245,-0.11391358,-0.119311646,-0.123241305,-0.12616935,-0.13244586,-0.13663845,-0.14058611,-0.14492625,-0.149861,-0.15465246,-0.15776125,-0.16172588,-0.16444418,-0.17142247,-0.1751022,-0.18034095,-0.18296011,-0.1874431,-0.19150335,-0.19477168,-0.19811676,-0.2017821,-0.20574939,-0.20696194,-0.21001618,-0.21448597,-0.2185525,-0.22345372,-0.22533023,-0.23246774,-0.23537132,-0.23752984,-0.24261673,-0.2435528,-0.24714231,-0.25234967,-0.25558278,-0.258746,-0.2599853,-0.26141515,-0.26320565,-0.26719826,-0.2709965,-0.27397794,-0.27748287,-0.2817069
