ROI,Month_0,Month_1,Month_2,Month_3,Month_4,Month_5,Month_6,Month_7,Month_8,Month_9,Month_10,Month_11,Month_12,Month_13,Month_14,Month_15,Month_16,Month_17,Month_18,Month_19,Month_20,Month_21,Month_22,Month_23,Month_24,Month_25,Month_26,Month_27,Month_28,Month_29,Month_30,Month_31,Month_32,Month_33,Month_34,Month_35,Month_36,Month_37,Month_38,Month_39,Month_40,Month_41,Month_42,Month_43,Month_44,Month_45,Month_46,Month_47,Month_48,Month_49,Month_50,Month_51,Month_52,Month_53,Month_54,Month_55,Month_56,Month_57,Month_58,Month_59,Month_60,Month_61,Month_62,Month_63,Month_64,Month_65,Month_66,Month_67,Month_68,Month_69
0_real,-1.3536783,,,,,,-1.0969934,,,,-1.2108867,,,,,-1.2652836,,,,,,,,,,,,,,,,,,,,,,,,,,,,,,,,,,,,,,,,,,,,,,,,,,,,,,
0_gen,-1.3536785,-1.3483909,-1.3436682,-1.338921,-1.3353084,-1.3313532,-1.3269402,-1.3230419,-1.3180366,-1.3127663,-1.3057973,-1.3008205,-1.2948235,-1.2880523,-1.2820691,-1.2769697,-1.2729582,-1.2667915,-1.2604086,-1.2565482,-1.2522237,-1.2474889,-1.2435026,-1.2398741,-1.2348492,-1.228038,-1.2219359,-1.2157012,-1.2110074,-1.2058835,-1.2015258,-1.1949413,-1.1880155,-1.1820823,-1.1756995,-1.1697323,-1.1664051,-1.161154,-1.1564362,-1.1537741,-1.1476989,-1.1436441,-1.1387527,-1.132869,-1.1300415,-1.1254171,-1.1211039,-1.1181906,-1.1129401,-1.1085591,-1.1010727,-1.0967615,-1.089999,-1.0859067,-1.0809228,-1.0759977,-1.0703713,-1.0651393,-1.0605681,-1.0549839,-1.0485251,-1.0444435,-1.0391724,-1.0330056,-1.0294211,-1.0246246,-1.0178726,-1.0132918,-1.0091002,-1.0048511
1_real,0.81768817,,,,,,0.86213213,,,,0.8038952,,,,,0.92649925,,,,,,,,,,,,,,,,,,,,,,,,,,,,,,,,,,,,,,,,,,,,,,,,,,,,,,
1_gen,0.8176881,0.8164899,0.816851,0.818495,0.8194699,0.8179906,0.8183848,0.8184763,0.81884396,0.8182543,0.81956273,0.81948626,0.8183793,0.81766176,0.8167614,0.8156786,0.8164752,0.8172971,0.8177803,0.8191042,0.82053196,0.82143164,0.822982,0.8236736,0.8228038,0.82433635,0.8247816,0.82523793,0.82476217,0.824227,0.8255544,0.82486933,0.8255229,0.82503384,0.8280471,0.8302701,0.83069247,0.83201486,0.8331315,0.8330511,0.8345126,0.8363781,0.83753157,0.8378869,0.83963966,0.84031075,0.8425927,0.84403545,0.8437093,0.8435602,0.8439549,0.843277,0.8432685,0.8445641,0.84461176,0.84563935,0.84793186,0.84778106,0.8481606,0.84879076,0.8497982,0.8505291,0.8528218,0.8529536,0.8542145,0.8549093,0.85535794,0.8554143,0.8557129,0.856431
2_real,-0.23813203,,,,,,0.0015880798,,,,-0.06823331,,,,,-0.2427868,,,,,,,,,,,,,,,,,,,,,,,,,,,,,,,,,,,,,,,,,,,,,,,,,,,,,,
2_gen,-0.23813203,-0.24372563,-0.24776682,-0.25268868,-0.26011464,-0.26544207,-0.26877692,-0.27277464,-0.28043836,-0.2859159,-0.2945907,-0.29846385,-0.3059809,-0.30935422,-0.31720346,-0.320623,-0.32437366,-0.3284733,-0.33373064,-0.3395895,-0.3413358,-0.34254918,-0.34569636,-0.34798253,-0.3525657,-0.35790724,-0.36293036,-0.36599922,-0.3679624,-0.37062588,-0.3747999,-0.37890634,-0.38153455,-0.3839748,-0.3851045,-0.38932344,-0.3898845,-0.39332345,-0.3990454,-0.40467978,-0.40950117,-0.413989,-0.41848516,-0.42163715,-0.42589822,-0.42993516,-0.43376356,-0.43870443,-0.44149247,-0.44646072,-0.44848642,-0.45449668,-0.45736465,-0.46043882,-0.46504456,-0.4711911,-0.4748507,-0.47901455,-0.48394498,-0.4867139,-0.48918152,-0.49254498,-0.4940962,-0.49825734,-0.5045748,-0.5072386,-0.510043,-0.51432604,-0.5197728,-0.5212978
3_real,0.38792884,,,,,,0.4138196,,,,0.5762253,,,,,0.42323443,,,,,,,,,,,,,,,,,,,,,,,,,,,,,,,,,,,,,,,,,,,,,,,,,,,,,,
3_gen,0.38792887,0.37755638,0.36696357,0.3564332,0.34778422,0.34039965,0.33779663,0.32997015,0.32434553,0.31890285,0.3125531,0.30909508,0.30701667,0.29962894,0.2981227,0.29283375,0.29241812,0.29009083,0.28654188,0.28262475,0.27954555,0.2744241,0.26994973,0.2684311,0.26401106,0.2618999,0.2582035,0.2532857,0.2529735,0.24985297,0.24723661,0.24213126,0.23691526,0.2295016,0.22729914,0.22652297,0.22178654,0.21727566,0.2130204,0.20906563,0.20589444,0.20280626,0.19889776,0.19425194,0.19108959,0.18963192,0.18380262,0.17865872,0.1733673,0.16929194,0.16507074,0.16149232,0.15793878,0.15190949,0.14686163,0.14570455,0.1435979,0.13796994,0.13480349,0.12988338,0.12492857,0.12293111,0.11845021,0.11532359,0.11088492,0.10405409,0.09917241,0.09531038,0.09184624,0.08476111
4_real,-0.5137345,,,,,,-0.34349644,,,,-0.5231922,,,,,-0.71234566,,,,,,,,,,,,,,,,,,,,,,,,,,,,,,,,,,,,,,,,,,,,,,,,,,,,,,
4_gen,-0.51373446,-0.5163971,-0.5158719,-0.5134654,-0.5196684,-0.52089196,-0.5282117,-0.5283577,-0.52654445,-0.53533256,-0.5403143,-0.5451245,-0.54678434,-0.5497353,-0.5470324,-0.54998183,-0.54797417,-0.55223,-0.5562657,-0.55683666,-0.55896413,-0.55944496,-0.5579427,-0.560754,-0.5620277,-0.56577003,-0.5659989,-0.57081544,-0.5725535,-0.5810642,-0.5804954,-0.5854968,-0.58334106,-0.5880583,-0.58824724,-0.5896048,-0.59395397,-0.5989083,-0.6052948,-0.60865015,-0.609842,-0.6148576,-0.6191091,-0.62135303,-0.6216043,-0.62348545,-0.63237345,-0.6352218,-0.63588685,-0.6474422,-0.64871085,-0.6521145,-0.6575947,-0.659387,-0.66077954,-0.66802335,-0.6707999,-0.672711,-0.6782397,-0.682197,-0.68761456,-0.69162965,-0.7009369,-0.7017393,-0.7062001,-0.7109307,-0.71563584,-0.71360564,-0.7165518,-0.717703
5_real,-1.185351,,,,,,-1.1160786,,,,-0.50252336,,,,,-0.50252336,,,,,,,,,,,,,,,,,,,,,,,,,,,,,,,,,,,,,,,,,,,,,,,,,,,,,,
5_gen,-1.1853511,-1.194842,-1.2026467,-1.2095143,-1.2127708,-1.2163298,-1.2193815,-1.2259887,-1.2335892,-1.2389969,-1.2456789,-1.2491103,-1.2525917,-1.2561438,-1.2573985,-1.2566719,-1.2632542,-1.2639806,-1.2660776,-1.2673452,-1.270443,-1.2738812,-1.2774309,-1.2815374,-1.2825115,-1.2870497,-1.2894442,-1.2919246,-1.2931817,-1.2968867,-1.2991745,-1.3020518,-1.3106219,-1.3179104,-1.3251983,-1.328421,-1.3283614,-1.3349116,-1.3384048,-1.342385,-1.3482941,-1.3510059,-1.3529613,-1.3550314,-1.3620185,-1.367973,-1.371332,-1.3723559,-1.3784939,-1.3815191,-1.3819292,-1.3855045,-1.389136,-1.3942306,-1.3936349,-1.4005257,-1.40399,-1.4072106,-1.411337,-1.4183306,-1.4215299,-1.4234527,-1.4238725,-1.4255564,-1.427888,-1.4362468,-1.4421084,-1.4456811,-1.4452953,-1.4489928
6_real,0.69842803,,,,,,0.681157,,,,0.7839195,,,,,0.7269252,,,,,,,,,,,,,,,,,,,,,,,,,,,,,,,,,,,,,,,,,,,,,,,,,,,,,,
6_gen,0.6984281,0.6942297,0.69166744,0.68876946,0.686343,0.6861309,0.6843897,0.6819167,0.6798753,0.6777722,0.67757183,0.67575395,0.6753749,0.67367965,0.6743048,0.67391545,0.67363894,0.6734482,0.67258584,0.6722765,0.6697515,0.6690403,0.6684172,0.6675895,0.66613925,0.6665966,0.6660568,0.66549546,0.66483337,0.66555375,0.66496617,0.66481197,0.6636915,0.6622695,0.6631699,0.6625755,0.663453,0.6628822,0.6605049,0.65977275,0.6603155,0.65908945,0.65862846,0.6585692,0.6571982,0.6576042,0.6563009,0.65569365,0.6538588,0.65248775,0.652599,0.6520523,0.65366185,0.6548518,0.65353024,0.653594,0.65374744,0.65238917,0.6519247,0.6510283,0.64926493,0.64818895,0.64921635,0.6472959,0.64582825,0.64403945,0.6437241,0.64474446,0.6457406,0.6439742
7_real,0.63770115,,,,,,0.7248985,,,,0.76123077,,,,,0.7630474,,,,,,,,,,,,,,,,,,,,,,,,,,,,,,,,,,,,,,,,,,,,,,,,,,,,,,
7_gen,0.6377011,0.6333648,0.6302668,0.62730825,0.6246692,0.62458915,0.6214868,0.6235019,0.6217031,0.6205481,0.61902916,0.6162241,0.6157254,0.61515844,0.6149251,0.61704737,0.61939216,0.6190421,0.6201352,0.62199485,0.62382764,0.62231505,0.62246764,0.62416685,0.62383306,0.62413543,0.62488854,0.6261523,0.6264493,0.62750274,0.6281768,0.6275937,0.62911916,0.6309979,0.632981,0.63553834,0.6343041,0.6361972,0.63566434,0.6382005,0.64025486,0.64258343,0.64517343,0.64687157,0.64919823,0.65172726,0.655206,0.6564633,0.65794885,0.6589042,0.6618543,0.66368324,0.66450185,0.6679182,0.66903484,0.67221487,0.67476326,0.67384714,0.6744817,0.675106,0.6764196,0.6794367,0.67892784,0.68001485,0.6811183,0.684332,0.68684256,0.6885727,0.6917261,0.6922247
8_real,1.3217084,,,,,,1.4368268,,,,1.4279716,,,,,1.3659847,,,,,,,,,,,,,,,,,,,,,,,,,,,,,,,,,,,,,,,,,,,,,,,,,,,,,,
8_gen,1.3217086,1.316851,1.3166964,1.3153155,1.3147821,1.3126967,1.3104092,1.3074607,1.3057774,1.3024614,1.3022764,1.298476,1.2968421,1.2975088,1.2983177,1.2979664,1.2957983,1.2951809,1.292072,1.2901237,1.2897455,1.2914345,1.291383,1.293525,1.2962568,1.2965976,1.2960329,1.2980455,1.2958878,1.293902,1.2938795,1.2967396,1.2985284,1.2970817,1.2989948,1.300009,1.3006784,1.3010347,1.3014768,1.3023324,1.3037556,1.3056979,1.304991,1.3056111,1.3066525,1.3054879,1.3042852,1.304464,1.3034708,1.3057197,1.3063837,1.3059282,1.3041527,1.3036535,1.3032343,1.3029279,1.30396,1.30338,1.3028243,1.3045542,1.3072562,1.3087804,1.3097979,1.3089654,1.3089113,1.3102067,1.3100609,1.3125398,1.3120277,1.3109682
9_real,0.7828338,,,,,,0.82570404,,,,0.8073311,,,,,0.8787815,,,,,,,,,,,,,,,,,,,,,,,,,,,,,,,,,,,,,,,,,,,,,,,,,,,,,,
9_gen,0.7828339,0.78359723,0.7827233,0.7827345,0.78154993,0.77521163,0.7758058,0.7762539,0.77513814,0.7729362,0.76884735,0.7652947,0.7646557,0.76429033,0.76615286,0.7618336,0.7592066,0.7552289,0.75350666,0.74743074,0.7494137,0.7497923,0.7482027,0.74501264,0.7425395,0.736735,0.73712766,0.73346364,0.732468,0.73075163,0.7256584,0.7238527,0.7205804,0.7193455,0.7167444,0.7107051,0.7082871,0.70394117,0.7004296,0.6961547,0.69309425,0.69071215,0.685511,0.6851487,0.6841684,0.6849588,0.67846113,0.6766255,0.67476094,0.67242897,0.6712222,0.672464,0.6714536,0.670798,0.6688205,0.6644774,0.66354376,0.6620746,0.65822536,0.65618974,0.6524075,0.65064496,0.6487242,0.644854,0.64217377,0.6397817,0.63604015,0.637359,0.6344115,0.63061786
10_real,1.8621771,,,,,,1.8727372,,,,1.8241609,,,,,1.8072648,,,,,,,,,,,,,,,,,,,,,,,,,,,,,,,,,,,,,,,,,,,,,,,,,,,,,,
10_gen,1.8621771,1.8585875,1.8558414,1.8525114,1.8524163,1.8506134,1.8478448,1.8454924,1.8448595,1.8406401,1.8379829,1.8350567,1.8324413,1.8326588,1.8301337,1.8308847,1.8276707,1.8251069,1.8231548,1.8227005,1.8205435,1.8192171,1.8175102,1.8173786,1.8147116,1.8140585,1.8112075,1.8071277,1.8054104,1.8012774,1.802685,1.8021533,1.7993028,1.7968903,1.794969,1.7945197,1.7954718,1.7920487,1.7896211,1.7879069,1.7871593,1.7817013,1.7810831,1.778334,1.7753853,1.7756681,1.7714264,1.7693291,1.765774,1.764899,1.760256,1.7580879,1.7558386,1.7536564,1.7504267,1.7481664,1.7439768,1.7364029,1.7340095,1.7301996,1.7300894,1.7267313,1.7258341,1.7220205,1.718292,1.716259,1.7149694,1.7122635,1.7082888,1.7050893
11_real,0.4723212,,,,,,0.62430054,,,,0.508081,,,,,0.4745562,,,,,,,,,,,,,,,,,,,,,,,,,,,,,,,,,,,,,,,,,,,,,,,,,,,,,,
11_gen,0.4723212,0.47016636,0.4677252,0.46726766,0.45940346,0.45493168,0.45315403,0.45214683,0.45018166,0.4479805,0.4482711,0.44457698,0.44130868,0.43701085,0.43255582,0.4282325,0.42551866,0.42169055,0.41999564,0.42179385,0.4193925,0.41811222,0.41293302,0.41183978,0.40779057,0.40259737,0.39749032,0.39318633,0.39189583,0.3906509,0.38454244,0.38180262,0.37871942,0.38189793,0.38391587,0.38031152,0.372826,0.36949658,0.36543643,0.36020368,0.35636276,0.3512434,0.3498835,0.34795848,0.34763798,0.34361416,0.33908024,0.3365429,0.3348452,0.3358919,0.33397678,0.33562928,0.33116308,0.33016402,0.3250777,0.3269133,0.32399097,0.32390878,0.32159784,0.3206202,0.31436273,0.3169093,0.31337056,0.31069547,0.31279245,0.31084156,0.30682686,0.30485344,0.30266753,0.29910073
12_real,0.29405168,,,,,,0.3728326,,,,0.55819947,,,,,0.4261256,,,,,,,,,,,,,,,,,,,,,,,,,,,,,,,,,,,,,,,,,,,,,,,,,,,,,,
12_gen,0.29405168,0.29130098,0.29016414,0.28898406,0.2911324,0.29401556,0.29207766,0.29278952,0.2891063,0.28893152,0.2880207,0.28641382,0.2884978,0.28863496,0.28870437,0.2894632,0.29129753,0.2908395,0.29058594,0.2865456,0.28525847,0.28091833,0.28018904,0.27697715,0.27792343,0.27732998,0.27971905,0.2797804,0.27875808,0.27937776,0.28006467,0.27954248,0.2791399,0.27680373,0.27670956,0.27410585,0.26752883,0.26857162,0.2666393,0.2688067,0.2706305,0.2692955,0.2675005,0.2684536,0.26691398,0.2642654,0.2623087,0.25958878,0.25904724,0.25757822,0.25592262,0.25493005,0.2519781,0.25267404,0.2541043,0.25174332,0.24869232,0.2476495,0.24697001,0.24508485,0.24324898,0.23766513,0.23533793,0.23601007,0.23699744,0.237181,0.23718324,0.23062727,0.22503586,0.22404218
13_real,0.3528552,,,,,,0.41601312,,,,0.41601312,,,,,0.36638907,,,,,,,,,,,,,,,,,,,,,,,,,,,,,,,,,,,,,,,,,,,,,,,,,,,,,,
13_gen,0.3528552,0.3462266,0.346745,0.34373245,0.34178483,0.33664152,0.33598003,0.33399123,0.32942343,0.32523325,0.32131928,0.3146327,0.31287602,0.31074193,0.30541867,0.30212402,0.29583555,0.2919166,0.29115635,0.2898864,0.2848714,0.28252476,0.2798394,0.27622825,0.27419385,0.26953182,0.26457864,0.262099,0.2565927,0.25247726,0.24680257,0.24396165,0.24267158,0.24031946,0.23377624,0.2314702,0.22783549,0.22519323,0.22424085,0.22019184,0.21448489,0.21338046,0.20843191,0.20234418,0.19814053,0.19423094,0.19057505,0.18689607,0.17982963,0.17629084,0.17347583,0.17095439,0.1665105,0.16215016,0.15745099,0.15450716,0.1508357,0.14692,0.14428142,0.13880119,0.13309084,0.12634559,0.12090783,0.117933854,0.11432172,0.11084429,0.10892256,0.10459189,0.09909524,0.09470397
14_real,-0.91268426,,,,,,-0.8040455,,,,-0.87078077,,,,,-0.8537089,,,,,,,,,,,,,,,,,,,,,,,,,,,,,,,,,,,,,,,,,,,,,,,,,,,,,,
14_gen,-0.9126843,-0.91851157,-0.9256522,-0.9283096,-0.9331006,-0.9379012,-0.9451637,-0.9498292,-0.9572271,-0.9639633,-0.9673684,-0.9705306,-0.97330076,-0.97607434,-0.9785882,-0.9831144,-0.9869736,-0.99202526,-0.9941473,-0.9997072,-1.0026696,-1.00245,-1.0059958,-1.0095601,-1.0135925,-1.015582,-1.020132,-1.0188322,-1.0215402,-1.0207593,-1.0232167,-1.0269408,-1.0301871,-1.035313,-1.0379541,-1.0419177,-1.0466293,-1.0489054,-1.0527442,-1.0574236,-1.0620513,-1.0657289,-1.0674169,-1.0707561,-1.0747497,-1.0815581,-1.0831772,-1.0876938,-1.0913287,-1.0964348,-1.1021676,-1.1060902,-1.11004,-1.113131,-1.1165605,-1.1212053,-1.1263906,-1.1310523,-1.1383137,-1.142114,-1.1466393,-1.1532924,-1.1558189,-1.1610777,-1.1665809,-1.1705374,-1.1724004,-1.1728474,-1.1777805,-1.1823477
15_real,0.19404083,,,,,,0.30426052,,,,0.2560394,,,,,0.23192886,,,,,,,,,,,,,,,,,,,,,,,,,,,,,,,,,,,,,,,,,,,,,,,,,,,,,,
15_gen,0.19404082,0.19762042,0.20286763,0.20413151,0.20660968,0.21004172,0.21725187,0.2183588,0.22166964,0.2315851,0.23448074,0.23880818,0.24129906,0.24400504,0.25111276,0.25809348,0.26193863,0.26489452,0.26862106,0.27552158,0.28036317,0.28843194,0.29449224,0.29858214,0.30693743,0.31715736,0.3214393,0.3247967,0.3336721,0.34257683,0.3485928,0.3577999,0.3649826,0.37123096,0.37482136,0.3823574,0.3877248,0.3917721,0.392111,0.40141493,0.40982142,0.4126965,0.41511393,0.42271596,0.4332357,0.43791017,0.44682002,0.4514246,0.45720124,0.46092612,0.46812367,0.47118527,0.47706264,0.4854036,0.4933664,0.49997187,0.50892764,0.51258504,0.5213083,0.5305119,0.53603727,0.53830427,0.5452416,0.54937774,0.5542891,0.55839497,0.56603384,0.5739787,0.5747775,0.5837173
16_real,0.31354204,,,,,,0.33666828,,,,0.29371953,,,,,0.24085954,,,,,,,,,,,,,,,,,,,,,,,,,,,,,,,,,,,,,,,,,,,,,,,,,,,,,,
16_gen,0.31354207,0.31400838,0.3160859,0.3142536,0.31528455,0.31297863,0.30828252,0.3070216,0.3146023,0.31700578,0.31583634,0.32201678,0.32729158,0.33185858,0.33797055,0.341889,0.34006006,0.34338486,0.34757367,0.34908268,0.35662392,0.35897332,0.36230496,0.36385196,0.368966,0.37094063,0.37487924,0.3790651,0.38455874,0.3918923,0.3947094,0.40194374,0.4056119,0.40825373,0.4155287,0.41754866,0.4194998,0.4212649,0.42537516,0.43054715,0.43482313,0.43910843,0.44897503,0.45409894,0.45604125,0.45479435,0.4581151,0.46201032,0.47481123,0.47742906,0.48440796,0.48668724,0.49364772,0.4984768,0.5083698,0.5113649,0.5124389,0.52126586,0.52186614,0.52762675,0.5316628,0.53077334,0.5409223,0.5504167,0.55389255,0.5579265,0.564845,0.5718977,0.58160424,0.58586776
17_real,0.41953066,,,,,,0.59118825,,,,0.85563374,,,,,0.7396489,,,,,,,,,,,,,,,,,,,,,,,,,,,,,,,,,,,,,,,,,,,,,,,,,,,,,,
17_gen,0.4195307,0.42268834,0.42497778,0.4299016,0.43415517,0.43784246,0.44034505,0.4459021,0.452264,0.45787138,0.45913237,0.46510977,0.46906027,0.47544652,0.48192376,0.48569793,0.48882094,0.49301758,0.49702564,0.50337845,0.506619,0.5094968,0.5127081,0.5152756,0.51972866,0.5239372,0.52687526,0.531444,0.5350848,0.5379015,0.543644,0.54888356,0.5491713,0.5544275,0.5567647,0.56015915,0.56625026,0.57205015,0.57758087,0.5848998,0.5896257,0.5958704,0.6014093,0.6060885,0.6111578,0.61844665,0.6240995,0.6278544,0.6320271,0.6356071,0.64099747,0.64424175,0.65030277,0.6548513,0.65989065,0.66484696,0.671023,0.67559063,0.6811615,0.6861899,0.6914821,0.69728434,0.7023503,0.70665807,0.710756,0.7138787,0.7187246,0.72422326,0.7306483,0.73461986
18_real,0.6216667,,,,,,0.6616701,,,,0.7016734,,,,,0.590553,,,,,,,,,,,,,,,,,,,,,,,,,,,,,,,,,,,,,,,,,,,,,,,,,,,,,,
18_gen,0.6216668,0.62675136,0.630954,0.6391854,0.6436844,0.65148056,0.6535889,0.6593109,0.66374075,0.6654545,0.6695255,0.6741071,0.6809744,0.6874012,0.69224083,0.694653,0.70008457,0.70406014,0.70861524,0.7128881,0.7171088,0.7204814,0.72231376,0.7273329,0.7318183,0.73648,0.7413225,0.74557644,0.75037414,0.75474656,0.7616416,0.76631796,0.77172804,0.77694535,0.7823012,0.7882384,0.79338634,0.79872525,0.8023116,0.80800426,0.81686956,0.8225109,0.82746303,0.8326386,0.8381092,0.8439153,0.8486621,0.8546894,0.8583175,0.862463,0.8675271,0.87507325,0.8816496,0.8881504,0.8958119,0.90162146,0.90473396,0.910038,0.9167433,0.92553824,0.9324792,0.93728113,0.94559145,0.9500739,0.9526863,0.96008664,0.96649265,0.97216606,0.97792816,0.98495084
19_real,1.5167903,,,,,,1.3361441,,,,1.1492687,,,,,1.0838624,,,,,,,,,,,,,,,,,,,,,,,,,,,,,,,,,,,,,,,,,,,,,,,,,,,,,,
19_gen,1.5167903,1.5095346,1.5038235,1.5000513,1.4943917,1.4905078,1.4861681,1.4826243,1.4780718,1.4722476,1.4682844,1.4655441,1.4642427,1.4604498,1.4581261,1.4547546,1.4505776,1.4481455,1.4474713,1.4430925,1.4387888,1.4377966,1.4344432,1.4317938,1.4273534,1.4232275,1.4182807,1.4159107,1.411988,1.4114974,1.4093163,1.404319,1.4019437,1.3993232,1.3956358,1.393156,1.3901196,1.3867428,1.3810036,1.3756603,1.3726611,1.366932,1.3627197,1.3595098,1.3564439,1.3539683,1.3523524,1.348763,1.3452408,1.3410873,1.3383825,1.3371525,1.3308313,1.3266183,1.3230755,1.3221804,1.3182633,1.313751,1.3081019,1.3048751,1.3020933,1.3002957,1.2960511,1.2921689,1.2883565,1.2846103,1.280687,1.2750562,1.2696527,1.2657888
20_real,2.004528,,,,,,1.7960911,,,,1.9284321,,,,,1.8424104,,,,,,,,,,,,,,,,,,,,,,,,,,,,,,,,,,,,,,,,,,,,,,,,,,,,,,
20_gen,2.004528,1.9983256,1.9921516,1.9879208,1.9819059,1.9761648,1.9710836,1.9665058,1.9630985,1.9609814,1.9568186,1.954232,1.9515175,1.9471238,1.942487,1.9381855,1.9352672,1.9311854,1.9289331,1.9244888,1.9205115,1.9172865,1.9137008,1.9114187,1.9085877,1.9030104,1.8981317,1.8946116,1.8890822,1.885679,1.881448,1.8788399,1.8751894,1.8691804,1.8650997,1.8618793,1.8598478,1.8576739,1.8532264,1.8489349,1.8450768,1.8409121,1.8369701,1.8326671,1.8288305,1.8254429,1.8225037,1.8184226,1.815753,1.813006,1.8062366,1.8041105,1.7993891,1.7952042,1.7893689,1.7855053,1.7825549,1.7786347,1.7732773,1.768775,1.765501,1.7594633,1.7558829,1.7539351,1.7497221,1.7456363,1.7409338,1.7361152,1.7318738,1.7264271
21_real,0.5255164,,,,,,0.42399317,,,,0.49725732,,,,,0.3884077,,,,,,,,,,,,,,,,,,,,,,,,,,,,,,,,,,,,,,,,,,,,,,,,,,,,,,
21_gen,0.52551645,0.52070767,0.52038294,0.5166645,0.5181348,0.5128293,0.5135392,0.50973046,0.5062555,0.5038502,0.5003961,0.49917954,0.49824056,0.4977776,0.4948791,0.49289757,0.4937807,0.49227828,0.49282297,0.49208108,0.48955125,0.48700458,0.48765382,0.48621398,0.483308,0.4798564,0.4786188,0.47806287,0.475226,0.4722162,0.4698267,0.46776456,0.46617723,0.46351448,0.45723325,0.45445937,0.45218438,0.45073748,0.4478047,0.44778377,0.44602722,0.4421416,0.43962127,0.43747243,0.43547016,0.43503278,0.43436593,0.4323636,0.42906076,0.42756438,0.42845124,0.42840886,0.4286874,0.4265988,0.42731962,0.4248179,0.4237936,0.42260265,0.42003527,0.4164868,0.41641492,0.41338062,0.4113761,0.40890735,0.40875262,0.40787515,0.4072314,0.40511456,0.40032372,0.39595708
22_real,1.5256857,,,,,,1.5002733,,,,1.5323149,,,,,1.5566223,,,,,,,,,,,,,,,,,,,,,,,,,,,,,,,,,,,,,,,,,,,,,,,,,,,,,,
22_gen,1.5256855,1.5196742,1.5153981,1.511469,1.5078663,1.5042908,1.4996192,1.4938684,1.4920789,1.4861053,1.4837625,1.4804039,1.4751828,1.4707246,1.4651413,1.4642174,1.4595337,1.4557526,1.4498044,1.4463363,1.4441444,1.4417653,1.4378669,1.4355891,1.431752,1.4257319,1.421969,1.4190326,1.4149501,1.4085786,1.4076355,1.4037354,1.4007114,1.3942621,1.3888333,1.3856843,1.3803953,1.3779186,1.3761383,1.3717005,1.3688241,1.3648945,1.3606561,1.3581374,1.3568386,1.3552792,1.3515466,1.3506547,1.3476355,1.342139,1.3399777,1.3381413,1.3351654,1.3327183,1.3280237,1.3241472,1.319504,1.3176358,1.3133967,1.3094926,1.3031547,1.2997882,1.2981961,1.2927839,1.2898414,1.285507,1.2822249,1.2786622,1.273147,1.2677237
23_real,1.4619081,,,,,,1.075583,,,,1.1767633,,,,,1.1307722,,,,,,,,,,,,,,,,,,,,,,,,,,,,,,,,,,,,,,,,,,,,,,,,,,,,,,
23_gen,1.4619082,1.4548563,1.4494152,1.4430676,1.4373851,1.432806,1.4260213,1.4201949,1.4145849,1.4088988,1.40644,1.4001298,1.395766,1.3936244,1.389024,1.3831695,1.3811276,1.3775971,1.3731519,1.3696959,1.3666085,1.3622229,1.3587952,1.3541188,1.3498827,1.3500786,1.3458103,1.3426507,1.3389891,1.3370087,1.3340096,1.3303087,1.3282874,1.3254027,1.3238779,1.322701,1.3205131,1.3185332,1.3159043,1.3125105,1.307237,1.303766,1.301237,1.2974895,1.2929344,1.2901875,1.2891076,1.2852142,1.2827501,1.279566,1.2785621,1.2781826,1.2762477,1.2744863,1.2721692,1.2687114,1.2671381,1.2627872,1.2605612,1.2583109,1.2547544,1.2512459,1.2489347,1.2452457,1.2417194,1.2368519,1.2341844,1.2306553,1.2278653,1.2268122
24_real,0.36375284,,,,,,0.13761416,,,,0.2552063,,,,,-0.08400176,,,,,,,,,,,,,,,,,,,,,,,,,,,,,,,,,,,,,,,,,,,,,,,,,,,,,,
24_gen,0.36375284,0.35541266,0.34810773,0.3403954,0.3353917,0.32905868,0.32348084,0.3176622,0.31273943,0.30795217,0.3019683,0.29630154,0.29057,0.2861354,0.28270492,0.27774435,0.27192467,0.26566967,0.2617334,0.25759345,0.2545419,0.2501267,0.2451621,0.24235323,0.23885933,0.23330522,0.23026852,0.22417757,0.22166641,0.21659884,0.21241717,0.20975062,0.20730409,0.20315525,0.19853064,0.1943855,0.19066897,0.18775056,0.18396915,0.18037847,0.17504963,0.17307943,0.16924083,0.1665828,0.16208008,0.15384507,0.15126161,0.14640383,0.14001071,0.13573912,0.13149711,0.12834664,0.124351755,0.12049501,0.11775813,0.11466155,0.11060904,0.106562234,0.10286547,0.098602556,0.09440923,0.09158045,0.087305546,0.083284,0.0816033,0.078468844,0.074153826,0.068230405,0.06402241,0.059878778
25_real,0.63869977,,,,,,0.7687867,,,,0.8313757,,,,,0.58838314,,,,,,,,,,,,,,,,,,,,,,,,,,,,,,,,,,,,,,,,,,,,,,,,,,,,,,
25_gen,0.6386997,0.63567483,0.63380057,0.6305291,0.6281329,0.6256218,0.62175906,0.6185115,0.61629546,0.61278224,0.6115826,0.61002284,0.6090664,0.60778433,0.6047021,0.6007018,0.5994399,0.5981425,0.5966432,0.5952944,0.59405714,0.59198636,0.5911909,0.5894061,0.58750695,0.5846294,0.5838599,0.58164465,0.5801354,0.57843524,0.5761854,0.5745878,0.57482874,0.57196116,0.57046753,0.5677081,0.5653722,0.5636483,0.5637263,0.5610466,0.55886376,0.55606776,0.55397886,0.5522036,0.55291176,0.55116427,0.5501827,0.54997003,0.5496659,0.5481914,0.5462146,0.5443885,0.5428132,0.5414192,0.54114574,0.53971905,0.53801525,0.53553516,0.5335524,0.532019,0.52984893,0.5285633,0.5273232,0.52425486,0.52113324,0.51881695,0.51758,0.51586986,0.51287854,0.5120219
26_real,0.08102283,,,,,,0.427937,,,,0.47100222,,,,,0.427937,,,,,,,,,,,,,,,,,,,,,,,,,,,,,,,,,,,,,,,,,,,,,,,,,,,,,,
26_gen,0.081022836,0.07520625,0.0730174,0.06994633,0.0662833,0.06255238,0.061022878,0.058933437,0.057140343,0.055639394,0.0538656,0.05176843,0.04841764,0.04569589,0.04493346,0.04146028,0.038636,0.03653792,0.03518691,0.03226071,0.030977089,0.02833635,0.028267112,0.029175725,0.027347207,0.025281373,0.023890324,0.023662686,0.022078123,0.020409208,0.019742051,0.018328348,0.016629755,0.016631065,0.016320871,0.015874494,0.015434846,0.01332063,0.011544342,0.009309945,0.009560341,0.0074367113,0.0045710364,0.0033769577,0.00309507,0.0017891977,-0.000692508,-0.0021090352,0.0003993079,-0.00045089555,-0.0025618495,-0.004449752,-0.006224871,-0.0074389605,-0.009729781,-0.010952065,-0.012213607,-0.012605568,-0.012879257,-0.016039949,-0.017715743,-0.019885192,-0.02113827,-0.025423545,-0.027924115,-0.030738031,-0.031509914,-0.033997014,-0.03535413,-0.038270216
27_real,0.30063713,,,,,,0.2671589,,,,0.34357664,,,,,0.20675248,,,,,,,,,,,,,,,,,,,,,,,,,,,,,,,,,,,,,,,,,,,,,,,,,,,,,,
27_gen,0.30063716,0.29672104,0.29469532,0.29120997,0.28940484,0.28643045,0.28301913,0.28043562,0.27951196,0.27639276,0.273851,0.2710969,0.26809675,0.26558676,0.2634423,0.25963336,0.2586816,0.25417632,0.25028557,0.24768695,0.24460821,0.24076653,0.23671898,0.2345545,0.23188451,0.2282958,0.22456555,0.2220175,0.21897177,0.21696837,0.2127858,0.20852017,0.20562914,0.2034883,0.20029645,0.19698492,0.19391516,0.19156392,0.18748945,0.18449451,0.18201897,0.17900442,0.17469165,0.17082088,0.16887261,0.16570958,0.16242225,0.15922536,0.15687159,0.15306742,0.1491845,0.14639364,0.14362676,0.13992871,0.13775697,0.13472447,0.13177726,0.12730166,0.124511145,0.12222576,0.11888083,0.11484232,0.111694396,0.10952057,0.105645634,0.10234283,0.099634364,0.096915975,0.09374954,0.09183589
28_real,-0.034030896,,,,,,-0.13777861,,,,-0.0010202586,,,,,-0.037960734,,,,,,,,,,,,,,,,,,,,,,,,,,,,,,,,,,,,,,,,,,,,,,,,,,,,,,
28_gen,-0.034030892,-0.034635596,-0.034401752,-0.034595825,-0.033374224,-0.033707876,-0.036446843,-0.036237016,-0.036361597,-0.03433021,-0.03453909,-0.03401182,-0.03346893,-0.035241336,-0.035022136,-0.03471405,-0.035948794,-0.035446342,-0.035907753,-0.03482508,-0.033199303,-0.031465538,-0.02897809,-0.030719945,-0.03504264,-0.034165315,-0.034611914,-0.035738096,-0.034960542,-0.035423733,-0.03615304,-0.03697686,-0.035901956,-0.037042465,-0.037613083,-0.03845706,-0.039590124,-0.04086378,-0.041671466,-0.043140955,-0.043959036,-0.041835133,-0.042629324,-0.04487728,-0.044274196,-0.04564937,-0.045472004,-0.047084324,-0.049430914,-0.050714888,-0.053005166,-0.054723047,-0.054266524,-0.05202667,-0.052908182,-0.05325343,-0.052539587,-0.05442376,-0.05437433,-0.053935062,-0.0540044,-0.05301391,-0.053414263,-0.05320608,-0.05347643,-0.05326269,-0.054630857,-0.055960935,-0.055313755,-0.05369093
29_real,1.2076145,,,,,,1.251024,,,,1.3146241,,,,,1.312605,,,,,,,,,,,,,,,,,,,,,,,,,,,,,,,,,,,,,,,,,,,,,,,,,,,,,,
29_gen,1.2076147,1.2056711,1.2028985,1.2009909,1.1973526,1.1935542,1.1924264,1.1910282,1.1901276,1.187348,1.1846846,1.1833988,1.1795025,1.1777997,1.1773437,1.1747955,1.1735283,1.1718882,1.1704602,1.1674762,1.1676544,1.1665311,1.1644871,1.1623741,1.1608293,1.1590431,1.1568596,1.1525592,1.1518342,1.1533768,1.1528686,1.1508207,1.1501596,1.1488174,1.1485012,1.1464331,1.1456188,1.144089,1.1440228,1.1420648,1.1405138,1.138129,1.1364644,1.1354387,1.135525,1.1334703,1.130828,1.1296866,1.1279707,1.1258526,1.1227291,1.1211464,1.1182162,1.1175234,1.1160299,1.1159306,1.1141909,1.1115735,1.1102855,1.1076511,1.1056421,1.1043277,1.1025573,1.1005127,1.0972912,1.0959771,1.0926716,1.0892376,1.0887998,1.0856287
30_real,0.7079855,,,,,,0.8189012,,,,0.67833483,,,,,0.78485775,,,,,,,,,,,,,,,,,,,,,,,,,,,,,,,,,,,,,,,,,,,,,,,,,,,,,,
30_gen,0.70798546,0.696182,0.69111025,0.6770829,0.6727756,0.66355443,0.6554342,0.64839065,0.64178896,0.63192654,0.62275887,0.6197974,0.6021474,0.6034757,0.5970437,0.59379673,0.588778,0.58155906,0.5765716,0.57277316,0.5654644,0.5603888,0.55408865,0.5488492,0.5451365,0.5457463,0.54014313,0.5295893,0.5205257,0.5182685,0.5132731,0.50908244,0.50652975,0.4987566,0.49120268,0.48262462,0.4775924,0.47076052,0.46769547,0.45965758,0.45251402,0.44202128,0.44502258,0.44114876,0.43572086,0.431204,0.4265592,0.42187372,0.41191435,0.40362257,0.39885688,0.39691585,0.39483005,0.39130548,0.3833647,0.3864381,0.38191342,0.3762794,0.37193814,0.3685285,0.3637747,0.36011773,0.35192868,0.35006934,0.34302613,0.3333572,0.33253703,0.324004,0.31949115,0.31332448
31_real,0.49293277,,,,,,0.70567787,,,,0.18711169,,,,,0.5904409,,,,,,,,,,,,,,,,,,,,,,,,,,,,,,,,,,,,,,,,,,,,,,,,,,,,,,
31_gen,0.49293274,0.48475567,0.47977886,0.47122592,0.46583676,0.45546395,0.44955355,0.44807896,0.44112015,0.43732625,0.4352406,0.43041277,0.4251399,0.41580653,0.40985352,0.4058183,0.40263575,0.4021283,0.38964295,0.38144523,0.36956617,0.36992708,0.3703676,0.36838976,0.36557046,0.35936633,0.3560062,0.3477839,0.33838397,0.3274786,0.32059678,0.31813505,0.31030536,0.3069486,0.3077865,0.29529595,0.29344425,0.29314968,0.2857379,0.27946347,0.26966983,0.26291105,0.2559507,0.25794667,0.2545057,0.24955216,0.24841985,0.24543834,0.245544,0.24499413,0.24016073,0.23442432,0.22984627,0.22771199,0.21753564,0.21670882,0.21346715,0.20979173,0.20791814,0.20964766,0.20725401,0.20650725,0.20426027,0.1959289,0.19447353,0.19048242,0.18359584,0.17589764,0.17012861,0.16302249
32_real,1.184262,,,,,,1.6969656,,,,1.4918841,,,,,1.5602447,,,,,,,,,,,,,,,,,,,,,,,,,,,,,,,,,,,,,,,,,,,,,,,,,,,,,,
32_gen,1.1842622,1.1851826,1.1851032,1.1873401,1.1836174,1.1816143,1.1810151,1.1760741,1.174414,1.1748142,1.174,1.1736788,1.1728499,1.1691625,1.1646601,1.160839,1.1566758,1.1534752,1.1482598,1.145317,1.139529,1.1382484,1.1316731,1.1305913,1.1287255,1.1243343,1.1204817,1.120819,1.1154689,1.1105518,1.1095116,1.1046536,1.1039386,1.1017697,1.098326,1.0961949,1.0949848,1.0957788,1.0950751,1.0910153,1.0881845,1.0858885,1.0848243,1.0838419,1.0775415,1.0732903,1.0694954,1.067228,1.062994,1.0566275,1.0537245,1.053199,1.0506481,1.0490448,1.0460722,1.0422755,1.0403659,1.038827,1.0356748,1.0304021,1.0270225,1.0246508,1.0224664,1.0237292,1.0200789,1.0163543,1.0128372,1.011823,1.0098662,1.007644
33_real,0.84273154,,,,,,1.103104,,,,0.9348633,,,,,1.0510294,,,,,,,,,,,,,,,,,,,,,,,,,,,,,,,,,,,,,,,,,,,,,,,,,,,,,,
33_gen,0.8427316,0.84397477,0.8401826,0.83993804,0.83807576,0.8344737,0.8356186,0.83705986,0.8366955,0.8347638,0.83208704,0.82952845,0.8279042,0.8259325,0.8249912,0.82293063,0.82033443,0.81804955,0.8199217,0.8186962,0.81651914,0.81571925,0.8130741,0.8117342,0.8106554,0.81130445,0.81011647,0.8077124,0.8059595,0.80816734,0.80956614,0.80732554,0.8034606,0.80486137,0.8013455,0.8019527,0.804568,0.8075568,0.8064434,0.80712175,0.8067204,0.80180395,0.7984658,0.7969315,0.79909,0.7966186,0.79593945,0.79475987,0.79148054,0.7936104,0.7951561,0.79520595,0.79283273,0.7939981,0.7912309,0.78741825,0.78887296,0.78663385,0.785423,0.7853363,0.78445756,0.78116435,0.7827345,0.7817715,0.7802545,0.78002346,0.7793851,0.77794445,0.7742752,0.77324474
34_real,0.3046127,,,,,,0.1454453,,,,0.3300795,,,,,0.3916242,,,,,,,,,,,,,,,,,,,,,,,,,,,,,,,,,,,,,,,,,,,,,,,,,,,,,,
34_gen,0.30461267,0.30341044,0.30568114,0.30667585,0.30933562,0.30972013,0.31007886,0.31388685,0.31421858,0.31367975,0.31344947,0.31420526,0.31440192,0.3139503,0.3142531,0.31385604,0.31071022,0.30807757,0.30715963,0.30636364,0.30619597,0.3064626,0.30964074,0.31114188,0.3113379,0.30535898,0.30583113,0.3065712,0.30801052,0.30739313,0.30374995,0.30030888,0.3006887,0.3022052,0.2992679,0.30041558,0.2982758,0.30012685,0.29779696,0.29654428,0.29831,0.29405785,0.29494986,0.294303,0.29633826,0.29695663,0.2947952,0.2892384,0.28999645,0.28627276,0.28368202,0.28304398,0.2824361,0.27823123,0.27466446,0.2723121,0.2700549,0.2690246,0.26788622,0.26991588,0.26700747,0.26656204,0.26580462,0.26705924,0.26388854,0.2596334,0.25763217,0.25895518,0.25932708,0.25814712
35_real,0.72496825,,,,,,0.94358134,,,,1.0701468,,,,,1.0356289,,,,,,,,,,,,,,,,,,,,,,,,,,,,,,,,,,,,,,,,,,,,,,,,,,,,,,
35_gen,0.7249683,0.724491,0.7257778,0.7278695,0.7292166,0.7256791,0.72601944,0.72627145,0.72689945,0.7216232,0.7203202,0.7194284,0.717729,0.71227723,0.7139981,0.7079857,0.7070791,0.7053167,0.7002165,0.7002946,0.7004776,0.7003689,0.7003088,0.70047086,0.6971926,0.6962849,0.6957235,0.6947508,0.6936035,0.6891068,0.68572915,0.6848146,0.6830138,0.6797443,0.67819834,0.679658,0.67509365,0.6697949,0.66969144,0.6692662,0.666055,0.6613266,0.6594957,0.6591452,0.6598801,0.6555159,0.65529543,0.65340143,0.6503087,0.6504758,0.6480587,0.64673954,0.6473905,0.64356244,0.6402875,0.6378942,0.63588125,0.632966,0.6325706,0.6312167,0.6272342,0.62493676,0.62141603,0.62092364,0.6185797,0.61533225,0.6161748,0.6145795,0.61216384,0.60865897
36_real,-0.23246062,,,,,,0.051317982,,,,-0.1292684,,,,,-0.096099466,,,,,,,,,,,,,,,,,,,,,,,,,,,,,,,,,,,,,,,,,,,,,,,,,,,,,,
36_gen,-0.23246059,-0.23556152,-0.23680119,-0.23817825,-0.24100836,-0.24362099,-0.24250522,-0.24641061,-0.24773279,-0.25024712,-0.25536567,-0.25765476,-0.261362,-0.26514068,-0.26601115,-0.26806927,-0.2700959,-0.27130732,-0.27232364,-0.2756881,-0.28392693,-0.28811154,-0.2878561,-0.28845358,-0.2912926,-0.29029876,-0.29173198,-0.2901297,-0.29255542,-0.2966005,-0.3006371,-0.3036793,-0.30634737,-0.30999997,-0.31476912,-0.32059112,-0.32394102,-0.32553414,-0.32664475,-0.32433465,-0.3274929,-0.33158678,-0.33567077,-0.33832815,-0.34201297,-0.3474887,-0.35003477,-0.34955853,-0.35092184,-0.35318744,-0.35616273,-0.36307088,-0.37109655,-0.37153003,-0.37431765,-0.37910512,-0.38598233,-0.38995194,-0.39173704,-0.3921208,-0.40082568,-0.40750957,-0.4129571,-0.4183132,-0.42169037,-0.42275405,-0.4266371,-0.43035364,-0.43063173,-0.4370854
37_real,0.8058967,,,,,,0.94127625,,,,0.85660255,,,,,0.7832514,,,,,,,,,,,,,,,,,,,,,,,,,,,,,,,,,,,,,,,,,,,,,,,,,,,,,,
37_gen,0.80589664,0.8040425,0.80124986,0.79860586,0.7951263,0.7916085,0.79173815,0.79329944,0.7876399,0.7872838,0.7873834,0.7827923,0.78137493,0.7779426,0.7810627,0.7808791,0.77762383,0.77610874,0.77369475,0.77480865,0.77611846,0.77384824,0.77550745,0.7734877,0.7714513,0.77471405,0.77192986,0.7653464,0.7674381,0.76538634,0.77089137,0.768813,0.76967686,0.7706818,0.7689353,0.7697523,0.7695722,0.77079487,0.7754934,0.7756583,0.78027076,0.77889484,0.77690685,0.77899945,0.7832219,0.7836014,0.7789411,0.77664447,0.77471197,0.7739921,0.7698862,0.77060986,0.77016056,0.7679657,0.77036875,0.7695986,0.76823556,0.7665358,0.7659305,0.7658664,0.7634139,0.7611823,0.7618722,0.76474845,0.7651322,0.76807344,0.7643103,0.7700039,0.7718832,0.772462
38_real,0.4699957,,,,,,0.5478681,,,,0.44190252,,,,,0.33396548,,,,,,,,,,,,,,,,,,,,,,,,,,,,,,,,,,,,,,,,,,,,,,,,,,,,,,
38_gen,0.46999568,0.46646824,0.46522647,0.46525073,0.46693665,0.46641928,0.46819338,0.4673821,0.46822333,0.4658626,0.4660986,0.46330944,0.46177712,0.46027383,0.46036512,0.4583912,0.46049562,0.4603506,0.45850044,0.45921773,0.45923215,0.4596911,0.4540821,0.4550181,0.4551395,0.45543632,0.45306906,0.4518649,0.4525454,0.4523591,0.4543894,0.45164114,0.45431057,0.45255345,0.4517066,0.45110875,0.44911247,0.45320287,0.452885,0.44951254,0.4447388,0.44731817,0.4479484,0.4491269,0.44936985,0.4502248,0.44844055,0.44837576,0.44960555,0.45081735,0.449794,0.44836435,0.44503886,0.44425306,0.44302374,0.4431211,0.43661898,0.43598348,0.43497044,0.4371007,0.43951505,0.43762016,0.43621963,0.43352538,0.4331544,0.42968726,0.42423224,0.42388788,0.4223152,0.42058063
39_real,-0.5248333,,,,,,-0.5199547,,,,-0.2434972,,,,,-0.19633679,,,,,,,,,,,,,,,,,,,,,,,,,,,,,,,,,,,,,,,,,,,,,,,,,,,,,,
39_gen,-0.52483326,-0.5239705,-0.5271503,-0.52676654,-0.5297196,-0.5317615,-0.53488463,-0.53443146,-0.5346367,-0.53320026,-0.535149,-0.5375129,-0.5379833,-0.5404545,-0.5428108,-0.5432894,-0.54262865,-0.54255986,-0.54610604,-0.5477828,-0.5493868,-0.55273604,-0.5546793,-0.5534337,-0.55373603,-0.55591744,-0.5556177,-0.5580769,-0.56278336,-0.5629436,-0.56358063,-0.56206524,-0.5663939,-0.5656233,-0.56705326,-0.56984746,-0.5703987,-0.57307374,-0.5733685,-0.5737053,-0.5741609,-0.57340413,-0.57538116,-0.5759852,-0.5807981,-0.58256656,-0.58063394,-0.5823941,-0.5827546,-0.5879728,-0.5895782,-0.5879511,-0.5887729,-0.5892647,-0.595388,-0.5953234,-0.5975586,-0.5989679,-0.60121334,-0.60453784,-0.606701,-0.6100694,-0.6164213,-0.6207458,-0.62479806,-0.62768495,-0.62825984,-0.63227654,-0.6346545,-0.6374144
40_real,0.4346339,,,,,,0.7151123,,,,0.18317047,,,,,0.23705548,,,,,,,,,,,,,,,,,,,,,,,,,,,,,,,,,,,,,,,,,,,,,,,,,,,,,,
40_gen,0.4346339,0.4304141,0.42225456,0.42221504,0.41430196,0.4115242,0.41254777,0.41269428,0.40721756,0.40200225,0.39697728,0.3924768,0.39180383,0.38907227,0.38864958,0.3876469,0.38681915,0.38174224,0.38633808,0.39368954,0.3917349,0.3922791,0.3866129,0.38556486,0.38487393,0.38632816,0.38136643,0.37884158,0.37404397,0.36985162,0.36974758,0.36795637,0.36369863,0.36792633,0.3652303,0.36526325,0.36502388,0.36806065,0.36945754,0.3693505,0.36549917,0.3687287,0.3708771,0.37094086,0.36922786,0.3684869,0.36157197,0.36192724,0.3593539,0.36024988,0.3637547,0.3657506,0.36249647,0.36358353,0.3657336,0.36412624,0.3644091,0.35864457,0.36014587,0.35761064,0.35605955,0.35286918,0.351802,0.35234064,0.34940547,0.35500944,0.34844092,0.34662038,0.35095438,0.34751397
41_real,-0.09695261,,,,,,-0.06760103,,,,-0.05959606,,,,,0.004443736,,,,,,,,,,,,,,,,,,,,,,,,,,,,,,,,,,,,,,,,,,,,,,,,,,,,,,
41_gen,-0.09695261,-0.10860924,-0.11042652,-0.111824974,-0.11561426,-0.12303498,-0.12687358,-0.1282714,-0.12597802,-0.12400727,-0.12253245,-0.1257384,-0.12761493,-0.12829357,-0.1268537,-0.12805465,-0.12397899,-0.12060132,-0.12590614,-0.1254829,-0.12763613,-0.12928846,-0.12975404,-0.12579271,-0.12155763,-0.123616084,-0.12304051,-0.12656567,-0.12698478,-0.12721232,-0.12934828,-0.12904361,-0.12982786,-0.1282612,-0.12638128,-0.12516087,-0.12964652,-0.1329588,-0.13785349,-0.13964632,-0.14084241,-0.13958964,-0.13538937,-0.13948616,-0.13939086,-0.13512269,-0.13402402,-0.13197914,-0.12925097,-0.13036919,-0.12976752,-0.12700716,-0.12914768,-0.12848695,-0.12750581,-0.12675206,-0.13214673,-0.13215528,-0.131523,-0.128972,-0.12695312,-0.124602936,-0.12515315,-0.12548459,-0.12110235,-0.11866641,-0.11754074,-0.11930438,-0.12342228,-0.12225412
42_real,-0.016706754,,,,,,-0.070117146,,,,-0.03005935,,,,,0.058067795,,,,,,,,,,,,,,,,,,,,,,,,,,,,,,,,,,,,,,,,,,,,,,,,,,,,,,
42_gen,-0.016706752,-0.022918403,-0.024651716,-0.027965754,-0.031468123,-0.034741692,-0.03876082,-0.041207694,-0.04279082,-0.045907594,-0.04881153,-0.053206913,-0.05490164,-0.056587804,-0.05985079,-0.0633174,-0.066539325,-0.07054441,-0.07496396,-0.07351313,-0.077405885,-0.08204249,-0.08675498,-0.09200674,-0.09590751,-0.09802503,-0.099586114,-0.10323016,-0.10714714,-0.11239143,-0.116687916,-0.12036629,-0.12503357,-0.12575237,-0.12776323,-0.1318458,-0.13483581,-0.13741641,-0.14017448,-0.14287378,-0.14577134,-0.14764318,-0.15136223,-0.15418068,-0.1575782,-0.15999827,-0.16278347,-0.1663401,-0.16977412,-0.17227869,-0.17496692,-0.17986168,-0.18069223,-0.18450446,-0.18738903,-0.19279703,-0.19650315,-0.20098016,-0.20389466,-0.20659801,-0.2076637,-0.21015814,-0.21262185,-0.21729176,-0.22029117,-0.22482152,-0.2273571,-0.23083475,-0.23429732,-0.23828693
43_real,-1.0018666,,,,,,-1.0351313,,,,-1.1948025,,,,,-1.1814966,,,,,,,,,,,,,,,,,,,,,,,,,,,,,,,,,,,,,,,,,,,,,,,,,,,,,,
43_gen,-1.0018665,-1.0077815,-1.0093604,-1.0142548,-1.018766,-1.0241061,-1.0283133,-1.0327212,-1.0357199,-1.0404388,-1.0455849,-1.0513914,-1.0552868,-1.0599039,-1.0634868,-1.0684698,-1.07283,-1.0764477,-1.080741,-1.0842125,-1.0877411,-1.0921988,-1.0948452,-1.1000262,-1.1025655,-1.1061285,-1.1103725,-1.1140026,-1.1180544,-1.121617,-1.1242213,-1.1291149,-1.1317569,-1.1346642,-1.1397506,-1.1433914,-1.1466194,-1.1482003,-1.1516982,-1.1549511,-1.159025,-1.1615928,-1.1655573,-1.1679657,-1.1730878,-1.1765006,-1.1775463,-1.1805425,-1.1859804,-1.1896365,-1.1929388,-1.1972415,-1.2002774,-1.2042791,-1.2069585,-1.2114451,-1.2156103,-1.2186658,-1.2231137,-1.2264751,-1.2307484,-1.2334303,-1.2381943,-1.2419627,-1.2463433,-1.2513839,-1.2567924,-1.260227,-1.2644784,-1.2699814
44_real,0.2880205,,,,,,0.15883738,,,,0.24242644,,,,,0.28042147,,,,,,,,,,,,,,,,,,,,,,,,,,,,,,,,,,,,,,,,,,,,,,,,,,,,,,
44_gen,0.28802052,0.2808946,0.27673396,0.27149427,0.26595148,0.2604114,0.256231,0.2549228,0.25375727,0.25305688,0.25139362,0.25014815,0.2460963,0.2424438,0.2419559,0.23995194,0.23567489,0.23303905,0.23205964,0.2318383,0.23090549,0.23001781,0.22706735,0.22562233,0.22280991,0.2210608,0.22115314,0.21999307,0.22142938,0.2233577,0.22140852,0.21899538,0.21812865,0.21660769,0.2163119,0.21666431,0.21724877,0.21534963,0.21492597,0.21359289,0.21498093,0.21564326,0.21365753,0.21259093,0.21096444,0.20992091,0.20906174,0.208861,0.209379,0.2074211,0.20641515,0.20555711,0.20488527,0.20410195,0.20490508,0.2024663,0.1990767,0.19977376,0.19788608,0.196879,0.1953632,0.19492283,0.19380118,0.19454882,0.19198635,0.19035463,0.18929394,0.18975917,0.18767919,0.18586716
45_real,0.11818534,,,,,,0.1317362,,,,0.055851407,,,,,0.28892612,,,,,,,,,,,,,,,,,,,,,,,,,,,,,,,,,,,,,,,,,,,,,,,,,,,,,,
45_gen,0.11818533,0.11075189,0.1059439,0.100597575,0.09496753,0.09181728,0.08722729,0.08272239,0.07536496,0.07319422,0.06804912,0.06085833,0.056130957,0.050257035,0.046183996,0.040586002,0.036243998,0.032521445,0.027653601,0.023652557,0.019148834,0.015179341,0.011941565,0.005386901,0.0011814382,-0.0040579787,-0.009731181,-0.012786281,-0.017278863,-0.021100193,-0.024418697,-0.030409127,-0.036687903,-0.03893722,-0.04284311,-0.047880344,-0.052853685,-0.057015173,-0.060312055,-0.06603174,-0.0719776,-0.07580359,-0.08142465,-0.0867293,-0.0907176,-0.09504915,-0.09688568,-0.102287866,-0.10626365,-0.111781836,-0.11698021,-0.11899444,-0.12338897,-0.12763666,-0.13048021,-0.13390656,-0.13654616,-0.14186087,-0.14756075,-0.151311,-0.15696108,-0.16285482,-0.16702363,-0.17018369,-0.17518902,-0.18062618,-0.18359557,-0.18868543,-0.19201444,-0.19447975
46_real,0.51980925,,,,,,0.7141316,,,,0.6078616,,,,,0.61393416,,,,,,,,,,,,,,,,,,,,,,,,,,,,,,,,,,,,,,,,,,,,,,,,,,,,,,
46_gen,0.51980925,0.5132548,0.50908285,0.50573087,0.50139743,0.49621144,0.49319425,0.48909354,0.48539814,0.48303708,0.48130456,0.47869658,0.47527105,0.47271886,0.4696557,0.46689934,0.4639675,0.46250287,0.4611886,0.45860863,0.45688906,0.45665532,0.45547724,0.45303765,0.45217896,0.44859925,0.4476564,0.4454003,0.4419803,0.43886143,0.43626547,0.43386254,0.43066865,0.4288807,0.42590302,0.423773,0.42119026,0.4204274,0.41655397,0.41337147,0.4111224,0.4078656,0.40496483,0.40433335,0.4032982,0.40153307,0.4018281,0.4003547,0.39659113,0.39432278,0.39257115,0.38906726,0.3886423,0.38612923,0.38285422,0.38182703,0.3784092,0.3762292,0.37398168,0.3725551,0.3704672,0.3671807,0.36547187,0.36293417,0.35882205,0.3555306,0.35362545,0.3504954,0.3486136,0.34520644
47_real,2.53929,,,,,,2.5721858,,,,2.6311715,,,,,2.4814384,,,,,,,,,,,,,,,,,,,,,,,,,,,,,,,,,,,,,,,,,,,,,,,,,,,,,,
47_gen,2.5392897,2.5345862,2.531629,2.5259547,2.5208578,2.517545,2.512263,2.5088167,2.5055609,2.5015905,2.499121,2.4938843,2.4899666,2.4831164,2.4792976,2.4759057,2.4715476,2.4690285,2.4652457,2.4631336,2.4583268,2.4552445,2.451603,2.4481292,2.4440045,2.4412134,2.4379466,2.4331527,2.4294071,2.425632,2.4207065,2.4152281,2.4095697,2.4066663,2.4017155,2.400505,2.397332,2.3923035,2.3903966,2.387294,2.384885,2.38302,2.378512,2.3726017,2.3681514,2.365469,2.3611531,2.3581126,2.3552082,2.3503816,2.344831,2.3414094,2.338224,2.3339825,2.3304048,2.3272076,2.3230445,2.3202243,2.3164008,2.3128896,2.308768,2.3041277,2.2991123,2.2948034,2.288052,2.2863734,2.2838135,2.2814896,2.2772138,2.275293
48_real,1.259131,,,,,,1.4674627,,,,1.4632397,,,,,1.2985451,,,,,,,,,,,,,,,,,,,,,,,,,,,,,,,,,,,,,,,,,,,,,,,,,,,,,,
48_gen,1.2591308,1.2511185,1.2443917,1.2386842,1.2325387,1.229046,1.22469,1.221457,1.2182649,1.2127783,1.2082088,1.2071949,1.2033367,1.2000756,1.1976559,1.19439,1.1915749,1.1891896,1.1841149,1.1814024,1.1796896,1.1773281,1.1764921,1.1748905,1.1723402,1.1722523,1.1689882,1.1678497,1.166206,1.1636852,1.1615716,1.1579883,1.1561031,1.1546775,1.1520714,1.1507002,1.1471922,1.1444066,1.1390588,1.1354996,1.1325139,1.1303726,1.1268733,1.1242346,1.1209412,1.1200998,1.1173189,1.1151649,1.1146915,1.1134875,1.1083562,1.1065032,1.1049681,1.1027561,1.0998415,1.0970205,1.0946531,1.0908744,1.0877051,1.0857682,1.0837551,1.080642,1.0763286,1.0747229,1.0712711,1.0683885,1.065849,1.0624344,1.060814,1.0597612
49_real,0.64322025,,,,,,0.6683195,,,,0.7046475,,,,,0.666338,,,,,,,,,,,,,,,,,,,,,,,,,,,,,,,,,,,,,,,,,,,,,,,,,,,,,,
49_gen,0.6432203,0.6379854,0.6359068,0.6325482,0.62801933,0.62391186,0.61720765,0.61534905,0.61240846,0.61091846,0.6060649,0.6005,0.6011631,0.5956892,0.5912446,0.585981,0.58163756,0.5766178,0.57235575,0.5683036,0.5642611,0.5598881,0.55519336,0.552949,0.5478524,0.54424125,0.54444903,0.53969336,0.5370499,0.53585815,0.5326607,0.5273968,0.52593976,0.52091026,0.5212584,0.5171051,0.51421946,0.51053697,0.5040452,0.50391966,0.500651,0.49754706,0.4968837,0.49308866,0.48793656,0.4844083,0.48309755,0.4797972,0.47477168,0.47166783,0.4689845,0.4616632,0.45712486,0.45462307,0.45499262,0.4524773,0.44679084,0.44005942,0.43419138,0.43502522,0.43266696,0.4299975,0.42961407,0.42833224,0.42567068,0.41962233,0.41831106,0.4182083,0.4176537,0.41344863
50_real,0.77417517,,,,,,0.72625715,,,,0.89823693,,,,,0.8299702,,,,,,,,,,,,,,,,,,,,,,,,,,,,,,,,,,,,,,,,,,,,,,,,,,,,,,
50_gen,0.77417517,0.7691902,0.76426095,0.7595414,0.75646275,0.7537023,0.7498537,0.7434014,0.737383,0.7317457,0.726381,0.7255767,0.7199349,0.71552575,0.7115247,0.70886254,0.7051937,0.70563203,0.7010496,0.7002846,0.6963173,0.69151604,0.6926581,0.69455826,0.6892966,0.68880606,0.68548065,0.6835651,0.68294364,0.6827473,0.6817945,0.682458,0.6832977,0.6817425,0.6782776,0.6747714,0.6728514,0.6671063,0.666641,0.66043067,0.65797764,0.655263,0.65168065,0.6504399,0.6493092,0.64647365,0.64554816,0.64230454,0.6438833,0.6415934,0.6390248,0.6329829,0.62969565,0.624458,0.62066996,0.6195041,0.6175271,0.61491853,0.61303556,0.6108377,0.60802543,0.60625464,0.6028823,0.6023418,0.60044974,0.59457713,0.59439087,0.5867424,0.5877465,0.5853796
51_real,0.77446914,,,,,,0.81728333,,,,0.7911191,,,,,0.6198622,,,,,,,,,,,,,,,,,,,,,,,,,,,,,,,,,,,,,,,,,,,,,,,,,,,,,,
51_gen,0.7744692,0.7717488,0.7683267,0.76590455,0.7633528,0.7601118,0.7554046,0.75469816,0.7518363,0.74588645,0.74262863,0.7413465,0.73509705,0.73419964,0.7318512,0.73046714,0.73200333,0.7308966,0.7316483,0.7303845,0.7288324,0.725259,0.72547644,0.72288066,0.7254528,0.72341263,0.72021604,0.71744406,0.71064556,0.7088839,0.70486104,0.7019292,0.698863,0.69754684,0.6948062,0.6917992,0.6874162,0.68568957,0.6795058,0.67864287,0.67622143,0.6748433,0.6782941,0.6752559,0.6722657,0.66764754,0.66276133,0.65843284,0.65305036,0.6507956,0.65129185,0.64897835,0.6475545,0.6432025,0.6394566,0.6364528,0.63265383,0.629017,0.6266104,0.623023,0.6186671,0.61548626,0.6139255,0.6087954,0.60737914,0.60315573,0.60215694,0.6016544,0.602188,0.59801185
52_real,0.50182915,,,,,,0.34257695,,,,0.39335302,,,,,0.36565697,,,,,,,,,,,,,,,,,,,,,,,,,,,,,,,,,,,,,,,,,,,,,,,,,,,,,,
52_gen,0.50182915,0.49703828,0.4914782,0.48692995,0.48313084,0.48248163,0.47572613,0.47282043,0.46930057,0.46668524,0.46592742,0.46229583,0.45598096,0.45079917,0.44720873,0.44324178,0.43530703,0.4302371,0.4245027,0.42103687,0.4179925,0.4155385,0.41580954,0.41143164,0.41181025,0.40861192,0.40532893,0.40102282,0.39752737,0.39383644,0.392163,0.38809052,0.3864133,0.3858053,0.3811062,0.3793478,0.37699047,0.37246746,0.3710546,0.36798233,0.36453712,0.3650927,0.36240557,0.36129862,0.36119643,0.35970557,0.35507816,0.35638815,0.35000062,0.34508058,0.3447996,0.3401106,0.33604473,0.3325386,0.3317973,0.32886764,0.32499614,0.32074982,0.32040396,0.32219014,0.31836042,0.31744534,0.31772497,0.31714287,0.31404594,0.31205872,0.30686617,0.30701476,0.30448768,0.3024138
53_real,1.6795952,,,,,,2.0655646,,,,2.2017891,,,,,2.021903,,,,,,,,,,,,,,,,,,,,,,,,,,,,,,,,,,,,,,,,,,,,,,,,,,,,,,
53_gen,1.6795952,1.6693118,1.6642044,1.6574695,1.6501468,1.6408508,1.6357286,1.6275978,1.6213181,1.6152623,1.608568,1.6020482,1.5978614,1.5911901,1.5865314,1.5842257,1.576017,1.5674781,1.5599067,1.555818,1.5526997,1.5487962,1.5382804,1.5346009,1.530668,1.5231346,1.5129354,1.5091288,1.500543,1.49738,1.4969774,1.4893596,1.481295,1.4768345,1.4691061,1.4628313,1.45799,1.4537472,1.4506421,1.4467623,1.4432466,1.4388543,1.4299519,1.4197887,1.4136494,1.4049904,1.3984565,1.394539,1.3921331,1.3849789,1.3793511,1.3697149,1.3644366,1.3563964,1.3533046,1.350075,1.341754,1.3376442,1.3287907,1.321908,1.3170834,1.3128273,1.3035375,1.2973299,1.2929575,1.2924845,1.2892703,1.286451,1.2792675,1.2683315
54_real,0.8529681,,,,,,1.1535618,,,,1.0588293,,,,,1.1244134,,,,,,,,,,,,,,,,,,,,,,,,,,,,,,,,,,,,,,,,,,,,,,,,,,,,,,
54_gen,0.8529681,0.8441941,0.8390018,0.8353265,0.83091676,0.8283348,0.8309825,0.8255526,0.8200592,0.8165566,0.81528604,0.8035351,0.79826456,0.79118764,0.7870769,0.7875077,0.78586704,0.78678364,0.78457475,0.780124,0.7740323,0.77498704,0.77271175,0.77054906,0.7690409,0.7642451,0.7547234,0.7517652,0.74573773,0.74844587,0.74480796,0.74378383,0.7367672,0.7362391,0.73217356,0.7299313,0.7272903,0.7254957,0.72029626,0.7236931,0.7250717,0.7190031,0.7137724,0.714768,0.70866275,0.70621324,0.70696795,0.70723253,0.7064563,0.7036796,0.70048994,0.7017939,0.69634324,0.68898976,0.6860993,0.68677974,0.67989844,0.6754392,0.6677547,0.66243064,0.6654126,0.66982627,0.6643345,0.66200686,0.66237575,0.65896773,0.6563183,0.6588794,0.6545377,0.65564793
55_real,2.267545,,,,,,1.9895023,,,,1.5595876,,,,,1.6320189,,,,,,,,,,,,,,,,,,,,,,,,,,,,,,,,,,,,,,,,,,,,,,,,,,,,,,
55_gen,2.2675452,2.2632244,2.2580829,2.2535148,2.2486622,2.244217,2.2397738,2.234984,2.229823,2.2256274,2.220025,2.2154372,2.2097046,2.2055218,2.2021334,2.1995764,2.198572,2.1938272,2.1907537,2.1857173,2.183661,2.179067,2.176064,2.1721263,2.1669238,2.1630402,2.159557,2.1541195,2.1488733,2.1453922,2.1425908,2.137076,2.1314318,2.1291568,2.1271217,2.1252027,2.1221814,2.1167452,2.1148062,2.109855,2.1062071,2.1003344,2.0948806,2.0925307,2.0889447,2.084012,2.0801232,2.0773563,2.0750704,2.0703747,2.0664363,2.0611646,2.0561092,2.0541058,2.0489912,2.0471308,2.0445516,2.04328,2.0398526,2.0366213,2.0330563,2.0294242,2.025168,2.0219345,2.016931,2.0144265,2.0110335,2.0072112,2.003224,1.9989998
56_real,-0.494075,,,,,,-0.64112914,,,,0.046704765,,,,,-0.5059342,,,,,,,,,,,,,,,,,,,,,,,,,,,,,,,,,,,,,,,,,,,,,,,,,,,,,,
56_gen,-0.494075,-0.49465114,-0.4999005,-0.5010209,-0.5023502,-0.50509226,-0.5096747,-0.5134341,-0.51580113,-0.52006364,-0.52389085,-0.52605903,-0.528795,-0.5295408,-0.5312194,-0.5326785,-0.5351562,-0.5365621,-0.54102206,-0.5456369,-0.5475981,-0.5508858,-0.5559239,-0.55810595,-0.5631174,-0.56684536,-0.56668675,-0.5706421,-0.57170975,-0.5746047,-0.57876015,-0.5827899,-0.58431655,-0.5866837,-0.5886801,-0.5919782,-0.59325415,-0.59596217,-0.59807694,-0.60131395,-0.60318,-0.60513294,-0.60624844,-0.6098114,-0.6126207,-0.6156392,-0.6186178,-0.62166077,-0.6216265,-0.6227106,-0.6240319,-0.6281981,-0.6293255,-0.63171875,-0.63565964,-0.6388575,-0.6416912,-0.6452645,-0.6475076,-0.651027,-0.65514606,-0.65695864,-0.65847373,-0.66185415,-0.66511005,-0.6695307,-0.6717416,-0.6725211,-0.67423177,-0.6775223
57_real,-0.2727536,,,,,,-0.14024605,,,,0.111518286,,,,,-0.003321589,,,,,,,,,,,,,,,,,,,,,,,,,,,,,,,,,,,,,,,,,,,,,,,,,,,,,,
57_gen,-0.27275363,-0.2815302,-0.2863932,-0.29187134,-0.29568672,-0.30144593,-0.3076331,-0.3149031,-0.32112283,-0.32831842,-0.33692718,-0.34311217,-0.35029432,-0.35534337,-0.36364287,-0.370023,-0.3716623,-0.37667698,-0.38016945,-0.38427776,-0.38880682,-0.39642864,-0.40441746,-0.40910426,-0.41063553,-0.4147788,-0.42184958,-0.4261717,-0.43109313,-0.43118683,-0.4356858,-0.4428362,-0.44777575,-0.45175225,-0.45727324,-0.46295804,-0.47090173,-0.4773059,-0.4817244,-0.48645273,-0.49235815,-0.49814397,-0.5008073,-0.5049946,-0.50718725,-0.51132166,-0.5157659,-0.5172485,-0.5219482,-0.5288107,-0.5327601,-0.53618944,-0.54062855,-0.5462058,-0.5491684,-0.5519724,-0.5570096,-0.55887616,-0.56278485,-0.5658533,-0.5745695,-0.5804963,-0.5855849,-0.5886076,-0.593582,-0.59860003,-0.60424596,-0.60930943,-0.61547565,-0.6185411
58_real,-0.865553,,,,,,-0.98216283,,,,-0.85691524,,,,,-1.1030916,,,,,,,,,,,,,,,,,,,,,,,,,,,,,,,,,,,,,,,,,,,,,,,,,,,,,,
58_gen,-0.865553,-0.8749822,-0.8829935,-0.8901045,-0.8957797,-0.90374184,-0.9107374,-0.91672707,-0.92378473,-0.9314653,-0.93790054,-0.940416,-0.9474889,-0.9496277,-0.95908403,-0.9621444,-0.9682819,-0.9704925,-0.97875655,-0.98175097,-0.9868816,-0.99403983,-1.0028236,-1.0165975,-1.0244286,-1.0280626,-1.0363648,-1.0422666,-1.0517662,-1.0580103,-1.061422,-1.0662913,-1.0723271,-1.0761274,-1.0830216,-1.0859377,-1.0897357,-1.0953739,-1.1022168,-1.1078649,-1.1100142,-1.1141992,-1.1154721,-1.1216947,-1.1297519,-1.1358906,-1.1419898,-1.1506704,-1.1586177,-1.1635047,-1.1690204,-1.1743946,-1.1818192,-1.1870195,-1.1946806,-1.1980832,-1.2056916,-1.213067,-1.2152617,-1.2199047,-1.2239503,-1.2311286,-1.2369536,-1.2456537,-1.2501448,-1.2547966,-1.2602804,-1.2613132,-1.2654159,-1.272007
59_real,1.4886476,,,,,,1.6726458,,,,1.8058023,,,,,1.7476977,,,,,,,,,,,,,,,,,,,,,,,,,,,,,,,,,,,,,,,,,,,,,,,,,,,,,,
59_gen,1.4886476,1.4919868,1.4916048,1.4901986,1.4889319,1.4889047,1.4857165,1.4826887,1.4783936,1.4761742,1.4730126,1.4719313,1.4685929,1.4671855,1.4613359,1.4580481,1.454711,1.4534155,1.4526383,1.4520233,1.4500024,1.4495023,1.4464887,1.4437689,1.4435675,1.440178,1.4344344,1.4308174,1.4276305,1.4250021,1.4216121,1.4209439,1.419586,1.4179668,1.4176918,1.4171075,1.4153483,1.4158459,1.4109046,1.4105966,1.4078028,1.4067204,1.4066273,1.4041613,1.4016869,1.3990054,1.3961861,1.394453,1.394597,1.3921658,1.3863037,1.3842764,1.3796809,1.3788106,1.3767039,1.3755608,1.3722222,1.3677535,1.3662617,1.3654681,1.3642147,1.3609222,1.3604273,1.3609564,1.3591292,1.3565977,1.3556061,1.3543961,1.3503959,1.3480811
60_real,1.8904517,,,,,,1.8660233,,,,1.9171008,,,,,1.9237632,,,,,,,,,,,,,,,,,,,,,,,,,,,,,,,,,,,,,,,,,,,,,,,,,,,,,,
60_gen,1.8904517,1.8882353,1.8843647,1.8812832,1.8795773,1.876433,1.8748319,1.8722893,1.8721037,1.8708051,1.8697698,1.8695965,1.8680165,1.8641176,1.8650916,1.8627802,1.8608669,1.8610796,1.8582071,1.857585,1.8549335,1.8519131,1.8494062,1.8470472,1.8459098,1.8444366,1.8436992,1.8443499,1.8427608,1.8395836,1.8415722,1.8410327,1.8393238,1.8384082,1.8373836,1.8362129,1.8324852,1.8314778,1.8318497,1.8294134,1.8266399,1.8224728,1.8222882,1.8207716,1.8187668,1.816103,1.8139107,1.8128601,1.8118464,1.8103187,1.8098898,1.8071012,1.8078693,1.8053522,1.8053539,1.8037256,1.8016573,1.7999786,1.7985557,1.7951269,1.7940385,1.7885376,1.7874,1.7863073,1.7861392,1.7858477,1.7819102,1.7810091,1.7793264,1.778109
61_real,1.1489084,,,,,,1.170852,,,,1.2445197,,,,,1.3025134,,,,,,,,,,,,,,,,,,,,,,,,,,,,,,,,,,,,,,,,,,,,,,,,,,,,,,
61_gen,1.1489085,1.1395017,1.1366392,1.131289,1.1305755,1.1266134,1.1210583,1.1195167,1.1192825,1.114773,1.1106203,1.1118891,1.1061889,1.104049,1.1003845,1.0992558,1.0970668,1.0949234,1.0927333,1.0876281,1.0832837,1.0849828,1.0811363,1.0828218,1.080994,1.0730388,1.0733278,1.0695959,1.0651885,1.0597515,1.060441,1.0599976,1.0607574,1.0575298,1.0575874,1.0539685,1.0529902,1.0512363,1.0492934,1.0460556,1.0459942,1.0416143,1.0377929,1.033098,1.0322622,1.0294276,1.0280361,1.025631,1.0225885,1.0188973,1.019472,1.0147283,1.012975,1.008071,1.0044645,1.003579,1.003217,1.0005591,0.99809504,0.99370563,0.98925287,0.98644245,0.9806137,0.9773409,0.9785266,0.9743967,0.97016764,0.96889323,0.9670023,0.96140975
62_real,1.2659057,,,,,,1.2743703,,,,1.168178,,,,,1.1712561,,,,,,,,,,,,,,,,,,,,,,,,,,,,,,,,,,,,,,,,,,,,,,,,,,,,,,
62_gen,1.2659056,1.2574923,1.2496312,1.239529,1.233022,1.2266601,1.2212007,1.2156632,1.2070215,1.203504,1.1992475,1.1940931,1.191121,1.1906838,1.1898904,1.1837277,1.1809931,1.1787325,1.1744273,1.1688793,1.160162,1.1550783,1.1543144,1.1500187,1.1472609,1.1426458,1.1402276,1.140788,1.1371472,1.1353472,1.1350868,1.1324303,1.1303155,1.12957,1.1323392,1.134709,1.1333176,1.1304095,1.1294467,1.1291914,1.1282551,1.127127,1.1291734,1.1283519,1.1242602,1.1206743,1.1177123,1.1186322,1.115433,1.1121361,1.1112034,1.1080905,1.1049016,1.100095,1.0943873,1.0923558,1.0899502,1.0889108,1.0856405,1.082514,1.0763565,1.0736754,1.07175,1.0693558,1.0665163,1.0601617,1.0596989,1.0590646,1.0568312,1.0523827
63_real,0.7511111,,,,,,1.045673,,,,0.7955733,,,,,0.7455533,,,,,,,,,,,,,,,,,,,,,,,,,,,,,,,,,,,,,,,,,,,,,,,,,,,,,,
63_gen,0.7511111,0.7456254,0.7388358,0.73292226,0.7270781,0.7249128,0.72148514,0.71245646,0.705968,0.7004553,0.69388044,0.68772256,0.68274665,0.67884576,0.6739676,0.6706141,0.6668021,0.65924644,0.6542896,0.6511029,0.6465677,0.64322674,0.63782096,0.6324017,0.62778914,0.6231165,0.61972106,0.6121974,0.61208415,0.60350305,0.5998209,0.59214616,0.5880562,0.5829349,0.5781616,0.5751459,0.56874025,0.5648377,0.56005776,0.5591375,0.5550386,0.5513134,0.54585457,0.54188055,0.53677046,0.5325946,0.52842915,0.5248286,0.5195181,0.51248044,0.5083901,0.5025164,0.49888474,0.49686942,0.4902174,0.486972,0.4825743,0.47874537,0.4745689,0.46890372,0.46373448,0.4613842,0.45389366,0.45101175,0.44427013,0.43785962,0.43305844,0.42809367,0.42411295,0.4163185
64_real,1.085065,,,,,,1.2291749,,,,1.2158314,,,,,1.2051566,,,,,,,,,,,,,,,,,,,,,,,,,,,,,,,,,,,,,,,,,,,,,,,,,,,,,,
64_gen,1.085065,1.0775288,1.0702773,1.0622928,1.0546563,1.0484564,1.0423723,1.0345107,1.0273936,1.019201,1.0110974,1.0049988,1.0007282,0.9937313,0.9864645,0.9790505,0.9713147,0.964901,0.9589392,0.9569421,0.95125544,0.94788045,0.9423459,0.94080067,0.9374712,0.9318528,0.92884004,0.92340314,0.91994524,0.9157961,0.91151696,0.91006154,0.90871334,0.9055498,0.90383804,0.901019,0.8925508,0.88981354,0.883364,0.87921953,0.8743102,0.87146366,0.86494744,0.8609211,0.85640574,0.85092384,0.8497375,0.8454914,0.84195006,0.8372946,0.83707684,0.8323451,0.8259984,0.8216432,0.81663543,0.81171674,0.8069375,0.8024821,0.7993452,0.7943598,0.78643143,0.78219014,0.77585316,0.77143484,0.76647013,0.7622111,0.7563933,0.75253284,0.7480914,0.74539053
65_real,0.41278097,,,,,,0.57259864,,,,0.49668524,,,,,0.6165485,,,,,,,,,,,,,,,,,,,,,,,,,,,,,,,,,,,,,,,,,,,,,,,,,,,,,,
65_gen,0.41278094,0.40900317,0.40337783,0.39681652,0.3920758,0.38570556,0.38046604,0.37676388,0.3725098,0.3682912,0.36224407,0.35381153,0.348181,0.34529632,0.34204823,0.33874232,0.3349266,0.33249593,0.32808512,0.32624173,0.320907,0.32013986,0.3176988,0.31116432,0.31009537,0.30817956,0.30346915,0.29689163,0.29079935,0.28880128,0.28634748,0.2825988,0.27815098,0.27425978,0.26649925,0.26354152,0.26118523,0.25548843,0.2513193,0.24990351,0.24376181,0.24260096,0.24228871,0.23790345,0.23644964,0.23170893,0.22743991,0.22536235,0.22471802,0.22165413,0.22182365,0.22227581,0.21759315,0.21346566,0.20760503,0.20472042,0.20420232,0.20211712,0.19828561,0.19339348,0.19008344,0.18832211,0.1840874,0.1814925,0.17368826,0.1690672,0.1671315,0.16469865,0.15999755,0.15831563
66_real,0.7499498,,,,,,0.9323803,,,,0.7084883,,,,,0.8992111,,,,,,,,,,,,,,,,,,,,,,,,,,,,,,,,,,,,,,,,,,,,,,,,,,,,,,
66_gen,0.7499499,0.74115956,0.7338541,0.72697246,0.72079134,0.7140261,0.70915395,0.7042843,0.6979051,0.69609696,0.69020647,0.6877068,0.68492484,0.6785169,0.67418057,0.6697885,0.6653736,0.65876794,0.6559619,0.6479683,0.6409803,0.6392766,0.63649267,0.63001525,0.6209034,0.6165341,0.6115853,0.60692596,0.6032383,0.60283756,0.5958792,0.59209645,0.58739,0.5789317,0.57606316,0.5716331,0.56973475,0.56412756,0.5611914,0.55521303,0.55345213,0.55322725,0.54832697,0.54580605,0.5448989,0.54125005,0.53880394,0.5363655,0.5342456,0.5292554,0.5249382,0.5159675,0.5090183,0.5043294,0.49994224,0.49076208,0.4861229,0.48184833,0.47936693,0.47231603,0.46711153,0.45999175,0.4567205,0.4537266,0.44941148,0.44091362,0.44046727,0.43445277,0.42993683,0.42335153
67_real,-0.046809874,,,,,,-0.05394498,,,,-0.06464763,,,,,-0.02897212,,,,,,,,,,,,,,,,,,,,,,,,,,,,,,,,,,,,,,,,,,,,,,,,,,,,,,
67_gen,-0.04680988,-0.05283748,-0.058763243,-0.062206913,-0.06889103,-0.0752357,-0.08207721,-0.08692623,-0.09552966,-0.099855766,-0.104462825,-0.109837174,-0.11831695,-0.124909304,-0.13158378,-0.13509598,-0.13824522,-0.13976887,-0.14439039,-0.14639695,-0.15090103,-0.1541684,-0.15968135,-0.16241072,-0.16415207,-0.16810593,-0.17410775,-0.17594078,-0.18178888,-0.1882821,-0.19428581,-0.19566238,-0.19740047,-0.20184124,-0.20533574,-0.20987447,-0.21331868,-0.21785155,-0.21870449,-0.2249008,-0.22742248,-0.22994241,-0.23176987,-0.23522952,-0.2391006,-0.24146788,-0.24516928,-0.25428563,-0.25595665,-0.2608864,-0.26550153,-0.26921156,-0.27232978,-0.27650315,-0.27997193,-0.28458607,-0.2889417,-0.28965008,-0.29613152,-0.29950768,-0.30405205,-0.30800015,-0.3122903,-0.31458858,-0.3179063,-0.32174674,-0.32489294,-0.32533234,-0.329876,-0.33312288
68_real,0.05592714,,,,,,0.13021138,,,,-0.012414371,,,,,0.04107029,,,,,,,,,,,,,,,,,,,,,,,,,,,,,,,,,,,,,,,,,,,,,,,,,,,,,,
68_gen,0.05592714,0.04854527,0.0432917,0.03690438,0.032813318,0.031702988,0.028425232,0.022932652,0.023839848,0.023906047,0.022533849,0.02211073,0.0204794,0.016240861,0.015220645,0.01634813,0.014784208,0.012361027,0.007663048,0.0074509457,0.0023523723,0.00090392196,-0.0042427494,-0.006008507,-0.004591787,-0.005921173,-0.004561007,-0.0030476253,-0.0020447501,-0.0029358985,-0.0053129923,-0.0058814795,-0.009937016,-0.011476554,-0.013489614,-0.014106336,-0.01707353,-0.013003853,-0.009639092,-0.009458409,-0.010416027,-0.012773866,-0.01552528,-0.018786648,-0.02169633,-0.024415603,-0.030481275,-0.032799475,-0.033958532,-0.034512512,-0.036393207,-0.03654969,-0.038907252,-0.040031802,-0.04204326,-0.043267354,-0.045914,-0.04227834,-0.044306964,-0.048378184,-0.053235788,-0.05102087,-0.05268658,-0.054384626,-0.057512004,-0.059473883,-0.06391652,-0.065390244,-0.06783095,-0.067012675
69_real,0.31209323,,,,,,0.22071765,,,,0.278768,,,,,0.3249933,,,,,,,,,,,,,,,,,,,,,,,,,,,,,,,,,,,,,,,,,,,,,,,,,,,,,,
69_gen,0.31209323,0.30629098,0.30107823,0.29404774,0.28622863,0.2815199,0.27839914,0.27713567,0.27013096,0.2621104,0.25938085,0.25560713,0.24989867,0.24817283,0.24608438,0.24531095,0.24064961,0.23586154,0.23260216,0.22835457,0.22732225,0.22593956,0.2200323,0.2163783,0.21310356,0.21163371,0.20735371,0.20736769,0.20421176,0.20145519,0.19605482,0.19331479,0.18699798,0.18796854,0.18784924,0.18610126,0.18113163,0.18047883,0.17618893,0.1759148,0.1738885,0.17029873,0.16771534,0.15966684,0.15803388,0.1534054,0.1486676,0.14443967,0.14022031,0.13983108,0.13763383,0.1355366,0.13229994,0.12858555,0.12268975,0.11841085,0.116708994,0.11521728,0.11319067,0.107719935,0.10564393,0.10305277,0.097473025,0.09548607,0.09288333,0.09213041,0.08482088,0.08039169,0.07586171,0.071842484
70_real,-0.38352436,,,,,,-0.28432292,,,,-0.3602424,,,,,-0.41287988,,,,,,,,,,,,,,,,,,,,,,,,,,,,,,,,,,,,,,,,,,,,,,,,,,,,,,
70_gen,-0.3835244,-0.38438633,-0.39120427,-0.39015645,-0.39650875,-0.40002355,-0.4021489,-0.40433964,-0.40295076,-0.406706,-0.40978843,-0.41390938,-0.4149879,-0.42239743,-0.42762452,-0.4306101,-0.4311959,-0.4336401,-0.43878976,-0.43948478,-0.4421746,-0.4453946,-0.44765958,-0.4490595,-0.4496618,-0.45182735,-0.45413572,-0.45698676,-0.45730263,-0.4619256,-0.4623981,-0.4652508,-0.47091922,-0.4707098,-0.47654945,-0.4766344,-0.47744742,-0.47628722,-0.4779643,-0.4825379,-0.48408213,-0.48394936,-0.48490176,-0.48676825,-0.48734728,-0.48721075,-0.49060497,-0.4912068,-0.4956104,-0.4980701,-0.5010256,-0.504214,-0.5081766,-0.50832796,-0.5100056,-0.5156467,-0.52234644,-0.5263356,-0.52661073,-0.52942574,-0.5300686,-0.53198457,-0.53552514,-0.5363544,-0.5406782,-0.53968704,-0.54247224,-0.54151905,-0.54490644,-0.5483135
71_real,1.0140438,,,,,,1.1093845,,,,0.9707072,,,,,1.1093845,,,,,,,,,,,,,,,,,,,,,,,,,,,,,,,,,,,,,,,,,,,,,,,,,,,,,,
71_gen,1.0140438,1.01632,1.016094,1.0180539,1.0182685,1.0137974,1.0138506,1.016007,1.011489,1.014273,1.0103525,1.0111287,1.004949,1.0060766,1.00582,1.0054963,1.0052378,0.9993251,1.0002588,0.9992282,0.9958151,0.9920317,0.98768055,0.9823085,0.976902,0.975341,0.9716606,0.96792144,0.968287,0.9663111,0.96416676,0.9622655,0.9609019,0.9599951,0.9588113,0.9537951,0.9490078,0.951176,0.95163023,0.94978744,0.94486105,0.938673,0.93704474,0.9341806,0.9294878,0.92916,0.9281064,0.922964,0.918543,0.9121029,0.90899533,0.90633756,0.9046012,0.90420485,0.9005885,0.89717066,0.8953708,0.8961849,0.8941161,0.88907206,0.88977575,0.8899816,0.8912651,0.8862341,0.8822934,0.8774182,0.87862027,0.87554467,0.87543553,0.8747986
72_real,0.44272366,,,,,,0.4165078,,,,0.38737908,,,,,0.4689395,,,,,,,,,,,,,,,,,,,,,,,,,,,,,,,,,,,,,,,,,,,,,,,,,,,,,,
72_gen,0.4427237,0.43779963,0.4369422,0.4315679,0.42856613,0.42843738,0.42908707,0.42467886,0.42310435,0.4214109,0.41700745,0.41218185,0.40978765,0.40662783,0.4027844,0.40056747,0.40206847,0.3970221,0.39597213,0.3949885,0.39390546,0.3915478,0.39163738,0.39073986,0.39158818,0.39619628,0.39411512,0.39820343,0.40023834,0.395161,0.39452165,0.39354292,0.39400882,0.39414245,0.39298123,0.39431232,0.39083254,0.39156395,0.3961476,0.39307132,0.38901594,0.38763386,0.3868609,0.38469487,0.38350618,0.3799376,0.38188037,0.37994993,0.3756165,0.37406003,0.37304717,0.36945358,0.36873847,0.3661785,0.3685034,0.36791283,0.36864662,0.3665683,0.36495173,0.36420667,0.3606184,0.35657626,0.35588577,0.35957435,0.3542294,0.35304767,0.35208064,0.34947377,0.34975404,0.34766632
73_real,1.2868196,,,,,,1.5311264,,,,1.2002943,,,,,1.576934,,,,,,,,,,,,,,,,,,,,,,,,,,,,,,,,,,,,,,,,,,,,,,,,,,,,,,
73_gen,1.2868196,1.2840905,1.286557,1.2811862,1.280431,1.2765396,1.2740732,1.2681103,1.2675707,1.2662791,1.2640898,1.2604029,1.2547705,1.253903,1.2511294,1.2493374,1.2496982,1.2461339,1.2381828,1.2330322,1.2305349,1.2269838,1.2281153,1.2243546,1.2232721,1.2227628,1.2227101,1.2244099,1.2218388,1.2233869,1.2231419,1.2213666,1.2221103,1.2200297,1.2163446,1.2142456,1.21614,1.2119077,1.2117075,1.2089952,1.2057412,1.201286,1.1949896,1.1937736,1.1948702,1.1926696,1.1907845,1.1844822,1.1850951,1.1860864,1.1841296,1.1807725,1.1780896,1.1759086,1.1687704,1.1667922,1.1615245,1.1581342,1.1542509,1.1485388,1.1424052,1.137921,1.1320677,1.1311477,1.1268566,1.1241325,1.1212229,1.1179907,1.1138073,1.1095955
74_real,1.4758902,,,,,,1.427325,,,,1.436155,,,,,1.4714751,,,,,,,,,,,,,,,,,,,,,,,,,,,,,,,,,,,,,,,,,,,,,,,,,,,,,,
74_gen,1.4758902,1.4667447,1.4629748,1.4571953,1.4510685,1.4454772,1.4428957,1.4376438,1.4346886,1.4293802,1.4263002,1.4224492,1.419492,1.4221647,1.4239591,1.4171103,1.4145912,1.4135352,1.4069059,1.4069642,1.4041169,1.4005748,1.3963361,1.3980218,1.3960075,1.3959687,1.39309,1.3910663,1.3894625,1.3846047,1.3835411,1.3812381,1.3815687,1.3789246,1.377503,1.3722289,1.3678458,1.3670782,1.3658152,1.3634186,1.3624487,1.3614872,1.3614497,1.3584759,1.3613487,1.3595716,1.3515599,1.3494018,1.3541697,1.3514893,1.3507509,1.3492725,1.3490196,1.3528936,1.3498833,1.3457453,1.3477955,1.3495405,1.3524957,1.3502395,1.3472791,1.3418553,1.3359166,1.3345494,1.3348137,1.3320975,1.330216,1.328296,1.3242403,1.3228922
75_real,0.56389976,,,,,,0.47829998,,,,0.431304,,,,,0.4363393,,,,,,,,,,,,,,,,,,,,,,,,,,,,,,,,,,,,,,,,,,,,,,,,,,,,,,
75_gen,0.5638998,0.55804837,0.55531186,0.552457,0.549477,0.5473217,0.54363066,0.54029214,0.536959,0.5319242,0.5304824,0.528618,0.5237369,0.52187747,0.5195878,0.51680565,0.5170456,0.5134662,0.5089164,0.50740224,0.50493157,0.50099623,0.49957937,0.497535,0.49803653,0.49613628,0.49202508,0.4902205,0.49079496,0.48367205,0.48262534,0.48263556,0.47927874,0.47868904,0.47859102,0.47902924,0.47376633,0.47063527,0.4662741,0.46441856,0.4633135,0.4626669,0.46112338,0.45981884,0.45712876,0.45716253,0.45525947,0.4534073,0.44945496,0.44765812,0.44467497,0.44470605,0.4405395,0.4369689,0.43677196,0.4336183,0.43414268,0.42940587,0.4270081,0.42392668,0.42282978,0.4196053,0.41807485,0.41684622,0.41717997,0.41414103,0.41391316,0.41208974,0.41160354,0.40806407
76_real,0.9057861,,,,,,0.8537224,,,,0.72929895,,,,,0.6304661,,,,,,,,,,,,,,,,,,,,,,,,,,,,,,,,,,,,,,,,,,,,,,,,,,,,,,
76_gen,0.90578616,0.90009195,0.8966591,0.89187354,0.88886946,0.8856975,0.8834052,0.8797275,0.87743425,0.87741107,0.87556803,0.87201786,0.86704797,0.86451703,0.86255914,0.8622035,0.86196077,0.85986596,0.8582861,0.8565788,0.85477865,0.85491085,0.85218203,0.85348785,0.85397977,0.85427034,0.8551302,0.8558175,0.8568862,0.85805786,0.8570849,0.85681885,0.85580015,0.85716677,0.8560588,0.8569616,0.8592893,0.8599513,0.8619046,0.8603687,0.86020243,0.8593596,0.8613202,0.86260617,0.8641324,0.86329234,0.8635498,0.8642136,0.8653501,0.8649119,0.8670317,0.86897457,0.868711,0.86752594,0.86576843,0.8662888,0.8656415,0.8678877,0.86602914,0.86556923,0.8646122,0.86001843,0.8613769,0.85962546,0.8573316,0.85632694,0.85693836,0.85372794,0.85288113,0.8519424
77_real,0.24595709,,,,,,0.3938198,,,,0.4058087,,,,,0.6056231,,,,,,,,,,,,,,,,,,,,,,,,,,,,,,,,,,,,,,,,,,,,,,,,,,,,,,
77_gen,0.2459571,0.24582812,0.24070275,0.23763569,0.24058323,0.23813412,0.2342445,0.22856984,0.22633028,0.22641759,0.22693136,0.22414188,0.22480765,0.22355998,0.22329256,0.22077021,0.21732016,0.21495259,0.21246774,0.21174526,0.2086694,0.20981696,0.20635994,0.20662193,0.20470376,0.20547073,0.20176932,0.20041342,0.19835316,0.19607385,0.19294272,0.19148743,0.1898931,0.1845958,0.18546987,0.18673322,0.18870264,0.18794934,0.18692039,0.18362574,0.18057995,0.18165517,0.17963508,0.1769363,0.17526731,0.17270538,0.17030345,0.17312914,0.16692826,0.16560087,0.1630179,0.16202295,0.1625063,0.15581423,0.1543659,0.15162294,0.14885291,0.14739977,0.14607398,0.14254451,0.14314966,0.14253476,0.14042681,0.13498409,0.13353002,0.12969843,0.12705114,0.1260442,0.12528065,0.121561185
78_real,0.04879445,,,,,,0.03517223,,,,0.18161109,,,,,-0.0022888742,,,,,,,,,,,,,,,,,,,,,,,,,,,,,,,,,,,,,,,,,,,,,,,,,,,,,,
78_gen,0.04879445,0.050949026,0.04584089,0.04132012,0.034616355,0.031149644,0.027931744,0.024782266,0.019651901,0.01675428,0.012483908,0.011488132,0.008298301,-0.00019892119,-0.0015555946,-0.0044481973,-0.0077016964,-0.012198189,-0.019097162,-0.024018899,-0.026311263,-0.030122006,-0.03741123,-0.040939633,-0.047117736,-0.05493626,-0.05720266,-0.06139649,-0.0639256,-0.0642173,-0.0700478,-0.07439707,-0.07535913,-0.07647106,-0.08027625,-0.08620368,-0.091560185,-0.097680986,-0.10376562,-0.11046473,-0.11260831,-0.11854577,-0.121541284,-0.124538444,-0.12911347,-0.13590756,-0.14187638,-0.14840594,-0.15439191,-0.15903457,-0.1622119,-0.16582564,-0.16596079,-0.17077573,-0.1747044,-0.17306425,-0.176642,-0.18018176,-0.18311276,-0.18828419,-0.19209069,-0.19697244,-0.20197728,-0.20604146,-0.21426456,-0.217255,-0.22332378,-0.22838917,-0.22783335,-0.23369935
79_real,-0.061057545,,,,,,0.19593596,,,,0.15845774,,,,,0.2387682,,,,,,,,,,,,,,,,,,,,,,,,,,,,,,,,,,,,,,,,,,,,,,,,,,,,,,
79_gen,-0.061057545,-0.067362234,-0.072082594,-0.07539918,-0.0802363,-0.083235666,-0.08742881,-0.09021568,-0.09322064,-0.09648143,-0.10096121,-0.10417415,-0.10710595,-0.11003685,-0.1117743,-0.11405971,-0.115043364,-0.11919495,-0.121697225,-0.12344219,-0.12607154,-0.1286867,-0.13170528,-0.1334454,-0.13551784,-0.13820645,-0.14250252,-0.14460462,-0.14734349,-0.15161458,-0.15344468,-0.15338331,-0.1546609,-0.1581436,-0.15979798,-0.16149954,-0.16541272,-0.16837226,-0.17053555,-0.1741792,-0.1763043,-0.17910472,-0.18135002,-0.18146363,-0.18311815,-0.18546396,-0.18833046,-0.19092709,-0.19368279,-0.19629912,-0.19842932,-0.2027568,-0.20327587,-0.20538779,-0.20888229,-0.21138027,-0.2130156,-0.21397611,-0.21646094,-0.21679597,-0.21958447,-0.22116701,-0.22422361,-0.22675893,-0.23110616,-0.23377769,-0.23701505,-0.24252982,-0.24580476,-0.2470034
80_real,-0.06459142,,,,,,0.2338923,,,,0.03852114,,,,,0.2556002,,,,,,,,,,,,,,,,,,,,,,,,,,,,,,,,,,,,,,,,,,,,,,,,,,,,,,
80_gen,-0.064591415,-0.06810858,-0.0723266,-0.0740885,-0.077068225,-0.082063064,-0.084276944,-0.08762274,-0.088952474,-0.09070239,-0.09280473,-0.0940481,-0.095063195,-0.09669454,-0.09937188,-0.10198386,-0.10640752,-0.10704776,-0.1093619,-0.11116818,-0.112359785,-0.11451689,-0.11557253,-0.11625983,-0.11756194,-0.11977786,-0.120147005,-0.12078492,-0.12238972,-0.124419115,-0.12733865,-0.12927681,-0.12990549,-0.13203064,-0.13496518,-0.1381177,-0.13908812,-0.14141205,-0.1427572,-0.14466795,-0.14670934,-0.14875412,-0.15007894,-0.15109059,-0.15505186,-0.15736198,-0.15825148,-0.15968831,-0.16014664,-0.16151068,-0.16351826,-0.16477159,-0.16562437,-0.16518423,-0.16663882,-0.16696209,-0.16980442,-0.17269687,-0.17295513,-0.17469001,-0.17716123,-0.17836246,-0.17758991,-0.1784521,-0.18262857,-0.18412285,-0.18505886,-0.18724403,-0.18867691,-0.18841854
81_real,0.12063594,,,,,,0.29391542,,,,0.3221756,,,,,0.33928043,,,,,,,,,,,,,,,,,,,,,,,,,,,,,,,,,,,,,,,,,,,,,,,,,,,,,,
81_gen,0.12063594,0.117164716,0.112118736,0.108894505,0.10356226,0.09843488,0.095371075,0.09484438,0.08944379,0.08640916,0.080415495,0.07300117,0.06719111,0.063253455,0.06196774,0.059026014,0.05512414,0.05175236,0.047978796,0.041453395,0.039565794,0.038180776,0.031684794,0.028094292,0.022979792,0.019178165,0.017092625,0.01187925,0.008689534,0.0066894507,0.00071808026,-0.003040265,-0.0064506507,-0.011362752,-0.014805223,-0.01808452,-0.022785095,-0.02558661,-0.02932087,-0.036164176,-0.040074643,-0.045258217,-0.04946258,-0.05337494,-0.060988627,-0.064227365,-0.06720182,-0.0720918,-0.07437145,-0.07785465,-0.083325945,-0.08464899,-0.09105577,-0.09443032,-0.097858086,-0.102361396,-0.10864122,-0.11155175,-0.11272891,-0.11871459,-0.12268859,-0.12786523,-0.13147692,-0.13573828,-0.1417785,-0.14652717,-0.15129039,-0.15565012,-0.16227365,-0.16327432
82_real,0.68973833,,,,,,0.65828,,,,0.73692584,,,,,0.5528946,,,,,,,,,,,,,,,,,,,,,,,,,,,,,,,,,,,,,,,,,,,,,,,,,,,,,,
82_gen,0.68973833,0.68945426,0.6893381,0.6885316,0.6831995,0.6817724,0.67854965,0.6754495,0.6741177,0.6692972,0.666999,0.6639289,0.6617613,0.6583489,0.654689,0.6537342,0.6502353,0.64961964,0.64773244,0.64808124,0.6451813,0.64288557,0.64047545,0.63632226,0.6326334,0.6281034,0.6248995,0.62561566,0.62144864,0.61998785,0.61545575,0.61508334,0.61403334,0.61376226,0.6106032,0.6069956,0.60496587,0.60120744,0.5973177,0.5944077,0.58853275,0.58500665,0.5818575,0.57967126,0.57766175,0.5755173,0.5737718,0.5737008,0.572508,0.5711469,0.56738985,0.56524056,0.5650687,0.5640546,0.56097347,0.55929744,0.55646574,0.5519662,0.5468251,0.5420989,0.53985995,0.53843135,0.53376734,0.53027076,0.5282561,0.5255146,0.5235032,0.5202147,0.5180945,0.51416
83_real,0.12358954,,,,,,0.046895146,,,,0.35184667,,,,,0.2568917,,,,,,,,,,,,,,,,,,,,,,,,,,,,,,,,,,,,,,,,,,,,,,,,,,,,,,
83_gen,0.12358953,0.11683168,0.11488181,0.10955008,0.10480015,0.10209049,0.09300419,0.08856775,0.0823071,0.079700544,0.0765577,0.07483964,0.07020615,0.06629379,0.06202755,0.057701956,0.053923465,0.049606655,0.045818843,0.043010868,0.036853544,0.03325608,0.029435987,0.024213087,0.023480179,0.021511208,0.015717335,0.013442144,0.009788396,0.0071786954,0.0037632517,-0.0013191935,-0.0062994026,-0.01005883,-0.014259042,-0.01960202,-0.022496039,-0.02430376,-0.02868684,-0.033712532,-0.036899436,-0.040482007,-0.045192435,-0.050533265,-0.0557657,-0.06086384,-0.06553185,-0.067390546,-0.0706958,-0.074709706,-0.07712101,-0.080458865,-0.08369076,-0.08618063,-0.0910179,-0.0962732,-0.10070193,-0.104683265,-0.10929327,-0.11343348,-0.115670964,-0.1195024,-0.12078925,-0.124671295,-0.12752302,-0.13216886,-0.1349218,-0.13979205,-0.14277686,-0.14741814
84_real,1.2598456,,,,,,1.3109622,,,,1.3785679,,,,,1.1988355,,,,,,,,,,,,,,,,,,,,,,,,,,,,,,,,,,,,,,,,,,,,,,,,,,,,,,
84_gen,1.2598456,1.2532969,1.2501175,1.2422956,1.2368779,1.2307931,1.2239494,1.2182233,1.2121584,1.2059239,1.2003834,1.1961915,1.1908634,1.1867565,1.1835388,1.1778603,1.1726768,1.16763,1.164377,1.1593606,1.1534944,1.1513331,1.1484501,1.1415257,1.1382638,1.1342024,1.126762,1.1217997,1.1188626,1.1142434,1.1084555,1.1047567,1.1020483,1.0963957,1.0923289,1.0876046,1.083082,1.0805175,1.0744388,1.071257,1.0664173,1.0617391,1.0579069,1.0547286,1.0526459,1.0490716,1.0424021,1.038481,1.0353924,1.0332041,1.0289094,1.0224478,1.0178621,1.0132248,1.0081742,1.0021446,0.9966618,0.9939373,0.98883075,0.9840124,0.98023987,0.9755765,0.9724126,0.96621764,0.962756,0.9587992,0.9540828,0.9526863,0.94750845,0.94299066
85_real,0.6974553,,,,,,0.8891769,,,,0.69848055,,,,,0.5990313,,,,,,,,,,,,,,,,,,,,,,,,,,,,,,,,,,,,,,,,,,,,,,,,,,,,,,
85_gen,0.69745535,0.6909092,0.68606025,0.68258727,0.6814122,0.67716134,0.67322856,0.6703674,0.66554254,0.6612325,0.6566458,0.6538949,0.6516636,0.6460928,0.6425117,0.6402704,0.6356939,0.63035136,0.62735736,0.6247852,0.6241543,0.6246735,0.62101984,0.61939657,0.61744285,0.6177882,0.61686194,0.6149957,0.61140823,0.60989326,0.60843384,0.60544646,0.6046361,0.6019364,0.60001147,0.5951289,0.59170234,0.59010005,0.58836114,0.58698183,0.58220017,0.5813364,0.57853,0.57750666,0.5761881,0.5752777,0.572237,0.5701882,0.56924045,0.56709665,0.5643064,0.5609548,0.5596091,0.5572475,0.55261,0.5512084,0.5509486,0.55204695,0.55176103,0.55117124,0.54912186,0.54640543,0.5411727,0.5389706,0.5383693,0.53841764,0.53586745,0.53405946,0.5307987,0.5264322
86_real,0.8090878,,,,,,0.7867633,,,,0.83779067,,,,,0.7187269,,,,,,,,,,,,,,,,,,,,,,,,,,,,,,,,,,,,,,,,,,,,,,,,,,,,,,
86_gen,0.8090879,0.79872406,0.79014915,0.786444,0.7863819,0.78131187,0.7755356,0.767359,0.76031697,0.7557228,0.74971086,0.746763,0.744861,0.7416576,0.7361876,0.73620844,0.7320528,0.7304641,0.72722363,0.722648,0.71912044,0.71914035,0.7134385,0.7085,0.7052729,0.7026863,0.70217615,0.69879246,0.6943389,0.6911975,0.686276,0.6817067,0.6786777,0.67446566,0.67008185,0.6690126,0.6650858,0.6623844,0.6588026,0.65736675,0.65627855,0.65392524,0.6537801,0.65135074,0.65129465,0.65254676,0.65037,0.6484063,0.64688414,0.6444539,0.642593,0.643369,0.6380195,0.6339844,0.63068026,0.62679344,0.6244559,0.6233276,0.6199528,0.6169821,0.61612576,0.6131849,0.6085495,0.6044009,0.6002785,0.5972582,0.59584445,0.59406465,0.5944542,0.5924493
87_real,0.9879971,,,,,,0.737799,,,,1.0271585,,,,,0.8161219,,,,,,,,,,,,,,,,,,,,,,,,,,,,,,,,,,,,,,,,,,,,,,,,,,,,,,
87_gen,0.9879972,0.9838238,0.98248637,0.9782322,0.9762697,0.9741014,0.97079945,0.97077036,0.9675991,0.9690757,0.9678664,0.9685879,0.96760654,0.96673787,0.96583164,0.96676767,0.96766615,0.9666921,0.9665537,0.9652194,0.96461284,0.9683863,0.96955377,0.969735,0.96822965,0.9668543,0.9651729,0.96219397,0.96127224,0.96149635,0.96001244,0.9562136,0.9545511,0.9570136,0.9555728,0.95773345,0.9566089,0.9548346,0.9564518,0.9579867,0.955791,0.9581361,0.9558729,0.9557482,0.95305413,0.9540331,0.9537188,0.9569235,0.9575203,0.95473766,0.9530169,0.95134306,0.95288897,0.9544905,0.9522101,0.9534621,0.9497285,0.95020294,0.9501818,0.950912,0.95322526,0.9507373,0.9472537,0.94664127,0.9444171,0.938217,0.93776083,0.93764764,0.93574417,0.9325919
88_real,0.18516101,,,,,,0.31691962,,,,0.29775473,,,,,0.40555725,,,,,,,,,,,,,,,,,,,,,,,,,,,,,,,,,,,,,,,,,,,,,,,,,,,,,,
88_gen,0.18516101,0.18317738,0.18171528,0.17591867,0.17385913,0.17010902,0.17026374,0.16836886,0.16951303,0.1708467,0.1706834,0.17049071,0.1690424,0.16767575,0.16635156,0.16447373,0.16150516,0.1589524,0.15727058,0.15819494,0.15616807,0.15579396,0.15379095,0.15123957,0.15032512,0.15091729,0.14979804,0.1515646,0.1513064,0.14562021,0.14599803,0.14385447,0.14063488,0.1408201,0.14053164,0.13992888,0.13922545,0.13766006,0.13508055,0.13537118,0.1356329,0.13403568,0.13409658,0.1353819,0.13671297,0.13666603,0.13441607,0.13465558,0.134236,0.13550901,0.13229099,0.13027468,0.13019368,0.12533684,0.123826265,0.124329545,0.12807818,0.12867919,0.12652886,0.12703416,0.12553164,0.12423675,0.12371807,0.12055881,0.11878717,0.11912562,0.1203871,0.11920402,0.1165539,0.11926464
89_real,0.39218917,,,,,,0.34816247,,,,0.3596933,,,,,0.29889452,,,,,,,,,,,,,,,,,,,,,,,,,,,,,,,,,,,,,,,,,,,,,,,,,,,,,,
89_gen,0.3921892,0.3905795,0.38931543,0.38726246,0.38416874,0.38372582,0.38273793,0.38228974,0.3792892,0.3778119,0.37514657,0.37271154,0.36942202,0.3693586,0.3681173,0.36776602,0.36773667,0.36355707,0.36280012,0.36092228,0.35769433,0.3563849,0.35529113,0.35433713,0.35625872,0.3549295,0.35630795,0.35509816,0.3558507,0.35361624,0.35423487,0.3534749,0.3534724,0.35097447,0.3514775,0.3537987,0.35371694,0.35030323,0.35015535,0.35007197,0.3501343,0.3486548,0.34580138,0.3452096,0.34460527,0.34518823,0.34477362,0.3414556,0.34323627,0.34335715,0.3424818,0.3426621,0.34057978,0.34053347,0.33935863,0.33906248,0.33851224,0.3371334,0.33653218,0.33670524,0.33619332,0.33486694,0.33303654,0.33301362,0.33462983,0.3351347,0.3335012,0.3325681,0.33150893,0.33040223
90_real,0.44221666,,,,,,0.34064677,,,,0.39997968,,,,,0.29941544,,,,,,,,,,,,,,,,,,,,,,,,,,,,,,,,,,,,,,,,,,,,,,,,,,,,,,
90_gen,0.4422167,0.4346254,0.4322167,0.42699632,0.4228715,0.41814452,0.41629568,0.40907374,0.40742293,0.40480056,0.40334257,0.40116984,0.3974374,0.397314,0.39622048,0.3944561,0.39181682,0.39412218,0.39295238,0.39177114,0.38959303,0.38869983,0.3853777,0.3804646,0.37675408,0.3749272,0.37390435,0.3731354,0.3743466,0.37505236,0.37668145,0.3780709,0.3764077,0.37215647,0.3737189,0.37334782,0.37080088,0.3711211,0.37089202,0.36852905,0.3682751,0.36739102,0.3705632,0.3722233,0.37304646,0.3743885,0.37406072,0.37508446,0.37137857,0.36806983,0.37118044,0.36789173,0.3650452,0.3677038,0.3665197,0.36481547,0.3636537,0.36210135,0.3623552,0.36206698,0.36426157,0.366116,0.36499748,0.36496547,0.3638858,0.36328655,0.36136845,0.35844305,0.35879284,0.35560328
91_real,0.89298266,,,,,,0.9713272,,,,0.8889304,,,,,0.7943767,,,,,,,,,,,,,,,,,,,,,,,,,,,,,,,,,,,,,,,,,,,,,,,,,,,,,,
91_gen,0.8929826,0.8927685,0.8921666,0.8926665,0.88959867,0.8865288,0.8852051,0.8828127,0.882603,0.8799381,0.8795452,0.87816525,0.8741805,0.87350637,0.87046176,0.8692297,0.8677343,0.8672131,0.8666402,0.8629745,0.8625307,0.8609988,0.8596672,0.85981685,0.8590814,0.85871613,0.85727483,0.854355,0.8528923,0.8508853,0.85223114,0.8476218,0.8453304,0.84554994,0.8437564,0.84286386,0.8430377,0.842387,0.84424764,0.8386275,0.8369359,0.83560926,0.83388424,0.83363235,0.8321584,0.83292276,0.82915527,0.8267557,0.8230689,0.8218055,0.82110655,0.819468,0.81794214,0.8150322,0.8141891,0.81526375,0.81286097,0.81183654,0.81099606,0.8095907,0.8090847,0.8083558,0.8051817,0.8068331,0.80377024,0.8055703,0.8028056,0.798885,0.7959996,0.79541856
92_real,2.5584593,,,,,,2.626941,,,,2.5623357,,,,,2.4848092,,,,,,,,,,,,,,,,,,,,,,,,,,,,,,,,,,,,,,,,,,,,,,,,,,,,,,
92_gen,2.5584595,2.556353,2.553397,2.5488708,2.548112,2.5469158,2.5450861,2.5424552,2.5411336,2.538524,2.537005,2.5327644,2.5296488,2.5283113,2.5292013,2.5261059,2.52716,2.526006,2.5270927,2.5248342,2.5249498,2.5238354,2.5241942,2.52492,2.524487,2.5224292,2.5198936,2.5188074,2.5184588,2.5176167,2.514461,2.5124767,2.5081334,2.507394,2.5071597,2.505663,2.5029633,2.498652,2.4961205,2.4932547,2.492468,2.4924128,2.4899259,2.4892075,2.486775,2.4841163,2.481425,2.4795086,2.4790497,2.4767675,2.4740882,2.4718938,2.4710863,2.4691286,2.4659262,2.4624503,2.4606965,2.4626706,2.4609878,2.4587646,2.4561625,2.4565387,2.4561648,2.4553542,2.450726,2.4520028,2.4525332,2.451622,2.4502103,2.4514585
93_real,-0.053860873,,,,,,-0.0022481214,,,,-0.15804218,,,,,-0.27560455,,,,,,,,,,,,,,,,,,,,,,,,,,,,,,,,,,,,,,,,,,,,,,,,,,,,,,
93_gen,-0.053860873,-0.060640104,-0.06524111,-0.07055269,-0.074234255,-0.07775558,-0.082717225,-0.08669939,-0.094253466,-0.09750884,-0.10316702,-0.105474934,-0.10798955,-0.10997131,-0.11382125,-0.1153878,-0.11891036,-0.121065,-0.121507786,-0.12505087,-0.12994428,-0.13276151,-0.1333342,-0.13671216,-0.13884464,-0.14306344,-0.14698283,-0.1495981,-0.15249982,-0.15739147,-0.16083458,-0.16420262,-0.16312802,-0.1638827,-0.16372058,-0.16729127,-0.16760135,-0.17044814,-0.17438692,-0.17659542,-0.18152931,-0.18528925,-0.18908392,-0.19264165,-0.192561,-0.19295481,-0.19461243,-0.197447,-0.20083709,-0.20285363,-0.20633543,-0.21099687,-0.21252625,-0.21594873,-0.21990319,-0.22339885,-0.22266102,-0.22630051,-0.22956364,-0.23315576,-0.2355576,-0.23983064,-0.24205089,-0.24693489,-0.24955802,-0.25402215,-0.2581777,-0.26070693,-0.26233107,-0.2648767
94_real,0.5179695,,,,,,0.30313444,,,,0.39742857,,,,,0.49075058,,,,,,,,,,,,,,,,,,,,,,,,,,,,,,,,,,,,,,,,,,,,,,,,,,,,,,
94_gen,0.51796955,0.5131592,0.50944054,0.5053483,0.5004691,0.49511614,0.48851198,0.48483944,0.47892818,0.47659403,0.46991116,0.4650046,0.46199197,0.45774573,0.45255202,0.4475864,0.44208503,0.43820196,0.43281588,0.42754954,0.42198163,0.41799384,0.4168283,0.4126144,0.40817174,0.4045418,0.3995661,0.395737,0.39157778,0.38346317,0.3770948,0.3736291,0.37111607,0.36648062,0.3634423,0.35755128,0.35541576,0.35267463,0.3491149,0.3440464,0.33906084,0.33307028,0.33104143,0.3273417,0.32419103,0.3201221,0.31249106,0.30600935,0.3033067,0.30113727,0.29749262,0.29223585,0.2864158,0.2816176,0.2801078,0.2800346,0.27614126,0.27123955,0.2647268,0.26444966,0.2592875,0.2564542,0.25474817,0.24759683,0.24280167,0.2392039,0.23442006,0.22986147,0.2241691,0.21918115
95_real,0.4491378,,,,,,0.8188355,,,,0.57537603,,,,,0.70161426,,,,,,,,,,,,,,,,,,,,,,,,,,,,,,,,,,,,,,,,,,,,,,,,,,,,,,
95_gen,0.44913775,0.4392355,0.42613745,0.41388172,0.4069809,0.40248352,0.39540008,0.38791472,0.38146275,0.37760076,0.37023982,0.36648428,0.3575546,0.34945968,0.34498173,0.3426109,0.33762574,0.3359619,0.32897854,0.3239586,0.31810123,0.31511518,0.31027406,0.30430764,0.29760176,0.28536803,0.2816096,0.2767682,0.27332255,0.27032465,0.2630499,0.25743574,0.25493497,0.24777412,0.24464455,0.23537154,0.22946468,0.22245376,0.21774969,0.21462497,0.20859298,0.20017517,0.19408324,0.1896149,0.18961631,0.18337585,0.17931683,0.17037928,0.16404276,0.15835854,0.15230252,0.14811543,0.13983634,0.1344215,0.12309016,0.120049715,0.12119315,0.11453855,0.10901977,0.10584569,0.100276485,0.09408985,0.08897664,0.08443211,0.07644706,0.07139632,0.06564492,0.060557503,0.05250786,0.046485078
96_real,1.6611782,,,,,,1.79876,,,,1.7810075,,,,,1.7299691,,,,,,,,,,,,,,,,,,,,,,,,,,,,,,,,,,,,,,,,,,,,,,,,,,,,,,
96_gen,1.6611784,1.654406,1.6492183,1.6443638,1.6372604,1.6270624,1.625153,1.6183035,1.6096569,1.6148837,1.612492,1.6036453,1.6054287,1.6044438,1.5985382,1.59148,1.5900005,1.5881423,1.5865972,1.5821635,1.5807788,1.5736578,1.5704304,1.5685923,1.5704505,1.5639843,1.5580122,1.5550972,1.5570735,1.5517924,1.5521162,1.5488875,1.5467502,1.545809,1.5396974,1.5370193,1.5350053,1.5327737,1.528205,1.5246567,1.5207341,1.5156248,1.5148402,1.5116845,1.5122006,1.5099077,1.5094862,1.5066228,1.504194,1.5064971,1.5045396,1.5042567,1.5026302,1.5018606,1.4976758,1.4938049,1.4936731,1.493114,1.4885415,1.4880664,1.4887626,1.4858254,1.4807545,1.4752275,1.4740165,1.4711063,1.4685755,1.466,1.4606938,1.4505217
97_real,-0.47882,,,,,,-0.31087697,,,,-0.42750406,,,,,-0.44149932,,,,,,,,,,,,,,,,,,,,,,,,,,,,,,,,,,,,,,,,,,,,,,,,,,,,,,
97_gen,-0.47882,-0.48148674,-0.48227066,-0.48390287,-0.48712507,-0.49031964,-0.4945715,-0.49764758,-0.5040983,-0.50689924,-0.50807554,-0.51121354,-0.51505387,-0.5177189,-0.51951134,-0.523616,-0.525482,-0.5303389,-0.53328466,-0.53527826,-0.5400242,-0.54092085,-0.5429933,-0.5458526,-0.5471734,-0.5495602,-0.55209017,-0.55134666,-0.5560423,-0.5581366,-0.5599104,-0.5646645,-0.56874007,-0.5730974,-0.5767127,-0.57447547,-0.5747282,-0.5754855,-0.5783838,-0.5821621,-0.58506906,-0.59058905,-0.5936035,-0.5977651,-0.60153806,-0.606971,-0.61015993,-0.6143074,-0.61647856,-0.61653054,-0.6187848,-0.62252253,-0.6276351,-0.6320585,-0.6363446,-0.63943017,-0.6454841,-0.64665186,-0.6511152,-0.6545675,-0.6581236,-0.6609744,-0.6635083,-0.6653689,-0.67064226,-0.6747471,-0.67868954,-0.6796726,-0.68546104,-0.69038016
98_real,0.0067722476,,,,,,-0.07191355,,,,-0.03257065,,,,,-0.08765071,,,,,,,,,,,,,,,,,,,,,,,,,,,,,,,,,,,,,,,,,,,,,,,,,,,,,,
98_gen,0.006772247,0.0021272984,-0.0003691176,-0.0018449906,-0.0027868825,-0.005434031,-0.009708808,-0.011281723,-0.015853822,-0.018075656,-0.021641646,-0.02303466,-0.023592448,-0.025168458,-0.024027389,-0.026880851,-0.027126053,-0.027954614,-0.02708877,-0.029314151,-0.03526647,-0.035372563,-0.03620607,-0.038790032,-0.04195795,-0.04379364,-0.045407854,-0.049399894,-0.053285647,-0.055005126,-0.054547675,-0.057416476,-0.05975324,-0.06618708,-0.066693135,-0.066742495,-0.06637502,-0.06954439,-0.07389456,-0.07672726,-0.0752736,-0.07661746,-0.07871531,-0.07987751,-0.082588635,-0.08465202,-0.08562744,-0.088048995,-0.089413345,-0.09438042,-0.096648395,-0.09821559,-0.100342676,-0.10197637,-0.10576016,-0.10431435,-0.10741185,-0.10980241,-0.11070563,-0.113539815,-0.118104,-0.119065925,-0.12053616,-0.121228136,-0.12192865,-0.12636706,-0.12729461,-0.12994897,-0.13118312,-0.13171473
99_real,1.5165833,,,,,,1.2235552,,,,1.6264688,,,,,1.3151264,,,,,,,,,,,,,,,,,,,,,,,,,,,,,,,,,,,,,,,,,,,,,,,,,,,,,,
99_gen,1.5165833,1.5170128,1.514698,1.5153288,1.512891,1.5154613,1.5135138,1.5124557,1.510868,1.5115259,1.5089254,1.5120289,1.5088375,1.5060989,1.5042013,1.4996637,1.4966134,1.4941776,1.4896935,1.4864037,1.4836429,1.4819841,1.4770505,1.4780675,1.4753158,1.474904,1.4732945,1.4732637,1.4724762,1.4713888,1.4683547,1.4676796,1.4665048,1.4673407,1.4629081,1.4608227,1.4593799,1.4588397,1.4603394,1.4568329,1.4555833,1.4542253,1.4501946,1.450513,1.4460269,1.4453232,1.4481828,1.4441652,1.4428079,1.4416435,1.4386506,1.4387988,1.4404525,1.4411026,1.4394419,1.4360108,1.4372616,1.4359533,1.4334795,1.4318968,1.4315567,1.4306028,1.4298122,1.4271064,1.428092,1.4252769,1.423484,1.4212672,1.4191201,1.4172932
100_real,1.1420281,,,,,,1.842212,,,,1.49212,,,,,1.4254359,,,,,,,,,,,,,,,,,,,,,,,,,,,,,,,,,,,,,,,,,,,,,,,,,,,,,,
100_gen,1.142028,1.1406242,1.1375153,1.1328671,1.129851,1.1266161,1.1256683,1.1222656,1.1160233,1.1129198,1.1093212,1.106468,1.1051371,1.1060764,1.1077945,1.1072239,1.1066452,1.1051352,1.1063008,1.1052295,1.1004043,1.1006978,1.1009077,1.0999053,1.100908,1.0982913,1.0979288,1.0994194,1.0969727,1.0929406,1.094005,1.0926138,1.0898812,1.0860468,1.085943,1.0861946,1.0867094,1.0869148,1.0848053,1.0832257,1.0837412,1.0827997,1.0800624,1.0812272,1.0797657,1.0799422,1.0824844,1.0812817,1.0822319,1.0813564,1.0822561,1.0777361,1.0742525,1.0735049,1.0726471,1.0712947,1.0711069,1.0696092,1.070385,1.0664716,1.065028,1.0638018,1.0600016,1.0560311,1.0570123,1.0551625,1.052921,1.0502441,1.0509748,1.050794
101_real,0.7479959,,,,,,0.5830601,,,,0.57437927,,,,,0.8695276,,,,,,,,,,,,,,,,,,,,,,,,,,,,,,,,,,,,,,,,,,,,,,,,,,,,,,
101_gen,0.7479959,0.7456699,0.74091804,0.73450106,0.72787076,0.7250453,0.7212332,0.7179991,0.7141169,0.70906293,0.7056869,0.70109874,0.6978041,0.6930388,0.69024885,0.68325794,0.68024087,0.6762788,0.672744,0.67115885,0.6685343,0.6628835,0.6596271,0.6565548,0.6553362,0.65044725,0.6487897,0.6446413,0.64012283,0.637075,0.63706803,0.63099116,0.62588155,0.6223547,0.61932194,0.61806536,0.6121687,0.60804975,0.6063882,0.6023855,0.59545374,0.59050393,0.5855931,0.57954025,0.5759706,0.57523775,0.57037854,0.5663902,0.5648296,0.55902916,0.56041,0.55767924,0.55260843,0.5490924,0.54390675,0.5417632,0.5372752,0.53378373,0.529348,0.5263085,0.524282,0.5204528,0.516745,0.51356804,0.5109533,0.50563586,0.50074756,0.5006673,0.5001934,0.4965673
102_real,0.21936975,,,,,,0.2699116,,,,0.2951825,,,,,0.39626613,,,,,,,,,,,,,,,,,,,,,,,,,,,,,,,,,,,,,,,,,,,,,,,,,,,,,,
102_gen,0.21936974,0.21424122,0.20982504,0.2015452,0.1981912,0.19253916,0.19013128,0.18880665,0.18540479,0.18045208,0.17495292,0.17144263,0.16672984,0.16404328,0.16112036,0.15753588,0.15378927,0.14672986,0.14370486,0.1413854,0.13830915,0.13172594,0.12744173,0.12545334,0.12429283,0.119759694,0.11741035,0.11565472,0.11287149,0.11138455,0.108322784,0.10224835,0.100059986,0.09921058,0.09275975,0.09250431,0.08819568,0.08565394,0.08205224,0.079919055,0.076088086,0.07501458,0.073171,0.07106376,0.06593948,0.06212282,0.055831302,0.05328405,0.052352518,0.048416294,0.044649888,0.041705817,0.038500894,0.0356344,0.029324422,0.026014227,0.022466952,0.01981017,0.016722335,0.014353454,0.012250837,0.009872159,0.0061088214,-0.0016541325,-0.0032132778,-0.0063358187,-0.010012968,-0.01307262,-0.01745008,-0.021065917
103_real,1.1031666,,,,,,1.233679,,,,1.2235965,,,,,1.1659021,,,,,,,,,,,,,,,,,,,,,,,,,,,,,,,,,,,,,,,,,,,,,,,,,,,,,,
103_gen,1.1031666,1.095707,1.0934114,1.087533,1.0833457,1.0805123,1.0782939,1.0749761,1.0731452,1.0695795,1.0680101,1.066681,1.0638754,1.059013,1.0574644,1.0564401,1.0531214,1.0495402,1.0460713,1.043687,1.0441675,1.0435638,1.0419414,1.0416168,1.0417763,1.0382673,1.0356019,1.0333499,1.0317299,1.0291646,1.0252539,1.021555,1.0205669,1.0189841,1.0175328,1.0163971,1.0133675,1.0119002,1.0097891,1.0075467,1.0027134,1.0019398,1.0014207,0.99882925,0.9952806,0.99165344,0.9892653,0.9871235,0.9845952,0.9821949,0.97955334,0.9761189,0.9731817,0.97045964,0.96973574,0.96738064,0.9640341,0.96215045,0.95813143,0.95743257,0.9562863,0.9541527,0.9538355,0.95428485,0.9505986,0.94849503,0.946325,0.94402885,0.94112504,0.9402567
104_real,0.40269023,,,,,,0.49946454,,,,0.4082202,,,,,0.4911696,,,,,,,,,,,,,,,,,,,,,,,,,,,,,,,,,,,,,,,,,,,,,,,,,,,,,,
104_gen,0.40269023,0.3974398,0.3918151,0.3853144,0.37886286,0.37747392,0.37033612,0.36453155,0.36194703,0.3562866,0.3513075,0.3447676,0.33923316,0.33540702,0.33154836,0.32651487,0.3226326,0.31494614,0.30987796,0.30664974,0.3016898,0.29758152,0.2954418,0.28976142,0.28407705,0.2788561,0.27201784,0.269705,0.26644805,0.26155964,0.25804338,0.25555784,0.25175148,0.249687,0.244325,0.24136631,0.23976167,0.23871389,0.23559526,0.22852227,0.22263277,0.22073288,0.21487316,0.21326622,0.20773585,0.20365658,0.20413092,0.2009136,0.19887361,0.19342287,0.19183071,0.18670878,0.18073837,0.17707066,0.17289142,0.17040409,0.16541448,0.15986708,0.15613803,0.15202758,0.15043376,0.1464257,0.14222424,0.13631897,0.13502146,0.12842926,0.12253294,0.11784077,0.11407904,0.11361156
105_real,0.42945084,,,,,,0.44728222,,,,0.4591698,,,,,0.42945084,,,,,,,,,,,,,,,,,,,,,,,,,,,,,,,,,,,,,,,,,,,,,,,,,,,,,,
105_gen,0.4294508,0.42725238,0.42558065,0.42112994,0.419699,0.4205583,0.41752014,0.4163682,0.4133901,0.41200536,0.40890104,0.40751466,0.40398106,0.4012856,0.40139264,0.40043744,0.3998137,0.3980869,0.39554337,0.39351732,0.39098242,0.3884329,0.38689682,0.38380632,0.38273442,0.37983257,0.3760332,0.37305316,0.3695222,0.37029123,0.36958647,0.36867914,0.3665293,0.36430466,0.36062223,0.36111397,0.35810277,0.3568297,0.35651606,0.35441273,0.3511506,0.34565082,0.34407926,0.34370092,0.3412995,0.33963317,0.33775154,0.33716136,0.3372106,0.33511934,0.33206487,0.33132142,0.33071446,0.32712635,0.3245631,0.32442036,0.32387036,0.32108888,0.31976172,0.3209626,0.31877112,0.31677502,0.31396344,0.31195432,0.3071107,0.30353612,0.30135888,0.30031258,0.29580468,0.29454154
106_real,1.1192126,,,,,,1.3333496,,,,1.2388965,,,,,1.344132,,,,,,,,,,,,,,,,,,,,,,,,,,,,,,,,,,,,,,,,,,,,,,,,,,,,,,
106_gen,1.1192127,1.1124171,1.1044786,1.099119,1.0944943,1.0888133,1.0845324,1.0782754,1.0723385,1.0665817,1.0623469,1.0572093,1.0554798,1.0517764,1.0476962,1.0428481,1.0418317,1.0404927,1.0376352,1.0336554,1.032122,1.0297517,1.0275489,1.0266728,1.0257255,1.0242031,1.0206407,1.0195677,1.0175308,1.0161667,1.0162156,1.0123231,1.0104312,1.0060234,1.0050576,1.0014896,0.99721974,0.9930314,0.99151003,0.98895407,0.98605263,0.9860405,0.98393506,0.9820635,0.97867984,0.9779412,0.97581434,0.9723323,0.97053254,0.9684116,0.9668783,0.9642402,0.9625214,0.96014893,0.9562917,0.9552787,0.9529675,0.9510727,0.94672984,0.9468667,0.9463692,0.94517213,0.9431421,0.9402717,0.9397402,0.9383565,0.93733245,0.9340316,0.9327715,0.9337206
107_real,1.1442657,,,,,,1.3441336,,,,1.2340711,,,,,1.2919159,,,,,,,,,,,,,,,,,,,,,,,,,,,,,,,,,,,,,,,,,,,,,,,,,,,,,,
107_gen,1.1442658,1.1388049,1.1318641,1.1256541,1.1207458,1.116945,1.1107899,1.106792,1.103239,1.0962042,1.0924628,1.0892332,1.0838871,1.0800853,1.0737429,1.0705639,1.0668081,1.061794,1.0590549,1.0557234,1.0510203,1.0453905,1.0387417,1.0370378,1.0348091,1.0294402,1.0268271,1.021158,1.0143077,1.0113761,1.0060377,1.0017064,0.99893934,0.99189645,0.985528,0.9828125,0.97734845,0.97119296,0.966704,0.9591324,0.95366514,0.94878674,0.94418925,0.93774587,0.9327485,0.92875195,0.92416793,0.9216002,0.91576016,0.9109403,0.9068843,0.90336514,0.89880884,0.8930198,0.88740176,0.8824539,0.88093203,0.8746411,0.87065804,0.86549747,0.86094636,0.8567592,0.8537415,0.84923315,0.845438,0.84087545,0.834702,0.82985914,0.82548076,0.8206953
108_real,-0.38883847,,,,,,-0.40458128,,,,-0.45810685,,,,,-0.40615556,,,,,,,,,,,,,,,,,,,,,,,,,,,,,,,,,,,,,,,,,,,,,,,,,,,,,,
108_gen,-0.3888385,-0.39599335,-0.4026719,-0.40762654,-0.41022572,-0.41336918,-0.41647887,-0.42297736,-0.42721996,-0.43119407,-0.43435487,-0.43932685,-0.44227847,-0.44626006,-0.45058855,-0.4535114,-0.456777,-0.45994902,-0.46078905,-0.46344453,-0.465705,-0.46960706,-0.47162428,-0.47378406,-0.47546792,-0.48112735,-0.4849916,-0.48817188,-0.49062213,-0.49237794,-0.49410954,-0.49912444,-0.5029698,-0.50629175,-0.5100728,-0.5128054,-0.516506,-0.5196918,-0.5230333,-0.52406853,-0.5255339,-0.52678955,-0.5306004,-0.53258204,-0.53449106,-0.536697,-0.5414673,-0.543604,-0.54547435,-0.5490004,-0.5532074,-0.55804366,-0.56048983,-0.56428623,-0.5664934,-0.5707737,-0.5736114,-0.5753258,-0.5788814,-0.5817098,-0.58447343,-0.5877777,-0.5930411,-0.5959517,-0.59815663,-0.60049045,-0.6016904,-0.60739094,-0.6087843,-0.6122619
109_real,1.0755119,,,,,,1.1631535,,,,1.1376851,,,,,1.1249508,,,,,,,,,,,,,,,,,,,,,,,,,,,,,,,,,,,,,,,,,,,,,,,,,,,,,,
109_gen,1.0755119,1.0641268,1.0604165,1.0546496,1.0462828,1.0386277,1.0336465,1.0238479,1.0205019,1.0131129,1.0088727,1.0030625,1.0001296,0.99734557,0.99115705,0.98729056,0.98729086,0.9804988,0.97528,0.9753931,0.97193223,0.97200125,0.96705973,0.96496564,0.963051,0.96062076,0.95941955,0.9537891,0.9472372,0.94616616,0.94395655,0.9391991,0.9351053,0.9359292,0.9327359,0.9269885,0.92244565,0.9196417,0.9197901,0.9170521,0.9174086,0.9165594,0.91465646,0.9092213,0.9078373,0.9075085,0.90655196,0.90194196,0.9004196,0.89846736,0.89138335,0.88760215,0.8875793,0.88615143,0.88502896,0.8835972,0.8820323,0.88115454,0.8776283,0.8776213,0.87558377,0.86999464,0.8638319,0.85846007,0.8533681,0.8495227,0.8499562,0.84647065,0.84183085,0.83305424
110_real,1.0684277,,,,,,1.2117802,,,,1.2110176,,,,,1.1957674,,,,,,,,,,,,,,,,,,,,,,,,,,,,,,,,,,,,,,,,,,,,,,,,,,,,,,
110_gen,1.0684278,1.063249,1.0583918,1.0529093,1.0510542,1.0468695,1.045314,1.0392915,1.035575,1.0297215,1.0273354,1.0257924,1.0254612,1.0210726,1.0150169,1.0122547,1.0128117,1.0100842,1.0110707,1.0074292,1.0053054,1.0077527,1.0054053,1.0087147,1.0062143,1.0034723,1.0009861,1.0018284,1.0020777,1.0030706,0.9993496,0.9957255,0.9963589,0.9981675,0.99503344,0.99263954,0.9929096,0.9953209,0.9950765,0.9944782,0.9961847,0.9975664,0.9936476,0.9910347,0.9852041,0.98662186,0.98532295,0.98698676,0.9891947,0.9886714,0.98216313,0.98053825,0.9734311,0.97045213,0.9665891,0.9618481,0.95721066,0.9585625,0.957761,0.953454,0.95159376,0.95304537,0.95218956,0.95214236,0.95179284,0.9498111,0.9480335,0.95020103,0.9485831,0.94528896
111_real,1.4236721,,,,,,1.3774214,,,,1.2733572,,,,,1.3381083,,,,,,,,,,,,,,,,,,,,,,,,,,,,,,,,,,,,,,,,,,,,,,,,,,,,,,
111_gen,1.423672,1.4137783,1.407716,1.4001567,1.3941486,1.3851136,1.3804045,1.3716285,1.3676605,1.3626449,1.3557755,1.350383,1.3431592,1.3360542,1.3332865,1.3256841,1.3173712,1.311204,1.3038969,1.2987082,1.2918469,1.28369,1.2800437,1.2757568,1.2716162,1.2651455,1.2564125,1.2490432,1.2419689,1.2365124,1.2296305,1.2257893,1.2199061,1.2135444,1.2095926,1.2048095,1.1983439,1.193576,1.1889728,1.1842229,1.1787039,1.1723137,1.1637347,1.1571016,1.1528862,1.1496252,1.1442876,1.1369909,1.1330129,1.1289884,1.1233628,1.1162437,1.1085026,1.1028146,1.0957172,1.0889866,1.0869129,1.0791013,1.0742509,1.0661105,1.0619603,1.0535825,1.0487611,1.0411206,1.0347416,1.0295271,1.0244874,1.0194817,1.0160033,1.0102818
112_real,1.3889146,,,,,,1.3672054,,,,1.5239942,,,,,1.4154481,,,,,,,,,,,,,,,,,,,,,,,,,,,,,,,,,,,,,,,,,,,,,,,,,,,,,,
112_gen,1.3889145,1.3770704,1.3735626,1.3693513,1.3635514,1.3605971,1.3553292,1.3483455,1.3406798,1.3355185,1.329205,1.3231653,1.3193657,1.3160322,1.3129947,1.3091791,1.3057711,1.299039,1.2946084,1.2897683,1.2824441,1.2790333,1.2726294,1.2687083,1.2659681,1.2614976,1.2601044,1.25507,1.2528771,1.2495153,1.2441232,1.2425432,1.2398779,1.2363503,1.2351606,1.2308791,1.2252156,1.2209677,1.2168689,1.215378,1.2102813,1.2044095,1.1992979,1.1955262,1.193367,1.1873119,1.1809307,1.1783401,1.1763256,1.1713924,1.1679939,1.1649508,1.1626003,1.1544945,1.1495066,1.1442652,1.1406353,1.1368226,1.132345,1.1314356,1.1288173,1.1253206,1.125564,1.1201453,1.1173849,1.115039,1.1106012,1.1062102,1.1020304,1.0971851
113_real,-0.7156646,,,,,,-0.7578942,,,,-0.7770894,,,,,-0.7252623,,,,,,,,,,,,,,,,,,,,,,,,,,,,,,,,,,,,,,,,,,,,,,,,,,,,,,
113_gen,-0.7156647,-0.7212745,-0.7247522,-0.72986364,-0.73127615,-0.7376161,-0.7426701,-0.744306,-0.7481851,-0.7507962,-0.7502774,-0.754161,-0.75603235,-0.75913626,-0.76463926,-0.7656392,-0.77129203,-0.77408826,-0.7759428,-0.779397,-0.7819756,-0.7844642,-0.7872597,-0.7916142,-0.7930967,-0.7965391,-0.8005551,-0.8022491,-0.80337715,-0.80444,-0.8045586,-0.8054455,-0.80933696,-0.8118001,-0.8110069,-0.81528586,-0.82106704,-0.8244278,-0.82418185,-0.8267639,-0.8301755,-0.8345461,-0.83803225,-0.8420614,-0.84355515,-0.8482324,-0.85247755,-0.854509,-0.8581788,-0.85967004,-0.86268556,-0.8664796,-0.8667315,-0.86808616,-0.87248105,-0.87296087,-0.876495,-0.87884015,-0.88204575,-0.88587606,-0.88950634,-0.8915762,-0.8904282,-0.8928696,-0.8965932,-0.8982247,-0.9018076,-0.9032405,-0.906827,-0.91021454
114_real,-0.59967595,,,,,,-0.6632344,,,,-0.6771378,,,,,-0.649331,,,,,,,,,,,,,,,,,,,,,,,,,,,,,,,,,,,,,,,,,,,,,,,,,,,,,,
114_gen,-0.599676,-0.61210907,-0.6169117,-0.62453306,-0.62984556,-0.640082,-0.6497508,-0.6563164,-0.66250616,-0.67080677,-0.6768711,-0.6824158,-0.69107455,-0.69611025,-0.7040795,-0.7110753,-0.7160297,-0.7204384,-0.7209463,-0.7281447,-0.731657,-0.7337655,-0.73610485,-0.7356429,-0.73735857,-0.74194753,-0.7467876,-0.74811834,-0.75008833,-0.7515782,-0.7531549,-0.75965226,-0.76561403,-0.76858443,-0.7726159,-0.77486396,-0.78154767,-0.78454673,-0.7917456,-0.7943223,-0.7979484,-0.80398643,-0.809272,-0.8124897,-0.815909,-0.81627434,-0.82020414,-0.8250467,-0.8293139,-0.8321854,-0.8360871,-0.8402726,-0.84348047,-0.8454609,-0.85019016,-0.85364324,-0.8558321,-0.8541888,-0.8597067,-0.86285686,-0.86571586,-0.86891234,-0.87277377,-0.877247,-0.88315535,-0.8840141,-0.88590735,-0.88843364,-0.88970757,-0.88895786
115_real,-0.5509089,,,,,,-0.5751758,,,,-0.5670492,,,,,-0.5286737,,,,,,,,,,,,,,,,,,,,,,,,,,,,,,,,,,,,,,,,,,,,,,,,,,,,,,
115_gen,-0.550909,-0.5519337,-0.55186474,-0.55628383,-0.5536746,-0.5569429,-0.5594401,-0.5639568,-0.5671923,-0.5693401,-0.56961834,-0.5711478,-0.572409,-0.57442,-0.57641643,-0.5788411,-0.5786319,-0.5800135,-0.58485377,-0.58654106,-0.5911462,-0.59278905,-0.5952734,-0.59663355,-0.6012443,-0.60400796,-0.6055389,-0.60682666,-0.6084758,-0.61287004,-0.6160407,-0.6176273,-0.62085426,-0.62449485,-0.6290137,-0.6306734,-0.6304766,-0.6285989,-0.63315725,-0.63686454,-0.64310235,-0.64673406,-0.6475383,-0.6519855,-0.65335524,-0.6551207,-0.65583503,-0.66254365,-0.66291654,-0.67127144,-0.6742741,-0.67482966,-0.6754058,-0.67828125,-0.6804229,-0.683843,-0.68593365,-0.6859525,-0.6812241,-0.68974286,-0.69663656,-0.70184743,-0.70366096,-0.7077854,-0.7122156,-0.71483576,-0.71412224,-0.7173126,-0.72170115,-0.7255554
116_real,-0.6714867,,,,,,-0.682064,,,,-0.67803454,,,,,-0.6426761,,,,,,,,,,,,,,,,,,,,,,,,,,,,,,,,,,,,,,,,,,,,,,,,,,,,,,
116_gen,-0.67148674,-0.6788537,-0.6865448,-0.6909396,-0.6976106,-0.6983372,-0.70763236,-0.71493757,-0.7208261,-0.72367287,-0.72169584,-0.7225343,-0.72786987,-0.72904456,-0.7294229,-0.7325785,-0.7398883,-0.73758423,-0.740992,-0.74556315,-0.7489644,-0.7517654,-0.753919,-0.7557087,-0.7563936,-0.757688,-0.7638418,-0.77026176,-0.7726239,-0.77651006,-0.781107,-0.7898551,-0.791439,-0.787954,-0.7855172,-0.79132235,-0.79001725,-0.78968304,-0.78683484,-0.78904253,-0.79377425,-0.80106926,-0.8010157,-0.8032465,-0.8098766,-0.8130139,-0.8182274,-0.8247262,-0.8320381,-0.83405447,-0.8411563,-0.8457115,-0.84814465,-0.84961796,-0.85315895,-0.86148155,-0.86666954,-0.8695183,-0.8715091,-0.8767556,-0.8786607,-0.88390553,-0.88215864,-0.8837838,-0.8901738,-0.8912237,-0.89785177,-0.9012524,-0.90304375,-0.9095416
117_real,2.1705542,,,,,,2.56814,,,,2.4190452,,,,,2.4332447,,,,,,,,,,,,,,,,,,,,,,,,,,,,,,,,,,,,,,,,,,,,,,,,,,,,,,
117_gen,2.1705544,2.1669796,2.1640034,2.1597996,2.1570911,2.1524825,2.1469884,2.1427388,2.139661,2.13417,2.1309092,2.1280088,2.1254127,2.1221325,2.119103,2.1168294,2.1150124,2.1129565,2.1117027,2.1101146,2.108029,2.1054852,2.1026764,2.0995831,2.0970476,2.0939713,2.092718,2.0898747,2.087238,2.0848072,2.0821,2.0782871,2.080767,2.076844,2.0754187,2.0759745,2.0723834,2.0685694,2.065081,2.0622523,2.0598352,2.0573335,2.0556777,2.0530508,2.0493183,2.0459244,2.0427344,2.04061,2.0386906,2.03791,2.0344746,2.0296698,2.029267,2.02682,2.0238879,2.0227137,2.0214658,2.0183802,2.0160232,2.0156343,2.012493,2.0082924,2.005539,2.003531,2.0000038,1.9972235,1.9936527,1.99144,1.9906178,1.9888561
118_real,1.7847672,,,,,,2.1461916,,,,1.9168261,,,,,1.9863307,,,,,,,,,,,,,,,,,,,,,,,,,,,,,,,,,,,,,,,,,,,,,,,,,,,,,,
118_gen,1.7847672,1.7804188,1.7777023,1.7756163,1.7718699,1.7671478,1.7637379,1.7619835,1.7581346,1.755353,1.7538803,1.7506298,1.747958,1.7460558,1.746578,1.7439601,1.7411716,1.7370918,1.7362196,1.732609,1.7296528,1.7259,1.7245998,1.7206576,1.7177668,1.715073,1.7148823,1.7143713,1.7117134,1.710391,1.7113441,1.7089636,1.7086446,1.7088413,1.7076191,1.7062461,1.7042824,1.7037499,1.7012888,1.698492,1.6978868,1.6985143,1.698128,1.6955723,1.6955545,1.6944939,1.6900403,1.6877264,1.6862974,1.6839978,1.6825361,1.6796789,1.6787059,1.6779978,1.6760492,1.6763386,1.6749111,1.6740853,1.6739044,1.6702894,1.6689098,1.6661009,1.6633343,1.6612053,1.6583742,1.6567653,1.6550162,1.6508678,1.6497663,1.6469883
119_real,1.9038343,,,,,,1.8657689,,,,1.9926536,,,,,1.8581558,,,,,,,,,,,,,,,,,,,,,,,,,,,,,,,,,,,,,,,,,,,,,,,,,,,,,,
119_gen,1.9038346,1.8954102,1.8888315,1.8837459,1.879144,1.8730924,1.8703396,1.8641376,1.8609324,1.8569393,1.851393,1.8497016,1.8446023,1.8401451,1.8353176,1.8309008,1.8264692,1.8201545,1.8187349,1.8141283,1.8083899,1.8055481,1.8021123,1.7994066,1.7940071,1.7917345,1.787283,1.7860157,1.7818615,1.7760134,1.7684091,1.7644497,1.7615191,1.7580659,1.7529707,1.7506535,1.7452644,1.744463,1.7396948,1.7370644,1.7319088,1.7251543,1.7246397,1.7194144,1.716548,1.7105534,1.7075615,1.704163,1.7000351,1.6953981,1.6902329,1.6864246,1.6837372,1.6797479,1.6741898,1.6732674,1.6681734,1.6619186,1.660888,1.6558313,1.6502978,1.6462765,1.641258,1.6330277,1.6293398,1.6250254,1.6190712,1.6132362,1.60891,1.6030029
120_real,1.9807525,,,,,,2.043076,,,,2.0630195,,,,,1.8162181,,,,,,,,,,,,,,,,,,,,,,,,,,,,,,,,,,,,,,,,,,,,,,,,,,,,,,
120_gen,1.9807527,1.9757,1.9695152,1.962754,1.9557726,1.9522209,1.9485912,1.9423153,1.9382004,1.9297901,1.9221914,1.9153906,1.9101143,1.9083424,1.90522,1.899237,1.8944712,1.889389,1.8833736,1.8824803,1.8795788,1.8782456,1.8703312,1.8625791,1.855233,1.850209,1.845294,1.8424265,1.838825,1.8331175,1.8285046,1.8263632,1.8232952,1.8206459,1.8131332,1.8068066,1.8031346,1.7969986,1.793498,1.7875093,1.7826958,1.778002,1.7693939,1.7646145,1.7613232,1.7562151,1.7494637,1.7451143,1.7427979,1.7380841,1.734602,1.7301826,1.7240269,1.714679,1.7099569,1.7051384,1.7023712,1.6989038,1.6937096,1.6890099,1.686561,1.6780672,1.6729444,1.6685588,1.663263,1.6576351,1.6517184,1.6501795,1.6473062,1.6415083
121_real,1.366024,,,,,,1.4762623,,,,1.4508227,,,,,1.4304711,,,,,,,,,,,,,,,,,,,,,,,,,,,,,,,,,,,,,,,,,,,,,,,,,,,,,,
121_gen,1.366024,1.3623785,1.359551,1.3574293,1.351824,1.3514826,1.3461553,1.3392054,1.3348236,1.3305953,1.3293641,1.3245102,1.3195895,1.3142782,1.3137435,1.3075888,1.2999586,1.2982924,1.2937553,1.2929693,1.287391,1.2823206,1.276911,1.271237,1.2652647,1.2623736,1.2601618,1.2578301,1.2565618,1.2551551,1.2519723,1.2476021,1.2445503,1.240369,1.2360965,1.2337049,1.2317891,1.2294449,1.2253988,1.2219812,1.2185552,1.2165679,1.2120167,1.2083551,1.2050277,1.201731,1.200001,1.1984451,1.1947484,1.1917877,1.1853087,1.1804491,1.1738079,1.1717491,1.1654236,1.1662002,1.1614689,1.1591012,1.1557437,1.1497649,1.1456132,1.14002,1.1348789,1.1287761,1.1232784,1.1189332,1.1142037,1.1089466,1.1033247,1.099732
122_real,1.4767087,,,,,,1.6137415,,,,1.6304529,,,,,1.5769767,,,,,,,,,,,,,,,,,,,,,,,,,,,,,,,,,,,,,,,,,,,,,,,,,,,,,,
122_gen,1.4767085,1.4748932,1.4716105,1.4668424,1.4612832,1.4552208,1.4466305,1.439892,1.4386506,1.4357144,1.4358304,1.4320875,1.4340161,1.4274044,1.424948,1.4228302,1.417923,1.4115684,1.4143665,1.411525,1.4102048,1.41189,1.4074,1.4063526,1.406954,1.4052107,1.40494,1.4031522,1.4036974,1.4009206,1.3972248,1.3947116,1.3949692,1.3948499,1.392363,1.3898038,1.3890978,1.387713,1.3825718,1.384723,1.381861,1.3736756,1.371419,1.36638,1.362173,1.3631804,1.3613474,1.3600372,1.3584956,1.3567495,1.3555238,1.3535327,1.3549101,1.3551666,1.348011,1.3486891,1.3465555,1.3483868,1.3455051,1.3427055,1.3411077,1.3383813,1.337412,1.3391722,1.3351543,1.3344283,1.3339663,1.3313384,1.3288091,1.3237982
123_real,1.2290893,,,,,,1.1197329,,,,1.0192431,,,,,1.1463331,,,,,,,,,,,,,,,,,,,,,,,,,,,,,,,,,,,,,,,,,,,,,,,,,,,,,,
123_gen,1.2290894,1.2199475,1.2126812,1.2062241,1.2010585,1.1959484,1.1890376,1.1858798,1.1763966,1.1732738,1.1664662,1.162245,1.1582929,1.1545209,1.1507635,1.1465504,1.1427412,1.1408471,1.1346552,1.1317004,1.1294398,1.126741,1.1204938,1.1169598,1.1166661,1.1119257,1.1072041,1.1048774,1.0989702,1.0955017,1.095237,1.093057,1.0871514,1.0839038,1.0812235,1.0820929,1.0754628,1.0739586,1.0710888,1.0683115,1.0656359,1.0624912,1.0610626,1.0573499,1.0546443,1.0510607,1.0468549,1.0456914,1.042215,1.0388641,1.0368655,1.0347342,1.0320612,1.0279621,1.0245295,1.0199883,1.0156581,1.011892,1.0084984,1.0033845,1.0003974,0.9945035,0.9901317,0.98887604,0.98376197,0.9796961,0.9759215,0.97030735,0.9669547,0.9659688
124_real,1.1485053,,,,,,1.2838668,,,,1.0921047,,,,,1.1682456,,,,,,,,,,,,,,,,,,,,,,,,,,,,,,,,,,,,,,,,,,,,,,,,,,,,,,
124_gen,1.1485053,1.1384099,1.1276476,1.1206267,1.112503,1.1077275,1.1005894,1.0935354,1.0879029,1.0825826,1.0772663,1.0750308,1.0733494,1.0700217,1.0661446,1.0636444,1.0613469,1.0577458,1.0567541,1.0538666,1.0502898,1.0467708,1.0461934,1.0433376,1.0422245,1.0405655,1.0396999,1.0354447,1.0326544,1.0286661,1.0276674,1.0263191,1.0241944,1.0200776,1.0172865,1.0152189,1.0128266,1.011062,1.0090936,1.008229,1.0046104,1.0026228,0.99743664,0.9969144,0.99285775,0.99116135,0.9867344,0.9823097,0.9807475,0.9793371,0.97708607,0.9718443,0.96549857,0.9656088,0.96574104,0.96646214,0.965662,0.96380776,0.96199113,0.9592913,0.9562715,0.9562149,0.9553381,0.94923174,0.94909906,0.9432615,0.94036806,0.93660194,0.93436813,0.9305867
125_real,1.3024883,,,,,,1.37753,,,,1.2848315,,,,,1.4150509,,,,,,,,,,,,,,,,,,,,,,,,,,,,,,,,,,,,,,,,,,,,,,,,,,,,,,
125_gen,1.3024883,1.301787,1.3027568,1.3032082,1.3029834,1.3005526,1.2985218,1.3006608,1.3008926,1.3019898,1.298238,1.2969286,1.2949142,1.2964375,1.2947705,1.293699,1.2938828,1.2944975,1.2897732,1.2896166,1.2886453,1.2858404,1.284738,1.2828063,1.2840066,1.2848485,1.286401,1.2878844,1.2882133,1.2874739,1.2897923,1.290169,1.2896968,1.2892139,1.2872922,1.2881176,1.2851541,1.2850856,1.2848321,1.2824231,1.2807071,1.2784395,1.2780381,1.2747873,1.2761401,1.2732742,1.2738183,1.2744861,1.2759343,1.2733812,1.2730253,1.2717897,1.2689608,1.2628881,1.2634335,1.2621514,1.2606393,1.2607523,1.2617515,1.2621803,1.2610791,1.2622789,1.2599596,1.2600143,1.2589455,1.257075,1.254609,1.2540818,1.2562258,1.2556247
126_real,-0.6557228,,,,,,-0.55736697,,,,-0.48583546,,,,,-0.5394841,,,,,,,,,,,,,,,,,,,,,,,,,,,,,,,,,,,,,,,,,,,,,,,,,,,,,,
126_gen,-0.65572274,-0.65853494,-0.661815,-0.6633655,-0.66420186,-0.66669905,-0.66870034,-0.67184085,-0.6775063,-0.68060666,-0.6845348,-0.68467253,-0.6855626,-0.6870876,-0.6889253,-0.69036984,-0.69262475,-0.694817,-0.69492495,-0.6953107,-0.6947752,-0.6941751,-0.69483525,-0.6967448,-0.6980201,-0.6998241,-0.7040278,-0.7047953,-0.7090331,-0.70852566,-0.7081362,-0.7089045,-0.7074196,-0.7116745,-0.70992696,-0.70989794,-0.71164364,-0.714824,-0.71725625,-0.71999675,-0.7224873,-0.7244707,-0.7274488,-0.72628605,-0.7289646,-0.73202956,-0.73247206,-0.73412824,-0.73592913,-0.7376815,-0.735483,-0.7361148,-0.73883694,-0.7388477,-0.7412169,-0.74024427,-0.7398812,-0.73626864,-0.7373355,-0.7399131,-0.74029315,-0.74037427,-0.7440932,-0.7456509,-0.74801475,-0.74753374,-0.7499003,-0.75092983,-0.75146353,-0.75343835
127_real,-0.75969464,,,,,,-0.62478644,,,,-0.75028247,,,,,-0.6341986,,,,,,,,,,,,,,,,,,,,,,,,,,,,,,,,,,,,,,,,,,,,,,,,,,,,,,
127_gen,-0.75969464,-0.76851827,-0.77484304,-0.78310376,-0.790356,-0.7938323,-0.8011459,-0.80650824,-0.8107506,-0.8148777,-0.8202261,-0.82690275,-0.8325783,-0.8368929,-0.84037054,-0.84482974,-0.84924144,-0.8539478,-0.85727614,-0.86123115,-0.8651555,-0.8672883,-0.86889124,-0.87293196,-0.8758914,-0.87871635,-0.883206,-0.88662404,-0.889568,-0.8916952,-0.896237,-0.89906275,-0.90270674,-0.9054613,-0.9113353,-0.91586286,-0.9202387,-0.9218547,-0.92554295,-0.9288947,-0.9322828,-0.9347557,-0.93834656,-0.9411462,-0.9438302,-0.9499615,-0.9563653,-0.96265155,-0.9677483,-0.9718963,-0.9765228,-0.98075277,-0.9845697,-0.98824054,-0.98974484,-0.9920748,-0.99579084,-0.9996173,-1.0028722,-1.0068619,-1.0118103,-1.0162283,-1.0164969,-1.0220714,-1.0270262,-1.0309697,-1.0379603,-1.0453122,-1.0481876,-1.0505444
128_real,1.1263585,,,,,,1.057183,,,,0.9741725,,,,,0.7804812,,,,,,,,,,,,,,,,,,,,,,,,,,,,,,,,,,,,,,,,,,,,,,,,,,,,,,
128_gen,1.1263584,1.1185387,1.1144626,1.1113045,1.107655,1.1022612,1.099855,1.0942521,1.0922635,1.0852873,1.0809706,1.0800892,1.0771573,1.0732502,1.0721427,1.070338,1.0668889,1.0653309,1.0617652,1.0590695,1.0585037,1.0560116,1.0553278,1.0553136,1.053144,1.0519261,1.0506437,1.0490565,1.0464542,1.045711,1.0441751,1.0429659,1.0417217,1.041474,1.0400236,1.0379674,1.0360181,1.0350612,1.0345502,1.0346962,1.0317189,1.0313826,1.0311288,1.0294881,1.0263923,1.0232792,1.0215962,1.0177956,1.0185047,1.0175922,1.0134733,1.0132966,1.0111694,1.0092671,1.0067761,1.0062068,1.0044351,1.0019412,0.9986323,0.99594134,0.9928485,0.9930825,0.9914627,0.99027884,0.9867274,0.98298913,0.9807944,0.9791446,0.9772438,0.97473514
129_real,0.78250384,,,,,,0.682965,,,,0.6687451,,,,,0.54076654,,,,,,,,,,,,,,,,,,,,,,,,,,,,,,,,,,,,,,,,,,,,,,,,,,,,,,
129_gen,0.7825039,0.7794093,0.77484274,0.766805,0.7607117,0.75853235,0.75475043,0.7511228,0.7494666,0.7472586,0.74554527,0.74092126,0.7381247,0.73570716,0.73325205,0.7296856,0.7266123,0.72261393,0.7205724,0.7168161,0.7169884,0.7138744,0.7104027,0.71039766,0.70718455,0.7056221,0.70410436,0.7017066,0.69995564,0.69746274,0.69541216,0.6935929,0.69197416,0.6892463,0.6852697,0.6837038,0.68377495,0.68091226,0.6787158,0.6769172,0.6728993,0.6701709,0.6680923,0.6656129,0.6644129,0.6643901,0.66489214,0.6623107,0.65772474,0.6558975,0.65489256,0.655007,0.65452695,0.6535202,0.65143496,0.6495492,0.64521945,0.643874,0.6414484,0.6402805,0.63780886,0.63438785,0.63285244,0.6328455,0.6296704,0.62832946,0.62653434,0.62463725,0.62369436,0.6238251
130_real,0.7153908,,,,,,0.6989457,,,,0.74358237,,,,,0.754716,,,,,,,,,,,,,,,,,,,,,,,,,,,,,,,,,,,,,,,,,,,,,,,,,,,,,,
130_gen,0.71539074,0.71081007,0.7067722,0.7010735,0.6948753,0.6908397,0.68611467,0.67883766,0.6746235,0.6694907,0.66496587,0.6580506,0.6545251,0.6474442,0.64297163,0.6392306,0.6363735,0.6310615,0.6273856,0.62387204,0.6192284,0.61524475,0.6107855,0.6062596,0.6069648,0.6033023,0.6021783,0.5974977,0.59646666,0.59527624,0.5879437,0.5841081,0.57927436,0.57542443,0.5706817,0.56661564,0.56489086,0.56091994,0.55723894,0.5531859,0.5498587,0.5469585,0.5421046,0.5379034,0.5338453,0.53285635,0.5281865,0.5244915,0.5213961,0.518956,0.513296,0.51033044,0.5060397,0.5039728,0.4986245,0.49595243,0.49093556,0.48968396,0.48519158,0.4815269,0.477403,0.47290364,0.4704024,0.4662137,0.4631864,0.45973307,0.45428705,0.45066112,0.44622082,0.44280833
131_real,0.83400315,,,,,,0.84820193,,,,0.85400575,,,,,0.8661317,,,,,,,,,,,,,,,,,,,,,,,,,,,,,,,,,,,,,,,,,,,,,,,,,,,,,,
131_gen,0.8340031,0.8356778,0.83314866,0.8227954,0.8174661,0.810087,0.80525446,0.8020172,0.80021155,0.79837686,0.79849046,0.79598016,0.7874507,0.7836365,0.7776917,0.77789056,0.77262384,0.7774514,0.7715192,0.7676856,0.7680446,0.7626292,0.7555056,0.7503354,0.74154,0.73985636,0.73691404,0.73560745,0.7256507,0.7275195,0.72142863,0.7152436,0.70940834,0.6989097,0.6967935,0.6906215,0.6831557,0.67743385,0.6673094,0.66995955,0.6652418,0.65621793,0.64803874,0.646368,0.64201325,0.6432187,0.63956374,0.6354807,0.6295082,0.623309,0.61664194,0.6070953,0.5992147,0.5906445,0.5845191,0.58530354,0.58181125,0.5736788,0.56548893,0.5622133,0.5538696,0.54682714,0.5435165,0.54516995,0.5425946,0.5304033,0.5247237,0.516028,0.51035786,0.50047874
132_real,0.98123956,,,,,,1.0521817,,,,1.1251605,,,,,1.1716632,,,,,,,,,,,,,,,,,,,,,,,,,,,,,,,,,,,,,,,,,,,,,,,,,,,,,,
132_gen,0.98123944,0.97127885,0.96967113,0.9661686,0.9624977,0.9555825,0.9549549,0.9577583,0.95179576,0.95232093,0.9493828,0.93924826,0.9332284,0.9334631,0.9339911,0.9352905,0.9329726,0.935712,0.9312507,0.9340388,0.93365335,0.93085927,0.92981446,0.92795306,0.93384093,0.9443034,0.94892776,0.94694185,0.951324,0.95241797,0.94702226,0.94995564,0.9566846,0.9513723,0.95040274,0.94989026,0.95696545,0.95914155,0.9625368,0.9598527,0.9595817,0.95770967,0.9595626,0.9567421,0.95234984,0.9531342,0.9499316,0.9470496,0.9511093,0.9484949,0.9435916,0.943566,0.9424926,0.94325083,0.9472834,0.9473631,0.9510313,0.9461318,0.9447938,0.94330376,0.9509407,0.9507413,0.94615877,0.9434827,0.9411257,0.93922985,0.93366575,0.93981016,0.9269546,0.93192464
133_real,0.71731496,,,,,,0.92154276,,,,0.9180457,,,,,0.89916164,,,,,,,,,,,,,,,,,,,,,,,,,,,,,,,,,,,,,,,,,,,,,,,,,,,,,,
133_gen,0.7173149,0.7198647,0.7167293,0.716075,0.71683156,0.7162856,0.7099347,0.705814,0.70235723,0.69853973,0.6936494,0.69064474,0.68729436,0.6837391,0.67959416,0.67606807,0.66990983,0.6662646,0.66160905,0.65769994,0.65154773,0.64309984,0.6383061,0.6359095,0.6310396,0.6276931,0.62188023,0.6190202,0.61403984,0.6087858,0.6057943,0.5993557,0.5941109,0.5897481,0.58494693,0.58354396,0.5762559,0.57250637,0.5657182,0.5616376,0.55552906,0.5517279,0.5463257,0.5430378,0.5364431,0.5302738,0.5242526,0.51874924,0.5147291,0.50992775,0.5058174,0.49993235,0.49513727,0.49208197,0.48649865,0.48014244,0.47521058,0.47075948,0.46608838,0.46081233,0.4558259,0.45047846,0.444137,0.43963113,0.43161434,0.42360157,0.42042294,0.41572252,0.40884,0.40110716
134_real,0.9884369,,,,,,1.0638186,,,,1.0198795,,,,,1.0736948,,,,,,,,,,,,,,,,,,,,,,,,,,,,,,,,,,,,,,,,,,,,,,,,,,,,,,
134_gen,0.9884368,0.984094,0.98046553,0.9752237,0.9690301,0.9627593,0.9581788,0.9533408,0.948743,0.9428972,0.93971956,0.9328693,0.9295643,0.923868,0.9220457,0.9170477,0.9129265,0.9107877,0.9083518,0.9033934,0.8988042,0.8942771,0.8914674,0.88760364,0.88394606,0.8825108,0.87725866,0.874132,0.86901474,0.8665899,0.86421716,0.8635405,0.8611864,0.855684,0.8520559,0.8479848,0.8465541,0.84342164,0.8389715,0.8322288,0.8288024,0.8279832,0.822378,0.82011527,0.81943643,0.81469154,0.8108427,0.805627,0.8022524,0.79722166,0.7923778,0.7908117,0.7862607,0.78152573,0.7790449,0.77568,0.7704757,0.7681638,0.76497185,0.76406944,0.76241964,0.75888383,0.75439876,0.7508578,0.7455109,0.7439339,0.74044096,0.73604524,0.73140305,0.7268959
135_real,0.6449793,,,,,,0.80288583,,,,0.889144,,,,,0.8355078,,,,,,,,,,,,,,,,,,,,,,,,,,,,,,,,,,,,,,,,,,,,,,,,,,,,,,
135_gen,0.64497936,0.64347404,0.63240576,0.62804306,0.6243182,0.6219238,0.6180535,0.6138374,0.6106413,0.6049749,0.6013629,0.5921773,0.5890524,0.5836456,0.576856,0.57529306,0.56966364,0.5587872,0.5579194,0.5558545,0.55612284,0.553403,0.54982674,0.54811585,0.5498565,0.55125827,0.546592,0.5443687,0.54287606,0.5358964,0.5298499,0.5278151,0.5254107,0.5234269,0.52424115,0.51998293,0.5149637,0.5137278,0.5136906,0.50939333,0.50519913,0.5072728,0.5031482,0.4993922,0.49651417,0.49377972,0.48523778,0.4781621,0.4757188,0.47004062,0.46724933,0.46623364,0.45887423,0.45726547,0.45059434,0.44367033,0.43508953,0.4283352,0.42554837,0.4212234,0.4165845,0.41145998,0.411657,0.4075753,0.40304476,0.40284738,0.4045268,0.40330324,0.3996551,0.39067814
136_real,0.957901,,,,,,1.0785544,,,,1.042665,,,,,1.0552894,,,,,,,,,,,,,,,,,,,,,,,,,,,,,,,,,,,,,,,,,,,,,,,,,,,,,,
136_gen,0.957901,0.9528939,0.9519807,0.9478771,0.9440363,0.94229716,0.9390004,0.93745834,0.9338848,0.93278825,0.9317582,0.931114,0.92703325,0.92180854,0.9276031,0.92920005,0.92568016,0.91925174,0.91673243,0.9149078,0.9099182,0.9124522,0.91499025,0.91320294,0.9140889,0.9143813,0.9096308,0.9096775,0.9112009,0.91003025,0.91246814,0.9075452,0.9073151,0.9074296,0.9037075,0.90426385,0.90498096,0.91220903,0.9090268,0.90887135,0.908677,0.9077884,0.9108343,0.9100607,0.9051472,0.9043813,0.9058031,0.9039488,0.8994033,0.8971346,0.89508665,0.89676446,0.89205027,0.88957024,0.88520515,0.8786294,0.878757,0.87646234,0.8793875,0.8767282,0.87773496,0.87856513,0.8792931,0.87571603,0.8785926,0.8768387,0.87377226,0.87158334,0.8716458,0.8735358
137_real,1.1210362,,,,,,1.1924635,,,,1.2242912,,,,,1.1510135,,,,,,,,,,,,,,,,,,,,,,,,,,,,,,,,,,,,,,,,,,,,,,,,,,,,,,
137_gen,1.1210363,1.1184055,1.1183608,1.1169422,1.110235,1.1050794,1.1007769,1.0992855,1.0919774,1.08845,1.0862222,1.0810754,1.0750265,1.0688618,1.0641279,1.0607326,1.0560042,1.0543076,1.0489489,1.0474482,1.0430999,1.0397937,1.0351251,1.0260317,1.0193481,1.0179416,1.0126188,1.0086584,1.0041286,0.9993633,0.993194,0.98885334,0.98144436,0.9758698,0.9716463,0.96857035,0.9638928,0.9590912,0.95460147,0.95142305,0.94914025,0.94811374,0.9458812,0.9426546,0.9367925,0.93185884,0.92558926,0.9239336,0.919112,0.9150794,0.90933335,0.9071099,0.90600955,0.90040046,0.89639074,0.8903971,0.8851447,0.8799985,0.8740141,0.87043285,0.86514854,0.86137354,0.85723114,0.8536213,0.8472174,0.84657,0.84413326,0.83570623,0.83456993,0.8277935
138_real,0.8204006,,,,,,0.6139549,,,,0.74532944,,,,,0.520116,,,,,,,,,,,,,,,,,,,,,,,,,,,,,,,,,,,,,,,,,,,,,,,,,,,,,,
138_gen,0.8204006,0.81386566,0.8082401,0.8056303,0.8002144,0.7941489,0.7871926,0.7779809,0.7734426,0.7698236,0.7629832,0.75508267,0.7495607,0.7452508,0.740524,0.73728883,0.7311588,0.7304437,0.72216094,0.7190889,0.7135543,0.7127851,0.70344484,0.6991836,0.6943278,0.68899167,0.685876,0.6843675,0.67886794,0.6772439,0.6753157,0.67490596,0.6693435,0.66636455,0.66249,0.65839905,0.65165865,0.64685684,0.64155805,0.64143723,0.6393518,0.6343166,0.6290083,0.62773925,0.6218735,0.6211063,0.6178687,0.61482275,0.60974425,0.60648334,0.6017585,0.5964697,0.5885333,0.5863175,0.5813154,0.5826484,0.5812443,0.5784011,0.5728955,0.568966,0.5662362,0.56498873,0.5616878,0.5610935,0.5567097,0.55121183,0.5426024,0.5373841,0.5381557,0.5344032
139_real,0.40846062,,,,,,0.7233442,,,,0.70585066,,,,,0.74083775,,,,,,,,,,,,,,,,,,,,,,,,,,,,,,,,,,,,,,,,,,,,,,,,,,,,,,
139_gen,0.40846062,0.40274018,0.39614245,0.3913173,0.3847371,0.3818235,0.372871,0.36711437,0.36510575,0.36176524,0.35734072,0.35081622,0.34282953,0.3391316,0.3344684,0.32849562,0.32356253,0.31857905,0.3159131,0.31271532,0.31085202,0.31047755,0.30662906,0.3047487,0.30009997,0.2940049,0.28844044,0.28258067,0.2768851,0.2750483,0.27149373,0.26734668,0.26274785,0.25871614,0.2532565,0.24639364,0.2466942,0.24077089,0.23755494,0.24082103,0.23716848,0.23351233,0.22405812,0.21838579,0.21367987,0.2088288,0.20797794,0.20292504,0.19617547,0.19454141,0.18987389,0.18875882,0.18224566,0.17805728,0.1717337,0.16538961,0.16277286,0.154592,0.14907344,0.14725986,0.14563686,0.14489242,0.13806054,0.13283795,0.1292936,0.123185895,0.11752416,0.117050804,0.112738095,0.107498065
140_real,1.3356568,,,,,,1.2057315,,,,1.4822391,,,,,1.345651,,,,,,,,,,,,,,,,,,,,,,,,,,,,,,,,,,,,,,,,,,,,,,,,,,,,,,
140_gen,1.3356569,1.33027,1.3271267,1.321419,1.3085276,1.3078582,1.3025638,1.2948854,1.2898581,1.2858632,1.2831395,1.279652,1.2735078,1.2737803,1.2733492,1.2698088,1.2619321,1.2623068,1.2579129,1.2582198,1.24935,1.2466384,1.24309,1.2380912,1.2378461,1.2366021,1.2303971,1.2318802,1.2297807,1.2228901,1.2171513,1.2144234,1.2089572,1.2093755,1.2027591,1.198122,1.1959732,1.1953204,1.1916418,1.1871945,1.1835449,1.1818107,1.1828825,1.1772997,1.1704619,1.1679199,1.1620834,1.1613109,1.1636668,1.162539,1.1586127,1.1532354,1.1533501,1.1531546,1.1494373,1.1453264,1.13854,1.1371014,1.1324122,1.1277958,1.1228106,1.1254767,1.1187718,1.1141078,1.1120968,1.1103947,1.1077161,1.1055748,1.1059539,1.1053033
141_real,1.3146671,,,,,,1.261419,,,,1.29565,,,,,1.4325736,,,,,,,,,,,,,,,,,,,,,,,,,,,,,,,,,,,,,,,,,,,,,,,,,,,,,,
141_gen,1.314667,1.306793,1.3032801,1.3004078,1.2924864,1.285839,1.275996,1.2700597,1.2670944,1.261029,1.2573922,1.2531102,1.2511663,1.2453556,1.2419634,1.2393854,1.2345402,1.229327,1.2259626,1.2211438,1.2150809,1.2119379,1.2079713,1.2044722,1.2001642,1.1988338,1.1938697,1.1894497,1.1861185,1.185056,1.1828569,1.1800578,1.1768805,1.175683,1.1750053,1.1723601,1.1694434,1.167949,1.163625,1.1618415,1.1591151,1.1569312,1.1523956,1.1493788,1.1463504,1.1387285,1.1352366,1.1343477,1.1313101,1.1246163,1.1240304,1.1207807,1.1199144,1.1165257,1.1143599,1.1094211,1.1073492,1.1033533,1.1024325,1.1001049,1.0989664,1.0966394,1.0936669,1.0934167,1.0899189,1.0863636,1.0849606,1.0849383,1.0853738,1.0785186
142_real,1.0177509,,,,,,0.9889176,,,,0.9168344,,,,,1.0850285,,,,,,,,,,,,,,,,,,,,,,,,,,,,,,,,,,,,,,,,,,,,,,,,,,,,,,
142_gen,1.0177509,1.0113832,1.0044335,0.9986037,0.9940899,0.99039584,0.9860737,0.9836543,0.9792101,0.9751129,0.96923816,0.96524554,0.9608165,0.9561532,0.95195484,0.9477025,0.94057786,0.9363322,0.9290565,0.9256608,0.9225685,0.9175831,0.9137061,0.9082488,0.90244067,0.898775,0.8952197,0.89129055,0.88556373,0.8813656,0.8752373,0.87085754,0.86638343,0.8610161,0.85782206,0.8539752,0.8480524,0.8465476,0.84206045,0.835039,0.82938707,0.824835,0.8186809,0.81699544,0.81137514,0.8062123,0.8030397,0.79811734,0.79556596,0.79306775,0.78816855,0.78303635,0.779844,0.7722767,0.77022487,0.7669494,0.7658039,0.7621451,0.7580595,0.7529883,0.75082374,0.7448741,0.7402245,0.73492706,0.7306726,0.7251297,0.7179593,0.7130352,0.7056803,0.70073783
143_real,0.9443002,,,,,,0.8163319,,,,0.86555046,,,,,0.9295346,,,,,,,,,,,,,,,,,,,,,,,,,,,,,,,,,,,,,,,,,,,,,,,,,,,,,,
143_gen,0.94430006,0.94130373,0.9409534,0.93831015,0.93602496,0.93326885,0.93059796,0.92804796,0.9262803,0.9211958,0.919497,0.9144581,0.9128083,0.90847987,0.90528136,0.90155727,0.8978423,0.8932829,0.8903929,0.8872129,0.88474196,0.8818525,0.87862986,0.8728161,0.8683969,0.86219865,0.8580576,0.85506123,0.85075235,0.8456167,0.839965,0.83633614,0.83211136,0.82977533,0.8252228,0.82134914,0.81614983,0.81131524,0.8067023,0.8012332,0.79713506,0.7914728,0.78728086,0.78299874,0.7801743,0.77490145,0.7710204,0.76880515,0.7657847,0.7627181,0.76064205,0.75772506,0.75537205,0.75175726,0.7478657,0.74629956,0.7413161,0.737393,0.73095644,0.7268266,0.7225292,0.71796554,0.7172671,0.7155948,0.70980155,0.7070095,0.702355,0.6977204,0.6930904,0.6895977
144_real,0.9907318,,,,,,1.0426497,,,,0.95010036,,,,,1.0336205,,,,,,,,,,,,,,,,,,,,,,,,,,,,,,,,,,,,,,,,,,,,,,,,,,,,,,
144_gen,0.99073184,0.9852629,0.97952574,0.97631377,0.97463304,0.96978796,0.964705,0.9593164,0.95463115,0.9499121,0.9474694,0.9435302,0.9400603,0.93741846,0.93321145,0.93009675,0.9263199,0.92077094,0.91751987,0.9154798,0.9126167,0.9108936,0.9082843,0.90499383,0.90211755,0.8995454,0.89669895,0.8925336,0.88867265,0.8866854,0.88364446,0.88052875,0.8773562,0.87504977,0.87179404,0.86913234,0.8669596,0.8629033,0.85998297,0.8564067,0.8537844,0.8504012,0.84509933,0.8422799,0.8396695,0.8370172,0.8344313,0.8308247,0.8257084,0.8216545,0.81772584,0.8147189,0.8108939,0.80953044,0.8074908,0.8061156,0.80344546,0.80121374,0.79945403,0.7978961,0.7943722,0.79330045,0.7904588,0.78723556,0.7852872,0.7823981,0.77947724,0.7750937,0.7737328,0.77078044
