ROI,Month_0,Month_1,Month_2,Month_3,Month_4,Month_5,Month_6,Month_7,Month_8,Month_9,Month_10,Month_11,Month_12,Month_13,Month_14,Month_15,Month_16,Month_17,Month_18,Month_19,Month_20,Month_21,Month_22,Month_23,Month_24,Month_25,Month_26,Month_27,Month_28,Month_29,Month_30,Month_31,Month_32,Month_33,Month_34,Month_35,Month_36,Month_37,Month_38,Month_39,Month_40,Month_41,Month_42,Month_43,Month_44,Month_45,Month_46,Month_47,Month_48,Month_49,Month_50,Month_51,Month_52,Month_53,Month_54,Month_55,Month_56,Month_57,Month_58,Month_59,Month_60,Month_61,Month_62,Month_63,Month_64,Month_65,Month_66,Month_67,Month_68,Month_69
0_real,-0.3300633,,,,,,,,,,,,,,,,,,,,,,,,,,,,,,,,,,,,,,,,,,,,,,,,,,,,,,,,-0.34492385,,,,,,,,,,,,,
0_gen,-0.3300633,-0.32304475,-0.31400183,-0.3066756,-0.2999769,-0.29354286,-0.28539553,-0.27650183,-0.2694082,-0.26181513,-0.25409132,-0.24824345,-0.24182394,-0.23623267,-0.22936657,-0.22325352,-0.21729794,-0.21199033,-0.20307472,-0.19667882,-0.18989578,-0.18317302,-0.17599024,-0.16800034,-0.16089758,-0.15373488,-0.14894934,-0.13899168,-0.13233812,-0.12682362,-0.12081593,-0.113879904,-0.10747125,-0.101037525,-0.092650265,-0.08849649,-0.08086123,-0.07346682,-0.066711284,-0.060355663,-0.054210834,-0.048294432,-0.03887808,-0.03128187,-0.023612833,-0.017865133,-0.009112409,-0.00066059025,0.00609994,0.012206433,0.01742797,0.023983601,0.029770726,0.03579397,0.044084873,0.0515019,0.058626067,0.06577589,0.07331441,0.07968598,0.08944674,0.09666771,0.102739416,0.10994464,0.11803595,0.1233749,0.12974691,0.13779974,0.14427914,0.15161374
1_real,0.0026947178,,,,,,,,,,,,,,,,,,,,,,,,,,,,,,,,,,,,,,,,,,,,,,,,,,,,,,,,0.0014767562,,,,,,,,,,,,,
1_gen,0.002694718,0.004366099,0.005540758,0.006276502,0.0069345916,0.006454566,0.0066632256,0.00913379,0.008442106,0.010677487,0.010403128,0.010517126,0.01239288,0.013339346,0.014577866,0.015344013,0.01580609,0.017849598,0.019798614,0.019078676,0.02161317,0.024703745,0.026024219,0.028489392,0.029005378,0.030450469,0.031476606,0.033346288,0.035080872,0.036709644,0.038695008,0.042420976,0.04534536,0.048930634,0.05104192,0.052185733,0.05436669,0.05776266,0.061099656,0.06204741,0.062738374,0.063894846,0.065946296,0.06645382,0.069460094,0.073003426,0.074272476,0.076588094,0.07709269,0.07706639,0.078652196,0.081248716,0.083122574,0.085816726,0.08914922,0.09279805,0.09576928,0.097673,0.09954196,0.10264136,0.10517843,0.10544889,0.10758299,0.10936642,0.110669896,0.1126724,0.11580114,0.117948376,0.12140081,0.12185621
2_real,0.55789715,,,,,,,,,,,,,,,,,,,,,,,,,,,,,,,,,,,,,,,,,,,,,,,,,,,,,,,,0.5615964,,,,,,,,,,,,,
2_gen,0.55789715,0.5428146,0.5344587,0.52560896,0.51867574,0.511263,0.5029825,0.49526945,0.4879611,0.48020548,0.46951008,0.4652133,0.45675993,0.4537848,0.4471426,0.44239086,0.4358775,0.43077707,0.42350906,0.4184714,0.4129408,0.40725857,0.4006025,0.39295498,0.38778776,0.38037226,0.37472942,0.36972255,0.36074072,0.35165432,0.34468746,0.34023327,0.33263403,0.32477367,0.31728065,0.31315643,0.30849734,0.3021397,0.29407194,0.28634644,0.27703932,0.2719384,0.26696458,0.25845784,0.25308937,0.24855617,0.24163,0.23755088,0.23119327,0.22387484,0.21626815,0.20803864,0.2009252,0.1943588,0.18950416,0.18299714,0.18004724,0.17300043,0.16902585,0.1601966,0.15414153,0.14724642,0.13988389,0.13409314,0.12889731,0.12367989,0.1149234,0.10852413,0.10226889,0.094761156
3_real,0.12188315,,,,,,,,,,,,,,,,,,,,,,,,,,,,,,,,,,,,,,,,,,,,,,,,,,,,,,,,0.13871816,,,,,,,,,,,,,
3_gen,0.12188314,0.11215733,0.102969274,0.09246742,0.0841563,0.076205224,0.06998775,0.06428329,0.055312626,0.04871707,0.04050353,0.032547962,0.025862599,0.019472862,0.01218581,0.0040802024,-0.0018254711,-0.010461546,-0.019107854,-0.029265422,-0.036465596,-0.043175306,-0.053105284,-0.060358264,-0.06682365,-0.072340645,-0.076003246,-0.082603306,-0.08867699,-0.096435726,-0.10432782,-0.11286499,-0.12010834,-0.12737736,-0.13263944,-0.14031751,-0.14733826,-0.1535097,-0.16059239,-0.16669789,-0.17628357,-0.18366499,-0.19053301,-0.20220867,-0.20886298,-0.21406348,-0.22300634,-0.22888044,-0.23592153,-0.24637286,-0.2544156,-0.2602523,-0.26962677,-0.2784525,-0.2847015,-0.29631737,-0.3014987,-0.31070057,-0.32061404,-0.32665956,-0.3329805,-0.33971748,-0.3454844,-0.3503302,-0.35877585,-0.36774957,-0.37650746,-0.38640514,-0.3946832,-0.40167323
4_real,-0.64189875,,,,,,,,,,,,,,,,,,,,,,,,,,,,,,,,,,,,,,,,,,,,,,,,,,,,,,,,-0.69827086,,,,,,,,,,,,,
4_gen,-0.6418987,-0.6522597,-0.6617743,-0.6686285,-0.6759757,-0.67877954,-0.6876624,-0.6930734,-0.699493,-0.70763725,-0.7152427,-0.72277236,-0.7326384,-0.7404965,-0.7476584,-0.7541339,-0.7607502,-0.76475966,-0.7712749,-0.7752334,-0.78146285,-0.79071397,-0.7967835,-0.805937,-0.8136098,-0.8185051,-0.8202011,-0.8288002,-0.8365776,-0.8490593,-0.8549374,-0.86147416,-0.8656874,-0.87169707,-0.8796541,-0.8859205,-0.8946476,-0.90204656,-0.90800494,-0.9155968,-0.92219627,-0.92992973,-0.93751067,-0.94146836,-0.9465848,-0.9520415,-0.95812225,-0.9635726,-0.97314453,-0.98347443,-0.99031985,-0.9958924,-0.99806136,-1.004474,-1.0136825,-1.0254105,-1.0306759,-1.0409619,-1.0486082,-1.0556395,-1.0597022,-1.0617625,-1.0718592,-1.078647,-1.0868995,-1.0919526,-1.0997375,-1.108896,-1.1220601,-1.1289399
5_real,-0.55182433,,,,,,,,,,,,,,,,,,,,,,,,,,,,,,,,,,,,,,,,,,,,,,,,,,,,,,,,-0.8585468,,,,,,,,,,,,,
5_gen,-0.5518244,-0.5600654,-0.56924516,-0.57771003,-0.58185345,-0.5863698,-0.5934895,-0.6059448,-0.61093223,-0.61657476,-0.6186689,-0.62746847,-0.6379124,-0.6477197,-0.65517634,-0.66100085,-0.667439,-0.67497814,-0.68503803,-0.6889647,-0.6951092,-0.7044921,-0.71460015,-0.7200081,-0.73080367,-0.73789567,-0.74548304,-0.74616677,-0.7478063,-0.750507,-0.75744903,-0.76538086,-0.7737089,-0.781676,-0.78563625,-0.792316,-0.8017667,-0.81143415,-0.82100236,-0.8267275,-0.8342346,-0.8396031,-0.84766865,-0.8551531,-0.86159295,-0.87305295,-0.88081753,-0.89076346,-0.89697856,-0.9087839,-0.919693,-0.92163837,-0.92947257,-0.9387182,-0.9529495,-0.96322757,-0.96982086,-0.9769654,-0.98652905,-0.9943158,-1.0045154,-1.0122228,-1.0190407,-1.0283036,-1.0383037,-1.0475093,-1.0550077,-1.0595481,-1.0653534,-1.0731989
6_real,1.1770604,,,,,,,,,,,,,,,,,,,,,,,,,,,,,,,,,,,,,,,,,,,,,,,,,,,,,,,,0.7817583,,,,,,,,,,,,,
6_gen,1.1770602,1.1772254,1.1757162,1.1723864,1.1701903,1.169344,1.167767,1.1668874,1.1632192,1.1597706,1.1581068,1.1567951,1.15418,1.1519209,1.1509292,1.1478295,1.1473066,1.1470886,1.1434226,1.1427166,1.140044,1.1380361,1.1356579,1.133631,1.1320174,1.1308277,1.1286004,1.1246265,1.121724,1.1191456,1.1173526,1.1152709,1.1132044,1.1125443,1.1101894,1.1095824,1.1066074,1.1032207,1.1036354,1.1022006,1.1000398,1.0970864,1.0963084,1.0937395,1.0924852,1.0909507,1.0884391,1.0869669,1.0873092,1.084836,1.0819945,1.07929,1.0773245,1.0752243,1.07353,1.0706179,1.0681324,1.066664,1.0636942,1.0627228,1.0602696,1.0595614,1.0590054,1.0581338,1.056882,1.0546201,1.0528958,1.0509179,1.0477947,1.0465368
7_real,0.6260362,,,,,,,,,,,,,,,,,,,,,,,,,,,,,,,,,,,,,,,,,,,,,,,,,,,,,,,,0.47083703,,,,,,,,,,,,,
7_gen,0.6260362,0.62176216,0.61889386,0.617606,0.6152033,0.6154098,0.61578864,0.6161632,0.6162226,0.615999,0.61663043,0.61684704,0.61881953,0.6197014,0.61780584,0.6178424,0.6161286,0.6152631,0.61637294,0.61548364,0.6184649,0.61910576,0.62094367,0.62303704,0.62179035,0.62179625,0.6231447,0.6249005,0.6258069,0.62809867,0.6280595,0.63157594,0.63036174,0.6267209,0.62658703,0.6294446,0.63110936,0.63204336,0.63396823,0.6355852,0.6350573,0.6369666,0.63791984,0.64006233,0.63920516,0.6395013,0.64164966,0.6414143,0.6433465,0.6469203,0.64708817,0.64892566,0.64910865,0.6494175,0.64778674,0.64949495,0.6509198,0.65076405,0.65235645,0.65195245,0.65224534,0.65371794,0.65665424,0.65728176,0.6587727,0.66013193,0.6594567,0.66067594,0.66203463,0.66042364
8_real,-0.8352487,,,,,,,,,,,,,,,,,,,,,,,,,,,,,,,,,,,,,,,,,,,,,,,,,,,,,,,,-0.88803023,,,,,,,,,,,,,
8_gen,-0.8352488,-0.8377842,-0.83964366,-0.83970785,-0.8413148,-0.840477,-0.8426142,-0.8436494,-0.84135103,-0.8435361,-0.8435491,-0.844759,-0.845514,-0.84320974,-0.8461443,-0.8460296,-0.8480581,-0.84772587,-0.8480773,-0.8470548,-0.84593546,-0.84567726,-0.8466039,-0.846629,-0.8454586,-0.8439329,-0.84568465,-0.8440813,-0.84456885,-0.84554636,-0.8443848,-0.8440229,-0.8444117,-0.8454196,-0.84599954,-0.8487814,-0.85130817,-0.85263747,-0.8546646,-0.8548638,-0.85555094,-0.8568386,-0.8565402,-0.8547405,-0.8528922,-0.85486746,-0.8558496,-0.854689,-0.8541163,-0.8541306,-0.85622203,-0.85636634,-0.8566173,-0.8562194,-0.8558849,-0.8531653,-0.8530861,-0.85327804,-0.8538982,-0.854067,-0.8550911,-0.8560529,-0.8570056,-0.8606828,-0.86149275,-0.86263835,-0.8629494,-0.8633302,-0.863541,-0.8625897
9_real,0.03676216,,,,,,,,,,,,,,,,,,,,,,,,,,,,,,,,,,,,,,,,,,,,,,,,,,,,,,,,0.16655344,,,,,,,,,,,,,
9_gen,0.036762156,0.03842131,0.038670324,0.038209222,0.03310975,0.032395054,0.032220423,0.029948035,0.028337672,0.024719676,0.017911626,0.012028789,0.008511818,0.003092255,0.002851773,0.00042771007,-0.00484947,-0.008641205,-0.010899119,-0.014624287,-0.01770923,-0.019371737,-0.024632376,-0.02419379,-0.026386714,-0.030525183,-0.03256864,-0.03565821,-0.038616844,-0.038606107,-0.042154994,-0.04375239,-0.044449817,-0.05205307,-0.055658877,-0.058317114,-0.06611878,-0.06784044,-0.07143749,-0.07544185,-0.07604369,-0.08000837,-0.08406131,-0.08582688,-0.085774735,-0.09035667,-0.093531,-0.09555842,-0.1007908,-0.10134079,-0.10535892,-0.10702,-0.1097158,-0.11480856,-0.11693905,-0.119224384,-0.12231903,-0.12685834,-0.13062994,-0.13622232,-0.14230205,-0.14652811,-0.15128507,-0.15699276,-0.16240518,-0.16690382,-0.16819718,-0.1705841,-0.17509703,-0.17894432
10_real,-1.1058637,,,,,,,,,,,,,,,,,,,,,,,,,,,,,,,,,,,,,,,,,,,,,,,,,,,,,,,,-1.1478256,,,,,,,,,,,,,
10_gen,-1.1058637,-1.1064364,-1.1068088,-1.1110338,-1.1159798,-1.1225564,-1.1269574,-1.1308899,-1.1335413,-1.1377319,-1.14184,-1.1465614,-1.1495066,-1.1555481,-1.1587222,-1.1615553,-1.1666214,-1.1678534,-1.1732504,-1.1768318,-1.1802773,-1.1839968,-1.1885026,-1.1939901,-1.1985018,-1.2020315,-1.2081223,-1.2128267,-1.2206719,-1.226887,-1.2299521,-1.2381656,-1.2393751,-1.2453735,-1.2516077,-1.259898,-1.2635444,-1.2667731,-1.2705675,-1.2770818,-1.2824773,-1.2890556,-1.295286,-1.2991817,-1.3044137,-1.3081057,-1.3123033,-1.3164334,-1.322133,-1.3264387,-1.3294549,-1.3376234,-1.3426445,-1.3471434,-1.3539805,-1.3583646,-1.3684363,-1.3730028,-1.3796562,-1.3869562,-1.3946979,-1.3998988,-1.4051373,-1.4099904,-1.4154522,-1.4202691,-1.4242923,-1.429655,-1.4362175,-1.4398353
11_real,0.31918147,,,,,,,,,,,,,,,,,,,,,,,,,,,,,,,,,,,,,,,,,,,,,,,,,,,,,,,,0.26767135,,,,,,,,,,,,,
11_gen,0.31918147,0.3197545,0.31922954,0.32200378,0.31862184,0.3133646,0.30903274,0.3099385,0.31024048,0.30962455,0.30731517,0.30641165,0.30041155,0.29838365,0.29527396,0.29443833,0.29184622,0.29080224,0.28825065,0.28628904,0.28121284,0.28070647,0.28075442,0.27711537,0.27755344,0.2738349,0.2692984,0.26520282,0.26002175,0.25442997,0.25062445,0.24378519,0.23725481,0.23394649,0.230974,0.22978945,0.22845843,0.22839701,0.22800437,0.22717217,0.22442126,0.21886179,0.22175701,0.21962401,0.22063014,0.21484852,0.20979929,0.20568164,0.20364305,0.20079176,0.19840166,0.19492038,0.18981162,0.183002,0.18042329,0.17859842,0.17520748,0.17337096,0.16803944,0.16514145,0.16207108,0.15787035,0.15857904,0.1588741,0.15359147,0.15065093,0.14630462,0.1423347,0.13772783,0.13674276
12_real,0.26023915,,,,,,,,,,,,,,,,,,,,,,,,,,,,,,,,,,,,,,,,,,,,,,,,,,,,,,,,0.20683698,,,,,,,,,,,,,
12_gen,0.26023915,0.2624362,0.261038,0.2624567,0.25943026,0.2619205,0.26484272,0.26274988,0.25915283,0.25734702,0.25457117,0.24769063,0.24285677,0.24282017,0.2415773,0.23977378,0.23844509,0.2337049,0.22906545,0.2252996,0.223453,0.21957254,0.21945369,0.21605554,0.21428542,0.20984778,0.20507593,0.20065686,0.19917345,0.19664574,0.19390525,0.18741211,0.18159585,0.17684811,0.17184599,0.16661009,0.16224106,0.16017401,0.1598263,0.1557107,0.15091187,0.14819343,0.14756681,0.14432405,0.14304854,0.1386688,0.1340528,0.12997475,0.1285698,0.12619321,0.12237076,0.12077142,0.11413755,0.1108494,0.10616492,0.1039329,0.09834926,0.09228931,0.08928521,0.08546368,0.081553884,0.07594521,0.072928116,0.069635354,0.066440746,0.06336628,0.058997374,0.056865133,0.051867854,0.049530752
13_real,-0.1813778,,,,,,,,,,,,,,,,,,,,,,,,,,,,,,,,,,,,,,,,,,,,,,,,,,,,,,,,0.1508546,,,,,,,,,,,,,
13_gen,-0.18137778,-0.1929131,-0.19768997,-0.20565578,-0.21374771,-0.2235171,-0.23317151,-0.24029095,-0.24811478,-0.25555226,-0.25909021,-0.2665214,-0.27715296,-0.28220662,-0.29175133,-0.30136117,-0.30410337,-0.31137246,-0.3200161,-0.32640082,-0.33259368,-0.33939692,-0.34862155,-0.35835588,-0.36349258,-0.37146744,-0.3801848,-0.3867704,-0.3929148,-0.39923817,-0.40634155,-0.41476482,-0.42265448,-0.43037128,-0.43659893,-0.4419436,-0.45110565,-0.45910984,-0.46405268,-0.47074834,-0.4798627,-0.48720628,-0.4955306,-0.5017712,-0.50779635,-0.51540625,-0.5216218,-0.5253081,-0.5357293,-0.54492486,-0.5548103,-0.563981,-0.570033,-0.5784975,-0.5880498,-0.59612226,-0.6014243,-0.605301,-0.6128298,-0.62116206,-0.62890613,-0.6400874,-0.64883435,-0.6561992,-0.66492677,-0.66938317,-0.6765362,-0.68690366,-0.6964799,-0.7059721
14_real,-0.78939456,,,,,,,,,,,,,,,,,,,,,,,,,,,,,,,,,,,,,,,,,,,,,,,,,,,,,,,,-0.21709473,,,,,,,,,,,,,
14_gen,-0.7893945,-0.80240136,-0.8131501,-0.8188203,-0.82947314,-0.84040767,-0.850517,-0.85699683,-0.86278105,-0.870684,-0.8791968,-0.8872143,-0.89209634,-0.89774877,-0.90653753,-0.91516936,-0.9233152,-0.93384206,-0.9425689,-0.9489304,-0.95978165,-0.966468,-0.97267807,-0.9808903,-0.9910547,-0.99705887,-1.0061396,-1.0145729,-1.0234641,-1.0319049,-1.0390037,-1.0457574,-1.0525478,-1.0597808,-1.0681474,-1.0775707,-1.0828573,-1.0899575,-1.095371,-1.1010729,-1.1100156,-1.1180651,-1.1282097,-1.1348283,-1.1460698,-1.1558717,-1.1623309,-1.1703517,-1.1798726,-1.1877828,-1.1943848,-1.1990299,-1.2065474,-1.2162249,-1.2240946,-1.2325548,-1.2419877,-1.2505562,-1.2614129,-1.2715404,-1.2799655,-1.2885544,-1.2987401,-1.3088081,-1.3175908,-1.3264387,-1.3412602,-1.3490132,-1.3574439,-1.3636612
15_real,0.083528236,,,,,,,,,,,,,,,,,,,,,,,,,,,,,,,,,,,,,,,,,,,,,,,,,,,,,,,,0.13006294,,,,,,,,,,,,,
15_gen,0.08352823,0.09010297,0.09787532,0.112849414,0.12263546,0.13272384,0.14326744,0.15431271,0.16471188,0.16963752,0.18383932,0.19377944,0.2041688,0.2126135,0.22520924,0.2339643,0.24877568,0.2585918,0.26732892,0.27401,0.28564057,0.29831275,0.30325383,0.31789353,0.32636184,0.33648413,0.34750858,0.3605198,0.36759007,0.37879962,0.38991264,0.39697844,0.40797806,0.42136782,0.42791972,0.4417905,0.45456094,0.46800342,0.4818942,0.49204278,0.5032935,0.5119711,0.51883477,0.52746856,0.5399503,0.55049527,0.5609913,0.5703788,0.5797737,0.5943295,0.60427845,0.6184719,0.6287093,0.6387883,0.65049636,0.66347504,0.6796263,0.69502693,0.7104413,0.7232385,0.73403114,0.74496907,0.7595283,0.77476656,0.7922817,0.8057269,0.8228811,0.83695877,0.8488221,0.8668626
16_real,-0.00998393,,,,,,,,,,,,,,,,,,,,,,,,,,,,,,,,,,,,,,,,,,,,,,,,,,,,,,,,-0.03886536,,,,,,,,,,,,,
16_gen,-0.009983929,0.0018346377,0.020145765,0.032214336,0.044716664,0.056053888,0.07220204,0.08133728,0.09144907,0.10045614,0.11268228,0.12605052,0.13634975,0.14649317,0.15313831,0.1628156,0.17815334,0.18542154,0.19557002,0.21036527,0.2208179,0.23246029,0.24016389,0.24992785,0.26641005,0.27303624,0.282024,0.28845972,0.29334405,0.30469725,0.31788462,0.32425514,0.33480373,0.34172028,0.34981662,0.3569305,0.3672132,0.37821805,0.38838068,0.39734107,0.41208515,0.4201854,0.4309544,0.44458526,0.45337883,0.46688265,0.47621885,0.48380908,0.49323955,0.5069068,0.5178613,0.53126985,0.5489592,0.56156594,0.5723429,0.5845697,0.59359556,0.6066438,0.6202633,0.6342331,0.6464359,0.65546477,0.6645231,0.67619765,0.68752915,0.70173913,0.7115587,0.72680175,0.73730457,0.75226957
17_real,0.534209,,,,,,,,,,,,,,,,,,,,,,,,,,,,,,,,,,,,,,,,,,,,,,,,,,,,,,,,0.7148749,,,,,,,,,,,,,
17_gen,0.5342091,0.5412898,0.5466634,0.5544024,0.5619849,0.5678898,0.5755713,0.58287734,0.587115,0.59555984,0.6021781,0.60586023,0.61320764,0.6189576,0.62760925,0.6351618,0.6435671,0.65251136,0.6571021,0.6612602,0.66846675,0.6790167,0.6852314,0.69399095,0.69880396,0.70824176,0.71318394,0.7211405,0.7278959,0.7352069,0.7426015,0.7495724,0.7565607,0.7623971,0.767555,0.7736524,0.78326935,0.79212385,0.799685,0.8062781,0.8113785,0.8184643,0.8246676,0.8335387,0.84321845,0.8504068,0.8543126,0.8591126,0.86531574,0.8736992,0.88139045,0.8877859,0.89241314,0.90039045,0.90435946,0.9088068,0.9162381,0.92274207,0.9279027,0.93469876,0.94098073,0.9471022,0.95365536,0.96414214,0.9716333,0.9777622,0.985782,0.9929743,1.0000916,1.006863
18_real,0.561862,,,,,,,,,,,,,,,,,,,,,,,,,,,,,,,,,,,,,,,,,,,,,,,,,,,,,,,,0.30752754,,,,,,,,,,,,,
18_gen,0.561862,0.56808114,0.5741329,0.58264565,0.59067833,0.5977506,0.60642415,0.6118163,0.6176788,0.62628776,0.6340724,0.64115703,0.64861333,0.65454054,0.6610054,0.66579884,0.6721971,0.6812676,0.68867767,0.69598275,0.6999779,0.70749635,0.71420574,0.7200445,0.72608423,0.7326889,0.7372917,0.7425488,0.74996376,0.7536082,0.7582793,0.76397765,0.76911557,0.77570975,0.7777183,0.7846833,0.7903293,0.7997766,0.8065876,0.8122975,0.8207227,0.82833606,0.83622074,0.84335554,0.85060674,0.86003274,0.86695015,0.87302446,0.880881,0.8888092,0.89693785,0.9048656,0.91350114,0.9211071,0.92895144,0.9371087,0.9441317,0.95323056,0.9582616,0.9665133,0.97307146,0.97913235,0.9863478,0.9928087,1.0000786,1.0093253,1.0161743,1.0262845,1.0350461,1.0414579
19_real,-0.72510284,,,,,,,,,,,,,,,,,,,,,,,,,,,,,,,,,,,,,,,,,,,,,,,,,,,,,,,,-0.41817147,,,,,,,,,,,,,
19_gen,-0.72510284,-0.73012626,-0.7348885,-0.74024737,-0.7431096,-0.74737394,-0.7506839,-0.7535423,-0.75761384,-0.7609168,-0.76485926,-0.7672475,-0.7706462,-0.77388823,-0.77933264,-0.78226984,-0.78714794,-0.79157394,-0.7966663,-0.7994217,-0.79999256,-0.8051092,-0.80771196,-0.81267613,-0.8154274,-0.81902295,-0.8214413,-0.8233018,-0.8274517,-0.8328064,-0.83505404,-0.8378285,-0.84161294,-0.84759885,-0.8507764,-0.85667515,-0.8631781,-0.8662016,-0.86794317,-0.873381,-0.8772305,-0.8790785,-0.88125765,-0.8832466,-0.88548434,-0.8889389,-0.89119685,-0.89461553,-0.8989832,-0.90496886,-0.9073852,-0.91309804,-0.91607475,-0.91990775,-0.9246399,-0.927094,-0.92943347,-0.93467826,-0.9390335,-0.943834,-0.94900215,-0.9546734,-0.96098346,-0.9635655,-0.9671243,-0.968993,-0.9713944,-0.97643435,-0.97910154,-0.9809842
20_real,0.560402,,,,,,,,,,,,,,,,,,,,,,,,,,,,,,,,,,,,,,,,,,,,,,,,,,,,,,,,0.71027654,,,,,,,,,,,,,
20_gen,0.560402,0.5579792,0.5549346,0.5509715,0.54767954,0.5425751,0.5382662,0.5352146,0.5314585,0.5276784,0.52456653,0.52177984,0.5167367,0.513126,0.5059538,0.50275433,0.49838,0.49446765,0.49032205,0.48633996,0.48171264,0.47555882,0.472653,0.46838027,0.46327648,0.4573687,0.45440993,0.44935232,0.44512025,0.44124055,0.43602896,0.43284935,0.42789587,0.42343846,0.4177824,0.41230583,0.40942803,0.40703058,0.40127224,0.39597458,0.39206356,0.38698474,0.38336492,0.37875527,0.37573734,0.3718759,0.367308,0.3619999,0.3589699,0.35285917,0.3513326,0.34522727,0.3395627,0.33634368,0.33288932,0.32799354,0.323983,0.3185125,0.31557038,0.31079942,0.3056152,0.30129972,0.29775035,0.2937013,0.28751338,0.2851677,0.27930146,0.2763263,0.27080032,0.26689756
21_real,0.07418186,,,,,,,,,,,,,,,,,,,,,,,,,,,,,,,,,,,,,,,,,,,,,,,,,,,,,,,,0.10828515,,,,,,,,,,,,,
21_gen,0.07418186,0.070591,0.06463334,0.058715872,0.05419206,0.051249396,0.049988605,0.045838747,0.041159913,0.037944373,0.033421405,0.029231887,0.025951251,0.021085884,0.016917076,0.014630193,0.01209679,0.010228266,0.0052501615,0.0017401272,-0.0027710735,-0.0036015455,-0.0077773915,-0.012111486,-0.014085735,-0.02058133,-0.028298188,-0.02890781,-0.031569216,-0.033363227,-0.037433982,-0.04040786,-0.043283053,-0.047331665,-0.05114565,-0.056139447,-0.059473686,-0.062525496,-0.06788243,-0.07161853,-0.076119915,-0.07972132,-0.084558256,-0.08971281,-0.096317686,-0.102669075,-0.10817517,-0.109296836,-0.11651442,-0.12101288,-0.12583819,-0.12985224,-0.13723077,-0.14290068,-0.14877005,-0.15183851,-0.1588588,-0.16224359,-0.16536005,-0.16788265,-0.1703619,-0.17535405,-0.18135917,-0.18701711,-0.19082943,-0.193064,-0.19632569,-0.19966778,-0.20730615,-0.21244995
22_real,0.07561847,,,,,,,,,,,,,,,,,,,,,,,,,,,,,,,,,,,,,,,,,,,,,,,,,,,,,,,,0.102838986,,,,,,,,,,,,,
22_gen,0.07561846,0.07029766,0.06251402,0.056207944,0.05095161,0.04624848,0.04050699,0.036090918,0.03461057,0.029135004,0.022946794,0.017917397,0.013772967,0.008988494,0.005376567,0.0018503771,-0.00047551692,-0.0052325907,-0.007012739,-0.009525264,-0.010949939,-0.013838755,-0.017186746,-0.022726303,-0.026179086,-0.02949312,-0.03404385,-0.036281697,-0.04326334,-0.04808388,-0.05299292,-0.056670506,-0.059177678,-0.060412794,-0.06544669,-0.066830695,-0.06821476,-0.07293991,-0.07624416,-0.078117535,-0.08151707,-0.0850707,-0.08839465,-0.090138,-0.093712725,-0.09756456,-0.103421785,-0.10813522,-0.11251998,-0.11606848,-0.11980915,-0.122566625,-0.12556754,-0.12930946,-0.1314677,-0.13739723,-0.1422769,-0.14586496,-0.148476,-0.1517631,-0.15320244,-0.157951,-0.16149768,-0.16403186,-0.17021212,-0.17104718,-0.17606328,-0.17992699,-0.18366906,-0.1857745
23_real,0.253252,,,,,,,,,,,,,,,,,,,,,,,,,,,,,,,,,,,,,,,,,,,,,,,,,,,,,,,,0.052224606,,,,,,,,,,,,,
23_gen,0.253252,0.24299231,0.23468871,0.2274679,0.21922517,0.21301773,0.20626216,0.2030104,0.19533326,0.18901469,0.18373431,0.17793778,0.17301202,0.16997518,0.16315436,0.15505268,0.14894041,0.14289251,0.13932678,0.13357715,0.1307844,0.123726904,0.11816692,0.112379655,0.106356084,0.10118196,0.09299884,0.08782117,0.08205963,0.07594407,0.07007392,0.06258861,0.058356404,0.05414303,0.045936685,0.03985902,0.035470467,0.030672004,0.024799727,0.020640513,0.01514822,0.008201082,0.004500511,-0.0011723388,-0.006192979,-0.011906591,-0.016793313,-0.019359525,-0.025552064,-0.029936135,-0.03752713,-0.041819427,-0.047788203,-0.05561157,-0.060872186,-0.068425715,-0.07265074,-0.07765907,-0.08430063,-0.089751385,-0.0983523,-0.10283595,-0.10683481,-0.11251819,-0.117867686,-0.1250654,-0.13218586,-0.14040796,-0.14661601,-0.1515629
24_real,0.3836667,,,,,,,,,,,,,,,,,,,,,,,,,,,,,,,,,,,,,,,,,,,,,,,,,,,,,,,,-0.18065062,,,,,,,,,,,,,
24_gen,0.38366672,0.37641683,0.36979958,0.3635292,0.35602587,0.3476342,0.34350774,0.33720562,0.33027786,0.324181,0.31777582,0.3120375,0.30700094,0.30169725,0.2968964,0.29242498,0.28543058,0.2808685,0.2751398,0.26840553,0.2637493,0.25775343,0.25276104,0.24593523,0.24035731,0.2344877,0.22962818,0.22369246,0.2179583,0.21031192,0.20520861,0.20001927,0.19456412,0.18830149,0.18203126,0.17508279,0.16884552,0.16305502,0.15852268,0.15223184,0.14720368,0.14039634,0.13393168,0.1284563,0.12097959,0.11569081,0.10869829,0.10362153,0.10023594,0.09446286,0.0866988,0.082308635,0.075979486,0.07048638,0.066567,0.058947224,0.05289774,0.047516722,0.04281462,0.03599308,0.030023176,0.025010144,0.019666594,0.014315295,0.010814091,0.0058722747,-0.0013582531,-0.009470729,-0.013873095,-0.01971924
25_real,-0.72409153,,,,,,,,,,,,,,,,,,,,,,,,,,,,,,,,,,,,,,,,,,,,,,,,,,,,,,,,-0.8820932,,,,,,,,,,,,,
25_gen,-0.72409153,-0.7274618,-0.73133075,-0.7343104,-0.7372811,-0.739217,-0.7441501,-0.7485819,-0.7516381,-0.75461435,-0.7575909,-0.7606556,-0.7640637,-0.76805896,-0.7715433,-0.77502704,-0.77803355,-0.78092736,-0.7847915,-0.7858664,-0.79005444,-0.7920853,-0.7947607,-0.7969596,-0.8011753,-0.80348766,-0.80784434,-0.8123428,-0.8169044,-0.82068074,-0.82586706,-0.82850516,-0.8334379,-0.83854276,-0.84178275,-0.8449327,-0.84812117,-0.8511365,-0.8546318,-0.85687816,-0.8582756,-0.86187345,-0.8677734,-0.8712347,-0.8760499,-0.8792626,-0.8837229,-0.8864976,-0.8908455,-0.8947116,-0.89681405,-0.90302503,-0.907571,-0.9109418,-0.9158481,-0.91933215,-0.9248446,-0.9287859,-0.9332426,-0.93661404,-0.94138396,-0.9446386,-0.94772655,-0.95127994,-0.95504963,-0.95897996,-0.9638931,-0.96904975,-0.9743837,-0.9773507
26_real,-0.39707178,,,,,,,,,,,,,,,,,,,,,,,,,,,,,,,,,,,,,,,,,,,,,,,,,,,,,,,,-0.047214627,,,,,,,,,,,,,
26_gen,-0.3970718,-0.40050545,-0.40380564,-0.4080453,-0.41186017,-0.41558257,-0.42017898,-0.42473626,-0.42929545,-0.43149918,-0.4356258,-0.43754086,-0.43970117,-0.44350156,-0.44692412,-0.45133534,-0.45480186,-0.45831266,-0.4615551,-0.4655734,-0.4680956,-0.4720657,-0.475559,-0.4787368,-0.4812924,-0.48568884,-0.48904333,-0.49306092,-0.49566936,-0.49867073,-0.5012902,-0.5055439,-0.50981236,-0.5114409,-0.5173188,-0.52010316,-0.5224624,-0.5275866,-0.5310577,-0.5340229,-0.5368616,-0.541149,-0.5453868,-0.5491514,-0.5534915,-0.55754685,-0.56137455,-0.56484264,-0.5681846,-0.5708786,-0.5741755,-0.5769528,-0.5813192,-0.58498824,-0.58836114,-0.58969456,-0.59265006,-0.59509104,-0.59830266,-0.60128844,-0.60512626,-0.6061131,-0.6108229,-0.61398035,-0.61802393,-0.62321556,-0.62675947,-0.63139164,-0.63499135,-0.6394763
27_real,-0.6397993,,,,,,,,,,,,,,,,,,,,,,,,,,,,,,,,,,,,,,,,,,,,,,,,,,,,,,,,-0.60625243,,,,,,,,,,,,,
27_gen,-0.63979924,-0.6432453,-0.64640653,-0.6492091,-0.65222716,-0.6559724,-0.65782285,-0.660709,-0.6625465,-0.66620016,-0.6676811,-0.67118186,-0.6742019,-0.67682934,-0.67906654,-0.68220973,-0.6849925,-0.68855834,-0.6901955,-0.6915173,-0.6958424,-0.69943637,-0.7026739,-0.70510215,-0.7086946,-0.712253,-0.7147531,-0.71848714,-0.7215964,-0.72462165,-0.7277893,-0.7305924,-0.7344365,-0.73803216,-0.7396133,-0.7418901,-0.74445605,-0.74672633,-0.7500508,-0.75387764,-0.75628483,-0.7596158,-0.76266026,-0.7664998,-0.7694498,-0.7722813,-0.77574366,-0.7786247,-0.78217065,-0.7849817,-0.78777355,-0.7907461,-0.7930194,-0.79599273,-0.80020255,-0.8039824,-0.80699027,-0.81004083,-0.81090176,-0.8135756,-0.81663454,-0.8191789,-0.82144576,-0.8230211,-0.82605153,-0.8289382,-0.83168256,-0.8353788,-0.8369439,-0.8397042
28_real,-1.0269436,,,,,,,,,,,,,,,,,,,,,,,,,,,,,,,,,,,,,,,,,,,,,,,,,,,,,,,,-1.0612983,,,,,,,,,,,,,
28_gen,-1.0269434,-1.0263458,-1.0263058,-1.0289416,-1.0273573,-1.0299776,-1.0323012,-1.0327537,-1.032324,-1.0357614,-1.0372062,-1.0377891,-1.0364207,-1.0354966,-1.0332857,-1.034953,-1.0352495,-1.0365983,-1.04006,-1.0413098,-1.0418687,-1.0430413,-1.0448202,-1.0457304,-1.0486739,-1.0495961,-1.0494366,-1.052336,-1.0532312,-1.0540278,-1.0532936,-1.0538832,-1.0581647,-1.0592493,-1.0598314,-1.0604264,-1.0616419,-1.0645058,-1.0646086,-1.0628011,-1.06331,-1.0652754,-1.067334,-1.0686764,-1.0697879,-1.0713506,-1.0708216,-1.0712969,-1.0736477,-1.0734961,-1.0717964,-1.0767952,-1.0788658,-1.0827316,-1.0834111,-1.0849845,-1.0855229,-1.0869019,-1.086845,-1.086886,-1.0872126,-1.0880187,-1.0883749,-1.09114,-1.0916195,-1.0909634,-1.0922619,-1.093941,-1.0948464,-1.0970562
29_real,-1.1077263,,,,,,,,,,,,,,,,,,,,,,,,,,,,,,,,,,,,,,,,,,,,,,,,,,,,,,,,-0.7611338,,,,,,,,,,,,,
29_gen,-1.1077262,-1.1066477,-1.1087506,-1.1080709,-1.1068234,-1.1087852,-1.1098483,-1.1098306,-1.110907,-1.1132816,-1.1146915,-1.1159989,-1.1167338,-1.1176323,-1.1177504,-1.1208918,-1.1215177,-1.1203123,-1.12175,-1.1224134,-1.1223462,-1.123681,-1.1252263,-1.1250908,-1.1250304,-1.1256691,-1.126837,-1.1297576,-1.129047,-1.1293682,-1.1310319,-1.1317738,-1.1311713,-1.1326793,-1.133246,-1.1352527,-1.1360607,-1.1382064,-1.1398554,-1.1385196,-1.138746,-1.1385438,-1.1379937,-1.1381233,-1.1371653,-1.1375008,-1.136769,-1.1382556,-1.1394691,-1.139281,-1.138179,-1.1377332,-1.1393226,-1.1415052,-1.1440426,-1.1439872,-1.1447443,-1.1439435,-1.1446289,-1.1455696,-1.1455283,-1.1445997,-1.1440706,-1.1434987,-1.1445649,-1.1446116,-1.1447468,-1.1462784,-1.1464515,-1.1461763
30_real,-0.28766954,,,,,,,,,,,,,,,,,,,,,,,,,,,,,,,,,,,,,,,,,,,,,,,,,,,,,,,,-0.20824921,,,,,,,,,,,,,
30_gen,-0.28766957,-0.30287305,-0.31504247,-0.3326176,-0.34820443,-0.3608045,-0.376354,-0.3910733,-0.39537132,-0.40267152,-0.4131853,-0.4181952,-0.42858624,-0.44456244,-0.4503482,-0.4617023,-0.4717741,-0.48324546,-0.4990457,-0.5057374,-0.51709884,-0.5253046,-0.53649527,-0.5488458,-0.55814713,-0.56916004,-0.57800686,-0.58721346,-0.590876,-0.6014303,-0.60966885,-0.61935276,-0.6256935,-0.6362883,-0.6415964,-0.6503469,-0.6554283,-0.6630959,-0.66964453,-0.6816084,-0.6908627,-0.70260996,-0.71062213,-0.71434224,-0.72604686,-0.73710275,-0.7393116,-0.74345875,-0.7488455,-0.7561824,-0.76803195,-0.7766707,-0.7838871,-0.7866367,-0.80126286,-0.8099353,-0.81770515,-0.8291129,-0.8424034,-0.8486992,-0.8620666,-0.8726509,-0.884093,-0.895551,-0.9062114,-0.9166466,-0.92352974,-0.9297055,-0.93672913,-0.9465779
31_real,-0.93222326,,,,,,,,,,,,,,,,,,,,,,,,,,,,,,,,,,,,,,,,,,,,,,,,,,,,,,,,-1.0414174,,,,,,,,,,,,,
31_gen,-0.9322232,-0.9388485,-0.94504434,-0.9547445,-0.96456736,-0.9733016,-0.9793458,-0.99250805,-0.9991692,-1.0027893,-1.0089366,-1.0117307,-1.0211647,-1.0304112,-1.0404947,-1.0450643,-1.0542,-1.0598513,-1.0664476,-1.0740057,-1.0808873,-1.0882511,-1.097532,-1.1074833,-1.1202269,-1.1297245,-1.1332973,-1.13847,-1.1484349,-1.1588582,-1.1729109,-1.180395,-1.19048,-1.1942039,-1.2041442,-1.2103288,-1.2196324,-1.2324039,-1.2438582,-1.2547243,-1.2623339,-1.2690585,-1.2803276,-1.2876403,-1.2931736,-1.3056173,-1.3153247,-1.3254714,-1.3320696,-1.3463035,-1.3616854,-1.3712223,-1.3763423,-1.3868872,-1.3928697,-1.4034853,-1.4109142,-1.41924,-1.4293118,-1.4363782,-1.4468108,-1.4574975,-1.4612727,-1.463158,-1.4752947,-1.4853657,-1.4935434,-1.5066054,-1.5156682,-1.5236826
32_real,0.1863722,,,,,,,,,,,,,,,,,,,,,,,,,,,,,,,,,,,,,,,,,,,,,,,,,,,,,,,,0.43424386,,,,,,,,,,,,,
32_gen,0.18637219,0.19011721,0.18661639,0.18387368,0.1793252,0.17901991,0.17983285,0.18011959,0.17780438,0.17733665,0.17524675,0.17141193,0.17019625,0.16569188,0.16358654,0.16297396,0.15986927,0.15521808,0.15313147,0.15101549,0.14571176,0.14394167,0.14241509,0.1411887,0.13815913,0.13402905,0.13485864,0.1341283,0.13266557,0.13061509,0.12837243,0.1276182,0.12638737,0.12546022,0.12360972,0.1201509,0.119074896,0.11965604,0.11661832,0.11353973,0.11160751,0.10820423,0.106073484,0.10524821,0.100098655,0.09698448,0.093484744,0.089803144,0.087591335,0.08481013,0.08395436,0.08045455,0.07617321,0.07407129,0.0709828,0.067576304,0.065297365,0.06116452,0.058380026,0.054492127,0.051680136,0.04671364,0.0435808,0.039539583,0.037440717,0.03237322,0.030990113,0.028459966,0.025820944,0.021505717
33_real,0.3115999,,,,,,,,,,,,,,,,,,,,,,,,,,,,,,,,,,,,,,,,,,,,,,,,,,,,,,,,0.39914528,,,,,,,,,,,,,
33_gen,0.31159994,0.30884752,0.30484256,0.3012396,0.30082315,0.29279584,0.2878679,0.28745183,0.28212443,0.27857438,0.27749974,0.2740513,0.2697156,0.2659036,0.26343247,0.26054662,0.258181,0.25679582,0.2548304,0.2554689,0.25227478,0.25097165,0.24907455,0.24562077,0.24302217,0.23938031,0.23791416,0.23496458,0.22931573,0.22689255,0.22475676,0.22151604,0.22103477,0.2181197,0.21526954,0.21118622,0.2082301,0.20201583,0.19920233,0.19473024,0.19350484,0.19331825,0.19245769,0.18941523,0.1871085,0.1842258,0.17958784,0.17464189,0.17363925,0.16977507,0.16889806,0.1687226,0.16569963,0.16330396,0.16068012,0.1577157,0.15196066,0.14994772,0.14992243,0.14513007,0.1413637,0.1390714,0.13610253,0.13234234,0.12692635,0.12522022,0.12085354,0.11719452,0.11620253,0.114792585
34_real,0.12520972,,,,,,,,,,,,,,,,,,,,,,,,,,,,,,,,,,,,,,,,,,,,,,,,,,,,,,,,0.13870251,,,,,,,,,,,,,
34_gen,0.1252097,0.1321517,0.13517837,0.13726875,0.14103583,0.14065218,0.13997504,0.13993777,0.13765733,0.13823682,0.13880873,0.13514006,0.13449162,0.13504878,0.13460715,0.13358591,0.1329393,0.13189466,0.12936322,0.12928069,0.13106056,0.12796094,0.12674636,0.12905638,0.12857382,0.12627779,0.12573025,0.12353885,0.12671804,0.12955144,0.12740293,0.12401374,0.12251763,0.12265265,0.12532178,0.12506767,0.12577984,0.12645926,0.12183454,0.11713338,0.11744088,0.11561419,0.11287308,0.11342859,0.11214157,0.11293193,0.11111568,0.110355094,0.10728266,0.103955925,0.10096352,0.10119673,0.10082358,0.09937933,0.10279592,0.097607955,0.0955156,0.09385721,0.09409173,0.092562765,0.08925914,0.08889395,0.08876135,0.08903811,0.08584521,0.085108645,0.08771427,0.08549968,0.08534187,0.08327422
35_real,0.3443238,,,,,,,,,,,,,,,,,,,,,,,,,,,,,,,,,,,,,,,,,,,,,,,,,,,,,,,,0.42662078,,,,,,,,,,,,,
35_gen,0.34432384,0.34887946,0.34912294,0.35157067,0.3527724,0.3527157,0.3521481,0.352549,0.35062993,0.34960294,0.34811115,0.34534717,0.34249848,0.34225348,0.34093988,0.3358933,0.33507514,0.3312754,0.32675904,0.3245908,0.32147923,0.32177913,0.32017988,0.31526282,0.31386527,0.31087226,0.30942705,0.30731037,0.30625337,0.303518,0.30474943,0.30194753,0.29910097,0.29510117,0.2882195,0.2852384,0.28274113,0.2806343,0.28259462,0.2821041,0.2793797,0.28025448,0.27846256,0.2742074,0.26964623,0.2668685,0.26866478,0.26878285,0.26656148,0.26312107,0.2589075,0.2564368,0.25634283,0.25702846,0.25983614,0.25445548,0.25207204,0.25037974,0.24956575,0.24873689,0.2479482,0.24829674,0.2481822,0.24783528,0.24881503,0.24745445,0.24517103,0.24157989,0.24112742,0.2401118
36_real,0.28534463,,,,,,,,,,,,,,,,,,,,,,,,,,,,,,,,,,,,,,,,,,,,,,,,,,,,,,,,0.15354316,,,,,,,,,,,,,
36_gen,0.28534463,0.28901356,0.2883534,0.2876623,0.28403923,0.2852134,0.28651935,0.28523964,0.28262162,0.2779839,0.27996528,0.27602443,0.27231383,0.27227306,0.27125335,0.27208894,0.27205104,0.2704246,0.26901,0.27024168,0.26900107,0.26863497,0.2629962,0.2590125,0.25175858,0.2545783,0.2468194,0.24296811,0.24114676,0.23586464,0.23584692,0.2355812,0.2298673,0.22624843,0.22308321,0.21910866,0.21486525,0.20977688,0.20518224,0.20468712,0.20377254,0.20288797,0.20151553,0.20157726,0.19867301,0.19043085,0.18733254,0.1841251,0.18186153,0.17866781,0.17439145,0.17101426,0.16692063,0.16460763,0.16128927,0.15535891,0.1506122,0.14601882,0.1397727,0.14047836,0.13557644,0.1306378,0.12407422,0.12142247,0.11727651,0.11645222,0.11476062,0.11334455,0.10726404,0.10606414
37_real,-1.0848731,,,,,,,,,,,,,,,,,,,,,,,,,,,,,,,,,,,,,,,,,,,,,,,,,,,,,,,,-1.3262659,,,,,,,,,,,,,
37_gen,-1.0848731,-1.0907519,-1.0945445,-1.0994569,-1.1027493,-1.1039679,-1.1051531,-1.1025946,-1.1050308,-1.1071451,-1.109308,-1.1133991,-1.1114215,-1.1079226,-1.1084154,-1.1109049,-1.1127112,-1.1187813,-1.1174353,-1.1223549,-1.1270623,-1.1302416,-1.1340497,-1.1386425,-1.1342852,-1.1391207,-1.1450338,-1.1442146,-1.1479772,-1.1495622,-1.1549288,-1.1572806,-1.1633666,-1.1662384,-1.1652164,-1.1697835,-1.1730756,-1.1757799,-1.1766825,-1.1784613,-1.1810486,-1.1822734,-1.1889762,-1.189451,-1.194192,-1.1940311,-1.1975968,-1.2012084,-1.1985967,-1.2019756,-1.2045999,-1.2084007,-1.2110225,-1.2155018,-1.2218453,-1.2282138,-1.2293731,-1.2315278,-1.2336068,-1.2360334,-1.2386523,-1.242279,-1.2411195,-1.2463796,-1.252487,-1.2511495,-1.2524824,-1.2507465,-1.2550431,-1.2550627
38_real,-0.19012904,,,,,,,,,,,,,,,,,,,,,,,,,,,,,,,,,,,,,,,,,,,,,,,,,,,,,,,,-0.39263406,,,,,,,,,,,,,
38_gen,-0.19012904,-0.18655434,-0.19140387,-0.19553688,-0.19945554,-0.20581904,-0.20681193,-0.20756838,-0.21041803,-0.21427652,-0.21127519,-0.21606557,-0.2205199,-0.22137651,-0.22582142,-0.2282621,-0.2292707,-0.23119208,-0.23615257,-0.24086376,-0.24180894,-0.24475734,-0.2499874,-0.25298563,-0.25589007,-0.25689518,-0.25627866,-0.25971597,-0.2641041,-0.26579922,-0.27062935,-0.26977786,-0.26986736,-0.27430925,-0.2798409,-0.28146398,-0.28215736,-0.2802556,-0.282199,-0.28475136,-0.2891877,-0.2881325,-0.28909674,-0.29129618,-0.29383856,-0.29513556,-0.3004888,-0.30442387,-0.30567512,-0.30503026,-0.3108331,-0.31179506,-0.3137894,-0.3201909,-0.32286602,-0.32251424,-0.3293247,-0.32634908,-0.326277,-0.32924414,-0.33282593,-0.33662945,-0.33846638,-0.33878818,-0.3436336,-0.34733567,-0.35070196,-0.35230258,-0.36064166,-0.36363828
39_real,-0.3026606,,,,,,,,,,,,,,,,,,,,,,,,,,,,,,,,,,,,,,,,,,,,,,,,,,,,,,,,-0.19668347,,,,,,,,,,,,,
39_gen,-0.30266064,-0.30511492,-0.30990347,-0.31249613,-0.31447026,-0.31749967,-0.3167725,-0.3177908,-0.31911945,-0.32212934,-0.32658476,-0.32583025,-0.3298852,-0.3311303,-0.33488262,-0.338865,-0.34505886,-0.34623486,-0.35022417,-0.35217515,-0.35419938,-0.35559568,-0.3603802,-0.36411643,-0.36266547,-0.37099072,-0.37313566,-0.37601605,-0.37832537,-0.38267082,-0.38570634,-0.3854248,-0.392019,-0.39675984,-0.39789182,-0.40257198,-0.40252852,-0.40829974,-0.41164723,-0.41375542,-0.4168656,-0.41947937,-0.4202644,-0.42710614,-0.42956886,-0.42750654,-0.43292546,-0.43617696,-0.44041976,-0.44304532,-0.4460848,-0.44880056,-0.4559048,-0.45796785,-0.4622249,-0.46544656,-0.47056603,-0.47121292,-0.4759907,-0.480693,-0.48284912,-0.48526827,-0.49087447,-0.49466854,-0.50330436,-0.50656253,-0.50973606,-0.51043886,-0.513168,-0.5136409
40_real,-0.481036,,,,,,,,,,,,,,,,,,,,,,,,,,,,,,,,,,,,,,,,,,,,,,,,,,,,,,,,-0.5392327,,,,,,,,,,,,,
40_gen,-0.481036,-0.4804162,-0.48674783,-0.48705584,-0.493663,-0.4937148,-0.49754128,-0.4954025,-0.4946825,-0.49422938,-0.5003032,-0.49953717,-0.50561917,-0.5033601,-0.50776565,-0.510502,-0.5121811,-0.5154988,-0.51298034,-0.5102755,-0.50363654,-0.50406677,-0.504388,-0.50726116,-0.50606984,-0.5115354,-0.5081985,-0.5082346,-0.5099279,-0.51478523,-0.52061266,-0.52346003,-0.5268198,-0.5257288,-0.5315095,-0.5332807,-0.53692114,-0.5426303,-0.54346144,-0.5416802,-0.5422309,-0.5426369,-0.54621756,-0.5524556,-0.5533116,-0.55717677,-0.55226624,-0.5541512,-0.5543065,-0.55749905,-0.5591301,-0.56181014,-0.55675054,-0.55596477,-0.5560371,-0.55770767,-0.56386507,-0.56541854,-0.5707545,-0.571408,-0.5731617,-0.57528013,-0.5762037,-0.5749138,-0.5736436,-0.57836497,-0.5772965,-0.5834037,-0.5849644,-0.5832218
41_real,-1.229352,,,,,,,,,,,,,,,,,,,,,,,,,,,,,,,,,,,,,,,,,,,,,,,,,,,,,,,,-1.5029086,,,,,,,,,,,,,
41_gen,-1.229352,-1.2371224,-1.2425333,-1.2468283,-1.2552277,-1.2586583,-1.2618469,-1.2701962,-1.2738295,-1.276787,-1.2816718,-1.2869701,-1.2901615,-1.2971615,-1.3049724,-1.3056781,-1.3077816,-1.3068693,-1.3097919,-1.3094009,-1.3123579,-1.3181986,-1.3208705,-1.3213083,-1.3268883,-1.3327663,-1.3349507,-1.3390129,-1.3448015,-1.3464495,-1.3486964,-1.3522542,-1.3576243,-1.3618959,-1.3594466,-1.3657558,-1.3687955,-1.3736026,-1.3753368,-1.3816214,-1.3846225,-1.3875498,-1.3854235,-1.390162,-1.3933414,-1.3943213,-1.395759,-1.3966439,-1.3947566,-1.3960235,-1.404633,-1.4070766,-1.4062302,-1.4114144,-1.4150552,-1.4212883,-1.4196191,-1.4240263,-1.4232184,-1.4228193,-1.4285609,-1.4290476,-1.4331533,-1.4339352,-1.439236,-1.4445966,-1.44584,-1.4483736,-1.450952,-1.4530361
42_real,-1.0545812,,,,,,,,,,,,,,,,,,,,,,,,,,,,,,,,,,,,,,,,,,,,,,,,,,,,,,,,-1.2073895,,,,,,,,,,,,,
42_gen,-1.054581,-1.0562192,-1.0615358,-1.0645353,-1.0713962,-1.078057,-1.0836251,-1.0894392,-1.0949188,-1.1001368,-1.1039973,-1.1113555,-1.1185462,-1.123624,-1.1273277,-1.1302267,-1.1349494,-1.1401867,-1.1458219,-1.1510069,-1.1568928,-1.160696,-1.1654658,-1.1717788,-1.175306,-1.1789266,-1.1835015,-1.1865047,-1.1904805,-1.1948955,-1.2019545,-1.2063651,-1.2093848,-1.2117832,-1.218431,-1.2255762,-1.2293622,-1.2337605,-1.2379535,-1.2436378,-1.2472733,-1.2512194,-1.2575227,-1.2637167,-1.2667149,-1.2719017,-1.2758411,-1.2828306,-1.2873676,-1.2935003,-1.3002224,-1.3063526,-1.3113931,-1.3181832,-1.3230938,-1.3277199,-1.3333752,-1.337786,-1.3445128,-1.3489575,-1.3540529,-1.3593376,-1.3642652,-1.3692025,-1.3738178,-1.3791723,-1.3841363,-1.3920596,-1.3957335,-1.3999739
43_real,0.04795881,,,,,,,,,,,,,,,,,,,,,,,,,,,,,,,,,,,,,,,,,,,,,,,,,,,,,,,,0.06382072,,,,,,,,,,,,,
43_gen,0.047958814,0.043394975,0.03680887,0.033973977,0.029181276,0.023820333,0.020012518,0.01673583,0.014000279,0.010659011,0.0065318197,-0.0013106797,-0.0057770265,-0.009866884,-0.012501461,-0.015954137,-0.023352515,-0.028711978,-0.0327741,-0.036178,-0.040318318,-0.043844566,-0.045827847,-0.050453592,-0.054924656,-0.058679055,-0.06322597,-0.065112,-0.06919452,-0.073315635,-0.077096686,-0.080673635,-0.08641965,-0.08904795,-0.09277513,-0.09794782,-0.1011547,-0.105093375,-0.10940275,-0.11275438,-0.11656668,-0.1183599,-0.122641504,-0.1273534,-0.13150719,-0.13679788,-0.13878782,-0.14337634,-0.14849058,-0.14991483,-0.15377453,-0.15722534,-0.16115144,-0.1662423,-0.17007568,-0.1748093,-0.17844465,-0.18139413,-0.18508044,-0.189846,-0.19334503,-0.19642171,-0.19850178,-0.20178998,-0.20569642,-0.21033737,-0.21506374,-0.21704428,-0.2212412,-0.22515321
44_real,0.28801557,,,,,,,,,,,,,,,,,,,,,,,,,,,,,,,,,,,,,,,,,,,,,,,,,,,,,,,,-0.050176714,,,,,,,,,,,,,
44_gen,0.28801557,0.28259653,0.27770025,0.2725043,0.269157,0.26533931,0.25917047,0.25355196,0.25009668,0.246165,0.24388094,0.24033885,0.23550804,0.2318089,0.2271882,0.22376816,0.2202987,0.21617532,0.2154539,0.21185005,0.20854035,0.20652458,0.2027941,0.19865623,0.19609675,0.19365284,0.19151357,0.18775897,0.18665326,0.18620263,0.1819076,0.18058172,0.17616996,0.17381312,0.17306168,0.17268781,0.17116377,0.16858296,0.16669936,0.16154268,0.16063222,0.15962788,0.15814964,0.15655789,0.15192857,0.15065546,0.14923032,0.14827004,0.14706178,0.14266096,0.14144965,0.13655913,0.1343792,0.12888193,0.124024555,0.12127396,0.11933319,0.117456675,0.1156044,0.11037524,0.104272746,0.10184137,0.09731609,0.09297321,0.08960185,0.087467186,0.08547282,0.08236484,0.08023225,0.07698808
45_real,0.05102576,,,,,,,,,,,,,,,,,,,,,,,,,,,,,,,,,,,,,,,,,,,,,,,,,,,,,,,,0.2104107,,,,,,,,,,,,,
45_gen,0.051025756,0.045208834,0.03845916,0.03284898,0.02886318,0.026985342,0.02536338,0.021123763,0.015079404,0.008393859,0.007182964,0.004271519,-3.8902646e-05,-0.0036094268,-0.0072700814,-0.010748969,-0.013328845,-0.016631657,-0.019788375,-0.022987247,-0.027468676,-0.02944602,-0.032149527,-0.034270417,-0.037334114,-0.042898793,-0.045514554,-0.049808018,-0.05368369,-0.056505613,-0.059948526,-0.062946975,-0.066331655,-0.06925543,-0.07260896,-0.074413724,-0.076014556,-0.07773625,-0.0797378,-0.083830856,-0.08799179,-0.09101055,-0.093479194,-0.09630908,-0.100069106,-0.1041425,-0.10621734,-0.10853499,-0.110806204,-0.11194551,-0.11679824,-0.119709626,-0.12379576,-0.12496288,-0.12982008,-0.13274023,-0.13555449,-0.13677292,-0.1411229,-0.1448987,-0.15030485,-0.15293145,-0.1575225,-0.1603172,-0.16366538,-0.16650935,-0.16969042,-0.17042299,-0.17451352,-0.17823856
46_real,0.09457076,,,,,,,,,,,,,,,,,,,,,,,,,,,,,,,,,,,,,,,,,,,,,,,,,,,,,,,,0.2924387,,,,,,,,,,,,,
46_gen,0.09457076,0.08973427,0.084871456,0.079168424,0.072862044,0.06938209,0.06579665,0.060870014,0.05702395,0.051875003,0.047085676,0.043818127,0.039732892,0.03666655,0.034114115,0.029805565,0.024937117,0.02227651,0.017932676,0.012861744,0.010167967,0.0067575923,0.00351009,-0.0010855466,-0.00570027,-0.009935854,-0.014475966,-0.018925015,-0.02204791,-0.025812253,-0.029659385,-0.03191548,-0.036159925,-0.039260462,-0.044392314,-0.04757795,-0.05270362,-0.056006055,-0.060306497,-0.06362818,-0.0658811,-0.07046373,-0.072691396,-0.07609969,-0.08038701,-0.08435432,-0.088159144,-0.091899,-0.095047295,-0.09875579,-0.103186026,-0.1064746,-0.1117873,-0.116564855,-0.12156794,-0.12666865,-0.13267128,-0.1371591,-0.14166455,-0.14694771,-0.15118514,-0.15408064,-0.15753165,-0.16313949,-0.16595712,-0.17212453,-0.17526229,-0.17996198,-0.18524405,-0.1885394
47_real,0.25384954,,,,,,,,,,,,,,,,,,,,,,,,,,,,,,,,,,,,,,,,,,,,,,,,,,,,,,,,0.13304934,,,,,,,,,,,,,
47_gen,0.25384954,0.24828014,0.24249932,0.2371004,0.234032,0.227809,0.22236872,0.21724984,0.21341018,0.20804408,0.2042162,0.20090067,0.19592163,0.19277261,0.18921134,0.18512611,0.18135634,0.17798138,0.17533211,0.1722534,0.1672826,0.16369495,0.16082326,0.15713027,0.15391043,0.14901248,0.14379767,0.14018272,0.13485643,0.12910035,0.12315786,0.11789992,0.11268763,0.109298095,0.10271512,0.09910302,0.09064436,0.0852571,0.08147166,0.076947786,0.072433546,0.06845723,0.063276194,0.057455003,0.05118059,0.047324218,0.043264255,0.038406797,0.035370126,0.030021857,0.025719028,0.023386505,0.017333478,0.012349617,0.00811393,0.0041916734,0.00038582383,-0.004870756,-0.00923391,-0.014991368,-0.021929715,-0.027879763,-0.033185396,-0.03836552,-0.041985054,-0.04928427,-0.05642758,-0.060651034,-0.06520923,-0.0692401
48_real,0.013524851,,,,,,,,,,,,,,,,,,,,,,,,,,,,,,,,,,,,,,,,,,,,,,,,,,,,,,,,-0.2001463,,,,,,,,,,,,,
48_gen,0.013524851,0.0075045824,0.0023063512,-0.004761453,-0.009228187,-0.015869977,-0.021004565,-0.027249804,-0.032622334,-0.0389915,-0.044733603,-0.047832616,-0.052208226,-0.05839199,-0.05975924,-0.064631425,-0.0679445,-0.071844,-0.074851945,-0.07842078,-0.08355028,-0.08744086,-0.0923418,-0.095387325,-0.09961229,-0.1038288,-0.10871424,-0.11175154,-0.116221845,-0.1202358,-0.12444452,-0.12720677,-0.12904492,-0.13280025,-0.13586357,-0.14302617,-0.14569172,-0.1513063,-0.15582806,-0.16205825,-0.16565725,-0.169703,-0.17432325,-0.17932157,-0.18429604,-0.18937472,-0.19415481,-0.20075843,-0.2033346,-0.20629692,-0.21056004,-0.21550259,-0.21999753,-0.22661881,-0.23045091,-0.23433992,-0.23801151,-0.2428366,-0.24949393,-0.25419825,-0.2609109,-0.26578113,-0.27136612,-0.27734837,-0.28145307,-0.28734797,-0.29373685,-0.29936475,-0.30530655,-0.31085986
49_real,-1.0693444,,,,,,,,,,,,,,,,,,,,,,,,,,,,,,,,,,,,,,,,,,,,,,,,,,,,,,,,-0.82787937,,,,,,,,,,,,,
49_gen,-1.0693444,-1.0765027,-1.0868165,-1.0993142,-1.1083233,-1.1162533,-1.1239557,-1.1313026,-1.139188,-1.1473606,-1.1523693,-1.158982,-1.1682163,-1.1749051,-1.1860765,-1.1925666,-1.2003442,-1.2061517,-1.213717,-1.2200968,-1.228291,-1.2349249,-1.2419304,-1.2494133,-1.2575432,-1.2661293,-1.2741505,-1.2805483,-1.2904493,-1.297551,-1.3072389,-1.3132865,-1.3200874,-1.328893,-1.3363369,-1.3444166,-1.3528804,-1.3621644,-1.3717184,-1.3802158,-1.3884419,-1.3968804,-1.4054978,-1.4139132,-1.4210796,-1.42818,-1.4373333,-1.4470183,-1.4529893,-1.4615433,-1.4692539,-1.4786265,-1.4857585,-1.4939772,-1.504182,-1.5134119,-1.5231378,-1.5332588,-1.5423,-1.5534842,-1.5606139,-1.5686096,-1.5748726,-1.5849979,-1.5948818,-1.6044945,-1.6127932,-1.6227366,-1.6303456,-1.6376613
50_real,-0.79659235,,,,,,,,,,,,,,,,,,,,,,,,,,,,,,,,,,,,,,,,,,,,,,,,,,,,,,,,-0.82841414,,,,,,,,,,,,,
50_gen,-0.7965923,-0.8075243,-0.8167125,-0.82446116,-0.8349272,-0.8437915,-0.8523324,-0.8624732,-0.8718851,-0.8810185,-0.88846076,-0.90032184,-0.9094904,-0.9168873,-0.92329633,-0.92888486,-0.93460256,-0.94531757,-0.9517681,-0.95805275,-0.96628636,-0.9713632,-0.97844666,-0.9869312,-0.9937711,-1.0024055,-1.0081522,-1.0170507,-1.0237515,-1.0291916,-1.0388105,-1.0479662,-1.0592554,-1.0653428,-1.0713223,-1.0809917,-1.091263,-1.0961263,-1.1035236,-1.1095885,-1.1167043,-1.1271199,-1.1356194,-1.147369,-1.1554381,-1.1624634,-1.1719081,-1.1812685,-1.1916174,-1.1985695,-1.2060015,-1.2139939,-1.2256987,-1.2363474,-1.244518,-1.2538686,-1.2606783,-1.2708154,-1.280272,-1.2912138,-1.3003112,-1.3082001,-1.3166363,-1.3238795,-1.3317927,-1.3379244,-1.3493108,-1.3585212,-1.366575,-1.3744147
51_real,-1.1306508,,,,,,,,,,,,,,,,,,,,,,,,,,,,,,,,,,,,,,,,,,,,,,,,,,,,,,,,-1.5786557,,,,,,,,,,,,,
51_gen,-1.1306506,-1.135703,-1.1426113,-1.147345,-1.1557356,-1.1622244,-1.1673687,-1.174691,-1.1806029,-1.1811396,-1.1828922,-1.1868342,-1.1905859,-1.1890908,-1.1943805,-1.1989305,-1.2073839,-1.2132182,-1.2154753,-1.2194326,-1.2227881,-1.2260196,-1.2308824,-1.2352272,-1.2364868,-1.2386987,-1.2417226,-1.2481493,-1.2521636,-1.2597165,-1.262973,-1.2696717,-1.273516,-1.2756157,-1.2790482,-1.2837216,-1.2864742,-1.2905333,-1.2960479,-1.3022745,-1.3079166,-1.3171242,-1.3224274,-1.3256199,-1.3317964,-1.3339789,-1.3367035,-1.3420156,-1.34817,-1.3541747,-1.3597132,-1.3676121,-1.3717792,-1.3737396,-1.3765881,-1.3804566,-1.3869712,-1.3925112,-1.3971679,-1.4037391,-1.4084187,-1.4122442,-1.4164093,-1.4211735,-1.4258806,-1.4312174,-1.438536,-1.441859,-1.4494269,-1.4559808
52_real,-0.9480599,,,,,,,,,,,,,,,,,,,,,,,,,,,,,,,,,,,,,,,,,,,,,,,,,,,,,,,,-0.73895705,,,,,,,,,,,,,
52_gen,-0.9480599,-0.95490295,-0.9593787,-0.9661894,-0.9697735,-0.9798061,-0.9860261,-0.9873152,-0.9922678,-0.9979452,-1.0064249,-1.0115298,-1.0228817,-1.0298041,-1.0348794,-1.0403538,-1.0434378,-1.04755,-1.0498867,-1.0543591,-1.0598334,-1.0644605,-1.0729228,-1.0812647,-1.0876054,-1.0939685,-1.0972345,-1.1030529,-1.108046,-1.1168163,-1.1240529,-1.1290835,-1.1342595,-1.1406124,-1.1424267,-1.1453785,-1.1456532,-1.1519667,-1.155595,-1.1611049,-1.1648107,-1.1657479,-1.1703609,-1.1747944,-1.1775894,-1.1838078,-1.1895837,-1.1941372,-1.2013547,-1.2037994,-1.2050706,-1.2091281,-1.2151797,-1.2198471,-1.2261422,-1.2291608,-1.2349555,-1.2414588,-1.2460515,-1.2527574,-1.2599176,-1.2690551,-1.2742567,-1.280773,-1.2823567,-1.2871325,-1.293488,-1.2981465,-1.3048842,-1.313482
53_real,-0.23311324,,,,,,,,,,,,,,,,,,,,,,,,,,,,,,,,,,,,,,,,,,,,,,,,,,,,,,,,-0.5204226,,,,,,,,,,,,,
53_gen,-0.23311326,-0.24006402,-0.24661426,-0.25084472,-0.2546947,-0.26105386,-0.27018076,-0.27481878,-0.27994186,-0.29352304,-0.2977038,-0.3050123,-0.3144433,-0.31487817,-0.3261339,-0.33779213,-0.34970728,-0.35596675,-0.36468753,-0.36974654,-0.3766197,-0.3831237,-0.388973,-0.39822158,-0.40474206,-0.41066295,-0.41981134,-0.43353814,-0.44158554,-0.44983143,-0.45408693,-0.46166277,-0.46941948,-0.47213823,-0.48273024,-0.49407667,-0.4993976,-0.50797874,-0.51714456,-0.52842146,-0.53416,-0.54177034,-0.5480758,-0.55206454,-0.5595663,-0.57202965,-0.58013374,-0.5833646,-0.5882045,-0.5935749,-0.5974536,-0.60590816,-0.615929,-0.6229005,-0.6285794,-0.63534814,-0.64125437,-0.65185755,-0.6558818,-0.66583925,-0.674897,-0.6841098,-0.6950839,-0.7053262,-0.7158507,-0.72455007,-0.72849023,-0.7357332,-0.74842876,-0.7555944
54_real,-0.031593412,,,,,,,,,,,,,,,,,,,,,,,,,,,,,,,,,,,,,,,,,,,,,,,,,,,,,,,,0.17978849,,,,,,,,,,,,,
54_gen,-0.031593412,-0.039507948,-0.045873284,-0.053567838,-0.056825083,-0.072608374,-0.08622841,-0.09194161,-0.09761558,-0.107610926,-0.11697535,-0.12409048,-0.12939724,-0.13486628,-0.14262491,-0.15125234,-0.16014197,-0.1671243,-0.1679925,-0.17478193,-0.17814584,-0.18522564,-0.18967168,-0.19885953,-0.20596981,-0.21824308,-0.2273734,-0.23009706,-0.23852496,-0.24112597,-0.2556998,-0.25774166,-0.2598847,-0.26559505,-0.27238342,-0.276269,-0.2795682,-0.2871043,-0.2867806,-0.29539222,-0.30101833,-0.30689308,-0.31502247,-0.32718524,-0.33517897,-0.34013692,-0.34284204,-0.3536177,-0.36150572,-0.36960584,-0.37565196,-0.38181978,-0.38884544,-0.39610738,-0.40668124,-0.4147864,-0.42675215,-0.42740494,-0.43306524,-0.43805194,-0.44772488,-0.45261136,-0.46272174,-0.46921024,-0.47926158,-0.4908573,-0.5011626,-0.51008546,-0.511251,-0.5150485
55_real,0.48024476,,,,,,,,,,,,,,,,,,,,,,,,,,,,,,,,,,,,,,,,,,,,,,,,,,,,,,,,0.097727835,,,,,,,,,,,,,
55_gen,0.4802447,0.47540146,0.47031727,0.46676597,0.46242696,0.45926547,0.4561321,0.4514501,0.44862747,0.44543034,0.44049302,0.43585926,0.4323303,0.42755717,0.42490292,0.42250186,0.41881737,0.41637045,0.41377822,0.4090085,0.40622598,0.40264082,0.3999353,0.39836913,0.39444688,0.39064726,0.38778114,0.38600963,0.3850887,0.38045317,0.37712735,0.37399518,0.37106788,0.36705428,0.3615108,0.36035305,0.35769588,0.35563666,0.35189068,0.34919196,0.34494677,0.3423508,0.33780152,0.3339631,0.33214018,0.32920069,0.32496852,0.32303858,0.32102704,0.31792217,0.31489277,0.3117916,0.30908155,0.30425325,0.3001563,0.29648674,0.2938141,0.29015023,0.28759882,0.28587288,0.28151256,0.2767678,0.272546,0.2722997,0.26859277,0.26447245,0.259247,0.25665653,0.25215572,0.2485172
56_real,0.111818,,,,,,,,,,,,,,,,,,,,,,,,,,,,,,,,,,,,,,,,,,,,,,,,,,,,,,,,0.008144654,,,,,,,,,,,,,
56_gen,0.111818,0.109115705,0.105105184,0.099250846,0.09766658,0.08948959,0.08362956,0.079240814,0.07491448,0.073837444,0.07094763,0.06804256,0.06423782,0.059014685,0.056142528,0.051561166,0.049885895,0.04641076,0.041057445,0.036040377,0.03167682,0.028148863,0.026110059,0.022557717,0.017234737,0.013672183,0.00956106,0.0072815926,0.0052372105,-0.0001662279,-0.003930073,-0.007983772,-0.016383447,-0.019737134,-0.023286462,-0.024944806,-0.029314822,-0.031419493,-0.032457475,-0.037889756,-0.04017455,-0.04145918,-0.04468715,-0.049263027,-0.053131573,-0.05639131,-0.061087646,-0.06373528,-0.065972835,-0.068050064,-0.07270384,-0.07784043,-0.081258155,-0.084908105,-0.088434435,-0.091450796,-0.09461908,-0.09723325,-0.1018316,-0.10571581,-0.11175792,-0.11360143,-0.11703782,-0.122524105,-0.12803873,-0.1344877,-0.13788906,-0.14287713,-0.14684136,-0.15261152
57_real,0.3172875,,,,,,,,,,,,,,,,,,,,,,,,,,,,,,,,,,,,,,,,,,,,,,,,,,,,,,,,0.54545385,,,,,,,,,,,,,
57_gen,0.31728747,0.30940807,0.30525368,0.2965008,0.28889772,0.28391224,0.27840996,0.26985973,0.26605615,0.26264843,0.2568685,0.2508737,0.24448463,0.23490977,0.2294018,0.22320017,0.21709147,0.20860925,0.20635271,0.19928119,0.1938655,0.18807349,0.18138455,0.17585786,0.16864048,0.16665283,0.15874642,0.1509733,0.14677158,0.14301753,0.13286166,0.12828752,0.121672526,0.11633563,0.11102786,0.10718371,0.0994481,0.09466766,0.089190915,0.08239439,0.075128555,0.06622436,0.058085006,0.05302605,0.04595557,0.042347692,0.03874607,0.034202725,0.026098836,0.021712117,0.01782259,0.012035865,0.0076814285,0.0015610333,-0.00252182,-0.010212429,-0.018928573,-0.021668058,-0.02718595,-0.032906152,-0.039386857,-0.044238288,-0.04908788,-0.054290146,-0.059373386,-0.06658816,-0.07574111,-0.084155604,-0.09236052,-0.09731764
58_real,-0.66941166,,,,,,,,,,,,,,,,,,,,,,,,,,,,,,,,,,,,,,,,,,,,,,,,,,,,,,,,-0.7483555,,,,,,,,,,,,,
58_gen,-0.66941166,-0.6832044,-0.68941915,-0.70220196,-0.710735,-0.7175025,-0.7268108,-0.7345519,-0.74173707,-0.75258476,-0.75840956,-0.7650907,-0.7733099,-0.7802339,-0.788208,-0.79522717,-0.80530864,-0.81616944,-0.8263909,-0.8361559,-0.84482443,-0.85178804,-0.8622543,-0.8685583,-0.8731216,-0.8778969,-0.88517743,-0.8893201,-0.8964364,-0.9038602,-0.9094472,-0.9140369,-0.9183839,-0.925186,-0.9310446,-0.93944055,-0.94470596,-0.9546312,-0.96073407,-0.96878815,-0.9786519,-0.98936445,-1.0005928,-1.0053384,-1.0140154,-1.0247066,-1.0328603,-1.0428563,-1.0501373,-1.0617052,-1.0696719,-1.0781581,-1.0844312,-1.0950477,-1.106584,-1.1147745,-1.1220682,-1.1293433,-1.1373335,-1.1451657,-1.1551975,-1.1620086,-1.167918,-1.1762111,-1.1842139,-1.1952277,-1.2042725,-1.2126545,-1.2245363,-1.2332437
59_real,-0.21859193,,,,,,,,,,,,,,,,,,,,,,,,,,,,,,,,,,,,,,,,,,,,,,,,,,,,,,,,-0.13778137,,,,,,,,,,,,,
59_gen,-0.21859193,-0.22092286,-0.22456627,-0.22862788,-0.23048668,-0.23486547,-0.23895934,-0.2416869,-0.2462043,-0.24994984,-0.25278506,-0.25514433,-0.25763258,-0.26078516,-0.26348913,-0.26467428,-0.26586765,-0.26960295,-0.27337226,-0.2750943,-0.27791458,-0.2805647,-0.28536958,-0.28505975,-0.28931576,-0.29036587,-0.2926286,-0.29415146,-0.2989713,-0.3034912,-0.30826873,-0.31221184,-0.317,-0.32136062,-0.3255014,-0.32763982,-0.33284003,-0.3341708,-0.33631676,-0.3387274,-0.3422141,-0.34712237,-0.35169774,-0.35620022,-0.35968778,-0.36448568,-0.3687402,-0.37469468,-0.3801642,-0.38253576,-0.38579413,-0.38797218,-0.39374772,-0.39790183,-0.4019834,-0.4040812,-0.40653858,-0.40882248,-0.40995914,-0.40967622,-0.41223812,-0.4161252,-0.41857862,-0.42244452,-0.4292349,-0.43302646,-0.4354619,-0.43774304,-0.44296494,-0.44695386
60_real,0.009650799,,,,,,,,,,,,,,,,,,,,,,,,,,,,,,,,,,,,,,,,,,,,,,,,,,,,,,,,0.39439934,,,,,,,,,,,,,
60_gen,0.0096507985,0.0053435853,0.0036735,0.0011812865,0.00094509684,-0.000872413,-0.0031961396,-0.004620059,-0.0077162595,-0.00967356,-0.009232158,-0.011494225,-0.013507461,-0.016660491,-0.019135986,-0.018672518,-0.020244554,-0.02157285,-0.024073178,-0.024311746,-0.025491854,-0.028588474,-0.029301584,-0.032360885,-0.035036825,-0.0374715,-0.03944826,-0.040662415,-0.043630626,-0.045218784,-0.048706394,-0.05147027,-0.0539477,-0.05620069,-0.057212494,-0.059360303,-0.06153512,-0.06444028,-0.06624769,-0.06567989,-0.06515695,-0.06717348,-0.069309294,-0.07161805,-0.072689,-0.07537771,-0.078233734,-0.07926596,-0.080164224,-0.083167516,-0.08394017,-0.08472861,-0.086343005,-0.08951427,-0.091535844,-0.09240316,-0.09300515,-0.0933689,-0.097218886,-0.099827364,-0.100427546,-0.10097351,-0.10487564,-0.106564365,-0.10912429,-0.11085135,-0.11225617,-0.11547582,-0.11855992,-0.119320475
61_real,0.4930771,,,,,,,,,,,,,,,,,,,,,,,,,,,,,,,,,,,,,,,,,,,,,,,,,,,,,,,,0.5740447,,,,,,,,,,,,,
61_gen,0.4930771,0.48219848,0.47094926,0.46763325,0.459479,0.4507824,0.4445687,0.43876868,0.43276992,0.42775354,0.42489552,0.4167007,0.4118988,0.40671915,0.40187207,0.3938497,0.38661933,0.3798631,0.37312484,0.37099162,0.36317632,0.35463998,0.3520729,0.34093156,0.3379473,0.3323448,0.3247767,0.32083887,0.3151093,0.30906492,0.30224532,0.2962865,0.29043463,0.2818324,0.27399173,0.26812583,0.2609797,0.25431746,0.24628699,0.23886716,0.23392448,0.2277948,0.22300112,0.21502309,0.20813957,0.20326345,0.20027211,0.19313945,0.18573764,0.18223923,0.17504498,0.16823062,0.16087835,0.15433386,0.1498991,0.1376836,0.13195463,0.12372376,0.116377175,0.11578707,0.10794698,0.09599002,0.08574705,0.080816,0.07571758,0.068977535,0.06358296,0.054708034,0.044456452,0.037564576
62_real,0.8264593,,,,,,,,,,,,,,,,,,,,,,,,,,,,,,,,,,,,,,,,,,,,,,,,,,,,,,,,1.0594603,,,,,,,,,,,,,
62_gen,0.8264593,0.81860054,0.8126713,0.80616933,0.7984513,0.7917944,0.7873214,0.7767993,0.76945853,0.76435673,0.7553523,0.7482108,0.7436757,0.73674726,0.7298644,0.7222222,0.7172288,0.70980704,0.70167583,0.69271135,0.6837853,0.67684996,0.6706784,0.66746575,0.6608275,0.65583295,0.64826816,0.6419721,0.63753617,0.63144296,0.6266002,0.61756355,0.61123574,0.6052914,0.59664714,0.5864994,0.5795593,0.5746544,0.56821865,0.5631368,0.55653155,0.55128974,0.54633963,0.53965306,0.52980125,0.52173674,0.51427865,0.5031575,0.49416462,0.48776045,0.48131022,0.47263303,0.46676087,0.45871082,0.45149317,0.44491896,0.4383037,0.4275853,0.41802317,0.4118925,0.4027012,0.39397758,0.38357055,0.3751452,0.36965197,0.35860676,0.35166186,0.34191188,0.33766368,0.32754785
63_real,-0.05497053,,,,,,,,,,,,,,,,,,,,,,,,,,,,,,,,,,,,,,,,,,,,,,,,,,,,,,,,-0.11018205,,,,,,,,,,,,,
63_gen,-0.054970525,-0.064123645,-0.07391972,-0.08011258,-0.088145286,-0.096854344,-0.104007065,-0.108978316,-0.115126885,-0.121482275,-0.12802675,-0.13496801,-0.14007509,-0.14429903,-0.1480101,-0.15456687,-0.16322461,-0.16979375,-0.17505077,-0.18405487,-0.18909547,-0.19111472,-0.19249573,-0.19628754,-0.19964603,-0.20450279,-0.21267231,-0.22094226,-0.22644177,-0.23327935,-0.239273,-0.24476032,-0.25124663,-0.2579494,-0.26282942,-0.26851225,-0.2767551,-0.28288049,-0.29385155,-0.30094758,-0.30731672,-0.3151413,-0.32187974,-0.32976833,-0.33645284,-0.3425948,-0.34649363,-0.35091943,-0.35369974,-0.35674912,-0.3646411,-0.3706841,-0.3777848,-0.38672334,-0.39228556,-0.40215868,-0.41020584,-0.41857523,-0.4232877,-0.43035573,-0.43337092,-0.4384869,-0.44568977,-0.44995213,-0.45687437,-0.46341458,-0.4696141,-0.47711962,-0.4821787,-0.48850757
64_real,-0.3748116,,,,,,,,,,,,,,,,,,,,,,,,,,,,,,,,,,,,,,,,,,,,,,,,,,,,,,,,-0.11182069,,,,,,,,,,,,,
64_gen,-0.37481162,-0.38444787,-0.39319927,-0.40430823,-0.41481552,-0.42442197,-0.43282104,-0.43888664,-0.44784003,-0.45624638,-0.46162042,-0.47306657,-0.48069888,-0.49185643,-0.49672192,-0.5053165,-0.5113905,-0.518582,-0.5278554,-0.53371584,-0.54448104,-0.55193293,-0.558425,-0.56354654,-0.5704495,-0.57658064,-0.58353865,-0.5884617,-0.59748477,-0.60691893,-0.6130355,-0.6192994,-0.62514454,-0.6333452,-0.64063054,-0.6471424,-0.6561613,-0.663688,-0.6707892,-0.6790427,-0.68753755,-0.6953044,-0.7031965,-0.71053517,-0.71524405,-0.72341263,-0.73054326,-0.73883235,-0.7478043,-0.7557209,-0.7637671,-0.77157235,-0.779743,-0.7888614,-0.79327106,-0.7990878,-0.80899763,-0.8153237,-0.8247056,-0.828203,-0.8336999,-0.842803,-0.85089654,-0.85841835,-0.8673463,-0.8745383,-0.88103855,-0.889191,-0.89833343,-0.90628064
65_real,-0.2664233,,,,,,,,,,,,,,,,,,,,,,,,,,,,,,,,,,,,,,,,,,,,,,,,,,,,,,,,-0.18704101,,,,,,,,,,,,,
65_gen,-0.26642329,-0.2766612,-0.28472584,-0.2892357,-0.29968703,-0.3064255,-0.31536752,-0.32664958,-0.3357694,-0.3420987,-0.3473632,-0.35022894,-0.35605282,-0.36183956,-0.36795443,-0.37130937,-0.3774828,-0.38326102,-0.39017466,-0.39498717,-0.39835835,-0.40502205,-0.40851468,-0.41239706,-0.4188804,-0.424827,-0.42806053,-0.43851995,-0.44579998,-0.44781813,-0.45191297,-0.46039087,-0.46544665,-0.46866345,-0.47296262,-0.48242188,-0.48830184,-0.49462122,-0.50097436,-0.50369483,-0.5065933,-0.5101491,-0.515446,-0.52351415,-0.52814543,-0.53309286,-0.53922343,-0.5440172,-0.5492222,-0.5540587,-0.5608004,-0.5661348,-0.57408583,-0.58230984,-0.5881998,-0.59143686,-0.59797144,-0.6061677,-0.6101525,-0.6153118,-0.6205908,-0.62744915,-0.6303002,-0.6366401,-0.6411381,-0.6491126,-0.6556165,-0.6638218,-0.67186517,-0.67740995
66_real,-0.5396067,,,,,,,,,,,,,,,,,,,,,,,,,,,,,,,,,,,,,,,,,,,,,,,,,,,,,,,,-0.2562313,,,,,,,,,,,,,
66_gen,-0.53960663,-0.5463506,-0.55487525,-0.5606214,-0.5625483,-0.56830376,-0.57172555,-0.57894486,-0.58273226,-0.5851812,-0.59189874,-0.5945683,-0.59871787,-0.60220605,-0.60925996,-0.6145065,-0.62023515,-0.6249312,-0.6316444,-0.6372852,-0.64561665,-0.65220606,-0.65925795,-0.66475236,-0.6755804,-0.68084323,-0.68586516,-0.6911812,-0.69461596,-0.6974829,-0.70143366,-0.7065687,-0.7112502,-0.71697944,-0.7165319,-0.7203158,-0.72968006,-0.73661315,-0.7390603,-0.7472215,-0.7593134,-0.7646875,-0.7686429,-0.77654785,-0.7816325,-0.78905547,-0.7939569,-0.8002552,-0.80502206,-0.8058302,-0.8107438,-0.8167397,-0.8225449,-0.8291106,-0.83707714,-0.8438698,-0.854078,-0.8580804,-0.8648701,-0.87061167,-0.8776256,-0.8849884,-0.8966255,-0.89872205,-0.9036213,-0.90899974,-0.9185052,-0.9184389,-0.92458344,-0.93066293
67_real,0.36252242,,,,,,,,,,,,,,,,,,,,,,,,,,,,,,,,,,,,,,,,,,,,,,,,,,,,,,,,0.5921765,,,,,,,,,,,,,
67_gen,0.3625224,0.35945064,0.353832,0.34812364,0.34453636,0.33978215,0.33372033,0.3278138,0.3216846,0.3116058,0.30431935,0.30043125,0.29452443,0.290455,0.2871344,0.28199834,0.27746314,0.27081147,0.2675977,0.26083535,0.2578594,0.25162825,0.24592677,0.24068546,0.23461923,0.22753072,0.21818271,0.21065307,0.20525339,0.2028398,0.19732015,0.18728124,0.1820013,0.17687686,0.17268732,0.16481972,0.15643187,0.1490598,0.14527313,0.13687438,0.13180086,0.12825568,0.12038182,0.11222096,0.10520861,0.09830858,0.0928611,0.08665328,0.07794915,0.069314726,0.062967055,0.053744167,0.044757593,0.035568964,0.03058498,0.022297133,0.017621186,0.011695244,0.0072556944,0.002609995,-0.006143204,-0.010349805,-0.018651452,-0.02578516,-0.030299982,-0.04129001,-0.049044006,-0.055909894,-0.06214305,-0.069919035
68_real,-0.4116543,,,,,,,,,,,,,,,,,,,,,,,,,,,,,,,,,,,,,,,,,,,,,,,,,,,,,,,,-0.2746912,,,,,,,,,,,,,
68_gen,-0.4116543,-0.41915736,-0.42869982,-0.43864164,-0.44505054,-0.45505637,-0.46253538,-0.470581,-0.47805366,-0.48801365,-0.49428874,-0.50355136,-0.5133216,-0.52227205,-0.52923125,-0.5359917,-0.5414246,-0.5517944,-0.5595853,-0.5710684,-0.57961184,-0.58624494,-0.5918344,-0.5988006,-0.60482943,-0.6098207,-0.615024,-0.6240168,-0.63070405,-0.63437235,-0.64396816,-0.6528274,-0.6604552,-0.6686747,-0.678417,-0.681699,-0.6893814,-0.6973311,-0.7040576,-0.71138394,-0.7170088,-0.72468984,-0.73109066,-0.7384386,-0.74489486,-0.75182694,-0.7593249,-0.7640631,-0.77367514,-0.78337586,-0.7899309,-0.7964648,-0.8038167,-0.8146073,-0.8222294,-0.832849,-0.8433285,-0.8456518,-0.8549364,-0.86007535,-0.86650133,-0.8753297,-0.88176525,-0.89154804,-0.89953613,-0.9083875,-0.91872007,-0.9265429,-0.9333045,-0.9469887
69_real,-0.91262436,,,,,,,,,,,,,,,,,,,,,,,,,,,,,,,,,,,,,,,,,,,,,,,,,,,,,,,,-0.9109157,,,,,,,,,,,,,
69_gen,-0.91262436,-0.9174445,-0.9211976,-0.9278948,-0.93126106,-0.933959,-0.93982327,-0.94367284,-0.9497073,-0.95312464,-0.9581286,-0.9667835,-0.9700249,-0.97723615,-0.9813288,-0.98718613,-0.99208814,-0.9978589,-1.0047239,-1.0125076,-1.0186446,-1.0230066,-1.0252707,-1.0316192,-1.0363835,-1.0363401,-1.0438544,-1.0496116,-1.0539052,-1.060046,-1.0650127,-1.0677257,-1.0717753,-1.0781193,-1.0826565,-1.0880353,-1.0949466,-1.1019361,-1.108276,-1.1133931,-1.1176655,-1.1248071,-1.1325996,-1.1377443,-1.1442224,-1.1511285,-1.154588,-1.1607323,-1.1675092,-1.1703361,-1.1791854,-1.1838545,-1.1894583,-1.1946379,-1.2007321,-1.2044369,-1.211025,-1.2194061,-1.2243779,-1.2271678,-1.2338365,-1.2404375,-1.2476722,-1.2544426,-1.2584581,-1.264525,-1.2713797,-1.2735829,-1.2779682,-1.2842188
70_real,-0.64741087,,,,,,,,,,,,,,,,,,,,,,,,,,,,,,,,,,,,,,,,,,,,,,,,,,,,,,,,-0.98046213,,,,,,,,,,,,,
70_gen,-0.64741087,-0.65670615,-0.6669502,-0.67677784,-0.6820713,-0.68976945,-0.6969075,-0.7009232,-0.7097895,-0.7159048,-0.7221478,-0.7258915,-0.7324402,-0.73737365,-0.745571,-0.7522798,-0.7579264,-0.76351297,-0.7697362,-0.7753116,-0.7804779,-0.7859314,-0.79296744,-0.79838955,-0.80240184,-0.8070375,-0.81552124,-0.8196007,-0.827932,-0.83607566,-0.8421875,-0.8456518,-0.84859055,-0.8526888,-0.85601485,-0.8585413,-0.8635894,-0.8673767,-0.8703613,-0.8766287,-0.879346,-0.8825592,-0.88905746,-0.8927461,-0.90039265,-0.90812904,-0.91386634,-0.921113,-0.9251667,-0.929904,-0.9312271,-0.9380987,-0.94481695,-0.9527748,-0.9583084,-0.96305007,-0.96606654,-0.97321856,-0.97884,-0.982885,-0.98513544,-0.9887487,-0.99444467,-0.999897,-1.0073872,-1.0111626,-1.0186445,-1.023843,-1.0306621,-1.037253
71_real,-2.0548477,,,,,,,,,,,,,,,,,,,,,,,,,,,,,,,,,,,,,,,,,,,,,,,,,,,,,,,,-1.9124919,,,,,,,,,,,,,
71_gen,-2.0548477,-2.0558295,-2.0591419,-2.0628598,-2.0674484,-2.067312,-2.070213,-2.0759788,-2.0790558,-2.0819955,-2.0852084,-2.0894442,-2.0886588,-2.094502,-2.1006923,-2.1059988,-2.1139092,-2.1215858,-2.1262295,-2.1299508,-2.1283774,-2.1322482,-2.139795,-2.145768,-2.1496983,-2.1549444,-2.1591113,-2.163154,-2.1640916,-2.164236,-2.1647336,-2.1705277,-2.1772735,-2.1807942,-2.186205,-2.18921,-2.1914935,-2.1944797,-2.198582,-2.2047796,-2.2107472,-2.215386,-2.2194638,-2.2232997,-2.2285295,-2.2343612,-2.2402117,-2.2435527,-2.2458963,-2.2531734,-2.2600892,-2.265765,-2.2662582,-2.2704246,-2.2724938,-2.2749376,-2.2779186,-2.2789912,-2.282445,-2.2877243,-2.292964,-2.296212,-2.2992036,-2.3027008,-2.3091063,-2.3182738,-2.3186162,-2.318847,-2.32688,-2.3325605
72_real,-1.7919391,,,,,,,,,,,,,,,,,,,,,,,,,,,,,,,,,,,,,,,,,,,,,,,,,,,,,,,,-1.9840795,,,,,,,,,,,,,
72_gen,-1.791939,-1.7974558,-1.8017002,-1.8046448,-1.8115778,-1.8189474,-1.8240302,-1.8280836,-1.8338583,-1.8385258,-1.8447247,-1.8532822,-1.859101,-1.8649973,-1.8689992,-1.8726709,-1.875446,-1.885602,-1.8898304,-1.8935906,-1.8940156,-1.8960726,-1.8988838,-1.9006447,-1.9070667,-1.906591,-1.9150454,-1.9169238,-1.9174639,-1.9258677,-1.9318569,-1.9379221,-1.9364965,-1.9418623,-1.9466137,-1.9532478,-1.9562156,-1.960055,-1.9593999,-1.9645157,-1.9678504,-1.9735152,-1.9828892,-1.9850185,-1.9884514,-1.9941286,-1.9964775,-2.0055234,-2.0081537,-2.0160975,-2.0193598,-2.0190392,-2.023293,-2.0236065,-2.026286,-2.0322452,-2.0426393,-2.047279,-2.0499125,-2.0562708,-2.0608823,-2.0627952,-2.0676003,-2.0714335,-2.078524,-2.0792341,-2.0852265,-2.0938118,-2.0993595,-2.1050956
73_real,0.3298309,,,,,,,,,,,,,,,,,,,,,,,,,,,,,,,,,,,,,,,,,,,,,,,,,,,,,,,,0.43499964,,,,,,,,,,,,,
73_gen,0.3298309,0.3243633,0.31807584,0.31019711,0.30442527,0.29671997,0.28873855,0.282592,0.27522022,0.27213717,0.2675472,0.2591696,0.25467968,0.24480982,0.2364573,0.22578964,0.21866977,0.21104896,0.20496078,0.19917358,0.1914771,0.18419914,0.18191299,0.17939773,0.17526624,0.16699943,0.16127178,0.15505266,0.14962524,0.14350154,0.13626963,0.12564036,0.11979153,0.1120324,0.10586648,0.09888594,0.094414264,0.08643388,0.07998223,0.07593708,0.068007,0.058729075,0.052951414,0.041758142,0.03448947,0.028749276,0.023595147,0.017619025,0.009520349,-0.0002061583,-0.012308375,-0.013072623,-0.018723834,-0.025287012,-0.035900973,-0.04031119,-0.04492537,-0.051746845,-0.05784002,-0.06191952,-0.06737913,-0.07590237,-0.08401656,-0.0877326,-0.09213044,-0.09708075,-0.10674616,-0.11381154,-0.12198623,-0.12660614
74_real,0.05337917,,,,,,,,,,,,,,,,,,,,,,,,,,,,,,,,,,,,,,,,,,,,,,,,,,,,,,,,-0.17819755,,,,,,,,,,,,,
74_gen,0.05337917,0.04311501,0.037224628,0.02212596,0.016446512,0.0066329734,0.0007816002,-0.010701653,-0.016557317,-0.022160415,-0.028466072,-0.036056664,-0.04252677,-0.050219268,-0.05777039,-0.06628902,-0.07316169,-0.08178486,-0.087093264,-0.09020245,-0.09396692,-0.10214083,-0.110564634,-0.116866544,-0.11756233,-0.12558052,-0.13119565,-0.13398382,-0.13998154,-0.1453837,-0.15781465,-0.16829607,-0.17253697,-0.18076287,-0.18856698,-0.19870535,-0.20598476,-0.21075423,-0.21806097,-0.22112957,-0.22685699,-0.23275378,-0.24012062,-0.25026137,-0.25498536,-0.26166928,-0.26754358,-0.2736203,-0.27734566,-0.28358644,-0.28946567,-0.29284498,-0.29562965,-0.2972637,-0.30376837,-0.31120324,-0.31504253,-0.31899285,-0.3219379,-0.33343142,-0.34063676,-0.34808785,-0.35373706,-0.36330965,-0.36840376,-0.37652498,-0.38701683,-0.39245597,-0.40164757,-0.41123438
75_real,-0.34225905,,,,,,,,,,,,,,,,,,,,,,,,,,,,,,,,,,,,,,,,,,,,,,,,,,,,,,,,-0.5076619,,,,,,,,,,,,,
75_gen,-0.34225902,-0.34432548,-0.34690937,-0.34962747,-0.3512389,-0.35448653,-0.3570535,-0.35904372,-0.3607227,-0.3601238,-0.36101112,-0.36144462,-0.36812785,-0.3710421,-0.37597695,-0.3764424,-0.37949246,-0.38281447,-0.38375583,-0.38652217,-0.38749772,-0.3909422,-0.3957545,-0.3981945,-0.40359345,-0.40463525,-0.409633,-0.4125637,-0.41546303,-0.41568226,-0.41992205,-0.4201805,-0.42330408,-0.4269852,-0.42861328,-0.4331809,-0.43712944,-0.4411047,-0.44504404,-0.4475626,-0.44926938,-0.4503213,-0.45491505,-0.4579398,-0.46332425,-0.46821505,-0.47172928,-0.47724018,-0.4795772,-0.48145318,-0.48655123,-0.4891153,-0.4894433,-0.4934929,-0.49662185,-0.49839702,-0.5052,-0.5067271,-0.50899124,-0.5108216,-0.51019585,-0.51190406,-0.5150308,-0.5166865,-0.52157617,-0.5226162,-0.52897125,-0.5333269,-0.537224,-0.53990453
76_real,-0.20864858,,,,,,,,,,,,,,,,,,,,,,,,,,,,,,,,,,,,,,,,,,,,,,,,,,,,,,,,-0.44358307,,,,,,,,,,,,,
76_gen,-0.20864859,-0.21223895,-0.21646757,-0.22118883,-0.22784896,-0.23113807,-0.23588903,-0.23742232,-0.2403909,-0.24081287,-0.24306504,-0.24462664,-0.24919803,-0.25257197,-0.25830215,-0.25773787,-0.26125845,-0.26494458,-0.26907992,-0.274064,-0.2759341,-0.27501518,-0.2777644,-0.28068408,-0.28420937,-0.2861392,-0.29225639,-0.29421908,-0.2935705,-0.29255763,-0.29461396,-0.2964742,-0.29755768,-0.29739675,-0.29809937,-0.2995689,-0.30275816,-0.3041545,-0.30363673,-0.30570778,-0.31060535,-0.31145093,-0.31292745,-0.31686598,-0.3193285,-0.3207618,-0.32374278,-0.32861194,-0.32953992,-0.33127767,-0.33653292,-0.33728045,-0.34089416,-0.34688225,-0.34769326,-0.3484542,-0.35243666,-0.35595918,-0.35891193,-0.35861826,-0.36245155,-0.3641915,-0.3668575,-0.3691603,-0.37014323,-0.3740578,-0.3778876,-0.37791806,-0.38266778,-0.38754708
77_real,0.4345309,,,,,,,,,,,,,,,,,,,,,,,,,,,,,,,,,,,,,,,,,,,,,,,,,,,,,,,,0.6949601,,,,,,,,,,,,,
77_gen,0.4345309,0.43109947,0.42309403,0.41661817,0.41378587,0.41124955,0.40963107,0.40724522,0.40152258,0.40020543,0.3981877,0.3942921,0.39167103,0.38502997,0.38040859,0.37757733,0.373837,0.369442,0.3645669,0.3604397,0.3583408,0.354456,0.35008648,0.34356168,0.33824688,0.33698076,0.3311036,0.33133098,0.32639706,0.32403076,0.32330087,0.32137236,0.3148511,0.31578135,0.3117971,0.30609688,0.302512,0.30198082,0.30004063,0.29792905,0.2948829,0.29136714,0.2876498,0.2780879,0.272762,0.26878747,0.2618609,0.2591545,0.2571104,0.25364608,0.24906667,0.24790733,0.23993619,0.23773193,0.23774333,0.23291752,0.2276988,0.22027954,0.2133346,0.20833346,0.20622098,0.20311613,0.19889876,0.19541495,0.19028217,0.18608876,0.18577068,0.1806835,0.17533597,0.16962086
78_real,-0.8326151,,,,,,,,,,,,,,,,,,,,,,,,,,,,,,,,,,,,,,,,,,,,,,,,,,,,,,,,-0.69999695,,,,,,,,,,,,,
78_gen,-0.832615,-0.83682793,-0.8455227,-0.85227525,-0.8588959,-0.86600256,-0.87161005,-0.87718755,-0.88015395,-0.8826316,-0.8834955,-0.8889033,-0.8907646,-0.8920077,-0.8977977,-0.9028085,-0.9097314,-0.91532516,-0.9217766,-0.92879,-0.9328189,-0.93640435,-0.9399067,-0.94456565,-0.94858325,-0.95263994,-0.96070325,-0.96562946,-0.9718825,-0.97811234,-0.9849843,-0.98929787,-0.99888647,-1.0036497,-1.0088444,-1.0135531,-1.0165677,-1.0236255,-1.0293089,-1.036102,-1.0433534,-1.0473971,-1.0515727,-1.0585032,-1.0658718,-1.0723224,-1.0773243,-1.0842597,-1.0860027,-1.0918638,-1.0986755,-1.1057866,-1.1077873,-1.113055,-1.1175413,-1.1229665,-1.1302695,-1.1396099,-1.1474078,-1.1533706,-1.1595542,-1.163773,-1.1709224,-1.174431,-1.1802719,-1.1880283,-1.195383,-1.2010295,-1.2062849,-1.212705
79_real,-0.59749854,,,,,,,,,,,,,,,,,,,,,,,,,,,,,,,,,,,,,,,,,,,,,,,,,,,,,,,,-0.45282847,,,,,,,,,,,,,
79_gen,-0.5974985,-0.6053473,-0.612839,-0.6178168,-0.6226002,-0.62867767,-0.6329749,-0.6385962,-0.64333135,-0.6467489,-0.65202963,-0.656236,-0.66107905,-0.66652715,-0.67100966,-0.67559224,-0.6789575,-0.6833825,-0.68768054,-0.690703,-0.69509315,-0.6979013,-0.7008287,-0.70612144,-0.7101072,-0.7122158,-0.71551675,-0.7213775,-0.7249114,-0.72712857,-0.7320286,-0.7369774,-0.74082786,-0.74552727,-0.74976903,-0.75330335,-0.75897366,-0.76166975,-0.7661454,-0.7693295,-0.7737213,-0.7775069,-0.7827631,-0.7861302,-0.791211,-0.7946993,-0.8008989,-0.805116,-0.80834657,-0.8124178,-0.8167251,-0.8202861,-0.8265128,-0.8314851,-0.8354422,-0.840552,-0.84631854,-0.8533519,-0.858103,-0.86291456,-0.8681577,-0.8717578,-0.87616616,-0.8805443,-0.8847944,-0.88880575,-0.8933361,-0.89946383,-0.9041349,-0.9094472
80_real,-1.388907,,,,,,,,,,,,,,,,,,,,,,,,,,,,,,,,,,,,,,,,,,,,,,,,,,,,,,,,-1.3285253,,,,,,,,,,,,,
80_gen,-1.3889068,-1.3945482,-1.399077,-1.4036475,-1.4088793,-1.4117116,-1.4151698,-1.4193566,-1.422568,-1.4255478,-1.4282267,-1.4311554,-1.4349368,-1.4373953,-1.4408556,-1.4442731,-1.446625,-1.4501961,-1.453015,-1.4564466,-1.4581182,-1.4608746,-1.4632056,-1.4670247,-1.4704125,-1.472739,-1.4746133,-1.4780538,-1.4801232,-1.481961,-1.4869491,-1.490771,-1.4953883,-1.4991872,-1.5011402,-1.5042531,-1.5074642,-1.5115651,-1.5132,-1.514292,-1.5149534,-1.5181322,-1.5220466,-1.5264196,-1.5301211,-1.5328892,-1.534508,-1.5382669,-1.5416049,-1.5454011,-1.5500166,-1.5532153,-1.5554061,-1.5590837,-1.5629315,-1.5655516,-1.5686947,-1.5717247,-1.575282,-1.5789112,-1.583807,-1.5887827,-1.5919528,-1.5975868,-1.5990283,-1.6021597,-1.6039425,-1.6059997,-1.6101345,-1.6159414
81_real,0.9904546,,,,,,,,,,,,,,,,,,,,,,,,,,,,,,,,,,,,,,,,,,,,,,,,,,,,,,,,0.67898136,,,,,,,,,,,,,
81_gen,0.99045455,0.983951,0.97255677,0.96273947,0.9535341,0.94908667,0.9408041,0.9308157,0.9244994,0.9163965,0.911557,0.9065243,0.89982957,0.89021456,0.8838954,0.8760583,0.87147856,0.8647436,0.85778743,0.8535119,0.85062444,0.84293175,0.8342942,0.8302498,0.8237773,0.8194982,0.8134077,0.8075832,0.79984295,0.797317,0.78661186,0.7789429,0.7732707,0.7672552,0.7607453,0.75707567,0.75070083,0.74180204,0.7360592,0.72697765,0.719067,0.71202093,0.7054726,0.6993031,0.6938621,0.68481016,0.67694646,0.66942453,0.6603383,0.65229374,0.6415878,0.633351,0.6301993,0.62502205,0.61758006,0.61018145,0.6048385,0.5947694,0.5873219,0.57600015,0.57042104,0.5642563,0.5563625,0.54979944,0.543437,0.53289706,0.5285965,0.52096593,0.51184213,0.5039416
82_real,0.42920977,,,,,,,,,,,,,,,,,,,,,,,,,,,,,,,,,,,,,,,,,,,,,,,,,,,,,,,,0.13482487,,,,,,,,,,,,,
82_gen,0.42920977,0.42301002,0.41579837,0.4112812,0.40585437,0.39796978,0.39430064,0.3883621,0.38479057,0.37939525,0.37377864,0.36623812,0.36127555,0.3555808,0.3533088,0.34769565,0.3437033,0.33695412,0.3329863,0.3280634,0.32060868,0.3160534,0.30921304,0.30323824,0.29933545,0.2961859,0.29146245,0.28643256,0.28050855,0.275862,0.2689692,0.26542947,0.26056612,0.25525758,0.2524197,0.24771278,0.2431986,0.23735526,0.23102868,0.22771208,0.2210846,0.21583089,0.2137548,0.20715456,0.2010586,0.19917169,0.19299208,0.18723068,0.18337022,0.17688322,0.17081243,0.16570136,0.16053845,0.1559173,0.14982203,0.14454101,0.13829084,0.13490419,0.12782983,0.12167549,0.11648458,0.111970976,0.10675909,0.102215126,0.09691341,0.08814713,0.082968794,0.07747863,0.07152508,0.06503433
83_real,-0.2784813,,,,,,,,,,,,,,,,,,,,,,,,,,,,,,,,,,,,,,,,,,,,,,,,,,,,,,,,-0.32492033,,,,,,,,,,,,,
83_gen,-0.27848127,-0.2852823,-0.29420912,-0.30147058,-0.3087558,-0.31326562,-0.3197363,-0.32531634,-0.33065742,-0.33546752,-0.34092987,-0.34541622,-0.35181424,-0.3586406,-0.3634966,-0.36946052,-0.37575358,-0.3808719,-0.38787794,-0.3911787,-0.39683092,-0.4012181,-0.40661034,-0.41213804,-0.41644937,-0.4225778,-0.42888355,-0.43466765,-0.43972597,-0.44523805,-0.4494198,-0.45335594,-0.45998484,-0.46460906,-0.47088033,-0.47783393,-0.48391175,-0.48882365,-0.4944554,-0.49950823,-0.5053683,-0.5091781,-0.51455677,-0.5199126,-0.5264468,-0.532679,-0.53906494,-0.5441156,-0.55085844,-0.55523926,-0.5604891,-0.56545997,-0.5696592,-0.5736027,-0.5811918,-0.586305,-0.59077203,-0.5979323,-0.604241,-0.6109989,-0.61608285,-0.6210457,-0.62779355,-0.63411534,-0.6381644,-0.6425592,-0.6495178,-0.65534335,-0.6612486,-0.6671647
84_real,0.4266454,,,,,,,,,,,,,,,,,,,,,,,,,,,,,,,,,,,,,,,,,,,,,,,,,,,,,,,,0.3427769,,,,,,,,,,,,,
84_gen,0.42664534,0.41606253,0.40891916,0.40123615,0.39377627,0.38932705,0.3815003,0.37570193,0.3700469,0.3631731,0.35936293,0.35440725,0.34732884,0.3404103,0.3340662,0.32875675,0.32113808,0.31601053,0.30975872,0.30486655,0.2999062,0.2925466,0.28738847,0.28193533,0.2758054,0.2674589,0.26216725,0.25902748,0.25017366,0.24538982,0.23881909,0.23148187,0.22595608,0.22096641,0.21449263,0.20684393,0.20195654,0.19561915,0.19131413,0.18426104,0.17890424,0.17375523,0.16800019,0.16258278,0.15801702,0.15187795,0.14219074,0.1368669,0.13151053,0.12703617,0.12448903,0.11872341,0.1125707,0.10434393,0.09873104,0.0908512,0.08385296,0.076083094,0.06999811,0.06181239,0.059006773,0.05152016,0.04475663,0.03932301,0.034175105,0.028273601,0.022199325,0.013161031,0.004916983,-0.003514003
85_real,-0.5068926,,,,,,,,,,,,,,,,,,,,,,,,,,,,,,,,,,,,,,,,,,,,,,,,,,,,,,,,-0.13779044,,,,,,,,,,,,,
85_gen,-0.5068926,-0.5138129,-0.51765716,-0.5233037,-0.5295547,-0.5360857,-0.5414578,-0.5473203,-0.55035925,-0.55889523,-0.5664726,-0.57216275,-0.5782807,-0.5808413,-0.585004,-0.59163153,-0.59695715,-0.5985168,-0.60190046,-0.60465014,-0.60872465,-0.6139562,-0.6183028,-0.62210184,-0.629193,-0.6348105,-0.6398288,-0.64574564,-0.648406,-0.6553794,-0.6634825,-0.6691212,-0.67598194,-0.68295044,-0.6900287,-0.69533145,-0.70321304,-0.7098878,-0.7161193,-0.71928775,-0.7235285,-0.72784984,-0.73364276,-0.7380401,-0.7421173,-0.74897015,-0.75177497,-0.757939,-0.76602507,-0.77339417,-0.7787811,-0.7874717,-0.7950911,-0.8011159,-0.80705154,-0.8123783,-0.8139001,-0.82164085,-0.8295925,-0.8338567,-0.84250987,-0.846982,-0.85128653,-0.8564418,-0.86445916,-0.8707037,-0.8773247,-0.88537276,-0.8914539,-0.89420354
86_real,0.45897454,,,,,,,,,,,,,,,,,,,,,,,,,,,,,,,,,,,,,,,,,,,,,,,,,,,,,,,,0.30098718,,,,,,,,,,,,,
86_gen,0.45897454,0.45378923,0.4470148,0.44232756,0.43501815,0.42817718,0.41948003,0.41268548,0.4053987,0.40052986,0.39315224,0.38972747,0.38401434,0.3767052,0.36935687,0.36425155,0.3538925,0.34627423,0.34042582,0.33451098,0.32664582,0.32432187,0.31759167,0.30978426,0.303343,0.2996676,0.2948155,0.29019496,0.28362042,0.27846622,0.2723202,0.26918596,0.2627437,0.2594679,0.2537119,0.24529012,0.23799321,0.23294084,0.22483304,0.21902755,0.21294388,0.20585994,0.19951658,0.19353995,0.18633974,0.17982812,0.17729238,0.16795819,0.15975071,0.1548694,0.1501682,0.14478552,0.13894865,0.13020562,0.12387681,0.114696726,0.10897271,0.10451333,0.097859815,0.09136419,0.08485798,0.07643978,0.072241,0.06439157,0.057606883,0.0510718,0.043900616,0.03628963,0.030364413,0.025194893
87_real,0.27657273,,,,,,,,,,,,,,,,,,,,,,,,,,,,,,,,,,,,,,,,,,,,,,,,,,,,,,,,-0.23868118,,,,,,,,,,,,,
87_gen,0.27657273,0.27044985,0.2664269,0.2600958,0.25350267,0.24710853,0.24132445,0.23830335,0.23377557,0.2278268,0.22492616,0.22053635,0.21809705,0.21450177,0.21131282,0.21138184,0.20765352,0.20723622,0.20393157,0.20396122,0.20432493,0.19988048,0.1959502,0.19008195,0.18713418,0.18325686,0.1787357,0.17684837,0.17429513,0.1692585,0.16938278,0.16655734,0.1634002,0.16147651,0.15779062,0.15582299,0.1541607,0.14790584,0.14458194,0.14251885,0.14179876,0.14092717,0.13833897,0.13673694,0.13623998,0.13562307,0.13399756,0.13153403,0.12937832,0.12507242,0.123330735,0.122872256,0.11963476,0.11987072,0.11874821,0.11723359,0.11300329,0.1108814,0.10830419,0.107169375,0.10292026,0.101038754,0.0982136,0.09466738,0.09076897,0.087621585,0.085678264,0.08023902,0.0762698,0.0766424
88_real,-0.38170394,,,,,,,,,,,,,,,,,,,,,,,,,,,,,,,,,,,,,,,,,,,,,,,,,,,,,,,,-0.10945186,,,,,,,,,,,,,
88_gen,-0.3817039,-0.3871054,-0.38954931,-0.39433628,-0.39965448,-0.3998715,-0.4011795,-0.40822035,-0.4103884,-0.41261348,-0.41374707,-0.41533676,-0.42153478,-0.42601934,-0.4306628,-0.43412918,-0.4393217,-0.44226068,-0.44419545,-0.44210726,-0.442928,-0.44379836,-0.4455704,-0.4475453,-0.4511675,-0.45393628,-0.4543167,-0.45598325,-0.4594367,-0.4637075,-0.46691543,-0.46884614,-0.47256988,-0.47536412,-0.47854972,-0.48256373,-0.48787054,-0.48876905,-0.49283504,-0.49495268,-0.50020826,-0.50431573,-0.5090807,-0.51052094,-0.50942355,-0.5116016,-0.5131873,-0.5144559,-0.52168137,-0.5224665,-0.52601135,-0.5297763,-0.5333746,-0.53603715,-0.53759134,-0.5377327,-0.5437387,-0.5504719,-0.55241334,-0.5561116,-0.55831194,-0.5605465,-0.5660261,-0.5706814,-0.5757275,-0.5781184,-0.58211577,-0.5855526,-0.5894922,-0.5933755
89_real,0.45194322,,,,,,,,,,,,,,,,,,,,,,,,,,,,,,,,,,,,,,,,,,,,,,,,,,,,,,,,0.41028932,,,,,,,,,,,,,
89_gen,0.45194322,0.4479447,0.44304436,0.43824577,0.43611416,0.43399954,0.42948827,0.42810717,0.42242727,0.42091927,0.4197216,0.41661006,0.41383734,0.41024852,0.40874305,0.40485564,0.40196267,0.40144253,0.40333885,0.40261203,0.4010405,0.39870453,0.3979194,0.3956198,0.39669973,0.3926784,0.38966638,0.38618237,0.38449243,0.38421604,0.3841084,0.38682073,0.38473904,0.38347986,0.37934962,0.37756127,0.3737468,0.37221944,0.37325338,0.37065703,0.3677427,0.36771914,0.3665695,0.3646677,0.36482474,0.36401397,0.36078203,0.35848054,0.3555414,0.35642332,0.35410064,0.3520692,0.35264397,0.3523997,0.35068756,0.34975994,0.34857076,0.34734574,0.34608153,0.3435717,0.34085158,0.3386941,0.33662271,0.33421922,0.3338992,0.32859647,0.32827038,0.326912,0.32476032,0.32470995
90_real,0.25577053,,,,,,,,,,,,,,,,,,,,,,,,,,,,,,,,,,,,,,,,,,,,,,,,,,,,,,,,0.2661603,,,,,,,,,,,,,
90_gen,0.2557705,0.25063607,0.2463918,0.2455394,0.24412611,0.24173197,0.23929474,0.23723991,0.23573378,0.23493457,0.23312986,0.22901921,0.22810164,0.22677736,0.22472246,0.22511527,0.22153583,0.21693794,0.21578264,0.21421885,0.213238,0.21038029,0.20948009,0.20533672,0.20008235,0.19371404,0.19471566,0.19472913,0.1922694,0.18982477,0.18675032,0.18574658,0.1863899,0.18628106,0.1847955,0.18590774,0.18475504,0.18115988,0.1768758,0.1722379,0.16934203,0.16803789,0.16166866,0.15741214,0.15428999,0.14896503,0.14810982,0.14604299,0.14273101,0.13952567,0.13669296,0.13700323,0.13415572,0.13428676,0.12620343,0.122414306,0.118176915,0.112916425,0.10813806,0.10884738,0.10707636,0.10715228,0.103128515,0.099802434,0.09961023,0.09626997,0.09482991,0.08885748,0.08797834,0.08679865
91_real,0.541537,,,,,,,,,,,,,,,,,,,,,,,,,,,,,,,,,,,,,,,,,,,,,,,,,,,,,,,,0.4213057,,,,,,,,,,,,,
91_gen,0.5415369,0.53269565,0.53029996,0.52569044,0.52396345,0.51994544,0.5175969,0.5138283,0.50786865,0.5040048,0.4987843,0.4934377,0.48870516,0.4866541,0.48439837,0.48099875,0.4779028,0.47432312,0.47022095,0.46794042,0.4659814,0.46301627,0.45825362,0.45468616,0.45055676,0.44568878,0.44271573,0.43818465,0.43318367,0.42995137,0.42595625,0.42064685,0.41991344,0.41826177,0.41348654,0.41064095,0.40881467,0.40533775,0.40311742,0.4001956,0.39544806,0.3897366,0.38738254,0.38402945,0.3795878,0.37721294,0.37366128,0.37034115,0.36835402,0.36514968,0.36219937,0.36173093,0.35876486,0.35412267,0.3498654,0.34687582,0.34486848,0.34188288,0.33914107,0.33679333,0.3360647,0.33293074,0.32976466,0.3250534,0.3270275,0.3227882,0.3216383,0.31893903,0.31796354,0.3149763
92_real,-0.18172175,,,,,,,,,,,,,,,,,,,,,,,,,,,,,,,,,,,,,,,,,,,,,,,,,,,,,,,,-0.0543893,,,,,,,,,,,,,
92_gen,-0.18172173,-0.18464312,-0.18816252,-0.19356978,-0.19602048,-0.19918281,-0.20219645,-0.20479596,-0.20865116,-0.2120287,-0.21510756,-0.21802008,-0.2236639,-0.22627714,-0.22966032,-0.22946528,-0.23185733,-0.23318264,-0.23485544,-0.23736973,-0.24141268,-0.24341369,-0.24646664,-0.2485029,-0.24691102,-0.25217634,-0.25421533,-0.2559483,-0.25802875,-0.26246038,-0.26126012,-0.26654583,-0.2702461,-0.27341142,-0.27678356,-0.27798405,-0.2801562,-0.28495294,-0.288965,-0.29113543,-0.2928926,-0.29485866,-0.29662642,-0.29766297,-0.29966554,-0.30087733,-0.30462328,-0.30460864,-0.30725193,-0.30882835,-0.31202763,-0.31816274,-0.31954086,-0.32667953,-0.32819918,-0.3332104,-0.33387628,-0.33623582,-0.336801,-0.3385503,-0.34217378,-0.34604403,-0.34884527,-0.35122412,-0.3544473,-0.35863438,-0.3615914,-0.3657623,-0.3653269,-0.36932397
93_real,-0.26011184,,,,,,,,,,,,,,,,,,,,,,,,,,,,,,,,,,,,,,,,,,,,,,,,,,,,,,,,0.13032004,,,,,,,,,,,,,
93_gen,-0.26011184,-0.27006072,-0.2767195,-0.28237486,-0.28889754,-0.2940879,-0.3007484,-0.30720338,-0.3134412,-0.3191425,-0.3256674,-0.3306049,-0.33541292,-0.34134078,-0.34730965,-0.35117096,-0.35815158,-0.36312583,-0.36845282,-0.37580028,-0.38180122,-0.38946027,-0.39759308,-0.40407175,-0.4101017,-0.4156758,-0.4205521,-0.42566004,-0.4298319,-0.4339428,-0.44031182,-0.44679236,-0.45303875,-0.45869222,-0.46409187,-0.46906203,-0.4757731,-0.48361522,-0.49095798,-0.49653634,-0.50238335,-0.5073958,-0.50946945,-0.51701933,-0.5222422,-0.528149,-0.5345093,-0.54122335,-0.55035573,-0.556574,-0.5623523,-0.57131517,-0.5758122,-0.58079857,-0.58742005,-0.59277236,-0.5984088,-0.60238105,-0.6090551,-0.6137439,-0.6181258,-0.6237978,-0.6280144,-0.6357015,-0.6421288,-0.64637196,-0.6553663,-0.6604053,-0.66526926,-0.67163736
94_real,-0.19106805,,,,,,,,,,,,,,,,,,,,,,,,,,,,,,,,,,,,,,,,,,,,,,,,,,,,,,,,-0.320858,,,,,,,,,,,,,
94_gen,-0.19106805,-0.20214577,-0.21295147,-0.21944204,-0.22782168,-0.23653948,-0.24302599,-0.25060454,-0.2591954,-0.2699126,-0.27411318,-0.27870253,-0.2863046,-0.292265,-0.29996604,-0.30495226,-0.31713322,-0.32356772,-0.33121338,-0.336114,-0.34302434,-0.34752238,-0.35351834,-0.3593248,-0.36431152,-0.3703688,-0.3794188,-0.38463768,-0.3907158,-0.3959399,-0.40332264,-0.41157192,-0.41798544,-0.42603812,-0.4353558,-0.4408473,-0.44547948,-0.45124045,-0.45850992,-0.4684936,-0.4744989,-0.48136887,-0.48750287,-0.49016142,-0.49617037,-0.5014666,-0.51007485,-0.51544535,-0.52005875,-0.52633286,-0.5333137,-0.5419992,-0.5493811,-0.5567111,-0.5642526,-0.5696174,-0.574333,-0.5816872,-0.58861136,-0.5960484,-0.605199,-0.61194307,-0.6192484,-0.62650955,-0.63422376,-0.6425742,-0.6494483,-0.6537572,-0.6614386,-0.66614014
95_real,-0.2031199,,,,,,,,,,,,,,,,,,,,,,,,,,,,,,,,,,,,,,,,,,,,,,,,,,,,,,,,-0.45572427,,,,,,,,,,,,,
95_gen,-0.2031199,-0.21354619,-0.22479558,-0.23204736,-0.2415142,-0.2523496,-0.26569763,-0.27322719,-0.2820301,-0.28979698,-0.2991113,-0.30455813,-0.30934802,-0.3152493,-0.32394403,-0.3323316,-0.3401821,-0.34410325,-0.34684938,-0.35768577,-0.36598653,-0.37660307,-0.38269934,-0.3900296,-0.39865926,-0.40654778,-0.41715223,-0.42150006,-0.4273064,-0.4356013,-0.44134673,-0.45276913,-0.4585216,-0.4630311,-0.47262898,-0.47809276,-0.48488784,-0.4909827,-0.50026876,-0.5067563,-0.5106683,-0.5160668,-0.5256266,-0.5355052,-0.5457751,-0.5545746,-0.5615837,-0.5684518,-0.5777854,-0.5859973,-0.5924606,-0.60100347,-0.61371124,-0.62320125,-0.63082993,-0.64144003,-0.64949524,-0.65362614,-0.6622538,-0.67826474,-0.68315196,-0.6937871,-0.69844294,-0.7047335,-0.71038806,-0.7126924,-0.72154164,-0.7273206,-0.736092,-0.74242574
96_real,0.21344832,,,,,,,,,,,,,,,,,,,,,,,,,,,,,,,,,,,,,,,,,,,,,,,,,,,,,,,,-0.29092732,,,,,,,,,,,,,
96_gen,0.21344832,0.20631266,0.19357924,0.18681557,0.17302755,0.16768071,0.16039467,0.15217955,0.14812568,0.13808455,0.122801125,0.118013956,0.116245866,0.10952322,0.10327439,0.09754764,0.08932561,0.078369156,0.07570118,0.06689102,0.05695761,0.04638071,0.038347624,0.030562246,0.021011386,0.01324029,0.007159897,0.0027005698,-0.003282243,-0.008608221,-0.01365221,-0.023859777,-0.035443097,-0.042660832,-0.052443452,-0.05797741,-0.06994106,-0.07731928,-0.08102526,-0.09200252,-0.106667235,-0.108780704,-0.1196802,-0.12431403,-0.13409418,-0.14168271,-0.14832681,-0.15717553,-0.16912636,-0.17953682,-0.19047454,-0.1975667,-0.2079637,-0.22092748,-0.22740707,-0.23596668,-0.24422204,-0.2588626,-0.26802954,-0.28084457,-0.2917183,-0.29585657,-0.30500358,-0.3157708,-0.32295102,-0.3311949,-0.34309745,-0.3535554,-0.3628728,-0.36933932
97_real,-0.17479847,,,,,,,,,,,,,,,,,,,,,,,,,,,,,,,,,,,,,,,,,,,,,,,,,,,,,,,,-0.56408346,,,,,,,,,,,,,
97_gen,-0.17479847,-0.1757421,-0.17994286,-0.1818953,-0.18847796,-0.19428551,-0.19568159,-0.19693667,-0.1977741,-0.19810371,-0.20028296,-0.20429707,-0.2085425,-0.20981619,-0.21438865,-0.22175772,-0.22603706,-0.22951853,-0.23158512,-0.23432645,-0.23406486,-0.23697595,-0.23890105,-0.24151286,-0.24936584,-0.2518708,-0.2516591,-0.25179422,-0.2565967,-0.2564302,-0.25999457,-0.26463628,-0.2659863,-0.26999632,-0.2722911,-0.27565706,-0.28117585,-0.28489244,-0.289826,-0.2925015,-0.29748464,-0.30062675,-0.3056817,-0.30867726,-0.31248587,-0.31561947,-0.3203702,-0.3257562,-0.33128533,-0.33470175,-0.33733606,-0.33846053,-0.3376726,-0.34133774,-0.34582075,-0.34788567,-0.35242653,-0.35709888,-0.36287442,-0.36881477,-0.37397912,-0.37830207,-0.382932,-0.38640556,-0.38918638,-0.39242968,-0.3950598,-0.4010949,-0.40587696,-0.40967613
98_real,-0.96890247,,,,,,,,,,,,,,,,,,,,,,,,,,,,,,,,,,,,,,,,,,,,,,,,,,,,,,,,-1.0908436,,,,,,,,,,,,,
98_gen,-0.96890247,-0.9728052,-0.97132176,-0.9745325,-0.9750757,-0.97808826,-0.97940856,-0.98618305,-0.99211663,-0.99376947,-0.9953739,-0.99815035,-1.0053728,-1.0079312,-1.0101966,-1.014931,-1.0202003,-1.0248957,-1.029488,-1.0333195,-1.0360711,-1.0397285,-1.0456375,-1.0479867,-1.0513527,-1.0542625,-1.0602541,-1.0623852,-1.067972,-1.0709845,-1.075091,-1.0773313,-1.080243,-1.0841762,-1.0856376,-1.0926026,-1.0962207,-1.1009616,-1.1058321,-1.110253,-1.1128365,-1.1184781,-1.1209893,-1.1253424,-1.1301572,-1.1366241,-1.1400963,-1.1436526,-1.1476624,-1.1544846,-1.1567056,-1.1637876,-1.1678833,-1.1710083,-1.174631,-1.179612,-1.1816196,-1.186095,-1.1901269,-1.1958804,-1.1997722,-1.2042638,-1.2094686,-1.2144506,-1.21875,-1.224088,-1.2304416,-1.2303475,-1.2304735,-1.2346342
99_real,0.7161847,,,,,,,,,,,,,,,,,,,,,,,,,,,,,,,,,,,,,,,,,,,,,,,,,,,,,,,,0.46875197,,,,,,,,,,,,,
99_gen,0.7161847,0.71699667,0.71403384,0.71191835,0.71200716,0.71032286,0.7107109,0.708611,0.7050999,0.7007062,0.6971098,0.69360846,0.6913887,0.68797016,0.68557394,0.6828942,0.6814321,0.6779914,0.67779875,0.6749786,0.67213094,0.6695797,0.66955096,0.66766274,0.6646869,0.66362906,0.66209495,0.6620613,0.66095686,0.6587883,0.65609294,0.6514341,0.6468113,0.6446465,0.64073116,0.6371659,0.6336133,0.636833,0.6340714,0.62917566,0.62687635,0.6218945,0.6177745,0.617669,0.61458343,0.6115588,0.60874677,0.604497,0.6024513,0.601741,0.60042906,0.59821385,0.5964784,0.5922051,0.5917829,0.58581275,0.58152896,0.5751338,0.573662,0.5729747,0.57062453,0.5688211,0.5662409,0.5629252,0.5607697,0.5545906,0.5478598,0.5432928,0.54065526,0.538003
100_real,0.76642525,,,,,,,,,,,,,,,,,,,,,,,,,,,,,,,,,,,,,,,,,,,,,,,,,,,,,,,,0.6736825,,,,,,,,,,,,,
100_gen,0.7664252,0.75909066,0.7533743,0.74803853,0.74401486,0.7390918,0.7370695,0.7325565,0.7307903,0.724784,0.7211262,0.72179973,0.71740544,0.71673596,0.71498704,0.71291476,0.7098832,0.70599353,0.7015069,0.6997856,0.6955463,0.69149303,0.6858964,0.6850921,0.68397045,0.6807126,0.6745705,0.67379016,0.67243075,0.6674067,0.66663945,0.6600674,0.6564864,0.65453035,0.65302545,0.64924955,0.6462383,0.6419164,0.63979876,0.6337135,0.62961406,0.62535864,0.61965704,0.6203478,0.61621046,0.61210907,0.6063106,0.6023181,0.5992116,0.5951097,0.5910302,0.58695966,0.58389294,0.58287615,0.58049226,0.574156,0.57018524,0.56612074,0.5609169,0.5581687,0.5529234,0.55384314,0.54649705,0.5428987,0.5403072,0.5378876,0.53311694,0.5295494,0.52715695,0.522787
101_real,-0.34402624,,,,,,,,,,,,,,,,,,,,,,,,,,,,,,,,,,,,,,,,,,,,,,,,,,,,,,,,-0.15775576,,,,,,,,,,,,,
101_gen,-0.34402627,-0.34997886,-0.3537509,-0.36172956,-0.36964834,-0.3729064,-0.37740055,-0.38173142,-0.39106756,-0.40009254,-0.40446767,-0.41150942,-0.41460428,-0.4174897,-0.42561418,-0.43043962,-0.43646732,-0.43988672,-0.44506082,-0.4525749,-0.4566141,-0.45951915,-0.46408296,-0.4659802,-0.4730289,-0.47776446,-0.47901553,-0.48212337,-0.48760748,-0.49347696,-0.49895582,-0.5060992,-0.5124513,-0.51773345,-0.52356184,-0.5315013,-0.535692,-0.5404092,-0.54593384,-0.5516186,-0.5562595,-0.56295955,-0.56641585,-0.57111084,-0.57118964,-0.574062,-0.577155,-0.5820108,-0.5852402,-0.58826464,-0.59204423,-0.5953526,-0.6026912,-0.6063697,-0.60872346,-0.61228424,-0.6180459,-0.62143445,-0.62836075,-0.63130915,-0.6356276,-0.6399957,-0.6441978,-0.6478101,-0.65384775,-0.6578702,-0.6639707,-0.67054,-0.67575884,-0.68029773
102_real,-0.056993794,,,,,,,,,,,,,,,,,,,,,,,,,,,,,,,,,,,,,,,,,,,,,,,,,,,,,,,,0.043423798,,,,,,,,,,,,,
102_gen,-0.05699379,-0.06545522,-0.075867124,-0.084801674,-0.09426049,-0.10120962,-0.106869265,-0.1122518,-0.11741283,-0.1249789,-0.12812683,-0.1335277,-0.13976173,-0.14593664,-0.15367427,-0.15984921,-0.16109513,-0.16751772,-0.17363988,-0.18005309,-0.18587036,-0.19069356,-0.19706655,-0.19994132,-0.20480852,-0.21086748,-0.22016439,-0.22510412,-0.23094694,-0.2377967,-0.24270459,-0.25090265,-0.25672358,-0.2643584,-0.2724253,-0.27783233,-0.28303945,-0.28869662,-0.29337645,-0.3005894,-0.30412823,-0.3098821,-0.31252646,-0.31741044,-0.32122082,-0.32559997,-0.33354253,-0.3407006,-0.34862477,-0.3559151,-0.3639999,-0.37077004,-0.37297997,-0.38095933,-0.38473552,-0.39078814,-0.39907867,-0.40591604,-0.41086596,-0.41554204,-0.4230706,-0.42934528,-0.43617263,-0.43982044,-0.44707337,-0.45148057,-0.45716113,-0.4651336,-0.47233996,-0.47873226
103_real,-0.9286402,,,,,,,,,,,,,,,,,,,,,,,,,,,,,,,,,,,,,,,,,,,,,,,,,,,,,,,,-1.0568459,,,,,,,,,,,,,
103_gen,-0.92864025,-0.93521464,-0.94045955,-0.9437319,-0.94938135,-0.9559991,-0.9596194,-0.96473855,-0.9673413,-0.97209847,-0.97752535,-0.98279685,-0.9878391,-0.99133855,-0.9949395,-1.0003741,-1.0045497,-1.0087314,-1.0128796,-1.01746,-1.0230688,-1.0269334,-1.0322373,-1.0386547,-1.042347,-1.0472949,-1.0536282,-1.0584838,-1.0656997,-1.0680841,-1.0736197,-1.0775363,-1.0814998,-1.0882587,-1.0928376,-1.0981038,-1.1022465,-1.1068668,-1.1110582,-1.1148925,-1.1191494,-1.1230558,-1.1278552,-1.1296076,-1.1324341,-1.1379987,-1.1437552,-1.1488879,-1.1553588,-1.1623455,-1.1664026,-1.168689,-1.1741078,-1.1786549,-1.183089,-1.1870601,-1.1922721,-1.1975212,-1.2036412,-1.209945,-1.2150836,-1.2224457,-1.2264782,-1.23119,-1.2348077,-1.2396176,-1.2447553,-1.2476404,-1.2516129,-1.2549936
104_real,0.26423338,,,,,,,,,,,,,,,,,,,,,,,,,,,,,,,,,,,,,,,,,,,,,,,,,,,,,,,,0.14557332,,,,,,,,,,,,,
104_gen,0.26423338,0.2563173,0.24969661,0.24422161,0.23782381,0.23459497,0.23203942,0.22859946,0.22460651,0.21807697,0.2132153,0.20702651,0.20234685,0.19602494,0.19227539,0.18742058,0.18473023,0.18109134,0.17588443,0.16993728,0.1654687,0.15735015,0.14896351,0.14554098,0.13884938,0.13357481,0.12494477,0.12110232,0.11666612,0.11371386,0.10831592,0.10302045,0.09726001,0.089668855,0.08427628,0.08141886,0.075187735,0.071428284,0.06688322,0.06324185,0.054452635,0.051530607,0.04627139,0.043337625,0.039461635,0.030212712,0.02588864,0.018986527,0.010534195,0.0040962202,0.00061766093,-0.005760248,-0.012097475,-0.018191742,-0.023340791,-0.02875315,-0.034573793,-0.041718237,-0.04620134,-0.04988555,-0.05926757,-0.06372593,-0.06927048,-0.07367806,-0.08053434,-0.08811513,-0.09624906,-0.102734946,-0.10980533,-0.11389893
105_real,0.6899094,,,,,,,,,,,,,,,,,,,,,,,,,,,,,,,,,,,,,,,,,,,,,,,,,,,,,,,,0.52457976,,,,,,,,,,,,,
105_gen,0.6899094,0.68249476,0.6781041,0.67042005,0.66543335,0.66050404,0.65435356,0.64932245,0.64307797,0.6389588,0.63458073,0.6315277,0.6258407,0.62194157,0.61902875,0.6164915,0.6131078,0.6092597,0.6035035,0.5984902,0.59542984,0.5911151,0.58593184,0.5805849,0.57473266,0.56907517,0.5663754,0.56164443,0.55812675,0.55598736,0.5538491,0.5488839,0.5440914,0.5412087,0.53842086,0.5345671,0.5327818,0.5304819,0.52570236,0.52151614,0.52087533,0.5170238,0.5109583,0.50702405,0.5013719,0.49574047,0.49246302,0.48698992,0.4835627,0.47866827,0.4713162,0.4667995,0.4659624,0.46280128,0.45727977,0.45256948,0.45014387,0.444764,0.44117674,0.43860155,0.43365997,0.4292481,0.42377847,0.421391,0.41614175,0.40997687,0.40451908,0.39889076,0.39509514,0.39042854
106_real,-0.40502807,,,,,,,,,,,,,,,,,,,,,,,,,,,,,,,,,,,,,,,,,,,,,,,,,,,,,,,,-0.1676662,,,,,,,,,,,,,
106_gen,-0.40502805,-0.41193777,-0.41827792,-0.42469192,-0.4289066,-0.43315706,-0.4350627,-0.43830624,-0.44058695,-0.44405374,-0.4471508,-0.45176512,-0.45535222,-0.4601062,-0.46074095,-0.46370453,-0.4667243,-0.47005334,-0.47659564,-0.47677618,-0.47965446,-0.48237118,-0.4854769,-0.48781627,-0.4909882,-0.49380913,-0.49601007,-0.49721494,-0.50014246,-0.5020528,-0.5054275,-0.5104598,-0.5120315,-0.514791,-0.51758516,-0.520723,-0.5244833,-0.5274556,-0.52919835,-0.5312859,-0.53193367,-0.53314257,-0.53497094,-0.53875345,-0.54210037,-0.5437196,-0.5475288,-0.54964554,-0.55254924,-0.55620074,-0.557034,-0.56011057,-0.56371486,-0.5668086,-0.5700313,-0.5712453,-0.57277435,-0.5748248,-0.57879055,-0.5841395,-0.5863606,-0.5888237,-0.59214234,-0.5957565,-0.59737325,-0.60061383,-0.60251206,-0.6071598,-0.60964465,-0.6144927
107_real,-0.47452825,,,,,,,,,,,,,,,,,,,,,,,,,,,,,,,,,,,,,,,,,,,,,,,,,,,,,,,,-0.26452923,,,,,,,,,,,,,
107_gen,-0.47452825,-0.4874378,-0.49819976,-0.5039659,-0.51113087,-0.51862913,-0.5252298,-0.53047085,-0.53626406,-0.54287374,-0.54925287,-0.5533614,-0.56022036,-0.56650454,-0.57169664,-0.5761682,-0.58201176,-0.5872294,-0.5953368,-0.5988978,-0.6027004,-0.60975105,-0.6160149,-0.6220063,-0.62858075,-0.6344663,-0.6433115,-0.6510242,-0.65591127,-0.6618565,-0.66743875,-0.67595166,-0.68192947,-0.68869936,-0.6927215,-0.69688374,-0.70270294,-0.7094485,-0.7137459,-0.7182492,-0.72403777,-0.72860897,-0.7345289,-0.74080116,-0.7465449,-0.75264245,-0.75771135,-0.76263446,-0.7692335,-0.7753289,-0.78229725,-0.78995717,-0.79701614,-0.8037836,-0.8091322,-0.8170907,-0.8245683,-0.82863075,-0.8370385,-0.84358436,-0.84852666,-0.8556816,-0.8624507,-0.8705351,-0.87514704,-0.88050395,-0.8867041,-0.893213,-0.900198,-0.9045412
108_real,-1.3445593,,,,,,,,,,,,,,,,,,,,,,,,,,,,,,,,,,,,,,,,,,,,,,,,,,,,,,,,-1.2469715,,,,,,,,,,,,,
108_gen,-1.3445594,-1.3539516,-1.3603706,-1.368434,-1.3741264,-1.3810052,-1.3888075,-1.3961618,-1.4041332,-1.4091138,-1.415851,-1.4254026,-1.432858,-1.4399296,-1.4471133,-1.4533435,-1.4604453,-1.469503,-1.4726255,-1.4805304,-1.4873483,-1.4931684,-1.4963745,-1.5031734,-1.5098177,-1.5157654,-1.519785,-1.525357,-1.5296105,-1.5366547,-1.5419143,-1.5473224,-1.5534613,-1.5595839,-1.5671651,-1.5725918,-1.579504,-1.5854936,-1.5908473,-1.597997,-1.6020104,-1.6099031,-1.6163988,-1.623168,-1.6289698,-1.6347402,-1.6421267,-1.6489251,-1.6576525,-1.6634386,-1.6708171,-1.6749938,-1.6804127,-1.6872886,-1.6918592,-1.6973741,-1.7004881,-1.7049668,-1.7115322,-1.7179989,-1.7219286,-1.7281923,-1.7317321,-1.7392521,-1.7473724,-1.7547392,-1.7610306,-1.7698934,-1.7741073,-1.7815368
109_real,0.21457711,,,,,,,,,,,,,,,,,,,,,,,,,,,,,,,,,,,,,,,,,,,,,,,,,,,,,,,,-0.12058242,,,,,,,,,,,,,
109_gen,0.21457711,0.20771113,0.20308152,0.19582383,0.1884971,0.18086664,0.1724126,0.16859873,0.16569342,0.15989056,0.15381329,0.14824422,0.14089312,0.13202122,0.12716869,0.12343848,0.1154082,0.109194614,0.10491209,0.09965096,0.095337376,0.08936317,0.082632385,0.07823275,0.07041216,0.06305101,0.060655523,0.054021083,0.046720546,0.040352147,0.033926122,0.030715957,0.02913096,0.021164164,0.014513833,0.010422138,0.000109339875,-0.003833854,-0.011742359,-0.017364852,-0.025047595,-0.033931997,-0.045615748,-0.052749954,-0.062240303,-0.07146211,-0.080852285,-0.08750609,-0.08974327,-0.09512936,-0.105779245,-0.11533185,-0.11917527,-0.1275163,-0.13830903,-0.14642671,-0.15361106,-0.16304323,-0.1715785,-0.18035284,-0.18354057,-0.18792316,-0.19447422,-0.2036486,-0.21125212,-0.2205387,-0.23030838,-0.2376583,-0.24571607,-0.2522087
110_real,0.14414507,,,,,,,,,,,,,,,,,,,,,,,,,,,,,,,,,,,,,,,,,,,,,,,,,,,,,,,,-0.104917295,,,,,,,,,,,,,
110_gen,0.14414506,0.13855328,0.13345324,0.12624994,0.1191629,0.11049217,0.10135522,0.09110047,0.085016534,0.075066686,0.068805404,0.062012125,0.05547477,0.049534608,0.045080207,0.03650545,0.030824814,0.023538785,0.021267442,0.013436732,0.0082456805,0.0001371069,-0.0042163795,-0.012787391,-0.01939448,-0.028128784,-0.029492876,-0.034731846,-0.041170813,-0.046452083,-0.050788213,-0.057265736,-0.06671021,-0.07444841,-0.085050896,-0.094622836,-0.105009735,-0.11280946,-0.11811286,-0.12344732,-0.1316541,-0.13834487,-0.14528906,-0.15249643,-0.16073649,-0.16606371,-0.17045149,-0.17777972,-0.18463185,-0.19442056,-0.2004017,-0.20630446,-0.21394122,-0.22191732,-0.23175526,-0.23895355,-0.24317332,-0.2533641,-0.25660238,-0.26599908,-0.26909214,-0.27487534,-0.27999145,-0.289521,-0.29562676,-0.306912,-0.3159346,-0.32254615,-0.32814002,-0.33837324
111_real,0.14306033,,,,,,,,,,,,,,,,,,,,,,,,,,,,,,,,,,,,,,,,,,,,,,,,,,,,,,,,0.10262785,,,,,,,,,,,,,
111_gen,0.14306033,0.1288453,0.11734682,0.11037781,0.09893279,0.090558164,0.07927165,0.068434834,0.062078215,0.052138884,0.04327849,0.034649413,0.024527099,0.016632441,0.009304796,0.0018513001,-0.007808736,-0.016412271,-0.02175189,-0.032882474,-0.042135112,-0.049808655,-0.057611167,-0.06658618,-0.07577488,-0.08220376,-0.08934301,-0.09709994,-0.1067398,-0.11273651,-0.11995517,-0.12758037,-0.13697857,-0.14878878,-0.15725693,-0.16390586,-0.17182644,-0.18061855,-0.1887158,-0.19644797,-0.20342004,-0.2118893,-0.22024015,-0.22885966,-0.23840383,-0.2450804,-0.25612336,-0.26500577,-0.2726208,-0.28186613,-0.29193148,-0.30177757,-0.3079204,-0.31646758,-0.32293922,-0.32791668,-0.33658257,-0.34534702,-0.35229975,-0.35892054,-0.3670606,-0.37529644,-0.38609242,-0.39389813,-0.40075713,-0.40857086,-0.41433722,-0.42272887,-0.43165365,-0.44214988
112_real,0.20162785,,,,,,,,,,,,,,,,,,,,,,,,,,,,,,,,,,,,,,,,,,,,,,,,,,,,,,,,0.12878214,,,,,,,,,,,,,
112_gen,0.20162785,0.18873069,0.1819616,0.17033096,0.15557508,0.14441869,0.13552324,0.12473402,0.11420314,0.1052712,0.09801806,0.09110294,0.07903521,0.068479426,0.060907584,0.0514142,0.042552352,0.034735106,0.026954766,0.016075559,0.0101797255,0.0022494358,-0.005042492,-0.0124519095,-0.02017804,-0.029524738,-0.038151305,-0.047163405,-0.054163463,-0.061801452,-0.06942004,-0.07926762,-0.0887683,-0.096650325,-0.102957055,-0.11422856,-0.12086531,-0.12952438,-0.1369032,-0.14678717,-0.1535777,-0.15982439,-0.16417891,-0.17331399,-0.18045373,-0.19066855,-0.19963552,-0.20932832,-0.21883789,-0.22702983,-0.23155048,-0.24104305,-0.24815226,-0.25745317,-0.26612797,-0.27519262,-0.28267813,-0.28777888,-0.2947761,-0.30246976,-0.3123724,-0.32155958,-0.33106956,-0.33850616,-0.34900662,-0.35766214,-0.3661523,-0.37457246,-0.38268727,-0.39231235
113_real,-0.8876154,,,,,,,,,,,,,,,,,,,,,,,,,,,,,,,,,,,,,,,,,,,,,,,,,,,,,,,,-0.89371735,,,,,,,,,,,,,
113_gen,-0.8876153,-0.8925703,-0.8975546,-0.8987459,-0.90536165,-0.91130555,-0.9131856,-0.91949177,-0.9231569,-0.927005,-0.9299885,-0.9365691,-0.939353,-0.9426379,-0.9447587,-0.94680846,-0.9506547,-0.95511645,-0.95743275,-0.96331817,-0.96731615,-0.9714304,-0.97492903,-0.9806765,-0.9856259,-0.989848,-0.99245435,-0.9960519,-0.99935615,-1.0004232,-1.0085529,-1.0126585,-1.0161682,-1.0197089,-1.0293876,-1.0342782,-1.0420201,-1.0464749,-1.0540516,-1.0617754,-1.0644337,-1.0688232,-1.07313,-1.0785002,-1.0831597,-1.0868028,-1.0911196,-1.0972021,-1.1026089,-1.1045688,-1.1068404,-1.113821,-1.1200659,-1.1275065,-1.1305958,-1.1367097,-1.1405294,-1.1468079,-1.1516268,-1.1568335,-1.1590369,-1.1654769,-1.170268,-1.1759965,-1.1783069,-1.1815553,-1.1872852,-1.1897237,-1.1963431,-1.2015789
114_real,-0.90384865,,,,,,,,,,,,,,,,,,,,,,,,,,,,,,,,,,,,,,,,,,,,,,,,,,,,,,,,-0.91963357,,,,,,,,,,,,,
114_gen,-0.90384865,-0.9109085,-0.9163739,-0.92549944,-0.93209773,-0.93704164,-0.9420223,-0.9444386,-0.951296,-0.9551608,-0.95990956,-0.9666193,-0.9653516,-0.97097147,-0.9731903,-0.9760749,-0.98001444,-0.9832641,-0.98607045,-0.9903156,-0.99195987,-0.9962999,-1.0022156,-1.0037225,-1.0111656,-1.0161717,-1.0203975,-1.0263575,-1.0272853,-1.0324694,-1.0360616,-1.0382522,-1.0398191,-1.0443884,-1.0497389,-1.051496,-1.053817,-1.0608598,-1.0621593,-1.0628091,-1.064779,-1.066218,-1.0691538,-1.0778353,-1.08011,-1.084399,-1.0868179,-1.090091,-1.0923823,-1.0972794,-1.1011865,-1.102165,-1.1077013,-1.109572,-1.1126206,-1.1169741,-1.1233752,-1.1259584,-1.1329724,-1.1389958,-1.1448076,-1.1492511,-1.153287,-1.1587595,-1.1622822,-1.1684493,-1.1725336,-1.174177,-1.1766763,-1.181683
115_real,-1.2514365,,,,,,,,,,,,,,,,,,,,,,,,,,,,,,,,,,,,,,,,,,,,,,,,,,,,,,,,-1.203626,,,,,,,,,,,,,
115_gen,-1.2514364,-1.2531712,-1.2571075,-1.2580281,-1.2594153,-1.2627723,-1.2731346,-1.2801497,-1.2858385,-1.2927798,-1.2956259,-1.3019016,-1.2998939,-1.3054597,-1.3084319,-1.3118955,-1.3202618,-1.3255529,-1.3284837,-1.3303381,-1.3352408,-1.3420415,-1.3486779,-1.3517101,-1.355259,-1.3605213,-1.3684485,-1.3739617,-1.3802105,-1.3849685,-1.3880349,-1.3914883,-1.3946798,-1.3979294,-1.3996427,-1.4051408,-1.4061606,-1.4108121,-1.4161215,-1.4182928,-1.4206288,-1.424635,-1.4273207,-1.4310058,-1.4364218,-1.4411747,-1.442929,-1.4483624,-1.4498588,-1.4563868,-1.4562247,-1.4660301,-1.4687836,-1.4729297,-1.4785659,-1.4795405,-1.4811704,-1.4832276,-1.4866146,-1.4919707,-1.4981301,-1.5021087,-1.5071899,-1.5176632,-1.5265062,-1.5310363,-1.5344877,-1.5352083,-1.5396035,-1.5432222
116_real,-1.2177659,,,,,,,,,,,,,,,,,,,,,,,,,,,,,,,,,,,,,,,,,,,,,,,,,,,,,,,,-1.1878242,,,,,,,,,,,,,
116_gen,-1.2177659,-1.2316802,-1.2395213,-1.243442,-1.2533752,-1.265104,-1.2735751,-1.2805866,-1.287823,-1.2899461,-1.2998179,-1.3080869,-1.3156276,-1.3225992,-1.3308656,-1.3339798,-1.337858,-1.3435766,-1.3467114,-1.3419511,-1.3520572,-1.3571255,-1.3598533,-1.3674335,-1.3672825,-1.3745632,-1.3774012,-1.3804277,-1.3906865,-1.4005697,-1.405449,-1.4016873,-1.4077704,-1.4153055,-1.4192921,-1.421278,-1.423135,-1.4296521,-1.4348775,-1.4392557,-1.4447842,-1.4503651,-1.4562376,-1.4617858,-1.4632576,-1.4651554,-1.4680624,-1.4705857,-1.4738407,-1.4797641,-1.4873136,-1.4926581,-1.4982644,-1.5007695,-1.509004,-1.5106833,-1.5141256,-1.5168573,-1.5200721,-1.5256742,-1.5318742,-1.539259,-1.5447859,-1.551413,-1.5546927,-1.5581553,-1.5608795,-1.564636,-1.5660474,-1.5683403
117_real,0.0276915,,,,,,,,,,,,,,,,,,,,,,,,,,,,,,,,,,,,,,,,,,,,,,,,,,,,,,,,0.00512201,,,,,,,,,,,,,
117_gen,0.027691502,0.022016488,0.017194074,0.013579513,0.005547603,0.0021068815,-0.0018999849,-0.007425656,-0.009997742,-0.015490186,-0.020209927,-0.023688419,-0.027900394,-0.030475726,-0.035073414,-0.041778125,-0.046684474,-0.052526843,-0.05849998,-0.060761224,-0.06682106,-0.07041544,-0.07428597,-0.079189055,-0.08108217,-0.086942434,-0.09179498,-0.09671436,-0.10162703,-0.105577946,-0.11027865,-0.11783216,-0.120702505,-0.1256945,-0.13199654,-0.13824597,-0.14154507,-0.14655297,-0.15121534,-0.15479657,-0.16047545,-0.16568433,-0.1706383,-0.17405522,-0.17686903,-0.18189265,-0.18630865,-0.18809628,-0.19412404,-0.20073357,-0.2038631,-0.20866409,-0.21231863,-0.21862891,-0.22403064,-0.22720504,-0.23252706,-0.23710728,-0.24300599,-0.24902304,-0.2552875,-0.259672,-0.2651825,-0.26998457,-0.27491128,-0.28115073,-0.2879724,-0.2935567,-0.30031142,-0.30470824
118_real,-0.025216952,,,,,,,,,,,,,,,,,,,,,,,,,,,,,,,,,,,,,,,,,,,,,,,,,,,,,,,,-0.09702552,,,,,,,,,,,,,
118_gen,-0.025216952,-0.029213557,-0.03450748,-0.039925117,-0.043178324,-0.046946462,-0.053697884,-0.057586063,-0.0623084,-0.06807481,-0.07087715,-0.07442981,-0.08033017,-0.08597483,-0.09119863,-0.0968267,-0.10183351,-0.10591046,-0.10947569,-0.11434007,-0.118158184,-0.12255927,-0.12771085,-0.1335806,-0.1398088,-0.14422171,-0.15068679,-0.15656726,-0.16043207,-0.16610515,-0.1723459,-0.17787342,-0.17946383,-0.18266292,-0.18577546,-0.18900083,-0.19450322,-0.19657438,-0.20044586,-0.20558552,-0.21131763,-0.21634984,-0.22010009,-0.22664404,-0.2317039,-0.23509875,-0.24204087,-0.24552166,-0.2501362,-0.25466818,-0.26010364,-0.26778486,-0.27074307,-0.274426,-0.28035837,-0.28509825,-0.289224,-0.29652533,-0.3004799,-0.30509236,-0.30967984,-0.31453913,-0.3186287,-0.32517093,-0.32903153,-0.33397335,-0.34010702,-0.34590226,-0.35097155,-0.3577625
119_real,-0.41835868,,,,,,,,,,,,,,,,,,,,,,,,,,,,,,,,,,,,,,,,,,,,,,,,,,,,,,,,-0.46676135,,,,,,,,,,,,,
119_gen,-0.41835874,-0.42870212,-0.43782616,-0.44792217,-0.45472354,-0.4609201,-0.46892777,-0.47160387,-0.47674972,-0.48040932,-0.48385152,-0.4914669,-0.501177,-0.5054053,-0.5112334,-0.5180134,-0.52060825,-0.52644706,-0.53065807,-0.5385871,-0.54520977,-0.5477788,-0.55283594,-0.55773443,-0.56422555,-0.56882244,-0.57309866,-0.5780955,-0.58299863,-0.5906361,-0.5959626,-0.6023219,-0.60556364,-0.6113755,-0.6142968,-0.6218417,-0.6287161,-0.63472235,-0.6420805,-0.6498182,-0.6546912,-0.6618039,-0.66296047,-0.669972,-0.6746467,-0.6786891,-0.6850458,-0.6879276,-0.69390494,-0.6979586,-0.70450944,-0.71025735,-0.7157975,-0.7197081,-0.7262163,-0.7328824,-0.739292,-0.74459845,-0.74860775,-0.75501835,-0.76153433,-0.7625327,-0.76602805,-0.7743963,-0.77970994,-0.7820247,-0.78725415,-0.7896161,-0.79892296,-0.80470145
120_real,-0.5619732,,,,,,,,,,,,,,,,,,,,,,,,,,,,,,,,,,,,,,,,,,,,,,,,,,,,,,,,-0.45498762,,,,,,,,,,,,,
120_gen,-0.56197315,-0.56821203,-0.5776405,-0.58645666,-0.5931866,-0.60434973,-0.61584884,-0.6246537,-0.6351168,-0.64054126,-0.64470685,-0.64901876,-0.6579908,-0.66315615,-0.66865444,-0.679562,-0.6870004,-0.69436914,-0.7037655,-0.7083273,-0.7152756,-0.72660017,-0.7293657,-0.7396679,-0.75029606,-0.75526375,-0.7606259,-0.7672419,-0.77689755,-0.7845197,-0.78719515,-0.7943166,-0.8053726,-0.8128203,-0.8211088,-0.8298772,-0.83834636,-0.8474242,-0.85553896,-0.861595,-0.8737137,-0.8787283,-0.8855464,-0.8880359,-0.8917615,-0.9000867,-0.90881366,-0.9160921,-0.92548215,-0.9316846,-0.94018304,-0.9475254,-0.9552787,-0.9608434,-0.96830046,-0.9801636,-0.9924737,-1.0008422,-1.0075333,-1.0184231,-1.0265523,-1.0375978,-1.0423812,-1.0494406,-1.0557587,-1.0612484,-1.0663865,-1.0763968,-1.0884079,-1.0952747
121_real,-0.36665788,,,,,,,,,,,,,,,,,,,,,,,,,,,,,,,,,,,,,,,,,,,,,,,,,,,,,,,,-0.4906592,,,,,,,,,,,,,
121_gen,-0.3666579,-0.37164798,-0.3758711,-0.37769186,-0.38084278,-0.38619572,-0.38999128,-0.39572963,-0.4022421,-0.40634006,-0.41439176,-0.41811585,-0.41936547,-0.42444053,-0.4297461,-0.43592072,-0.44025034,-0.44343653,-0.44719034,-0.45471078,-0.45804396,-0.45796996,-0.45922852,-0.46190053,-0.46849084,-0.47330707,-0.47828406,-0.4808488,-0.4861177,-0.4910299,-0.4914767,-0.4972983,-0.4998835,-0.5049501,-0.5103899,-0.5161019,-0.5181526,-0.5210441,-0.5249227,-0.5262443,-0.53142583,-0.5361764,-0.54236233,-0.5504843,-0.5559996,-0.5632704,-0.5694451,-0.57209575,-0.57815313,-0.5789138,-0.583294,-0.5879282,-0.5916917,-0.59803575,-0.60666716,-0.6122993,-0.61996686,-0.62188876,-0.6286026,-0.63229597,-0.6405291,-0.64815336,-0.64829403,-0.6550931,-0.6580501,-0.6633712,-0.6711877,-0.67924345,-0.6864747,-0.6918057
122_real,-0.30338565,,,,,,,,,,,,,,,,,,,,,,,,,,,,,,,,,,,,,,,,,,,,,,,,,,,,,,,,-0.280808,,,,,,,,,,,,,
122_gen,-0.30338567,-0.31417674,-0.3228485,-0.32916173,-0.33645782,-0.33874345,-0.34457102,-0.35404718,-0.36143276,-0.36407122,-0.367856,-0.37401718,-0.38462386,-0.39158165,-0.3975102,-0.40608525,-0.40965062,-0.41597944,-0.4196183,-0.4266943,-0.4304873,-0.43291125,-0.4416585,-0.4474538,-0.45131603,-0.45655426,-0.4580729,-0.46740746,-0.47548175,-0.479426,-0.48637098,-0.49665517,-0.5038807,-0.512168,-0.5186921,-0.52324957,-0.52823937,-0.535184,-0.5392965,-0.5482787,-0.55624765,-0.56406,-0.56788886,-0.5695073,-0.5763917,-0.58016694,-0.5872413,-0.592325,-0.60038227,-0.60430825,-0.613418,-0.6167828,-0.62438077,-0.63352865,-0.63723636,-0.640414,-0.64434224,-0.6533147,-0.6561864,-0.66360253,-0.6713959,-0.67825025,-0.6816083,-0.6843959,-0.6904517,-0.69744337,-0.7028846,-0.71014273,-0.7133205,-0.7197401
123_real,-0.9932957,,,,,,,,,,,,,,,,,,,,,,,,,,,,,,,,,,,,,,,,,,,,,,,,,,,,,,,,-1.0966465,,,,,,,,,,,,,
123_gen,-0.9932958,-1.001363,-1.0071042,-1.015538,-1.0210121,-1.0264119,-1.0335776,-1.0397729,-1.0471551,-1.0529299,-1.0599709,-1.064942,-1.0724745,-1.077265,-1.0849352,-1.0915173,-1.0989722,-1.1075981,-1.1134298,-1.1187295,-1.1261718,-1.1344999,-1.1405613,-1.144574,-1.153746,-1.1600184,-1.1671278,-1.1703361,-1.1755968,-1.1830353,-1.1883763,-1.1953529,-1.2010925,-1.2064995,-1.2157515,-1.2231405,-1.2250979,-1.2318975,-1.2359829,-1.2424045,-1.2453954,-1.2503797,-1.2572564,-1.2658497,-1.2734536,-1.2796185,-1.2864629,-1.2938074,-1.3018259,-1.3083315,-1.3142341,-1.317458,-1.3259367,-1.3327875,-1.3400933,-1.3436458,-1.3498328,-1.3571986,-1.3628033,-1.3691826,-1.3764913,-1.3831682,-1.3890047,-1.3970463,-1.4028258,-1.4115446,-1.4207947,-1.428518,-1.4357154,-1.4420027
124_real,-0.5732852,,,,,,,,,,,,,,,,,,,,,,,,,,,,,,,,,,,,,,,,,,,,,,,,,,,,,,,,-0.76378375,,,,,,,,,,,,,
124_gen,-0.57328516,-0.5845049,-0.5927259,-0.6003022,-0.6084433,-0.61570853,-0.62400264,-0.6330558,-0.6402894,-0.649123,-0.65250486,-0.65964806,-0.66541255,-0.670592,-0.67585945,-0.6839945,-0.6903553,-0.6977744,-0.7034852,-0.7075087,-0.7140173,-0.7201551,-0.72506016,-0.7316454,-0.7388858,-0.74277246,-0.7462207,-0.7497134,-0.7561449,-0.76394427,-0.77163744,-0.77363527,-0.77995276,-0.78629875,-0.7913257,-0.7970456,-0.80378354,-0.8099619,-0.816244,-0.82195914,-0.8297307,-0.836233,-0.8411172,-0.8453533,-0.85131466,-0.85864943,-0.8627046,-0.8715385,-0.8776395,-0.883014,-0.88763154,-0.8932414,-0.8985793,-0.9047451,-0.9096385,-0.91526365,-0.923221,-0.92884445,-0.9363368,-0.93966115,-0.94584465,-0.95238113,-0.9603693,-0.96592635,-0.97145975,-0.9753631,-0.9838627,-0.99194086,-1.0016162,-1.0048509
125_real,0.10584148,,,,,,,,,,,,,,,,,,,,,,,,,,,,,,,,,,,,,,,,,,,,,,,,,,,,,,,,0.14443062,,,,,,,,,,,,,
125_gen,0.10584147,0.102342464,0.10129987,0.097104974,0.0932025,0.09070685,0.084954694,0.08217205,0.07892315,0.07746476,0.07421443,0.07076499,0.07070155,0.06756062,0.065184094,0.06251265,0.057159733,0.053329132,0.05077567,0.046010382,0.044165898,0.04063787,0.040070504,0.041050848,0.038418755,0.035059746,0.031636965,0.0308568,0.029956311,0.02448972,0.021080192,0.01579978,0.012521528,0.010338323,0.005729831,-0.00017334698,-0.005117237,-0.007780707,-0.009101783,-0.012106108,-0.01701715,-0.019835312,-0.023513328,-0.026000375,-0.026672442,-0.03091048,-0.03487087,-0.03673009,-0.03775526,-0.04281517,-0.044716492,-0.050017245,-0.055944927,-0.056799036,-0.060661256,-0.06323638,-0.066163115,-0.06919274,-0.07093386,-0.07734711,-0.08195947,-0.08875391,-0.094280764,-0.09678769,-0.098622516,-0.10433207,-0.10748339,-0.11286421,-0.11461054,-0.11847341
126_real,-0.123579964,,,,,,,,,,,,,,,,,,,,,,,,,,,,,,,,,,,,,,,,,,,,,,,,,,,,,,,,-0.1733221,,,,,,,,,,,,,
126_gen,-0.123579964,-0.13247134,-0.1387047,-0.14127658,-0.14418481,-0.14872018,-0.15464786,-0.15796663,-0.16084108,-0.16373035,-0.16445297,-0.16707753,-0.16904458,-0.17167874,-0.1768845,-0.17974578,-0.18064494,-0.18169965,-0.18298313,-0.18534568,-0.18903676,-0.1915636,-0.19496165,-0.19782253,-0.20143299,-0.20478737,-0.20832142,-0.20963705,-0.21515515,-0.21940622,-0.22138855,-0.22454901,-0.2266705,-0.23072863,-0.23441613,-0.23987289,-0.24397115,-0.24703822,-0.2492508,-0.25349402,-0.25670484,-0.26069063,-0.26434046,-0.2656662,-0.2690684,-0.27326664,-0.2769971,-0.27858883,-0.2823904,-0.28545818,-0.2895332,-0.29338014,-0.29883918,-0.2989685,-0.30274388,-0.3035215,-0.3053277,-0.31278434,-0.3163607,-0.32199678,-0.32476863,-0.3267811,-0.3282497,-0.331662,-0.33416334,-0.3374576,-0.33933,-0.34296966,-0.34710243,-0.3510159
127_real,-0.81692797,,,,,,,,,,,,,,,,,,,,,,,,,,,,,,,,,,,,,,,,,,,,,,,,,,,,,,,,-0.79199415,,,,,,,,,,,,,
127_gen,-0.816928,-0.82186,-0.82723266,-0.83474004,-0.8422147,-0.85158455,-0.8575846,-0.8611654,-0.86839926,-0.87293863,-0.87908506,-0.8850452,-0.8936508,-0.8994673,-0.905635,-0.9113225,-0.9174086,-0.9229625,-0.92746764,-0.934494,-0.9406291,-0.94486105,-0.9523487,-0.95932007,-0.9652518,-0.9685931,-0.97182924,-0.9779984,-0.9832532,-0.9860002,-0.99139106,-0.9964115,-1.0016038,-1.0074089,-1.0156456,-1.019734,-1.0234969,-1.0293039,-1.0352671,-1.0409056,-1.0483181,-1.0554539,-1.0608256,-1.0640678,-1.0670193,-1.0710622,-1.0757698,-1.0861632,-1.0904931,-1.0958316,-1.1017243,-1.1084635,-1.1159059,-1.1201055,-1.1273578,-1.1311811,-1.1343948,-1.1400793,-1.1455948,-1.1508491,-1.15574,-1.1592681,-1.1668386,-1.1734838,-1.180162,-1.1870108,-1.1938975,-1.1997359,-1.2052934,-1.2103443
128_real,-0.46873108,,,,,,,,,,,,,,,,,,,,,,,,,,,,,,,,,,,,,,,,,,,,,,,,,,,,,,,,-0.116886534,,,,,,,,,,,,,
128_gen,-0.46873108,-0.47914973,-0.48535037,-0.4929034,-0.5023718,-0.5084158,-0.5150281,-0.51734436,-0.52043474,-0.5254444,-0.530581,-0.53575957,-0.54163134,-0.545421,-0.5528426,-0.55610335,-0.56229866,-0.56449294,-0.5720386,-0.57670677,-0.5801077,-0.58277166,-0.58941925,-0.595046,-0.6004044,-0.6045085,-0.6098732,-0.6160844,-0.61902183,-0.6233123,-0.6276197,-0.6333622,-0.639257,-0.64489263,-0.6480506,-0.65350807,-0.658861,-0.66686726,-0.67195034,-0.6764045,-0.68206155,-0.68724376,-0.69358623,-0.69940615,-0.70125043,-0.7054404,-0.71277845,-0.7170812,-0.723257,-0.72875315,-0.7346718,-0.7405256,-0.7467693,-0.75279456,-0.7570646,-0.7612454,-0.76719934,-0.77303153,-0.77827835,-0.7858627,-0.7890481,-0.794139,-0.79980373,-0.80596113,-0.81357396,-0.8192503,-0.8243265,-0.8292348,-0.8360747,-0.8425714
129_real,0.51421374,,,,,,,,,,,,,,,,,,,,,,,,,,,,,,,,,,,,,,,,,,,,,,,,,,,,,,,,0.51421374,,,,,,,,,,,,,
129_gen,0.5142137,0.5094639,0.50292736,0.49908105,0.4953321,0.4896148,0.4852292,0.48026928,0.47715387,0.47441182,0.4719433,0.46983185,0.46544504,0.46070796,0.45839858,0.45565158,0.45384192,0.44902772,0.44502273,0.44051093,0.43587238,0.42965287,0.42440566,0.41946107,0.41569906,0.41046008,0.4049952,0.40086493,0.39618397,0.39422113,0.3893471,0.38455075,0.38215986,0.37986413,0.37593544,0.3732623,0.37018156,0.36736086,0.36430845,0.35938978,0.35532072,0.3515217,0.3484625,0.34633148,0.34297302,0.33854747,0.3348148,0.33159035,0.3262792,0.3225707,0.31937808,0.31615642,0.31223515,0.30714756,0.30273336,0.29940468,0.29582947,0.2899044,0.28541356,0.27974936,0.27509925,0.27005273,0.2670951,0.2645939,0.26144513,0.2579404,0.2560647,0.25097004,0.24628218,0.24167475
130_real,-0.28178814,,,,,,,,,,,,,,,,,,,,,,,,,,,,,,,,,,,,,,,,,,,,,,,,,,,,,,,,-0.39251265,,,,,,,,,,,,,
130_gen,-0.28178814,-0.28872368,-0.29439875,-0.3020026,-0.30379015,-0.3079927,-0.3133919,-0.31697017,-0.3244924,-0.3283785,-0.33288866,-0.33630008,-0.34002858,-0.34550244,-0.35162467,-0.3555064,-0.35827518,-0.36429527,-0.36991966,-0.37529793,-0.383681,-0.38856554,-0.39221352,-0.39571097,-0.40426177,-0.40980688,-0.41360077,-0.41899094,-0.42169803,-0.42687026,-0.43281537,-0.4376452,-0.4414405,-0.44710016,-0.45142594,-0.45625734,-0.4599081,-0.46530566,-0.47074333,-0.47536212,-0.48057476,-0.484481,-0.4893814,-0.49610382,-0.5008646,-0.50774795,-0.5123759,-0.5172635,-0.5234724,-0.530352,-0.5366591,-0.54331267,-0.5497571,-0.55651015,-0.5611791,-0.56367147,-0.57005775,-0.57517153,-0.57982147,-0.5843383,-0.59054106,-0.59784317,-0.6006754,-0.60555214,-0.61076134,-0.6138371,-0.61829394,-0.62270653,-0.6285158,-0.6320531
131_real,-0.09846543,,,,,,,,,,,,,,,,,,,,,,,,,,,,,,,,,,,,,,,,,,,,,,,,,,,,,,,,-0.10258373,,,,,,,,,,,,,
131_gen,-0.098465435,-0.10478008,-0.11019383,-0.11471566,-0.1154088,-0.12277248,-0.12801026,-0.12923756,-0.1291028,-0.1336118,-0.14115694,-0.1465793,-0.14946747,-0.15515968,-0.16170563,-0.1656724,-0.16926697,-0.17270708,-0.18127678,-0.1863822,-0.19028394,-0.19349882,-0.19254127,-0.19507062,-0.1986467,-0.1995711,-0.2018673,-0.20179239,-0.20476702,-0.20936024,-0.21384792,-0.21864745,-0.22348538,-0.22542767,-0.22986403,-0.23429747,-0.23949423,-0.25065574,-0.2529238,-0.2570383,-0.2562743,-0.2617808,-0.26506472,-0.26381028,-0.26850095,-0.27798888,-0.2777282,-0.27691603,-0.27034393,-0.26941305,-0.27158558,-0.2755613,-0.27533823,-0.27536634,-0.27784362,-0.2795237,-0.2789827,-0.2854965,-0.28490284,-0.289056,-0.29497287,-0.30117646,-0.30251533,-0.3048932,-0.30946952,-0.3169433,-0.31850642,-0.32221726,-0.32748002,-0.33958516
132_real,-0.6590331,,,,,,,,,,,,,,,,,,,,,,,,,,,,,,,,,,,,,,,,,,,,,,,,,,,,,,,,-0.7529094,,,,,,,,,,,,,
132_gen,-0.6590332,-0.6731784,-0.6842002,-0.6938237,-0.7043679,-0.7136561,-0.7215489,-0.7336073,-0.7368132,-0.73725617,-0.7397712,-0.7444502,-0.74825,-0.7575021,-0.7651772,-0.7678939,-0.7810155,-0.7843624,-0.78409827,-0.7912599,-0.7957613,-0.8013334,-0.80875415,-0.8112958,-0.81801003,-0.82528627,-0.8306469,-0.8380413,-0.8505909,-0.85279524,-0.8605466,-0.8654109,-0.8774241,-0.8864888,-0.8898746,-0.89422244,-0.90139294,-0.9024955,-0.91082585,-0.91673166,-0.91542447,-0.91903067,-0.921124,-0.9203547,-0.9209852,-0.9264642,-0.93426764,-0.9393876,-0.9367548,-0.94187486,-0.94791144,-0.9546545,-0.9640061,-0.9690877,-0.97708863,-0.9849035,-0.98928213,-1.0052527,-1.0127659,-1.01798,-1.023698,-1.0271711,-1.0333569,-1.0360067,-1.0456914,-1.0522305,-1.0595343,-1.0646217,-1.0750611,-1.0889965
133_real,-0.82696676,,,,,,,,,,,,,,,,,,,,,,,,,,,,,,,,,,,,,,,,,,,,,,,,,,,,,,,,-0.50735795,,,,,,,,,,,,,
133_gen,-0.82696676,-0.8314185,-0.8353268,-0.83978164,-0.8440393,-0.8492096,-0.85356677,-0.8589659,-0.8646965,-0.87116826,-0.8788679,-0.8853456,-0.8900558,-0.89535964,-0.9014944,-0.90890235,-0.91670084,-0.9218184,-0.92786694,-0.93140423,-0.93833417,-0.94554555,-0.95196927,-0.95703256,-0.9622733,-0.9665804,-0.97252816,-0.97746336,-0.9820339,-0.98714507,-0.9945692,-1.0010144,-1.0053535,-1.0106164,-1.0144901,-1.0194657,-1.0274318,-1.034969,-1.0427287,-1.0466719,-1.0538286,-1.0608194,-1.0670379,-1.071898,-1.0772828,-1.0798415,-1.0852016,-1.0911584,-1.0941231,-1.0985987,-1.1036463,-1.1098279,-1.1148218,-1.1190414,-1.1246274,-1.1336731,-1.1411637,-1.1458316,-1.153147,-1.1580899,-1.1662968,-1.171851,-1.1797416,-1.1877238,-1.1921968,-1.1989238,-1.2050083,-1.2105839,-1.2170892,-1.223583
134_real,-0.25210732,,,,,,,,,,,,,,,,,,,,,,,,,,,,,,,,,,,,,,,,,,,,,,,,,,,,,,,,-0.17954491,,,,,,,,,,,,,
134_gen,-0.25210735,-0.25493643,-0.25762144,-0.26151067,-0.26400933,-0.27080473,-0.27436274,-0.277915,-0.28300238,-0.28758198,-0.29119834,-0.29377005,-0.2956974,-0.30013838,-0.3043885,-0.3081292,-0.30904663,-0.31186777,-0.3142207,-0.31912106,-0.32605463,-0.3321615,-0.33622387,-0.34087387,-0.3450837,-0.35279042,-0.35786182,-0.3612939,-0.3622195,-0.36802548,-0.37345618,-0.3779469,-0.38241395,-0.38747087,-0.39171058,-0.3947752,-0.4002462,-0.4062013,-0.4079535,-0.4108283,-0.41445065,-0.41840467,-0.4216822,-0.4260479,-0.4312079,-0.4350821,-0.44011846,-0.4453818,-0.45206922,-0.45620766,-0.46065792,-0.4645121,-0.46965638,-0.4752306,-0.47929484,-0.48552012,-0.48964018,-0.49556985,-0.50281274,-0.50839096,-0.5145167,-0.5211142,-0.5260092,-0.5307998,-0.5334965,-0.53787565,-0.5432003,-0.5511696,-0.557278,-0.56440586
135_real,-0.2103511,,,,,,,,,,,,,,,,,,,,,,,,,,,,,,,,,,,,,,,,,,,,,,,,,,,,,,,,-0.11062485,,,,,,,,,,,,,
135_gen,-0.21035108,-0.209796,-0.21348159,-0.21726134,-0.22437951,-0.22682373,-0.23374343,-0.24096756,-0.24702136,-0.25462893,-0.25735432,-0.26267716,-0.26754612,-0.27215934,-0.2775003,-0.28274387,-0.29108164,-0.29832324,-0.30218616,-0.3115162,-0.31323785,-0.32064342,-0.3248009,-0.32961363,-0.33353084,-0.33958778,-0.3450516,-0.34868735,-0.3526926,-0.35688075,-0.35767636,-0.36466637,-0.37090063,-0.37507868,-0.38103002,-0.3866356,-0.3911139,-0.39462483,-0.4012309,-0.40700847,-0.41259924,-0.4167711,-0.4242812,-0.43159062,-0.43292442,-0.43988228,-0.44903058,-0.4581431,-0.4654181,-0.47064677,-0.47511846,-0.48293227,-0.4880578,-0.4960804,-0.5005247,-0.50580114,-0.5145773,-0.523116,-0.530473,-0.53374,-0.54114836,-0.5461253,-0.54908174,-0.5512412,-0.55371547,-0.55810773,-0.5613865,-0.56476426,-0.57158136,-0.5740027
136_real,-0.78251415,,,,,,,,,,,,,,,,,,,,,,,,,,,,,,,,,,,,,,,,,,,,,,,,,,,,,,,,-0.9169562,,,,,,,,,,,,,
136_gen,-0.78251415,-0.793947,-0.8021493,-0.8103186,-0.8213358,-0.83019197,-0.8368947,-0.8411218,-0.8506485,-0.8513959,-0.85721767,-0.8663831,-0.8677495,-0.8814138,-0.889639,-0.8965763,-0.8963868,-0.9054062,-0.91004837,-0.9184071,-0.9234007,-0.9274744,-0.93583995,-0.94017905,-0.9527044,-0.9579981,-0.96333265,-0.9702492,-0.97296417,-0.9778675,-0.98693144,-0.99304855,-1.0017445,-1.0026501,-1.0047032,-1.0071542,-1.0080556,-1.0183508,-1.0196341,-1.0254152,-1.0325688,-1.0383275,-1.0422733,-1.0512664,-1.0565364,-1.0615262,-1.0696557,-1.0765986,-1.0817044,-1.0895001,-1.094608,-1.1021508,-1.1021597,-1.1080809,-1.1150827,-1.1200116,-1.127228,-1.1332786,-1.143739,-1.1517621,-1.1563385,-1.1627991,-1.1716486,-1.1741469,-1.1820471,-1.1878179,-1.1963121,-1.2039504,-1.2106354,-1.2201568
137_real,-1.0229677,,,,,,,,,,,,,,,,,,,,,,,,,,,,,,,,,,,,,,,,,,,,,,,,,,,,,,,,-0.9844378,,,,,,,,,,,,,
137_gen,-1.0229676,-1.0298898,-1.0347469,-1.0439538,-1.0501806,-1.0571215,-1.0634885,-1.0684543,-1.071072,-1.0772771,-1.0856342,-1.0954211,-1.1007544,-1.1046467,-1.1112807,-1.1172968,-1.1191583,-1.128329,-1.1368473,-1.1440718,-1.1506124,-1.1524315,-1.1575174,-1.1655962,-1.1719272,-1.1799302,-1.1854565,-1.1898534,-1.1946604,-1.2011515,-1.2063215,-1.2106858,-1.2166138,-1.2212213,-1.2288835,-1.2344952,-1.2393092,-1.2491302,-1.251888,-1.2607037,-1.2678838,-1.2736478,-1.2811701,-1.2854154,-1.2923567,-1.2989228,-1.3078862,-1.3147402,-1.3249457,-1.3306749,-1.3394997,-1.3465588,-1.3604006,-1.3688934,-1.3754811,-1.3803613,-1.3877928,-1.3925751,-1.4028231,-1.4107692,-1.4194896,-1.4221117,-1.4293877,-1.435951,-1.4399751,-1.448955,-1.4551935,-1.4625542,-1.4675187,-1.4741423
138_real,-0.67821795,,,,,,,,,,,,,,,,,,,,,,,,,,,,,,,,,,,,,,,,,,,,,,,,,,,,,,,,-0.30533543,,,,,,,,,,,,,
138_gen,-0.67821795,-0.6883696,-0.69934785,-0.7071772,-0.7193695,-0.7291593,-0.74195266,-0.75003916,-0.76021415,-0.76889104,-0.7766806,-0.7897066,-0.7991279,-0.8083581,-0.8162513,-0.82831115,-0.83425504,-0.84075654,-0.8484869,-0.85074407,-0.85636455,-0.8646116,-0.86897105,-0.87830466,-0.88898313,-0.89732856,-0.9050328,-0.9118042,-0.9202124,-0.9295262,-0.9382288,-0.9400593,-0.9474657,-0.9550408,-0.9612336,-0.96733093,-0.9752461,-0.9815691,-0.98749954,-0.9972976,-1.0036259,-1.0113837,-1.0192724,-1.0300753,-1.0378021,-1.0464987,-1.0568675,-1.0631046,-1.0734987,-1.0817037,-1.0915595,-1.0988522,-1.1034371,-1.110385,-1.1162844,-1.1219624,-1.1318691,-1.1428396,-1.1494496,-1.1590132,-1.165735,-1.175245,-1.1829051,-1.1911021,-1.197388,-1.2029787,-1.213253,-1.2237296,-1.2355258,-1.2438692
139_real,-0.39428407,,,,,,,,,,,,,,,,,,,,,,,,,,,,,,,,,,,,,,,,,,,,,,,,,,,,,,,,-0.6445311,,,,,,,,,,,,,
139_gen,-0.39428404,-0.4046145,-0.4117859,-0.42135113,-0.431251,-0.44088736,-0.44979548,-0.4610773,-0.47050977,-0.4785325,-0.48693198,-0.4993256,-0.5040463,-0.5112182,-0.5190626,-0.527671,-0.53627276,-0.54505694,-0.5509111,-0.556297,-0.5672377,-0.5758048,-0.5865823,-0.5934857,-0.6006907,-0.60798526,-0.6160123,-0.6259944,-0.63283443,-0.6432944,-0.65019935,-0.65781355,-0.66707176,-0.67509025,-0.68320566,-0.6917373,-0.696131,-0.70164555,-0.7101984,-0.71932226,-0.72757095,-0.73480207,-0.7430711,-0.7520071,-0.7594691,-0.7656898,-0.77333593,-0.78150547,-0.78967905,-0.79764867,-0.80837935,-0.81752616,-0.8292888,-0.8379982,-0.8476939,-0.85844624,-0.8705015,-0.8808341,-0.8875903,-0.90021884,-0.9107773,-0.9201276,-0.9253718,-0.9324713,-0.93714535,-0.9473897,-0.95840627,-0.973897,-0.9797279,-0.98769695
140_real,0.07764744,,,,,,,,,,,,,,,,,,,,,,,,,,,,,,,,,,,,,,,,,,,,,,,,,,,,,,,,-0.39891553,,,,,,,,,,,,,
140_gen,0.07764744,0.06251089,0.04959682,0.03533236,0.024413344,0.012295986,0.00468029,-0.0035990714,-0.012724815,-0.020219926,-0.027615514,-0.034958027,-0.04398082,-0.05578481,-0.060693074,-0.06756965,-0.07600817,-0.082433954,-0.09195537,-0.102072194,-0.1088904,-0.11590663,-0.12401903,-0.13400364,-0.14313832,-0.14983541,-0.15519206,-0.1601994,-0.1636811,-0.17468485,-0.17885739,-0.18683437,-0.19351195,-0.20028481,-0.20743938,-0.21397993,-0.22054306,-0.23096785,-0.24010558,-0.24822342,-0.25670657,-0.2617655,-0.26802045,-0.2731842,-0.2844954,-0.29310003,-0.30195272,-0.30763417,-0.31179255,-0.31803912,-0.32529533,-0.3331399,-0.34131545,-0.35113743,-0.35944617,-0.3659144,-0.375055,-0.3830246,-0.38895157,-0.3963035,-0.40254873,-0.41069436,-0.41763458,-0.43042535,-0.44372034,-0.45006174,-0.46155435,-0.47170672,-0.4844699,-0.4898991
141_real,-0.20112257,,,,,,,,,,,,,,,,,,,,,,,,,,,,,,,,,,,,,,,,,,,,,,,,,,,,,,,,-0.5305964,,,,,,,,,,,,,
141_gen,-0.20112255,-0.20616253,-0.2105877,-0.2166336,-0.22111097,-0.22285903,-0.23068213,-0.23566265,-0.24059024,-0.24732761,-0.24964479,-0.25427026,-0.26013672,-0.26175222,-0.2665564,-0.2731109,-0.27582222,-0.2829168,-0.28466836,-0.28899267,-0.29395694,-0.3023362,-0.30638698,-0.31265867,-0.31863672,-0.32537222,-0.33209842,-0.33750588,-0.3433823,-0.34969813,-0.3585783,-0.36421767,-0.3676669,-0.37258258,-0.37653437,-0.38126552,-0.3851595,-0.39300603,-0.3999279,-0.40701693,-0.41255984,-0.41756558,-0.4251825,-0.43300462,-0.4367621,-0.44428205,-0.4494129,-0.45168734,-0.45683947,-0.462986,-0.46925893,-0.47331136,-0.47896257,-0.48435587,-0.49108496,-0.49629158,-0.5004007,-0.5070887,-0.5133433,-0.51698864,-0.5223369,-0.52362436,-0.527747,-0.5352601,-0.54072964,-0.5473822,-0.5518909,-0.55417,-0.55964035,-0.5630495
142_real,0.089991376,,,,,,,,,,,,,,,,,,,,,,,,,,,,,,,,,,,,,,,,,,,,,,,,,,,,,,,,-0.26900434,,,,,,,,,,,,,
142_gen,0.08999138,0.08252765,0.07802915,0.07289575,0.06651333,0.061509777,0.05643023,0.050279737,0.041843843,0.0352659,0.03069676,0.02446847,0.020612102,0.01498892,0.0082506435,0.0021704815,-0.00260747,-0.009627109,-0.013930859,-0.019875592,-0.027197674,-0.032749068,-0.03928051,-0.044197306,-0.04961005,-0.055417024,-0.05860289,-0.06347429,-0.070212126,-0.08000716,-0.08394503,-0.08990414,-0.09417296,-0.100986496,-0.105131626,-0.11146506,-0.118338265,-0.12599084,-0.13483843,-0.13966253,-0.14584191,-0.14978833,-0.15459542,-0.1599224,-0.16814499,-0.17496358,-0.18053727,-0.18498927,-0.19004622,-0.19669323,-0.1990076,-0.20520635,-0.20782998,-0.2161926,-0.2238247,-0.22968388,-0.23746319,-0.24490583,-0.24979512,-0.25529706,-0.26016468,-0.26769885,-0.27530384,-0.27914363,-0.28466898,-0.29414135,-0.29869267,-0.30375022,-0.31174314,-0.31686684
143_real,-0.0016610416,,,,,,,,,,,,,,,,,,,,,,,,,,,,,,,,,,,,,,,,,,,,,,,,,,,,,,,,-0.19723803,,,,,,,,,,,,,
143_gen,-0.0016610415,-0.008485124,-0.013769621,-0.01771227,-0.023615552,-0.027703434,-0.031283803,-0.03550609,-0.03750167,-0.041253068,-0.04768663,-0.052597947,-0.05909425,-0.062730685,-0.06558365,-0.06901516,-0.07168932,-0.07780112,-0.0826105,-0.08540801,-0.090338804,-0.09281608,-0.09839537,-0.103551924,-0.10733132,-0.11271918,-0.11615064,-0.12171521,-0.12560062,-0.13050243,-0.13526276,-0.13762286,-0.14346561,-0.14822364,-0.15250146,-0.1559449,-0.15881306,-0.16239871,-0.16695203,-0.17122471,-0.17626265,-0.18068793,-0.18398502,-0.18979408,-0.19528845,-0.19878207,-0.20258656,-0.206004,-0.2112906,-0.21541116,-0.2200475,-0.22309852,-0.22427428,-0.22794402,-0.23277244,-0.23540115,-0.23862278,-0.24410462,-0.24709857,-0.252287,-0.25780162,-0.26189667,-0.26750746,-0.27278107,-0.2763826,-0.28089708,-0.28682357,-0.29062796,-0.2969018,-0.3033452
144_real,-0.35583803,,,,,,,,,,,,,,,,,,,,,,,,,,,,,,,,,,,,,,,,,,,,,,,,,,,,,,,,-0.33969256,,,,,,,,,,,,,
144_gen,-0.35583803,-0.36276707,-0.36866638,-0.37630448,-0.3808993,-0.38808495,-0.39360818,-0.40111628,-0.40687376,-0.4103698,-0.4149478,-0.41838962,-0.4230853,-0.42844614,-0.4352006,-0.43965656,-0.44468182,-0.44891867,-0.4542679,-0.4606163,-0.4680124,-0.47180256,-0.47635904,-0.482956,-0.48762202,-0.4902308,-0.49534664,-0.49936938,-0.50327367,-0.50703704,-0.50948584,-0.51396835,-0.51959276,-0.5233238,-0.52837914,-0.5316129,-0.53700536,-0.5405076,-0.54574955,-0.5513671,-0.55596226,-0.5611521,-0.5663508,-0.5692201,-0.57347184,-0.5765845,-0.5824666,-0.58692133,-0.5926982,-0.5989315,-0.60424685,-0.6088263,-0.6154626,-0.6226346,-0.627095,-0.63262796,-0.6385499,-0.6422646,-0.6470865,-0.6520422,-0.65753555,-0.66279465,-0.6678566,-0.67387104,-0.6778378,-0.68429935,-0.688686,-0.69345653,-0.6988019,-0.7047226
