ROI_Index,Month_0,Month_1,Month_2,Month_3,Month_4,Month_5,Month_6,Month_7,Month_8,Month_9,Month_10,Month_11,Month_12,Month_13,Month_14,Month_15,Month_16,Month_17,Month_18,Month_19,Month_20,Month_21,Month_22,Month_23,Month_24,Month_25,Month_26,Month_27,Month_28,Month_29,Month_30,Month_31,Month_32,Month_33,Month_34,Month_35,Month_36,Month_37,Month_38,Month_39,Month_40,Month_41,Month_42,Month_43,Month_44,Month_45,Month_46,Month_47,Month_48,Month_49,Month_50,Month_51,Month_52,Month_53,Month_54,Month_55,Month_56,Month_57,Month_58,Month_59,Month_60,Month_61,Month_62,Month_63,Month_64,Month_65,Month_66,Month_67,Month_68,Month_69,Month_70,Month_71,Month_72,Month_73,Month_74,Month_75,Month_76,Month_77,Month_78,Month_79,Month_80,Month_81,Month_82,Month_83,Month_84,Month_85,Month_86,Month_87,Month_88,Month_89,Month_90,Month_91,Month_92,Month_93,Month_94,Month_95,Month_96,Month_97,Month_98,Month_99,Month_100,Month_101,Month_102,Month_103,Month_104,Month_105,Month_106,Month_107,Month_108,Month_109,Month_110,Month_111,Month_112,Month_113,Month_114,Month_115,Month_116,Month_117,Month_118,Month_119
0,0.092786804,0.09921361,0.102965534,0.10505998,0.10841409,0.11478098,0.1201816,0.12508449,0.1315245,0.13655171,0.13960107,0.1427598,0.14708935,0.15367211,0.15796463,0.16288467,0.16904747,0.1737963,0.17802607,0.1794699,0.18274274,0.18614742,0.18981902,0.19407241,0.19612986,0.20015724,0.20440277,0.20915528,0.21347418,0.21795365,0.22159246,0.22704294,0.22943619,0.23068938,0.23532906,0.23816569,0.24370846,0.2470475,0.24969319,0.25477317,0.2584241,0.26163417,0.26562136,0.26804468,0.27138853,0.27515516,0.2789163,0.28141996,0.2869988,0.28917772,0.29010835,0.2928217,0.29477984,0.3001323,0.30187336,0.30466062,0.30806524,0.3106572,0.31020227,0.31206083,0.31529528,0.31557348,0.3203034,0.3196755,0.32317305,0.32662827,0.32653636,0.330013,0.33146396,0.33373368,0.33721527,0.3412272,0.34249014,0.3451201,0.34610906,0.34773725,0.35085124,0.35343024,0.35374767,0.35329786,0.35501277,0.355271,0.3555882,0.35790554,0.35856473,0.3611204,0.36295706,0.3645454,0.3658731,0.36689848,0.36979842,0.3732257,0.3746497,0.3772686,0.3762148,0.37877688,0.37990302,0.38171718,0.3863824,0.3888511,0.3927963,0.39587823,0.3973157,0.39929822,0.3985836,0.39781252,0.39751,0.39907986,0.39908406,0.4001964,0.40159607,0.4023962,0.40443859,0.40532333,0.40775162,0.40623078,0.40680617,0.40775314,0.40822935,0.40734306
1,-0.22628209,-0.22921965,-0.22904555,-0.2291934,-0.22989564,-0.2284817,-0.22609714,-0.22465071,-0.22398181,-0.22634587,-0.22282775,-0.22237761,-0.22102451,-0.22103226,-0.21416156,-0.21350892,-0.21121934,-0.20908172,-0.20820971,-0.2036047,-0.20233557,-0.20005143,-0.19736041,-0.1935017,-0.19319282,-0.19125773,-0.18913555,-0.18596856,-0.18328011,-0.17981137,-0.17636815,-0.17394128,-0.17362179,-0.17123643,-0.16928206,-0.16681807,-0.16510382,-0.16484515,-0.16270179,-0.16061853,-0.15905538,-0.15734589,-0.15426028,-0.15226862,-0.15096232,-0.14958413,-0.14762542,-0.1464511,-0.14460976,-0.14265499,-0.14046012,-0.13919617,-0.13865392,-0.13799676,-0.13537198,-0.13398042,-0.13240448,-0.1287668,-0.12526764,-0.12325774,-0.11954211,-0.115677044,-0.11505319,-0.11374345,-0.110701516,-0.10850555,-0.106365085,-0.10627296,-0.10467859,-0.102922976,-0.10051055,-0.09839314,-0.099893145,-0.099173814,-0.09708412,-0.0938497,-0.092403896,-0.0902231,-0.08745122,-0.08717589,-0.084735915,-0.0843211,-0.08347304,-0.08170916,-0.07962612,-0.07745241,-0.073762916,-0.07070716,-0.068184,-0.06568597,-0.062625185,-0.06035254,-0.058859907,-0.058224857,-0.055587422,-0.05360813,-0.052075632,-0.049839266,-0.049502663,-0.04715649,-0.045941416,-0.043779865,-0.04021597,-0.03777397,-0.037725322,-0.037456222,-0.036310356,-0.033928275,-0.030666634,-0.028956672,-0.028094415,-0.024351936,-0.021039117,-0.01913269,-0.018305223,-0.015068239,-0.012749186,-0.010519676,-0.008734739,-0.007896312
2,0.5431,0.51800156,0.49451613,0.47272173,0.4524336,0.43245476,0.4111224,0.3909562,0.37209302,0.3525915,0.33363467,0.31659287,0.2976305,0.2792048,0.2658496,0.2501569,0.23539165,0.22097893,0.20568815,0.19216529,0.1776957,0.16370387,0.15101427,0.1379907,0.12609234,0.1140098,0.10140717,0.087890126,0.07574866,0.0654192,0.053954624,0.043339103,0.030745056,0.019828996,0.00827598,-0.0027138244,-0.014996159,-0.023867914,-0.034229442,-0.045670897,-0.05577763,-0.06632589,-0.07799865,-0.08644831,-0.09652779,-0.106277406,-0.116173506,-0.12152435,-0.13230613,-0.14046615,-0.14706329,-0.15588863,-0.16355386,-0.17214888,-0.17871018,-0.18798515,-0.1977087,-0.20459983,-0.2118247,-0.2187562,-0.22466238,-0.23019728,-0.23741475,-0.24547274,-0.25290924,-0.2599679,-0.26496476,-0.27087998,-0.27869076,-0.28497925,-0.29319653,-0.29822057,-0.30276006,-0.30777338,-0.31367174,-0.31836092,-0.32351264,-0.32918888,-0.33419594,-0.34036392,-0.34365058,-0.34544164,-0.34765273,-0.35520545,-0.35987464,-0.368465,-0.37437028,-0.3800928,-0.3855922,-0.3914491,-0.3972403,-0.40365934,-0.41104168,-0.4181555,-0.42176694,-0.42543238,-0.43144947,-0.43578678,-0.4407893,-0.4458943,-0.44830722,-0.45481902,-0.45969814,-0.46188003,-0.46750766,-0.46980706,-0.47330865,-0.47842568,-0.48343056,-0.48641986,-0.48866948,-0.49258924,-0.5003354,-0.50526345,-0.50835484,-0.50824153,-0.5137574,-0.51795846,-0.5211918,-0.524628
3,0.8364359,0.8111415,0.7812679,0.75499666,0.7299861,0.7091445,0.68483543,0.6580545,0.6347438,0.6133537,0.59098023,0.5731758,0.5552746,0.53667426,0.518852,0.5024706,0.486336,0.46906877,0.45463896,0.44226757,0.43042263,0.4167785,0.40316296,0.38847625,0.37658146,0.36290336,0.34842864,0.33458915,0.32208726,0.3073906,0.2934817,0.28025013,0.27039,0.2574668,0.24105,0.22976014,0.21627566,0.20634505,0.19432953,0.18284482,0.1714061,0.16128482,0.15067653,0.14095715,0.1300642,0.11923368,0.109001555,0.098653235,0.08977799,0.079710916,0.07525351,0.06538253,0.05634017,0.04674923,0.034707543,0.023832692,0.015121946,0.004542444,-0.001902512,-0.010838431,-0.016215079,-0.025050038,-0.03508403,-0.042640276,-0.050570033,-0.05923298,-0.06496557,-0.07258566,-0.082433715,-0.0895011,-0.09751192,-0.105921485,-0.113209546,-0.12007256,-0.12848029,-0.13566422,-0.14099048,-0.14878438,-0.1553328,-0.16311271,-0.17014721,-0.17713524,-0.18289311,-0.18719356,-0.19317445,-0.19964395,-0.20595595,-0.21376547,-0.2208673,-0.22863245,-0.23393774,-0.23889634,-0.24293569,-0.24848299,-0.25308642,-0.25927958,-0.2627738,-0.26899397,-0.2760479,-0.28123593,-0.28536502,-0.2945432,-0.29925868,-0.30492288,-0.31294402,-0.31723648,-0.32182914,-0.32745698,-0.33484274,-0.33960462,-0.34401682,-0.34786022,-0.35358492,-0.36006826,-0.36513144,-0.36888388,-0.37356636,-0.37776178,-0.38506624,-0.38860726
4,1.4100466,1.3915346,1.3694923,1.3534243,1.3379444,1.3278074,1.3145998,1.3054171,1.2897164,1.2738402,1.2572262,1.2423825,1.2264503,1.2131665,1.1998506,1.1881917,1.180597,1.1690083,1.1605123,1.1461848,1.1360354,1.1265005,1.1162078,1.1070329,1.0977678,1.0890926,1.0804045,1.0684202,1.0600431,1.050089,1.0411252,1.0315714,1.02526,1.0170028,1.0110571,1.0051872,0.99605703,0.98949945,0.98192614,0.97238016,0.9695388,0.9608158,0.9535142,0.94600904,0.93924254,0.9296735,0.92371637,0.9158837,0.91045105,0.90419805,0.89942247,0.892733,0.885581,0.8771555,0.87066793,0.8652344,0.86268884,0.8558701,0.8478815,0.84205294,0.8332537,0.8269556,0.82240313,0.8176142,0.8122436,0.80639696,0.80025786,0.7938398,0.78703034,0.77952564,0.7725226,0.7659542,0.76018095,0.7575244,0.7492406,0.7448019,0.73797923,0.73183924,0.7264633,0.71907866,0.7108261,0.7056515,0.7027007,0.6969357,0.6925213,0.68684673,0.6827213,0.680115,0.67533433,0.668491,0.6621679,0.65407807,0.6486697,0.64224434,0.635909,0.6307934,0.6236034,0.6178944,0.61468,0.60728467,0.6024355,0.5988976,0.5935137,0.5875718,0.5826133,0.5761616,0.5701603,0.5637616,0.5574777,0.5493509,0.54336727,0.53796685,0.531763,0.52636033,0.5204395,0.5125285,0.5094643,0.5022379,0.4968041,0.49163836
5,-0.52036566,-0.5338756,-0.54585975,-0.55542797,-0.567737,-0.5776641,-0.5901476,-0.59428936,-0.60333973,-0.61379844,-0.6220318,-0.62905014,-0.6407679,-0.6477748,-0.6556642,-0.6656234,-0.6708675,-0.67912567,-0.6857248,-0.6939308,-0.70079243,-0.7098485,-0.71578497,-0.72098076,-0.7284972,-0.7333023,-0.7402171,-0.7448947,-0.7538851,-0.75584924,-0.7595489,-0.76309204,-0.7669801,-0.77299464,-0.77704823,-0.782368,-0.7834369,-0.7877699,-0.7933942,-0.79924595,-0.8015388,-0.80655634,-0.81140643,-0.81688946,-0.8208914,-0.8241707,-0.8291029,-0.8331324,-0.8373929,-0.84095395,-0.8438366,-0.84834635,-0.8537421,-0.8574642,-0.8624975,-0.8687423,-0.8723713,-0.87478495,-0.8783409,-0.8810641,-0.88414925,-0.88711244,-0.8898407,-0.89180166,-0.8940176,-0.89842796,-0.90239763,-0.9058412,-0.91100633,-0.91382533,-0.91867703,-0.9208409,-0.92516136,-0.92655486,-0.9310924,-0.93011063,-0.93494767,-0.93880117,-0.94136685,-0.94400537,-0.94678956,-0.9499901,-0.9511959,-0.949553,-0.95140135,-0.95396644,-0.9552992,-0.9553366,-0.9572898,-0.96061295,-0.965378,-0.9690331,-0.96858025,-0.9726464,-0.97471106,-0.97717535,-0.9806598,-0.98353463,-0.98335534,-0.98798716,-0.986982,-0.9855213,-0.98693675,-0.99042904,-0.99344075,-0.9919192,-0.9914807,-0.9933931,-0.99432003,-0.99551135,-0.99589044,-0.9973733,-0.996918,-1.0018625,-1.0024478,-0.99990904,-0.9998043,-1.0019137,-1.0046091,-1.0032214
6,0.95676196,0.94115627,0.9280698,0.9129405,0.90076864,0.88928366,0.8804364,0.87137806,0.8579794,0.8471303,0.83745396,0.8264801,0.82010543,0.8098955,0.80162764,0.7945739,0.7878573,0.7825897,0.77477294,0.7671269,0.76129043,0.7555329,0.7497657,0.7438041,0.7380876,0.7321146,0.72634757,0.7213293,0.7166461,0.711419,0.7066052,0.70262253,0.70023346,0.69703406,0.6913299,0.6864506,0.68247956,0.67855823,0.6763784,0.6720995,0.66958284,0.6663659,0.662994,0.66014427,0.658521,0.6540934,0.6514318,0.6504376,0.6471838,0.6467718,0.64523584,0.64471143,0.6420413,0.6420995,0.6396106,0.63897264,0.63851297,0.6396744,0.638971,0.6389857,0.63532764,0.63123316,0.6309972,0.6289717,0.6288435,0.6295381,0.62828785,0.62719184,0.6277321,0.6278323,0.62740314,0.62752044,0.6289359,0.6312256,0.6297291,0.6331388,0.6342894,0.6346048,0.6359254,0.6343412,0.6345601,0.6335643,0.632082,0.62975556,0.631601,0.6332926,0.63372,0.63516843,0.6369277,0.63749963,0.6375596,0.63939047,0.6411983,0.64299166,0.6424675,0.6438961,0.64712244,0.64926726,0.6520035,0.65485907,0.65903986,0.65777713,0.6603352,0.6623827,0.6642182,0.66622335,0.66863686,0.67010826,0.67265886,0.6730877,0.67268515,0.6734297,0.6742622,0.67628396,0.67923486,0.677467,0.67936647,0.6812871,0.68304676,0.68598354
7,1.8098814,1.7972006,1.7853531,1.7754524,1.7620466,1.7550068,1.7462788,1.7436926,1.7354695,1.7268515,1.7179615,1.7117364,1.705933,1.6988785,1.689292,1.6863451,1.6828848,1.6795448,1.6778053,1.672842,1.6707227,1.6698517,1.6663752,1.6628746,1.660422,1.6596953,1.6586252,1.6576254,1.6553533,1.6522644,1.6514132,1.6475519,1.6485742,1.6494987,1.6482579,1.6487061,1.6458162,1.6451027,1.6470248,1.6472151,1.650059,1.650428,1.6514685,1.6536106,1.6532615,1.6557577,1.6579489,1.6557102,1.6548126,1.6584032,1.6583973,1.6594465,1.6602024,1.6614187,1.6620382,1.6654017,1.6657203,1.6688343,1.669686,1.6732956,1.6733671,1.6753817,1.6779808,1.6801136,1.6825689,1.68479,1.6860355,1.6903822,1.6919384,1.6923414,1.6927309,1.6974771,1.701876,1.7049682,1.7089803,1.7059215,1.71075,1.7147125,1.7184967,1.7174613,1.7182741,1.7206084,1.7255443,1.7185023,1.72002,1.7200384,1.7258192,1.7294939,1.7315919,1.7311491,1.7353642,1.735905,1.7366991,1.7413952,1.7452549,1.750437,1.7545379,1.7555993,1.758683,1.7653916,1.767751,1.7678267,1.7711637,1.7754428,1.7784714,1.779031,1.7828796,1.7828242,1.7856348,1.7866371,1.7871695,1.7903757,1.7935419,1.7946193,1.7970089,1.7963932,1.7985275,1.8035463,1.8079983,1.811375
8,0.92765415,0.90863025,0.8890029,0.87421167,0.8573204,0.84352386,0.8316431,0.82139015,0.80874985,0.7984437,0.7899435,0.7787857,0.77018476,0.7594961,0.7492748,0.7420737,0.7378653,0.7303388,0.7233341,0.7173091,0.70849353,0.70323086,0.69601744,0.6885081,0.6821268,0.67832005,0.6739845,0.66841996,0.66289085,0.65922034,0.6543397,0.6499856,0.64607453,0.64084005,0.63815814,0.63547176,0.63316715,0.629243,0.6260584,0.6233562,0.62164503,0.6185091,0.616985,0.61488897,0.61317426,0.61272573,0.6101529,0.60870343,0.6053979,0.605719,0.6029128,0.60142434,0.6018406,0.5986585,0.5963951,0.59437937,0.5910784,0.59088993,0.591108,0.58721423,0.5850924,0.58713925,0.58486444,0.58457804,0.5846473,0.5823983,0.5821732,0.5846133,0.58247787,0.5804303,0.58035195,0.5798538,0.5801425,0.58238083,0.5798856,0.5815579,0.58308375,0.58417904,0.58412683,0.58070546,0.5827571,0.5824141,0.5861701,0.5835441,0.5861621,0.5863852,0.587144,0.587417,0.5875809,0.5870775,0.58690745,0.58957213,0.5918495,0.59320056,0.5945872,0.59484977,0.5960413,0.59692144,0.6018739,0.6057452,0.60739696,0.60770804,0.6076794,0.611117,0.61209106,0.61269754,0.615192,0.6152233,0.6163496,0.6164223,0.61854696,0.62080705,0.6214603,0.6226855,0.6222056,0.62042344,0.6197627,0.62229234,0.6239029,0.6260497
9,-0.27798173,-0.28461248,-0.29233107,-0.2975973,-0.3019478,-0.30779335,-0.30807638,-0.30867982,-0.31467095,-0.3193769,-0.3219661,-0.32654363,-0.33009768,-0.33387047,-0.3383735,-0.34394073,-0.34682354,-0.3478569,-0.35236284,-0.35721606,-0.36186972,-0.36613753,-0.3701493,-0.37558272,-0.3808618,-0.38121724,-0.3850195,-0.3886784,-0.39001822,-0.39058062,-0.39362547,-0.3981183,-0.39996818,-0.40217805,-0.40023646,-0.40314054,-0.4049785,-0.40689844,-0.4109703,-0.4149366,-0.41610423,-0.41598296,-0.4178958,-0.42000026,-0.42542028,-0.42844838,-0.43139687,-0.43287784,-0.43743116,-0.43985614,-0.4455111,-0.44676748,-0.44801575,-0.4485607,-0.4496816,-0.4525414,-0.45253134,-0.45176902,-0.45131928,-0.45213255,-0.45126995,-0.45090002,-0.4526009,-0.45339355,-0.45591512,-0.45873228,-0.4560526,-0.45803228,-0.46096262,-0.4608841,-0.4614368,-0.4632991,-0.46471924,-0.46427354,-0.46759668,-0.46695557,-0.47039324,-0.4699204,-0.47086495,-0.4732973,-0.47420588,-0.47324485,-0.47407874,-0.47473136,-0.47498193,-0.4739793,-0.47707653,-0.4751373,-0.47781357,-0.47851175,-0.4799257,-0.47955757,-0.48351854,-0.4846631,-0.48746562,-0.48886997,-0.48801002,-0.4889865,-0.48986498,-0.4923192,-0.49062523,-0.49012098,-0.48976603,-0.49086684,-0.49371585,-0.49260932,-0.4939797,-0.4946286,-0.49513716,-0.4938678,-0.49687392,-0.49501485,-0.49611354,-0.49576443,-0.49568215,-0.49367434,-0.492289,-0.4946124,-0.49536556,-0.49490723
10,-0.6979939,-0.7041236,-0.7133168,-0.7210853,-0.73112047,-0.7362719,-0.7381924,-0.7440783,-0.75084096,-0.7556594,-0.75915545,-0.76348907,-0.76739055,-0.7733487,-0.77748924,-0.78198737,-0.78774846,-0.7904981,-0.79515326,-0.80145043,-0.8092414,-0.81423014,-0.82031727,-0.82368946,-0.829144,-0.8324868,-0.8376268,-0.84136283,-0.8442067,-0.850167,-0.8528987,-0.85857975,-0.8616255,-0.864525,-0.8660785,-0.8704419,-0.87327653,-0.87521076,-0.8786849,-0.8802476,-0.8819374,-0.88258994,-0.8836943,-0.8863185,-0.89209604,-0.89502335,-0.89799756,-0.8991402,-0.90326023,-0.9066111,-0.9065787,-0.90873957,-0.90946656,-0.90907174,-0.9109586,-0.9140364,-0.91606885,-0.9194582,-0.91815186,-0.9210246,-0.92064893,-0.92031986,-0.92111665,-0.92149675,-0.92204344,-0.92569715,-0.9271844,-0.9292076,-0.93308735,-0.9324878,-0.9342411,-0.9358783,-0.935452,-0.93587554,-0.93799174,-0.93806773,-0.94181776,-0.94174415,-0.93957645,-0.93855315,-0.93836176,-0.93666065,-0.93493366,-0.9351098,-0.9341896,-0.9326855,-0.93331116,-0.931437,-0.93165255,-0.9309594,-0.9323472,-0.9314582,-0.9320264,-0.9328992,-0.9347251,-0.93553674,-0.9361885,-0.9351721,-0.9319452,-0.9339121,-0.9311698,-0.9303954,-0.93005216,-0.93009984,-0.93074906,-0.92634714,-0.9271223,-0.9261667,-0.9256465,-0.92099845,-0.9193007,-0.9193636,-0.9204525,-0.9190818,-0.91740406,-0.9141582,-0.91376114,-0.9143859,-0.9132887,-0.9142853
11,0.32628632,0.3180391,0.3147096,0.31435138,0.3132132,0.3111317,0.30815828,0.30277187,0.2964577,0.2924282,0.28646505,0.28451446,0.28301236,0.2822315,0.27615055,0.27063745,0.26836306,0.26494828,0.2595901,0.25291538,0.24578819,0.23797536,0.23369732,0.22855082,0.22193763,0.21887636,0.21243271,0.20922108,0.20594983,0.20375904,0.19885246,0.1959345,0.1939555,0.19130924,0.187076,0.18459702,0.18384588,0.18009518,0.17822635,0.1738141,0.17162642,0.17148314,0.1657398,0.16524684,0.1618821,0.15935487,0.15763621,0.15664998,0.15373904,0.1519088,0.14616512,0.14493233,0.14539886,0.1453537,0.14657113,0.14483505,0.14286283,0.13996878,0.14115572,0.13761464,0.13960738,0.13920815,0.1378475,0.13650945,0.13446757,0.13355647,0.13401522,0.13265304,0.13249676,0.13514355,0.13541634,0.13586581,0.13557248,0.13672872,0.13510439,0.1342648,0.12944101,0.13057528,0.1314454,0.13214418,0.13035995,0.13212743,0.13257445,0.13778973,0.13709298,0.13916405,0.1387043,0.14077652,0.14346448,0.1457364,0.14643303,0.1474685,0.1483067,0.14973505,0.14926985,0.15012278,0.15235391,0.1563082,0.1571903,0.15858397,0.15881798,0.1633971,0.16572319,0.16697815,0.16803303,0.16930687,0.17272812,0.17673106,0.17646885,0.1786761,0.17901145,0.18491349,0.1891044,0.1925775,0.19459985,0.19696924,0.20251341,0.20461285,0.20623457,0.20681326
12,0.090825364,0.08749247,0.082245536,0.08323519,0.0830794,0.08218066,0.079441026,0.080518045,0.08053734,0.08027075,0.07323666,0.071371146,0.06913555,0.06865568,0.06731656,0.065318234,0.06405497,0.060230255,0.05754479,0.055724107,0.05173399,0.044636555,0.042533882,0.039091725,0.035049275,0.028488945,0.022205327,0.016453002,0.013491198,0.0071395813,0.0026647612,-0.00046655667,-0.0022175226,-0.004239387,-0.009193083,-0.012215296,-0.013626809,-0.016114686,-0.017673798,-0.021999842,-0.024113262,-0.025121296,-0.028001213,-0.030687049,-0.03342422,-0.034261726,-0.03607428,-0.039624594,-0.04241001,-0.044409953,-0.04358704,-0.045001354,-0.045786053,-0.04956338,-0.049471587,-0.049849384,-0.05267928,-0.05279829,-0.052366935,-0.053482633,-0.05296127,-0.05562074,-0.057397176,-0.058399845,-0.059803538,-0.06159229,-0.06309713,-0.06407102,-0.06551923,-0.064765,-0.06272879,-0.065085575,-0.063938774,-0.062127333,-0.06457698,-0.06296116,-0.06471671,-0.066655025,-0.06612576,-0.067109235,-0.06983203,-0.07004084,-0.07082084,-0.07281005,-0.072580025,-0.07171663,-0.0728689,-0.07145791,-0.07205586,-0.06900703,-0.06786764,-0.06771328,-0.06457214,-0.06373686,-0.06363767,-0.06375493,-0.06279139,-0.06036395,-0.059044562,-0.05821652,-0.058507763,-0.060155027,-0.06015156,-0.058174603,-0.057186592,-0.057828255,-0.058443498,-0.0554549,-0.053688843,-0.050572127,-0.048527583,-0.04681414,-0.045210853,-0.043722562,-0.04343896,-0.041896064,-0.03922718,-0.038550533,-0.035233088,-0.034076996
13,2.2374651,2.2187028,2.1945655,2.1760316,2.158004,2.1436725,2.1249154,2.1053884,2.0891025,2.070868,2.0524888,2.034226,2.014196,1.9974114,1.9794,1.9668201,1.9501793,1.9374561,1.9253118,1.9088837,1.8965906,1.8802722,1.8636338,1.853146,1.8406498,1.8279625,1.8161688,1.801305,1.7914188,1.7771537,1.7644145,1.7524563,1.7428385,1.7306147,1.7174957,1.7066562,1.6945044,1.6833016,1.6728861,1.662701,1.6545967,1.6445341,1.6342188,1.6249901,1.6174145,1.6055291,1.597223,1.5870217,1.5774668,1.5695908,1.5564429,1.5475403,1.5373498,1.5292127,1.5158333,1.5076778,1.4989457,1.4902642,1.4788985,1.4698882,1.4583013,1.4463453,1.4396309,1.4356983,1.4296046,1.4216715,1.4120065,1.4018127,1.3945744,1.3866549,1.3749319,1.3678429,1.3615122,1.354257,1.3459531,1.3388366,1.3314655,1.3226384,1.3155382,1.3054249,1.2958143,1.2863234,1.2786384,1.2699461,1.2628168,1.2527701,1.2442726,1.2359512,1.2290903,1.2205365,1.210942,1.2030011,1.1939796,1.187886,1.1808225,1.1725863,1.1640856,1.1557004,1.1479081,1.1414604,1.1326696,1.1272743,1.1204355,1.1146969,1.1060275,1.0976634,1.091434,1.0834503,1.0751538,1.0676568,1.0594338,1.05248,1.0461205,1.0379919,1.028762,1.0191252,1.0137879,1.0052919,0.99844646,0.99272215
14,-0.11348875,-0.1310082,-0.14901796,-0.16650894,-0.18237686,-0.19861904,-0.21524522,-0.22808173,-0.24678616,-0.26082572,-0.2757186,-0.29306796,-0.3081408,-0.32086912,-0.33491626,-0.34896678,-0.36251935,-0.37957016,-0.3935821,-0.40750155,-0.41950712,-0.43545312,-0.448207,-0.4614373,-0.47292584,-0.48517784,-0.4986543,-0.50920033,-0.5183391,-0.53114957,-0.54287523,-0.5551654,-0.56595796,-0.5756514,-0.58330023,-0.5947411,-0.6043312,-0.61681855,-0.6283073,-0.6393638,-0.65003014,-0.66087514,-0.6711758,-0.68111634,-0.69019794,-0.7006383,-0.7129913,-0.72314674,-0.73177594,-0.74070084,-0.7532681,-0.7632724,-0.7718387,-0.7817048,-0.79327077,-0.8032462,-0.81108457,-0.8197533,-0.82898486,-0.836044,-0.8420234,-0.8524823,-0.8625479,-0.8714942,-0.87959117,-0.88935244,-0.8991383,-0.90751255,-0.9163,-0.92521894,-0.934715,-0.9441512,-0.95174396,-0.9599199,-0.97054756,-0.9760772,-0.98431474,-0.9932162,-1.001937,-1.0103348,-1.0195863,-1.0257318,-1.0324461,-1.0347403,-1.0405554,-1.0487845,-1.0589579,-1.066821,-1.073722,-1.0799642,-1.0875633,-1.0921793,-1.0954078,-1.1036377,-1.1090882,-1.1170956,-1.1227391,-1.1323272,-1.1359824,-1.1443304,-1.1492589,-1.1507494,-1.1581612,-1.1624682,-1.1718057,-1.1780678,-1.1858125,-1.1934044,-1.1995823,-1.2039698,-1.2048306,-1.2094711,-1.2152352,-1.2204309,-1.2284384,-1.2306427,-1.2348663,-1.2425377,-1.250159,-1.253103
15,-0.48036295,-0.47152272,-0.45975095,-0.45503917,-0.4500354,-0.44780236,-0.44220838,-0.4387559,-0.43179464,-0.42501473,-0.41581511,-0.40691423,-0.39990988,-0.39541656,-0.38817492,-0.3833294,-0.37859124,-0.37268543,-0.36598682,-0.36319038,-0.36032754,-0.35637927,-0.35384718,-0.35210884,-0.34574705,-0.3411855,-0.33749118,-0.33413807,-0.32887822,-0.3247784,-0.32044864,-0.31417426,-0.3110984,-0.30731532,-0.30635068,-0.30282384,-0.29964083,-0.29784358,-0.2955631,-0.2919187,-0.28935194,-0.28836685,-0.28419286,-0.28032652,-0.27801317,-0.27335173,-0.27022144,-0.26466474,-0.2627083,-0.2606244,-0.2592705,-0.25727594,-0.25536567,-0.2514766,-0.24829721,-0.24642761,-0.24370584,-0.2411075,-0.23482093,-0.23332453,-0.23017438,-0.22797816,-0.22590597,-0.22532754,-0.22156103,-0.21874864,-0.21765098,-0.21637826,-0.21437216,-0.21052098,-0.20794757,-0.20385167,-0.1985497,-0.19523618,-0.1924542,-0.18913317,-0.18631165,-0.1829304,-0.18111376,-0.17761508,-0.17279668,-0.17235795,-0.16860297,-0.16797501,-0.16568172,-0.16187859,-0.15895808,-0.15774897,-0.15534899,-0.15259477,-0.14916445,-0.14418888,-0.14410338,-0.14182666,-0.14132848,-0.13802014,-0.13464849,-0.1321537,-0.12848549,-0.12474823,-0.12374177,-0.12220254,-0.12041998,-0.118067876,-0.11602199,-0.11282058,-0.109448195,-0.10632062,-0.10008141,-0.09797685,-0.09671952,-0.09399022,-0.09190862,-0.08936728,-0.08430693,-0.08327596,-0.08183853,-0.07759625,-0.07419732,-0.0716151
16,-0.13863756,-0.13012846,-0.12399714,-0.12094559,-0.116628245,-0.11332162,-0.10434343,-0.09839269,-0.090995826,-0.085899666,-0.07986839,-0.073474206,-0.067276694,-0.059990894,-0.0596897,-0.054862894,-0.048238054,-0.04094857,-0.035872333,-0.033078928,-0.027025457,-0.018569617,-0.015968984,-0.01324752,-0.0074388357,0.0006696146,0.005313989,0.009991373,0.018025443,0.023570636,0.026006121,0.033495646,0.039137147,0.043012947,0.047441356,0.051263176,0.055343546,0.061814062,0.06813852,0.07436349,0.07802188,0.08001371,0.08537282,0.089456365,0.09151328,0.09738926,0.100034095,0.10542278,0.11277312,0.11513867,0.12032467,0.12398191,0.12719221,0.12975119,0.13242546,0.13492072,0.14000003,0.14342842,0.14847717,0.14905502,0.151176,0.15086445,0.15380228,0.15734597,0.15879187,0.16233332,0.16479853,0.16822335,0.17023721,0.1742555,0.1793929,0.18422914,0.18794921,0.19116768,0.19422786,0.19738059,0.20391202,0.20781775,0.21001008,0.21311037,0.21524167,0.21579477,0.21930385,0.21755111,0.21735239,0.22029245,0.2226474,0.22766685,0.22949226,0.2314349,0.23498543,0.23940301,0.23705633,0.23851009,0.23936436,0.24274674,0.24528272,0.24597427,0.25015897,0.2545374,0.25966063,0.2584576,0.25942022,0.2610773,0.26310953,0.26588035,0.26818568,0.27125582,0.2749365,0.27656475,0.27938297,0.2802841,0.27975872,0.28014523,0.284212,0.28792405,0.28794065,0.29113403,0.29411504,0.2944081
17,1.4891576,1.4954153,1.5018065,1.5062939,1.5126293,1.520439,1.5309107,1.5330031,1.5413258,1.5480742,1.5520277,1.5582328,1.5654978,1.572436,1.579982,1.5901694,1.597808,1.6073418,1.6162533,1.621603,1.6278553,1.633901,1.6411871,1.6491086,1.6545458,1.6618059,1.6715195,1.6786251,1.6882093,1.6940515,1.701391,1.7095318,1.71801,1.7264748,1.7334623,1.7421812,1.7496059,1.7563661,1.7653357,1.7730595,1.7818304,1.7895129,1.7968833,1.8047245,1.8103466,1.8151999,1.8250096,1.8313001,1.8382385,1.8467839,1.8509579,1.8586652,1.8659346,1.8752861,1.8833548,1.8927094,1.8997695,1.9050138,1.9111325,1.9187317,1.9247577,1.9294188,1.9383402,1.944264,1.951465,1.9601412,1.9664071,1.9747849,1.9853525,1.9909065,1.9964556,2.0055466,2.013557,2.0213633,2.0301216,2.0352445,2.0394752,2.0486329,2.0559735,2.0630205,2.0692308,2.0749466,2.0779204,2.074162,2.081696,2.0895445,2.097336,2.1015973,2.1097481,2.1182227,2.1281922,2.1336312,2.1351738,2.143991,2.1502767,2.1578593,2.16713,2.1734614,2.1786633,2.1891198,2.1936574,2.1993794,2.2074254,2.2157838,2.2238784,2.2277863,2.2342992,2.2409189,2.2485647,2.2542562,2.2589505,2.2640395,2.2688715,2.2736773,2.2762387,2.2760644,2.2838407,2.2919028,2.298631,2.302448
18,1.0987902,1.1084784,1.1128407,1.1190788,1.1270268,1.1359326,1.143594,1.1517788,1.1602112,1.1676644,1.1765144,1.1849629,1.1905487,1.1951741,1.2012992,1.2098008,1.2173891,1.2249482,1.2329181,1.2378029,1.2453221,1.2521244,1.2596216,1.2661463,1.2735596,1.2806877,1.2908586,1.2996027,1.3083389,1.3138883,1.3201519,1.3277757,1.3356233,1.3426495,1.3485019,1.3569759,1.3632284,1.3721191,1.3810357,1.3886241,1.3966707,1.4045669,1.4125059,1.4193128,1.4260551,1.4330975,1.4416678,1.4478415,1.4545618,1.4620607,1.4665943,1.4747174,1.4817462,1.4904709,1.4970157,1.5058482,1.5124059,1.5182703,1.525978,1.5319902,1.5343833,1.5402062,1.5469563,1.5494589,1.5582926,1.5651736,1.5700188,1.5776513,1.5865806,1.5917282,1.5961815,1.6035906,1.6107731,1.617775,1.625797,1.6279892,1.6365068,1.6441685,1.6508787,1.656534,1.6605246,1.6656401,1.6702989,1.6727785,1.6786009,1.6842048,1.6904061,1.6968386,1.7016656,1.7069242,1.7144178,1.7212296,1.7256374,1.7327713,1.7371881,1.7441208,1.7494503,1.7552302,1.7605305,1.7690395,1.7737205,1.7761091,1.7813313,1.7860473,1.7930536,1.7953672,1.7986975,1.804068,1.8113773,1.8160435,1.8204886,1.8255177,1.8288479,1.8350055,1.8388821,1.8400532,1.8457863,1.8513424,1.8575627,1.8618119
19,-0.066685505,-0.08964999,-0.111695565,-0.1321761,-0.14851043,-0.16895619,-0.1844074,-0.19762592,-0.21487935,-0.23409131,-0.25061792,-0.2676469,-0.28149793,-0.29758286,-0.3119402,-0.32940197,-0.34145322,-0.3575144,-0.37477565,-0.39183635,-0.40675402,-0.42565155,-0.43951112,-0.4560904,-0.46898085,-0.4797585,-0.49607548,-0.51055664,-0.52519536,-0.53886354,-0.55156493,-0.5630371,-0.5774451,-0.5919224,-0.6056817,-0.61991644,-0.63309246,-0.6456381,-0.65782934,-0.6732732,-0.68510044,-0.69870275,-0.7085082,-0.72174466,-0.7317269,-0.74287426,-0.7556179,-0.7656104,-0.7767628,-0.7888693,-0.79921246,-0.80927384,-0.8208316,-0.8313669,-0.8420194,-0.8541781,-0.86471206,-0.8711632,-0.8794301,-0.8882734,-0.8961814,-0.9065695,-0.9155294,-0.9248503,-0.93338317,-0.94523287,-0.95252955,-0.96172315,-0.9712345,-0.9787568,-0.98632395,-0.99753773,-1.005553,-1.0125774,-1.0222695,-1.0289271,-1.0380077,-1.0458796,-1.0518297,-1.0579833,-1.063806,-1.0722066,-1.0774705,-1.0808378,-1.0879608,-1.0952308,-1.103327,-1.109691,-1.1197679,-1.1240895,-1.1335981,-1.1389999,-1.1425325,-1.1510332,-1.159349,-1.1672122,-1.1729392,-1.1783044,-1.1821136,-1.1892599,-1.1929716,-1.1959876,-1.2015603,-1.2093074,-1.2145822,-1.2189853,-1.2225182,-1.2299519,-1.2363036,-1.2427524,-1.2474989,-1.2551869,-1.2602056,-1.2649353,-1.2657785,-1.2692462,-1.2757957,-1.2817786,-1.286996,-1.2916211
20,-1.2380925,-1.2543876,-1.2656859,-1.2768277,-1.2864071,-1.3006952,-1.3124526,-1.3201839,-1.3298808,-1.3394772,-1.3486706,-1.3581918,-1.366288,-1.3732594,-1.3806732,-1.3904078,-1.3978161,-1.4059325,-1.4141887,-1.4209392,-1.4265189,-1.4364166,-1.442256,-1.4528826,-1.4627419,-1.4692892,-1.4780128,-1.4834259,-1.4907914,-1.4958913,-1.5036505,-1.5092436,-1.515445,-1.5246084,-1.5290937,-1.5372713,-1.5427182,-1.5467408,-1.5539473,-1.5612333,-1.5684513,-1.5745147,-1.580878,-1.5896425,-1.5957593,-1.6002333,-1.6069853,-1.6111006,-1.6153492,-1.6215289,-1.6254572,-1.6317642,-1.6346031,-1.6396757,-1.6434065,-1.6505983,-1.6554754,-1.6579078,-1.6602752,-1.663625,-1.6671469,-1.6703346,-1.6770802,-1.6797607,-1.6838019,-1.690086,-1.6944406,-1.6987135,-1.7040827,-1.7074903,-1.7108072,-1.7170513,-1.7190673,-1.7215526,-1.7275779,-1.7258663,-1.7284908,-1.7314692,-1.7338778,-1.7331727,-1.7352375,-1.7376821,-1.737345,-1.7347364,-1.7398134,-1.7429485,-1.7463694,-1.7487625,-1.7524579,-1.7549002,-1.7559707,-1.7589449,-1.7585249,-1.7616895,-1.7662265,-1.769315,-1.7720884,-1.7727638,-1.7726065,-1.7767127,-1.7763817,-1.7753627,-1.7778,-1.7795267,-1.7816257,-1.7819217,-1.7815777,-1.7848403,-1.7869198,-1.7897394,-1.788956,-1.7893677,-1.7924721,-1.7935034,-1.7939117,-1.7932866,-1.795755,-1.7974365,-1.7987636,-1.7987616
21,-0.9963287,-1.0174719,-1.0291574,-1.0411215,-1.0531161,-1.066436,-1.0761241,-1.0870475,-1.1013715,-1.1108708,-1.1182301,-1.1286478,-1.1357569,-1.1438692,-1.1484497,-1.15661,-1.1619692,-1.1701837,-1.1760921,-1.1793334,-1.1849385,-1.1924524,-1.1982905,-1.2057418,-1.2117615,-1.2158638,-1.2241142,-1.2247274,-1.2280314,-1.2326833,-1.2371855,-1.2393484,-1.2461431,-1.2511151,-1.2557523,-1.2607286,-1.2632087,-1.2689079,-1.2746847,-1.2831571,-1.2858464,-1.2899535,-1.293823,-1.3001064,-1.3048675,-1.3115991,-1.3169594,-1.3193277,-1.3234205,-1.3269724,-1.3282411,-1.3331625,-1.335007,-1.3379974,-1.3402594,-1.3444391,-1.3476098,-1.3477211,-1.3488159,-1.3508582,-1.3517361,-1.3542414,-1.3568461,-1.3593928,-1.3622198,-1.3657115,-1.3675512,-1.370099,-1.3759451,-1.378275,-1.3803955,-1.3829846,-1.3828233,-1.3829145,-1.3880503,-1.3856238,-1.3875006,-1.3901365,-1.3919666,-1.3921312,-1.3947952,-1.3991731,-1.3974226,-1.3976406,-1.3995057,-1.4009807,-1.401757,-1.4028072,-1.4055521,-1.4075663,-1.4097433,-1.4111639,-1.408351,-1.4129469,-1.4137304,-1.4147128,-1.4161032,-1.4165736,-1.4170104,-1.4213147,-1.4214491,-1.4186685,-1.4203069,-1.4213428,-1.4222476,-1.422086,-1.4209754,-1.423967,-1.4249413,-1.4249197,-1.425374,-1.4253561,-1.4254849,-1.4248142,-1.4212911,-1.4226406,-1.4241842,-1.4237329,-1.4237431,-1.4206874
22,-0.47669452,-0.49710274,-0.51242954,-0.5272802,-0.54020846,-0.55715257,-0.56841373,-0.5801396,-0.59771377,-0.61024696,-0.6238193,-0.63326675,-0.63818157,-0.6462919,-0.6568893,-0.66566896,-0.67213565,-0.6820534,-0.6893844,-0.69424117,-0.701917,-0.70864874,-0.7160204,-0.7234189,-0.7298468,-0.73381543,-0.73877305,-0.7423531,-0.7477585,-0.7513587,-0.7572288,-0.76147425,-0.76626635,-0.77240336,-0.77653766,-0.7822541,-0.7836594,-0.7872205,-0.79311574,-0.79950327,-0.8016542,-0.8064926,-0.8110959,-0.8179455,-0.8214396,-0.8258419,-0.8309182,-0.8337002,-0.83587515,-0.8396827,-0.84286994,-0.84460723,-0.8463758,-0.8473592,-0.8521253,-0.8565289,-0.86190605,-0.86377394,-0.86487544,-0.8666462,-0.86845607,-0.87139213,-0.87445223,-0.8757966,-0.87648594,-0.8808257,-0.8824398,-0.884091,-0.8864237,-0.8866558,-0.88967496,-0.8929628,-0.8919566,-0.8916823,-0.8950163,-0.8933755,-0.89407986,-0.8960422,-0.8977779,-0.89881057,-0.9002129,-0.9002749,-0.8983828,-0.8956733,-0.8953477,-0.89843667,-0.9022204,-0.90600884,-0.9070171,-0.9070781,-0.908218,-0.9064199,-0.90529317,-0.9077469,-0.9081248,-0.909865,-0.910952,-0.91082984,-0.910491,-0.9107011,-0.90923655,-0.90938675,-0.9108981,-0.90911853,-0.90927565,-0.906378,-0.90490854,-0.90617627,-0.90748006,-0.90889186,-0.9048727,-0.9058272,-0.9056207,-0.9049255,-0.9044258,-0.9049147,-0.90690535,-0.9071369,-0.9074069,-0.9064458
23,0.43965918,0.41511804,0.39092863,0.36918226,0.3461071,0.32614526,0.30587935,0.28532952,0.26315418,0.2409124,0.22516069,0.20589146,0.18604937,0.16812618,0.14816731,0.1296047,0.11455039,0.09789742,0.08034836,0.05992999,0.0456235,0.028452203,0.011284268,-0.0036373523,-0.018388396,-0.03358357,-0.049681194,-0.06228698,-0.076092586,-0.08952741,-0.10563698,-0.11555342,-0.12754008,-0.13908045,-0.14947039,-0.16301441,-0.17509858,-0.18785939,-0.2010278,-0.21245253,-0.22348332,-0.23558292,-0.24508521,-0.25583535,-0.26591963,-0.27598792,-0.28714752,-0.2983305,-0.3096462,-0.32063526,-0.3297438,-0.3398059,-0.3485024,-0.35673878,-0.36360937,-0.37416524,-0.38023883,-0.3869893,-0.39749533,-0.40434927,-0.41134682,-0.42147073,-0.4280383,-0.4351864,-0.4420291,-0.44969973,-0.4566024,-0.4644795,-0.47218546,-0.47931284,-0.48438415,-0.4934276,-0.500145,-0.50618315,-0.51463526,-0.5200676,-0.52734625,-0.53354526,-0.5398076,-0.5480922,-0.5534142,-0.5607673,-0.5697295,-0.5757092,-0.57872295,-0.5829046,-0.5887026,-0.5936645,-0.6002666,-0.6049446,-0.6098796,-0.6139978,-0.61855584,-0.62335455,-0.62847805,-0.6344004,-0.6371727,-0.64119774,-0.64218295,-0.64751977,-0.6499276,-0.6558279,-0.65950364,-0.6621996,-0.6637231,-0.6661072,-0.6692136,-0.673602,-0.67748517,-0.68132997,-0.6819845,-0.68487155,-0.68769217,-0.6924805,-0.6984688,-0.70028424,-0.70453274,-0.7096423,-0.71457875,-0.7162889
24,0.21832535,0.19299017,0.16857679,0.14871004,0.12829939,0.10688174,0.086296685,0.07046501,0.050142683,0.03036425,0.0101751005,-0.010478528,-0.0282364,-0.04449763,-0.065893844,-0.08228813,-0.09704818,-0.11595525,-0.13284934,-0.15129752,-0.1686469,-0.18508916,-0.19964938,-0.21385714,-0.22907901,-0.24180262,-0.25760686,-0.27410716,-0.28685805,-0.29960167,-0.31308568,-0.326573,-0.33820546,-0.35110077,-0.361388,-0.37463954,-0.3866703,-0.3997497,-0.4104879,-0.4230199,-0.43496695,-0.44526568,-0.4567793,-0.46752805,-0.48009625,-0.49048138,-0.5015236,-0.51104224,-0.5218445,-0.530641,-0.54100645,-0.55002445,-0.5604143,-0.5690781,-0.5780765,-0.5888177,-0.5971533,-0.6057794,-0.61661994,-0.62566346,-0.6339203,-0.64243853,-0.65249395,-0.659823,-0.66880447,-0.6760069,-0.6823741,-0.68956316,-0.69802266,-0.7061281,-0.71198475,-0.7195969,-0.72485304,-0.7316285,-0.74129456,-0.7496499,-0.757376,-0.7618014,-0.7678323,-0.77559334,-0.7839845,-0.7900344,-0.7964639,-0.80523175,-0.81134194,-0.8165619,-0.82378453,-0.8298308,-0.8366372,-0.84162253,-0.84829485,-0.8528389,-0.85351264,-0.8602012,-0.866577,-0.87285364,-0.87820405,-0.88272303,-0.88551426,-0.89317733,-0.8966781,-0.9031169,-0.9081572,-0.9135723,-0.91734695,-0.91930914,-0.92347515,-0.9257204,-0.9297201,-0.9323138,-0.931013,-0.93497545,-0.9396976,-0.9450291,-0.9499224,-0.950518,-0.9563123,-0.96123207,-0.9656032,-0.96764314
25,0.8110608,0.7922605,0.7741017,0.75793934,0.7450103,0.73149574,0.7184895,0.70571613,0.69513935,0.6806055,0.6664559,0.65785235,0.65003616,0.640644,0.63289964,0.6238832,0.61573064,0.60684735,0.5979049,0.588157,0.580127,0.56772476,0.56030864,0.5514083,0.5426677,0.5357289,0.5290837,0.5215601,0.51271284,0.5080374,0.5023817,0.49659443,0.4880963,0.4802764,0.47650355,0.47032747,0.46483248,0.4571557,0.44972205,0.44302073,0.4399661,0.4348197,0.43123627,0.42521444,0.42093492,0.4143745,0.41079888,0.4071869,0.40341902,0.4004611,0.39436895,0.3910398,0.39143795,0.38867575,0.38348886,0.37885287,0.37416357,0.36970884,0.3653254,0.36236268,0.3583073,0.35207182,0.34869072,0.34383634,0.34285787,0.33990064,0.33877307,0.3373868,0.33636472,0.33396882,0.33100075,0.3278404,0.326508,0.32492682,0.32121935,0.3186386,0.31397763,0.31301856,0.31020647,0.30870235,0.30683982,0.30542952,0.3027833,0.29992682,0.29942113,0.29781792,0.29507548,0.29305154,0.2923636,0.29105374,0.2905471,0.2900657,0.28847092,0.2876723,0.2855807,0.28434572,0.28327104,0.2821607,0.28289315,0.2822311,0.28151518,0.2855855,0.28411248,0.28424576,0.28570628,0.28616935,0.28645498,0.28523335,0.28088552,0.28226632,0.28098583,0.28002626,0.27717516,0.2748844,0.2731289,0.26938263,0.2701863,0.26755682,0.26783803,0.26898444
26,1.2466862,1.2212765,1.1993558,1.1745535,1.1592243,1.139716,1.123694,1.1035125,1.0858179,1.0677931,1.0451822,1.0261207,1.0115778,0.99380076,0.9769279,0.96066076,0.94611025,0.93231285,0.9169356,0.8975007,0.87864745,0.86002064,0.84470433,0.8287883,0.81390125,0.80060005,0.7852827,0.76964813,0.7547183,0.7410199,0.7285182,0.71623486,0.7033875,0.6925553,0.68156904,0.6704575,0.65774214,0.6460003,0.6338608,0.6220666,0.61240035,0.6015782,0.59047884,0.57855195,0.5666238,0.55640364,0.54550517,0.53289557,0.52250785,0.5133091,0.5016196,0.49186516,0.48325697,0.47672257,0.46653932,0.45878252,0.4497242,0.44126004,0.43422747,0.42411065,0.41440788,0.40540767,0.39849073,0.3897701,0.3836084,0.37539193,0.36884493,0.36053512,0.35332668,0.3452249,0.33763558,0.3305034,0.32299626,0.31621423,0.30969453,0.30378348,0.29652786,0.28957158,0.28346702,0.27658814,0.26946095,0.26455766,0.25802544,0.25286505,0.2476606,0.24287713,0.23746546,0.23190434,0.22609755,0.22342964,0.21798488,0.21162525,0.20350793,0.19823003,0.19199273,0.18732128,0.18261077,0.17711334,0.17282599,0.16896032,0.16716066,0.16263823,0.15886985,0.15597925,0.1505405,0.14804903,0.14257133,0.13939254,0.13429238,0.13007662,0.12673898,0.12175308,0.118322074,0.116492495,0.111000195,0.10611342,0.102705374,0.097938955,0.09537111,0.09341565
27,-0.22509083,-0.23448145,-0.2438684,-0.2533315,-0.2608729,-0.2678798,-0.27398342,-0.28182584,-0.28883785,-0.29274297,-0.29713815,-0.30549988,-0.30733725,-0.31337675,-0.31513315,-0.321274,-0.3261035,-0.32964975,-0.33467412,-0.34103778,-0.34547472,-0.34919602,-0.3520003,-0.35763913,-0.36327645,-0.3660741,-0.370111,-0.3746337,-0.3784679,-0.3780548,-0.3817007,-0.38632736,-0.3895498,-0.3930368,-0.39568898,-0.40051275,-0.4007594,-0.40315637,-0.40593466,-0.4103826,-0.41321674,-0.4167584,-0.4186747,-0.42207307,-0.42344934,-0.42565733,-0.42906895,-0.4312386,-0.43218923,-0.43412963,-0.4389573,-0.43963304,-0.44043726,-0.44003063,-0.4420906,-0.44466585,-0.44749945,-0.4478714,-0.4470113,-0.44475412,-0.44316107,-0.4467737,-0.44999227,-0.4537127,-0.45641255,-0.45670038,-0.45511594,-0.45693707,-0.45838124,-0.45959693,-0.462272,-0.46391279,-0.46596414,-0.46728054,-0.46859694,-0.47064677,-0.47085667,-0.47213015,-0.47036162,-0.46782622,-0.470076,-0.4694694,-0.47271633,-0.47472867,-0.47543615,-0.47596988,-0.4766292,-0.47709066,-0.4759702,-0.4769815,-0.47761044,-0.47652858,-0.47584987,-0.47699565,-0.47551864,-0.47733197,-0.4786523,-0.480397,-0.4789478,-0.47978702,-0.4790345,-0.47489452,-0.4741571,-0.4729945,-0.47378594,-0.47298765,-0.4711822,-0.46946272,-0.47025222,-0.46782765,-0.46797505,-0.46736422,-0.4648053,-0.4647425,-0.46651143,-0.464626,-0.46295157,-0.46218568,-0.4602285,-0.4604352
28,-0.08062778,-0.088887654,-0.092620865,-0.10077335,-0.10856004,-0.11456764,-0.11368223,-0.116640285,-0.12107502,-0.12742177,-0.13162391,-0.13690336,-0.14323786,-0.14745955,-0.15295768,-0.15529259,-0.15790205,-0.16111705,-0.16291216,-0.1652215,-0.16829133,-0.17054105,-0.17132206,-0.17270726,-0.17520513,-0.17988686,-0.18127699,-0.18470886,-0.18694934,-0.19010308,-0.19023949,-0.19382831,-0.19597253,-0.19944847,-0.20088074,-0.2005854,-0.20045888,-0.19860066,-0.20112991,-0.20104773,-0.20175433,-0.20147462,-0.20100251,-0.19982335,-0.20047407,-0.19877732,-0.19960357,-0.20042379,-0.19778569,-0.19656184,-0.19537178,-0.194438,-0.19229689,-0.1911107,-0.18967883,-0.18870898,-0.18586549,-0.1824653,-0.18237679,-0.18253987,-0.17794855,-0.17912449,-0.17560303,-0.17418835,-0.1729283,-0.17027144,-0.16909501,-0.16730542,-0.16729006,-0.16372906,-0.16113351,-0.15943271,-0.15607287,-0.15186661,-0.1513677,-0.15163416,-0.14968196,-0.14669237,-0.14513037,-0.14090243,-0.13817938,-0.13429493,-0.12914863,-0.12095586,-0.115664855,-0.11033045,-0.10646385,-0.10137347,-0.09943236,-0.09613018,-0.09417437,-0.08862186,-0.08557653,-0.08071463,-0.07691645,-0.07433581,-0.071534075,-0.068148695,-0.06594835,-0.06319424,-0.05845807,-0.052668214,-0.04773243,-0.04292164,-0.040832736,-0.034436278,-0.030926421,-0.027276814,-0.023060124,-0.01705147,-0.012517957,-0.009167842,-0.0070521906,-0.0029274994,0.0011665194,0.0028527942,0.007013289,0.009280436,0.015168208,0.020645974
29,-0.2773483,-0.28818315,-0.2953184,-0.3008001,-0.30916685,-0.31592005,-0.32072163,-0.32660276,-0.33461148,-0.33913964,-0.3470332,-0.3490348,-0.35397056,-0.3567713,-0.3571895,-0.3614454,-0.36518028,-0.36823562,-0.37024888,-0.37188643,-0.3757277,-0.3836876,-0.38105258,-0.38113147,-0.38277107,-0.38285774,-0.38465753,-0.3846564,-0.38800296,-0.38721675,-0.39106706,-0.39351797,-0.39416727,-0.39513493,-0.39252806,-0.39387053,-0.39497906,-0.39380637,-0.39504,-0.39656112,-0.39561594,-0.3958683,-0.39783385,-0.39698476,-0.39600998,-0.39591095,-0.39671227,-0.3926897,-0.3924059,-0.39327177,-0.39184684,-0.39429975,-0.39357287,-0.39597917,-0.39662284,-0.39782313,-0.3992359,-0.39824358,-0.39744073,-0.3978499,-0.39438814,-0.39178833,-0.39222452,-0.39378312,-0.39303082,-0.39410228,-0.3923709,-0.39068305,-0.3925709,-0.39095196,-0.39095956,-0.3921903,-0.39080492,-0.38890493,-0.3893503,-0.38401285,-0.38300326,-0.3826074,-0.38206798,-0.38300672,-0.3837892,-0.37936938,-0.3795207,-0.37078488,-0.36852995,-0.36715776,-0.36830115,-0.36719707,-0.36600628,-0.3629716,-0.36157265,-0.36114874,-0.35942072,-0.36014867,-0.36180204,-0.36112174,-0.35919967,-0.35707933,-0.35772234,-0.3569231,-0.35419685,-0.35073808,-0.35110208,-0.34815198,-0.34660864,-0.34355316,-0.34217575,-0.3413444,-0.34161133,-0.34082645,-0.3414063,-0.34016567,-0.34021026,-0.33838445,-0.33822978,-0.33680132,-0.33514684,-0.33349758,-0.3320348,-0.3292484
30,0.54318947,0.51290846,0.4792382,0.44612274,0.4096249,0.37606353,0.3406758,0.3087538,0.2799902,0.2494215,0.21440467,0.18382092,0.15853176,0.13164648,0.10410295,0.07605831,0.05120833,0.021941278,-0.0018404474,-0.026796406,-0.048166566,-0.070574425,-0.09307894,-0.1093593,-0.13485941,-0.1585469,-0.18029974,-0.19979402,-0.224529,-0.24279535,-0.26203376,-0.27976245,-0.29691178,-0.31642455,-0.3383637,-0.35716707,-0.3769358,-0.3962608,-0.41494927,-0.4331422,-0.45183033,-0.46782333,-0.48775974,-0.5053819,-0.523497,-0.5411829,-0.56121445,-0.5765024,-0.59600574,-0.61153054,-0.6292732,-0.6437601,-0.65943784,-0.67371887,-0.69122905,-0.70958406,-0.72684395,-0.7409771,-0.7586332,-0.77277607,-0.7849685,-0.79833984,-0.81214255,-0.8249553,-0.8380353,-0.8533581,-0.86671257,-0.8802562,-0.8952001,-0.91009235,-0.9253705,-0.94094944,-0.9522563,-0.96450424,-0.97980994,-0.9949344,-1.01013,-1.0236008,-1.0354593,-1.0480425,-1.058408,-1.0679162,-1.0779598,-1.0846525,-1.092975,-1.1051328,-1.11853,-1.1315095,-1.1432815,-1.1565883,-1.1683996,-1.1808212,-1.1903293,-1.198235,-1.2098529,-1.2228878,-1.2321854,-1.244337,-1.2522786,-1.2654436,-1.2765326,-1.2862828,-1.2981943,-1.3088992,-1.3201632,-1.3305608,-1.3389051,-1.3470045,-1.3559635,-1.3629186,-1.3693271,-1.3794488,-1.3869802,-1.3981512,-1.4058481,-1.4132183,-1.421497,-1.4293356,-1.4385809,-1.4432276
31,0.7796573,0.75335073,0.72514,0.6986245,0.6733244,0.6481773,0.61873007,0.59224635,0.56427354,0.5385653,0.51617116,0.49283504,0.46684608,0.4460004,0.42284316,0.4011856,0.38184378,0.3596412,0.34142208,0.3231222,0.3117897,0.29289782,0.27345088,0.25607097,0.23832369,0.21829133,0.20001444,0.18473114,0.16753045,0.15107438,0.13620809,0.12180781,0.109951295,0.09399872,0.079188846,0.0632615,0.05021448,0.036646865,0.0242257,0.0070334435,-0.005149505,-0.015545835,-0.025177926,-0.037301965,-0.052468996,-0.06444226,-0.07827667,-0.091050126,-0.104315,-0.11362191,-0.1213245,-0.13021861,-0.142683,-0.1535708,-0.16837534,-0.17955364,-0.18980229,-0.20099728,-0.21554318,-0.2270997,-0.23382325,-0.24200134,-0.25097418,-0.26019558,-0.27011293,-0.28240702,-0.29573703,-0.3048412,-0.31633383,-0.32532883,-0.33443487,-0.34522843,-0.35324687,-0.35803175,-0.3696299,-0.38144606,-0.38797575,-0.39887327,-0.4071951,-0.41928047,-0.42564029,-0.43474668,-0.4413216,-0.45038676,-0.45633683,-0.4662079,-0.4770236,-0.48400435,-0.49385887,-0.5033219,-0.5090284,-0.51672137,-0.5287999,-0.53546673,-0.5425507,-0.55175984,-0.5570242,-0.5642384,-0.5682131,-0.5753599,-0.58435994,-0.5898736,-0.5967687,-0.6070439,-0.61469966,-0.6204872,-0.62576133,-0.6361338,-0.63998765,-0.6415835,-0.6469366,-0.651215,-0.65792066,-0.66658175,-0.6683192,-0.66511923,-0.67257535,-0.68014747,-0.6866247,-0.6889446
32,0.44103485,0.436373,0.43152395,0.4307869,0.425006,0.41804156,0.41046244,0.40370774,0.3976428,0.38770175,0.37714884,0.36758018,0.35716826,0.34972385,0.3382863,0.32963336,0.32037717,0.30967715,0.29757148,0.2882733,0.27665186,0.2619069,0.24940959,0.23811302,0.224792,0.21348265,0.20187704,0.1897394,0.17769453,0.16852374,0.15621844,0.14493012,0.13482967,0.12485288,0.11438038,0.10490094,0.09687661,0.08852021,0.078210615,0.067413576,0.05703807,0.04667343,0.032852493,0.02335088,0.012011675,0.0039050058,-0.004760913,-0.013918313,-0.022331713,-0.030536437,-0.038065653,-0.04782661,-0.055921596,-0.06466963,-0.07371545,-0.0822027,-0.09095235,-0.100688204,-0.10790096,-0.116947755,-0.12517995,-0.13544288,-0.14401352,-0.15102318,-0.16092631,-0.16787387,-0.17510532,-0.18143079,-0.18713337,-0.19337551,-0.2015173,-0.20881636,-0.21541223,-0.2228138,-0.23190701,-0.23801978,-0.24539013,-0.250378,-0.25677636,-0.2627713,-0.2703062,-0.27382004,-0.28100002,-0.28238124,-0.28538263,-0.2922692,-0.2984114,-0.30360672,-0.31014076,-0.3187508,-0.32567555,-0.33042908,-0.33752668,-0.34363976,-0.3490727,-0.35376805,-0.35909152,-0.36336413,-0.36663055,-0.37200597,-0.37590092,-0.37788624,-0.3835789,-0.38811174,-0.3972898,-0.40257135,-0.40893355,-0.41315633,-0.42030162,-0.4246418,-0.43006605,-0.43446773,-0.43829975,-0.44177037,-0.44645852,-0.4517881,-0.45752627,-0.4619104,-0.46690473,-0.46851745
33,1.3064338,1.2838819,1.2599822,1.2435031,1.2276609,1.2138793,1.1958824,1.1766509,1.156156,1.1408794,1.1174476,1.0993869,1.0803226,1.0583563,1.0363028,1.0169895,1.0001248,0.98121214,0.96302164,0.9433414,0.924459,0.9040778,0.8867319,0.868876,0.8517092,0.8311756,0.8131777,0.79800826,0.7810441,0.76566154,0.74957407,0.73313344,0.71669424,0.70252854,0.6868285,0.6730835,0.6596016,0.6468902,0.6342384,0.61822003,0.60489714,0.5932966,0.5780932,0.5659349,0.55356294,0.5428579,0.5307451,0.51932263,0.50751084,0.49625692,0.48622194,0.47313508,0.46443242,0.4549868,0.4463428,0.43674392,0.42524204,0.41607776,0.4035824,0.39213148,0.38410965,0.37288755,0.36483553,0.3556347,0.34679428,0.34030336,0.3313573,0.3204786,0.31429404,0.30538315,0.29664502,0.28766474,0.2808721,0.27291784,0.26422825,0.25551808,0.25035167,0.24250141,0.2354774,0.22762087,0.21814466,0.21285956,0.20278725,0.19630459,0.1891585,0.18373644,0.17763186,0.17403406,0.16731068,0.16285728,0.15568364,0.14922671,0.1404139,0.13501135,0.12716106,0.12174441,0.115156755,0.11242409,0.107364036,0.10173418,0.09798681,0.095514335,0.08986525,0.08671947,0.07874798,0.0755927,0.068909176,0.065778956,0.060023,0.05544596,0.048751354,0.046332315,0.042428516,0.038603723,0.03442964,0.029114902,0.027103465,0.02163682,0.018213984,0.015193215
34,0.46758923,0.4600783,0.45453653,0.44935077,0.44721755,0.44094467,0.43870077,0.42927065,0.42458183,0.41779417,0.4128348,0.40791473,0.3977098,0.3911733,0.38292015,0.3771109,0.3734279,0.36747783,0.36077908,0.3545559,0.34596452,0.33879462,0.33308443,0.32595044,0.31790152,0.31299773,0.3071329,0.3026873,0.29842427,0.29216066,0.2868726,0.28088272,0.2775786,0.27113926,0.2668615,0.2618405,0.25778186,0.25378853,0.24880414,0.24409382,0.2411931,0.23914905,0.2341257,0.2300616,0.22403292,0.22138438,0.22080109,0.21719763,0.21219108,0.2087894,0.20382157,0.20103176,0.1981594,0.19597314,0.19520749,0.19451445,0.19115801,0.18950877,0.18579589,0.18140844,0.1787335,0.17324452,0.16877635,0.16799214,0.16646266,0.16667362,0.16695282,0.16679813,0.1679706,0.1644527,0.16241835,0.15988746,0.1595162,0.15845059,0.15704241,0.15702885,0.15701717,0.15740694,0.15438573,0.15368238,0.15299268,0.1524342,0.14800516,0.14662543,0.14609525,0.14444336,0.14368883,0.14309801,0.14341834,0.14508152,0.1455135,0.14576466,0.14302649,0.14371076,0.1420455,0.14268267,0.14294173,0.14367351,0.1471837,0.14722367,0.14729956,0.14742358,0.14877577,0.1492672,0.14956272,0.14689353,0.14563353,0.14882211,0.14696124,0.1487947,0.14725134,0.14774488,0.14819609,0.15221167,0.15205249,0.15101197,0.1526548,0.15386356,0.15332745,0.15349633
35,0.5698785,0.56892776,0.56694144,0.56648314,0.56429684,0.5591482,0.5570181,0.5527504,0.5482134,0.54466856,0.5423687,0.5366467,0.533039,0.5270882,0.5211841,0.51646394,0.5138109,0.50645316,0.5009936,0.4953273,0.48879972,0.4796521,0.47476134,0.46783724,0.46136028,0.45325908,0.44620925,0.44230658,0.43342376,0.42809707,0.42194128,0.41469502,0.4101662,0.40361255,0.3985811,0.39284655,0.38745385,0.38100666,0.3752271,0.37070513,0.36611393,0.36114413,0.35535708,0.3517744,0.34560385,0.3410571,0.33728138,0.33358723,0.32888353,0.32495087,0.32214728,0.3176199,0.31540945,0.31415182,0.30985287,0.30730242,0.30337065,0.29710418,0.29468513,0.28834444,0.2818267,0.27403706,0.2699073,0.26741865,0.26315445,0.26110655,0.25880402,0.25439125,0.25348657,0.24936192,0.24657094,0.24242838,0.23997876,0.23851395,0.23427734,0.22864091,0.22362924,0.22211051,0.21934052,0.2167125,0.2136784,0.21217184,0.20645444,0.19964176,0.1972415,0.19573131,0.19452901,0.19384027,0.19198036,0.18969634,0.1874652,0.18793689,0.17970338,0.17843723,0.17582795,0.17338204,0.17226347,0.17322487,0.17367113,0.17227407,0.17140543,0.17124061,0.17145042,0.16957334,0.1683779,0.1651878,0.1625584,0.16041772,0.15849017,0.15753506,0.1550851,0.15162244,0.15117557,0.15060623,0.14932016,0.1471932,0.14736028,0.14532772,0.14356188,0.14064506
36,0.48451132,0.4743364,0.46282825,0.452911,0.44249374,0.4302855,0.41674742,0.40181357,0.38708767,0.37351462,0.35577613,0.34267515,0.32874507,0.31565687,0.30006376,0.28674302,0.2762964,0.26261154,0.24838479,0.23151532,0.21823478,0.20324178,0.18955114,0.17789209,0.16561157,0.15415595,0.1413771,0.12930574,0.11652678,0.10122746,0.08926448,0.07727299,0.06570896,0.054298215,0.041401148,0.030760858,0.02008033,0.0076000886,-0.002614777,-0.0143114505,-0.026186634,-0.035839863,-0.0457001,-0.0542733,-0.06367445,-0.07512334,-0.08464096,-0.09251492,-0.100109555,-0.10925492,-0.11881266,-0.12930353,-0.13917845,-0.14669499,-0.154655,-0.16370465,-0.17144164,-0.1801115,-0.18938491,-0.199063,-0.20675865,-0.21606764,-0.22494483,-0.23191643,-0.2375181,-0.24259469,-0.2508171,-0.25795695,-0.26532358,-0.27142602,-0.27737284,-0.28478983,-0.29263335,-0.29951304,-0.30763024,-0.31444302,-0.32048073,-0.3255624,-0.33107072,-0.33679646,-0.34308955,-0.35037875,-0.35552722,-0.36203262,-0.36636168,-0.37321967,-0.3796247,-0.3851652,-0.3887437,-0.391833,-0.39647982,-0.39928666,-0.4053924,-0.4108116,-0.4177814,-0.4218746,-0.42495236,-0.4273173,-0.42984325,-0.43588597,-0.4390088,-0.4430925,-0.44595447,-0.44989443,-0.45709854,-0.46190986,-0.46631154,-0.4699905,-0.47418633,-0.47936192,-0.48325762,-0.48884353,-0.49369264,-0.49635553,-0.50127983,-0.5047391,-0.5081631,-0.5126072,-0.5161735,-0.51906896
37,0.51371866,0.50383556,0.4913938,0.48468375,0.47722298,0.46896592,0.45824996,0.45088458,0.4408577,0.43278852,0.42292064,0.41522068,0.40900707,0.39995423,0.39487648,0.38762942,0.3846395,0.3785219,0.3709713,0.36399257,0.3560023,0.3480352,0.34281558,0.33506516,0.32915097,0.32388422,0.3148416,0.30942738,0.30180097,0.29601684,0.2892143,0.2829443,0.27799615,0.2734108,0.26696032,0.25964788,0.25380942,0.24883199,0.2446645,0.23898026,0.23315656,0.22820096,0.221778,0.21599269,0.20958093,0.2038379,0.19910574,0.19470152,0.1899582,0.18570235,0.18242216,0.17724906,0.17543408,0.17174426,0.16658446,0.16380507,0.15827584,0.15515952,0.1512099,0.14712825,0.1416375,0.13536462,0.1324481,0.13066968,0.12836128,0.1261804,0.12417004,0.1196719,0.11732908,0.11568382,0.11149851,0.10877688,0.10730912,0.103496864,0.100753404,0.096542895,0.09227184,0.09109385,0.08888999,0.08770798,0.085898206,0.0832863,0.07719539,0.07662727,0.07480038,0.0725147,0.0704621,0.0673245,0.06591345,0.06812732,0.06598715,0.06645135,0.06437995,0.06118349,0.058193874,0.056862056,0.057521664,0.05898757,0.05887848,0.05850076,0.059350073,0.0614245,0.061340414,0.061882146,0.058318518,0.05901619,0.060350537,0.06053828,0.060509123,0.05995921,0.05948913,0.05799986,0.058375873,0.05773465,0.056544315,0.056102216,0.057389528,0.055137683,0.05454115,0.05528959
38,1.9179599,1.9046892,1.8915609,1.882954,1.8741058,1.8633897,1.8533363,1.8395493,1.8269154,1.814542,1.8003966,1.7867355,1.7716624,1.7591146,1.7431484,1.7326965,1.7223152,1.7107834,1.6977856,1.6848415,1.6719055,1.6590267,1.6462759,1.6351357,1.623213,1.6124156,1.6006066,1.5872011,1.5758684,1.5667243,1.5550823,1.5468684,1.5376043,1.5263207,1.5126083,1.5037699,1.4957092,1.483807,1.4746237,1.4647071,1.4574751,1.450389,1.4416703,1.4348457,1.4283148,1.4201012,1.415311,1.4062774,1.3960133,1.3901161,1.3797809,1.3715162,1.3637542,1.3576832,1.3501285,1.3455832,1.3386503,1.331701,1.3267969,1.3182746,1.3085544,1.2997226,1.2923552,1.2864732,1.2812703,1.277951,1.2727075,1.2669218,1.263619,1.2566615,1.247619,1.2432643,1.2373569,1.2338028,1.2273754,1.2223127,1.2144296,1.2102267,1.2063413,1.199445,1.1921598,1.1859422,1.1797607,1.1680694,1.1648195,1.1608279,1.1564205,1.1519463,1.146873,1.1451722,1.1398584,1.1345284,1.1241349,1.1206796,1.1147009,1.1106884,1.1084806,1.1036536,1.0988333,1.0968988,1.090758,1.0870348,1.0843132,1.080685,1.0770477,1.0716805,1.0675642,1.0649344,1.0609782,1.0560231,1.0504061,1.0463359,1.0453136,1.0418241,1.0358183,1.0304444,1.0284925,1.0262678,1.0244958,1.0219394
39,1.0375624,1.0232434,1.0115435,1.0001571,0.9873727,0.97714436,0.96371686,0.9516187,0.9393859,0.93043107,0.918454,0.9032215,0.89242476,0.88082993,0.8649003,0.8545494,0.845448,0.83587694,0.8255146,0.8133396,0.80114955,0.7886349,0.7763304,0.7638068,0.7503036,0.7399255,0.7286513,0.71516556,0.70725113,0.6971213,0.6854898,0.6761339,0.6682778,0.6602862,0.64550734,0.6353923,0.6262764,0.61734617,0.6099861,0.5996775,0.5929722,0.5859207,0.57702184,0.5693232,0.562477,0.5541272,0.54786414,0.5400666,0.5340489,0.52831507,0.5198978,0.51148236,0.5042265,0.49704534,0.4890375,0.48268858,0.47431606,0.46655598,0.46193045,0.4534245,0.44636965,0.43713862,0.4312002,0.4247911,0.42042422,0.41677332,0.41111693,0.40417838,0.40081447,0.39566988,0.38893616,0.3836523,0.381282,0.37457892,0.3688323,0.36064962,0.35351163,0.34964097,0.3450171,0.33835602,0.33523148,0.32854873,0.32278126,0.31401244,0.31044447,0.30533478,0.30028987,0.29685104,0.29491317,0.29160756,0.28819925,0.28400072,0.27443597,0.27130207,0.26746115,0.26376706,0.26038638,0.25838277,0.25560156,0.25273523,0.24884896,0.24918194,0.2475992,0.24417886,0.23800841,0.23475897,0.23326714,0.22874501,0.22566333,0.22220127,0.21572073,0.2119731,0.20896809,0.20669158,0.20269549,0.19987749,0.19774416,0.19444445,0.19352163,0.19118877
40,0.22171637,0.21393172,0.20699187,0.19644447,0.18574235,0.17214347,0.15499327,0.14271362,0.12715003,0.115354374,0.09968291,0.0847684,0.07318164,0.05663351,0.038644813,0.023907939,0.005561051,-0.0127058625,-0.028812742,-0.041322634,-0.05171927,-0.066635296,-0.08121667,-0.09592934,-0.11443182,-0.12771563,-0.14318416,-0.15367135,-0.16718957,-0.17617993,-0.1912618,-0.2047693,-0.2190868,-0.23409662,-0.24608722,-0.26052368,-0.27659455,-0.28930262,-0.3010858,-0.31650394,-0.32673886,-0.3391519,-0.35086468,-0.3630572,-0.3760707,-0.38875476,-0.40271807,-0.41604194,-0.42769688,-0.44167703,-0.4511977,-0.46375975,-0.47447053,-0.48493734,-0.49838424,-0.51151866,-0.5241062,-0.53836983,-0.54996264,-0.5618504,-0.5725421,-0.5837213,-0.59485775,-0.60957205,-0.6223522,-0.63213557,-0.6454237,-0.6588934,-0.6715833,-0.6827404,-0.6912998,-0.703678,-0.7140469,-0.7238685,-0.7421535,-0.7495534,-0.76153,-0.77532697,-0.788062,-0.7975932,-0.810406,-0.8230278,-0.83155215,-0.8438611,-0.8552292,-0.86792785,-0.8829071,-0.8914002,-0.90122557,-0.9152471,-0.92376584,-0.93627536,-0.94798344,-0.95845157,-0.96834165,-0.98196876,-0.9937235,-1.0066692,-1.0170252,-1.029857,-1.037727,-1.0462147,-1.0588063,-1.0699351,-1.0759217,-1.0854547,-1.0967157,-1.1071179,-1.1158679,-1.1268092,-1.1400955,-1.1501323,-1.1594324,-1.1688758,-1.1800262,-1.1892849,-1.2010429,-1.2144417,-1.2229822,-1.2303896
41,0.49469107,0.46166092,0.43302387,0.40245026,0.37336126,0.3419064,0.30920267,0.27905175,0.24909398,0.21825936,0.18740499,0.15754405,0.1278619,0.09960761,0.06857385,0.03899522,0.011062353,-0.016361354,-0.044491984,-0.07507918,-0.10468398,-0.13437638,-0.163403,-0.18969311,-0.22107825,-0.2447505,-0.27240723,-0.29856306,-0.32311445,-0.35065895,-0.37686342,-0.4022007,-0.42967016,-0.45395046,-0.47765154,-0.50341445,-0.52834415,-0.551776,-0.5774843,-0.6038338,-0.62576646,-0.6529845,-0.6773573,-0.7006899,-0.7219659,-0.7481197,-0.77122194,-0.79586416,-0.8201534,-0.84064543,-0.86451083,-0.8857109,-0.9095796,-0.93188477,-0.9544485,-0.9777209,-1.0010061,-1.0196402,-1.0390646,-1.0599343,-1.0778847,-1.095762,-1.1181796,-1.1375794,-1.158675,-1.1803411,-1.2021341,-1.2227471,-1.2454687,-1.2651465,-1.2874995,-1.3099544,-1.3298639,-1.3496327,-1.3718776,-1.386101,-1.4062462,-1.4273905,-1.4470567,-1.4665873,-1.4846226,-1.501776,-1.5181599,-1.5296829,-1.5460271,-1.5672047,-1.5852345,-1.6031234,-1.6197037,-1.6377954,-1.6576647,-1.6796478,-1.695191,-1.7160833,-1.7321417,-1.7519805,-1.7688825,-1.7855381,-1.8005459,-1.8199341,-1.8302784,-1.8414156,-1.8588755,-1.8756288,-1.8900054,-1.9034121,-1.9187349,-1.9340742,-1.9486234,-1.9651743,-1.9787557,-1.9941393,-2.0087729,-2.0265174,-2.040815,-2.048984,-2.065995,-2.0826852,-2.1011782,-2.1151612
42,0.03417843,0.015721567,-0.003065011,-0.017506953,-0.031350054,-0.048650082,-0.0616269,-0.07450159,-0.08875205,-0.10078281,-0.11288732,-0.12543188,-0.13701972,-0.15317959,-0.1657948,-0.17935248,-0.19114083,-0.20485076,-0.2181747,-0.23406577,-0.24812046,-0.2623412,-0.2755752,-0.28731734,-0.29938477,-0.31125894,-0.32251436,-0.334447,-0.34715146,-0.3561914,-0.3677599,-0.37858754,-0.38873255,-0.40095586,-0.41036734,-0.42159647,-0.4307169,-0.4421309,-0.45262736,-0.46278867,-0.47267914,-0.48273978,-0.49260265,-0.5027391,-0.5121904,-0.52208596,-0.5304189,-0.5407677,-0.55011445,-0.55921614,-0.56612694,-0.5752184,-0.581715,-0.5881958,-0.59507114,-0.60373586,-0.611101,-0.61793023,-0.62507695,-0.6319434,-0.6389774,-0.64677346,-0.6539582,-0.65907276,-0.6639746,-0.67136496,-0.6772736,-0.6827769,-0.6888013,-0.6947069,-0.70112526,-0.7085291,-0.7149933,-0.71993434,-0.72637093,-0.7322459,-0.73736095,-0.7405688,-0.7465971,-0.7513106,-0.7554275,-0.7620481,-0.76466626,-0.77059287,-0.77392197,-0.7794415,-0.7862507,-0.7917811,-0.79490614,-0.7969169,-0.8014542,-0.8046525,-0.8063494,-0.81142485,-0.8149974,-0.82008564,-0.8224281,-0.8268933,-0.82659847,-0.83071166,-0.83106315,-0.83257073,-0.8373089,-0.83849084,-0.8432373,-0.8423632,-0.8454949,-0.85017884,-0.8535345,-0.85330594,-0.8567934,-0.8574869,-0.86192495,-0.86344755,-0.8656303,-0.8642772,-0.86718607,-0.8705605,-0.87235546,-0.87328035
43,1.1794415,1.1560774,1.1296021,1.1067297,1.0876834,1.0673269,1.0455326,1.0265448,1.0057026,0.9863078,0.97043025,0.95284414,0.93636113,0.9156219,0.8952613,0.87921536,0.86253595,0.8466011,0.83108443,0.81433165,0.79668957,0.7783929,0.7615247,0.74584657,0.729784,0.71629477,0.7013395,0.68520725,0.6736475,0.65848887,0.6439152,0.632373,0.62034243,0.6067632,0.5947051,0.58213866,0.57016814,0.55892473,0.54761136,0.53537077,0.52296436,0.51170707,0.49817902,0.48804158,0.4739779,0.46211272,0.450288,0.43653813,0.42457217,0.41339618,0.40243968,0.39245996,0.38233548,0.3704841,0.35813916,0.34890658,0.339549,0.33088633,0.3216102,0.3139132,0.3038092,0.2916646,0.2813334,0.27516875,0.26571366,0.25636405,0.24915004,0.24102506,0.23384361,0.22304377,0.21164672,0.20275506,0.1953164,0.18810253,0.1803142,0.16999367,0.16255541,0.15588707,0.14825436,0.13956779,0.12870301,0.122857966,0.114553176,0.107677005,0.10176341,0.09637215,0.087616906,0.07880384,0.07240398,0.06578748,0.059793163,0.05340494,0.04567588,0.040378556,0.03431133,0.028341537,0.023718938,0.019409945,0.014134598,0.010138181,0.003908561,-0.00038227887,-0.0050321086,-0.0082496945,-0.0144686345,-0.017238755,-0.021125302,-0.025318405,-0.03128185,-0.034620475,-0.04009642,-0.042541467,-0.048502583,-0.05216053,-0.06099128,-0.06362601,-0.06968512,-0.07368145,-0.07854676,-0.081247166
44,1.2663575,1.2443478,1.2241137,1.208256,1.1884068,1.1734045,1.1540133,1.139784,1.1271087,1.109147,1.0920317,1.0780901,1.0630324,1.0441195,1.0302008,1.0179926,1.0062371,0.99379337,0.98190784,0.9661771,0.95374215,0.9405284,0.92709285,0.91428167,0.9005923,0.888828,0.87781125,0.8644228,0.85112685,0.83962363,0.82691497,0.81608903,0.8057764,0.7966944,0.7901923,0.77985466,0.7707397,0.7600736,0.75094074,0.74126256,0.73316795,0.7243189,0.71445876,0.70507115,0.69362235,0.6830618,0.6738107,0.66219103,0.65321887,0.64402854,0.6353984,0.62858665,0.62220013,0.61278653,0.6060118,0.5988018,0.59174144,0.58076674,0.571813,0.56549865,0.5587632,0.54978824,0.54099184,0.532431,0.5254494,0.5184939,0.5156345,0.5105728,0.50455385,0.49866176,0.4912049,0.48456025,0.47842303,0.4742364,0.46780047,0.4587769,0.4498481,0.44461507,0.43911505,0.4345011,0.42813215,0.42451993,0.4175375,0.41062546,0.40504414,0.40154725,0.39764604,0.39253375,0.38681385,0.38377744,0.37835032,0.37388557,0.3672956,0.36268184,0.3595311,0.35621575,0.35153845,0.34754592,0.3401381,0.33689377,0.33355087,0.33156553,0.32771406,0.32610628,0.3211301,0.31617534,0.31376952,0.3090441,0.30540064,0.30366927,0.29790562,0.29460326,0.2896418,0.28704283,0.2829333,0.2769152,0.27300763,0.27080852,0.2694524,0.26677042
45,0.36118028,0.34013003,0.32402462,0.30825156,0.29404262,0.27659744,0.25749904,0.24294968,0.22797748,0.21497408,0.19813435,0.18175328,0.16942573,0.15302736,0.13839552,0.12565945,0.11462227,0.102429725,0.090947494,0.07778749,0.06616575,0.05288757,0.04116226,0.030465772,0.015676674,0.0048843697,-0.0061537004,-0.012573627,-0.023369038,-0.031522103,-0.041533332,-0.050376497,-0.05938273,-0.069411255,-0.07665882,-0.086402684,-0.094007775,-0.10434079,-0.113457896,-0.12260028,-0.13265817,-0.13888165,-0.14530282,-0.15468049,-0.16271108,-0.17072031,-0.17815375,-0.1847258,-0.19177537,-0.19780532,-0.20400783,-0.21113667,-0.21729116,-0.22464159,-0.2313106,-0.23752324,-0.24398193,-0.24863367,-0.25470686,-0.2630554,-0.26788735,-0.27488762,-0.28238183,-0.28606758,-0.29053146,-0.296142,-0.30051708,-0.3042832,-0.31093335,-0.3149173,-0.32080382,-0.32574183,-0.32965943,-0.3326751,-0.33919352,-0.34785628,-0.35051766,-0.3537414,-0.35598794,-0.35651177,-0.35968402,-0.363255,-0.363583,-0.36241132,-0.36543542,-0.36748856,-0.37185526,-0.37531665,-0.3797889,-0.38323635,-0.38562745,-0.3899666,-0.3917967,-0.39450404,-0.39664218,-0.40101904,-0.4035267,-0.40600887,-0.4036909,-0.40555897,-0.4065609,-0.40853697,-0.41253313,-0.41458422,-0.4182313,-0.4193626,-0.4196396,-0.4187499,-0.4218885,-0.42067337,-0.42178163,-0.42311835,-0.42427438,-0.4242569,-0.42567104,-0.42931867,-0.43176642,-0.43211132,-0.4340826,-0.43475255
46,1.564102,1.5445724,1.5239073,1.5051793,1.4875484,1.4699509,1.4548643,1.4378787,1.4205072,1.4064298,1.3859544,1.3731921,1.3573382,1.3424404,1.324398,1.3126522,1.3002874,1.2891362,1.2758749,1.2613271,1.250404,1.2383326,1.2271073,1.2141453,1.2030202,1.1932644,1.184499,1.1747936,1.1652075,1.1535867,1.1443918,1.1341217,1.1252508,1.1164441,1.1061873,1.0977954,1.0880575,1.0775197,1.070828,1.0626843,1.0568638,1.0485891,1.040535,1.0328125,1.0274019,1.018925,1.0113313,1.0056168,0.9997512,0.99605465,0.98693264,0.9808878,0.972987,0.9684216,0.9615587,0.9560291,0.9504631,0.93987876,0.93276834,0.92441046,0.9190756,0.91369087,0.90747845,0.90076077,0.89560044,0.8893237,0.8833952,0.8768321,0.87184083,0.868488,0.86455214,0.85843384,0.85455096,0.8495568,0.84328806,0.83505857,0.83124083,0.82600945,0.82253236,0.8170778,0.8114828,0.80544317,0.7994228,0.79223096,0.7893094,0.783207,0.7786651,0.77684987,0.7700917,0.7655052,0.76250106,0.7593845,0.75296384,0.74977887,0.74532956,0.74214554,0.7403606,0.7350573,0.7325801,0.7318758,0.73125535,0.7248989,0.72075754,0.71558344,0.7118449,0.7063595,0.70569736,0.7033347,0.6976856,0.69321764,0.690183,0.6859595,0.6831642,0.6797153,0.67425793,0.6678418,0.662082,0.6586064,0.6556265,0.65268564
47,1.3825203,1.3641102,1.3450811,1.3294485,1.3157475,1.3008478,1.2840154,1.2672453,1.2513281,1.2351059,1.2169032,1.2031522,1.1910527,1.1783434,1.1648142,1.1526426,1.1418613,1.1300371,1.1160028,1.1029869,1.0925736,1.0811275,1.0702888,1.0609868,1.04899,1.0391806,1.0295656,1.0188756,1.0109224,0.9957822,0.98359936,0.97092074,0.96207714,0.9538735,0.9443924,0.9344967,0.92630625,0.91762275,0.9090417,0.9016142,0.89591485,0.8885741,0.8796414,0.87166816,0.86245906,0.85303056,0.8478009,0.8412455,0.833869,0.829343,0.82267445,0.81584615,0.80788547,0.79960406,0.78985375,0.7820354,0.7765039,0.77073306,0.7651416,0.76095647,0.75318086,0.7426654,0.7362311,0.7305046,0.7252935,0.7201675,0.71439344,0.7073873,0.7021817,0.6945903,0.6863891,0.6787915,0.67494476,0.6709122,0.6660431,0.6573947,0.6533874,0.64799154,0.6423176,0.6367899,0.62944293,0.62257016,0.61531097,0.6086355,0.6035077,0.5965183,0.59160453,0.5886767,0.583903,0.5790776,0.57610446,0.57145673,0.5645626,0.56124175,0.55805016,0.5545081,0.5499641,0.5461333,0.54231346,0.5380572,0.53196895,0.52875435,0.527913,0.5270333,0.52247155,0.51902086,0.518144,0.51501125,0.5136193,0.5103188,0.5076234,0.5055888,0.50306046,0.49989766,0.49733368,0.4942379,0.49114543,0.48718137,0.48287457,0.4820401
48,0.5807043,0.5609687,0.5411817,0.52502114,0.50755316,0.49115753,0.47522372,0.45977315,0.44314575,0.42910647,0.41370097,0.39932325,0.3849633,0.37105808,0.35810402,0.34668788,0.3328314,0.3214744,0.30747494,0.29719448,0.28617537,0.2730636,0.2582061,0.24784791,0.23752506,0.22915378,0.21930178,0.20766926,0.19866197,0.18801533,0.18022385,0.17144665,0.16569953,0.15788169,0.1491012,0.13979974,0.13174619,0.12566997,0.117095694,0.1097393,0.102607764,0.09747206,0.08924353,0.08290055,0.07568257,0.06930405,0.062095486,0.055473022,0.046219554,0.04170548,0.034496456,0.028342202,0.022383574,0.016147947,0.01033291,0.003490305,-0.0015679464,-0.0076857195,-0.011798826,-0.016278,-0.021200236,-0.028445283,-0.03604484,-0.038923785,-0.043107845,-0.047927026,-0.049767315,-0.053475298,-0.058774006,-0.061130304,-0.065027505,-0.072235174,-0.07444571,-0.075302996,-0.079513535,-0.08197301,-0.08558794,-0.087862924,-0.09205407,-0.09330568,-0.097580746,-0.10231044,-0.10751213,-0.110288955,-0.111640394,-0.11538925,-0.121464275,-0.12425981,-0.12686524,-0.12838967,-0.13233516,-0.13354063,-0.13518456,-0.13773823,-0.14121482,-0.14334519,-0.14593723,-0.14546847,-0.14451993,-0.14729074,-0.14941418,-0.15413968,-0.15493701,-0.15710358,-0.15942287,-0.16011238,-0.16039367,-0.16273291,-0.16686323,-0.16628988,-0.16809154,-0.17008372,-0.17236577,-0.17454103,-0.1744252,-0.17432313,-0.17672567,-0.17825054,-0.1801959,-0.17800626
49,0.37577158,0.35570657,0.33265987,0.3146367,0.29536757,0.2788721,0.25729457,0.24439552,0.22530429,0.20776239,0.19274405,0.17739034,0.1607954,0.14446476,0.134001,0.11941328,0.110814,0.09613186,0.08413024,0.07468049,0.06319874,0.05102011,0.03752737,0.026342994,0.014481358,0.0018896887,-0.010372949,-0.02147755,-0.032864586,-0.04044863,-0.048682235,-0.059030175,-0.065994136,-0.07549324,-0.083306774,-0.09314914,-0.10092425,-0.10944958,-0.11953725,-0.12725808,-0.13458839,-0.14240988,-0.15301321,-0.16250533,-0.17086725,-0.17955,-0.1883219,-0.19502142,-0.20461741,-0.21367891,-0.22063558,-0.22865942,-0.23747483,-0.24454646,-0.2533888,-0.26147428,-0.26559812,-0.27202204,-0.2786777,-0.28334156,-0.28837225,-0.29759493,-0.30548006,-0.3107529,-0.31545344,-0.32095093,-0.32650024,-0.3317284,-0.33952498,-0.34310123,-0.3492152,-0.3562553,-0.3612389,-0.36591053,-0.37327793,-0.37704244,-0.38462207,-0.3904086,-0.39429578,-0.39898652,-0.40389603,-0.40757877,-0.4128769,-0.41668716,-0.42098695,-0.4272162,-0.43437618,-0.4406619,-0.4467275,-0.4533485,-0.4584655,-0.4647554,-0.46625882,-0.47180358,-0.47793716,-0.48294115,-0.4882359,-0.49101478,-0.49671945,-0.5023313,-0.5093471,-0.5144995,-0.52011925,-0.5255293,-0.53121495,-0.53494847,-0.5377776,-0.54268754,-0.54705554,-0.5492314,-0.5532979,-0.5582137,-0.5633109,-0.5683004,-0.5718387,-0.5758747,-0.5794286,-0.5841228,-0.5904362,-0.59124285
50,0.61765236,0.5900674,0.5670848,0.53872633,0.5150588,0.4918011,0.4679771,0.44936413,0.42596206,0.40677077,0.38776,0.36783487,0.3488804,0.3305083,0.31614152,0.29988137,0.28513306,0.26820448,0.25031823,0.23300445,0.21752867,0.20023048,0.18795237,0.17250085,0.1571742,0.14311513,0.12840483,0.11516812,0.10413545,0.09093736,0.07855509,0.06571969,0.054362662,0.04397154,0.0340594,0.021275032,0.010274108,-0.00081145467,-0.014148138,-0.026129643,-0.034225393,-0.04168541,-0.05131179,-0.060835958,-0.07112336,-0.08382916,-0.094103314,-0.10180412,-0.11054752,-0.11983527,-0.12854172,-0.13877822,-0.14714515,-0.15937814,-0.16783142,-0.1770496,-0.18355377,-0.19398732,-0.20384678,-0.21323884,-0.2205958,-0.22653452,-0.23589857,-0.24375744,-0.25276,-0.26017663,-0.26673442,-0.27329522,-0.28024754,-0.28676027,-0.2952371,-0.30303326,-0.3080726,-0.31421456,-0.32287544,-0.33017302,-0.33881336,-0.34594142,-0.34948286,-0.35529023,-0.3598887,-0.36782297,-0.3718534,-0.3801219,-0.38554972,-0.3917976,-0.3987299,-0.40446034,-0.41116095,-0.41842437,-0.42151183,-0.42806697,-0.43392467,-0.43884882,-0.4450069,-0.4487578,-0.4544266,-0.45716238,-0.46177536,-0.46815848,-0.4711408,-0.47503734,-0.47882804,-0.4826131,-0.48845538,-0.4921499,-0.49692592,-0.5018727,-0.50769055,-0.5113085,-0.51282454,-0.5173326,-0.52174056,-0.52810955,-0.5309674,-0.5350375,-0.5409907,-0.54534453,-0.5499013,-0.5504212
51,-0.474711,-0.48482648,-0.49442473,-0.50579697,-0.5143095,-0.52459234,-0.5310884,-0.5403818,-0.55081713,-0.55808675,-0.5654172,-0.57221466,-0.58155954,-0.58681995,-0.5888095,-0.5976823,-0.6011491,-0.60492283,-0.60919446,-0.6104391,-0.6159135,-0.6224393,-0.62748265,-0.6312462,-0.63423383,-0.63687927,-0.64115876,-0.6444088,-0.6471448,-0.65368277,-0.65522057,-0.6577962,-0.65988076,-0.6636511,-0.6661633,-0.6679169,-0.67026085,-0.6718205,-0.6780504,-0.68025595,-0.6822349,-0.684589,-0.6894698,-0.6916541,-0.6937715,-0.6967472,-0.69971615,-0.7001916,-0.7037438,-0.7059234,-0.71004546,-0.7118218,-0.7124236,-0.7113203,-0.7136654,-0.7163866,-0.71779287,-0.71858776,-0.71944296,-0.72110045,-0.7216221,-0.72266,-0.7222285,-0.72196466,-0.7219505,-0.72404206,-0.7213082,-0.72307837,-0.7241818,-0.72477335,-0.7240098,-0.72585166,-0.7291514,-0.72815347,-0.7293799,-0.72514164,-0.72817314,-0.7299758,-0.7300515,-0.7325064,-0.731718,-0.7293377,-0.7266464,-0.7260127,-0.726359,-0.72695786,-0.7282556,-0.72556716,-0.7267434,-0.728052,-0.72758305,-0.72674954,-0.7261592,-0.7255607,-0.7259726,-0.72620386,-0.7258389,-0.72465986,-0.72304195,-0.723323,-0.7218799,-0.72089076,-0.7221287,-0.72107154,-0.71957695,-0.71695226,-0.7163332,-0.71790177,-0.7188848,-0.71785337,-0.7172424,-0.7156912,-0.7152282,-0.7142036,-0.70965874,-0.7063972,-0.7069813,-0.70652735,-0.70477164,-0.70345616
52,1.2731999,1.2523265,1.2296786,1.2090597,1.1905446,1.1741515,1.1550739,1.1391295,1.12525,1.1086577,1.0956218,1.07964,1.0681496,1.0550597,1.039126,1.0296851,1.0184476,1.0095336,0.9988675,0.98865956,0.9784609,0.9664346,0.95708007,0.94876015,0.9377472,0.93055326,0.92390025,0.9112667,0.9041503,0.8944006,0.88615024,0.8786011,0.8759349,0.87107813,0.86197245,0.85422087,0.84890425,0.84444475,0.8371692,0.8327339,0.8284558,0.8217813,0.81743574,0.81204814,0.8052471,0.7974871,0.79390574,0.78935784,0.78263324,0.78031576,0.7755333,0.77103525,0.76644194,0.7591601,0.7520565,0.74751925,0.7419167,0.73407876,0.72802633,0.72339666,0.71703625,0.708389,0.70439124,0.7036927,0.69956315,0.695501,0.6899138,0.68704015,0.6809732,0.6771736,0.67059785,0.6653705,0.66243017,0.6590235,0.65643454,0.64974785,0.64561,0.6414628,0.637976,0.6340677,0.62970465,0.6268319,0.6226435,0.6165865,0.61546886,0.6123644,0.60840905,0.60220015,0.5984072,0.59444755,0.5916083,0.59080833,0.5826389,0.5796455,0.5760323,0.5728932,0.5705559,0.56817615,0.5624896,0.55815744,0.55628234,0.5533627,0.55175304,0.5518111,0.5484448,0.5440931,0.54216623,0.53718203,0.5335749,0.52967733,0.52520996,0.51807684,0.5148633,0.51239884,0.50593036,0.5013134,0.49714494,0.49418974,0.4925433,0.4914598
53,-0.03463382,-0.053168338,-0.069667086,-0.085884094,-0.10165028,-0.11627098,-0.1317542,-0.15082598,-0.16835143,-0.18391736,-0.20039645,-0.21658859,-0.23286016,-0.2508596,-0.26453337,-0.280601,-0.2958464,-0.3134814,-0.332228,-0.3468194,-0.36260128,-0.3773579,-0.39087588,-0.40475297,-0.41739646,-0.4314146,-0.44758028,-0.46227306,-0.4748107,-0.48622864,-0.499168,-0.51122177,-0.52358925,-0.5346708,-0.5479497,-0.5586699,-0.5679952,-0.58061385,-0.5929111,-0.6051761,-0.61717093,-0.6285427,-0.639333,-0.64869004,-0.6597368,-0.6705793,-0.68155223,-0.6904275,-0.69850487,-0.70688903,-0.71212935,-0.72296727,-0.73245186,-0.73808885,-0.74712914,-0.75525373,-0.7618613,-0.7670018,-0.77533257,-0.7814639,-0.7889897,-0.7995042,-0.80906785,-0.8158673,-0.8207658,-0.82733333,-0.8339087,-0.8413167,-0.8492263,-0.8563589,-0.8650136,-0.87324107,-0.8809217,-0.8883394,-0.89589804,-0.8999939,-0.90675414,-0.91211045,-0.9158665,-0.92414397,-0.92759407,-0.9283953,-0.93116224,-0.9347786,-0.9396814,-0.94555223,-0.9502443,-0.952038,-0.9582284,-0.9629404,-0.9689461,-0.9707583,-0.9713031,-0.9779748,-0.98154175,-0.9857625,-0.9882991,-0.9937881,-0.99484146,-1.0007919,-1.0046508,-1.0098002,-1.0134528,-1.0206058,-1.0246328,-1.0276164,-1.0301551,-1.0355167,-1.0406795,-1.0447556,-1.0485321,-1.0511054,-1.0550649,-1.0588686,-1.0593526,-1.0588223,-1.0608735,-1.0637867,-1.0690315,-1.0717112
54,0.8269645,0.8061222,0.779311,0.7582963,0.7356612,0.7183784,0.6984819,0.68140066,0.66435325,0.64947593,0.6332452,0.61740977,0.6055497,0.5918543,0.5797887,0.56837046,0.5591272,0.5484992,0.5358752,0.5258842,0.514271,0.50232303,0.48560482,0.46964702,0.456988,0.4464089,0.4345374,0.42448473,0.4144322,0.40549907,0.39535984,0.3862001,0.37835413,0.37118208,0.36007997,0.35181573,0.343962,0.33239266,0.32441533,0.31451502,0.30768734,0.29783672,0.291377,0.28156385,0.27023458,0.26222187,0.25358155,0.24434943,0.23587608,0.22707236,0.21559604,0.20956385,0.20221095,0.19543885,0.18631479,0.17725913,0.16905014,0.15988669,0.14935437,0.14230204,0.13699034,0.12839334,0.11851944,0.11066278,0.10458946,0.09915659,0.09147372,0.08375639,0.075945735,0.06874089,0.059880994,0.052232735,0.04640367,0.04157319,0.034007825,0.028134942,0.018808464,0.012039074,0.0058803456,0.0015591234,-0.004212535,-0.010402317,-0.0137437405,-0.024621071,-0.030531708,-0.037464626,-0.043746628,-0.04737998,-0.053171266,-0.058644135,-0.06452353,-0.06974978,-0.07502414,-0.07906209,-0.0829941,-0.087291814,-0.090105355,-0.09437498,-0.1041257,-0.108614706,-0.116024315,-0.119522,-0.12406544,-0.13214597,-0.13572487,-0.13930555,-0.14041357,-0.14719096,-0.15227005,-0.15664421,-0.1588724,-0.16384472,-0.17023027,-0.17904003,-0.18427035,-0.1876039,-0.19138588,-0.19650996,-0.20007186,-0.20290521
55,0.5712318,0.5546634,0.53458095,0.51801234,0.5019889,0.48393017,0.46779695,0.45256916,0.43423906,0.41896233,0.40666756,0.38956612,0.37566295,0.3620319,0.34502903,0.33140954,0.3170528,0.3050441,0.29156655,0.27527174,0.26218203,0.24709976,0.22701013,0.21453544,0.2003396,0.18622759,0.17121753,0.15964122,0.14855282,0.13902298,0.12799011,0.11721642,0.10693695,0.09419354,0.08646135,0.076219775,0.06521876,0.053878933,0.042974934,0.03217748,0.024761954,0.014962992,0.0036632672,-0.0076526664,-0.015247014,-0.02520672,-0.032683007,-0.04171706,-0.05172373,-0.060312234,-0.07228941,-0.08069268,-0.08972916,-0.100255966,-0.10790298,-0.11574694,-0.12517777,-0.13468209,-0.14076531,-0.14862575,-0.15807834,-0.16477948,-0.17444298,-0.18261516,-0.19197448,-0.19778053,-0.20584631,-0.21259637,-0.22135696,-0.22793587,-0.23434222,-0.24200435,-0.24741344,-0.25235328,-0.26008457,-0.26701152,-0.27586964,-0.28374195,-0.290384,-0.2983672,-0.30221525,-0.3094408,-0.31352606,-0.32592964,-0.33459598,-0.34252208,-0.3485605,-0.3536236,-0.3607467,-0.3690084,-0.37438253,-0.38053837,-0.38401154,-0.39114586,-0.39892238,-0.4050087,-0.4117554,-0.41656533,-0.42141837,-0.42912573,-0.43100947,-0.43483415,-0.43898344,-0.44543156,-0.45122886,-0.4541571,-0.45761323,-0.46326098,-0.469462,-0.4725028,-0.47944003,-0.48547015,-0.49007782,-0.49669632,-0.50048053,-0.50524294,-0.5125042,-0.5177442,-0.5244633,-0.5290198
56,-0.3085303,-0.3237385,-0.33732802,-0.3486132,-0.36070365,-0.37427938,-0.38775048,-0.39962718,-0.41529378,-0.42672116,-0.4363051,-0.44717804,-0.46023828,-0.46972823,-0.48338136,-0.49267054,-0.50240636,-0.51191765,-0.5211264,-0.532549,-0.5406908,-0.5499345,-0.5592834,-0.56815773,-0.57854414,-0.58452857,-0.5951837,-0.59780097,-0.6039833,-0.6122917,-0.61908525,-0.628324,-0.6356934,-0.6448891,-0.6479793,-0.65384686,-0.66100323,-0.66719806,-0.67660356,-0.6818658,-0.68817365,-0.6939448,-0.7008928,-0.7099733,-0.7147052,-0.72152877,-0.72856694,-0.73247325,-0.7386018,-0.7452038,-0.7506408,-0.7566943,-0.76096904,-0.76469415,-0.76973206,-0.7753089,-0.7801692,-0.78458333,-0.78717005,-0.7919458,-0.795718,-0.7991982,-0.8063612,-0.81262445,-0.81807363,-0.8227232,-0.8291954,-0.83416367,-0.8407857,-0.84545314,-0.8478073,-0.85230434,-0.8557023,-0.8598259,-0.8658613,-0.8688674,-0.8733312,-0.8792306,-0.88416374,-0.8907026,-0.89491093,-0.8987738,-0.90062827,-0.9016541,-0.90699875,-0.9120963,-0.91683656,-0.9202299,-0.925481,-0.9293661,-0.93303776,-0.9354676,-0.9353825,-0.93819207,-0.94294536,-0.94721496,-0.9499577,-0.95170975,-0.95466614,-0.9583286,-0.9615612,-0.96739817,-0.97033596,-0.974864,-0.97859323,-0.97748566,-0.9800669,-0.98199826,-0.98449457,-0.9872509,-0.9881147,-0.98939574,-0.99203366,-0.99257344,-0.9947462,-0.99444276,-1.0007423,-1.0017599,-1.0070177,-1.0061924
57,0.075080164,0.05143998,0.028615039,0.007985649,-0.009694638,-0.027917912,-0.05271762,-0.070273556,-0.09235064,-0.10922386,-0.12596443,-0.14113985,-0.15951873,-0.17836037,-0.1964496,-0.21324547,-0.23076287,-0.24657074,-0.26285642,-0.2751341,-0.28863767,-0.30549762,-0.32047835,-0.332292,-0.34538275,-0.3600443,-0.37359142,-0.38389653,-0.3973436,-0.41002017,-0.42056686,-0.43032616,-0.44163004,-0.45321232,-0.4608713,-0.47203502,-0.48283076,-0.49418253,-0.50504744,-0.51668525,-0.5268531,-0.5367987,-0.54757804,-0.5574976,-0.56599504,-0.57525074,-0.5828403,-0.59312737,-0.6030754,-0.6115668,-0.62145275,-0.6304134,-0.6402418,-0.6479553,-0.6574492,-0.6661475,-0.6736735,-0.6825075,-0.68982965,-0.69906914,-0.7070307,-0.7139864,-0.72139305,-0.72652346,-0.73437643,-0.740633,-0.7463074,-0.7518221,-0.7603183,-0.76560944,-0.774305,-0.7829694,-0.7894271,-0.79504937,-0.8019212,-0.8053174,-0.8138482,-0.81985503,-0.82627404,-0.8332647,-0.840278,-0.8453764,-0.84984636,-0.8564831,-0.860566,-0.8679639,-0.8757197,-0.8818014,-0.8869626,-0.89102304,-0.89818966,-0.90383947,-0.90696687,-0.9121872,-0.9171362,-0.9219505,-0.9230329,-0.9259672,-0.93092585,-0.93806255,-0.94246274,-0.9495858,-0.9540125,-0.9603857,-0.9682194,-0.9717882,-0.9749249,-0.97960913,-0.984612,-0.9867972,-0.9917261,-0.9940322,-0.99659187,-1.0005901,-1.0015476,-1.0032759,-1.0080553,-1.0116537,-1.0160534,-1.0196302
58,0.18867336,0.16598675,0.14625897,0.12655516,0.1067781,0.09056849,0.070094086,0.04833987,0.027866408,0.008191265,-0.0069529032,-0.02271369,-0.042087954,-0.059343927,-0.06970567,-0.08487322,-0.09786827,-0.11140883,-0.12388532,-0.13438001,-0.1474456,-0.16363327,-0.17473695,-0.1869354,-0.20021713,-0.21151237,-0.22440395,-0.23527582,-0.24630865,-0.25738236,-0.26867518,-0.27775115,-0.28839225,-0.29886192,-0.30597448,-0.31635642,-0.32478508,-0.3340066,-0.3440095,-0.3534963,-0.36031848,-0.36850858,-0.37874424,-0.3876223,-0.39501506,-0.40149036,-0.4088943,-0.41513023,-0.4222141,-0.4290492,-0.43661815,-0.44252032,-0.44800863,-0.45273834,-0.45885363,-0.46746224,-0.47404265,-0.48179516,-0.48649186,-0.49347466,-0.4976341,-0.50569516,-0.5119816,-0.51650715,-0.5235785,-0.5299815,-0.5339909,-0.53828114,-0.5442742,-0.55062866,-0.55706,-0.5635165,-0.5674037,-0.57084954,-0.5767883,-0.57759464,-0.5860922,-0.59235406,-0.5963024,-0.6025613,-0.6059509,-0.60720146,-0.61069524,-0.6141705,-0.6156656,-0.62097263,-0.62630475,-0.6306149,-0.63395774,-0.6372708,-0.6412624,-0.64578855,-0.64729226,-0.6508349,-0.6528264,-0.65702164,-0.65867025,-0.65975577,-0.663875,-0.669438,-0.67150474,-0.6714999,-0.67508566,-0.67814076,-0.680505,-0.67915136,-0.6812027,-0.6838354,-0.68990433,-0.6887224,-0.6901688,-0.6909913,-0.6905645,-0.69348484,-0.69347656,-0.6970881,-0.70062447,-0.7032247,-0.7064803,-0.70447975
59,0.93969285,0.925202,0.9104373,0.8950283,0.88262254,0.8695899,0.85771644,0.8459256,0.8355705,0.8247118,0.81413996,0.80015403,0.78475493,0.7710489,0.75899136,0.7480641,0.7382034,0.7275429,0.71717155,0.7087945,0.6987702,0.68635553,0.6769125,0.66648996,0.6564976,0.6454453,0.6352359,0.6248119,0.6174158,0.60789275,0.5984656,0.5894711,0.5837366,0.5781255,0.5734725,0.5669967,0.558577,0.55138713,0.5441979,0.54072267,0.535704,0.5286428,0.51991594,0.5118343,0.5017917,0.49563274,0.48797035,0.48380336,0.47700033,0.4714435,0.46294937,0.45840383,0.45287186,0.44827738,0.44352636,0.4389349,0.43296465,0.4265686,0.42378384,0.42033386,0.41643548,0.41108838,0.40666777,0.39979813,0.39588696,0.39544612,0.39161515,0.38814434,0.3828619,0.37469932,0.37298435,0.3716565,0.36863568,0.36631522,0.36245808,0.36160028,0.3577845,0.35640964,0.35459,0.35402057,0.34946972,0.34974226,0.3474725,0.3392453,0.33565488,0.33304253,0.32860002,0.3267434,0.3236866,0.32065883,0.31879488,0.31406277,0.31562132,0.31429324,0.311554,0.30893463,0.3062831,0.3035931,0.29946083,0.29656678,0.29379654,0.28873998,0.28692466,0.28590924,0.28536707,0.28280723,0.28180698,0.2814914,0.27957872,0.27571437,0.27533227,0.27470094,0.27193782,0.2692533,0.26466,0.25981024,0.25864524,0.2576296,0.254695,0.2560983
60,0.71208173,0.703488,0.6916505,0.68147486,0.6757708,0.6641115,0.6527242,0.63718855,0.62860787,0.6203748,0.612198,0.6066047,0.599966,0.5898311,0.5824755,0.57822025,0.5742594,0.56866866,0.56161964,0.55613554,0.54825246,0.5414728,0.5353805,0.52946854,0.5228187,0.5159234,0.51030505,0.5053723,0.50408435,0.4998823,0.49677315,0.49254352,0.49107757,0.48658308,0.4841303,0.48227328,0.47966027,0.47578707,0.47192913,0.4706266,0.46849227,0.46694556,0.46362418,0.46025586,0.45576698,0.45298132,0.45097923,0.4502274,0.4484058,0.4453722,0.44280943,0.44113708,0.4389046,0.4378798,0.43814167,0.4374157,0.43481946,0.43354258,0.43211612,0.42990327,0.4275946,0.42582232,0.42236328,0.4229396,0.4219548,0.42385712,0.42609692,0.42430553,0.42333633,0.4223402,0.42116684,0.42050427,0.42065567,0.42176858,0.4226277,0.42148226,0.42165366,0.42299336,0.4237656,0.4264965,0.42667943,0.42892966,0.4259154,0.42279354,0.42350593,0.42502266,0.42648855,0.42432538,0.42246714,0.424792,0.42747602,0.42739153,0.42745715,0.4304304,0.43048486,0.43208474,0.42891678,0.4302237,0.4316252,0.43052864,0.4307704,0.42631283,0.42855912,0.43052474,0.43434578,0.43872172,0.4407838,0.44485354,0.4434349,0.44387683,0.4451491,0.44489735,0.44759312,0.4499433,0.45139974,0.45274267,0.4540248,0.45626163,0.45828858,0.46039718
61,1.3968003,1.3826063,1.3654082,1.3500059,1.3358021,1.3249131,1.3111788,1.3035319,1.2935947,1.2789975,1.2676754,1.2577345,1.2494786,1.2421257,1.233788,1.2278519,1.221427,1.2130166,1.2073425,1.1972147,1.1886537,1.1793936,1.1731987,1.1678628,1.1610911,1.1533046,1.1461192,1.1367968,1.1319621,1.1228302,1.1158919,1.1124241,1.1079639,1.1045897,1.0996102,1.09426,1.0888433,1.0850285,1.0797054,1.0723128,1.0696318,1.0649717,1.0586288,1.0562425,1.0519007,1.0456533,1.0439035,1.0362138,1.0285622,1.0232996,1.0124905,1.0093113,1.005151,0.9992607,0.9909827,0.98562497,0.98217964,0.9758767,0.9684545,0.9644392,0.9614104,0.954648,0.9497892,0.94163215,0.9373635,0.9330703,0.9263037,0.920087,0.9142625,0.9040968,0.8983299,0.89295197,0.888734,0.88387555,0.8786705,0.87720454,0.8733969,0.8672964,0.86087716,0.8534482,0.84485054,0.83849525,0.8325531,0.83064985,0.82494384,0.8206004,0.814613,0.80934656,0.8021018,0.7972802,0.7915491,0.784458,0.7757757,0.7712022,0.76461023,0.7585145,0.75234884,0.74688196,0.7379626,0.7331771,0.7284958,0.72023445,0.71616197,0.7110292,0.7047745,0.69654965,0.69118917,0.6856619,0.67903936,0.6710739,0.6653403,0.6608788,0.65320784,0.6486716,0.6424012,0.63452977,0.63116634,0.6256641,0.62031287,0.61647856
62,1.429449,1.4099107,1.388962,1.3720177,1.3557701,1.3430324,1.328418,1.3162502,1.2998297,1.2849752,1.2706227,1.2565228,1.242614,1.2278738,1.2128365,1.2039945,1.1935108,1.1834376,1.1722462,1.1585764,1.1516076,1.1403482,1.1331717,1.1265148,1.1194274,1.1102563,1.1027334,1.0943522,1.0875137,1.0780758,1.0711477,1.0654931,1.0593007,1.0523922,1.0443317,1.0378432,1.0309836,1.0237056,1.0172904,1.0119056,1.0072225,1.0026916,0.997138,0.9921808,0.9873085,0.9798471,0.97513753,0.9690402,0.9634115,0.9594096,0.95276487,0.9465033,0.940946,0.93329096,0.92951477,0.92334396,0.9194644,0.90933454,0.9036754,0.89891243,0.8952284,0.89016944,0.8869697,0.880881,0.8773262,0.87342817,0.8699726,0.8640281,0.86021817,0.8533646,0.8482796,0.84297025,0.83695304,0.83210945,0.82646334,0.81790847,0.81153524,0.8058904,0.7986203,0.79513407,0.7919485,0.78804904,0.78228414,0.7745945,0.76778114,0.7616842,0.7568804,0.7508194,0.74719083,0.7401896,0.7352469,0.73024833,0.7222358,0.7191092,0.71206546,0.7075717,0.70230323,0.69579625,0.68848294,0.682938,0.67549723,0.67048395,0.6663671,0.66273606,0.65483713,0.645987,0.6386095,0.6329376,0.6275842,0.6211785,0.6180619,0.6156904,0.61077815,0.60742426,0.6010187,0.5945083,0.59091485,0.58605796,0.5813182,0.57755727
63,0.6517368,0.6275204,0.6028933,0.579491,0.5617802,0.5427268,0.5171624,0.49766928,0.472987,0.45004478,0.43285495,0.4154796,0.3931795,0.37154546,0.3569545,0.3416925,0.32484418,0.30889037,0.29452473,0.27890423,0.2649917,0.24967599,0.23418245,0.22251363,0.20858662,0.19728968,0.182558,0.16712509,0.15812051,0.14671674,0.13372545,0.12235477,0.11086788,0.1012738,0.09133511,0.07938273,0.06938719,0.060099714,0.049043857,0.039958823,0.030326873,0.021660585,0.010036381,0.000292457,-0.008520007,-0.020176329,-0.03086179,-0.036162328,-0.046490587,-0.05500496,-0.059750915,-0.067401834,-0.07674086,-0.08337758,-0.09247331,-0.09901091,-0.10730358,-0.11453638,-0.122681536,-0.12944628,-0.1337591,-0.13925484,-0.14553161,-0.15183342,-0.15812136,-0.16401973,-0.17001046,-0.17874035,-0.18660657,-0.19174683,-0.19833866,-0.20548801,-0.21070106,-0.21761818,-0.22412637,-0.22592671,-0.23285778,-0.23961683,-0.24280484,-0.2505182,-0.2549692,-0.25711754,-0.26049963,-0.2647061,-0.2693018,-0.27711704,-0.28374892,-0.2877875,-0.29310596,-0.29921788,-0.30517516,-0.3088111,-0.3091277,-0.31552786,-0.3209431,-0.3259582,-0.33077678,-0.3344199,-0.34174305,-0.3470427,-0.3489601,-0.3547351,-0.35800034,-0.3636269,-0.37095085,-0.3749867,-0.37815052,-0.3822155,-0.38651574,-0.38855296,-0.3939064,-0.39820373,-0.4020671,-0.40587345,-0.4103376,-0.41576576,-0.4208301,-0.42343855,-0.42758924,-0.42727476
64,1.1289024,1.1050366,1.0806397,1.0565127,1.0412017,1.0232582,1.0004804,0.979904,0.9617225,0.94077635,0.9230315,0.9041414,0.88609207,0.87016183,0.8531392,0.83964366,0.82287514,0.8103493,0.79540384,0.78295916,0.76966965,0.75664216,0.7416612,0.7315985,0.719293,0.7071911,0.69599277,0.6865512,0.67691445,0.66514415,0.6563271,0.64993846,0.6435079,0.6349206,0.629073,0.623065,0.616245,0.60728025,0.5998083,0.59161264,0.586864,0.580455,0.57189727,0.56670374,0.5608353,0.55270207,0.547408,0.5435853,0.53538513,0.53100306,0.52381057,0.5181097,0.51293385,0.5086062,0.5040023,0.50040096,0.49802056,0.49180874,0.48632097,0.48382244,0.4818445,0.4762749,0.47170323,0.46838552,0.46657142,0.4626596,0.4594283,0.45829663,0.45285803,0.45160922,0.44719705,0.4438038,0.4415663,0.43938178,0.4352482,0.43537083,0.43223852,0.42840663,0.42848557,0.4257217,0.42382836,0.42316017,0.4212348,0.41675788,0.4135878,0.41084152,0.40789112,0.40821892,0.40389973,0.39988565,0.39871922,0.39961955,0.3980872,0.3982499,0.3980003,0.39753562,0.3957551,0.39354745,0.39333445,0.39114857,0.39091682,0.38821667,0.3882689,0.38478392,0.3839612,0.38253182,0.38158014,0.3812942,0.37928933,0.37654248,0.3781387,0.37860006,0.3789752,0.377585,0.378648,0.37950626,0.37711295,0.37843716,0.37802663,0.38113856
65,0.3400574,0.31788895,0.29724184,0.27976647,0.25922877,0.23934841,0.2181863,0.19979043,0.1819405,0.16375527,0.15223587,0.13658735,0.11938429,0.10329763,0.08600323,0.073735215,0.06247739,0.048760496,0.036487583,0.023973396,0.011110691,-0.0007858459,-0.011453093,-0.018954132,-0.031197691,-0.039484542,-0.048097335,-0.057565123,-0.06618215,-0.07742225,-0.08990763,-0.10050242,-0.107006356,-0.115736745,-0.12305248,-0.13105452,-0.13894247,-0.14406694,-0.15408878,-0.1617935,-0.16755007,-0.17262995,-0.17969936,-0.18780923,-0.1937733,-0.20048515,-0.20666187,-0.2141757,-0.22069192,-0.22717878,-0.23298809,-0.24029717,-0.24690036,-0.2500177,-0.25790447,-0.26417834,-0.2678039,-0.27297214,-0.27738258,-0.28402227,-0.2899757,-0.2966948,-0.30315036,-0.30902332,-0.3133597,-0.31739026,-0.32138348,-0.32692033,-0.33229226,-0.33817506,-0.34150705,-0.34543312,-0.3506668,-0.35303897,-0.35744953,-0.36237592,-0.36692435,-0.37373003,-0.38019276,-0.38091412,-0.38410205,-0.3844189,-0.3871742,-0.3908953,-0.3943647,-0.3996357,-0.4036889,-0.40655392,-0.4085316,-0.4116482,-0.41430053,-0.4177056,-0.41823283,-0.42114416,-0.4234608,-0.42677617,-0.43199164,-0.4355138,-0.43484035,-0.43861803,-0.44098416,-0.44221658,-0.44525748,-0.44908652,-0.45243716,-0.45229855,-0.45341563,-0.4573621,-0.4592808,-0.4594078,-0.4626909,-0.46427184,-0.46650448,-0.47063255,-0.47238994,-0.47651592,-0.48129773,-0.48282474,-0.48594457,-0.485464
66,0.3698306,0.3485796,0.32746983,0.3103524,0.293026,0.27274626,0.25525922,0.2410951,0.22309212,0.20638755,0.1928717,0.1732454,0.15874687,0.1405831,0.1274083,0.1167068,0.10855733,0.09734595,0.08523087,0.071691915,0.061399527,0.047997702,0.038936462,0.030838614,0.023286939,0.016973926,0.010101216,-0.0031483166,-0.01162072,-0.017948497,-0.026265576,-0.037019435,-0.04240746,-0.05002628,-0.054293316,-0.063022986,-0.071602,-0.07641877,-0.086691454,-0.09315083,-0.09839247,-0.10675856,-0.11282539,-0.11917406,-0.12807587,-0.13563663,-0.14186974,-0.1454337,-0.15086527,-0.15582857,-0.15874377,-0.16401382,-0.16883703,-0.17181316,-0.17860505,-0.18491532,-0.1907223,-0.19443318,-0.19800803,-0.20468822,-0.20573156,-0.21046793,-0.21671316,-0.22227032,-0.22641726,-0.23166876,-0.23728183,-0.23963329,-0.24618118,-0.24976322,-0.2541439,-0.25762102,-0.26169974,-0.26634997,-0.2725032,-0.27833027,-0.28081483,-0.28745276,-0.29152292,-0.291241,-0.29657793,-0.29962215,-0.2986403,-0.30235225,-0.30474308,-0.30868196,-0.31161034,-0.31800765,-0.3226437,-0.32665658,-0.33077446,-0.3349024,-0.3357302,-0.3404334,-0.34287858,-0.34563267,-0.35135677,-0.35727036,-0.35918474,-0.3638823,-0.36676064,-0.37290913,-0.37904012,-0.38322335,-0.38777488,-0.3887153,-0.39275163,-0.39747664,-0.40162158,-0.40225083,-0.40485573,-0.40947565,-0.41290745,-0.4156477,-0.41855487,-0.422918,-0.4274494,-0.43021497,-0.43314236,-0.43374753
67,-0.03441051,-0.043549273,-0.055530857,-0.059833962,-0.06581002,-0.071568884,-0.07648575,-0.08065257,-0.0869679,-0.088576205,-0.092746064,-0.0968274,-0.10304,-0.10941352,-0.11201973,-0.115236,-0.11540769,-0.11707976,-0.1190777,-0.123789765,-0.12530658,-0.12714086,-0.12479496,-0.1263692,-0.12958054,-0.12819585,-0.12967046,-0.12935898,-0.12978704,-0.13070537,-0.13355356,-0.1337919,-0.13237736,-0.13218969,-0.13137251,-0.1310862,-0.13039985,-0.1297286,-0.13231526,-0.13190769,-0.13016367,-0.12692101,-0.12895621,-0.12842813,-0.12472057,-0.1269033,-0.12482848,-0.12484425,-0.122292146,-0.12020985,-0.11954699,-0.118842945,-0.11544679,-0.11341456,-0.11271099,-0.11284413,-0.110556565,-0.11065557,-0.10938513,-0.108559415,-0.104641184,-0.10374333,-0.10204609,-0.101941444,-0.10230966,-0.10094386,-0.097684525,-0.09694785,-0.095627695,-0.091360815,-0.09104484,-0.08926992,-0.08676927,-0.084129356,-0.08395126,-0.084886625,-0.08688947,-0.08507558,-0.08554211,-0.08260439,-0.08345448,-0.08099869,-0.07854817,-0.07556413,-0.07326331,-0.07136879,-0.06952619,-0.06632756,-0.06584947,-0.061832726,-0.063275345,-0.062049337,-0.061389226,-0.059278734,-0.057720702,-0.054412622,-0.05048599,-0.047593635,-0.044487268,-0.040723056,-0.036109395,-0.030440569,-0.028952498,-0.026149591,-0.023766687,-0.018751869,-0.016222883,-0.016222399,-0.015242519,-0.012094526,-0.010178105,-0.008425572,-0.00701607,-0.004841349,-0.0014241285,0.0012865372,0.003937549,0.0073561347,0.008292383,0.015230024
68,-0.11411376,-0.1265075,-0.13998173,-0.14914307,-0.15981859,-0.1672142,-0.17614092,-0.18446241,-0.19201243,-0.19743674,-0.20353982,-0.206983,-0.211575,-0.21399634,-0.21682295,-0.21850216,-0.21752779,-0.22295597,-0.22450523,-0.22438951,-0.2253056,-0.22778253,-0.23018241,-0.23273075,-0.23271942,-0.22981231,-0.23069966,-0.2317591,-0.23121147,-0.23186024,-0.23418018,-0.23250699,-0.231535,-0.22955775,-0.22894299,-0.22697513,-0.22731872,-0.22547305,-0.22547634,-0.2243238,-0.22246389,-0.22145624,-0.21867733,-0.21860054,-0.21521464,-0.21538787,-0.2155135,-0.21362165,-0.21029267,-0.20684914,-0.20882216,-0.20752835,-0.20643727,-0.20347556,-0.20215487,-0.20044012,-0.19683474,-0.1941792,-0.19059403,-0.1869634,-0.18142666,-0.18111716,-0.17970091,-0.17647383,-0.16892442,-0.16619247,-0.1639764,-0.16216114,-0.15846139,-0.1536279,-0.14917223,-0.14558631,-0.14070284,-0.13603342,-0.13407627,-0.12519641,-0.11872683,-0.115814015,-0.11320839,-0.11028661,-0.10798619,-0.10300858,-0.10049782,-0.095437385,-0.09207216,-0.08912663,-0.08450718,-0.07841264,-0.07375486,-0.067862675,-0.063249454,-0.058229297,-0.053083062,-0.049333826,-0.04717878,-0.042662926,-0.036706492,-0.032909878,-0.027334351,-0.023844391,-0.018874777,-0.0116035165,-0.0067906664,-0.0025882088,-0.0012745864,-0.0022573993,0.0037420138,0.004507754,0.0075752153,0.015422985,0.02253318,0.028317958,0.031849477,0.035712395,0.03776128,0.042273413,0.047998887,0.051777076,0.056171454,0.061319053
69,-0.41881663,-0.42912063,-0.4370308,-0.44415918,-0.45520425,-0.4643278,-0.47195333,-0.47638813,-0.48372993,-0.48580852,-0.48697942,-0.49365315,-0.49686804,-0.5042091,-0.50644684,-0.51020205,-0.5159708,-0.51938033,-0.522266,-0.52521664,-0.5275308,-0.5324604,-0.5346083,-0.5375874,-0.5385276,-0.53974247,-0.5447994,-0.5482453,-0.5473559,-0.550946,-0.55682796,-0.5623185,-0.5632971,-0.5674071,-0.5644719,-0.56829536,-0.5719766,-0.5771012,-0.58087885,-0.58395994,-0.58549863,-0.5861424,-0.58876157,-0.58956987,-0.59096074,-0.5930646,-0.59414667,-0.5945014,-0.59545124,-0.5974224,-0.5996676,-0.6036979,-0.6055094,-0.6078919,-0.60793126,-0.61171323,-0.61179936,-0.6102508,-0.61062646,-0.6118843,-0.61269605,-0.61305356,-0.6153493,-0.61705077,-0.618246,-0.61958945,-0.61966336,-0.6207169,-0.62595075,-0.6289753,-0.63309115,-0.63653195,-0.6367332,-0.6366998,-0.6391541,-0.64179826,-0.6444193,-0.6459335,-0.6483071,-0.6471907,-0.6504549,-0.6485032,-0.65157205,-0.6504487,-0.6519625,-0.65473396,-0.6551277,-0.6598627,-0.660735,-0.6624347,-0.66446424,-0.66843307,-0.6655946,-0.6682836,-0.6685452,-0.6710835,-0.673051,-0.6735617,-0.6779127,-0.67975444,-0.6826825,-0.6817624,-0.68281466,-0.683669,-0.68626624,-0.6846608,-0.6867929,-0.6902427,-0.69038296,-0.6918988,-0.6961888,-0.6966628,-0.69802344,-0.70177376,-0.7010326,-0.69970876,-0.7033232,-0.70392835,-0.70644027,-0.70802903
70,0.046043683,0.026660929,0.0089002075,-0.012683233,-0.03141945,-0.050680406,-0.072621174,-0.09182388,-0.11265679,-0.13360499,-0.15267606,-0.17552586,-0.19339615,-0.21443722,-0.23156539,-0.24968591,-0.26380068,-0.2822399,-0.29983884,-0.31524044,-0.33123314,-0.34818566,-0.36261442,-0.37391064,-0.3896685,-0.4004683,-0.41824827,-0.43468532,-0.44620734,-0.45887557,-0.4745864,-0.48983473,-0.5012709,-0.5148188,-0.5276788,-0.54084563,-0.5545013,-0.5653864,-0.5781742,-0.591682,-0.603387,-0.6142739,-0.6282602,-0.6410755,-0.65091896,-0.6627241,-0.6725982,-0.6824144,-0.6907021,-0.6999774,-0.7097919,-0.7193215,-0.7281326,-0.7371437,-0.74974775,-0.7609808,-0.7694952,-0.776198,-0.7871424,-0.7987854,-0.80287015,-0.80993795,-0.82003057,-0.82809526,-0.8372925,-0.84697545,-0.85543776,-0.8628594,-0.8706053,-0.8790485,-0.88911664,-0.89811975,-0.90662843,-0.91348237,-0.9245785,-0.9307249,-0.94216645,-0.94954765,-0.9575187,-0.9624171,-0.9685203,-0.97424144,-0.9821122,-0.9894481,-0.9948381,-1.0023358,-1.0100641,-1.016186,-1.0222597,-1.0304048,-1.0384784,-1.0454524,-1.0518097,-1.0598538,-1.0665222,-1.0725881,-1.0804065,-1.0848728,-1.0899781,-1.0994165,-1.1045473,-1.110382,-1.1157006,-1.1233723,-1.1279271,-1.1347115,-1.1395124,-1.1454605,-1.1523972,-1.1574389,-1.1613266,-1.1651144,-1.1703991,-1.1782501,-1.1784165,-1.179414,-1.183542,-1.1903554,-1.196035,-1.2000391
71,2.002291,1.9977849,1.9923223,1.9922521,1.9922502,1.99105,1.9896075,1.9902022,1.9913353,1.990851,1.9902909,1.9874197,1.9858618,1.9842865,1.9870796,1.9904563,1.9951321,1.9963424,1.9995556,2.000235,2.0027776,2.003284,2.002995,2.0045676,2.0015445,2.003839,2.008546,2.0131502,2.018074,2.0224578,2.0242906,2.0266588,2.0317159,2.03575,2.0430555,2.049523,2.0520687,2.0583215,2.0616112,2.0670252,2.0737898,2.0790193,2.0809693,2.0859025,2.0921407,2.0962596,2.1038215,2.109033,2.111,2.1168048,2.1200147,2.1276753,2.1355853,2.1419034,2.1464639,2.1543725,2.1606019,2.1617618,2.1653888,2.173199,2.1763284,2.17751,2.1820228,2.1875687,2.1929433,2.1995196,2.2055259,2.2122319,2.2199118,2.2233193,2.22647,2.2334938,2.23933,2.2439284,2.2516508,2.2527485,2.2580495,2.266714,2.272536,2.2774968,2.2808206,2.2888732,2.2877374,2.2859275,2.2912507,2.300939,2.3079581,2.3130202,2.3181481,2.3227944,2.328566,2.3349676,2.3360724,2.3434086,2.347282,2.3545306,2.3584564,2.365213,2.3671644,2.3740258,2.377042,2.3766131,2.3863196,2.3939123,2.4004738,2.4031665,2.4090314,2.4160068,2.421722,2.4263253,2.4299076,2.4321191,2.4382763,2.444984,2.4494343,2.4515839,2.4570432,2.4660187,2.4728446,2.4777675
72,1.9235445,1.9116707,1.8954563,1.8793011,1.8626331,1.8513027,1.8402107,1.826114,1.8165743,1.8007376,1.7893713,1.7770321,1.7657048,1.7525713,1.7396555,1.7336124,1.728504,1.7205998,1.713224,1.7038174,1.6955847,1.6895205,1.6796929,1.6719551,1.6635895,1.6554654,1.6474466,1.638779,1.6322982,1.6250398,1.6193651,1.6112493,1.6083553,1.6039274,1.5972197,1.5922734,1.5866112,1.5794035,1.5738343,1.5715805,1.5702908,1.5659204,1.55853,1.5538605,1.5488803,1.5437,1.5434523,1.5363182,1.5319582,1.5282981,1.5246533,1.520938,1.5148239,1.5120027,1.5081041,1.5052916,1.50066,1.4968107,1.4940138,1.4902998,1.4851663,1.4763516,1.4726307,1.4693545,1.46917,1.467992,1.4641532,1.4607589,1.4581293,1.455354,1.4510124,1.4476215,1.445408,1.4439809,1.4430766,1.4387089,1.4351804,1.4329033,1.4311657,1.4248182,1.4219096,1.4208119,1.4148524,1.4075855,1.4079435,1.4067099,1.4054527,1.402511,1.3980267,1.3965437,1.3942673,1.3932102,1.3863114,1.385486,1.3826215,1.380672,1.3788747,1.3741814,1.3689419,1.3695873,1.3701191,1.3642057,1.3649164,1.3634652,1.3629088,1.3606242,1.3591015,1.3554766,1.3540671,1.3523881,1.3485988,1.3474451,1.3429329,1.3416302,1.3377569,1.3362547,1.3355186,1.3348439,1.332977,1.3309047
73,1.1307312,1.1171259,1.1045382,1.0931042,1.0857096,1.0770469,1.0682542,1.0580952,1.0474578,1.0395172,1.0299141,1.0213889,1.0093778,1.0009274,0.99255496,0.9858788,0.9812335,0.9742058,0.967615,0.95671093,0.95063525,0.9431318,0.9384593,0.93310463,0.92638206,0.92559063,0.9221002,0.9172198,0.91395265,0.90816104,0.9022557,0.89731854,0.89331406,0.89197433,0.89112157,0.88709277,0.8812234,0.8805419,0.8756655,0.8726702,0.87193984,0.86986685,0.8658457,0.8643281,0.8651072,0.8602435,0.859233,0.85389173,0.850587,0.84894544,0.8424834,0.83878833,0.8366569,0.83391505,0.8317054,0.8306793,0.82795954,0.82299006,0.81811,0.8146825,0.81374025,0.8060296,0.804307,0.79948515,0.7978858,0.79568315,0.79643786,0.79284984,0.791669,0.7886023,0.7876751,0.78511906,0.78054774,0.7814979,0.77882767,0.780065,0.77747756,0.7768162,0.7748622,0.7729329,0.7672481,0.7662166,0.76115364,0.75721574,0.75525844,0.75285506,0.752637,0.75390065,0.7488472,0.7472452,0.7448594,0.741519,0.73963475,0.7371335,0.7334975,0.7333027,0.73225033,0.73062694,0.72596776,0.72593313,0.71976525,0.7189596,0.7200391,0.7183751,0.7160243,0.71640354,0.7143825,0.7109836,0.70885885,0.707032,0.70383894,0.7001869,0.6968872,0.6950983,0.69273764,0.69245327,0.69044137,0.68780875,0.68714863,0.68815535
74,1.2252978,1.2083056,1.1887499,1.1716452,1.1568817,1.147588,1.1352712,1.1261604,1.1165859,1.1078485,1.0965807,1.0890965,1.0841213,1.0749595,1.070549,1.0646241,1.0599719,1.055809,1.0505604,1.0440834,1.0402462,1.0356529,1.0317748,1.0280508,1.0247656,1.0237134,1.0215527,1.0219549,1.0198476,1.015825,1.0136737,1.0138099,1.0148717,1.016197,1.0108936,1.0121964,1.0123907,1.0122979,1.0131719,1.0114977,1.0145988,1.0181183,1.0198238,1.0209545,1.023341,1.0226839,1.0248886,1.0249388,1.0239167,1.0253484,1.0210584,1.0221441,1.0194952,1.0205234,1.0204037,1.0228258,1.0226175,1.0235295,1.0264012,1.0275046,1.0316749,1.0306466,1.0319583,1.0325688,1.0387224,1.0393984,1.0403206,1.0420393,1.0454819,1.048865,1.0493371,1.0538912,1.0548352,1.0598986,1.0621853,1.0623164,1.0633539,1.0654004,1.0703605,1.0685273,1.0702201,1.0705369,1.0712856,1.0712922,1.0748519,1.0783266,1.0805957,1.0855753,1.0872943,1.0893255,1.0906408,1.092639,1.093819,1.097545,1.0991019,1.1004455,1.104468,1.1050062,1.1077335,1.1122539,1.1125708,1.1128942,1.1164473,1.1166164,1.1175963,1.1196911,1.1212233,1.1221752,1.1260451,1.1294845,1.1313584,1.1318834,1.1327226,1.1366147,1.1405416,1.142101,1.1461358,1.1502503,1.1530759,1.1556547
75,0.5734591,0.56260604,0.5522107,0.5431827,0.5364153,0.5303347,0.52500576,0.5171342,0.5132673,0.50535077,0.504197,0.49726233,0.49248853,0.48781854,0.4835786,0.4788354,0.47537357,0.47376356,0.4704999,0.46233273,0.45751414,0.45022616,0.44798455,0.4454574,0.44366914,0.4409245,0.43557554,0.43594775,0.43412405,0.43082055,0.42711967,0.4249917,0.42576283,0.42456403,0.42514792,0.4239583,0.42304188,0.42018494,0.41960424,0.4200929,0.42148137,0.4210896,0.4216835,0.42058763,0.41995335,0.4217747,0.42408508,0.42483988,0.42551202,0.4262843,0.42377725,0.42371732,0.4265264,0.42819467,0.4292395,0.43101034,0.4338557,0.43510365,0.4338092,0.43604237,0.43531623,0.43493038,0.4345614,0.4378942,0.4405386,0.44416445,0.4468506,0.4488078,0.4496978,0.44829074,0.44748577,0.44985032,0.45118135,0.45416218,0.45597124,0.45764,0.45794648,0.46079668,0.46252337,0.4660194,0.46721035,0.47247916,0.47157526,0.47278365,0.47643766,0.48023868,0.4831565,0.48527876,0.48757988,0.49111003,0.4925727,0.49686813,0.5000006,0.5032059,0.50515956,0.5087367,0.5122198,0.5133,0.51331127,0.5178419,0.52063507,0.52141625,0.5257211,0.52867043,0.5307268,0.53335845,0.5344931,0.537016,0.540382,0.54049903,0.54527915,0.5492269,0.55130255,0.5553093,0.5584365,0.5587118,0.56389874,0.5672341,0.5699999,0.5759491
76,-0.10135014,-0.11908175,-0.13009237,-0.14052422,-0.15278229,-0.16652092,-0.17535976,-0.18633915,-0.19609576,-0.20813568,-0.21552534,-0.22574215,-0.2326332,-0.23908365,-0.24136248,-0.25025603,-0.25481743,-0.261792,-0.26715007,-0.27414194,-0.2829272,-0.28860912,-0.2939375,-0.29799202,-0.30333555,-0.311094,-0.31954855,-0.31889257,-0.32218006,-0.32071465,-0.32430223,-0.33026505,-0.3343416,-0.33521152,-0.335789,-0.33778277,-0.3393561,-0.3403159,-0.34574404,-0.348743,-0.35061306,-0.35331538,-0.35634077,-0.36001137,-0.36441875,-0.36634785,-0.36937004,-0.37080598,-0.37262645,-0.37277317,-0.3770653,-0.38033193,-0.38235828,-0.38155812,-0.38523817,-0.3862796,-0.3881916,-0.3889056,-0.39099807,-0.39392084,-0.39465398,-0.39541784,-0.39726764,-0.39739904,-0.3964506,-0.39669535,-0.3958966,-0.3945176,-0.39520922,-0.39504924,-0.39701262,-0.39783788,-0.39651936,-0.39570692,-0.3961407,-0.3924402,-0.3943832,-0.39572662,-0.39613467,-0.3920555,-0.3918602,-0.38993412,-0.38922456,-0.38812372,-0.3873155,-0.3869625,-0.38565925,-0.38665223,-0.38635182,-0.38399953,-0.38447937,-0.38315096,-0.37912935,-0.3776315,-0.37765247,-0.3771138,-0.37640873,-0.37613076,-0.3758139,-0.3752068,-0.37424913,-0.37076265,-0.368375,-0.36612496,-0.365635,-0.36323243,-0.3617845,-0.36005744,-0.35853457,-0.3582531,-0.35715747,-0.35687867,-0.35569978,-0.35367793,-0.35188523,-0.34990254,-0.34753266,-0.34676135,-0.3460242,-0.34225082
77,-0.40710002,-0.41805655,-0.42866954,-0.44214863,-0.45303768,-0.4622398,-0.47136188,-0.48078117,-0.49084884,-0.50011593,-0.505941,-0.51276094,-0.5207619,-0.52513033,-0.5297765,-0.5366325,-0.53829974,-0.54239386,-0.5481031,-0.55284816,-0.5564207,-0.5605321,-0.5649067,-0.56793404,-0.5694132,-0.57062817,-0.5750743,-0.57980657,-0.5811485,-0.58296,-0.5860198,-0.5862285,-0.58965,-0.5928613,-0.5947548,-0.59919596,-0.60111743,-0.60422397,-0.6070656,-0.6081254,-0.61000425,-0.6116602,-0.6118089,-0.61501473,-0.6176897,-0.6200028,-0.6228097,-0.6229245,-0.62642324,-0.6300639,-0.6319928,-0.6343852,-0.6379974,-0.63943547,-0.6411198,-0.6455571,-0.6473407,-0.64810175,-0.6470476,-0.6510617,-0.6489266,-0.6510674,-0.65409845,-0.65600204,-0.65921485,-0.6606068,-0.6645401,-0.6673104,-0.6709164,-0.6711414,-0.674565,-0.67693913,-0.6789939,-0.68115395,-0.68454254,-0.6847755,-0.68870515,-0.6900066,-0.6908926,-0.6925522,-0.69407976,-0.6965938,-0.6977073,-0.69453657,-0.6982979,-0.7005525,-0.7014209,-0.70163715,-0.7040898,-0.7039168,-0.70784813,-0.70790523,-0.7078439,-0.7110946,-0.7130078,-0.71402305,-0.7187789,-0.71855944,-0.71826816,-0.7204293,-0.7231068,-0.7235872,-0.7267479,-0.72871774,-0.729277,-0.7292176,-0.7290286,-0.7298059,-0.7302489,-0.7324708,-0.7318822,-0.7336562,-0.73279095,-0.7349064,-0.73635346,-0.7392137,-0.74307954,-0.742773,-0.74569625,-0.74559534
78,-0.7541267,-0.76604414,-0.7724143,-0.7792991,-0.7892063,-0.7965436,-0.8044909,-0.8112038,-0.8183115,-0.8248976,-0.8275552,-0.82968426,-0.8345629,-0.84447,-0.8483221,-0.8558981,-0.8599151,-0.86432713,-0.869239,-0.87426126,-0.8775276,-0.880715,-0.8804924,-0.8846801,-0.8867589,-0.89133084,-0.89516914,-0.8996,-0.9024676,-0.90246046,-0.9040313,-0.9041163,-0.9048238,-0.90769815,-0.9097866,-0.9140598,-0.9145996,-0.9154296,-0.9217802,-0.9251515,-0.9287451,-0.9321284,-0.93425196,-0.93757695,-0.9425596,-0.94861,-0.9520755,-0.9500925,-0.9516667,-0.9539285,-0.9541071,-0.9562133,-0.9597696,-0.9625678,-0.96460277,-0.9690747,-0.9694272,-0.9672802,-0.9699276,-0.9704817,-0.9693656,-0.9709471,-0.97035897,-0.97453517,-0.97617656,-0.9812314,-0.982144,-0.9842857,-0.98926294,-0.9883956,-0.9910676,-0.9959181,-0.9975497,-0.9990527,-1.0030344,-1.0047991,-1.00787,-1.0094088,-1.0113707,-1.0126898,-1.0131713,-1.0133381,-1.0155219,-1.0106223,-1.0130422,-1.0144305,-1.0168582,-1.0154301,-1.0168918,-1.0195535,-1.0236099,-1.022455,-1.0204338,-1.0250561,-1.0260513,-1.0275842,-1.030758,-1.0288117,-1.0273798,-1.0323484,-1.031014,-1.030546,-1.0348613,-1.0380584,-1.0387614,-1.0394092,-1.0406108,-1.0412652,-1.0426879,-1.0443089,-1.0417513,-1.042815,-1.0448654,-1.0443839,-1.0474399,-1.0449216,-1.0462391,-1.0476766,-1.0496253,-1.0479734
79,1.0662072,1.0514437,1.0325844,1.0168211,1.0011388,0.9823443,0.96382725,0.9483115,0.9316497,0.91831625,0.9029392,0.88866997,0.87270975,0.8568956,0.84178877,0.8287274,0.8150795,0.8037535,0.7924937,0.780602,0.768023,0.7527047,0.74066764,0.72750616,0.71396095,0.702875,0.690529,0.6809474,0.671461,0.66124696,0.6501443,0.63972604,0.6290116,0.621885,0.6117822,0.6027764,0.59265596,0.5848797,0.5749745,0.56729394,0.5615405,0.5543246,0.547621,0.53877866,0.5316938,0.5245987,0.51641124,0.508006,0.5000622,0.4949068,0.48619637,0.48059002,0.47454295,0.46942982,0.46185756,0.45630246,0.4483207,0.44313526,0.43555078,0.4277771,0.41826218,0.4102345,0.40522093,0.3991465,0.39448223,0.38757277,0.38394088,0.37639135,0.37197298,0.36836967,0.36382428,0.35897627,0.35555813,0.3519096,0.34784514,0.34391946,0.34075382,0.33664614,0.3324925,0.32788724,0.32206118,0.31939703,0.3171896,0.30862707,0.30809742,0.30354804,0.30021113,0.29609463,0.29223067,0.2905264,0.2907526,0.28965786,0.28457716,0.28163117,0.27726346,0.27503482,0.27278602,0.26953614,0.26703426,0.26486072,0.263724,0.2613451,0.258632,0.2586737,0.2568644,0.25482765,0.2525084,0.24889362,0.24783823,0.24636456,0.24368913,0.24140272,0.23726979,0.23532045,0.23451987,0.22786236,0.2255778,0.22257867,0.2192965,0.21812014
80,0.7071985,0.684014,0.6626908,0.6422622,0.62515545,0.60371804,0.5820835,0.56227726,0.5437161,0.52890337,0.5126424,0.49154845,0.47601366,0.45960617,0.4417707,0.4282805,0.416689,0.4037591,0.38895243,0.37516233,0.36368173,0.3487236,0.34129846,0.33171004,0.31942666,0.30671126,0.29340318,0.27968705,0.2720319,0.25950837,0.24850786,0.23749225,0.22751756,0.21890824,0.2084146,0.20052186,0.19082098,0.18148914,0.17226796,0.16425616,0.15608367,0.14874235,0.13824977,0.12827872,0.119352624,0.11051726,0.10108159,0.09254609,0.08604132,0.079197764,0.07131,0.06366099,0.058056235,0.051773906,0.045318395,0.040504057,0.03232118,0.028740525,0.024349013,0.020185726,0.017753815,0.011199607,0.006341759,0.0016129594,-0.0017687455,-0.0077777468,-0.011245518,-0.017173732,-0.023471136,-0.02710865,-0.028875822,-0.034363903,-0.041188814,-0.04434008,-0.04934726,-0.052192964,-0.057091318,-0.05978735,-0.06452261,-0.067360766,-0.072461955,-0.07592928,-0.08278322,-0.0888771,-0.09136892,-0.0940276,-0.09887933,-0.10067686,-0.10502498,-0.10784435,-0.10801269,-0.11191921,-0.11556053,-0.11838605,-0.12197485,-0.12578724,-0.1283894,-0.12901382,-0.1279576,-0.13191223,-0.1353473,-0.13977335,-0.14182822,-0.14336373,-0.14395157,-0.14629978,-0.14745477,-0.15060396,-0.15426664,-0.15585501,-0.15773183,-0.15888306,-0.16311438,-0.16599785,-0.16836604,-0.16946551,-0.17123148,-0.17202935,-0.1725785,-0.17249528
81,0.15059991,0.13072649,0.1123608,0.09564462,0.075341605,0.05917958,0.04218019,0.024727957,0.0036171142,-0.009921661,-0.02068208,-0.035877436,-0.051586412,-0.068397425,-0.08562435,-0.09857203,-0.112653315,-0.1258729,-0.1382994,-0.15039328,-0.1613915,-0.17461689,-0.18605211,-0.19477805,-0.20388457,-0.21280292,-0.22453132,-0.23182273,-0.2401466,-0.24610642,-0.2545461,-0.26164103,-0.2676291,-0.27586466,-0.28531644,-0.29364604,-0.30089685,-0.30820864,-0.31510207,-0.3215115,-0.32694545,-0.33403668,-0.33943975,-0.34673375,-0.352415,-0.3593355,-0.36555904,-0.369332,-0.3770272,-0.38187504,-0.38447177,-0.38795772,-0.39482465,-0.39744896,-0.40235382,-0.40842137,-0.41284943,-0.41764927,-0.4227962,-0.4285597,-0.4348557,-0.44151387,-0.44308797,-0.4449358,-0.4482811,-0.4524499,-0.45525926,-0.4585064,-0.46311036,-0.46352553,-0.4660151,-0.47098756,-0.47112235,-0.4734037,-0.47779265,-0.48034868,-0.4838594,-0.48955074,-0.49133253,-0.49408808,-0.4928736,-0.49284616,-0.4948245,-0.4966405,-0.4981343,-0.5014857,-0.5034598,-0.50382733,-0.5061048,-0.5077237,-0.51103264,-0.5129773,-0.5149803,-0.5160576,-0.5163853,-0.51867867,-0.5189017,-0.5221683,-0.52131623,-0.524103,-0.5235321,-0.52473825,-0.528056,-0.5282668,-0.52914715,-0.52909195,-0.52785516,-0.5303414,-0.5309524,-0.5293519,-0.52872163,-0.5289354,-0.53365356,-0.5338875,-0.5352089,-0.53383964,-0.5336072,-0.5375031,-0.54074794,-0.5369324
82,0.9992291,0.9805071,0.96074516,0.9413544,0.92723215,0.9096383,0.89321935,0.8756493,0.8604207,0.8426717,0.8304437,0.81420964,0.79397774,0.77815264,0.7602975,0.74777395,0.7334823,0.7219572,0.708149,0.6941739,0.68152183,0.66901565,0.6577773,0.6458909,0.6347784,0.62873447,0.61988294,0.6074749,0.5992964,0.58884263,0.5801321,0.57044613,0.5623556,0.5513798,0.54219353,0.5331901,0.5247556,0.5183348,0.5090957,0.49931607,0.49003905,0.4839054,0.47568855,0.46606946,0.4581408,0.44835886,0.43822002,0.43501145,0.4248206,0.41957036,0.4145023,0.40957674,0.4014895,0.39529568,0.38869295,0.38270563,0.37700027,0.3720128,0.36544585,0.3586449,0.35501754,0.34884262,0.3436706,0.33544016,0.33051586,0.32609648,0.3222925,0.31536567,0.30986875,0.3048306,0.30148968,0.29826623,0.29464987,0.28842464,0.28258398,0.27885944,0.2743848,0.26949218,0.2638252,0.25990573,0.25388032,0.25050205,0.24408813,0.23876946,0.23426259,0.22912113,0.22590646,0.22283594,0.21935897,0.21488889,0.20974293,0.20664299,0.20231053,0.19797565,0.19514218,0.19088481,0.18720172,0.18580803,0.18272848,0.17905104,0.17716753,0.17107037,0.16729747,0.16286659,0.15702756,0.15147512,0.15065235,0.1498541,0.14497074,0.14458051,0.13915074,0.13757232,0.13372439,0.13028868,0.12412758,0.11827072,0.11529388,0.10966887,0.10579002,0.10501585
83,1.4992629,1.4751322,1.4512105,1.4297798,1.4077666,1.3874301,1.3668416,1.3456943,1.3239075,1.3022588,1.2787561,1.2585264,1.241617,1.2215072,1.2048355,1.1913408,1.1737814,1.1607966,1.1462724,1.1308414,1.1130466,1.0994465,1.0843818,1.0707953,1.0591373,1.0471529,1.0341758,1.0187758,1.0085992,0.99499065,0.98188365,0.97097033,0.9615224,0.95298433,0.9424014,0.93445903,0.92614335,0.9180112,0.9072571,0.8997086,0.89105856,0.88256234,0.87520695,0.86642754,0.85589,0.846711,0.83938944,0.83337337,0.82681066,0.82145786,0.8148672,0.8079292,0.8004549,0.7929705,0.7834502,0.77664125,0.7723278,0.7654339,0.75852716,0.7505077,0.74306095,0.7328793,0.7284919,0.7226418,0.7176286,0.7135238,0.7079347,0.7023888,0.6964655,0.6904366,0.6838816,0.6789552,0.6747389,0.67191744,0.6669955,0.6629989,0.6578096,0.6516105,0.6472968,0.64097303,0.63485515,0.63020945,0.6259929,0.6200391,0.6182588,0.6134398,0.6101173,0.6072254,0.6039915,0.6002213,0.59839803,0.5946348,0.58837616,0.5859014,0.5826595,0.57999927,0.5767133,0.57359457,0.5676986,0.56561786,0.56348747,0.5611445,0.5603628,0.5576881,0.553136,0.5496265,0.54797333,0.5448023,0.54120314,0.53941256,0.5365201,0.5339116,0.5298008,0.5263987,0.5217227,0.5188448,0.5156787,0.5144485,0.51268345,0.5121745
84,2.1446395,2.120236,2.0945313,2.0749903,2.0555866,2.0350223,2.0126297,1.9918244,1.9747854,1.954709,1.9330409,1.9132957,1.8945844,1.8763443,1.8577906,1.8446499,1.8282026,1.8163469,1.8017347,1.7889855,1.7756714,1.7623316,1.7473371,1.7351402,1.7238325,1.7107141,1.6996475,1.683975,1.6764158,1.666058,1.656327,1.6476347,1.642021,1.6341337,1.6238238,1.6171646,1.6106879,1.6012787,1.5931518,1.585688,1.5788581,1.5717779,1.5653507,1.5564181,1.5493698,1.5417658,1.5365943,1.5315351,1.5240786,1.5204235,1.5136449,1.5086902,1.5014806,1.4960767,1.4881327,1.4826462,1.4780724,1.4748089,1.467455,1.4630709,1.460561,1.4530928,1.447184,1.4436561,1.4384634,1.435151,1.428141,1.422569,1.4166191,1.4104992,1.4063241,1.401048,1.3969544,1.3935795,1.3895175,1.3848919,1.382711,1.378851,1.374904,1.3676221,1.36221,1.3588833,1.3537753,1.3478949,1.3456032,1.3429568,1.3400791,1.3357909,1.3315998,1.3263166,1.3228304,1.3201935,1.3111025,1.3099838,1.3068516,1.3040994,1.3001974,1.2966235,1.2960103,1.294288,1.2923578,1.2865804,1.2849646,1.2822759,1.2791293,1.2771436,1.2755265,1.2744167,1.2714792,1.2718714,1.2695897,1.2688491,1.2666523,1.2659553,1.261241,1.2552316,1.2528803,1.2533998,1.2511187,1.2512735
85,-0.18341897,-0.20612362,-0.22712934,-0.24407764,-0.2573344,-0.272903,-0.2894275,-0.30887288,-0.32628,-0.34221774,-0.35850435,-0.3747369,-0.3911398,-0.40666556,-0.4160499,-0.43083853,-0.44217366,-0.45557204,-0.4699483,-0.4821422,-0.49479157,-0.50730217,-0.52027106,-0.5340524,-0.54822457,-0.55913943,-0.56974757,-0.57876366,-0.5892614,-0.60025054,-0.6120721,-0.6221062,-0.63075584,-0.6431607,-0.6512555,-0.66026074,-0.66870594,-0.67901766,-0.68854797,-0.6984309,-0.70680034,-0.71618974,-0.7258515,-0.7353786,-0.7439046,-0.751155,-0.7593912,-0.76875776,-0.77539337,-0.78296494,-0.7905542,-0.7975779,-0.8027708,-0.80968523,-0.8143668,-0.8224915,-0.8271822,-0.83632785,-0.8404974,-0.84844196,-0.8556579,-0.8641509,-0.8715989,-0.8759354,-0.8819249,-0.88694143,-0.8932923,-0.89691716,-0.90395737,-0.90742654,-0.91170245,-0.918794,-0.92558557,-0.9292984,-0.9361437,-0.9362489,-0.9466831,-0.95125425,-0.9548771,-0.96033525,-0.9650262,-0.96618366,-0.9668215,-0.969388,-0.9754912,-0.97947407,-0.98528135,-0.98898125,-0.9927589,-0.99854743,-1.0038375,-1.0065415,-1.0070878,-1.0135132,-1.0185262,-1.0222048,-1.0250933,-1.0309919,-1.0356855,-1.0413147,-1.0457908,-1.0463936,-1.048991,-1.0558767,-1.059857,-1.0599109,-1.063611,-1.0665891,-1.0714715,-1.0743668,-1.0766773,-1.0797387,-1.0842612,-1.0871373,-1.0907754,-1.0923278,-1.0945066,-1.0958298,-1.0981584,-1.1010748
86,0.43954295,0.41589952,0.3922752,0.36898124,0.34771007,0.32893795,0.30744737,0.2893311,0.2682307,0.25003466,0.23080683,0.21413979,0.20191543,0.18884912,0.17373003,0.16005331,0.14733462,0.13152246,0.11736071,0.10134597,0.08835733,0.07587783,0.06353511,0.04713366,0.032358654,0.021991234,0.0075587137,-0.0066124364,-0.015123862,-0.026578272,-0.038005374,-0.04745202,-0.057086933,-0.06615672,-0.07670225,-0.086082235,-0.09592073,-0.10675093,-0.11589898,-0.12460761,-0.13281927,-0.1427292,-0.15259434,-0.16442877,-0.17352548,-0.1811997,-0.1908414,-0.20026322,-0.20679405,-0.21692073,-0.22578637,-0.2352217,-0.24373801,-0.25149697,-0.26074806,-0.26977426,-0.27833098,-0.28792676,-0.2984069,-0.30526614,-0.3136724,-0.32111588,-0.32802397,-0.33559215,-0.34306532,-0.34926718,-0.35707146,-0.3652816,-0.373573,-0.38060358,-0.38795882,-0.39561594,-0.40137854,-0.40652996,-0.41469526,-0.42275316,-0.4273693,-0.43309265,-0.440488,-0.44846123,-0.45354742,-0.45634085,-0.4548673,-0.4592976,-0.46460137,-0.47018403,-0.4763732,-0.4814209,-0.489237,-0.49424928,-0.49960813,-0.5039643,-0.5085553,-0.5132729,-0.5179484,-0.5227116,-0.5272804,-0.53336555,-0.5368066,-0.5427204,-0.5462875,-0.5517215,-0.55551136,-0.5594382,-0.5659225,-0.56764895,-0.5703225,-0.575808,-0.5801248,-0.58314455,-0.58492506,-0.5873696,-0.5936014,-0.59757173,-0.60188174,-0.6067852,-0.6113381,-0.6151126,-0.6185609,-0.6212367
87,1.0356214,1.0188359,1.0006698,0.98266685,0.96938336,0.9575449,0.94299793,0.9285549,0.91653717,0.9082162,0.8982495,0.8886015,0.87543714,0.86272603,0.8529916,0.844979,0.8381109,0.8308903,0.82429665,0.8164102,0.80952513,0.80071133,0.7938259,0.7881738,0.7803822,0.77317107,0.7659782,0.7601706,0.75458443,0.7480518,0.7419596,0.7352222,0.7306256,0.72416097,0.7180995,0.7132516,0.70593244,0.701794,0.6961357,0.69058645,0.687225,0.68477654,0.6803181,0.67645633,0.6719643,0.6655556,0.66087043,0.6542307,0.6472174,0.64371634,0.6368185,0.6335193,0.6277839,0.62407243,0.61742413,0.61266625,0.6089098,0.60472167,0.59835106,0.59177005,0.58662164,0.5791674,0.57511395,0.57091826,0.5682208,0.5632991,0.5570456,0.5510476,0.5473047,0.5418445,0.53726625,0.53212196,0.5283217,0.52074474,0.515381,0.5051384,0.5005125,0.4957654,0.49134463,0.48597988,0.47922984,0.47708526,0.47316718,0.46448907,0.45916733,0.45548552,0.4505703,0.44721565,0.4409817,0.43481946,0.42887264,0.42298546,0.41577473,0.41061622,0.40737906,0.4024209,0.39694417,0.39004138,0.38832945,0.3843196,0.3778539,0.3706624,0.3656791,0.36112198,0.35237733,0.34807247,0.3421777,0.33546907,0.32938966,0.32428044,0.3186844,0.31182534,0.30236873,0.29493275,0.28806385,0.28183794,0.27593687,0.2703472,0.2657346,0.26014823
88,-0.9738046,-0.97532576,-0.97452134,-0.9769372,-0.97979534,-0.98069507,-0.97978485,-0.9790179,-0.9816596,-0.979503,-0.97549164,-0.9733081,-0.96985877,-0.972706,-0.9719278,-0.9727758,-0.9707958,-0.9712883,-0.972702,-0.9742581,-0.9722686,-0.97466433,-0.97042465,-0.967013,-0.9654296,-0.961835,-0.9601146,-0.9544981,-0.9524245,-0.9490179,-0.9490433,-0.94694805,-0.94522506,-0.94407976,-0.9417449,-0.9424448,-0.94157946,-0.93949974,-0.93892145,-0.93777925,-0.93548995,-0.9328594,-0.9302479,-0.92743933,-0.9248477,-0.9253955,-0.92498815,-0.9228163,-0.9207697,-0.9194089,-0.9179033,-0.91825163,-0.9167023,-0.9140175,-0.9124247,-0.91285455,-0.90950537,-0.9078785,-0.9042204,-0.9022053,-0.89742625,-0.89424163,-0.8917677,-0.88911456,-0.8855796,-0.8835419,-0.8814653,-0.88121575,-0.8801435,-0.87851065,-0.8748924,-0.8758442,-0.8744911,-0.8729445,-0.873628,-0.8719789,-0.87106097,-0.87007874,-0.86762714,-0.8630368,-0.8624959,-0.8596603,-0.8573405,-0.85559857,-0.8548048,-0.85244274,-0.850691,-0.84564626,-0.8457922,-0.8440819,-0.8439887,-0.8419029,-0.8391628,-0.8367589,-0.8345116,-0.8346466,-0.83278596,-0.8333391,-0.82828456,-0.8270645,-0.82728356,-0.82488775,-0.8228372,-0.82344425,-0.8224961,-0.8188841,-0.8140705,-0.8136107,-0.8132197,-0.80900514,-0.80860484,-0.8096697,-0.8084022,-0.8088107,-0.8083156,-0.80501574,-0.8028124,-0.8019929,-0.80136836,-0.7997353
89,1.0934132,1.0725428,1.0522063,1.0331393,1.0121233,0.99022835,0.96945095,0.94595593,0.9275898,0.90722245,0.8866869,0.8676051,0.85075885,0.834074,0.81359786,0.79721653,0.78129804,0.7675542,0.7507463,0.73569757,0.7228903,0.70800596,0.6912789,0.67857945,0.6629637,0.6527269,0.63899803,0.6245087,0.60858387,0.5955924,0.5828837,0.5705519,0.5581756,0.54907024,0.53644747,0.5253789,0.51471883,0.50570405,0.49451047,0.48346472,0.4739015,0.463026,0.45246696,0.4447481,0.43458828,0.42382798,0.412685,0.40349683,0.3920426,0.38342613,0.37264472,0.36353973,0.3568452,0.35016024,0.340921,0.33152422,0.3237652,0.3144955,0.30587476,0.29934162,0.29220292,0.2850903,0.27815795,0.2714371,0.2650534,0.25720763,0.25076368,0.24262819,0.23512709,0.23014133,0.22485885,0.2195305,0.21209145,0.20446499,0.19742574,0.18993743,0.18327923,0.17685099,0.17243063,0.1640932,0.16009478,0.15502918,0.1538476,0.14861421,0.1435421,0.13725391,0.13211754,0.12563755,0.12191898,0.11588571,0.111112595,0.10648663,0.10317464,0.09815674,0.0950691,0.08778737,0.08569463,0.080836415,0.07724127,0.073404476,0.0704112,0.0638331,0.05754762,0.05375448,0.05038128,0.046176083,0.0455435,0.040704064,0.036043763,0.032186862,0.028080199,0.026276628,0.021767823,0.015520329,0.0112220375,0.007610732,0.0018822525,0.00011041714,-0.0028945138,-0.0064147413
90,0.8487865,0.82843274,0.80515134,0.7795748,0.7597648,0.74392176,0.7203895,0.70095736,0.6772689,0.6607245,0.6405572,0.62126625,0.60357744,0.5892806,0.5705903,0.5532259,0.53637016,0.5185983,0.500632,0.48477918,0.46637303,0.44941765,0.43383092,0.41557527,0.39898497,0.38528734,0.3696657,0.35102266,0.33949882,0.32489628,0.31245074,0.29776326,0.28663123,0.27499345,0.2612543,0.24993181,0.23820977,0.22514844,0.21398556,0.20188448,0.19037843,0.17815234,0.16693802,0.15436007,0.14262214,0.13277543,0.12194314,0.11004623,0.10158642,0.09167956,0.08060075,0.072908506,0.06182649,0.054260146,0.043216027,0.034502648,0.023553913,0.017684948,0.0035714116,-0.0046778535,-0.015421164,-0.021703256,-0.03071871,-0.037438862,-0.046046827,-0.05138412,-0.06163149,-0.06775091,-0.075415485,-0.08360204,-0.09251837,-0.10019226,-0.10514562,-0.1090837,-0.11655773,-0.12158523,-0.12640527,-0.1309094,-0.13606493,-0.13950576,-0.14943828,-0.15491375,-0.15916586,-0.15639895,-0.15989748,-0.16577516,-0.17012832,-0.17498055,-0.18123505,-0.18409908,-0.19188373,-0.1972919,-0.19946787,-0.20429428,-0.20796256,-0.21089375,-0.21681762,-0.22446445,-0.22945365,-0.23310201,-0.23680119,-0.23790345,-0.24346164,-0.24745989,-0.25150257,-0.25602606,-0.25941706,-0.26328745,-0.2668997,-0.26961344,-0.27105963,-0.27262408,-0.27513853,-0.27811038,-0.2816523,-0.28381363,-0.28704292,-0.2895448,-0.2936617,-0.29427597
91,0.21090099,0.18906742,0.16727689,0.1431096,0.120475985,0.09926097,0.07592851,0.05527086,0.03140065,0.0100258915,-0.0085576,-0.027158797,-0.048076663,-0.06766997,-0.08843041,-0.109081864,-0.12934396,-0.14810607,-0.1676362,-0.18766299,-0.20470743,-0.22370806,-0.23780623,-0.25446194,-0.27153268,-0.2848738,-0.3027738,-0.31839257,-0.33321136,-0.35098565,-0.36766165,-0.3865525,-0.40172896,-0.41616473,-0.43055525,-0.4455238,-0.46133465,-0.4757298,-0.48890036,-0.5029782,-0.51453114,-0.52814424,-0.542008,-0.5542276,-0.56667465,-0.57796085,-0.59145594,-0.60112673,-0.6137308,-0.6255498,-0.6365458,-0.64932233,-0.66095984,-0.6725527,-0.6839882,-0.694245,-0.7050749,-0.71206987,-0.72303367,-0.73101354,-0.7411078,-0.75009096,-0.76008415,-0.7679625,-0.776501,-0.7871586,-0.79530287,-0.8042019,-0.81341,-0.8221549,-0.83145684,-0.84009075,-0.8485376,-0.85600936,-0.86641705,-0.8713316,-0.8811103,-0.89017266,-0.8967775,-0.902588,-0.90764695,-0.91237843,-0.921151,-0.92851686,-0.9355375,-0.9423882,-0.95083123,-0.95918,-0.9637294,-0.9704132,-0.9788003,-0.98719347,-0.99310267,-1.0009357,-1.0064622,-1.0109497,-1.017808,-1.0225977,-1.0254954,-1.033121,-1.0364536,-1.0402576,-1.0473678,-1.0536537,-1.0605551,-1.064072,-1.069575,-1.0767968,-1.0810292,-1.0851479,-1.0915843,-1.09642,-1.1022329,-1.107573,-1.1133134,-1.1158142,-1.1210605,-1.1264219,-1.1310122,-1.1341637
92,-0.5072411,-0.52735394,-0.5453804,-0.56428885,-0.5809699,-0.59960604,-0.6217844,-0.63600594,-0.6545315,-0.67402554,-0.68805367,-0.70621467,-0.72183293,-0.73674136,-0.75523275,-0.7731985,-0.79044265,-0.8077733,-0.82481784,-0.8380517,-0.84998256,-0.8629011,-0.87692755,-0.892784,-0.90663016,-0.920832,-0.93738765,-0.94677246,-0.9599122,-0.9664545,-0.97974,-0.992122,-1.0046861,-1.0175531,-1.0276322,-1.0395399,-1.0507988,-1.0638069,-1.0761058,-1.0876628,-1.0999101,-1.1128438,-1.1229308,-1.1319475,-1.1408722,-1.1470904,-1.1573488,-1.1656206,-1.1759199,-1.1841468,-1.192013,-1.2025292,-1.2101076,-1.2175547,-1.227154,-1.2372296,-1.2450731,-1.2502978,-1.2586992,-1.2667239,-1.2722871,-1.2770263,-1.2857585,-1.2907794,-1.2979122,-1.3038151,-1.3111346,-1.3169836,-1.3233156,-1.3294591,-1.3355961,-1.3424267,-1.3477843,-1.3527775,-1.3605293,-1.3617604,-1.3643149,-1.3697547,-1.3733447,-1.3725803,-1.3780506,-1.3802196,-1.3800515,-1.3835852,-1.385715,-1.3884003,-1.3898036,-1.3924327,-1.3973913,-1.4023823,-1.4078912,-1.4088337,-1.4118637,-1.4156095,-1.4172442,-1.4180074,-1.4209298,-1.4230974,-1.4199454,-1.4251996,-1.4221971,-1.4224769,-1.4264165,-1.4295545,-1.4314454,-1.4295311,-1.4292862,-1.4294189,-1.4322455,-1.4328189,-1.4340277,-1.4328634,-1.433847,-1.434458,-1.436712,-1.4350677,-1.4379699,-1.4392445,-1.4404752,-1.4384326
93,-0.41506916,-0.43411422,-0.4458633,-0.46279535,-0.48101053,-0.49637347,-0.5126047,-0.52848536,-0.543383,-0.5575198,-0.5646232,-0.57805234,-0.5895705,-0.606279,-0.6165427,-0.6282863,-0.64223546,-0.6536431,-0.6658358,-0.6736229,-0.68421566,-0.6943069,-0.7045427,-0.7148364,-0.7235595,-0.729981,-0.74095833,-0.7471205,-0.7539577,-0.7597302,-0.7678759,-0.77628195,-0.783066,-0.78997946,-0.7971799,-0.80467194,-0.8124614,-0.81916016,-0.82893646,-0.8355548,-0.8407582,-0.8450874,-0.84971917,-0.8558286,-0.86094606,-0.8671144,-0.8735361,-0.87810934,-0.881234,-0.88572896,-0.88940734,-0.89370793,-0.89798415,-0.90134573,-0.90714186,-0.9112301,-0.9146075,-0.9179123,-0.92051184,-0.92455703,-0.9260607,-0.92791736,-0.9328101,-0.9339226,-0.93833494,-0.9383608,-0.9403685,-0.942229,-0.9486658,-0.9519194,-0.9540181,-0.95573586,-0.9593574,-0.96141165,-0.96503335,-0.96331435,-0.967601,-0.9685489,-0.97239745,-0.9713664,-0.97214663,-0.97160643,-0.96834314,-0.96997416,-0.9679526,-0.9677491,-0.9692009,-0.9693901,-0.97267884,-0.9724679,-0.9757964,-0.9773637,-0.9746612,-0.97742814,-0.9793787,-0.98150015,-0.9829812,-0.98343086,-0.9823982,-0.9859562,-0.9883076,-0.98589784,-0.9880333,-0.9908164,-0.9936253,-0.99133176,-0.9920014,-0.99566174,-0.99779767,-0.9973812,-0.9981734,-0.9961796,-0.99826384,-0.9997119,-0.99930686,-0.9952162,-0.9950346,-0.99698555,-0.99841225,-0.9979647
94,0.13263427,0.108360946,0.08673724,0.06577696,0.044170443,0.024665127,0.0019624992,-0.01802888,-0.036052108,-0.055541653,-0.06920133,-0.08464776,-0.10371585,-0.12114807,-0.13875774,-0.15579425,-0.17103295,-0.18732223,-0.20276475,-0.21809554,-0.23314603,-0.24826665,-0.2619098,-0.2753202,-0.29068366,-0.30697155,-0.32089567,-0.33270043,-0.34649956,-0.35893613,-0.3699285,-0.38150612,-0.39249286,-0.40547997,-0.41640496,-0.42958155,-0.441729,-0.4516613,-0.46390468,-0.47322798,-0.48153368,-0.4915951,-0.5030526,-0.5123552,-0.52102184,-0.529872,-0.5395859,-0.5485197,-0.5611695,-0.5711535,-0.579341,-0.5882363,-0.5995382,-0.60922074,-0.619232,-0.6285628,-0.63516974,-0.6393013,-0.6447772,-0.6519238,-0.66081315,-0.67175585,-0.6803557,-0.6864879,-0.6944004,-0.7017089,-0.7101365,-0.7172585,-0.72695255,-0.73331016,-0.7396165,-0.74770373,-0.7560429,-0.7590744,-0.7663995,-0.7705695,-0.7791064,-0.7860083,-0.7921388,-0.79442304,-0.8002738,-0.8046177,-0.81208503,-0.8160402,-0.8225951,-0.82861966,-0.8325933,-0.8352745,-0.84038514,-0.847994,-0.85578954,-0.8610794,-0.86278296,-0.86901414,-0.87140214,-0.8780184,-0.88360643,-0.8881818,-0.8906317,-0.8972117,-0.8970879,-0.89980686,-0.90468395,-0.90944254,-0.91248417,-0.9148966,-0.91586715,-0.9201161,-0.9249338,-0.9275467,-0.9343818,-0.93861026,-0.9406067,-0.94714993,-0.9517698,-0.95449716,-0.9599786,-0.96301925,-0.9691825,-0.9715854
95,0.32358712,0.30606604,0.28871003,0.27444503,0.26393735,0.24800853,0.23273306,0.21511884,0.19493702,0.18578935,0.17555097,0.16335315,0.15078832,0.13570789,0.12506804,0.11463779,0.10455477,0.09418626,0.08415378,0.07214272,0.061886687,0.05223642,0.047124334,0.038253706,0.028103504,0.023193728,0.015320525,0.0063603073,0.00197379,-0.00046245306,-0.008224511,-0.015145381,-0.021715563,-0.029328752,-0.035999734,-0.04379588,-0.050905578,-0.05825153,-0.065391116,-0.071959205,-0.07629013,-0.08080421,-0.08766977,-0.093788035,-0.09617235,-0.104198575,-0.108698286,-0.114376724,-0.12136338,-0.12694435,-0.13294055,-0.13769051,-0.14232358,-0.14713521,-0.14919336,-0.1548961,-0.15789321,-0.16344187,-0.16716343,-0.17059436,-0.17369053,-0.18147652,-0.18568286,-0.19155285,-0.19506189,-0.2005625,-0.20434897,-0.21076217,-0.21624286,-0.22039981,-0.22552451,-0.2308679,-0.23633187,-0.23923762,-0.24622516,-0.2474039,-0.25441173,-0.25908977,-0.2616815,-0.26424497,-0.26789525,-0.26977178,-0.2710281,-0.27212974,-0.27504307,-0.27944657,-0.2833987,-0.28625163,-0.29102662,-0.29335472,-0.29875645,-0.30211365,-0.30620193,-0.31001705,-0.31257296,-0.31665692,-0.32159406,-0.32783863,-0.33052692,-0.33449325,-0.3371993,-0.33715057,-0.3402212,-0.3424742,-0.34667557,-0.34736747,-0.35113743,-0.35511884,-0.35926563,-0.36080807,-0.36228165,-0.3660522,-0.37284732,-0.37389594,-0.37624818,-0.37763768,-0.38159838,-0.38394538,-0.38789597,-0.38707647
96,0.01593058,-0.008036615,-0.03330577,-0.057771016,-0.08175482,-0.10203658,-0.12416975,-0.14019178,-0.16018204,-0.17784148,-0.19283752,-0.21050553,-0.22809699,-0.24288753,-0.25554305,-0.26951042,-0.281495,-0.29504216,-0.30704987,-0.31557474,-0.328262,-0.34494275,-0.35748476,-0.36914736,-0.3801307,-0.3884501,-0.40008116,-0.40982383,-0.419026,-0.42969733,-0.4365914,-0.44286123,-0.44948873,-0.45663127,-0.4671662,-0.47650558,-0.4809808,-0.4897352,-0.4995885,-0.5070744,-0.5122231,-0.51916516,-0.5255422,-0.53284943,-0.54115254,-0.5489606,-0.55583096,-0.5628155,-0.5705341,-0.57904625,-0.5861909,-0.5912797,-0.5983776,-0.60774946,-0.6128372,-0.6209064,-0.6245732,-0.6286614,-0.63133967,-0.63514185,-0.6408329,-0.6469519,-0.6541464,-0.6591515,-0.664134,-0.6719149,-0.6737809,-0.6801779,-0.68721944,-0.6917248,-0.69886476,-0.70724213,-0.7129669,-0.7153343,-0.7211534,-0.7236419,-0.73086226,-0.7359733,-0.7400098,-0.74531966,-0.74528015,-0.7462823,-0.750116,-0.75189483,-0.75475794,-0.7597522,-0.7652399,-0.7679933,-0.7731144,-0.77600825,-0.78053355,-0.7837626,-0.7854792,-0.78770435,-0.79183406,-0.79763323,-0.7997162,-0.8014914,-0.80463314,-0.80726755,-0.80885994,-0.8093125,-0.8125453,-0.81550616,-0.8180746,-0.819915,-0.82286376,-0.82955426,-0.83239394,-0.836243,-0.8393367,-0.8443883,-0.84666854,-0.8510963,-0.85209626,-0.85481673,-0.8574389,-0.8593175,-0.86333656,-0.8668326
97,-0.8680965,-0.8831356,-0.892665,-0.9050485,-0.9116405,-0.92067754,-0.9255413,-0.93444604,-0.9446713,-0.94926345,-0.9535,-0.95976704,-0.9636692,-0.9684056,-0.9705094,-0.9772793,-0.9832659,-0.986832,-0.9913514,-0.9900851,-0.99452245,-0.99703467,-1.001726,-1.004523,-1.0089533,-1.009031,-1.0153323,-1.0131757,-1.0169204,-1.0184343,-1.0202754,-1.0213732,-1.0245353,-1.0266509,-1.0266317,-1.0282363,-1.0312723,-1.0330312,-1.0367202,-1.0389667,-1.0397046,-1.0436437,-1.0450093,-1.0502573,-1.0520205,-1.0535468,-1.0547478,-1.0568715,-1.0596758,-1.063388,-1.066026,-1.0689452,-1.0673579,-1.0683976,-1.0693274,-1.0711011,-1.0709263,-1.0701375,-1.0723469,-1.0744994,-1.0735626,-1.071216,-1.0750813,-1.0745255,-1.0747344,-1.0769029,-1.0787455,-1.0804617,-1.084338,-1.0840709,-1.0848472,-1.0875489,-1.0878208,-1.0910136,-1.0946256,-1.0924656,-1.0954733,-1.0979381,-1.0999252,-1.101559,-1.102351,-1.1011662,-1.101129,-1.0995058,-1.0999672,-1.1006496,-1.1022851,-1.1049935,-1.1066474,-1.1082726,-1.1083239,-1.1100346,-1.1068933,-1.1074148,-1.1075735,-1.108573,-1.1101842,-1.1102269,-1.1086808,-1.1097984,-1.1088432,-1.10795,-1.1092807,-1.1089417,-1.1080062,-1.1080756,-1.1087539,-1.1103522,-1.10922,-1.1084495,-1.1066266,-1.1091878,-1.1122197,-1.1129537,-1.11401,-1.1119089,-1.1144669,-1.1141015,-1.1165379,-1.1162323
98,0.3724487,0.35454136,0.3339795,0.31624633,0.29915902,0.2830194,0.2693224,0.25386244,0.23736587,0.22257671,0.20641045,0.19147167,0.17532685,0.16612595,0.154931,0.14228587,0.13172394,0.11886664,0.10512824,0.09542007,0.083311595,0.07314664,0.061045893,0.048707176,0.038060445,0.027392006,0.018165445,0.009133701,-0.00045096278,-0.012946548,-0.022174563,-0.03251206,-0.041554358,-0.052545674,-0.061232023,-0.07015332,-0.08106486,-0.09068464,-0.100277886,-0.10880692,-0.116017416,-0.12510523,-0.1343148,-0.14504412,-0.15435061,-0.16360222,-0.17154033,-0.17843626,-0.18710381,-0.19657655,-0.20484963,-0.21242714,-0.21946266,-0.22582722,-0.23340742,-0.24128251,-0.24801488,-0.2569503,-0.26275623,-0.26887926,-0.27543685,-0.28285584,-0.2912571,-0.29993266,-0.30592343,-0.31303963,-0.32255024,-0.3302964,-0.33889478,-0.3486402,-0.3512277,-0.35999116,-0.36642572,-0.3717175,-0.38024288,-0.3839987,-0.38795775,-0.395115,-0.40458527,-0.41013193,-0.41483754,-0.41943103,-0.4230329,-0.43300682,-0.43656737,-0.44086036,-0.449269,-0.45576248,-0.46351093,-0.47040302,-0.47545308,-0.48289722,-0.4874328,-0.49394017,-0.49905214,-0.5057076,-0.51112497,-0.5181489,-0.5230866,-0.52895963,-0.53455776,-0.5396167,-0.5440091,-0.55006635,-0.55471545,-0.5567746,-0.56111705,-0.5664272,-0.5722585,-0.57657564,-0.57717407,-0.58212036,-0.58809215,-0.5926045,-0.5962621,-0.5993517,-0.60615355,-0.61281,-0.62002337,-0.6236402
99,0.58519083,0.57423705,0.5627873,0.5546583,0.5496198,0.54395926,0.53751326,0.53207177,0.52912235,0.5231499,0.518814,0.51605326,0.5114756,0.5055903,0.50060797,0.49665314,0.49483222,0.49271804,0.4892021,0.48638806,0.48358497,0.47935724,0.4741498,0.46924657,0.4635788,0.46104783,0.456739,0.45563555,0.45337963,0.45205235,0.4490469,0.4483882,0.44751367,0.4474453,0.44794434,0.4460157,0.4458707,0.44420877,0.44105387,0.44061774,0.4405256,0.44052878,0.44008628,0.43914127,0.43828148,0.4352948,0.43757826,0.43992954,0.43914366,0.44081396,0.43761754,0.43619737,0.43493408,0.43607956,0.4351182,0.43585676,0.43734112,0.43623143,0.4398656,0.44161445,0.44282007,0.4396572,0.4397294,0.44277844,0.44201383,0.44441104,0.44410515,0.44338495,0.44336253,0.44508123,0.44240707,0.4443615,0.44475603,0.4447475,0.44590044,0.44935638,0.44914165,0.45038182,0.45227447,0.4528838,0.4533348,0.45546627,0.45639595,0.4524557,0.45352483,0.45563832,0.45713758,0.45932597,0.46030983,0.46252447,0.46255073,0.46574587,0.46715778,0.4676052,0.46584374,0.4667545,0.4682758,0.4708899,0.471906,0.4735586,0.4748597,0.47358984,0.47744837,0.47848544,0.47886664,0.4781583,0.4810648,0.48252708,0.4842167,0.48568106,0.48267445,0.48339552,0.4839428,0.4846924,0.48307505,0.48322153,0.48445243,0.48526397,0.48534197,0.48652798
100,0.050981514,0.043266125,0.033244453,0.02448064,0.012859354,0.0033361602,-0.0051756306,-0.014095774,-0.022432657,-0.02949833,-0.035725944,-0.039782785,-0.046828866,-0.04950968,-0.053179275,-0.05903039,-0.060246747,-0.063944876,-0.06714887,-0.06828703,-0.074679755,-0.079808645,-0.08243939,-0.087002575,-0.09127139,-0.093064636,-0.0971573,-0.099616334,-0.10103138,-0.102481306,-0.10330234,-0.104745254,-0.10454907,-0.10343993,-0.10401168,-0.10327997,-0.103135094,-0.10192084,-0.102817595,-0.10330762,-0.10105346,-0.10142759,-0.10486927,-0.10565034,-0.10541642,-0.10609623,-0.104662344,-0.101422,-0.09951962,-0.09582497,-0.09389667,-0.09324036,-0.09247185,-0.08999055,-0.08872544,-0.088602945,-0.08651556,-0.081891425,-0.08001502,-0.08030314,-0.07669925,-0.07358865,-0.072576396,-0.07129753,-0.07055254,-0.06724472,-0.0653141,-0.06299401,-0.058429193,-0.05967033,-0.059923727,-0.05855602,-0.053716403,-0.04911836,-0.045868866,-0.043193635,-0.040330447,-0.03868503,-0.03536918,-0.031132173,-0.025966939,-0.020521881,-0.020865511,-0.024371352,-0.019150881,-0.01478917,-0.011786893,-0.008485974,-0.0067466823,-0.0025641466,-0.00015520724,0.0033496793,0.0045472323,0.0063278824,0.008720465,0.011810442,0.014496213,0.016586462,0.019896375,0.021319248,0.027860096,0.03114235,0.036719255,0.03943829,0.0442296,0.047298275,0.052450042,0.054707836,0.05832405,0.064213894,0.06865128,0.07111658,0.071929954,0.07574983,0.079020366,0.08274697,0.085821345,0.09036281,0.09412475,0.09803061
101,0.27687532,0.25995874,0.24105482,0.22530751,0.21118233,0.19442318,0.17595132,0.16073623,0.1451609,0.12726657,0.11488688,0.10063256,0.088768706,0.07492647,0.0620193,0.05000003,0.03896154,0.0266436,0.015314554,0.0020859032,-0.0074606896,-0.017321307,-0.028694823,-0.037472136,-0.048583865,-0.054448158,-0.063972734,-0.07407918,-0.080873564,-0.08818065,-0.099031396,-0.108097635,-0.115505576,-0.12167598,-0.12719756,-0.13646513,-0.1436756,-0.15451336,-0.16268662,-0.1685634,-0.17644177,-0.18447538,-0.19351019,-0.2021513,-0.20751862,-0.21840577,-0.22726782,-0.23304994,-0.2410069,-0.24807242,-0.25691777,-0.2625898,-0.26958174,-0.27526665,-0.28301686,-0.28813097,-0.29120234,-0.29776442,-0.3038227,-0.30757496,-0.31056175,-0.31895158,-0.32473415,-0.32871002,-0.33348462,-0.33856952,-0.34435996,-0.34714767,-0.35298258,-0.35798916,-0.3657836,-0.37092406,-0.3739942,-0.37796938,-0.38402817,-0.38517967,-0.3896497,-0.3945773,-0.39811915,-0.40642923,-0.4139146,-0.4176677,-0.41997415,-0.4200616,-0.4196876,-0.42474633,-0.43047968,-0.43591517,-0.43837658,-0.4421625,-0.4448928,-0.4484156,-0.44739866,-0.45187822,-0.45273837,-0.45570174,-0.45675835,-0.4612921,-0.46230412,-0.4664579,-0.46763068,-0.47120467,-0.47112125,-0.47309223,-0.47658753,-0.47650743,-0.4790872,-0.4792892,-0.48226365,-0.48326117,-0.48557487,-0.48925012,-0.49229273,-0.49600297,-0.49886274,-0.5003602,-0.50510305,-0.50857854,-0.5141337,-0.5133344
102,0.29112053,0.27384973,0.25747454,0.24012844,0.22295602,0.20315222,0.1826466,0.16767931,0.15275583,0.13827637,0.124434926,0.11384545,0.1030244,0.09102292,0.07692605,0.06404012,0.054662563,0.041713584,0.029603684,0.017443428,0.01043224,-0.0013871171,-0.010382182,-0.015788555,-0.02463113,-0.033181246,-0.040296994,-0.05005797,-0.05662619,-0.064206645,-0.07058601,-0.077132285,-0.08301604,-0.09129547,-0.09913651,-0.104762554,-0.11112364,-0.116306186,-0.12439344,-0.13037911,-0.13561456,-0.13972771,-0.14551127,-0.15055439,-0.15539409,-0.1588628,-0.16351166,-0.16899231,-0.1742123,-0.17775612,-0.18292049,-0.18767928,-0.19283976,-0.19650598,-0.20250861,-0.20712061,-0.20786062,-0.21133947,-0.21491194,-0.22061606,-0.22676381,-0.23130527,-0.23610651,-0.23942356,-0.24350052,-0.24471411,-0.24811478,-0.24876535,-0.2540741,-0.25897953,-0.26052764,-0.26442322,-0.2681309,-0.2700228,-0.27350196,-0.27764803,-0.2782269,-0.28166825,-0.28406397,-0.2816983,-0.2822043,-0.2836252,-0.28442943,-0.2832828,-0.28291887,-0.28603107,-0.28942528,-0.29404604,-0.29635036,-0.29815686,-0.3009717,-0.30269095,-0.30020493,-0.30309632,-0.30413538,-0.30705476,-0.30877525,-0.31137687,-0.3087846,-0.30990675,-0.30897263,-0.31358752,-0.3155903,-0.31895813,-0.32059458,-0.31898618,-0.3193649,-0.31908518,-0.32198584,-0.3211287,-0.3203648,-0.31989002,-0.3212207,-0.32325855,-0.3245551,-0.32316536,-0.3240307,-0.32628915,-0.32935128,-0.32811457
103,0.09789603,0.082026154,0.069419876,0.051543683,0.037080653,0.02241527,0.008593704,-0.0040109484,-0.01999203,-0.034637533,-0.048174422,-0.06160736,-0.074918374,-0.08622043,-0.09517061,-0.1073644,-0.11705317,-0.12843679,-0.1400402,-0.15355018,-0.16589198,-0.17514136,-0.18566184,-0.19479391,-0.20399633,-0.21583311,-0.22455904,-0.23589782,-0.24582644,-0.25649697,-0.26729056,-0.27812624,-0.28841427,-0.29493564,-0.30084553,-0.31253475,-0.3204344,-0.32866114,-0.33797255,-0.34561658,-0.3534516,-0.35908857,-0.36903846,-0.3782873,-0.38598534,-0.3934551,-0.4014535,-0.40792996,-0.41644964,-0.4232586,-0.43328556,-0.44126135,-0.44975156,-0.45635527,-0.4642753,-0.4722798,-0.4793354,-0.48701864,-0.49355072,-0.498295,-0.50531554,-0.5108803,-0.520788,-0.52878374,-0.53790015,-0.5439366,-0.551942,-0.5570858,-0.56649697,-0.57456195,-0.58299595,-0.5893222,-0.5944176,-0.5998202,-0.60580003,-0.6111833,-0.6208681,-0.6256964,-0.63106686,-0.63256896,-0.6376564,-0.63908684,-0.6443323,-0.6435079,-0.64968365,-0.65489775,-0.6626367,-0.6684704,-0.67270833,-0.6775029,-0.6825546,-0.69065064,-0.6939521,-0.7007695,-0.70759696,-0.7136024,-0.71966535,-0.72686946,-0.7335973,-0.7401558,-0.74865806,-0.75327134,-0.7580494,-0.7637102,-0.7704399,-0.7733544,-0.7767347,-0.780152,-0.785054,-0.7892952,-0.79080594,-0.7963094,-0.8006071,-0.8053648,-0.8105817,-0.81149197,-0.8175604,-0.8220749,-0.8269659,-0.8270502
104,0.38509086,0.36660218,0.3469524,0.33307952,0.31558838,0.29910073,0.2812908,0.2650988,0.24697034,0.23209712,0.21438447,0.2020407,0.18335782,0.16819182,0.1561487,0.14511624,0.1363775,0.12601234,0.112435386,0.10182154,0.08888513,0.08011254,0.07290882,0.06385276,0.055281825,0.0442869,0.03524796,0.025020698,0.01568373,0.0020918665,-0.0059988797,-0.016521266,-0.025621742,-0.032850526,-0.039242465,-0.046864893,-0.05479438,-0.063809186,-0.072652295,-0.07759458,-0.08119599,-0.08481046,-0.091192104,-0.09871987,-0.10290185,-0.109192714,-0.11642649,-0.1209449,-0.12746365,-0.13535522,-0.14174262,-0.1467509,-0.15140104,-0.15406625,-0.16148837,-0.16684747,-0.17243013,-0.17864132,-0.18336771,-0.18661733,-0.18958214,-0.19948296,-0.20452753,-0.21033649,-0.2135284,-0.21879669,-0.22513032,-0.23186028,-0.23860821,-0.2404931,-0.24198505,-0.24652648,-0.25211546,-0.25715175,-0.26206735,-0.26149717,-0.2683022,-0.2725234,-0.275122,-0.27869248,-0.28196663,-0.28215978,-0.285218,-0.28457305,-0.28309673,-0.28633457,-0.28997147,-0.29025534,-0.29226032,-0.29409024,-0.29669645,-0.29996222,-0.30062777,-0.30308282,-0.30494684,-0.3084388,-0.31015813,-0.31168646,-0.31539494,-0.31880313,-0.3197749,-0.32067448,-0.32332468,-0.32668597,-0.328916,-0.331958,-0.33375442,-0.33418816,-0.33770496,-0.33862987,-0.33872542,-0.3381945,-0.3416877,-0.3456657,-0.34757087,-0.34803233,-0.35147378,-0.3520812,-0.3554997,-0.35557252
105,0.7891072,0.7672665,0.7472604,0.730049,0.7132349,0.69825995,0.6808473,0.66477084,0.6475916,0.63417375,0.6206708,0.605796,0.5896874,0.57695943,0.56337255,0.5525339,0.54298735,0.53125584,0.51966643,0.5050152,0.49396133,0.48251182,0.47351193,0.46476945,0.45431322,0.4481842,0.4406888,0.43249232,0.42647022,0.4204041,0.41458455,0.40808845,0.40112597,0.39486232,0.3876378,0.38188097,0.37450284,0.36674103,0.36025673,0.3555711,0.35098964,0.34687138,0.34014985,0.3329245,0.32908893,0.3229984,0.31860608,0.3136607,0.3082683,0.30534196,0.29785544,0.2922512,0.28835756,0.28765318,0.28358346,0.27938896,0.27623987,0.2728931,0.27103314,0.26758087,0.26385263,0.25891528,0.25571856,0.2512762,0.24723692,0.24531002,0.24196693,0.23836856,0.23503038,0.23033008,0.22693005,0.22442122,0.22287336,0.22173052,0.21900833,0.2169312,0.21520047,0.2133393,0.21129338,0.20759359,0.205555,0.20463249,0.20093293,0.19687977,0.1970056,0.19494443,0.192869,0.19127877,0.18894953,0.18949841,0.18810357,0.18822134,0.18544534,0.18378529,0.18114445,0.1801062,0.17785113,0.1767607,0.17895615,0.17749032,0.17844208,0.1781999,0.17867504,0.17910182,0.17693648,0.17395101,0.17489707,0.17327382,0.17290121,0.16971207,0.16873045,0.16849756,0.16904232,0.16815902,0.16668066,0.16097946,0.16024087,0.16176543,0.1609033,0.16114603
106,1.0606173,1.0402565,1.023321,1.0055398,0.9870249,0.9723671,0.9546548,0.9384815,0.9235239,0.91037333,0.90335447,0.88982475,0.8762457,0.8627628,0.8508126,0.8411163,0.8321741,0.8238972,0.81363744,0.80269796,0.79508865,0.78500855,0.776116,0.76796424,0.760224,0.7540785,0.7476611,0.7438609,0.73784816,0.72966015,0.7239147,0.71915776,0.7140715,0.7089586,0.7058231,0.7021551,0.69615537,0.6928633,0.68804044,0.68392116,0.6816435,0.678776,0.67502064,0.6717714,0.66792,0.6643205,0.6622476,0.6624237,0.6574903,0.65393925,0.6497328,0.6483554,0.6469551,0.64705896,0.64617383,0.6456858,0.644263,0.6446416,0.64553916,0.642691,0.6406072,0.6363695,0.6356803,0.63627017,0.63660264,0.63534844,0.63622844,0.63296574,0.632286,0.63173026,0.6294015,0.62987316,0.6278249,0.62692964,0.6277234,0.62697303,0.6271117,0.62656105,0.6281889,0.62783736,0.6286052,0.6306256,0.62993526,0.628008,0.629584,0.6326312,0.63107836,0.63171065,0.63394535,0.6370339,0.63677263,0.6390072,0.6351278,0.6344989,0.63349926,0.63523,0.6387538,0.64132303,0.6432418,0.6445369,0.6466305,0.64774173,0.65152466,0.6560609,0.6558824,0.6600261,0.66275793,0.6638478,0.66523844,0.66632915,0.6697383,0.67204034,0.6744925,0.6752132,0.67601466,0.67577744,0.6780764,0.6820064,0.68451774,0.68836755
107,0.7389584,0.7137233,0.68673795,0.6627228,0.64613736,0.625762,0.603422,0.5839005,0.56565833,0.5437994,0.5216149,0.49797678,0.4811737,0.46058163,0.44286332,0.4242999,0.40682435,0.38847286,0.3700626,0.35189146,0.33551636,0.31509325,0.29785317,0.28364724,0.26730606,0.2529186,0.23707075,0.2239584,0.21017113,0.1953018,0.1805725,0.1651515,0.15270475,0.13901438,0.12540929,0.113710344,0.10065923,0.08799319,0.07669845,0.06546891,0.05672074,0.043547686,0.031794105,0.019575786,0.0065972237,-0.0047029043,-0.015068856,-0.024897495,-0.034549467,-0.045219757,-0.05773204,-0.06730754,-0.07660006,-0.08571895,-0.09308929,-0.10146679,-0.10941182,-0.11568995,-0.12615792,-0.13351789,-0.1416464,-0.15093762,-0.16041812,-0.16528636,-0.1732038,-0.17984334,-0.1860708,-0.19358377,-0.20117214,-0.2102936,-0.22014324,-0.23036905,-0.23907645,-0.24568644,-0.2528594,-0.25691846,-0.2638573,-0.27129114,-0.27677402,-0.28223816,-0.28997248,-0.29521602,-0.3005994,-0.30495352,-0.3102427,-0.3154335,-0.32176936,-0.3269828,-0.33385143,-0.33636978,-0.34427884,-0.35075933,-0.35787782,-0.36573613,-0.3723912,-0.37657434,-0.38152784,-0.3868824,-0.38810238,-0.39373493,-0.39873195,-0.40008864,-0.40474948,-0.4092989,-0.4147125,-0.4175954,-0.42346364,-0.427298,-0.43209323,-0.43665433,-0.43817908,-0.44406796,-0.44924107,-0.4529217,-0.45516306,-0.45940083,-0.46408558,-0.46895725,-0.47303218,-0.4767728
108,-0.739014,-0.7604283,-0.78146935,-0.79941773,-0.81531763,-0.8349021,-0.85212976,-0.8694941,-0.8878304,-0.90430105,-0.91900826,-0.93335027,-0.9495077,-0.9666174,-0.97952175,-0.99348956,-1.0070622,-1.0225856,-1.0367728,-1.0498292,-1.0621362,-1.076019,-1.0859638,-1.0968215,-1.1102654,-1.1207534,-1.1331513,-1.1421878,-1.1522754,-1.1577733,-1.1686978,-1.1795713,-1.1904317,-1.2031804,-1.2141705,-1.2248375,-1.2345153,-1.2430185,-1.2527677,-1.2614411,-1.2704258,-1.2802496,-1.2900347,-1.300491,-1.3108242,-1.3185974,-1.3278877,-1.3343005,-1.3430876,-1.3518918,-1.3597194,-1.3684716,-1.3739982,-1.3822234,-1.3904375,-1.3991537,-1.4054273,-1.4100926,-1.4152435,-1.4203926,-1.4235034,-1.4296281,-1.4366169,-1.4389013,-1.4439547,-1.4495164,-1.4549425,-1.4591568,-1.4662373,-1.4711132,-1.4767557,-1.4827343,-1.4862303,-1.4920769,-1.4983088,-1.4957864,-1.5023735,-1.5056496,-1.5071523,-1.5052719,-1.5071437,-1.5089734,-1.5068762,-1.510819,-1.5134907,-1.5179639,-1.5225849,-1.5248177,-1.5271484,-1.5276756,-1.5325419,-1.5340412,-1.5340245,-1.539139,-1.541666,-1.543074,-1.5460682,-1.5454823,-1.5436165,-1.5490112,-1.5480306,-1.5472344,-1.5481342,-1.5495719,-1.5490551,-1.5466912,-1.547846,-1.5485042,-1.5508159,-1.552614,-1.5544741,-1.55608,-1.5582225,-1.5586383,-1.5591224,-1.5546329,-1.5561614,-1.5591787,-1.5613981,-1.5592877
109,1.7189255,1.7040808,1.6790708,1.6640348,1.6492981,1.6389049,1.6291542,1.6181084,1.6050298,1.5925119,1.5813116,1.5734539,1.5609007,1.5527613,1.5407908,1.5349509,1.5275236,1.5234544,1.5178599,1.5072465,1.5009052,1.4930923,1.4877307,1.4807914,1.4737484,1.4682488,1.4623593,1.4535601,1.4497246,1.4432787,1.4414608,1.4368535,1.4344513,1.4310853,1.4283469,1.4257109,1.4236622,1.4207866,1.4167006,1.4130943,1.4123104,1.409321,1.4063509,1.4039885,1.4021299,1.397488,1.3950458,1.3921688,1.3880419,1.3857267,1.3792598,1.3768275,1.3737967,1.3707997,1.3640617,1.3632181,1.3620884,1.3553871,1.3513216,1.3496641,1.3472675,1.341985,1.3413671,1.3393462,1.3375236,1.3351005,1.3312835,1.3276873,1.3244946,1.3211329,1.3152449,1.3131366,1.3130479,1.3113688,1.3069291,1.3019809,1.301369,1.2993714,1.296212,1.2942071,1.2900002,1.2876972,1.283277,1.2769723,1.2745888,1.2720679,1.2671783,1.265944,1.2628783,1.2605412,1.2566996,1.2550662,1.2485533,1.2455566,1.2405722,1.2391261,1.2384807,1.2319872,1.2280389,1.225863,1.222441,1.2165787,1.2154858,1.214291,1.209087,1.205229,1.2001389,1.1960907,1.1943486,1.1911557,1.1863955,1.1847302,1.1806631,1.1768,1.1726915,1.1683408,1.1654007,1.161917,1.1584237,1.1523385
110,1.3627931,1.3437979,1.3192968,1.3028009,1.2859293,1.2745659,1.2592922,1.2423744,1.2255347,1.2149782,1.2017794,1.1859542,1.1690873,1.1549484,1.1404884,1.1298208,1.1196574,1.1101882,1.0972909,1.0847585,1.0749596,1.0624816,1.0514929,1.0424182,1.0305231,1.0221527,1.0128481,1.0019835,0.99274194,0.9834434,0.97712106,0.96838605,0.9630977,0.9538223,0.9448336,0.9385422,0.93388635,0.9275236,0.9204133,0.9138543,0.9075279,0.9022341,0.896803,0.88890487,0.8833516,0.8741398,0.86781234,0.8597032,0.8507039,0.8441059,0.8355613,0.83002836,0.8214723,0.81463337,0.8049598,0.7988178,0.791962,0.7836361,0.7779151,0.77346057,0.76890886,0.7626067,0.7562748,0.7494916,0.74764407,0.74043286,0.73616076,0.72927165,0.72399396,0.7194719,0.71365464,0.7081205,0.70264703,0.69827425,0.6923641,0.6874762,0.68295723,0.67680514,0.6728896,0.66667825,0.6600583,0.6555797,0.6455846,0.6390895,0.6355697,0.62978727,0.62332076,0.61664563,0.61018294,0.60445833,0.59881675,0.59203744,0.58605796,0.5802407,0.5736661,0.56816185,0.5621497,0.55670106,0.5492473,0.5434001,0.5376362,0.53161824,0.5288868,0.5244817,0.51826954,0.5118532,0.5039733,0.4997213,0.49273738,0.48706812,0.48243254,0.47858062,0.473514,0.46824902,0.46070743,0.45629087,0.45221263,0.44565886,0.43950972,0.43425465
111,1.1244668,1.0951643,1.0624089,1.035462,1.0137786,0.9887041,0.95972615,0.9340889,0.91004914,0.8853245,0.86078054,0.8366702,0.81194955,0.79123104,0.7698005,0.7494185,0.7293253,0.7103142,0.6908034,0.67032415,0.65354735,0.63578725,0.61929625,0.60296136,0.58599657,0.56989664,0.55426776,0.53589296,0.5232893,0.50583893,0.49043974,0.4742632,0.46125,0.446726,0.43073836,0.4170839,0.40291086,0.3911743,0.3761065,0.36282367,0.35057792,0.3402692,0.32730576,0.31550825,0.30528358,0.2913187,0.27917618,0.2685311,0.26103875,0.2512695,0.24133451,0.23119664,0.21800904,0.20720735,0.19584759,0.18474118,0.17449197,0.16475995,0.15238903,0.14109041,0.13288519,0.11725412,0.10558244,0.09680075,0.08830973,0.07947105,0.07019339,0.060538054,0.050455593,0.043650456,0.034157123,0.025094485,0.016445478,0.0076934546,-0.0031956458,-0.010546982,-0.020080619,-0.028482508,-0.034692504,-0.04301312,-0.053455062,-0.060765397,-0.070087805,-0.078617916,-0.08493217,-0.09285047,-0.10222931,-0.107913695,-0.117691256,-0.12635584,-0.13318829,-0.13857996,-0.14465879,-0.15246081,-0.1603376,-0.1652778,-0.17298862,-0.18035917,-0.18557538,-0.19302647,-0.19933626,-0.20498876,-0.21247974,-0.21931908,-0.2282068,-0.23508218,-0.23889184,-0.24578568,-0.25252852,-0.25684148,-0.2626676,-0.26714426,-0.27077705,-0.27734163,-0.28060284,-0.28506327,-0.29121035,-0.29835182,-0.30494028,-0.30693275
112,1.0585234,1.0304377,0.9992863,0.9709051,0.94785833,0.9215153,0.89409894,0.8704381,0.8459727,0.8186609,0.7958963,0.77074146,0.7484233,0.7248022,0.70653206,0.6884983,0.6678414,0.6498023,0.6300788,0.60884035,0.59294957,0.57410365,0.555374,0.537439,0.52280235,0.5059033,0.4899706,0.47221237,0.45686442,0.44252175,0.4258693,0.41213655,0.3981819,0.38245422,0.3704129,0.35797685,0.34431094,0.3345131,0.32137495,0.3102287,0.3005872,0.28979483,0.27841955,0.26763105,0.25797,0.24485464,0.2355001,0.22851829,0.21825548,0.2085238,0.1953505,0.18638772,0.17667472,0.1685231,0.15994574,0.1495306,0.14157954,0.13153811,0.12036687,0.11156918,0.10288992,0.09154981,0.08347461,0.075584434,0.0694994,0.061410528,0.05494355,0.047910605,0.04011714,0.03188479,0.023445243,0.013165635,0.007492003,0.00020966268,-0.009590844,-0.015313635,-0.025420386,-0.032112204,-0.03725919,-0.042149972,-0.046613384,-0.055285167,-0.061338086,-0.06584452,-0.07227596,-0.07976075,-0.08699575,-0.09123484,-0.097793944,-0.104253486,-0.11071567,-0.11576225,-0.12018323,-0.12626682,-0.13276777,-0.13556436,-0.13996986,-0.14459078,-0.15341622,-0.15814301,-0.16180184,-0.1664904,-0.17246114,-0.17655158,-0.17951982,-0.18681476,-0.1892275,-0.19530809,-0.20125285,-0.20668158,-0.20894763,-0.21293812,-0.21640158,-0.22083274,-0.22653088,-0.22941962,-0.23306592,-0.23760752,-0.24066302,-0.24217494
113,-0.6877747,-0.7080254,-0.72667456,-0.74006337,-0.7543655,-0.77362883,-0.7928139,-0.8088546,-0.8294598,-0.8453762,-0.86298704,-0.8776118,-0.89160794,-0.9037282,-0.9168867,-0.933458,-0.94821423,-0.9644267,-0.9782119,-0.9930293,-1.0058304,-1.0188172,-1.0305612,-1.039012,-1.0509956,-1.0621951,-1.075317,-1.0842615,-1.0959461,-1.1083925,-1.119559,-1.1289618,-1.1390504,-1.1501575,-1.1606392,-1.1714821,-1.1813483,-1.1934936,-1.2046235,-1.2149681,-1.2250261,-1.2355471,-1.245974,-1.2555768,-1.2627982,-1.2713106,-1.2820356,-1.2883462,-1.295635,-1.305454,-1.3128256,-1.321761,-1.3297222,-1.3373562,-1.3440908,-1.3533422,-1.3587309,-1.3657665,-1.3708086,-1.3767427,-1.382281,-1.3876066,-1.395929,-1.4009315,-1.4055895,-1.412925,-1.4196193,-1.4252598,-1.4325368,-1.4357669,-1.441772,-1.4498613,-1.4553549,-1.4603605,-1.4682069,-1.4725919,-1.4800167,-1.4874376,-1.4934582,-1.4980062,-1.5039777,-1.5076609,-1.5108675,-1.5126822,-1.5188535,-1.5272048,-1.5349376,-1.5380876,-1.5425875,-1.5462171,-1.5500659,-1.5532736,-1.5577338,-1.5646647,-1.568096,-1.5725588,-1.5747001,-1.5784223,-1.5794475,-1.5859182,-1.5874922,-1.5868165,-1.5924246,-1.5954638,-1.6013491,-1.6044369,-1.6080405,-1.6109753,-1.6126738,-1.6129882,-1.6150587,-1.6162901,-1.617729,-1.6186075,-1.6194242,-1.6160383,-1.6205677,-1.6249624,-1.628116,-1.6302029
114,-0.34032735,-0.35512763,-0.3668232,-0.3799689,-0.38876286,-0.40000668,-0.41034728,-0.41960487,-0.42876133,-0.4368515,-0.4441455,-0.45139995,-0.4563137,-0.46129608,-0.46732134,-0.47204918,-0.4783803,-0.48603168,-0.4914201,-0.49719524,-0.5043064,-0.5105544,-0.51151,-0.5180268,-0.52113014,-0.525882,-0.53191036,-0.53136003,-0.5349506,-0.5344122,-0.53667885,-0.5380039,-0.53913796,-0.5430019,-0.5455314,-0.54838926,-0.5496387,-0.5531939,-0.5557448,-0.5581288,-0.558974,-0.5607777,-0.5648973,-0.5664421,-0.56586194,-0.5646827,-0.5656706,-0.5652357,-0.56845,-0.5691862,-0.56838316,-0.56908095,-0.5703518,-0.5706941,-0.5709404,-0.5713006,-0.57194436,-0.56990016,-0.5685947,-0.5690316,-0.5672849,-0.5652808,-0.5665251,-0.5621156,-0.5606798,-0.557113,-0.5554831,-0.5531872,-0.5536722,-0.55259466,-0.5527947,-0.5524077,-0.5502479,-0.5477773,-0.547419,-0.54215574,-0.54346967,-0.54196614,-0.5382619,-0.53461564,-0.53089225,-0.5246287,-0.5200347,-0.51894546,-0.5159493,-0.512871,-0.5109132,-0.50676364,-0.5028666,-0.4989957,-0.49680638,-0.4944206,-0.49030828,-0.48838353,-0.48428893,-0.48053533,-0.47924805,-0.4774285,-0.46943673,-0.46564135,-0.46265644,-0.45825213,-0.45514116,-0.4525515,-0.44934234,-0.44302708,-0.43690723,-0.43068618,-0.4304479,-0.42607626,-0.42195207,-0.41715798,-0.41480345,-0.40974584,-0.40744773,-0.40213594,-0.39846733,-0.39435875,-0.39068392,-0.38516328
115,-0.12210803,-0.14725733,-0.17021273,-0.18932973,-0.20885125,-0.23344454,-0.258623,-0.28099638,-0.30470458,-0.3294785,-0.34894273,-0.36930236,-0.39027724,-0.412803,-0.43320337,-0.45571923,-0.47284025,-0.49186024,-0.5154853,-0.53376913,-0.5522029,-0.5705837,-0.5885678,-0.6049734,-0.62258345,-0.6365961,-0.6540417,-0.6684743,-0.6830929,-0.6991464,-0.7147485,-0.72949374,-0.74239427,-0.75611675,-0.77146465,-0.7875336,-0.8017937,-0.81665057,-0.8322414,-0.8474825,-0.8611972,-0.87518346,-0.89022577,-0.9032879,-0.916221,-0.93103695,-0.94256246,-0.95430577,-0.9631399,-0.97214615,-0.9811071,-0.9939703,-1.0068982,-1.0187408,-1.0299984,-1.0410936,-1.0524148,-1.0644473,-1.0740116,-1.0844629,-1.0950674,-1.1065636,-1.1193845,-1.1305606,-1.1398793,-1.151651,-1.1618998,-1.1703308,-1.1827568,-1.1903288,-1.2006155,-1.210978,-1.2220616,-1.2299658,-1.2399156,-1.2463601,-1.2554036,-1.2643126,-1.271804,-1.2825825,-1.2878892,-1.2930223,-1.296418,-1.3028696,-1.3090994,-1.3180397,-1.3254395,-1.3305836,-1.3378756,-1.34499,-1.3499098,-1.3545554,-1.356064,-1.362971,-1.3700699,-1.3755565,-1.3783588,-1.3832613,-1.388795,-1.3963174,-1.4017017,-1.4072233,-1.4132648,-1.4214585,-1.4271183,-1.4322296,-1.437498,-1.4416958,-1.4459995,-1.4499582,-1.4538314,-1.4590764,-1.4635584,-1.4697584,-1.4735521,-1.4758836,-1.4806839,-1.4872888,-1.4932158,-1.4964536
116,0.18124712,0.15887377,0.1405811,0.1209567,0.1043144,0.08734655,0.07031127,0.057968147,0.04550325,0.03772328,0.019434892,0.004651173,-0.0046851365,-0.018559499,-0.027528342,-0.034121655,-0.044128887,-0.050000865,-0.0572716,-0.06452156,-0.071531065,-0.08124337,-0.08520493,-0.09276517,-0.100984596,-0.10441015,-0.10979052,-0.114285685,-0.11759758,-0.12124141,-0.12664697,-0.1306668,-0.13397284,-0.13694672,-0.13980034,-0.14517628,-0.14876652,-0.15453558,-0.15845118,-0.16253296,-0.1663504,-0.17091863,-0.1718614,-0.17650154,-0.18097165,-0.18160217,-0.18537411,-0.18498053,-0.18743415,-0.19072583,-0.19439599,-0.1969164,-0.19757064,-0.19765124,-0.20279631,-0.20324878,-0.20601733,-0.20846748,-0.21315536,-0.21398206,-0.21466222,-0.21389642,-0.21576186,-0.21711001,-0.2186333,-0.21843544,-0.21861741,-0.21933298,-0.22113964,-0.22312316,-0.2234617,-0.22273445,-0.2219213,-0.22244123,-0.22366042,-0.22400787,-0.22307768,-0.22292142,-0.22073331,-0.21974821,-0.22041646,-0.2192417,-0.21750002,-0.21555483,-0.21466129,-0.21562953,-0.21759924,-0.21549647,-0.21341877,-0.2117743,-0.20921418,-0.20965424,-0.20752437,-0.2061166,-0.20151635,-0.19968137,-0.19855759,-0.19692394,-0.19610672,-0.19347002,-0.19307217,-0.19247502,-0.1922504,-0.18967396,-0.18685415,-0.18459459,-0.18143943,-0.17751575,-0.17671995,-0.1740644,-0.17225179,-0.16851239,-0.16834755,-0.16846272,-0.16596404,-0.16317248,-0.16088197,-0.15959841,-0.15920947,-0.15493594
117,-0.30520847,-0.3165041,-0.3295102,-0.33972687,-0.35009938,-0.3596605,-0.37011954,-0.37618318,-0.38647264,-0.38975453,-0.39877805,-0.40576968,-0.41254193,-0.42062813,-0.42914414,-0.43782943,-0.44345468,-0.45166975,-0.45980102,-0.46589178,-0.47230768,-0.48077288,-0.48571053,-0.49193698,-0.49955517,-0.50387007,-0.51025236,-0.5134381,-0.5176748,-0.52060884,-0.52565974,-0.5316917,-0.53701615,-0.5420918,-0.54504305,-0.5508601,-0.55376655,-0.5576561,-0.56286466,-0.56593454,-0.57123524,-0.5758391,-0.5795474,-0.586841,-0.59094906,-0.5965689,-0.6017188,-0.608184,-0.6117221,-0.6162588,-0.6217305,-0.62677145,-0.63279307,-0.6359928,-0.64293516,-0.64801246,-0.6532935,-0.65727246,-0.66203994,-0.66616553,-0.6685747,-0.6712982,-0.67450935,-0.6771414,-0.6834048,-0.68787974,-0.6912429,-0.69728434,-0.70074034,-0.70176965,-0.702933,-0.70842254,-0.713678,-0.71766746,-0.72386146,-0.7278404,-0.732907,-0.7352342,-0.7386253,-0.73876655,-0.7449107,-0.74920255,-0.7535526,-0.7503251,-0.7525791,-0.7573769,-0.7615217,-0.76489747,-0.76667356,-0.76945627,-0.771855,-0.77640235,-0.77726865,-0.7805343,-0.78317606,-0.7867638,-0.7891007,-0.79146314,-0.7920177,-0.79531556,-0.798497,-0.8015758,-0.8066281,-0.8100974,-0.8132063,-0.8173725,-0.81900007,-0.8226263,-0.8242067,-0.827884,-0.8271664,-0.8297027,-0.82999676,-0.8321992,-0.83566046,-0.8374127,-0.8407261,-0.8453018,-0.8489299,-0.8522997
118,-0.5444481,-0.5593864,-0.5703165,-0.5834909,-0.59552413,-0.6070443,-0.6151368,-0.62182105,-0.6356895,-0.6428379,-0.64720225,-0.6546259,-0.66222703,-0.6710451,-0.6770509,-0.6839093,-0.6916321,-0.6996242,-0.7074518,-0.71220195,-0.71993965,-0.72791994,-0.73317844,-0.7390913,-0.7460561,-0.7524666,-0.7572862,-0.7616598,-0.76510495,-0.76957834,-0.77296484,-0.7774637,-0.78169566,-0.7868341,-0.78955,-0.79507416,-0.7965959,-0.7994463,-0.80522573,-0.8096752,-0.8157077,-0.8193102,-0.8219571,-0.82735175,-0.8347763,-0.8384612,-0.8436338,-0.8465228,-0.8487215,-0.85121363,-0.8540883,-0.8584849,-0.86364096,-0.8632983,-0.868004,-0.8725257,-0.875696,-0.87925494,-0.881814,-0.8849664,-0.88677806,-0.8873909,-0.89170027,-0.8954336,-0.8999013,-0.9039532,-0.90687513,-0.9109163,-0.913596,-0.9151727,-0.9173048,-0.9237356,-0.9258016,-0.9272951,-0.93153036,-0.9370346,-0.94029665,-0.943308,-0.9455121,-0.94650126,-0.9494632,-0.95105964,-0.95562536,-0.95516586,-0.9563898,-0.95891094,-0.96179736,-0.9643162,-0.96798533,-0.9686912,-0.97074586,-0.9723665,-0.9709303,-0.97425747,-0.97608984,-0.97880924,-0.98203886,-0.9841873,-0.981197,-0.98435086,-0.98349303,-0.98429173,-0.98713267,-0.98752624,-0.99051714,-0.9892171,-0.9891704,-0.9916519,-0.99298465,-0.99283314,-0.990538,-0.991465,-0.99191916,-0.9925021,-0.99409866,-0.99598265,-0.99594545,-0.99855024,-1.000787,-0.9988724
119,0.28953055,0.2648923,0.2417148,0.21764895,0.19838205,0.17567296,0.1539032,0.13358264,0.108875774,0.088766925,0.06861447,0.04815742,0.024436962,0.0064756284,-0.011447832,-0.027752897,-0.04436468,-0.05969409,-0.07467073,-0.09037275,-0.09996954,-0.11564473,-0.12804775,-0.14178732,-0.15640855,-0.16666019,-0.18027715,-0.19093077,-0.20111434,-0.21474867,-0.22726667,-0.23638324,-0.24559256,-0.25668207,-0.2656638,-0.2759758,-0.28760427,-0.29656523,-0.30547315,-0.31519678,-0.32579857,-0.3343547,-0.34217966,-0.352688,-0.3619026,-0.37139815,-0.38090315,-0.3906502,-0.40155345,-0.41138512,-0.4208153,-0.4295643,-0.43822736,-0.44492054,-0.45320544,-0.46052688,-0.46874914,-0.47817278,-0.48617274,-0.49431294,-0.50039446,-0.5090949,-0.5159711,-0.52347857,-0.52999026,-0.53592527,-0.5422908,-0.5497607,-0.5555727,-0.5598531,-0.56654656,-0.5755043,-0.57956374,-0.58689857,-0.59438384,-0.5976981,-0.6075582,-0.6150178,-0.61902887,-0.6244959,-0.6321565,-0.6363635,-0.63825625,-0.6385285,-0.64384,-0.6515525,-0.6579439,-0.6620782,-0.6687715,-0.67607486,-0.68167776,-0.68588334,-0.6876814,-0.6944535,-0.696487,-0.70043695,-0.70541346,-0.7083261,-0.7100776,-0.71650195,-0.7206255,-0.7255651,-0.7300205,-0.7347635,-0.7356012,-0.7363493,-0.74300605,-0.74590516,-0.750818,-0.7520103,-0.7533416,-0.75432503,-0.76029915,-0.7606563,-0.759775,-0.76324975,-0.7673336,-0.7695636,-0.77243316,-0.77312934
120,0.5376007,0.5183115,0.4995954,0.48277456,0.4660036,0.44957256,0.4307529,0.41312733,0.3958745,0.37875247,0.36725956,0.35122404,0.3363222,0.3222511,0.3079513,0.29704964,0.28367797,0.26788718,0.25691673,0.24737819,0.23745088,0.22335944,0.21195543,0.20266199,0.18917356,0.18028668,0.16972381,0.15815565,0.14609456,0.13731132,0.12605157,0.11740804,0.108787954,0.099203356,0.08916847,0.08090846,0.07307799,0.06441209,0.05705583,0.04761211,0.041411806,0.035192885,0.02707155,0.018443378,0.011818208,0.0036449605,-0.0030999368,-0.008042445,-0.015447877,-0.02245006,-0.031877853,-0.038979515,-0.04675025,-0.05560466,-0.062049218,-0.07028274,-0.07369964,-0.077087425,-0.080034986,-0.08740163,-0.092350066,-0.09678613,-0.10414121,-0.110285416,-0.11478797,-0.122868955,-0.12806895,-0.13444817,-0.13860819,-0.14375877,-0.15046443,-0.15657228,-0.16169693,-0.16603628,-0.17335007,-0.17506841,-0.18263762,-0.1892484,-0.19447538,-0.19692448,-0.20114107,-0.20384853,-0.20866477,-0.21034543,-0.21410537,-0.22115651,-0.2262446,-0.23004115,-0.2341268,-0.23817608,-0.24177536,-0.2441382,-0.24995823,-0.25352782,-0.25806627,-0.26138306,-0.26497063,-0.27122405,-0.27611488,-0.28052467,-0.2827945,-0.28552374,-0.28920242,-0.29464334,-0.295378,-0.29488245,-0.29571337,-0.29998285,-0.30537117,-0.30630642,-0.30685258,-0.31072143,-0.31556526,-0.31903788,-0.3204967,-0.3162434,-0.31863523,-0.32276174,-0.3254698,-0.3261054
121,1.0458791,1.0143139,0.98228186,0.955005,0.92992866,0.9049053,0.8773144,0.8524629,0.82530195,0.80031097,0.7722681,0.749518,0.7236319,0.7011053,0.6796452,0.6586652,0.63994783,0.6190664,0.5979268,0.57470167,0.5537122,0.5352627,0.51628524,0.49639374,0.47808218,0.46197826,0.4441917,0.4295177,0.41490507,0.3973545,0.38219982,0.36611515,0.35337093,0.33949646,0.32413942,0.31056672,0.29661497,0.27909,0.26465446,0.25117418,0.2400181,0.22687845,0.21305843,0.20116976,0.18773825,0.17377977,0.16082321,0.15178773,0.14042555,0.13001171,0.11744066,0.10751249,0.09403145,0.08265587,0.07198195,0.061178885,0.05056234,0.0423719,0.030570794,0.022864036,0.014940148,-9.634532e-05,-0.011338562,-0.01940703,-0.026751388,-0.036466435,-0.04724937,-0.055990588,-0.065519,-0.07443483,-0.08142011,-0.09083037,-0.098830104,-0.102390364,-0.11188693,-0.11744106,-0.1227505,-0.13064763,-0.13767743,-0.14829978,-0.15653367,-0.16212495,-0.16494718,-0.17384091,-0.18009593,-0.18725085,-0.19562623,-0.19813046,-0.20460244,-0.20852606,-0.21250561,-0.21754877,-0.22267261,-0.22799256,-0.23331723,-0.23864031,-0.24350932,-0.24866942,-0.25413185,-0.26110277,-0.26542434,-0.26788586,-0.2724048,-0.2785281,-0.2849086,-0.2881086,-0.29245767,-0.2963409,-0.30067453,-0.3045927,-0.3083351,-0.31199047,-0.3169132,-0.3218622,-0.32583416,-0.32895926,-0.3363441,-0.34009212,-0.34390897,-0.34450418
122,1.235879,1.2133148,1.1911288,1.1671349,1.1459907,1.1276228,1.1082016,1.093222,1.0729787,1.060133,1.0428007,1.0256548,1.0111122,0.99636096,0.98415023,0.972352,0.96243066,0.9518854,0.94131315,0.92616826,0.9165448,0.90656614,0.8951787,0.8863495,0.8791045,0.8699824,0.86122,0.85307056,0.84798205,0.8368274,0.828797,0.8239294,0.818556,0.8139192,0.8098837,0.80522376,0.7993584,0.7927829,0.7878858,0.7822632,0.77890277,0.77145445,0.76526994,0.7609781,0.75590765,0.7522886,0.7473534,0.74374497,0.7408246,0.7380156,0.73167294,0.7290503,0.72512156,0.72585595,0.7205882,0.7187626,0.7197229,0.7187641,0.71442634,0.7125503,0.7130333,0.71163046,0.709361,0.70826745,0.70564663,0.70718426,0.7058517,0.704534,0.7039592,0.7030278,0.701641,0.70088977,0.700659,0.7020777,0.7025271,0.7050353,0.7059421,0.7066237,0.7076779,0.70600736,0.70428336,0.70418465,0.7043307,0.6999474,0.7034327,0.70353276,0.7049993,0.70620906,0.70663244,0.70673734,0.70829093,0.7091223,0.70954096,0.71339494,0.71729726,0.7204267,0.7215486,0.7211634,0.72293174,0.7253619,0.72727835,0.7258861,0.72961986,0.7310483,0.73236156,0.73600113,0.7396002,0.74278486,0.740731,0.7446381,0.7464317,0.7498175,0.74985075,0.7514493,0.74937505,0.75335765,0.7555672,0.75961584,0.7624282,0.76772183
123,0.66501576,0.64514124,0.61811435,0.598325,0.57894343,0.56188786,0.5426334,0.5249178,0.5049707,0.491105,0.47373933,0.4590456,0.44383407,0.42836124,0.41627353,0.40386838,0.39146096,0.3784216,0.3664761,0.35454956,0.34597787,0.33572787,0.32462415,0.3164828,0.30656037,0.2981476,0.28593466,0.2766916,0.269092,0.2586996,0.24930498,0.24289544,0.23685773,0.22959654,0.22424388,0.21760643,0.20827527,0.20107111,0.19527946,0.18852068,0.18211028,0.17547986,0.16796143,0.16293314,0.1587769,0.15109974,0.14517993,0.13751432,0.13079178,0.12739128,0.11948667,0.11376853,0.10868444,0.10436505,0.097240135,0.093952954,0.09299777,0.090026535,0.0872325,0.08292216,0.08206007,0.077357456,0.07217553,0.06955311,0.06528757,0.061827146,0.057968564,0.055941712,0.053256392,0.051055957,0.047992192,0.045770317,0.043168686,0.041560583,0.038456704,0.036115244,0.03356122,0.03137406,0.02994307,0.025720501,0.02012801,0.01861025,0.018047582,0.0121466825,0.012809428,0.01117019,0.0065613836,0.0036478564,-0.00029668584,-0.000566978,-0.0026631288,-0.0041413256,-0.0024087809,-0.003731838,-0.0025958344,-0.0037912608,-0.0030423165,-0.003300169,-0.005806451,-0.0070337355,-0.0058444533,-0.008790189,-0.0081522,-0.009271291,-0.011546558,-0.012441479,-0.010715039,-0.012273984,-0.01305831,-0.013966734,-0.01492953,-0.013702763,-0.011830514,-0.013543035,-0.016751971,-0.016708007,-0.020007338,-0.020356232,-0.02332984,-0.02317121
124,0.9170855,0.8970683,0.8753378,0.8570894,0.84011906,0.82354754,0.8038105,0.79141885,0.77510816,0.75911456,0.7447337,0.73061883,0.714988,0.70221853,0.6912742,0.6811122,0.67019403,0.66000533,0.65056145,0.64073694,0.63133836,0.6187433,0.60547745,0.59727144,0.5864069,0.57751834,0.56736845,0.55405825,0.54565275,0.53800434,0.5337504,0.5260683,0.52161133,0.5154129,0.5115069,0.5042835,0.49830666,0.49223417,0.4853758,0.4771472,0.47237307,0.46630222,0.4552134,0.4485678,0.44187945,0.43622962,0.43072432,0.42490992,0.41803756,0.41218692,0.4028952,0.39606097,0.39128482,0.3853683,0.37891445,0.37419644,0.37170762,0.36550656,0.36053038,0.35755,0.35077578,0.34667116,0.33840388,0.33434218,0.32981798,0.32672662,0.32363114,0.317308,0.31193,0.30571985,0.30256265,0.29720736,0.2940325,0.29140818,0.28533483,0.28192312,0.27622923,0.27158347,0.26672125,0.2587989,0.25750273,0.25386488,0.24892601,0.23769799,0.2339251,0.22978684,0.22322258,0.21866718,0.21271129,0.21108551,0.20631978,0.20252696,0.19977936,0.19599265,0.19135946,0.18771201,0.1846258,0.18069299,0.17583631,0.17184988,0.17189816,0.16799578,0.16663027,0.16386169,0.1592584,0.15573312,0.15450798,0.14847794,0.1441234,0.13973317,0.13569255,0.13328269,0.12881085,0.12400435,0.12160363,0.11666943,0.114007905,0.11041465,0.10414281,0.10331218
125,0.7215136,0.7091476,0.6970936,0.6881844,0.680536,0.67443454,0.66599953,0.65932477,0.6516667,0.64600235,0.6419096,0.636478,0.63260865,0.62704325,0.62238854,0.619305,0.61554915,0.61029595,0.6064521,0.60157853,0.59846604,0.5921907,0.5891541,0.5852696,0.5790726,0.5779151,0.5748745,0.5691074,0.56799734,0.56678075,0.56348765,0.56444246,0.5643681,0.5612209,0.56118834,0.55868626,0.55882174,0.55751526,0.55701613,0.5544137,0.5549859,0.55327314,0.5533649,0.5523574,0.5532197,0.5514665,0.5501646,0.54953516,0.5465361,0.54626477,0.5462583,0.5479038,0.5477873,0.549915,0.54960865,0.549339,0.5481377,0.5497037,0.5510454,0.55038846,0.5535183,0.55047256,0.5510998,0.54978687,0.5507681,0.5496715,0.55119383,0.55216175,0.55398995,0.55612004,0.5578122,0.55687785,0.5590571,0.5618223,0.5621732,0.56247646,0.56326365,0.56466377,0.56488556,0.5642136,0.5632826,0.5652958,0.56353426,0.56188494,0.5615447,0.5651402,0.565549,0.5681459,0.56913596,0.56820595,0.5708598,0.57370937,0.57199013,0.5754866,0.57506675,0.5775378,0.5819279,0.5852827,0.5907012,0.59142315,0.5933125,0.5964483,0.597865,0.60152584,0.60110724,0.6011261,0.60258853,0.60481733,0.60717165,0.609667,0.61241984,0.6128393,0.6154569,0.61654484,0.61754596,0.6188881,0.62250346,0.62629807,0.63018894,0.63364625
126,0.19263789,0.17438231,0.15942755,0.14209978,0.12749748,0.11175881,0.097340345,0.08569353,0.0705571,0.057362996,0.046418715,0.036960356,0.028234279,0.018418955,0.009763827,0.002064031,-0.00831713,-0.017456397,-0.026725927,-0.033114213,-0.042749867,-0.0508762,-0.05604456,-0.063236356,-0.06960491,-0.07688306,-0.08118833,-0.08903022,-0.08988003,-0.09625976,-0.102597535,-0.10578277,-0.111173294,-0.11452045,-0.11663494,-0.12296585,-0.124320924,-0.12760803,-0.13190709,-0.1348767,-0.13782641,-0.14077762,-0.14623156,-0.14972474,-0.1517761,-0.15406081,-0.1577792,-0.16011992,-0.1648083,-0.16857031,-0.16886169,-0.17242539,-0.17445946,-0.17719829,-0.18116513,-0.18367293,-0.18715534,-0.19239782,-0.1938168,-0.19644842,-0.19726092,-0.1968519,-0.20164177,-0.20573013,-0.20898783,-0.21245976,-0.21510437,-0.2161201,-0.21865538,-0.22062835,-0.22130477,-0.22559786,-0.22727044,-0.22771712,-0.23003407,-0.2294889,-0.23520431,-0.23894525,-0.24050264,-0.2400196,-0.24184506,-0.24151011,-0.24248557,-0.24028298,-0.24028635,-0.24078107,-0.2421645,-0.24371617,-0.24588123,-0.24555767,-0.24810684,-0.24934745,-0.24701492,-0.24835296,-0.2502864,-0.25117907,-0.25381446,-0.25450915,-0.2552628,-0.25675195,-0.256535,-0.2600023,-0.2621823,-0.26188308,-0.26216906,-0.2645965,-0.26643053,-0.26677352,-0.26758748,-0.27021912,-0.2694814,-0.26915747,-0.2691193,-0.2674334,-0.26927182,-0.2714374,-0.26979044,-0.26887673,-0.269471,-0.26579222
127,0.91347945,0.88763463,0.86449355,0.844281,0.8233985,0.8072769,0.78701806,0.76805013,0.7493789,0.73098654,0.71475834,0.69929993,0.6830888,0.66420573,0.6495599,0.640427,0.62889564,0.61848575,0.60865843,0.5971665,0.5862584,0.57669485,0.5667942,0.5585041,0.5503825,0.5443478,0.5354682,0.5257744,0.5184533,0.51096356,0.5056571,0.49933133,0.49352655,0.48812065,0.48365706,0.47766143,0.4688006,0.46356612,0.45605516,0.45028132,0.4485449,0.44337088,0.43811274,0.4338143,0.4288556,0.42353812,0.420489,0.41799408,0.41435066,0.4104138,0.4066615,0.4050048,0.40209913,0.40053302,0.39767447,0.3949474,0.39322656,0.38916522,0.38535553,0.38414258,0.38223737,0.3769927,0.3737529,0.37385625,0.3734792,0.37264478,0.37358722,0.37181854,0.3703481,0.37005612,0.36887053,0.3686767,0.36679,0.3666541,0.36500397,0.36566913,0.36344796,0.36260602,0.36247203,0.3572794,0.3564586,0.356618,0.35724112,0.35730624,0.3582753,0.35696685,0.3579518,0.3586341,0.3577068,0.3592642,0.3604295,0.36124927,0.35896495,0.35965848,0.36016726,0.36148578,0.36314982,0.36402446,0.36441937,0.36383924,0.36533326,0.3661336,0.36704808,0.37034088,0.3704805,0.37313968,0.3740982,0.37580055,0.37586182,0.37585673,0.3779972,0.37781048,0.37724245,0.3767748,0.37855965,0.38086885,0.38078776,0.38223964,0.38327807,0.38492253
128,0.67476374,0.6500333,0.6265175,0.605018,0.5866227,0.5661345,0.5437955,0.5283142,0.5085859,0.4899273,0.4726842,0.45614928,0.44002992,0.42477053,0.40860233,0.39991134,0.3839784,0.3707776,0.35858294,0.3468319,0.33478954,0.3256589,0.31527045,0.30417106,0.29492426,0.28586516,0.2758991,0.267407,0.26051965,0.25272784,0.24351451,0.2356842,0.22829814,0.22104912,0.21385947,0.2057935,0.19772589,0.19268845,0.18443957,0.17804842,0.17312929,0.1660871,0.15850121,0.15283583,0.14666323,0.14097296,0.13438505,0.13068059,0.124928474,0.12030802,0.112935305,0.11042533,0.104442455,0.102513,0.09566642,0.091015026,0.08843049,0.08328901,0.079617076,0.077203676,0.07245,0.06475615,0.06064138,0.056751054,0.051021677,0.04823952,0.044725165,0.039830804,0.034245722,0.03144783,0.02834307,0.026098019,0.02543584,0.023488104,0.02010136,0.019559797,0.017254615,0.013477437,0.012425138,0.012270006,0.010589101,0.0094751865,0.013240226,0.010959575,0.0110386405,0.008964923,0.006572069,0.0063037626,0.004373801,0.00051380694,-0.0010866072,-0.0016461465,-0.0011217467,-0.001613928,-0.0013415652,-0.0017880108,-0.0020436277,-0.0042419108,-0.005447751,-0.00792472,-0.0077579496,-0.007869158,-0.009240039,-0.01043903,-0.01269194,-0.012637985,-0.012531837,-0.013076933,-0.015283702,-0.0149924485,-0.0141360955,-0.015194965,-0.017776547,-0.018468775,-0.020029921,-0.021644378,-0.023986373,-0.025089806,-0.02579681,-0.023418358
129,0.83063936,0.80330974,0.7767582,0.7536503,0.7322138,0.7095597,0.6859962,0.6668641,0.6431646,0.6230601,0.6043046,0.5841607,0.5667227,0.54855597,0.5300949,0.513043,0.49908176,0.48308247,0.46681505,0.45044547,0.4332544,0.41948017,0.40828022,0.3946241,0.38302514,0.37342197,0.35741168,0.34415147,0.33281156,0.31947318,0.3063361,0.29506227,0.2859135,0.2751959,0.26209033,0.2527082,0.24186786,0.23077281,0.22040956,0.21188119,0.2034044,0.19572346,0.18596403,0.17568618,0.16426206,0.1564212,0.14797886,0.13922253,0.12988801,0.122038245,0.114832714,0.10808092,0.10094626,0.091344595,0.08289318,0.07607223,0.07026248,0.065200955,0.060237586,0.05466212,0.047578778,0.039976116,0.034106348,0.028226014,0.022272032,0.016428463,0.0100174695,0.0064030895,6.58459e-05,-0.007899879,-0.013913604,-0.018929556,-0.023140997,-0.027930502,-0.033583656,-0.03802154,-0.042145133,-0.0480963,-0.05164377,-0.05655124,-0.064322814,-0.07013647,-0.0741341,-0.073638365,-0.074760824,-0.07892587,-0.08432948,-0.08885038,-0.093067355,-0.09525434,-0.096963845,-0.09998904,-0.1032611,-0.10742696,-0.11329137,-0.11583338,-0.118692674,-0.12289777,-0.12536895,-0.1287644,-0.13198668,-0.1344029,-0.1362168,-0.13902894,-0.14136499,-0.14296612,-0.14577638,-0.14797488,-0.14924884,-0.15214393,-0.15316068,-0.15552212,-0.15988953,-0.16287826,-0.16426797,-0.16453242,-0.16718619,-0.16930394,-0.17410268,-0.17278421
130,1.3543205,1.3299341,1.3021591,1.2789141,1.2586445,1.238539,1.2165654,1.1953058,1.1752689,1.1548164,1.1386681,1.1163833,1.0978339,1.0787508,1.0590605,1.0429765,1.0266443,1.0161706,1.0007744,0.9828064,0.97114086,0.9576605,0.9411933,0.9284916,0.91618043,0.90509427,0.8932065,0.8796209,0.8696582,0.8540486,0.84369963,0.83262646,0.82331693,0.81450766,0.8066473,0.7985172,0.7882429,0.7769015,0.7683228,0.7602137,0.7535329,0.74542,0.7399733,0.7315125,0.7245535,0.7172567,0.71285415,0.70647305,0.6986557,0.6940526,0.6849852,0.6777824,0.67197174,0.66483635,0.6577894,0.6511567,0.646835,0.64236635,0.63653225,0.6308486,0.6259127,0.61764336,0.61066747,0.60775733,0.60533404,0.6017231,0.5969492,0.5923914,0.58862555,0.5848502,0.58055866,0.5770787,0.5732832,0.5674769,0.5646342,0.5626987,0.5577073,0.5538102,0.5517391,0.549189,0.54146075,0.5371268,0.5318104,0.5260813,0.52347314,0.5208045,0.5198425,0.51807153,0.5178785,0.5176631,0.51668286,0.51756907,0.51478565,0.51424444,0.5139012,0.5139254,0.51342356,0.5084301,0.5091357,0.50895214,0.51083195,0.50882435,0.50913,0.5088407,0.505618,0.50361747,0.50278515,0.5029849,0.5015584,0.50354207,0.50255024,0.50289905,0.49922687,0.4986713,0.49840808,0.4980104,0.4974317,0.4963773,0.495256,0.49673352
131,1.3055456,1.2890623,1.2762669,1.2640381,1.2494204,1.2332217,1.2170509,1.2022498,1.1828122,1.166544,1.149015,1.1326973,1.1118875,1.0927901,1.0795743,1.0660326,1.050279,1.0378969,1.022446,1.0071372,0.99441063,0.98096865,0.97036445,0.9588181,0.94555265,0.9319704,0.9199532,0.9152088,0.9058081,0.8932477,0.88201725,0.87120533,0.86006737,0.8497818,0.8404242,0.8328762,0.82068425,0.80960065,0.80093354,0.79286826,0.7851678,0.7760829,0.76644754,0.7587892,0.75075454,0.7414097,0.7332138,0.72544396,0.7186846,0.71210575,0.70656496,0.69706005,0.6887575,0.6824101,0.6781403,0.6739263,0.66628206,0.6600431,0.65304136,0.64452505,0.6373042,0.6327027,0.62449807,0.6175758,0.61485165,0.612826,0.6081127,0.6040914,0.5989472,0.59062564,0.5844352,0.57963896,0.57455033,0.57166255,0.56608474,0.56316715,0.5597326,0.5567627,0.55453855,0.54975075,0.5466363,0.54220545,0.5370277,0.53254825,0.5292269,0.52539146,0.52288234,0.5199418,0.515453,0.51386493,0.50832456,0.50444424,0.5016295,0.50173724,0.49914137,0.49816513,0.4977293,0.49582082,0.493692,0.4939623,0.48811617,0.48701343,0.4837944,0.48184356,0.47757345,0.4778587,0.4735089,0.4708597,0.4704156,0.46930552,0.46615863,0.46488285,0.46293584,0.45945296,0.45429048,0.454278,0.45118028,0.4501256,0.4479669,0.44680148
132,1.0434197,1.0216385,0.99746704,0.9756398,0.9589098,0.94650346,0.930182,0.91483706,0.9043824,0.8968166,0.8831738,0.87315893,0.862944,0.8540432,0.8481652,0.8429103,0.83695155,0.833725,0.83084375,0.82324755,0.8201132,0.8186816,0.8139647,0.8080142,0.80386466,0.8043709,0.80209714,0.7956548,0.794195,0.7909331,0.78660226,0.7827613,0.7830744,0.78275573,0.7816335,0.78177154,0.78041923,0.77859604,0.77617955,0.7769353,0.7779008,0.77669847,0.7761054,0.77532035,0.7742041,0.77450144,0.77386343,0.77361995,0.77117765,0.7706978,0.76747674,0.76833457,0.76967907,0.7731049,0.77207905,0.77297384,0.7742468,0.7733147,0.77543145,0.7748318,0.7759069,0.77189934,0.7724701,0.77335155,0.7750793,0.7746059,0.7761332,0.7760395,0.7763356,0.7765204,0.776132,0.7776282,0.7813609,0.78324854,0.78278226,0.78662664,0.7878977,0.79021245,0.79248065,0.79234046,0.79530144,0.79884857,0.79811823,0.7991707,0.80173886,0.8014951,0.8028639,0.80407333,0.8053155,0.80936176,0.8097151,0.8110048,0.80958575,0.8131566,0.8156338,0.81770563,0.8203947,0.8204895,0.823342,0.8280382,0.831653,0.83296454,0.8343526,0.8360823,0.8368198,0.837786,0.8434224,0.8465048,0.84807503,0.85100746,0.85151863,0.85413074,0.8543685,0.8549506,0.8566284,0.85857457,0.8598388,0.8631948,0.86535597,0.8681284
133,1.5475875,1.5318292,1.5152305,1.5020922,1.4905074,1.4770981,1.4682198,1.455322,1.4385662,1.4243586,1.4117548,1.3955743,1.3822671,1.3697557,1.3579557,1.3463105,1.3337679,1.3224332,1.3115278,1.296063,1.284086,1.2725432,1.2625524,1.2525399,1.242937,1.2306852,1.2190402,1.2081897,1.1997881,1.1888216,1.1788172,1.1678368,1.1615494,1.1556869,1.1481342,1.140847,1.1299808,1.1230671,1.1141675,1.1068451,1.1003544,1.0939434,1.084275,1.0779908,1.0702909,1.0620159,1.0551126,1.0475383,1.041197,1.0344641,1.0256741,1.0194986,1.0128578,1.0063479,1.0005313,0.996451,0.9903041,0.9792536,0.97086936,0.9660908,0.95647717,0.9488803,0.94122994,0.93535346,0.9299471,0.92509353,0.9182528,0.91169566,0.9053874,0.9004027,0.8958403,0.8894057,0.8849015,0.8804347,0.87459964,0.86844504,0.8618844,0.8550599,0.8520895,0.84468305,0.83822954,0.83521605,0.83091533,0.8218711,0.8185922,0.811553,0.8080738,0.80396235,0.7996434,0.7961801,0.79438555,0.7898409,0.78528154,0.7828647,0.7783793,0.7727453,0.76879466,0.76231873,0.75434494,0.75076073,0.74756074,0.7404517,0.73735934,0.73333716,0.72808397,0.72344685,0.7215176,0.7189556,0.7151187,0.7087213,0.7066173,0.70203644,0.69930017,0.69697875,0.69138986,0.6872653,0.68059504,0.6765692,0.66980326,0.6668392
134,1.0476086,1.0322872,1.0156728,1.0017608,0.98631,0.97189224,0.9618142,0.9509956,0.9401916,0.9268503,0.9189135,0.90950376,0.8979982,0.88691777,0.87511265,0.86794347,0.8621004,0.8559885,0.8490755,0.8408351,0.83323544,0.8278469,0.81718653,0.81020564,0.8025495,0.7955487,0.78895336,0.78361666,0.78121525,0.77675575,0.774171,0.7672892,0.7645756,0.7632677,0.7576945,0.75469244,0.748418,0.7460668,0.7410231,0.73839945,0.73657167,0.7340421,0.7314243,0.7289907,0.7248193,0.7228266,0.72007406,0.71950144,0.71154404,0.7094321,0.70540154,0.7019181,0.6981433,0.69550574,0.69314015,0.69349307,0.69153184,0.68947077,0.68884623,0.6876801,0.6834515,0.6791093,0.6769262,0.67487925,0.6732069,0.6729785,0.66873896,0.66731554,0.6668445,0.6652047,0.66324395,0.66354287,0.6625625,0.66449934,0.6629217,0.65955365,0.658748,0.6566839,0.6547028,0.65518844,0.6548227,0.65786964,0.65647924,0.65162593,0.6525927,0.6521573,0.65309155,0.6528121,0.6535543,0.654504,0.6558351,0.65829396,0.657766,0.659382,0.65857476,0.6599798,0.6604847,0.6599751,0.65973705,0.6587864,0.66075945,0.66137165,0.66351014,0.66434,0.6634357,0.6655219,0.6676362,0.66834986,0.669763,0.67077863,0.6703857,0.6709632,0.6723217,0.67334074,0.67510754,0.67739785,0.67681646,0.67911017,0.67777777,0.6798995
135,1.058733,1.0391281,1.0167238,0.9987758,0.98025024,0.95971715,0.9405612,0.920368,0.9010088,0.88167447,0.8586832,0.83945596,0.82109374,0.8046959,0.7829888,0.76742685,0.75204176,0.73680705,0.71663696,0.69737864,0.68025684,0.66673255,0.6494435,0.6362697,0.6209833,0.60753083,0.59462404,0.580491,0.5694785,0.55705565,0.5439222,0.53167546,0.52170795,0.5115449,0.49701357,0.4842381,0.4727686,0.46165618,0.44853774,0.43648592,0.42539287,0.41487914,0.40186948,0.3910037,0.38081536,0.3698772,0.35856283,0.34807622,0.33861932,0.33027804,0.3175673,0.3079694,0.29565316,0.2873354,0.27846867,0.26970944,0.25816345,0.24823229,0.23962641,0.23214968,0.22511323,0.21566622,0.20777147,0.19905181,0.19261922,0.18380822,0.17735885,0.17192352,0.16573747,0.15859602,0.14944634,0.14228597,0.13604145,0.13156237,0.122019425,0.11372508,0.10810276,0.10190873,0.09660016,0.0875239,0.07872239,0.071134,0.06596547,0.056514483,0.05141267,0.042788874,0.037334442,0.032886907,0.028557047,0.025496075,0.022402823,0.018145515,0.011835061,0.00735265,0.003908857,0.0003796108,-0.001879005,-0.0079690665,-0.012954993,-0.016070597,-0.020172257,-0.023990221,-0.028660476,-0.034137122,-0.039876774,-0.042523094,-0.04571028,-0.050890297,-0.053426813,-0.055688046,-0.061620098,-0.06403892,-0.0696447,-0.07448785,-0.07694335,-0.07967889,-0.08650218,-0.089949235,-0.09347199,-0.09494059
136,0.6837357,0.658272,0.632524,0.6101557,0.58924997,0.57159424,0.55628467,0.54057026,0.52589005,0.51008004,0.49687448,0.48089156,0.46505633,0.4531917,0.4407509,0.4310785,0.41914114,0.40977272,0.39990622,0.38984326,0.38302785,0.37530607,0.36858758,0.35984984,0.3525302,0.3452583,0.3357051,0.32550332,0.3198832,0.3129905,0.30600592,0.29866108,0.29319355,0.28729874,0.28047258,0.27430752,0.26694506,0.2604609,0.25439093,0.25168052,0.24704328,0.24211892,0.23823735,0.2323409,0.22846279,0.22400899,0.21949887,0.21852612,0.21481729,0.21153843,0.20693293,0.20352075,0.19921246,0.19899847,0.19542035,0.19287904,0.18813512,0.183495,0.18073013,0.17764871,0.17468828,0.17075762,0.16862163,0.16600159,0.16405155,0.1617116,0.15813799,0.15502937,0.1537614,0.15614782,0.15500906,0.15312433,0.15168624,0.15401492,0.15139267,0.15195179,0.14910272,0.14703062,0.14664385,0.14797373,0.1455403,0.14294967,0.14165123,0.14459628,0.1448252,0.14139806,0.14128421,0.13924946,0.13825235,0.13911861,0.13785121,0.13577348,0.13627388,0.13679633,0.13588366,0.13577493,0.13895085,0.13917695,0.1426191,0.14429449,0.14684053,0.14783871,0.14959724,0.14930752,0.14943248,0.14918512,0.14917803,0.15102068,0.15224929,0.15135245,0.15280361,0.15397109,0.15604523,0.15547326,0.15758274,0.1617252,0.16391489,0.16467771,0.1637092,0.16762567
137,1.0105832,0.9917792,0.97057706,0.9513551,0.9308157,0.9130532,0.89267176,0.87162465,0.85194474,0.8370491,0.8199649,0.8059083,0.7864896,0.7676672,0.75138724,0.7364809,0.72591734,0.7098351,0.69741744,0.6824941,0.6691133,0.65391755,0.6423842,0.63006145,0.6152433,0.6046948,0.592147,0.5806004,0.5688253,0.5576216,0.54510534,0.5343553,0.5225019,0.51303726,0.50293773,0.4924337,0.48031965,0.46986794,0.45819134,0.44831285,0.43921217,0.42903727,0.4183654,0.40817946,0.40144214,0.3911936,0.3823773,0.37168783,0.36122638,0.35365182,0.3435353,0.33250028,0.32441717,0.31720006,0.3099305,0.30259028,0.29390812,0.2849595,0.2762826,0.26836845,0.26186973,0.25149065,0.2428339,0.23620017,0.23027329,0.22131753,0.21387713,0.20600004,0.19992654,0.19328043,0.18789342,0.1801654,0.17298126,0.16784565,0.16031036,0.15587032,0.14925173,0.13956931,0.13337517,0.12443751,0.117421985,0.11343293,0.10789911,0.10470323,0.10177978,0.095216125,0.08957011,0.084195204,0.07686977,0.071417324,0.06514756,0.05860603,0.0525302,0.04785359,0.04408934,0.03557942,0.029551327,0.023580808,0.020718057,0.015470138,0.011793165,0.005431485,-0.00031769052,-0.008011119,-0.0141473515,-0.016310992,-0.021702582,-0.026529947,-0.03152347,-0.036536165,-0.04245447,-0.04642714,-0.049259707,-0.05636404,-0.06001368,-0.063879974,-0.0702782,-0.074830644,-0.07937629,-0.08498683
138,0.052631795,0.03931283,0.025232464,0.010691275,-0.0017261042,-0.013588851,-0.02684406,-0.0393087,-0.049556214,-0.060853284,-0.07168144,-0.08368556,-0.09419451,-0.101088785,-0.11034937,-0.118675746,-0.126274,-0.13511077,-0.14240852,-0.15117677,-0.15934263,-0.16993734,-0.17788853,-0.1880035,-0.19318172,-0.2003921,-0.20818202,-0.21537669,-0.2241193,-0.22964135,-0.23546171,-0.23852387,-0.24292143,-0.24936947,-0.2552707,-0.26030275,-0.26441815,-0.27255335,-0.27810317,-0.28411755,-0.28854388,-0.29114687,-0.29585642,-0.30146807,-0.30563647,-0.31070188,-0.31582722,-0.31893608,-0.32308453,-0.32795495,-0.3307168,-0.33430403,-0.33818212,-0.339501,-0.34299254,-0.3492431,-0.35523507,-0.35717183,-0.35915926,-0.36387873,-0.3686706,-0.37455636,-0.37927362,-0.38229856,-0.38500717,-0.38844544,-0.39277858,-0.39450902,-0.39920682,-0.40440172,-0.40762478,-0.4109477,-0.41476947,-0.41596952,-0.42114574,-0.41934037,-0.421593,-0.4261984,-0.4285462,-0.429248,-0.4291226,-0.42847985,-0.42962447,-0.43006772,-0.43110737,-0.43370467,-0.43594065,-0.4349032,-0.43815976,-0.4406734,-0.44448096,-0.44771776,-0.44780645,-0.4481701,-0.4516901,-0.45552808,-0.45765033,-0.46036434,-0.46061057,-0.46232137,-0.4598567,-0.45849642,-0.46114293,-0.46578923,-0.46893397,-0.47219333,-0.46980357,-0.47504982,-0.47764698,-0.47959727,-0.47874323,-0.48216113,-0.4847002,-0.48909473,-0.49112767,-0.4919834,-0.4949925,-0.49684492,-0.49909395,-0.50057405
139,-0.24135533,-0.24831454,-0.2578904,-0.2655569,-0.27033472,-0.27237317,-0.2811231,-0.28593534,-0.29250127,-0.29790348,-0.30276698,-0.31001043,-0.31859723,-0.324575,-0.32800615,-0.3322379,-0.33557564,-0.34249002,-0.3484694,-0.35268342,-0.35581443,-0.35991088,-0.3639925,-0.36832276,-0.3745461,-0.37963864,-0.3858222,-0.3929845,-0.39686626,-0.39832932,-0.40109745,-0.40474582,-0.40872592,-0.4119212,-0.40972105,-0.4135223,-0.41853434,-0.42202345,-0.42570716,-0.4295489,-0.43267804,-0.43730086,-0.4407956,-0.4442727,-0.44625816,-0.45011386,-0.45220894,-0.45809388,-0.46009612,-0.46289057,-0.4713389,-0.47429347,-0.4776369,-0.47922486,-0.48429003,-0.4890314,-0.4917864,-0.49343976,-0.49747068,-0.4990179,-0.50128233,-0.50485975,-0.5100049,-0.5111525,-0.513153,-0.51600754,-0.51812696,-0.52227813,-0.52612257,-0.5300311,-0.53330225,-0.53553045,-0.5403564,-0.54547197,-0.5500766,-0.5532054,-0.5541053,-0.5564793,-0.5592018,-0.559919,-0.56441826,-0.5668845,-0.569883,-0.5692399,-0.56852627,-0.5721518,-0.5749118,-0.5781719,-0.58259314,-0.5867422,-0.5900857,-0.59533614,-0.5971955,-0.6011822,-0.6057957,-0.60842866,-0.6120141,-0.6173309,-0.6170166,-0.62313414,-0.62666184,-0.6294062,-0.6313529,-0.6358027,-0.64264405,-0.646894,-0.6515535,-0.65576345,-0.6598265,-0.6629651,-0.6653762,-0.6700339,-0.6720842,-0.6749075,-0.68052405,-0.68277866,-0.6843995,-0.6887311,-0.6930284,-0.6955353
140,0.49331623,0.47285327,0.4489313,0.42709103,0.40897003,0.39268786,0.3728361,0.35469788,0.33940488,0.326411,0.31329152,0.29572314,0.28185743,0.2671819,0.24901517,0.2353729,0.22192577,0.20963311,0.19790487,0.1812539,0.17015584,0.15418206,0.14276884,0.13157459,0.1178845,0.10589067,0.094214275,0.081681,0.06856223,0.05905838,0.04962777,0.03960327,0.030051315,0.021991882,0.01214649,0.0023305512,-0.004451105,-0.015168317,-0.02445135,-0.03471303,-0.043759596,-0.054021955,-0.061394,-0.06887825,-0.07728764,-0.08734414,-0.096473604,-0.10481666,-0.11474931,-0.121717356,-0.13357306,-0.13935642,-0.14649656,-0.1556991,-0.16522616,-0.17460954,-0.18304406,-0.1936507,-0.20248535,-0.20938584,-0.2160747,-0.22562933,-0.23403057,-0.24008468,-0.24558623,-0.25393707,-0.2618298,-0.27057582,-0.27679646,-0.28653207,-0.29622498,-0.30486935,-0.31223714,-0.3197733,-0.32896152,-0.3371795,-0.3492009,-0.35811,-0.36534896,-0.37231812,-0.37950414,-0.38661683,-0.39879042,-0.40712994,-0.41507095,-0.42223638,-0.42934185,-0.43760243,-0.44385475,-0.4500985,-0.45743728,-0.4621397,-0.46707076,-0.4747641,-0.4804995,-0.48862052,-0.495615,-0.5010977,-0.5077974,-0.5169447,-0.52338076,-0.52872646,-0.5345,-0.5405024,-0.54894584,-0.557011,-0.5647208,-0.5728656,-0.5805928,-0.58832216,-0.5964802,-0.60304123,-0.6082734,-0.61403185,-0.6187576,-0.6257124,-0.6320772,-0.63935,-0.6463994,-0.6502634
141,0.5817556,0.5680991,0.5536188,0.53928846,0.5273365,0.51414365,0.50348365,0.4951175,0.48489326,0.47463113,0.46844047,0.4602031,0.45052892,0.44175234,0.43444508,0.42733112,0.42171407,0.4142364,0.407866,0.40071043,0.3966988,0.3899624,0.38669983,0.3813377,0.37559128,0.3713568,0.36490828,0.36096293,0.35465708,0.3506634,0.34971586,0.34656218,0.3430887,0.3377008,0.33832654,0.33259702,0.32783264,0.3228016,0.31956455,0.31697956,0.31755775,0.31499794,0.3119251,0.30727994,0.30538478,0.30486935,0.29991823,0.2970714,0.2922842,0.28947586,0.28453135,0.28276452,0.28041354,0.27836287,0.27603844,0.27363962,0.27230835,0.26795956,0.26538885,0.26341146,0.26128885,0.25754845,0.25692096,0.25587493,0.2535189,0.2509172,0.2505751,0.24920039,0.24449222,0.24383347,0.24284902,0.24164012,0.2395753,0.23643315,0.234425,0.2371041,0.23658104,0.23380454,0.23369618,0.23304002,0.23329803,0.23311226,0.23311186,0.23098414,0.23162954,0.23240182,0.2299362,0.22955878,0.22761185,0.22741349,0.22728682,0.22596374,0.22748438,0.2253977,0.22510138,0.22346732,0.22342765,0.22001669,0.2215058,0.21746735,0.21567933,0.21662068,0.21418957,0.2126683,0.21021275,0.20858566,0.20877722,0.20869932,0.20732749,0.20343682,0.20294614,0.20103922,0.19894809,0.1994593,0.20263271,0.20387849,0.20294306,0.20412311,0.19887011,0.19825259
142,1.2280843,1.2086537,1.1882129,1.1702412,1.15088,1.1370573,1.12165,1.1073136,1.0918894,1.0791026,1.0694015,1.0576053,1.0454948,1.0352684,1.0242913,1.0150408,1.0073385,0.9993949,0.9900613,0.9799895,0.9700287,0.96074474,0.9526901,0.94323146,0.9353813,0.92789733,0.92007697,0.91297054,0.90758026,0.90068215,0.89776486,0.89471227,0.8920102,0.88734484,0.88615406,0.88018167,0.875927,0.8740999,0.86877406,0.8655673,0.8635519,0.86164266,0.8584467,0.85410815,0.8503095,0.845651,0.8406664,0.8381559,0.8347581,0.8321417,0.82450485,0.8227354,0.81846225,0.816202,0.8132801,0.810581,0.8098652,0.80612355,0.8024877,0.7984896,0.7961322,0.78856164,0.78688145,0.7849637,0.78288627,0.7824329,0.7770557,0.7757634,0.7713965,0.7657562,0.765055,0.76301134,0.76205003,0.75997025,0.7573685,0.7560223,0.75314665,0.75083995,0.7489422,0.7408103,0.73636734,0.7328129,0.73110735,0.7223876,0.72039264,0.71710473,0.7148112,0.7146269,0.7121904,0.7111815,0.7093569,0.70910007,0.7061728,0.705136,0.70431674,0.70464706,0.7038226,0.70052403,0.6997495,0.6980848,0.6959306,0.69110215,0.6909505,0.68960154,0.6888785,0.6880231,0.6840613,0.6820823,0.67979383,0.6787421,0.67762345,0.67621386,0.6749197,0.67271847,0.6708577,0.66697705,0.6657906,0.6642996,0.6629859,0.6644407
143,0.6515661,0.6338878,0.6136276,0.5977408,0.58447015,0.5703063,0.55380833,0.5381557,0.52157176,0.5055505,0.4890073,0.47577676,0.4610644,0.44670144,0.43452424,0.4219451,0.40600762,0.39165443,0.37782425,0.36439604,0.35607505,0.33959812,0.3260184,0.31518966,0.3028276,0.29289144,0.28464317,0.2740104,0.26324657,0.25492164,0.24589224,0.2338398,0.22535273,0.21613772,0.20763478,0.19772358,0.18865249,0.17990868,0.17011368,0.1623662,0.15557231,0.14704329,0.1375458,0.12901151,0.12390558,0.11792147,0.1091982,0.10422226,0.095393345,0.087576345,0.07966469,0.07154049,0.06179861,0.05587505,0.04863087,0.042850953,0.038338277,0.030325303,0.030242175,0.026411613,0.02176091,0.017360108,0.010166483,0.00421022,0.0002556212,-0.004043454,-0.010602477,-0.016066372,-0.021079388,-0.024365757,-0.03044104,-0.036320597,-0.040184803,-0.043815702,-0.047594897,-0.048297066,-0.054210894,-0.059571736,-0.065466106,-0.07002599,-0.075947195,-0.074178874,-0.07850279,-0.08013837,-0.08057158,-0.086364195,-0.09209671,-0.09447813,-0.0969131,-0.100789145,-0.10296277,-0.10505632,-0.10645417,-0.11043459,-0.11232821,-0.11458786,-0.11576543,-0.11860348,-0.119276024,-0.12129177,-0.12205553,-0.12315192,-0.12711328,-0.12827316,-0.13062073,-0.13361743,-0.13466123,-0.13590527,-0.13854451,-0.13766235,-0.13726231,-0.13729087,-0.1371169,-0.13602352,-0.1388487,-0.14035447,-0.14288953,-0.14500248,-0.14660504,-0.14638032
144,1.3567787,1.3379233,1.3187151,1.3012955,1.2878032,1.2700639,1.2529732,1.2363999,1.2178406,1.2010872,1.1825161,1.1697788,1.1544383,1.1390946,1.1241148,1.1105099,1.0987242,1.085055,1.074395,1.0594971,1.0489796,1.0386738,1.0245689,1.0138507,0.9999579,0.9876934,0.9762966,0.96641177,0.95679724,0.943604,0.934371,0.92235583,0.9137317,0.9046569,0.8960851,0.8875381,0.8793925,0.8699722,0.8598336,0.85082996,0.8429574,0.8346526,0.8250023,0.8166482,0.80904305,0.8016445,0.7925083,0.7867686,0.77706647,0.77021176,0.7628615,0.7553467,0.7463762,0.73984236,0.7311044,0.7249732,0.7203108,0.71098673,0.70581615,0.69692904,0.69021165,0.68225586,0.6758075,0.668296,0.66314256,0.6595491,0.6510592,0.64545894,0.64003325,0.6327509,0.6251413,0.61801636,0.61271596,0.6057333,0.6007015,0.5912957,0.5835291,0.57665235,0.5726894,0.5662125,0.5607063,0.5584692,0.55262774,0.54846126,0.54335773,0.5378332,0.53231204,0.525921,0.52135855,0.5149613,0.5103799,0.50278556,0.49594483,0.49042052,0.4845913,0.47943527,0.47362214,0.46818066,0.4634971,0.4588678,0.45258552,0.44754353,0.44384328,0.43829864,0.4324028,0.4283031,0.4241435,0.42205414,0.4182538,0.41412932,0.4109784,0.40627542,0.401757,0.398519,0.39137706,0.384684,0.38109618,0.37497783,0.36919606,0.36647493
