ROI_Index,Month_0,Month_1,Month_2,Month_3,Month_4,Month_5,Month_6,Month_7,Month_8,Month_9,Month_10,Month_11,Month_12,Month_13,Month_14,Month_15,Month_16,Month_17,Month_18,Month_19,Month_20,Month_21,Month_22,Month_23,Month_24,Month_25,Month_26,Month_27,Month_28,Month_29,Month_30,Month_31,Month_32,Month_33,Month_34,Month_35,Month_36,Month_37,Month_38,Month_39,Month_40,Month_41,Month_42,Month_43,Month_44,Month_45,Month_46,Month_47,Month_48,Month_49,Month_50,Month_51,Month_52,Month_53,Month_54,Month_55,Month_56,Month_57,Month_58,Month_59,Month_60,Month_61,Month_62,Month_63,Month_64,Month_65,Month_66,Month_67,Month_68,Month_69,Month_70,Month_71,Month_72,Month_73,Month_74,Month_75,Month_76,Month_77,Month_78,Month_79,Month_80,Month_81,Month_82,Month_83,Month_84,Month_85,Month_86,Month_87,Month_88,Month_89,Month_90,Month_91,Month_92,Month_93,Month_94,Month_95,Month_96,Month_97,Month_98,Month_99,Month_100,Month_101,Month_102,Month_103,Month_104,Month_105,Month_106,Month_107,Month_108,Month_109,Month_110,Month_111,Month_112,Month_113,Month_114,Month_115,Month_116,Month_117,Month_118,Month_119
0,0.49581847,0.5055524,0.51808745,0.5302735,0.54282856,0.5560075,0.56907606,0.58232564,0.5955571,0.6062778,0.6176484,0.6307823,0.6446953,0.6577495,0.6706133,0.683911,0.6988565,0.7089273,0.72213155,0.7332266,0.74694335,0.7550903,0.76730025,0.77886605,0.7933961,0.80484235,0.8156263,0.8289229,0.840484,0.8507792,0.8626121,0.87473047,0.8889018,0.9021651,0.9151751,0.92441005,0.93365306,0.9443046,0.95653933,0.9676695,0.97954196,0.9879834,1.0001543,1.0103937,1.0198696,1.0279243,1.0372328,1.0519603,1.0629911,1.0747204,1.0800099,1.0902425,1.097941,1.1078274,1.118665,1.1311966,1.1415155,1.1480023,1.1565472,1.1680936,1.1797907,1.1914041,1.2006258,1.2092105,1.2179201,1.2262306,1.23614,1.2418066,1.2492692,1.2570664,1.2652998,1.2745955,1.2815921,1.2944876,1.3015192,1.310705,1.3195794,1.3302293,1.3415468,1.3487144,1.356137,1.3624884,1.3713722,1.3781377,1.3855615,1.3935376,1.3992469,1.4050666,1.4084725,1.4178586,1.4255219,1.4290372,1.4363297,1.4428875,1.448866,1.4574848,1.4640932,1.470556,1.475456,1.4850789,1.4937361,1.5003211,1.5055851,1.5104673,1.5138285,1.5198879,1.5244105,1.5336931,1.5362614,1.5368416,1.5441743,1.5516214,1.5564893,1.5625288,1.5683835,1.5708896,1.5748895,1.5789936,1.5805489,1.583785
1,-0.46019787,-0.4493708,-0.44251972,-0.43742856,-0.4309153,-0.42247462,-0.4168338,-0.41055068,-0.40483627,-0.39930043,-0.39542517,-0.38991418,-0.3824416,-0.37615868,-0.3689173,-0.36322537,-0.35896963,-0.35225162,-0.34828445,-0.3402267,-0.33444837,-0.32908234,-0.32409257,-0.31720567,-0.31455463,-0.30853766,-0.30318403,-0.29606226,-0.28963193,-0.283893,-0.27925095,-0.27123088,-0.26521662,-0.26075894,-0.2556154,-0.24854651,-0.24177226,-0.23835532,-0.23494907,-0.22834936,-0.2243441,-0.21948078,-0.21186462,-0.20764598,-0.20386799,-0.1990742,-0.19475892,-0.18809798,-0.18290605,-0.17613031,-0.17140375,-0.16763,-0.16013929,-0.15410575,-0.14948605,-0.14550346,-0.1397535,-0.1332402,-0.12902994,-0.123936675,-0.1181139,-0.11262025,-0.107271805,-0.102783605,-0.09646852,-0.0916782,-0.08461307,-0.07636328,-0.06999731,-0.06476154,-0.05812592,-0.05158379,-0.04712472,-0.042265646,-0.03567245,-0.029448736,-0.024020744,-0.017138153,-0.013441476,-0.011029114,-0.00608782,-0.0020619587,0.0033202309,0.008885433,0.0140541075,0.017933263,0.025174743,0.02688221,0.032443438,0.038055606,0.042894296,0.04653757,0.054198343,0.05802784,0.06194467,0.067803696,0.07134162,0.072820134,0.07954403,0.084170006,0.08839731,0.09224697,0.09646741,0.10318009,0.10696925,0.10940957,0.11719112,0.12188582,0.12523279,0.12887895,0.13411395,0.13958618,0.14389154,0.14598653,0.15006047,0.15313564,0.15530348,0.1601381,0.16459808,0.16898154
2,-0.6341668,-0.64188343,-0.64837873,-0.660581,-0.6733972,-0.6866081,-0.6985161,-0.71246815,-0.72726387,-0.7396515,-0.75172377,-0.76506054,-0.7727498,-0.7874877,-0.79887426,-0.81173784,-0.8237792,-0.83184206,-0.84362,-0.853868,-0.8676154,-0.8757342,-0.8851675,-0.8942914,-0.90232503,-0.914354,-0.9224784,-0.9341062,-0.942095,-0.95406073,-0.9656559,-0.9761386,-0.9857252,-0.9982166,-1.0086908,-1.0200988,-1.0285026,-1.0357989,-1.0461452,-1.0524082,-1.0629945,-1.0715401,-1.0820694,-1.0920008,-1.0992992,-1.10451,-1.1125271,-1.1169515,-1.1259598,-1.1320597,-1.1397483,-1.143646,-1.1530573,-1.1563859,-1.1652081,-1.176017,-1.182864,-1.1857467,-1.1927106,-1.2025049,-1.2115206,-1.2187425,-1.2265228,-1.2295029,-1.2351729,-1.2358296,-1.2436067,-1.2495087,-1.2558491,-1.2625124,-1.2695233,-1.2764033,-1.2832496,-1.2910202,-1.2959015,-1.3037671,-1.3109465,-1.3163391,-1.3272847,-1.3357899,-1.3429422,-1.3450185,-1.3484656,-1.3545142,-1.3597322,-1.3635697,-1.3683894,-1.3715343,-1.3769615,-1.3811045,-1.3865637,-1.3926895,-1.4015191,-1.4094837,-1.414345,-1.4207733,-1.426801,-1.4327492,-1.4328959,-1.4392062,-1.4455184,-1.4526365,-1.4598657,-1.4635183,-1.4689293,-1.4745624,-1.4788034,-1.4860775,-1.4893572,-1.4910994,-1.4976904,-1.5065854,-1.5095875,-1.5149584,-1.5180448,-1.521719,-1.5240983,-1.5282812,-1.5341845,-1.5387293
3,-0.6806459,-0.68913347,-0.69620156,-0.7124379,-0.7270738,-0.73972654,-0.75122356,-0.7674569,-0.78109354,-0.7944727,-0.80809796,-0.82093316,-0.83259946,-0.8478588,-0.86156446,-0.8761752,-0.89231646,-0.9019934,-0.91575223,-0.9284352,-0.94418716,-0.9547919,-0.96721613,-0.97980344,-0.9937331,-1.0078729,-1.020443,-1.0324667,-1.046445,-1.0584681,-1.0700104,-1.0815309,-1.0945547,-1.1063813,-1.1181351,-1.129658,-1.141284,-1.1521742,-1.1670347,-1.1775067,-1.1899375,-1.201515,-1.209553,-1.220257,-1.2309986,-1.2381213,-1.2502663,-1.2608473,-1.2708596,-1.2790523,-1.2857156,-1.296138,-1.304399,-1.3128302,-1.3240964,-1.3374493,-1.3486713,-1.3548605,-1.360632,-1.3743804,-1.3856026,-1.3980279,-1.4078112,-1.4147825,-1.4233057,-1.4289821,-1.437575,-1.4444884,-1.4506156,-1.4604337,-1.4673086,-1.4731433,-1.4819882,-1.4926593,-1.5001698,-1.5089169,-1.5162675,-1.5243133,-1.5360228,-1.5415,-1.5506783,-1.5581146,-1.5648024,-1.5747944,-1.5795658,-1.5876968,-1.5947188,-1.6014297,-1.6077139,-1.6152458,-1.6200806,-1.6272873,-1.6349064,-1.6445065,-1.6507864,-1.6602585,-1.6691475,-1.673501,-1.6774743,-1.6835476,-1.6929808,-1.701986,-1.7089617,-1.7124479,-1.716745,-1.7242062,-1.7283146,-1.73721,-1.742234,-1.7489895,-1.7569983,-1.7678932,-1.774448,-1.783087,-1.7874794,-1.7930241,-1.7975433,-1.8010433,-1.8025491,-1.808279
4,0.042699505,0.036533125,0.027748674,0.015800167,0.0046898825,-0.0041071586,-0.0122003835,-0.022693176,-0.032828115,-0.045704138,-0.05447843,-0.06592226,-0.07717077,-0.08906709,-0.09749154,-0.10811137,-0.11879802,-0.1285853,-0.13862519,-0.14755353,-0.1596417,-0.17191945,-0.18220232,-0.190734,-0.20124817,-0.21106127,-0.21975288,-0.22829099,-0.23457626,-0.24436677,-0.253502,-0.26443663,-0.27182913,-0.28148264,-0.2881349,-0.2960982,-0.30603838,-0.31453905,-0.3254004,-0.3353224,-0.3450578,-0.35460547,-0.36450046,-0.37095955,-0.37835592,-0.3850364,-0.39052325,-0.398191,-0.405725,-0.4126285,-0.42227283,-0.42842707,-0.43509522,-0.44226116,-0.45074272,-0.46043414,-0.46530294,-0.4691352,-0.47534996,-0.48498577,-0.49486285,-0.5001419,-0.50547653,-0.51051646,-0.5160438,-0.52423733,-0.53193736,-0.53787017,-0.543319,-0.5512168,-0.5570649,-0.5639806,-0.57199204,-0.5791425,-0.5827471,-0.5891718,-0.59417737,-0.59953564,-0.60640395,-0.61101365,-0.6169555,-0.62154675,-0.6244453,-0.6275751,-0.62682897,-0.6316339,-0.63571596,-0.6384472,-0.63958156,-0.6457829,-0.65105724,-0.65716517,-0.6653556,-0.6706646,-0.6730305,-0.68011343,-0.68482316,-0.6903557,-0.6930405,-0.6927907,-0.6975709,-0.70331156,-0.7108015,-0.7149214,-0.7175902,-0.7219252,-0.7216016,-0.72685164,-0.7300948,-0.7359525,-0.74210775,-0.7461425,-0.7539333,-0.7581111,-0.76206636,-0.7653264,-0.7674592,-0.76820517,-0.77098733,-0.777989
5,-0.44479018,-0.45740002,-0.46725053,-0.4797829,-0.4925785,-0.5092542,-0.52465695,-0.54002666,-0.555268,-0.571058,-0.588915,-0.6083523,-0.62456334,-0.6422654,-0.6579341,-0.6776289,-0.6935688,-0.71106225,-0.72823834,-0.74556404,-0.7666468,-0.781381,-0.79890096,-0.8173629,-0.8343743,-0.8529986,-0.86924344,-0.88675994,-0.9025198,-0.9191705,-0.93627036,-0.95312405,-0.97102004,-0.98840654,-1.0024077,-1.0240362,-1.0449917,-1.0621744,-1.0818411,-1.0997841,-1.1184204,-1.1353376,-1.1520045,-1.1695061,-1.184819,-1.198415,-1.2173821,-1.2320155,-1.2490793,-1.2662579,-1.278866,-1.2929466,-1.3087413,-1.3257947,-1.341736,-1.3606423,-1.3754724,-1.390609,-1.403909,-1.4211608,-1.4383203,-1.4541068,-1.4713469,-1.4866283,-1.500854,-1.5111349,-1.5269029,-1.5424366,-1.5567172,-1.5743299,-1.5880064,-1.6017535,-1.617287,-1.6340942,-1.6509911,-1.6661698,-1.681832,-1.6973997,-1.7161461,-1.731032,-1.7457447,-1.7539852,-1.7634796,-1.7770172,-1.7884617,-1.8022721,-1.8141301,-1.8276968,-1.8401794,-1.8562939,-1.8694565,-1.8799187,-1.8956982,-1.9100567,-1.9231809,-1.9380128,-1.9505574,-1.9649351,-1.9729916,-1.9870592,-2.0007951,-2.0134194,-2.030201,-2.0400794,-2.0528173,-2.069241,-2.0823686,-2.0963495,-2.1074061,-2.118163,-2.1310284,-2.14344,-2.158153,-2.1709297,-2.178618,-2.188218,-2.201928,-2.2119365,-2.2196226,-2.2315512
6,0.07538328,0.07004189,0.06254959,0.05727637,0.052027684,0.047005285,0.04030844,0.034570385,0.030151635,0.02395371,0.019182285,0.013344261,0.0089683505,0.0023370346,-0.0042153317,-0.00862752,-0.010988837,-0.015167719,-0.01944988,-0.02266099,-0.030370548,-0.034731496,-0.039886326,-0.044406507,-0.048791792,-0.055404197,-0.060608327,-0.066149905,-0.073388286,-0.07664826,-0.08228514,-0.087114885,-0.09296715,-0.098653,-0.10273705,-0.111837886,-0.1165267,-0.12269823,-0.13051777,-0.13675557,-0.14274552,-0.14737403,-0.15343988,-0.15829155,-0.163291,-0.16664359,-0.17087725,-0.17738225,-0.18212187,-0.18960722,-0.19237559,-0.19605312,-0.19928809,-0.20452099,-0.20833895,-0.21297368,-0.21687722,-0.22101769,-0.22476903,-0.23170999,-0.23520033,-0.23996611,-0.2411581,-0.24854438,-0.25218418,-0.25722674,-0.26092458,-0.26287133,-0.2654391,-0.26870507,-0.2709325,-0.27322552,-0.27678114,-0.28146067,-0.28344035,-0.28613654,-0.28830612,-0.28978494,-0.2947945,-0.2982071,-0.30223462,-0.3031769,-0.30498213,-0.3095946,-0.31354424,-0.3165207,-0.320073,-0.3229137,-0.324532,-0.32701784,-0.32890037,-0.32954797,-0.33176708,-0.33293444,-0.33384094,-0.3380844,-0.33937675,-0.34098756,-0.33972263,-0.3407215,-0.34423655,-0.34522977,-0.3494394,-0.3500591,-0.34818795,-0.35031965,-0.35096043,-0.35325435,-0.3561066,-0.35763302,-0.36146674,-0.36385638,-0.36834005,-0.37134728,-0.37154907,-0.36998445,-0.3717288,-0.37186283,-0.37277132,-0.3722105
7,-0.74488676,-0.7518157,-0.7580434,-0.7660647,-0.77175444,-0.7768396,-0.7782626,-0.7831953,-0.7874793,-0.7909036,-0.7943171,-0.79958105,-0.80153096,-0.8031071,-0.8011011,-0.8013135,-0.80152684,-0.8019177,-0.80277026,-0.8064211,-0.80849993,-0.8066114,-0.80737734,-0.80780125,-0.80698097,-0.8085289,-0.807991,-0.8085521,-0.8094212,-0.81169283,-0.81385434,-0.81607085,-0.81300724,-0.8146898,-0.81299114,-0.8132841,-0.81031036,-0.8093041,-0.80834055,-0.8060527,-0.80532205,-0.80285347,-0.8037615,-0.80199367,-0.79829043,-0.7937616,-0.7920991,-0.78954345,-0.7858933,-0.78234434,-0.77964693,-0.77425444,-0.7712595,-0.7667369,-0.7646924,-0.7641949,-0.7620283,-0.7586746,-0.7519975,-0.7510549,-0.7479173,-0.7440131,-0.74181926,-0.7397521,-0.7334331,-0.7258612,-0.7265144,-0.72334015,-0.7180377,-0.7146316,-0.71028286,-0.70475835,-0.7020303,-0.7021204,-0.6999798,-0.6953171,-0.6952613,-0.69242275,-0.6901339,-0.6882466,-0.68464535,-0.6818679,-0.67521507,-0.6719753,-0.66528904,-0.66273105,-0.66010004,-0.65610206,-0.6555194,-0.65090436,-0.6473628,-0.6416975,-0.6372664,-0.63353026,-0.62920845,-0.62416893,-0.62223357,-0.6163571,-0.611623,-0.60800135,-0.6076341,-0.6034289,-0.5992438,-0.59390515,-0.58917415,-0.5833748,-0.5766126,-0.5734415,-0.5723441,-0.566748,-0.56353074,-0.5616657,-0.5576679,-0.55568045,-0.54844266,-0.54358387,-0.5402538,-0.53706807,-0.53330123,-0.5269156
8,0.42253613,0.42603523,0.4309451,0.43163642,0.4314006,0.43218985,0.4329149,0.4326415,0.43686718,0.4384206,0.44158536,0.44497615,0.44945008,0.45097488,0.45830756,0.46275568,0.4662498,0.4719166,0.47696963,0.48052555,0.48489228,0.49022898,0.49616042,0.4995914,0.5085215,0.51328146,0.5178191,0.52410865,0.5255828,0.53175294,0.5353734,0.5409704,0.5500933,0.55623144,0.5611857,0.5660571,0.5717851,0.57755613,0.5825321,0.5892954,0.5965884,0.60254335,0.6099655,0.61744297,0.62411994,0.6276834,0.63647586,0.6411473,0.64796484,0.6531513,0.6622853,0.6669098,0.67412883,0.68175817,0.68675804,0.693911,0.6995976,0.7038692,0.7097706,0.717527,0.72417355,0.7316271,0.7396232,0.7456275,0.7558652,0.7655397,0.77497524,0.78194386,0.79090005,0.79806554,0.80449504,0.81007147,0.8155756,0.820824,0.82977027,0.8359869,0.8422662,0.84991074,0.8575595,0.86346436,0.8716647,0.8728053,0.88026,0.88685644,0.8920525,0.90019643,0.90918624,0.9146902,0.92226636,0.93093234,0.9383728,0.94445765,0.9514204,0.9596118,0.9629796,0.969371,0.9757369,0.98490703,0.988799,0.99562633,1.0011436,1.0090067,1.0154803,1.0200822,1.0267602,1.0356871,1.0393517,1.0463022,1.0540875,1.0573801,1.0635607,1.0663291,1.068639,1.0717158,1.0771414,1.0791533,1.083128,1.0882816,1.0915836,1.0976577
9,0.09283303,0.08770548,0.07878235,0.07047277,0.061649032,0.053257983,0.048305985,0.04209825,0.033760767,0.0295229,0.024100874,0.019457746,0.015301744,0.007329871,0.0037676445,0.00055394135,-0.0041849837,-0.010005755,-0.016535282,-0.020004207,-0.029224355,-0.030853232,-0.035219505,-0.040666647,-0.04609377,-0.05207913,-0.058199465,-0.06458025,-0.06888775,-0.07533624,-0.079890944,-0.08495294,-0.09012698,-0.09500037,-0.09897521,-0.10162778,-0.10666766,-0.111977145,-0.11788901,-0.12158041,-0.12495033,-0.13137951,-0.13942549,-0.1455534,-0.14802587,-0.15044115,-0.1544142,-0.15721285,-0.15971947,-0.16577186,-0.16487047,-0.16875592,-0.17299874,-0.17557862,-0.17988983,-0.1844959,-0.18689539,-0.19010645,-0.19209835,-0.19690736,-0.20007622,-0.2046336,-0.20801611,-0.21202862,-0.21450362,-0.2170088,-0.22003655,-0.22152698,-0.22289464,-0.22696881,-0.22977725,-0.23162207,-0.2364516,-0.23939642,-0.24233572,-0.2454511,-0.25071207,-0.2553156,-0.2606235,-0.2645618,-0.2665455,-0.2709207,-0.2734145,-0.2740951,-0.2758462,-0.27690274,-0.27818346,-0.27731055,-0.28009966,-0.2851246,-0.28531045,-0.2916086,-0.2926109,-0.29184595,-0.28853592,-0.29280356,-0.29479367,-0.29545003,-0.2944379,-0.29421404,-0.29512057,-0.29739282,-0.3004449,-0.3020502,-0.30620545,-0.30886444,-0.30765435,-0.31055298,-0.31393763,-0.3165237,-0.3194122,-0.31984866,-0.31920844,-0.32143715,-0.31939822,-0.3183981,-0.3218723,-0.32274836,-0.32308173,-0.3258642
10,0.26690787,0.26191905,0.2590078,0.25092945,0.24581143,0.24223164,0.23825689,0.23055458,0.2253493,0.22185023,0.21602103,0.21039803,0.20090947,0.19518453,0.18570313,0.17893906,0.17584181,0.16853802,0.16344956,0.15743068,0.15161428,0.14732395,0.13939694,0.13247225,0.12577124,0.11795219,0.110779345,0.10539894,0.09864455,0.09181364,0.08592309,0.08012669,0.0743178,0.06618403,0.061445992,0.05381295,0.048752982,0.039945498,0.033396393,0.027587917,0.019975612,0.014046344,0.008134733,0.0023861642,-0.0026713982,-0.00667198,-0.012268687,-0.021650165,-0.027419154,-0.034410547,-0.034368254,-0.044026982,-0.048672475,-0.05464822,-0.062491454,-0.0672559,-0.07502667,-0.08313566,-0.09047334,-0.09671248,-0.10487044,-0.11092844,-0.11784301,-0.12510893,-0.13131252,-0.13888326,-0.1446079,-0.15059021,-0.15671366,-0.1662464,-0.1705006,-0.17580545,-0.18307285,-0.19085923,-0.19631442,-0.20307395,-0.20959151,-0.21617202,-0.22342439,-0.2288616,-0.23370436,-0.23945856,-0.24428043,-0.2533459,-0.25682735,-0.26448387,-0.2703004,-0.28048265,-0.28771594,-0.2971642,-0.30477625,-0.311325,-0.31426328,-0.31848148,-0.3206995,-0.32870212,-0.3353482,-0.34036326,-0.35008022,-0.3529542,-0.35899335,-0.36534333,-0.37353626,-0.38175535,-0.38517326,-0.3933697,-0.39753103,-0.40434733,-0.40825716,-0.4089353,-0.41543168,-0.42124614,-0.42870402,-0.43386492,-0.4414062,-0.4448939,-0.44935137,-0.45285377,-0.45648733,-0.45955127
11,-0.6827899,-0.6782715,-0.675012,-0.6678893,-0.663798,-0.66046655,-0.6544768,-0.6502247,-0.64778703,-0.6435946,-0.64147645,-0.6399518,-0.63574433,-0.63456756,-0.6340547,-0.63036644,-0.62479246,-0.62030476,-0.6208353,-0.61796486,-0.61889124,-0.6144192,-0.612472,-0.6093641,-0.6080872,-0.6106401,-0.61040676,-0.6093718,-0.60917306,-0.61063606,-0.6103462,-0.60963905,-0.6071332,-0.6092626,-0.61028975,-0.6099648,-0.6091515,-0.6096892,-0.61125934,-0.60942507,-0.6098442,-0.6092558,-0.611091,-0.61038536,-0.6095041,-0.6077638,-0.6080686,-0.60811114,-0.6073331,-0.6058915,-0.6039639,-0.60326004,-0.60323966,-0.5998527,-0.5988001,-0.59948385,-0.5986053,-0.5974773,-0.5952977,-0.60083836,-0.60194904,-0.602301,-0.601324,-0.60200703,-0.59995687,-0.5988302,-0.5997538,-0.59726244,-0.5964628,-0.597373,-0.5967357,-0.5927059,-0.595678,-0.5971457,-0.59633934,-0.5966383,-0.597216,-0.6004724,-0.6026179,-0.6033183,-0.6023894,-0.59928954,-0.59582424,-0.59372556,-0.5883843,-0.5895015,-0.58662057,-0.5870346,-0.5882448,-0.5899822,-0.58726615,-0.5862901,-0.5838601,-0.5836129,-0.5791124,-0.58043593,-0.57867634,-0.5809107,-0.5772919,-0.5736184,-0.5721847,-0.5700669,-0.57218695,-0.56957227,-0.5657711,-0.56635743,-0.5626387,-0.56371784,-0.5597005,-0.55977935,-0.5583762,-0.5570407,-0.5539453,-0.55383915,-0.55190694,-0.5497265,-0.54749787,-0.5470537,-0.5418213,-0.5429614
12,-0.481393,-0.47356868,-0.46672,-0.46159095,-0.45796785,-0.45268482,-0.44513184,-0.44191942,-0.43741664,-0.43148318,-0.42919645,-0.42419696,-0.42102504,-0.41733155,-0.4155814,-0.41139746,-0.40770006,-0.40510526,-0.40183586,-0.3985356,-0.39913064,-0.39310357,-0.39283335,-0.38837177,-0.38521498,-0.38797292,-0.38982037,-0.39323044,-0.39257854,-0.39145935,-0.38927075,-0.3878372,-0.38633165,-0.38774085,-0.3861645,-0.3848524,-0.38293952,-0.38692063,-0.3889441,-0.38968065,-0.38968685,-0.39039278,-0.38768047,-0.38811344,-0.38801426,-0.38690245,-0.3862828,-0.38720062,-0.38737148,-0.38562465,-0.38490337,-0.38359523,-0.38173825,-0.38077474,-0.38138956,-0.3827044,-0.3845448,-0.38360578,-0.38096243,-0.38394332,-0.38739437,-0.38751355,-0.38402107,-0.38322896,-0.38396645,-0.3824954,-0.3822603,-0.38483736,-0.3842576,-0.38566735,-0.38577813,-0.38144863,-0.38206333,-0.3816785,-0.3804105,-0.38042638,-0.380171,-0.3811667,-0.38333815,-0.385713,-0.38683105,-0.38498884,-0.3820547,-0.38436872,-0.38414896,-0.38633162,-0.38819894,-0.39044058,-0.39553234,-0.39567083,-0.39684206,-0.39388844,-0.39262667,-0.39293182,-0.39154744,-0.39116922,-0.39125636,-0.39688638,-0.3934781,-0.38764596,-0.38797754,-0.3864088,-0.38751704,-0.38698256,-0.3832494,-0.3862632,-0.38292858,-0.3853262,-0.38618302,-0.3883075,-0.38684335,-0.38442808,-0.3880077,-0.3878902,-0.38840985,-0.38909966,-0.38814878,-0.3867819,-0.38409707,-0.37912723
13,0.082435854,0.077034935,0.07247838,0.06281541,0.053091288,0.043138437,0.0308172,0.018973986,0.0084205605,-0.004612902,-0.017167363,-0.03059966,-0.042514365,-0.056074042,-0.0705615,-0.08390854,-0.097127356,-0.11187842,-0.1245466,-0.14067496,-0.15641585,-0.16850685,-0.18006055,-0.19499524,-0.20871225,-0.22495846,-0.23923616,-0.25354218,-0.26497954,-0.27808803,-0.29321793,-0.30780977,-0.3214082,-0.33563948,-0.3504751,-0.36492985,-0.3789023,-0.3962531,-0.41116148,-0.42541185,-0.44146833,-0.45598513,-0.47039253,-0.4830753,-0.4957393,-0.50795627,-0.52189827,-0.53593886,-0.54816854,-0.56134546,-0.5687023,-0.5829074,-0.59769785,-0.6089506,-0.6245392,-0.638791,-0.65441453,-0.6667887,-0.6769203,-0.689649,-0.70327836,-0.7186612,-0.7310744,-0.74438035,-0.7550744,-0.76968414,-0.78287184,-0.7973277,-0.8084011,-0.82189035,-0.83229905,-0.841656,-0.85347176,-0.8657576,-0.8796363,-0.89165574,-0.90522635,-0.9145058,-0.9284228,-0.9389106,-0.9522606,-0.9622854,-0.9753765,-0.9884325,-1.0014188,-1.0136706,-1.0260627,-1.037422,-1.0515833,-1.0646274,-1.0771983,-1.085979,-1.0972542,-1.1107223,-1.1227143,-1.1366106,-1.148215,-1.1642632,-1.1737782,-1.1831073,-1.1914074,-1.2028054,-1.2176287,-1.2262981,-1.2353127,-1.2462178,-1.256201,-1.2688444,-1.280377,-1.2894833,-1.3040068,-1.3173379,-1.330104,-1.3427353,-1.3513848,-1.3603334,-1.3676543,-1.3771908,-1.3809639,-1.3960785
14,-0.48096848,-0.49007392,-0.49910194,-0.50868237,-0.52131325,-0.5340058,-0.5438932,-0.557149,-0.57287145,-0.5870265,-0.6033195,-0.619498,-0.63342893,-0.6492515,-0.6635287,-0.67927784,-0.6934191,-0.70918274,-0.72091967,-0.7386694,-0.7554313,-0.7720045,-0.78772724,-0.8054016,-0.8208216,-0.8373311,-0.85425866,-0.86882895,-0.884085,-0.8982927,-0.9141892,-0.93136597,-0.94583714,-0.9605557,-0.97494155,-0.9890189,-1.0048842,-1.020241,-1.0357391,-1.0535886,-1.0686581,-1.0835099,-1.0993115,-1.1153123,-1.1292279,-1.1430368,-1.1547819,-1.1696036,-1.1849735,-1.19836,-1.2079248,-1.2181637,-1.2312868,-1.2460382,-1.2600935,-1.2748185,-1.2846295,-1.2966987,-1.310496,-1.3236518,-1.3371377,-1.3514669,-1.364527,-1.3754921,-1.3886092,-1.3966147,-1.4117562,-1.4252524,-1.4380959,-1.453219,-1.4668489,-1.4764168,-1.4909286,-1.5046685,-1.518082,-1.530083,-1.5428965,-1.5537134,-1.5693169,-1.5801079,-1.5921733,-1.6002203,-1.6111758,-1.6220062,-1.634057,-1.6460831,-1.6577543,-1.6702049,-1.6796513,-1.6929649,-1.7021574,-1.7115778,-1.7243494,-1.7373621,-1.7500376,-1.760083,-1.7697656,-1.7788973,-1.7887802,-1.7972867,-1.8071283,-1.8191096,-1.8333356,-1.8400673,-1.8460401,-1.8566368,-1.8656919,-1.8768145,-1.884629,-1.8913705,-1.9016644,-1.9145832,-1.9243683,-1.933609,-1.9447714,-1.9526367,-1.9620193,-1.9729569,-1.9764954,-1.9841726
15,0.26695302,0.27838373,0.28981414,0.2982042,0.31112975,0.32340387,0.3327035,0.3451472,0.35756925,0.36767572,0.3780967,0.38948643,0.40087777,0.41268963,0.42348295,0.43433905,0.44678217,0.4586362,0.47175312,0.48358384,0.49613753,0.51002413,0.5210773,0.53337324,0.5461567,0.5574586,0.56714374,0.5784935,0.5908041,0.60310924,0.617651,0.629412,0.64014673,0.6527773,0.6642107,0.6736839,0.68419194,0.6942255,0.7056775,0.717518,0.7318609,0.744251,0.754984,0.7641745,0.7744776,0.7828814,0.79398435,0.8036798,0.8141883,0.8250046,0.8343681,0.8470031,0.8585337,0.87064564,0.8834729,0.8961749,0.90954876,0.922771,0.93106127,0.9425561,0.9559472,0.9695091,0.9791275,0.99090815,1.0024801,1.0124123,1.0241371,1.0332196,1.0431116,1.0545132,1.0652788,1.075873,1.0887059,1.1006193,1.1111313,1.12339,1.1369874,1.1479282,1.1613717,1.1764275,1.1877196,1.1980202,1.211703,1.223852,1.2378132,1.2492362,1.2592539,1.2700042,1.2790134,1.2907714,1.297685,1.3107382,1.3237308,1.3354112,1.3472655,1.3604897,1.3741109,1.385386,1.3946246,1.4038739,1.4152998,1.4304913,1.4441899,1.4549824,1.4572475,1.4717422,1.4808522,1.4954555,1.5060258,1.5171206,1.528485,1.5437889,1.5549814,1.5669833,1.581951,1.5921147,1.6021649,1.61481,1.6234108,1.6376963
16,0.7320238,0.74565315,0.7610418,0.7773201,0.7933554,0.8066303,0.8246589,0.8422168,0.86035097,0.87929535,0.89777887,0.91753066,0.93652105,0.9557377,0.9731473,0.99251664,1.0126302,1.0291704,1.0456605,1.0659182,1.0862819,1.1030171,1.1208841,1.1395606,1.1594187,1.180181,1.1998419,1.21891,1.2395542,1.2598584,1.2817638,1.3020753,1.3220419,1.3426104,1.3605144,1.3782477,1.3952838,1.4159796,1.436488,1.4557112,1.4779983,1.4981372,1.5188106,1.5377165,1.5580181,1.5798222,1.5985276,1.6204189,1.6395626,1.6583084,1.6730715,1.6954943,1.7141879,1.7364733,1.7570019,1.779316,1.8003393,1.8200715,1.8414237,1.8618351,1.8829495,1.9062812,1.927832,1.9432583,1.9646738,1.981691,2.004243,2.024663,2.0448565,2.066214,2.0876265,2.1091776,2.1305149,2.14933,2.170784,2.192771,2.2144172,2.2347195,2.26094,2.2824051,2.3025575,2.3207612,2.3425386,2.3637357,2.38446,2.4075027,2.42804,2.4533782,2.4740374,2.4997509,2.5187383,2.5407724,2.5654428,2.5883973,2.608313,2.6354392,2.6603162,2.6836886,2.7066395,2.7316926,2.7546914,2.7809815,2.806919,2.828112,2.8495016,2.8742418,2.8978565,2.9274235,2.9488072,2.9666638,2.9917784,3.0188127,3.0416183,3.0702598,3.0934706,3.1188996,3.1406534,3.165753,3.1838436,3.206438
17,-0.40704918,-0.39643306,-0.3862542,-0.3795516,-0.37095475,-0.35949343,-0.35320562,-0.34475827,-0.33575603,-0.32819945,-0.32233793,-0.31466585,-0.3082161,-0.30185896,-0.2942252,-0.28552595,-0.27675217,-0.26930177,-0.26261857,-0.25851637,-0.25016162,-0.24225137,-0.23618098,-0.23105597,-0.22151172,-0.21516864,-0.20997019,-0.20029366,-0.19229087,-0.18406233,-0.17705071,-0.16971412,-0.16290945,-0.15683231,-0.14882812,-0.14417216,-0.14096053,-0.13621671,-0.13132803,-0.1256721,-0.118556306,-0.1106405,-0.10480547,-0.09967976,-0.09473217,-0.086810306,-0.08429527,-0.07564257,-0.070374504,-0.06447775,-0.057828553,-0.05421455,-0.04818384,-0.043568287,-0.039867215,-0.034402464,-0.027716449,-0.023396777,-0.016763717,-0.0132151665,-0.006711817,-0.0051999344,-0.002737544,0.004039807,0.008352717,0.012033458,0.014086708,0.019280609,0.023081344,0.027058333,0.03189055,0.033134628,0.03458839,0.039260134,0.0437546,0.048921637,0.054593008,0.06111569,0.06303545,0.06771145,0.071387865,0.0758658,0.08100973,0.08362268,0.085000455,0.087658405,0.09145573,0.09228221,0.095527895,0.09806724,0.10192771,0.10440371,0.10691836,0.10771601,0.11041981,0.11237575,0.11727848,0.120483875,0.12440775,0.12435615,0.12589934,0.12964904,0.13111772,0.13431324,0.13581854,0.13844742,0.14242059,0.14421599,0.14690049,0.15047792,0.15099883,0.15475272,0.15709256,0.1589127,0.16222875,0.16582078,0.16585013,0.16658369,0.17105761,0.17478868
18,-1.173294,-1.1691163,-1.1646626,-1.1583278,-1.154814,-1.1453233,-1.1420945,-1.1351049,-1.1300889,-1.1232176,-1.1193584,-1.1144516,-1.1091979,-1.1063076,-1.1020887,-1.0968062,-1.0925801,-1.084171,-1.0796022,-1.0741948,-1.0707906,-1.0664591,-1.0640152,-1.0598433,-1.0538344,-1.050091,-1.0445131,-1.0381231,-1.0339208,-1.0313854,-1.0279063,-1.0261381,-1.0216957,-1.0168315,-1.0142138,-1.0078801,-1.004997,-1.0014676,-0.9979416,-0.9940855,-0.9899746,-0.9857516,-0.9798943,-0.977349,-0.9751827,-0.96917295,-0.9651562,-0.9614606,-0.95856446,-0.95784867,-0.94825304,-0.9457718,-0.94142514,-0.9363697,-0.93590677,-0.9339056,-0.9298495,-0.92467654,-0.9203782,-0.9163146,-0.91212636,-0.90989316,-0.9074815,-0.9028242,-0.9011588,-0.894623,-0.89250964,-0.8904003,-0.88794917,-0.8866857,-0.8827885,-0.87822783,-0.8743547,-0.87240803,-0.8700388,-0.86904734,-0.86720943,-0.86299753,-0.86132556,-0.8587848,-0.85567224,-0.850845,-0.84538615,-0.84041035,-0.83543,-0.8307969,-0.82631767,-0.82279605,-0.8174788,-0.8148881,-0.81158894,-0.80591667,-0.80597067,-0.8040001,-0.8003532,-0.79889536,-0.79592097,-0.79363424,-0.7902991,-0.7879556,-0.7854371,-0.78394717,-0.78195846,-0.77653944,-0.7702147,-0.76647264,-0.76249725,-0.7603962,-0.755101,-0.7496346,-0.74692774,-0.74494606,-0.7421547,-0.7382837,-0.73508275,-0.7300029,-0.7295068,-0.7265068,-0.72345716,-0.71855724
19,-0.17805801,-0.19250086,-0.20069137,-0.21395774,-0.22467625,-0.2365756,-0.24673875,-0.25829548,-0.26994783,-0.2806811,-0.29218286,-0.30466944,-0.31363052,-0.3245157,-0.33499587,-0.3445806,-0.35525593,-0.36523843,-0.37276015,-0.3844016,-0.39586514,-0.4065311,-0.41479164,-0.4240136,-0.43237406,-0.44332117,-0.45192558,-0.4606008,-0.47129554,-0.4820667,-0.49226055,-0.5011898,-0.50793535,-0.5156466,-0.52214587,-0.5289438,-0.5390318,-0.5494645,-0.5588964,-0.5678514,-0.5770458,-0.58453757,-0.5933486,-0.60122883,-0.60385096,-0.61180353,-0.6192814,-0.6238431,-0.6293313,-0.63498765,-0.6409525,-0.64515036,-0.65201616,-0.65659916,-0.66340244,-0.6693561,-0.67373216,-0.68098027,-0.688675,-0.6960709,-0.7047229,-0.7119528,-0.71672994,-0.7202159,-0.72823167,-0.732822,-0.73951924,-0.7444464,-0.74902,-0.75502455,-0.7593478,-0.7635261,-0.7719672,-0.7766576,-0.77970576,-0.78810155,-0.7876063,-0.79173386,-0.79837674,-0.80437005,-0.8077259,-0.8106767,-0.80997896,-0.81201726,-0.8153024,-0.8194658,-0.8233679,-0.82586557,-0.8318202,-0.8369049,-0.8412735,-0.8460553,-0.85012436,-0.8541118,-0.85843265,-0.8635619,-0.86236936,-0.86845195,-0.86603165,-0.87001246,-0.87406075,-0.87534887,-0.8775137,-0.8768021,-0.8807233,-0.886336,-0.88788813,-0.89063627,-0.8941929,-0.89299345,-0.8947468,-0.8976741,-0.8998357,-0.90114176,-0.90287197,-0.90157974,-0.90010244,-0.9004396,-0.89419824,-0.89567804
20,-0.80826104,-0.8118433,-0.81493026,-0.82011604,-0.82578343,-0.8307899,-0.8348222,-0.837849,-0.841335,-0.8450144,-0.8478589,-0.85147035,-0.8559244,-0.8614647,-0.86434317,-0.8688611,-0.87360823,-0.87389004,-0.87761194,-0.8783099,-0.88087225,-0.8800753,-0.88143957,-0.88128775,-0.88136494,-0.88525915,-0.8857657,-0.8903781,-0.89077824,-0.8914816,-0.8940908,-0.89576465,-0.89699686,-0.8998345,-0.9008257,-0.90223855,-0.90581095,-0.90839434,-0.91303194,-0.9146861,-0.91466427,-0.9181385,-0.9188911,-0.9210596,-0.92064893,-0.9236783,-0.9267756,-0.9273356,-0.92986405,-0.9328602,-0.9338194,-0.93501854,-0.9359107,-0.93901026,-0.9414918,-0.9447195,-0.9471997,-0.9500648,-0.94867766,-0.95051515,-0.9512167,-0.9526558,-0.95458376,-0.95325863,-0.95124215,-0.94918317,-0.9517538,-0.9516963,-0.9525863,-0.95199025,-0.9480917,-0.95021373,-0.9509656,-0.95157766,-0.9512776,-0.95304215,-0.95155895,-0.94939774,-0.9520215,-0.9528405,-0.9557985,-0.9553429,-0.9531511,-0.95566046,-0.9535737,-0.95240104,-0.9513466,-0.95016086,-0.95115054,-0.95122784,-0.9545206,-0.9561736,-0.95774204,-0.9602771,-0.95832616,-0.9595094,-0.9579155,-0.9553977,-0.95615995,-0.95461494,-0.95644224,-0.9563817,-0.9546939,-0.9526809,-0.94643384,-0.95105344,-0.9500135,-0.95247984,-0.95301116,-0.9498612,-0.9499494,-0.94994557,-0.9515058,-0.95532,-0.95296574,-0.95154965,-0.9510662,-0.9496868,-0.9425243,-0.94169044
21,-0.20642063,-0.21955423,-0.23071699,-0.24368712,-0.2582306,-0.27422595,-0.28413206,-0.29717916,-0.31041676,-0.3226006,-0.33355793,-0.34516603,-0.35524204,-0.36595586,-0.37287384,-0.38405436,-0.39567488,-0.4046041,-0.41531247,-0.42455572,-0.43553773,-0.44406685,-0.45337194,-0.4615236,-0.46883503,-0.4777617,-0.48482704,-0.4938578,-0.5002595,-0.50886124,-0.5185789,-0.5243708,-0.5313152,-0.5377921,-0.5442427,-0.5516058,-0.55856216,-0.5658487,-0.5711304,-0.5771852,-0.58029556,-0.5876505,-0.59415436,-0.60127056,-0.60259485,-0.60822827,-0.61429423,-0.6197133,-0.62491643,-0.6298028,-0.62950754,-0.63247716,-0.63526976,-0.638994,-0.644495,-0.6482694,-0.6531421,-0.6587222,-0.6621443,-0.6661665,-0.66768265,-0.67087483,-0.6736659,-0.67612016,-0.67796886,-0.6806003,-0.6849769,-0.6880998,-0.689566,-0.69334424,-0.6950007,-0.6951461,-0.6968465,-0.69920444,-0.70116484,-0.7049422,-0.70665526,-0.70684284,-0.7117764,-0.7148529,-0.71879804,-0.7214624,-0.7226151,-0.720572,-0.7198869,-0.7217485,-0.7219772,-0.7215959,-0.7217902,-0.7255249,-0.7253813,-0.73024154,-0.73145574,-0.73496616,-0.7377638,-0.7389244,-0.73765093,-0.7361752,-0.73718524,-0.7370856,-0.7387794,-0.740821,-0.7421528,-0.73977435,-0.73794603,-0.7398152,-0.7402913,-0.74201596,-0.74178326,-0.73873246,-0.7394644,-0.7442163,-0.74259365,-0.74108785,-0.7386068,-0.7384087,-0.73683655,-0.7333258,-0.73235327,-0.7309052
22,-0.34800252,-0.35665688,-0.36225602,-0.37071425,-0.37792486,-0.38680127,-0.3961875,-0.40479502,-0.41344872,-0.42222744,-0.42904344,-0.4377312,-0.44167328,-0.4496271,-0.45457014,-0.46037441,-0.4647991,-0.46826363,-0.47271043,-0.47974834,-0.48468828,-0.48750526,-0.4905665,-0.49436718,-0.49771753,-0.50344694,-0.5057327,-0.50832,-0.5126196,-0.5150002,-0.5191112,-0.52205086,-0.52431804,-0.5275764,-0.5276709,-0.53121793,-0.53322184,-0.53413856,-0.5374826,-0.5410546,-0.54221284,-0.54345304,-0.5439545,-0.5466466,-0.5453298,-0.548242,-0.5511038,-0.5522704,-0.55268955,-0.5536195,-0.5499649,-0.5501093,-0.5470607,-0.547734,-0.54823935,-0.5489359,-0.54823446,-0.5496837,-0.5485138,-0.54661137,-0.54537857,-0.5470184,-0.54674035,-0.54470587,-0.5430762,-0.5401999,-0.5391339,-0.5351261,-0.532127,-0.5304337,-0.52833974,-0.5258646,-0.52647096,-0.524276,-0.5196246,-0.51930994,-0.51538086,-0.511518,-0.5112928,-0.5081796,-0.5045234,-0.50204635,-0.49756926,-0.4920322,-0.48512262,-0.48235685,-0.478419,-0.47682196,-0.47123948,-0.46662736,-0.46068797,-0.45699987,-0.45298797,-0.45106116,-0.44972116,-0.44686443,-0.4459085,-0.43907094,-0.43283612,-0.4321394,-0.42891604,-0.42574462,-0.42059883,-0.41389543,-0.41024432,-0.40897545,-0.4055942,-0.40186128,-0.39809996,-0.39792445,-0.3960754,-0.3956479,-0.39296007,-0.38652253,-0.38254616,-0.37619632,-0.37062758,-0.36511284,-0.3550701,-0.35094184
23,-0.99247515,-0.99368256,-1.0009935,-1.0084513,-1.0195472,-1.0299673,-1.0393428,-1.0503411,-1.0604656,-1.0733678,-1.082391,-1.0919087,-1.0991119,-1.1092589,-1.1158653,-1.1252993,-1.1348994,-1.1422908,-1.1500133,-1.1602252,-1.172238,-1.1775602,-1.1866114,-1.1937526,-1.2029704,-1.2135675,-1.2197453,-1.2284602,-1.2374318,-1.2452576,-1.2522984,-1.2588422,-1.2672802,-1.2765616,-1.2840686,-1.2910112,-1.2969911,-1.3043449,-1.3137338,-1.3201132,-1.3278778,-1.3347498,-1.3410168,-1.3494464,-1.3558214,-1.3641319,-1.3672342,-1.3723233,-1.3787016,-1.3845414,-1.3883281,-1.3920597,-1.3968471,-1.4013274,-1.4065657,-1.413749,-1.4182606,-1.419666,-1.422131,-1.4263276,-1.4319502,-1.4372108,-1.4412428,-1.441495,-1.4467086,-1.4492104,-1.4544488,-1.4584054,-1.4637101,-1.4687985,-1.4706134,-1.4732416,-1.477936,-1.4814212,-1.4857792,-1.4889944,-1.4939964,-1.4964559,-1.5016712,-1.5043705,-1.5078092,-1.5087007,-1.5090822,-1.5130843,-1.5159138,-1.5201328,-1.520757,-1.5212559,-1.5243459,-1.5266448,-1.5280327,-1.5291803,-1.5319339,-1.5311091,-1.5330968,-1.5339897,-1.5342085,-1.5384829,-1.5366375,-1.5332575,-1.5327426,-1.5340444,-1.5374477,-1.5343541,-1.5333736,-1.5357692,-1.5340214,-1.5366995,-1.5380358,-1.5374418,-1.5402601,-1.5397409,-1.5422468,-1.5478957,-1.5486975,-1.5446628,-1.5429475,-1.5415924,-1.5423503,-1.5376635
24,-1.0563908,-1.0616919,-1.0652273,-1.0705903,-1.0775936,-1.0896941,-1.099181,-1.111377,-1.121049,-1.1329854,-1.144124,-1.1558101,-1.1640412,-1.1760519,-1.185636,-1.1982384,-1.2091781,-1.2199901,-1.2302164,-1.2377098,-1.248798,-1.2539432,-1.263782,-1.2717755,-1.2816278,-1.2939318,-1.3026567,-1.3104545,-1.3203062,-1.3280728,-1.3373408,-1.3461013,-1.3547637,-1.3666189,-1.372386,-1.3787769,-1.3866316,-1.3952066,-1.408385,-1.4143331,-1.4223778,-1.4313501,-1.4381828,-1.4482833,-1.4541104,-1.4582896,-1.466465,-1.471155,-1.4768705,-1.4854449,-1.4898463,-1.4915793,-1.4961926,-1.5036079,-1.5095862,-1.5185871,-1.5242739,-1.5308185,-1.5358509,-1.5431584,-1.5502865,-1.5554769,-1.5598354,-1.5619732,-1.566045,-1.5649216,-1.5720738,-1.5779263,-1.5822061,-1.5861909,-1.5876262,-1.5896776,-1.5943687,-1.6018041,-1.6034024,-1.6068846,-1.6123247,-1.6145341,-1.621961,-1.6263396,-1.6309427,-1.6285614,-1.6290038,-1.6326702,-1.6361477,-1.6423681,-1.6449995,-1.644236,-1.6479523,-1.6535797,-1.6562107,-1.6584766,-1.6621691,-1.6670822,-1.670305,-1.6728532,-1.6752884,-1.6789032,-1.678512,-1.6783966,-1.6806529,-1.6833595,-1.6879282,-1.6842836,-1.6840843,-1.6860456,-1.6843379,-1.6863695,-1.6860939,-1.6826532,-1.6848757,-1.6875067,-1.6892332,-1.6913722,-1.6923717,-1.6889105,-1.6868069,-1.6878811,-1.6872193,-1.6870136
25,-0.8480891,-0.8473527,-0.8492392,-0.84979993,-0.8527996,-0.85710275,-0.86254424,-0.8647938,-0.8693808,-0.8738368,-0.8775536,-0.8846982,-0.8839989,-0.89049375,-0.89306486,-0.8972375,-0.8994306,-0.901042,-0.90369356,-0.90535754,-0.9073924,-0.9067769,-0.9104864,-0.915332,-0.9195682,-0.92528504,-0.9295219,-0.93313324,-0.9314302,-0.9346771,-0.93680847,-0.9402189,-0.9433039,-0.9486078,-0.95026505,-0.95142114,-0.9561652,-0.9584554,-0.9656874,-0.9685485,-0.9741316,-0.9789969,-0.9837179,-0.98620063,-0.9872112,-0.989316,-0.99327356,-0.99537545,-1.0000056,-1.0033151,-1.0057087,-1.0055038,-1.0092402,-1.0118978,-1.0130972,-1.0162134,-1.0189698,-1.0231483,-1.022789,-1.0251892,-1.0280648,-1.0306878,-1.0319322,-1.0328705,-1.0325471,-1.0269473,-1.0292642,-1.0328424,-1.0335497,-1.0336206,-1.0348835,-1.0359495,-1.0384147,-1.0426407,-1.0424376,-1.0439645,-1.0463461,-1.0459689,-1.0493187,-1.0508718,-1.0535288,-1.051191,-1.0488272,-1.0498626,-1.0531107,-1.0557185,-1.0566175,-1.057269,-1.0590084,-1.0597174,-1.0614809,-1.0604333,-1.0624667,-1.0632834,-1.0640565,-1.0679158,-1.0685247,-1.0682051,-1.0674274,-1.0669535,-1.06761,-1.0704752,-1.0710617,-1.0715976,-1.0675032,-1.0693778,-1.0703214,-1.0733542,-1.074941,-1.0750067,-1.0766873,-1.076463,-1.079817,-1.0814648,-1.0801998,-1.078071,-1.0795343,-1.0798385,-1.0780572,-1.0814884
26,-0.2050744,-0.2101527,-0.21383178,-0.21922152,-0.22417462,-0.23110929,-0.23787794,-0.245272,-0.25261924,-0.26012748,-0.26642042,-0.27316588,-0.28072494,-0.29124087,-0.29902294,-0.3069729,-0.31437612,-0.32297477,-0.32871777,-0.336711,-0.34610656,-0.35389638,-0.36270255,-0.36995727,-0.3761699,-0.38479602,-0.39254087,-0.3990239,-0.40410382,-0.4116885,-0.41887808,-0.42597264,-0.43234104,-0.44042945,-0.44633055,-0.45212102,-0.45878053,-0.4646954,-0.47501868,-0.48132056,-0.4886466,-0.49691144,-0.50493234,-0.5131344,-0.5189676,-0.5258657,-0.5335036,-0.53887725,-0.54493725,-0.5504944,-0.55259466,-0.56021255,-0.5681008,-0.574662,-0.5839283,-0.590487,-0.5945674,-0.600474,-0.6050966,-0.6114666,-0.61660016,-0.6245217,-0.63258195,-0.637647,-0.6435178,-0.64436585,-0.6510047,-0.6575656,-0.66242063,-0.6689007,-0.67510885,-0.67723626,-0.6857955,-0.6923127,-0.6968669,-0.7017597,-0.7059303,-0.71144164,-0.7179785,-0.72221756,-0.7266019,-0.73296726,-0.73278284,-0.73844665,-0.73953974,-0.74623215,-0.75159407,-0.75585926,-0.7582248,-0.7618121,-0.7658145,-0.77393985,-0.780304,-0.7847607,-0.7868873,-0.7902907,-0.7931422,-0.79777503,-0.79795307,-0.7994315,-0.8043698,-0.8073597,-0.8108648,-0.814092,-0.8167446,-0.82417905,-0.8282294,-0.8326808,-0.8401613,-0.8388419,-0.8452967,-0.8496634,-0.8540231,-0.85688895,-0.8569174,-0.8583921,-0.85887164,-0.8618339,-0.8633615,-0.86820966
27,0.3389756,0.33101314,0.32270288,0.31561497,0.30839318,0.29898694,0.2931065,0.2833312,0.2742769,0.26742494,0.2617026,0.25613034,0.24528496,0.23656575,0.23185912,0.22483857,0.2197104,0.21246974,0.20586774,0.19633256,0.18938348,0.18035237,0.16984265,0.1601303,0.15375909,0.14731811,0.13885619,0.13063142,0.123450935,0.11880803,0.11324076,0.10623044,0.0993941,0.09289604,0.08830921,0.08254335,0.075130865,0.066817075,0.058871765,0.0542853,0.047506053,0.04010971,0.03389159,0.029324755,0.024096243,0.019487366,0.0128525,0.0066392818,0.001284286,-0.005530051,-0.010295181,-0.016881157,-0.024915308,-0.032474242,-0.03754472,-0.04160927,-0.048410837,-0.051543098,-0.057886362,-0.064494655,-0.06799349,-0.07413866,-0.07755896,-0.08366483,-0.08756512,-0.092961416,-0.097311035,-0.10288359,-0.10819714,-0.111972,-0.11583008,-0.118865654,-0.12419488,-0.12929846,-0.13216645,-0.13563435,-0.14222996,-0.14601377,-0.1511532,-0.15785478,-0.16097665,-0.16383676,-0.16670068,-0.17095228,-0.17841789,-0.18555804,-0.18979332,-0.195599,-0.2020518,-0.20682141,-0.21093449,-0.21982603,-0.22474365,-0.22844997,-0.23240101,-0.23785424,-0.24440508,-0.24834554,-0.25204197,-0.25398535,-0.25924858,-0.26184598,-0.26553285,-0.26909485,-0.2730627,-0.27555537,-0.2788866,-0.28300706,-0.28882083,-0.28985974,-0.29377863,-0.29855618,-0.29849488,-0.30467933,-0.30621484,-0.30823755,-0.3069995,-0.30983976,-0.31206104,-0.31598687
28,0.40716738,0.4050581,0.40036806,0.39927477,0.39699206,0.39260465,0.3918452,0.39161557,0.38620287,0.38684732,0.38677242,0.384178,0.3825028,0.3819626,0.38314408,0.38249284,0.382088,0.3847315,0.38262257,0.3835309,0.38226905,0.38261867,0.37966445,0.3801067,0.38021848,0.37864488,0.37793952,0.37657085,0.37538004,0.37524003,0.3726703,0.3720387,0.3726892,0.37290412,0.37054068,0.36980972,0.3687248,0.36969817,0.37100625,0.36926055,0.36738834,0.3653829,0.36674076,0.36784977,0.36708704,0.36268744,0.3610531,0.3590211,0.3601192,0.36075178,0.36039436,0.35798436,0.35726792,0.35512465,0.35485554,0.3543383,0.35540336,0.35415903,0.35522434,0.3553307,0.3566368,0.35709062,0.3597873,0.36068946,0.3624868,0.36199617,0.36184055,0.36229488,0.3623856,0.36344513,0.36350217,0.3650626,0.36359876,0.36165643,0.3603013,0.36061174,0.3618823,0.36171776,0.3608113,0.3621662,0.3625963,0.36433786,0.36257774,0.36164337,0.3609207,0.35977125,0.36037627,0.35961667,0.358028,0.3565914,0.3574361,0.36076903,0.36387938,0.3645106,0.36675686,0.3647949,0.3655731,0.36571252,0.3663683,0.36567593,0.36756867,0.36729884,0.36635962,0.36399862,0.36341137,0.36317143,0.36435166,0.364902,0.36639628,0.36777362,0.36782324,0.36786428,0.36991945,0.37106997,0.373982,0.37284112,0.37353685,0.37182918,0.37083215,0.3693289
29,-0.3366131,-0.34013072,-0.34131554,-0.34443036,-0.34902826,-0.35168424,-0.35262883,-0.3556862,-0.35829622,-0.36073375,-0.36405796,-0.36774853,-0.37174883,-0.37413496,-0.3755718,-0.37776548,-0.37852183,-0.3806988,-0.38380763,-0.38778132,-0.39326033,-0.39436904,-0.397283,-0.40303022,-0.40669188,-0.4100522,-0.41305313,-0.41418666,-0.41573554,-0.4178986,-0.41948014,-0.42070475,-0.4223463,-0.42633134,-0.43093127,-0.4293487,-0.43041557,-0.4318661,-0.43581456,-0.43787512,-0.4393081,-0.44095844,-0.4421993,-0.44469166,-0.44849998,-0.44793034,-0.45111862,-0.45167488,-0.45653337,-0.45874566,-0.45902047,-0.46306324,-0.46432835,-0.46420068,-0.4649269,-0.4663046,-0.46704903,-0.46605858,-0.46665993,-0.4695515,-0.47392195,-0.4741362,-0.47410887,-0.4781859,-0.4807822,-0.48556605,-0.48600826,-0.48794118,-0.48936015,-0.4889337,-0.49021435,-0.49026576,-0.49255592,-0.49510178,-0.49551344,-0.49365228,-0.4921772,-0.49121985,-0.49189883,-0.4939484,-0.4958705,-0.49318868,-0.49246487,-0.49236256,-0.4913033,-0.4921294,-0.48877525,-0.48763555,-0.4862041,-0.48712245,-0.48919994,-0.49205393,-0.492235,-0.4911357,-0.49209356,-0.4931768,-0.49064055,-0.49169335,-0.49182805,-0.49297285,-0.4941194,-0.49323478,-0.4923584,-0.49344367,-0.49447194,-0.495385,-0.49286652,-0.4934619,-0.493483,-0.4911527,-0.49035364,-0.48814997,-0.4880847,-0.4844326,-0.4860075,-0.48429728,-0.48726407,-0.48443133,-0.4833333,-0.48394957
30,-0.05267536,-0.056525152,-0.06979398,-0.09017708,-0.105937734,-0.12761395,-0.1464091,-0.17084548,-0.1935629,-0.21394274,-0.23463914,-0.25372535,-0.27260768,-0.29305735,-0.31266823,-0.33219105,-0.3524863,-0.37040243,-0.38647288,-0.40507346,-0.422994,-0.43733996,-0.45572868,-0.47232085,-0.4919507,-0.50953335,-0.5263057,-0.54602456,-0.5620364,-0.5800686,-0.59645295,-0.61323667,-0.6320376,-0.65110844,-0.6652962,-0.67617023,-0.6887176,-0.70141256,-0.71972525,-0.7328431,-0.7479701,-0.76322913,-0.77670413,-0.7904891,-0.80304176,-0.8144165,-0.8275223,-0.8402923,-0.8542411,-0.8647836,-0.88015974,-0.89559364,-0.91200244,-0.92350084,-0.9391581,-0.9541,-0.9670887,-0.9754902,-0.98492795,-0.99436885,-1.0086886,-1.0219116,-1.0337504,-1.0436664,-1.0507516,-1.0576108,-1.0699607,-1.0795461,-1.0893768,-1.0994769,-1.1098484,-1.1211784,-1.1323513,-1.1446091,-1.1554396,-1.1673241,-1.1801944,-1.1892984,-1.2027414,-1.2106872,-1.2222915,-1.2284734,-1.2365673,-1.2432735,-1.2474681,-1.2569073,-1.2627598,-1.2739584,-1.2783363,-1.2877666,-1.292145,-1.2990577,-1.3079975,-1.3155434,-1.3229592,-1.3314753,-1.3397925,-1.3476732,-1.3507292,-1.3578217,-1.3609209,-1.3662038,-1.3744726,-1.3787937,-1.3900411,-1.3967711,-1.4012587,-1.4051969,-1.4089097,-1.4065675,-1.4134655,-1.422172,-1.4243723,-1.4341508,-1.4360969,-1.4373916,-1.4419175,-1.4463255,-1.4412661,-1.4507225
31,-0.37207487,-0.37987143,-0.39609042,-0.4149515,-0.4320093,-0.4529859,-0.47165546,-0.49643254,-0.51880896,-0.53763187,-0.55653304,-0.57628936,-0.5939738,-0.6167629,-0.6341795,-0.6548693,-0.67304814,-0.689477,-0.70653355,-0.7255941,-0.7437622,-0.75727665,-0.7743603,-0.7916559,-0.80958444,-0.82783556,-0.8413681,-0.85818565,-0.8701851,-0.88843143,-0.9042762,-0.9212805,-0.9373808,-0.9558102,-0.970084,-0.9863985,-0.997461,-1.0107633,-1.0265844,-1.0412989,-1.0555537,-1.0708785,-1.0833099,-1.0968033,-1.1068429,-1.1173531,-1.129885,-1.144457,-1.1577202,-1.1665621,-1.1751649,-1.1864527,-1.2014575,-1.2116097,-1.2249867,-1.2394564,-1.2496637,-1.2579821,-1.2676599,-1.2770417,-1.2868277,-1.2996591,-1.3087269,-1.3161722,-1.3243864,-1.3290272,-1.3410513,-1.3488348,-1.3597357,-1.3699445,-1.379955,-1.3861268,-1.3929332,-1.4023923,-1.410163,-1.4219086,-1.4320388,-1.436516,-1.4498688,-1.4562068,-1.4636679,-1.4670918,-1.473281,-1.4769771,-1.47823,-1.4851334,-1.4934624,-1.4986391,-1.505999,-1.5163984,-1.5224651,-1.528731,-1.5392118,-1.5480883,-1.5528353,-1.5618075,-1.5691229,-1.5791363,-1.5796326,-1.5855995,-1.5889528,-1.5950387,-1.5974634,-1.6026398,-1.6061035,-1.6114409,-1.6151394,-1.6233032,-1.6274025,-1.6308324,-1.6367146,-1.6440033,-1.6478264,-1.6536255,-1.6545635,-1.6560326,-1.6567824,-1.6601057,-1.656256,-1.6582575
32,-0.95626867,-0.94030774,-0.9288241,-0.9170604,-0.90827733,-0.89842,-0.89185894,-0.8837967,-0.8765968,-0.8694912,-0.8623292,-0.8600106,-0.8528217,-0.85188425,-0.8477443,-0.84373856,-0.84101474,-0.8366765,-0.83357173,-0.8289733,-0.82650346,-0.82498187,-0.823314,-0.82073927,-0.81768435,-0.8150377,-0.8125491,-0.8122875,-0.80676097,-0.80502665,-0.8032917,-0.8026309,-0.8024227,-0.8018648,-0.7993835,-0.7978666,-0.7969414,-0.7968588,-0.7958993,-0.7955235,-0.7964629,-0.79672563,-0.79641414,-0.7976807,-0.79817945,-0.79426134,-0.7928077,-0.79104346,-0.7900848,-0.7892274,-0.7894806,-0.7857558,-0.78511894,-0.7864534,-0.7855267,-0.78754604,-0.7908492,-0.78950584,-0.78629655,-0.78887045,-0.790794,-0.7903962,-0.79138833,-0.79032785,-0.79057294,-0.79017746,-0.7923525,-0.791583,-0.7924317,-0.7934566,-0.7930854,-0.79480284,-0.7976261,-0.79850614,-0.7987392,-0.79686755,-0.7995779,-0.797257,-0.8026633,-0.8024453,-0.80435514,-0.80829495,-0.8091561,-0.80800664,-0.8080147,-0.8090313,-0.8112587,-0.81333953,-0.81419355,-0.81676614,-0.81581306,-0.81586254,-0.8189023,-0.8214839,-0.82353926,-0.8248531,-0.8292799,-0.8323784,-0.8334983,-0.8312607,-0.83000165,-0.83006495,-0.8322177,-0.831615,-0.83286154,-0.8347041,-0.83702624,-0.8384752,-0.83905697,-0.83609676,-0.83605593,-0.8384925,-0.84092796,-0.8480957,-0.84827423,-0.84597903,-0.8477295,-0.8455186,-0.8440069,-0.84431523
33,-0.6934587,-0.6886185,-0.68279946,-0.67702556,-0.6730099,-0.66939723,-0.665019,-0.6576986,-0.6563234,-0.6511805,-0.64670676,-0.6452183,-0.63848686,-0.63484764,-0.6296677,-0.6242584,-0.62044626,-0.62108076,-0.61601824,-0.6144617,-0.61359954,-0.60959804,-0.6107667,-0.6095182,-0.60767525,-0.6074687,-0.6063992,-0.60679346,-0.6047519,-0.6036686,-0.60151714,-0.5999831,-0.5976387,-0.59704584,-0.5973159,-0.5964354,-0.5954376,-0.59525234,-0.59510773,-0.597119,-0.59924185,-0.5998788,-0.59960425,-0.60165036,-0.5998024,-0.60229474,-0.60205704,-0.60047185,-0.6004737,-0.601218,-0.59682524,-0.5966154,-0.59594506,-0.5946408,-0.5946622,-0.5954567,-0.59835964,-0.5987676,-0.59864837,-0.6023649,-0.60547,-0.60625654,-0.60808194,-0.6070668,-0.6081202,-0.6121612,-0.61406904,-0.61671346,-0.618217,-0.6209283,-0.6255515,-0.6241287,-0.6253574,-0.6291579,-0.62933075,-0.6276554,-0.62999374,-0.6348006,-0.63927186,-0.6396826,-0.6401438,-0.63936925,-0.64060736,-0.6405095,-0.64297503,-0.6426188,-0.6453373,-0.64559066,-0.64952004,-0.6510824,-0.65012753,-0.6510561,-0.65249425,-0.6502832,-0.6540687,-0.65553486,-0.6583704,-0.6611842,-0.6589993,-0.66178507,-0.66515654,-0.66749907,-0.6735209,-0.67313963,-0.67148864,-0.6740414,-0.67354935,-0.6750287,-0.67383635,-0.6695576,-0.66864043,-0.6702707,-0.67156976,-0.6737835,-0.6768009,-0.67641604,-0.6785198,-0.6790298,-0.6787993,-0.68232566
34,-1.300142,-1.2871473,-1.2774282,-1.2662317,-1.2556803,-1.2490175,-1.2379906,-1.2289326,-1.2212728,-1.2116945,-1.203503,-1.1969297,-1.187285,-1.181736,-1.1735933,-1.1643505,-1.1593074,-1.1530097,-1.1459332,-1.1381677,-1.1350129,-1.1277648,-1.1230683,-1.115311,-1.1107792,-1.1074173,-1.1022784,-1.095416,-1.0848526,-1.081814,-1.075632,-1.0705955,-1.066084,-1.0622257,-1.0573496,-1.0501938,-1.0464447,-1.0428368,-1.0411657,-1.0394542,-1.0373937,-1.03272,-1.029755,-1.0258453,-1.0226471,-1.0170463,-1.0144631,-1.00831,-1.0069804,-1.0054696,-0.99989444,-0.9964142,-0.9940723,-0.99101484,-0.98897016,-0.98853266,-0.9851327,-0.9833943,-0.9784053,-0.97667754,-0.9761488,-0.9747537,-0.97408885,-0.967663,-0.9635599,-0.95905006,-0.95809776,-0.95744646,-0.9534038,-0.9523376,-0.9496657,-0.94539165,-0.94859725,-0.94781846,-0.9442724,-0.9435104,-0.94194067,-0.9377577,-0.9354005,-0.9333025,-0.93002766,-0.9286338,-0.92659605,-0.9271612,-0.92306405,-0.9222018,-0.9190661,-0.9160572,-0.9130823,-0.9118329,-0.91039926,-0.9063695,-0.9054138,-0.9013047,-0.89834434,-0.8992578,-0.8968956,-0.90013295,-0.89329255,-0.88853776,-0.8882805,-0.8884408,-0.88619787,-0.8852128,-0.87997216,-0.8797146,-0.8779014,-0.87777215,-0.87459314,-0.8708126,-0.86516464,-0.8628518,-0.86023027,-0.85853845,-0.85672027,-0.8522848,-0.85423136,-0.8516545,-0.84478074,-0.8463763
35,-1.2048303,-1.1901629,-1.1776468,-1.1648332,-1.1549151,-1.1458738,-1.1366699,-1.1282241,-1.1223456,-1.1149704,-1.108185,-1.1015562,-1.0940769,-1.0899893,-1.0843484,-1.0779067,-1.0719929,-1.0679159,-1.0640607,-1.0599208,-1.0548462,-1.0520852,-1.0508424,-1.0461712,-1.0429487,-1.0408087,-1.038757,-1.0367848,-1.0331132,-1.0321815,-1.0310299,-1.0305816,-1.0293987,-1.0285143,-1.0261717,-1.0214374,-1.0218756,-1.0209777,-1.0216923,-1.020804,-1.021127,-1.0193527,-1.0175488,-1.018429,-1.0184169,-1.0146811,-1.0150683,-1.0118536,-1.0107858,-1.0127598,-1.0091026,-1.0070033,-1.005134,-1.0059642,-1.0056248,-1.005404,-1.004452,-1.0040846,-1.0027802,-1.0010015,-1.0009693,-1.0007753,-0.9988159,-1.0003405,-0.9993445,-0.9991601,-0.9998039,-1.001972,-1.0018966,-1.0040606,-1.0045378,-1.0060313,-1.0076466,-1.0095444,-1.0110433,-1.0139014,-1.0154948,-1.0128686,-1.016009,-1.0142834,-1.0146985,-1.0130212,-1.0127432,-1.0148308,-1.0133679,-1.0163541,-1.015764,-1.0152589,-1.0169997,-1.0201279,-1.0206971,-1.0217056,-1.0222634,-1.0232384,-1.0218067,-1.0237032,-1.0233998,-1.0240353,-1.0263875,-1.0278816,-1.0298749,-1.0329239,-1.0337279,-1.0348488,-1.0351312,-1.03728,-1.0352452,-1.035712,-1.035754,-1.0301894,-1.0307839,-1.0333059,-1.0357622,-1.0383275,-1.0384717,-1.0364801,-1.0388799,-1.0399925,-1.0359153,-1.036011
36,0.5617575,0.5603095,0.56139743,0.5632708,0.5671624,0.56587917,0.568349,0.5691883,0.5678779,0.5716375,0.57620347,0.57836854,0.5825062,0.5848293,0.5893769,0.591956,0.5934157,0.59550434,0.5974148,0.59952456,0.60286534,0.6054684,0.6065486,0.60798323,0.6090678,0.61061364,0.6112226,0.6122483,0.61531556,0.61692435,0.6202604,0.6215597,0.62387806,0.6229285,0.62264144,0.62438524,0.62176985,0.62015,0.61745834,0.6199391,0.6203224,0.61793554,0.61666936,0.61523944,0.6174237,0.6171702,0.6167657,0.6175466,0.6196953,0.61906946,0.61794776,0.6191673,0.6211469,0.61930054,0.6210429,0.61919075,0.61722493,0.61316615,0.612589,0.61183894,0.61234117,0.61119515,0.60731256,0.60354394,0.60632265,0.60848707,0.605482,0.6019711,0.6012703,0.59783494,0.5926038,0.59159124,0.5897387,0.58876634,0.58738834,0.5864061,0.5839756,0.58250225,0.581102,0.5783185,0.5779791,0.57692784,0.5751205,0.5721536,0.5704354,0.5674315,0.56855416,0.5694539,0.5649787,0.5650871,0.56084234,0.5548204,0.55454934,0.5522473,0.54994214,0.54660344,0.5437337,0.5399246,0.5380783,0.53764176,0.5349804,0.53246105,0.5288699,0.5287154,0.5253102,0.5215316,0.5187334,0.51571953,0.5105261,0.5110063,0.5084178,0.50586367,0.5002082,0.4958303,0.49254704,0.493227,0.48767382,0.48666057,0.4841771,0.48034796
37,-0.58021873,-0.5621753,-0.54406345,-0.52761614,-0.51362395,-0.49902114,-0.48498473,-0.47195062,-0.45665774,-0.4420484,-0.4299286,-0.4181412,-0.40686026,-0.39781055,-0.3850624,-0.37228912,-0.3596498,-0.34695294,-0.33370355,-0.3231402,-0.31502965,-0.30530378,-0.29630727,-0.28520817,-0.2747758,-0.26907495,-0.25941566,-0.25266045,-0.24417445,-0.23627508,-0.22852623,-0.2193145,-0.21200748,-0.20289555,-0.1968629,-0.18587542,-0.17570521,-0.16690382,-0.1600997,-0.1539537,-0.14951655,-0.14320111,-0.13489684,-0.12919135,-0.121645786,-0.11781311,-0.11160219,-0.10167958,-0.09453812,-0.0878658,-0.08288013,-0.07579435,-0.07087303,-0.06459198,-0.055625726,-0.04999029,-0.045679297,-0.042075936,-0.034230467,-0.025935376,-0.02135684,-0.011901343,-0.0065337727,-0.00046781078,0.006612128,0.0134650795,0.019531753,0.027342524,0.0326946,0.037176415,0.042928748,0.049696065,0.052978236,0.054825716,0.060447138,0.064289406,0.06935672,0.07408674,0.07691245,0.08292608,0.089201346,0.0943672,0.09772228,0.10120773,0.10518104,0.11142645,0.11612636,0.11929836,0.118662715,0.12278162,0.12755314,0.13096392,0.1365017,0.14355977,0.14673737,0.15280741,0.15894273,0.1632198,0.16748002,0.16935143,0.17259416,0.17719725,0.18419561,0.1885971,0.19492066,0.19991152,0.20397234,0.2103618,0.21274516,0.21686724,0.21987896,0.22091678,0.22534087,0.2279818,0.23367095,0.23889153,0.24127653,0.24626729,0.24619815,0.24552186
38,-0.23035559,-0.22146347,-0.21724539,-0.20418942,-0.19465975,-0.1881947,-0.1777597,-0.16956893,-0.16100194,-0.15115565,-0.14169613,-0.13298118,-0.12698004,-0.11861421,-0.10888221,-0.099004865,-0.09071296,-0.08183739,-0.07293636,-0.062183477,-0.055710733,-0.047809206,-0.039977007,-0.03168486,-0.024122205,-0.017970359,-0.0099270735,-0.0023698453,0.007768698,0.013591948,0.02113761,0.030523384,0.037834406,0.045154992,0.05295851,0.061636783,0.06824027,0.07328369,0.080236256,0.08804916,0.09549459,0.104161695,0.11229658,0.11856482,0.12537958,0.13512354,0.14189157,0.15001574,0.15712409,0.16422999,0.16946642,0.17691398,0.18341841,0.18761592,0.19173823,0.19693284,0.2002075,0.20387848,0.21123724,0.21340322,0.21934314,0.22462544,0.23210815,0.23388796,0.24030645,0.24497306,0.24975052,0.25293776,0.25900504,0.26494005,0.27063003,0.27459782,0.27880502,0.28110853,0.28710118,0.291237,0.2981144,0.3035211,0.30652577,0.31127733,0.31600457,0.31613395,0.321577,0.3228405,0.32693323,0.32951462,0.3331645,0.3375092,0.340544,0.3448101,0.34727246,0.35408777,0.35831684,0.36628726,0.37083513,0.375179,0.37999696,0.38504845,0.38602218,0.39191946,0.39458463,0.3999564,0.40316534,0.40515637,0.40838975,0.415093,0.4222811,0.42794672,0.43130884,0.44192386,0.44482723,0.4490139,0.45356703,0.4557914,0.45758063,0.46195275,0.46620464,0.47128043,0.47924766,0.48236522
39,0.61163086,0.61391157,0.61400366,0.616892,0.6153866,0.6149013,0.620427,0.6226846,0.6249386,0.6269518,0.6278105,0.6285823,0.6253203,0.62338996,0.62300795,0.6227473,0.6225551,0.6201002,0.6198721,0.6190277,0.6160895,0.6147804,0.610118,0.60828954,0.60589886,0.6035677,0.5983861,0.5980331,0.5928832,0.58911455,0.58642423,0.5839733,0.5834185,0.5809169,0.57802504,0.57671267,0.57175255,0.5672299,0.5607971,0.55733174,0.5541502,0.5514583,0.5477277,0.5420613,0.539208,0.53533304,0.5325942,0.5309603,0.527912,0.5227847,0.5206803,0.51512396,0.5117527,0.505138,0.50182486,0.4966815,0.491117,0.48744327,0.4800411,0.4759358,0.46771556,0.4641784,0.46039867,0.4527685,0.44832778,0.44242954,0.4390993,0.4336608,0.43042836,0.42626396,0.4183639,0.41409072,0.41032767,0.402489,0.40084448,0.39585927,0.39091173,0.38550293,0.37925825,0.37370932,0.37043756,0.36513302,0.36152473,0.35842383,0.35339934,0.34937626,0.34379822,0.34212783,0.33651257,0.33312756,0.33057004,0.3240488,0.32023284,0.3174845,0.31272882,0.31016985,0.30626985,0.29703987,0.28776303,0.28420967,0.28111634,0.27512342,0.26667815,0.26064554,0.25612086,0.24996404,0.24606523,0.2435592,0.23886566,0.2381041,0.23188996,0.22654638,0.21862753,0.21356538,0.2063385,0.19852662,0.19193397,0.18966207,0.18453757,0.17853877
40,0.4758606,0.4684154,0.4639195,0.46082512,0.45472842,0.44554597,0.4388647,0.43383163,0.42765123,0.42000213,0.4137567,0.40822515,0.39944705,0.39319795,0.3855701,0.3814307,0.37556294,0.37158996,0.36303023,0.35809427,0.34955224,0.33959764,0.3307357,0.32387602,0.31694254,0.31033045,0.30298,0.29571557,0.2881259,0.28038317,0.27430305,0.26669198,0.26122877,0.25430885,0.24815306,0.23833308,0.23034582,0.2217547,0.21236277,0.20454445,0.19838692,0.19083747,0.18599576,0.17795542,0.1703707,0.15928924,0.1505197,0.14380684,0.1358435,0.1288915,0.12306247,0.11256027,0.10612019,0.09951441,0.091829576,0.08299395,0.07551797,0.06672828,0.06267735,0.055226248,0.049339347,0.04362994,0.036105722,0.028821733,0.023367811,0.019161373,0.013931786,0.0049866186,-0.0013584361,-0.007119705,-0.0129366,-0.02064369,-0.02688939,-0.029220823,-0.0363988,-0.043995123,-0.050023258,-0.05622729,-0.06173811,-0.06471337,-0.07269035,-0.07848781,-0.081230566,-0.085804515,-0.086962834,-0.098862275,-0.10276759,-0.109140955,-0.11558934,-0.12022054,-0.12850335,-0.1321538,-0.13670877,-0.14113688,-0.14541164,-0.15059625,-0.15463799,-0.16103633,-0.16602686,-0.17469116,-0.18112269,-0.18891494,-0.19608429,-0.19837324,-0.20193323,-0.20879817,-0.21264789,-0.21644711,-0.21937843,-0.22841081,-0.23269717,-0.23951583,-0.24927971,-0.25634825,-0.25925213,-0.26529256,-0.26944798,-0.2708802,-0.27442697,-0.2833487
41,-0.2908416,-0.29051962,-0.29314482,-0.30089378,-0.3091632,-0.31764072,-0.32625923,-0.33851022,-0.34679842,-0.35862106,-0.3666281,-0.38066784,-0.3919205,-0.40445495,-0.41428033,-0.42539564,-0.4364373,-0.44650227,-0.45818418,-0.47150207,-0.4845008,-0.49486455,-0.507768,-0.519331,-0.5300046,-0.5405401,-0.5540515,-0.56868947,-0.5825071,-0.5939461,-0.6072449,-0.61886835,-0.6314324,-0.641922,-0.65000117,-0.6641334,-0.67340755,-0.68558806,-0.6978212,-0.71009594,-0.7233259,-0.7359534,-0.745479,-0.75747955,-0.76786554,-0.7827328,-0.7925329,-0.8049282,-0.8135996,-0.82131463,-0.82803595,-0.83697593,-0.8478652,-0.8584606,-0.8704869,-0.8808979,-0.888786,-0.89609325,-0.89861166,-0.9093692,-0.91788214,-0.93071365,-0.9415,-0.950415,-0.95851725,-0.9658386,-0.9745116,-0.98579293,-0.9955112,-1.0028908,-1.0108007,-1.0183585,-1.0245268,-1.0367277,-1.0420005,-1.0526762,-1.0578253,-1.0694683,-1.0808359,-1.0868928,-1.0970643,-1.1015738,-1.1107883,-1.1169792,-1.1222885,-1.1310836,-1.1352894,-1.1427977,-1.1479645,-1.155298,-1.1646527,-1.1679261,-1.1742084,-1.1809155,-1.1873763,-1.1956373,-1.2035729,-1.2120261,-1.213932,-1.21871,-1.2273166,-1.2311969,-1.2368177,-1.2399834,-1.2456509,-1.2516383,-1.2612541,-1.2686899,-1.2746978,-1.2758552,-1.2838304,-1.2911255,-1.301464,-1.3094895,-1.3143846,-1.3196428,-1.3286152,-1.3354801,-1.3333228,-1.337967
42,-0.6576219,-0.65429014,-0.65660965,-0.6592293,-0.6611022,-0.662484,-0.6642022,-0.6704728,-0.67795986,-0.68328774,-0.68906045,-0.6933608,-0.6999172,-0.70648044,-0.71013725,-0.7157075,-0.7208907,-0.7262009,-0.7325326,-0.73885226,-0.7476667,-0.7519456,-0.75681126,-0.7637256,-0.7679591,-0.7772425,-0.78374714,-0.7887875,-0.7937511,-0.79927415,-0.80746555,-0.8126403,-0.8158663,-0.822961,-0.82969415,-0.8358859,-0.8422841,-0.84766257,-0.85612404,-0.8613248,-0.8671053,-0.8742633,-0.88003004,-0.88879424,-0.8931907,-0.89966667,-0.9074032,-0.91340685,-0.9189162,-0.92568576,-0.92894745,-0.9392786,-0.9467336,-0.9522745,-0.9593403,-0.96763307,-0.9747299,-0.9812604,-0.9825009,-0.9919588,-0.99667156,-1.0029988,-1.0084852,-1.0135587,-1.0170639,-1.0211538,-1.0295149,-1.0342556,-1.0390503,-1.0461762,-1.0531026,-1.057101,-1.065892,-1.0710117,-1.0755513,-1.0828779,-1.088475,-1.0942669,-1.103296,-1.110684,-1.1143651,-1.1156485,-1.1204386,-1.1257515,-1.1309651,-1.1382844,-1.1440533,-1.14825,-1.1537672,-1.1603878,-1.1663541,-1.1709415,-1.1782892,-1.1825292,-1.1868854,-1.1914891,-1.1979487,-1.2048438,-1.209917,-1.215612,-1.2205474,-1.2225008,-1.2299019,-1.22943,-1.230279,-1.2370814,-1.2384138,-1.2455472,-1.2498268,-1.2493101,-1.2531402,-1.2627057,-1.2697594,-1.2748449,-1.2790469,-1.2828286,-1.2839769,-1.2884253,-1.2885821,-1.289743
43,0.49949175,0.49766317,0.49534377,0.49134803,0.48485905,0.4781483,0.47452515,0.4669507,0.45925093,0.45306545,0.4471135,0.4395876,0.432607,0.42464298,0.417342,0.40948582,0.40326205,0.39414996,0.38625318,0.3790377,0.3720575,0.3649227,0.3551282,0.34957445,0.34347498,0.3350541,0.3254128,0.3185718,0.30941314,0.302921,0.29639092,0.29025966,0.28417975,0.27734163,0.27082095,0.26410264,0.260003,0.25268298,0.24387129,0.23481408,0.22645533,0.22021005,0.21427803,0.20784196,0.20169501,0.18949215,0.18047684,0.17463806,0.1666207,0.16128469,0.15472594,0.14572206,0.13934214,0.13344733,0.12562749,0.120092414,0.11129545,0.10341332,0.10088408,0.093215175,0.086462885,0.08162985,0.076439604,0.07057189,0.06544347,0.062650904,0.057287205,0.050971586,0.048473302,0.042196553,0.03702893,0.03476035,0.027282279,0.020921761,0.017589662,0.009542127,0.0032229752,-0.003983619,-0.010860199,-0.015861858,-0.020127764,-0.023047417,-0.029614221,-0.03526131,-0.040275425,-0.047589786,-0.050194036,-0.05581023,-0.058946658,-0.06185667,-0.06627089,-0.069518596,-0.07298981,-0.076234505,-0.08092213,-0.084486686,-0.087779425,-0.09588269,-0.10308637,-0.10614594,-0.10842522,-0.111679554,-0.116754614,-0.12114708,-0.121234655,-0.12946825,-0.13304728,-0.13650894,-0.14368206,-0.14527889,-0.14535454,-0.15496546,-0.1558193,-0.16334368,-0.16460672,-0.16651721,-0.16771032,-0.1694636,-0.17271581,-0.17569283
44,-0.6276559,-0.6239004,-0.62446874,-0.6275734,-0.63057715,-0.632415,-0.6366943,-0.6419941,-0.64528984,-0.6486772,-0.65416354,-0.659196,-0.6610449,-0.66496027,-0.6667106,-0.6685287,-0.67235756,-0.67317134,-0.67344683,-0.674941,-0.6780629,-0.6794156,-0.6814215,-0.68147844,-0.682788,-0.68595755,-0.6874171,-0.6905638,-0.6915755,-0.6973108,-0.69956094,-0.7002724,-0.7000449,-0.70390546,-0.7055496,-0.706351,-0.7080995,-0.7100887,-0.7123744,-0.712923,-0.71296775,-0.7124552,-0.7135645,-0.71634865,-0.715644,-0.7204341,-0.7217347,-0.7221657,-0.7250156,-0.7256406,-0.7239544,-0.72100854,-0.7227131,-0.72414124,-0.7248652,-0.7275854,-0.7278999,-0.7263921,-0.72569764,-0.7275735,-0.7291225,-0.72765344,-0.7284379,-0.727062,-0.7270757,-0.72205347,-0.72368836,-0.7211169,-0.72237915,-0.7226747,-0.7217372,-0.7192,-0.7219002,-0.7231943,-0.72368896,-0.72259253,-0.721607,-0.7241404,-0.7250522,-0.7261164,-0.7257467,-0.7225792,-0.7233439,-0.7239281,-0.7239898,-0.72358626,-0.7184163,-0.71335983,-0.71279365,-0.7139891,-0.7138802,-0.7109469,-0.7093997,-0.70711213,-0.7056309,-0.70409364,-0.70278835,-0.7016907,-0.69716525,-0.6933234,-0.6933268,-0.69208944,-0.692102,-0.693328,-0.6896536,-0.68761456,-0.6810223,-0.67982405,-0.678252,-0.6733733,-0.6707066,-0.66954565,-0.6653211,-0.6652598,-0.6610955,-0.65625584,-0.6552769,-0.6531284,-0.6514987,-0.64778525
45,0.85535955,0.8486153,0.8464031,0.8403376,0.8343395,0.82822025,0.8272548,0.8221984,0.8179663,0.8145178,0.81242657,0.80880785,0.8024745,0.79785836,0.7948538,0.7915546,0.78787446,0.7844163,0.78111506,0.77669555,0.7725439,0.7691196,0.76600605,0.7613767,0.7605951,0.7566594,0.75326365,0.7508753,0.7454897,0.7431718,0.73775274,0.7341884,0.73452455,0.7318917,0.7303817,0.728719,0.726472,0.7232511,0.72057664,0.71981275,0.71706814,0.7163092,0.7152726,0.7130189,0.71423805,0.71083397,0.7083634,0.7065171,0.7054023,0.70365846,0.69670224,0.6955331,0.69412124,0.6932485,0.69117516,0.68990016,0.6865301,0.6809337,0.67993814,0.6743642,0.6728554,0.6713635,0.66944903,0.66955894,0.6694996,0.6669223,0.6632993,0.65861636,0.6602279,0.65738547,0.65329766,0.6506055,0.64770144,0.648229,0.65147877,0.6484133,0.6466468,0.64449877,0.6424573,0.6392623,0.6412989,0.6385506,0.6393015,0.63876086,0.638768,0.6376394,0.63671833,0.634934,0.6356716,0.63572997,0.63691336,0.6333499,0.6316567,0.63221765,0.63027924,0.6293344,0.62888193,0.6269267,0.6236246,0.6224163,0.62145513,0.62228477,0.6226428,0.6230613,0.62416637,0.6228765,0.62143517,0.62335,0.6205015,0.6179825,0.6200391,0.6166679,0.61705846,0.6134883,0.6094023,0.6103286,0.6124112,0.6157154,0.6176697,0.6185552
46,0.045143362,0.042058125,0.040673077,0.035636734,0.031129356,0.023113426,0.021100003,0.019995261,0.013929004,0.0114784585,0.0055027707,-0.00035761544,-0.0038162172,-0.008511491,-0.010950659,-0.015578332,-0.020700412,-0.025757665,-0.029751828,-0.032330234,-0.038715083,-0.044736553,-0.050166827,-0.05416395,-0.059701204,-0.06316678,-0.067363456,-0.072722286,-0.073898576,-0.07706274,-0.08020836,-0.08603056,-0.090582915,-0.09608778,-0.10145994,-0.107957244,-0.11281966,-0.114807144,-0.12004323,-0.12268306,-0.12677284,-0.13014221,-0.1341916,-0.13855949,-0.14311653,-0.14521454,-0.14879248,-0.15174113,-0.15529494,-0.15756121,-0.16155373,-0.16106942,-0.16231945,-0.16542831,-0.16691308,-0.17022547,-0.17616434,-0.17959832,-0.18128403,-0.18499811,-0.18774197,-0.19100642,-0.1940907,-0.19419192,-0.19653903,-0.19986455,-0.20330146,-0.20903054,-0.21069977,-0.21557498,-0.22012551,-0.22191873,-0.22908244,-0.23022039,-0.23319685,-0.2387037,-0.24261637,-0.24252632,-0.2455302,-0.24470794,-0.24603543,-0.24797967,-0.2493145,-0.25290504,-0.2539018,-0.25624904,-0.25940242,-0.25994408,-0.25778496,-0.26183337,-0.2631128,-0.26867127,-0.27204353,-0.27514654,-0.2745337,-0.27736434,-0.27663574,-0.27650884,-0.27197766,-0.2712973,-0.27556556,-0.27573815,-0.27912337,-0.28067833,-0.27805215,-0.2828104,-0.28452632,-0.2865758,-0.28976133,-0.29104468,-0.2944806,-0.2990957,-0.3035834,-0.30793238,-0.30838504,-0.30835155,-0.30804974,-0.3103084,-0.30990976,-0.31375763
47,0.1641735,0.15982322,0.15612955,0.15124705,0.14299268,0.13042516,0.12263112,0.1152388,0.10796336,0.09895929,0.09132445,0.08367279,0.073402345,0.064899094,0.05739947,0.046782352,0.038797263,0.031843018,0.022580603,0.012431418,0.004694899,-0.002702584,-0.011251411,-0.019891033,-0.029714813,-0.037983228,-0.046394516,-0.053722836,-0.060878865,-0.06829759,-0.076047555,-0.083410956,-0.089958906,-0.09671275,-0.10429232,-0.11048925,-0.11592045,-0.12284585,-0.13366148,-0.14171427,-0.14893435,-0.1552875,-0.1577563,-0.16332492,-0.16961916,-0.17179285,-0.18004057,-0.18630353,-0.18939601,-0.19328251,-0.1966562,-0.20585851,-0.21107534,-0.22127542,-0.22725546,-0.23589642,-0.24193172,-0.24637628,-0.2505529,-0.25378892,-0.2572957,-0.26124972,-0.2658624,-0.27606985,-0.27994305,-0.28862944,-0.2933699,-0.3020954,-0.30537686,-0.31178886,-0.3163814,-0.31810012,-0.32147247,-0.32598233,-0.32989225,-0.33233696,-0.33630952,-0.338464,-0.3435782,-0.3463601,-0.35032558,-0.3537926,-0.36133724,-0.36583868,-0.37079155,-0.37320548,-0.37630126,-0.38003823,-0.3823935,-0.38569233,-0.38589102,-0.3901847,-0.39545214,-0.3973761,-0.40386876,-0.40763035,-0.41006103,-0.41834807,-0.42456922,-0.42952353,-0.4320717,-0.4351192,-0.43756095,-0.43788013,-0.44266224,-0.44559926,-0.44785172,-0.4506553,-0.45459372,-0.4533317,-0.45614186,-0.46246466,-0.4664111,-0.47409886,-0.47532582,-0.4727911,-0.47552052,-0.4780237,-0.48460665,-0.4900388
48,0.43355328,0.42845654,0.42059368,0.41557518,0.4075871,0.39676577,0.39026606,0.38081765,0.37150878,0.3631171,0.35542592,0.3472181,0.33462888,0.32577914,0.31857938,0.31189328,0.30731255,0.30200022,0.2984286,0.29200903,0.2842997,0.2778927,0.27024615,0.26321787,0.25606075,0.24774642,0.2429715,0.23874576,0.23256668,0.22598693,0.21969709,0.21388832,0.205407,0.19792162,0.19034895,0.18378468,0.17577092,0.17045645,0.1621771,0.15533344,0.14767936,0.13950418,0.13314939,0.12716159,0.12168721,0.11870925,0.11337868,0.10784632,0.10335865,0.097123384,0.09280169,0.08277642,0.07739348,0.0708602,0.064084664,0.058569957,0.053525172,0.046758365,0.044028495,0.040184505,0.037112616,0.033386108,0.028744051,0.02454414,0.021939617,0.0159097,0.008583965,0.0022763032,-0.002199547,-0.0084218485,-0.013898241,-0.019927746,-0.02293582,-0.028468963,-0.032973718,-0.033895828,-0.03611178,-0.041623954,-0.04720147,-0.048703592,-0.052599847,-0.056771874,-0.060028743,-0.06462006,-0.06938006,-0.07426774,-0.07959087,-0.08205651,-0.08210328,-0.08679986,-0.09295218,-0.09638844,-0.10078664,-0.10263153,-0.106787086,-0.11220972,-0.11818527,-0.11811148,-0.12437759,-0.12827049,-0.13179782,-0.13436833,-0.13934347,-0.14263543,-0.14788379,-0.15310939,-0.15441436,-0.1607258,-0.16542706,-0.1696819,-0.17532429,-0.18182665,-0.18828097,-0.19648853,-0.20168622,-0.20356944,-0.20778176,-0.20974712,-0.21216996,-0.2152009
49,-0.67701674,-0.6890462,-0.7009378,-0.71754634,-0.73466563,-0.75145715,-0.7681653,-0.7854654,-0.8056606,-0.82280713,-0.83967197,-0.8585323,-0.87771386,-0.89251626,-0.90701306,-0.92424905,-0.9417036,-0.95488703,-0.9694459,-0.9836162,-1.0007087,-1.01286,-1.0263631,-1.0389413,-1.0559229,-1.0739958,-1.088816,-1.1019241,-1.1146834,-1.1295722,-1.1462307,-1.1609913,-1.1728551,-1.1896158,-1.2030265,-1.2168089,-1.2289816,-1.241276,-1.2527072,-1.2661487,-1.279425,-1.2917956,-1.3034492,-1.3183076,-1.3298662,-1.3403623,-1.3544853,-1.3653967,-1.3767867,-1.3875453,-1.3950095,-1.4053276,-1.4153309,-1.4234943,-1.4341584,-1.4463786,-1.4576411,-1.464425,-1.4725051,-1.4826418,-1.4946313,-1.5028279,-1.5088667,-1.5158924,-1.5225017,-1.5282671,-1.5395511,-1.5462172,-1.5542984,-1.5619879,-1.5703875,-1.5771885,-1.5879676,-1.594185,-1.6039785,-1.6146605,-1.6226885,-1.6304657,-1.6441345,-1.6502746,-1.6573519,-1.6625859,-1.6711104,-1.6815717,-1.6832727,-1.693861,-1.6998694,-1.7076738,-1.7097073,-1.7163883,-1.7231013,-1.728838,-1.7376595,-1.7437998,-1.7483994,-1.755826,-1.7628418,-1.7684393,-1.7673547,-1.7692369,-1.7721255,-1.7806461,-1.7858627,-1.7890078,-1.7920277,-1.7978954,-1.8016853,-1.8096431,-1.813152,-1.8178122,-1.8261703,-1.8330714,-1.8364006,-1.8463628,-1.8490015,-1.8499231,-1.8508737,-1.8547175,-1.85554,-1.8572035
50,0.14424673,0.13200885,0.115131415,0.09529283,0.074640736,0.054057777,0.03686463,0.014417228,-0.006208116,-0.026011636,-0.045091048,-0.06514567,-0.08504122,-0.10558536,-0.1214066,-0.14053924,-0.15768367,-0.17302248,-0.19020694,-0.20756452,-0.22678497,-0.2425139,-0.25819364,-0.27641353,-0.29318628,-0.3110953,-0.32942903,-0.34512162,-0.3605731,-0.37555188,-0.39451677,-0.4116335,-0.42741203,-0.44421896,-0.45970336,-0.47432822,-0.4867332,-0.5018724,-0.5175537,-0.53266037,-0.54712003,-0.56035745,-0.5741418,-0.5893684,-0.60212183,-0.6157681,-0.6275033,-0.64065427,-0.6556635,-0.6698893,-0.68115956,-0.69572556,-0.7087811,-0.72385675,-0.73707736,-0.7505298,-0.7634006,-0.7742815,-0.78522503,-0.79883766,-0.8086294,-0.8223077,-0.83543646,-0.84822476,-0.85881233,-0.86643875,-0.88004285,-0.8936671,-0.90516293,-0.9184476,-0.930229,-0.937775,-0.94937575,-0.9610691,-0.97126466,-0.982707,-0.9947397,-1.0065317,-1.0208093,-1.0269526,-1.0385512,-1.0489721,-1.0596864,-1.0699621,-1.0763929,-1.0848436,-1.0935546,-1.1041836,-1.1121854,-1.1226444,-1.1346227,-1.1434959,-1.1559383,-1.1656158,-1.1764945,-1.1861681,-1.1959506,-1.2059071,-1.213623,-1.2232063,-1.2348979,-1.244495,-1.2550757,-1.2629994,-1.2709728,-1.2782749,-1.2858628,-1.2963554,-1.3052697,-1.3096204,-1.3212503,-1.3343029,-1.3410769,-1.3528731,-1.3586694,-1.3649315,-1.3733733,-1.3817306,-1.3851026,-1.394981
51,-0.3034124,-0.31024888,-0.3121477,-0.3157567,-0.31716943,-0.32194132,-0.3255933,-0.33044803,-0.3352956,-0.33748096,-0.34204432,-0.34501475,-0.3467607,-0.34872383,-0.3503155,-0.3526851,-0.3546645,-0.3519821,-0.3534473,-0.3577813,-0.36033615,-0.35935104,-0.35767198,-0.3563016,-0.357228,-0.35754672,-0.3565926,-0.35722655,-0.3534549,-0.35589218,-0.35786593,-0.35864452,-0.36047333,-0.36246207,-0.36158258,-0.36029646,-0.35970622,-0.357935,-0.35852125,-0.35888618,-0.3578195,-0.354951,-0.35799685,-0.3584061,-0.35683325,-0.35286194,-0.35136697,-0.34742236,-0.34688282,-0.34366137,-0.33955967,-0.33873,-0.33697408,-0.3376122,-0.33806846,-0.3375923,-0.33816835,-0.33579883,-0.333837,-0.3347635,-0.33290195,-0.32838175,-0.32785788,-0.32633862,-0.32154435,-0.31780222,-0.3162077,-0.3141282,-0.31354082,-0.31092757,-0.30752912,-0.30558664,-0.3071927,-0.30404234,-0.30093575,-0.2976991,-0.29110828,-0.2899129,-0.2887377,-0.28665,-0.28740007,-0.28876892,-0.28885826,-0.28634468,-0.2819323,-0.27722457,-0.2753686,-0.27540287,-0.2792067,-0.27608287,-0.27562514,-0.27630907,-0.27656394,-0.27351665,-0.2683205,-0.2672246,-0.26750213,-0.26568866,-0.26623845,-0.26471978,-0.26186424,-0.25892377,-0.25596997,-0.25122914,-0.24541306,-0.24151683,-0.23503193,-0.23111793,-0.2281141,-0.22553921,-0.22377948,-0.22024393,-0.21726707,-0.2206374,-0.2180318,-0.2130847,-0.21199694,-0.20928761,-0.2092396,-0.20723264
52,-0.08439709,-0.08881311,-0.09355539,-0.099446476,-0.10502199,-0.1098187,-0.11439498,-0.12010423,-0.12483609,-0.12926574,-0.13311595,-0.1368868,-0.1409253,-0.14592007,-0.14275865,-0.1461768,-0.14842288,-0.15102465,-0.15349075,-0.15643792,-0.1611068,-0.16076708,-0.16425706,-0.16314796,-0.16521654,-0.16918977,-0.17117324,-0.16947128,-0.16700459,-0.16918842,-0.17070833,-0.1734973,-0.1740918,-0.17442997,-0.17489508,-0.1765411,-0.17585911,-0.17588559,-0.17935602,-0.180501,-0.18129495,-0.17981139,-0.18092768,-0.17995763,-0.17827228,-0.17794348,-0.17339687,-0.17326376,-0.17209007,-0.17336836,-0.17495607,-0.17501363,-0.17240813,-0.16986337,-0.16859624,-0.17107621,-0.17172289,-0.17022546,-0.16850868,-0.16996923,-0.1696871,-0.16966546,-0.16869691,-0.16422579,-0.16214977,-0.15946643,-0.15774223,-0.15666637,-0.15501186,-0.1564932,-0.15635929,-0.1548343,-0.15617286,-0.15733956,-0.15757173,-0.15576714,-0.15432593,-0.15367523,-0.15237902,-0.1544911,-0.15274361,-0.15158439,-0.15040322,-0.14780493,-0.14858401,-0.14429623,-0.14108612,-0.13950934,-0.13634197,-0.13635826,-0.13687125,-0.13121922,-0.1300326,-0.127004,-0.12294535,-0.122874096,-0.1193882,-0.11904255,-0.11200853,-0.109405875,-0.10676938,-0.10423652,-0.10322179,-0.09807526,-0.092255905,-0.091822006,-0.08292909,-0.08174248,-0.07658942,-0.07570118,-0.07293765,-0.072934836,-0.07213649,-0.07279195,-0.07148323,-0.06608789,-0.06317932,-0.05925266,-0.054646205,-0.05357126
53,-0.62428075,-0.6286271,-0.6377649,-0.64736617,-0.6563487,-0.67108935,-0.6814631,-0.69317484,-0.70835865,-0.7165884,-0.72785854,-0.7388424,-0.74964416,-0.7621979,-0.7720691,-0.7825452,-0.79620063,-0.8031119,-0.8125639,-0.8255278,-0.83969593,-0.84753627,-0.8562113,-0.865139,-0.8756453,-0.88758767,-0.8988039,-0.9070345,-0.91622704,-0.92703515,-0.9368248,-0.94499123,-0.95398694,-0.9658038,-0.9747968,-0.98182905,-0.9911869,-0.9981694,-1.0075243,-1.0164709,-1.0274258,-1.034358,-1.041624,-1.0519671,-1.0600188,-1.0694095,-1.0744846,-1.0763986,-1.0835311,-1.0909296,-1.0949397,-1.1028638,-1.1117871,-1.1199439,-1.129905,-1.1395862,-1.1467059,-1.1497695,-1.1552511,-1.1615146,-1.171427,-1.179536,-1.1859826,-1.1894071,-1.1954134,-1.1940678,-1.2007966,-1.2066698,-1.211962,-1.2187641,-1.2253404,-1.2282537,-1.2354556,-1.2384338,-1.2429874,-1.2466611,-1.2502458,-1.2537903,-1.2625978,-1.2672745,-1.2744955,-1.279291,-1.2816787,-1.2840893,-1.287401,-1.2927071,-1.2952522,-1.2985617,-1.3001962,-1.303824,-1.3027258,-1.3022386,-1.3063893,-1.3073543,-1.3111696,-1.3133993,-1.3187277,-1.3257215,-1.3268396,-1.3287723,-1.3294237,-1.3331779,-1.3385088,-1.3452018,-1.3477818,-1.3511995,-1.3518825,-1.3554494,-1.3559259,-1.3566997,-1.3596001,-1.3629436,-1.3688859,-1.3737366,-1.37615,-1.3762443,-1.3742039,-1.3774211,-1.3733622,-1.3745496
54,-0.8977566,-0.89730376,-0.89699996,-0.893338,-0.8945883,-0.89571255,-0.89622724,-0.9010151,-0.9013179,-0.9024749,-0.9042414,-0.906267,-0.91055954,-0.9153436,-0.91498405,-0.91751415,-0.9202814,-0.9200015,-0.92121077,-0.9211413,-0.9259494,-0.92840403,-0.92926294,-0.92875403,-0.931726,-0.9361497,-0.938546,-0.94251454,-0.9457799,-0.94813746,-0.95280933,-0.95632136,-0.9582342,-0.9594084,-0.9601222,-0.9571487,-0.9599695,-0.96293354,-0.9653242,-0.96738195,-0.97063124,-0.9736277,-0.973547,-0.9741434,-0.97312707,-0.9690849,-0.97180814,-0.971361,-0.9735042,-0.9746984,-0.975667,-0.9740408,-0.9729929,-0.9716797,-0.97407866,-0.975701,-0.9768475,-0.9749608,-0.97230196,-0.9721738,-0.9708439,-0.9680275,-0.9660791,-0.9661621,-0.964726,-0.9594804,-0.9590069,-0.9567868,-0.95691097,-0.9524644,-0.9474562,-0.9461967,-0.9451563,-0.9478372,-0.9455365,-0.9434775,-0.9428257,-0.9394188,-0.94137776,-0.9406525,-0.9401766,-0.9361855,-0.9326271,-0.9346836,-0.92946005,-0.92803067,-0.9233462,-0.9216205,-0.9203955,-0.91571265,-0.911911,-0.9126421,-0.91220415,-0.90941316,-0.9045469,-0.8991977,-0.8937558,-0.8942499,-0.89186144,-0.8872695,-0.8851553,-0.88482887,-0.8825553,-0.879793,-0.8791089,-0.87410945,-0.8677515,-0.8667885,-0.8615881,-0.85625726,-0.85449755,-0.8529707,-0.85281026,-0.84987813,-0.8459786,-0.8452159,-0.8403165,-0.8388327,-0.8351909,-0.8325793
55,0.37148663,0.36693186,0.3597795,0.35344929,0.34854496,0.33952028,0.33160824,0.3239154,0.3170739,0.30943513,0.303856,0.2967041,0.2868929,0.28336468,0.27729806,0.2730012,0.26810956,0.2608949,0.2528791,0.24776372,0.24182244,0.23659411,0.22883527,0.22213534,0.2162551,0.21011424,0.20607479,0.1999486,0.19740489,0.1895688,0.18455885,0.18148066,0.17337295,0.1695377,0.16667429,0.16031818,0.15300989,0.14658317,0.14015797,0.13769495,0.1326957,0.12796494,0.12424542,0.120847486,0.1182161,0.1113499,0.106967226,0.10540988,0.10095171,0.0979951,0.0957891,0.091974825,0.09100448,0.08895076,0.085942894,0.08354288,0.08101244,0.07612503,0.07455732,0.06795933,0.065160975,0.062109046,0.061634578,0.05729481,0.05603122,0.05601316,0.054926824,0.05209308,0.0498522,0.047192864,0.047751587,0.0479725,0.04724705,0.04551041,0.044345777,0.041762445,0.042176835,0.043194167,0.04040559,0.040692054,0.039841525,0.035993855,0.037556805,0.033390187,0.032492477,0.031498175,0.031973362,0.029049492,0.028527278,0.02687481,0.027204279,0.025649305,0.02595598,0.026646558,0.026902145,0.025330568,0.02214409,0.021464638,0.020548563,0.022792047,0.020834582,0.019328143,0.020471787,0.021300817,0.021824563,0.02213542,0.022950906,0.022031978,0.020821592,0.021320768,0.026662016,0.027166223,0.029713657,0.029292285,0.030415347,0.030047113,0.031747542,0.033204917,0.034552477,0.03625982
56,-0.06002279,-0.06596352,-0.06916263,-0.07232099,-0.077976905,-0.08387207,-0.089829944,-0.09829045,-0.105144635,-0.1126018,-0.117302634,-0.122428596,-0.12937506,-0.13445687,-0.137838,-0.14184631,-0.1459741,-0.14468707,-0.15012905,-0.15540193,-0.16033359,-0.16396269,-0.1683929,-0.17257562,-0.17594817,-0.1787714,-0.17957202,-0.18270922,-0.1850923,-0.19012365,-0.1929658,-0.19497232,-0.19872949,-0.19967052,-0.2003121,-0.20399937,-0.21004403,-0.21230236,-0.21488245,-0.21736293,-0.21977422,-0.22034076,-0.22138765,-0.22222848,-0.22315529,-0.22395451,-0.22446282,-0.22432539,-0.2244957,-0.22398381,-0.22394812,-0.22634387,-0.22831635,-0.22853914,-0.22843201,-0.23031652,-0.23131454,-0.2278879,-0.22586167,-0.22756526,-0.22647448,-0.22841673,-0.22705257,-0.2250694,-0.2262361,-0.2243483,-0.22415395,-0.2224377,-0.21956356,-0.21916158,-0.2172623,-0.21685734,-0.21567185,-0.21449968,-0.212042,-0.21087603,-0.21069112,-0.21020362,-0.21197852,-0.2106036,-0.21104126,-0.2064279,-0.2047477,-0.20448048,-0.20328125,-0.20033371,-0.19964561,-0.19736639,-0.19428606,-0.19164503,-0.19009048,-0.18815547,-0.18668047,-0.18523625,-0.1815767,-0.17978302,-0.18025906,-0.18205842,-0.17719325,-0.17306967,-0.17016867,-0.16748059,-0.16316852,-0.16074434,-0.1611696,-0.15838557,-0.15181999,-0.15055993,-0.15004417,-0.14812355,-0.14471135,-0.14431153,-0.14214236,-0.1413217,-0.13628636,-0.13561153,-0.13147368,-0.12555824,-0.11948015,-0.11434151
57,-1.3659363,-1.3678181,-1.374971,-1.3843489,-1.3928506,-1.4029974,-1.4131519,-1.4250615,-1.4397204,-1.4484847,-1.4592578,-1.4702002,-1.4799887,-1.4911174,-1.5022044,-1.5139495,-1.5233889,-1.5305843,-1.5393726,-1.5481924,-1.5595772,-1.5666837,-1.5753025,-1.582629,-1.5927843,-1.6028455,-1.6110471,-1.6201222,-1.6294006,-1.6372917,-1.6486838,-1.6566312,-1.6638826,-1.6730791,-1.680555,-1.6855888,-1.6928091,-1.7011944,-1.7088217,-1.7173464,-1.7252643,-1.7325045,-1.7412932,-1.7490851,-1.7557142,-1.7584925,-1.7653437,-1.7715874,-1.7778451,-1.784323,-1.7864304,-1.7898632,-1.7958937,-1.8004545,-1.808712,-1.816335,-1.8213123,-1.8229654,-1.8254707,-1.8311771,-1.8365285,-1.8431915,-1.849637,-1.8519957,-1.852732,-1.8514318,-1.8579597,-1.8599579,-1.8623146,-1.8692955,-1.8737272,-1.8753716,-1.8794512,-1.8860238,-1.8888595,-1.8927475,-1.8944385,-1.8961912,-1.9020679,-1.9021223,-1.9037049,-1.9022163,-1.9021279,-1.9041446,-1.9035492,-1.9045823,-1.9064944,-1.9070711,-1.9058425,-1.9066035,-1.9073569,-1.9097391,-1.913489,-1.9161942,-1.9146214,-1.9179512,-1.9225521,-1.9225991,-1.9158745,-1.9168259,-1.9202106,-1.9238815,-1.9253765,-1.9244143,-1.9239143,-1.9237713,-1.9223936,-1.9242569,-1.922571,-1.9182469,-1.921582,-1.923804,-1.926132,-1.9259167,-1.9251878,-1.9199965,-1.9193585,-1.9186058,-1.9096264,-1.9086115
58,-0.91449517,-0.91494,-0.9203037,-0.9265963,-0.93782604,-0.9437772,-0.9525487,-0.96355504,-0.97363186,-0.9820323,-0.99086344,-1.0009627,-1.0090907,-1.0210701,-1.0283725,-1.0385884,-1.0477597,-1.0532882,-1.0611337,-1.0695729,-1.0799272,-1.0835121,-1.0922768,-1.1007721,-1.1096804,-1.12003,-1.1265099,-1.1348581,-1.1435127,-1.149918,-1.1588497,-1.1657432,-1.1735103,-1.179531,-1.1846321,-1.1893276,-1.1957666,-1.2020906,-1.2105213,-1.218366,-1.2259461,-1.2313617,-1.2374794,-1.2465942,-1.2512405,-1.251826,-1.2563176,-1.2618535,-1.2680871,-1.2723192,-1.2718477,-1.2748095,-1.2776678,-1.2833,-1.2887933,-1.2958186,-1.300269,-1.3024721,-1.3024464,-1.3057592,-1.3128076,-1.3149081,-1.3182405,-1.3188827,-1.3207331,-1.3180431,-1.319949,-1.3229936,-1.3213716,-1.3260287,-1.3296132,-1.3312283,-1.3345366,-1.3378822,-1.3395994,-1.3413502,-1.3414208,-1.3441452,-1.3495185,-1.3477217,-1.347293,-1.3508238,-1.3505194,-1.3483831,-1.3421805,-1.3440549,-1.3407078,-1.3418878,-1.3407016,-1.3430663,-1.343959,-1.3429415,-1.3484393,-1.3480628,-1.3499401,-1.3522301,-1.349032,-1.3508724,-1.3502662,-1.35091,-1.3518486,-1.3540353,-1.3531339,-1.3510313,-1.3516647,-1.3495281,-1.3508213,-1.3516772,-1.3494256,-1.347318,-1.346333,-1.3516772,-1.3521823,-1.3559481,-1.3576975,-1.3565534,-1.3562276,-1.3574239,-1.3515695,-1.349702
59,0.7441898,0.7440227,0.74265826,0.74096984,0.73882496,0.73402,0.7306557,0.7266574,0.7193625,0.7179804,0.7135647,0.7068733,0.69862413,0.6915666,0.68637925,0.68101895,0.6755104,0.666893,0.663644,0.65811074,0.6529793,0.6523333,0.6467827,0.6409396,0.637379,0.6318697,0.6247403,0.6203669,0.61687356,0.6101914,0.6050171,0.59992707,0.5955831,0.5901272,0.58696884,0.5811727,0.57780564,0.5746864,0.5686755,0.5643449,0.5610208,0.55702174,0.55277324,0.5465907,0.5437771,0.544064,0.5388668,0.5346619,0.5315579,0.5294412,0.5278506,0.5226537,0.5193383,0.52015424,0.5173234,0.51336664,0.50961125,0.5045722,0.5005673,0.4977862,0.4947966,0.4930645,0.48992032,0.48877168,0.48790368,0.48490793,0.48408064,0.4776063,0.47554636,0.4728334,0.47027802,0.47206378,0.4710051,0.4670084,0.46405524,0.46285352,0.4640452,0.46298042,0.46352535,0.45928615,0.46072334,0.458533,0.4588202,0.4564569,0.45068988,0.44927615,0.44822612,0.44755787,0.4439629,0.44447747,0.43971816,0.43798918,0.4350813,0.4341789,0.4344924,0.4327299,0.43316692,0.4287296,0.42347893,0.42239174,0.41736475,0.41689444,0.41522655,0.41523367,0.4148507,0.4162566,0.418092,0.41789168,0.4178822,0.42101067,0.41800302,0.41595706,0.41677213,0.41549712,0.41372055,0.41248614,0.41437107,0.41467637,0.41325822,0.41259083
60,-0.21963254,-0.22186136,-0.2224128,-0.2256273,-0.22989705,-0.23195107,-0.23564585,-0.24021561,-0.24136512,-0.24591258,-0.2501524,-0.25518745,-0.2625858,-0.2685362,-0.27287596,-0.27717972,-0.28244874,-0.28492907,-0.28989983,-0.2962698,-0.3031395,-0.3086029,-0.3134303,-0.31988683,-0.325414,-0.3308058,-0.33615714,-0.33947608,-0.3449089,-0.34821123,-0.35317335,-0.35857278,-0.36436737,-0.3702611,-0.37463376,-0.3792581,-0.3861907,-0.39369348,-0.40061688,-0.40335092,-0.40893334,-0.41224328,-0.4128956,-0.4165123,-0.42257047,-0.42942876,-0.43559784,-0.43874544,-0.44496006,-0.45074016,-0.45666638,-0.46333295,-0.46849817,-0.47156549,-0.47555476,-0.48117572,-0.486581,-0.48938614,-0.49347258,-0.49633807,-0.50115764,-0.5041857,-0.5101094,-0.5140667,-0.51794195,-0.5218235,-0.5251116,-0.52878356,-0.53243333,-0.5370075,-0.5410236,-0.54506695,-0.54861665,-0.5528357,-0.556792,-0.560965,-0.56583184,-0.5703355,-0.57504684,-0.5819845,-0.5854774,-0.5883019,-0.59404874,-0.6014171,-0.60405153,-0.60922694,-0.6113548,-0.6165302,-0.6180505,-0.6175684,-0.6259592,-0.6280128,-0.62941104,-0.6308989,-0.63224477,-0.6384071,-0.6411041,-0.64711356,-0.6511306,-0.6521486,-0.6564839,-0.6576877,-0.66250336,-0.66593564,-0.66593677,-0.67165637,-0.6736891,-0.67817014,-0.6814779,-0.6814598,-0.68438137,-0.6893512,-0.6934823,-0.6949004,-0.6963655,-0.6953258,-0.6970115,-0.6985976,-0.69807917,-0.7018516
61,0.4012677,0.3893717,0.37489095,0.36240286,0.34784862,0.3318392,0.3163096,0.3000293,0.2859561,0.27385837,0.25981927,0.24420905,0.22916956,0.21584073,0.19929752,0.18723999,0.17450276,0.15974155,0.14637943,0.13275814,0.11697122,0.101279914,0.08743987,0.07617542,0.060227472,0.046084706,0.032558575,0.01888273,0.009253893,-0.0060234205,-0.021123057,-0.03129999,-0.044040363,-0.05865863,-0.07028006,-0.082371406,-0.0950415,-0.11092726,-0.12553002,-0.13770255,-0.15005419,-0.16168037,-0.17432274,-0.18781534,-0.19692345,-0.20582542,-0.21691832,-0.23053598,-0.24319832,-0.25384712,-0.26435986,-0.278021,-0.28693,-0.29864225,-0.31065598,-0.32164833,-0.3327673,-0.34509343,-0.35689816,-0.3675933,-0.38001722,-0.3919906,-0.40145501,-0.41431126,-0.42543864,-0.43532363,-0.44430876,-0.45535293,-0.4630786,-0.47382182,-0.48069802,-0.48772383,-0.49821258,-0.5054752,-0.5111332,-0.52226317,-0.53057134,-0.5400208,-0.55165654,-0.5604063,-0.5707152,-0.5799092,-0.589715,-0.59796274,-0.6063278,-0.6147162,-0.62206763,-0.6319547,-0.644393,-0.65348756,-0.65944135,-0.6656621,-0.6745506,-0.68255603,-0.69017744,-0.7011582,-0.7087394,-0.72320735,-0.72959423,-0.7382566,-0.74734265,-0.75490415,-0.7640489,-0.76999944,-0.77544266,-0.78241694,-0.78754056,-0.79817235,-0.80344343,-0.8153531,-0.81909406,-0.8280636,-0.83193225,-0.8423125,-0.84815997,-0.8554293,-0.86237925,-0.8681427,-0.87085027,-0.8766478
62,0.16346253,0.15037376,0.13976893,0.13100696,0.11737311,0.10478369,0.094429195,0.08032443,0.06805779,0.05574947,0.04133657,0.02935946,0.017822957,0.0046916353,-0.0034473147,-0.01668121,-0.029328842,-0.042218387,-0.055097677,-0.06738964,-0.079809435,-0.09086807,-0.10149876,-0.11268248,-0.12372637,-0.13561049,-0.14328614,-0.15436512,-0.16123176,-0.16978385,-0.18111704,-0.19092022,-0.20045237,-0.21241136,-0.21993136,-0.2311819,-0.24058585,-0.25093055,-0.26150662,-0.27362302,-0.28136027,-0.28848284,-0.29866713,-0.30927923,-0.31644723,-0.32560238,-0.3340816,-0.34550956,-0.35575897,-0.36223355,-0.36753312,-0.37826955,-0.3845361,-0.39180595,-0.4012099,-0.40857834,-0.4161632,-0.42258134,-0.4274221,-0.4339529,-0.44280815,-0.45111734,-0.45849404,-0.462135,-0.46492076,-0.4685436,-0.47517663,-0.48281273,-0.48945737,-0.49498352,-0.5033179,-0.5076242,-0.5154253,-0.5178939,-0.52294815,-0.52747345,-0.53272897,-0.5386145,-0.54662186,-0.55169547,-0.55665404,-0.5641705,-0.568772,-0.57167256,-0.57606065,-0.58033526,-0.58567405,-0.589978,-0.5945281,-0.5996826,-0.6053589,-0.6077609,-0.6124821,-0.6175441,-0.62030315,-0.6252827,-0.6283346,-0.630118,-0.6367841,-0.64128816,-0.64507157,-0.647391,-0.65532726,-0.6561358,-0.6560453,-0.6601987,-0.66644776,-0.6706213,-0.6756426,-0.67641246,-0.6809581,-0.68702906,-0.69099736,-0.69716275,-0.6998142,-0.7018392,-0.7031254,-0.7050322,-0.70513856,-0.7098451
63,0.2583303,0.24431796,0.23091269,0.21466175,0.19902256,0.17974347,0.1631699,0.14569297,0.13178422,0.11864767,0.10461767,0.09147046,0.075760834,0.06288953,0.049865715,0.035396077,0.022729075,0.007284568,-0.0053004483,-0.020361263,-0.034511458,-0.04646415,-0.055201925,-0.067650214,-0.078969724,-0.09089996,-0.10109985,-0.111322716,-0.12058057,-0.13108243,-0.14275782,-0.15271884,-0.1632363,-0.17439872,-0.18438043,-0.19726487,-0.20628604,-0.21556231,-0.22627747,-0.2346226,-0.24356706,-0.25373492,-0.26476657,-0.27577797,-0.28385735,-0.29556555,-0.3037943,-0.3121108,-0.32178855,-0.3292448,-0.33722568,-0.34587103,-0.3525948,-0.3611845,-0.37046847,-0.37925762,-0.39119118,-0.3993531,-0.40527278,-0.41195512,-0.42270836,-0.42874137,-0.43504804,-0.43873516,-0.4450992,-0.45226264,-0.45701212,-0.4638099,-0.46846122,-0.47646245,-0.4835995,-0.4888156,-0.49835554,-0.50363284,-0.5071695,-0.5136367,-0.51796585,-0.5231668,-0.529841,-0.5347858,-0.5407803,-0.5464064,-0.54800504,-0.55182487,-0.5550145,-0.5594698,-0.5646242,-0.568099,-0.5731198,-0.57772374,-0.5824834,-0.5900177,-0.59302104,-0.5975382,-0.60030526,-0.60713875,-0.6113368,-0.61792296,-0.62253004,-0.62535083,-0.6281928,-0.63348687,-0.6378269,-0.64240265,-0.6466907,-0.6500923,-0.65695125,-0.66234255,-0.6667291,-0.67170495,-0.6749513,-0.68110985,-0.68746346,-0.6938495,-0.69379187,-0.69424754,-0.69539756,-0.6993264,-0.69732404,-0.6991246
64,0.4646001,0.44944328,0.43490854,0.42023158,0.4073105,0.38999802,0.3767451,0.35997516,0.343116,0.3280774,0.31311792,0.2996482,0.28289512,0.2677545,0.25423092,0.23877196,0.22426096,0.20800705,0.19272791,0.17887497,0.16584046,0.15379128,0.14155906,0.12760952,0.113610566,0.098084405,0.08439867,0.07397239,0.06180065,0.04865155,0.03605154,0.0231166,0.012233326,0.00026252057,-0.011020084,-0.024121089,-0.03548298,-0.046696328,-0.057567783,-0.06603954,-0.078836456,-0.08699544,-0.100159146,-0.108988665,-0.116689764,-0.12551501,-0.13241228,-0.14139749,-0.15165478,-0.1620282,-0.17062032,-0.17790017,-0.1848577,-0.1901848,-0.19937086,-0.20684607,-0.21632412,-0.22115397,-0.23076776,-0.23829687,-0.24597216,-0.25499925,-0.26145485,-0.26830712,-0.27531886,-0.27992585,-0.2874866,-0.2952953,-0.30040514,-0.30890885,-0.31658238,-0.32311723,-0.33036682,-0.3378368,-0.3446006,-0.35071677,-0.35842943,-0.36432528,-0.3708637,-0.37674457,-0.38342497,-0.38724893,-0.39047787,-0.39782032,-0.406923,-0.41328079,-0.41825494,-0.42320332,-0.42847556,-0.4355433,-0.44092202,-0.44849095,-0.45346957,-0.45756158,-0.45826635,-0.46447483,-0.4713916,-0.47600946,-0.48278356,-0.4853324,-0.48925877,-0.49569255,-0.5013858,-0.50194645,-0.50802433,-0.5134293,-0.51727057,-0.5213408,-0.524671,-0.53058386,-0.5355612,-0.5417323,-0.5477898,-0.5535516,-0.55623436,-0.55753005,-0.55495673,-0.55740356,-0.5623611,-0.5665723
65,0.547968,0.5352398,0.52198213,0.5089497,0.4945244,0.4775134,0.4599809,0.44134656,0.42408055,0.4056399,0.38761955,0.37017682,0.35280356,0.33454952,0.3203873,0.30487755,0.28971884,0.27415916,0.26104465,0.24052224,0.22634947,0.21224913,0.19850118,0.18217996,0.16906373,0.15485945,0.14313759,0.12820522,0.11848025,0.106554724,0.09362176,0.0833515,0.06975047,0.058103256,0.046238236,0.032853927,0.021173045,0.008739896,-0.0029524125,-0.014478105,-0.028357128,-0.03961036,-0.051297914,-0.06235843,-0.07252958,-0.081610136,-0.09016242,-0.099745184,-0.107859805,-0.11846042,-0.1290351,-0.1367705,-0.14717397,-0.155721,-0.1634408,-0.17276411,-0.18174061,-0.18668291,-0.19521303,-0.20438473,-0.21029124,-0.22015493,-0.2295553,-0.23778415,-0.24398115,-0.25357485,-0.26060528,-0.26479834,-0.27173048,-0.27682844,-0.28691876,-0.29401487,-0.30017102,-0.30862796,-0.3163914,-0.32547003,-0.3322185,-0.3371807,-0.34580532,-0.34962964,-0.35754818,-0.3603313,-0.36588046,-0.37683755,-0.3855464,-0.39111328,-0.39868003,-0.40249115,-0.40542358,-0.4119802,-0.41762263,-0.4209896,-0.42646566,-0.42993703,-0.4372778,-0.44046694,-0.4451862,-0.44899115,-0.4537734,-0.4612918,-0.4665729,-0.47176903,-0.47560984,-0.48071027,-0.48837918,-0.4929401,-0.5002712,-0.50419474,-0.5086772,-0.5103253,-0.5158299,-0.5209107,-0.52734816,-0.5335792,-0.5388249,-0.54449373,-0.5494062,-0.55416983,-0.5537739,-0.5580061
66,-0.3570649,-0.3635897,-0.37201214,-0.38391593,-0.39468306,-0.40973443,-0.42245454,-0.436485,-0.45115733,-0.4645814,-0.48023543,-0.49405465,-0.50953066,-0.52298033,-0.5387419,-0.55146945,-0.5639921,-0.5736976,-0.58520377,-0.59727883,-0.61145824,-0.6176156,-0.6282548,-0.6399475,-0.6520375,-0.6646064,-0.67416346,-0.6834571,-0.6886295,-0.69828665,-0.70984334,-0.7195193,-0.728027,-0.7377964,-0.7479104,-0.75539714,-0.7637187,-0.7735826,-0.7823089,-0.7919144,-0.800424,-0.8081339,-0.81550074,-0.8221334,-0.8279894,-0.832551,-0.8381947,-0.84486496,-0.8523151,-0.8594333,-0.86438066,-0.8718845,-0.87918025,-0.8831776,-0.8909031,-0.89830816,-0.90274984,-0.9003498,-0.9035004,-0.9095677,-0.91320074,-0.91954005,-0.9256055,-0.92982274,-0.93615735,-0.936907,-0.9426467,-0.94366246,-0.94635546,-0.9517509,-0.95605546,-0.9595251,-0.9640635,-0.9677496,-0.96778744,-0.97382677,-0.9753947,-0.97789985,-0.98482573,-0.98877287,-0.9897851,-0.99361783,-0.99635077,-0.99777156,-0.9967181,-0.99813974,-1.0013827,-1.0052794,-1.0078971,-1.0113991,-1.0133401,-1.0144922,-1.0192574,-1.0218935,-1.0248339,-1.028802,-1.0320549,-1.032939,-1.036206,-1.0375364,-1.0374148,-1.0415502,-1.0461435,-1.0461342,-1.044563,-1.044697,-1.0450635,-1.0488169,-1.0500677,-1.0495818,-1.0532128,-1.057815,-1.061074,-1.0652931,-1.065069,-1.0662369,-1.0660142,-1.0669528,-1.0629394,-1.064274
67,-0.9696121,-0.97432935,-0.9793584,-0.987422,-0.9937768,-1.0050285,-1.012953,-1.0212977,-1.0307727,-1.0384285,-1.0472124,-1.053889,-1.0596982,-1.0715768,-1.0779709,-1.0865424,-1.0970061,-1.1036363,-1.1136138,-1.1231518,-1.1312019,-1.1376177,-1.1447909,-1.15114,-1.1599795,-1.1696911,-1.1768849,-1.1834028,-1.1866839,-1.1960123,-1.204205,-1.2104777,-1.216494,-1.2237618,-1.2311823,-1.238272,-1.2439734,-1.2523688,-1.2617338,-1.2675872,-1.2747205,-1.2817295,-1.2919712,-1.2978795,-1.3052429,-1.3082952,-1.3135697,-1.316149,-1.3230782,-1.3276042,-1.3323166,-1.3352282,-1.3416586,-1.3468846,-1.3529358,-1.3629377,-1.3677384,-1.372258,-1.3765564,-1.3817083,-1.3886645,-1.3942788,-1.3976551,-1.3970649,-1.4008083,-1.4044658,-1.4120204,-1.4188219,-1.4216232,-1.4261444,-1.4285412,-1.4325861,-1.4376848,-1.4459312,-1.4505479,-1.4574312,-1.4590614,-1.4649191,-1.4713917,-1.4727215,-1.4779493,-1.4841257,-1.4879407,-1.4933841,-1.4968381,-1.5017295,-1.5053535,-1.5060629,-1.5026495,-1.5078695,-1.5097706,-1.5111525,-1.514049,-1.5197045,-1.523745,-1.5300709,-1.535323,-1.53492,-1.5382184,-1.5388787,-1.5412871,-1.5452921,-1.5523573,-1.5535305,-1.5542359,-1.558476,-1.5589175,-1.5635273,-1.5680155,-1.5684292,-1.5727024,-1.578262,-1.5837017,-1.5885555,-1.591101,-1.590912,-1.5929573,-1.5950599,-1.5953262,-1.5994027
68,-2.1374362,-2.1412745,-2.149991,-2.1607533,-2.1715417,-2.1762605,-2.1838202,-2.1961842,-2.2057347,-2.215162,-2.2275026,-2.2378623,-2.2444508,-2.2559848,-2.267237,-2.278196,-2.2879462,-2.2936099,-2.3021588,-2.31218,-2.3248124,-2.3293412,-2.3382816,-2.3466907,-2.3579643,-2.3699346,-2.3810618,-2.3892975,-2.3950143,-2.4040132,-2.4162335,-2.4245553,-2.4331565,-2.4453237,-2.4536402,-2.4598708,-2.4683533,-2.4758968,-2.4872746,-2.4946702,-2.5029345,-2.510762,-2.5160775,-2.5247045,-2.531683,-2.5371504,-2.5423615,-2.5488608,-2.5567715,-2.5625517,-2.5613704,-2.5632787,-2.5723145,-2.57858,-2.588179,-2.5964057,-2.6024518,-2.6027687,-2.604531,-2.6109242,-2.6195524,-2.6248915,-2.6314886,-2.6359901,-2.642583,-2.646543,-2.652966,-2.6577652,-2.6626468,-2.6687276,-2.6710887,-2.6725848,-2.6768963,-2.6870668,-2.6886785,-2.6946657,-2.7009628,-2.7067509,-2.716494,-2.7172034,-2.719932,-2.7150953,-2.7185614,-2.7247896,-2.7210512,-2.726498,-2.7287364,-2.7314303,-2.7326436,-2.737445,-2.742376,-2.7438524,-2.750465,-2.754655,-2.7572277,-2.7611728,-2.7602973,-2.7637248,-2.7702909,-2.7706077,-2.7752645,-2.7813728,-2.7869248,-2.7867255,-2.786199,-2.7897766,-2.7910092,-2.7983139,-2.7958336,-2.7939808,-2.8006825,-2.8057086,-2.8085446,-2.812836,-2.8143802,-2.8142838,-2.8162136,-2.8203843,-2.8170197,-2.8152766
69,-0.5462914,-0.5515072,-0.5558139,-0.5647168,-0.5755044,-0.58498394,-0.59444207,-0.60402155,-0.6132015,-0.6210309,-0.6282046,-0.6385872,-0.6452411,-0.65359586,-0.6604517,-0.6678776,-0.6738532,-0.67705417,-0.68166703,-0.68861187,-0.6978473,-0.70214087,-0.70910555,-0.71392864,-0.7198552,-0.7268803,-0.72902834,-0.7385757,-0.74434865,-0.752125,-0.76089036,-0.76826346,-0.77256763,-0.77963006,-0.7883221,-0.7933157,-0.7992855,-0.8043011,-0.81075966,-0.8173977,-0.82108057,-0.8270872,-0.8343299,-0.8377105,-0.84102696,-0.84242165,-0.84839284,-0.8544733,-0.8593814,-0.8622633,-0.8611142,-0.86555624,-0.86856776,-0.8724084,-0.87604725,-0.8814594,-0.8844886,-0.8897607,-0.8910929,-0.89436305,-0.89481795,-0.8992909,-0.90351236,-0.90625155,-0.90944177,-0.9125951,-0.9171478,-0.91903704,-0.91951036,-0.9248268,-0.9278261,-0.9300641,-0.9387582,-0.94437397,-0.9467883,-0.94988316,-0.95071715,-0.95244586,-0.9579582,-0.96116954,-0.9650925,-0.9688274,-0.97036564,-0.9724928,-0.97677517,-0.9778016,-0.97865236,-0.98327386,-0.9852683,-0.99045753,-0.9900721,-0.9900619,-0.9963523,-1.0011299,-1.0015421,-1.0050328,-1.0100124,-1.0130923,-1.0188609,-1.0221335,-1.0229248,-1.02603,-1.0254865,-1.0234755,-1.0257354,-1.0271965,-1.0284655,-1.0324264,-1.0329506,-1.0343864,-1.038067,-1.0412648,-1.0439456,-1.0487739,-1.0502558,-1.0514477,-1.0570003,-1.0587733,-1.0600302,-1.0650519
70,-0.4663524,-0.47156912,-0.47849482,-0.49028936,-0.5041357,-0.51252633,-0.5261042,-0.53958607,-0.5523007,-0.56453943,-0.5768797,-0.5876238,-0.5993825,-0.614041,-0.6233057,-0.637308,-0.65009123,-0.6575047,-0.668283,-0.68175,-0.6958397,-0.7029852,-0.7178141,-0.7309885,-0.7408339,-0.7550837,-0.7639115,-0.7745501,-0.78275704,-0.7958951,-0.8075293,-0.8182001,-0.8286452,-0.8408283,-0.8515999,-0.8600504,-0.86979854,-0.88163745,-0.8920099,-0.9046677,-0.91011965,-0.9195517,-0.92758054,-0.93700135,-0.9453794,-0.95504457,-0.96244556,-0.9751171,-0.98534715,-0.99529374,-1.0021971,-1.0089824,-1.017346,-1.0277641,-1.040961,-1.0535954,-1.0638605,-1.0683978,-1.0725896,-1.0829505,-1.0942013,-1.1052501,-1.1128144,-1.1181312,-1.1281302,-1.1312796,-1.1412567,-1.1464374,-1.1541779,-1.163735,-1.1714628,-1.1778778,-1.1844456,-1.1939144,-1.2007977,-1.2084131,-1.2163365,-1.2227616,-1.2311547,-1.2370013,-1.244699,-1.24965,-1.2579777,-1.2674761,-1.2716953,-1.2787453,-1.2855116,-1.2873285,-1.293674,-1.3027174,-1.3128968,-1.3191359,-1.3291682,-1.3371111,-1.3425218,-1.3509287,-1.360067,-1.3701723,-1.3765064,-1.3800223,-1.3861359,-1.3927656,-1.3999748,-1.3969376,-1.4007385,-1.4058279,-1.4087054,-1.41859,-1.4258894,-1.4311606,-1.4399838,-1.4509213,-1.45471,-1.4649954,-1.4745089,-1.4793698,-1.4842768,-1.489876,-1.4952592,-1.5004727
71,1.0987998,1.094971,1.0941914,1.0922588,1.0913274,1.0878923,1.0853002,1.0833988,1.0811561,1.0827181,1.0834385,1.0838354,1.0814564,1.0830534,1.0834529,1.0830697,1.0845255,1.08362,1.0816185,1.0857251,1.0854423,1.0838785,1.0819066,1.0851139,1.0851281,1.0857841,1.0857456,1.0875453,1.0884572,1.0885707,1.0865592,1.0887263,1.091386,1.0900443,1.0913255,1.0896132,1.0883977,1.0868037,1.0872082,1.090342,1.090062,1.0956904,1.0968784,1.0978827,1.0993026,1.0942557,1.0943015,1.0987223,1.1015712,1.1045972,1.1074319,1.1078384,1.1093352,1.1105293,1.1107467,1.112565,1.110949,1.1112179,1.1104192,1.1103551,1.109787,1.1115209,1.1168509,1.1150559,1.1199018,1.1185819,1.117049,1.1173406,1.1198081,1.1236023,1.1259165,1.1272899,1.128468,1.1288407,1.1294467,1.1351008,1.136554,1.1369462,1.1385043,1.1402882,1.1404746,1.1399693,1.141716,1.1383106,1.1382148,1.1400684,1.1448379,1.1440167,1.1404288,1.1432707,1.1432302,1.143225,1.1482774,1.147577,1.148133,1.1508358,1.149773,1.1528337,1.1535896,1.1530268,1.1514833,1.1521413,1.1521615,1.1539141,1.1526048,1.1539835,1.1561353,1.1586897,1.158712,1.1569217,1.1582493,1.1585194,1.1598918,1.1591918,1.1578076,1.1614501,1.1616862,1.1595742,1.1597173,1.1545159
72,1.2656184,1.2581619,1.2555604,1.2509476,1.2440097,1.23835,1.2318847,1.2274872,1.2245765,1.221023,1.2192451,1.21192,1.2080038,1.2021616,1.1961323,1.1906867,1.1897321,1.1856086,1.1834643,1.1794255,1.1771206,1.17255,1.1681478,1.1638604,1.1620716,1.1589906,1.1560318,1.1519067,1.1458305,1.1390915,1.1344876,1.1297466,1.1275954,1.1238877,1.1208613,1.1139966,1.1061859,1.1010348,1.0975461,1.0961984,1.0933403,1.091558,1.0881081,1.087211,1.0823752,1.0788531,1.0728954,1.0712742,1.0692769,1.0650705,1.0590618,1.0560341,1.052244,1.0520645,1.0506771,1.04964,1.0443407,1.0387428,1.0325936,1.0306277,1.0289234,1.025377,1.0236347,1.0226756,1.0225408,1.0181873,1.0177225,1.0122659,1.0111952,1.0100543,1.0059476,1.0022496,0.99858063,0.9946453,0.9930323,0.9908191,0.9897151,0.9875084,0.98572385,0.98180944,0.97907543,0.98070747,0.9777468,0.97269213,0.971375,0.9696625,0.9695163,0.96634704,0.96194905,0.9596983,0.95489156,0.9467617,0.9459053,0.94267225,0.94228154,0.93853986,0.93780005,0.93456376,0.93145674,0.9317045,0.9276347,0.9248923,0.9211047,0.9166891,0.9136383,0.90975046,0.90649873,0.9042853,0.9009515,0.90065116,0.89871615,0.897019,0.89801913,0.8956291,0.89202154,0.8899857,0.88290966,0.8857538,0.8766912,0.8718176
73,-0.3189822,-0.3247916,-0.32765025,-0.33485526,-0.34388956,-0.35393843,-0.3604363,-0.36988392,-0.3806785,-0.38718066,-0.39656338,-0.40450463,-0.4119969,-0.42069873,-0.42705712,-0.43463826,-0.4429962,-0.45284206,-0.4562629,-0.46257114,-0.47289863,-0.48361045,-0.49087518,-0.5006207,-0.50914514,-0.51968837,-0.5294808,-0.5394223,-0.5440425,-0.5547844,-0.56479806,-0.5742635,-0.5807888,-0.59017354,-0.5968281,-0.6047536,-0.61316115,-0.62094975,-0.62803406,-0.63437027,-0.6414836,-0.6493531,-0.6563918,-0.6664991,-0.67388076,-0.6827146,-0.690668,-0.697811,-0.7040868,-0.7117675,-0.7169293,-0.72354686,-0.7309569,-0.7362934,-0.741837,-0.7482848,-0.7579094,-0.7642535,-0.7685353,-0.7755009,-0.78465056,-0.7928731,-0.80047256,-0.8098771,-0.8142046,-0.8156225,-0.8232423,-0.8270477,-0.8316809,-0.837543,-0.84302473,-0.8467897,-0.8494735,-0.8555908,-0.8611733,-0.8698915,-0.87671936,-0.8808586,-0.88979894,-0.8966757,-0.9048365,-0.9093089,-0.91421473,-0.92320216,-0.9239786,-0.93162644,-0.9355031,-0.9401247,-0.94632673,-0.95299053,-0.9515818,-0.95681506,-0.96184796,-0.9672388,-0.9735616,-0.9810454,-0.98453426,-0.9926934,-0.9925827,-0.994872,-0.9997371,-1.0078897,-1.0149096,-1.0195106,-1.0171937,-1.0215201,-1.0254859,-1.030411,-1.042098,-1.038125,-1.0448565,-1.0525002,-1.0556748,-1.0641848,-1.0682651,-1.0690988,-1.072273,-1.0777471,-1.0791609,-1.0845392
74,-0.84860885,-0.8547495,-0.8631915,-0.8702671,-0.87705153,-0.8853567,-0.89417946,-0.9059373,-0.9155413,-0.92461,-0.93536484,-0.94421434,-0.9554013,-0.96625006,-0.9719766,-0.9820469,-0.988097,-0.9933419,-1.0022322,-1.0121654,-1.0220286,-1.0300074,-1.0400939,-1.0472509,-1.0558835,-1.066848,-1.0750339,-1.0827035,-1.0908557,-1.1001333,-1.1098076,-1.1178558,-1.1257048,-1.1348292,-1.1398052,-1.145397,-1.1521418,-1.1634957,-1.1708243,-1.1767771,-1.1836418,-1.1903514,-1.1953646,-1.20134,-1.2061656,-1.209103,-1.2175496,-1.2235968,-1.2305148,-1.2381518,-1.2442839,-1.2528896,-1.257736,-1.2627532,-1.2713383,-1.2792926,-1.2853111,-1.2855622,-1.2927413,-1.2993548,-1.3058338,-1.314956,-1.3206713,-1.3272902,-1.3314397,-1.3338512,-1.3416159,-1.3458714,-1.3517381,-1.3583758,-1.3652685,-1.3702657,-1.376161,-1.3817791,-1.3900945,-1.3956869,-1.4003034,-1.4049193,-1.4120674,-1.4188478,-1.4236133,-1.4251233,-1.4284568,-1.4318893,-1.4348085,-1.4404647,-1.4407383,-1.4447705,-1.4528091,-1.4584038,-1.4613268,-1.4624751,-1.4684979,-1.4722247,-1.4753523,-1.480564,-1.4819715,-1.4869258,-1.4891176,-1.4925756,-1.4937313,-1.5005248,-1.506006,-1.5102719,-1.5151076,-1.5165603,-1.5145738,-1.5210139,-1.5255277,-1.5287383,-1.5322287,-1.5405356,-1.5433381,-1.5488951,-1.5476267,-1.545322,-1.5483162,-1.5500675,-1.550498,-1.551749
75,-0.045360323,-0.049259465,-0.05021081,-0.054470874,-0.055436146,-0.06267706,-0.06565033,-0.069438994,-0.07332819,-0.080513746,-0.08436384,-0.08920939,-0.092899755,-0.096439086,-0.09949438,-0.101812616,-0.105470635,-0.108716466,-0.11219774,-0.11486466,-0.11798513,-0.12000247,-0.12644477,-0.12788416,-0.13086447,-0.13439657,-0.13799629,-0.13986784,-0.14225227,-0.14679931,-0.1512185,-0.15211967,-0.15255177,-0.1537847,-0.15719469,-0.15895952,-0.16351798,-0.16683117,-0.17098445,-0.17199752,-0.1744369,-0.17684147,-0.1808716,-0.18347722,-0.18421863,-0.18692717,-0.1862966,-0.18381166,-0.18607742,-0.18760642,-0.19080874,-0.18992054,-0.18913044,-0.1884396,-0.18839511,-0.18903998,-0.18897511,-0.18678477,-0.18999204,-0.19260539,-0.1940321,-0.19673637,-0.19734576,-0.1983514,-0.1975549,-0.19631949,-0.19542079,-0.1963059,-0.19518428,-0.19764009,-0.19973215,-0.198284,-0.19675246,-0.19827369,-0.19823737,-0.19826327,-0.19521748,-0.19613065,-0.19817771,-0.19835977,-0.19737078,-0.20108671,-0.19862035,-0.19982079,-0.1960904,-0.19689968,-0.1951451,-0.19196561,-0.19239175,-0.19430175,-0.19528064,-0.19209854,-0.19064721,-0.19077656,-0.18795064,-0.1858017,-0.1850055,-0.18630397,-0.18122664,-0.17819434,-0.17883423,-0.17895523,-0.1787702,-0.17384712,-0.16892654,-0.16753028,-0.16325763,-0.16199541,-0.1584547,-0.1612469,-0.15759258,-0.15647207,-0.15745473,-0.15712047,-0.15570495,-0.15305252,-0.15004295,-0.14752987,-0.14084895,-0.13626921
76,0.70665973,0.70198095,0.6954593,0.6888711,0.6824037,0.6716465,0.6660661,0.6563484,0.64691174,0.642949,0.63646555,0.62952507,0.6214109,0.6144989,0.60762656,0.6026966,0.59803414,0.5890053,0.5835622,0.57754254,0.57204884,0.563996,0.5582624,0.55482566,0.5477246,0.54159844,0.5374248,0.5321732,0.52829057,0.5214528,0.51498926,0.51255214,0.5102186,0.506974,0.504968,0.5000142,0.49599046,0.4903037,0.48374215,0.48137355,0.4768203,0.473207,0.4679478,0.46460757,0.46108603,0.4572029,0.45324382,0.45106468,0.44934502,0.44664723,0.43948135,0.4346447,0.43277517,0.43103188,0.42977476,0.42829847,0.42472982,0.4232847,0.42018753,0.41667968,0.4137613,0.4121999,0.41085142,0.40774113,0.40922076,0.41031632,0.40912446,0.40765125,0.40695754,0.40508556,0.40631062,0.4097394,0.4095788,0.40855414,0.40687037,0.40713057,0.40644962,0.40401292,0.4022072,0.40220395,0.40208253,0.4003685,0.3997849,0.39763504,0.39634606,0.39593583,0.3970103,0.39466637,0.3901631,0.38977498,0.38911104,0.38706505,0.38726217,0.38849133,0.3902421,0.39077324,0.39153805,0.38686034,0.38618958,0.38538164,0.384665,0.38278404,0.38174915,0.38222772,0.38579586,0.3875106,0.3871446,0.38748065,0.38950753,0.39496812,0.39667267,0.39702183,0.3978214,0.3990964,0.39792386,0.39736378,0.3969212,0.3953125,0.39413422,0.39749682
77,-0.90696824,-0.90821743,-0.9087273,-0.9116955,-0.9126868,-0.9180361,-0.92031443,-0.92681277,-0.9298135,-0.9337171,-0.93710405,-0.94268894,-0.9482895,-0.95468616,-0.9576915,-0.9602448,-0.96282214,-0.9613962,-0.9640101,-0.967735,-0.97241294,-0.9744811,-0.9778107,-0.98079574,-0.98413086,-0.9866627,-0.99118215,-0.9959944,-0.99790514,-1.0034297,-1.0071651,-1.0114926,-1.014115,-1.0172907,-1.0192719,-1.0179627,-1.017769,-1.0209149,-1.0243185,-1.025334,-1.025707,-1.0276091,-1.0306854,-1.0320443,-1.0329304,-1.0343075,-1.0357176,-1.0347316,-1.0369463,-1.0377634,-1.0389799,-1.0408227,-1.0409828,-1.037278,-1.0381596,-1.0392098,-1.0397005,-1.0362575,-1.0354798,-1.035637,-1.0347728,-1.035083,-1.0366755,-1.0363641,-1.037307,-1.0376529,-1.0395952,-1.0356774,-1.037348,-1.0391265,-1.0384076,-1.036845,-1.0397345,-1.0393721,-1.0371351,-1.0363572,-1.0345044,-1.031421,-1.0332301,-1.0332291,-1.0373936,-1.0355521,-1.0354028,-1.0334327,-1.0353973,-1.0324786,-1.0297737,-1.0263832,-1.0269792,-1.0263942,-1.0264938,-1.0257008,-1.0260469,-1.0277876,-1.025994,-1.0231897,-1.0226787,-1.0212284,-1.018562,-1.0180752,-1.0179335,-1.017926,-1.0187788,-1.0143168,-1.0154531,-1.0148274,-1.0142388,-1.0125916,-1.0109632,-1.006468,-1.0032634,-1.0042152,-1.0012399,-1.0024478,-1.0022907,-1.000491,-1.0000083,-0.9986164,-0.9978272,-0.9964876
78,-1.0812788,-1.0758833,-1.0770994,-1.0772351,-1.0806494,-1.0841938,-1.0877635,-1.0918598,-1.0953519,-1.0987217,-1.1017716,-1.104635,-1.1051152,-1.1074477,-1.1053649,-1.1056025,-1.1061627,-1.1044925,-1.1027648,-1.1028755,-1.1071478,-1.1034838,-1.1007751,-1.0993419,-1.0986693,-1.1010234,-1.0983042,-1.0979486,-1.0911682,-1.0920248,-1.0908895,-1.0909364,-1.089083,-1.088404,-1.0857297,-1.0801284,-1.0781808,-1.0781296,-1.0751312,-1.073427,-1.0705906,-1.0675907,-1.0631926,-1.0610712,-1.0583633,-1.0526931,-1.0500818,-1.0437431,-1.0394508,-1.0354469,-1.0282283,-1.0272195,-1.0239863,-1.0185859,-1.0154033,-1.0137079,-1.0049492,-0.9994976,-0.995471,-0.9926211,-0.98783386,-0.98447716,-0.9830327,-0.9753038,-0.96972835,-0.9632479,-0.95946884,-0.9525894,-0.9460584,-0.94108474,-0.9358323,-0.9300343,-0.92361414,-0.9194088,-0.9129475,-0.9092344,-0.90358096,-0.89820737,-0.89556694,-0.8919821,-0.88940156,-0.8836522,-0.87461793,-0.87091845,-0.865365,-0.8600667,-0.8536164,-0.8453444,-0.83986855,-0.8336501,-0.8286735,-0.8211228,-0.81727266,-0.81170046,-0.806653,-0.80279034,-0.79529727,-0.7899837,-0.7812401,-0.77758414,-0.77438784,-0.7680336,-0.7637831,-0.7583194,-0.7536486,-0.74725825,-0.73979664,-0.73489153,-0.7278118,-0.7214863,-0.7175744,-0.713747,-0.70982385,-0.7037204,-0.6973787,-0.6956399,-0.6887561,-0.68130744,-0.6780367,-0.6740569
79,-1.2960492,-1.2924479,-1.2891867,-1.2874436,-1.28688,-1.2867943,-1.2855469,-1.2856433,-1.2845995,-1.2866304,-1.2899151,-1.2899289,-1.291013,-1.2938826,-1.2943586,-1.2958981,-1.3003507,-1.2963036,-1.2981561,-1.3009831,-1.3033202,-1.3037049,-1.3059365,-1.3065276,-1.3081725,-1.310291,-1.3119992,-1.3128165,-1.311231,-1.311644,-1.3141519,-1.314699,-1.3155093,-1.3171786,-1.3167765,-1.3140236,-1.3183191,-1.3204399,-1.3238441,-1.3241454,-1.3240403,-1.3255885,-1.3219178,-1.3234311,-1.3230982,-1.3185526,-1.3177125,-1.3184526,-1.3177315,-1.317391,-1.3149799,-1.3129085,-1.3126723,-1.3117696,-1.3131397,-1.3146089,-1.3152163,-1.31194,-1.3115026,-1.3090725,-1.3094666,-1.3091854,-1.3091152,-1.3070368,-1.3066988,-1.3046911,-1.3047377,-1.3029621,-1.3028027,-1.3051152,-1.3056499,-1.3029929,-1.3015101,-1.301409,-1.301634,-1.3036277,-1.2989756,-1.2992749,-1.304291,-1.3056965,-1.306648,-1.3041996,-1.3038139,-1.3004173,-1.2995478,-1.2959502,-1.2967666,-1.2985833,-1.2985617,-1.2990807,-1.2988808,-1.296284,-1.2964364,-1.2945051,-1.2918787,-1.2944945,-1.2917947,-1.2924871,-1.2893608,-1.2869698,-1.2876036,-1.2872655,-1.2875745,-1.2836736,-1.2831928,-1.2823328,-1.2791855,-1.2803227,-1.2769938,-1.277786,-1.2766204,-1.2748092,-1.2747828,-1.2771235,-1.2752478,-1.2776207,-1.2746662,-1.2712924,-1.2615516,-1.2580544
80,-0.12970851,-0.13061129,-0.1319866,-0.13542315,-0.13954297,-0.14533389,-0.1495575,-0.15462252,-0.15809709,-0.16164789,-0.16662337,-0.16987866,-0.17402497,-0.17788309,-0.18082137,-0.18317577,-0.18814763,-0.18845215,-0.18906519,-0.19306594,-0.19639626,-0.1978982,-0.2003448,-0.20393379,-0.20692277,-0.21127233,-0.21186003,-0.21582079,-0.21704292,-0.22075868,-0.22491693,-0.22737274,-0.22867045,-0.23027024,-0.23378837,-0.23501575,-0.23650506,-0.23894265,-0.24052282,-0.24314404,-0.24631035,-0.24831018,-0.24859925,-0.2502502,-0.25173524,-0.25424314,-0.2547397,-0.2569968,-0.25943118,-0.26239467,-0.26463053,-0.26463968,-0.26622218,-0.26601857,-0.27057523,-0.27363095,-0.27783164,-0.27693215,-0.27346888,-0.27317023,-0.27223277,-0.2735848,-0.27558833,-0.27792302,-0.27812162,-0.2798211,-0.28202093,-0.282744,-0.28427204,-0.2860284,-0.28591174,-0.28702855,-0.29018575,-0.2899538,-0.28878108,-0.29310262,-0.29384977,-0.2928945,-0.29534614,-0.293024,-0.29648605,-0.29865992,-0.29996103,-0.30078143,-0.30002168,-0.2993768,-0.29994226,-0.2998057,-0.30004632,-0.30095845,-0.3040297,-0.30145127,-0.30239624,-0.30054522,-0.30206248,-0.30497783,-0.30931124,-0.30939183,-0.3070627,-0.3093841,-0.3106645,-0.31360835,-0.31648093,-0.31610888,-0.31758702,-0.3197757,-0.32068053,-0.32544917,-0.32558668,-0.33054668,-0.333297,-0.3370481,-0.33921337,-0.345536,-0.34291464,-0.34694624,-0.34858495,-0.34961766,-0.35383385,-0.35322264
81,0.5895406,0.57280505,0.56305337,0.5465411,0.53249735,0.5152993,0.50301474,0.48719987,0.47023588,0.45466933,0.43989128,0.4238631,0.41027984,0.39588144,0.3825538,0.36756727,0.356098,0.34692317,0.3334733,0.31899202,0.3030405,0.29023185,0.27824432,0.26492357,0.25381806,0.24167982,0.23166227,0.21555653,0.20353225,0.1911307,0.17644982,0.1644795,0.15375139,0.14033645,0.12726912,0.11648311,0.106824994,0.093481496,0.07993735,0.06746663,0.057295095,0.046392698,0.033407353,0.024239682,0.014530425,0.0052520423,-0.004483377,-0.01179935,-0.022178438,-0.030392027,-0.037822206,-0.048886467,-0.05582405,-0.06439529,-0.073960915,-0.08411168,-0.092217624,-0.09526765,-0.10426152,-0.11454506,-0.12178717,-0.13062523,-0.138828,-0.14816351,-0.15743825,-0.16475205,-0.17341603,-0.18023589,-0.18764609,-0.19577591,-0.2073977,-0.21260583,-0.2232481,-0.2326494,-0.23910913,-0.24590579,-0.2537217,-0.25875685,-0.2683099,-0.2760038,-0.2827807,-0.2919032,-0.2982976,-0.3052941,-0.31589836,-0.32128948,-0.33055282,-0.33785763,-0.3464269,-0.35398906,-0.35971245,-0.36299318,-0.3718268,-0.37812895,-0.38576874,-0.39106542,-0.39668185,-0.40091124,-0.4065199,-0.41042894,-0.41972047,-0.42525464,-0.4308526,-0.4344987,-0.44297943,-0.45095366,-0.45822883,-0.4663295,-0.47151035,-0.47197217,-0.47934794,-0.48534584,-0.49165028,-0.49991155,-0.5014918,-0.5061475,-0.5123926,-0.5157321,-0.5190581,-0.52760744
82,-0.14494775,-0.1518288,-0.15738764,-0.16573015,-0.17394456,-0.18506049,-0.1952405,-0.20712563,-0.21781978,-0.22818367,-0.23897572,-0.24940225,-0.2591259,-0.26944327,-0.27849108,-0.28885698,-0.29666057,-0.3060102,-0.3167304,-0.32591155,-0.3381836,-0.3490501,-0.36047968,-0.36843985,-0.37849638,-0.38865533,-0.39721137,-0.40769958,-0.41452366,-0.4267165,-0.4361388,-0.44522676,-0.4540906,-0.465238,-0.4750455,-0.48514265,-0.49646282,-0.5074447,-0.5180317,-0.52910626,-0.5378642,-0.5481211,-0.5550199,-0.5647686,-0.571904,-0.5795953,-0.5900823,-0.59783334,-0.6082414,-0.61545575,-0.6250353,-0.63291276,-0.63973796,-0.64897174,-0.6579684,-0.6683803,-0.67556024,-0.6813859,-0.68960404,-0.69952804,-0.7061026,-0.71782506,-0.72261405,-0.72891176,-0.7371784,-0.74264807,-0.74994177,-0.7574588,-0.76351243,-0.77085936,-0.7754482,-0.782652,-0.7892792,-0.7948172,-0.79963416,-0.80619276,-0.816072,-0.82253134,-0.83114827,-0.8388454,-0.845667,-0.8503496,-0.85775155,-0.8677565,-0.87270296,-0.8799149,-0.8850853,-0.8862028,-0.8942329,-0.90200585,-0.9064177,-0.90758955,-0.91483766,-0.92102164,-0.9305952,-0.9380891,-0.9436499,-0.94652224,-0.94666564,-0.9546946,-0.96296567,-0.96963656,-0.9756796,-0.983935,-0.98710173,-0.99271345,-0.99936104,-1.007338,-1.0126879,-1.0196304,-1.0268648,-1.0352399,-1.0439174,-1.0509849,-1.0510315,-1.0536652,-1.0605342,-1.0622817,-1.0644199,-1.0699679
83,0.56824195,0.56278193,0.5602035,0.55889094,0.5511915,0.54600674,0.5428439,0.5402344,0.53553534,0.5320109,0.52942544,0.5249734,0.517897,0.51564854,0.51615345,0.5149833,0.51350015,0.5108529,0.5107821,0.5066904,0.50508463,0.50553215,0.49972802,0.49652904,0.49343985,0.49320954,0.49263555,0.4901155,0.4881948,0.48793802,0.48565978,0.48627797,0.48573312,0.48314795,0.4845988,0.47796583,0.4775609,0.47303566,0.47060752,0.4682301,0.46638075,0.46731535,0.46727338,0.46626663,0.46563944,0.46365795,0.4625156,0.4630176,0.46128583,0.46042886,0.45632777,0.45521298,0.45487452,0.4531959,0.45549345,0.45430055,0.45234603,0.45088035,0.4494067,0.4493502,0.4521435,0.45105225,0.4522646,0.45093268,0.4528819,0.44976395,0.44926518,0.44842973,0.44924417,0.45033735,0.44770613,0.44908008,0.4511226,0.45108882,0.454307,0.45647103,0.4584352,0.45909396,0.46006942,0.46040744,0.4615159,0.45956787,0.46000615,0.46190447,0.46193853,0.46382165,0.46475774,0.46698147,0.469912,0.47075206,0.47099328,0.47315645,0.47533077,0.47696146,0.47753328,0.47730976,0.47566438,0.47675386,0.48091483,0.48472142,0.48645726,0.48760152,0.4885636,0.49285603,0.49157405,0.49446043,0.49049512,0.49111167,0.4929847,0.4940374,0.49592313,0.49508578,0.49688488,0.49670118,0.49323064,0.49565506,0.49962965,0.49970374,0.49889606,0.50089616
84,0.98613274,0.9740759,0.96163356,0.9518007,0.9399964,0.92739713,0.9179575,0.90812606,0.8983158,0.88904905,0.879056,0.87080085,0.86011475,0.849961,0.8419973,0.83465034,0.82803535,0.8161224,0.80887794,0.80171394,0.7930107,0.781891,0.7721547,0.7624675,0.7578353,0.74879646,0.74349564,0.73732865,0.73157465,0.72604406,0.71910506,0.7131952,0.7107105,0.706638,0.7032568,0.69461745,0.68660414,0.68245226,0.6758954,0.66814977,0.6626722,0.658707,0.6538741,0.64969397,0.6471419,0.6402227,0.63610625,0.63163865,0.6280241,0.62501955,0.61996615,0.6127157,0.6113547,0.6079397,0.60349494,0.6011356,0.5987381,0.59389,0.5909657,0.58577573,0.5841562,0.57871324,0.57541573,0.57035506,0.56755584,0.5623135,0.55977917,0.55746156,0.5579955,0.55320615,0.5508009,0.5466172,0.5438512,0.5424093,0.5404137,0.5382598,0.5345173,0.5309625,0.52660257,0.5232818,0.51875436,0.5163473,0.5151187,0.5120698,0.50829506,0.5081377,0.5082959,0.5062478,0.50768006,0.50544894,0.50491613,0.50910884,0.50694555,0.5070351,0.5023373,0.49948627,0.4980951,0.49249035,0.48909792,0.48871422,0.48565197,0.48290515,0.47996345,0.4771831,0.4771092,0.47205228,0.46838045,0.46730185,0.46295166,0.45920214,0.46280423,0.45876494,0.45715886,0.45418254,0.45239702,0.45086294,0.45008087,0.44910312,0.44862938,0.4465507
85,-1.605591,-1.6046867,-1.6076752,-1.6107044,-1.613464,-1.6170766,-1.6164906,-1.6202959,-1.6224871,-1.6264527,-1.6306156,-1.635061,-1.638966,-1.6449995,-1.6446651,-1.6479852,-1.6545633,-1.6550859,-1.6589434,-1.6631104,-1.6684096,-1.6679971,-1.6724135,-1.6748978,-1.677604,-1.6817577,-1.6849813,-1.6859379,-1.6843294,-1.6876509,-1.6907123,-1.6940104,-1.6960014,-1.6995882,-1.7000166,-1.6989743,-1.6994498,-1.7000192,-1.7020674,-1.7029747,-1.7041912,-1.7026241,-1.7002633,-1.7028704,-1.7040764,-1.7012898,-1.7022393,-1.699287,-1.6982905,-1.6964197,-1.6924427,-1.6912038,-1.6901497,-1.6906643,-1.6909863,-1.6915029,-1.6918066,-1.6893908,-1.6861165,-1.6854528,-1.6854556,-1.6858963,-1.6861376,-1.6798614,-1.677775,-1.6698593,-1.6692203,-1.6626956,-1.6570809,-1.6573973,-1.6562866,-1.6514537,-1.64768,-1.644298,-1.6401427,-1.6380625,-1.6352946,-1.6301088,-1.6293638,-1.6280785,-1.6247095,-1.6188059,-1.6164728,-1.6126496,-1.6052366,-1.6022003,-1.5958256,-1.5925362,-1.584919,-1.5833519,-1.5815562,-1.5776017,-1.5741324,-1.5761385,-1.570763,-1.567745,-1.5630184,-1.55929,-1.5505667,-1.5435734,-1.5384325,-1.534126,-1.5316391,-1.5250398,-1.5144832,-1.5116444,-1.505109,-1.501411,-1.4980689,-1.4878421,-1.4846008,-1.4811996,-1.4793717,-1.4764488,-1.4707377,-1.4626274,-1.4561037,-1.4491854,-1.4408476,-1.4380395
86,-0.28746176,-0.29346377,-0.2992031,-0.30903557,-0.31727093,-0.32997102,-0.33998963,-0.35027498,-0.35613933,-0.36265787,-0.3699401,-0.37944776,-0.3883621,-0.39788166,-0.40862235,-0.41535464,-0.4220671,-0.42648584,-0.43375033,-0.44044533,-0.4499212,-0.45856017,-0.46719894,-0.47320265,-0.4798413,-0.4883555,-0.4928264,-0.49941334,-0.505108,-0.51446825,-0.5240602,-0.53153455,-0.53882945,-0.5478556,-0.55571586,-0.5630575,-0.570931,-0.5778242,-0.58441615,-0.59078,-0.59801525,-0.6034425,-0.6083334,-0.6142121,-0.61980903,-0.6223359,-0.6256987,-0.6308668,-0.63591516,-0.6426476,-0.64394164,-0.6504558,-0.6521684,-0.6553763,-0.6596143,-0.66432047,-0.67025346,-0.6725899,-0.67583215,-0.6817616,-0.6834996,-0.68891615,-0.6936177,-0.6935444,-0.6962317,-0.6945993,-0.69763005,-0.70025265,-0.70170295,-0.70870733,-0.7142332,-0.71929705,-0.72338086,-0.72710377,-0.7292054,-0.7322637,-0.73447245,-0.73946416,-0.7448285,-0.7476828,-0.75327647,-0.75761557,-0.7578728,-0.7636093,-0.76218116,-0.76476306,-0.7681607,-0.76967055,-0.7741705,-0.7758309,-0.7774774,-0.7797414,-0.78077585,-0.7850323,-0.7843357,-0.78576434,-0.7883868,-0.79097825,-0.78487986,-0.77996624,-0.7812696,-0.7840543,-0.7838853,-0.7846819,-0.786239,-0.7863534,-0.78427184,-0.78652126,-0.7861363,-0.78291523,-0.7849413,-0.7874182,-0.7900664,-0.7935952,-0.7914325,-0.79025584,-0.7917342,-0.78962135,-0.78609776,-0.7860446
87,0.52386844,0.52256835,0.5204116,0.51256216,0.50750923,0.5006468,0.49715137,0.48753753,0.48120755,0.4741311,0.46915585,0.46383137,0.4603477,0.45635086,0.45445347,0.45134893,0.44707623,0.44469038,0.440931,0.43710622,0.4307042,0.42918104,0.4266731,0.42214265,0.4158762,0.41204995,0.4105502,0.40670377,0.4030343,0.39407033,0.39004338,0.3878643,0.38561693,0.38179883,0.38141963,0.3813352,0.37729257,0.37194902,0.36832044,0.36508876,0.3595029,0.356901,0.35270995,0.3499535,0.34707034,0.3414604,0.3403728,0.3385396,0.33681098,0.3357061,0.33220154,0.32466716,0.32460314,0.3190282,0.3137705,0.31018275,0.309001,0.30747786,0.30337253,0.29970345,0.29465517,0.28998744,0.28559536,0.283285,0.28053412,0.2783662,0.27494904,0.27426916,0.27197227,0.27048925,0.26601723,0.266629,0.2621601,0.2569763,0.253821,0.24988155,0.24871168,0.24665871,0.24408808,0.23898546,0.23631616,0.23430404,0.2303509,0.227209,0.2235862,0.22112706,0.22010478,0.21460387,0.21229973,0.20655778,0.20657904,0.20472565,0.20380488,0.20086816,0.19696751,0.19437364,0.19142641,0.1920776,0.1861628,0.18072581,0.17960522,0.17486297,0.1712354,0.16997659,0.16765496,0.16272148,0.15916045,0.15961185,0.15624379,0.15379837,0.15242115,0.1471909,0.14429662,0.13930088,0.13488534,0.13342042,0.12736496,0.12783913,0.12663159,0.124291874
88,0.83358,0.8259455,0.81788206,0.80961305,0.8025217,0.79458797,0.7855467,0.77234423,0.76282066,0.75757664,0.75175023,0.74310815,0.7350029,0.7280902,0.72008365,0.7150509,0.70998496,0.7017698,0.6966875,0.6872897,0.68122846,0.6750734,0.6668701,0.660756,0.6550676,0.6473548,0.63784564,0.6295328,0.62148106,0.6126787,0.60572183,0.59756666,0.5900396,0.5829886,0.5780245,0.56964374,0.5603684,0.5539671,0.54558504,0.5357315,0.528095,0.51896226,0.51120126,0.50313646,0.4961024,0.4866086,0.47959495,0.47346073,0.4658966,0.46088323,0.45237026,0.44260722,0.4386999,0.42976618,0.42026725,0.4136765,0.40646258,0.40415293,0.39816493,0.388447,0.38013932,0.37327954,0.36814177,0.36092865,0.35490283,0.34389576,0.33662358,0.32555264,0.31825262,0.31046712,0.30530563,0.29902166,0.29303825,0.28666767,0.27820265,0.272754,0.26143643,0.2534891,0.24571398,0.23918517,0.23350923,0.22939774,0.22415152,0.21610054,0.20708731,0.20271233,0.19614775,0.19065063,0.18361977,0.17859215,0.17015794,0.16375443,0.15757278,0.14972277,0.14158696,0.13595626,0.12960938,0.12337966,0.11489475,0.1113582,0.106446624,0.1005463,0.09267651,0.08540884,0.07779547,0.07056219,0.06612072,0.05902367,0.04618468,0.042579025,0.03815991,0.031620257,0.027613157,0.019184694,0.013258634,0.0069780247,-0.001465114,-0.008933933,-0.018228903,-0.026343966
89,-0.4886869,-0.48639393,-0.49227968,-0.49930644,-0.50710267,-0.51644105,-0.52161276,-0.5294053,-0.53621125,-0.54361093,-0.5529547,-0.56170046,-0.5708855,-0.57955605,-0.58549684,-0.592543,-0.60102785,-0.61004573,-0.6208669,-0.6268166,-0.6361856,-0.64286816,-0.6498925,-0.657572,-0.6642079,-0.6722511,-0.6769948,-0.6827823,-0.6858695,-0.6927772,-0.70234597,-0.7079788,-0.71617234,-0.7239959,-0.73189557,-0.7350542,-0.74251586,-0.7510791,-0.75639194,-0.76302767,-0.76922464,-0.7759685,-0.78154325,-0.78907967,-0.795985,-0.7981725,-0.8059618,-0.80771416,-0.81245595,-0.8196103,-0.82707226,-0.8311348,-0.8372873,-0.8431285,-0.8508854,-0.85875463,-0.86571586,-0.87370443,-0.87744987,-0.8847705,-0.8893304,-0.89801633,-0.90368176,-0.90493536,-0.91137946,-0.91619235,-0.924194,-0.92842925,-0.9350618,-0.939548,-0.9453251,-0.9523342,-0.95768654,-0.9604351,-0.96539813,-0.9683399,-0.971978,-0.9797599,-0.9862844,-0.99080545,-0.9977323,-1.001739,-1.0061541,-1.0124166,-1.0159669,-1.0182385,-1.0242513,-1.0259486,-1.0275106,-1.0339901,-1.0394455,-1.0435978,-1.0500791,-1.0533469,-1.0583997,-1.0653906,-1.0705254,-1.0748622,-1.0713093,-1.0718555,-1.0753973,-1.0797771,-1.0841527,-1.0869048,-1.0873066,-1.089449,-1.0929993,-1.0983514,-1.0986576,-1.1044118,-1.1085815,-1.1161636,-1.1145904,-1.1194144,-1.1229188,-1.1259995,-1.1272715,-1.1311052,-1.130473,-1.1293086
90,0.06024743,0.062429227,0.06279302,0.06130085,0.060295552,0.054433864,0.05150906,0.04919095,0.04424314,0.040199734,0.03485739,0.03294728,0.025287662,0.0182251,0.016975578,0.010631494,0.0030708672,0.0005422988,-0.001613599,-0.0063048666,-0.011379098,-0.017326692,-0.022372495,-0.029072668,-0.03309943,-0.037289303,-0.04367346,-0.04974907,-0.05225109,-0.057974648,-0.064112365,-0.069000915,-0.07580291,-0.08037226,-0.08636915,-0.09237696,-0.09629331,-0.10181502,-0.10792706,-0.11498018,-0.12054491,-0.12512371,-0.12969807,-0.13556631,-0.13936342,-0.1451844,-0.15221354,-0.16135484,-0.16500477,-0.16968793,-0.17447677,-0.17944749,-0.18243672,-0.18552965,-0.19205399,-0.19697246,-0.20218055,-0.2034471,-0.20899674,-0.21311171,-0.21659732,-0.22071953,-0.22549036,-0.22774234,-0.23122486,-0.2345269,-0.23852137,-0.24277887,-0.24515672,-0.2515177,-0.25306705,-0.25558057,-0.2588969,-0.26313138,-0.26610658,-0.27095038,-0.27348635,-0.27869615,-0.28475553,-0.29145232,-0.29390544,-0.29384592,-0.29494625,-0.30001712,-0.30054656,-0.30209368,-0.30674127,-0.3117334,-0.31485063,-0.31698185,-0.32012218,-0.32401526,-0.3271224,-0.3310877,-0.33401147,-0.33560723,-0.3393285,-0.34049293,-0.3378591,-0.33867174,-0.3417845,-0.3448117,-0.3481176,-0.3469904,-0.34923166,-0.34981596,-0.35577065,-0.35915452,-0.36173484,-0.36311674,-0.36637637,-0.37115657,-0.36912343,-0.37334505,-0.376096,-0.3777717,-0.37783545,-0.38001028,-0.37909603,-0.3787967
91,-0.007521189,-0.017510347,-0.024791177,-0.03457732,-0.04502463,-0.05598094,-0.06315057,-0.0741983,-0.08566642,-0.095941335,-0.107117236,-0.118660286,-0.1272376,-0.13822569,-0.14635788,-0.15783398,-0.16676046,-0.17887154,-0.19045275,-0.20029745,-0.20990741,-0.21807571,-0.22790739,-0.24026103,-0.25039846,-0.25947848,-0.27086747,-0.28161174,-0.2915783,-0.30127257,-0.31127444,-0.31979766,-0.32785815,-0.33687168,-0.34340292,-0.34912136,-0.3590031,-0.37014335,-0.38030326,-0.39054886,-0.40044814,-0.41078457,-0.41861567,-0.42723423,-0.43490028,-0.44370443,-0.454161,-0.46138367,-0.46842805,-0.47188625,-0.4764882,-0.483568,-0.4877274,-0.49709216,-0.5051228,-0.5143868,-0.51839006,-0.524942,-0.53294766,-0.5409754,-0.54995805,-0.5575237,-0.5634634,-0.56863767,-0.57247436,-0.5746616,-0.5831331,-0.58675313,-0.5955273,-0.5998483,-0.60379565,-0.6050356,-0.6143978,-0.6202407,-0.62306714,-0.630169,-0.6328639,-0.63819003,-0.6466588,-0.6542721,-0.659943,-0.66500807,-0.66839206,-0.6712286,-0.67492276,-0.68007153,-0.6892566,-0.693222,-0.6949681,-0.69870937,-0.7023665,-0.7106256,-0.7175983,-0.72326857,-0.726556,-0.73163754,-0.73526233,-0.74304086,-0.7449455,-0.74623215,-0.7498252,-0.7526255,-0.75649494,-0.75817645,-0.76277375,-0.76444566,-0.7663932,-0.76879895,-0.77492285,-0.77713954,-0.77905077,-0.78517,-0.7868458,-0.79105216,-0.79007924,-0.7868672,-0.787521,-0.79078025,-0.7923183,-0.79519206
92,-1.6701715,-1.6695522,-1.6713779,-1.6764972,-1.677371,-1.6790768,-1.6828941,-1.6864483,-1.693339,-1.6984221,-1.7022831,-1.7083251,-1.712105,-1.7214863,-1.7270358,-1.733907,-1.7404575,-1.7440777,-1.7481508,-1.7509629,-1.7574085,-1.7609171,-1.7661912,-1.771019,-1.7759762,-1.7823732,-1.7849998,-1.7888124,-1.788159,-1.7919052,-1.7968582,-1.8029974,-1.8075912,-1.811026,-1.8144569,-1.819766,-1.8212105,-1.8252633,-1.8344914,-1.8402739,-1.8456072,-1.849241,-1.8530052,-1.85714,-1.8596556,-1.8581604,-1.8603541,-1.8624147,-1.8671982,-1.8698504,-1.8662924,-1.8683958,-1.8720376,-1.8777761,-1.8820972,-1.8892225,-1.8930746,-1.8963381,-1.897431,-1.9002768,-1.9045217,-1.9050258,-1.9091806,-1.9049126,-1.9049991,-1.9052655,-1.9089706,-1.9083469,-1.9104578,-1.9110693,-1.9101133,-1.9116141,-1.9125588,-1.9127706,-1.9115242,-1.914064,-1.9150273,-1.9171841,-1.9214092,-1.9203746,-1.921196,-1.9234617,-1.9231558,-1.9200329,-1.9184835,-1.9177802,-1.9208539,-1.9189863,-1.9181904,-1.9200798,-1.9202089,-1.9209497,-1.9260817,-1.9255378,-1.9247195,-1.9268821,-1.9274027,-1.9275023,-1.9211578,-1.9186767,-1.9201304,-1.9196997,-1.9196888,-1.9167732,-1.9162729,-1.9190117,-1.9132631,-1.9155518,-1.9135507,-1.9096515,-1.9112682,-1.9119215,-1.9081962,-1.9098692,-1.9052874,-1.9029543,-1.8993728,-1.897816,-1.8936745,-1.8900774
93,-0.53031653,-0.5359557,-0.54358363,-0.5515835,-0.5591813,-0.56990397,-0.5797979,-0.5911597,-0.6021093,-0.61331815,-0.6256584,-0.6351948,-0.6468369,-0.659101,-0.66815144,-0.67768365,-0.68876135,-0.6976352,-0.7049362,-0.7160276,-0.72628653,-0.7336734,-0.7414013,-0.74967825,-0.75624675,-0.7656353,-0.7743495,-0.7807627,-0.78398365,-0.79250705,-0.8025281,-0.8123995,-0.821053,-0.83099586,-0.83910686,-0.8444126,-0.8474334,-0.856639,-0.86424637,-0.86877126,-0.8756301,-0.88036025,-0.8887631,-0.89310026,-0.8983134,-0.9024688,-0.907177,-0.9146797,-0.92170393,-0.9263371,-0.9284571,-0.93004733,-0.934316,-0.93759286,-0.9434048,-0.94918954,-0.95299226,-0.9552266,-0.95808935,-0.96412545,-0.96942806,-0.97357863,-0.9793194,-0.9839648,-0.98760146,-0.98833543,-0.9951474,-0.99887705,-1.0014358,-1.0078833,-1.0137835,-1.0172739,-1.0223535,-1.027758,-1.0289783,-1.0325608,-1.0331367,-1.0384109,-1.0438592,-1.0448002,-1.0473771,-1.0483112,-1.050114,-1.0559157,-1.0566678,-1.0602754,-1.062553,-1.0631163,-1.066029,-1.07005,-1.072869,-1.0752685,-1.0791667,-1.0839283,-1.0832994,-1.0857828,-1.0896755,-1.0920621,-1.0910404,-1.0912178,-1.0922024,-1.095433,-1.0977848,-1.0968016,-1.0963808,-1.0999347,-1.1001704,-1.1035502,-1.1031787,-1.1005045,-1.1051362,-1.107974,-1.1105921,-1.1171534,-1.1164579,-1.1175324,-1.1168468,-1.1191345,-1.115699,-1.1209648
94,-0.16541313,-0.17498282,-0.18045442,-0.19092518,-0.20048364,-0.21064039,-0.22104177,-0.23196296,-0.24489048,-0.2537065,-0.26470205,-0.27633005,-0.2880834,-0.2980269,-0.30605844,-0.3179912,-0.3274246,-0.3373741,-0.34534794,-0.3577679,-0.37023026,-0.3771888,-0.3877681,-0.39507502,-0.40425134,-0.41309953,-0.41966182,-0.4278838,-0.4374054,-0.44550905,-0.4524397,-0.46141583,-0.47037306,-0.48084784,-0.48628154,-0.49150643,-0.49887532,-0.5052806,-0.5142709,-0.5229853,-0.52833414,-0.5352165,-0.5431574,-0.5486816,-0.55268955,-0.5612812,-0.5662226,-0.5733101,-0.5799386,-0.58758265,-0.59236413,-0.5998421,-0.6058416,-0.6100081,-0.6145706,-0.62251514,-0.6279634,-0.6285225,-0.63276017,-0.6404237,-0.64565057,-0.64916724,-0.6542991,-0.6596451,-0.6619577,-0.66910636,-0.67723477,-0.67991036,-0.6813876,-0.6859286,-0.6888235,-0.6914996,-0.6946864,-0.7017845,-0.7060145,-0.71002465,-0.7129375,-0.71680313,-0.7232894,-0.72937566,-0.7346731,-0.73344773,-0.73786235,-0.74149907,-0.743151,-0.7465884,-0.7494151,-0.7537817,-0.75873184,-0.76442075,-0.76961243,-0.7734362,-0.7781766,-0.78248465,-0.7845224,-0.7855338,-0.7886154,-0.79187095,-0.79141396,-0.7929658,-0.7953359,-0.79661995,-0.8030136,-0.80319196,-0.8039363,-0.8054344,-0.80963564,-0.814637,-0.81616914,-0.81479454,-0.8173089,-0.8211929,-0.8256534,-0.83168495,-0.8353823,-0.83915603,-0.8407556,-0.8436726,-0.8458897,-0.85231006
95,-0.077975854,-0.0843064,-0.094107464,-0.1036856,-0.11267885,-0.12499658,-0.13595511,-0.14838454,-0.15829954,-0.1664364,-0.17648207,-0.18571372,-0.19426073,-0.20632128,-0.21437907,-0.22398297,-0.23166445,-0.24044415,-0.24800389,-0.2557531,-0.2662662,-0.27666456,-0.28198487,-0.28912765,-0.2980714,-0.3075689,-0.3139657,-0.3250957,-0.33307922,-0.34277624,-0.35135755,-0.35942817,-0.3662462,-0.37498197,-0.38264525,-0.38615555,-0.3929296,-0.39953035,-0.40697542,-0.41160163,-0.42047,-0.4251,-0.4319604,-0.43861762,-0.4439028,-0.45123774,-0.4568285,-0.46219176,-0.47125882,-0.47527447,-0.4775464,-0.48440108,-0.49109316,-0.49635425,-0.50292283,-0.5098581,-0.51603216,-0.5190508,-0.52355015,-0.52980626,-0.53464454,-0.542514,-0.54985815,-0.55056196,-0.5517768,-0.55606925,-0.56069934,-0.5631329,-0.5651406,-0.5687299,-0.57084525,-0.5738364,-0.57742035,-0.5834654,-0.5867416,-0.5905973,-0.59599054,-0.59912914,-0.6052616,-0.6065286,-0.61124265,-0.6170002,-0.6191997,-0.6200778,-0.62455094,-0.6273807,-0.6285818,-0.6296909,-0.63022166,-0.63193756,-0.6354712,-0.6365667,-0.63825953,-0.6429685,-0.64544284,-0.6472902,-0.6488075,-0.6540865,-0.65616053,-0.6550633,-0.6595343,-0.66221744,-0.66863847,-0.66984206,-0.6734541,-0.67467964,-0.67715836,-0.67678773,-0.6805128,-0.676303,-0.68022585,-0.68503827,-0.6868416,-0.6907035,-0.6910404,-0.68748957,-0.69186866,-0.6943616,-0.69643754,-0.70194066
96,-0.8064116,-0.81464636,-0.82250106,-0.8336315,-0.84585106,-0.85390604,-0.86256695,-0.8746203,-0.88458806,-0.89542896,-0.9060319,-0.9161685,-0.9241022,-0.9347273,-0.94235736,-0.9515649,-0.9585516,-0.96536046,-0.97534144,-0.9832307,-0.9943864,-1.0016673,-1.0105358,-1.0152624,-1.0251162,-1.0358571,-1.0466938,-1.0534611,-1.0626751,-1.0706315,-1.0799595,-1.0888646,-1.0965297,-1.1063585,-1.1131818,-1.1201222,-1.1267323,-1.134712,-1.1439842,-1.1504693,-1.1583997,-1.1655471,-1.1723956,-1.1799023,-1.1886463,-1.1985962,-1.2066547,-1.2103888,-1.215752,-1.2217014,-1.222981,-1.2312295,-1.2356228,-1.2398478,-1.2488911,-1.2561706,-1.2594798,-1.2624393,-1.266889,-1.2743704,-1.280542,-1.2887423,-1.2956957,-1.3000364,-1.304066,-1.3086783,-1.3125634,-1.3174293,-1.3240426,-1.328996,-1.3333483,-1.3382272,-1.3447444,-1.3499253,-1.3534445,-1.3591291,-1.3621733,-1.3649303,-1.3706288,-1.3702239,-1.3768787,-1.3789092,-1.3782139,-1.3835372,-1.3846048,-1.3872523,-1.3869936,-1.3902336,-1.391984,-1.3947604,-1.4000263,-1.4047841,-1.4079412,-1.4119222,-1.4132307,-1.4167387,-1.417264,-1.4206119,-1.4186978,-1.4239825,-1.4278947,-1.432543,-1.4389676,-1.4442985,-1.4452049,-1.4481639,-1.4476693,-1.4499213,-1.4548352,-1.4516997,-1.455508,-1.459624,-1.4627807,-1.4684913,-1.4681164,-1.4673551,-1.4693215,-1.4719095,-1.4709736,-1.4702806
97,-0.24867113,-0.25594798,-0.26979178,-0.2816142,-0.28925237,-0.30071527,-0.3140858,-0.32675594,-0.33975953,-0.3539166,-0.3653788,-0.3765576,-0.3887524,-0.40155488,-0.4121802,-0.4225811,-0.43024558,-0.43879634,-0.44724154,-0.45811567,-0.46896657,-0.4762744,-0.4829681,-0.49267563,-0.4992238,-0.51040995,-0.51760334,-0.5269071,-0.5306792,-0.537103,-0.54582584,-0.55332386,-0.5625761,-0.5679894,-0.5743852,-0.58077085,-0.5860795,-0.5923301,-0.5997523,-0.6059106,-0.6120922,-0.6188946,-0.62560976,-0.6287416,-0.632954,-0.6380834,-0.64104337,-0.6446368,-0.65079546,-0.6571326,-0.6608037,-0.66458684,-0.66887134,-0.6744319,-0.6794597,-0.68476933,-0.69042385,-0.6932832,-0.6959771,-0.6978091,-0.7012923,-0.7043308,-0.70701617,-0.7047268,-0.7092699,-0.7097009,-0.7131833,-0.7135762,-0.715309,-0.7198467,-0.7254666,-0.7268034,-0.7274066,-0.7298064,-0.73335576,-0.7372859,-0.7357589,-0.7315424,-0.73471934,-0.7367834,-0.7382049,-0.7423178,-0.74246866,-0.7447794,-0.7469864,-0.7475668,-0.7483854,-0.7498501,-0.75232255,-0.75660145,-0.75948554,-0.760625,-0.7648466,-0.7664387,-0.76688766,-0.7689967,-0.76849806,-0.768569,-0.77150685,-0.77478546,-0.77473044,-0.77440894,-0.77600515,-0.777671,-0.77929974,-0.77732766,-0.7714715,-0.77392846,-0.77429885,-0.7659197,-0.768664,-0.7693194,-0.76854,-0.7712076,-0.7758912,-0.7763419,-0.7745414,-0.7748707,-0.7727565,-0.7755871
98,1.2683738,1.2553791,1.2395788,1.2250106,1.2155129,1.2030603,1.1930549,1.1808709,1.170653,1.1586261,1.1511917,1.1433145,1.1345258,1.1271122,1.1169419,1.1108394,1.1051087,1.099305,1.0940554,1.0864947,1.0802525,1.0712368,1.0640593,1.0547979,1.0473186,1.0408758,1.0349573,1.0268495,1.0178018,1.0112195,1.0044653,0.99806136,0.9927766,0.9888201,0.98378575,0.97765076,0.97118413,0.9652513,0.9567915,0.953286,0.949199,0.94567776,0.93683803,0.9308896,0.9232481,0.9164941,0.9104699,0.9067934,0.9012186,0.89229405,0.8839777,0.8769165,0.8714797,0.8672315,0.8624197,0.85906255,0.8524394,0.84518415,0.83869505,0.8357108,0.82862043,0.8203395,0.8149642,0.8090664,0.80245095,0.79631764,0.7915157,0.78450596,0.7787552,0.7734848,0.7651957,0.7564151,0.7512201,0.7429374,0.7381643,0.73194873,0.72395957,0.72105205,0.7159559,0.7086836,0.70123005,0.6955878,0.6907475,0.68132955,0.6779064,0.6741351,0.6696376,0.6633111,0.6558468,0.64952165,0.64157784,0.63621736,0.6301596,0.6251244,0.6193847,0.6143113,0.6071835,0.5967461,0.5900459,0.58137226,0.57514155,0.5684742,0.5631309,0.5543596,0.5475221,0.5420349,0.53595096,0.5293604,0.52512395,0.5214951,0.5148393,0.51136076,0.5061827,0.50267327,0.49545676,0.48956242,0.48271924,0.47747517,0.47150272,0.46525756
99,0.29258722,0.29315993,0.29179758,0.288518,0.28898218,0.28441706,0.283923,0.28413624,0.28298742,0.28191847,0.27963603,0.27821177,0.2750694,0.27401844,0.2735862,0.27461714,0.27335867,0.27174255,0.26927334,0.26984444,0.26607102,0.26316327,0.26224107,0.2637707,0.26148266,0.25974768,0.25687328,0.25680405,0.25652614,0.25508046,0.25429237,0.25346887,0.2556641,0.25488633,0.25406963,0.2498906,0.24840346,0.24720564,0.24476364,0.24650557,0.2481447,0.24771397,0.24836163,0.24846399,0.24836437,0.24499819,0.24435838,0.24679503,0.24683419,0.24740598,0.25146815,0.25389284,0.25549695,0.25664935,0.25783655,0.2589993,0.25706598,0.25629917,0.25503775,0.25463358,0.25403753,0.2561489,0.2598415,0.26260787,0.26491737,0.26288852,0.26519307,0.26723564,0.27165493,0.27477956,0.2758395,0.2760877,0.27855626,0.2781109,0.28006282,0.28289038,0.28778678,0.29188165,0.29267758,0.29340708,0.29440117,0.29841563,0.30209002,0.30007163,0.3002379,0.30002657,0.3035803,0.30634886,0.30521515,0.3073027,0.3078621,0.3041337,0.3084765,0.3105181,0.3145693,0.31868345,0.3280122,0.3296717,0.33070096,0.33459353,0.33618984,0.33871788,0.33813438,0.33708823,0.34299847,0.34181175,0.34633976,0.34902018,0.35055077,0.35685104,0.35726723,0.35825998,0.35738322,0.3575846,0.3612712,0.36462212,0.3659982,0.37050042,0.37251884,0.3725887
100,-0.35558158,-0.35886738,-0.36176735,-0.36970708,-0.37812793,-0.3824406,-0.38655335,-0.39299622,-0.39841962,-0.40249252,-0.40587538,-0.4111971,-0.41504842,-0.42060035,-0.42254844,-0.42760244,-0.43276972,-0.436421,-0.4382986,-0.44150788,-0.4473732,-0.4484616,-0.45381752,-0.46031013,-0.46423545,-0.47110146,-0.47622094,-0.4798337,-0.48585072,-0.49294037,-0.4975296,-0.5011103,-0.5051867,-0.51193756,-0.5161458,-0.51860857,-0.5239209,-0.5301083,-0.5334988,-0.53527987,-0.5409462,-0.5447835,-0.54700303,-0.5504471,-0.55407345,-0.5519191,-0.5557256,-0.55769706,-0.5607764,-0.56455725,-0.5658626,-0.5677867,-0.57046163,-0.57230675,-0.57645833,-0.576717,-0.58030796,-0.5814136,-0.5835418,-0.5865487,-0.5925418,-0.59343517,-0.59564626,-0.5971045,-0.5973679,-0.59880126,-0.60167277,-0.6076831,-0.61169916,-0.6144711,-0.61727095,-0.6190265,-0.6215118,-0.6289134,-0.6310328,-0.6348319,-0.63617265,-0.63699,-0.6391483,-0.6399094,-0.6416503,-0.6400089,-0.64495087,-0.6502074,-0.6520239,-0.6525012,-0.65456164,-0.65560454,-0.6582261,-0.65978,-0.6610939,-0.6650514,-0.66698253,-0.6656421,-0.66291314,-0.66399395,-0.66152287,-0.66467386,-0.669209,-0.66916406,-0.6707468,-0.6727405,-0.67350864,-0.6762036,-0.67516434,-0.6740457,-0.6763184,-0.6778402,-0.6765965,-0.6694353,-0.6694527,-0.67211896,-0.6724304,-0.67516315,-0.6771439,-0.6744848,-0.6752003,-0.67553604,-0.67827123,-0.67976
101,0.56136614,0.5577389,0.54867804,0.538897,0.5266985,0.51385003,0.50273633,0.4926714,0.48198366,0.4701531,0.4597687,0.44911045,0.43644112,0.42794162,0.4170689,0.40812096,0.40013123,0.39328447,0.38619822,0.3759965,0.36490148,0.35650125,0.3479854,0.3391327,0.33276325,0.32519475,0.31923193,0.30997205,0.30358925,0.29556993,0.28631303,0.2786755,0.2715595,0.2639562,0.25976282,0.25007161,0.24305145,0.23730394,0.23184314,0.22466233,0.21864955,0.21584749,0.20890248,0.20393865,0.19880803,0.19237849,0.18894993,0.18266883,0.1788857,0.17435981,0.1698519,0.1626242,0.15584095,0.15527804,0.15113138,0.14655462,0.14260185,0.14053385,0.13723621,0.13341722,0.12930907,0.12614353,0.12311826,0.11707016,0.113587834,0.11020625,0.107092164,0.103882596,0.1040324,0.09840514,0.093705475,0.093456596,0.089841455,0.08840174,0.08432715,0.083561465,0.08446523,0.08384861,0.080821946,0.077148944,0.07160486,0.06735693,0.061967142,0.057665814,0.05401092,0.053710658,0.052408684,0.049704812,0.0480398,0.048687495,0.05079932,0.05170696,0.05037568,0.048786215,0.04625698,0.045983903,0.041287284,0.036236078,0.030054417,0.03161134,0.029203122,0.026993137,0.02530793,0.025664914,0.023806723,0.022442829,0.017616859,0.015215191,0.01770179,0.01651836,0.01481243,0.012605849,0.0109216515,0.006659693,0.003286258,0.0009930779,0.0014254075,0.0024359454,0.0007017754,-0.002165058
102,0.12390955,0.11568336,0.1110692,0.10461607,0.09432346,0.081929944,0.07493103,0.06529871,0.057803243,0.048185382,0.037930943,0.027830321,0.013411383,0.0023865239,-0.0066336663,-0.016479243,-0.025317624,-0.034580432,-0.044686742,-0.051363923,-0.061668344,-0.07171903,-0.07885786,-0.0865671,-0.09579753,-0.10434745,-0.112500265,-0.11945915,-0.123370335,-0.12863113,-0.13587967,-0.1416922,-0.14955431,-0.15530798,-0.16284785,-0.1694012,-0.17825432,-0.18320219,-0.18957306,-0.19432509,-0.20024209,-0.20406953,-0.20770934,-0.21220377,-0.21838364,-0.22330864,-0.2246738,-0.22597983,-0.23030667,-0.23263037,-0.23420742,-0.24180773,-0.24799657,-0.25227088,-0.25535858,-0.260068,-0.26622245,-0.26807398,-0.2694046,-0.27718392,-0.2809487,-0.28246912,-0.28622183,-0.287961,-0.29147103,-0.2944025,-0.29573968,-0.29778463,-0.30045542,-0.30323637,-0.30728278,-0.30936435,-0.31173265,-0.31426996,-0.3170952,-0.31749207,-0.3195283,-0.32216725,-0.32662898,-0.3290546,-0.33022362,-0.33258125,-0.33416128,-0.3390965,-0.34117025,-0.3421163,-0.33993378,-0.3423681,-0.34288865,-0.341994,-0.34329614,-0.3432334,-0.3452182,-0.34757048,-0.35229757,-0.35220516,-0.35348636,-0.35266975,-0.35496503,-0.35498017,-0.35803834,-0.36110812,-0.36571878,-0.3654971,-0.3638997,-0.3656617,-0.3684685,-0.36773315,-0.36698672,-0.3648286,-0.36633265,-0.36762202,-0.37196988,-0.3746823,-0.37331748,-0.37454262,-0.3760584,-0.37836212,-0.37823567,-0.37986916
103,0.9456857,0.93388206,0.92035264,0.9068912,0.8948798,0.8777689,0.8646113,0.8508152,0.8370622,0.8250536,0.81224936,0.8003996,0.78436404,0.77360874,0.76048195,0.7483409,0.7377001,0.72816044,0.7162336,0.704594,0.6938411,0.68370616,0.671889,0.6613135,0.6496436,0.64044416,0.6314155,0.62147415,0.60941154,0.5998726,0.5897296,0.58067524,0.5717045,0.56144816,0.5520353,0.5395769,0.52968913,0.520534,0.5122222,0.50243014,0.49476308,0.48810992,0.47830692,0.46820793,0.459318,0.44885096,0.44370276,0.43571663,0.42683035,0.4187662,0.41326284,0.39910716,0.3888693,0.3808711,0.37148744,0.3650903,0.35654122,0.35178584,0.34247607,0.33612853,0.3286719,0.32096708,0.31571144,0.30852288,0.30162454,0.29647565,0.29010305,0.2829331,0.27868032,0.2722838,0.2668969,0.25895432,0.25161386,0.24393046,0.23730612,0.23135917,0.22419734,0.21625456,0.20661695,0.20107774,0.19161949,0.18364629,0.1775836,0.1708519,0.16641179,0.16057295,0.15927352,0.15098737,0.14771886,0.14206824,0.14068133,0.13470605,0.12880108,0.12345217,0.11688636,0.1106746,0.10235959,0.09916469,0.089643866,0.08513394,0.08261184,0.075845815,0.07041531,0.06606666,0.06324754,0.052886892,0.04798247,0.042942405,0.035508793,0.030846486,0.028787997,0.020154774,0.0133178355,0.0015907146,-0.0043600905,-0.012338005,-0.014523503,-0.02122038,-0.029433483,-0.035252064
104,-0.38301724,-0.39596602,-0.41100493,-0.4255255,-0.4399129,-0.45325598,-0.46372157,-0.47774655,-0.49130017,-0.5032722,-0.5135507,-0.5241398,-0.53197944,-0.5427398,-0.55040276,-0.5579292,-0.5640712,-0.5700573,-0.5771324,-0.5861147,-0.59560317,-0.60500383,-0.6123383,-0.6217648,-0.6292631,-0.63953507,-0.6486978,-0.65594876,-0.6621995,-0.6691808,-0.6799557,-0.6899203,-0.6966012,-0.7053095,-0.71081895,-0.7172245,-0.7216964,-0.7308954,-0.7383662,-0.7421731,-0.7486938,-0.752514,-0.7569839,-0.7632437,-0.7713189,-0.7746607,-0.7779818,-0.7808134,-0.78567135,-0.7903594,-0.7916005,-0.7899672,-0.79573077,-0.7976847,-0.79931,-0.8069695,-0.8089717,-0.81222564,-0.81580657,-0.81969434,-0.8235321,-0.8275422,-0.83401364,-0.8367189,-0.84170425,-0.8447639,-0.8497063,-0.8575681,-0.8597721,-0.8650731,-0.8689693,-0.8685789,-0.87374246,-0.8782619,-0.88087034,-0.8847602,-0.8853483,-0.88804686,-0.8944523,-0.898749,-0.9024126,-0.901741,-0.903532,-0.9029999,-0.9049107,-0.90487516,-0.9065015,-0.9110587,-0.9139226,-0.91593885,-0.91638434,-0.91967595,-0.9235061,-0.926736,-0.92953527,-0.93113554,-0.933267,-0.93755037,-0.93493587,-0.93775576,-0.9440733,-0.9473988,-0.9477173,-0.94472075,-0.9480275,-0.9469634,-0.9458982,-0.94837886,-0.94543016,-0.947443,-0.94886196,-0.95325696,-0.95727044,-0.9587096,-0.9606673,-0.9638289,-0.9695126,-0.9739235,-0.9719249,-0.97663736
105,-0.03613812,-0.04080055,-0.04865049,-0.05840814,-0.065979525,-0.07659398,-0.083767295,-0.09450813,-0.101261675,-0.108575925,-0.116250396,-0.124933936,-0.13169284,-0.13982263,-0.14855602,-0.15669861,-0.16360095,-0.16955602,-0.1760631,-0.18511677,-0.19516604,-0.20523298,-0.21391611,-0.21940355,-0.22654633,-0.23621352,-0.2417868,-0.2509336,-0.25607628,-0.26361755,-0.27373892,-0.28023854,-0.28618485,-0.29333916,-0.2991006,-0.30556983,-0.31428406,-0.32006764,-0.32787365,-0.33477062,-0.34426463,-0.3495141,-0.35434824,-0.3613084,-0.3658331,-0.3728333,-0.376916,-0.37986833,-0.38468322,-0.3889634,-0.39449757,-0.399654,-0.40545592,-0.41271597,-0.41735816,-0.424519,-0.43089414,-0.43602103,-0.43699685,-0.44267017,-0.44821605,-0.45596057,-0.45965272,-0.4643303,-0.468157,-0.47049674,-0.4764576,-0.48330823,-0.49013567,-0.4940535,-0.50098,-0.50468904,-0.5101362,-0.5139345,-0.5174808,-0.5242578,-0.5287632,-0.535694,-0.541745,-0.5462807,-0.5508631,-0.55766076,-0.5612175,-0.56342673,-0.56825227,-0.57208186,-0.57848036,-0.5838173,-0.5871332,-0.5921186,-0.5963089,-0.6014458,-0.6047845,-0.60866874,-0.6096378,-0.61477053,-0.6165937,-0.61994284,-0.6210016,-0.6226848,-0.62629414,-0.6305183,-0.63388944,-0.6361731,-0.6365607,-0.6408407,-0.64047545,-0.6446958,-0.64806306,-0.64744323,-0.6508888,-0.6535903,-0.6575824,-0.66125554,-0.6614211,-0.6612591,-0.66302353,-0.6660351,-0.66329694,-0.6660359
106,-0.32737023,-0.3345905,-0.3379202,-0.34446424,-0.35049397,-0.35663313,-0.36541146,-0.37499171,-0.38079572,-0.3882988,-0.396429,-0.4049336,-0.4131649,-0.4206086,-0.4253212,-0.43410927,-0.43884316,-0.44273582,-0.44710392,-0.45593435,-0.46481556,-0.46784887,-0.47411957,-0.48000854,-0.48384494,-0.49158773,-0.49756747,-0.50248575,-0.50817883,-0.5148412,-0.51995504,-0.5244109,-0.529778,-0.535519,-0.53834116,-0.54374975,-0.548919,-0.55317736,-0.5567404,-0.565189,-0.5683124,-0.5709588,-0.57437193,-0.5780117,-0.580512,-0.5866213,-0.58893377,-0.5923184,-0.5946506,-0.59754926,-0.5973582,-0.60086244,-0.60180986,-0.60402167,-0.60607696,-0.609599,-0.6130228,-0.6160665,-0.61872756,-0.62098974,-0.6249953,-0.62717915,-0.62829685,-0.6277858,-0.6316981,-0.63078564,-0.63275814,-0.63176423,-0.6342068,-0.63557416,-0.63914865,-0.63957936,-0.64206105,-0.64589727,-0.6473414,-0.65078294,-0.6532315,-0.6526184,-0.65656793,-0.65744686,-0.6597404,-0.65840244,-0.65615386,-0.65574956,-0.6534124,-0.6508099,-0.65438116,-0.6545305,-0.6560813,-0.6565052,-0.6550781,-0.6515466,-0.6523568,-0.65276,-0.65111125,-0.65302604,-0.6496793,-0.6477858,-0.6426152,-0.6428206,-0.64404076,-0.64226186,-0.64246535,-0.64059246,-0.63715905,-0.6337906,-0.63224643,-0.6303554,-0.6295115,-0.6192625,-0.6185765,-0.6141883,-0.6119787,-0.6108681,-0.60868806,-0.60414374,-0.60290813,-0.600189,-0.59626585,-0.59639204
107,-0.31133232,-0.3127798,-0.31266055,-0.31554663,-0.31814998,-0.32288328,-0.32409683,-0.33193952,-0.33641353,-0.34222245,-0.3465118,-0.35268292,-0.36040005,-0.36637932,-0.37135157,-0.37640816,-0.3831271,-0.3857891,-0.39047486,-0.39560887,-0.40418226,-0.4083295,-0.41452646,-0.4169793,-0.4224511,-0.42859197,-0.43363595,-0.4394073,-0.44413462,-0.45098948,-0.45811027,-0.46352735,-0.4690497,-0.47424412,-0.47704822,-0.48273164,-0.48945147,-0.49343824,-0.5006288,-0.5057061,-0.51087976,-0.514593,-0.5202692,-0.5261921,-0.528453,-0.53167456,-0.53353196,-0.53396213,-0.53627443,-0.5409673,-0.54238534,-0.54407424,-0.54709876,-0.5507154,-0.553577,-0.5576791,-0.5609071,-0.5637934,-0.5671818,-0.5694236,-0.5754664,-0.57722986,-0.5822606,-0.58581555,-0.59020996,-0.59352124,-0.5956765,-0.5964982,-0.5992786,-0.6013454,-0.6075584,-0.60874325,-0.611622,-0.6137609,-0.61357677,-0.6140989,-0.6154962,-0.6201838,-0.6246629,-0.62492645,-0.62680876,-0.6286208,-0.6299673,-0.63369167,-0.6375693,-0.64178365,-0.64348364,-0.64620304,-0.64741313,-0.65037286,-0.6543133,-0.65812266,-0.65988237,-0.6615817,-0.66418636,-0.66596496,-0.6701568,-0.6730188,-0.6698597,-0.6721718,-0.6733037,-0.67730033,-0.67903084,-0.6789501,-0.67568886,-0.6784776,-0.6785763,-0.6807716,-0.681478,-0.67630804,-0.6787826,-0.68044454,-0.68299806,-0.68976367,-0.6909425,-0.6902689,-0.6920052,-0.69422114,-0.6942276,-0.69646436
108,-0.14272355,-0.14813909,-0.1501348,-0.15425071,-0.1595091,-0.16368876,-0.16665125,-0.17343138,-0.17882803,-0.18373439,-0.18995704,-0.19713192,-0.20530114,-0.21118525,-0.21371539,-0.22042128,-0.22729072,-0.23402965,-0.23865256,-0.24496794,-0.2499171,-0.25643507,-0.26433945,-0.27036548,-0.27525833,-0.28251678,-0.2915361,-0.29598692,-0.29960945,-0.3050247,-0.3128152,-0.3165156,-0.32277232,-0.330245,-0.33518863,-0.3416894,-0.34744543,-0.3526044,-0.3600327,-0.36722374,-0.37241587,-0.37723517,-0.3809113,-0.38648075,-0.3916027,-0.3963148,-0.3997821,-0.4016121,-0.40747428,-0.41401744,-0.41726488,-0.42281705,-0.42661142,-0.43191108,-0.43564788,-0.43880194,-0.44308057,-0.44822866,-0.45401126,-0.4591704,-0.4652044,-0.46855745,-0.46887255,-0.47042805,-0.4727357,-0.4757821,-0.47970304,-0.4854582,-0.48927936,-0.49481478,-0.50205195,-0.5044522,-0.50849247,-0.50999606,-0.5133981,-0.51423794,-0.51700836,-0.52168745,-0.52551717,-0.5285653,-0.5308604,-0.5321349,-0.53484875,-0.540717,-0.54440296,-0.5489749,-0.5517289,-0.55156076,-0.55234265,-0.5542484,-0.55487823,-0.5579607,-0.56233054,-0.56773895,-0.57191074,-0.5734899,-0.57517445,-0.57839787,-0.57651204,-0.57653487,-0.57721186,-0.5804214,-0.58375144,-0.586063,-0.5896393,-0.59315586,-0.5928618,-0.5936354,-0.59620446,-0.5941723,-0.59620684,-0.5975727,-0.5998991,-0.60467255,-0.6059123,-0.60739005,-0.6057749,-0.6073868,-0.6040693,-0.6037955
109,0.7294503,0.7174405,0.70822096,0.6957064,0.6823202,0.67160493,0.65965784,0.64472276,0.6296724,0.6165673,0.60350376,0.5899296,0.5768012,0.56598073,0.55424154,0.5411728,0.5301129,0.5195665,0.50910604,0.496636,0.4830594,0.4711514,0.45893186,0.4491097,0.4378546,0.42582387,0.41524464,0.40483633,0.39256868,0.37953946,0.36799407,0.35740507,0.34483793,0.33426017,0.32226425,0.31111893,0.3010014,0.29049242,0.27728206,0.26334307,0.25529796,0.24618408,0.23422018,0.2232554,0.21465059,0.20641,0.19621234,0.18479648,0.1750943,0.16481349,0.15397586,0.146836,0.13672444,0.12558286,0.115680754,0.10532794,0.09770914,0.08515064,0.07247602,0.06225416,0.052776624,0.043752052,0.03445726,0.024401875,0.017707657,0.0112087205,5.750358e-06,-0.008203268,-0.018689297,-0.028501239,-0.034964852,-0.043473996,-0.053643577,-0.063671984,-0.070966765,-0.080447555,-0.08962328,-0.09946288,-0.10831553,-0.115340695,-0.124962285,-0.13313034,-0.14256106,-0.15254901,-0.15830037,-0.16961017,-0.1778718,-0.18538907,-0.19473319,-0.20506465,-0.21495931,-0.2175564,-0.22457238,-0.23383407,-0.24183568,-0.250668,-0.2573742,-0.26518914,-0.27361342,-0.28246966,-0.2912944,-0.29831135,-0.30736154,-0.3138952,-0.31725192,-0.3242173,-0.33029768,-0.33866006,-0.3440656,-0.3534331,-0.36084384,-0.37180537,-0.38307494,-0.39335132,-0.4020993,-0.40989757,-0.41474137,-0.42034063,-0.4290163,-0.43788114
110,0.78923124,0.78064376,0.7715983,0.76136523,0.7502039,0.73969567,0.726654,0.7160227,0.70174384,0.6894323,0.67805266,0.66658735,0.66073626,0.6502839,0.6394142,0.6290137,0.6218111,0.6103252,0.60006386,0.5917276,0.57964385,0.5679894,0.55665314,0.5459336,0.5351776,0.5241151,0.5140406,0.5011994,0.49062824,0.4787733,0.46827477,0.4589904,0.44988236,0.44029465,0.43005377,0.41745266,0.40427384,0.3908057,0.37960762,0.367903,0.35853973,0.3472078,0.3341276,0.32332736,0.3161239,0.307347,0.29743308,0.29030418,0.28230646,0.27460566,0.2632042,0.25183687,0.24250355,0.2323685,0.22106317,0.21211734,0.20488155,0.19372955,0.18648127,0.17883776,0.16922961,0.1600399,0.15069574,0.1440366,0.13673304,0.1259879,0.11638413,0.10693653,0.098852456,0.092855155,0.08477336,0.077182196,0.06491639,0.055481352,0.049068373,0.040194552,0.031217948,0.022007614,0.012858734,0.0080134,-0.0024400041,-0.007881068,-0.013007866,-0.022134593,-0.02667067,-0.034172993,-0.043387055,-0.05315405,-0.060839206,-0.067024864,-0.07233225,-0.07696211,-0.08313453,-0.08955952,-0.09581469,-0.104128554,-0.10900315,-0.115154326,-0.12313081,-0.13179125,-0.13903886,-0.14768718,-0.15756404,-0.16161701,-0.16604885,-0.17484598,-0.18497762,-0.19411223,-0.19974418,-0.20692027,-0.21548586,-0.22367688,-0.23345764,-0.2395838,-0.24342676,-0.24761459,-0.25368977,-0.25941643,-0.262507,-0.2704895
111,0.37725744,0.3675385,0.35680172,0.34291178,0.32869288,0.31353438,0.30088148,0.2850396,0.27275324,0.259189,0.24591804,0.23297028,0.21731195,0.2042793,0.19368629,0.18036935,0.16870803,0.15603074,0.14310755,0.13085724,0.11614686,0.1014562,0.08939051,0.0759599,0.062580794,0.05013135,0.038647752,0.02494298,0.01172349,0.00015746709,-0.014094015,-0.02726081,-0.038204845,-0.051431537,-0.06416933,-0.07655339,-0.09008749,-0.103897154,-0.117932834,-0.13183841,-0.14459074,-0.15650234,-0.16922665,-0.18141663,-0.19318573,-0.2073156,-0.21853462,-0.2308549,-0.24311042,-0.2530944,-0.26092,-0.27185076,-0.2861501,-0.29721928,-0.3104111,-0.32229412,-0.3314391,-0.34158018,-0.35012263,-0.35922784,-0.37086087,-0.3811104,-0.39241883,-0.4033615,-0.4123319,-0.4199242,-0.43205294,-0.44148892,-0.45129275,-0.46078143,-0.47359142,-0.48153457,-0.4926986,-0.504797,-0.5136264,-0.52422416,-0.53324574,-0.54537493,-0.55689585,-0.5662237,-0.57695186,-0.5864838,-0.59460133,-0.6068853,-0.61546457,-0.62655324,-0.6329057,-0.64358974,-0.6487901,-0.6573826,-0.6650187,-0.67285794,-0.68344206,-0.6955569,-0.70559275,-0.7164936,-0.7258775,-0.73562163,-0.7476414,-0.75660634,-0.76665336,-0.77803123,-0.7886077,-0.7980807,-0.8062307,-0.81677485,-0.8264872,-0.83794147,-0.84769136,-0.85732347,-0.8698033,-0.8807329,-0.888713,-0.9038752,-0.91121066,-0.9179592,-0.92769176,-0.937696,-0.946298,-0.95446175
112,0.0063670212,-0.005288212,-0.01709602,-0.03228154,-0.045817375,-0.06388914,-0.0798399,-0.0989026,-0.1170056,-0.13122931,-0.14894044,-0.1641823,-0.18072414,-0.19615477,-0.21185641,-0.22767909,-0.24338062,-0.25723225,-0.27242076,-0.2856942,-0.3011811,-0.31682962,-0.3281705,-0.34077653,-0.35483274,-0.3694051,-0.38295838,-0.39393073,-0.40870342,-0.42273688,-0.4378666,-0.45079637,-0.46132502,-0.47719494,-0.49109775,-0.50551164,-0.51618946,-0.5283112,-0.5447284,-0.5561215,-0.5693716,-0.58074445,-0.5924843,-0.60465914,-0.6151973,-0.6275495,-0.63793343,-0.6483902,-0.65911406,-0.67131853,-0.6785743,-0.6861009,-0.69776374,-0.70854914,-0.7186862,-0.7310495,-0.7435033,-0.7497004,-0.75883925,-0.76843166,-0.77784944,-0.7863204,-0.79524153,-0.80274504,-0.8114894,-0.81588715,-0.82538474,-0.8379761,-0.84584844,-0.8550767,-0.8626522,-0.8717926,-0.8837749,-0.8919455,-0.8992624,-0.9074575,-0.9131423,-0.92141247,-0.9330829,-0.9373744,-0.9448574,-0.95027846,-0.95452183,-0.96219313,-0.9714702,-0.97966254,-0.9849421,-0.9933487,-1.0006022,-1.0061281,-1.0131686,-1.0209206,-1.0289555,-1.036682,-1.043912,-1.0496441,-1.0592808,-1.0693414,-1.0722176,-1.0799999,-1.0879103,-1.0945188,-1.1025877,-1.1056308,-1.1087291,-1.1143185,-1.1218904,-1.1294582,-1.1326975,-1.1397225,-1.1461645,-1.1541102,-1.1595352,-1.1674778,-1.1673361,-1.1694038,-1.1749187,-1.1802852,-1.1841791,-1.1895909
113,-0.7147045,-0.7136725,-0.71440303,-0.7185012,-0.721103,-0.7260639,-0.73192763,-0.73843163,-0.74251664,-0.7456826,-0.750569,-0.7555319,-0.7611858,-0.76364934,-0.76860666,-0.77340984,-0.7774101,-0.7758585,-0.77862716,-0.78206044,-0.7851878,-0.78690803,-0.7885634,-0.7898915,-0.79374236,-0.7990545,-0.7998291,-0.802437,-0.8011796,-0.806273,-0.8083782,-0.8104542,-0.81213874,-0.81672984,-0.81692314,-0.81820345,-0.81949604,-0.8254363,-0.8289833,-0.82976997,-0.8334009,-0.8377883,-0.8391415,-0.8400818,-0.84184915,-0.84104884,-0.84453803,-0.84331226,-0.8450469,-0.84610194,-0.8465704,-0.8525769,-0.8547413,-0.8573637,-0.860047,-0.8625501,-0.86448145,-0.86611575,-0.86630183,-0.8689216,-0.8735651,-0.87501335,-0.8759745,-0.87530434,-0.8734158,-0.8727352,-0.8732144,-0.8737279,-0.873751,-0.872938,-0.87276995,-0.87127084,-0.872616,-0.8741306,-0.8733533,-0.8728682,-0.87256086,-0.8746085,-0.87699986,-0.87805843,-0.8822611,-0.8809966,-0.8779291,-0.87763375,-0.8768339,-0.8756057,-0.87394506,-0.87256414,-0.8727876,-0.8735033,-0.87651527,-0.8752589,-0.8764106,-0.87692606,-0.87499845,-0.8777501,-0.87827003,-0.8775244,-0.87767315,-0.877926,-0.87652415,-0.8776323,-0.87863433,-0.87843496,-0.8783158,-0.8808972,-0.8842246,-0.88412476,-0.88411295,-0.88479435,-0.88609093,-0.8865534,-0.88497436,-0.8903678,-0.88685167,-0.88380945,-0.8834742,-0.8829282,-0.87774026,-0.8748725
114,-0.70064074,-0.700317,-0.70275986,-0.7079586,-0.7104641,-0.7133171,-0.7159725,-0.7245714,-0.7300698,-0.735461,-0.74144495,-0.7493981,-0.75718594,-0.7651844,-0.7730286,-0.7768545,-0.7833111,-0.7880384,-0.7913465,-0.797504,-0.80594814,-0.81141376,-0.8171307,-0.82265985,-0.83079755,-0.83681995,-0.84167844,-0.8455123,-0.8494495,-0.8557518,-0.8625412,-0.8700778,-0.8748719,-0.8800844,-0.88390017,-0.88956034,-0.8931993,-0.900716,-0.9082349,-0.91251296,-0.9198292,-0.9247839,-0.9304861,-0.9344734,-0.9400584,-0.94233817,-0.94446737,-0.94881237,-0.9559041,-0.95980805,-0.9610896,-0.9625289,-0.96652764,-0.9701932,-0.97459,-0.97975653,-0.9833225,-0.9846827,-0.98649645,-0.9902412,-0.99437493,-0.9963676,-1.001722,-0.99979067,-1.0030973,-1.0046791,-1.0078965,-1.0079825,-1.0087595,-1.0119994,-1.015868,-1.018261,-1.0210081,-1.0265933,-1.0275321,-1.0301603,-1.0317942,-1.0338242,-1.0370033,-1.0371643,-1.040971,-1.0436139,-1.0449909,-1.049231,-1.049884,-1.0494611,-1.0461323,-1.0468013,-1.0478169,-1.0481983,-1.0484514,-1.0482943,-1.0481905,-1.0507652,-1.0516917,-1.0546644,-1.0538992,-1.0542794,-1.0531409,-1.0493406,-1.0500778,-1.0525714,-1.0549749,-1.0561384,-1.0527011,-1.0523522,-1.0501711,-1.0517018,-1.0521233,-1.0475897,-1.0483983,-1.0478776,-1.0495678,-1.05338,-1.0517809,-1.0529056,-1.0508153,-1.049587,-1.0490353,-1.0467384
115,-0.8533412,-0.8515995,-0.85529816,-0.86269283,-0.86409426,-0.8692166,-0.8723509,-0.87864465,-0.8828559,-0.8885024,-0.8937348,-0.9011885,-0.9049244,-0.91074735,-0.91268826,-0.916347,-0.9239975,-0.92752486,-0.93366516,-0.93792,-0.9434881,-0.9445985,-0.948221,-0.9528161,-0.9572981,-0.96320933,-0.965522,-0.9703347,-0.9700616,-0.973863,-0.97690344,-0.98003244,-0.98400944,-0.98810893,-0.99138135,-0.9936632,-0.9971056,-0.99909085,-1.0050036,-1.0067432,-1.0093244,-1.011852,-1.0105805,-1.015566,-1.018332,-1.0195872,-1.0225873,-1.0226849,-1.0251195,-1.0279748,-1.0281346,-1.032697,-1.0363443,-1.0386196,-1.0418245,-1.0454961,-1.0475032,-1.049073,-1.0507166,-1.0532889,-1.0558846,-1.0596392,-1.0610145,-1.0581305,-1.058623,-1.054945,-1.0541984,-1.0553592,-1.0557806,-1.0581083,-1.0612878,-1.060769,-1.0630909,-1.0631782,-1.0612988,-1.0645388,-1.0641135,-1.0659053,-1.0698856,-1.070199,-1.073848,-1.0777664,-1.0812237,-1.081326,-1.0805552,-1.0802381,-1.0791427,-1.0776513,-1.0747849,-1.0753742,-1.074394,-1.0740713,-1.0758806,-1.078525,-1.0825809,-1.0855657,-1.0864637,-1.0858905,-1.0815434,-1.0830108,-1.0861813,-1.0883915,-1.0898625,-1.0921257,-1.0958437,-1.0975626,-1.0998249,-1.1003984,-1.1005447,-1.0984983,-1.0984733,-1.1010898,-1.1002843,-1.1022704,-1.1009018,-1.1008618,-1.1000922,-1.1017108,-1.0967934,-1.0969741
116,-0.85920775,-0.85782564,-0.8588327,-0.86324835,-0.87102973,-0.8743383,-0.8815565,-0.88692266,-0.8939341,-0.90048826,-0.9084058,-0.9157375,-0.9193872,-0.9311043,-0.9408065,-0.9487254,-0.95716494,-0.9641511,-0.97234297,-0.9786564,-0.9873168,-0.9943682,-1.001303,-1.0091605,-1.0166504,-1.0249498,-1.0294997,-1.0369347,-1.0445707,-1.0516924,-1.0600969,-1.0683644,-1.0755179,-1.0830063,-1.0890906,-1.0971324,-1.1034286,-1.1079276,-1.1154935,-1.123182,-1.1283265,-1.1352084,-1.140722,-1.1480682,-1.1540039,-1.158848,-1.1652037,-1.1691725,-1.1756773,-1.1836836,-1.1859485,-1.1906769,-1.1961,-1.2009113,-1.2077351,-1.2145078,-1.2192807,-1.2232987,-1.2247975,-1.2285202,-1.2339287,-1.2382791,-1.2424113,-1.2431861,-1.2469816,-1.2494625,-1.2531805,-1.2554404,-1.2572299,-1.2618692,-1.2638856,-1.263837,-1.2653782,-1.2667967,-1.268739,-1.2720795,-1.2768048,-1.2770038,-1.282359,-1.2859261,-1.2877316,-1.2832172,-1.2838948,-1.2873504,-1.2837118,-1.28578,-1.2845042,-1.2879047,-1.2873368,-1.2895489,-1.2877585,-1.2856089,-1.2884121,-1.2891966,-1.2907597,-1.2927973,-1.2927822,-1.2943889,-1.2943228,-1.293917,-1.2970836,-1.2998079,-1.3030579,-1.3009968,-1.2967235,-1.2965399,-1.2934037,-1.2947733,-1.2921826,-1.2897108,-1.2909306,-1.2947284,-1.296738,-1.2954028,-1.2943381,-1.2916793,-1.2886448,-1.2921991,-1.2866191,-1.2880995
117,0.42402595,0.40922323,0.39411893,0.3749832,0.35715812,0.3402107,0.32689637,0.31198066,0.2945347,0.28006303,0.26684752,0.2514561,0.23735936,0.22458594,0.21319897,0.20289986,0.18995361,0.17778885,0.16411218,0.15028176,0.13544711,0.12714376,0.11409432,0.102980234,0.09168241,0.082134984,0.069570996,0.05786101,0.046011183,0.036101375,0.021455467,0.0111015085,0.0005644917,-0.011148793,-0.020161245,-0.031411044,-0.04244617,-0.053948123,-0.06336893,-0.07291125,-0.08287263,-0.08947541,-0.102562115,-0.11343286,-0.123761095,-0.13067935,-0.13930677,-0.14654908,-0.15476814,-0.16338532,-0.17167218,-0.1818517,-0.18767616,-0.19631055,-0.20322259,-0.2122308,-0.22037753,-0.2277569,-0.23154163,-0.24023557,-0.24797483,-0.25596726,-0.26408058,-0.27244106,-0.2771759,-0.285173,-0.29369563,-0.3010245,-0.30807096,-0.31710938,-0.325239,-0.3336212,-0.34158486,-0.34929967,-0.3571344,-0.36267263,-0.37075734,-0.37760687,-0.38610536,-0.3938312,-0.40174156,-0.4098219,-0.41879272,-0.42683735,-0.43247437,-0.44074202,-0.44993925,-0.4563218,-0.4595529,-0.46636087,-0.4685924,-0.4751247,-0.4797399,-0.4870154,-0.49507704,-0.50106275,-0.5069848,-0.5070161,-0.51186115,-0.5147003,-0.52036726,-0.5281585,-0.53482354,-0.5402677,-0.5410854,-0.5469731,-0.5521616,-0.5581956,-0.5637944,-0.5629552,-0.5715382,-0.5751859,-0.5803498,-0.5864023,-0.59096044,-0.5963913,-0.6024293,-0.60979,-0.61149335,-0.61400616
118,0.6692268,0.66785157,0.66152704,0.65284884,0.6470767,0.6378733,0.63280153,0.62449056,0.6156901,0.6115061,0.60574186,0.5997795,0.59225833,0.58793974,0.5835651,0.579281,0.573102,0.56632775,0.5630101,0.5566132,0.549605,0.54596263,0.5395009,0.5358939,0.52974254,0.52545416,0.519632,0.5174039,0.5162164,0.51345634,0.5082898,0.50262344,0.49816117,0.49191952,0.48681983,0.4847482,0.48069414,0.4746812,0.46941003,0.4654304,0.4592269,0.4559316,0.45040625,0.44686764,0.44241762,0.43976718,0.43780985,0.43588954,0.43208155,0.42740792,0.4245831,0.42135653,0.4194457,0.41283137,0.41009325,0.40614814,0.40078092,0.39608428,0.39145163,0.38754225,0.38466415,0.38308376,0.3803173,0.3755156,0.37130862,0.36721462,0.36437097,0.36116537,0.36020675,0.35597962,0.35756892,0.35664576,0.3533168,0.35153848,0.350712,0.34969187,0.347004,0.34295064,0.33971187,0.33352405,0.32854065,0.3254609,0.32170337,0.31674194,0.31273985,0.3102736,0.3066074,0.30049258,0.297686,0.2935328,0.2891801,0.28549784,0.28287578,0.2804051,0.2756834,0.26874965,0.26399496,0.25896323,0.25343245,0.24866633,0.24668506,0.24418387,0.2394048,0.23555383,0.23052356,0.23085323,0.227004,0.22517502,0.21824446,0.21613225,0.21161214,0.20974569,0.20369494,0.2000527,0.19361983,0.18660615,0.18283539,0.1786485,0.17768314,0.17090683
119,0.08177935,0.075492516,0.06299715,0.052075047,0.03777056,0.020405717,0.0042828536,-0.014152035,-0.029355709,-0.04594929,-0.06314199,-0.080371425,-0.0983931,-0.11255549,-0.12783995,-0.14613113,-0.16110155,-0.17572388,-0.19058451,-0.20738015,-0.22363341,-0.23739533,-0.2501807,-0.26431528,-0.27795425,-0.29267198,-0.30505568,-0.31910533,-0.3300962,-0.3439474,-0.35719246,-0.36962837,-0.38278025,-0.3977073,-0.41091126,-0.42340884,-0.43506175,-0.44757062,-0.46064788,-0.47455192,-0.4867857,-0.4989511,-0.5153858,-0.52806157,-0.5380849,-0.5462676,-0.557086,-0.5689076,-0.58189833,-0.5935925,-0.604222,-0.6150651,-0.62539613,-0.6318609,-0.64412653,-0.6558424,-0.66621244,-0.6745119,-0.6849113,-0.6951374,-0.70313734,-0.71324825,-0.7221538,-0.72903866,-0.73628736,-0.74275887,-0.75452274,-0.76266545,-0.77122104,-0.7791979,-0.78387785,-0.79230106,-0.799755,-0.8150047,-0.8217185,-0.82828313,-0.8345936,-0.8438355,-0.85462415,-0.86551344,-0.8764094,-0.8810395,-0.8906449,-0.8980481,-0.9041152,-0.9134636,-0.9228061,-0.93034714,-0.9383383,-0.9472507,-0.9557828,-0.9627472,-0.97066957,-0.98263437,-0.9918556,-0.9978051,-1.0023412,-1.0092695,-1.0153666,-1.0254158,-1.0336936,-1.0402472,-1.0470436,-1.0541201,-1.0596722,-1.0641365,-1.0701424,-1.0806686,-1.0871255,-1.0869772,-1.0983161,-1.1041973,-1.1092632,-1.1197507,-1.1222942,-1.1268733,-1.1351689,-1.140979,-1.1477531,-1.1562004
120,0.26644734,0.2558223,0.24298024,0.22828865,0.21007209,0.19261482,0.17391697,0.15799621,0.13611397,0.11485145,0.09884339,0.080967166,0.06196301,0.044548407,0.027721781,0.007971753,-0.007334692,-0.023605505,-0.040344257,-0.058864564,-0.076065205,-0.09084435,-0.106074594,-0.12402983,-0.13991974,-0.15672877,-0.17185648,-0.18565728,-0.20358665,-0.21961959,-0.2375272,-0.25298446,-0.26686925,-0.28349146,-0.30079132,-0.31337988,-0.3277753,-0.34240586,-0.35780725,-0.37446752,-0.388282,-0.40255943,-0.41793498,-0.43217772,-0.44524598,-0.45755816,-0.46893388,-0.480128,-0.49493822,-0.50986683,-0.52423173,-0.537637,-0.5471939,-0.55935794,-0.5744924,-0.5880754,-0.598909,-0.60945225,-0.62054366,-0.63290465,-0.64400405,-0.6549159,-0.6675155,-0.6806723,-0.69064516,-0.696537,-0.70809716,-0.71776277,-0.7259742,-0.738887,-0.74723995,-0.756146,-0.76361334,-0.7756848,-0.78739667,-0.79689604,-0.8091546,-0.8190201,-0.83251506,-0.8431896,-0.85436285,-0.865944,-0.87342167,-0.8817275,-0.8906352,-0.90068406,-0.9116868,-0.9183651,-0.92652607,-0.9345996,-0.94138205,-0.9483439,-0.960131,-0.96974695,-0.97843206,-0.9893139,-0.9978077,-1.0051022,-1.0100964,-1.0204061,-1.0319088,-1.0422926,-1.0519154,-1.0579274,-1.0688198,-1.0756443,-1.081081,-1.0917648,-1.098683,-1.1068422,-1.1157441,-1.1276573,-1.1355679,-1.150651,-1.1596355,-1.1678512,-1.1720277,-1.1790969,-1.1865871,-1.1975156
121,0.6743607,0.66059077,0.6464775,0.63108695,0.614421,0.59848374,0.5846712,0.5681578,0.55272925,0.53956735,0.5272563,0.5127187,0.49769455,0.48332882,0.47037125,0.45632133,0.44178241,0.42884398,0.41667265,0.40349698,0.3919747,0.3801633,0.36694437,0.35414895,0.34155792,0.32850665,0.3169732,0.30437037,0.29254562,0.28178182,0.2687822,0.25786293,0.24784288,0.23710668,0.22766545,0.2124054,0.1986479,0.18882295,0.17995004,0.16726908,0.15843204,0.15093759,0.14061806,0.13139486,0.12319732,0.11462722,0.10525521,0.096949644,0.08748806,0.07700546,0.07000688,0.055690277,0.045662407,0.038122106,0.029048732,0.020387065,0.0137485955,0.0013936454,-0.0048444406,-0.015115751,-0.021065287,-0.032638233,-0.040015273,-0.0480508,-0.05656763,-0.063989215,-0.07256363,-0.084360585,-0.09190806,-0.09777539,-0.106729925,-0.1134361,-0.124792635,-0.13222983,-0.13908923,-0.14494677,-0.1516309,-0.1580708,-0.16743536,-0.17515507,-0.18475787,-0.1934361,-0.1990681,-0.20402388,-0.21080077,-0.2163805,-0.22374614,-0.23157933,-0.23504476,-0.24155787,-0.24743006,-0.25280932,-0.26157677,-0.26648304,-0.27372938,-0.28184438,-0.28745097,-0.29441535,-0.30161154,-0.30967957,-0.3200438,-0.32554775,-0.33269376,-0.33805764,-0.3424278,-0.3514603,-0.35995355,-0.3658299,-0.36796945,-0.37239918,-0.37674746,-0.38300398,-0.38918,-0.39700916,-0.4012254,-0.40800852,-0.409731,-0.41366595,-0.41535592,-0.41914853
122,0.5729162,0.56295365,0.55450904,0.54207146,0.5304347,0.51791507,0.5069419,0.49507266,0.48076302,0.4669412,0.45470738,0.44235176,0.43017048,0.41643935,0.40554768,0.39369375,0.38190362,0.36595434,0.35182905,0.34098235,0.3299226,0.3173528,0.30513805,0.29394168,0.2836952,0.2720256,0.2619434,0.25194222,0.24246438,0.23224072,0.22116955,0.20970754,0.19934908,0.19053285,0.17820995,0.1672589,0.15494639,0.14746043,0.13520055,0.12431679,0.11586293,0.107007444,0.09683142,0.08932315,0.08011028,0.07055609,0.059302796,0.050546,0.03881325,0.029768396,0.018694025,0.009507549,0.002359281,-0.0067686685,-0.018031564,-0.02829821,-0.036700416,-0.045996614,-0.055382676,-0.06519334,-0.072438,-0.080173545,-0.08709842,-0.09324378,-0.10164605,-0.11154363,-0.1180084,-0.12770928,-0.13448127,-0.14173763,-0.15121582,-0.15590866,-0.16333386,-0.17263654,-0.17999545,-0.18790625,-0.19204167,-0.19888958,-0.20825247,-0.21936262,-0.22460492,-0.23035857,-0.23447397,-0.24226467,-0.25151098,-0.25663,-0.26154113,-0.26948136,-0.27221352,-0.27868482,-0.28653786,-0.29443246,-0.3037775,-0.3100389,-0.3160582,-0.3246765,-0.33130312,-0.33557767,-0.34193838,-0.3492399,-0.3595316,-0.36593324,-0.37242994,-0.37904257,-0.382916,-0.392168,-0.39898482,-0.4080213,-0.4120632,-0.42122895,-0.42792025,-0.4378057,-0.44448638,-0.45255622,-0.46108738,-0.469071,-0.47507724,-0.48403615,-0.49100727,-0.4990112
123,0.94684476,0.93705577,0.92731416,0.91654825,0.9054059,0.89148647,0.881969,0.8710386,0.86029625,0.84912986,0.8396624,0.8307583,0.8165544,0.80767107,0.7977685,0.7871171,0.77553475,0.7656555,0.75563604,0.74836636,0.74134004,0.7325032,0.7230301,0.7162012,0.7059184,0.6989864,0.69163287,0.68463665,0.67295,0.66630876,0.6570227,0.64919776,0.64399254,0.63548774,0.6293727,0.6196966,0.61189747,0.60351765,0.59738356,0.58940035,0.5826491,0.58029944,0.57594967,0.57009315,0.565542,0.5597916,0.5564889,0.55012333,0.54452443,0.5386805,0.5341338,0.5264224,0.52418786,0.5201985,0.51747197,0.5119554,0.5055052,0.50037926,0.49380594,0.4890504,0.4855434,0.48390546,0.48262897,0.477974,0.4755718,0.4770723,0.47272944,0.46896672,0.4664957,0.4636039,0.4601488,0.45917478,0.45458287,0.44742617,0.44296545,0.44085726,0.43632656,0.42986637,0.4257978,0.42322803,0.41869864,0.4164911,0.41391554,0.41253605,0.40941587,0.40926203,0.4049704,0.40163812,0.3987101,0.39325482,0.387906,0.38241443,0.3832038,0.37941664,0.3762106,0.37486568,0.37270457,0.37092468,0.36875713,0.3638032,0.362746,0.36129552,0.3574992,0.3574634,0.35633272,0.35485616,0.34817153,0.34622303,0.3450355,0.34150627,0.33872935,0.33617792,0.3356377,0.33331823,0.33348063,0.33358392,0.33147871,0.33355552,0.3314312,0.32895947
124,1.3332309,1.3247789,1.3133664,1.3038427,1.2935226,1.2796422,1.2681334,1.2559286,1.2439387,1.2327443,1.2243297,1.2161883,1.2021675,1.1912616,1.1785016,1.1684926,1.1591442,1.1477393,1.136547,1.1238348,1.1130427,1.1027063,1.0923969,1.0825522,1.0736786,1.0645899,1.0544426,1.0467535,1.0369791,1.0277783,1.0185542,1.0111599,1.0061723,0.99862516,0.9925397,0.9797004,0.9701886,0.96156347,0.953131,0.9449833,0.9381248,0.93217194,0.923289,0.9165739,0.90858966,0.905512,0.9007093,0.8924551,0.88672245,0.879758,0.87478364,0.86393327,0.8569312,0.8477763,0.8430624,0.8371932,0.82935476,0.8233923,0.81660557,0.8110897,0.8068658,0.80153704,0.7975876,0.79022247,0.787217,0.77971834,0.7763397,0.7702874,0.7680756,0.7659941,0.7607506,0.75861293,0.7560793,0.7523781,0.75119275,0.7504349,0.74819416,0.741366,0.7380283,0.73372036,0.7297917,0.7237085,0.7192992,0.71137035,0.7067383,0.70417273,0.6988408,0.69829065,0.6959011,0.6925942,0.6907149,0.6825243,0.67938334,0.6749251,0.6681951,0.6652804,0.6654376,0.6616554,0.6575935,0.6526357,0.64873534,0.6471501,0.6448387,0.6432844,0.6402638,0.6380213,0.6359952,0.63447255,0.63123554,0.63220453,0.6290034,0.62399703,0.61724985,0.614405,0.6102303,0.6051187,0.6051303,0.60203326,0.60107774,0.5986651
125,0.08785236,0.07910717,0.07198884,0.06008839,0.049972337,0.03906316,0.030701574,0.019015392,0.009788915,0.001140317,-0.007077032,-0.017377404,-0.025179561,-0.03338779,-0.03750542,-0.04620682,-0.05246476,-0.057736836,-0.0641941,-0.06939054,-0.07620512,-0.08214014,-0.08988682,-0.09539321,-0.10071429,-0.10742859,-0.11289656,-0.11916828,-0.1227543,-0.12929621,-0.13576046,-0.1435033,-0.1500729,-0.15555769,-0.1606708,-0.16370505,-0.16891935,-0.17375617,-0.18168563,-0.18550612,-0.19074507,-0.1977375,-0.20265892,-0.20590477,-0.20776741,-0.2138725,-0.21688315,-0.21937461,-0.22295833,-0.22476861,-0.22688189,-0.2321378,-0.23505819,-0.23952238,-0.24430993,-0.24799983,-0.25272235,-0.25398433,-0.2532883,-0.25541025,-0.2600147,-0.2629798,-0.26573935,-0.27054042,-0.27304137,-0.27649853,-0.2807222,-0.28255692,-0.28523436,-0.286722,-0.28915206,-0.291658,-0.2943405,-0.2954873,-0.2967611,-0.29845253,-0.30097157,-0.30281675,-0.3063243,-0.30991986,-0.3166053,-0.32053927,-0.3242113,-0.32710955,-0.3296985,-0.33268636,-0.332052,-0.33556455,-0.33892798,-0.3395831,-0.34081239,-0.34500644,-0.349146,-0.352925,-0.3575234,-0.36129007,-0.36469048,-0.36808348,-0.37032425,-0.37519997,-0.37969977,-0.38049763,-0.38308138,-0.38292918,-0.3896931,-0.39121586,-0.39292148,-0.395679,-0.39770433,-0.3976592,-0.40188876,-0.40648946,-0.4102934,-0.41577655,-0.41640058,-0.41973048,-0.42497295,-0.42690954,-0.42827144,-0.43850818
126,-1.0290196,-1.0311186,-1.0386897,-1.0470423,-1.0552061,-1.0685681,-1.0788691,-1.0891529,-1.0999534,-1.1107539,-1.1211175,-1.132494,-1.1436355,-1.152915,-1.1629092,-1.17173,-1.1805837,-1.1893891,-1.1982341,-1.2064354,-1.2171271,-1.2261503,-1.2357671,-1.242728,-1.252896,-1.2634552,-1.2721927,-1.2800881,-1.2862921,-1.2994082,-1.3106854,-1.3198955,-1.3271172,-1.3376553,-1.3455037,-1.3546919,-1.3596551,-1.3681201,-1.3794483,-1.3868005,-1.3964872,-1.4025346,-1.4112896,-1.4191402,-1.4267972,-1.4302009,-1.4359001,-1.4450648,-1.4522656,-1.4575773,-1.4622489,-1.4674726,-1.4744515,-1.4825269,-1.4912101,-1.5009569,-1.5070337,-1.5131538,-1.5191892,-1.5270016,-1.5351069,-1.5414588,-1.5472426,-1.554298,-1.5574895,-1.5619091,-1.5703954,-1.5750105,-1.5798036,-1.5863731,-1.5914868,-1.5971901,-1.6048992,-1.6126921,-1.6182524,-1.6266711,-1.6320803,-1.6364359,-1.6454151,-1.6522204,-1.6602179,-1.6656288,-1.6690115,-1.6743174,-1.6777834,-1.6822487,-1.6871401,-1.6912041,-1.6925323,-1.7007471,-1.7056465,-1.7087702,-1.7163391,-1.7240261,-1.7274815,-1.734956,-1.7418396,-1.7482245,-1.7519753,-1.7565864,-1.7628653,-1.7656467,-1.7694218,-1.7732518,-1.7804344,-1.7824827,-1.7877357,-1.7953355,-1.7970045,-1.7978747,-1.8057988,-1.8130529,-1.818491,-1.8238099,-1.8258597,-1.8299431,-1.8333623,-1.838056,-1.8415041,-1.8500397
127,0.7462669,0.7352214,0.7273034,0.7161788,0.70602,0.69418484,0.68295795,0.66924906,0.6584711,0.64527273,0.63514686,0.6246191,0.6129106,0.6007475,0.5900562,0.57906306,0.5698988,0.5604278,0.5507855,0.5406971,0.53079444,0.5200819,0.5111768,0.50135666,0.49212447,0.4803862,0.4698433,0.46268505,0.4509192,0.44200268,0.43071014,0.42297974,0.41643906,0.40749103,0.40048593,0.38918412,0.38084206,0.37228376,0.36282712,0.35549527,0.3483369,0.34320226,0.33528724,0.32969314,0.32268777,0.31687424,0.31175464,0.30627507,0.29932743,0.2922538,0.28974926,0.27932826,0.2722364,0.26756352,0.26191893,0.25491515,0.25261384,0.24910304,0.24412987,0.23918715,0.23326004,0.22729488,0.22233292,0.21984902,0.2160053,0.21240163,0.20762964,0.20303719,0.19872402,0.1961743,0.18971434,0.18624836,0.18108913,0.17451754,0.17035982,0.16556981,0.16143993,0.15293154,0.14583853,0.14120002,0.13311557,0.12764755,0.12603806,0.12101813,0.11654051,0.11394205,0.110283054,0.10797192,0.100784704,0.09743972,0.09239842,0.089142896,0.085484765,0.083769664,0.078454934,0.0727028,0.06863028,0.06514242,0.06273164,0.059383195,0.053793997,0.050133068,0.04510107,0.040779486,0.038110137,0.03840265,0.033079296,0.027876163,0.02249141,0.016384663,0.01167442,0.006146195,0.002534423,-0.002594325,-0.006755598,-0.009936714,-0.01367556,-0.016560478,-0.016031474,-0.022575099
128,0.017251415,0.009720164,-0.0007091134,-0.010266357,-0.022122404,-0.03563701,-0.046418034,-0.05635742,-0.06917158,-0.08000924,-0.09017461,-0.10075905,-0.112638965,-0.125608,-0.13518336,-0.1434227,-0.15234624,-0.16158701,-0.1692509,-0.17973992,-0.19022101,-0.2001112,-0.20952082,-0.22024564,-0.22770174,-0.23695788,-0.24415326,-0.25333437,-0.2569697,-0.2676592,-0.2753774,-0.28292114,-0.2902441,-0.30017528,-0.30932388,-0.316044,-0.32302773,-0.33302972,-0.34073716,-0.34808773,-0.35902053,-0.3645098,-0.37254214,-0.3788096,-0.38506478,-0.39073595,-0.3962443,-0.4040904,-0.4102675,-0.4178173,-0.42070335,-0.42754173,-0.43215743,-0.43709645,-0.44364506,-0.4501447,-0.45634753,-0.45893496,-0.4607582,-0.46605262,-0.47023863,-0.4759056,-0.4817752,-0.4824632,-0.48686728,-0.4913512,-0.49755988,-0.49932837,-0.5050002,-0.5095426,-0.51607096,-0.5222009,-0.5253373,-0.53019464,-0.5318703,-0.53531885,-0.5401074,-0.5464552,-0.5518178,-0.5544725,-0.5578749,-0.56456786,-0.5672381,-0.57044685,-0.5735655,-0.5752561,-0.5790413,-0.5812313,-0.58648205,-0.5870489,-0.5940815,-0.5950197,-0.5980235,-0.5990097,-0.60311073,-0.6050708,-0.609917,-0.61494064,-0.61862904,-0.62073183,-0.62306356,-0.6272755,-0.62903315,-0.6302444,-0.6293908,-0.630791,-0.63364047,-0.6391383,-0.6402713,-0.6416589,-0.6435274,-0.6467391,-0.64714396,-0.64939106,-0.6539856,-0.65526533,-0.65318674,-0.6554786,-0.65469885,-0.6581316
129,-0.28634858,-0.29235798,-0.29835016,-0.30478826,-0.3112379,-0.31876177,-0.32496658,-0.33376247,-0.34118816,-0.3496173,-0.35858616,-0.3655096,-0.37332645,-0.37982553,-0.38656858,-0.39143407,-0.39915746,-0.40668446,-0.41100788,-0.41786593,-0.4233194,-0.42924947,-0.43517557,-0.44340095,-0.44859758,-0.45562077,-0.4619227,-0.4685789,-0.47328988,-0.47895545,-0.4846365,-0.48877317,-0.49402398,-0.50072867,-0.50543964,-0.51196706,-0.5163906,-0.52302176,-0.5304841,-0.53676736,-0.54058003,-0.5434071,-0.5507014,-0.55484426,-0.55710256,-0.56083375,-0.5639967,-0.56852543,-0.5729273,-0.5764633,-0.5776758,-0.5859624,-0.5878471,-0.5913125,-0.59509885,-0.5992419,-0.6000253,-0.60507554,-0.60851514,-0.61370397,-0.6174447,-0.6198052,-0.6225818,-0.6275664,-0.63155097,-0.6334418,-0.63716906,-0.63990784,-0.64114815,-0.64374447,-0.6467676,-0.64895564,-0.6535262,-0.65869445,-0.6606202,-0.6633443,-0.6628884,-0.6695145,-0.67332125,-0.67567044,-0.6760303,-0.6765655,-0.6790219,-0.68171567,-0.6826709,-0.6858367,-0.68696177,-0.6881887,-0.6882405,-0.69143695,-0.6950177,-0.6937053,-0.6960292,-0.69976264,-0.7018172,-0.7032393,-0.7020489,-0.7049025,-0.70633495,-0.7048785,-0.70703566,-0.7073406,-0.7110904,-0.7076292,-0.7065301,-0.70682806,-0.7089602,-0.7116962,-0.7150222,-0.71218216,-0.7161533,-0.7204201,-0.7225608,-0.7269333,-0.7290827,-0.7271469,-0.727467,-0.7272383,-0.7291254,-0.73195225
130,0.3341157,0.32721144,0.3192335,0.31258017,0.30693784,0.29741842,0.2890988,0.27972093,0.2701031,0.2621327,0.25556403,0.2464087,0.23486058,0.2257767,0.21741228,0.20700844,0.20050776,0.1922629,0.18344289,0.1737969,0.16656467,0.15888914,0.14942004,0.14183101,0.1370792,0.12898788,0.123218656,0.11722913,0.11057317,0.10592504,0.098936826,0.09114014,0.08408221,0.078935325,0.074379966,0.0699839,0.063138865,0.058123,0.04948295,0.044147007,0.037332587,0.032717466,0.02821877,0.02200732,0.016697206,0.01399038,0.007662391,0.0025077146,-0.0044057323,-0.01049982,-0.013998349,-0.021263897,-0.025851082,-0.02973583,-0.035362788,-0.040727597,-0.046454396,-0.051176168,-0.053480208,-0.05744969,-0.063080356,-0.06720112,-0.07095729,-0.07909143,-0.08236686,-0.08609504,-0.08972247,-0.09197182,-0.09414019,-0.098376244,-0.10715611,-0.11187215,-0.11443236,-0.11791654,-0.121290445,-0.12307824,-0.12488345,-0.13231513,-0.13753228,-0.14349039,-0.14916857,-0.15335031,-0.1579774,-0.16222554,-0.1690788,-0.17415437,-0.18048695,-0.18562979,-0.19042978,-0.19429323,-0.19732593,-0.20135558,-0.20486602,-0.20743647,-0.21319309,-0.21857628,-0.22095183,-0.22205856,-0.22198698,-0.22713383,-0.2310925,-0.23708668,-0.2413189,-0.24568579,-0.2527339,-0.25564092,-0.2564946,-0.26074886,-0.26366445,-0.26273382,-0.2659796,-0.27178246,-0.27471128,-0.27945083,-0.28518993,-0.289968,-0.29457125,-0.2952718,-0.2941619,-0.2997276
131,0.3873224,0.38901183,0.3920852,0.39287,0.393373,0.38928667,0.38600656,0.38729054,0.38464072,0.38484704,0.38322803,0.38107473,0.38175702,0.37834376,0.37774858,0.37409893,0.37402564,0.3715275,0.3690354,0.3681316,0.3657154,0.36917743,0.36762512,0.36690384,0.36548313,0.36521927,0.36581972,0.3688706,0.36825582,0.36868972,0.36941272,0.37211713,0.37255058,0.37139696,0.3736725,0.37340254,0.3774187,0.37838104,0.37772012,0.37950116,0.38107777,0.38142878,0.38135153,0.3823884,0.38576505,0.3856986,0.38773686,0.3873033,0.38752335,0.38852388,0.3889052,0.39171663,0.3925023,0.3953947,0.397462,0.4007494,0.4033281,0.40535912,0.40801057,0.40976897,0.4127593,0.41622895,0.42043257,0.42416716,0.42951432,0.43586403,0.43833703,0.43983817,0.444345,0.44803327,0.44941467,0.4527823,0.4558642,0.4581197,0.4641388,0.47098574,0.4746398,0.4764467,0.48021078,0.48710194,0.49062142,0.48841318,0.49457914,0.49911037,0.50768596,0.51129025,0.51471156,0.521531,0.52497023,0.531285,0.53551495,0.53980976,0.54489654,0.55018044,0.5517777,0.5547291,0.5567506,0.5618293,0.56814015,0.57047653,0.57514304,0.5791326,0.5793329,0.5839149,0.5887511,0.59345526,0.59847504,0.60330176,0.6062746,0.6078948,0.6117754,0.61356103,0.6164144,0.6180793,0.62393695,0.6292137,0.6329627,0.6370996,0.63966703,0.64285743
132,0.13441075,0.13439323,0.137532,0.13417129,0.13256721,0.13180906,0.13131851,0.12461648,0.12444645,0.12024021,0.11746045,0.114665136,0.1135494,0.107481614,0.1058922,0.10264753,0.09744773,0.09665885,0.090846196,0.087716416,0.083332166,0.07913656,0.0764549,0.07447418,0.07136997,0.06712322,0.06469786,0.06273892,0.06106206,0.05682329,0.050951313,0.04846441,0.045904305,0.043200914,0.039617527,0.038849585,0.034647875,0.030895066,0.027021492,0.02460112,0.021653809,0.020396564,0.021072242,0.020505821,0.015003304,0.0142234955,0.013254421,0.013555182,0.01131921,0.007648503,0.0038950294,0.006203913,0.0061117494,0.0028593144,0.0015848394,-0.00055529625,-0.0015902314,-0.0037295395,-0.008691803,-0.010611681,-0.011996175,-0.01062874,-0.012787734,-0.011835501,-0.01177088,-0.012490125,-0.013027315,-0.0145825045,-0.016920997,-0.018002588,-0.020082984,-0.022049818,-0.022632778,-0.020823607,-0.021322018,-0.024235006,-0.023899328,-0.019497674,-0.019931722,-0.020260679,-0.018973168,-0.018527228,-0.016959554,-0.021055633,-0.02326204,-0.021426879,-0.022483662,-0.023647685,-0.023115832,-0.022850925,-0.024215888,-0.02655964,-0.023921104,-0.024404628,-0.02251352,-0.022689238,-0.024200913,-0.025875276,-0.024199912,-0.024912355,-0.02633223,-0.025199354,-0.023523722,-0.02192961,-0.022225337,-0.019768562,-0.019142456,-0.01643786,-0.01920214,-0.012945861,-0.009405713,-0.008349234,-0.012225831,-0.014846372,-0.017617844,-0.019889187,-0.018730005,-0.019199887,-0.016464066,-0.014143707
133,0.046180274,0.042836282,0.04138612,0.04093906,0.037726484,0.033329025,0.029305827,0.02679948,0.02160855,0.0173087,0.013417791,0.007345761,0.0033869692,3.164485e-05,-0.006168718,-0.01049407,-0.010780192,-0.015544993,-0.016318297,-0.019235775,-0.026213247,-0.0273588,-0.03235473,-0.036034483,-0.04183427,-0.04597869,-0.05101658,-0.05195264,-0.054188035,-0.05748222,-0.060156353,-0.06130184,-0.061790723,-0.06658075,-0.069897726,-0.07593174,-0.079273604,-0.08162396,-0.08630864,-0.08853794,-0.0909483,-0.093101904,-0.09848349,-0.10161439,-0.103756726,-0.10587229,-0.106968656,-0.10627191,-0.10962595,-0.11364061,-0.11540111,-0.11965134,-0.12083541,-0.1234378,-0.12509012,-0.12537847,-0.12794825,-0.12981455,-0.13279292,-0.1353549,-0.13837983,-0.13999201,-0.14087111,-0.14619972,-0.14571342,-0.14556226,-0.14523719,-0.14883572,-0.14787021,-0.14895993,-0.15071854,-0.15212221,-0.15095094,-0.15247042,-0.153576,-0.15396675,-0.1533781,-0.15207432,-0.15389493,-0.15433826,-0.15451314,-0.15317886,-0.15474926,-0.15837604,-0.15911919,-0.16047508,-0.16073918,-0.15860093,-0.16041936,-0.16107045,-0.16540276,-0.16601244,-0.16547912,-0.16581416,-0.16761169,-0.16858438,-0.16836461,-0.17011245,-0.16973463,-0.17195626,-0.17465381,-0.17288098,-0.17312244,-0.17323808,-0.17151864,-0.17210987,-0.1715991,-0.17431785,-0.17552185,-0.17513886,-0.17440397,-0.17631319,-0.17513247,-0.17491123,-0.17305802,-0.1707649,-0.17067237,-0.17165637,-0.17487022,-0.17643511
134,-0.17573924,-0.18143976,-0.18332937,-0.18637028,-0.19167012,-0.19721824,-0.20158458,-0.20797434,-0.2140181,-0.22064742,-0.22672501,-0.23418131,-0.24115574,-0.24793342,-0.25622338,-0.26354712,-0.27100882,-0.2750173,-0.28004915,-0.28741336,-0.2936131,-0.2976502,-0.30293608,-0.30779025,-0.315054,-0.31850752,-0.32426304,-0.3280396,-0.33431226,-0.34017906,-0.3460911,-0.35125268,-0.3560746,-0.3589605,-0.3625515,-0.3679102,-0.37208182,-0.37871486,-0.38568312,-0.39203376,-0.39576095,-0.4021267,-0.40558934,-0.40869325,-0.41295624,-0.41519403,-0.4211494,-0.42732263,-0.43427068,-0.43452471,-0.4374299,-0.44358072,-0.44677186,-0.44851676,-0.45399746,-0.45716214,-0.45870906,-0.45965797,-0.4627854,-0.46421233,-0.46683902,-0.47197685,-0.47491986,-0.4778182,-0.47910303,-0.4802595,-0.48207688,-0.4852727,-0.48712045,-0.48921615,-0.49297023,-0.49321976,-0.49302253,-0.49703103,-0.49608392,-0.49748492,-0.4968428,-0.49479097,-0.49835482,-0.50103176,-0.49973512,-0.50181025,-0.5014974,-0.50369775,-0.505552,-0.50307274,-0.5058033,-0.50560766,-0.5033725,-0.5026524,-0.50128764,-0.5036394,-0.50223637,-0.5047844,-0.5022521,-0.50271016,-0.5001529,-0.50409204,-0.50533706,-0.5064222,-0.5096904,-0.5072293,-0.5075115,-0.50759923,-0.51388186,-0.5114997,-0.51119566,-0.5120902,-0.5115617,-0.50837123,-0.50839907,-0.50790393,-0.50702465,-0.5099812,-0.505382,-0.5078665,-0.50874054,-0.5076221,-0.5025686,-0.50212085
135,-0.037872493,-0.035331495,-0.03524177,-0.037973154,-0.038852952,-0.043390945,-0.043682374,-0.043454867,-0.045773678,-0.04727312,-0.05030443,-0.05513351,-0.05694772,-0.060401153,-0.060497303,-0.06254414,-0.066176556,-0.0681576,-0.06931201,-0.07429137,-0.0766143,-0.07977049,-0.082839176,-0.08384616,-0.08608699,-0.08654048,-0.0882581,-0.091213726,-0.093460605,-0.094343856,-0.09653973,-0.09733391,-0.098724596,-0.1016683,-0.10172373,-0.103156544,-0.105922475,-0.10643383,-0.109610796,-0.10990608,-0.11324929,-0.11390092,-0.11433804,-0.115980044,-0.11659243,-0.115009084,-0.11307292,-0.11258088,-0.11317003,-0.11313412,-0.111892,-0.11328365,-0.113260075,-0.11305113,-0.1166921,-0.11871432,-0.12253873,-0.12611316,-0.12266471,-0.12227962,-0.121004365,-0.12249023,-0.12439282,-0.12386562,-0.12202863,-0.117210984,-0.11882077,-0.11945699,-0.119886674,-0.122261286,-0.123035625,-0.12528788,-0.12616542,-0.12675871,-0.12452525,-0.12654534,-0.12638454,-0.12706597,-0.12959954,-0.12785538,-0.12799717,-0.1293104,-0.13071015,-0.1328206,-0.1353921,-0.1366747,-0.1379053,-0.13723055,-0.13793366,-0.13741484,-0.13796984,-0.1402597,-0.13826294,-0.13841924,-0.14023776,-0.1423014,-0.14422897,-0.14682999,-0.1411449,-0.14283034,-0.14194646,-0.14266995,-0.14484607,-0.1432943,-0.1440509,-0.14540651,-0.1443743,-0.14600027,-0.14349593,-0.14134997,-0.14258021,-0.14160669,-0.14506027,-0.14576724,-0.14261428,-0.14099285,-0.14041974,-0.14064375,-0.14053996,-0.13780357
136,-0.037675828,-0.038945276,-0.042665824,-0.045571998,-0.049001634,-0.055187684,-0.05858011,-0.06333463,-0.0675976,-0.07395316,-0.08203935,-0.08916525,-0.09564688,-0.102286816,-0.10780767,-0.113419846,-0.11755188,-0.1277509,-0.1343415,-0.13929625,-0.14561114,-0.15279076,-0.15891603,-0.16399863,-0.16969511,-0.1758689,-0.1817203,-0.18609115,-0.19120996,-0.19947799,-0.20294884,-0.20615235,-0.21195376,-0.21872132,-0.2238119,-0.229883,-0.23835023,-0.24519841,-0.25300387,-0.25645036,-0.26278156,-0.26665837,-0.26960546,-0.27336836,-0.27690867,-0.27975377,-0.28015023,-0.28326058,-0.2862583,-0.2903589,-0.29421645,-0.29709616,-0.29903844,-0.30255243,-0.3071092,-0.3102087,-0.3127892,-0.31773707,-0.31991485,-0.32253355,-0.32333374,-0.3253092,-0.32865468,-0.33067876,-0.3308925,-0.3303767,-0.3337255,-0.33523697,-0.33782163,-0.3420611,-0.34380323,-0.34629625,-0.34641182,-0.349855,-0.35161698,-0.3542899,-0.35647273,-0.35607243,-0.35780147,-0.3582604,-0.36093962,-0.3661634,-0.36551464,-0.36529827,-0.36324552,-0.36179048,-0.36436653,-0.36091742,-0.3598164,-0.36064854,-0.36011085,-0.35861713,-0.358445,-0.36115068,-0.3614335,-0.3630458,-0.3643058,-0.36562544,-0.36495566,-0.36527446,-0.36782393,-0.3681495,-0.37239113,-0.3695963,-0.3688464,-0.3682482,-0.3676055,-0.36819714,-0.37196892,-0.37131533,-0.36972877,-0.3742947,-0.37510094,-0.37772828,-0.37781528,-0.37867996,-0.3798945,-0.38098285,-0.37741667,-0.3768082
137,-0.060743015,-0.064343676,-0.07009558,-0.078919314,-0.08547537,-0.09299283,-0.09996385,-0.11050701,-0.121239856,-0.12917328,-0.13657072,-0.14351273,-0.15048572,-0.1597013,-0.16833198,-0.17558971,-0.18453029,-0.193581,-0.19907941,-0.2040801,-0.21252055,-0.21798816,-0.22627182,-0.23080643,-0.23674211,-0.24593297,-0.2522685,-0.25681183,-0.2647918,-0.26884693,-0.2742173,-0.27990896,-0.28782186,-0.2929335,-0.296758,-0.30381256,-0.30776954,-0.31355762,-0.32199383,-0.32614493,-0.3325312,-0.3368849,-0.34107047,-0.34604725,-0.34834772,-0.35347566,-0.3557653,-0.3570902,-0.36214074,-0.36461005,-0.3708602,-0.37474424,-0.37750614,-0.37987092,-0.3837307,-0.38656968,-0.39135113,-0.39393705,-0.39657798,-0.39837483,-0.40413743,-0.40611964,-0.40912166,-0.41143245,-0.41063166,-0.40845847,-0.41146073,-0.41196626,-0.4131433,-0.41514573,-0.41813302,-0.42143577,-0.42347065,-0.4260955,-0.42456466,-0.428024,-0.4294563,-0.4332605,-0.43656665,-0.4354027,-0.43618584,-0.43796262,-0.4390866,-0.44179922,-0.44288024,-0.44333214,-0.4422574,-0.44357044,-0.44964534,-0.45144153,-0.45148602,-0.45276135,-0.4523055,-0.4533372,-0.45228902,-0.45349056,-0.45144272,-0.45554653,-0.45829827,-0.45566902,-0.4536243,-0.4539059,-0.4566052,-0.45489985,-0.45642918,-0.4556578,-0.45322338,-0.45136482,-0.45143956,-0.4500308,-0.4520627,-0.45396262,-0.45375538,-0.4600823,-0.45635572,-0.45338592,-0.44883242,-0.4455387,-0.44173545,-0.44101
138,-0.05229438,-0.05457296,-0.061149646,-0.067225195,-0.07353892,-0.079846874,-0.08552168,-0.09638974,-0.10630278,-0.11583837,-0.12376495,-0.1325893,-0.14158176,-0.15179938,-0.15814523,-0.1668086,-0.17661496,-0.18237342,-0.19111617,-0.20160751,-0.21132155,-0.21721463,-0.22724712,-0.23768227,-0.24718316,-0.25577918,-0.26470882,-0.27310655,-0.2805718,-0.29101762,-0.29975003,-0.3071323,-0.31383365,-0.3218035,-0.32817054,-0.33617437,-0.3450541,-0.35551763,-0.36569285,-0.3749604,-0.3831764,-0.38932103,-0.39492616,-0.4036831,-0.41062126,-0.4186421,-0.42578667,-0.4303871,-0.43506104,-0.44206828,-0.44794267,-0.454734,-0.45927364,-0.4644851,-0.47246537,-0.48050252,-0.48528224,-0.49056464,-0.49580327,-0.49906054,-0.5057566,-0.5142621,-0.52130926,-0.5285381,-0.53128684,-0.5330359,-0.5386716,-0.5438661,-0.5466646,-0.55186474,-0.55802524,-0.56168556,-0.5666234,-0.57275295,-0.5755143,-0.58146834,-0.58726907,-0.58765584,-0.5929699,-0.59661555,-0.60215217,-0.60864115,-0.6117698,-0.61656165,-0.6167623,-0.62145513,-0.62412214,-0.6247924,-0.6314033,-0.63610953,-0.6371136,-0.6429119,-0.6471213,-0.65131605,-0.6529995,-0.65663683,-0.6607014,-0.66714317,-0.67352873,-0.6777489,-0.67894495,-0.685417,-0.69031346,-0.6887562,-0.6929848,-0.69425243,-0.69489944,-0.6966838,-0.69781816,-0.6959709,-0.70102227,-0.7060316,-0.708696,-0.71285784,-0.71359986,-0.7148136,-0.71610725,-0.7178856,-0.71649444,-0.71725875
139,-0.19214307,-0.20319629,-0.21718559,-0.22854057,-0.24419744,-0.2587729,-0.2746306,-0.28955677,-0.30508697,-0.31675437,-0.32897633,-0.3418609,-0.3552481,-0.36783522,-0.3838294,-0.39626798,-0.4088231,-0.4169755,-0.42801014,-0.44146794,-0.45675787,-0.46814626,-0.47809243,-0.48830375,-0.5026597,-0.5158755,-0.5284642,-0.5421225,-0.5548195,-0.5696501,-0.582647,-0.59527755,-0.60594565,-0.61861175,-0.63082165,-0.6390748,-0.64896154,-0.6615682,-0.67195517,-0.6838244,-0.6946432,-0.7055253,-0.72012675,-0.7317008,-0.7399962,-0.74853444,-0.7558915,-0.7668587,-0.7770191,-0.7889574,-0.79440624,-0.8055679,-0.8123186,-0.82252014,-0.8359566,-0.8469324,-0.85602856,-0.8638007,-0.8733568,-0.88159925,-0.8933464,-0.903005,-0.9136319,-0.92403716,-0.93114346,-0.9422821,-0.9533129,-0.9611298,-0.96808946,-0.97727334,-0.98276967,-0.99089843,-0.9994763,-1.0080961,-1.0146205,-1.0252557,-1.0356864,-1.0410951,-1.0532463,-1.0572215,-1.0656607,-1.0725995,-1.0829767,-1.0913544,-1.0981029,-1.1077163,-1.1148331,-1.1211119,-1.1269716,-1.1356361,-1.1471728,-1.1572182,-1.1634717,-1.1683651,-1.1729532,-1.1830337,-1.1914583,-1.2026657,-1.2098922,-1.2175257,-1.2267538,-1.2347593,-1.242334,-1.2485039,-1.2497119,-1.2557895,-1.2612983,-1.2692182,-1.273671,-1.2795076,-1.2903475,-1.2993972,-1.3034449,-1.313292,-1.3187215,-1.3242166,-1.3285908,-1.3371066,-1.3400058,-1.3469331
140,0.81485546,0.8033727,0.79354453,0.78139746,0.7668926,0.7548028,0.7443662,0.7314664,0.71857476,0.707498,0.69306684,0.6785575,0.66565,0.65138835,0.64020336,0.62723833,0.6166434,0.6038033,0.59054196,0.57792705,0.5630627,0.5520233,0.53863287,0.52782845,0.51518196,0.50416577,0.49256572,0.4803413,0.46731797,0.4559875,0.44362837,0.4313221,0.42020494,0.4087185,0.39857104,0.38545975,0.37401485,0.36213985,0.35097727,0.33916804,0.32727906,0.3174387,0.30518627,0.2938337,0.2849679,0.26861492,0.2562619,0.24312015,0.23306684,0.22463913,0.21524453,0.20425615,0.19261506,0.18357149,0.17284188,0.16176808,0.1523529,0.1442335,0.13232568,0.122041084,0.11106597,0.09982296,0.08959788,0.0790361,0.06985072,0.059103645,0.050159432,0.039031398,0.030516485,0.018111061,0.008190261,0.00014467351,-0.009841131,-0.02119254,-0.030940974,-0.039681237,-0.051211037,-0.06258821,-0.07491689,-0.08474727,-0.0943277,-0.10158064,-0.11333306,-0.12412119,-0.13556167,-0.14425878,-0.15375039,-0.1656126,-0.17658338,-0.1880484,-0.19808444,-0.20607495,-0.215133,-0.2238302,-0.23220603,-0.23981173,-0.24473116,-0.2571522,-0.26567268,-0.2719882,-0.27963504,-0.291069,-0.30000782,-0.30971617,-0.31648704,-0.323761,-0.33344537,-0.34111303,-0.347475,-0.35523492,-0.3629684,-0.37334454,-0.38105327,-0.39395827,-0.4015792,-0.40562683,-0.41347304,-0.42216635,-0.42467365,-0.43374747
141,1.179022,1.1697648,1.1625998,1.1509576,1.1404299,1.1313304,1.1246363,1.114557,1.1014853,1.0908421,1.083253,1.0742257,1.0635749,1.0572412,1.0493578,1.0384552,1.0291226,1.0194298,1.011781,1.0047576,0.994758,0.9836208,0.97596055,0.9668023,0.96142024,0.95381576,0.94771135,0.9402405,0.93347055,0.9286588,0.9205664,0.91541433,0.9101578,0.9013427,0.8941161,0.88644373,0.88000774,0.87612885,0.8678199,0.8622813,0.85600567,0.8523877,0.8453886,0.84122914,0.8374777,0.8287765,0.82583296,0.8211975,0.8155891,0.81258136,0.80974084,0.8020851,0.8001587,0.7953912,0.793543,0.7897565,0.783181,0.77525944,0.7689054,0.76663935,0.76246464,0.7586466,0.75514716,0.74796945,0.74306935,0.73762083,0.734974,0.73086166,0.7271593,0.72281724,0.7149744,0.7094132,0.7033643,0.6997332,0.6960363,0.69237995,0.68718034,0.6833228,0.6807303,0.6752498,0.6713507,0.66593283,0.6632009,0.65750587,0.65273744,0.64826906,0.6416847,0.63748443,0.63008416,0.6261177,0.61781967,0.60949326,0.6066041,0.600112,0.5996812,0.5956503,0.5930702,0.59037936,0.58755374,0.58051485,0.5738364,0.5733196,0.56829447,0.56515473,0.56265986,0.55971175,0.5530849,0.5483593,0.5451199,0.5435203,0.5423798,0.53822094,0.53526294,0.52852184,0.5239816,0.52030474,0.51644266,0.51581675,0.51532066,0.5130583
142,0.019809026,0.012864495,0.0021361818,-0.011286068,-0.024358757,-0.03872188,-0.04999519,-0.060788237,-0.07267763,-0.082502194,-0.095629066,-0.10734697,-0.12010266,-0.1320527,-0.14338648,-0.15183713,-0.16287465,-0.17074862,-0.17968178,-0.18771009,-0.1990232,-0.20921192,-0.2143881,-0.22418582,-0.23146391,-0.24115948,-0.24630554,-0.2545641,-0.2593536,-0.2681896,-0.27593607,-0.28552055,-0.2927845,-0.29978228,-0.30653602,-0.312121,-0.31914312,-0.3277108,-0.33323616,-0.33807534,-0.344086,-0.3505388,-0.3570028,-0.3614879,-0.3667173,-0.37329507,-0.37821072,-0.3807692,-0.38925207,-0.3954177,-0.4003191,-0.40746984,-0.41205788,-0.41425738,-0.42013627,-0.42292777,-0.42722535,-0.4250775,-0.42608315,-0.4312431,-0.43409926,-0.43918353,-0.44208297,-0.44216424,-0.44485006,-0.4489104,-0.45180202,-0.4567198,-0.4590591,-0.46295547,-0.4648586,-0.4693533,-0.4699069,-0.4694449,-0.47107515,-0.47340244,-0.47136697,-0.47405338,-0.47885376,-0.4785483,-0.4832089,-0.48353776,-0.48762497,-0.48889822,-0.49080926,-0.4908878,-0.4948402,-0.49689665,-0.49964404,-0.5017613,-0.50452286,-0.51000303,-0.5128789,-0.5156251,-0.51450455,-0.5158209,-0.51600635,-0.51629907,-0.52033705,-0.5206033,-0.52159095,-0.52283907,-0.5277414,-0.52696097,-0.5218836,-0.52377254,-0.5230215,-0.5265657,-0.5245905,-0.52436864,-0.5280896,-0.5339006,-0.5347618,-0.53451127,-0.53571814,-0.5344134,-0.535768,-0.5380185,-0.5399605,-0.5385373
143,0.49724144,0.48696122,0.4804789,0.4727931,0.46509328,0.4568428,0.4492623,0.43837667,0.42791915,0.41911373,0.41173777,0.4041438,0.3934348,0.3854889,0.37677318,0.36698434,0.35793918,0.3495353,0.3410275,0.33215857,0.32600793,0.31674242,0.309367,0.3017093,0.29472336,0.28617042,0.28188372,0.2757271,0.26936612,0.26086137,0.25376102,0.24584278,0.23937383,0.23120412,0.22707137,0.21660635,0.20960613,0.20221701,0.19354571,0.18780293,0.18149592,0.17397642,0.16619517,0.16054058,0.15426897,0.1506733,0.14374655,0.13794623,0.13231969,0.1255135,0.12131812,0.11654739,0.11133263,0.105858125,0.10049448,0.09357155,0.087682225,0.08154695,0.077113606,0.07103709,0.06539696,0.0597355,0.055270534,0.050463885,0.04703386,0.038600635,0.0352135,0.03040142,0.027592832,0.022742743,0.015975669,0.0110838935,0.0057607056,0.00072274794,-0.0043561133,-0.0073685376,-0.01518883,-0.020929221,-0.026541118,-0.032093514,-0.034858406,-0.036620103,-0.04031539,-0.048235185,-0.05093226,-0.056072533,-0.06079473,-0.066412196,-0.0736845,-0.07847154,-0.0854551,-0.08687083,-0.09227204,-0.097846314,-0.10138742,-0.10552279,-0.10910632,-0.11776964,-0.12096442,-0.12265935,-0.12770884,-0.13227959,-0.13685775,-0.1388323,-0.14276649,-0.15004453,-0.15192845,-0.15751933,-0.15872636,-0.16469112,-0.16951153,-0.17307957,-0.17807636,-0.18553327,-0.18720485,-0.1898008,-0.19297166,-0.1976893,-0.19959453,-0.19899192
144,-0.20537928,-0.21226998,-0.21760222,-0.22687891,-0.23519716,-0.2428613,-0.2529524,-0.26072198,-0.26992798,-0.28134903,-0.2893301,-0.2968405,-0.30565178,-0.31567463,-0.3216962,-0.33026487,-0.33810347,-0.34327888,-0.35207608,-0.35866898,-0.3679157,-0.37519005,-0.38560528,-0.3948833,-0.40313587,-0.4095796,-0.41495776,-0.42221457,-0.4312449,-0.4408095,-0.45074964,-0.45741147,-0.46355462,-0.47057766,-0.4739729,-0.48176497,-0.49177718,-0.49825796,-0.5046605,-0.5121326,-0.51721287,-0.52359134,-0.5296545,-0.5366956,-0.5446886,-0.5490988,-0.55711436,-0.56324637,-0.57005316,-0.5778286,-0.5825017,-0.589977,-0.59512985,-0.6013159,-0.6085443,-0.6151321,-0.6164896,-0.61947197,-0.6232108,-0.62752247,-0.6338993,-0.64086485,-0.6456605,-0.64821166,-0.65154326,-0.6550063,-0.6607806,-0.66384304,-0.66840094,-0.67207384,-0.679816,-0.68491936,-0.69071245,-0.6938602,-0.69935715,-0.70320016,-0.70737445,-0.712924,-0.71923757,-0.723343,-0.728161,-0.7330159,-0.73506385,-0.7403823,-0.73827446,-0.7416851,-0.74683565,-0.74757284,-0.7474669,-0.7489592,-0.75089204,-0.75110114,-0.7538949,-0.7558997,-0.7591099,-0.7642124,-0.76849735,-0.7699522,-0.7724498,-0.7741461,-0.774835,-0.780131,-0.78346664,-0.7844101,-0.7828986,-0.7858221,-0.78860426,-0.7893665,-0.78803027,-0.7907912,-0.7934826,-0.79747564,-0.800465,-0.8061449,-0.80833787,-0.809168,-0.8111148,-0.8139574,-0.8159299,-0.81638277
