ROI,Month_0,Month_1,Month_2,Month_3,Month_4,Month_5,Month_6,Month_7,Month_8,Month_9,Month_10,Month_11,Month_12,Month_13,Month_14,Month_15,Month_16,Month_17,Month_18,Month_19,Month_20,Month_21,Month_22,Month_23,Month_24,Month_25,Month_26,Month_27,Month_28,Month_29,Month_30,Month_31,Month_32,Month_33,Month_34,Month_35,Month_36,Month_37,Month_38,Month_39,Month_40,Month_41,Month_42,Month_43,Month_44,Month_45,Month_46,Month_47,Month_48,Month_49,Month_50,Month_51,Month_52,Month_53,Month_54,Month_55,Month_56,Month_57,Month_58,Month_59,Month_60,Month_61,Month_62,Month_63,Month_64,Month_65,Month_66,Month_67,Month_68,Month_69
0_real,0.48456487,,,,,,,,,,,,,,,,,,,,,,,,,,,,,,,,,,,,,,,,,,,,,,,,,,,,,,,,0.3886468,,,,,,,,,,,,,
0_gen,0.48456484,0.48950058,0.49676538,0.5025109,0.5097667,0.5162086,0.52467644,0.53152066,0.53884107,0.5445297,0.5518238,0.5598664,0.5686394,0.5755633,0.58090055,0.58584064,0.59357363,0.59944296,0.60641205,0.61100626,0.6174818,0.6236689,0.6311931,0.63633114,0.6427696,0.64933264,0.6575254,0.6658047,0.6721986,0.67617726,0.6809935,0.68832594,0.69526196,0.70227635,0.71078664,0.71861094,0.7261564,0.7353331,0.74394935,0.75093955,0.7571553,0.7655462,0.77246,0.7814766,0.78896743,0.7963978,0.80542886,0.8108988,0.8146631,0.8223726,0.8314328,0.8389312,0.84818184,0.85516274,0.8618576,0.8717359,0.87868965,0.8861138,0.89314395,0.90140456,0.910725,0.9186028,0.927472,0.9342882,0.94054586,0.9495144,0.9576936,0.964821,0.97343254,0.9823073
1_real,-0.31519327,,,,,,,,,,,,,,,,,,,,,,,,,,,,,,,,,,,,,,,,,,,,,,,,,,,,,,,,-0.5441701,,,,,,,,,,,,,
1_gen,-0.31519324,-0.3147759,-0.31330678,-0.31108817,-0.31014895,-0.30769396,-0.30609185,-0.3045035,-0.30060032,-0.3002321,-0.30112,-0.2972029,-0.2936039,-0.29291767,-0.29157916,-0.2887002,-0.28680548,-0.28411952,-0.28362536,-0.28133306,-0.28052485,-0.2774087,-0.27469224,-0.27134404,-0.26818892,-0.265331,-0.26420975,-0.26239982,-0.2581775,-0.25694272,-0.25326505,-0.25134626,-0.25062636,-0.25057164,-0.24805081,-0.24588399,-0.24347925,-0.24193871,-0.24076994,-0.23776296,-0.23407874,-0.2310681,-0.22822538,-0.2245173,-0.22164372,-0.21941337,-0.21746726,-0.21377257,-0.21085842,-0.20650108,-0.2028323,-0.19951479,-0.19654536,-0.19350517,-0.19044246,-0.18712862,-0.18390219,-0.18135998,-0.17879632,-0.17798519,-0.17350301,-0.17069028,-0.16789119,-0.16478834,-0.16342412,-0.16026679,-0.15820391,-0.15482768,-0.15215018,-0.14955357
2_real,0.92042565,,,,,,,,,,,,,,,,,,,,,,,,,,,,,,,,,,,,,,,,,,,,,,,,,,,,,,,,0.938922,,,,,,,,,,,,,
2_gen,0.92042553,0.90720683,0.90159625,0.8885938,0.87894213,0.875086,0.8643173,0.8556431,0.8518013,0.84316653,0.83821565,0.8304559,0.82261926,0.8167218,0.811437,0.80570734,0.8013916,0.79462624,0.7877762,0.7804698,0.77482116,0.7703768,0.7635533,0.755714,0.7506503,0.74101645,0.7362436,0.7296939,0.72217023,0.7165379,0.7069727,0.7004884,0.697705,0.69063157,0.684322,0.6801923,0.6751109,0.66809285,0.6596619,0.6508977,0.64396846,0.63835466,0.6348356,0.62802553,0.62140644,0.6123968,0.6038863,0.59647876,0.5924456,0.5884408,0.5811166,0.5774242,0.5700473,0.56447375,0.55759275,0.55125684,0.5446454,0.5428424,0.53451955,0.5289053,0.5246641,0.51859266,0.5113841,0.50209254,0.49257022,0.48656043,0.47842938,0.4736607,0.46530867,0.45768803
3_real,1.0047861,,,,,,,,,,,,,,,,,,,,,,,,,,,,,,,,,,,,,,,,,,,,,,,,,,,,,,,,0.870106,,,,,,,,,,,,,
3_gen,1.0047863,0.9951499,0.9865863,0.9793218,0.9736926,0.963688,0.9569702,0.95163536,0.9432718,0.93754655,0.92862475,0.9237086,0.9160267,0.91010606,0.9048265,0.8986646,0.89555323,0.8904702,0.8828143,0.8775059,0.8704508,0.8673636,0.8619071,0.8557397,0.84943515,0.8446026,0.83599216,0.8313885,0.82732904,0.8216317,0.81525934,0.8087965,0.80358297,0.7987889,0.79185545,0.7864223,0.7824567,0.7762402,0.7711063,0.7634505,0.7589103,0.7537941,0.7491993,0.74541074,0.73816645,0.73089105,0.7239477,0.7178004,0.7088791,0.70083326,0.6932847,0.6881566,0.6802684,0.6749021,0.6669797,0.6616953,0.6556045,0.6496278,0.6435784,0.6377256,0.6326849,0.6279944,0.618796,0.6140902,0.6054071,0.59818393,0.5912903,0.5859325,0.5797218,0.57463074
4_real,0.46299487,,,,,,,,,,,,,,,,,,,,,,,,,,,,,,,,,,,,,,,,,,,,,,,,,,,,,,,,0.6959997,,,,,,,,,,,,,
4_gen,0.46299487,0.4551959,0.44352394,0.4362144,0.42725807,0.42215872,0.4162621,0.408868,0.40541038,0.40257674,0.39397752,0.3903399,0.38359287,0.37618446,0.37143707,0.36455747,0.3587523,0.35309893,0.34322694,0.3384562,0.3369121,0.33188194,0.32532537,0.32004073,0.31631052,0.3115741,0.30722025,0.29984045,0.29680306,0.29183742,0.2824765,0.279951,0.2736842,0.26514325,0.26176012,0.25579515,0.2564113,0.24665359,0.24149701,0.23446615,0.22616701,0.21908979,0.21317093,0.20668828,0.20013392,0.19384912,0.18509147,0.17939422,0.1737431,0.16772215,0.15894738,0.15773046,0.1523016,0.14516443,0.13829404,0.12974904,0.118320964,0.11353813,0.1080397,0.09997919,0.09120084,0.08471739,0.07559098,0.06520899,0.05781845,0.04843422,0.04085918,0.030417588,0.022171095,0.013036497
5_real,0.8716822,,,,,,,,,,,,,,,,,,,,,,,,,,,,,,,,,,,,,,,,,,,,,,,,,,,,,,,,0.17959061,,,,,,,,,,,,,
5_gen,0.8716823,0.86137486,0.8580793,0.8518036,0.8427845,0.83934605,0.83200634,0.8293945,0.81936157,0.81200105,0.8031882,0.79761994,0.7864014,0.77499276,0.76373607,0.75814295,0.7561228,0.7485854,0.7453224,0.7371644,0.73172635,0.7262149,0.7184732,0.71112865,0.7054487,0.7016296,0.6945904,0.69002116,0.6846924,0.678275,0.6758273,0.6691075,0.6616456,0.6569548,0.64859855,0.6427574,0.6367409,0.62913275,0.62101126,0.61652833,0.6123172,0.6042241,0.5990834,0.58929753,0.5802811,0.5707457,0.5586664,0.55080205,0.54356754,0.53592527,0.5264699,0.5224127,0.51082766,0.50639707,0.49981064,0.49165887,0.48248357,0.47483492,0.46671575,0.45686632,0.44777218,0.43764487,0.42440572,0.41446584,0.4038785,0.39463636,0.38535935,0.37689245,0.37159756,0.36272448
6_real,0.25057116,,,,,,,,,,,,,,,,,,,,,,,,,,,,,,,,,,,,,,,,,,,,,,,,,,,,,,,,0.46263424,,,,,,,,,,,,,
6_gen,0.2505712,0.25010478,0.24754255,0.24763963,0.24548003,0.24517474,0.24235559,0.24052224,0.23687868,0.23340432,0.23039675,0.22884436,0.224841,0.22237,0.22005448,0.21744482,0.21379463,0.21145745,0.21083157,0.20785478,0.20653208,0.20499489,0.20259173,0.20093098,0.19706151,0.19454241,0.19276825,0.19148809,0.18999258,0.18649295,0.18481846,0.18196815,0.17963657,0.17624487,0.17416748,0.17294529,0.17015086,0.16972332,0.16787823,0.16670892,0.16447343,0.16195402,0.16024387,0.15814735,0.15566754,0.1534957,0.15024209,0.14817226,0.14483806,0.14230789,0.14035507,0.13932344,0.13693403,0.13388555,0.1311002,0.12860307,0.12652981,0.12326467,0.123203374,0.12048576,0.11757076,0.11546519,0.112770535,0.11005952,0.10842242,0.106139876,0.10315299,0.10033518,0.09696029,0.096053064
7_real,-0.020747479,,,,,,,,,,,,,,,,,,,,,,,,,,,,,,,,,,,,,,,,,,,,,,,,,,,,,,,,0.31275037,,,,,,,,,,,,,
7_gen,-0.02074748,-0.021108765,-0.021889552,-0.023617199,-0.022626374,-0.020150209,-0.018222705,-0.017000133,-0.015199676,-0.015074277,-0.014283499,-0.014260599,-0.013586981,-0.010796595,-0.008547794,-0.0062637306,-0.0033266407,-0.0024620383,-0.0017592324,0.00010561645,0.00031468083,0.0011362388,0.0041766623,0.0039977017,0.0043468704,0.005461979,0.0075065494,0.008660734,0.009739608,0.0128824245,0.014159137,0.015364269,0.016701495,0.019126767,0.019323338,0.020579726,0.021522183,0.021343175,0.023299484,0.024175461,0.025069475,0.02775414,0.029409882,0.030738588,0.030149598,0.030779764,0.032223366,0.036034644,0.03513389,0.037757747,0.03817593,0.038790174,0.038618945,0.039253175,0.04066997,0.04388363,0.045233883,0.0437473,0.047933757,0.051600497,0.05375273,0.05204981,0.055175304,0.055241786,0.059247434,0.060363762,0.061428837,0.06472528,0.06649525,0.06803616
8_real,-0.25817072,,,,,,,,,,,,,,,,,,,,,,,,,,,,,,,,,,,,,,,,,,,,,,,,,,,,,,,,-0.14732954,,,,,,,,,,,,,
8_gen,-0.2581707,-0.25996742,-0.263291,-0.2624876,-0.26307055,-0.26211613,-0.26267034,-0.264394,-0.26596662,-0.2671604,-0.2656812,-0.26666987,-0.26432186,-0.2638505,-0.26492247,-0.26359627,-0.26320875,-0.2623047,-0.26409465,-0.26342088,-0.2613077,-0.2585519,-0.25658208,-0.25630593,-0.2577656,-0.2558075,-0.25519544,-0.25792193,-0.25878423,-0.25957114,-0.25974613,-0.26233608,-0.26181656,-0.26278812,-0.2610554,-0.2615145,-0.2639249,-0.262978,-0.2653395,-0.2653017,-0.2640025,-0.26324877,-0.26406613,-0.26405823,-0.26596758,-0.2656261,-0.26589638,-0.26701128,-0.2693392,-0.26813167,-0.26922968,-0.2708112,-0.27009615,-0.2711574,-0.27077293,-0.27072376,-0.27080917,-0.26945868,-0.2702321,-0.27040207,-0.2692426,-0.2689741,-0.26859316,-0.2684829,-0.266697,-0.26588053,-0.26537094,-0.2646205,-0.26393634,-0.26207232
9_real,0.22009234,,,,,,,,,,,,,,,,,,,,,,,,,,,,,,,,,,,,,,,,,,,,,,,,,,,,,,,,0.38557622,,,,,,,,,,,,,
9_gen,0.22009233,0.22297671,0.2221785,0.21960469,0.21966588,0.21840486,0.21162772,0.21062312,0.20484665,0.20318004,0.20266624,0.19980511,0.19949464,0.19848765,0.19564769,0.1918591,0.18744282,0.1868228,0.18461858,0.18321295,0.18227376,0.1784908,0.17299183,0.17011866,0.16625093,0.1648199,0.16426349,0.15983926,0.15739585,0.15904346,0.15762201,0.15563485,0.14918424,0.14587748,0.14321695,0.14197432,0.13995096,0.13596638,0.13347295,0.1330421,0.12936209,0.12552229,0.12501039,0.12128109,0.118614316,0.11593644,0.11164673,0.10728409,0.10131756,0.09716514,0.09402356,0.088691816,0.08464906,0.08107139,0.074808314,0.070622906,0.065653495,0.06311931,0.061238002,0.058477305,0.052698653,0.047904164,0.046576817,0.04642613,0.042388007,0.037002873,0.030188873,0.029987073,0.02513802,0.022334773
10_real,-0.4814705,,,,,,,,,,,,,,,,,,,,,,,,,,,,,,,,,,,,,,,,,,,,,,,,,,,,,,,,-0.5385387,,,,,,,,,,,,,
10_gen,-0.48147053,-0.48213792,-0.48583412,-0.48809728,-0.48656029,-0.49081835,-0.49579915,-0.5000347,-0.50482523,-0.5080718,-0.5126756,-0.51384455,-0.51747686,-0.521628,-0.524711,-0.5271517,-0.53334594,-0.54002887,-0.5452681,-0.5471946,-0.55136806,-0.55489933,-0.5588361,-0.5628445,-0.565085,-0.5716899,-0.5754944,-0.57738453,-0.5854622,-0.587733,-0.5901736,-0.5940593,-0.59985346,-0.6031299,-0.60807455,-0.6105264,-0.61608326,-0.6207465,-0.6244217,-0.63141745,-0.6372479,-0.64343894,-0.6489999,-0.65636945,-0.66076195,-0.6647754,-0.6714039,-0.6794289,-0.6854571,-0.69107604,-0.69631165,-0.7015996,-0.70860773,-0.71413624,-0.72012675,-0.72452015,-0.72951293,-0.73361117,-0.7406524,-0.7464277,-0.75093424,-0.75611806,-0.7615915,-0.76780903,-0.77272654,-0.7752848,-0.7842375,-0.78918767,-0.79437983,-0.80005944
11_real,-0.24032487,,,,,,,,,,,,,,,,,,,,,,,,,,,,,,,,,,,,,,,,,,,,,,,,,,,,,,,,-0.3291354,,,,,,,,,,,,,
11_gen,-0.24032488,-0.23579343,-0.23142612,-0.22873017,-0.22666235,-0.22899933,-0.22862463,-0.22942355,-0.23139603,-0.23031752,-0.23108187,-0.22822435,-0.22924809,-0.2261113,-0.22570601,-0.22381704,-0.22596076,-0.22303176,-0.2242262,-0.22558415,-0.22914323,-0.23160322,-0.23026738,-0.23071924,-0.23380642,-0.23320472,-0.23458378,-0.23888175,-0.240944,-0.24324831,-0.24456248,-0.2511023,-0.24959354,-0.24815932,-0.24763541,-0.24712852,-0.24854712,-0.25138482,-0.25412458,-0.2551853,-0.25776404,-0.25817528,-0.26104107,-0.26192746,-0.26389426,-0.26067173,-0.26595095,-0.2645614,-0.26145974,-0.26227704,-0.26472732,-0.27168766,-0.27200872,-0.2708322,-0.2728631,-0.2757581,-0.27762023,-0.28062385,-0.28044555,-0.2820339,-0.28177482,-0.28286028,-0.28171867,-0.28174463,-0.28447893,-0.28910798,-0.29247543,-0.29404926,-0.29324788,-0.2940504
12_real,-0.7838655,,,,,,,,,,,,,,,,,,,,,,,,,,,,,,,,,,,,,,,,,,,,,,,,,,,,,,,,-0.9716939,,,,,,,,,,,,,
12_gen,-0.7838655,-0.7797683,-0.7802185,-0.7832318,-0.7865211,-0.78794235,-0.78797865,-0.78945255,-0.7959329,-0.79236805,-0.79046094,-0.7976695,-0.7994414,-0.7999984,-0.7981106,-0.8001324,-0.80080974,-0.8024144,-0.807641,-0.80909556,-0.80952454,-0.8145424,-0.8166744,-0.82060575,-0.8182457,-0.8243414,-0.8259827,-0.8278201,-0.82730216,-0.8319666,-0.833496,-0.8352032,-0.8403344,-0.8403181,-0.84406835,-0.8447175,-0.844357,-0.84375226,-0.8471033,-0.8493427,-0.8524041,-0.85725325,-0.85535145,-0.8584264,-0.8588594,-0.86325884,-0.8611285,-0.8615535,-0.86428034,-0.866928,-0.86963844,-0.8698098,-0.8735078,-0.87490875,-0.8756299,-0.8805537,-0.88532937,-0.88836277,-0.8910805,-0.8906207,-0.8939988,-0.89738005,-0.9021786,-0.9037137,-0.9072831,-0.9107939,-0.91467273,-0.9149768,-0.9191561,-0.9253882
13_real,-0.20886466,,,,,,,,,,,,,,,,,,,,,,,,,,,,,,,,,,,,,,,,,,,,,,,,,,,,,,,,-0.45505124,,,,,,,,,,,,,
13_gen,-0.20886466,-0.2172893,-0.2209644,-0.22805683,-0.23414262,-0.24245565,-0.24932969,-0.25441465,-0.26235145,-0.270552,-0.28125733,-0.28936535,-0.29594675,-0.30550474,-0.31246316,-0.32037762,-0.32872862,-0.33712733,-0.34418914,-0.34820074,-0.3582884,-0.36653817,-0.3725803,-0.37905547,-0.3858561,-0.39470348,-0.4040863,-0.4095314,-0.41781908,-0.4242584,-0.4308947,-0.4359148,-0.44341493,-0.45104584,-0.4585622,-0.46977147,-0.4764894,-0.4869584,-0.49309292,-0.50015175,-0.50839686,-0.5175917,-0.526873,-0.53621465,-0.54422474,-0.5531354,-0.5599352,-0.56832206,-0.57780623,-0.58684057,-0.5937606,-0.60196334,-0.61227727,-0.6223862,-0.62981457,-0.63917714,-0.6472661,-0.65717596,-0.66623515,-0.6787828,-0.69003344,-0.6998569,-0.70994186,-0.7188145,-0.72493964,-0.7323578,-0.7419071,-0.7513478,-0.7614587,-0.7722228
14_real,-0.6315187,,,,,,,,,,,,,,,,,,,,,,,,,,,,,,,,,,,,,,,,,,,,,,,,,,,,,,,,-0.71045667,,,,,,,,,,,,,
14_gen,-0.6315188,-0.6397585,-0.6474698,-0.6569772,-0.6640369,-0.6743311,-0.68120015,-0.68715316,-0.693004,-0.7028729,-0.7097353,-0.7176974,-0.7251488,-0.7332393,-0.7398501,-0.7468363,-0.74981177,-0.7571263,-0.7643898,-0.7705747,-0.779537,-0.7870561,-0.7913684,-0.79881203,-0.80682516,-0.81538326,-0.8213689,-0.82730436,-0.8317951,-0.8415753,-0.8503372,-0.8597044,-0.8678096,-0.87523496,-0.88393974,-0.8908063,-0.8983351,-0.9057253,-0.91487044,-0.9218971,-0.9305326,-0.9367224,-0.9425216,-0.9528848,-0.9604071,-0.96920615,-0.9777937,-0.9878418,-0.9960019,-1.0014391,-1.007323,-1.0151151,-1.0211012,-1.0295913,-1.0377449,-1.0481453,-1.0554322,-1.06539,-1.0734708,-1.0826073,-1.0934918,-1.1044819,-1.1129382,-1.1204783,-1.1286547,-1.1374661,-1.146456,-1.1565506,-1.1623785,-1.1707785
15_real,-0.23400274,,,,,,,,,,,,,,,,,,,,,,,,,,,,,,,,,,,,,,,,,,,,,,,,,,,,,,,,-0.19020537,,,,,,,,,,,,,
15_gen,-0.23400274,-0.22685254,-0.21458152,-0.20691864,-0.19906902,-0.18583342,-0.1791355,-0.16700119,-0.15523978,-0.14832063,-0.13832448,-0.12746131,-0.11735082,-0.11110194,-0.102725804,-0.09304234,-0.08288051,-0.07344712,-0.069636896,-0.06203128,-0.05752898,-0.050907087,-0.04741153,-0.03545336,-0.025889575,-0.015106797,-0.008711877,0.0062668,0.013606638,0.0250786,0.028289774,0.03836132,0.049164735,0.06266591,0.07319504,0.08336364,0.09092654,0.10127787,0.11174512,0.122435786,0.12815997,0.14148036,0.15559907,0.17311674,0.18647233,0.19650921,0.20454988,0.21232438,0.22274682,0.23857287,0.2495908,0.2656506,0.2828777,0.29692367,0.31068933,0.32393178,0.33461207,0.34793505,0.35886073,0.3762282,0.39102682,0.3956151,0.40818173,0.42412877,0.43413955,0.4460947,0.46114117,0.4771499,0.49071273,0.5062058
16_real,0.013646331,,,,,,,,,,,,,,,,,,,,,,,,,,,,,,,,,,,,,,,,,,,,,,,,,,,,,,,,0.011020746,,,,,,,,,,,,,
16_gen,0.013646333,0.01821429,0.02848258,0.040199216,0.04319253,0.04759697,0.05363691,0.06354856,0.07342751,0.0826429,0.09263919,0.09707834,0.09967412,0.10973036,0.11873901,0.13078655,0.13712922,0.14836265,0.15752694,0.17032278,0.18085074,0.19204055,0.1971372,0.2087166,0.21877027,0.22951312,0.23672166,0.24765742,0.25354123,0.2623836,0.26843363,0.27687114,0.28312677,0.29083014,0.30078784,0.30980295,0.32576388,0.3366068,0.3452441,0.3517701,0.36084494,0.3710136,0.38258463,0.3926092,0.40202942,0.40837497,0.41924614,0.43285027,0.44388968,0.45769304,0.47194672,0.4841557,0.49422598,0.5080663,0.5222518,0.5307334,0.54545754,0.55860156,0.5714406,0.5815485,0.5994222,0.60717505,0.6202024,0.6333944,0.6475477,0.66601145,0.679042,0.68990374,0.6982902,0.70964605
17_real,0.6890655,,,,,,,,,,,,,,,,,,,,,,,,,,,,,,,,,,,,,,,,,,,,,,,,,,,,,,,,1.1241386,,,,,,,,,,,,,
17_gen,0.6890655,0.6935513,0.69755965,0.7018326,0.7095624,0.7172142,0.7212976,0.7246748,0.7330481,0.7410083,0.7457109,0.7481531,0.75596875,0.76317304,0.7701685,0.778707,0.786999,0.7964388,0.80263025,0.8122339,0.81755656,0.8240541,0.832613,0.83993465,0.8465535,0.85344315,0.86117905,0.86837053,0.8737203,0.88176346,0.88871205,0.8927447,0.89746153,0.904899,0.9129323,0.9177637,0.92475784,0.931528,0.93809587,0.94716585,0.952882,0.9583074,0.9643976,0.97195816,0.98107135,0.9864704,0.9927513,0.99843645,1.0035999,1.0124303,1.0221943,1.0305696,1.0390662,1.0477902,1.0566171,1.0651464,1.0732465,1.082568,1.0919349,1.0984981,1.1059326,1.1155773,1.126097,1.1345202,1.1402689,1.1484559,1.1566296,1.1635659,1.1695458,1.1792581
18_real,1.4767594,,,,,,,,,,,,,,,,,,,,,,,,,,,,,,,,,,,,,,,,,,,,,,,,,,,,,,,,1.68164,,,,,,,,,,,,,
18_gen,1.4767593,1.4837242,1.4890343,1.4932951,1.49759,1.5010159,1.506993,1.5144587,1.5191617,1.5243075,1.5330918,1.5379659,1.5454915,1.552431,1.5592674,1.5606648,1.5672218,1.5736482,1.5789068,1.5840352,1.586809,1.5950432,1.6008873,1.6079223,1.6118587,1.6200927,1.626653,1.6339986,1.6403778,1.6465387,1.6536493,1.6596884,1.6651869,1.6709902,1.6774864,1.6841452,1.6919025,1.6970818,1.703832,1.7069601,1.7145437,1.7222344,1.7267472,1.7338613,1.7383368,1.7431576,1.7519405,1.7594652,1.7685856,1.7759012,1.7866268,1.7975972,1.8066218,1.8128659,1.8207257,1.8280061,1.8354542,1.8433812,1.8534477,1.861798,1.8670928,1.8740267,1.879864,1.8878,1.8957332,1.9039497,1.9098631,1.9188011,1.926886,1.9340881
19_real,0.46549392,,,,,,,,,,,,,,,,,,,,,,,,,,,,,,,,,,,,,,,,,,,,,,,,,,,,,,,,1.3169811,,,,,,,,,,,,,
19_gen,0.46549398,0.4630813,0.45966926,0.45867935,0.4534587,0.44892883,0.4462102,0.4421881,0.43855888,0.4341154,0.43240967,0.43106872,0.425922,0.4199298,0.41761214,0.41390315,0.41105413,0.40970126,0.40571824,0.40288535,0.39807498,0.39482883,0.39171597,0.38585788,0.38380927,0.3804733,0.37676936,0.37387437,0.3706006,0.3662526,0.36252397,0.35840887,0.3557803,0.3506215,0.34512004,0.34140143,0.33862478,0.33612546,0.33094573,0.32650238,0.3223847,0.31845385,0.31629223,0.31237707,0.30926064,0.30742103,0.30258113,0.29831162,0.295093,0.29129747,0.28669536,0.28243655,0.27900535,0.2741248,0.2699421,0.26775485,0.26212025,0.2586022,0.25474077,0.252963,0.24808867,0.24533014,0.24147694,0.23658407,0.23292622,0.22996151,0.22444597,0.21965376,0.2150824,0.21236816
20_real,0.59458387,,,,,,,,,,,,,,,,,,,,,,,,,,,,,,,,,,,,,,,,,,,,,,,,,,,,,,,,0.99162,,,,,,,,,,,,,
20_gen,0.5945839,0.5891735,0.5859493,0.5819901,0.5791756,0.5743159,0.57149774,0.565268,0.5620965,0.55869234,0.55662316,0.5518564,0.54757303,0.5446584,0.54136837,0.5346557,0.5340701,0.529581,0.5258943,0.5225348,0.5173186,0.5146669,0.5105276,0.50688255,0.50397956,0.5010599,0.49763337,0.49280444,0.4923106,0.4898882,0.48796183,0.48365107,0.48060045,0.47697487,0.47345424,0.46836942,0.46502146,0.46307287,0.46021098,0.4545316,0.4493968,0.4435938,0.43829268,0.435466,0.43072215,0.4285009,0.423,0.4180573,0.4147088,0.41119218,0.40477252,0.40078425,0.3951931,0.39221627,0.3880175,0.38477635,0.38032758,0.3761398,0.37105525,0.36510253,0.36216113,0.35704,0.35250443,0.34807336,0.3458898,0.33905196,0.3341228,0.32858896,0.3232317,0.31850326
21_real,-0.498088,,,,,,,,,,,,,,,,,,,,,,,,,,,,,,,,,,,,,,,,,,,,,,,,,,,,,,,,-0.34587088,,,,,,,,,,,,,
21_gen,-0.49808794,-0.5029202,-0.50602144,-0.50895655,-0.5144911,-0.5182832,-0.52352077,-0.52604043,-0.5282788,-0.53343046,-0.53731596,-0.5400891,-0.5421502,-0.5468866,-0.5476917,-0.55151165,-0.556573,-0.56084764,-0.5649342,-0.56907046,-0.5720452,-0.5750141,-0.5791306,-0.58057797,-0.5830854,-0.5862907,-0.59053195,-0.59431267,-0.59958935,-0.60321176,-0.60720295,-0.605448,-0.60672224,-0.60949546,-0.6096516,-0.61319256,-0.61576813,-0.61590624,-0.61860746,-0.6187262,-0.6226517,-0.62320966,-0.6259557,-0.628624,-0.630561,-0.6305295,-0.6328655,-0.6340457,-0.63810676,-0.64079833,-0.6436833,-0.6466982,-0.65012014,-0.6518173,-0.6547418,-0.65579545,-0.6576595,-0.65893275,-0.66108453,-0.663638,-0.66617334,-0.66713804,-0.6712912,-0.6733465,-0.67782056,-0.68144214,-0.6834639,-0.68540144,-0.6871005,-0.6892059
22_real,0.20206214,,,,,,,,,,,,,,,,,,,,,,,,,,,,,,,,,,,,,,,,,,,,,,,,,,,,,,,,0.16957314,,,,,,,,,,,,,
22_gen,0.20206216,0.194276,0.18881622,0.18253678,0.1739548,0.17067705,0.1682082,0.16303149,0.15883435,0.15479425,0.15032455,0.14830582,0.1439717,0.14033297,0.13363618,0.12859508,0.12659012,0.11979632,0.11512442,0.111922905,0.10876627,0.10562384,0.100177266,0.094790444,0.08954351,0.08570264,0.08199094,0.07842191,0.07467238,0.0707223,0.066020824,0.062449407,0.058422823,0.057696544,0.054296177,0.05493657,0.05384011,0.05132129,0.048923314,0.04643563,0.041972153,0.03855478,0.03750568,0.034467615,0.030956436,0.027690072,0.02325816,0.018250074,0.014851041,0.011871001,0.004984017,0.0020218645,-0.0018018776,-0.004766897,-0.009587986,-0.013382073,-0.01609493,-0.017925408,-0.022515705,-0.02378362,-0.025150746,-0.030493563,-0.033258207,-0.039070986,-0.040879518,-0.042293876,-0.045094084,-0.04925757,-0.048745822,-0.050500214
23_real,-0.020876259,,,,,,,,,,,,,,,,,,,,,,,,,,,,,,,,,,,,,,,,,,,,,,,,,,,,,,,,-0.19631834,,,,,,,,,,,,,
23_gen,-0.020876259,-0.027465528,-0.03424981,-0.04052418,-0.048716553,-0.055861723,-0.059093572,-0.06678055,-0.07439884,-0.08068754,-0.086206615,-0.09340483,-0.10027804,-0.10654565,-0.11492266,-0.12262048,-0.12910794,-0.13630873,-0.14295942,-0.15008384,-0.15677866,-0.1615636,-0.16855206,-0.17373788,-0.17791101,-0.18602875,-0.19149354,-0.19692504,-0.20401052,-0.2099849,-0.2148705,-0.22107887,-0.22791627,-0.23353648,-0.23978329,-0.24563654,-0.25247806,-0.2544644,-0.2583309,-0.26328245,-0.26836187,-0.2760418,-0.2800172,-0.28503534,-0.29241222,-0.30000693,-0.3062968,-0.3121761,-0.31836304,-0.32438117,-0.3287187,-0.33392394,-0.34014755,-0.34470823,-0.35127118,-0.35571253,-0.36070967,-0.36697224,-0.37260184,-0.3781311,-0.38326156,-0.38991293,-0.39553663,-0.4026448,-0.40865517,-0.41390142,-0.42034334,-0.42734116,-0.4319558,-0.43759948
24_real,-0.05125302,,,,,,,,,,,,,,,,,,,,,,,,,,,,,,,,,,,,,,,,,,,,,,,,,,,,,,,,-0.09797993,,,,,,,,,,,,,
24_gen,-0.05125302,-0.05990178,-0.067695275,-0.07510359,-0.080247566,-0.08577721,-0.09288742,-0.09744286,-0.1049847,-0.11168487,-0.11699875,-0.12157588,-0.12900221,-0.13427624,-0.14103702,-0.146436,-0.1522113,-0.15843827,-0.16139612,-0.16860037,-0.17737898,-0.18193758,-0.18754624,-0.19329359,-0.19987208,-0.20402846,-0.2098443,-0.21493986,-0.22291012,-0.22947744,-0.23450813,-0.23809175,-0.24367169,-0.2508695,-0.2575578,-0.26318467,-0.26926735,-0.27327707,-0.2788084,-0.28355154,-0.2893982,-0.29472208,-0.3008948,-0.30579737,-0.31180125,-0.31616253,-0.3214907,-0.3281197,-0.33445337,-0.33749068,-0.34340128,-0.34784418,-0.35390216,-0.3597723,-0.36542854,-0.37105608,-0.3759923,-0.38309473,-0.38931113,-0.39629337,-0.40272412,-0.40892863,-0.41602057,-0.42068,-0.42692143,-0.4325067,-0.43919978,-0.44375524,-0.4498604,-0.45535302
25_real,-0.31250685,,,,,,,,,,,,,,,,,,,,,,,,,,,,,,,,,,,,,,,,,,,,,,,,,,,,,,,,-0.22667879,,,,,,,,,,,,,
25_gen,-0.31250688,-0.31873286,-0.32281163,-0.3258664,-0.33075812,-0.33591086,-0.3396197,-0.34368235,-0.34779185,-0.35211286,-0.35688442,-0.3606263,-0.3678986,-0.3706898,-0.37587294,-0.38064286,-0.38280624,-0.38708484,-0.39160252,-0.39620844,-0.39985317,-0.4057625,-0.40978765,-0.414364,-0.42109925,-0.42443758,-0.42750287,-0.4316706,-0.43702483,-0.44062623,-0.44244424,-0.44650358,-0.4495979,-0.45501223,-0.45810843,-0.46371812,-0.4673257,-0.47277766,-0.47733027,-0.48214206,-0.48535466,-0.48989034,-0.493284,-0.4966243,-0.5011678,-0.5050077,-0.5092692,-0.5133925,-0.51653993,-0.5226342,-0.52747846,-0.53312755,-0.5376548,-0.5422972,-0.54660356,-0.55092347,-0.5550145,-0.55860865,-0.56264776,-0.56804746,-0.572219,-0.57474893,-0.58111304,-0.5886806,-0.5915237,-0.5966594,-0.60390073,-0.61027896,-0.61338085,-0.6161015
26_real,-1.0416455,,,,,,,,,,,,,,,,,,,,,,,,,,,,,,,,,,,,,,,,,,,,,,,,,,,,,,,,-0.97319525,,,,,,,,,,,,,
26_gen,-1.0416454,-1.0475957,-1.0518124,-1.0551057,-1.0588034,-1.0625145,-1.0649368,-1.0708575,-1.0733045,-1.0787551,-1.0818918,-1.0872498,-1.0907657,-1.0953376,-1.0988773,-1.1017678,-1.1066144,-1.1104856,-1.1146089,-1.1176898,-1.1235373,-1.1269792,-1.1319937,-1.1368214,-1.1408119,-1.1463335,-1.1515136,-1.1568382,-1.1607101,-1.1656804,-1.1724786,-1.177491,-1.1835805,-1.1896555,-1.1946214,-1.198054,-1.2041736,-1.2084074,-1.2121572,-1.2155535,-1.218406,-1.2243868,-1.229082,-1.2341795,-1.2372164,-1.2420812,-1.2465782,-1.2503221,-1.2565401,-1.2611895,-1.2645729,-1.269213,-1.2737877,-1.2780516,-1.2819738,-1.2873676,-1.2937623,-1.2987279,-1.3031429,-1.3099725,-1.3140156,-1.3194124,-1.3246458,-1.3286915,-1.3343909,-1.3400915,-1.3467032,-1.3518242,-1.3551891,-1.3612773
27_real,-0.95907277,,,,,,,,,,,,,,,,,,,,,,,,,,,,,,,,,,,,,,,,,,,,,,,,,,,,,,,,-1.0429399,,,,,,,,,,,,,
27_gen,-0.95907277,-0.9596287,-0.96084976,-0.9605088,-0.9620942,-0.96363163,-0.9665184,-0.96867687,-0.9708284,-0.9712831,-0.9731142,-0.97339106,-0.97434795,-0.9755182,-0.97681046,-0.9784626,-0.9796653,-0.98136866,-0.9827654,-0.9843423,-0.9863697,-0.9879918,-0.9896599,-0.99104965,-0.9919793,-0.9941279,-0.9951584,-0.99699867,-0.9992305,-1.0009978,-1.002899,-1.0050775,-1.0073526,-1.008451,-1.0113432,-1.0119308,-1.0134876,-1.0157154,-1.0174067,-1.0180486,-1.0187142,-1.020841,-1.0216922,-1.0243242,-1.0262724,-1.0277597,-1.0279868,-1.0299124,-1.0316265,-1.0329645,-1.0342584,-1.0357388,-1.0365732,-1.038176,-1.0412548,-1.0420328,-1.045516,-1.0480195,-1.0488722,-1.0515642,-1.0536636,-1.0552416,-1.0573003,-1.058824,-1.059998,-1.0618035,-1.063621,-1.0663393,-1.0670785,-1.0688267
28_real,-0.67152864,,,,,,,,,,,,,,,,,,,,,,,,,,,,,,,,,,,,,,,,,,,,,,,,,,,,,,,,-0.6952646,,,,,,,,,,,,,
28_gen,-0.6715287,-0.66951853,-0.66704845,-0.66626966,-0.66572994,-0.6625315,-0.6612678,-0.6605791,-0.65897757,-0.6576322,-0.65702254,-0.653503,-0.6524076,-0.6496793,-0.64896584,-0.6498792,-0.6507821,-0.65121347,-0.65455055,-0.652913,-0.6543292,-0.6542617,-0.65343267,-0.6515616,-0.652104,-0.65019304,-0.6484373,-0.6486567,-0.64876497,-0.65021837,-0.6512395,-0.650319,-0.65073526,-0.65016794,-0.6490271,-0.64843345,-0.6484627,-0.6470816,-0.6448432,-0.64444697,-0.64531076,-0.6441058,-0.6429889,-0.6441107,-0.6455964,-0.6451674,-0.6451505,-0.6443901,-0.643878,-0.6450175,-0.64480853,-0.64743567,-0.64705116,-0.6475539,-0.6471771,-0.64703435,-0.6457737,-0.64546525,-0.64481366,-0.6445907,-0.64342004,-0.6422759,-0.6417836,-0.6414467,-0.6404814,-0.64126956,-0.64262205,-0.63876104,-0.6379674,-0.6399497
29_real,-0.26451156,,,,,,,,,,,,,,,,,,,,,,,,,,,,,,,,,,,,,,,,,,,,,,,,,,,,,,,,-0.39689067,,,,,,,,,,,,,
29_gen,-0.26451156,-0.26314938,-0.2632804,-0.26404402,-0.26438898,-0.26480255,-0.26540312,-0.26629955,-0.26856422,-0.26793376,-0.26887387,-0.27015582,-0.27170902,-0.27166823,-0.27239317,-0.2732243,-0.27640867,-0.2783795,-0.2838068,-0.28714818,-0.288783,-0.28828454,-0.28894904,-0.28923744,-0.29322845,-0.2932331,-0.29529113,-0.2981693,-0.29975277,-0.29938498,-0.299331,-0.30339968,-0.30376777,-0.30408484,-0.30530223,-0.30617556,-0.30849126,-0.3089117,-0.31075114,-0.31144178,-0.3142765,-0.31606126,-0.3199152,-0.32310787,-0.32427818,-0.3258638,-0.32536447,-0.32730746,-0.3265106,-0.32855842,-0.33026183,-0.33282736,-0.33706146,-0.33784625,-0.339565,-0.34178343,-0.34354883,-0.34548432,-0.34929863,-0.35155743,-0.35276255,-0.35399705,-0.3541163,-0.35584623,-0.35741478,-0.3581025,-0.35909423,-0.36218184,-0.36246917,-0.36330536
30_real,-1.6474158,,,,,,,,,,,,,,,,,,,,,,,,,,,,,,,,,,,,,,,,,,,,,,,,,,,,,,,,-1.6893078,,,,,,,,,,,,,
30_gen,-1.6474159,-1.6585754,-1.6665437,-1.6729959,-1.6789494,-1.6875298,-1.6987835,-1.7132504,-1.7228676,-1.7343756,-1.737735,-1.750048,-1.7647187,-1.768967,-1.7781734,-1.7892307,-1.7954102,-1.8017712,-1.8151782,-1.8263214,-1.8353179,-1.8445753,-1.8551595,-1.861507,-1.8687518,-1.8774071,-1.8876457,-1.8989468,-1.9089413,-1.9183118,-1.9270767,-1.9334166,-1.9415833,-1.9454708,-1.9488624,-1.95355,-1.9659733,-1.9746978,-1.9809344,-1.9908807,-1.9991934,-2.0018613,-2.0110717,-2.0244133,-2.0322053,-2.041037,-2.0495157,-2.0548134,-2.0692568,-2.0745187,-2.0781703,-2.0840948,-2.093909,-2.1025524,-2.1166406,-2.1276453,-2.1403747,-2.1518605,-2.1602414,-2.166123,-2.1737223,-2.1809707,-2.1860118,-2.195818,-2.2028723,-2.2171571,-2.225965,-2.2321475,-2.2484407,-2.2492626
31_real,0.07517966,,,,,,,,,,,,,,,,,,,,,,,,,,,,,,,,,,,,,,,,,,,,,,,,,,,,,,,,-0.07980541,,,,,,,,,,,,,
31_gen,0.07517965,0.061849706,0.05090369,0.040188067,0.030090565,0.022847477,0.009722506,-0.0019200131,-0.0067087216,-0.015148955,-0.025217846,-0.03679607,-0.046445936,-0.05703193,-0.06342475,-0.07393207,-0.08300471,-0.0926794,-0.10492798,-0.11403926,-0.11831093,-0.12860306,-0.13726418,-0.14356834,-0.14770049,-0.15466854,-0.16223177,-0.17355785,-0.17798245,-0.19322276,-0.19990991,-0.20638919,-0.21326885,-0.22250494,-0.22191903,-0.23447514,-0.23960193,-0.24385273,-0.24700849,-0.25772947,-0.26552486,-0.2718793,-0.27471972,-0.284134,-0.2898511,-0.28953522,-0.29322696,-0.3029216,-0.30961424,-0.3192938,-0.32655066,-0.32449865,-0.33357015,-0.34114307,-0.3510011,-0.35800102,-0.3622832,-0.37314126,-0.38263312,-0.391196,-0.40030733,-0.40610164,-0.41359502,-0.41794744,-0.42612442,-0.4292737,-0.44138414,-0.45320433,-0.46020946,-0.46508265
32_real,0.67872,,,,,,,,,,,,,,,,,,,,,,,,,,,,,,,,,,,,,,,,,,,,,,,,,,,,,,,,0.14562617,,,,,,,,,,,,,
32_gen,0.67872,0.6814519,0.68143994,0.67949,0.678281,0.6778604,0.67792046,0.67752004,0.6767771,0.6745988,0.67214394,0.6676718,0.6672466,0.66192234,0.6592804,0.656517,0.65528274,0.65256774,0.6510701,0.6501418,0.6496648,0.6471122,0.6449165,0.64230597,0.6412412,0.6405528,0.6349932,0.6309229,0.62833744,0.6248461,0.62304205,0.62293255,0.6207902,0.6170825,0.6111984,0.6070745,0.60350615,0.59953785,0.5970714,0.5946819,0.5924681,0.5923876,0.5880556,0.5828332,0.5805665,0.57872695,0.57796025,0.576591,0.57470113,0.57311386,0.571934,0.5682391,0.56771165,0.56960124,0.5665654,0.5640462,0.56028426,0.55456465,0.5496034,0.5476915,0.5454498,0.54241407,0.5394732,0.5364099,0.5331461,0.5311168,0.52854383,0.5282458,0.5259942,0.5232166
33_real,0.4134709,,,,,,,,,,,,,,,,,,,,,,,,,,,,,,,,,,,,,,,,,,,,,,,,,,,,,,,,0.24315532,,,,,,,,,,,,,
33_gen,0.41347092,0.4130973,0.4133746,0.41249424,0.40900436,0.40678948,0.40600738,0.4028307,0.4032682,0.40214664,0.40003878,0.39716226,0.3961691,0.3933077,0.39382806,0.39328146,0.39445814,0.3937604,0.38845232,0.38579273,0.38439366,0.38092533,0.37831864,0.3765648,0.3756632,0.37255886,0.37234503,0.37207645,0.37028232,0.37141868,0.36745209,0.36180112,0.35594207,0.3538318,0.35312918,0.35120922,0.34380987,0.33868688,0.3367059,0.33622244,0.3341269,0.33131185,0.32828608,0.32895294,0.3273638,0.32438016,0.32076356,0.31768978,0.31545562,0.31198865,0.30841476,0.3053064,0.30316627,0.30219865,0.29573682,0.29115766,0.28775877,0.28550968,0.28239825,0.2799302,0.27688107,0.27660474,0.27554557,0.2715884,0.26842684,0.2649298,0.25988644,0.25720102,0.25403747,0.24969904
34_real,0.26013762,,,,,,,,,,,,,,,,,,,,,,,,,,,,,,,,,,,,,,,,,,,,,,,,,,,,,,,,0.24495822,,,,,,,,,,,,,
34_gen,0.2601376,0.26867214,0.26981664,0.2693804,0.27219388,0.27495396,0.27523634,0.2739351,0.2779315,0.28121358,0.28417283,0.28333065,0.28370032,0.28668597,0.28997588,0.2898402,0.28566942,0.28319958,0.28531432,0.28596476,0.28603545,0.28435987,0.28584027,0.28666762,0.28723627,0.28853828,0.28759724,0.28969985,0.28534025,0.28430134,0.2858878,0.28601855,0.28761908,0.28950864,0.29165486,0.29054937,0.29220626,0.29180962,0.29165292,0.29206643,0.2891399,0.28963652,0.2905155,0.29091036,0.28925234,0.29385346,0.29408658,0.29494816,0.29314727,0.2947598,0.29587483,0.29430577,0.2935675,0.29112875,0.29363373,0.29564467,0.2962044,0.2913342,0.2913283,0.28979465,0.28988904,0.28609297,0.28261057,0.2842602,0.2827743,0.28105372,0.2828293,0.28554595,0.289078,0.2904373
35_real,-0.0031522713,,,,,,,,,,,,,,,,,,,,,,,,,,,,,,,,,,,,,,,,,,,,,,,,,,,,,,,,-0.6249516,,,,,,,,,,,,,
35_gen,-0.0031522713,-0.0036239908,-0.0017621256,-0.0021904781,-0.0017992817,-0.0056969174,-0.008735752,-0.008796177,-0.007551384,-0.008357269,-0.010724646,-0.0092946915,-0.009380212,-0.010463141,-0.01167085,-0.0124089345,-0.017591996,-0.019006886,-0.01942324,-0.019956756,-0.02355656,-0.024173459,-0.023332804,-0.024881247,-0.024843391,-0.026523372,-0.028963495,-0.031886656,-0.031669904,-0.032071326,-0.034573566,-0.039303042,-0.04134783,-0.043962836,-0.047618523,-0.050456762,-0.05441659,-0.05836135,-0.060545396,-0.061945967,-0.06619501,-0.06808145,-0.072808884,-0.07614175,-0.080730595,-0.08537724,-0.08887672,-0.093234405,-0.094541095,-0.09778017,-0.10134711,-0.101512454,-0.104604945,-0.1053051,-0.10799601,-0.10780014,-0.111151576,-0.11532845,-0.11550516,-0.120653294,-0.12196277,-0.12331007,-0.12834026,-0.13171466,-0.13274182,-0.13110557,-0.1316439,-0.13392577,-0.1345512,-0.13182576
36_real,-0.6724128,,,,,,,,,,,,,,,,,,,,,,,,,,,,,,,,,,,,,,,,,,,,,,,,,,,,,,,,-1.1117511,,,,,,,,,,,,,
36_gen,-0.6724128,-0.6633934,-0.6599888,-0.6623919,-0.664152,-0.66323805,-0.6637572,-0.66832095,-0.6681395,-0.6705805,-0.66978914,-0.6658759,-0.6677207,-0.6653699,-0.67003936,-0.6745335,-0.6717029,-0.67287713,-0.674244,-0.67501295,-0.674933,-0.67455286,-0.6817147,-0.6798211,-0.68106234,-0.6815045,-0.6766742,-0.6778015,-0.6816617,-0.6873489,-0.68936133,-0.6953404,-0.69798,-0.7013705,-0.70847315,-0.708701,-0.71106035,-0.70953465,-0.7084624,-0.7087708,-0.7113753,-0.70838386,-0.7117928,-0.7138744,-0.71282816,-0.71362495,-0.7147888,-0.72034276,-0.7209233,-0.72473305,-0.7291311,-0.731871,-0.737586,-0.7337424,-0.73572886,-0.73857343,-0.7414278,-0.7375648,-0.7421362,-0.7399638,-0.7446862,-0.7515017,-0.75582397,-0.7570232,-0.75897753,-0.7590954,-0.76298165,-0.7646326,-0.7669625,-0.7658685
37_real,1.0821851,,,,,,,,,,,,,,,,,,,,,,,,,,,,,,,,,,,,,,,,,,,,,,,,,,,,,,,,0.784063,,,,,,,,,,,,,
37_gen,1.082185,1.0813097,1.0825264,1.0823667,1.0829089,1.0803866,1.0782678,1.0749385,1.0723076,1.072756,1.0695375,1.0714753,1.0691226,1.0712948,1.0727383,1.0718561,1.0694638,1.0675371,1.0626843,1.0578352,1.0609083,1.0562875,1.0543064,1.0562238,1.0552166,1.0548954,1.0514679,1.0475589,1.0507784,1.0481943,1.0423067,1.040781,1.037226,1.0308535,1.0294764,1.0281785,1.0254095,1.0225676,1.020232,1.0194445,1.0171355,1.0185349,1.0164958,1.0135946,1.0108756,1.0063177,1.004501,1.0018907,0.9992099,1.0006719,0.9980075,0.99247247,0.9918868,0.9889122,0.988633,0.98314077,0.9838306,0.97419727,0.97068167,0.9640299,0.9576071,0.95163983,0.9471798,0.94489783,0.94711626,0.9475379,0.94247806,0.94483536,0.94354904,0.9439992
38_real,0.7142889,,,,,,,,,,,,,,,,,,,,,,,,,,,,,,,,,,,,,,,,,,,,,,,,,,,,,,,,0.6559267,,,,,,,,,,,,,
38_gen,0.71428883,0.7152785,0.71646976,0.71415675,0.713904,0.70905584,0.7095045,0.7051238,0.7027584,0.7001921,0.6959065,0.6916948,0.69089663,0.6881386,0.68536973,0.68733037,0.6864338,0.68614733,0.68379635,0.6861449,0.68458396,0.68316084,0.6815517,0.6789807,0.67434204,0.67001426,0.66909504,0.6680769,0.66617215,0.6675924,0.66461694,0.6573266,0.65224737,0.6498667,0.6481265,0.6461285,0.645749,0.644986,0.64148915,0.64050174,0.6355642,0.63096505,0.6275916,0.6284214,0.6270586,0.62419116,0.62448776,0.62371624,0.6203908,0.61794996,0.6167649,0.61288977,0.60909635,0.6074729,0.60272425,0.6013934,0.59888726,0.59911644,0.59633005,0.59511876,0.5914165,0.58944374,0.5853105,0.5823969,0.5788105,0.5764495,0.5739201,0.5699519,0.56636685,0.5611861
39_real,-1.2487004,,,,,,,,,,,,,,,,,,,,,,,,,,,,,,,,,,,,,,,,,,,,,,,,,,,,,,,,-1.1866649,,,,,,,,,,,,,
39_gen,-1.2487003,-1.2491157,-1.2500852,-1.2486398,-1.2510262,-1.253411,-1.2559321,-1.2552283,-1.2582356,-1.2592351,-1.2623614,-1.2629578,-1.2641655,-1.2661293,-1.2704198,-1.273156,-1.2780362,-1.277653,-1.2802918,-1.28483,-1.2872536,-1.2876639,-1.2888333,-1.2918319,-1.2932279,-1.2974752,-1.3010637,-1.3043187,-1.3070534,-1.3106972,-1.3105391,-1.3122069,-1.3174442,-1.3243684,-1.3269571,-1.3257943,-1.3289211,-1.3343244,-1.3356807,-1.3388228,-1.342778,-1.3461003,-1.3500173,-1.3513639,-1.3571132,-1.3607779,-1.3608608,-1.3626919,-1.3654791,-1.3652124,-1.3686407,-1.3664315,-1.369969,-1.3736618,-1.3760269,-1.37868,-1.382164,-1.3857188,-1.3887995,-1.3910806,-1.3943901,-1.3955226,-1.3979638,-1.4010832,-1.4028993,-1.4063745,-1.4093857,-1.4104117,-1.4127699,-1.411715
40_real,-0.65782213,,,,,,,,,,,,,,,,,,,,,,,,,,,,,,,,,,,,,,,,,,,,,,,,,,,,,,,,-0.8181375,,,,,,,,,,,,,
40_gen,-0.65782213,-0.66633666,-0.66918933,-0.6770674,-0.67822653,-0.6825228,-0.6836294,-0.68632436,-0.6860894,-0.68831336,-0.6879477,-0.68533504,-0.689376,-0.688418,-0.69224185,-0.69754833,-0.69637954,-0.6978452,-0.704321,-0.7046917,-0.7067838,-0.71396077,-0.7164501,-0.71790975,-0.719061,-0.7177825,-0.72381496,-0.7292544,-0.7320949,-0.73454225,-0.7404089,-0.7386865,-0.74226636,-0.7379582,-0.741382,-0.7394514,-0.74064845,-0.74062556,-0.7420292,-0.7453722,-0.74684846,-0.747321,-0.74744284,-0.7470047,-0.7527001,-0.7505213,-0.7501121,-0.750309,-0.7490218,-0.745691,-0.7467517,-0.746214,-0.7458292,-0.74194413,-0.7434555,-0.74875796,-0.743467,-0.74293464,-0.7436474,-0.7436489,-0.74551547,-0.7416885,-0.7472391,-0.75225276,-0.758188,-0.75985575,-0.7586893,-0.76039994,-0.7627253,-0.7564982
41_real,0.5434648,,,,,,,,,,,,,,,,,,,,,,,,,,,,,,,,,,,,,,,,,,,,,,,,,,,,,,,,0.604962,,,,,,,,,,,,,
41_gen,0.5434647,0.5316502,0.52682364,0.5283319,0.5221126,0.5164356,0.51044685,0.5086202,0.5028988,0.49497676,0.49169475,0.48327214,0.47649089,0.4708025,0.4644435,0.45780873,0.45781446,0.45717853,0.45617238,0.45497507,0.45108095,0.44574118,0.43942863,0.43658978,0.43349513,0.42794174,0.4273433,0.42290315,0.4167789,0.41290575,0.41323656,0.40874177,0.40757018,0.40128344,0.39328623,0.39003542,0.38420618,0.38078278,0.37873083,0.3744633,0.37079108,0.3660295,0.36346748,0.3625917,0.35811105,0.35183382,0.3514339,0.35158008,0.34886974,0.3463808,0.34286913,0.3400897,0.339199,0.33481333,0.33344704,0.3295681,0.32567275,0.32638177,0.3264882,0.31764138,0.31181455,0.3058549,0.30175135,0.3026535,0.30071902,0.29972002,0.29632518,0.2959171,0.29175,0.28789943
42_real,-0.7383527,,,,,,,,,,,,,,,,,,,,,,,,,,,,,,,,,,,,,,,,,,,,,,,,,,,,,,,,-1.0333577,,,,,,,,,,,,,
42_gen,-0.7383527,-0.7437138,-0.7528504,-0.7578708,-0.76176405,-0.76739097,-0.7721594,-0.77772814,-0.78519475,-0.78892076,-0.7929417,-0.797603,-0.8025645,-0.8077742,-0.8118893,-0.8177124,-0.82221496,-0.82747304,-0.83213586,-0.83629835,-0.84028816,-0.8467115,-0.85206366,-0.8593391,-0.8640191,-0.86947125,-0.8768805,-0.88268197,-0.887716,-0.89368594,-0.8960333,-0.901237,-0.9063784,-0.91314447,-0.9205669,-0.92614186,-0.9311174,-0.93606055,-0.9431578,-0.94644004,-0.94947654,-0.95482826,-0.96138334,-0.96577966,-0.9719294,-0.97612965,-0.97977096,-0.9856806,-0.9910326,-0.99467313,-0.99969214,-1.0030651,-1.0090933,-1.0153464,-1.0195432,-1.0241939,-1.0315255,-1.0345067,-1.0390338,-1.043195,-1.0479231,-1.0526812,-1.0584004,-1.0642434,-1.0686582,-1.0747795,-1.0790406,-1.0846196,-1.0890857,-1.0959438
43_real,-0.67640156,,,,,,,,,,,,,,,,,,,,,,,,,,,,,,,,,,,,,,,,,,,,,,,,,,,,,,,,-0.31686503,,,,,,,,,,,,,
43_gen,-0.67640156,-0.68297565,-0.68666476,-0.69006693,-0.6964663,-0.70298934,-0.708226,-0.7121518,-0.7166903,-0.72068155,-0.7272831,-0.7327294,-0.7367991,-0.74033964,-0.74566364,-0.7519878,-0.7559506,-0.76098883,-0.76764166,-0.77452415,-0.77904224,-0.785991,-0.7931882,-0.80019206,-0.80494213,-0.808887,-0.81591547,-0.8202013,-0.82697093,-0.8329428,-0.83775103,-0.84536046,-0.8502514,-0.8569105,-0.8603519,-0.8675526,-0.8708536,-0.87714994,-0.8835041,-0.88848305,-0.89422953,-0.90084827,-0.90476704,-0.9103592,-0.9165934,-0.92157966,-0.9256099,-0.93081176,-0.9367491,-0.9424589,-0.946661,-0.95033616,-0.9550082,-0.9621072,-0.9682684,-0.9746946,-0.97894764,-0.9843551,-0.98823774,-0.993128,-0.9977419,-1.0045474,-1.0127871,-1.0182093,-1.0239575,-1.0295492,-1.0359377,-1.0423434,-1.0480278,-1.0556128
44_real,0.45107254,,,,,,,,,,,,,,,,,,,,,,,,,,,,,,,,,,,,,,,,,,,,,,,,,,,,,,,,0.5416598,,,,,,,,,,,,,
44_gen,0.45107254,0.4457385,0.44445324,0.4420998,0.4390505,0.43870836,0.4360498,0.4346066,0.43126145,0.42879376,0.42909384,0.42802683,0.42469758,0.42305127,0.41717085,0.41381708,0.41231853,0.40965694,0.4082635,0.4036398,0.40094423,0.3971189,0.39664003,0.39318407,0.3914044,0.38867313,0.38974583,0.39268914,0.3893487,0.38531283,0.38343945,0.38008577,0.37689346,0.37422308,0.37112015,0.3693033,0.37025428,0.36877874,0.3655512,0.36053348,0.35966906,0.35968247,0.3600175,0.35739982,0.35458264,0.35577774,0.3542139,0.35319227,0.35057366,0.34798202,0.3470695,0.34474578,0.34261304,0.34025663,0.33812565,0.3372752,0.33312768,0.3326747,0.33451256,0.33401573,0.33216313,0.3301441,0.3293355,0.32598764,0.32293296,0.32198012,0.31882194,0.31564352,0.31577167,0.3139799
45_real,1.5414903,,,,,,,,,,,,,,,,,,,,,,,,,,,,,,,,,,,,,,,,,,,,,,,,,,,,,,,,1.6599522,,,,,,,,,,,,,
45_gen,1.5414904,1.5395615,1.5369344,1.5338126,1.5314444,1.5286182,1.5263948,1.5265794,1.5249542,1.5223621,1.5205557,1.5177393,1.514526,1.512953,1.5120968,1.5104727,1.5069479,1.5038828,1.5017443,1.4965817,1.4948127,1.4941117,1.493239,1.4882797,1.4866892,1.483345,1.4811285,1.4805293,1.4768664,1.4747093,1.4734237,1.4693037,1.4671376,1.4621928,1.459338,1.4563837,1.4533193,1.4507258,1.4492455,1.4438965,1.4422452,1.4414155,1.4382005,1.4370263,1.4324582,1.4292613,1.4259417,1.4236932,1.4216372,1.4191643,1.4164575,1.4126841,1.408554,1.4075406,1.4052058,1.4022592,1.3999798,1.3961685,1.3923267,1.3894088,1.384351,1.3813336,1.3775574,1.3737051,1.3700659,1.3670146,1.3663832,1.3651392,1.3626568,1.3567569
46_real,1.2407569,,,,,,,,,,,,,,,,,,,,,,,,,,,,,,,,,,,,,,,,,,,,,,,,,,,,,,,,1.4265597,,,,,,,,,,,,,
46_gen,1.2407569,1.2365631,1.232229,1.2272717,1.2242621,1.2205262,1.2168484,1.2117828,1.2071898,1.2017871,1.1960247,1.1910722,1.1872554,1.183947,1.1811545,1.17659,1.1714197,1.1679997,1.1644236,1.1604618,1.1544316,1.1510546,1.1471663,1.1428344,1.1398289,1.1364354,1.1335955,1.1295481,1.1257541,1.1219347,1.1190972,1.1162542,1.1135541,1.1104012,1.1079743,1.1052198,1.1023327,1.0976098,1.0946021,1.0920124,1.0894055,1.0862324,1.0818418,1.0783004,1.0731907,1.0701813,1.0671917,1.063769,1.0604875,1.0578485,1.053066,1.0478613,1.0447744,1.0408,1.0361656,1.0332249,1.0304141,1.0266178,1.0226657,1.0185232,1.015631,1.0116537,1.00734,1.0040538,1.0003603,0.99644125,0.99460727,0.9910032,0.98700505,0.9833816
47_real,0.45217827,,,,,,,,,,,,,,,,,,,,,,,,,,,,,,,,,,,,,,,,,,,,,,,,,,,,,,,,0.47110963,,,,,,,,,,,,,
47_gen,0.4521783,0.44545507,0.44099814,0.43793672,0.43261892,0.427272,0.42226562,0.41760105,0.41378513,0.40988374,0.4051804,0.39998275,0.39458743,0.38877314,0.38463542,0.3790641,0.37373987,0.3696823,0.3638026,0.3613005,0.35695547,0.3529585,0.34841454,0.34285066,0.33940896,0.33499366,0.33198348,0.3258229,0.322751,0.31844848,0.31426817,0.3096334,0.3065671,0.30280593,0.29747763,0.2929691,0.28896493,0.2845291,0.28035253,0.2774623,0.27086988,0.26648274,0.26291442,0.25908968,0.25274524,0.25001955,0.24555823,0.24257426,0.23884813,0.23520236,0.22931795,0.22605677,0.22177795,0.21772471,0.21289282,0.20937295,0.20449817,0.20009449,0.19525656,0.19102874,0.18788008,0.18359283,0.17963116,0.17581324,0.1701632,0.16505213,0.15877765,0.15431368,0.15116635,0.14554885
48_real,1.6099057,,,,,,,,,,,,,,,,,,,,,,,,,,,,,,,,,,,,,,,,,,,,,,,,,,,,,,,,1.5875317,,,,,,,,,,,,,
48_gen,1.6099055,1.6026303,1.5968509,1.5888929,1.5840578,1.5761981,1.5715911,1.5645466,1.5585866,1.553258,1.547403,1.5425208,1.5356843,1.5308255,1.5229471,1.513969,1.5091516,1.506727,1.5013435,1.4968698,1.4928452,1.4872525,1.4837689,1.4799565,1.4742492,1.4707404,1.4649458,1.4589007,1.4538622,1.4486535,1.4434041,1.4393466,1.4365823,1.432042,1.4274113,1.4209169,1.4152386,1.4094903,1.4028766,1.3972311,1.3902645,1.3843265,1.3798198,1.3720871,1.3682554,1.3640764,1.35634,1.351899,1.3468416,1.3424678,1.3383092,1.3317055,1.3255208,1.3185221,1.3139408,1.3079377,1.3002566,1.2956032,1.2880732,1.283845,1.2803596,1.2760837,1.2708538,1.2647702,1.2591307,1.2533432,1.2466447,1.2405291,1.2349993,1.2280116
49_real,-0.19324613,,,,,,,,,,,,,,,,,,,,,,,,,,,,,,,,,,,,,,,,,,,,,,,,,,,,,,,,-0.3019054,,,,,,,,,,,,,
49_gen,-0.19324613,-0.20155752,-0.20958416,-0.21557054,-0.22500324,-0.23044595,-0.23871072,-0.2505907,-0.25734323,-0.26635882,-0.275251,-0.28229338,-0.28609222,-0.29497376,-0.30207223,-0.31439483,-0.3208188,-0.32672387,-0.33598968,-0.343949,-0.34954858,-0.3592008,-0.370135,-0.37839553,-0.38719463,-0.3963428,-0.40753692,-0.41703963,-0.42465162,-0.43479425,-0.44410038,-0.45130414,-0.46348396,-0.46753377,-0.47902125,-0.48387474,-0.49242854,-0.5033308,-0.51308024,-0.5197621,-0.5286808,-0.5379405,-0.5421602,-0.55044943,-0.5565958,-0.5669626,-0.5754372,-0.582796,-0.5911737,-0.60007685,-0.6079241,-0.6148437,-0.62339735,-0.6332644,-0.6447269,-0.6533834,-0.66225046,-0.6721581,-0.68279123,-0.687885,-0.69649446,-0.70660126,-0.71248007,-0.7211438,-0.7288521,-0.74042195,-0.7481275,-0.7575828,-0.7670954,-0.77799445
50_real,-0.28014,,,,,,,,,,,,,,,,,,,,,,,,,,,,,,,,,,,,,,,,,,,,,,,,,,,,,,,,-0.27440166,,,,,,,,,,,,,
50_gen,-0.28013998,-0.29045397,-0.30048466,-0.30898088,-0.3151631,-0.32211348,-0.33150223,-0.3394845,-0.3483102,-0.35597163,-0.36366516,-0.37021974,-0.37569076,-0.38463992,-0.39461318,-0.40265125,-0.40764055,-0.41686797,-0.42335576,-0.4312852,-0.43598157,-0.4450872,-0.4526748,-0.45998245,-0.46616498,-0.47110787,-0.47941908,-0.48671085,-0.49307114,-0.4984509,-0.50201243,-0.5071844,-0.5139901,-0.52118075,-0.5268594,-0.53546,-0.54216534,-0.5509027,-0.55858356,-0.5634887,-0.5687026,-0.5741065,-0.5824775,-0.5909018,-0.5993907,-0.6080051,-0.61531204,-0.62199754,-0.6309804,-0.6370409,-0.64244616,-0.6492013,-0.65279394,-0.6601306,-0.6690115,-0.67403233,-0.68023914,-0.68799514,-0.69646466,-0.7052319,-0.71391326,-0.7201521,-0.72830343,-0.73597205,-0.7451258,-0.7545415,-0.76345545,-0.77277416,-0.7810539,-0.78856003
51_real,-0.76203907,,,,,,,,,,,,,,,,,,,,,,,,,,,,,,,,,,,,,,,,,,,,,,,,,,,,,,,,-0.58623964,,,,,,,,,,,,,
51_gen,-0.7620391,-0.7734159,-0.7851659,-0.79218453,-0.80097216,-0.81209564,-0.8212843,-0.824553,-0.83218974,-0.8389777,-0.8445042,-0.8466244,-0.85497475,-0.8586181,-0.8656529,-0.87125576,-0.87345886,-0.87733746,-0.8806513,-0.88413495,-0.8865431,-0.8919565,-0.8970871,-0.9036664,-0.9086051,-0.9133479,-0.91915387,-0.92308444,-0.92333776,-0.9283972,-0.9267928,-0.93046457,-0.9354367,-0.9374956,-0.94264585,-0.94407666,-0.9492219,-0.9560115,-0.96131915,-0.96383965,-0.96787274,-0.97520655,-0.98138666,-0.98389494,-0.9927802,-0.99548995,-1.0001378,-1.0049812,-1.0078381,-1.0129459,-1.0185206,-1.0204781,-1.0253927,-1.0326567,-1.0379338,-1.0442375,-1.0475985,-1.0544993,-1.0577347,-1.0648705,-1.0666244,-1.0775516,-1.0820802,-1.0866446,-1.0946019,-1.0992478,-1.1025509,-1.1054972,-1.1111531,-1.1192391
52_real,-1.7404499,,,,,,,,,,,,,,,,,,,,,,,,,,,,,,,,,,,,,,,,,,,,,,,,,,,,,,,,-1.0617826,,,,,,,,,,,,,
52_gen,-1.7404499,-1.7511286,-1.760339,-1.7633479,-1.7649097,-1.7713531,-1.7743345,-1.7757194,-1.7828795,-1.7854341,-1.7888029,-1.7896601,-1.7954677,-1.8011135,-1.8029778,-1.8060124,-1.8099034,-1.8127949,-1.8173075,-1.819553,-1.8245182,-1.8269278,-1.8280748,-1.8288338,-1.8320277,-1.834439,-1.8371016,-1.8414223,-1.8473523,-1.8489678,-1.8520044,-1.8517929,-1.853234,-1.8565092,-1.8600038,-1.864595,-1.8708639,-1.8760313,-1.8812746,-1.8866491,-1.8878107,-1.8894554,-1.8910265,-1.8946457,-1.8959669,-1.8989394,-1.9048221,-1.908005,-1.9112875,-1.9168631,-1.9205134,-1.9216535,-1.9236553,-1.9306244,-1.9341819,-1.9368722,-1.9397373,-1.9426485,-1.9438102,-1.9511755,-1.952735,-1.9566224,-1.963769,-1.966803,-1.9740856,-1.9793501,-1.9840534,-1.9855354,-1.9874518,-1.9904464
53_real,-0.5245865,,,,,,,,,,,,,,,,,,,,,,,,,,,,,,,,,,,,,,,,,,,,,,,,,,,,,,,,-0.41493705,,,,,,,,,,,,,
53_gen,-0.52458656,-0.5327194,-0.53814566,-0.53954494,-0.54126394,-0.55223936,-0.5577025,-0.5607439,-0.5636207,-0.5659995,-0.5695895,-0.5709459,-0.5772995,-0.58007413,-0.5895649,-0.59767544,-0.59824836,-0.6058315,-0.6153287,-0.61979663,-0.6290584,-0.6392499,-0.6434836,-0.64360577,-0.6501192,-0.6576505,-0.6632445,-0.6709204,-0.6780794,-0.6836401,-0.6851269,-0.6926111,-0.6957482,-0.7038736,-0.70839894,-0.71207386,-0.7188958,-0.72566384,-0.730162,-0.7319679,-0.7383664,-0.7482024,-0.756708,-0.7649602,-0.77510744,-0.7841586,-0.79232883,-0.80201274,-0.81144065,-0.8207256,-0.8236853,-0.82996863,-0.8276038,-0.8354846,-0.8400012,-0.8489067,-0.84722435,-0.8517519,-0.85846746,-0.8615473,-0.8668442,-0.87537,-0.8825482,-0.89061224,-0.8967611,-0.9034854,-0.9098632,-0.9177101,-0.93094367,-0.94096005
54_real,-1.2622415,,,,,,,,,,,,,,,,,,,,,,,,,,,,,,,,,,,,,,,,,,,,,,,,,,,,,,,,-0.8901514,,,,,,,,,,,,,
54_gen,-1.2622415,-1.2716936,-1.2737073,-1.2786905,-1.2870958,-1.2974935,-1.3031789,-1.3075253,-1.3125169,-1.319314,-1.3237897,-1.3278016,-1.3353283,-1.3454006,-1.3517188,-1.3503644,-1.3607728,-1.3659883,-1.37166,-1.3773296,-1.3833588,-1.3904465,-1.3927567,-1.3995339,-1.4053118,-1.4082586,-1.4128009,-1.4218332,-1.4315037,-1.4368851,-1.4427404,-1.4501348,-1.4537523,-1.4630574,-1.469288,-1.4748509,-1.4800298,-1.4833996,-1.4884213,-1.4924717,-1.4975847,-1.503822,-1.512902,-1.5190285,-1.527973,-1.535246,-1.5415119,-1.5503906,-1.5588567,-1.5647914,-1.5709267,-1.5791696,-1.5811849,-1.5871607,-1.5929444,-1.6018982,-1.6090511,-1.6139199,-1.6252286,-1.6307707,-1.6384315,-1.6488701,-1.6553347,-1.6607698,-1.6671175,-1.6733525,-1.6780415,-1.6864779,-1.695886,-1.7026266
55_real,0.5340942,,,,,,,,,,,,,,,,,,,,,,,,,,,,,,,,,,,,,,,,,,,,,,,,,,,,,,,,0.41525403,,,,,,,,,,,,,
55_gen,0.5340943,0.52858514,0.5238141,0.5203715,0.5167799,0.51225215,0.50856185,0.5042549,0.4994827,0.4958283,0.49192914,0.48883742,0.4853197,0.48375565,0.47720742,0.47144637,0.46968642,0.46654254,0.46367878,0.4586813,0.45606476,0.4521769,0.4472335,0.44357687,0.43887463,0.43328652,0.42905393,0.4262194,0.42308968,0.4180606,0.41311687,0.40881968,0.40907183,0.40411267,0.4022494,0.3966647,0.39323768,0.3905499,0.38718188,0.38490453,0.3833402,0.38123193,0.37928224,0.3767696,0.37329912,0.3691597,0.3648173,0.36163884,0.35821992,0.35560304,0.35171166,0.34720486,0.3438972,0.34048688,0.333393,0.32956356,0.32496065,0.3226427,0.3203742,0.31496078,0.31236014,0.3091274,0.30607396,0.30390894,0.30009937,0.2964854,0.29159212,0.2870236,0.28158113,0.28051138
56_real,0.63018477,,,,,,,,,,,,,,,,,,,,,,,,,,,,,,,,,,,,,,,,,,,,,,,,,,,,,,,,0.9072753,,,,,,,,,,,,,
56_gen,0.6301847,0.62499154,0.6214208,0.61972225,0.61561537,0.612187,0.6065371,0.6031487,0.59652126,0.5935063,0.5895689,0.58546054,0.58222324,0.5812902,0.5786265,0.576046,0.5712791,0.5704892,0.5694119,0.56680393,0.56385905,0.55962574,0.55763006,0.5580069,0.5530775,0.5476608,0.5441315,0.5411306,0.53581226,0.53263694,0.52945745,0.5289119,0.5265294,0.5246756,0.5196846,0.5177867,0.5154387,0.5134757,0.50935304,0.5060698,0.50294507,0.49916118,0.49465328,0.49290395,0.49030894,0.48835558,0.48632103,0.48220125,0.48129255,0.4784886,0.473697,0.47090274,0.47035632,0.46764985,0.46288714,0.4604043,0.4585591,0.45642003,0.45563906,0.4542466,0.4517439,0.44707265,0.44364494,0.44159,0.43974796,0.43684602,0.43470997,0.43274933,0.42990994,0.42705885
57_real,0.7490484,,,,,,,,,,,,,,,,,,,,,,,,,,,,,,,,,,,,,,,,,,,,,,,,,,,,,,,,0.61214864,,,,,,,,,,,,,
57_gen,0.74904835,0.74202055,0.73870146,0.7333679,0.73044443,0.7237635,0.7168509,0.71143407,0.70542336,0.6985505,0.69125235,0.6886588,0.68482274,0.67624176,0.6694953,0.66445386,0.65960306,0.655359,0.6481842,0.64302653,0.63745916,0.6327351,0.6237413,0.6177505,0.6117598,0.60465354,0.5975068,0.5921766,0.58405006,0.58116454,0.5745213,0.56656456,0.5589689,0.5560447,0.5496216,0.5427929,0.53633916,0.5314377,0.52356654,0.51965135,0.51467824,0.5071827,0.50175977,0.49490944,0.48857933,0.48243704,0.47631449,0.46819752,0.46486944,0.45790926,0.45047897,0.44615895,0.4383599,0.43144184,0.42549014,0.4207553,0.41176668,0.4032465,0.39838222,0.3900892,0.38144046,0.3757167,0.3688827,0.36543092,0.3562083,0.35027874,0.34553963,0.34087974,0.33446547,0.3291237
58_real,1.1154052,,,,,,,,,,,,,,,,,,,,,,,,,,,,,,,,,,,,,,,,,,,,,,,,,,,,,,,,0.5662308,,,,,,,,,,,,,
58_gen,1.1154052,1.1055679,1.0974061,1.0892131,1.081989,1.0751977,1.0684078,1.0600036,1.0528742,1.0440776,1.0396143,1.0341735,1.0271556,1.0194,1.0122455,1.0055904,0.9991331,0.99169576,0.9877764,0.98411435,0.98302984,0.97536343,0.9695479,0.9670137,0.960423,0.9533416,0.95009595,0.9473683,0.9400854,0.9343529,0.9243194,0.9174344,0.913177,0.9079989,0.9011198,0.89893883,0.8938406,0.8854791,0.8770914,0.8711597,0.86392754,0.85888016,0.8498848,0.8390705,0.8323471,0.82604444,0.82168055,0.81659716,0.80866206,0.80363524,0.7961101,0.78882056,0.78504914,0.78067607,0.77627647,0.77101904,0.76289606,0.75435835,0.7486881,0.7447517,0.73964566,0.73384213,0.72673666,0.7242043,0.7131602,0.71108997,0.7066597,0.70493805,0.7029954,0.69538444
59_real,-0.22628818,,,,,,,,,,,,,,,,,,,,,,,,,,,,,,,,,,,,,,,,,,,,,,,,,,,,,,,,-0.36097246,,,,,,,,,,,,,
59_gen,-0.22628817,-0.22737472,-0.2300236,-0.23360083,-0.2341264,-0.23699859,-0.23872852,-0.23913845,-0.24029982,-0.24249092,-0.24308309,-0.2456691,-0.24841253,-0.25152937,-0.25606376,-0.26127228,-0.26473838,-0.2664704,-0.2700055,-0.27657515,-0.27857202,-0.28157538,-0.28571296,-0.2874775,-0.29042548,-0.29181367,-0.2942877,-0.29682475,-0.30032426,-0.30370083,-0.30735552,-0.31160894,-0.3157122,-0.3199039,-0.32286566,-0.32522482,-0.3271769,-0.32837674,-0.33336297,-0.3389104,-0.34146023,-0.34742865,-0.34899074,-0.3522845,-0.3542708,-0.35755986,-0.36045098,-0.36471984,-0.36879402,-0.37338424,-0.37627533,-0.3772928,-0.38041803,-0.38427642,-0.38690665,-0.39116788,-0.39418444,-0.39684314,-0.398843,-0.40301704,-0.40624326,-0.4104727,-0.41656289,-0.42252904,-0.42523414,-0.43074965,-0.43307433,-0.43602243,-0.43883124,-0.44076014
60_real,0.21790919,,,,,,,,,,,,,,,,,,,,,,,,,,,,,,,,,,,,,,,,,,,,,,,,,,,,,,,,0.17908135,,,,,,,,,,,,,
60_gen,0.21790919,0.21791467,0.21307881,0.21123984,0.2085553,0.20519309,0.20183933,0.19755182,0.19334014,0.18818414,0.1860889,0.18457839,0.18324512,0.18250364,0.18128307,0.18226944,0.178618,0.17552607,0.17143683,0.17022213,0.16579033,0.16265646,0.1591008,0.15614657,0.15047167,0.15020922,0.14618874,0.14612055,0.144005,0.14134897,0.13799816,0.13662943,0.13203798,0.13124064,0.12751079,0.12455235,0.120657586,0.11756754,0.116229154,0.11354916,0.111100115,0.10798603,0.106085464,0.10365112,0.09999517,0.0981452,0.09559544,0.092138186,0.09010566,0.08809987,0.085159406,0.080279276,0.07548989,0.0712052,0.06845443,0.0639416,0.06338777,0.060976528,0.05719803,0.05404889,0.053159464,0.051663518,0.04896247,0.044963885,0.040312536,0.03587537,0.031073699,0.027733332,0.024444636,0.02164178
61_real,-0.9437868,,,,,,,,,,,,,,,,,,,,,,,,,,,,,,,,,,,,,,,,,,,,,,,,,,,,,,,,-0.9163824,,,,,,,,,,,,,
61_gen,-0.94378674,-0.9514991,-0.9605492,-0.9662398,-0.97252643,-0.9803537,-0.9867921,-0.99276257,-0.99838006,-1.0040194,-1.0119216,-1.0168601,-1.0237052,-1.0317252,-1.0358232,-1.0442461,-1.0492932,-1.0564411,-1.0614597,-1.0664413,-1.0743666,-1.0803392,-1.0915741,-1.1001632,-1.1077507,-1.1146556,-1.1213084,-1.1308767,-1.1432538,-1.150131,-1.1620162,-1.1702467,-1.1809492,-1.1876138,-1.1948415,-1.1990056,-1.2073076,-1.2184825,-1.221495,-1.2270561,-1.2322079,-1.2348317,-1.240417,-1.2482501,-1.2529733,-1.2619293,-1.2668377,-1.275861,-1.2886424,-1.2942593,-1.3007845,-1.304849,-1.3143475,-1.3159167,-1.3235162,-1.3305485,-1.3431848,-1.3488066,-1.3552706,-1.3654362,-1.3718582,-1.3738978,-1.3795393,-1.3890461,-1.3971121,-1.404773,-1.4124501,-1.4252055,-1.4355793,-1.441715
62_real,-0.9335855,,,,,,,,,,,,,,,,,,,,,,,,,,,,,,,,,,,,,,,,,,,,,,,,,,,,,,,,-0.8920001,,,,,,,,,,,,,
62_gen,-0.9335855,-0.9367118,-0.93826264,-0.9383094,-0.94576585,-0.9477314,-0.953105,-0.95559436,-0.9580585,-0.9605012,-0.96511304,-0.9738504,-0.9786844,-0.9823338,-0.98673326,-0.99444836,-1.0001329,-1.0063021,-1.008374,-1.0162809,-1.0254654,-1.0315183,-1.0384548,-1.041755,-1.0472639,-1.0520742,-1.0602065,-1.0680785,-1.0750434,-1.0775542,-1.0844173,-1.0914587,-1.0974245,-1.106112,-1.1128107,-1.1244583,-1.1303636,-1.1364883,-1.1417947,-1.1470916,-1.157232,-1.1627389,-1.1660993,-1.1709529,-1.1797152,-1.181584,-1.1889799,-1.1972284,-1.2053517,-1.2133238,-1.2205734,-1.2240589,-1.2274461,-1.2323183,-1.2397103,-1.2433333,-1.2508007,-1.258128,-1.2638131,-1.272272,-1.2797095,-1.2885443,-1.2993234,-1.3072289,-1.3147746,-1.3222545,-1.3295141,-1.3378861,-1.3440765,-1.3518777
63_real,-0.45691037,,,,,,,,,,,,,,,,,,,,,,,,,,,,,,,,,,,,,,,,,,,,,,,,,,,,,,,,-0.55408263,,,,,,,,,,,,,
63_gen,-0.4569103,-0.4682633,-0.4758678,-0.4811086,-0.4884146,-0.495442,-0.5004256,-0.5081674,-0.5146143,-0.51808095,-0.52352136,-0.5297156,-0.53669995,-0.54305404,-0.54653466,-0.5532118,-0.5586375,-0.5622343,-0.56615067,-0.57046443,-0.57530487,-0.58072567,-0.58497304,-0.5892794,-0.5933426,-0.59822536,-0.6034981,-0.60819364,-0.61327684,-0.6194855,-0.6238149,-0.62959814,-0.63494146,-0.63860977,-0.6459882,-0.652483,-0.65495914,-0.6600113,-0.6656295,-0.6725482,-0.67637914,-0.6806606,-0.68242717,-0.687533,-0.6960906,-0.7016715,-0.7057779,-0.71098715,-0.71681565,-0.7231596,-0.7304598,-0.7337328,-0.74017686,-0.745648,-0.75263053,-0.7583283,-0.76222384,-0.7642385,-0.7718876,-0.7780938,-0.7828747,-0.7888781,-0.7942753,-0.79990864,-0.80858344,-0.81482476,-0.8233412,-0.82864696,-0.83578604,-0.8426212
64_real,0.15541199,,,,,,,,,,,,,,,,,,,,,,,,,,,,,,,,,,,,,,,,,,,,,,,,,,,,,,,,0.112994105,,,,,,,,,,,,,
64_gen,0.15541197,0.14912713,0.1415038,0.13140763,0.12516566,0.11737126,0.10538979,0.09848873,0.09006201,0.080947794,0.07514368,0.065221116,0.054511387,0.049711514,0.04377476,0.037234597,0.029020825,0.02321168,0.016448196,0.010458365,0.0022071986,-0.00573993,-0.012841118,-0.020270115,-0.026996056,-0.029556628,-0.035169754,-0.042716302,-0.048834722,-0.05750969,-0.06722314,-0.07403747,-0.08168875,-0.0881793,-0.094196446,-0.10132776,-0.10776597,-0.11699834,-0.12471016,-0.12997702,-0.13713002,-0.14295919,-0.15125427,-0.16288535,-0.17567526,-0.1850582,-0.19384699,-0.20272537,-0.21038337,-0.21600035,-0.22512141,-0.23595214,-0.24341325,-0.25087,-0.2578506,-0.26569444,-0.27735367,-0.28847444,-0.2972649,-0.3070441,-0.3146326,-0.31863683,-0.32537332,-0.33572704,-0.3469627,-0.35965592,-0.3684454,-0.3744567,-0.38228998,-0.39086217
65_real,-0.32675385,,,,,,,,,,,,,,,,,,,,,,,,,,,,,,,,,,,,,,,,,,,,,,,,,,,,,,,,-0.33627972,,,,,,,,,,,,,
65_gen,-0.32675385,-0.33353186,-0.34078062,-0.34593877,-0.35110286,-0.356628,-0.36342934,-0.37123144,-0.3760514,-0.38059598,-0.3883486,-0.39589304,-0.40620747,-0.4109212,-0.4167943,-0.42445058,-0.43287978,-0.43704796,-0.44538015,-0.45219797,-0.45406786,-0.4599312,-0.46560496,-0.46901125,-0.47484046,-0.48226827,-0.4873983,-0.4955945,-0.5021063,-0.5059296,-0.51376915,-0.5182924,-0.52396476,-0.5317484,-0.5410725,-0.544508,-0.5500629,-0.55874765,-0.56364685,-0.56898814,-0.5784863,-0.58238065,-0.59213465,-0.5977582,-0.6036492,-0.6072616,-0.61410123,-0.61994183,-0.6239311,-0.6259345,-0.63164353,-0.6347071,-0.64079607,-0.6481765,-0.6550852,-0.6613327,-0.6661966,-0.670586,-0.6733355,-0.6819505,-0.68802905,-0.6946014,-0.702707,-0.70790803,-0.7133604,-0.71919596,-0.7268886,-0.72953874,-0.7340661,-0.7402694
66_real,0.16883178,,,,,,,,,,,,,,,,,,,,,,,,,,,,,,,,,,,,,,,,,,,,,,,,,,,,,,,,0.40278122,,,,,,,,,,,,,
66_gen,0.1688318,0.15842542,0.15200506,0.14896812,0.1408582,0.1345945,0.12513995,0.120275155,0.11643796,0.11470477,0.11246763,0.10518451,0.09609879,0.08907614,0.07951881,0.07597416,0.06875448,0.06439833,0.06234005,0.0585168,0.049128253,0.044158835,0.03844081,0.033951353,0.025181163,0.022084732,0.016641596,0.011308743,0.0057249586,-0.0071302047,-0.012820224,-0.014796074,-0.020039512,-0.026355397,-0.033931475,-0.03848551,-0.04090242,-0.04330235,-0.04522602,-0.04943777,-0.055446617,-0.061176497,-0.06577869,-0.07256584,-0.08499093,-0.08860639,-0.09184488,-0.09738539,-0.10279789,-0.10788075,-0.110844515,-0.1141955,-0.12180319,-0.13064794,-0.13281742,-0.13849314,-0.14386871,-0.15199193,-0.15919128,-0.16280791,-0.16434093,-0.17169854,-0.17604734,-0.18230908,-0.18454339,-0.19116059,-0.20202775,-0.20504232,-0.21274617,-0.2186408
67_real,-0.7233727,,,,,,,,,,,,,,,,,,,,,,,,,,,,,,,,,,,,,,,,,,,,,,,,,,,,,,,,-0.607128,,,,,,,,,,,,,
67_gen,-0.72337264,-0.72943246,-0.7360126,-0.7422078,-0.75193506,-0.76032466,-0.76725924,-0.7758446,-0.78158104,-0.7845415,-0.79505056,-0.80102813,-0.80487746,-0.814772,-0.8186458,-0.825802,-0.83090514,-0.84242564,-0.8501021,-0.8581048,-0.86404765,-0.87069064,-0.88017064,-0.88581574,-0.8949755,-0.9019036,-0.90875304,-0.91317654,-0.91799927,-0.92754394,-0.93558395,-0.9416189,-0.9513551,-0.9607061,-0.9710908,-0.98127604,-0.9884936,-0.9927082,-0.99991024,-1.0062765,-1.014663,-1.0238831,-1.0263624,-1.0344435,-1.0405309,-1.046901,-1.0570822,-1.0639737,-1.0726867,-1.0793839,-1.0846716,-1.0913677,-1.0975325,-1.1057789,-1.1121095,-1.1232772,-1.1311076,-1.141218,-1.1538277,-1.1620874,-1.1692935,-1.1790401,-1.188489,-1.1974777,-1.2066352,-1.218804,-1.2294973,-1.2388058,-1.2455713,-1.2541921
68_real,0.08188517,,,,,,,,,,,,,,,,,,,,,,,,,,,,,,,,,,,,,,,,,,,,,,,,,,,,,,,,0.33928135,,,,,,,,,,,,,
68_gen,0.08188517,0.073496446,0.062496334,0.054996096,0.049345665,0.041999787,0.035033848,0.028236713,0.020472294,0.01466383,0.006391165,-0.00022712183,-0.00548873,-0.012049118,-0.013921631,-0.020301994,-0.024461627,-0.030413827,-0.03468161,-0.041668072,-0.046318807,-0.055241603,-0.06391736,-0.0666377,-0.07163038,-0.07531976,-0.08148129,-0.087090306,-0.1000378,-0.106698975,-0.11061503,-0.11227932,-0.12013873,-0.12471058,-0.12913409,-0.13429251,-0.1401195,-0.14969178,-0.15402429,-0.16024074,-0.1649315,-0.17348142,-0.18375231,-0.1901736,-0.19528982,-0.2024951,-0.2082167,-0.2139123,-0.21955855,-0.22342332,-0.22907548,-0.23811035,-0.24394794,-0.24825938,-0.25348622,-0.2611311,-0.268123,-0.27801684,-0.28582376,-0.29240242,-0.2997449,-0.30788225,-0.314555,-0.32163933,-0.32653898,-0.3362306,-0.33943442,-0.3445586,-0.3502994,-0.3573377
69_real,-1.4004517,,,,,,,,,,,,,,,,,,,,,,,,,,,,,,,,,,,,,,,,,,,,,,,,,,,,,,,,-1.5661933,,,,,,,,,,,,,
69_gen,-1.4004517,-1.4025958,-1.4090497,-1.417165,-1.4262714,-1.4314964,-1.4318686,-1.4344642,-1.4394475,-1.4429958,-1.4479918,-1.4529577,-1.4592286,-1.4634489,-1.4658235,-1.4696137,-1.4744258,-1.4763392,-1.4799345,-1.4870045,-1.4910405,-1.492397,-1.4982984,-1.5050584,-1.5130512,-1.5193049,-1.5242581,-1.5290658,-1.5360178,-1.5411524,-1.5411701,-1.5444763,-1.5480554,-1.5474372,-1.5540342,-1.5611471,-1.5655725,-1.5705369,-1.5737444,-1.576813,-1.5821044,-1.5819533,-1.5844698,-1.5862777,-1.5883567,-1.5938191,-1.5993813,-1.605349,-1.6099293,-1.6158488,-1.6197201,-1.6222082,-1.624959,-1.6273397,-1.6273534,-1.6324873,-1.638765,-1.6411009,-1.6447418,-1.6488806,-1.6558342,-1.6608315,-1.6653093,-1.6708866,-1.6742554,-1.6776762,-1.6816288,-1.6890523,-1.691,-1.6986301
70_real,-0.38837102,,,,,,,,,,,,,,,,,,,,,,,,,,,,,,,,,,,,,,,,,,,,,,,,,,,,,,,,-0.4430751,,,,,,,,,,,,,
70_gen,-0.38837102,-0.3933577,-0.4003625,-0.4067223,-0.4091343,-0.41626802,-0.4205471,-0.42505312,-0.42799774,-0.4357215,-0.43795592,-0.4459486,-0.45124,-0.45474586,-0.46051294,-0.46856442,-0.4774444,-0.48377657,-0.49243775,-0.5006713,-0.5076839,-0.50560546,-0.5080471,-0.5119302,-0.5179137,-0.5189041,-0.5249139,-0.53396547,-0.53691113,-0.5385153,-0.540255,-0.5440582,-0.54870063,-0.5556343,-0.55952466,-0.56040114,-0.5631955,-0.56621253,-0.5716289,-0.5770813,-0.5805236,-0.5862762,-0.5902271,-0.59124947,-0.6000808,-0.60511684,-0.6099169,-0.61597,-0.6210712,-0.6239882,-0.6242106,-0.6263745,-0.6304639,-0.6372221,-0.63862646,-0.64402956,-0.65011173,-0.6532022,-0.6596416,-0.6655693,-0.66970885,-0.67205393,-0.67265624,-0.67442644,-0.67788064,-0.6836543,-0.68992364,-0.69737333,-0.7030972,-0.70778525
71_real,-0.7690539,,,,,,,,,,,,,,,,,,,,,,,,,,,,,,,,,,,,,,,,,,,,,,,,,,,,,,,,-0.7460933,,,,,,,,,,,,,
71_gen,-0.7690539,-0.7711544,-0.772827,-0.7759613,-0.7785274,-0.77615654,-0.78178406,-0.7779769,-0.7806473,-0.7775971,-0.77997327,-0.7801359,-0.78209513,-0.7781509,-0.7805518,-0.782131,-0.78564155,-0.78865993,-0.7942079,-0.7914381,-0.79273576,-0.79540837,-0.7954648,-0.7969216,-0.79716206,-0.79866487,-0.80462724,-0.80408275,-0.80364066,-0.8104863,-0.8133191,-0.81684816,-0.81494933,-0.8112956,-0.8154114,-0.8163334,-0.8162862,-0.81892824,-0.8163234,-0.82090807,-0.82134074,-0.8230521,-0.82883567,-0.83082163,-0.8338806,-0.83635724,-0.8402686,-0.84399146,-0.8479638,-0.85069686,-0.8532093,-0.85354155,-0.8544377,-0.85367805,-0.8547452,-0.85421115,-0.859815,-0.86608684,-0.8710883,-0.8703989,-0.87080336,-0.87576044,-0.8767254,-0.8797387,-0.8862754,-0.8912309,-0.889604,-0.89600897,-0.89902246,-0.902283
72_real,-0.6853964,,,,,,,,,,,,,,,,,,,,,,,,,,,,,,,,,,,,,,,,,,,,,,,,,,,,,,,,-0.8960562,,,,,,,,,,,,,
72_gen,-0.6853963,-0.6918147,-0.6979309,-0.70123833,-0.70607406,-0.711049,-0.71589875,-0.72004306,-0.725087,-0.7284337,-0.73078346,-0.7349326,-0.73930764,-0.74608666,-0.7479053,-0.7536729,-0.76064,-0.7653196,-0.7669413,-0.7708608,-0.77651787,-0.77851796,-0.7827184,-0.7865081,-0.7887379,-0.7893189,-0.79311836,-0.7996215,-0.8029784,-0.80914605,-0.80679387,-0.8102783,-0.81344974,-0.8158444,-0.82030374,-0.82556134,-0.8291608,-0.83281726,-0.8373462,-0.8411754,-0.84529,-0.84845674,-0.85371876,-0.85921973,-0.8640171,-0.869538,-0.8698591,-0.87025183,-0.8744356,-0.8795255,-0.8821637,-0.88202685,-0.89132965,-0.8980355,-0.90245163,-0.9074086,-0.90667945,-0.9127159,-0.9186697,-0.92726886,-0.9310174,-0.93573064,-0.93970984,-0.94283074,-0.944114,-0.9507761,-0.95417565,-0.96060973,-0.9635547,-0.96680605
73_real,0.5927527,,,,,,,,,,,,,,,,,,,,,,,,,,,,,,,,,,,,,,,,,,,,,,,,,,,,,,,,0.7747755,,,,,,,,,,,,,
73_gen,0.59275264,0.59092367,0.58461404,0.579956,0.5720273,0.56681025,0.56160647,0.5553313,0.54757655,0.542353,0.52927864,0.52554023,0.52041584,0.5133597,0.5053729,0.50052774,0.493462,0.4918943,0.48489723,0.4825771,0.47735286,0.4705963,0.46517643,0.45962697,0.45188814,0.4418336,0.43913332,0.42777377,0.42487964,0.41932994,0.41227102,0.40453404,0.39807087,0.39053053,0.3871892,0.38346857,0.37751785,0.36907095,0.36199555,0.35602728,0.35265845,0.34977993,0.3439526,0.33553883,0.3283965,0.31996828,0.3173723,0.31187347,0.30018425,0.29574627,0.29059145,0.2820836,0.27902693,0.2694568,0.26121992,0.2551337,0.24343944,0.23875852,0.23352821,0.22771697,0.22141933,0.21636248,0.20581178,0.20117922,0.19693573,0.1900738,0.18759649,0.17939946,0.1723471,0.16720869
74_real,0.82179284,,,,,,,,,,,,,,,,,,,,,,,,,,,,,,,,,,,,,,,,,,,,,,,,,,,,,,,,0.9200375,,,,,,,,,,,,,
74_gen,0.8217927,0.815578,0.8067039,0.79984295,0.79270476,0.78745997,0.78144443,0.77733624,0.7729022,0.7661599,0.7579578,0.75143415,0.74392277,0.74171734,0.73388666,0.729071,0.7225293,0.7186772,0.7097651,0.70063496,0.69648594,0.6925995,0.6880516,0.68241566,0.680434,0.67018825,0.6646969,0.6617516,0.6565558,0.6523172,0.64872473,0.64066416,0.63682616,0.63432246,0.63117564,0.6264143,0.617012,0.61310905,0.6087187,0.6048171,0.59615123,0.58763015,0.5798254,0.5707895,0.5666275,0.56195354,0.5561429,0.5448789,0.5330633,0.5294953,0.5265701,0.51475847,0.5058646,0.503169,0.5001152,0.49166784,0.48550433,0.48345256,0.48089042,0.4705473,0.46502894,0.4596603,0.447507,0.43358406,0.43007174,0.4221348,0.41317636,0.40696067,0.39905655,0.39306206
75_real,-0.4409672,,,,,,,,,,,,,,,,,,,,,,,,,,,,,,,,,,,,,,,,,,,,,,,,,,,,,,,,-0.5790252,,,,,,,,,,,,,
75_gen,-0.44096714,-0.44237024,-0.44617853,-0.44802132,-0.45134026,-0.45381784,-0.4563555,-0.45910382,-0.46241003,-0.46304363,-0.4656414,-0.46911573,-0.47090787,-0.47451276,-0.47749105,-0.47795376,-0.48392716,-0.4863369,-0.49063143,-0.4946598,-0.49723879,-0.49832496,-0.50257766,-0.5073582,-0.5098858,-0.5126055,-0.51725835,-0.5219363,-0.5264226,-0.5280754,-0.53003865,-0.5340748,-0.53784686,-0.53947467,-0.546239,-0.5482211,-0.550262,-0.5519808,-0.55592024,-0.55642927,-0.55854833,-0.5628253,-0.5632296,-0.5656905,-0.56987846,-0.5727636,-0.5742773,-0.5765422,-0.5806159,-0.58314764,-0.5883511,-0.59057385,-0.5934759,-0.59500027,-0.59690875,-0.5996181,-0.6016139,-0.6043069,-0.6071483,-0.6069784,-0.61126095,-0.61242616,-0.6153215,-0.6183146,-0.62170947,-0.62300247,-0.6260541,-0.62965155,-0.633961,-0.6361185
76_real,-0.24371342,,,,,,,,,,,,,,,,,,,,,,,,,,,,,,,,,,,,,,,,,,,,,,,,,,,,,,,,-0.2717653,,,,,,,,,,,,,
76_gen,-0.24371341,-0.24451216,-0.24650303,-0.24990487,-0.25361973,-0.25456578,-0.2569621,-0.25678068,-0.2622097,-0.2661266,-0.266759,-0.26758873,-0.27048805,-0.271847,-0.27251244,-0.27893692,-0.27949518,-0.27877334,-0.2781322,-0.28056353,-0.28155723,-0.2799925,-0.28198048,-0.2827149,-0.28170654,-0.28277224,-0.28872785,-0.29114434,-0.29265934,-0.29455993,-0.29701275,-0.29818043,-0.30163613,-0.3027745,-0.30477196,-0.3059014,-0.30811065,-0.31191912,-0.31319115,-0.3138318,-0.315185,-0.31675512,-0.31815693,-0.31911916,-0.3202409,-0.31918195,-0.3219209,-0.32385033,-0.3250345,-0.32931453,-0.33231404,-0.3387702,-0.34002697,-0.3413449,-0.3438209,-0.34849024,-0.34817192,-0.35123754,-0.35322994,-0.35590366,-0.35518822,-0.35783562,-0.36111563,-0.36407027,-0.36527294,-0.36840802,-0.37055868,-0.37399545,-0.37533718,-0.37706837
77_real,0.12963821,,,,,,,,,,,,,,,,,,,,,,,,,,,,,,,,,,,,,,,,,,,,,,,,,,,,,,,,0.14234208,,,,,,,,,,,,,
77_gen,0.12963821,0.12263608,0.11972368,0.11688992,0.11511369,0.111799516,0.10734241,0.10248649,0.096700676,0.09461241,0.09162487,0.08842689,0.08570291,0.08320326,0.080097,0.076044224,0.07245329,0.07198313,0.07000395,0.06612466,0.06409218,0.060727023,0.059111826,0.05357849,0.049104407,0.045751374,0.043275144,0.041909263,0.037099432,0.030705562,0.03201893,0.027910525,0.02578861,0.020774402,0.01897359,0.016026637,0.009697164,0.0032440503,-0.0006855674,-0.0016129197,-0.0044404985,-0.008893864,-0.012134764,-0.016753078,-0.020937342,-0.026828855,-0.032415885,-0.03687914,-0.041918524,-0.044154577,-0.04567175,-0.048854243,-0.053322118,-0.0559132,-0.05799665,-0.063535586,-0.064431354,-0.06648346,-0.07183304,-0.07824753,-0.08314015,-0.08608244,-0.08535648,-0.08639355,-0.09296207,-0.09553702,-0.09873154,-0.10199485,-0.107966825,-0.11156267
78_real,0.28516614,,,,,,,,,,,,,,,,,,,,,,,,,,,,,,,,,,,,,,,,,,,,,,,,,,,,,,,,0.34200248,,,,,,,,,,,,,
78_gen,0.28516617,0.2795167,0.2740907,0.26988095,0.26369885,0.2602949,0.25446913,0.24952535,0.24217632,0.23734248,0.23139434,0.22559223,0.21874368,0.2124598,0.20863016,0.20596819,0.19982427,0.19599026,0.19091862,0.1862353,0.18214232,0.1757336,0.17039996,0.16731124,0.16270295,0.15866622,0.15216693,0.14668569,0.14159973,0.13739088,0.13120763,0.12753995,0.123542145,0.11904605,0.11522331,0.10667889,0.10343216,0.09962515,0.09470406,0.08822955,0.08673057,0.082145825,0.07807651,0.07474454,0.07161461,0.06556521,0.0600471,0.058865774,0.05545292,0.04865765,0.044527657,0.039882597,0.03726647,0.03078045,0.027926445,0.023106685,0.018286288,0.011146846,0.0068558687,0.0020010988,-0.0043517123,-0.011204761,-0.017327998,-0.024036605,-0.029535836,-0.03341409,-0.040017206,-0.043294687,-0.05283155,-0.057978638
79_real,-1.8654891,,,,,,,,,,,,,,,,,,,,,,,,,,,,,,,,,,,,,,,,,,,,,,,,,,,,,,,,-1.8144292,,,,,,,,,,,,,
79_gen,-1.8654892,-1.8693701,-1.873922,-1.8788164,-1.8823779,-1.8863691,-1.8905938,-1.8959221,-1.8980219,-1.9035136,-1.9070683,-1.911182,-1.914851,-1.9200785,-1.9234585,-1.9278729,-1.9308987,-1.934448,-1.9385542,-1.9425579,-1.9443462,-1.9493984,-1.9536412,-1.9574324,-1.9615514,-1.9662478,-1.9692974,-1.9725091,-1.9763006,-1.9786167,-1.9811089,-1.9861676,-1.9911919,-1.9930298,-1.9981642,-2.0013127,-2.0065906,-2.011598,-2.0165153,-2.0204208,-2.0241907,-2.02758,-2.0316963,-2.0348103,-2.039351,-2.0431612,-2.0460277,-2.0496929,-2.054687,-2.0586839,-2.062187,-2.06418,-2.0673015,-2.0712147,-2.0763245,-2.0799718,-2.0846512,-2.0878782,-2.0902786,-2.093148,-2.0958714,-2.099736,-2.1044164,-2.1065881,-2.1096625,-2.113035,-2.116959,-2.1208282,-2.1249573,-2.129908
80_real,-1.3975329,,,,,,,,,,,,,,,,,,,,,,,,,,,,,,,,,,,,,,,,,,,,,,,,,,,,,,,,-1.6390594,,,,,,,,,,,,,
80_gen,-1.397533,-1.4019248,-1.4059775,-1.4095547,-1.4145678,-1.4190229,-1.4216461,-1.4253923,-1.4289185,-1.4335685,-1.4377136,-1.4419959,-1.4444695,-1.4472752,-1.4513175,-1.4539639,-1.4561617,-1.4591005,-1.4635283,-1.4695342,-1.4722143,-1.4756743,-1.4784095,-1.4815912,-1.4837525,-1.4864885,-1.4896742,-1.4924933,-1.4953339,-1.4985721,-1.5021938,-1.5051603,-1.5072553,-1.5116897,-1.5165849,-1.5216817,-1.5232816,-1.5271132,-1.5287455,-1.5316288,-1.5349171,-1.5368308,-1.5402688,-1.5438302,-1.5477414,-1.548531,-1.5503712,-1.5539916,-1.5582018,-1.5625637,-1.5657084,-1.5700259,-1.5731388,-1.5780535,-1.5834224,-1.5892248,-1.5921329,-1.5967405,-1.600661,-1.60361,-1.6073138,-1.6103834,-1.6147707,-1.6177604,-1.620472,-1.6247689,-1.6283032,-1.6299601,-1.6337839,-1.6359084
81_real,0.6021474,,,,,,,,,,,,,,,,,,,,,,,,,,,,,,,,,,,,,,,,,,,,,,,,,,,,,,,,0.5010811,,,,,,,,,,,,,
81_gen,0.60214746,0.5942527,0.5852479,0.5772556,0.57242215,0.5620611,0.55214185,0.5459645,0.539335,0.5312691,0.5211655,0.51381886,0.50458044,0.49669638,0.48688155,0.4803194,0.47387752,0.4674808,0.46051884,0.45588717,0.45047775,0.4417122,0.43690714,0.4278543,0.42134684,0.41348857,0.40751028,0.39891174,0.38957,0.38134563,0.37459278,0.36593634,0.36019248,0.35138774,0.34287077,0.33619937,0.33275205,0.32601076,0.32059318,0.31609806,0.30913174,0.3010755,0.2930782,0.2867531,0.27860478,0.2718088,0.26547188,0.25509185,0.24700281,0.24053176,0.23096037,0.22411564,0.21223633,0.2045081,0.19749077,0.18854682,0.18038054,0.17000511,0.16276698,0.15871206,0.1515576,0.14171223,0.13646653,0.1275082,0.117910184,0.10866666,0.10016056,0.09282051,0.08123657,0.07383755
82_real,1.386742,,,,,,,,,,,,,,,,,,,,,,,,,,,,,,,,,,,,,,,,,,,,,,,,,,,,,,,,1.2498623,,,,,,,,,,,,,
82_gen,1.3867419,1.3786997,1.374388,1.3690935,1.3642108,1.358774,1.3546339,1.3534944,1.3500011,1.3458835,1.3413874,1.3374593,1.3332188,1.3285547,1.3257611,1.3192146,1.3151503,1.3134108,1.3075645,1.302434,1.2994082,1.2960688,1.2932272,1.2889004,1.2860422,1.2815711,1.2777532,1.2726597,1.2676193,1.2654485,1.2609689,1.2566749,1.2565055,1.2546133,1.2488558,1.2420788,1.2394495,1.2360743,1.2327913,1.2273136,1.2237326,1.2199037,1.2162551,1.2127931,1.2099216,1.2062881,1.2016499,1.1991279,1.1970793,1.192579,1.1892313,1.1826279,1.1762681,1.1725878,1.1710217,1.1672218,1.1651473,1.1602042,1.1554477,1.1532093,1.1484811,1.1461298,1.1413457,1.1390222,1.1347862,1.1311843,1.1251738,1.1221049,1.1193764,1.1176574
83_real,-0.22478616,,,,,,,,,,,,,,,,,,,,,,,,,,,,,,,,,,,,,,,,,,,,,,,,,,,,,,,,-0.30605447,,,,,,,,,,,,,
83_gen,-0.22478619,-0.22687343,-0.23290977,-0.2389882,-0.24357541,-0.25204045,-0.25827143,-0.26363078,-0.26976126,-0.27781972,-0.28421274,-0.2910342,-0.2958371,-0.3005791,-0.3050161,-0.31048027,-0.3157294,-0.31970674,-0.32611045,-0.33412606,-0.34109232,-0.34722388,-0.35266107,-0.35813454,-0.36355418,-0.36629835,-0.3702739,-0.37662187,-0.379433,-0.38487455,-0.39138886,-0.3956989,-0.40182304,-0.40513745,-0.4116506,-0.41511804,-0.42112526,-0.4264318,-0.4313878,-0.43827763,-0.44490948,-0.45047054,-0.45682096,-0.46035895,-0.468221,-0.47360545,-0.4802323,-0.48758993,-0.49437395,-0.499916,-0.5048111,-0.50870025,-0.51328576,-0.5209427,-0.5278509,-0.53044564,-0.5353696,-0.53834456,-0.5438462,-0.5491781,-0.555286,-0.5593065,-0.5654112,-0.5704238,-0.5784109,-0.5828117,-0.5888157,-0.5943021,-0.60084724,-0.6103034
84_real,0.62976444,,,,,,,,,,,,,,,,,,,,,,,,,,,,,,,,,,,,,,,,,,,,,,,,,,,,,,,,0.4934781,,,,,,,,,,,,,
84_gen,0.6297645,0.6176031,0.60724413,0.5991589,0.5920777,0.5827625,0.57589877,0.5680381,0.56031424,0.5490966,0.5440084,0.539928,0.53571284,0.5309358,0.52564305,0.51767457,0.51336956,0.5066946,0.502727,0.4970171,0.49011526,0.4813908,0.47111544,0.46461907,0.4572123,0.45209455,0.4420015,0.43655148,0.43350857,0.42716354,0.41953358,0.41190165,0.40429997,0.39524618,0.38847598,0.38351688,0.37602162,0.3704882,0.36442408,0.35536113,0.3508682,0.34381595,0.33405715,0.32432112,0.31404948,0.31070748,0.30374986,0.29830953,0.29078555,0.28294718,0.27617016,0.27080205,0.2673077,0.26046365,0.25260952,0.2478256,0.23843229,0.22817051,0.21924946,0.21293993,0.2075772,0.20351425,0.1974008,0.18925147,0.18026103,0.17602059,0.17016436,0.16581926,0.15829788,0.15144737
85_real,-0.6608889,,,,,,,,,,,,,,,,,,,,,,,,,,,,,,,,,,,,,,,,,,,,,,,,,,,,,,,,-0.839329,,,,,,,,,,,,,
85_gen,-0.66088885,-0.66914475,-0.67444575,-0.68138516,-0.6890881,-0.6943032,-0.6970957,-0.7038661,-0.70686185,-0.7149826,-0.72005713,-0.72519654,-0.73047787,-0.7360653,-0.7429956,-0.7508459,-0.7564333,-0.7613122,-0.7674457,-0.77157646,-0.776479,-0.7820879,-0.78867257,-0.7928102,-0.7970975,-0.80216485,-0.80871123,-0.8148489,-0.81873477,-0.8225962,-0.8266907,-0.82927865,-0.83512795,-0.83874416,-0.84206027,-0.8476469,-0.8514675,-0.85697776,-0.86309373,-0.8680887,-0.87209827,-0.8764788,-0.8829892,-0.8894909,-0.89328957,-0.8968809,-0.90192413,-0.9072086,-0.91187716,-0.91917485,-0.9238777,-0.92867506,-0.9328807,-0.9396065,-0.9434692,-0.94968927,-0.95289886,-0.95698106,-0.9613201,-0.96687424,-0.97311145,-0.9807085,-0.9845894,-0.99143183,-0.9943534,-0.99836683,-1.0046843,-1.0108807,-1.0158359,-1.0206925
86_real,-0.7905618,,,,,,,,,,,,,,,,,,,,,,,,,,,,,,,,,,,,,,,,,,,,,,,,,,,,,,,,-0.7905618,,,,,,,,,,,,,
86_gen,-0.79056174,-0.7983538,-0.8065909,-0.81156003,-0.8176645,-0.823503,-0.83231527,-0.83609027,-0.84500045,-0.85054195,-0.8576668,-0.8625256,-0.8695863,-0.8753363,-0.880727,-0.8848591,-0.8899783,-0.8946185,-0.89766264,-0.9035451,-0.9103047,-0.9140895,-0.91653,-0.92302704,-0.9269317,-0.9298832,-0.9327229,-0.9352037,-0.94341344,-0.9473144,-0.95190704,-0.9581555,-0.961768,-0.96777,-0.97381735,-0.9803724,-0.98523223,-0.99027616,-0.9956199,-1.0009549,-1.0063938,-1.0127064,-1.0159085,-1.021216,-1.0275303,-1.0352719,-1.0388706,-1.0433259,-1.0474023,-1.0538415,-1.0588554,-1.0612528,-1.0706176,-1.0761971,-1.0812601,-1.0854112,-1.0899084,-1.0927093,-1.0981979,-1.1039764,-1.1063199,-1.1134611,-1.1191008,-1.1239545,-1.130799,-1.1358289,-1.1438996,-1.1484501,-1.1533704,-1.1634668
87_real,0.122688174,,,,,,,,,,,,,,,,,,,,,,,,,,,,,,,,,,,,,,,,,,,,,,,,,,,,,,,,0.19703689,,,,,,,,,,,,,
87_gen,0.122688174,0.11525943,0.10978073,0.10793804,0.10734215,0.10245144,0.09387259,0.0911123,0.08797051,0.08109848,0.0764942,0.07344043,0.071343556,0.069737814,0.06953548,0.067676455,0.06662464,0.061905175,0.062092137,0.060189895,0.056893162,0.05879467,0.057411086,0.057138443,0.054353036,0.04974774,0.049345724,0.047497097,0.045116667,0.040836506,0.037336428,0.034690477,0.03106727,0.027025599,0.025095964,0.02382643,0.020925032,0.017561268,0.014165732,0.013555746,0.006953436,0.0037524228,0.0013724815,-0.002924744,-0.004333386,-0.008895805,-0.011989122,-0.015051836,-0.015577552,-0.015536013,-0.014940535,-0.018130952,-0.018549683,-0.022841481,-0.0262633,-0.031985633,-0.0316978,-0.033706877,-0.034455135,-0.03387898,-0.039192107,-0.042060293,-0.041244395,-0.046498768,-0.048096485,-0.048875008,-0.054223575,-0.055606954,-0.05762034,-0.06150788
88_real,-0.46928155,,,,,,,,,,,,,,,,,,,,,,,,,,,,,,,,,,,,,,,,,,,,,,,,,,,,,,,,-0.42168504,,,,,,,,,,,,,
88_gen,-0.4692816,-0.47108746,-0.47704715,-0.48305297,-0.48835486,-0.49364877,-0.49774203,-0.5004202,-0.50820225,-0.5130226,-0.5164681,-0.52020943,-0.5213528,-0.5232308,-0.52330077,-0.52584875,-0.52540296,-0.5318647,-0.5370224,-0.5380116,-0.5382889,-0.5426962,-0.54557836,-0.54753095,-0.55005723,-0.549883,-0.5547508,-0.55928814,-0.5591886,-0.5618356,-0.5667034,-0.56834716,-0.56827724,-0.575676,-0.5802635,-0.57792985,-0.58029175,-0.5826415,-0.58114517,-0.5835417,-0.5857143,-0.5901853,-0.5908905,-0.59444284,-0.59891325,-0.599794,-0.60076725,-0.6058928,-0.6038397,-0.6073664,-0.6103926,-0.6124445,-0.61569905,-0.61984885,-0.62157923,-0.6252645,-0.6285716,-0.63005203,-0.6322873,-0.63441217,-0.63922393,-0.64113957,-0.64430904,-0.64662313,-0.6487409,-0.65142345,-0.6593938,-0.66485703,-0.6652035,-0.66679245
89_real,-0.11205042,,,,,,,,,,,,,,,,,,,,,,,,,,,,,,,,,,,,,,,,,,,,,,,,,,,,,,,,-0.50443006,,,,,,,,,,,,,
89_gen,-0.11205043,-0.11403004,-0.11876531,-0.121244386,-0.12529734,-0.13020733,-0.13321404,-0.13939944,-0.14636834,-0.15419167,-0.15761957,-0.16259247,-0.16597107,-0.17038071,-0.17404298,-0.17949231,-0.1812366,-0.18471406,-0.19238628,-0.19491954,-0.1997455,-0.20265155,-0.20540658,-0.20937774,-0.2101587,-0.2135377,-0.21919517,-0.22053024,-0.22343513,-0.22601096,-0.22880132,-0.23426664,-0.2368942,-0.23965701,-0.24288845,-0.24299133,-0.24746147,-0.2486268,-0.25189036,-0.2550058,-0.25842512,-0.2599702,-0.2633958,-0.26818374,-0.26985925,-0.27369213,-0.27688158,-0.27898866,-0.27922404,-0.2827124,-0.28412372,-0.2881171,-0.2924699,-0.29571185,-0.2995224,-0.30430403,-0.30885744,-0.31276068,-0.3142848,-0.3143403,-0.31791723,-0.31877327,-0.32342038,-0.32747576,-0.33173624,-0.335688,-0.33942193,-0.3436368,-0.34837717,-0.3524372
90_real,-0.1406391,,,,,,,,,,,,,,,,,,,,,,,,,,,,,,,,,,,,,,,,,,,,,,,,,,,,,,,,0.1734516,,,,,,,,,,,,,
90_gen,-0.14063908,-0.14459264,-0.14981487,-0.15485199,-0.15984593,-0.16483058,-0.16892108,-0.17469753,-0.17817818,-0.18045357,-0.18532105,-0.19050896,-0.19670339,-0.19638503,-0.20014617,-0.20317289,-0.208445,-0.21086064,-0.21410406,-0.22048657,-0.22291903,-0.22422826,-0.2258285,-0.22674695,-0.23014441,-0.23165877,-0.23458755,-0.237322,-0.23923305,-0.24160317,-0.24382877,-0.2448571,-0.24765544,-0.24903944,-0.25009146,-0.25109637,-0.25249988,-0.25325856,-0.25747952,-0.26054707,-0.26421326,-0.26891738,-0.27392292,-0.27585536,-0.27581778,-0.28060752,-0.28455886,-0.2886863,-0.2872053,-0.28933194,-0.29023147,-0.293348,-0.29573476,-0.29805937,-0.3025349,-0.30762917,-0.30917525,-0.3115353,-0.31647387,-0.32084888,-0.32486933,-0.32718372,-0.32767785,-0.33108512,-0.33373356,-0.3363143,-0.33874726,-0.3410022,-0.34718633,-0.35075343
91_real,0.07349381,,,,,,,,,,,,,,,,,,,,,,,,,,,,,,,,,,,,,,,,,,,,,,,,,,,,,,,,0.038068525,,,,,,,,,,,,,
91_gen,0.073493816,0.06867084,0.06506499,0.06055479,0.060225926,0.05637018,0.053748757,0.051251687,0.049644552,0.047632568,0.04548306,0.04426744,0.04023223,0.038296584,0.034394123,0.031252183,0.028936485,0.024768945,0.02270256,0.02047455,0.018455599,0.016233295,0.014380248,0.0128693925,0.01054963,0.006583225,0.004073533,0.0030296633,0.0013124568,-0.00046936463,-0.0031939347,-0.0030291944,-0.0040812287,-0.006690327,-0.009324081,-0.010495238,-0.010697281,-0.01271183,-0.015733447,-0.01762325,-0.021608833,-0.023344006,-0.021656848,-0.020748684,-0.022691986,-0.027255509,-0.030062098,-0.02953941,-0.030541152,-0.03344571,-0.036230955,-0.03931718,-0.04311328,-0.04565151,-0.048594907,-0.053378988,-0.054512907,-0.05872578,-0.05970035,-0.06124258,-0.06533694,-0.06789376,-0.06986285,-0.072900474,-0.07358529,-0.07504243,-0.07588799,-0.07766477,-0.0803363,-0.081849575
92_real,0.2002756,,,,,,,,,,,,,,,,,,,,,,,,,,,,,,,,,,,,,,,,,,,,,,,,,,,,,,,,0.022626294,,,,,,,,,,,,,
92_gen,0.20027563,0.19259071,0.1870867,0.18076691,0.17451993,0.1689147,0.16480729,0.16030446,0.15551415,0.15017273,0.14793888,0.14441799,0.13989301,0.13253607,0.12967166,0.12839542,0.12602477,0.12683745,0.12399621,0.122296706,0.11513293,0.114581525,0.11164305,0.10728953,0.1048132,0.10186845,0.0988709,0.097666845,0.09578777,0.090657726,0.089072086,0.08596929,0.083913006,0.07832758,0.074501604,0.07089907,0.0666603,0.06478898,0.06186816,0.05781157,0.0569746,0.055173308,0.051690757,0.04786456,0.045368623,0.040027417,0.037507672,0.03415435,0.028595183,0.026180256,0.022252155,0.018664012,0.015948316,0.015020673,0.009155142,0.009150384,0.0052736374,0.0027420274,-0.0016631462,-0.0058365758,-0.007037703,-0.00921227,-0.010102013,-0.011066223,-0.014103444,-0.016665518,-0.01794729,-0.022350293,-0.026045438,-0.028395716
93_real,0.23970173,,,,,,,,,,,,,,,,,,,,,,,,,,,,,,,,,,,,,,,,,,,,,,,,,,,,,,,,0.8390222,,,,,,,,,,,,,
93_gen,0.23970172,0.23074178,0.22367509,0.216782,0.2084367,0.20231679,0.19746673,0.19221744,0.18524888,0.1778506,0.17042759,0.16416319,0.1581709,0.15246412,0.1441283,0.13913126,0.13508584,0.1273374,0.12242784,0.118579544,0.112878,0.10758613,0.100695215,0.09236209,0.08450502,0.07854289,0.07270111,0.067630775,0.062039394,0.056274146,0.05031374,0.044863787,0.03876221,0.03044616,0.024955058,0.018726997,0.013803707,0.0047446215,-0.0024960095,-0.0068304474,-0.014407812,-0.022106236,-0.027255785,-0.034059726,-0.039290708,-0.045318242,-0.051314086,-0.057570107,-0.064052135,-0.06898884,-0.07544302,-0.08216907,-0.09131724,-0.09808813,-0.10388856,-0.108635165,-0.11642426,-0.12499927,-0.12865992,-0.13390133,-0.13817395,-0.14662091,-0.15167056,-0.15624475,-0.16194727,-0.16753581,-0.17173193,-0.17930068,-0.18726328,-0.19439182
94_real,0.4215714,,,,,,,,,,,,,,,,,,,,,,,,,,,,,,,,,,,,,,,,,,,,,,,,,,,,,,,,0.012115024,,,,,,,,,,,,,
94_gen,0.42157143,0.41255513,0.4052321,0.39700818,0.3889429,0.3827971,0.37696,0.3708387,0.36209723,0.35820764,0.34993458,0.34446138,0.34246677,0.33535218,0.33187553,0.32741988,0.3221785,0.31675062,0.31211582,0.30523744,0.29907277,0.2925323,0.2875324,0.28128487,0.27399236,0.26988867,0.26482207,0.2564155,0.25238347,0.24516311,0.24168763,0.23655267,0.23119576,0.22426884,0.2182161,0.21344335,0.20763636,0.20170934,0.19506243,0.18960163,0.18123856,0.1743684,0.16814224,0.16350767,0.15669718,0.1506605,0.14276114,0.1366708,0.12878057,0.12453222,0.12080832,0.11561568,0.110201016,0.107139766,0.10700963,0.09830422,0.092450164,0.08704203,0.084011465,0.0762455,0.070199065,0.06424334,0.05782823,0.051912595,0.04709835,0.03874262,0.03313393,0.028725687,0.023857016,0.018783778
95_real,1.8230897,,,,,,,,,,,,,,,,,,,,,,,,,,,,,,,,,,,,,,,,,,,,,,,,,,,,,,,,1.5955666,,,,,,,,,,,,,
95_gen,1.8230898,1.8171012,1.8124704,1.8044469,1.7977384,1.7888539,1.7799927,1.768013,1.7590901,1.7519073,1.7428795,1.7371824,1.726327,1.7177662,1.7039238,1.6951606,1.6812744,1.6728989,1.6614956,1.6532599,1.6457771,1.6313444,1.6216495,1.6115177,1.6076691,1.5982653,1.58715,1.5791124,1.5709242,1.5593656,1.5464733,1.5383489,1.5288645,1.5197971,1.5148208,1.5069274,1.4998161,1.4912138,1.479993,1.4691058,1.4538577,1.4416119,1.4306408,1.41802,1.4053987,1.3924557,1.3841159,1.374093,1.3601503,1.3529269,1.3467543,1.3393195,1.3287247,1.3174846,1.3069628,1.2944393,1.2855593,1.275955,1.2639583,1.2570407,1.2469994,1.237352,1.2265677,1.2115642,1.202582,1.1932921,1.1804769,1.1703746,1.1617146,1.1525447
96_real,0.9153417,,,,,,,,,,,,,,,,,,,,,,,,,,,,,,,,,,,,,,,,,,,,,,,,,,,,,,,,0.59084827,,,,,,,,,,,,,
96_gen,0.9153417,0.904811,0.9011718,0.8893266,0.8832282,0.8717777,0.8636233,0.8587918,0.8557633,0.84625643,0.83418864,0.82639134,0.825194,0.8185053,0.81293285,0.8067404,0.7964838,0.7898126,0.7817672,0.77570933,0.7649631,0.75236475,0.74551505,0.73736864,0.72868276,0.72160375,0.71770805,0.71165055,0.7068948,0.70169556,0.6947414,0.683766,0.680209,0.6725833,0.6628326,0.6564817,0.65114653,0.6448692,0.6381408,0.629434,0.6278514,0.62053967,0.6139694,0.60618466,0.59807575,0.5914506,0.58469415,0.5757364,0.5710677,0.5633057,0.5508469,0.5377103,0.53018767,0.5261156,0.51772743,0.50920296,0.49965915,0.49743897,0.49328437,0.4904674,0.48259133,0.4766012,0.47538796,0.4694964,0.4647978,0.45535892,0.4433968,0.43602467,0.4294742,0.41968504
97_real,-0.94966096,,,,,,,,,,,,,,,,,,,,,,,,,,,,,,,,,,,,,,,,,,,,,,,,,,,,,,,,-1.0608853,,,,,,,,,,,,,
97_gen,-0.94966096,-0.9532267,-0.9609109,-0.9625409,-0.963272,-0.9660489,-0.9685756,-0.9740388,-0.9785879,-0.9816166,-0.98483384,-0.984564,-0.9875642,-0.9913758,-0.9923476,-0.9962498,-0.9955964,-0.99797666,-1.0001373,-1.0060604,-1.011234,-1.0148436,-1.0213218,-1.0246881,-1.0261691,-1.0271091,-1.0306005,-1.031874,-1.0335376,-1.037355,-1.039494,-1.0429089,-1.0459378,-1.0484024,-1.0504868,-1.0510567,-1.0540583,-1.0580262,-1.065737,-1.0686052,-1.0711079,-1.0728923,-1.0773393,-1.0800476,-1.083159,-1.0838435,-1.0842463,-1.0881239,-1.090172,-1.0943823,-1.0982302,-1.1005865,-1.1066576,-1.1094879,-1.1091818,-1.1126308,-1.1105787,-1.1130513,-1.1155509,-1.1179796,-1.1219568,-1.1246691,-1.1286678,-1.1318773,-1.1352957,-1.138679,-1.1445994,-1.149021,-1.1523578,-1.1565386
98_real,-1.4066395,,,,,,,,,,,,,,,,,,,,,,,,,,,,,,,,,,,,,,,,,,,,,,,,,,,,,,,,-1.340979,,,,,,,,,,,,,
98_gen,-1.4066393,-1.4107616,-1.4147221,-1.418063,-1.4233329,-1.4296588,-1.4312979,-1.4341263,-1.4367262,-1.442422,-1.4499094,-1.4553497,-1.4585574,-1.4622579,-1.4650874,-1.4679505,-1.4729822,-1.4762689,-1.4785485,-1.4841144,-1.4884065,-1.494585,-1.5029265,-1.507079,-1.5119104,-1.515707,-1.5159242,-1.5184295,-1.524545,-1.523604,-1.5275251,-1.5318124,-1.5339888,-1.5386951,-1.5395349,-1.5444963,-1.5456178,-1.5501289,-1.5519379,-1.5567677,-1.5599704,-1.5626678,-1.566519,-1.5690997,-1.5755675,-1.5776243,-1.5809693,-1.5831419,-1.5846318,-1.589209,-1.5915828,-1.5961372,-1.6008489,-1.6036485,-1.6039753,-1.607282,-1.6078058,-1.612525,-1.6125803,-1.6157017,-1.6209806,-1.6227179,-1.6251408,-1.6281275,-1.6323189,-1.6347746,-1.6383724,-1.6412468,-1.6451495,-1.649285
99_real,1.2547146,,,,,,,,,,,,,,,,,,,,,,,,,,,,,,,,,,,,,,,,,,,,,,,,,,,,,,,,1.2838243,,,,,,,,,,,,,
99_gen,1.2547147,1.2525151,1.2513288,1.2498964,1.2455261,1.2482085,1.2455398,1.240354,1.2407503,1.2378912,1.2369251,1.2330425,1.2285404,1.2264001,1.2250662,1.2210952,1.2165648,1.2145745,1.2100224,1.2055686,1.2068279,1.2057685,1.2053205,1.2010584,1.1978163,1.1952995,1.1918412,1.1878926,1.1848043,1.179652,1.1755677,1.1733484,1.1688106,1.1661166,1.1672909,1.1634041,1.1588976,1.1563257,1.1546965,1.1506312,1.1447985,1.1408447,1.1385233,1.1349056,1.1346431,1.1334666,1.1323917,1.132107,1.1266748,1.1248336,1.1194956,1.1159317,1.1109198,1.1075989,1.1029675,1.101886,1.0972717,1.0950701,1.0884546,1.0865258,1.082672,1.0773766,1.0726025,1.0695751,1.0627806,1.0597259,1.0572131,1.0535393,1.0518456,1.0487168
100_real,0.845919,,,,,,,,,,,,,,,,,,,,,,,,,,,,,,,,,,,,,,,,,,,,,,,,,,,,,,,,0.7531763,,,,,,,,,,,,,
100_gen,0.845919,0.8422667,0.8395535,0.8351412,0.8286726,0.82403266,0.8199817,0.8172113,0.81270087,0.80834496,0.8062774,0.8002342,0.7959681,0.7945926,0.7909931,0.7843527,0.7805289,0.776453,0.77260953,0.76618516,0.7617315,0.75917137,0.75745416,0.75322276,0.75229734,0.7492438,0.7482785,0.7441134,0.7434596,0.7429644,0.7408648,0.73799574,0.7389956,0.7369491,0.7309377,0.728107,0.72562927,0.72367644,0.7203031,0.71741354,0.71364105,0.7094652,0.70555735,0.7038267,0.6989137,0.69753623,0.6967882,0.692568,0.6891742,0.68810046,0.6865067,0.6787326,0.6753728,0.67078996,0.6669901,0.66233444,0.6605969,0.6574353,0.6528611,0.6484531,0.64728594,0.6427554,0.6364621,0.6278902,0.62491333,0.6204581,0.6154866,0.61167616,0.6075037,0.6037348
101_real,0.55283165,,,,,,,,,,,,,,,,,,,,,,,,,,,,,,,,,,,,,,,,,,,,,,,,,,,,,,,,0.5804272,,,,,,,,,,,,,
101_gen,0.55283165,0.54541934,0.538264,0.5332578,0.5291922,0.52217066,0.5196614,0.5178793,0.512985,0.50766534,0.5025381,0.49492234,0.48917943,0.48650837,0.4817759,0.47502106,0.46842432,0.46474877,0.45974654,0.45567027,0.45077372,0.44273862,0.43855268,0.43243736,0.427944,0.42187104,0.41558164,0.41174307,0.40597525,0.3995382,0.39449054,0.39250368,0.38651586,0.38391396,0.38008553,0.37486187,0.3713389,0.36637068,0.36075336,0.3556433,0.35064566,0.34332725,0.337658,0.3313663,0.32728627,0.32536915,0.3220578,0.31791633,0.31234837,0.30835196,0.30551097,0.30328578,0.2999753,0.29407576,0.29384726,0.2895717,0.28781077,0.28527346,0.28149766,0.27630872,0.27336138,0.27100766,0.2672177,0.2631744,0.2600386,0.25968698,0.255899,0.2561627,0.25128788,0.2471159
102_real,0.41831616,,,,,,,,,,,,,,,,,,,,,,,,,,,,,,,,,,,,,,,,,,,,,,,,,,,,,,,,0.3714546,,,,,,,,,,,,,
102_gen,0.4183162,0.40573445,0.39906764,0.39054114,0.38407296,0.37644345,0.37121084,0.362549,0.35628495,0.35169703,0.34615275,0.33785233,0.33171636,0.3253266,0.3174161,0.3104851,0.30720767,0.30120632,0.29555494,0.28906813,0.28194833,0.27738407,0.2738282,0.26735252,0.262134,0.2553342,0.25061294,0.24382488,0.23833683,0.23118901,0.22578879,0.22040276,0.21736486,0.21468195,0.21284866,0.20795779,0.20640226,0.20191637,0.19904876,0.19580789,0.18959378,0.18061592,0.17470424,0.16905513,0.16180015,0.15699837,0.15090401,0.14604972,0.14113942,0.1347886,0.12677808,0.121720955,0.11913429,0.110959746,0.10803419,0.102688715,0.097485006,0.089643456,0.08295375,0.08019489,0.07547412,0.068058036,0.05985697,0.054489918,0.050447695,0.048144404,0.041246526,0.037513264,0.033410143,0.029216308
103_real,-0.7995441,,,,,,,,,,,,,,,,,,,,,,,,,,,,,,,,,,,,,,,,,,,,,,,,,,,,,,,,-0.8471761,,,,,,,,,,,,,
103_gen,-0.79954416,-0.80327284,-0.8078186,-0.81671846,-0.8208272,-0.8255059,-0.83274347,-0.8363199,-0.8414005,-0.8482944,-0.8530857,-0.8558774,-0.8604866,-0.8656534,-0.8730768,-0.87783945,-0.8822552,-0.8870972,-0.89019376,-0.8955304,-0.90069056,-0.9075097,-0.9105552,-0.91338015,-0.91626805,-0.92054397,-0.92715025,-0.93036,-0.9361927,-0.94380045,-0.946317,-0.9528707,-0.95581025,-0.9606021,-0.96795577,-0.9760914,-0.9835003,-0.99274254,-0.99679804,-1.0013331,-1.0039147,-1.0047473,-1.0119402,-1.0154035,-1.0210408,-1.0263155,-1.0335355,-1.0365556,-1.0447524,-1.0531723,-1.0576079,-1.0634527,-1.0636818,-1.0685616,-1.0747693,-1.0830734,-1.0908173,-1.0958388,-1.1009495,-1.1042011,-1.1064942,-1.1093681,-1.1141481,-1.1215203,-1.1294767,-1.1346576,-1.140726,-1.1467161,-1.1541629,-1.1590893
104_real,-0.21699913,,,,,,,,,,,,,,,,,,,,,,,,,,,,,,,,,,,,,,,,,,,,,,,,,,,,,,,,-0.49607006,,,,,,,,,,,,,
104_gen,-0.21699914,-0.22518751,-0.23266757,-0.2373656,-0.23942216,-0.24252129,-0.24772827,-0.25385672,-0.26010433,-0.26691827,-0.272646,-0.27646294,-0.27818996,-0.2818059,-0.28723258,-0.29074818,-0.29334432,-0.29827347,-0.3018606,-0.30398312,-0.30882305,-0.31089923,-0.31252176,-0.31609657,-0.3193039,-0.3256171,-0.3309627,-0.3340199,-0.33999735,-0.3439693,-0.34634256,-0.35279697,-0.35597086,-0.35796353,-0.3648371,-0.3679468,-0.3692767,-0.37117642,-0.37388054,-0.373573,-0.37260818,-0.3768265,-0.38211346,-0.3837543,-0.38706023,-0.39183578,-0.3925244,-0.3975799,-0.4007452,-0.40132958,-0.40557995,-0.41006693,-0.41537637,-0.41803932,-0.42009002,-0.42503986,-0.4273451,-0.43071574,-0.43541902,-0.44037884,-0.44143963,-0.4477759,-0.4525012,-0.45462427,-0.45721006,-0.45858407,-0.46294388,-0.46540394,-0.46844888,-0.47086287
105_real,0.0451238,,,,,,,,,,,,,,,,,,,,,,,,,,,,,,,,,,,,,,,,,,,,,,,,,,,,,,,,-0.24774584,,,,,,,,,,,,,
105_gen,0.045123804,0.039065056,0.03454577,0.02707225,0.02199034,0.01933767,0.013315588,0.0075285933,0.0004953062,-0.004954521,-0.009981832,-0.014941913,-0.022014711,-0.027566325,-0.032213736,-0.037980262,-0.044077866,-0.049133144,-0.053718694,-0.0587887,-0.06161801,-0.066358946,-0.06848182,-0.07312391,-0.077379726,-0.08194465,-0.08635179,-0.090280846,-0.0958201,-0.10069567,-0.10564081,-0.11105032,-0.116871536,-0.12210099,-0.12905385,-0.132004,-0.13778165,-0.14031968,-0.14640479,-0.15224932,-0.157052,-0.16188471,-0.16644023,-0.17134398,-0.17588085,-0.18291436,-0.18814936,-0.19246618,-0.19789825,-0.20078023,-0.20377293,-0.21033187,-0.21464619,-0.2189953,-0.22403578,-0.22971109,-0.23351395,-0.23980613,-0.24344918,-0.24646337,-0.25311252,-0.25842616,-0.26434523,-0.26936013,-0.2746369,-0.27940962,-0.2851543,-0.29164305,-0.29464996,-0.2992341
106_real,-0.6759805,,,,,,,,,,,,,,,,,,,,,,,,,,,,,,,,,,,,,,,,,,,,,,,,,,,,,,,,-0.78069395,,,,,,,,,,,,,
106_gen,-0.6759805,-0.68273634,-0.68644977,-0.6899103,-0.695402,-0.7007731,-0.70417124,-0.7094837,-0.715112,-0.7169953,-0.7203874,-0.7242022,-0.72691524,-0.7308087,-0.7359024,-0.7366843,-0.740814,-0.7440354,-0.74712,-0.7514876,-0.753961,-0.7550641,-0.75813395,-0.7616166,-0.7650918,-0.76731294,-0.7706372,-0.77263844,-0.7758194,-0.77573115,-0.7808417,-0.78482807,-0.78757674,-0.7913283,-0.7943907,-0.798545,-0.80194694,-0.8059457,-0.8105996,-0.81212676,-0.8143662,-0.81804085,-0.81924784,-0.82090616,-0.8239986,-0.82854736,-0.8337105,-0.83567715,-0.8381408,-0.8413045,-0.84309924,-0.84667414,-0.85116327,-0.8551424,-0.8566551,-0.858425,-0.86426985,-0.8701267,-0.8743283,-0.8766319,-0.88084996,-0.8847941,-0.89093363,-0.89401996,-0.897947,-0.9022163,-0.9046912,-0.9105973,-0.91486853,-0.91770375
107_real,-0.8145693,,,,,,,,,,,,,,,,,,,,,,,,,,,,,,,,,,,,,,,,,,,,,,,,,,,,,,,,-0.80902416,,,,,,,,,,,,,
107_gen,-0.81456935,-0.8222148,-0.8310006,-0.837196,-0.8442837,-0.8513408,-0.85640943,-0.863224,-0.8679868,-0.86996686,-0.87629586,-0.8822799,-0.8901714,-0.898756,-0.90713274,-0.91461277,-0.9193907,-0.92750484,-0.934118,-0.9400753,-0.94356775,-0.94910926,-0.9534186,-0.95759183,-0.9645437,-0.96819293,-0.9756417,-0.9807005,-0.98604774,-0.98925745,-0.9937889,-1.0013102,-1.0072129,-1.0130874,-1.0209898,-1.0264889,-1.0313306,-1.0367082,-1.0431433,-1.0494857,-1.0566491,-1.0615448,-1.0670807,-1.0707686,-1.0774294,-1.0835552,-1.0897138,-1.0981505,-1.1069688,-1.1153666,-1.1223669,-1.1275058,-1.1323742,-1.1381767,-1.1442803,-1.1508243,-1.1570637,-1.1609533,-1.1674488,-1.1727726,-1.17855,-1.1851615,-1.1909512,-1.1973681,-1.2028108,-1.2083094,-1.2132168,-1.2192031,-1.2271347,-1.235493
108_real,-1.449654,,,,,,,,,,,,,,,,,,,,,,,,,,,,,,,,,,,,,,,,,,,,,,,,,,,,,,,,-1.4433984,,,,,,,,,,,,,
108_gen,-1.4496539,-1.4574873,-1.4598734,-1.4655892,-1.4725356,-1.4789274,-1.4861075,-1.4917052,-1.4992381,-1.5077488,-1.5157938,-1.5229937,-1.530253,-1.534315,-1.5392616,-1.5444868,-1.5481272,-1.5546702,-1.5620859,-1.5673034,-1.5705038,-1.5753915,-1.5793798,-1.5834128,-1.589926,-1.5941359,-1.59847,-1.604855,-1.6089714,-1.6124958,-1.6193825,-1.6257293,-1.63171,-1.6371193,-1.6430353,-1.6486804,-1.6531754,-1.6581554,-1.6627858,-1.6684256,-1.6742846,-1.67836,-1.6852129,-1.6910276,-1.6960695,-1.7019678,-1.7085361,-1.712726,-1.7181991,-1.7239904,-1.7299707,-1.7333885,-1.7398965,-1.7443632,-1.7490301,-1.7561022,-1.7630527,-1.767704,-1.774004,-1.7790346,-1.7820297,-1.7872757,-1.7919409,-1.7969716,-1.8020284,-1.8049234,-1.8083214,-1.8136694,-1.8189207,-1.8233299
109_real,-0.07414823,,,,,,,,,,,,,,,,,,,,,,,,,,,,,,,,,,,,,,,,,,,,,,,,,,,,,,,,0.0026467557,,,,,,,,,,,,,
109_gen,-0.07414823,-0.08419741,-0.09381029,-0.10299313,-0.109713174,-0.119905606,-0.1265816,-0.13451049,-0.14515494,-0.15234427,-0.16260882,-0.16893338,-0.17690542,-0.18362822,-0.19296095,-0.20277293,-0.20755179,-0.21603146,-0.22365394,-0.23038633,-0.23627992,-0.24193256,-0.24905355,-0.25813654,-0.26620564,-0.27641076,-0.28202552,-0.29258877,-0.30148804,-0.3073344,-0.3144788,-0.3209205,-0.32800442,-0.33694375,-0.34608883,-0.3566373,-0.36598343,-0.37350327,-0.38046348,-0.3890614,-0.39683786,-0.40712795,-0.41813865,-0.42715392,-0.4355986,-0.4436527,-0.44969326,-0.4590116,-0.46486306,-0.47505134,-0.48097658,-0.4885254,-0.49682894,-0.5065762,-0.51418746,-0.52329993,-0.53263164,-0.5410078,-0.54827166,-0.55627525,-0.5643188,-0.5674027,-0.57435536,-0.5815171,-0.58882964,-0.5928217,-0.6027854,-0.6107314,-0.6201923,-0.62688637
110_real,-0.27883676,,,,,,,,,,,,,,,,,,,,,,,,,,,,,,,,,,,,,,,,,,,,,,,,,,,,,,,,-0.1721823,,,,,,,,,,,,,
110_gen,-0.27883676,-0.28139758,-0.29064703,-0.29631633,-0.3043599,-0.3091544,-0.31576753,-0.32324654,-0.3279874,-0.33464438,-0.33752465,-0.34218138,-0.34764272,-0.35080662,-0.35211146,-0.35685125,-0.36235324,-0.36829212,-0.37303725,-0.3748339,-0.37935525,-0.385585,-0.39055812,-0.39754677,-0.40264827,-0.40959603,-0.413728,-0.4193595,-0.42432842,-0.4252549,-0.43100685,-0.43859535,-0.44303593,-0.44736728,-0.45467168,-0.4614624,-0.46479887,-0.47266206,-0.47867832,-0.48595303,-0.48886395,-0.49212432,-0.49769267,-0.50069314,-0.5064114,-0.511577,-0.5146502,-0.5209289,-0.52752936,-0.5383798,-0.5414808,-0.54462785,-0.5523291,-0.55803496,-0.56336,-0.5645098,-0.56992114,-0.57999766,-0.5893189,-0.59607136,-0.6030431,-0.6102196,-0.61660564,-0.6200112,-0.62245417,-0.62769014,-0.6311527,-0.6387969,-0.64549714,-0.65219164
111_real,0.4058714,,,,,,,,,,,,,,,,,,,,,,,,,,,,,,,,,,,,,,,,,,,,,,,,,,,,,,,,0.433439,,,,,,,,,,,,,
111_gen,0.4058714,0.39377922,0.38251346,0.37209597,0.36354187,0.3542954,0.3470905,0.34127253,0.3349471,0.3252701,0.316732,0.30646145,0.30020404,0.29179654,0.28338948,0.280407,0.27467245,0.26716933,0.25911492,0.25218695,0.2454906,0.23542967,0.2276862,0.21928501,0.21061707,0.20393912,0.19756268,0.18876025,0.17974588,0.17200449,0.16392997,0.15424655,0.14697623,0.13880694,0.12764457,0.1193279,0.112716295,0.10533653,0.09815923,0.09027474,0.07840969,0.07570846,0.0671836,0.059260137,0.049935084,0.04328254,0.0368162,0.03240577,0.025318105,0.019678574,0.012733882,0.0029510015,-0.0034680334,-0.010893958,-0.019392325,-0.024709655,-0.031853832,-0.039598897,-0.047024164,-0.05477748,-0.05933385,-0.063564375,-0.0718451,-0.07690017,-0.083826676,-0.08980018,-0.09682734,-0.104779564,-0.11633249,-0.12389465
112_real,0.62720025,,,,,,,,,,,,,,,,,,,,,,,,,,,,,,,,,,,,,,,,,,,,,,,,,,,,,,,,0.52176565,,,,,,,,,,,,,
112_gen,0.6272002,0.61823434,0.60587484,0.5981371,0.58931243,0.57903016,0.56983054,0.5624877,0.55731994,0.55083954,0.5442816,0.53906894,0.53005135,0.52071655,0.5102185,0.50021046,0.49223915,0.48452497,0.47564656,0.4707713,0.46231645,0.4532067,0.4409977,0.4340478,0.4219734,0.4123764,0.40585336,0.39875665,0.38973394,0.3813185,0.37110636,0.3618947,0.35117337,0.34155375,0.33533317,0.32741636,0.3173296,0.30813864,0.29933497,0.2952541,0.28622594,0.27888522,0.27056506,0.2664547,0.25790948,0.24851318,0.24241988,0.2332696,0.23048194,0.22486535,0.22026272,0.21165887,0.20299616,0.19061549,0.18195125,0.1731449,0.16869633,0.16204306,0.15092802,0.14034364,0.13206236,0.12580582,0.11781011,0.10826311,0.09876245,0.092220075,0.08367731,0.072402894,0.05960123,0.051753838
113_real,-0.5916681,,,,,,,,,,,,,,,,,,,,,,,,,,,,,,,,,,,,,,,,,,,,,,,,,,,,,,,,-0.5489541,,,,,,,,,,,,,
113_gen,-0.5916681,-0.59682816,-0.60001475,-0.604998,-0.60429543,-0.61145824,-0.6166654,-0.620401,-0.6213438,-0.62661785,-0.6304286,-0.63525563,-0.63488865,-0.6381544,-0.6415013,-0.6440991,-0.64558417,-0.6515852,-0.6546954,-0.65507144,-0.6592844,-0.663781,-0.66793025,-0.67140496,-0.6745437,-0.676931,-0.6810954,-0.6856383,-0.687668,-0.69310975,-0.6966548,-0.7047073,-0.70948446,-0.70977956,-0.71573293,-0.7198335,-0.7263607,-0.7303318,-0.73314446,-0.7348412,-0.7418189,-0.7436999,-0.7506007,-0.7524947,-0.758406,-0.7640999,-0.7658087,-0.76802266,-0.77138746,-0.778682,-0.7816399,-0.7855132,-0.78678507,-0.7920558,-0.79642934,-0.8017537,-0.8071458,-0.81055623,-0.8170086,-0.81824845,-0.8215556,-0.82698745,-0.8329387,-0.8361144,-0.8411749,-0.84593475,-0.85089874,-0.854129,-0.8569864,-0.8595287
114_real,-0.7823048,,,,,,,,,,,,,,,,,,,,,,,,,,,,,,,,,,,,,,,,,,,,,,,,,,,,,,,,-0.7949328,,,,,,,,,,,,,
114_gen,-0.7823048,-0.7883027,-0.79630995,-0.80449295,-0.81128216,-0.8221277,-0.83098954,-0.8415886,-0.84923565,-0.8544561,-0.85980463,-0.86777514,-0.8794929,-0.8879002,-0.89365816,-0.90382403,-0.9112817,-0.9165484,-0.92354125,-0.9278725,-0.9344147,-0.9423504,-0.94782037,-0.95040953,-0.9554617,-0.9605964,-0.96801823,-0.9718667,-0.9798875,-0.9835001,-0.99298364,-0.9960597,-1.0020869,-1.0082791,-1.01317,-1.0151389,-1.0187701,-1.0226791,-1.0308039,-1.0370133,-1.0391201,-1.0459445,-1.05273,-1.0601816,-1.0676289,-1.0725224,-1.081087,-1.0899231,-1.0967286,-1.1035179,-1.1075995,-1.1130035,-1.1180041,-1.1194966,-1.1253848,-1.1302493,-1.1369312,-1.1433022,-1.1506596,-1.1563352,-1.1609584,-1.1634456,-1.1709869,-1.1816404,-1.1853911,-1.1904552,-1.1982244,-1.2015382,-1.2081559,-1.2165892
115_real,-1.3913691,,,,,,,,,,,,,,,,,,,,,,,,,,,,,,,,,,,,,,,,,,,,,,,,,,,,,,,,-1.4064387,,,,,,,,,,,,,
115_gen,-1.391369,-1.3953547,-1.4011503,-1.4040401,-1.4084928,-1.4138187,-1.4210025,-1.4233572,-1.4251707,-1.42605,-1.425857,-1.432876,-1.4351146,-1.4397968,-1.4390385,-1.4424136,-1.4434721,-1.4451125,-1.4458343,-1.4453722,-1.4495027,-1.452428,-1.4570656,-1.4611833,-1.459347,-1.463685,-1.4664896,-1.4677645,-1.4725844,-1.47938,-1.482716,-1.4831483,-1.4850348,-1.4842204,-1.4865226,-1.4880353,-1.488347,-1.4900554,-1.4919865,-1.4965775,-1.4947858,-1.4974258,-1.4995013,-1.4978216,-1.4975857,-1.4965317,-1.4962904,-1.5010337,-1.5048392,-1.5095114,-1.510725,-1.5112062,-1.5166525,-1.5220169,-1.5261371,-1.5270574,-1.528333,-1.5306822,-1.5359598,-1.5373765,-1.5437311,-1.5444508,-1.5487896,-1.5542622,-1.5561063,-1.5577631,-1.5603454,-1.5633203,-1.5644429,-1.5669063
116_real,-1.3990172,,,,,,,,,,,,,,,,,,,,,,,,,,,,,,,,,,,,,,,,,,,,,,,,,,,,,,,,-1.4114262,,,,,,,,,,,,,
116_gen,-1.3990172,-1.4068588,-1.4051311,-1.4094245,-1.4195063,-1.4283044,-1.4365786,-1.449086,-1.461354,-1.4664283,-1.4756871,-1.4804119,-1.4868343,-1.4838136,-1.4906552,-1.4955593,-1.4984758,-1.5031857,-1.5127872,-1.523574,-1.5380665,-1.5439359,-1.548286,-1.5525194,-1.5591463,-1.565777,-1.5718089,-1.5812562,-1.584978,-1.590553,-1.5980864,-1.5991198,-1.6040013,-1.610101,-1.6176237,-1.6244667,-1.6288589,-1.6372381,-1.6431344,-1.6514934,-1.6602141,-1.670085,-1.6764371,-1.681834,-1.6891425,-1.6941084,-1.699095,-1.7051598,-1.7093321,-1.7116677,-1.7204487,-1.7263288,-1.7266369,-1.7309716,-1.7363201,-1.7383286,-1.7459568,-1.7501262,-1.7568232,-1.7609818,-1.7665972,-1.7714844,-1.7720083,-1.7786337,-1.7824911,-1.7890928,-1.7973932,-1.8024851,-1.8047546,-1.8038212
117_real,0.18003556,,,,,,,,,,,,,,,,,,,,,,,,,,,,,,,,,,,,,,,,,,,,,,,,,,,,,,,,-0.20928814,,,,,,,,,,,,,
117_gen,0.18003558,0.17617515,0.17114925,0.16723482,0.16276607,0.15930761,0.15558828,0.15346283,0.14635687,0.14222464,0.13932563,0.13548304,0.13508162,0.1321061,0.12636805,0.12240789,0.1200103,0.11512872,0.1110193,0.1082641,0.103896454,0.099493295,0.09536377,0.09162694,0.08897765,0.08483044,0.083320364,0.08152455,0.07568015,0.071952716,0.069879316,0.067369126,0.06332044,0.06014965,0.056809444,0.054195076,0.05013656,0.046326898,0.042133264,0.037204526,0.03332581,0.029496143,0.028252453,0.025370264,0.022761326,0.021943573,0.017769534,0.013834516,0.010480164,0.0031944271,-3.6443584e-05,-0.00733224,-0.011889742,-0.01661216,-0.020701937,-0.024286697,-0.026607513,-0.029393142,-0.033616267,-0.03809956,-0.03800683,-0.044209324,-0.0475292,-0.049984466,-0.055413194,-0.058767647,-0.06167593,-0.06557996,-0.066936664,-0.069629595
118_real,-0.05835937,,,,,,,,,,,,,,,,,,,,,,,,,,,,,,,,,,,,,,,,,,,,,,,,,,,,,,,,-0.26826134,,,,,,,,,,,,,
118_gen,-0.058359377,-0.06378536,-0.06708223,-0.07077645,-0.07451383,-0.07746208,-0.0814029,-0.08409141,-0.08781363,-0.0909517,-0.09333101,-0.09674378,-0.10009102,-0.10570736,-0.10871619,-0.112568334,-0.11366812,-0.11847814,-0.12109582,-0.12465231,-0.12924471,-0.13203081,-0.13628154,-0.13854417,-0.14260677,-0.14692162,-0.15124701,-0.1559281,-0.1610079,-0.16397409,-0.16755565,-0.17135194,-0.17466623,-0.17835793,-0.18201809,-0.18756777,-0.19250567,-0.19497088,-0.2000895,-0.20300588,-0.20683849,-0.20953278,-0.21241975,-0.21755096,-0.22165129,-0.22551616,-0.22822833,-0.22983523,-0.2334855,-0.23796122,-0.2412791,-0.24659166,-0.25018162,-0.25329155,-0.2587182,-0.26246953,-0.26649278,-0.27098563,-0.27641353,-0.27951512,-0.28296655,-0.28787422,-0.2925069,-0.296637,-0.30389684,-0.3087303,-0.31291255,-0.31673872,-0.31984454,-0.3247649
119_real,0.029366137,,,,,,,,,,,,,,,,,,,,,,,,,,,,,,,,,,,,,,,,,,,,,,,,,,,,,,,,-0.25499964,,,,,,,,,,,,,
119_gen,0.02936614,0.018766556,0.0096518975,0.0007309243,-0.005979789,-0.014097455,-0.019749733,-0.028410625,-0.032041334,-0.038262438,-0.042056747,-0.04862269,-0.055095054,-0.063257836,-0.070659004,-0.075690225,-0.07990493,-0.08575528,-0.09240891,-0.09960629,-0.105527245,-0.111018635,-0.11594172,-0.12409005,-0.1351592,-0.13777442,-0.14213441,-0.14864646,-0.15277675,-0.16091728,-0.17073932,-0.17663053,-0.18394949,-0.18965873,-0.193444,-0.20111671,-0.20892382,-0.21222857,-0.22002323,-0.2294124,-0.23634586,-0.24027066,-0.24767831,-0.25326258,-0.26095697,-0.26775196,-0.27318966,-0.27642462,-0.27863437,-0.28310242,-0.28942418,-0.29263887,-0.30004913,-0.30832246,-0.31443644,-0.3206618,-0.32791728,-0.33436024,-0.33920872,-0.34540862,-0.3514695,-0.35285276,-0.35852784,-0.36622486,-0.3713162,-0.37649366,-0.3847391,-0.39179865,-0.39726645,-0.40278235
120_real,-0.17761761,,,,,,,,,,,,,,,,,,,,,,,,,,,,,,,,,,,,,,,,,,,,,,,,,,,,,,,,-0.21922311,,,,,,,,,,,,,
120_gen,-0.1776176,-0.19068143,-0.19971536,-0.21077546,-0.2208875,-0.22993907,-0.24107127,-0.24784414,-0.25882906,-0.2671671,-0.27534837,-0.28508136,-0.29266697,-0.2993598,-0.30505878,-0.3168728,-0.32110733,-0.3313364,-0.33891326,-0.34087473,-0.3466579,-0.3514506,-0.35472855,-0.36393782,-0.3756129,-0.3835923,-0.3937784,-0.40471402,-0.40771565,-0.4153139,-0.42536154,-0.43382806,-0.43805733,-0.43820962,-0.44734216,-0.45190135,-0.4581794,-0.4653318,-0.46911925,-0.47627243,-0.48203954,-0.48858252,-0.50054777,-0.5126505,-0.521496,-0.5296856,-0.5352737,-0.5442955,-0.55130863,-0.5596067,-0.56929,-0.57793486,-0.58360636,-0.59226626,-0.5984526,-0.606176,-0.6145264,-0.6259705,-0.63238215,-0.64017123,-0.64565974,-0.6558678,-0.666937,-0.6744935,-0.6836819,-0.6914438,-0.6999424,-0.7084409,-0.7155436,-0.71977234
121_real,-0.29657018,,,,,,,,,,,,,,,,,,,,,,,,,,,,,,,,,,,,,,,,,,,,,,,,,,,,,,,,-0.33700538,,,,,,,,,,,,,
121_gen,-0.2965702,-0.3057768,-0.31224895,-0.31614932,-0.3253532,-0.327035,-0.33155733,-0.3333642,-0.33879328,-0.3433141,-0.3451975,-0.351113,-0.35379827,-0.35696155,-0.36152393,-0.3625315,-0.36804542,-0.37463775,-0.37883723,-0.38094077,-0.39060077,-0.39370778,-0.39480117,-0.3982054,-0.40379247,-0.4095613,-0.409758,-0.41430935,-0.41650066,-0.42036343,-0.4223805,-0.42862377,-0.43079543,-0.43875924,-0.44354528,-0.44247255,-0.4471573,-0.45043215,-0.45572177,-0.46135807,-0.46284208,-0.46865925,-0.4692017,-0.4722705,-0.4742012,-0.47704178,-0.48240772,-0.48416013,-0.48903766,-0.49275556,-0.49988198,-0.5028167,-0.50779885,-0.5110255,-0.5184943,-0.52257556,-0.52546746,-0.5277964,-0.53110254,-0.5380121,-0.5435418,-0.5499563,-0.5524798,-0.55386037,-0.5560194,-0.5621743,-0.56661916,-0.56978065,-0.572652,-0.572514
122_real,-0.24494937,,,,,,,,,,,,,,,,,,,,,,,,,,,,,,,,,,,,,,,,,,,,,,,,,,,,,,,,-0.21705933,,,,,,,,,,,,,
122_gen,-0.24494937,-0.25617105,-0.2680504,-0.27669454,-0.2875487,-0.29138497,-0.3042605,-0.31296378,-0.3222692,-0.32852045,-0.33823222,-0.3413214,-0.34728402,-0.35416946,-0.35900685,-0.36879763,-0.37212178,-0.38115627,-0.3876101,-0.39592153,-0.40211838,-0.41173524,-0.41902557,-0.42652693,-0.43230686,-0.44037104,-0.4496297,-0.4540697,-0.46349755,-0.46863398,-0.48245057,-0.49010056,-0.49404573,-0.5025472,-0.51384246,-0.52747345,-0.53634,-0.5422071,-0.55147874,-0.55988604,-0.5674662,-0.57586384,-0.58406997,-0.59068793,-0.596047,-0.6005285,-0.60831773,-0.6111395,-0.6195397,-0.63052523,-0.64087534,-0.64528024,-0.65374553,-0.6594028,-0.6668991,-0.6755492,-0.6776136,-0.68201095,-0.6890999,-0.69495595,-0.7016528,-0.7065471,-0.7122898,-0.7194617,-0.7234739,-0.72770536,-0.73685455,-0.74546754,-0.75453246,-0.7614192
123_real,-1.0167845,,,,,,,,,,,,,,,,,,,,,,,,,,,,,,,,,,,,,,,,,,,,,,,,,,,,,,,,-0.74431413,,,,,,,,,,,,,
123_gen,-1.0167845,-1.0225053,-1.0271637,-1.0315585,-1.0379457,-1.0419877,-1.0443873,-1.050192,-1.0573989,-1.0621186,-1.0695636,-1.071805,-1.0734932,-1.0780553,-1.083869,-1.086931,-1.0907062,-1.0960028,-1.099549,-1.1036036,-1.1048805,-1.1087818,-1.1138017,-1.1204876,-1.1221026,-1.126754,-1.1299754,-1.1357452,-1.1421728,-1.1514335,-1.1533601,-1.1578186,-1.1616602,-1.1694716,-1.1741735,-1.1792642,-1.1847234,-1.1925842,-1.199565,-1.2058585,-1.2121412,-1.2198604,-1.2280649,-1.2337835,-1.2405778,-1.2464889,-1.251825,-1.2544899,-1.2585137,-1.2613161,-1.2655663,-1.270912,-1.2778449,-1.2811171,-1.2814385,-1.2832115,-1.2873212,-1.2947005,-1.2979486,-1.3024205,-1.3070607,-1.3165703,-1.3192098,-1.3252547,-1.3296883,-1.3336728,-1.3387426,-1.3448619,-1.3469164,-1.349467
124_real,-0.696549,,,,,,,,,,,,,,,,,,,,,,,,,,,,,,,,,,,,,,,,,,,,,,,,,,,,,,,,-0.739131,,,,,,,,,,,,,
124_gen,-0.696549,-0.7059428,-0.71411836,-0.72553587,-0.731352,-0.742153,-0.7495263,-0.75770944,-0.76497376,-0.76849616,-0.7753418,-0.7842022,-0.7922121,-0.7955669,-0.80415756,-0.8107972,-0.8171196,-0.8238851,-0.8301814,-0.8368556,-0.8422621,-0.8494706,-0.85382146,-0.859674,-0.865184,-0.8706609,-0.8763588,-0.88424426,-0.88874817,-0.8939682,-0.9025648,-0.90845025,-0.91573447,-0.9227656,-0.9284569,-0.9321594,-0.9361235,-0.9397705,-0.94981736,-0.9558546,-0.9612322,-0.9680818,-0.97643554,-0.9837632,-0.9908805,-0.99554336,-1.0016406,-1.0076679,-1.0162166,-1.018022,-1.0216138,-1.0262554,-1.0315123,-1.0365988,-1.0429702,-1.0497527,-1.0546049,-1.0598854,-1.0632403,-1.0713437,-1.0786633,-1.0857856,-1.0891783,-1.0920331,-1.0973179,-1.1044514,-1.1098639,-1.1187346,-1.1281368,-1.1335971
125_real,-1.100946,,,,,,,,,,,,,,,,,,,,,,,,,,,,,,,,,,,,,,,,,,,,,,,,,,,,,,,,-1.1500595,,,,,,,,,,,,,
125_gen,-1.1009461,-1.1034526,-1.1063559,-1.1060708,-1.1066786,-1.1091759,-1.1115901,-1.1145964,-1.1168454,-1.1185255,-1.1221831,-1.1269472,-1.131159,-1.1326194,-1.1346406,-1.1349803,-1.1381463,-1.1395514,-1.1421586,-1.1460475,-1.1467365,-1.147511,-1.1491039,-1.1515901,-1.153301,-1.1534824,-1.1549509,-1.1606535,-1.1620877,-1.1664978,-1.1685102,-1.1707959,-1.17475,-1.1770167,-1.1794938,-1.1845859,-1.1885647,-1.1874284,-1.1883602,-1.1872962,-1.1903138,-1.1925437,-1.1959183,-1.1995018,-1.2018195,-1.2047787,-1.2083727,-1.21088,-1.2121593,-1.212518,-1.2162458,-1.2146218,-1.2195917,-1.2211088,-1.2210042,-1.2248207,-1.2272084,-1.2296937,-1.2334248,-1.2377185,-1.2406003,-1.242518,-1.2428192,-1.2443609,-1.2444422,-1.2459872,-1.24868,-1.2514144,-1.2536104,-1.2535241
126_real,-0.6956145,,,,,,,,,,,,,,,,,,,,,,,,,,,,,,,,,,,,,,,,,,,,,,,,,,,,,,,,-0.52507,,,,,,,,,,,,,
126_gen,-0.69561446,-0.70059407,-0.7067345,-0.71159154,-0.7159395,-0.7210263,-0.723372,-0.7282618,-0.7325532,-0.7355903,-0.73781556,-0.74442863,-0.7464849,-0.7525047,-0.7593714,-0.7639432,-0.7710031,-0.77332294,-0.7773298,-0.7780289,-0.7823552,-0.7859726,-0.7863132,-0.7905826,-0.79613775,-0.79839,-0.8014498,-0.8058585,-0.8114039,-0.8168346,-0.8200184,-0.8241903,-0.8266611,-0.8312216,-0.8374895,-0.844133,-0.8458177,-0.85142344,-0.8520441,-0.85685027,-0.85959053,-0.86362284,-0.8663686,-0.86977625,-0.8728522,-0.87773114,-0.8797207,-0.88343894,-0.88618124,-0.89145803,-0.8955906,-0.9004062,-0.9034724,-0.90738297,-0.9090012,-0.9087842,-0.9099404,-0.9133522,-0.9158387,-0.9177208,-0.9228098,-0.92692363,-0.93366593,-0.93737113,-0.9383408,-0.9408162,-0.9449298,-0.9471566,-0.95454395,-0.9590228
127_real,-1.9863243,,,,,,,,,,,,,,,,,,,,,,,,,,,,,,,,,,,,,,,,,,,,,,,,,,,,,,,,-1.9763508,,,,,,,,,,,,,
127_gen,-1.9863243,-1.9965258,-2.002942,-2.0110254,-2.017918,-2.024356,-2.0302112,-2.0355716,-2.0406108,-2.0479906,-2.0533223,-2.063717,-2.0691895,-2.0752234,-2.0820622,-2.0868492,-2.0908973,-2.0920014,-2.0979524,-2.1037097,-2.1106248,-2.1158147,-2.1210423,-2.1271453,-2.1331463,-2.1370518,-2.1428285,-2.1472135,-2.1540275,-2.1616693,-2.1673667,-2.1715388,-2.1769524,-2.1806135,-2.1838126,-2.1878667,-2.1937048,-2.1971128,-2.2016215,-2.2064633,-2.209515,-2.2137585,-2.2194018,-2.22475,-2.2285933,-2.2334893,-2.2389448,-2.2438998,-2.249689,-2.2540271,-2.2605324,-2.2643926,-2.2680073,-2.271771,-2.2772021,-2.282531,-2.2897983,-2.295379,-2.3004508,-2.3064916,-2.3131442,-2.316893,-2.321342,-2.328108,-2.332175,-2.3408992,-2.3459377,-2.3472931,-2.3537323,-2.3566823
128_real,-0.039920535,,,,,,,,,,,,,,,,,,,,,,,,,,,,,,,,,,,,,,,,,,,,,,,,,,,,,,,,-0.050915677,,,,,,,,,,,,,
128_gen,-0.039920535,-0.04737285,-0.05269683,-0.057808585,-0.06362953,-0.06715905,-0.07222472,-0.07764396,-0.086232096,-0.09124645,-0.09838419,-0.103787765,-0.107970014,-0.11494692,-0.121423505,-0.12577389,-0.12881091,-0.1338951,-0.13957426,-0.14535111,-0.15251507,-0.16044338,-0.16736586,-0.17319432,-0.17766823,-0.18220791,-0.1854954,-0.1926976,-0.1962542,-0.20077202,-0.20636046,-0.21317029,-0.21921816,-0.22586837,-0.23151898,-0.23839958,-0.24193235,-0.24697979,-0.2516093,-0.25587296,-0.26224333,-0.2677941,-0.2715609,-0.2778879,-0.2838982,-0.29015413,-0.2979617,-0.30481735,-0.30873257,-0.3133147,-0.31738585,-0.32488352,-0.3309095,-0.3339129,-0.34097457,-0.34516385,-0.3460067,-0.35032287,-0.3567149,-0.3626563,-0.3671983,-0.37486562,-0.37912434,-0.3857674,-0.39143488,-0.3965143,-0.40232292,-0.4083694,-0.41274485,-0.42011204
129_real,-0.062132858,,,,,,,,,,,,,,,,,,,,,,,,,,,,,,,,,,,,,,,,,,,,,,,,,,,,,,,,0.32209823,,,,,,,,,,,,,
129_gen,-0.062132858,-0.07005389,-0.0775307,-0.086054385,-0.09208162,-0.09884363,-0.1040861,-0.10717132,-0.11463257,-0.120148405,-0.12550035,-0.13094819,-0.13519041,-0.13914499,-0.1451645,-0.1494618,-0.1549708,-0.15628122,-0.15962622,-0.16513063,-0.1683319,-0.17248787,-0.17753653,-0.18191242,-0.18542847,-0.18925452,-0.19314207,-0.19873123,-0.20180182,-0.2066557,-0.21028292,-0.21746203,-0.2193592,-0.22309346,-0.22660105,-0.23136762,-0.2375067,-0.24158247,-0.2446634,-0.24737737,-0.25321135,-0.25920448,-0.26087976,-0.26788342,-0.27192098,-0.27606484,-0.27927405,-0.28181922,-0.28544286,-0.2903576,-0.2944964,-0.29740158,-0.30174878,-0.30578378,-0.31116468,-0.3161618,-0.3203507,-0.32410485,-0.3285565,-0.3332401,-0.33817205,-0.3392436,-0.3413179,-0.34534764,-0.35138002,-0.35633174,-0.3635709,-0.36674485,-0.37116987,-0.3751151
130_real,-0.47782895,,,,,,,,,,,,,,,,,,,,,,,,,,,,,,,,,,,,,,,,,,,,,,,,,,,,,,,,-0.48261836,,,,,,,,,,,,,
130_gen,-0.47782892,-0.48401895,-0.49155074,-0.49479684,-0.5020591,-0.5072659,-0.51190263,-0.51802456,-0.524407,-0.52777,-0.53312063,-0.53512067,-0.54226106,-0.5472175,-0.5523101,-0.55754143,-0.5635737,-0.5710067,-0.57731926,-0.58315074,-0.58676374,-0.5905273,-0.59359133,-0.5975567,-0.6012468,-0.605929,-0.61197567,-0.6179976,-0.6260917,-0.629439,-0.63317215,-0.6396149,-0.6456837,-0.64871484,-0.6511782,-0.6556045,-0.6624079,-0.6667245,-0.6682677,-0.672669,-0.6744293,-0.6784494,-0.6827581,-0.6886351,-0.6916613,-0.6978803,-0.70079356,-0.7039078,-0.7102262,-0.7157746,-0.71919334,-0.72338545,-0.7270339,-0.73221433,-0.7360235,-0.7393846,-0.74337065,-0.7506497,-0.7546919,-0.7595309,-0.7630993,-0.7690873,-0.7753357,-0.779205,-0.7854086,-0.7899327,-0.7946137,-0.7964863,-0.80142957,-0.80683744
131_real,-0.45074484,,,,,,,,,,,,,,,,,,,,,,,,,,,,,,,,,,,,,,,,,,,,,,,,,,,,,,,,-0.4999997,,,,,,,,,,,,,
131_gen,-0.4507448,-0.45242125,-0.45212284,-0.45722786,-0.461742,-0.47170407,-0.47885555,-0.48589635,-0.4889904,-0.4923758,-0.49771857,-0.5048271,-0.50555134,-0.5112637,-0.515042,-0.5215443,-0.5296191,-0.53164625,-0.5324559,-0.53771377,-0.5380139,-0.5384468,-0.5405839,-0.5374679,-0.53735936,-0.5339824,-0.53544074,-0.5318828,-0.53313375,-0.5343369,-0.5331566,-0.53309405,-0.5370768,-0.5407971,-0.53915113,-0.54403806,-0.5440202,-0.5480212,-0.54857266,-0.55363065,-0.55873245,-0.5628433,-0.5685074,-0.56839406,-0.57258666,-0.5767999,-0.5822865,-0.58566195,-0.5902295,-0.5959765,-0.5987198,-0.60566795,-0.60986197,-0.6166599,-0.6170887,-0.6154004,-0.62527573,-0.6304457,-0.6338831,-0.63680375,-0.6377348,-0.6404029,-0.6376817,-0.64532405,-0.6468545,-0.6482851,-0.6514125,-0.65310204,-0.66004825,-0.6646615
132_real,-0.32588,,,,,,,,,,,,,,,,,,,,,,,,,,,,,,,,,,,,,,,,,,,,,,,,,,,,,,,,-0.36715323,,,,,,,,,,,,,
132_gen,-0.32588002,-0.33358517,-0.33788988,-0.34648013,-0.35253423,-0.3637198,-0.37325534,-0.38032162,-0.3881575,-0.39599687,-0.40607318,-0.41202778,-0.42070276,-0.42316493,-0.43330938,-0.44120812,-0.44488406,-0.4534231,-0.46159416,-0.47116256,-0.4791715,-0.47871,-0.4796268,-0.48761636,-0.49127808,-0.5022608,-0.50897956,-0.5178567,-0.52845377,-0.53711843,-0.5469591,-0.5502275,-0.5569032,-0.5604906,-0.5595714,-0.56784236,-0.56863433,-0.5771905,-0.5817922,-0.5923787,-0.60167897,-0.61070174,-0.6168482,-0.6249237,-0.62959826,-0.6398779,-0.6516379,-0.6544348,-0.6631384,-0.66531944,-0.6730723,-0.67539227,-0.68972284,-0.7008838,-0.71369165,-0.7291069,-0.7343701,-0.73853874,-0.74359596,-0.74660885,-0.7495038,-0.7570636,-0.77222157,-0.77456725,-0.7835453,-0.7902248,-0.800968,-0.80656415,-0.81631106,-0.8231457
133_real,-0.9309091,,,,,,,,,,,,,,,,,,,,,,,,,,,,,,,,,,,,,,,,,,,,,,,,,,,,,,,,-0.861151,,,,,,,,,,,,,
133_gen,-0.93090904,-0.93493736,-0.9374587,-0.94199574,-0.94524527,-0.9500262,-0.9560488,-0.96142274,-0.9671572,-0.9716339,-0.9778908,-0.98314697,-0.98852175,-0.9951008,-1.0003763,-1.0059932,-1.0127645,-1.0163786,-1.0226631,-1.0281494,-1.034858,-1.040123,-1.044051,-1.0509142,-1.0540745,-1.0610435,-1.0647386,-1.0703485,-1.0746778,-1.0789622,-1.0830631,-1.0874643,-1.0951791,-1.0991634,-1.1056353,-1.1127356,-1.1184449,-1.1234323,-1.1280028,-1.13194,-1.1357385,-1.1402247,-1.1459469,-1.1508439,-1.1559643,-1.15894,-1.1650856,-1.1719394,-1.1763175,-1.1805516,-1.187177,-1.1928339,-1.1972992,-1.2042377,-1.2140167,-1.2200048,-1.2277844,-1.2327654,-1.2388179,-1.2435055,-1.250037,-1.2535576,-1.258867,-1.2649297,-1.2684721,-1.2748245,-1.2811968,-1.288616,-1.293503,-1.2970488
134_real,-1.2737476,,,,,,,,,,,,,,,,,,,,,,,,,,,,,,,,,,,,,,,,,,,,,,,,,,,,,,,,-1.377225,,,,,,,,,,,,,
134_gen,-1.2737476,-1.2767556,-1.2812345,-1.2875688,-1.2926723,-1.2944893,-1.2986094,-1.3044178,-1.3091661,-1.3137041,-1.3204902,-1.3237222,-1.3288661,-1.3321751,-1.3385711,-1.3445193,-1.348794,-1.3524886,-1.3568436,-1.3635619,-1.3663057,-1.3701955,-1.3736598,-1.3792547,-1.384824,-1.3900497,-1.3932903,-1.3977892,-1.3999989,-1.4035984,-1.4096348,-1.4120276,-1.419407,-1.4248371,-1.4306175,-1.4345523,-1.4397694,-1.4456884,-1.4488108,-1.4553463,-1.4601408,-1.4661958,-1.4742788,-1.4806684,-1.4853172,-1.4888284,-1.4939976,-1.4974812,-1.5025728,-1.5043992,-1.5080194,-1.5134399,-1.5181416,-1.5213906,-1.5277067,-1.530112,-1.5376377,-1.5435215,-1.5463107,-1.5516202,-1.5589027,-1.5660688,-1.5686848,-1.5741658,-1.5807064,-1.5839436,-1.588126,-1.5936378,-1.599883,-1.6061652
135_real,-1.1716676,,,,,,,,,,,,,,,,,,,,,,,,,,,,,,,,,,,,,,,,,,,,,,,,,,,,,,,,-1.0689193,,,,,,,,,,,,,
135_gen,-1.1716675,-1.1783391,-1.178148,-1.1884772,-1.1877822,-1.1951903,-1.1994526,-1.2056819,-1.2073284,-1.213038,-1.2181479,-1.2227026,-1.2300807,-1.2389293,-1.240886,-1.243744,-1.2496763,-1.2523463,-1.2534772,-1.2588689,-1.259728,-1.2630515,-1.2653997,-1.270088,-1.2798002,-1.2826923,-1.2844592,-1.2876036,-1.2898021,-1.3002498,-1.3080876,-1.311023,-1.3181142,-1.3169639,-1.3209044,-1.3270897,-1.3317573,-1.3379532,-1.3411449,-1.3474115,-1.3491156,-1.3526555,-1.3560562,-1.3569248,-1.3665588,-1.3721477,-1.3757489,-1.383741,-1.3917216,-1.3977752,-1.4036372,-1.4066231,-1.4133966,-1.4156995,-1.4211128,-1.4255493,-1.4295564,-1.4305235,-1.4293851,-1.4349309,-1.436712,-1.4415891,-1.4475529,-1.4499071,-1.4562725,-1.4612806,-1.4638506,-1.4678302,-1.4722283,-1.4797592
136_real,-0.7617315,,,,,,,,,,,,,,,,,,,,,,,,,,,,,,,,,,,,,,,,,,,,,,,,,,,,,,,,-0.7608715,,,,,,,,,,,,,
136_gen,-0.76173156,-0.7638496,-0.7683041,-0.77259576,-0.7815429,-0.7883971,-0.78898686,-0.7906295,-0.7949766,-0.8018419,-0.80534077,-0.81171256,-0.8109213,-0.8173429,-0.8187536,-0.8327187,-0.8388704,-0.84203804,-0.8496321,-0.8507539,-0.8564008,-0.8629614,-0.8712635,-0.87782896,-0.8880107,-0.8938224,-0.89952976,-0.9056571,-0.9101303,-0.91835964,-0.93102026,-0.93625766,-0.94358224,-0.9512335,-0.9563387,-0.9620327,-0.9707197,-0.97239,-0.9789721,-0.98834074,-0.9939661,-1.0002735,-1.0092045,-1.0155933,-1.0197737,-1.0256662,-1.0329893,-1.0386584,-1.0484842,-1.0536933,-1.0623493,-1.070432,-1.0779793,-1.0809538,-1.0882797,-1.0947086,-1.0954443,-1.1013463,-1.1086295,-1.1128231,-1.1164116,-1.1216131,-1.1222043,-1.1279333,-1.1330457,-1.1402085,-1.1469573,-1.1481563,-1.1546838,-1.162089
137_real,-0.77281797,,,,,,,,,,,,,,,,,,,,,,,,,,,,,,,,,,,,,,,,,,,,,,,,,,,,,,,,-0.79164165,,,,,,,,,,,,,
137_gen,-0.772818,-0.77554744,-0.78400934,-0.78979087,-0.79617655,-0.80277854,-0.80730885,-0.81184006,-0.81846285,-0.8200288,-0.8206557,-0.82667744,-0.8356396,-0.8425452,-0.84754485,-0.8517674,-0.8552663,-0.85966367,-0.86465263,-0.8676197,-0.8753764,-0.87754935,-0.8821842,-0.88630265,-0.8906393,-0.89449453,-0.8985254,-0.90064824,-0.90220535,-0.90754575,-0.9142209,-0.9144434,-0.91592646,-0.92027026,-0.9240119,-0.9285717,-0.931707,-0.9358525,-0.9423119,-0.94313985,-0.94930184,-0.9519661,-0.9543042,-0.9583815,-0.9629472,-0.9668685,-0.9699376,-0.97483075,-0.97913885,-0.9817809,-0.9872559,-0.9879012,-0.99268466,-0.99916756,-1.0038131,-1.0089171,-1.0146939,-1.0191381,-1.0262089,-1.0307106,-1.0384508,-1.0461427,-1.0512159,-1.0583683,-1.0640798,-1.0710452,-1.0743067,-1.0800115,-1.0844307,-1.0920428
138_real,-0.42465785,,,,,,,,,,,,,,,,,,,,,,,,,,,,,,,,,,,,,,,,,,,,,,,,,,,,,,,,-0.37991193,,,,,,,,,,,,,
138_gen,-0.42465788,-0.43142587,-0.44274935,-0.4556467,-0.46498817,-0.46963987,-0.47572407,-0.48205882,-0.48886746,-0.49162102,-0.49846372,-0.5059551,-0.51397955,-0.51851493,-0.5237054,-0.53035575,-0.5349141,-0.543113,-0.54930973,-0.5527699,-0.55857676,-0.5677968,-0.5717753,-0.58087534,-0.5891325,-0.59801847,-0.6041621,-0.6119298,-0.62463754,-0.63197625,-0.6403032,-0.6480507,-0.65526074,-0.6599754,-0.67101014,-0.67630196,-0.6826161,-0.6879336,-0.6929075,-0.7015788,-0.7083317,-0.7166182,-0.7218589,-0.73045605,-0.7333376,-0.74248314,-0.74804664,-0.7513726,-0.75592816,-0.7626842,-0.7696041,-0.7739303,-0.77923936,-0.7873233,-0.7917755,-0.797592,-0.80723506,-0.8163397,-0.8225376,-0.8278713,-0.8340217,-0.8396276,-0.8454288,-0.8519761,-0.85723317,-0.8593675,-0.8615676,-0.86694753,-0.8757396,-0.8832091
139_real,0.5510936,,,,,,,,,,,,,,,,,,,,,,,,,,,,,,,,,,,,,,,,,,,,,,,,,,,,,,,,0.85695106,,,,,,,,,,,,,
139_gen,0.5510936,0.5408753,0.5304598,0.52033395,0.51136535,0.50607127,0.50023246,0.4932294,0.48708272,0.47913513,0.47314167,0.4670393,0.46067458,0.45364016,0.44612804,0.4400609,0.43325907,0.42605156,0.42170835,0.41298294,0.40881476,0.40043753,0.3921077,0.38769028,0.37993318,0.37417996,0.3703627,0.36579093,0.35906133,0.3518085,0.34581935,0.34128624,0.3346885,0.32806522,0.32406998,0.31890398,0.3136837,0.30698287,0.3030836,0.2953868,0.28761116,0.282161,0.2725668,0.26669428,0.2580313,0.25039896,0.2418247,0.23475075,0.22718838,0.21927254,0.20905745,0.20132928,0.19457074,0.18704244,0.18118557,0.17632392,0.17001195,0.1624474,0.158216,0.1533995,0.14633492,0.13697484,0.12986892,0.123992704,0.118179664,0.11191344,0.10266054,0.095093474,0.08640356,0.08242808
140_real,-0.16857676,,,,,,,,,,,,,,,,,,,,,,,,,,,,,,,,,,,,,,,,,,,,,,,,,,,,,,,,-0.32743108,,,,,,,,,,,,,
140_gen,-0.16857675,-0.17679945,-0.18163386,-0.18783018,-0.19307281,-0.19933267,-0.2042332,-0.2129833,-0.21882765,-0.22154975,-0.22534171,-0.23324654,-0.240671,-0.24494278,-0.25589386,-0.26340556,-0.27088946,-0.27988943,-0.28362054,-0.2896917,-0.2895041,-0.30169958,-0.3123468,-0.31878796,-0.32662874,-0.3347268,-0.34203574,-0.35033923,-0.35488796,-0.36382547,-0.37244192,-0.38172624,-0.38828856,-0.39278412,-0.4004167,-0.4072811,-0.41278967,-0.42192715,-0.42590386,-0.43448907,-0.43532267,-0.44484645,-0.45319,-0.4615658,-0.4687191,-0.48021692,-0.486166,-0.49654546,-0.50591743,-0.5168627,-0.5221215,-0.52691346,-0.53720975,-0.5453862,-0.5520056,-0.56040645,-0.5688756,-0.57764375,-0.5838748,-0.5940633,-0.6023459,-0.60829985,-0.6184224,-0.62819326,-0.6415842,-0.64865655,-0.6583921,-0.6657471,-0.67229587,-0.68489623
141_real,-0.28878075,,,,,,,,,,,,,,,,,,,,,,,,,,,,,,,,,,,,,,,,,,,,,,,,,,,,,,,,-0.37643892,,,,,,,,,,,,,
141_gen,-0.28878072,-0.29308295,-0.29713112,-0.30128115,-0.3061885,-0.31446993,-0.3207889,-0.32515234,-0.32921904,-0.33107027,-0.33536685,-0.3432426,-0.34768984,-0.35107857,-0.35726887,-0.3632891,-0.37002334,-0.37559706,-0.37782,-0.38302022,-0.38699788,-0.3908534,-0.39570698,-0.40127486,-0.40338033,-0.40747476,-0.41326267,-0.4187801,-0.42360592,-0.42698526,-0.43038997,-0.4360916,-0.4411985,-0.44608912,-0.45202532,-0.45906806,-0.46402797,-0.46981978,-0.4743178,-0.48149538,-0.48615032,-0.49201202,-0.49764934,-0.50077426,-0.50625527,-0.5125004,-0.5198596,-0.52546155,-0.5302061,-0.5350825,-0.5417612,-0.5467974,-0.55411327,-0.5571206,-0.56010187,-0.5649827,-0.5682627,-0.5746371,-0.5773824,-0.5808207,-0.587851,-0.59494823,-0.6013467,-0.6054688,-0.61150336,-0.62073535,-0.62559927,-0.62865895,-0.633023,-0.63812506
142_real,-0.2117178,,,,,,,,,,,,,,,,,,,,,,,,,,,,,,,,,,,,,,,,,,,,,,,,,,,,,,,,-0.24990883,,,,,,,,,,,,,
142_gen,-0.21171781,-0.21846278,-0.22210756,-0.22792447,-0.23382255,-0.23659639,-0.24048057,-0.24660039,-0.25098357,-0.25679386,-0.2598417,-0.2661252,-0.27184433,-0.2781728,-0.28392816,-0.29076582,-0.2931643,-0.29743975,-0.30106264,-0.3067097,-0.31159145,-0.31702635,-0.32313454,-0.32870272,-0.333262,-0.335949,-0.3408198,-0.3402316,-0.34340268,-0.34653783,-0.34961802,-0.35489652,-0.36067268,-0.3661932,-0.36783582,-0.37274554,-0.37526518,-0.3822206,-0.38550577,-0.39236405,-0.39764136,-0.40170485,-0.40649968,-0.4108336,-0.41616064,-0.4198625,-0.42406407,-0.42714804,-0.42854667,-0.43077007,-0.43508753,-0.44159412,-0.44313392,-0.44763064,-0.4522201,-0.4578275,-0.4621819,-0.46725044,-0.470905,-0.47642583,-0.47970143,-0.48365468,-0.48799425,-0.49358287,-0.49896136,-0.5036071,-0.5110784,-0.5158231,-0.51986015,-0.5246428
143_real,-0.15029955,,,,,,,,,,,,,,,,,,,,,,,,,,,,,,,,,,,,,,,,,,,,,,,,,,,,,,,,0.013985117,,,,,,,,,,,,,
143_gen,-0.15029955,-0.15526943,-0.1585186,-0.16394737,-0.16735479,-0.1707478,-0.17530003,-0.1774331,-0.17976587,-0.18462627,-0.1890153,-0.19258027,-0.19785237,-0.20102668,-0.20612152,-0.20903452,-0.21507227,-0.21855608,-0.22207694,-0.22457099,-0.23066287,-0.23423307,-0.23690267,-0.24222043,-0.24633351,-0.25034323,-0.25554505,-0.26091167,-0.2641712,-0.27017364,-0.2751197,-0.2807998,-0.28535998,-0.28869873,-0.2919608,-0.29542303,-0.29818174,-0.30174667,-0.30536118,-0.30815187,-0.3120152,-0.31573045,-0.3181575,-0.32344607,-0.32595453,-0.32747707,-0.32958487,-0.33317423,-0.3371879,-0.34012222,-0.34380585,-0.34920833,-0.35447568,-0.35976842,-0.3647883,-0.3695355,-0.37410176,-0.3786629,-0.38080525,-0.38549417,-0.38799006,-0.3917879,-0.3968741,-0.4008135,-0.4051238,-0.41013518,-0.41506404,-0.42068616,-0.4243517,-0.4273333
144_real,-0.32354707,,,,,,,,,,,,,,,,,,,,,,,,,,,,,,,,,,,,,,,,,,,,,,,,,,,,,,,,-0.23325199,,,,,,,,,,,,,
144_gen,-0.3235471,-0.32971337,-0.33429244,-0.34039497,-0.34691727,-0.35103923,-0.3563593,-0.36086455,-0.36465698,-0.3677643,-0.37213126,-0.37550092,-0.37908164,-0.38464168,-0.38931108,-0.39451677,-0.39997154,-0.403967,-0.4070633,-0.41138476,-0.41514468,-0.4193829,-0.4227891,-0.42853832,-0.4341639,-0.43585506,-0.44051948,-0.44504103,-0.4489739,-0.45323148,-0.45498556,-0.45769328,-0.46031266,-0.46690044,-0.47169122,-0.47276124,-0.47300896,-0.4749767,-0.4776094,-0.47940192,-0.48108235,-0.4843188,-0.48855972,-0.49018472,-0.4950241,-0.4973659,-0.50224507,-0.50730836,-0.5111366,-0.51462907,-0.51940924,-0.52074486,-0.5231819,-0.5276836,-0.5316884,-0.53819543,-0.5435802,-0.54747623,-0.55208546,-0.5566032,-0.559193,-0.5647464,-0.56913435,-0.57345045,-0.57643896,-0.5802878,-0.5846108,-0.58817565,-0.59228325,-0.5956639
