ROI,Month_0,Month_1,Month_2,Month_3,Month_4,Month_5,Month_6,Month_7,Month_8,Month_9,Month_10,Month_11,Month_12,Month_13,Month_14,Month_15,Month_16,Month_17,Month_18,Month_19,Month_20,Month_21,Month_22,Month_23,Month_24,Month_25,Month_26,Month_27,Month_28,Month_29,Month_30,Month_31,Month_32,Month_33,Month_34,Month_35,Month_36,Month_37,Month_38,Month_39,Month_40,Month_41,Month_42,Month_43,Month_44,Month_45,Month_46,Month_47,Month_48,Month_49,Month_50,Month_51,Month_52,Month_53,Month_54,Month_55,Month_56,Month_57,Month_58,Month_59,Month_60,Month_61,Month_62,Month_63,Month_64,Month_65,Month_66,Month_67,Month_68,Month_69
0_real,2.1957126,,,,,,,,,,,,,,,,,,2.1107178,,,,,,,,,,,,,,,,,,,,,,,,,,,,,,,,,,,,,,,,,,,,,,,,,,,
0_gen,2.1957128,2.2038026,2.212939,2.2214515,2.229801,2.2387736,2.2468848,2.2533648,2.2615552,2.269738,2.276837,2.2839973,2.29467,2.3019977,2.310546,2.3192682,2.325393,2.3339505,2.3410528,2.350393,2.357322,2.3667998,2.3756835,2.3838425,2.3921638,2.4022229,2.408868,2.4172616,2.4257164,2.4348264,2.4428573,2.4511669,2.4590073,2.4653716,2.471411,2.4790626,2.4866922,2.4940724,2.500877,2.508171,2.516347,2.5266175,2.53402,2.5431676,2.5509732,2.5578542,2.5683906,2.576282,2.5839703,2.591158,2.5981972,2.6054893,2.6118388,2.619306,2.6285958,2.6371064,2.6435997,2.650711,2.658872,2.6662917,2.6756644,2.6840882,2.692326,2.6994407,2.7088141,2.7172067,2.7232947,2.7290668,2.7361343,2.7462344
1_real,1.0491039,,,,,,,,,,,,,,,,,,0.96481365,,,,,,,,,,,,,,,,,,,,,,,,,,,,,,,,,,,,,,,,,,,,,,,,,,,
1_gen,1.0491039,1.0498084,1.0509773,1.0523401,1.0568382,1.0596304,1.0633097,1.0662615,1.0704577,1.0728652,1.0760734,1.0794561,1.0835063,1.0873516,1.0899737,1.0919192,1.092664,1.0960668,1.0980264,1.1007718,1.1044136,1.1078441,1.1103469,1.114499,1.1160501,1.1184955,1.1237655,1.1249607,1.1259921,1.1276132,1.1302311,1.1328337,1.1339972,1.1360648,1.1385133,1.1406558,1.1437925,1.1453711,1.1477382,1.1502956,1.1513693,1.1543238,1.1572257,1.160983,1.1629097,1.1642225,1.1669278,1.1699604,1.1728569,1.1748834,1.1772057,1.1781654,1.1809406,1.1843201,1.1874801,1.1901153,1.1935425,1.1966398,1.1970727,1.1995362,1.2034824,1.2065417,1.2078116,1.2120155,1.2142684,1.2175844,1.2199714,1.2224363,1.2257951,1.2283065
2_real,1.0908027,,,,,,,,,,,,,,,,,,0.88832057,,,,,,,,,,,,,,,,,,,,,,,,,,,,,,,,,,,,,,,,,,,,,,,,,,,
2_gen,1.0908028,1.085141,1.0816433,1.0789678,1.0749962,1.0720422,1.0705408,1.0622865,1.0568769,1.052178,1.0494148,1.0476768,1.0467291,1.0457956,1.0393655,1.035641,1.032144,1.0266635,1.0237124,1.0201876,1.0175695,1.0123857,1.0069311,1.0035251,0.99981767,0.99648255,0.9943384,0.9938172,0.9914075,0.98649025,0.9818991,0.9796861,0.9771929,0.9758848,0.9687576,0.9650176,0.9635661,0.95881164,0.95640945,0.95466775,0.9502155,0.95157003,0.94960624,0.94577205,0.9407548,0.93744165,0.93536747,0.9331201,0.92793095,0.92580473,0.9214034,0.91403645,0.91315556,0.91014564,0.90568274,0.90377015,0.89789134,0.89479464,0.89343894,0.890705,0.88295794,0.87901956,0.8752402,0.87222433,0.8679223,0.8648661,0.86410105,0.86003625,0.8578618,0.8548648
3_real,1.4706342,,,,,,,,,,,,,,,,,,1.2823378,,,,,,,,,,,,,,,,,,,,,,,,,,,,,,,,,,,,,,,,,,,,,,,,,,,
3_gen,1.4706343,1.4617865,1.453884,1.4480934,1.4431539,1.4357752,1.4256452,1.4172857,1.4108936,1.4057201,1.3969221,1.3920971,1.387169,1.3802834,1.3761238,1.3681521,1.3604727,1.3535798,1.3473085,1.341792,1.3370066,1.3334706,1.3244404,1.3173441,1.3081177,1.2991314,1.2901185,1.2826673,1.278015,1.2707915,1.2627093,1.2576993,1.2503128,1.2445277,1.2379282,1.2300603,1.22223,1.2174628,1.2110765,1.2041619,1.1988381,1.1936276,1.1866009,1.1809134,1.1697989,1.1622529,1.1554146,1.1510346,1.1446147,1.1371863,1.1305052,1.1241666,1.1197038,1.1148267,1.1097784,1.1028001,1.0952682,1.0848814,1.0781646,1.0721058,1.0670086,1.0624882,1.0588443,1.0549593,1.0503018,1.0405806,1.0365703,1.0295441,1.021034,1.013262
4_real,1.3399701,,,,,,,,,,,,,,,,,,1.4487333,,,,,,,,,,,,,,,,,,,,,,,,,,,,,,,,,,,,,,,,,,,,,,,,,,,
4_gen,1.33997,1.332752,1.3315786,1.3295008,1.3240559,1.3156639,1.3112016,1.3091162,1.3069161,1.3029175,1.2965859,1.2971646,1.2908142,1.2891448,1.283604,1.2734102,1.2705986,1.2655746,1.263109,1.261822,1.2576718,1.2517315,1.2492187,1.2442356,1.2358574,1.2333654,1.229709,1.2285678,1.2256149,1.2252184,1.2195282,1.2114499,1.2067149,1.2049963,1.2037022,1.2000463,1.192896,1.1893381,1.185787,1.1886613,1.183478,1.1844661,1.1803201,1.1807173,1.1767646,1.1784273,1.1733078,1.1752899,1.1734209,1.1707416,1.165787,1.1593945,1.1567446,1.1524166,1.153287,1.1449578,1.1431487,1.1396526,1.1322671,1.1258719,1.1256441,1.120531,1.116375,1.107578,1.105922,1.0992773,1.0928255,1.0894681,1.085424,1.0807104
5_real,1.3529874,,,,,,,,,,,,,,,,,,1.0610538,,,,,,,,,,,,,,,,,,,,,,,,,,,,,,,,,,,,,,,,,,,,,,,,,,,
5_gen,1.3529874,1.3428448,1.3343952,1.3268933,1.3214818,1.3154615,1.3073139,1.302906,1.2953901,1.2831075,1.2719357,1.2655789,1.2607713,1.2571616,1.2504902,1.2512828,1.2472408,1.2403063,1.2374388,1.2351353,1.2275428,1.2177312,1.2103244,1.2078576,1.2003115,1.1972129,1.1917275,1.1883926,1.182874,1.1802728,1.1729763,1.1681478,1.1589122,1.1563282,1.1525831,1.1447918,1.1386569,1.1316193,1.1257355,1.1167804,1.1140343,1.1120636,1.1097488,1.1085455,1.1065385,1.1046154,1.1023539,1.0961877,1.0937082,1.0933223,1.0854876,1.0791123,1.0778323,1.0715595,1.0662669,1.0623676,1.057461,1.0533192,1.05427,1.0499549,1.0422591,1.0340846,1.0287725,1.0239649,1.016711,1.0089047,1.0029286,1.0004381,0.9960515,0.9924823
6_real,-0.12798922,,,,,,,,,,,,,,,,,,-0.30760774,,,,,,,,,,,,,,,,,,,,,,,,,,,,,,,,,,,,,,,,,,,,,,,,,,,
6_gen,-0.1279892,-0.13166432,-0.13498762,-0.13710955,-0.13994801,-0.14265813,-0.14447388,-0.14457273,-0.14747156,-0.15041934,-0.153055,-0.15684628,-0.15756711,-0.16056858,-0.16277048,-0.16463193,-0.16818342,-0.1708868,-0.17328796,-0.17572649,-0.1776191,-0.18013865,-0.1820186,-0.18374486,-0.1864728,-0.18874553,-0.1894013,-0.19088085,-0.19453439,-0.19726124,-0.19825275,-0.19985881,-0.20217387,-0.20400798,-0.20532224,-0.20764081,-0.2097826,-0.21273474,-0.21573484,-0.21772034,-0.22060695,-0.2219948,-0.2244117,-0.22767687,-0.23112655,-0.23377326,-0.23678191,-0.23918311,-0.24077554,-0.24173975,-0.24257667,-0.24510303,-0.2491878,-0.25206453,-0.25350836,-0.25497937,-0.25847882,-0.26144475,-0.26439968,-0.26559767,-0.26819158,-0.27090058,-0.27393553,-0.27645138,-0.27864864,-0.28108886,-0.28305405,-0.28379083,-0.2859959,-0.28656167
7_real,-0.83284587,,,,,,,,,,,,,,,,,,-0.9954327,,,,,,,,,,,,,,,,,,,,,,,,,,,,,,,,,,,,,,,,,,,,,,,,,,,
7_gen,-0.8328458,-0.8351656,-0.83727133,-0.8391391,-0.8382285,-0.839557,-0.8414925,-0.8416358,-0.8371938,-0.8375432,-0.8389637,-0.8394726,-0.841078,-0.84247816,-0.8450464,-0.8463464,-0.84674454,-0.847417,-0.8484319,-0.8482567,-0.8486763,-0.8481294,-0.84724396,-0.84704864,-0.84765196,-0.8487822,-0.84713686,-0.84893656,-0.85201824,-0.85230047,-0.85096437,-0.8532609,-0.8525931,-0.85177386,-0.84998477,-0.85149825,-0.8491508,-0.85106486,-0.8513384,-0.8526141,-0.8516161,-0.8516058,-0.8521107,-0.8519886,-0.8525674,-0.8553011,-0.8537876,-0.85459834,-0.8553284,-0.856459,-0.8557836,-0.8547789,-0.8550869,-0.8558432,-0.85596263,-0.8547493,-0.8556412,-0.85531855,-0.8566367,-0.85827684,-0.86077213,-0.8598483,-0.8595827,-0.8608947,-0.8605254,-0.8631091,-0.862961,-0.864823,-0.86417866,-0.86555326
8_real,-1.0426481,,,,,,,,,,,,,,,,,,-0.9651645,,,,,,,,,,,,,,,,,,,,,,,,,,,,,,,,,,,,,,,,,,,,,,,,,,,
8_gen,-1.0426482,-1.0451009,-1.0462211,-1.0492544,-1.0532624,-1.0536888,-1.055419,-1.054415,-1.0581067,-1.0577039,-1.0592479,-1.0591838,-1.0597446,-1.0594987,-1.0592679,-1.0595111,-1.059895,-1.0609671,-1.061724,-1.0618241,-1.0604196,-1.059115,-1.0584978,-1.0594505,-1.0606306,-1.0623001,-1.06515,-1.0669456,-1.067913,-1.0686626,-1.0673811,-1.0663284,-1.0650465,-1.0676262,-1.0675274,-1.0666502,-1.0653278,-1.0640686,-1.0640972,-1.0654173,-1.0651634,-1.0632119,-1.0646805,-1.0649414,-1.0670192,-1.0689646,-1.0707462,-1.0720421,-1.0733013,-1.0722802,-1.0744635,-1.075216,-1.0765344,-1.0771983,-1.0785849,-1.0810205,-1.0841919,-1.084492,-1.0835187,-1.0820365,-1.0803856,-1.0790045,-1.0805963,-1.0786097,-1.0796736,-1.080953,-1.083061,-1.0777715,-1.0783327,-1.0797234
9_real,-0.7686603,,,,,,,,,,,,,,,,,,-0.8911467,,,,,,,,,,,,,,,,,,,,,,,,,,,,,,,,,,,,,,,,,,,,,,,,,,,
9_gen,-0.76866037,-0.77104264,-0.7712048,-0.77213836,-0.77221334,-0.77693087,-0.7799238,-0.78291893,-0.7884048,-0.78893566,-0.79086,-0.7934845,-0.7970223,-0.80008686,-0.8018829,-0.8047012,-0.80919075,-0.8151399,-0.8183125,-0.82080203,-0.82257193,-0.8273841,-0.8319868,-0.83377504,-0.83796436,-0.844487,-0.8479306,-0.85240304,-0.8558693,-0.85853064,-0.86117995,-0.8653286,-0.86919755,-0.8734851,-0.87675774,-0.8807904,-0.88017654,-0.8813915,-0.8832203,-0.8881277,-0.89046174,-0.8917593,-0.8957933,-0.9006034,-0.90567243,-0.9065903,-0.9081979,-0.9104369,-0.9123745,-0.9141115,-0.91704905,-0.91732043,-0.91894436,-0.92311954,-0.9288476,-0.92936355,-0.9321331,-0.9328127,-0.93718547,-0.9389396,-0.9414314,-0.9449949,-0.9487814,-0.9530255,-0.9580124,-0.96135616,-0.96319276,-0.96471006,-0.96766186,-0.97015685
10_real,-0.8961101,,,,,,,,,,,,,,,,,,-0.8285258,,,,,,,,,,,,,,,,,,,,,,,,,,,,,,,,,,,,,,,,,,,,,,,,,,,
10_gen,-0.8961102,-0.899491,-0.90188664,-0.90385103,-0.9075594,-0.90999967,-0.911413,-0.91062737,-0.91502297,-0.9170027,-0.9187794,-0.92294896,-0.92577565,-0.9296423,-0.930138,-0.9299029,-0.93418694,-0.93696845,-0.9365555,-0.94154865,-0.9431348,-0.9455577,-0.9473612,-0.9511126,-0.951139,-0.95289785,-0.9554056,-0.9580218,-0.9591591,-0.9586977,-0.9612961,-0.96275693,-0.96620643,-0.96766984,-0.9698075,-0.9731121,-0.97493315,-0.9795086,-0.98038214,-0.97973746,-0.98365384,-0.9859271,-0.9905259,-0.99342406,-0.996137,-0.9986804,-1.0026442,-1.0039345,-1.005639,-1.0070803,-1.0108582,-1.0137341,-1.0178906,-1.0198202,-1.023728,-1.0272931,-1.0311091,-1.03361,-1.0356014,-1.0382698,-1.0402783,-1.043621,-1.0446393,-1.0485995,-1.0513613,-1.0572622,-1.0584514,-1.0612854,-1.0665152,-1.0710434
11_real,1.2366885,,,,,,,,,,,,,,,,,,1.2143387,,,,,,,,,,,,,,,,,,,,,,,,,,,,,,,,,,,,,,,,,,,,,,,,,,,
11_gen,1.2366885,1.2365991,1.234338,1.2325357,1.233792,1.2307491,1.2280691,1.2227167,1.2201946,1.2153369,1.2155228,1.2133837,1.211874,1.2087042,1.2060115,1.2031115,1.2004079,1.1994497,1.199477,1.1969068,1.1920311,1.1890484,1.1846397,1.1833187,1.1790582,1.1794722,1.1785961,1.1768143,1.1734416,1.1702893,1.1669779,1.1650771,1.1599514,1.1581519,1.1528226,1.1509843,1.1501318,1.1468734,1.1433831,1.1438503,1.145265,1.1431055,1.1409448,1.1404382,1.1346519,1.1336315,1.1328337,1.131827,1.1300178,1.1296945,1.1287012,1.1298137,1.1256121,1.1251755,1.1195801,1.115089,1.1135634,1.1101068,1.1058512,1.1018764,1.101133,1.0990909,1.0957493,1.0901607,1.0857263,1.082043,1.0779049,1.0759825,1.0753176,1.0736887
12_real,1.3297898,,,,,,,,,,,,,,,,,,0.959056,,,,,,,,,,,,,,,,,,,,,,,,,,,,,,,,,,,,,,,,,,,,,,,,,,,
12_gen,1.3297899,1.3263148,1.3251215,1.3225466,1.3185838,1.3166302,1.3141755,1.3086984,1.3075869,1.3067968,1.3032539,1.2959907,1.2932398,1.2908969,1.2903888,1.2895461,1.285248,1.2823449,1.2832786,1.2803748,1.2833924,1.2781302,1.2782139,1.2750483,1.2708136,1.2707211,1.2650802,1.2613428,1.2620987,1.2579443,1.2587626,1.255804,1.2503477,1.2459984,1.2440685,1.2406948,1.2371538,1.234247,1.2318383,1.2263024,1.2242366,1.2206002,1.2138555,1.2137868,1.21015,1.208675,1.2111002,1.2044094,1.2030327,1.1982104,1.1985716,1.1960709,1.1938121,1.1942074,1.1934925,1.1929414,1.1904688,1.188103,1.1841905,1.178725,1.1720763,1.1656543,1.1591597,1.1557571,1.1532524,1.147135,1.1432743,1.1421105,1.1357465,1.135384
13_real,0.029547554,,,,,,,,,,,,,,,,,,0.09872049,,,,,,,,,,,,,,,,,,,,,,,,,,,,,,,,,,,,,,,,,,,,,,,,,,,
13_gen,0.029547554,0.020062292,0.014626597,0.008297911,0.0028427597,2.8240867e-05,-0.0041825753,-0.009931571,-0.016240286,-0.020642813,-0.028626442,-0.031396165,-0.035023313,-0.04510774,-0.05386257,-0.06126803,-0.06586561,-0.071784005,-0.075598314,-0.08377674,-0.08985105,-0.095348224,-0.10234324,-0.10933828,-0.112236165,-0.12020855,-0.124601044,-0.13378973,-0.13861415,-0.14472918,-0.14870691,-0.15442972,-0.15923229,-0.16297807,-0.16764286,-0.17184338,-0.17732164,-0.18282963,-0.19048332,-0.19668014,-0.20467706,-0.20991933,-0.21633664,-0.2199887,-0.2286286,-0.23399389,-0.23894918,-0.24601777,-0.2523982,-0.25831646,-0.262618,-0.26627016,-0.27149984,-0.2760724,-0.28521377,-0.29204342,-0.29515857,-0.30329266,-0.30910385,-0.3165122,-0.3236023,-0.33220503,-0.33705693,-0.34290174,-0.34840703,-0.35190305,-0.35727516,-0.36085278,-0.36453703,-0.36953676
14_real,-0.1335886,,,,,,,,,,,,,,,,,,-0.32448244,,,,,,,,,,,,,,,,,,,,,,,,,,,,,,,,,,,,,,,,,,,,,,,,,,,
14_gen,-0.13358858,-0.14036416,-0.14423987,-0.14681527,-0.15100446,-0.15794483,-0.15983571,-0.16570142,-0.17069028,-0.17605355,-0.17927782,-0.1863606,-0.19375917,-0.19923578,-0.20560355,-0.20932922,-0.21339054,-0.21829167,-0.22059333,-0.22605824,-0.23188491,-0.23649748,-0.23938939,-0.24487941,-0.2511998,-0.25341994,-0.2541529,-0.25872356,-0.26536608,-0.2697248,-0.27554,-0.28335312,-0.2850634,-0.28825244,-0.2934936,-0.29737562,-0.30124718,-0.30723473,-0.31278113,-0.31928095,-0.32615712,-0.3280751,-0.33569768,-0.34180865,-0.3453112,-0.35103947,-0.35596362,-0.36319488,-0.36989948,-0.37291408,-0.3794852,-0.3863505,-0.39110303,-0.39769548,-0.40208626,-0.4073072,-0.41031218,-0.4163154,-0.4192322,-0.4253067,-0.42880854,-0.433952,-0.4388393,-0.4417925,-0.4476648,-0.45328608,-0.456477,-0.46246663,-0.46773475,-0.47406396
15_real,1.7646723,,,,,,,,,,,,,,,,,,1.5338998,,,,,,,,,,,,,,,,,,,,,,,,,,,,,,,,,,,,,,,,,,,,,,,,,,,
15_gen,1.7646723,1.774691,1.7845154,1.7946371,1.8044277,1.8106959,1.8170328,1.8273863,1.8348019,1.8416535,1.8433586,1.8532162,1.8630251,1.8690634,1.8731964,1.8778607,1.8819097,1.8919199,1.8991632,1.9087422,1.9208586,1.9284344,1.9404976,1.9493382,1.9620451,1.969128,1.9775625,1.982186,1.9875467,1.9917701,2.0011125,2.0107486,2.0239537,2.030273,2.0402536,2.0506017,2.0573363,2.0674217,2.0701947,2.080114,2.0856209,2.0935943,2.0997877,2.1019626,2.1045594,2.1140456,2.1233747,2.1288717,2.1401749,2.1553702,2.1694438,2.1815507,2.1900072,2.2000377,2.2086346,2.2098672,2.2181458,2.225203,2.230421,2.2404485,2.2477958,2.2587378,2.26753,2.2766554,2.2873952,2.295277,2.304211,2.3114743,2.3194742,2.3269362
16_real,2.3024,,,,,,,,,,,,,,,,,,2.0645301,,,,,,,,,,,,,,,,,,,,,,,,,,,,,,,,,,,,,,,,,,,,,,,,,,,
16_gen,2.3024004,2.3042624,2.3099787,2.3164492,2.319613,2.328839,2.337088,2.3446877,2.3485794,2.3576455,2.3640401,2.367583,2.3731744,2.3803349,2.389658,2.3923752,2.3966143,2.4008527,2.4085824,2.4114766,2.4163163,2.4251673,2.4286463,2.430488,2.4384818,2.4434674,2.4481297,2.45859,2.461206,2.4646893,2.4696388,2.47794,2.481393,2.4911227,2.5015388,2.5099697,2.5173898,2.518196,2.5244374,2.534921,2.5428038,2.551454,2.5615063,2.5665727,2.5684588,2.5788057,2.584682,2.5848198,2.585782,2.5895944,2.5988796,2.6019032,2.6099453,2.6181188,2.6217518,2.6339748,2.6441581,2.6518495,2.6587377,2.6648393,2.6739945,2.6815434,2.688004,2.6940448,2.7036119,2.7094631,2.7182493,2.720947,2.7300515,2.7379107
17_real,1.9273347,,,,,,,,,,,,,,,,,,1.8206285,,,,,,,,,,,,,,,,,,,,,,,,,,,,,,,,,,,,,,,,,,,,,,,,,,,
17_gen,1.9273345,1.9335883,1.9388797,1.9451672,1.9520363,1.9589494,1.964256,1.9719311,1.9770283,1.9812323,1.9903625,1.9988419,2.0051656,2.0127444,2.0219612,2.028463,2.035699,2.0436444,2.0526557,2.0595756,2.0642655,2.0727344,2.0785546,2.084099,2.0904286,2.0958905,2.1019998,2.1057105,2.1138237,2.1205797,2.128067,2.1366353,2.1437469,2.1496968,2.1549554,2.1629279,2.1664898,2.1718535,2.18047,2.185691,2.1920168,2.2005582,2.2090144,2.2161794,2.2262356,2.231195,2.2350638,2.2416797,2.2503862,2.2564921,2.264568,2.269648,2.276036,2.2814975,2.2899427,2.300727,2.3089678,2.3181958,2.325809,2.3339458,2.3393424,2.3457675,2.3535066,2.3604186,2.3689914,2.3759508,2.384405,2.3930824,2.400931,2.408353
18_real,1.7373163,,,,,,,,,,,,,,,,,,1.4795169,,,,,,,,,,,,,,,,,,,,,,,,,,,,,,,,,,,,,,,,,,,,,,,,,,,
18_gen,1.7373164,1.7456958,1.7533401,1.7630749,1.7697647,1.7783693,1.7876036,1.7934519,1.8012587,1.8107163,1.8157995,1.8209317,1.8276783,1.8353913,1.8412422,1.8482387,1.8526783,1.8591093,1.864953,1.8704517,1.8760744,1.8820387,1.8874022,1.8919338,1.9011198,1.9112022,1.9173005,1.9272124,1.9337437,1.9406531,1.946327,1.9528892,1.9581541,1.9654917,1.9723104,1.978899,1.9863653,1.9945698,2.0004168,2.0066803,2.0156934,2.0231233,2.0279086,2.0378795,2.0412576,2.0466914,2.05454,2.0625978,2.0659974,2.0737152,2.0787845,2.0871284,2.0928009,2.0989223,2.104961,2.1098292,2.1172063,2.1239266,2.1321774,2.1378858,2.1449475,2.1523533,2.1585665,2.1655006,2.1708379,2.1800036,2.1859345,2.1899753,2.1979651,2.2040315
19_real,1.3112282,,,,,,,,,,,,,,,,,,1.2302488,,,,,,,,,,,,,,,,,,,,,,,,,,,,,,,,,,,,,,,,,,,,,,,,,,,
19_gen,1.311228,1.3076462,1.3059624,1.3025391,1.2984369,1.294129,1.2903019,1.2876853,1.2837957,1.2804899,1.2750871,1.2688962,1.2647467,1.2630656,1.2597075,1.2577679,1.25365,1.2506565,1.2474115,1.2441777,1.2391759,1.2335289,1.2311518,1.2275391,1.225095,1.2225885,1.2199098,1.2159376,1.2131641,1.2104167,1.2100556,1.2053192,1.2011522,1.197237,1.193224,1.1912758,1.1868323,1.183779,1.1789358,1.1742134,1.1719749,1.1671637,1.1627204,1.1583464,1.1537224,1.1518445,1.1489831,1.1462045,1.1393818,1.1358299,1.1306015,1.1260455,1.1212727,1.1173058,1.1158953,1.1125205,1.1084421,1.1048323,1.0972685,1.0911663,1.0876491,1.0844302,1.0810037,1.076811,1.0757005,1.0719075,1.0701513,1.0647883,1.0603212,1.0574049
20_real,1.594272,,,,,,,,,,,,,,,,,,0.7836838,,,,,,,,,,,,,,,,,,,,,,,,,,,,,,,,,,,,,,,,,,,,,,,,,,,
20_gen,1.5942719,1.5868982,1.5823256,1.5769786,1.5755731,1.5717953,1.5683483,1.566313,1.5625274,1.5579569,1.5522295,1.5470774,1.544371,1.539654,1.5358341,1.5331981,1.5270946,1.5244148,1.5182631,1.5163496,1.5144794,1.5096861,1.5066674,1.5049145,1.5002676,1.4991109,1.4950588,1.4906973,1.485883,1.482114,1.4761279,1.4716662,1.4685268,1.4656724,1.4624681,1.4595168,1.4553291,1.4499955,1.4451356,1.4396855,1.4385147,1.435544,1.4313025,1.4267591,1.4227388,1.4193959,1.415482,1.4136568,1.4093723,1.403291,1.398508,1.394882,1.3917335,1.3864802,1.3800952,1.3753836,1.3719554,1.3685018,1.364081,1.3616468,1.3604323,1.3569742,1.3529705,1.350631,1.3457799,1.3440964,1.3396181,1.3343799,1.3310012,1.3258629
21_real,1.8714846,,,,,,,,,,,,,,,,,,1.8484588,,,,,,,,,,,,,,,,,,,,,,,,,,,,,,,,,,,,,,,,,,,,,,,,,,,
21_gen,1.8714845,1.8687305,1.8664131,1.8647617,1.8606507,1.8595928,1.8575118,1.8556179,1.8532724,1.8516773,1.8473785,1.8441375,1.8410289,1.8374554,1.8353546,1.832695,1.8301737,1.8270344,1.8249881,1.822303,1.8196671,1.816989,1.8136787,1.8095671,1.8064607,1.804086,1.8019346,1.8005623,1.797218,1.794213,1.7915046,1.7909572,1.7898285,1.7877128,1.7855133,1.7811756,1.7782066,1.7741836,1.7693752,1.76595,1.762154,1.7609327,1.7571923,1.7529551,1.7491214,1.7456068,1.7438151,1.7411782,1.7369134,1.7364254,1.7341954,1.7310474,1.7285995,1.7257869,1.719701,1.7161318,1.7135344,1.7092739,1.7047879,1.7032923,1.6998587,1.6978614,1.6955183,1.6931715,1.6890157,1.6847656,1.6818457,1.6781973,1.675092,1.6725832
22_real,1.8063264,,,,,,,,,,,,,,,,,,1.8803535,,,,,,,,,,,,,,,,,,,,,,,,,,,,,,,,,,,,,,,,,,,,,,,,,,,
22_gen,1.8063262,1.802664,1.7987655,1.7927135,1.7899053,1.7840456,1.7773647,1.7736765,1.7678381,1.7637075,1.7613192,1.7543036,1.7505538,1.745343,1.7417252,1.7355286,1.7318885,1.7277683,1.7251177,1.7194738,1.7139546,1.7108748,1.7068907,1.7039086,1.700354,1.6948551,1.691341,1.687301,1.6826121,1.6807034,1.6782576,1.6748253,1.6748081,1.6692646,1.6661777,1.6615311,1.6574347,1.6527956,1.6518322,1.6478907,1.6467361,1.6401646,1.633805,1.6303968,1.6268761,1.6230142,1.6238244,1.6219976,1.6174943,1.6164684,1.6122949,1.6055466,1.6022282,1.5982713,1.5973005,1.5949882,1.590036,1.5836957,1.5812404,1.5756272,1.5710233,1.5676452,1.5604692,1.5592562,1.5561244,1.5559056,1.5518568,1.5505581,1.5467175,1.5444522
23_real,0.45470414,,,,,,,,,,,,,,,,,,0.7766417,,,,,,,,,,,,,,,,,,,,,,,,,,,,,,,,,,,,,,,,,,,,,,,,,,,
23_gen,0.45470414,0.44550887,0.43568882,0.42780215,0.4205287,0.41274977,0.40762645,0.3996513,0.3929662,0.38472775,0.37986046,0.37265748,0.36511976,0.3591966,0.3517788,0.34642905,0.34094596,0.3326698,0.32772058,0.32076162,0.31338567,0.308383,0.30173498,0.29471475,0.2875201,0.2820323,0.27554336,0.26827067,0.2607022,0.25481978,0.24932027,0.24305768,0.23635928,0.23054835,0.22411707,0.21797042,0.21078126,0.20340164,0.19585547,0.18806179,0.18282756,0.17521833,0.16899347,0.161176,0.15529284,0.14952317,0.14288881,0.13590303,0.1288819,0.123180054,0.11601241,0.10953174,0.10285087,0.097498596,0.09058948,0.08387015,0.077704795,0.071871474,0.06540201,0.057809927,0.050721757,0.044487145,0.037021935,0.029959416,0.022318283,0.014692361,0.008366762,-0.0011809801,-0.0077133738,-0.012918112
24_real,1.0873976,,,,,,,,,,,,,,,,,,1.1416708,,,,,,,,,,,,,,,,,,,,,,,,,,,,,,,,,,,,,,,,,,,,,,,,,,,
24_gen,1.0873976,1.081292,1.0774839,1.0745965,1.0693322,1.0632694,1.0579758,1.0533934,1.0463359,1.0416474,1.0337793,1.0280273,1.0217144,1.0166526,1.0096632,1.0032333,0.9989104,0.9941592,0.99014103,0.98478955,0.9801585,0.9749855,0.97072,0.9649895,0.96014863,0.957368,0.95263755,0.9462708,0.94015425,0.93460625,0.93103963,0.923134,0.91872823,0.9155774,0.91073596,0.90505713,0.9011499,0.8977154,0.8919296,0.88602865,0.8811046,0.8767959,0.87218064,0.86517507,0.8594257,0.85303897,0.8496275,0.84357107,0.8374769,0.83108234,0.8268038,0.82352126,0.8185703,0.8130916,0.8092613,0.803292,0.7960299,0.79094285,0.78449166,0.77746093,0.7715352,0.76544434,0.7592081,0.7537523,0.749496,0.74635595,0.74116254,0.73605305,0.73082364,0.72653145
25_real,0.5920656,,,,,,,,,,,,,,,,,,0.5969745,,,,,,,,,,,,,,,,,,,,,,,,,,,,,,,,,,,,,,,,,,,,,,,,,,,
25_gen,0.59206563,0.5850963,0.58174855,0.5790132,0.5749443,0.571404,0.5689596,0.5647787,0.5605148,0.5579503,0.5537454,0.55048096,0.5463868,0.5434329,0.54077584,0.537035,0.5340705,0.52963793,0.5272294,0.52421075,0.5235431,0.52064496,0.51820207,0.51543665,0.51430017,0.5107798,0.5075405,0.50550014,0.5042318,0.50175345,0.5001488,0.49742112,0.49638993,0.49494988,0.49243718,0.4904057,0.48868632,0.4854477,0.48134375,0.47945485,0.47845927,0.47546595,0.47284284,0.46907163,0.46665096,0.46367517,0.46122807,0.45779476,0.45709696,0.45487818,0.4536222,0.4519512,0.45036507,0.4483007,0.44553882,0.4419725,0.43954307,0.4371655,0.43546042,0.43323475,0.43128163,0.4292329,0.42651063,0.42432585,0.42083016,0.418106,0.41483897,0.413164,0.4123544,0.40981707
26_real,1.9316314,,,,,,,,,,,,,,,,,,1.7390342,,,,,,,,,,,,,,,,,,,,,,,,,,,,,,,,,,,,,,,,,,,,,,,,,,,
26_gen,1.9316313,1.926306,1.9237483,1.9198511,1.915871,1.9115393,1.9074984,1.9048603,1.9017216,1.8999207,1.8975252,1.8941132,1.8894857,1.8876979,1.8839428,1.8790715,1.8747959,1.8721206,1.8690121,1.8656029,1.8613026,1.858367,1.855699,1.8532228,1.8482081,1.8453194,1.8411366,1.8377117,1.8345394,1.830754,1.8272965,1.8254416,1.8210537,1.816869,1.814511,1.8123119,1.808877,1.806208,1.8032792,1.8000857,1.7969875,1.7918999,1.7899917,1.7880144,1.7859293,1.7825992,1.7786955,1.7772782,1.7734792,1.7697237,1.7655939,1.7619255,1.758798,1.7557008,1.7528727,1.7498293,1.7444353,1.7407423,1.7389466,1.7356231,1.7342752,1.7296464,1.7260348,1.7247397,1.721201,1.7168112,1.7130169,1.709964,1.7061218,1.7030051
27_real,0.9330857,,,,,,,,,,,,,,,,,,0.86249024,,,,,,,,,,,,,,,,,,,,,,,,,,,,,,,,,,,,,,,,,,,,,,,,,,,
27_gen,0.93308556,0.93009007,0.9278865,0.92581576,0.9239141,0.92145795,0.9191602,0.9188472,0.9167967,0.91403514,0.9109098,0.91005105,0.90903395,0.90607756,0.9029764,0.90053976,0.8984513,0.8966179,0.8947358,0.8928045,0.89136493,0.889356,0.8869279,0.88394177,0.8833588,0.8813995,0.8800398,0.878428,0.8757208,0.8742627,0.87327754,0.87142056,0.86931884,0.86673737,0.86471194,0.86302555,0.8618654,0.8603133,0.8571477,0.8558594,0.85201615,0.8510373,0.8483508,0.8468362,0.84569013,0.84341925,0.8418478,0.8400178,0.83753073,0.8350037,0.83364564,0.83084357,0.8286066,0.8265327,0.8243038,0.8227671,0.8198538,0.81700647,0.814898,0.812662,0.81081045,0.80952024,0.8070148,0.8057183,0.80441076,0.80307627,0.8003222,0.79814875,0.7953968,0.79240686
28_real,1.7163197,,,,,,,,,,,,,,,,,,1.7744813,,,,,,,,,,,,,,,,,,,,,,,,,,,,,,,,,,,,,,,,,,,,,,,,,,,
28_gen,1.7163198,1.7156321,1.7154039,1.7138491,1.7114551,1.7093327,1.7084634,1.7057095,1.7054882,1.7037205,1.7037857,1.7033613,1.7026179,1.7032444,1.7023213,1.7014621,1.6989353,1.7002008,1.6994541,1.6979259,1.6948919,1.6940567,1.6939018,1.6919159,1.6900446,1.6897764,1.689182,1.6877234,1.6860352,1.6835037,1.6823626,1.681433,1.6793478,1.6765854,1.6773723,1.674484,1.6740631,1.6724403,1.6704051,1.6690133,1.6670544,1.6663536,1.6651945,1.6625026,1.6610107,1.6595297,1.6578938,1.6539272,1.653621,1.6526638,1.6524885,1.6485462,1.647136,1.6446613,1.643507,1.6406085,1.6392711,1.6376693,1.636253,1.6350317,1.6358837,1.632621,1.6309706,1.6293589,1.628903,1.627088,1.6253378,1.6244781,1.6238711,1.6236084
29_real,-0.12596597,,,,,,,,,,,,,,,,,,-0.39752796,,,,,,,,,,,,,,,,,,,,,,,,,,,,,,,,,,,,,,,,,,,,,,,,,,,
29_gen,-0.12596597,-0.128404,-0.1297771,-0.13116863,-0.13307062,-0.13422816,-0.13708207,-0.13727787,-0.13789895,-0.13871723,-0.14023653,-0.14142017,-0.14303356,-0.14357366,-0.14463465,-0.14460017,-0.14680174,-0.14780599,-0.1488209,-0.1500945,-0.15357324,-0.15301123,-0.15452245,-0.1576315,-0.16034251,-0.1618453,-0.16454032,-0.16616237,-0.16923185,-0.1726772,-0.17403682,-0.17744006,-0.17804876,-0.18047383,-0.18122008,-0.18272638,-0.18471614,-0.18829654,-0.18760584,-0.18882176,-0.18944997,-0.19350302,-0.19397447,-0.19833395,-0.20126562,-0.20220967,-0.20556208,-0.20798251,-0.20978144,-0.21243933,-0.21413083,-0.21549883,-0.21777003,-0.22033826,-0.2223126,-0.22537093,-0.22573566,-0.22940788,-0.23034532,-0.23148918,-0.23261397,-0.23244281,-0.23486486,-0.23499534,-0.23664597,-0.23690769,-0.23736708,-0.24015638,-0.2417573,-0.24342418
30_real,-0.38469782,,,,,,,,,,,,,,,,,,-0.2573095,,,,,,,,,,,,,,,,,,,,,,,,,,,,,,,,,,,,,,,,,,,,,,,,,,,
30_gen,-0.38469785,-0.3931207,-0.39749074,-0.3954684,-0.4030574,-0.40822616,-0.4141728,-0.42025003,-0.42779583,-0.4331127,-0.4381702,-0.4381404,-0.44620448,-0.45193473,-0.45930308,-0.46625543,-0.47832376,-0.4879299,-0.4990278,-0.50038004,-0.50407547,-0.5107042,-0.5186133,-0.5270557,-0.5362096,-0.5382334,-0.54451644,-0.549495,-0.5513785,-0.55376846,-0.5630437,-0.57163346,-0.57493824,-0.5762828,-0.58551943,-0.59439903,-0.59836555,-0.6019032,-0.60702527,-0.6109568,-0.61570746,-0.6192469,-0.6291231,-0.6340152,-0.6444235,-0.6493674,-0.6574705,-0.6664273,-0.6696766,-0.6717265,-0.67573696,-0.6802401,-0.6806026,-0.69014734,-0.6985359,-0.7052099,-0.7114576,-0.72030693,-0.7296339,-0.7375399,-0.74607986,-0.7513406,-0.75952923,-0.7607799,-0.77398,-0.7771547,-0.7796596,-0.7822916,-0.79317755,-0.80383956
31_real,0.5150945,,,,,,,,,,,,,,,,,,0.15608713,,,,,,,,,,,,,,,,,,,,,,,,,,,,,,,,,,,,,,,,,,,,,,,,,,,
31_gen,0.5150946,0.5072426,0.4970781,0.4895567,0.4830927,0.48006845,0.47660866,0.47130626,0.46854377,0.46470317,0.46054155,0.45104057,0.44088897,0.44097894,0.43631452,0.42688656,0.42266148,0.41932482,0.4143661,0.41215882,0.4089404,0.40458065,0.40488115,0.39749187,0.391583,0.3866418,0.38368505,0.38432124,0.3804657,0.3761993,0.3714287,0.36746854,0.35875615,0.35199115,0.34642696,0.3441599,0.33757305,0.33229822,0.3237718,0.32082236,0.31885457,0.3156074,0.31063414,0.3035409,0.2995105,0.2910616,0.2861169,0.2809093,0.27463213,0.26918036,0.2612464,0.2574833,0.25347796,0.25049835,0.24212047,0.2375277,0.23896794,0.23724358,0.2334938,0.2292722,0.21888168,0.21680805,0.20817545,0.20036301,0.19299397,0.18918869,0.18219435,0.17673287,0.16756748,0.16485688
32_real,0.12467527,,,,,,,,,,,,,,,,,,-0.10604137,,,,,,,,,,,,,,,,,,,,,,,,,,,,,,,,,,,,,,,,,,,,,,,,,,,
32_gen,0.12467526,0.122192636,0.11970009,0.11836821,0.11258471,0.11044804,0.10686549,0.107611835,0.10520653,0.10026835,0.0947896,0.092629954,0.09105025,0.0869258,0.08552103,0.08329536,0.080458045,0.07499702,0.07146104,0.06685831,0.06364564,0.059088636,0.057758577,0.051354654,0.048551586,0.045961596,0.04213214,0.039551403,0.034209054,0.03259136,0.028907621,0.022628669,0.019259783,0.016671002,0.0135212485,0.011958735,0.004060377,0.002453955,0.0013637565,0.0003489807,-0.0033303755,-0.0054713814,-0.009487054,-0.010980374,-0.012894288,-0.0145072695,-0.018889561,-0.02145518,-0.026035583,-0.030021936,-0.03371212,-0.039724983,-0.04153069,-0.04554174,-0.048405863,-0.053163707,-0.057168413,-0.058416583,-0.06139768,-0.065776624,-0.06882435,-0.072760984,-0.07929129,-0.08115655,-0.086863406,-0.09087428,-0.09485711,-0.09853627,-0.1019261,-0.10193302
33_real,0.09566354,,,,,,,,,,,,,,,,,,-0.06456569,,,,,,,,,,,,,,,,,,,,,,,,,,,,,,,,,,,,,,,,,,,,,,,,,,,
33_gen,0.09566354,0.093267895,0.08797523,0.086203985,0.08439682,0.081921354,0.080124274,0.08076196,0.080829166,0.07809973,0.07387443,0.07441003,0.07133876,0.06975394,0.06653233,0.06237811,0.057480864,0.0545756,0.0544822,0.053720664,0.051605143,0.05220557,0.04956321,0.04801332,0.04576514,0.04479332,0.0410079,0.03917689,0.035013057,0.032684077,0.031211834,0.031070912,0.028471302,0.027435731,0.028205564,0.025372988,0.023135787,0.02076768,0.021465514,0.018697545,0.017419886,0.013917129,0.011274181,0.009612455,0.0064712493,0.004629562,0.0072209635,0.004655673,0.003976214,0.0021001892,-0.0018196959,-0.005253889,-0.0044878004,-0.0074872286,-0.009017019,-0.011676369,-0.01658484,-0.016101295,-0.018973615,-0.02185421,-0.023745142,-0.024789812,-0.02965129,-0.03229587,-0.035350524,-0.037625633,-0.04033255,-0.041128714,-0.039601386,-0.041627254
34_real,1.1365285,,,,,,,,,,,,,,,,,,0.9518943,,,,,,,,,,,,,,,,,,,,,,,,,,,,,,,,,,,,,,,,,,,,,,,,,,,
34_gen,1.1365284,1.1374077,1.1374964,1.1406987,1.1412027,1.13919,1.1345491,1.1348835,1.1342014,1.1303775,1.1311362,1.1279757,1.1286453,1.1262627,1.1206003,1.1205504,1.1181061,1.1186789,1.1170275,1.1146214,1.1114051,1.1099797,1.1086929,1.1052262,1.1030358,1.1022072,1.1022737,1.102009,1.1009696,1.1001648,1.0997105,1.099983,1.0938032,1.0977678,1.0986712,1.0989617,1.0963378,1.0930746,1.0883982,1.0894942,1.084716,1.0846958,1.0846585,1.0837965,1.082392,1.0826788,1.0843046,1.0846114,1.0821444,1.0826039,1.0789772,1.0752296,1.0736907,1.0728928,1.0711987,1.0668588,1.0641942,1.0622361,1.0590881,1.0601805,1.0606223,1.0560944,1.0564014,1.0526412,1.0510767,1.0470059,1.0439961,1.0440156,1.0433291,1.041671
35_real,0.8400284,,,,,,,,,,,,,,,,,,0.75948673,,,,,,,,,,,,,,,,,,,,,,,,,,,,,,,,,,,,,,,,,,,,,,,,,,,
35_gen,0.8400284,0.8327257,0.8320365,0.8299759,0.8308945,0.82860124,0.8276089,0.822015,0.8177029,0.814256,0.81549037,0.8164798,0.8122776,0.81047744,0.80553997,0.8038906,0.8015224,0.7948516,0.7930795,0.79054147,0.79041064,0.7866564,0.7842081,0.7822148,0.78273404,0.7794241,0.7775146,0.7770951,0.77561426,0.77229244,0.7694289,0.76923233,0.7678792,0.7637877,0.75960904,0.75610816,0.7548661,0.75178874,0.7516282,0.7481185,0.74390286,0.74220896,0.7361257,0.73601633,0.73020947,0.7272669,0.72355074,0.7228571,0.7181519,0.71691906,0.71607625,0.709878,0.70845646,0.7018383,0.7008037,0.6977981,0.6957832,0.69439894,0.6923119,0.6895236,0.6853335,0.68681115,0.6838478,0.6832227,0.67952615,0.6768041,0.6743201,0.6709269,0.66788846,0.66713697
36_real,1.1458932,,,,,,,,,,,,,,,,,,0.8142039,,,,,,,,,,,,,,,,,,,,,,,,,,,,,,,,,,,,,,,,,,,,,,,,,,,
36_gen,1.1458932,1.1476613,1.1474305,1.1473967,1.1481016,1.1423651,1.138519,1.1395409,1.1334249,1.1293795,1.1309392,1.1262814,1.1249132,1.1205342,1.1190926,1.1189339,1.1182146,1.1160135,1.1155113,1.1112789,1.1101855,1.1088876,1.1084269,1.1062977,1.1028018,1.0968163,1.0964859,1.0909603,1.0860751,1.0833508,1.0850152,1.0810618,1.0781761,1.0762331,1.0738202,1.0677307,1.0624907,1.0583678,1.0565132,1.0498538,1.0454525,1.0402057,1.0401938,1.0378311,1.0360663,1.02722,1.0244958,1.0244989,1.0238839,1.0211194,1.0205101,1.0163667,1.0122056,1.0096377,1.0011848,1.0002812,0.998103,0.99513435,0.9937855,0.9890954,0.9833892,0.97510016,0.9698585,0.9651087,0.9618006,0.95858145,0.95683014,0.95343095,0.95390606,0.9513017
37_real,1.0712414,,,,,,,,,,,,,,,,,,0.97622955,,,,,,,,,,,,,,,,,,,,,,,,,,,,,,,,,,,,,,,,,,,,,,,,,,,
37_gen,1.0712414,1.0697887,1.0720462,1.0737584,1.0764248,1.0783459,1.0770233,1.0758483,1.0735236,1.0736088,1.0736033,1.0703573,1.0710996,1.0683992,1.0725237,1.0735517,1.0724001,1.072061,1.0743444,1.0790826,1.0771793,1.0777084,1.0762326,1.0743473,1.0693028,1.0721706,1.0715292,1.0682328,1.0714133,1.0716778,1.0717502,1.0715101,1.0714638,1.0699935,1.0668733,1.0656636,1.068097,1.0651672,1.0644433,1.065672,1.0638452,1.0592359,1.056047,1.0566293,1.0567254,1.0541257,1.0527284,1.0543007,1.0528684,1.0548148,1.0596279,1.0594605,1.0591173,1.0637792,1.0615543,1.0597181,1.0590357,1.0536077,1.0550379,1.0539553,1.0519907,1.0527512,1.053766,1.0521185,1.0523009,1.055365,1.0547671,1.0546439,1.0541524,1.0551668
38_real,0.62771267,,,,,,,,,,,,,,,,,,0.36600226,,,,,,,,,,,,,,,,,,,,,,,,,,,,,,,,,,,,,,,,,,,,,,,,,,,
38_gen,0.62771267,0.62901175,0.62856114,0.6274247,0.6283417,0.6276339,0.62763476,0.6248197,0.6229869,0.624202,0.6210224,0.6190604,0.6173438,0.62057936,0.61873853,0.6148609,0.6132562,0.6118395,0.6119769,0.610427,0.612168,0.612049,0.611887,0.6072337,0.60486734,0.6060025,0.60109,0.59877574,0.59496206,0.5929926,0.59268683,0.5903096,0.5887586,0.58911455,0.5878871,0.5877627,0.58634436,0.58552915,0.58483064,0.58658063,0.5850164,0.5832821,0.5835136,0.57878387,0.5746421,0.57418376,0.5725392,0.5688648,0.5717238,0.56985676,0.5688451,0.565877,0.56604195,0.5644356,0.5648168,0.5639806,0.5601568,0.5569474,0.55534106,0.55385023,0.54858005,0.54521716,0.5430056,0.542524,0.5388312,0.53611016,0.533398,0.5330806,0.5311799,0.531889
39_real,0.19720916,,,,,,,,,,,,,,,,,,0.4216276,,,,,,,,,,,,,,,,,,,,,,,,,,,,,,,,,,,,,,,,,,,,,,,,,,,
39_gen,0.19720915,0.19334061,0.19215038,0.1916924,0.19030948,0.18639433,0.18552962,0.18529691,0.18274942,0.17770526,0.17172049,0.17009482,0.17004576,0.16510177,0.16191734,0.15886833,0.15743575,0.15676431,0.155125,0.15396361,0.1485292,0.14559677,0.14332095,0.13853604,0.13625091,0.13047977,0.12821598,0.12525561,0.12384558,0.122758426,0.12210147,0.11963999,0.11923455,0.1200284,0.1189734,0.118025675,0.117017105,0.116404966,0.1166875,0.111464515,0.11050959,0.10466685,0.10375619,0.10313954,0.10073602,0.099807,0.10043877,0.09481538,0.09401868,0.09320707,0.09153559,0.090709165,0.09027985,0.08613173,0.08213201,0.07926903,0.076244816,0.07510186,0.07170421,0.07166524,0.07177962,0.067615986,0.06415562,0.06299397,0.06496592,0.06347053,0.060250394,0.060048543,0.057629485,0.055781662
40_real,-1.1073062,,,,,,,,,,,,,,,,,,-1.063093,,,,,,,,,,,,,,,,,,,,,,,,,,,,,,,,,,,,,,,,,,,,,,,,,,,
40_gen,-1.1073064,-1.1125193,-1.1141012,-1.1149626,-1.1146678,-1.1140993,-1.1166632,-1.1156555,-1.1172644,-1.1183068,-1.1160214,-1.11969,-1.120347,-1.1187793,-1.1177465,-1.1171789,-1.1191218,-1.1206125,-1.1244042,-1.1232195,-1.1233103,-1.1167164,-1.1192396,-1.1223603,-1.1199789,-1.123263,-1.1281035,-1.1296418,-1.1314657,-1.1338087,-1.1340653,-1.1359936,-1.1384774,-1.1408731,-1.1444048,-1.1465645,-1.1524986,-1.1569885,-1.1588694,-1.1606697,-1.1595486,-1.1625258,-1.1626781,-1.1620405,-1.1605318,-1.1599205,-1.1593726,-1.15926,-1.1554177,-1.153799,-1.1544764,-1.1586459,-1.1609521,-1.1659118,-1.164313,-1.169579,-1.1665115,-1.169669,-1.1658291,-1.169103,-1.1745136,-1.1762278,-1.1785607,-1.1766707,-1.1793091,-1.1765958,-1.174165,-1.174268,-1.1785756,-1.1756197
41_real,1.9096287,,,,,,,,,,,,,,,,,,1.9843417,,,,,,,,,,,,,,,,,,,,,,,,,,,,,,,,,,,,,,,,,,,,,,,,,,,
41_gen,1.9096286,1.9043083,1.9031162,1.8964796,1.8953524,1.8935238,1.8890073,1.8895009,1.8871229,1.8877478,1.8841591,1.8805294,1.8765211,1.8753145,1.8731451,1.8764069,1.872727,1.8657526,1.8663433,1.8649995,1.8614782,1.8603504,1.8532575,1.8542649,1.8565967,1.8554388,1.8616167,1.8645451,1.8626049,1.863094,1.8617996,1.8643417,1.8600544,1.8560423,1.8533252,1.8566567,1.8556246,1.8517265,1.8538926,1.8492882,1.846701,1.8437836,1.8404566,1.8376715,1.8367836,1.8349326,1.8364588,1.8348763,1.8350748,1.8323694,1.8332058,1.8357645,1.8317671,1.8353875,1.8380667,1.8389046,1.8389227,1.8383356,1.8362033,1.8365114,1.834979,1.8390232,1.8376411,1.84388,1.837876,1.8339945,1.8373334,1.8347254,1.8318081,1.8286102
42_real,1.5215136,,,,,,,,,,,,,,,,,,1.5268546,,,,,,,,,,,,,,,,,,,,,,,,,,,,,,,,,,,,,,,,,,,,,,,,,,,
42_gen,1.5215137,1.5145005,1.5094167,1.5067017,1.5037948,1.5007784,1.4970967,1.4922597,1.4869348,1.483279,1.479078,1.4750248,1.4715793,1.4681857,1.4640846,1.4575146,1.4533964,1.4506568,1.4454563,1.4404467,1.4364325,1.4326531,1.4290451,1.4240427,1.4181242,1.4152935,1.4102278,1.4070914,1.402631,1.3980467,1.3930066,1.3878647,1.3847473,1.3807493,1.379014,1.3743572,1.3697244,1.365276,1.3617529,1.3565503,1.351777,1.346555,1.3410661,1.335204,1.3312056,1.326971,1.324056,1.3192549,1.3165467,1.3107638,1.3072602,1.3034775,1.3002117,1.2953618,1.2922156,1.2861236,1.2829273,1.2791744,1.2765663,1.2724006,1.2689669,1.2664764,1.2637739,1.2598852,1.2555597,1.2497782,1.2443799,1.2406566,1.2346097,1.2315463
43_real,-0.90872467,,,,,,,,,,,,,,,,,,-0.92203057,,,,,,,,,,,,,,,,,,,,,,,,,,,,,,,,,,,,,,,,,,,,,,,,,,,
43_gen,-0.90872467,-0.91428244,-0.92084676,-0.9263609,-0.93203306,-0.9376437,-0.9423566,-0.9478041,-0.9520799,-0.95704144,-0.9609405,-0.9685525,-0.9747051,-0.9817197,-0.9865308,-0.9918807,-0.9971999,-1.0016633,-1.0068493,-1.0134571,-1.0200856,-1.0274384,-1.0325935,-1.0358373,-1.0433357,-1.0479753,-1.0538663,-1.059389,-1.0656655,-1.0720645,-1.0778127,-1.0828708,-1.0882143,-1.0918013,-1.0981133,-1.1028621,-1.1095207,-1.1137317,-1.1175604,-1.1234796,-1.1293496,-1.1358612,-1.1377709,-1.1440506,-1.1491114,-1.1550491,-1.1601918,-1.1655153,-1.1707761,-1.1765444,-1.1803868,-1.1855177,-1.1910824,-1.1957498,-1.2005689,-1.2083344,-1.2137265,-1.2167599,-1.22127,-1.2249309,-1.2286493,-1.2325542,-1.2389152,-1.2428343,-1.2469037,-1.2510437,-1.2567105,-1.2620595,-1.2662284,-1.2724892
44_real,-0.046335388,,,,,,,,,,,,,,,,,,-0.12232546,,,,,,,,,,,,,,,,,,,,,,,,,,,,,,,,,,,,,,,,,,,,,,,,,,,
44_gen,-0.04633539,-0.051407386,-0.05485169,-0.056870706,-0.060712792,-0.060991455,-0.06433566,-0.06793364,-0.07112569,-0.074297205,-0.07707932,-0.07829041,-0.080562934,-0.08487297,-0.08647795,-0.089183256,-0.09159981,-0.096445285,-0.09951755,-0.099066,-0.101571284,-0.10306449,-0.10492392,-0.10631653,-0.109021164,-0.11135942,-0.112812236,-0.11348136,-0.11669223,-0.11852012,-0.12128606,-0.12439625,-0.12589371,-0.12923613,-0.13307168,-0.13346046,-0.13625517,-0.13967574,-0.14161773,-0.14427039,-0.14867301,-0.15081796,-0.15188594,-0.15447375,-0.15801564,-0.16115007,-0.1627169,-0.16490349,-0.16661967,-0.16948052,-0.17124964,-0.17332424,-0.17636114,-0.17901687,-0.18110642,-0.18351676,-0.18687136,-0.18803331,-0.19033149,-0.19203936,-0.19536307,-0.19609211,-0.19609852,-0.19615123,-0.19705263,-0.19938903,-0.20004013,-0.20224898,-0.20391479,-0.2050194
45_real,-0.0010615988,,,,,,,,,,,,,,,,,,0.20491143,,,,,,,,,,,,,,,,,,,,,,,,,,,,,,,,,,,,,,,,,,,,,,,,,,,
45_gen,-0.0010615988,-0.012459696,-0.01974958,-0.029406998,-0.038028117,-0.042156868,-0.048877474,-0.051786937,-0.05578044,-0.059886567,-0.06411523,-0.06817537,-0.073556975,-0.077655986,-0.0825258,-0.090562776,-0.09336505,-0.10076847,-0.10505804,-0.1104313,-0.115484156,-0.11903451,-0.12178864,-0.12548006,-0.13088495,-0.13561887,-0.13961901,-0.14303029,-0.14764182,-0.15253083,-0.15764879,-0.16299467,-0.16823749,-0.17223652,-0.17485209,-0.17778322,-0.18345214,-0.18336639,-0.18597263,-0.1958134,-0.20205292,-0.20890316,-0.2150518,-0.2217544,-0.22916687,-0.23291919,-0.23764746,-0.24225728,-0.24759623,-0.25034443,-0.25277776,-0.25976643,-0.26035252,-0.26704806,-0.27066064,-0.27282745,-0.2772638,-0.2816158,-0.2855844,-0.2908129,-0.29658476,-0.30178848,-0.30612594,-0.30798656,-0.31316718,-0.31628004,-0.32493287,-0.32965094,-0.33440328,-0.33785847
46_real,0.2738707,,,,,,,,,,,,,,,,,,0.2526167,,,,,,,,,,,,,,,,,,,,,,,,,,,,,,,,,,,,,,,,,,,,,,,,,,,
46_gen,0.2738707,0.2673687,0.2626933,0.25749317,0.2530749,0.24919948,0.24376006,0.24014184,0.23717678,0.23249333,0.22865315,0.22498338,0.22183359,0.21929428,0.2141461,0.21084544,0.2080586,0.20480856,0.20192158,0.19887087,0.19539729,0.19253561,0.18910457,0.18569553,0.1808327,0.17639351,0.17255457,0.1674798,0.16356525,0.16188586,0.15744588,0.15389054,0.15020445,0.1475238,0.14424667,0.1392535,0.13545361,0.13109784,0.1267912,0.122421026,0.11722489,0.113624394,0.11003073,0.10515843,0.101569876,0.09881658,0.095975295,0.09123011,0.08843496,0.08474419,0.08043967,0.07650615,0.07370259,0.07063912,0.06839405,0.064894214,0.061058123,0.056542385,0.05275785,0.04955879,0.046079576,0.043383975,0.0396891,0.03644069,0.03266334,0.028157732,0.02587529,0.0216422,0.017734278,0.014347146
47_real,0.3874436,,,,,,,,,,,,,,,,,,0.32618913,,,,,,,,,,,,,,,,,,,,,,,,,,,,,,,,,,,,,,,,,,,,,,,,,,,
47_gen,0.38744357,0.38363397,0.37960055,0.37580436,0.37217575,0.3682676,0.3639189,0.35934138,0.35580125,0.3529443,0.3500685,0.34740448,0.34317762,0.33990502,0.33627594,0.33249092,0.32799953,0.3236259,0.32045212,0.31658372,0.31234175,0.31003386,0.30468008,0.3020349,0.29876128,0.29535073,0.29178798,0.28870434,0.28465968,0.28155714,0.2771507,0.27211905,0.26805276,0.26622802,0.2636554,0.25973073,0.25671312,0.25432655,0.25102502,0.24459632,0.24157274,0.23914011,0.23393352,0.23131731,0.22974667,0.22304678,0.21895477,0.21406062,0.21010561,0.20693329,0.20335507,0.20153324,0.19585404,0.19160023,0.18683241,0.18287624,0.17855002,0.17394207,0.17053238,0.16694608,0.16367777,0.15832852,0.15549956,0.15238999,0.14909424,0.14540043,0.1432344,0.1391179,0.13471007,0.1329237
48_real,0.9733794,,,,,,,,,,,,,,,,,,0.84950644,,,,,,,,,,,,,,,,,,,,,,,,,,,,,,,,,,,,,,,,,,,,,,,,,,,
48_gen,0.97337925,0.9674884,0.9614727,0.9575965,0.9503849,0.94764745,0.9430057,0.94078445,0.93655336,0.93124664,0.9286669,0.9245599,0.9220856,0.919557,0.91664106,0.9139334,0.91066134,0.9090808,0.9038212,0.89922905,0.8990409,0.89750034,0.8947302,0.8911926,0.88953704,0.88610524,0.88200295,0.8751483,0.8715479,0.86493194,0.8623227,0.85715914,0.8560497,0.84990203,0.84855366,0.8460662,0.84344375,0.83953774,0.8343997,0.8288263,0.82549655,0.8226492,0.8199669,0.817644,0.8144678,0.8117318,0.80919445,0.8035017,0.79834574,0.7949981,0.79229105,0.7880311,0.783858,0.7804667,0.77839696,0.7743171,0.7715336,0.7680434,0.7647435,0.7612092,0.7576874,0.7530462,0.7502622,0.74864715,0.745513,0.7434526,0.74084115,0.7376573,0.7337552,0.7306033
49_real,1.5580238,,,,,,,,,,,,,,,,,,1.351285,,,,,,,,,,,,,,,,,,,,,,,,,,,,,,,,,,,,,,,,,,,,,,,,,,,
49_gen,1.5580237,1.5494237,1.5421759,1.534753,1.5298659,1.5260725,1.5236218,1.5165633,1.5132861,1.5074779,1.5055921,1.5016968,1.4992723,1.4939902,1.4903897,1.4866219,1.4840678,1.4780234,1.473261,1.4692438,1.4662535,1.460911,1.4575363,1.4538279,1.4488677,1.4466074,1.4435365,1.4400694,1.4366256,1.4316926,1.4256892,1.4217337,1.418578,1.4151809,1.4109236,1.4094058,1.4041775,1.4003503,1.3960758,1.391712,1.388682,1.3840383,1.3789924,1.3747807,1.3749487,1.3703747,1.3644633,1.3626627,1.3578404,1.3499988,1.3454003,1.3439963,1.335849,1.33062,1.3267052,1.3217518,1.3154796,1.3116983,1.3091316,1.3013885,1.2956984,1.2921385,1.2880472,1.2848641,1.2813184,1.2758232,1.2749708,1.2705257,1.2640638,1.2615869
50_real,0.64355004,,,,,,,,,,,,,,,,,,0.5470575,,,,,,,,,,,,,,,,,,,,,,,,,,,,,,,,,,,,,,,,,,,,,,,,,,,
50_gen,0.64355,0.6353478,0.6314982,0.62396157,0.61679703,0.6085199,0.60548323,0.5957897,0.5915387,0.58382833,0.5800108,0.571968,0.56521416,0.55935335,0.554223,0.5509179,0.54491776,0.53752244,0.53591967,0.52797747,0.5245219,0.5200648,0.5151989,0.50977093,0.5051344,0.5037946,0.5030993,0.4945774,0.49074775,0.48477164,0.48219213,0.47976795,0.47619647,0.47133484,0.4691235,0.46425048,0.45677918,0.4518836,0.44667244,0.43929297,0.43690085,0.43209797,0.42942518,0.42872792,0.42200875,0.41723925,0.40843278,0.40488356,0.40132484,0.39728266,0.38915238,0.3847423,0.38010913,0.37598175,0.36992508,0.36404544,0.35797247,0.34873596,0.34750414,0.34495574,0.3405121,0.3349864,0.33094546,0.32453543,0.31991038,0.31551048,0.307197,0.3016909,0.2939039,0.29231194
51_real,-0.3529717,,,,,,,,,,,,,,,,,,-0.3077789,,,,,,,,,,,,,,,,,,,,,,,,,,,,,,,,,,,,,,,,,,,,,,,,,,,
51_gen,-0.35297173,-0.35798115,-0.36091575,-0.36236405,-0.36595488,-0.36754495,-0.37327543,-0.37677565,-0.38292488,-0.38562497,-0.38969696,-0.3953667,-0.39960536,-0.40645665,-0.41062802,-0.41336226,-0.41797408,-0.42234492,-0.4258524,-0.43003917,-0.4325266,-0.43745908,-0.44324046,-0.44743282,-0.4512755,-0.45674807,-0.46094656,-0.4671502,-0.47230545,-0.47459373,-0.4790998,-0.48605186,-0.48966756,-0.49496952,-0.49883002,-0.5027579,-0.50729626,-0.51179934,-0.51679176,-0.52159035,-0.5251769,-0.5285175,-0.5293285,-0.52854,-0.5319935,-0.53722274,-0.54253757,-0.5444684,-0.5506753,-0.55697286,-0.5620688,-0.56831574,-0.573879,-0.5775979,-0.57863003,-0.5807148,-0.58604014,-0.5948963,-0.59918535,-0.6025891,-0.60924256,-0.6127622,-0.6203805,-0.6239172,-0.62716854,-0.62598026,-0.6334139,-0.636011,-0.6379961,-0.6465801
52_real,-0.28519928,,,,,,,,,,,,,,,,,,-0.40983146,,,,,,,,,,,,,,,,,,,,,,,,,,,,,,,,,,,,,,,,,,,,,,,,,,,
52_gen,-0.28519925,-0.28738883,-0.29264706,-0.2972617,-0.30448288,-0.3052048,-0.30914456,-0.31186482,-0.31912073,-0.3242484,-0.32969362,-0.3323535,-0.33946407,-0.34190685,-0.34752122,-0.35039997,-0.35467708,-0.35722464,-0.36057228,-0.36651573,-0.36938778,-0.37302545,-0.3763873,-0.3795108,-0.38216847,-0.38565543,-0.3914587,-0.39288467,-0.4004137,-0.40538922,-0.4102816,-0.41382208,-0.41709313,-0.4235971,-0.42676276,-0.4336935,-0.43694776,-0.4453122,-0.45103368,-0.45595115,-0.45804858,-0.465105,-0.47034234,-0.4752592,-0.47644177,-0.47794324,-0.4847824,-0.4890481,-0.48943418,-0.4925283,-0.49774107,-0.5017075,-0.50531393,-0.5099009,-0.51456124,-0.520666,-0.52375233,-0.5255155,-0.53097194,-0.5362369,-0.5367041,-0.54176813,-0.54408425,-0.5495157,-0.5544666,-0.55904806,-0.56335086,-0.5665709,-0.5717922,-0.5775069
53_real,0.67537695,,,,,,,,,,,,,,,,,,0.4011815,,,,,,,,,,,,,,,,,,,,,,,,,,,,,,,,,,,,,,,,,,,,,,,,,,,
53_gen,0.67537695,0.672337,0.669754,0.66214824,0.6540034,0.6495277,0.6448559,0.6405641,0.6312134,0.6234919,0.6203021,0.61758673,0.61231697,0.6065994,0.59838074,0.5916278,0.58708495,0.58259404,0.57623255,0.5707405,0.56649446,0.55921507,0.5548801,0.55151945,0.54258335,0.5377958,0.52839607,0.517645,0.5052513,0.49771744,0.4909419,0.48915195,0.48347932,0.47527218,0.4650104,0.4578084,0.4496623,0.44929075,0.44303638,0.4355618,0.42744336,0.4214686,0.41769147,0.40672755,0.3978099,0.39348632,0.38769546,0.38485256,0.37927023,0.37475312,0.36801726,0.35906762,0.3557313,0.35321835,0.34556848,0.33913362,0.32991123,0.32237118,0.31566805,0.3133193,0.30957675,0.3024081,0.29699516,0.28982693,0.28172058,0.2744505,0.26643553,0.2578849,0.25471792,0.24616425
54_real,1.2883744,,,,,,,,,,,,,,,,,,1.0369687,,,,,,,,,,,,,,,,,,,,,,,,,,,,,,,,,,,,,,,,,,,,,,,,,,,
54_gen,1.2883743,1.2792106,1.2761183,1.268957,1.2636718,1.2584887,1.2538134,1.2491634,1.2447897,1.2355659,1.2301525,1.2278655,1.2257311,1.2183373,1.2175539,1.2100132,1.2043076,1.1975577,1.1936026,1.1891829,1.1861641,1.1804574,1.178349,1.1766844,1.1696926,1.1668665,1.1671022,1.165009,1.1565273,1.1490065,1.1491292,1.1415012,1.1421951,1.1350752,1.1352158,1.1348772,1.1334028,1.1321007,1.1249692,1.1187421,1.1216831,1.117305,1.1157101,1.1083915,1.09929,1.0979521,1.095443,1.0924335,1.091783,1.0917807,1.0884349,1.0828241,1.0772789,1.0699161,1.0612284,1.0542716,1.0509237,1.0437826,1.0411375,1.038019,1.0342112,1.0281346,1.0264025,1.0209403,1.0145032,1.0068537,1.0023575,0.99595624,0.9898721,0.98148835
55_real,1.8796879,,,,,,,,,,,,,,,,,,1.5245408,,,,,,,,,,,,,,,,,,,,,,,,,,,,,,,,,,,,,,,,,,,,,,,,,,,
55_gen,1.879688,1.8761349,1.8739443,1.8698034,1.8663168,1.8618095,1.8601809,1.8555415,1.8502178,1.8450794,1.8413746,1.8380467,1.8361456,1.8330685,1.8293841,1.8263462,1.8256142,1.8222078,1.8203005,1.8181524,1.8177764,1.812163,1.8063574,1.8048996,1.8025606,1.7987621,1.7971729,1.7945023,1.7908751,1.787391,1.7849991,1.782739,1.7790327,1.7762502,1.7740761,1.7688324,1.7652708,1.7626297,1.7593321,1.758127,1.7551186,1.7507293,1.7474425,1.7469486,1.7451582,1.740379,1.7359717,1.7344624,1.7331728,1.7332224,1.7296832,1.7251251,1.7229229,1.719075,1.7149719,1.7112525,1.7075412,1.7044321,1.7004791,1.6973865,1.6947534,1.6909192,1.6871727,1.6852818,1.6813561,1.6780916,1.6757284,1.6726439,1.670935,1.6666615
56_real,0.091770224,,,,,,,,,,,,,,,,,,-0.036309205,,,,,,,,,,,,,,,,,,,,,,,,,,,,,,,,,,,,,,,,,,,,,,,,,,,
56_gen,0.091770224,0.09084913,0.08862208,0.08690527,0.08433086,0.083176896,0.08287539,0.07851892,0.07629801,0.07512957,0.07477317,0.072709404,0.06981534,0.06908931,0.06920986,0.06497226,0.06501276,0.06373818,0.061830778,0.059823215,0.059481155,0.061314225,0.059103124,0.055974107,0.056420475,0.05464532,0.053546906,0.04953128,0.051345795,0.048729368,0.047388263,0.04533834,0.044059735,0.041701347,0.039551377,0.03690196,0.033653863,0.033729356,0.03335289,0.031323038,0.028043782,0.02384148,0.020034367,0.016541446,0.014296548,0.013574193,0.010920389,0.008092291,0.0056650066,0.0031597733,0.0013963759,0.0026432665,-0.00041057356,-0.0012472816,-0.0024283628,-0.0032764287,-0.003523446,-0.0055154944,-0.0086387675,-0.00957893,-0.013121615,-0.016810875,-0.019023372,-0.022358792,-0.02363541,-0.024638612,-0.02727297,-0.028844913,-0.030979311,-0.034370553
57_real,2.7263348,,,,,,,,,,,,,,,,,,2.5054889,,,,,,,,,,,,,,,,,,,,,,,,,,,,,,,,,,,,,,,,,,,,,,,,,,,
57_gen,2.726335,2.7183893,2.709387,2.7015882,2.694798,2.687449,2.674666,2.6657276,2.6569626,2.6501398,2.642915,2.637722,2.633949,2.6309595,2.624391,2.6191132,2.60909,2.6030514,2.595841,2.5893645,2.5817575,2.574712,2.5701673,2.5659194,2.5585046,2.554059,2.549255,2.5435226,2.5372226,2.530272,2.5238385,2.517997,2.5124757,2.5021663,2.4920292,2.4877133,2.4793613,2.473014,2.4692743,2.4626248,2.4541194,2.4498248,2.4456155,2.4362037,2.4265795,2.417596,2.4098148,2.4034553,2.3976686,2.3913555,2.385344,2.3791976,2.3757997,2.3712153,2.366695,2.3595185,2.351798,2.3419404,2.3379705,2.3275588,2.3205583,2.3114436,2.3071313,2.3016396,2.2920902,2.2868133,2.282806,2.276894,2.270902,2.2641342
58_real,2.3261023,,,,,,,,,,,,,,,,,,1.7646475,,,,,,,,,,,,,,,,,,,,,,,,,,,,,,,,,,,,,,,,,,,,,,,,,,,
58_gen,2.3261025,2.3232083,2.3183107,2.3126664,2.3128455,2.3040128,2.2977605,2.2935102,2.28678,2.2779021,2.2722888,2.2669349,2.2647014,2.2577248,2.2505085,2.2464309,2.2398024,2.2356613,2.2278304,2.21951,2.2134082,2.2019906,2.2017696,2.198737,2.1901472,2.1825528,2.173468,2.1651158,2.1627135,2.156373,2.1554437,2.1518726,2.1473505,2.141756,2.1404226,2.1362002,2.129138,2.1187472,2.11736,2.1110573,2.104016,2.0981903,2.0946522,2.0902607,2.0848505,2.0776193,2.074574,2.072737,2.0639024,2.0601828,2.0530887,2.0485337,2.0433776,2.0380893,2.0328503,2.0305324,2.0238383,2.0194464,2.0153644,2.0100098,2.0099921,2.002703,1.9964902,1.9877517,1.9802258,1.9726397,1.9662492,1.9639645,1.959554,1.9481255
59_real,0.6776036,,,,,,,,,,,,,,,,,,0.45486888,,,,,,,,,,,,,,,,,,,,,,,,,,,,,,,,,,,,,,,,,,,,,,,,,,,
59_gen,0.67760366,0.6748892,0.67736787,0.6758824,0.67535675,0.6733047,0.67373717,0.67267805,0.6708971,0.6674832,0.66377854,0.6599785,0.6592237,0.65748614,0.6538805,0.6530293,0.64968383,0.6472343,0.6450999,0.64472276,0.64117914,0.6361476,0.6332473,0.633492,0.6310955,0.6289369,0.6289261,0.6273254,0.6266311,0.62448037,0.6222775,0.6224866,0.61952674,0.6172996,0.6162523,0.6145,0.6117607,0.60937846,0.6083696,0.60250324,0.6027248,0.5988585,0.59675777,0.5961193,0.59527767,0.59305084,0.5912973,0.58973145,0.58937126,0.58646333,0.5860301,0.5863359,0.5856223,0.5848061,0.58066094,0.5778276,0.57652175,0.5717171,0.56708944,0.5651197,0.5614482,0.5604094,0.5583235,0.555153,0.55133396,0.5485424,0.547107,0.5415869,0.5382535,0.53731096
60_real,0.8244877,,,,,,,,,,,,,,,,,,0.7001251,,,,,,,,,,,,,,,,,,,,,,,,,,,,,,,,,,,,,,,,,,,,,,,,,,,
60_gen,0.8244877,0.82371175,0.823141,0.8229523,0.8231867,0.8224431,0.82233655,0.82047784,0.8213968,0.82076675,0.8183532,0.8217269,0.82014096,0.81568277,0.8155635,0.81680423,0.81603634,0.81549627,0.8151944,0.8127968,0.8147972,0.8115872,0.8108261,0.8078392,0.8109061,0.81173337,0.80963385,0.80761755,0.80676496,0.80280316,0.8011832,0.80293643,0.8046149,0.8052963,0.80399054,0.80420387,0.8064909,0.8068937,0.8078769,0.8070258,0.80575544,0.80614173,0.80556524,0.8021568,0.80283815,0.8047145,0.80289114,0.806153,0.80388004,0.80130464,0.8016509,0.8006377,0.8000247,0.80001986,0.79886454,0.7999791,0.80174077,0.80146855,0.802046,0.80190945,0.80117786,0.8004614,0.797701,0.7966009,0.79549766,0.7951427,0.7941428,0.79273856,0.7933619,0.79491216
61_real,0.30956772,,,,,,,,,,,,,,,,,,0.049379684,,,,,,,,,,,,,,,,,,,,,,,,,,,,,,,,,,,,,,,,,,,,,,,,,,,
61_gen,0.30956772,0.30601677,0.30581552,0.3059797,0.3013985,0.300019,0.29880786,0.2936084,0.28975052,0.28469926,0.28137413,0.28020507,0.27500373,0.2742458,0.26823026,0.26120412,0.2586028,0.25859675,0.25662294,0.25043672,0.24630275,0.2425193,0.23387733,0.22958598,0.22507234,0.22130075,0.21811077,0.21373503,0.21188863,0.20514163,0.20028241,0.19657874,0.19598512,0.19379345,0.19086523,0.18576702,0.18422943,0.18671568,0.18163371,0.17689879,0.178282,0.17454275,0.17570022,0.17265637,0.17350641,0.1725515,0.17322478,0.16773883,0.1586205,0.15737265,0.1529527,0.14731213,0.14916795,0.14523146,0.14284101,0.14229937,0.1399183,0.13664398,0.13347295,0.13790116,0.13732405,0.13515738,0.13264057,0.12837717,0.1261174,0.12089385,0.11805703,0.1135384,0.112645194,0.11207439
62_real,0.10856386,,,,,,,,,,,,,,,,,,0.0008324972,,,,,,,,,,,,,,,,,,,,,,,,,,,,,,,,,,,,,,,,,,,,,,,,,,,
62_gen,0.108563855,0.10038533,0.093107864,0.08901295,0.08343278,0.07362342,0.0680124,0.05989316,0.05412044,0.054558344,0.05060359,0.04927247,0.045335762,0.039384335,0.030114466,0.025021534,0.019784804,0.011705169,0.008464563,0.0074154236,0.0021092568,-0.0023783057,-0.0040894626,-0.011766837,-0.016334422,-0.017971728,-0.023499472,-0.02692568,-0.035611,-0.041599303,-0.046138637,-0.053144526,-0.05582962,-0.06326985,-0.06593575,-0.06795931,-0.068325475,-0.074509725,-0.07880752,-0.08708628,-0.0938025,-0.097518474,-0.099820994,-0.104157284,-0.10950899,-0.1144639,-0.11882762,-0.1215664,-0.12743258,-0.12625238,-0.1333921,-0.1366875,-0.13999969,-0.1435257,-0.14927931,-0.15409407,-0.15958251,-0.16815293,-0.17564562,-0.1811333,-0.18870045,-0.19347242,-0.19934043,-0.20639877,-0.21560574,-0.2211767,-0.22718184,-0.23254673,-0.23823896,-0.2426298
63_real,0.87616175,,,,,,,,,,,,,,,,,,0.8344785,,,,,,,,,,,,,,,,,,,,,,,,,,,,,,,,,,,,,,,,,,,,,,,,,,,
63_gen,0.8761617,0.8655349,0.86045676,0.85583496,0.84879637,0.83895695,0.83447886,0.826719,0.8184236,0.8098195,0.80120134,0.79047394,0.78304684,0.77870405,0.7690064,0.76161087,0.753562,0.7469708,0.73919994,0.7320998,0.72582763,0.71852005,0.7130009,0.7047192,0.6957208,0.6868183,0.6837405,0.6762961,0.66827434,0.66280675,0.6575491,0.6497673,0.6424465,0.6366357,0.6319143,0.625213,0.6180957,0.6125879,0.60192764,0.59280795,0.58734006,0.5813884,0.57321876,0.56452,0.55842465,0.55098045,0.5441405,0.5358678,0.53096795,0.5227462,0.5152072,0.5100242,0.50285137,0.4947683,0.48578483,0.47879463,0.46833014,0.46319467,0.45792788,0.45041052,0.44348472,0.43175307,0.42445868,0.41791892,0.41135263,0.40510577,0.39632344,0.39040536,0.38174087,0.37236622
64_real,1.4720277,,,,,,,,,,,,,,,,,,1.5120583,,,,,,,,,,,,,,,,,,,,,,,,,,,,,,,,,,,,,,,,,,,,,,,,,,,
64_gen,1.4720277,1.4663594,1.4571359,1.4473445,1.4410025,1.4377064,1.4313179,1.4268838,1.4229972,1.4191223,1.4156042,1.4120017,1.4062794,1.3955895,1.3893968,1.3811228,1.3745725,1.3709878,1.3704302,1.3637009,1.3606302,1.3582387,1.3489404,1.3430349,1.3389138,1.3359989,1.3313031,1.3287796,1.324482,1.3167922,1.311641,1.3033631,1.2996587,1.2946517,1.2919661,1.2885906,1.2864084,1.2823321,1.2743697,1.2676946,1.2598838,1.2529804,1.2471263,1.2485983,1.24664,1.2437518,1.2377799,1.2327149,1.226331,1.2237718,1.21525,1.2089108,1.20452,1.2003791,1.1963581,1.1940817,1.1896173,1.1841835,1.1822622,1.1788108,1.1725436,1.1673661,1.1624653,1.1579578,1.1524452,1.1453371,1.1390617,1.1368676,1.1334741,1.126518
65_real,1.1479429,,,,,,,,,,,,,,,,,,1.1998837,,,,,,,,,,,,,,,,,,,,,,,,,,,,,,,,,,,,,,,,,,,,,,,,,,,
65_gen,1.1479428,1.1406292,1.1372684,1.1330156,1.1257174,1.1220766,1.1146814,1.1098492,1.1044499,1.1000563,1.0968621,1.089955,1.0847493,1.0778959,1.0742093,1.067672,1.0640334,1.0614607,1.0547464,1.0479895,1.041986,1.0375707,1.0322925,1.0249326,1.020238,1.0147166,1.0109928,1.0050721,1.000185,0.9938787,0.9868866,0.980972,0.97580796,0.9703082,0.9681511,0.96327496,0.9578187,0.95516646,0.9504608,0.9446141,0.9396782,0.9354596,0.93127316,0.92514527,0.91960895,0.91548884,0.9103832,0.9036706,0.8989719,0.89422715,0.88805896,0.8860582,0.8781592,0.87074137,0.8646511,0.8634656,0.8601073,0.85503674,0.8537485,0.84748137,0.8442097,0.84145325,0.8361393,0.83084667,0.82069904,0.81717193,0.8130314,0.8060603,0.8008584,0.79293257
66_real,1.3552881,,,,,,,,,,,,,,,,,,1.1935884,,,,,,,,,,,,,,,,,,,,,,,,,,,,,,,,,,,,,,,,,,,,,,,,,,,
66_gen,1.3552883,1.3474869,1.3381369,1.3318897,1.3277825,1.3259839,1.3222529,1.3204293,1.3153195,1.3135784,1.3092649,1.3048941,1.2984416,1.2924067,1.2890958,1.2839785,1.2821623,1.2813085,1.2746143,1.2673408,1.2654095,1.2613075,1.2548894,1.2495288,1.2465646,1.2409801,1.2357639,1.2316215,1.2303835,1.2267257,1.2215788,1.2204891,1.2112124,1.2077115,1.2031308,1.2011529,1.1992185,1.196198,1.1930487,1.1884005,1.1836966,1.1803753,1.174696,1.1704489,1.1676391,1.1656725,1.161885,1.1550035,1.1524584,1.1480751,1.1451375,1.1418426,1.1374211,1.1339405,1.1299956,1.1253496,1.1212305,1.1159856,1.1141344,1.1107442,1.1058667,1.1005663,1.101557,1.09976,1.0981073,1.0955806,1.0910728,1.0874891,1.0816404,1.0783896
67_real,1.3944815,,,,,,,,,,,,,,,,,,1.8225877,,,,,,,,,,,,,,,,,,,,,,,,,,,,,,,,,,,,,,,,,,,,,,,,,,,
67_gen,1.3944815,1.391044,1.384444,1.3817244,1.3779151,1.372136,1.3665737,1.3595145,1.3546859,1.3499871,1.3474463,1.3436786,1.338482,1.33452,1.3333637,1.3289154,1.3267882,1.3234032,1.3199193,1.318753,1.314239,1.3115308,1.3081329,1.3053169,1.3024203,1.2993934,1.2969801,1.2947155,1.2929101,1.2890911,1.2865604,1.2831903,1.2802292,1.2766693,1.2713025,1.2700093,1.2650597,1.2636211,1.2611458,1.2575266,1.2536225,1.2484564,1.2476668,1.2418479,1.2391751,1.2386276,1.2370956,1.2333479,1.231394,1.2281766,1.2267443,1.2198708,1.2157657,1.2125189,1.2093757,1.2054436,1.2048852,1.2042164,1.2023308,1.2018274,1.1960357,1.1946075,1.1907836,1.185166,1.181114,1.177675,1.173926,1.1684942,1.163511,1.1569799
68_real,1.9813755,,,,,,,,,,,,,,,,,,1.8476639,,,,,,,,,,,,,,,,,,,,,,,,,,,,,,,,,,,,,,,,,,,,,,,,,,,
68_gen,1.9813755,1.9701096,1.9643278,1.9593773,1.9550146,1.9460137,1.9384485,1.9358425,1.9319112,1.9274766,1.9227444,1.9208629,1.9200027,1.9177454,1.9158264,1.9097658,1.906472,1.9053802,1.9004647,1.898423,1.8919739,1.8882262,1.8858559,1.8811691,1.8764591,1.8756307,1.8699081,1.8653167,1.8604834,1.8586445,1.8515875,1.8467863,1.842296,1.8399881,1.8347902,1.8351271,1.83233,1.8296626,1.8244226,1.8214595,1.8180145,1.8140434,1.8086942,1.8019905,1.8016901,1.7978016,1.7920316,1.7880245,1.7858015,1.7803379,1.7785333,1.7769963,1.7694962,1.7692921,1.765014,1.7623599,1.7612495,1.7581303,1.754036,1.752784,1.7508488,1.7473847,1.7454611,1.7402912,1.7363094,1.732338,1.7273924,1.7223547,1.720178,1.7153183
69_real,-0.2006842,,,,,,,,,,,,,,,,,,-0.29420978,,,,,,,,,,,,,,,,,,,,,,,,,,,,,,,,,,,,,,,,,,,,,,,,,,,
69_gen,-0.20068422,-0.20756944,-0.21085961,-0.21481457,-0.2200942,-0.22815111,-0.23091948,-0.23236053,-0.23622176,-0.23964758,-0.2428811,-0.24716194,-0.2507381,-0.2590093,-0.26283494,-0.2684553,-0.27600253,-0.28118205,-0.2827796,-0.29006383,-0.2964631,-0.30388743,-0.30468863,-0.30685455,-0.3111237,-0.3115133,-0.31520212,-0.31783792,-0.3230395,-0.3245792,-0.32529187,-0.3309676,-0.33263743,-0.33894673,-0.33805814,-0.33986485,-0.34512988,-0.34508616,-0.34766078,-0.35061592,-0.355511,-0.35907447,-0.36190087,-0.36399886,-0.36269996,-0.3679771,-0.3758728,-0.37867743,-0.3803222,-0.38488635,-0.38584238,-0.3888089,-0.39236385,-0.39766783,-0.40298405,-0.40852603,-0.41190553,-0.41921186,-0.42071486,-0.4255866,-0.42647576,-0.42793465,-0.43174854,-0.43144408,-0.43722853,-0.4405201,-0.44309503,-0.44724822,-0.4541417,-0.45852083
70_real,-0.23370919,,,,,,,,,,,,,,,,,,-0.2630647,,,,,,,,,,,,,,,,,,,,,,,,,,,,,,,,,,,,,,,,,,,,,,,,,,,
70_gen,-0.23370919,-0.23574181,-0.242745,-0.24765332,-0.25239658,-0.26087373,-0.2675822,-0.26885754,-0.2699882,-0.26969415,-0.27579564,-0.2802473,-0.27794412,-0.28173897,-0.28630126,-0.29053247,-0.29577357,-0.29774827,-0.30013725,-0.30415502,-0.30310774,-0.30232257,-0.3033479,-0.30448398,-0.3089277,-0.31448364,-0.31565914,-0.31755137,-0.31740916,-0.32190347,-0.32422996,-0.32584566,-0.32946032,-0.33288842,-0.33694792,-0.34120664,-0.34338275,-0.34126857,-0.34011608,-0.34348464,-0.34657657,-0.34939283,-0.35006055,-0.35182017,-0.3553242,-0.3574868,-0.36235446,-0.36875886,-0.3736616,-0.378479,-0.38025004,-0.38025755,-0.38435417,-0.38982445,-0.39839894,-0.40091768,-0.4025783,-0.4050811,-0.4070979,-0.4104561,-0.41333514,-0.4179948,-0.41962734,-0.42253852,-0.43125325,-0.43092078,-0.43022123,-0.43454584,-0.43704653,-0.4398869
71_real,1.817218,,,,,,,,,,,,,,,,,,1.3896292,,,,,,,,,,,,,,,,,,,,,,,,,,,,,,,,,,,,,,,,,,,,,,,,,,,
71_gen,1.8172181,1.8195282,1.819833,1.8188057,1.8162806,1.814354,1.8131645,1.8102329,1.8052351,1.7997195,1.7968868,1.7924198,1.7919528,1.7884773,1.7868191,1.7836288,1.7789905,1.7758576,1.7736185,1.769873,1.7684128,1.7694832,1.7689209,1.7675654,1.7652023,1.7636507,1.7605274,1.7598486,1.7565186,1.75665,1.7532198,1.7526089,1.7498763,1.7465913,1.7452927,1.7405975,1.739568,1.7341515,1.7316923,1.7318814,1.731033,1.7256927,1.7225507,1.7217089,1.7165878,1.7138468,1.7084801,1.7065862,1.7040398,1.7011158,1.7000526,1.6972443,1.6899627,1.6876665,1.6842654,1.6798178,1.6754315,1.6741883,1.6722876,1.6690521,1.668597,1.6663595,1.6622871,1.6590818,1.654884,1.651523,1.6490965,1.6481159,1.6466362,1.6432049
72_real,1.8379903,,,,,,,,,,,,,,,,,,1.8962477,,,,,,,,,,,,,,,,,,,,,,,,,,,,,,,,,,,,,,,,,,,,,,,,,,,
72_gen,1.83799,1.8291919,1.8271093,1.8238857,1.8225005,1.8220549,1.8216442,1.8197485,1.816637,1.8140838,1.8130653,1.8122078,1.8084996,1.806134,1.8079386,1.8052956,1.8073633,1.8053808,1.8009106,1.799395,1.7969427,1.7977827,1.7959507,1.7969459,1.7950449,1.7943575,1.7909887,1.7918942,1.7944539,1.7940257,1.7947216,1.7916305,1.7879431,1.7833885,1.7779443,1.779076,1.7773807,1.77663,1.7722137,1.7678915,1.765776,1.7643753,1.7642155,1.7597749,1.7587742,1.7584795,1.7566344,1.7523924,1.748333,1.7466942,1.7442417,1.7410858,1.7401165,1.7363476,1.7339872,1.7299849,1.7281704,1.7251339,1.7217194,1.722333,1.7193725,1.7165922,1.7189906,1.7159967,1.715964,1.7124684,1.7104013,1.7103624,1.7082622,1.7013674
73_real,0.15690112,,,,,,,,,,,,,,,,,,-0.3571612,,,,,,,,,,,,,,,,,,,,,,,,,,,,,,,,,,,,,,,,,,,,,,,,,,,
73_gen,0.15690112,0.15638287,0.1552454,0.15147191,0.14917696,0.14555947,0.1399475,0.13256136,0.12978035,0.12642246,0.124974445,0.11916757,0.11356477,0.108934425,0.104811445,0.10144751,0.099265575,0.098812364,0.09773552,0.09171931,0.08982204,0.08645339,0.08420821,0.08315264,0.08081293,0.078370325,0.07312263,0.070349485,0.06493609,0.06352957,0.061967123,0.058246963,0.05465845,0.044061415,0.04048855,0.03967815,0.036301367,0.03284093,0.02701214,0.02537168,0.020951692,0.018431854,0.014269519,0.012702078,0.005173209,0.0031516987,-0.0018151369,-0.007735139,-0.0101266485,-0.01255984,-0.018186286,-0.02287567,-0.025099665,-0.031201024,-0.03602297,-0.040329285,-0.044583853,-0.049293805,-0.05458151,-0.059382834,-0.06341339,-0.06767562,-0.07276277,-0.075675875,-0.07883446,-0.08436446,-0.082634844,-0.08667552,-0.091791876,-0.09990049
74_real,0.7209234,,,,,,,,,,,,,,,,,,0.46926758,,,,,,,,,,,,,,,,,,,,,,,,,,,,,,,,,,,,,,,,,,,,,,,,,,,
74_gen,0.7209234,0.7178768,0.7174455,0.7117516,0.70868695,0.7044307,0.7015935,0.699358,0.69548297,0.69011605,0.6867937,0.6855253,0.6848442,0.6833631,0.68180907,0.6768714,0.676336,0.6728097,0.6700041,0.6677897,0.66483593,0.6632188,0.6633698,0.6587454,0.6586461,0.6535722,0.648708,0.6411382,0.6421505,0.63790435,0.63594526,0.63434803,0.63476,0.632482,0.6297008,0.6274563,0.6250396,0.6210098,0.6179284,0.61859906,0.6153129,0.6136457,0.61284983,0.6085323,0.60492265,0.60243535,0.5952022,0.59420097,0.5907744,0.58983326,0.58563673,0.5813879,0.57839054,0.57145846,0.5700101,0.5706086,0.5710629,0.57001317,0.56963015,0.5639519,0.5541127,0.5534255,0.5515767,0.54848176,0.5454244,0.54134244,0.53802776,0.535916,0.5331405,0.52611524
75_real,0.100654736,,,,,,,,,,,,,,,,,,0.22066227,,,,,,,,,,,,,,,,,,,,,,,,,,,,,,,,,,,,,,,,,,,,,,,,,,,
75_gen,0.100654736,0.09623923,0.09549907,0.09253095,0.089922905,0.086703144,0.08093632,0.07671344,0.07238314,0.06628314,0.061925102,0.057338275,0.054169565,0.051307816,0.049596958,0.045722913,0.042791523,0.04064058,0.037383366,0.03294057,0.030411482,0.025879905,0.024059985,0.018766563,0.01814666,0.015999522,0.012694428,0.011946397,0.0093953675,0.0052578063,0.0037094976,0.0016300257,-0.0009053573,-0.003417217,-0.0053169103,-0.010009881,-0.01307154,-0.019621894,-0.023820214,-0.027015701,-0.030505676,-0.034521036,-0.039577685,-0.043590512,-0.044708893,-0.04783235,-0.050771613,-0.05493816,-0.058047853,-0.060324468,-0.06287177,-0.06634857,-0.07111564,-0.07504244,-0.07768115,-0.08114152,-0.08530399,-0.08627021,-0.0892792,-0.092376456,-0.09571134,-0.0973492,-0.10205183,-0.10527816,-0.1104728,-0.11513285,-0.11607715,-0.119446434,-0.120957315,-0.12429657
76_real,0.70106184,,,,,,,,,,,,,,,,,,0.64105624,,,,,,,,,,,,,,,,,,,,,,,,,,,,,,,,,,,,,,,,,,,,,,,,,,,
76_gen,0.7010618,0.70054656,0.70010775,0.69918597,0.69869435,0.6977408,0.6953936,0.6943325,0.6919529,0.6891968,0.68723667,0.6858259,0.6824336,0.6800656,0.6794473,0.67544264,0.6753581,0.6728547,0.6703928,0.671316,0.6665433,0.6663357,0.66454804,0.66152704,0.66091436,0.6604475,0.65946937,0.6576728,0.6579946,0.6545041,0.65213275,0.652277,0.6500876,0.650411,0.6502288,0.64897895,0.6481134,0.6461421,0.64651626,0.6446001,0.6434181,0.64118433,0.64024436,0.64054334,0.64319813,0.64201313,0.639115,0.63744533,0.6365731,0.6345202,0.6338422,0.6330725,0.632513,0.6309393,0.6293882,0.629578,0.6275581,0.62631446,0.62517124,0.62327516,0.62267554,0.6209475,0.6208264,0.6215014,0.6206132,0.6216572,0.6195899,0.61949605,0.6179489,0.61579126
77_real,-0.17365287,,,,,,,,,,,,,,,,,,0.09409855,,,,,,,,,,,,,,,,,,,,,,,,,,,,,,,,,,,,,,,,,,,,,,,,,,,
77_gen,-0.17365287,-0.17739749,-0.18246046,-0.18566954,-0.19036402,-0.19376037,-0.19613583,-0.19915774,-0.20382944,-0.20816684,-0.2146806,-0.21721146,-0.2221981,-0.22522941,-0.2257587,-0.2310014,-0.23479089,-0.23598036,-0.23945479,-0.2433438,-0.24742827,-0.25272945,-0.25855833,-0.26222655,-0.2678514,-0.2698844,-0.27081898,-0.27306125,-0.27559772,-0.27777237,-0.2824189,-0.28578287,-0.29020923,-0.29637477,-0.29900017,-0.3034852,-0.30258986,-0.3053397,-0.30814704,-0.31235582,-0.31826428,-0.3218176,-0.32607722,-0.32756603,-0.33071256,-0.33357292,-0.33669484,-0.34053704,-0.3464533,-0.34877196,-0.3470874,-0.34859392,-0.35283428,-0.35769075,-0.35951483,-0.36105675,-0.36414075,-0.36876935,-0.36950195,-0.3754799,-0.37882376,-0.38277984,-0.3865657,-0.38839474,-0.39012748,-0.3912204,-0.39204624,-0.39966017,-0.4047996,-0.40929222
78_real,1.4314504,,,,,,,,,,,,,,,,,,1.4757226,,,,,,,,,,,,,,,,,,,,,,,,,,,,,,,,,,,,,,,,,,,,,,,,,,,
78_gen,1.4314502,1.4287051,1.4253674,1.4213428,1.4181389,1.4160553,1.4112698,1.407441,1.4028238,1.3980854,1.3962419,1.3935547,1.3925133,1.3899949,1.3855605,1.3815835,1.3786793,1.3738906,1.374348,1.3709515,1.3689846,1.3646748,1.3628327,1.3586972,1.3522247,1.3509235,1.348313,1.3446493,1.3413373,1.3356446,1.3319467,1.3285666,1.3262218,1.3217517,1.3179221,1.3142521,1.3110282,1.307678,1.3055911,1.3062463,1.3025767,1.3005025,1.2975552,1.2964247,1.2964205,1.2934363,1.2899002,1.2849486,1.2792093,1.2758849,1.2755469,1.2694372,1.2643677,1.2608402,1.2569953,1.2527032,1.2499841,1.2443827,1.2380508,1.2383115,1.2346436,1.2275546,1.2220141,1.2183853,1.2133292,1.2102932,1.2049417,1.1999748,1.1963451,1.1899202
79_real,2.2090526,,,,,,,,,,,,,,,,,,1.8396243,,,,,,,,,,,,,,,,,,,,,,,,,,,,,,,,,,,,,,,,,,,,,,,,,,,
79_gen,2.2090528,2.2059946,2.201963,2.1970108,2.1948745,2.1904778,2.189053,2.1859555,2.1853073,2.1825063,2.177859,2.1745164,2.17367,2.1723762,2.169694,2.1669364,2.1645699,2.1612837,2.1580386,2.1556098,2.1547244,2.1516743,2.1500454,2.1458347,2.1407638,2.140013,2.1375258,2.1344552,2.1322675,2.1310008,2.129173,2.1268914,2.1248085,2.121903,2.1206927,2.1181462,2.1133895,2.1119173,2.1106308,2.1069298,2.1044292,2.102517,2.1003273,2.0978985,2.095113,2.0941777,2.0919697,2.0890265,2.0873876,2.0867913,2.083096,2.0826845,2.0796173,2.0786428,2.0761914,2.0742807,2.0725062,2.06708,2.0659714,2.0641637,2.0615313,2.0588937,2.054383,2.0517325,2.0480332,2.0456626,2.04259,2.0402236,2.0384605,2.0347376
80_real,1.6828959,,,,,,,,,,,,,,,,,,1.5200865,,,,,,,,,,,,,,,,,,,,,,,,,,,,,,,,,,,,,,,,,,,,,,,,,,,
80_gen,1.6828959,1.6818653,1.6801736,1.6827786,1.6806962,1.6786783,1.6775624,1.6755908,1.6736323,1.6721538,1.6705551,1.6673372,1.6667618,1.665939,1.6662937,1.6671164,1.6682765,1.6668937,1.6651399,1.6633425,1.6632376,1.6638893,1.6611408,1.6583138,1.658715,1.6581821,1.6574904,1.6542304,1.652058,1.6504726,1.6503818,1.6513869,1.6509339,1.6519531,1.6505667,1.6493543,1.6504335,1.6516405,1.651358,1.6490262,1.6477396,1.6462021,1.6442896,1.6413662,1.6399326,1.6381592,1.6350311,1.634107,1.6317192,1.6294906,1.6281445,1.626139,1.6238177,1.6242254,1.6221005,1.6195841,1.6188278,1.6169178,1.6162434,1.6147686,1.6130304,1.609651,1.6092943,1.6076944,1.6074307,1.6057832,1.6046524,1.6041596,1.6029857,1.6001911
81_real,0.7773139,,,,,,,,,,,,,,,,,,0.51776654,,,,,,,,,,,,,,,,,,,,,,,,,,,,,,,,,,,,,,,,,,,,,,,,,,,
81_gen,0.7773138,0.7735789,0.76915234,0.7626604,0.754556,0.7483138,0.74228793,0.7369067,0.7303219,0.7260459,0.7208393,0.71888256,0.713087,0.70580786,0.7011233,0.6961411,0.69293666,0.68744195,0.68588084,0.68136656,0.67879856,0.6764038,0.67177856,0.66591537,0.6607054,0.6555022,0.6525281,0.6487034,0.6457771,0.63912123,0.6356987,0.6295277,0.62699664,0.62275827,0.6199402,0.6140984,0.6084172,0.60463375,0.597757,0.5947176,0.5914427,0.5854213,0.5799768,0.576161,0.5701571,0.5634533,0.55719984,0.5512049,0.54837674,0.54474264,0.5422565,0.5392145,0.5322145,0.52780145,0.524427,0.5190736,0.51619226,0.5099104,0.5037521,0.49832487,0.49265438,0.48945093,0.48565373,0.4833253,0.47638017,0.47400588,0.4670294,0.46420866,0.45602718,0.45146173
82_real,0.52851516,,,,,,,,,,,,,,,,,,0.50964016,,,,,,,,,,,,,,,,,,,,,,,,,,,,,,,,,,,,,,,,,,,,,,,,,,,
82_gen,0.5285152,0.52353793,0.5200243,0.51486886,0.5100036,0.5076436,0.50474524,0.5021349,0.49816257,0.4962706,0.49294335,0.48695105,0.48137516,0.47682127,0.4713357,0.46377358,0.45701256,0.45223442,0.44921812,0.44497496,0.439355,0.43254128,0.42914551,0.42576116,0.42353758,0.41607052,0.41269213,0.40803123,0.40495753,0.4020079,0.39627725,0.39252225,0.3862268,0.3816223,0.37793267,0.37272635,0.3678645,0.3644871,0.3595929,0.35672298,0.35279444,0.34934628,0.34679902,0.3408306,0.336528,0.33240566,0.32809752,0.3231562,0.3173132,0.31449494,0.30878553,0.30228963,0.29926866,0.2974439,0.29462746,0.2925852,0.2871871,0.2824324,0.2807774,0.2765781,0.27201644,0.26711172,0.261218,0.25679225,0.24985752,0.24473949,0.24187016,0.2372807,0.23152931,0.227794
83_real,0.4577586,,,,,,,,,,,,,,,,,,0.28428316,,,,,,,,,,,,,,,,,,,,,,,,,,,,,,,,,,,,,,,,,,,,,,,,,,,
83_gen,0.4577586,0.45146757,0.4452179,0.43981713,0.43107516,0.42492446,0.42089996,0.41714257,0.41290507,0.40637684,0.40125626,0.3985203,0.39267454,0.38870305,0.38202265,0.376227,0.37053752,0.36589223,0.36063686,0.35487753,0.35044977,0.34691387,0.3415045,0.33779752,0.33594748,0.3324821,0.32660955,0.32312474,0.31861722,0.31320292,0.30547845,0.30056682,0.2944587,0.28831428,0.28246298,0.27731478,0.26865596,0.26424873,0.25953212,0.2534745,0.2496279,0.24327788,0.23687783,0.23184562,0.22557421,0.22106262,0.21661866,0.21207762,0.20704825,0.20230994,0.19736108,0.19166294,0.18678284,0.18193209,0.17608091,0.17062047,0.16604884,0.16036052,0.15379658,0.1474724,0.1415791,0.13545915,0.13016015,0.12521338,0.11792357,0.110520765,0.10623437,0.10032494,0.093129896,0.088661864
84_real,0.2391637,,,,,,,,,,,,,,,,,,0.2391637,,,,,,,,,,,,,,,,,,,,,,,,,,,,,,,,,,,,,,,,,,,,,,,,,,,
84_gen,0.23916367,0.23336461,0.23105852,0.22610721,0.22261615,0.21822473,0.21566215,0.21229008,0.20811172,0.20378497,0.19998804,0.19593856,0.19126336,0.18627319,0.18251622,0.17775662,0.17232616,0.16850036,0.16442005,0.16007811,0.1568264,0.15185046,0.14584988,0.1404664,0.13342233,0.12587559,0.12222053,0.12037207,0.11926923,0.11607294,0.10945831,0.10586361,0.10337249,0.09905249,0.09463894,0.089989066,0.086703226,0.08316414,0.08083515,0.075913414,0.07115496,0.069447175,0.06463489,0.0610363,0.0553074,0.052238077,0.047843136,0.04230778,0.037548907,0.03580618,0.0307139,0.027383894,0.021836864,0.018629286,0.012959403,0.009082825,0.0040918663,0.0028752591,-0.0021215223,-0.0074094357,-0.010618012,-0.016686652,-0.024306273,-0.030143768,-0.03412135,-0.040211596,-0.044719055,-0.051862426,-0.057016335,-0.06129641
85_real,0.65849656,,,,,,,,,,,,,,,,,,0.31093696,,,,,,,,,,,,,,,,,,,,,,,,,,,,,,,,,,,,,,,,,,,,,,,,,,,
85_gen,0.6584965,0.6537038,0.6503984,0.6479651,0.64329195,0.64056295,0.6360085,0.63305444,0.6301347,0.62606484,0.6240147,0.6215049,0.61888945,0.61807257,0.6146847,0.6118804,0.60752493,0.60557383,0.60347897,0.5991331,0.59665483,0.5923436,0.58984405,0.5865395,0.5827524,0.57918644,0.5761398,0.57330054,0.5697511,0.56621104,0.56629145,0.56361896,0.56169355,0.5595764,0.55739707,0.5527174,0.5507705,0.54737025,0.5438302,0.5388676,0.5382639,0.5358158,0.53263366,0.5288695,0.52859795,0.5265937,0.52441514,0.522004,0.51705706,0.5141603,0.5096811,0.50764817,0.50339794,0.49950773,0.495442,0.4924844,0.4891941,0.48575553,0.48078886,0.47802192,0.47325,0.47252345,0.46968323,0.4651472,0.46311203,0.4577152,0.45523757,0.45185137,0.44877967,0.44552064
86_real,-0.5548303,,,,,,,,,,,,,,,,,,-0.69196635,,,,,,,,,,,,,,,,,,,,,,,,,,,,,,,,,,,,,,,,,,,,,,,,,,,
86_gen,-0.5548304,-0.5591095,-0.5614147,-0.56561327,-0.5688225,-0.57431334,-0.5774833,-0.5819929,-0.5851624,-0.587984,-0.59082764,-0.59526396,-0.5975932,-0.6009394,-0.6016649,-0.60405165,-0.6060239,-0.6074492,-0.609162,-0.60939395,-0.61105,-0.6153406,-0.6179287,-0.61859846,-0.62107223,-0.62316835,-0.62649614,-0.6291378,-0.6340315,-0.6338374,-0.6380378,-0.64078087,-0.64444,-0.6474949,-0.6514842,-0.65396565,-0.6575581,-0.66150707,-0.6640355,-0.6665355,-0.6680324,-0.6748387,-0.6770465,-0.67929953,-0.68333614,-0.68620926,-0.689597,-0.695342,-0.7012406,-0.7049505,-0.7081946,-0.70921034,-0.713298,-0.7187884,-0.7213359,-0.7237215,-0.72703254,-0.7304641,-0.7325868,-0.73548335,-0.7383541,-0.7408443,-0.7442497,-0.74590313,-0.74803793,-0.75234556,-0.7544602,-0.7590786,-0.7609577,-0.7640728
87_real,-0.9940065,,,,,,,,,,,,,,,,,,-0.96354765,,,,,,,,,,,,,,,,,,,,,,,,,,,,,,,,,,,,,,,,,,,,,,,,,,,
87_gen,-0.9940065,-0.99567413,-0.99898785,-0.9993199,-0.99687463,-0.9974324,-1.0001501,-0.999963,-1.0008152,-1.004986,-1.0105112,-1.0159141,-1.0181533,-1.0216246,-1.023117,-1.0249946,-1.0298597,-1.0292361,-1.0307891,-1.0324401,-1.0362107,-1.0412296,-1.0411278,-1.038447,-1.036607,-1.0384636,-1.0364544,-1.0392659,-1.0417442,-1.0429559,-1.0438819,-1.0431111,-1.0492052,-1.0509868,-1.0504745,-1.0551195,-1.0600455,-1.0616033,-1.0608414,-1.064251,-1.0672102,-1.0705638,-1.073421,-1.0768373,-1.0770254,-1.0800639,-1.080939,-1.0837303,-1.0858543,-1.088856,-1.0930507,-1.0973203,-1.0973424,-1.1048884,-1.1057351,-1.1046746,-1.1048294,-1.1068771,-1.1066394,-1.1062496,-1.1105316,-1.115169,-1.1141623,-1.1185782,-1.1234527,-1.1267124,-1.126846,-1.1287551,-1.1278971,-1.1252978
88_real,-0.030443462,,,,,,,,,,,,,,,,,,-0.2915651,,,,,,,,,,,,,,,,,,,,,,,,,,,,,,,,,,,,,,,,,,,,,,,,,,,
88_gen,-0.030443463,-0.032947175,-0.035502642,-0.03528912,-0.0379756,-0.03955879,-0.03936054,-0.042141363,-0.04327251,-0.04517446,-0.04607151,-0.04589477,-0.046819244,-0.04903013,-0.05261997,-0.051633634,-0.051253803,-0.056773104,-0.05719332,-0.055744417,-0.058783483,-0.0589389,-0.05814909,-0.061607145,-0.0636312,-0.066788755,-0.0709696,-0.072552286,-0.0755171,-0.074516416,-0.07630157,-0.07992729,-0.07780377,-0.08092364,-0.083402514,-0.08563069,-0.087686524,-0.08836393,-0.09323219,-0.098606944,-0.099873945,-0.102417015,-0.10377537,-0.104088165,-0.10539273,-0.10386275,-0.104354784,-0.10623133,-0.10952401,-0.11122583,-0.11451713,-0.11603922,-0.11835959,-0.11379435,-0.11589868,-0.119103625,-0.12482828,-0.12790623,-0.12870917,-0.12943065,-0.13058297,-0.13106981,-0.1326496,-0.13239795,-0.13624391,-0.13688603,-0.13976648,-0.14022015,-0.14128326,-0.14214659
89_real,-0.3080441,,,,,,,,,,,,,,,,,,-0.53027403,,,,,,,,,,,,,,,,,,,,,,,,,,,,,,,,,,,,,,,,,,,,,,,,,,,
89_gen,-0.30804414,-0.30869672,-0.307934,-0.3088563,-0.31208736,-0.3115026,-0.31194037,-0.31345567,-0.31240833,-0.31301612,-0.31363413,-0.3152151,-0.31886512,-0.32187128,-0.32247835,-0.32404947,-0.32682422,-0.33062193,-0.3347679,-0.3373154,-0.3404794,-0.34147835,-0.34007415,-0.33918065,-0.33833697,-0.33765507,-0.33869395,-0.3413555,-0.34233207,-0.34918553,-0.34593472,-0.34775245,-0.35101047,-0.35403883,-0.35428768,-0.3574497,-0.35810095,-0.3581542,-0.3574717,-0.3588923,-0.36103344,-0.36353263,-0.36736137,-0.37135154,-0.3711365,-0.37045306,-0.372085,-0.37417966,-0.3756836,-0.37582126,-0.3784583,-0.37689486,-0.3779597,-0.37584934,-0.37820855,-0.37988883,-0.3836972,-0.3853001,-0.38670218,-0.3865722,-0.38764834,-0.38966265,-0.39098236,-0.39069733,-0.39316303,-0.39793026,-0.4000837,-0.40145507,-0.40159708,-0.4038871
90_real,-0.38743788,,,,,,,,,,,,,,,,,,-0.4306805,,,,,,,,,,,,,,,,,,,,,,,,,,,,,,,,,,,,,,,,,,,,,,,,,,,
90_gen,-0.38743785,-0.3929656,-0.39751482,-0.40000772,-0.40281734,-0.40503106,-0.40814048,-0.41279975,-0.41544515,-0.4167618,-0.41742387,-0.4202482,-0.42416972,-0.4262783,-0.42506543,-0.42830843,-0.43398267,-0.4377308,-0.4422986,-0.4450863,-0.44638544,-0.44804054,-0.450144,-0.45028466,-0.45519096,-0.45913568,-0.4649497,-0.46881205,-0.4705216,-0.47279423,-0.47888365,-0.4830002,-0.48513246,-0.4891285,-0.4939858,-0.4973704,-0.4969067,-0.50203764,-0.50183994,-0.5032468,-0.5033182,-0.50478375,-0.5114526,-0.51314354,-0.5167101,-0.51792747,-0.5213507,-0.5247777,-0.5270432,-0.53218234,-0.53368753,-0.5393099,-0.5398128,-0.54159886,-0.54787815,-0.5515319,-0.55427873,-0.55753314,-0.5616878,-0.5656344,-0.5685562,-0.570057,-0.5732289,-0.5738903,-0.5783752,-0.58211935,-0.58406126,-0.58326834,-0.58664316,-0.58815324
91_real,0.5674485,,,,,,,,,,,,,,,,,,0.4337225,,,,,,,,,,,,,,,,,,,,,,,,,,,,,,,,,,,,,,,,,,,,,,,,,,,
91_gen,0.56744856,0.56600404,0.56435627,0.5625617,0.5569862,0.55441177,0.55185336,0.54687375,0.54370576,0.5379572,0.53528893,0.52906895,0.52603614,0.5226308,0.5184262,0.5154298,0.51127946,0.5068898,0.5033535,0.49969348,0.4964756,0.48948297,0.48656255,0.48173857,0.47879395,0.47494096,0.46830702,0.46290547,0.45803744,0.45397773,0.448739,0.44390598,0.43645033,0.432774,0.42858225,0.4254437,0.4219471,0.41288257,0.40812045,0.40422624,0.399694,0.3954064,0.3917759,0.38670683,0.38040972,0.37720767,0.36923784,0.36535043,0.35836846,0.35432616,0.3491545,0.34329778,0.33680877,0.32983688,0.32620388,0.32107797,0.31405315,0.3096326,0.30502734,0.29831415,0.29339263,0.2906344,0.28509703,0.279222,0.27596807,0.27256355,0.2687318,0.26845956,0.2650784,0.26236442
92_real,1.1733211,,,,,,,,,,,,,,,,,,0.89293385,,,,,,,,,,,,,,,,,,,,,,,,,,,,,,,,,,,,,,,,,,,,,,,,,,,
92_gen,1.173321,1.1710472,1.1683986,1.1663529,1.1653997,1.1627066,1.1593829,1.1584691,1.1587315,1.1552622,1.1527674,1.1542351,1.1542035,1.1524212,1.1504407,1.1509831,1.1517936,1.15239,1.1509639,1.1496093,1.1496832,1.1515768,1.1518912,1.1521668,1.1484573,1.1473244,1.1466224,1.1416973,1.1424795,1.1433951,1.1402417,1.1363235,1.1344802,1.1335169,1.1339996,1.1321485,1.1298578,1.1301683,1.1291184,1.1304889,1.1309345,1.1267984,1.1233119,1.1224406,1.120207,1.1224911,1.1232533,1.1251023,1.123007,1.1243378,1.1248343,1.1233962,1.1217674,1.1210372,1.121083,1.118818,1.1180208,1.1171246,1.117961,1.1144569,1.109683,1.1108733,1.1088002,1.1090964,1.1113856,1.1103332,1.1107697,1.1074768,1.1068212,1.1067053
93_real,1.5996596,,,,,,,,,,,,,,,,,,1.4639372,,,,,,,,,,,,,,,,,,,,,,,,,,,,,,,,,,,,,,,,,,,,,,,,,,,
93_gen,1.5996597,1.5944315,1.5882078,1.5866534,1.5816035,1.5767119,1.5730455,1.5679471,1.562585,1.5573183,1.5503212,1.5453949,1.5403235,1.5332465,1.5283412,1.523618,1.5194062,1.5147173,1.5095687,1.5019281,1.4956123,1.4907438,1.4840713,1.4803295,1.4766986,1.4718865,1.4678622,1.4620136,1.4570453,1.4528347,1.446965,1.4400451,1.434551,1.42947,1.4253542,1.4209071,1.4146324,1.4112318,1.4068341,1.4031516,1.3943895,1.3890703,1.3860795,1.3813541,1.3752873,1.3700373,1.3642061,1.3572668,1.3532174,1.347563,1.342806,1.3385293,1.3326461,1.3277342,1.3194067,1.3143624,1.3078606,1.3044674,1.2981902,1.2930164,1.2872313,1.284612,1.2805312,1.2745306,1.2687911,1.2640575,1.2604911,1.2561253,1.2493683,1.2410628
94_real,1.5260426,,,,,,,,,,,,,,,,,,1.2567695,,,,,,,,,,,,,,,,,,,,,,,,,,,,,,,,,,,,,,,,,,,,,,,,,,,
94_gen,1.5260427,1.5230539,1.5203105,1.5128518,1.505347,1.4990072,1.4911767,1.4840243,1.4807773,1.4732788,1.4687083,1.4644452,1.4589541,1.452603,1.448199,1.4401481,1.431666,1.4248267,1.4215506,1.4153277,1.4096168,1.403706,1.3981156,1.393081,1.3849084,1.3803217,1.3771324,1.3693706,1.3658426,1.360257,1.354174,1.347296,1.3430394,1.3379524,1.3344433,1.3281071,1.3233402,1.3178496,1.3114774,1.3063452,1.2999622,1.2952923,1.2878098,1.2807333,1.2726814,1.26744,1.2626067,1.2547048,1.249584,1.2464762,1.2392956,1.231699,1.2271746,1.2213336,1.2150791,1.2090102,1.2044344,1.1996859,1.1953461,1.1871712,1.1788881,1.1718823,1.16715,1.162389,1.1569158,1.1511239,1.1474289,1.144669,1.1405343,1.1343895
95_real,0.96987116,,,,,,,,,,,,,,,,,,1.2155849,,,,,,,,,,,,,,,,,,,,,,,,,,,,,,,,,,,,,,,,,,,,,,,,,,,
95_gen,0.96987116,0.96200883,0.9577913,0.9505358,0.9497614,0.94610184,0.93889827,0.9321495,0.92603904,0.920283,0.9178069,0.90698594,0.9015218,0.8941264,0.88761437,0.8823431,0.87715757,0.8711047,0.86716235,0.863791,0.85686666,0.85256255,0.8460256,0.83858234,0.8310456,0.8270236,0.81613415,0.8143487,0.8104583,0.80529225,0.7986735,0.79301757,0.78943264,0.7848092,0.7804011,0.7756878,0.7669762,0.76420575,0.75458443,0.750162,0.74359804,0.74080193,0.73644793,0.7310525,0.7258796,0.7219531,0.7179524,0.7149118,0.70495856,0.6956761,0.6930324,0.6846734,0.6796002,0.6760623,0.668451,0.6591993,0.6579545,0.65475345,0.64821947,0.63833725,0.6330058,0.62582743,0.61841714,0.61195594,0.60424966,0.59722614,0.5894226,0.58169186,0.57341325,0.56608605
96_real,1.6878078,,,,,,,,,,,,,,,,,,1.6478647,,,,,,,,,,,,,,,,,,,,,,,,,,,,,,,,,,,,,,,,,,,,,,,,,,,
96_gen,1.6878078,1.6809132,1.6735561,1.6667907,1.6624315,1.6517074,1.6481491,1.643866,1.6403301,1.6360061,1.6307323,1.6189247,1.6181186,1.6135231,1.6087959,1.6017698,1.5950117,1.5883753,1.5829171,1.5762708,1.5717502,1.5636541,1.5584892,1.554664,1.5470406,1.5409722,1.5342922,1.531159,1.5271531,1.521143,1.5168916,1.5149415,1.5099733,1.5085882,1.5040741,1.4986331,1.4936816,1.491472,1.4870826,1.482509,1.4809941,1.4791983,1.4760036,1.4716461,1.4659058,1.4603809,1.4543417,1.4528685,1.4466207,1.4451008,1.4396871,1.4373835,1.434176,1.4299471,1.4270575,1.4187624,1.4169481,1.4106233,1.4065046,1.398981,1.3958831,1.3921411,1.3889272,1.3877604,1.3828862,1.3763717,1.3740674,1.3715956,1.3659226,1.3627918
97_real,-0.5068101,,,,,,,,,,,,,,,,,,-0.46015927,,,,,,,,,,,,,,,,,,,,,,,,,,,,,,,,,,,,,,,,,,,,,,,,,,,
97_gen,-0.5068101,-0.5084399,-0.5086791,-0.51408505,-0.516311,-0.51849616,-0.5226333,-0.5268155,-0.52855825,-0.5302747,-0.5354072,-0.5397884,-0.54319465,-0.54560083,-0.5481653,-0.54933757,-0.54968566,-0.5521165,-0.5564445,-0.5588077,-0.56353605,-0.5667429,-0.56947404,-0.5730185,-0.5753849,-0.5777105,-0.5824855,-0.58664215,-0.59238005,-0.59351385,-0.59617794,-0.5972579,-0.59938425,-0.6052506,-0.60866165,-0.61314553,-0.61697626,-0.6205495,-0.62272805,-0.627957,-0.63007706,-0.6313553,-0.63382155,-0.6383793,-0.6424031,-0.64452994,-0.650797,-0.6536474,-0.6588182,-0.6613552,-0.6652006,-0.6706456,-0.6726396,-0.6768945,-0.68163407,-0.6813158,-0.68341756,-0.6862525,-0.6898922,-0.6903381,-0.6935024,-0.694405,-0.7012204,-0.7029218,-0.70412487,-0.70632815,-0.710207,-0.71250665,-0.7139453,-0.7190823
98_real,1.7103204,,,,,,,,,,,,,,,,,,1.5647516,,,,,,,,,,,,,,,,,,,,,,,,,,,,,,,,,,,,,,,,,,,,,,,,,,,
98_gen,1.7103202,1.7072672,1.7042189,1.702244,1.7014965,1.6961229,1.6953198,1.6933819,1.6926296,1.6878887,1.6874073,1.685269,1.6836723,1.6809686,1.6798788,1.6739824,1.6730789,1.6717056,1.6687845,1.6660802,1.6630614,1.6607826,1.6597525,1.6565377,1.6548805,1.6506274,1.6499573,1.6484982,1.6428932,1.6388891,1.636297,1.6325543,1.6321983,1.6316992,1.6278576,1.624376,1.6200966,1.617089,1.6147001,1.6123855,1.6103833,1.6096163,1.6074858,1.6075227,1.604934,1.6040564,1.6026413,1.5989032,1.5975865,1.5962611,1.5963762,1.595114,1.5942969,1.5910538,1.5889606,1.5882398,1.5873922,1.5886054,1.5849051,1.5833994,1.5819887,1.5784048,1.5761523,1.5747958,1.5732797,1.5706185,1.5698355,1.566625,1.5629028,1.5610223
99_real,-0.60787,,,,,,,,,,,,,,,,,,-0.86426955,,,,,,,,,,,,,,,,,,,,,,,,,,,,,,,,,,,,,,,,,,,,,,,,,,,
99_gen,-0.60787004,-0.60653865,-0.60488844,-0.60438347,-0.60599935,-0.60521525,-0.6043991,-0.605229,-0.6058532,-0.6113181,-0.61329323,-0.6141759,-0.6142396,-0.61513036,-0.6163731,-0.6176214,-0.6219865,-0.62685543,-0.6294252,-0.63036,-0.6291981,-0.6340037,-0.6355942,-0.6353897,-0.63752496,-0.6400113,-0.64091337,-0.63943774,-0.64172846,-0.64300436,-0.6445896,-0.6493603,-0.6489874,-0.6473735,-0.6504769,-0.65063584,-0.6542622,-0.655075,-0.6564168,-0.6571025,-0.6600697,-0.6629925,-0.6635615,-0.6597349,-0.65941155,-0.6589259,-0.65785605,-0.6581186,-0.6618252,-0.65909946,-0.66058683,-0.6606913,-0.6621118,-0.66228306,-0.6636714,-0.66043365,-0.6634098,-0.66286093,-0.6620796,-0.664652,-0.6624403,-0.6664449,-0.6670517,-0.66562825,-0.66773736,-0.6691958,-0.6737603,-0.67228234,-0.67318076,-0.6765655
100_real,-0.7251286,,,,,,,,,,,,,,,,,,-0.8918391,,,,,,,,,,,,,,,,,,,,,,,,,,,,,,,,,,,,,,,,,,,,,,,,,,,
100_gen,-0.7251286,-0.7284838,-0.72869414,-0.7300901,-0.7303376,-0.73299944,-0.736579,-0.73508674,-0.73421013,-0.73528916,-0.735635,-0.7361001,-0.7387646,-0.73799694,-0.7378828,-0.7335564,-0.7302904,-0.7287674,-0.72951066,-0.73133343,-0.7340356,-0.73458236,-0.7329211,-0.7354556,-0.73478496,-0.7375372,-0.73689187,-0.7403499,-0.7442337,-0.74462426,-0.74378145,-0.7425625,-0.74353695,-0.74300516,-0.7442137,-0.7466243,-0.74645704,-0.74641174,-0.74832153,-0.7507695,-0.7504622,-0.7488853,-0.7524487,-0.7527645,-0.75450623,-0.7526912,-0.754632,-0.7550333,-0.75529253,-0.75519973,-0.7566861,-0.75491625,-0.7569744,-0.75846046,-0.76100737,-0.76470536,-0.762918,-0.7630564,-0.76296264,-0.7655589,-0.7673967,-0.7681984,-0.7679438,-0.7661219,-0.76554507,-0.768996,-0.76976573,-0.7730669,-0.77179635,-0.77498275
101_real,1.1820384,,,,,,,,,,,,,,,,,,1.147315,,,,,,,,,,,,,,,,,,,,,,,,,,,,,,,,,,,,,,,,,,,,,,,,,,,
101_gen,1.1820384,1.1745658,1.1690183,1.1653718,1.1587932,1.1548631,1.1495062,1.1443316,1.1393259,1.1329482,1.1289966,1.1221688,1.1207056,1.1147085,1.1085593,1.1027058,1.0971645,1.0922782,1.0860932,1.0781271,1.0740299,1.0676669,1.0643669,1.0573777,1.0506488,1.045088,1.0402176,1.0341135,1.0248612,1.0160122,1.0114315,1.006675,1.0014465,0.99655515,0.99312437,0.9871663,0.980651,0.9769492,0.9721861,0.96606505,0.9598808,0.95529556,0.95066595,0.94705707,0.9430202,0.93699294,0.9314081,0.9271749,0.9221811,0.91381204,0.9097296,0.90531206,0.89913285,0.89554584,0.89193857,0.88374364,0.8820084,0.87705564,0.87129116,0.86800563,0.86483157,0.8585478,0.85610044,0.85221034,0.8459047,0.84492445,0.845372,0.8405941,0.8361521,0.8330841
102_real,0.97749794,,,,,,,,,,,,,,,,,,0.952227,,,,,,,,,,,,,,,,,,,,,,,,,,,,,,,,,,,,,,,,,,,,,,,,,,,
102_gen,0.97749794,0.9728879,0.9669841,0.9602663,0.9561181,0.9519129,0.944784,0.93852633,0.9340795,0.92817163,0.924672,0.9194983,0.91543216,0.91072005,0.9079358,0.90593034,0.8993505,0.89517576,0.8930961,0.89262664,0.8870741,0.88163376,0.87775546,0.872711,0.8690176,0.8637061,0.85818756,0.8521641,0.8467156,0.83970374,0.83753985,0.8349253,0.82815427,0.82120883,0.81450593,0.8105486,0.80606556,0.7990419,0.793363,0.7895219,0.78450334,0.778738,0.773384,0.76833165,0.7645379,0.7578192,0.7547376,0.7513937,0.7452906,0.7391668,0.73402774,0.7282724,0.7251854,0.7215014,0.71507204,0.70644724,0.7022308,0.6983737,0.6932691,0.6906481,0.68602145,0.6795527,0.6764752,0.6733614,0.6664955,0.6620373,0.65696514,0.6510587,0.6442179,0.6377126
103_real,1.209034,,,,,,,,,,,,,,,,,,1.0964459,,,,,,,,,,,,,,,,,,,,,,,,,,,,,,,,,,,,,,,,,,,,,,,,,,,
103_gen,1.209034,1.2058378,1.2043298,1.2051607,1.1976229,1.1904942,1.1836624,1.178176,1.1740184,1.1692907,1.1629356,1.1567657,1.152914,1.150071,1.1491911,1.1434705,1.1428105,1.1383469,1.1370375,1.13219,1.1284151,1.1253064,1.120579,1.1111622,1.1058012,1.1012161,1.0965093,1.0927259,1.0877645,1.0831664,1.0782697,1.0748962,1.0692661,1.0680869,1.0624787,1.0574213,1.0521951,1.0466862,1.0446212,1.0406893,1.0350876,1.032104,1.0260519,1.0194902,1.0126048,1.0077094,1.002886,0.99929154,0.9929658,0.9833051,0.97817755,0.9747828,0.97189176,0.9709606,0.9673812,0.96277493,0.9579506,0.9541888,0.9504067,0.9437159,0.93710965,0.9311984,0.92243797,0.917824,0.91233,0.90646046,0.8989832,0.893699,0.88748246,0.88565826
104_real,0.09024821,,,,,,,,,,,,,,,,,,-0.020350998,,,,,,,,,,,,,,,,,,,,,,,,,,,,,,,,,,,,,,,,,,,,,,,,,,,
104_gen,0.09024822,0.08260892,0.079459295,0.07483783,0.070452094,0.06427604,0.061904877,0.056701522,0.054061573,0.05032941,0.043847807,0.039663963,0.036567096,0.032359567,0.030352106,0.024895754,0.020252757,0.019528957,0.014118549,0.011065733,0.0068854177,0.005645199,0.003448499,-2.7522537e-05,-0.004749572,-0.0086062495,-0.012226489,-0.018329477,-0.020851485,-0.024839913,-0.028384158,-0.03050242,-0.03312982,-0.034709595,-0.038026705,-0.042325545,-0.047592096,-0.04969338,-0.052682586,-0.058013033,-0.061299432,-0.06100886,-0.06614778,-0.07073386,-0.075174846,-0.078501016,-0.085170105,-0.089443676,-0.094283745,-0.099843234,-0.10303295,-0.10661171,-0.111218765,-0.11456742,-0.11523135,-0.11899823,-0.12317226,-0.12726767,-0.13095954,-0.13447462,-0.1357756,-0.14052019,-0.14368758,-0.14940377,-0.15133946,-0.15578297,-0.1609382,-0.16284963,-0.16842231,-0.17346498
105_real,0.18278411,,,,,,,,,,,,,,,,,,0.23033448,,,,,,,,,,,,,,,,,,,,,,,,,,,,,,,,,,,,,,,,,,,,,,,,,,,
105_gen,0.1827841,0.17668018,0.17089507,0.16980909,0.16475743,0.160578,0.15671144,0.15317544,0.15295263,0.14895645,0.14452796,0.1413931,0.14142843,0.13784404,0.13601622,0.13253087,0.12867068,0.12489226,0.12061606,0.117896006,0.11535963,0.11074354,0.10943391,0.10538517,0.104467615,0.10282743,0.09840169,0.09494139,0.09169987,0.08808925,0.08572496,0.08328672,0.082011916,0.07860752,0.074861035,0.07127117,0.06789211,0.06566591,0.06339537,0.06121109,0.05764848,0.056411106,0.050354324,0.04758666,0.045376115,0.04121396,0.036036164,0.032749623,0.027738309,0.026336472,0.02511653,0.023167513,0.019606683,0.01585101,0.01091782,0.008197886,0.004676054,0.0032095641,-0.00058286934,-0.0037726443,-0.006552504,-0.009420439,-0.013410635,-0.016030949,-0.020350564,-0.02404495,-0.02727798,-0.031551495,-0.03424918,-0.038042955
106_real,0.2611563,,,,,,,,,,,,,,,,,,0.11020374,,,,,,,,,,,,,,,,,,,,,,,,,,,,,,,,,,,,,,,,,,,,,,,,,,,
106_gen,0.2611563,0.2565134,0.2504292,0.24694636,0.24482289,0.24331455,0.24057111,0.23831384,0.23548679,0.23214698,0.22907242,0.22652479,0.22339734,0.22126177,0.21888502,0.21762335,0.21284214,0.21075508,0.20867541,0.20275207,0.20164938,0.20162955,0.19791369,0.19456492,0.19198124,0.1903205,0.18869229,0.18567094,0.18475433,0.18239978,0.17808391,0.17473319,0.17064708,0.16872127,0.16453508,0.16211665,0.16279477,0.15931252,0.15878314,0.15551457,0.15435337,0.15015757,0.1478295,0.14354074,0.14196832,0.13940124,0.13830614,0.1354896,0.13443677,0.13376556,0.13260332,0.13017319,0.12884156,0.1280681,0.12733674,0.12410791,0.12146892,0.11867486,0.11716732,0.11412452,0.1129691,0.11051838,0.107427016,0.10764222,0.10622734,0.10328348,0.0991804,0.09646155,0.093159825,0.09229893
107_real,0.31215838,,,,,,,,,,,,,,,,,,0.23045558,,,,,,,,,,,,,,,,,,,,,,,,,,,,,,,,,,,,,,,,,,,,,,,,,,,
107_gen,0.31215838,0.30907264,0.3041931,0.3028671,0.29863408,0.29231015,0.28980833,0.28687334,0.2826429,0.2781142,0.2717381,0.2670363,0.26240468,0.2592376,0.25757003,0.2528755,0.2503634,0.24466033,0.23998483,0.23432656,0.22903001,0.22299966,0.21898314,0.216081,0.21210954,0.20910366,0.20394528,0.20187113,0.19586992,0.19279215,0.18602516,0.18199614,0.17852044,0.17376125,0.16896299,0.16760245,0.16150007,0.15472767,0.15195832,0.14701499,0.14269474,0.13840179,0.13520966,0.13087091,0.12751213,0.12211622,0.11764846,0.1151586,0.1131557,0.10850163,0.10517945,0.1008052,0.095244095,0.089525595,0.08647054,0.08327937,0.07888947,0.0714691,0.06867598,0.063168064,0.058580358,0.05361619,0.050478946,0.04398935,0.039318167,0.03564591,0.03107495,0.025707921,0.021170381,0.01668437
108_real,0.8516959,,,,,,,,,,,,,,,,,,0.90364724,,,,,,,,,,,,,,,,,,,,,,,,,,,,,,,,,,,,,,,,,,,,,,,,,,,
108_gen,0.8516959,0.84710944,0.8415554,0.83979976,0.83522433,0.8289808,0.82344294,0.81992686,0.8164722,0.8116029,0.805264,0.8019761,0.79767996,0.79212034,0.78903544,0.78467405,0.7790035,0.7739264,0.7716322,0.76387936,0.75839484,0.75485337,0.7496214,0.7454769,0.7413238,0.7358647,0.7297156,0.7252194,0.72306406,0.71761495,0.71269727,0.7066541,0.70179045,0.69469714,0.6920535,0.68831474,0.68364704,0.6785983,0.67285776,0.6688365,0.6662371,0.66333264,0.6572067,0.65534484,0.6522273,0.64891624,0.6444739,0.6405834,0.635845,0.6298353,0.62587184,0.6193491,0.6143927,0.61246556,0.60777825,0.60398656,0.6016054,0.598592,0.59341425,0.58764505,0.58356464,0.57760257,0.5733273,0.5699781,0.5665973,0.56382096,0.55956656,0.55499315,0.54936135,0.5450598
109_real,1.9309547,,,,,,,,,,,,,,,,,,1.8979955,,,,,,,,,,,,,,,,,,,,,,,,,,,,,,,,,,,,,,,,,,,,,,,,,,,
109_gen,1.9309547,1.9240932,1.9192126,1.9149593,1.9106003,1.9073136,1.9045635,1.8998868,1.8940054,1.888656,1.8836695,1.8816592,1.880467,1.8791549,1.8754215,1.8723156,1.8689396,1.8655742,1.8612909,1.8623928,1.8609941,1.8607943,1.8560928,1.8556416,1.85518,1.852232,1.8506047,1.8441756,1.8439611,1.8423399,1.8366089,1.830162,1.8293728,1.8237638,1.8218625,1.8162737,1.8081716,1.8001728,1.7940016,1.7888174,1.7816557,1.7743676,1.7701721,1.7705352,1.767667,1.7669458,1.763208,1.7638534,1.7624773,1.7553915,1.7521174,1.7456925,1.7405555,1.7378161,1.7382009,1.7340103,1.730365,1.7227024,1.7165394,1.7136059,1.7102236,1.7087698,1.6988153,1.692413,1.6846199,1.6761173,1.6696415,1.6643097,1.6582123,1.6533525
110_real,1.5282241,,,,,,,,,,,,,,,,,,1.3917342,,,,,,,,,,,,,,,,,,,,,,,,,,,,,,,,,,,,,,,,,,,,,,,,,,,
110_gen,1.5282241,1.5192358,1.5175323,1.5141706,1.5096471,1.5064869,1.5016276,1.4957378,1.490338,1.491442,1.4900877,1.4886642,1.4876404,1.4851413,1.4792383,1.4797832,1.4808732,1.4811736,1.4785613,1.472739,1.4689716,1.4695197,1.4660504,1.4631068,1.4564141,1.4540937,1.4542253,1.4490255,1.445126,1.4411644,1.4354963,1.4295554,1.4246837,1.41981,1.4173863,1.4151562,1.411231,1.407977,1.4055248,1.4075663,1.4066217,1.4036216,1.4008132,1.3996695,1.3972833,1.3891097,1.3861965,1.3818028,1.3773468,1.3774807,1.3773963,1.3728878,1.3702105,1.3675356,1.3653092,1.3583765,1.3571329,1.3538655,1.3482455,1.3432014,1.3409357,1.3384634,1.3351943,1.3291509,1.3243399,1.3181794,1.3182867,1.3185581,1.3127377,1.3084128
111_real,0.2489039,,,,,,,,,,,,,,,,,,0.31828004,,,,,,,,,,,,,,,,,,,,,,,,,,,,,,,,,,,,,,,,,,,,,,,,,,,
111_gen,0.2489039,0.24074137,0.23381063,0.2265106,0.22134706,0.21262057,0.20909205,0.20029458,0.19388688,0.18524577,0.17888097,0.17490764,0.17079267,0.1621656,0.15593196,0.14863172,0.14338972,0.13374111,0.12519588,0.11597888,0.11010875,0.10280673,0.09534305,0.08560875,0.07854063,0.07105787,0.06365421,0.05706317,0.050472546,0.039479483,0.034660824,0.029253313,0.02317563,0.0177426,0.010372146,0.0029808113,-0.0033138066,-0.010539096,-0.018776972,-0.025030866,-0.031304024,-0.039451867,-0.045728028,-0.050993383,-0.052689176,-0.05764698,-0.064620376,-0.07021557,-0.07745947,-0.081921875,-0.0869569,-0.093494825,-0.10132269,-0.10879173,-0.11167091,-0.1191298,-0.12795454,-0.13666172,-0.1436126,-0.1544969,-0.16401371,-0.16947576,-0.1754131,-0.1817735,-0.18785983,-0.19579518,-0.20482191,-0.21274069,-0.21891662,-0.2290078
112_real,0.12736878,,,,,,,,,,,,,,,,,,0.16355081,,,,,,,,,,,,,,,,,,,,,,,,,,,,,,,,,,,,,,,,,,,,,,,,,,,
112_gen,0.1273688,0.1195824,0.1147689,0.10631897,0.09842973,0.09250869,0.08558632,0.08033439,0.0748669,0.07347329,0.06898231,0.06483472,0.05951916,0.05553796,0.053865194,0.048371963,0.041093603,0.034455795,0.0331751,0.027830336,0.024799533,0.021824192,0.015776869,0.011401648,0.0065189847,0.0019057773,-0.0047234735,-0.008614461,-0.014237573,-0.01989802,-0.024068588,-0.030469233,-0.03680692,-0.043179993,-0.04856377,-0.054975986,-0.058949195,-0.060232513,-0.062497746,-0.067177236,-0.0701482,-0.07337709,-0.07659591,-0.08276085,-0.08742969,-0.09028441,-0.09100969,-0.095632635,-0.10098872,-0.105923295,-0.10864983,-0.11354627,-0.1160409,-0.118259825,-0.11791426,-0.122386575,-0.13216397,-0.13590953,-0.14342228,-0.14961484,-0.15263295,-0.16126078,-0.17197776,-0.17741878,-0.18173483,-0.1860044,-0.19248727,-0.19685417,-0.20365329,-0.21059664
113_real,-0.26841533,,,,,,,,,,,,,,,,,,-0.29720822,,,,,,,,,,,,,,,,,,,,,,,,,,,,,,,,,,,,,,,,,,,,,,,,,,,
113_gen,-0.26841536,-0.2724685,-0.27638334,-0.28037912,-0.28257465,-0.28691146,-0.29283845,-0.29440656,-0.29634377,-0.29832277,-0.30658394,-0.31141835,-0.317262,-0.32503334,-0.32864997,-0.33245844,-0.33821845,-0.3443002,-0.3474868,-0.3514041,-0.3546715,-0.3589849,-0.3644117,-0.36933976,-0.3741411,-0.37645566,-0.38230136,-0.38971597,-0.39396325,-0.40073198,-0.40482634,-0.4084548,-0.414297,-0.42259985,-0.42825872,-0.43352494,-0.43479958,-0.44499588,-0.45282054,-0.4571824,-0.4592204,-0.46534926,-0.4692134,-0.47358298,-0.47774154,-0.4850169,-0.48772463,-0.49190703,-0.4944745,-0.5003067,-0.5034897,-0.5083997,-0.5094467,-0.5168663,-0.5191996,-0.52837116,-0.5375637,-0.54024184,-0.5458682,-0.5485261,-0.5525469,-0.5558554,-0.560638,-0.56406796,-0.56772506,-0.57272255,-0.5777871,-0.5839043,-0.5917388,-0.5968823
114_real,-0.37324896,,,,,,,,,,,,,,,,,,-0.3077043,,,,,,,,,,,,,,,,,,,,,,,,,,,,,,,,,,,,,,,,,,,,,,,,,,,
114_gen,-0.373249,-0.37855697,-0.3858874,-0.39078468,-0.39445668,-0.39885694,-0.4020241,-0.4079172,-0.4108016,-0.41409668,-0.41452932,-0.41945514,-0.42342526,-0.42815742,-0.43189687,-0.43429297,-0.4359657,-0.4403754,-0.4453551,-0.44617462,-0.44870967,-0.45097095,-0.4560801,-0.45884237,-0.460007,-0.45931506,-0.45877457,-0.4637026,-0.4668979,-0.47074002,-0.47795528,-0.4807509,-0.48540586,-0.48943073,-0.4957779,-0.50085056,-0.502833,-0.5069864,-0.5134777,-0.51709557,-0.521259,-0.524715,-0.5291107,-0.5369897,-0.5421926,-0.5482051,-0.5531832,-0.55641305,-0.5599503,-0.5607429,-0.5631253,-0.56943613,-0.5705529,-0.575767,-0.5813285,-0.5837647,-0.5880858,-0.5925852,-0.5957862,-0.5985112,-0.60089195,-0.60557073,-0.6117575,-0.61714005,-0.62145084,-0.62344325,-0.63007766,-0.6379527,-0.6390272,-0.64376324
115_real,-0.025050916,,,,,,,,,,,,,,,,,,0.009035602,,,,,,,,,,,,,,,,,,,,,,,,,,,,,,,,,,,,,,,,,,,,,,,,,,,
115_gen,-0.025050912,-0.022744965,-0.02359,-0.02427142,-0.034063883,-0.037688397,-0.04075848,-0.044589512,-0.046866532,-0.05005335,-0.055882443,-0.06289553,-0.065066144,-0.06984681,-0.07291023,-0.0777358,-0.082176946,-0.08182619,-0.08711971,-0.09078395,-0.09182548,-0.09522686,-0.097809,-0.10076996,-0.105471864,-0.10631754,-0.1094749,-0.11396839,-0.12080996,-0.124321796,-0.12875667,-0.13095152,-0.13254331,-0.13547215,-0.1341079,-0.13699278,-0.14227839,-0.14382067,-0.15071216,-0.15157665,-0.15293759,-0.1598881,-0.16420087,-0.16441151,-0.16430241,-0.1719239,-0.17761962,-0.18611169,-0.1914815,-0.19410965,-0.19900408,-0.20250252,-0.20587616,-0.20855102,-0.21453726,-0.22095212,-0.22448285,-0.22951162,-0.23477666,-0.23766978,-0.24130352,-0.24429336,-0.24725685,-0.2503039,-0.25368792,-0.25416002,-0.25704187,-0.25870773,-0.26022732,-0.26045015
116_real,0.04071869,,,,,,,,,,,,,,,,,,0.06711159,,,,,,,,,,,,,,,,,,,,,,,,,,,,,,,,,,,,,,,,,,,,,,,,,,,
116_gen,0.040718686,0.041587938,0.038230147,0.039286878,0.03704666,0.03335165,0.030249525,0.02612922,0.019119412,0.021043813,0.023615824,0.02482953,0.025149852,0.024824256,0.01919227,0.0176387,0.018756473,0.020337109,0.016293466,0.010147105,0.010556213,0.009427715,0.010602565,0.011496636,0.006006471,0.00887697,0.011000553,0.008178711,0.010184084,0.009553014,0.0074582947,0.006817515,0.0037379793,0.00784001,0.00473084,0.00083841366,0.00274564,0.00048925524,0.0040266863,0.0013905584,0.00087776093,-0.0029608756,-0.005916956,-0.0059120655,-0.006281159,-0.005613903,-0.007673028,-0.012366192,-0.013593662,-0.015646141,-0.016943028,-0.014516902,-0.017461846,-0.025405148,-0.020452421,-0.02900436,-0.03269134,-0.032218087,-0.03737987,-0.03657355,-0.03821189,-0.04099337,-0.047005735,-0.053845804,-0.057383694,-0.059612256,-0.06309459,-0.06547544,-0.06669572,-0.068385795
117_real,0.2536232,,,,,,,,,,,,,,,,,,0.20392495,,,,,,,,,,,,,,,,,,,,,,,,,,,,,,,,,,,,,,,,,,,,,,,,,,,
117_gen,0.25362322,0.25196186,0.24881081,0.24381748,0.24190879,0.24254513,0.23903434,0.23312506,0.23209026,0.23253317,0.23076954,0.2272631,0.22289185,0.21867616,0.21650615,0.21304493,0.21080616,0.20973876,0.21008989,0.20737413,0.20402749,0.19960618,0.19561835,0.19492358,0.18974364,0.18830001,0.1847011,0.17978057,0.17784233,0.17330968,0.17055067,0.16549172,0.1616316,0.1549582,0.15272279,0.14806281,0.14503944,0.14521216,0.14149687,0.13669433,0.1316993,0.1275235,0.1227708,0.11990907,0.11607578,0.11000019,0.107864834,0.105193,0.10246314,0.09739987,0.09463925,0.08791777,0.08699932,0.08212592,0.080930695,0.08054151,0.078865245,0.0766176,0.0740285,0.07172012,0.066884845,0.06256242,0.058369596,0.05763017,0.052805424,0.04855751,0.042258613,0.040143482,0.039547067,0.035730142
118_real,0.5823371,,,,,,,,,,,,,,,,,,0.76304924,,,,,,,,,,,,,,,,,,,,,,,,,,,,,,,,,,,,,,,,,,,,,,,,,,,
118_gen,0.582337,0.57777363,0.5769516,0.57249737,0.5688311,0.56692857,0.5627278,0.560151,0.5575285,0.5565773,0.55488455,0.55103093,0.5474357,0.5451123,0.5419433,0.542009,0.5389664,0.53556234,0.5334713,0.53072107,0.529126,0.52696407,0.5230787,0.5220041,0.5216403,0.5192911,0.51669943,0.5142037,0.51246446,0.5122579,0.50871336,0.50562507,0.50448227,0.5001341,0.4966775,0.49545082,0.4924276,0.48720226,0.4830514,0.48087984,0.47726193,0.47296086,0.46995816,0.4695483,0.46475238,0.46125683,0.4572733,0.45548946,0.454024,0.45012516,0.44720048,0.44466597,0.44076937,0.43754387,0.43466386,0.43228865,0.42871422,0.42554444,0.4229916,0.41983452,0.41657776,0.41359824,0.4101623,0.40935397,0.40434703,0.40302128,0.40036273,0.3966054,0.3947246,0.393784
119_real,0.08938366,,,,,,,,,,,,,,,,,,-0.022274906,,,,,,,,,,,,,,,,,,,,,,,,,,,,,,,,,,,,,,,,,,,,,,,,,,,
119_gen,0.08938366,0.088640004,0.08357379,0.080899894,0.073883004,0.06973709,0.0644373,0.06204673,0.059879005,0.057055436,0.052328236,0.043858618,0.03966611,0.037200492,0.031519488,0.025836075,0.023534466,0.019889647,0.018930484,0.013599137,0.007724273,0.0024320877,0.0013253542,-0.0028418011,-0.0056147757,-0.009788913,-0.013208148,-0.017518967,-0.022013828,-0.026259262,-0.029831072,-0.031476796,-0.035132755,-0.035607763,-0.03867658,-0.039357323,-0.043631904,-0.049543243,-0.05378876,-0.054967284,-0.058770873,-0.062008698,-0.06402324,-0.06842266,-0.07089909,-0.075540796,-0.078072265,-0.08250485,-0.08469536,-0.08609634,-0.09089946,-0.09539472,-0.10321959,-0.10824336,-0.11244502,-0.1152343,-0.12156431,-0.124381915,-0.130344,-0.13463897,-0.14134604,-0.1446859,-0.14804347,-0.15171078,-0.15599708,-0.16072688,-0.16356547,-0.16484118,-0.16921122,-0.17156944
120_real,-0.25043204,,,,,,,,,,,,,,,,,,-0.25292498,,,,,,,,,,,,,,,,,,,,,,,,,,,,,,,,,,,,,,,,,,,,,,,,,,,
120_gen,-0.25043204,-0.25561902,-0.25798002,-0.26375028,-0.2677768,-0.2738803,-0.27951843,-0.28429168,-0.28823522,-0.29425877,-0.3016514,-0.3067887,-0.3141889,-0.3222232,-0.3296857,-0.33796653,-0.34124294,-0.34535396,-0.3508903,-0.36151457,-0.36641127,-0.37494048,-0.37708515,-0.38111424,-0.38846713,-0.39089847,-0.39364126,-0.39597216,-0.40288824,-0.40824252,-0.4153018,-0.42218083,-0.42802152,-0.43246642,-0.43495455,-0.44109875,-0.44885364,-0.4550511,-0.45657438,-0.46157795,-0.46494612,-0.47017798,-0.47839436,-0.4834303,-0.48775786,-0.49276876,-0.49980807,-0.50816256,-0.5122827,-0.5227101,-0.5283569,-0.5345937,-0.5415219,-0.54772675,-0.55611426,-0.5635773,-0.5674492,-0.5700533,-0.5770458,-0.5821622,-0.58458716,-0.58999,-0.5978775,-0.60273105,-0.6135759,-0.6195961,-0.62535304,-0.6336694,-0.6397592,-0.6467172
121_real,1.0827972,,,,,,,,,,,,,,,,,,1.0675334,,,,,,,,,,,,,,,,,,,,,,,,,,,,,,,,,,,,,,,,,,,,,,,,,,,
121_gen,1.0827972,1.0794604,1.0728338,1.0692141,1.0655541,1.0594676,1.0541723,1.048948,1.0441236,1.0365453,1.032864,1.0281765,1.0214727,1.0138958,1.0106691,1.0048618,1.0007617,0.9968442,0.9915122,0.98489887,0.97769195,0.97110415,0.9647027,0.95727456,0.95242006,0.9492038,0.9437586,0.93624353,0.9284212,0.92578125,0.92094517,0.91670763,0.9096414,0.9031876,0.89904976,0.89087164,0.88649046,0.8802536,0.8747295,0.869185,0.8648446,0.86156255,0.85343015,0.844875,0.83939314,0.8363763,0.8305911,0.8235675,0.8139616,0.8089007,0.80571353,0.7973123,0.7895033,0.7859716,0.7787506,0.77403533,0.77010185,0.7576621,0.7581594,0.7546484,0.7495217,0.74861073,0.7425784,0.7374396,0.73416615,0.729811,0.725098,0.7208992,0.71277493,0.710224
122_real,1.0488998,,,,,,,,,,,,,,,,,,0.97871214,,,,,,,,,,,,,,,,,,,,,,,,,,,,,,,,,,,,,,,,,,,,,,,,,,,
122_gen,1.0488998,1.0452541,1.0369896,1.0323045,1.026509,1.0167783,1.0109226,1.0063567,1.004179,1.0045805,1.0023295,1.0012763,0.99753606,0.9952763,0.9908532,0.9864523,0.98555505,0.98358804,0.97287285,0.9690617,0.965082,0.9628765,0.95480216,0.9526795,0.95328224,0.94972694,0.94698983,0.9466898,0.9447958,0.94065905,0.933821,0.92915475,0.9283202,0.9310586,0.9272022,0.9232527,0.9225429,0.92023706,0.917647,0.9119393,0.90765584,0.90220594,0.9044032,0.8982056,0.89612275,0.88805234,0.8830557,0.876264,0.87295514,0.87151957,0.87133825,0.86764926,0.8648759,0.85676634,0.8526394,0.8480504,0.841883,0.8355036,0.82996434,0.8286484,0.8259336,0.81895983,0.8143097,0.81021845,0.8013898,0.7979646,0.7941202,0.78996205,0.78739595,0.7821657
123_real,0.95717716,,,,,,,,,,,,,,,,,,0.97786623,,,,,,,,,,,,,,,,,,,,,,,,,,,,,,,,,,,,,,,,,,,,,,,,,,,
123_gen,0.95717716,0.9549262,0.95175683,0.9458582,0.9395129,0.9345633,0.9266162,0.9230062,0.9171568,0.91218776,0.90819025,0.90358096,0.89985216,0.8985361,0.89349353,0.889489,0.8866893,0.88156635,0.8789641,0.8730475,0.8728212,0.86793023,0.86509466,0.8600831,0.8545019,0.85222435,0.8466116,0.84260255,0.8387294,0.83317745,0.83142865,0.82505083,0.8229228,0.8186768,0.8154999,0.81327754,0.81064546,0.8067719,0.80319107,0.79939264,0.79486203,0.7900773,0.7866921,0.78195095,0.7766868,0.76975113,0.7687528,0.76345515,0.75930005,0.75463676,0.7503468,0.7479985,0.74219334,0.7372145,0.73442507,0.7303491,0.72680086,0.7229463,0.72016436,0.7170695,0.7132753,0.7104778,0.70481145,0.70055604,0.6968359,0.6876959,0.68725693,0.6831071,0.6776279,0.67814827
124_real,1.292328,,,,,,,,,,,,,,,,,,1.1174861,,,,,,,,,,,,,,,,,,,,,,,,,,,,,,,,,,,,,,,,,,,,,,,,,,,
124_gen,1.292328,1.2848648,1.2778488,1.2725745,1.2657872,1.2596512,1.2502806,1.2446615,1.2409276,1.2388353,1.2338985,1.225288,1.2244356,1.2215685,1.2183661,1.2133623,1.2080936,1.1988348,1.1983613,1.196828,1.1932423,1.1887544,1.1835871,1.1809933,1.1761574,1.1700289,1.163666,1.1603556,1.1533374,1.1481117,1.1442368,1.1394811,1.134235,1.126896,1.1218761,1.1200187,1.123071,1.1219828,1.1169435,1.1168257,1.1132845,1.1093701,1.1043125,1.0988666,1.0968354,1.091726,1.0873892,1.0812137,1.0757806,1.072994,1.0686707,1.0641525,1.056591,1.0548351,1.0505396,1.0450671,1.0405376,1.0354507,1.0316674,1.0247309,1.0174257,1.0114791,1.0048802,1.0004617,0.9996629,0.9968753,0.99276936,0.98769605,0.98194915,0.97652066
125_real,0.09299419,,,,,,,,,,,,,,,,,,0.009124095,,,,,,,,,,,,,,,,,,,,,,,,,,,,,,,,,,,,,,,,,,,,,,,,,,,
125_gen,0.0929942,0.090569,0.09178685,0.08759144,0.08960221,0.08899341,0.0840818,0.081040025,0.08239767,0.08383277,0.07914443,0.07970075,0.08167105,0.079507664,0.07485629,0.07170655,0.072813675,0.070742086,0.06934051,0.06620385,0.062973104,0.06310513,0.061168276,0.061463587,0.056884956,0.053088315,0.052407872,0.04830677,0.0453105,0.041248955,0.03615091,0.03561855,0.033834286,0.031686105,0.03162845,0.028804934,0.025357628,0.021772413,0.020748364,0.019239988,0.013887855,0.009952443,0.0075494484,0.008115975,0.0074099205,0.0075611672,0.0047075734,0.0020085468,-0.0025134212,-0.0027931756,-0.0050596814,-0.008187619,-0.011542959,-0.013299182,-0.017836437,-0.016516998,-0.020827074,-0.021626042,-0.025718981,-0.02824747,-0.029167986,-0.033105195,-0.03537214,-0.035365526,-0.038828973,-0.03849474,-0.03857652,-0.04235649,-0.044831928,-0.045218024
126_real,0.05512253,,,,,,,,,,,,,,,,,,0.39936802,,,,,,,,,,,,,,,,,,,,,,,,,,,,,,,,,,,,,,,,,,,,,,,,,,,
126_gen,0.055122532,0.049982686,0.04391839,0.035980992,0.033078235,0.028216798,0.026291747,0.021449266,0.017597985,0.014615053,0.011421429,0.009177001,0.0075313686,0.004241867,0.0023917588,-0.0014515141,-0.0050423737,-0.0062100664,-0.009481296,-0.013242343,-0.015214476,-0.019858329,-0.022502307,-0.026754523,-0.030627858,-0.033276863,-0.033916723,-0.03621889,-0.04149602,-0.04480893,-0.049217373,-0.051507927,-0.052754022,-0.054794043,-0.057350308,-0.06269155,-0.06353894,-0.068669654,-0.072372876,-0.07489184,-0.0763422,-0.078385964,-0.08131162,-0.08642457,-0.08778252,-0.09112465,-0.09383258,-0.09882778,-0.10046083,-0.10216353,-0.10742185,-0.1118451,-0.11458234,-0.11836686,-0.12254175,-0.12468882,-0.1271394,-0.12929787,-0.13389714,-0.13333029,-0.14039767,-0.14403251,-0.14871223,-0.15419623,-0.15756635,-0.16049649,-0.16235498,-0.16366388,-0.1690178,-0.17077777
127_real,0.41369405,,,,,,,,,,,,,,,,,,0.4638925,,,,,,,,,,,,,,,,,,,,,,,,,,,,,,,,,,,,,,,,,,,,,,,,,,,
127_gen,0.41369408,0.40679455,0.40111881,0.39243883,0.38551703,0.3792961,0.3715899,0.36507517,0.35750932,0.35262343,0.3487215,0.34283417,0.33685008,0.3307728,0.32538953,0.32165653,0.31243306,0.30784214,0.29986194,0.29673395,0.29188126,0.28766865,0.28416675,0.2806312,0.27386874,0.26882046,0.26295173,0.25753397,0.24942462,0.24253151,0.23483355,0.23312907,0.22616923,0.22202666,0.21511352,0.20894372,0.20365207,0.19812696,0.19216105,0.18649998,0.18052256,0.17313287,0.16777605,0.16148531,0.15870991,0.1529752,0.14515214,0.13966951,0.13358329,0.12658703,0.117783174,0.11204426,0.106655635,0.10172342,0.09423488,0.09038315,0.08561113,0.08165811,0.07564162,0.068103544,0.060664944,0.053055394,0.04728098,0.042182885,0.03462288,0.030627776,0.02599991,0.021506798,0.015324622,0.0126154125
128_real,0.47610983,,,,,,,,,,,,,,,,,,0.76664674,,,,,,,,,,,,,,,,,,,,,,,,,,,,,,,,,,,,,,,,,,,,,,,,,,,
128_gen,0.47610983,0.47402826,0.46956235,0.46656457,0.46240655,0.45960546,0.45413652,0.45097366,0.44731802,0.4453283,0.44195908,0.4377872,0.4362507,0.43493953,0.4331224,0.42795306,0.42566854,0.42322922,0.4205672,0.41717058,0.41546902,0.41339952,0.40885478,0.4068069,0.40366966,0.4026392,0.39988106,0.39818105,0.39396495,0.39139003,0.38775763,0.38537198,0.38160756,0.37874722,0.37427163,0.370313,0.36540642,0.36281207,0.36105523,0.35865822,0.35491943,0.3513017,0.34646517,0.34256715,0.33934706,0.3383649,0.33677822,0.33340818,0.32958832,0.32788357,0.32557255,0.32354885,0.32146373,0.31893513,0.31605172,0.31189802,0.30846396,0.30555126,0.3026554,0.30213156,0.30051294,0.29738113,0.29443765,0.29023266,0.28728646,0.28289157,0.27897286,0.27615896,0.2741019,0.26990134
129_real,0.54076713,,,,,,,,,,,,,,,,,,0.4554481,,,,,,,,,,,,,,,,,,,,,,,,,,,,,,,,,,,,,,,,,,,,,,,,,,,
129_gen,0.54076713,0.53431165,0.5298856,0.52264446,0.5204356,0.5181793,0.514644,0.5117308,0.5063245,0.501524,0.49816474,0.49329227,0.49154624,0.49085492,0.48727474,0.48511463,0.47930703,0.47647095,0.47377977,0.4696118,0.46303868,0.45739532,0.4540841,0.45242256,0.44820136,0.4453763,0.44142133,0.4388891,0.43646938,0.43478003,0.42950773,0.42430353,0.42065653,0.41769505,0.41475052,0.4119908,0.4084921,0.40370613,0.39926973,0.39706004,0.3935395,0.39078352,0.3867534,0.38290036,0.37992606,0.3772979,0.37293208,0.37142938,0.36767673,0.3651406,0.36060333,0.35522228,0.35170382,0.34735745,0.34456477,0.34061942,0.3358701,0.33203313,0.32875258,0.3245593,0.3238419,0.3190251,0.31535706,0.31178516,0.30706537,0.30332842,0.2971484,0.29382217,0.2913757,0.288512
130_real,0.70466655,,,,,,,,,,,,,,,,,,0.7928164,,,,,,,,,,,,,,,,,,,,,,,,,,,,,,,,,,,,,,,,,,,,,,,,,,,
130_gen,0.70466655,0.699951,0.69528973,0.68920964,0.683289,0.6801797,0.67411363,0.66944605,0.6651639,0.6604455,0.6562405,0.65220606,0.6478233,0.6442234,0.6403705,0.6347735,0.62739885,0.62371254,0.6187421,0.6147657,0.6103925,0.60683185,0.6027441,0.59645724,0.5904823,0.58826256,0.584226,0.57907486,0.5744158,0.56901443,0.5627421,0.55800426,0.5531531,0.5477215,0.544488,0.5408084,0.53647393,0.53253484,0.5288821,0.52493894,0.5220773,0.5158469,0.51246214,0.5079487,0.50445133,0.5018641,0.49642023,0.49411416,0.4902886,0.48695946,0.48282403,0.47837144,0.4745234,0.4679234,0.46231395,0.4579851,0.45364824,0.44858283,0.4456648,0.440768,0.43591776,0.43275642,0.42940277,0.42635527,0.42212844,0.41908735,0.41681892,0.41212592,0.4086855,0.40512696
131_real,0.81265414,,,,,,,,,,,,,,,,,,0.7625958,,,,,,,,,,,,,,,,,,,,,,,,,,,,,,,,,,,,,,,,,,,,,,,,,,,
131_gen,0.81265414,0.8136858,0.8113812,0.8030629,0.8025797,0.79739237,0.7954788,0.79610735,0.7874696,0.7841891,0.78138715,0.77944976,0.7747403,0.7700945,0.7647051,0.7626366,0.7578901,0.75287837,0.74939835,0.74689156,0.7400956,0.7399975,0.7308973,0.72581875,0.72125673,0.7174849,0.7126826,0.71049803,0.7090545,0.704558,0.7015007,0.69735605,0.6914124,0.68509036,0.6789835,0.67846143,0.67233366,0.667323,0.66168356,0.65383255,0.6475472,0.64219296,0.6399982,0.63733435,0.6343361,0.63372755,0.6265217,0.62311655,0.6230711,0.6205307,0.61861837,0.6108612,0.6100319,0.6073247,0.6070073,0.602504,0.59715426,0.58891714,0.586282,0.5840496,0.57825655,0.57823086,0.57431614,0.56901485,0.56719935,0.56421775,0.5578171,0.55385154,0.54897887,0.5406673
132_real,0.6594549,,,,,,,,,,,,,,,,,,0.77214766,,,,,,,,,,,,,,,,,,,,,,,,,,,,,,,,,,,,,,,,,,,,,,,,,,,
132_gen,0.6594549,0.6499272,0.64583963,0.641437,0.6509248,0.64466465,0.64275175,0.64280325,0.6314383,0.62757343,0.6217244,0.621685,0.62341064,0.61628026,0.61710584,0.6213435,0.6200856,0.61859655,0.6155447,0.6125351,0.60989755,0.6061953,0.6041703,0.6032799,0.60312974,0.5977149,0.5939034,0.5909467,0.58458483,0.5844715,0.576023,0.57054895,0.56683075,0.5661007,0.56412464,0.56218475,0.5649799,0.5583247,0.5513023,0.5474605,0.54370385,0.54417646,0.53618395,0.527557,0.52522546,0.52605283,0.5206027,0.5170781,0.5171474,0.51622885,0.5141561,0.5171083,0.5101638,0.50880563,0.5064758,0.5039002,0.49935228,0.4953813,0.4952774,0.48996234,0.49243575,0.48605448,0.486324,0.4840722,0.483353,0.46962366,0.4744215,0.4766419,0.47263044,0.46934098
133_real,1.1754295,,,,,,,,,,,,,,,,,,1.1240228,,,,,,,,,,,,,,,,,,,,,,,,,,,,,,,,,,,,,,,,,,,,,,,,,,,
133_gen,1.1754295,1.1743674,1.1730208,1.1703492,1.1667323,1.1644449,1.1603305,1.1542413,1.1500765,1.1465428,1.1411278,1.1355925,1.1323783,1.1295017,1.1259004,1.1205623,1.1141958,1.1081398,1.1042931,1.0972284,1.0927746,1.0879719,1.08351,1.0794611,1.0771493,1.0730566,1.0682532,1.0636675,1.0587759,1.0545179,1.0504901,1.0452602,1.0416253,1.0372006,1.0332711,1.0285007,1.0248934,1.0177273,1.0154023,1.0110751,1.0083859,1.0059832,1.0023135,0.9974494,0.9920411,0.99010545,0.986457,0.9829857,0.9798044,0.97727317,0.9745,0.9698675,0.9651863,0.959659,0.9556152,0.9521855,0.9496239,0.9474473,0.94264495,0.936504,0.93115586,0.9276331,0.9240553,0.91970253,0.91498774,0.9088354,0.90491027,0.9006791,0.89564407,0.8910009
134_real,0.38941476,,,,,,,,,,,,,,,,,,0.3616001,,,,,,,,,,,,,,,,,,,,,,,,,,,,,,,,,,,,,,,,,,,,,,,,,,,
134_gen,0.38941476,0.38630873,0.38158315,0.37909478,0.3765301,0.37727347,0.37298036,0.36941084,0.36430177,0.35915124,0.35739702,0.35336843,0.35086113,0.34776595,0.34492317,0.34119165,0.33849153,0.3373894,0.3333246,0.33123577,0.3259638,0.31827182,0.31726515,0.31227833,0.30924767,0.30533558,0.29953995,0.2971033,0.29285797,0.2909515,0.28505266,0.28051096,0.2774214,0.27436924,0.272888,0.26763695,0.26483667,0.26601774,0.2620315,0.2608475,0.2583958,0.25665003,0.2570566,0.25511968,0.25517344,0.2521534,0.24861917,0.24559005,0.24211626,0.23898907,0.23713048,0.23464485,0.23221949,0.22948584,0.22608411,0.22311482,0.21807298,0.21436426,0.21134174,0.2105432,0.20540366,0.20178628,0.19633412,0.18999505,0.18524446,0.18193242,0.17608641,0.17411795,0.17120406,0.16639972
135_real,0.429835,,,,,,,,,,,,,,,,,,0.31655857,,,,,,,,,,,,,,,,,,,,,,,,,,,,,,,,,,,,,,,,,,,,,,,,,,,
135_gen,0.42983502,0.43045387,0.43174115,0.42669892,0.42274874,0.42015728,0.41583672,0.4104112,0.40513992,0.40081224,0.39545083,0.39159462,0.38725966,0.38457215,0.38152552,0.37948698,0.3756055,0.37140256,0.36359748,0.3595263,0.3593319,0.3537541,0.34894615,0.34384033,0.34164795,0.33780912,0.33389673,0.3301397,0.3252284,0.32088208,0.31809616,0.3154695,0.3090669,0.3039128,0.30167717,0.29721564,0.29470348,0.2902189,0.2888979,0.28452533,0.27984512,0.27719626,0.27390075,0.26664513,0.26537263,0.26068193,0.25330728,0.24797757,0.24263136,0.23774639,0.23186287,0.22679314,0.22108713,0.21810374,0.21777157,0.21192257,0.20941992,0.20594282,0.20013504,0.19265018,0.18902957,0.18754017,0.18116696,0.17898235,0.17493632,0.1731906,0.170109,0.16715728,0.16195999,0.15592113
136_real,0.39034387,,,,,,,,,,,,,,,,,,0.4623031,,,,,,,,,,,,,,,,,,,,,,,,,,,,,,,,,,,,,,,,,,,,,,,,,,,
136_gen,0.39034387,0.3864525,0.38662335,0.38625556,0.38417926,0.38406304,0.38279065,0.38236776,0.38024923,0.38108137,0.381051,0.37432283,0.37262145,0.37210402,0.3724181,0.37150726,0.37252945,0.37386551,0.3766423,0.37628144,0.37723768,0.3790024,0.37572503,0.37584412,0.37636882,0.3715128,0.37178835,0.37074387,0.37003976,0.3677132,0.36709386,0.3683126,0.3686114,0.3625552,0.36509293,0.36459348,0.3652952,0.36296654,0.36168545,0.356423,0.35997728,0.35786715,0.35655516,0.35367352,0.35004112,0.34817702,0.34921575,0.34454018,0.34125474,0.33812156,0.3390143,0.33755118,0.3343316,0.33294186,0.32933432,0.32986608,0.3258104,0.3272921,0.33185714,0.3325266,0.33393496,0.3358198,0.3334075,0.3320736,0.33100122,0.32901293,0.3240009,0.32425568,0.32423472,0.32355067
137_real,0.7080172,,,,,,,,,,,,,,,,,,0.7292973,,,,,,,,,,,,,,,,,,,,,,,,,,,,,,,,,,,,,,,,,,,,,,,,,,,
137_gen,0.70801723,0.701142,0.6962658,0.69388807,0.6909024,0.68483055,0.677286,0.6735777,0.6678787,0.6617821,0.65707725,0.6497542,0.64164704,0.6389629,0.63411486,0.62593687,0.62254244,0.61833274,0.61420256,0.6108945,0.60506475,0.596845,0.58966887,0.5852351,0.585498,0.5812698,0.575858,0.57114935,0.5647376,0.5592146,0.55270994,0.5460605,0.5389455,0.5302492,0.5278636,0.51843435,0.5136371,0.5096234,0.5035917,0.4986717,0.4931593,0.4852383,0.47943228,0.4779057,0.47371197,0.47044843,0.45972395,0.45523968,0.45235652,0.44791436,0.4409213,0.43710285,0.43260208,0.42426953,0.4140199,0.40867862,0.4022034,0.39311832,0.38941032,0.38233623,0.38079286,0.3735457,0.37057808,0.3618553,0.35805833,0.35401794,0.34742418,0.34275308,0.33243194,0.32837185
138_real,0.29490313,,,,,,,,,,,,,,,,,,-0.061684925,,,,,,,,,,,,,,,,,,,,,,,,,,,,,,,,,,,,,,,,,,,,,,,,,,,
138_gen,0.2949031,0.29203185,0.28835857,0.28254506,0.27973014,0.2739321,0.2690043,0.2634179,0.2584061,0.25126746,0.24529454,0.24255629,0.24039777,0.23489769,0.23239681,0.22799948,0.22778463,0.2278034,0.22379526,0.22034991,0.21816334,0.21506457,0.20966952,0.2073175,0.20540819,0.20250876,0.2005846,0.19591415,0.19063112,0.18789415,0.1816924,0.18043111,0.17153507,0.16861199,0.16465291,0.16509649,0.1612678,0.15648963,0.15402389,0.15133137,0.14623773,0.14196683,0.13615814,0.13484073,0.13281399,0.1267513,0.123509906,0.118869044,0.11393164,0.111510396,0.10533458,0.102055214,0.09628551,0.097596794,0.09544472,0.09272101,0.091404304,0.08972413,0.08607745,0.07938879,0.07728823,0.07468279,0.06936213,0.06683303,0.064735964,0.058778487,0.0549587,0.052609812,0.04856086,0.04299404
139_real,-0.53618956,,,,,,,,,,,,,,,,,,-0.39624128,,,,,,,,,,,,,,,,,,,,,,,,,,,,,,,,,,,,,,,,,,,,,,,,,,,
139_gen,-0.53618956,-0.5413541,-0.5499226,-0.5554243,-0.56483114,-0.56813693,-0.57412016,-0.58445704,-0.5904207,-0.5987447,-0.60872275,-0.61681557,-0.61858284,-0.6221658,-0.62631893,-0.6348852,-0.6417113,-0.6503814,-0.6569549,-0.66557026,-0.67555493,-0.6801361,-0.68504405,-0.68973035,-0.6965352,-0.7046741,-0.70836854,-0.7126912,-0.7184735,-0.7248132,-0.7294092,-0.7357564,-0.7402988,-0.74638575,-0.7521251,-0.7573345,-0.7628167,-0.767216,-0.7737574,-0.7790883,-0.7799705,-0.7823406,-0.78480786,-0.78978825,-0.7957743,-0.7997146,-0.80728877,-0.81079644,-0.8175107,-0.8243351,-0.83087045,-0.83858573,-0.84982157,-0.85512984,-0.86272603,-0.86913157,-0.87725055,-0.8840567,-0.89306515,-0.89838535,-0.90242195,-0.90735066,-0.9131247,-0.91953915,-0.92489624,-0.92946416,-0.93620664,-0.94385445,-0.949941,-0.9562834
140_real,0.46282652,,,,,,,,,,,,,,,,,,0.42618096,,,,,,,,,,,,,,,,,,,,,,,,,,,,,,,,,,,,,,,,,,,,,,,,,,,
140_gen,0.46282655,0.45722932,0.4531923,0.44127637,0.43515053,0.42917675,0.4213751,0.41620708,0.41303357,0.40358648,0.4012243,0.39667758,0.38979086,0.38498214,0.37905818,0.3727634,0.3677718,0.36135033,0.35711765,0.35026655,0.34474668,0.3426081,0.33729222,0.33284527,0.33004266,0.32749933,0.31676766,0.31241786,0.3034696,0.2980008,0.29109174,0.28641757,0.28112397,0.27544436,0.26975563,0.26525593,0.26264068,0.25620353,0.2518081,0.24376528,0.23532458,0.23031244,0.22996482,0.2229938,0.21865073,0.21496408,0.20928927,0.200935,0.19272235,0.18482322,0.18054226,0.17590375,0.17327003,0.16849166,0.1671083,0.16521813,0.16204363,0.1575332,0.15208194,0.14360428,0.1410806,0.1364,0.13072218,0.12274401,0.11942594,0.113130726,0.10565152,0.103998184,0.10020423,0.09558167
141_real,0.43987885,,,,,,,,,,,,,,,,,,0.405648,,,,,,,,,,,,,,,,,,,,,,,,,,,,,,,,,,,,,,,,,,,,,,,,,,,
141_gen,0.43987888,0.43390694,0.42889732,0.42410573,0.41967273,0.4159502,0.41314387,0.40858832,0.40370435,0.40056175,0.39669424,0.39278585,0.38798386,0.3855912,0.3801402,0.3772618,0.37286586,0.3695229,0.366064,0.3604091,0.35515064,0.35303992,0.34776166,0.34306312,0.33967075,0.33177388,0.32771897,0.32351166,0.3211321,0.3180169,0.31176764,0.30837172,0.3054291,0.29877046,0.29508865,0.28798455,0.28177735,0.27682433,0.27205396,0.26742643,0.262672,0.26001197,0.25521827,0.25085577,0.24651268,0.24308164,0.24151595,0.23680153,0.23316805,0.22814253,0.22360198,0.22224188,0.21869954,0.21376458,0.20957391,0.20575836,0.20058234,0.19745037,0.19474344,0.191128,0.18943138,0.18441981,0.18133786,0.17794044,0.17504245,0.17024966,0.16352046,0.15669309,0.15371642,0.15088315
142_real,0.40744764,,,,,,,,,,,,,,,,,,0.12392051,,,,,,,,,,,,,,,,,,,,,,,,,,,,,,,,,,,,,,,,,,,,,,,,,,,
142_gen,0.40744764,0.39943513,0.39294532,0.38896292,0.384051,0.38141304,0.37654507,0.37118986,0.3653735,0.3609653,0.35364717,0.34811324,0.34227565,0.33430076,0.32881877,0.32530278,0.31752038,0.31431803,0.3102022,0.3049329,0.29841664,0.29439417,0.290729,0.28395727,0.27994666,0.275564,0.27166605,0.26876035,0.2626338,0.2572998,0.24998637,0.24610281,0.2406539,0.23697391,0.23390576,0.23210423,0.22635952,0.22141127,0.21663192,0.21258052,0.20937768,0.2060751,0.20160857,0.19704068,0.19082336,0.18761012,0.1843151,0.17599876,0.17244807,0.1641645,0.15920474,0.15235484,0.14591494,0.14193128,0.13608558,0.1321524,0.12568004,0.12380527,0.11613345,0.11180761,0.10674913,0.10107889,0.09433651,0.09025907,0.085161135,0.08035,0.07644079,0.071148716,0.067152366,0.0617191
143_real,0.0878981,,,,,,,,,,,,,,,,,,0.07313253,,,,,,,,,,,,,,,,,,,,,,,,,,,,,,,,,,,,,,,,,,,,,,,,,,,
143_gen,0.08789809,0.08225518,0.07948425,0.0735943,0.06988913,0.06680969,0.06599534,0.06375584,0.05911193,0.058856525,0.05565033,0.05254491,0.05082022,0.047040068,0.04655974,0.048215102,0.0447757,0.042214442,0.04294213,0.039847266,0.037491135,0.033733957,0.03107911,0.02986126,0.025653178,0.02036497,0.01682074,0.014923585,0.012791273,0.008967428,0.00623461,0.0051043266,0.0059181163,0.00391687,0.0010371979,-0.0010980436,-0.0035174892,-0.005680299,-0.0051292763,-0.004945413,-0.0072592758,-0.009568576,-0.010504897,-0.014183775,-0.018491322,-0.021545485,-0.024866391,-0.026931707,-0.030921945,-0.03461271,-0.034389235,-0.03687812,-0.039035555,-0.04323075,-0.044089433,-0.04543336,-0.04857459,-0.048532747,-0.054152153,-0.057273466,-0.058341987,-0.059934683,-0.06340933,-0.066112146,-0.06802431,-0.07127195,-0.076781645,-0.08070067,-0.08366376,-0.08551657
144_real,0.84777015,,,,,,,,,,,,,,,,,,0.9147368,,,,,,,,,,,,,,,,,,,,,,,,,,,,,,,,,,,,,,,,,,,,,,,,,,,
144_gen,0.8477701,0.839069,0.8310854,0.82534707,0.82009155,0.81329995,0.8101651,0.80346143,0.79757994,0.7911352,0.7872464,0.7841862,0.77882636,0.77829534,0.77372646,0.7679493,0.7627605,0.7620078,0.7581835,0.7567419,0.75082964,0.7504641,0.7457829,0.7421084,0.73494565,0.7313411,0.7264451,0.72059244,0.71809167,0.7138281,0.7082756,0.7063705,0.70010483,0.6953808,0.6902319,0.6875402,0.6848306,0.68210715,0.6799997,0.6743406,0.67138046,0.66564196,0.66253996,0.6587261,0.6529726,0.64801145,0.64363927,0.6379778,0.63290477,0.624328,0.6214177,0.61642253,0.6115727,0.60830194,0.601177,0.59611744,0.5932477,0.5893547,0.58304304,0.57860863,0.5744989,0.56764543,0.56365657,0.5603667,0.5561004,0.5511075,0.5481364,0.5423924,0.5396822,0.533181
