ROI,Month_0,Month_1,Month_2,Month_3,Month_4,Month_5,Month_6,Month_7,Month_8,Month_9,Month_10,Month_11,Month_12,Month_13,Month_14,Month_15,Month_16,Month_17,Month_18,Month_19,Month_20,Month_21,Month_22,Month_23,Month_24,Month_25,Month_26,Month_27,Month_28,Month_29,Month_30,Month_31,Month_32,Month_33,Month_34,Month_35,Month_36,Month_37,Month_38,Month_39,Month_40,Month_41,Month_42,Month_43,Month_44,Month_45,Month_46,Month_47,Month_48,Month_49,Month_50,Month_51,Month_52,Month_53,Month_54,Month_55,Month_56,Month_57,Month_58,Month_59,Month_60,Month_61,Month_62,Month_63,Month_64,Month_65,Month_66,Month_67,Month_68,Month_69
0_real,-1.2516932,,,,,,-1.2721177,,,,,,-1.307977,,,,,,,,,,,,,-1.5270753,,,,,,,,,,,,-1.2467262,,,,,,,,,,,,,,,,,,,,,,,,,,,,,,,,
0_gen,-1.2516934,-1.2438666,-1.236161,-1.2283816,-1.2204124,-1.2113689,-1.2036629,-1.1952642,-1.1878856,-1.1787694,-1.1705459,-1.164084,-1.1576563,-1.1523281,-1.1454079,-1.1385046,-1.1294451,-1.1210271,-1.1144787,-1.1048241,-1.0978215,-1.0894873,-1.0806471,-1.0724396,-1.0657963,-1.0569724,-1.0511355,-1.0441672,-1.0344889,-1.0258962,-1.0179256,-1.0096022,-1.0015212,-0.9922179,-0.98510885,-0.97842187,-0.9717959,-0.96469593,-0.95817506,-0.95167696,-0.94267863,-0.9351038,-0.928944,-0.9217025,-0.91156924,-0.9040952,-0.8975641,-0.8900112,-0.88082635,-0.87335587,-0.8667881,-0.85901463,-0.8530903,-0.84397876,-0.83567494,-0.82779807,-0.8209096,-0.8150832,-0.806461,-0.7980519,-0.7894055,-0.7838577,-0.7765681,-0.76774615,-0.75931174,-0.7523309,-0.7458006,-0.73685765,-0.7296215,-0.7200939
1_real,-0.5447612,,,,,,-0.7368525,,,,,,-0.75571275,,,,,,,,,,,,,-0.58460593,,,,,,,,,,,,-0.71531063,,,,,,,,,,,,,,,,,,,,,,,,,,,,,,,,
1_gen,-0.5447612,-0.5440535,-0.54371685,-0.5419874,-0.54225487,-0.53918296,-0.5372773,-0.535172,-0.53348607,-0.5304867,-0.5286628,-0.5279115,-0.5261823,-0.5237285,-0.520144,-0.5195895,-0.5177524,-0.51693285,-0.51632434,-0.51419777,-0.5127476,-0.51058614,-0.50920016,-0.5079405,-0.50553685,-0.50204337,-0.5003583,-0.49866724,-0.49575678,-0.49377114,-0.48978186,-0.48705125,-0.48454076,-0.48201948,-0.4796855,-0.47786227,-0.4765268,-0.47498426,-0.47438842,-0.4722527,-0.4682145,-0.46534762,-0.4654375,-0.4610396,-0.45872313,-0.4566465,-0.45257187,-0.44843808,-0.4462108,-0.44471222,-0.44314703,-0.44147882,-0.43968868,-0.43739104,-0.43614206,-0.43420935,-0.433482,-0.42933148,-0.42557994,-0.42438555,-0.4219765,-0.42207527,-0.41923475,-0.4167637,-0.41371864,-0.41061097,-0.40699092,-0.40431246,-0.4030516,-0.40012965
2_real,-0.033340815,,,,,,0.10196249,,,,,,0.24105544,,,,,,,,,,,,,0.18310721,,,,,,,,,,,,0.19604231,,,,,,,,,,,,,,,,,,,,,,,,,,,,,,,,
2_gen,-0.033340815,-0.0456935,-0.058923997,-0.070931055,-0.081368245,-0.08942942,-0.09858624,-0.11086504,-0.11641322,-0.12551114,-0.129257,-0.1391403,-0.14609863,-0.15531367,-0.1662841,-0.1759173,-0.18474628,-0.1927912,-0.20244274,-0.21023306,-0.21907468,-0.22900543,-0.23674992,-0.24398832,-0.2520208,-0.25914076,-0.2682047,-0.27673152,-0.28695053,-0.2962763,-0.30189624,-0.31125158,-0.31779724,-0.32813168,-0.3361267,-0.3428386,-0.35134262,-0.35730523,-0.36574572,-0.3762954,-0.38550425,-0.39320102,-0.4029769,-0.41384357,-0.42304868,-0.43182912,-0.44138137,-0.44683737,-0.45592675,-0.4642852,-0.4725768,-0.47953838,-0.48695675,-0.49731928,-0.5054331,-0.5133979,-0.52182984,-0.53105867,-0.53982127,-0.5477075,-0.5581376,-0.56509984,-0.5746185,-0.5856478,-0.5922674,-0.60154814,-0.61013424,-0.6176962,-0.6266295,-0.63502735
3_real,0.36672637,,,,,,0.5276402,,,,,,0.50694895,,,,,,,,,,,,,0.22550663,,,,,,,,,,,,0.2980006,,,,,,,,,,,,,,,,,,,,,,,,,,,,,,,,
3_gen,0.36672637,0.35246223,0.33793297,0.32395637,0.30900797,0.29479113,0.28158072,0.26978692,0.26272577,0.25193605,0.23919955,0.22828571,0.2192978,0.21009545,0.20135196,0.19391836,0.1865407,0.17460242,0.1665152,0.15899484,0.15015104,0.1418707,0.12931922,0.11807847,0.10822388,0.097590744,0.08721946,0.07700747,0.06863202,0.059234828,0.04709976,0.039889675,0.029186416,0.01798206,0.008690881,-6.6308676e-05,-0.009584178,-0.019499589,-0.032084342,-0.041575722,-0.051576506,-0.059674464,-0.0680293,-0.08074255,-0.09054114,-0.100331105,-0.111216046,-0.12287706,-0.13181166,-0.14224093,-0.15444848,-0.16666329,-0.1761085,-0.18545653,-0.19277318,-0.20340922,-0.21077342,-0.22429928,-0.23474097,-0.24723844,-0.25692186,-0.26940006,-0.2797626,-0.29062012,-0.30392826,-0.3149531,-0.32574034,-0.338808,-0.35150683,-0.3600301
4_real,-1.0008188,,,,,,-0.46532184,,,,,,-0.52766836,,,,,,,,,,,,,-0.7738335,,,,,,,,,,,,-0.2201191,,,,,,,,,,,,,,,,,,,,,,,,,,,,,,,,
4_gen,-1.000819,-1.0092697,-1.0169437,-1.0248826,-1.0322559,-1.0400908,-1.0499499,-1.0561272,-1.0668851,-1.0807536,-1.089106,-1.1012374,-1.1121049,-1.1231879,-1.1348612,-1.1448766,-1.1549282,-1.165924,-1.1744368,-1.1866814,-1.1936947,-1.200606,-1.2105391,-1.2223307,-1.23125,-1.2398033,-1.2421181,-1.2473081,-1.2541369,-1.2618622,-1.2671697,-1.2754387,-1.2809683,-1.2896088,-1.299203,-1.3047464,-1.3148996,-1.325082,-1.3357406,-1.3447317,-1.3537755,-1.3601203,-1.3678473,-1.3756808,-1.3826253,-1.3913262,-1.3956945,-1.4050623,-1.4108769,-1.4180579,-1.4269441,-1.4319898,-1.4407012,-1.4533931,-1.4639604,-1.475067,-1.4880694,-1.5022744,-1.5089413,-1.5176201,-1.5235977,-1.5288033,-1.5407455,-1.5508425,-1.5585401,-1.569722,-1.5789211,-1.5914836,-1.6025652,-1.6102203
5_real,-1.3486472,,,,,,-0.6598572,,,,,,-0.777279,,,,,,,,,,,,,-1.2150494,,,,,,,,,,,,-0.72075164,,,,,,,,,,,,,,,,,,,,,,,,,,,,,,,,
5_gen,-1.3486472,-1.3612251,-1.3750851,-1.3875213,-1.3981811,-1.4105352,-1.423747,-1.4346234,-1.447985,-1.4577892,-1.4703659,-1.4806992,-1.4898187,-1.4982603,-1.5085574,-1.5205743,-1.5284292,-1.5416667,-1.5526104,-1.5631609,-1.5752293,-1.5896975,-1.6012042,-1.6096275,-1.6152391,-1.625404,-1.6372684,-1.6491705,-1.6595125,-1.6691573,-1.6814169,-1.6908703,-1.6976101,-1.7138164,-1.7257608,-1.7353014,-1.7483613,-1.7634723,-1.7752228,-1.7843357,-1.796911,-1.8066689,-1.817675,-1.828655,-1.8376787,-1.8483769,-1.8585161,-1.8737402,-1.8811884,-1.8927679,-1.9031464,-1.9161446,-1.9252923,-1.935611,-1.9456756,-1.956229,-1.9683949,-1.9804974,-1.989259,-2.0031316,-2.01753,-2.028701,-2.036263,-2.0489688,-2.0620942,-2.074538,-2.0872414,-2.098102,-2.1110084,-2.1292393
6_real,-1.3913758,,,,,,-0.8804682,,,,,,-0.8083681,,,,,,,,,,,,,-1.0200485,,,,,,,,,,,,-0.9639663,,,,,,,,,,,,,,,,,,,,,,,,,,,,,,,,
6_gen,-1.3913757,-1.393542,-1.3948867,-1.3970501,-1.3997924,-1.401925,-1.4032617,-1.405962,-1.4098492,-1.4123886,-1.415109,-1.416838,-1.4197354,-1.4231253,-1.4263494,-1.4293453,-1.431566,-1.4328272,-1.4354875,-1.4382603,-1.439504,-1.4414632,-1.4430907,-1.4451362,-1.4468806,-1.4507487,-1.4534658,-1.4561014,-1.4592307,-1.4633756,-1.4649374,-1.4659216,-1.4685795,-1.471994,-1.4743639,-1.476209,-1.4779055,-1.479942,-1.4827102,-1.4844414,-1.4864562,-1.4886036,-1.4911433,-1.4934453,-1.4951136,-1.4974712,-1.5008037,-1.5025249,-1.5051222,-1.5069196,-1.5089402,-1.5103692,-1.5121176,-1.5144098,-1.5176665,-1.5203246,-1.5217941,-1.5249827,-1.5281155,-1.5318424,-1.5331867,-1.5364282,-1.5397282,-1.5420558,-1.5441047,-1.5466516,-1.5482669,-1.55197,-1.5541365,-1.5561632
7_real,-1.1961793,,,,,,-1.0569407,,,,,,-1.3483281,,,,,,,,,,,,,-1.4377869,,,,,,,,,,,,-1.3028302,,,,,,,,,,,,,,,,,,,,,,,,,,,,,,,,
7_gen,-1.1961793,-1.1969427,-1.1968741,-1.197638,-1.1989651,-1.1997827,-1.1999156,-1.2022102,-1.2043418,-1.2035452,-1.2020664,-1.2012975,-1.2031238,-1.2014414,-1.2020098,-1.2017261,-1.203718,-1.2080734,-1.2079912,-1.210459,-1.2109865,-1.2117682,-1.2126675,-1.2137874,-1.2145287,-1.2126337,-1.2122099,-1.2137932,-1.213275,-1.2116828,-1.2129712,-1.212486,-1.2111157,-1.209988,-1.2089207,-1.2075365,-1.2081075,-1.2107366,-1.2085716,-1.2070717,-1.2083396,-1.2078412,-1.2082736,-1.208376,-1.205385,-1.2073743,-1.2063541,-1.2057207,-1.2083662,-1.208359,-1.2092346,-1.2107407,-1.21081,-1.2127779,-1.2106802,-1.2096071,-1.2111062,-1.2113509,-1.2101696,-1.2097976,-1.2079726,-1.2091129,-1.2084758,-1.2097652,-1.2083017,-1.2071384,-1.2050848,-1.206733,-1.2052147,-1.2061853
8_real,0.378608,,,,,,-0.011098203,,,,,,-0.21345776,,,,,,,,,,,,,0.06867596,,,,,,,,,,,,-0.11812438,,,,,,,,,,,,,,,,,,,,,,,,,,,,,,,,
8_gen,0.378608,0.37592754,0.3757611,0.37313247,0.37237874,0.3702379,0.36629662,0.3653897,0.365086,0.3617527,0.36043182,0.35727185,0.35717946,0.35678,0.35797474,0.35628843,0.35280222,0.35245308,0.35019413,0.34531516,0.34203953,0.34048983,0.3380818,0.33625132,0.33524543,0.33136398,0.33338088,0.33307034,0.32958078,0.32613364,0.32366842,0.3249731,0.32323322,0.32018113,0.31942815,0.32022378,0.32069495,0.32008487,0.31843778,0.31782714,0.31792483,0.31720915,0.31506297,0.31285575,0.3120523,0.30757552,0.3057235,0.3042237,0.30090103,0.30092135,0.29870722,0.29693484,0.294802,0.29285833,0.2889933,0.2858089,0.28376234,0.2850421,0.282265,0.27886236,0.2807418,0.27881888,0.2763373,0.27692938,0.27563667,0.27381954,0.27282068,0.27261576,0.2703082,0.26883277
9_real,0.46435502,,,,,,0.45486143,,,,,,0.25210992,,,,,,,,,,,,,0.21121868,,,,,,,,,,,,0.10676925,,,,,,,,,,,,,,,,,,,,,,,,,,,,,,,,
9_gen,0.46435505,0.46641344,0.46318254,0.4602642,0.46013984,0.458213,0.45004344,0.445251,0.44297308,0.43932003,0.43687963,0.43286663,0.42885238,0.42662945,0.4223691,0.41504854,0.40803885,0.40298405,0.3989366,0.39280874,0.38762632,0.38819712,0.38111407,0.3779258,0.37289658,0.36722782,0.36361015,0.36091086,0.35638243,0.34981078,0.34404927,0.3396607,0.33632302,0.33154792,0.32915062,0.32556993,0.32281423,0.3194291,0.31366348,0.30911887,0.30758333,0.3051554,0.30082846,0.29889706,0.29478765,0.28879195,0.2814171,0.2746947,0.27238682,0.26373717,0.25797874,0.25147086,0.24442196,0.23944011,0.23617378,0.2294585,0.22559181,0.22405502,0.21888319,0.21601014,0.21270552,0.20808661,0.20495984,0.20237646,0.20028976,0.19519341,0.19123587,0.18668063,0.18061736,0.17331183
10_real,-0.9827078,,,,,,-0.8841156,,,,,,-0.9249545,,,,,,,,,,,,,-0.87288284,,,,,,,,,,,,-0.80058837,,,,,,,,,,,,,,,,,,,,,,,,,,,,,,,,
10_gen,-0.98270786,-0.98382056,-0.9858111,-0.98736364,-0.9925972,-0.9965645,-1.0018487,-1.0067998,-1.0154355,-1.0187728,-1.0251896,-1.0300801,-1.0354395,-1.038522,-1.0425382,-1.0494568,-1.056481,-1.061256,-1.0648816,-1.071031,-1.0748429,-1.0796944,-1.0855634,-1.090939,-1.0968319,-1.1022855,-1.1067078,-1.1128621,-1.1220722,-1.1292381,-1.1368763,-1.1427872,-1.1497627,-1.1566944,-1.1649129,-1.1711881,-1.1767079,-1.1848675,-1.1908345,-1.1962429,-1.2029216,-1.2092135,-1.2142256,-1.220199,-1.2280796,-1.2345054,-1.2412167,-1.2455842,-1.2517246,-1.2588714,-1.2632798,-1.2702658,-1.2754947,-1.2811524,-1.2853138,-1.2922778,-1.2997953,-1.305958,-1.3143024,-1.3216705,-1.3265847,-1.3325465,-1.3382677,-1.3424197,-1.3486154,-1.3543861,-1.3652194,-1.3724139,-1.3802516,-1.3877319
11_real,0.22869152,,,,,,-0.29688433,,,,,,-0.28903022,,,,,,,,,,,,,0.014134841,,,,,,,,,,,,-0.12992711,,,,,,,,,,,,,,,,,,,,,,,,,,,,,,,,
11_gen,0.22869155,0.23117387,0.22991113,0.23080833,0.23153856,0.23031898,0.23214658,0.2314116,0.23047855,0.23279424,0.23324955,0.23301868,0.23165579,0.23279133,0.23194847,0.23435347,0.23495464,0.23216684,0.23135018,0.227266,0.22841069,0.22845697,0.22592834,0.22242694,0.22007589,0.21907517,0.22014341,0.22072253,0.21821919,0.22420315,0.22146742,0.22107673,0.21835744,0.21365538,0.21047601,0.20904906,0.21016426,0.20849708,0.20891273,0.2062959,0.20680931,0.20174126,0.19781438,0.1975316,0.1933596,0.19317958,0.19165006,0.1930963,0.19471268,0.19261548,0.19471757,0.19527054,0.19359066,0.18960786,0.18358637,0.17852063,0.17862251,0.17571291,0.16864437,0.1667029,0.1664499,0.16554889,0.16681011,0.16534625,0.16403747,0.16609104,0.16503283,0.16476591,0.1635018,0.15849026
12_real,-0.32694232,,,,,,-0.7232326,,,,,,-0.6051189,,,,,,,,,,,,,-0.598039,,,,,,,,,,,,-0.68047774,,,,,,,,,,,,,,,,,,,,,,,,,,,,,,,,
12_gen,-0.32694235,-0.32214785,-0.32146788,-0.32283217,-0.32539225,-0.3243667,-0.32705736,-0.33056527,-0.3342578,-0.3358919,-0.33464804,-0.337144,-0.33825713,-0.3431998,-0.3462929,-0.3488372,-0.35219294,-0.35562012,-0.35915345,-0.36154738,-0.36600074,-0.365487,-0.37063342,-0.3769319,-0.37953377,-0.38416645,-0.39155334,-0.39450923,-0.3996496,-0.40468988,-0.40982732,-0.41492587,-0.42086673,-0.42586842,-0.4266879,-0.4249038,-0.4254592,-0.43013877,-0.4362391,-0.43887538,-0.44239607,-0.44180265,-0.4458785,-0.447532,-0.44993958,-0.45628515,-0.46099263,-0.46297884,-0.46478397,-0.47087082,-0.4750864,-0.47784352,-0.4834052,-0.4855419,-0.4914419,-0.49702057,-0.5032667,-0.5089014,-0.51149505,-0.51427966,-0.51752543,-0.5210558,-0.52484286,-0.528012,-0.5296036,-0.5341283,-0.5345303,-0.5369897,-0.5411375,-0.54416436
13_real,-1.4712156,,,,,,-1.2971641,,,,,,-1.4161162,,,,,,,,,,,,,-2.041138,,,,,,,,,,,,-1.4689891,,,,,,,,,,,,,,,,,,,,,,,,,,,,,,,,
13_gen,-1.4712155,-1.4785078,-1.4907426,-1.5003027,-1.5124624,-1.5202041,-1.5308443,-1.5429143,-1.5541602,-1.5641104,-1.5744045,-1.5816982,-1.5917785,-1.6012363,-1.6100096,-1.6207621,-1.6328716,-1.6412477,-1.6506243,-1.6618325,-1.6720976,-1.6832869,-1.6910629,-1.7012656,-1.7099087,-1.7226206,-1.7328682,-1.7420136,-1.7505213,-1.7616879,-1.7704105,-1.7807052,-1.7907289,-1.8000044,-1.8107392,-1.8183594,-1.8274397,-1.8396082,-1.8511174,-1.8611429,-1.8712461,-1.8786246,-1.8884665,-1.9017624,-1.913352,-1.9226997,-1.936238,-1.9451917,-1.9575341,-1.9689906,-1.9798197,-1.9911484,-2.0020547,-2.0150998,-2.0253067,-2.0355735,-2.047977,-2.0584602,-2.069883,-2.076756,-2.087135,-2.0980647,-2.1112032,-2.121427,-2.1320074,-2.1423807,-2.1514966,-2.1624675,-2.1728494,-2.1824942
14_real,-0.99960726,,,,,,-0.5947179,,,,,,-0.65064675,,,,,,,,,,,,,-1.3472492,,,,,,,,,,,,-0.6561105,,,,,,,,,,,,,,,,,,,,,,,,,,,,,,,,
14_gen,-0.9996072,-1.0133219,-1.0237381,-1.0305245,-1.0410856,-1.0525419,-1.0608028,-1.0723993,-1.0843664,-1.0941994,-1.1036067,-1.1137346,-1.1242292,-1.1349099,-1.1476856,-1.1575003,-1.1698177,-1.1780666,-1.1865337,-1.1960832,-1.2040035,-1.2144758,-1.225777,-1.2338675,-1.243399,-1.2514572,-1.2613208,-1.2737069,-1.2828115,-1.2971723,-1.304981,-1.3172233,-1.328945,-1.3362125,-1.3432388,-1.3571999,-1.3675632,-1.3783455,-1.3921404,-1.4007095,-1.4118873,-1.4213777,-1.4325643,-1.4437436,-1.4544433,-1.4653345,-1.4770564,-1.4869282,-1.4967973,-1.5100874,-1.5210712,-1.5336905,-1.5449444,-1.5568761,-1.5683877,-1.5775411,-1.5879207,-1.599169,-1.612222,-1.6234214,-1.6306938,-1.6409582,-1.6520828,-1.6651723,-1.6786598,-1.6928743,-1.7029988,-1.7132288,-1.7257471,-1.740406
15_real,-0.305405,,,,,,-0.37620547,,,,,,-0.76067185,,,,,,,,,,,,,-0.4569552,,,,,,,,,,,,-0.60628814,,,,,,,,,,,,,,,,,,,,,,,,,,,,,,,,
15_gen,-0.30540496,-0.29331723,-0.2816101,-0.2688449,-0.251816,-0.23736458,-0.22056155,-0.20405586,-0.19780116,-0.17978726,-0.16031638,-0.15059304,-0.13722232,-0.12399672,-0.110053696,-0.09918052,-0.08317516,-0.0682242,-0.05517742,-0.043694552,-0.03085218,-0.018946106,-0.006011085,0.007898306,0.020208271,0.034281556,0.04869982,0.06417176,0.07624101,0.08946155,0.10507915,0.118251026,0.12742677,0.13905013,0.15589479,0.17260732,0.18960896,0.21064825,0.2228719,0.24089916,0.25453728,0.27357468,0.28834552,0.30231085,0.31827083,0.33373094,0.3524509,0.37100214,0.38591486,0.3974595,0.4151147,0.42840987,0.44895124,0.46616784,0.4825322,0.5035484,0.5173532,0.5338202,0.546242,0.56216276,0.57729924,0.5994846,0.6169403,0.6318948,0.6499039,0.66780704,0.6880341,0.7086061,0.72779024,0.74097127
16_real,0.14173365,,,,,,-0.49994367,,,,,,-0.2850738,,,,,,,,,,,,,0.016193038,,,,,,,,,,,,-0.13699345,,,,,,,,,,,,,,,,,,,,,,,,,,,,,,,,
16_gen,0.14173365,0.15491663,0.16970645,0.1811039,0.19432448,0.20966296,0.22400811,0.23749717,0.25098717,0.2600008,0.27429432,0.28292847,0.29362872,0.30836242,0.31996483,0.33097348,0.34479237,0.35680744,0.37297356,0.38870063,0.40412855,0.41768432,0.4340752,0.44810104,0.45988053,0.47770447,0.49135262,0.50493455,0.52142715,0.53424585,0.5495738,0.5644692,0.57845205,0.5962101,0.61198723,0.62465006,0.6404499,0.65350497,0.671203,0.6834,0.6917647,0.7059246,0.7183147,0.73057306,0.74768054,0.76938176,0.7811514,0.7977676,0.81075704,0.82670176,0.84663916,0.862857,0.87817925,0.89637935,0.9137713,0.9300739,0.94514287,0.9613859,0.9805363,1.0005555,1.0222561,1.0402298,1.0561178,1.0742605,1.0910866,1.1111044,1.1259863,1.1418356,1.161857,1.177061
17_real,0.43807372,,,,,,0.4245302,,,,,,0.48161316,,,,,,,,,,,,,0.2849758,,,,,,,,,,,,0.45713905,,,,,,,,,,,,,,,,,,,,,,,,,,,,,,,,
17_gen,0.4380737,0.44718227,0.455626,0.4637476,0.47364888,0.48431867,0.49221158,0.5017367,0.5109569,0.5198577,0.5264429,0.5362913,0.5449044,0.5529621,0.55921364,0.56856185,0.57479703,0.58246917,0.5917683,0.59983206,0.6097389,0.6173651,0.6244772,0.6343341,0.6389635,0.6469235,0.654286,0.66070586,0.66797566,0.6766847,0.6854852,0.6943096,0.70442075,0.7150553,0.724639,0.7315465,0.7401852,0.7484543,0.7564456,0.7630174,0.7733141,0.7797681,0.7864719,0.79384166,0.79963833,0.8080881,0.8161338,0.82249624,0.8313638,0.84117174,0.8488916,0.85722685,0.86693525,0.87458104,0.8858061,0.8954741,0.90475047,0.91158533,0.9192691,0.9292061,0.9396633,0.9491863,0.9606803,0.9711194,0.9792386,0.988313,0.99785215,1.0063096,1.0162776,1.0269837
18_real,0.6794353,,,,,,0.5813313,,,,,,0.5891413,,,,,,,,,,,,,0.39496937,,,,,,,,,,,,0.47974926,,,,,,,,,,,,,,,,,,,,,,,,,,,,,,,,
18_gen,0.6794353,0.6845309,0.6940457,0.6993173,0.7067063,0.7175617,0.7259979,0.73214066,0.74106413,0.74958277,0.7570743,0.7651079,0.7741307,0.78399545,0.7897485,0.7982253,0.8091427,0.81390256,0.82275426,0.8295172,0.8347044,0.8441985,0.85284966,0.86052006,0.8676392,0.87492025,0.88525283,0.8936806,0.9030212,0.91226023,0.9199358,0.9247862,0.931975,0.9379692,0.946144,0.95621955,0.96606666,0.974878,0.98422223,0.99174345,0.99831456,1.0047987,1.0116198,1.0186579,1.0265684,1.0364573,1.0443603,1.0544746,1.0645772,1.0730473,1.0813124,1.0898883,1.0987622,1.107873,1.1179389,1.1273901,1.1370192,1.1447302,1.1515243,1.1576662,1.1697683,1.1772501,1.1891277,1.198292,1.209028,1.2201393,1.2299687,1.2389036,1.2468097,1.2592094
19_real,-0.54819745,,,,,,-1.0317001,,,,,,-0.9742173,,,,,,,,,,,,,-0.25231034,,,,,,,,,,,,-1.343778,,,,,,,,,,,,,,,,,,,,,,,,,,,,,,,,
19_gen,-0.5481974,-0.5539175,-0.5600361,-0.5646535,-0.5712005,-0.57614183,-0.5819787,-0.58829325,-0.5936119,-0.60101926,-0.6049715,-0.6107434,-0.6167547,-0.6220275,-0.6255855,-0.631449,-0.63674766,-0.6422037,-0.64657754,-0.65193856,-0.6557376,-0.6608178,-0.66374433,-0.667575,-0.6703469,-0.6761025,-0.68071014,-0.68728393,-0.69222057,-0.695747,-0.6998889,-0.70501363,-0.7112412,-0.71594465,-0.7199837,-0.7258692,-0.73129565,-0.7373991,-0.7397092,-0.74460757,-0.7500449,-0.75478446,-0.7598822,-0.7654697,-0.77160376,-0.7754983,-0.7824781,-0.7863139,-0.7902642,-0.79377925,-0.79751486,-0.80221844,-0.8082901,-0.8126408,-0.81665325,-0.8203594,-0.8251959,-0.8304931,-0.838215,-0.8439574,-0.8494326,-0.8528639,-0.8560869,-0.86209476,-0.86834145,-0.8722515,-0.87812793,-0.884487,-0.8900925,-0.8939539
20_real,-0.19565666,,,,,,-1.1374856,,,,,,-1.3933823,,,,,,,,,,,,,-0.5595914,,,,,,,,,,,,-1.3701274,,,,,,,,,,,,,,,,,,,,,,,,,,,,,,,,
20_gen,-0.19565666,-0.19852652,-0.20084533,-0.20777664,-0.21310282,-0.21786849,-0.22295797,-0.22602227,-0.23101357,-0.2348409,-0.23945346,-0.24417126,-0.24918148,-0.253659,-0.25599566,-0.2609562,-0.264716,-0.2669485,-0.27068508,-0.27572477,-0.2816874,-0.28593284,-0.28953904,-0.29287472,-0.29538593,-0.29911253,-0.30343685,-0.30828232,-0.313202,-0.3181358,-0.32289276,-0.32717374,-0.33137545,-0.3336797,-0.3391325,-0.3435591,-0.3494642,-0.35296702,-0.35883492,-0.36407465,-0.36878937,-0.3747634,-0.3805601,-0.3845331,-0.38939345,-0.39460212,-0.40025705,-0.40417916,-0.41109046,-0.41447935,-0.41835785,-0.4228837,-0.42825532,-0.4320314,-0.4391601,-0.44355923,-0.44781238,-0.45195985,-0.45847097,-0.46307954,-0.46864828,-0.47190136,-0.47397128,-0.4781952,-0.48209184,-0.48691732,-0.49169827,-0.49704355,-0.50034136,-0.5064844
21_real,-0.9324539,,,,,,-1.1359346,,,,,,-1.1294984,,,,,,,,,,,,,-1.1710837,,,,,,,,,,,,-1.0595944,,,,,,,,,,,,,,,,,,,,,,,,,,,,,,,,
21_gen,-0.932454,-0.9395633,-0.94556916,-0.94931066,-0.95379955,-0.9591261,-0.9650918,-0.9683139,-0.9740718,-0.9809929,-0.9877927,-0.99043864,-0.9963983,-1.002427,-1.0059247,-1.0112567,-1.0163132,-1.0219396,-1.0255038,-1.0304542,-1.032114,-1.0387752,-1.0438001,-1.04874,-1.0551026,-1.0577934,-1.0611081,-1.0651019,-1.0677896,-1.0746211,-1.0763569,-1.0799385,-1.0862266,-1.0863111,-1.0906205,-1.093219,-1.0983835,-1.1047558,-1.1104953,-1.1131012,-1.1172816,-1.1209366,-1.1273314,-1.1329228,-1.1366299,-1.1411796,-1.1467172,-1.1511441,-1.1560845,-1.1591817,-1.162617,-1.1668308,-1.169809,-1.1753469,-1.1832876,-1.1858625,-1.1907812,-1.1951236,-1.2014467,-1.2072023,-1.2097594,-1.2148316,-1.2210796,-1.2253926,-1.2304852,-1.2368134,-1.242886,-1.2470363,-1.2528329,-1.2573211
22_real,-0.86750174,,,,,,-1.0314916,,,,,,-0.9489523,,,,,,,,,,,,,-1.0951052,,,,,,,,,,,,-0.9091459,,,,,,,,,,,,,,,,,,,,,,,,,,,,,,,,
22_gen,-0.86750174,-0.8761347,-0.8819746,-0.8874427,-0.89211667,-0.8954328,-0.8985524,-0.904704,-0.91101474,-0.9163537,-0.922719,-0.9273623,-0.9317425,-0.9406022,-0.94504344,-0.94716895,-0.95165044,-0.95682114,-0.9611308,-0.9659958,-0.9687158,-0.97072715,-0.97575796,-0.9800809,-0.9830982,-0.98880017,-0.9938278,-0.999428,-0.9987701,-1.0032467,-1.0081053,-1.0119671,-1.0157102,-1.0207957,-1.0260776,-1.0307053,-1.0347258,-1.035558,-1.0408142,-1.0470095,-1.0542543,-1.0600733,-1.0638865,-1.0702726,-1.0753876,-1.0807009,-1.0838325,-1.0880982,-1.0899181,-1.091675,-1.0956773,-1.1001325,-1.1030154,-1.1073141,-1.1122055,-1.1143271,-1.1176208,-1.1190412,-1.1231308,-1.1266179,-1.1278936,-1.1334126,-1.134595,-1.1391944,-1.1411428,-1.1455783,-1.1502626,-1.1535854,-1.1582636,-1.1614623
23_real,-0.2765736,,,,,,-0.70150816,,,,,,-0.7621449,,,,,,,,,,,,,-1.2285848,,,,,,,,,,,,-0.2083772,,,,,,,,,,,,,,,,,,,,,,,,,,,,,,,,
23_gen,-0.27657363,-0.2857042,-0.29466313,-0.30380145,-0.3096183,-0.31697804,-0.32702252,-0.33330396,-0.34324858,-0.3530969,-0.36030117,-0.36800656,-0.37494865,-0.38244426,-0.38905588,-0.39679733,-0.40410024,-0.4120295,-0.42049465,-0.42867678,-0.4358229,-0.44430742,-0.4529224,-0.4615237,-0.4662241,-0.47262806,-0.4796926,-0.48779017,-0.49416113,-0.50226396,-0.50985515,-0.518397,-0.5235984,-0.5309724,-0.53975123,-0.54866284,-0.55673933,-0.5607582,-0.5683321,-0.5763687,-0.5809606,-0.58967936,-0.59805495,-0.60552025,-0.61269516,-0.6220548,-0.6277652,-0.63426137,-0.6414162,-0.6507325,-0.6576976,-0.6660231,-0.6734278,-0.6837758,-0.6905346,-0.69727933,-0.7023192,-0.7098284,-0.71654207,-0.72431767,-0.7345537,-0.7429155,-0.75107765,-0.7573625,-0.7648338,-0.7691184,-0.7775589,-0.7861959,-0.79464704,-0.8024825
24_real,0.051662646,,,,,,-0.49202585,,,,,,-0.4681793,,,,,,,,,,,,,-1.3006415,,,,,,,,,,,,0.076396935,,,,,,,,,,,,,,,,,,,,,,,,,,,,,,,,
24_gen,0.051662646,0.044868577,0.03670194,0.028336352,0.020396108,0.013365936,0.006463544,-0.0010468796,-0.00893054,-0.016127767,-0.022236286,-0.028380793,-0.03669164,-0.042788886,-0.050928086,-0.05722154,-0.06390777,-0.06977732,-0.07644244,-0.08319744,-0.091274396,-0.09746342,-0.104130015,-0.109407865,-0.11547135,-0.120357715,-0.12645093,-0.13550565,-0.1421878,-0.14850707,-0.15382297,-0.16118862,-0.16812733,-0.17296085,-0.17881091,-0.18582842,-0.1922014,-0.19835407,-0.20627078,-0.2138741,-0.2206556,-0.22641084,-0.23285124,-0.23869176,-0.24592178,-0.25240242,-0.25984472,-0.26411122,-0.2694264,-0.2781423,-0.28369534,-0.29153034,-0.29777855,-0.30435237,-0.31197724,-0.31857368,-0.3248923,-0.33248872,-0.33906716,-0.34556362,-0.35158762,-0.35887277,-0.36578864,-0.37085062,-0.37632015,-0.38270327,-0.38983038,-0.3956607,-0.40339905,-0.40791973
25_real,-1.1874404,,,,,,-0.6680398,,,,,,-0.78022015,,,,,,,,,,,,,-1.2696633,,,,,,,,,,,,-0.5202811,,,,,,,,,,,,,,,,,,,,,,,,,,,,,,,,
25_gen,-1.1874405,-1.1934204,-1.1996768,-1.2037882,-1.2088091,-1.212449,-1.2170824,-1.2216277,-1.2261045,-1.2310433,-1.2362082,-1.2411692,-1.2462163,-1.2520218,-1.2558978,-1.2622861,-1.266504,-1.2712734,-1.2757151,-1.2804129,-1.2850907,-1.2910299,-1.2936705,-1.2976035,-1.3027282,-1.3091614,-1.3138114,-1.3198909,-1.3231661,-1.3277581,-1.3331887,-1.3384984,-1.3428717,-1.3477237,-1.3529683,-1.358391,-1.3655927,-1.368968,-1.3743565,-1.3807619,-1.3864169,-1.391296,-1.3960617,-1.400925,-1.4071206,-1.4136193,-1.4184366,-1.421997,-1.4276873,-1.4328095,-1.4389226,-1.4446065,-1.4494932,-1.4538406,-1.4597863,-1.4656914,-1.471066,-1.4754038,-1.4811399,-1.4868352,-1.4919353,-1.4997917,-1.5045905,-1.5091598,-1.5161654,-1.5227892,-1.5288341,-1.5336955,-1.5389236,-1.5461447
26_real,-0.23719715,,,,,,-0.6055416,,,,,,-0.701222,,,,,,,,,,,,,-1.0590212,,,,,,,,,,,,-0.72120726,,,,,,,,,,,,,,,,,,,,,,,,,,,,,,,,
26_gen,-0.23719713,-0.24275157,-0.246809,-0.25265935,-0.2574016,-0.26049346,-0.26585,-0.27166843,-0.2769882,-0.27990586,-0.28620854,-0.2913902,-0.29591027,-0.2996956,-0.3023532,-0.30669636,-0.3107087,-0.31402317,-0.31857935,-0.32069886,-0.32417333,-0.3281772,-0.3328386,-0.33713716,-0.340505,-0.34516892,-0.3499841,-0.35418907,-0.35853106,-0.3625079,-0.367079,-0.37077904,-0.37433407,-0.37806982,-0.382376,-0.38434836,-0.38877395,-0.39228776,-0.3963893,-0.40105945,-0.4047621,-0.40912753,-0.4118491,-0.41464543,-0.41939068,-0.4222494,-0.4250493,-0.42861,-0.43238598,-0.43596298,-0.44049868,-0.44429916,-0.44833073,-0.4518939,-0.4559726,-0.45995957,-0.46438116,-0.46869946,-0.47341055,-0.4776841,-0.48051572,-0.48607454,-0.48982495,-0.49325514,-0.49615303,-0.49960107,-0.5041821,-0.5090432,-0.5128167,-0.51777583
27_real,-1.1804259,,,,,,-0.9034109,,,,,,-0.74030185,,,,,,,,,,,,,-1.3718319,,,,,,,,,,,,-0.7044903,,,,,,,,,,,,,,,,,,,,,,,,,,,,,,,,
27_gen,-1.1804258,-1.1849216,-1.1883913,-1.1928421,-1.1977842,-1.2009573,-1.2054205,-1.2083029,-1.21213,-1.2170428,-1.2206112,-1.223465,-1.2266514,-1.2292116,-1.2326896,-1.2374088,-1.2401203,-1.2427442,-1.2463988,-1.2505987,-1.2541431,-1.256917,-1.2597305,-1.263918,-1.2677795,-1.2698575,-1.2754247,-1.2807753,-1.2855415,-1.2885206,-1.2916316,-1.2962805,-1.3000433,-1.303554,-1.3071373,-1.3106316,-1.3150656,-1.318946,-1.323113,-1.3259312,-1.3290378,-1.3337193,-1.3378508,-1.3424861,-1.3478872,-1.3513166,-1.3563763,-1.360919,-1.3645718,-1.3686469,-1.3721646,-1.3759333,-1.3807178,-1.3841417,-1.3887031,-1.3934423,-1.3959761,-1.4005084,-1.4040684,-1.4079134,-1.4122941,-1.4159753,-1.4202102,-1.424234,-1.428869,-1.4329159,-1.4363103,-1.440288,-1.4453996,-1.448026
28_real,-0.5763645,,,,,,-0.6254801,,,,,,-0.5515691,,,,,,,,,,,,,-1.5517462,,,,,,,,,,,,-0.38095346,,,,,,,,,,,,,,,,,,,,,,,,,,,,,,,,
28_gen,-0.5763645,-0.57613915,-0.5763651,-0.57707626,-0.5761746,-0.576413,-0.5759866,-0.57833964,-0.5761961,-0.57487005,-0.57537663,-0.576719,-0.5771428,-0.5772719,-0.5777134,-0.5786656,-0.5804752,-0.5813499,-0.5838298,-0.5836142,-0.58485687,-0.5853865,-0.58607405,-0.5836821,-0.5839907,-0.5830475,-0.5852295,-0.58764255,-0.58846605,-0.5890201,-0.59184927,-0.5904645,-0.5922123,-0.59389746,-0.5953142,-0.59456074,-0.5967627,-0.5972782,-0.5980629,-0.6012501,-0.6024505,-0.6012343,-0.60269487,-0.6035024,-0.60509187,-0.60708094,-0.60977924,-0.61133385,-0.6121566,-0.61467326,-0.6156155,-0.6167247,-0.6197269,-0.61944187,-0.6206668,-0.62213075,-0.6250953,-0.6262115,-0.6291691,-0.63027585,-0.62961835,-0.63027465,-0.6327891,-0.63352615,-0.6322689,-0.63467205,-0.63747513,-0.6386477,-0.6398027,-0.64076626
29_real,-0.46720213,,,,,,-0.8252498,,,,,,-0.7161184,,,,,,,,,,,,,-1.0032562,,,,,,,,,,,,-0.57327646,,,,,,,,,,,,,,,,,,,,,,,,,,,,,,,,
29_gen,-0.46720213,-0.4661312,-0.46980348,-0.46877784,-0.46857625,-0.46918386,-0.47009397,-0.46860617,-0.4686733,-0.47079808,-0.4718234,-0.47027045,-0.4718012,-0.47056136,-0.47122365,-0.4716715,-0.47173992,-0.47094163,-0.47313792,-0.47385606,-0.47405076,-0.47192305,-0.47162834,-0.4718031,-0.47298664,-0.4743096,-0.4768259,-0.47692624,-0.47776443,-0.47784066,-0.4783454,-0.47749943,-0.47701383,-0.47858897,-0.4789657,-0.4781424,-0.47884497,-0.4806625,-0.48185754,-0.48192605,-0.48219013,-0.48104343,-0.48377633,-0.48506492,-0.4848942,-0.48439437,-0.48143086,-0.48133987,-0.4812634,-0.48090664,-0.47952715,-0.4791316,-0.479424,-0.47915906,-0.47956458,-0.479461,-0.47968116,-0.47946525,-0.48012677,-0.4814392,-0.48353758,-0.4846084,-0.48363066,-0.48397404,-0.48409337,-0.48437887,-0.48535568,-0.48534226,-0.4875656,-0.48927632
30_real,-0.37812677,,,,,,-0.64882505,,,,,,-0.46930316,,,,,,,,,,,,,-0.997494,,,,,,,,,,,,-0.5880317,,,,,,,,,,,,,,,,,,,,,,,,,,,,,,,,
30_gen,-0.3781268,-0.4025394,-0.42543307,-0.44053492,-0.45475024,-0.46842647,-0.47876865,-0.49570292,-0.5034184,-0.51751024,-0.52974266,-0.54224575,-0.5564105,-0.5705849,-0.5841532,-0.5970031,-0.6154389,-0.6312913,-0.6437974,-0.65176,-0.6561363,-0.6657027,-0.67602915,-0.69310874,-0.7070879,-0.7108635,-0.7244369,-0.72928315,-0.74404633,-0.7579211,-0.7738796,-0.78671396,-0.7988134,-0.810631,-0.82032776,-0.83250046,-0.84444666,-0.85529315,-0.8656209,-0.8773692,-0.8859989,-0.89627826,-0.90716445,-0.91432047,-0.927673,-0.94178545,-0.9538399,-0.9630531,-0.97422373,-0.9912715,-1.0005195,-1.0163919,-1.025562,-1.0337387,-1.0394214,-1.0501827,-1.056874,-1.068095,-1.0786098,-1.0906051,-1.0998168,-1.1051347,-1.113631,-1.1230643,-1.1329558,-1.140148,-1.151493,-1.1632979,-1.1761186,-1.1914601
31_real,-1.0317563,,,,,,-0.92408925,,,,,,-0.48000875,,,,,,,,,,,,,-0.7126375,,,,,,,,,,,,-0.65141964,,,,,,,,,,,,,,,,,,,,,,,,,,,,,,,,
31_gen,-1.0317563,-1.046794,-1.0578136,-1.0697652,-1.080631,-1.0925468,-1.1108371,-1.1219952,-1.1350831,-1.1471968,-1.1563776,-1.1686409,-1.1823885,-1.1946192,-1.2021873,-1.2116985,-1.2260258,-1.2353357,-1.2510988,-1.2698069,-1.2756175,-1.2848176,-1.3027502,-1.3172923,-1.3281336,-1.3374208,-1.3475482,-1.3579592,-1.3689828,-1.3812643,-1.392646,-1.4097692,-1.4252877,-1.4342979,-1.4487797,-1.4596939,-1.4676847,-1.480677,-1.4924108,-1.5081079,-1.5213171,-1.5315323,-1.5452759,-1.55387,-1.56161,-1.5731813,-1.5858958,-1.6015354,-1.6131054,-1.6177247,-1.6302477,-1.641313,-1.6524013,-1.6630528,-1.6770926,-1.6882839,-1.6946357,-1.702218,-1.7133974,-1.7240435,-1.7355812,-1.7443378,-1.7534456,-1.767952,-1.7808247,-1.7916082,-1.8002536,-1.8117259,-1.8281472,-1.8398374
32_real,-1.6398937,,,,,,-1.402974,,,,,,-1.2978331,,,,,,,,,,,,,-1.4519011,,,,,,,,,,,,-1.4555575,,,,,,,,,,,,,,,,,,,,,,,,,,,,,,,,
32_gen,-1.6398938,-1.6385672,-1.639938,-1.6409632,-1.642667,-1.6423609,-1.6430857,-1.6460288,-1.6491785,-1.6526207,-1.6558087,-1.6594365,-1.6618195,-1.6636187,-1.6658964,-1.6694562,-1.6734569,-1.6763561,-1.6819756,-1.684172,-1.6877296,-1.6903187,-1.6931858,-1.6975448,-1.6991093,-1.7026457,-1.7069032,-1.70749,-1.7104772,-1.7145535,-1.7150853,-1.7203096,-1.7264929,-1.7291266,-1.7306674,-1.7320416,-1.7349793,-1.7386643,-1.7394714,-1.7425756,-1.7468218,-1.75057,-1.7578571,-1.763196,-1.7664496,-1.7689022,-1.7745959,-1.7779839,-1.7851684,-1.7879635,-1.7926235,-1.7979761,-1.8008945,-1.802818,-1.8073078,-1.8109611,-1.817535,-1.8218075,-1.8258045,-1.8312355,-1.8351488,-1.8405164,-1.8469398,-1.850941,-1.8525225,-1.8538735,-1.8598518,-1.8626505,-1.8673407,-1.8700949
33_real,-0.4731675,,,,,,-0.40074527,,,,,,-0.62255055,,,,,,,,,,,,,-0.59534,,,,,,,,,,,,-0.6841716,,,,,,,,,,,,,,,,,,,,,,,,,,,,,,,,
33_gen,-0.47316748,-0.47285432,-0.4719173,-0.47401324,-0.4750103,-0.48001248,-0.48132545,-0.4826612,-0.4842225,-0.48518515,-0.48644805,-0.48826376,-0.48971242,-0.49339542,-0.49562168,-0.49845418,-0.49759817,-0.49854565,-0.4997224,-0.5025932,-0.5018512,-0.50416553,-0.5051079,-0.5029379,-0.5024148,-0.5037299,-0.5056981,-0.50730884,-0.5102564,-0.5115554,-0.5148071,-0.5167073,-0.51911414,-0.5201355,-0.5164814,-0.51916444,-0.5227376,-0.526416,-0.53045154,-0.531802,-0.5346524,-0.53823394,-0.53917694,-0.53932846,-0.5429379,-0.5438372,-0.54681987,-0.5494145,-0.5506168,-0.5504979,-0.553227,-0.5593461,-0.56429154,-0.5652493,-0.56704247,-0.56917274,-0.5695981,-0.5698372,-0.5734913,-0.5750703,-0.58035445,-0.58472157,-0.5858954,-0.5903553,-0.5962187,-0.6003983,-0.6014308,-0.60112125,-0.6044827,-0.6038295
34_real,-0.32782924,,,,,,-0.54359466,,,,,,-0.5790379,,,,,,,,,,,,,-0.54641664,,,,,,,,,,,,-0.53055125,,,,,,,,,,,,,,,,,,,,,,,,,,,,,,,,
34_gen,-0.32782927,-0.32077894,-0.32123187,-0.32121307,-0.32020435,-0.3176406,-0.3143397,-0.31410652,-0.31385452,-0.3139078,-0.31716508,-0.3165215,-0.31743807,-0.31895608,-0.32285255,-0.32227796,-0.32363352,-0.32249954,-0.3204316,-0.32186475,-0.3206964,-0.3228584,-0.32241768,-0.32489648,-0.32579824,-0.3271938,-0.3282406,-0.33082193,-0.3350483,-0.3332977,-0.33954912,-0.34170341,-0.3422107,-0.3436888,-0.34600735,-0.34609887,-0.34819165,-0.35110155,-0.35365734,-0.3546866,-0.35666195,-0.35513324,-0.35398138,-0.35523742,-0.35676366,-0.35631746,-0.35850218,-0.36006325,-0.35986778,-0.3590269,-0.3565715,-0.3581726,-0.3616196,-0.36072856,-0.35976952,-0.35895684,-0.35910794,-0.3593356,-0.36046368,-0.3611737,-0.36292374,-0.36379927,-0.36542213,-0.36813825,-0.36751565,-0.36777425,-0.368509,-0.36533406,-0.3648434,-0.3667399
35_real,0.54469347,,,,,,-0.085304394,,,,,,-0.23025529,,,,,,,,,,,,,0.5178481,,,,,,,,,,,,-0.38869414,,,,,,,,,,,,,,,,,,,,,,,,,,,,,,,,
35_gen,0.54469347,0.54665995,0.5482027,0.54751617,0.5462943,0.55191886,0.5541643,0.55689824,0.5568685,0.55730194,0.55929244,0.55956185,0.5592273,0.5565382,0.55400896,0.55404156,0.550527,0.54738843,0.5475149,0.54803836,0.54868525,0.5486566,0.5502138,0.5518848,0.55375546,0.55141956,0.5520231,0.54974306,0.54896057,0.5485815,0.5486132,0.54828984,0.5465727,0.5459949,0.5497438,0.54604656,0.5465125,0.54829013,0.5469178,0.5448044,0.5431271,0.5389688,0.5375606,0.5378095,0.53577745,0.53495085,0.5354305,0.5340767,0.5303558,0.5295717,0.525744,0.52117765,0.51936084,0.5185946,0.51848155,0.5166477,0.5141176,0.51090515,0.5089836,0.50761694,0.5082209,0.50380504,0.4994297,0.49532223,0.4922362,0.49110383,0.48592597,0.48170692,0.4799157,0.47857958
36_real,0.03287777,,,,,,0.05492937,,,,,,0.11970939,,,,,,,,,,,,,-0.007660379,,,,,,,,,,,,0.06463608,,,,,,,,,,,,,,,,,,,,,,,,,,,,,,,,
36_gen,0.03287777,0.032521497,0.033593807,0.028060272,0.028595611,0.025281345,0.021459684,0.016711626,0.014972797,0.0126931695,0.012886494,0.011779304,0.0079877395,0.0075513246,-0.00011273306,-0.00051180087,-0.0019665123,-0.005503635,-0.008908847,-0.0074801804,-0.0091402745,-0.00834634,-0.012656888,-0.0173373,-0.02324732,-0.02449623,-0.024530347,-0.03171628,-0.032530256,-0.03640923,-0.036257036,-0.042746358,-0.04861687,-0.050872654,-0.0567501,-0.057275616,-0.063973315,-0.068091504,-0.06882978,-0.07543132,-0.082436875,-0.086791135,-0.09031255,-0.09373017,-0.097768076,-0.099869415,-0.10395564,-0.10596689,-0.10760118,-0.112937234,-0.11534913,-0.12144305,-0.120708324,-0.1256403,-0.12998912,-0.13405134,-0.14080164,-0.14529248,-0.14875129,-0.14960645,-0.14939937,-0.15352899,-0.15877192,-0.16529565,-0.16840982,-0.16691844,-0.170543,-0.17711672,-0.18168221,-0.18139908
37_real,-1.5039372,,,,,,-1.3024956,,,,,,-1.4340321,,,,,,,,,,,,,-1.3488649,,,,,,,,,,,,-1.5236036,,,,,,,,,,,,,,,,,,,,,,,,,,,,,,,,
37_gen,-1.5039371,-1.5056727,-1.5066326,-1.5068021,-1.5101681,-1.5161862,-1.520886,-1.5210831,-1.5258485,-1.5310589,-1.5331539,-1.5369627,-1.5381525,-1.5379491,-1.5427786,-1.5435351,-1.5441716,-1.5440199,-1.5469753,-1.5496557,-1.5523695,-1.5541354,-1.5593569,-1.5638498,-1.5693784,-1.5754354,-1.5784992,-1.5834657,-1.5892997,-1.5921539,-1.5909934,-1.5915558,-1.594485,-1.5930514,-1.5960438,-1.5988641,-1.6022427,-1.5998645,-1.6061275,-1.6062686,-1.6024351,-1.6041253,-1.6056677,-1.6077569,-1.6093616,-1.6098913,-1.6146791,-1.6181539,-1.6266003,-1.6275196,-1.6308129,-1.6335242,-1.6390312,-1.6400051,-1.6413796,-1.6397111,-1.6446187,-1.6502779,-1.6555458,-1.6584371,-1.6613197,-1.6620419,-1.6643896,-1.666146,-1.6702324,-1.6724541,-1.6796631,-1.6786721,-1.6804149,-1.6809189
38_real,-1.2146242,,,,,,-1.2433047,,,,,,-1.2788286,,,,,,,,,,,,,-1.3008734,,,,,,,,,,,,-1.3654724,,,,,,,,,,,,,,,,,,,,,,,,,,,,,,,,
38_gen,-1.2146243,-1.2165631,-1.2186304,-1.2242138,-1.2266824,-1.2296102,-1.2331127,-1.233484,-1.2361692,-1.2441832,-1.244583,-1.2446549,-1.2483861,-1.2489482,-1.2530013,-1.2579944,-1.2631475,-1.2687787,-1.2710482,-1.2749548,-1.2759283,-1.2796104,-1.2850964,-1.2888811,-1.2896101,-1.2888265,-1.2939161,-1.2986295,-1.2966489,-1.302586,-1.3099335,-1.3096422,-1.3093274,-1.312508,-1.317873,-1.3184289,-1.3198308,-1.3243389,-1.3244681,-1.3310419,-1.3325417,-1.3351313,-1.3372962,-1.3455722,-1.3473898,-1.3523798,-1.3550236,-1.3585005,-1.363752,-1.3618064,-1.3668042,-1.3692319,-1.3712823,-1.3738601,-1.3781573,-1.3785905,-1.3891184,-1.3909677,-1.3952831,-1.3967512,-1.3977963,-1.4025191,-1.4069722,-1.4142627,-1.419018,-1.4201968,-1.4249467,-1.4260151,-1.4289591,-1.4310029
39_real,-1.3460853,,,,,,-1.5717272,,,,,,-1.6389062,,,,,,,,,,,,,-1.9429057,,,,,,,,,,,,-1.5760232,,,,,,,,,,,,,,,,,,,,,,,,,,,,,,,,
39_gen,-1.3460854,-1.3480017,-1.3509297,-1.3508439,-1.3502078,-1.3551123,-1.3576994,-1.3617256,-1.3616741,-1.3652809,-1.3691076,-1.3727537,-1.3784821,-1.3840367,-1.3841689,-1.3855566,-1.3900464,-1.3936956,-1.3952976,-1.3982193,-1.4039295,-1.409453,-1.4109933,-1.4154832,-1.4178843,-1.4225931,-1.4268128,-1.4281789,-1.4308156,-1.4337125,-1.4386793,-1.4417502,-1.4457958,-1.4500504,-1.4518701,-1.4593521,-1.461889,-1.4625461,-1.4637287,-1.4680587,-1.467741,-1.4718533,-1.4774096,-1.4796278,-1.4816422,-1.4845027,-1.4823521,-1.4853327,-1.4907482,-1.4925861,-1.4977224,-1.5029017,-1.5071391,-1.5126913,-1.5150826,-1.5189289,-1.5231361,-1.5274864,-1.5340419,-1.536198,-1.5410099,-1.5480375,-1.5503268,-1.554959,-1.5590199,-1.5618651,-1.5662299,-1.5699098,-1.572005,-1.5757508
40_real,-0.56156087,,,,,,-1.1830304,,,,,,-1.2085344,,,,,,,,,,,,,-1.2606815,,,,,,,,,,,,-1.2498289,,,,,,,,,,,,,,,,,,,,,,,,,,,,,,,,
40_gen,-0.5615608,-0.5652868,-0.5668272,-0.56759065,-0.5681286,-0.57561743,-0.57738847,-0.5753299,-0.5751928,-0.5788008,-0.5843622,-0.5921391,-0.5935794,-0.5951861,-0.59949934,-0.59499854,-0.5971759,-0.59888625,-0.596045,-0.5995782,-0.60123134,-0.6065323,-0.6058866,-0.6094257,-0.61635005,-0.61518645,-0.6159545,-0.62312776,-0.62591255,-0.62829345,-0.6282044,-0.631423,-0.6358193,-0.63236725,-0.63513875,-0.6339048,-0.6330857,-0.6328121,-0.63592017,-0.63643277,-0.6414086,-0.6444557,-0.6413284,-0.645698,-0.6509229,-0.65040267,-0.65163404,-0.65775335,-0.66005194,-0.66441154,-0.6723364,-0.67195165,-0.67723835,-0.67876804,-0.6774013,-0.67619914,-0.6843214,-0.68608415,-0.6865376,-0.6925076,-0.70127165,-0.70757616,-0.709723,-0.7121611,-0.71472156,-0.71824396,-0.716968,-0.71837485,-0.7187489,-0.7236807
41_real,-0.8040777,,,,,,-0.7514353,,,,,,-1.018793,,,,,,,,,,,,,-1.3991106,,,,,,,,,,,,-0.8405686,,,,,,,,,,,,,,,,,,,,,,,,,,,,,,,,
41_gen,-0.80407774,-0.81489116,-0.8261587,-0.8347515,-0.84220725,-0.851781,-0.8586818,-0.8677155,-0.8763927,-0.8785165,-0.8813965,-0.8851876,-0.8891344,-0.8923907,-0.89693415,-0.9018195,-0.90538424,-0.91120994,-0.91458786,-0.91687506,-0.9240554,-0.93170893,-0.9309004,-0.9392276,-0.9452261,-0.9558004,-0.96563786,-0.9688795,-0.9727726,-0.9771447,-0.9799038,-0.9861606,-0.99190396,-0.999759,-1.0027256,-1.0110449,-1.0188376,-1.0265229,-1.0309702,-1.0333993,-1.0411245,-1.0417894,-1.0461442,-1.0533648,-1.0597546,-1.065494,-1.0745046,-1.079581,-1.085984,-1.0967357,-1.1048205,-1.1099544,-1.1115955,-1.1130955,-1.120404,-1.1256297,-1.1289278,-1.1340363,-1.1404177,-1.1443827,-1.1475539,-1.1523063,-1.1581295,-1.1654706,-1.1749469,-1.1804678,-1.1877769,-1.1940954,-1.1971405,-1.2024126
42_real,-0.26508686,,,,,,-0.7975762,,,,,,-0.84687066,,,,,,,,,,,,,-1.3599949,,,,,,,,,,,,-0.54644996,,,,,,,,,,,,,,,,,,,,,,,,,,,,,,,,
42_gen,-0.26508686,-0.27331707,-0.2783368,-0.28488082,-0.28989112,-0.29665467,-0.30209428,-0.30825818,-0.31412897,-0.31877777,-0.32293457,-0.3276177,-0.33468327,-0.33822954,-0.3448894,-0.3506735,-0.3543457,-0.3602041,-0.36458793,-0.36882338,-0.3744071,-0.3793283,-0.3862561,-0.39162692,-0.3959331,-0.40063778,-0.4065631,-0.41112667,-0.41534194,-0.42059302,-0.42477304,-0.43299595,-0.43953854,-0.4452259,-0.44883293,-0.45355543,-0.45697722,-0.46203923,-0.4682692,-0.47353536,-0.47985047,-0.48351955,-0.48907012,-0.49609423,-0.5022765,-0.5086458,-0.51472026,-0.5211209,-0.5255476,-0.5313683,-0.538744,-0.5441618,-0.54699844,-0.5530845,-0.5584542,-0.56370467,-0.5691706,-0.5750465,-0.5819416,-0.5887726,-0.5943418,-0.59899825,-0.6047966,-0.6102594,-0.61550605,-0.6238213,-0.6299486,-0.6347867,-0.6408783,-0.6481024
43_real,-0.5561278,,,,,,-0.012785467,,,,,,-0.83141387,,,,,,,,,,,,,-0.4496794,,,,,,,,,,,,-0.86065596,,,,,,,,,,,,,,,,,,,,,,,,,,,,,,,,
43_gen,-0.5561277,-0.5594056,-0.5655424,-0.571772,-0.578358,-0.5843633,-0.5890235,-0.5944988,-0.6006517,-0.6080557,-0.6130978,-0.61694396,-0.62258834,-0.62688106,-0.6314446,-0.6375679,-0.64299804,-0.64917547,-0.65477407,-0.65869343,-0.6626852,-0.66639394,-0.6733379,-0.678733,-0.6828344,-0.6868331,-0.6916633,-0.697105,-0.70293605,-0.70752734,-0.71153635,-0.71686745,-0.72184926,-0.726613,-0.73338586,-0.73711145,-0.740581,-0.7445053,-0.7486199,-0.7531247,-0.7570377,-0.7610074,-0.7665256,-0.76937973,-0.77280414,-0.77937573,-0.78374684,-0.7897393,-0.79440033,-0.80080396,-0.8061283,-0.81067944,-0.8177541,-0.8234581,-0.82749987,-0.831164,-0.83471566,-0.83893013,-0.84169674,-0.8455752,-0.8494463,-0.8541752,-0.85852766,-0.8627446,-0.8664794,-0.87170064,-0.8757804,-0.87962407,-0.88597125,-0.89127415
44_real,-0.1527316,,,,,,-0.5464764,,,,,,-0.8203095,,,,,,,,,,,,,-0.5858728,,,,,,,,,,,,-0.94721144,,,,,,,,,,,,,,,,,,,,,,,,,,,,,,,,
44_gen,-0.15273161,-0.15872727,-0.1612148,-0.16575384,-0.1690264,-0.17342207,-0.17717873,-0.18006235,-0.18408258,-0.18870261,-0.19165473,-0.1919269,-0.19557326,-0.20081976,-0.20612435,-0.20818062,-0.20981431,-0.21221657,-0.21343248,-0.21735325,-0.22039776,-0.22533968,-0.22846039,-0.2306575,-0.23237064,-0.2343739,-0.23604198,-0.23721834,-0.24257863,-0.2446731,-0.2458471,-0.24879932,-0.25108746,-0.2540536,-0.25477237,-0.25780302,-0.26088625,-0.261512,-0.26243097,-0.26390618,-0.26731974,-0.27346027,-0.2749957,-0.27916586,-0.28078094,-0.28279412,-0.2830239,-0.2850278,-0.28519613,-0.28678626,-0.29020077,-0.29276156,-0.2975886,-0.29990488,-0.30201355,-0.3031345,-0.30445403,-0.3080107,-0.308806,-0.30826956,-0.3126169,-0.31556916,-0.31958747,-0.32076836,-0.3232866,-0.32660168,-0.3286994,-0.32866803,-0.33232847,-0.33429357
45_real,-0.35881853,,,,,,-0.60660756,,,,,,-0.63043034,,,,,,,,,,,,,-0.6704859,,,,,,,,,,,,-0.63520205,,,,,,,,,,,,,,,,,,,,,,,,,,,,,,,,
45_gen,-0.35881853,-0.36315432,-0.3667752,-0.3690861,-0.37186903,-0.37513494,-0.37886745,-0.38211906,-0.3852002,-0.3882074,-0.3925849,-0.3949667,-0.39956045,-0.4027887,-0.40648896,-0.40867814,-0.41198555,-0.4167725,-0.4213087,-0.42493767,-0.42836446,-0.43041787,-0.4330543,-0.43647456,-0.44061914,-0.44317788,-0.4468357,-0.45085582,-0.4525178,-0.45763344,-0.46154332,-0.46577626,-0.4696842,-0.47048506,-0.4725402,-0.4753286,-0.4773346,-0.48021966,-0.48207456,-0.4838876,-0.48744416,-0.48931766,-0.49267834,-0.4949173,-0.5000684,-0.5009426,-0.502615,-0.5057428,-0.51011693,-0.5120549,-0.5166414,-0.5207647,-0.5242391,-0.52608037,-0.52954733,-0.5336142,-0.5369543,-0.5390143,-0.5411185,-0.54544747,-0.5483931,-0.5520888,-0.5557221,-0.5595438,-0.5643419,-0.56563324,-0.56868213,-0.57169265,-0.5755102,-0.5773054
46_real,-0.19676858,,,,,,-0.7172777,,,,,,-0.639891,,,,,,,,,,,,,-0.4821771,,,,,,,,,,,,-0.61855006,,,,,,,,,,,,,,,,,,,,,,,,,,,,,,,,
46_gen,-0.19676857,-0.20244977,-0.20886795,-0.21465965,-0.22084685,-0.22608738,-0.23090617,-0.23632932,-0.24245921,-0.24682696,-0.25194672,-0.25775743,-0.26284093,-0.26847053,-0.27399254,-0.28010792,-0.28561217,-0.2907927,-0.295245,-0.30088848,-0.30588847,-0.3123938,-0.31942993,-0.32564813,-0.3310563,-0.33433405,-0.33831108,-0.34331173,-0.34813985,-0.3543031,-0.35961252,-0.365101,-0.37026674,-0.37579918,-0.38066417,-0.38664967,-0.3930725,-0.3997845,-0.40586203,-0.40976787,-0.41565117,-0.42075124,-0.4259491,-0.43009967,-0.43518752,-0.43998447,-0.44479856,-0.4503983,-0.45694822,-0.46334067,-0.46989194,-0.47508693,-0.47982,-0.48361334,-0.48674694,-0.49091426,-0.4964768,-0.5009988,-0.5056578,-0.51207995,-0.51810884,-0.5227313,-0.5281373,-0.53364104,-0.5388862,-0.5434062,-0.54808176,-0.55615246,-0.56306034,-0.5683509
47_real,-0.033412494,,,,,,0.109854706,,,,,,0.017132232,,,,,,,,,,,,,-0.117351875,,,,,,,,,,,,0.038060077,,,,,,,,,,,,,,,,,,,,,,,,,,,,,,,,
47_gen,-0.03341249,-0.038486484,-0.046187468,-0.051420767,-0.059544872,-0.06643548,-0.073908575,-0.079327,-0.08385652,-0.08944161,-0.097172916,-0.10329516,-0.109594606,-0.115268946,-0.121752724,-0.1277822,-0.1328893,-0.13713653,-0.14210309,-0.14891043,-0.15399042,-0.16044605,-0.16538173,-0.17154832,-0.17778572,-0.18386039,-0.19121039,-0.19658169,-0.20341718,-0.21115537,-0.21783385,-0.22499773,-0.23183343,-0.2355318,-0.24193701,-0.24886099,-0.25480613,-0.25982267,-0.26640278,-0.27353567,-0.28014532,-0.287226,-0.2943094,-0.30144098,-0.3066174,-0.31370714,-0.31897438,-0.3250894,-0.3304122,-0.33444676,-0.34182027,-0.34698248,-0.35357547,-0.35915473,-0.3631921,-0.36944604,-0.3768298,-0.3825829,-0.388682,-0.39534852,-0.40252548,-0.40832153,-0.41368666,-0.42063338,-0.42803305,-0.43417192,-0.44131094,-0.4464453,-0.45136628,-0.45842665
48_real,-0.35123065,,,,,,-0.62529767,,,,,,-0.81335324,,,,,,,,,,,,,-0.47932455,,,,,,,,,,,,-0.8170723,,,,,,,,,,,,,,,,,,,,,,,,,,,,,,,,
48_gen,-0.35123065,-0.35827336,-0.36447984,-0.3727114,-0.38135368,-0.3874274,-0.39348876,-0.40052682,-0.40466794,-0.41099572,-0.41664568,-0.4230085,-0.4296678,-0.4353897,-0.4420752,-0.449931,-0.45550442,-0.46230823,-0.46775827,-0.4747405,-0.48105866,-0.48636675,-0.49191397,-0.49809185,-0.50466853,-0.5100518,-0.51615804,-0.5238039,-0.53027236,-0.5373299,-0.5438981,-0.5501191,-0.55495024,-0.559768,-0.56654716,-0.5705484,-0.5760929,-0.580738,-0.58738625,-0.59381294,-0.60011846,-0.6060561,-0.61311704,-0.61897606,-0.6233255,-0.63025457,-0.6350514,-0.6415982,-0.6477648,-0.65270597,-0.66016877,-0.66710514,-0.6730775,-0.67890704,-0.6844014,-0.6896351,-0.69657123,-0.7034053,-0.71122116,-0.7161666,-0.7232357,-0.7286483,-0.7324638,-0.7383885,-0.7436286,-0.74843603,-0.75515795,-0.762298,-0.7683673,-0.77434444
49_real,-0.67186534,,,,,,-0.8427249,,,,,,-0.7742266,,,,,,,,,,,,,-1.1441252,,,,,,,,,,,,-0.6888988,,,,,,,,,,,,,,,,,,,,,,,,,,,,,,,,
49_gen,-0.6718654,-0.6859877,-0.6975796,-0.7112864,-0.7234864,-0.73609304,-0.74757135,-0.76053977,-0.77304655,-0.78177476,-0.79384303,-0.80476695,-0.8154315,-0.82590425,-0.8363881,-0.85025615,-0.8589846,-0.86879665,-0.8807144,-0.89224684,-0.90593016,-0.91645,-0.9279305,-0.9389119,-0.9513313,-0.9630108,-0.9763182,-0.986275,-0.9981496,-1.0099221,-1.0216379,-1.0360221,-1.0478935,-1.0596008,-1.0706646,-1.0778276,-1.0890268,-1.0984896,-1.1109941,-1.1238089,-1.1350489,-1.1461768,-1.1558487,-1.1648203,-1.1776565,-1.1909795,-1.2031969,-1.2152834,-1.2280403,-1.2432145,-1.2571471,-1.2688073,-1.2800615,-1.2899444,-1.3012415,-1.3141807,-1.3271618,-1.3399771,-1.3517854,-1.3658493,-1.3803818,-1.3924295,-1.4034284,-1.417045,-1.4261862,-1.4398861,-1.4519136,-1.4618205,-1.4732225,-1.4899209
50_real,-0.42576066,,,,,,-0.40056795,,,,,,-0.33422533,,,,,,,,,,,,,-0.90231246,,,,,,,,,,,,-0.08385024,,,,,,,,,,,,,,,,,,,,,,,,,,,,,,,,
50_gen,-0.4257607,-0.43999696,-0.45511872,-0.47060275,-0.48561,-0.4974782,-0.51338655,-0.525366,-0.53898746,-0.55310893,-0.56742394,-0.58129054,-0.5952616,-0.60585886,-0.61667544,-0.6293378,-0.64068687,-0.65189886,-0.66572857,-0.67621833,-0.687166,-0.6987663,-0.70908517,-0.7211043,-0.73317456,-0.745546,-0.75873363,-0.7679421,-0.77912503,-0.7876836,-0.7971373,-0.81049776,-0.82515925,-0.8353817,-0.8479536,-0.8646558,-0.8790447,-0.89204425,-0.90607756,-0.91767776,-0.92868745,-0.9403801,-0.95361215,-0.9653508,-0.9749616,-0.9876612,-1.0022397,-1.0148354,-1.0274353,-1.0403208,-1.0521774,-1.0618972,-1.0742317,-1.0880135,-1.1046302,-1.1179775,-1.130591,-1.1452334,-1.1582708,-1.1724317,-1.1856258,-1.1975858,-1.2088952,-1.2232535,-1.2381332,-1.2538687,-1.2661602,-1.2788005,-1.2926226,-1.3086531
51_real,0.36058265,,,,,,-0.44788486,,,,,,-0.68829966,,,,,,,,,,,,,0.20359935,,,,,,,,,,,,-0.59423333,,,,,,,,,,,,,,,,,,,,,,,,,,,,,,,,
51_gen,0.36058262,0.35467404,0.347938,0.3450221,0.33792558,0.33006322,0.32332876,0.3186027,0.31390244,0.30958337,0.30296105,0.2948616,0.28530458,0.27861246,0.2747775,0.26678854,0.2594484,0.25442988,0.24809165,0.23949131,0.23462567,0.22758345,0.22213721,0.21481927,0.21223955,0.20361798,0.19651811,0.19072597,0.18545099,0.18173239,0.17609322,0.16693522,0.15914848,0.1536474,0.14840981,0.14454427,0.13619712,0.13098858,0.124882445,0.120136976,0.114074014,0.10760902,0.099173054,0.09264915,0.0888046,0.08234587,0.073417805,0.0671433,0.06078899,0.05405342,0.04954784,0.04583329,0.03951973,0.032947727,0.025956582,0.019473363,0.012750487,0.006157978,0.0012968279,-0.00548376,-0.0098206205,-0.01696163,-0.025966708,-0.03156074,-0.038469274,-0.046159826,-0.053696983,-0.059628867,-0.06529888,-0.07514843
52_real,-0.0359499,,,,,,-0.38539276,,,,,,-0.3935099,,,,,,,,,,,,,0.26639953,,,,,,,,,,,,-0.32657692,,,,,,,,,,,,,,,,,,,,,,,,,,,,,,,,
52_gen,-0.035949897,-0.041746423,-0.0484752,-0.0546861,-0.05914074,-0.06587164,-0.07473624,-0.07900004,-0.08487076,-0.08790685,-0.09452988,-0.10225302,-0.111004755,-0.117876075,-0.12938717,-0.13670878,-0.1418829,-0.14566652,-0.1515533,-0.15581408,-0.15886764,-0.16906635,-0.17738059,-0.18340759,-0.18970713,-0.19719599,-0.20152955,-0.2090337,-0.21398154,-0.22305222,-0.22916889,-0.23722379,-0.24589097,-0.2515937,-0.25900862,-0.26506838,-0.27351412,-0.2809468,-0.2854253,-0.29306656,-0.29921883,-0.30900458,-0.31527406,-0.3242813,-0.33007953,-0.33688894,-0.34484407,-0.34883216,-0.35497993,-0.36316365,-0.37213117,-0.3807928,-0.3879544,-0.39452487,-0.40282735,-0.41041985,-0.41624218,-0.42745048,-0.43372336,-0.44130096,-0.44245362,-0.4499483,-0.46010715,-0.46756396,-0.4750863,-0.48623782,-0.49323973,-0.50172126,-0.50967073,-0.51676166
53_real,-2.4979644,,,,,,-1.3529159,,,,,,-1.392828,,,,,,,,,,,,,-2.504949,,,,,,,,,,,,-1.0889093,,,,,,,,,,,,,,,,,,,,,,,,,,,,,,,,
53_gen,-2.4979646,-2.5087285,-2.5152147,-2.523332,-2.52963,-2.541148,-2.5464358,-2.5557816,-2.5626206,-2.568398,-2.577504,-2.5878537,-2.5953562,-2.603846,-2.6098847,-2.6192994,-2.6306376,-2.6407108,-2.6461966,-2.656341,-2.6673365,-2.6758437,-2.684072,-2.6942801,-2.7010922,-2.7111762,-2.7138734,-2.724265,-2.733996,-2.7423437,-2.7530415,-2.7565093,-2.7621167,-2.7634501,-2.77412,-2.781547,-2.7918916,-2.7995858,-2.8080204,-2.8162265,-2.8289762,-2.8392928,-2.8452947,-2.8560166,-2.862371,-2.8699179,-2.8812344,-2.8874075,-2.8947039,-2.904989,-2.9096968,-2.9185889,-2.933394,-2.9447727,-2.9572425,-2.966941,-2.9778938,-2.9888368,-2.992494,-3.001988,-3.01308,-3.0214765,-3.0293365,-3.0359354,-3.0441554,-3.049105,-3.0595706,-3.0662246,-3.0811126,-3.0889652
54_real,-0.56621397,,,,,,-0.6206555,,,,,,-0.80319256,,,,,,,,,,,,,-1.6082684,,,,,,,,,,,,-0.49417523,,,,,,,,,,,,,,,,,,,,,,,,,,,,,,,,
54_gen,-0.566214,-0.57665974,-0.58773386,-0.597252,-0.6060797,-0.61457574,-0.62080085,-0.6365075,-0.64452016,-0.6528533,-0.660554,-0.6682161,-0.6809896,-0.690833,-0.69939893,-0.7009858,-0.7138914,-0.72043246,-0.7356026,-0.74940956,-0.75476867,-0.76614183,-0.7755135,-0.7830182,-0.7928008,-0.79905784,-0.8120009,-0.81958663,-0.83501875,-0.8446703,-0.85019714,-0.85667956,-0.86868876,-0.880859,-0.8904088,-0.9013483,-0.91360044,-0.9278183,-0.93867075,-0.9509529,-0.96160424,-0.9724928,-0.98967856,-0.99636316,-0.9981912,-1.0116057,-1.0141299,-1.0218567,-1.0335004,-1.0429606,-1.0546783,-1.0650747,-1.0756823,-1.0899264,-1.1039375,-1.1105316,-1.119508,-1.1281289,-1.1342709,-1.1429219,-1.1582344,-1.1733929,-1.1806605,-1.1897676,-1.2033671,-1.2164166,-1.2239697,-1.2304316,-1.2395741,-1.2508304
55_real,-0.16008322,,,,,,-0.2379717,,,,,,-0.3324379,,,,,,,,,,,,,-0.5409294,,,,,,,,,,,,-0.14557117,,,,,,,,,,,,,,,,,,,,,,,,,,,,,,,,
55_gen,-0.1600832,-0.16562246,-0.17325109,-0.17905687,-0.18517654,-0.18847099,-0.19434017,-0.19841702,-0.20218942,-0.20811157,-0.2118705,-0.21510717,-0.21994086,-0.22227614,-0.22517733,-0.22815843,-0.23273043,-0.23743844,-0.2410603,-0.24552676,-0.24871485,-0.25042805,-0.25295296,-0.25511646,-0.2584676,-0.26152152,-0.2667361,-0.27146205,-0.27641344,-0.2782644,-0.28258473,-0.28669333,-0.29060066,-0.29442766,-0.29871804,-0.30332497,-0.3072371,-0.31036,-0.3148159,-0.31665608,-0.3200724,-0.3233438,-0.32818738,-0.33125108,-0.33720136,-0.34238926,-0.34569547,-0.3483377,-0.35361356,-0.3565604,-0.36132857,-0.36555046,-0.37039465,-0.37339994,-0.37690514,-0.37755543,-0.3810288,-0.3836354,-0.3859434,-0.3886645,-0.39392725,-0.3973263,-0.4002263,-0.4028545,-0.40594983,-0.40823978,-0.41233855,-0.41720405,-0.41952214,-0.42317128
56_real,1.5101151,,,,,,0.3789458,,,,,,0.5728129,,,,,,,,,,,,,0.5092023,,,,,,,,,,,,-0.017142558,,,,,,,,,,,,,,,,,,,,,,,,,,,,,,,,
56_gen,1.510115,1.5027301,1.4994631,1.494406,1.4896386,1.4850671,1.4822114,1.4756713,1.4695513,1.4647088,1.4607447,1.4529473,1.4470152,1.4435117,1.4378542,1.4327471,1.4303997,1.4267644,1.4236704,1.4201438,1.4155153,1.4114416,1.4062243,1.403518,1.4001553,1.3947103,1.38982,1.387516,1.3839626,1.3808588,1.3756243,1.3705032,1.3667706,1.3641895,1.3575686,1.3514612,1.3470813,1.3433335,1.340663,1.3376228,1.3349893,1.3312439,1.326127,1.3197463,1.3153669,1.3110572,1.3082535,1.3051736,1.3020694,1.2979208,1.295544,1.2915266,1.2866284,1.2813699,1.2763693,1.2703204,1.2654561,1.2628688,1.2580504,1.2532037,1.2498573,1.2476741,1.2439189,1.2411659,1.2379584,1.2327623,1.2272835,1.2249458,1.2209457,1.2199687
57_real,0.4471895,,,,,,0.831646,,,,,,0.9675144,,,,,,,,,,,,,0.43835744,,,,,,,,,,,,0.9519768,,,,,,,,,,,,,,,,,,,,,,,,,,,,,,,,
57_gen,0.4471895,0.43625703,0.42761192,0.41771427,0.40845847,0.39935398,0.39304236,0.38563102,0.37568358,0.36655658,0.35709077,0.3498378,0.34179866,0.33525833,0.32671347,0.3156053,0.308346,0.29832432,0.28941968,0.2795164,0.27161986,0.26308304,0.25658032,0.25003263,0.24263303,0.23632947,0.22903386,0.22343478,0.2154127,0.2093292,0.2002352,0.19045699,0.18052848,0.17206667,0.16339469,0.15705796,0.14959723,0.14129886,0.13128306,0.123201355,0.11515685,0.11095271,0.10270977,0.092631385,0.08192651,0.07383042,0.06384741,0.05239563,0.04702918,0.041651484,0.032150887,0.023000855,0.016342783,0.009304231,-8.2958584e-05,-0.009834444,-0.020414561,-0.027831212,-0.03563813,-0.043125927,-0.05261737,-0.06174717,-0.07058835,-0.07977493,-0.087685265,-0.096403435,-0.10477414,-0.11381376,-0.12202541,-0.1319981
58_real,1.3759303,,,,,,0.5042054,,,,,,1.1343197,,,,,,,,,,,,,0.840392,,,,,,,,,,,,0.8116598,,,,,,,,,,,,,,,,,,,,,,,,,,,,,,,,
58_gen,1.3759304,1.3608587,1.3481503,1.3358641,1.3249643,1.3126047,1.2979202,1.2836688,1.2740765,1.2626235,1.251587,1.2388345,1.2314707,1.2238057,1.2129648,1.201946,1.1934589,1.1822997,1.1722081,1.1623496,1.1481649,1.1373863,1.1250792,1.1144917,1.1017174,1.0914567,1.0797609,1.0689862,1.0570256,1.0473614,1.0379913,1.0273321,1.0150092,1.0044446,0.99646264,0.9849005,0.9791029,0.9695994,0.95611715,0.94760287,0.93430966,0.92361337,0.9139968,0.9048487,0.89481866,0.87789536,0.86613005,0.8555872,0.8426038,0.8376214,0.8309239,0.82112724,0.81216925,0.80233735,0.792863,0.7779365,0.76666176,0.7565683,0.74555755,0.73271346,0.7202567,0.7062772,0.69289786,0.6799399,0.66844124,0.65718114,0.6474063,0.63601136,0.62529,0.6139588
59_real,-1.0825001,,,,,,-1.2901477,,,,,,-1.1220503,,,,,,,,,,,,,-1.0994455,,,,,,,,,,,,-1.3050542,,,,,,,,,,,,,,,,,,,,,,,,,,,,,,,,
59_gen,-1.0825002,-1.0866718,-1.0879376,-1.0916827,-1.0904247,-1.0961283,-1.099063,-1.1040413,-1.1082652,-1.1136669,-1.1153481,-1.1161364,-1.1199293,-1.1242579,-1.1286535,-1.1352209,-1.1374259,-1.1413609,-1.1455443,-1.1488528,-1.1534699,-1.157468,-1.1613263,-1.1637603,-1.1678746,-1.1723286,-1.1753789,-1.1779478,-1.1800001,-1.185235,-1.1855901,-1.1912318,-1.1948969,-1.1990618,-1.198636,-1.2043765,-1.2086501,-1.2110217,-1.214522,-1.2197676,-1.222747,-1.2251639,-1.2280244,-1.2322545,-1.2350417,-1.2400815,-1.2448086,-1.2471659,-1.2526791,-1.2564332,-1.2595725,-1.2637566,-1.2702544,-1.2727246,-1.2764407,-1.2813433,-1.2818307,-1.2855256,-1.2892063,-1.2929598,-1.2948464,-1.2997674,-1.3035738,-1.3074749,-1.314213,-1.3190327,-1.3230653,-1.3287827,-1.3328432,-1.3351308
60_real,-1.012097,,,,,,-1.3918599,,,,,,-1.3899113,,,,,,,,,,,,,-1.1564442,,,,,,,,,,,,-1.3294129,,,,,,,,,,,,,,,,,,,,,,,,,,,,,,,,
60_gen,-1.0120971,-1.0135773,-1.0145061,-1.017906,-1.0214232,-1.0257424,-1.0306032,-1.0368403,-1.0428193,-1.0472976,-1.05098,-1.0560386,-1.0596757,-1.0637783,-1.0687733,-1.0705327,-1.0733839,-1.076762,-1.0793396,-1.0843936,-1.0893625,-1.0922034,-1.0918379,-1.0941082,-1.0995128,-1.1061575,-1.1094689,-1.1147201,-1.1188118,-1.1231159,-1.1275322,-1.1313788,-1.1342174,-1.1403773,-1.1464776,-1.1495497,-1.1512728,-1.1547126,-1.1572793,-1.1596915,-1.1624959,-1.1646967,-1.169647,-1.1739976,-1.175713,-1.1802886,-1.1842546,-1.1905745,-1.1935596,-1.1985428,-1.2033337,-1.2092131,-1.2125543,-1.2184591,-1.2212234,-1.2233192,-1.229305,-1.2326618,-1.2369245,-1.2406471,-1.2432851,-1.2459499,-1.2504022,-1.2549604,-1.2582275,-1.2599713,-1.2627003,-1.266154,-1.2725255,-1.2767836
61_real,-1.4804138,,,,,,-1.5054569,,,,,,-1.732074,,,,,,,,,,,,,-1.6614463,,,,,,,,,,,,-1.7548115,,,,,,,,,,,,,,,,,,,,,,,,,,,,,,,,
61_gen,-1.4804137,-1.4891851,-1.497174,-1.5080918,-1.5231454,-1.5342522,-1.5411086,-1.5485824,-1.5546016,-1.5687008,-1.5751837,-1.5842271,-1.593646,-1.6021843,-1.6124986,-1.6213306,-1.6302456,-1.6391913,-1.6501868,-1.6610086,-1.6705221,-1.6802025,-1.6889337,-1.702461,-1.7070878,-1.7113483,-1.7197939,-1.7284629,-1.7340081,-1.7414932,-1.7561462,-1.7652067,-1.7717695,-1.7784201,-1.7880462,-1.800402,-1.8169043,-1.8237381,-1.8374408,-1.8499644,-1.8637578,-1.872562,-1.8811953,-1.8875892,-1.8980747,-1.9076583,-1.9175522,-1.9254408,-1.9366858,-1.9490235,-1.9596525,-1.9670929,-1.9798031,-1.9875739,-1.9989538,-2.0086243,-2.0183616,-2.0284925,-2.0371337,-2.052849,-2.0643115,-2.07348,-2.0806632,-2.085778,-2.0983682,-2.110064,-2.1201081,-2.1292624,-2.135222,-2.1427903
62_real,-1.0772649,,,,,,-1.2991365,,,,,,-1.3945016,,,,,,,,,,,,,-1.1457494,,,,,,,,,,,,-1.4371177,,,,,,,,,,,,,,,,,,,,,,,,,,,,,,,,
62_gen,-1.0772649,-1.0899853,-1.1003126,-1.1100209,-1.1219668,-1.1294785,-1.1432154,-1.1554269,-1.1664625,-1.1769025,-1.1879809,-1.2015642,-1.2129151,-1.224164,-1.2349311,-1.2435637,-1.2560695,-1.2671556,-1.2750435,-1.2867337,-1.2953297,-1.3079633,-1.3189057,-1.3295959,-1.339792,-1.3519733,-1.365661,-1.3743335,-1.3833306,-1.3961991,-1.4103986,-1.4211402,-1.4328854,-1.446018,-1.4594535,-1.4705374,-1.4824088,-1.4966016,-1.5099766,-1.5192344,-1.5306839,-1.5465438,-1.557036,-1.5690347,-1.5839224,-1.5997245,-1.6148872,-1.630091,-1.6407379,-1.6511211,-1.6660162,-1.6787649,-1.6916138,-1.7015741,-1.7127779,-1.7253393,-1.7371905,-1.7488317,-1.7625908,-1.7769369,-1.7919829,-1.8047308,-1.8176765,-1.8293365,-1.8420273,-1.8575904,-1.872976,-1.8884691,-1.9009794,-1.9141929
63_real,-0.5105198,,,,,,-0.71544874,,,,,,-0.6641624,,,,,,,,,,,,,-0.40769923,,,,,,,,,,,,-0.7594245,,,,,,,,,,,,,,,,,,,,,,,,,,,,,,,,
63_gen,-0.51051986,-0.5224756,-0.53383815,-0.54407984,-0.55407554,-0.5625986,-0.57045186,-0.57939637,-0.5899962,-0.59908545,-0.6105245,-0.6206483,-0.6285176,-0.637678,-0.6443552,-0.6544069,-0.6643615,-0.67331856,-0.67997885,-0.6887804,-0.70161533,-0.7099395,-0.7168745,-0.7283886,-0.7357739,-0.74709904,-0.75591403,-0.76447403,-0.7738044,-0.7822317,-0.7921937,-0.8036462,-0.8091351,-0.817433,-0.8277272,-0.83199996,-0.84020776,-0.84702617,-0.8551707,-0.8627844,-0.8701068,-0.87969506,-0.8864641,-0.8929095,-0.89862746,-0.90501404,-0.911277,-0.920901,-0.9310807,-0.9399789,-0.9463908,-0.9550417,-0.9624998,-0.9694575,-0.97815704,-0.9882328,-0.9959486,-1.0070662,-1.0182655,-1.0249685,-1.0320858,-1.0416785,-1.0528642,-1.0603775,-1.0710813,-1.0820969,-1.0912598,-1.1009676,-1.1105826,-1.1172254
64_real,0.13232051,,,,,,0.0066353893,,,,,,0.025395732,,,,,,,,,,,,,0.19637135,,,,,,,,,,,,-0.18336706,,,,,,,,,,,,,,,,,,,,,,,,,,,,,,,,
64_gen,0.13232051,0.122513674,0.110409394,0.09830032,0.08755829,0.075120606,0.06503346,0.053913992,0.041833475,0.029425938,0.021781849,0.01276312,0.003946951,-0.006957217,-0.01873098,-0.027764702,-0.039591677,-0.050329853,-0.06342644,-0.07137288,-0.081237525,-0.08637315,-0.09548618,-0.105603084,-0.11717562,-0.12723245,-0.13679563,-0.1453784,-0.15316425,-0.16390523,-0.17378528,-0.18468064,-0.1986003,-0.20791972,-0.21703479,-0.2242862,-0.2358782,-0.24631353,-0.25507265,-0.26397553,-0.27258557,-0.28063115,-0.28934175,-0.2972917,-0.30672914,-0.3190751,-0.3313673,-0.34197924,-0.35106856,-0.3617758,-0.371106,-0.382124,-0.38972214,-0.4012397,-0.41018605,-0.42194685,-0.4339655,-0.44610983,-0.45525113,-0.46593475,-0.47484165,-0.48392472,-0.49858898,-0.5095893,-0.5187499,-0.52849346,-0.53986776,-0.548524,-0.557986,-0.56780726
65_real,-0.07068318,,,,,,-0.45875823,,,,,,-0.49738938,,,,,,,,,,,,,-0.0706813,,,,,,,,,,,,-0.32181755,,,,,,,,,,,,,,,,,,,,,,,,,,,,,,,,
65_gen,-0.07068318,-0.08102503,-0.09223388,-0.10220647,-0.10801603,-0.11933054,-0.13244423,-0.14115092,-0.14963292,-0.15768132,-0.16352029,-0.17166772,-0.18316406,-0.19086005,-0.19846883,-0.20437558,-0.21365538,-0.221242,-0.22834775,-0.23842219,-0.24316487,-0.24888214,-0.2542341,-0.2606996,-0.26798007,-0.27916306,-0.28429797,-0.2919267,-0.29793155,-0.3060636,-0.31759724,-0.32048523,-0.32696372,-0.33358294,-0.3368521,-0.34505135,-0.353566,-0.36220905,-0.36857787,-0.38238648,-0.3937871,-0.40251428,-0.41055265,-0.4140478,-0.42221126,-0.43004054,-0.43823892,-0.441497,-0.45069343,-0.45735177,-0.46679568,-0.47744384,-0.4851715,-0.4901051,-0.49967074,-0.5082917,-0.51734424,-0.52727234,-0.53341734,-0.54149055,-0.54830706,-0.55441517,-0.5621202,-0.57145,-0.5792352,-0.58957237,-0.5961946,-0.6045842,-0.61152035,-0.6176079
66_real,-0.11246471,,,,,,-0.538711,,,,,,-0.4111718,,,,,,,,,,,,,-0.14563194,,,,,,,,,,,,-0.45490944,,,,,,,,,,,,,,,,,,,,,,,,,,,,,,,,
66_gen,-0.11246471,-0.12328005,-0.13291362,-0.14095768,-0.1518899,-0.15827939,-0.16931957,-0.17578126,-0.18199065,-0.19220844,-0.20020607,-0.2115068,-0.21673915,-0.22474742,-0.23396699,-0.2381115,-0.24464437,-0.24879996,-0.25402257,-0.2594775,-0.26409808,-0.2686655,-0.27444965,-0.28263137,-0.29120868,-0.29739138,-0.30734786,-0.3105174,-0.3186102,-0.3263423,-0.33652377,-0.34762925,-0.35142,-0.35354927,-0.36110836,-0.3691888,-0.37827832,-0.3874119,-0.3941177,-0.39861578,-0.40497738,-0.41019663,-0.41635513,-0.42520684,-0.4353304,-0.44402486,-0.452948,-0.4598414,-0.46679133,-0.47013274,-0.477359,-0.48717815,-0.49469906,-0.5009879,-0.5070749,-0.5159421,-0.52477455,-0.5323415,-0.5405475,-0.5444558,-0.5498465,-0.5554217,-0.5629061,-0.57050234,-0.58250386,-0.59305584,-0.5997167,-0.6076213,-0.61878574,-0.62818605
67_real,-0.23233397,,,,,,-0.17504846,,,,,,-0.20954204,,,,,,,,,,,,,-0.4035747,,,,,,,,,,,,-0.20327775,,,,,,,,,,,,,,,,,,,,,,,,,,,,,,,,
67_gen,-0.23233397,-0.24043128,-0.2496515,-0.25110143,-0.25746626,-0.26490965,-0.26921633,-0.27754733,-0.2817815,-0.28768945,-0.2975488,-0.30468562,-0.31066984,-0.31609067,-0.3223861,-0.32761985,-0.33424607,-0.3432734,-0.3509031,-0.356087,-0.36491242,-0.3717236,-0.37855786,-0.38630906,-0.39174706,-0.3993462,-0.4064897,-0.41298255,-0.42284688,-0.4299325,-0.4365217,-0.44442406,-0.45380735,-0.45932466,-0.46423993,-0.47275263,-0.48075214,-0.48849455,-0.49432987,-0.50085974,-0.50695026,-0.516596,-0.5222703,-0.52865887,-0.53781545,-0.5463473,-0.5536251,-0.5649903,-0.5729461,-0.58353835,-0.5893383,-0.6002267,-0.609629,-0.6182691,-0.62563145,-0.6332014,-0.6425515,-0.6485394,-0.6556034,-0.6655271,-0.67494965,-0.6873542,-0.69444317,-0.7054549,-0.71311253,-0.72150457,-0.73083675,-0.7398294,-0.75083166,-0.7588308
68_real,-0.024311451,,,,,,-0.1981964,,,,,,-0.06500973,,,,,,,,,,,,,-0.22636276,,,,,,,,,,,,-0.12247062,,,,,,,,,,,,,,,,,,,,,,,,,,,,,,,,
68_gen,-0.024311451,-0.038333192,-0.049045794,-0.054962017,-0.06749913,-0.079144225,-0.087120436,-0.09620141,-0.10569619,-0.11187877,-0.121999204,-0.129778,-0.14021936,-0.14965138,-0.1615122,-0.17055869,-0.18132679,-0.19203171,-0.20238426,-0.21059713,-0.22290775,-0.2320613,-0.23997502,-0.2501943,-0.25876257,-0.26934952,-0.27910787,-0.2875473,-0.29675138,-0.30793983,-0.3157496,-0.3243762,-0.3345788,-0.3423688,-0.35495144,-0.36527067,-0.3740162,-0.3798661,-0.3914944,-0.40307006,-0.4155838,-0.42694464,-0.43664187,-0.44755536,-0.45952517,-0.46859097,-0.47852427,-0.4896563,-0.502294,-0.5112449,-0.5205332,-0.5316488,-0.5381183,-0.54898554,-0.5582304,-0.5670781,-0.58121204,-0.5936137,-0.6014078,-0.61421907,-0.62438637,-0.63439465,-0.64627683,-0.65630865,-0.6651621,-0.67314595,-0.68161577,-0.690537,-0.7009662,-0.7136377
69_real,-1.5874587,,,,,,-1.3182912,,,,,,-1.4647434,,,,,,,,,,,,,-1.11983,,,,,,,,,,,,-1.5734078,,,,,,,,,,,,,,,,,,,,,,,,,,,,,,,,
69_gen,-1.5874587,-1.5944755,-1.5998927,-1.6083246,-1.6150593,-1.6254041,-1.6348795,-1.6439075,-1.6510473,-1.6602345,-1.6659133,-1.6698147,-1.6775599,-1.6842482,-1.6921381,-1.700257,-1.7057521,-1.7121576,-1.718165,-1.7273096,-1.7348989,-1.7404808,-1.745271,-1.7503456,-1.7538264,-1.758905,-1.7683319,-1.7766098,-1.78175,-1.7863197,-1.7914889,-1.7986448,-1.8062664,-1.8121618,-1.8179325,-1.8233426,-1.8299602,-1.836818,-1.8426883,-1.8511137,-1.8540869,-1.8599097,-1.8662561,-1.8744116,-1.8815969,-1.8883861,-1.8955934,-1.9018987,-1.9075352,-1.9137999,-1.9230919,-1.9293159,-1.9344276,-1.9436886,-1.950914,-1.9559559,-1.9649435,-1.9729567,-1.9846643,-1.9924219,-2.0018203,-2.0102057,-2.017512,-2.0207982,-2.0235305,-2.03369,-2.0360346,-2.0436454,-2.0528557,-2.059032
70_real,-1.6114111,,,,,,-1.7837507,,,,,,-1.8878467,,,,,,,,,,,,,-1.8300567,,,,,,,,,,,,-1.9599197,,,,,,,,,,,,,,,,,,,,,,,,,,,,,,,,
70_gen,-1.6114111,-1.6257836,-1.6365677,-1.6489801,-1.6580632,-1.6668707,-1.6763585,-1.6849728,-1.6936369,-1.7000177,-1.7087698,-1.7153757,-1.7216842,-1.7280394,-1.7349951,-1.7438749,-1.7513502,-1.7545316,-1.7631958,-1.7701695,-1.7776089,-1.7850841,-1.7908128,-1.792125,-1.7990563,-1.8041214,-1.8120985,-1.8194053,-1.8258629,-1.8312814,-1.8343586,-1.838782,-1.8447847,-1.8511511,-1.8548619,-1.86257,-1.8660562,-1.8764845,-1.8813288,-1.8878351,-1.8941116,-1.8993661,-1.9062879,-1.9088389,-1.9171493,-1.9257956,-1.9307092,-1.9382961,-1.947163,-1.9528602,-1.9570128,-1.9641259,-1.9699558,-1.9760027,-1.9793125,-1.9841216,-1.9897366,-1.9921854,-1.9983886,-2.0050826,-2.0083733,-2.0160718,-2.0231433,-2.0281725,-2.0366323,-2.039632,-2.0470023,-2.055041,-2.06054,-2.06853
71_real,0.3148617,,,,,,0.4509012,,,,,,0.48898613,,,,,,,,,,,,,0.19929951,,,,,,,,,,,,0.75813663,,,,,,,,,,,,,,,,,,,,,,,,,,,,,,,,
71_gen,0.31486174,0.3112629,0.30778965,0.30388403,0.30013785,0.297351,0.29503408,0.2899968,0.28489235,0.28273812,0.2789091,0.27390644,0.26890463,0.26136154,0.25407907,0.24886651,0.24258494,0.23460475,0.22809696,0.22418788,0.21592931,0.20632434,0.2061449,0.20138931,0.19594207,0.18899599,0.18524922,0.18456379,0.1810569,0.17743807,0.16813003,0.16067354,0.15780813,0.15059617,0.14487933,0.14182247,0.13830891,0.13483259,0.12504846,0.120569386,0.11426151,0.10819771,0.10407834,0.10358699,0.100401804,0.09360618,0.09358539,0.0877185,0.080039635,0.07465862,0.0709068,0.06596638,0.059280924,0.05390044,0.04627406,0.039893173,0.036420427,0.030600682,0.026447881,0.021179747,0.017129902,0.01048406,0.0026699349,-0.00090567395,-0.009152034,-0.016636793,-0.020204205,-0.028392905,-0.032405328,-0.037676618
72_real,0.9291557,,,,,,0.24621606,,,,,,0.39726064,,,,,,,,,,,,,0.38736477,,,,,,,,,,,,0.4996564,,,,,,,,,,,,,,,,,,,,,,,,,,,,,,,,
72_gen,0.9291557,0.9271327,0.9202712,0.9072887,0.8966344,0.88863105,0.88139915,0.88102996,0.87425566,0.86855906,0.8579565,0.8537146,0.844841,0.83800256,0.830231,0.824666,0.81804764,0.80718774,0.7993484,0.79314137,0.7901834,0.78194207,0.77553666,0.76728046,0.7614354,0.757053,0.74473625,0.73319817,0.7239312,0.7176744,0.71173906,0.7041163,0.7000013,0.69395155,0.68763065,0.67865586,0.6663172,0.6596365,0.6527638,0.6469114,0.6378383,0.6320069,0.62595403,0.61840856,0.6114414,0.6045669,0.59306127,0.5879033,0.5833006,0.574041,0.5649621,0.5591304,0.5517204,0.5466344,0.5412035,0.53573567,0.5258969,0.51688814,0.5105491,0.500503,0.4898068,0.47996244,0.46994686,0.46217823,0.45184746,0.44333076,0.43483028,0.42316446,0.4192912,0.41214567
73_real,0.09071861,,,,,,-0.29175314,,,,,,-0.46174517,,,,,,,,,,,,,0.09581018,,,,,,,,,,,,-0.7167362,,,,,,,,,,,,,,,,,,,,,,,,,,,,,,,,
73_gen,0.09071862,0.08387724,0.07178156,0.05932278,0.049877916,0.038645554,0.027327633,0.020057056,0.008108722,-0.0066555687,-0.017261263,-0.023300728,-0.03501197,-0.04482532,-0.056611843,-0.06432587,-0.07007379,-0.07834785,-0.09005497,-0.09923609,-0.109981395,-0.11762571,-0.12571892,-0.14113796,-0.15242223,-0.16388927,-0.1729264,-0.18458572,-0.1948258,-0.20342274,-0.21474278,-0.22405508,-0.2365797,-0.24593425,-0.2568295,-0.26557606,-0.27465066,-0.28249103,-0.29367268,-0.30204242,-0.31502652,-0.33101434,-0.34217727,-0.35238466,-0.3642588,-0.37661284,-0.3834294,-0.39550304,-0.40419856,-0.41339287,-0.42250744,-0.43605074,-0.4482542,-0.45751852,-0.46855968,-0.47516757,-0.48553085,-0.4939947,-0.504295,-0.5147617,-0.5255973,-0.5359517,-0.54424447,-0.5598572,-0.56884706,-0.58473027,-0.591581,-0.60649383,-0.61394906,-0.62499416
74_real,-0.36076987,,,,,,-0.69115955,,,,,,-0.48938283,,,,,,,,,,,,,-0.62566847,,,,,,,,,,,,-0.613563,,,,,,,,,,,,,,,,,,,,,,,,,,,,,,,,
74_gen,-0.36076984,-0.37166512,-0.38415185,-0.39333308,-0.40219182,-0.41179985,-0.42219624,-0.43345237,-0.44379348,-0.4558355,-0.46691665,-0.4791847,-0.48864165,-0.49275118,-0.5002724,-0.5100187,-0.5169884,-0.526019,-0.539924,-0.5502058,-0.5579937,-0.56863457,-0.577651,-0.58849806,-0.59791833,-0.6103239,-0.62052137,-0.6306065,-0.63894224,-0.6454425,-0.65555775,-0.66276115,-0.6736329,-0.67888093,-0.6845372,-0.694757,-0.7021116,-0.70575964,-0.71376175,-0.72195613,-0.72598845,-0.735271,-0.7419891,-0.75318205,-0.7643385,-0.77297074,-0.7799122,-0.793924,-0.8039721,-0.8156023,-0.8232342,-0.8322374,-0.8378335,-0.85121334,-0.8617091,-0.87053746,-0.8792362,-0.89139605,-0.90288657,-0.9132884,-0.92343855,-0.9350022,-0.94520456,-0.9489037,-0.9580041,-0.9687773,-0.98470306,-0.9968306,-1.0063062,-1.0185266
75_real,-1.0004112,,,,,,-1.5302548,,,,,,-1.5649252,,,,,,,,,,,,,-1.3990345,,,,,,,,,,,,-1.5236295,,,,,,,,,,,,,,,,,,,,,,,,,,,,,,,,
75_gen,-1.0004112,-1.0034308,-1.0050436,-1.0064232,-1.0079834,-1.0119741,-1.0153598,-1.0172248,-1.0231657,-1.0259831,-1.0297862,-1.0324976,-1.0352483,-1.038142,-1.0408418,-1.0429939,-1.0469077,-1.0489683,-1.0549093,-1.0586623,-1.0638927,-1.0691267,-1.0739796,-1.0771631,-1.0809847,-1.0856135,-1.0880677,-1.09146,-1.092447,-1.0939267,-1.097358,-1.0989113,-1.1029233,-1.1064031,-1.1093869,-1.11285,-1.1159612,-1.1201831,-1.1244447,-1.1294475,-1.1347531,-1.1402452,-1.1460074,-1.1504246,-1.152158,-1.1521161,-1.1564511,-1.159072,-1.1653512,-1.1676447,-1.1710869,-1.1773698,-1.1786848,-1.1814435,-1.1845831,-1.1885531,-1.1919038,-1.1963282,-1.199711,-1.2018934,-1.2041545,-1.2048674,-1.2099965,-1.2123471,-1.2156374,-1.2206806,-1.221537,-1.2254589,-1.2304877,-1.2362635
76_real,-1.2650228,,,,,,-2.0721405,,,,,,-2.0938601,,,,,,,,,,,,,-1.8730177,,,,,,,,,,,,-2.2427795,,,,,,,,,,,,,,,,,,,,,,,,,,,,,,,,
76_gen,-1.2650226,-1.270703,-1.2749028,-1.2807802,-1.2863505,-1.2916751,-1.2964363,-1.302961,-1.3088462,-1.3141208,-1.3196543,-1.3275802,-1.3330452,-1.3383595,-1.3421888,-1.3446242,-1.3500925,-1.3527046,-1.3582413,-1.3600763,-1.3641773,-1.3683883,-1.372381,-1.3768145,-1.3825848,-1.3850825,-1.3897531,-1.39513,-1.400321,-1.4036477,-1.4112898,-1.4153045,-1.4173197,-1.423655,-1.4270966,-1.4298418,-1.4331877,-1.4381101,-1.4424605,-1.4452927,-1.4483569,-1.4525133,-1.4569644,-1.4631718,-1.4686798,-1.4731902,-1.4782463,-1.4792981,-1.4832575,-1.4867716,-1.4913657,-1.4937718,-1.4980223,-1.5045121,-1.509554,-1.5126569,-1.5177038,-1.5220644,-1.5273975,-1.5321506,-1.5371213,-1.5418001,-1.5492172,-1.5544341,-1.5587841,-1.5619198,-1.567309,-1.5713536,-1.5762858,-1.581939
77_real,0.09408665,,,,,,-0.059948128,,,,,,-0.08102481,,,,,,,,,,,,,0.02615125,,,,,,,,,,,,-0.3339209,,,,,,,,,,,,,,,,,,,,,,,,,,,,,,,,
77_gen,0.09408665,0.08321032,0.07514952,0.0651606,0.058106095,0.049540553,0.040901758,0.034867562,0.029202957,0.023410704,0.016823698,0.01243566,0.0066386983,0.00016246512,-0.006570994,-0.014971927,-0.021794122,-0.027288038,-0.034761235,-0.041513592,-0.050177146,-0.05491195,-0.059729762,-0.06276989,-0.07211143,-0.07651799,-0.08121496,-0.08462408,-0.09096165,-0.09598432,-0.10432253,-0.10896667,-0.11284038,-0.11823299,-0.12007375,-0.13297278,-0.1401105,-0.14570943,-0.15119733,-0.15372226,-0.16277668,-0.17079735,-0.17766216,-0.18613176,-0.19497114,-0.19727501,-0.20445235,-0.21289182,-0.22010343,-0.22681275,-0.23475209,-0.23962633,-0.24529806,-0.25168324,-0.26068717,-0.26274338,-0.2695694,-0.27799433,-0.28360212,-0.29029804,-0.29952335,-0.30524194,-0.31057614,-0.31632948,-0.32125312,-0.33048123,-0.3356796,-0.34428564,-0.35111958,-0.35791102
78_real,0.018134162,,,,,,-0.717204,,,,,,-0.24428654,,,,,,,,,,,,,-0.33604154,,,,,,,,,,,,-0.31313485,,,,,,,,,,,,,,,,,,,,,,,,,,,,,,,,
78_gen,0.018134162,0.011925573,0.0069714473,0.0017476088,-0.004900017,-0.012784019,-0.018128106,-0.027789373,-0.034176666,-0.043027274,-0.053782355,-0.060662646,-0.06884362,-0.075355396,-0.08328171,-0.09150323,-0.096293144,-0.10437331,-0.11416942,-0.119818345,-0.1270043,-0.13390957,-0.13958278,-0.1491399,-0.15482897,-0.15965214,-0.17301178,-0.17650151,-0.18585013,-0.1919894,-0.20132998,-0.20704249,-0.2172838,-0.22652778,-0.23013365,-0.2372729,-0.24597411,-0.25341925,-0.26202416,-0.26963347,-0.28113073,-0.28503278,-0.28986007,-0.30014932,-0.30697677,-0.3145917,-0.3223495,-0.32499653,-0.33494252,-0.34071362,-0.34725127,-0.3573087,-0.36418742,-0.3721344,-0.38008434,-0.38564232,-0.3958795,-0.405413,-0.4103128,-0.41579604,-0.4256143,-0.43215418,-0.43830076,-0.44463253,-0.45292538,-0.45936742,-0.46730837,-0.47349733,-0.48094878,-0.48993292
79_real,-0.018239152,,,,,,0.06381883,,,,,,-0.26087677,,,,,,,,,,,,,0.17450722,,,,,,,,,,,,-0.46793455,,,,,,,,,,,,,,,,,,,,,,,,,,,,,,,,
79_gen,-0.018239154,-0.024293965,-0.02813917,-0.033284698,-0.038775455,-0.042338446,-0.048856415,-0.053068537,-0.057634868,-0.06184739,-0.06575877,-0.07051067,-0.07524109,-0.079153076,-0.08411999,-0.085718535,-0.09185442,-0.09645784,-0.10221901,-0.106732726,-0.11229247,-0.11710346,-0.12374072,-0.12731674,-0.13276632,-0.13870068,-0.14480677,-0.15175647,-0.15771687,-0.16232796,-0.16573147,-0.1716754,-0.17441747,-0.17785613,-0.18282747,-0.18596828,-0.19037095,-0.19508836,-0.20090671,-0.20760277,-0.21231338,-0.21632521,-0.22199532,-0.22654411,-0.23449782,-0.2391227,-0.24441382,-0.24909978,-0.25478297,-0.25953138,-0.26485428,-0.26990035,-0.27681202,-0.28083393,-0.2867413,-0.29064962,-0.29462543,-0.2991028,-0.3039607,-0.3083378,-0.31366706,-0.3198061,-0.32430476,-0.3303843,-0.33493954,-0.34074554,-0.34611076,-0.35158363,-0.3558397,-0.3611521
80_real,-0.40650484,,,,,,-0.5341967,,,,,,-0.7440709,,,,,,,,,,,,,-0.2002785,,,,,,,,,,,,-0.6963807,,,,,,,,,,,,,,,,,,,,,,,,,,,,,,,,
80_gen,-0.4065048,-0.41333342,-0.41766405,-0.42164612,-0.42811966,-0.43195516,-0.43675488,-0.43933472,-0.44505364,-0.45017838,-0.45339805,-0.45957652,-0.4636055,-0.46829492,-0.47240752,-0.4775998,-0.4839999,-0.4887424,-0.49419117,-0.4992012,-0.5006942,-0.50618064,-0.5096509,-0.5121249,-0.51654017,-0.52049893,-0.5239009,-0.5287914,-0.5319255,-0.5353893,-0.5396284,-0.54283017,-0.54804075,-0.55204815,-0.556103,-0.55944145,-0.5631857,-0.5681534,-0.57203203,-0.57870954,-0.58314276,-0.5865931,-0.59099114,-0.59308153,-0.59747183,-0.60244304,-0.6072892,-0.60949546,-0.6135367,-0.6211342,-0.6283034,-0.6319868,-0.6364436,-0.64185256,-0.64790106,-0.6502889,-0.6557686,-0.6596314,-0.6644346,-0.66863227,-0.6750786,-0.6766105,-0.6810572,-0.6860058,-0.68940175,-0.6927535,-0.69777083,-0.7033963,-0.7083236,-0.7123861
81_real,-0.84320074,,,,,,-1.2010902,,,,,,-1.2867194,,,,,,,,,,,,,-0.76808643,,,,,,,,,,,,-0.98801893,,,,,,,,,,,,,,,,,,,,,,,,,,,,,,,,
81_gen,-0.8432008,-0.85283244,-0.86239016,-0.8721142,-0.8825968,-0.8910694,-0.9049015,-0.9145676,-0.9250597,-0.93421143,-0.94427145,-0.95250607,-0.96103173,-0.9668726,-0.9743946,-0.9835312,-0.9929575,-1.0022786,-1.0093088,-1.0121869,-1.0231683,-1.0331128,-1.0422066,-1.0511664,-1.0588849,-1.0665376,-1.0765737,-1.0831966,-1.0915681,-1.0979593,-1.1071961,-1.116665,-1.1259077,-1.1369966,-1.1463411,-1.1539189,-1.1634048,-1.1725584,-1.1832206,-1.1949981,-1.2026936,-1.2111351,-1.2221518,-1.2282422,-1.2376666,-1.2473758,-1.2554387,-1.263459,-1.2684323,-1.2780584,-1.2877083,-1.2991962,-1.3079257,-1.3158802,-1.323883,-1.3313668,-1.3384783,-1.3453537,-1.3518426,-1.3618113,-1.3716345,-1.3758522,-1.385862,-1.3935854,-1.404436,-1.416506,-1.4280806,-1.4352908,-1.4438399,-1.4520683
82_real,-0.16280095,,,,,,-0.782625,,,,,,-0.8759439,,,,,,,,,,,,,-0.37120977,,,,,,,,,,,,-1.0128156,,,,,,,,,,,,,,,,,,,,,,,,,,,,,,,,
82_gen,-0.16280094,-0.16898926,-0.17610931,-0.18453948,-0.19226065,-0.19733618,-0.20225295,-0.20893463,-0.21371599,-0.22053179,-0.22656688,-0.23280235,-0.23953223,-0.2465688,-0.2513316,-0.25770146,-0.26448244,-0.2702704,-0.27566603,-0.28230387,-0.28832483,-0.2945355,-0.3016222,-0.30902594,-0.31892553,-0.32466313,-0.33114776,-0.34107092,-0.34853235,-0.35323617,-0.36060122,-0.36799198,-0.37265736,-0.3776663,-0.3840763,-0.3906244,-0.39658964,-0.40376306,-0.4115354,-0.41784292,-0.42451024,-0.42746252,-0.43369618,-0.4412613,-0.4475252,-0.45369935,-0.4602796,-0.4653526,-0.47134614,-0.47875443,-0.4862712,-0.49305797,-0.49908003,-0.50599205,-0.5124153,-0.5215045,-0.52901196,-0.53533846,-0.5433052,-0.548668,-0.5565807,-0.5637637,-0.5683274,-0.57459164,-0.5812913,-0.5904053,-0.5976565,-0.60568124,-0.613073,-0.6186495
83_real,-0.3676339,,,,,,-0.9055596,,,,,,-0.89111817,,,,,,,,,,,,,-0.7291907,,,,,,,,,,,,-1.2121116,,,,,,,,,,,,,,,,,,,,,,,,,,,,,,,,
83_gen,-0.36763388,-0.37637419,-0.38652256,-0.395212,-0.40333897,-0.4114426,-0.42035204,-0.42928123,-0.43599287,-0.44467965,-0.45138222,-0.45947686,-0.4653264,-0.47409892,-0.48156628,-0.48943797,-0.497106,-0.5061698,-0.51468384,-0.52224916,-0.5309254,-0.5392955,-0.5483722,-0.55539656,-0.5660699,-0.57383436,-0.5800667,-0.58824867,-0.59555453,-0.6036222,-0.61321276,-0.6201343,-0.6259428,-0.6316345,-0.6412808,-0.6469608,-0.6548794,-0.6629833,-0.6687493,-0.67386425,-0.6818046,-0.6912082,-0.69858855,-0.7055224,-0.71295595,-0.7185847,-0.7274727,-0.73511124,-0.7451115,-0.7541146,-0.7616935,-0.7686492,-0.7783365,-0.7890935,-0.7962318,-0.80409944,-0.8135379,-0.8189961,-0.8269022,-0.8351385,-0.84215295,-0.8518699,-0.85998595,-0.8695685,-0.8777466,-0.8873377,-0.8969539,-0.9051839,-0.9160007,-0.92288697
84_real,-1.5548756,,,,,,-2.1988401,,,,,,-2.0800045,,,,,,,,,,,,,-1.6735964,,,,,,,,,,,,-2.1626174,,,,,,,,,,,,,,,,,,,,,,,,,,,,,,,,
84_gen,-1.5548755,-1.5629702,-1.5702314,-1.5782754,-1.5902748,-1.5999333,-1.6079705,-1.6163292,-1.6262935,-1.6349344,-1.6467361,-1.6554968,-1.6632891,-1.6729488,-1.6802298,-1.6883218,-1.6964191,-1.7055708,-1.7119722,-1.7182195,-1.7231483,-1.7298038,-1.7396681,-1.7491553,-1.7553425,-1.762275,-1.7681538,-1.7783234,-1.7838262,-1.7926162,-1.802406,-1.8070576,-1.8152004,-1.8215277,-1.8276964,-1.8371868,-1.8434403,-1.8507847,-1.8595121,-1.8673102,-1.874183,-1.8816074,-1.8891973,-1.8971907,-1.9055094,-1.914053,-1.920824,-1.9295318,-1.9378536,-1.9440336,-1.9509027,-1.959227,-1.9656773,-1.9731629,-1.981939,-1.9900341,-1.9981158,-2.0060067,-2.0160594,-2.025491,-2.0356674,-2.043183,-2.0528574,-2.0614214,-2.0690508,-2.0790758,-2.0877712,-2.0958507,-2.1043746,-2.1130633
85_real,-1.8420993,,,,,,-1.2075404,,,,,,-1.2760268,,,,,,,,,,,,,-1.6934371,,,,,,,,,,,,-1.391375,,,,,,,,,,,,,,,,,,,,,,,,,,,,,,,,
85_gen,-1.8420994,-1.8495001,-1.8599169,-1.866511,-1.8726451,-1.8805231,-1.8892219,-1.8964514,-1.9070036,-1.9147656,-1.9231163,-1.9319582,-1.9399538,-1.9436872,-1.9528084,-1.9602823,-1.9686867,-1.9762964,-1.9854454,-1.9914497,-1.996878,-2.0075686,-2.0163062,-2.0239642,-2.0324452,-2.0415425,-2.0517535,-2.0577056,-2.0626981,-2.0690222,-2.078323,-2.086707,-2.0921168,-2.0995264,-2.104786,-2.1117666,-2.1211073,-2.1305447,-2.1379771,-2.1478333,-2.1541905,-2.1616693,-2.1702063,-2.1779313,-2.183868,-2.1923482,-2.202581,-2.2086377,-2.217177,-2.2283404,-2.235323,-2.2422948,-2.249302,-2.2575731,-2.2689147,-2.2767365,-2.2856727,-2.2943387,-2.3023274,-2.3112965,-2.3209915,-2.3287396,-2.3387167,-2.346672,-2.3570642,-2.368215,-2.3769822,-2.3828223,-2.3932128,-2.4020019
86_real,-0.7355673,,,,,,-0.84280056,,,,,,-0.82972306,,,,,,,,,,,,,-1.3967936,,,,,,,,,,,,-0.88111997,,,,,,,,,,,,,,,,,,,,,,,,,,,,,,,,
86_gen,-0.7355672,-0.7433986,-0.7503705,-0.7595584,-0.76695764,-0.7761952,-0.78362596,-0.79169977,-0.7981819,-0.805068,-0.8121861,-0.8193598,-0.8248348,-0.832646,-0.84084177,-0.847942,-0.8543379,-0.8633691,-0.87158763,-0.8790631,-0.888667,-0.8955719,-0.9047352,-0.91230565,-0.9156082,-0.92059267,-0.9262946,-0.9325825,-0.9395908,-0.94806606,-0.95572007,-0.96550596,-0.97432816,-0.9796773,-0.9822911,-0.9899209,-0.99679184,-1.0028944,-1.0073547,-1.0172555,-1.026655,-1.0333284,-1.0399619,-1.045717,-1.0552953,-1.0633775,-1.070277,-1.0778953,-1.0856845,-1.094746,-1.1025261,-1.109074,-1.1200879,-1.1268559,-1.1371849,-1.1479881,-1.1570591,-1.1659662,-1.1729419,-1.1842597,-1.1924865,-1.2018749,-1.2109065,-1.2156303,-1.2237208,-1.2328318,-1.2386771,-1.2477894,-1.2566515,-1.2634852
87_real,-0.85912925,,,,,,-0.73432636,,,,,,-1.1129403,,,,,,,,,,,,,-1.1223792,,,,,,,,,,,,-1.2582722,,,,,,,,,,,,,,,,,,,,,,,,,,,,,,,,
87_gen,-0.8591293,-0.8640804,-0.8715512,-0.87624943,-0.886471,-0.8942046,-0.90036345,-0.90744126,-0.91284007,-0.91988707,-0.92907965,-0.9363452,-0.94270945,-0.9470108,-0.9536747,-0.96080095,-0.96513665,-0.9682314,-0.97498405,-0.98044044,-0.9831975,-0.98895967,-0.9939829,-0.9995586,-1.0074711,-1.0130491,-1.017544,-1.0204389,-1.0272512,-1.0323575,-1.0380619,-1.0452741,-1.0508648,-1.0528781,-1.058182,-1.0622705,-1.0656301,-1.0713933,-1.0761378,-1.0815558,-1.0882109,-1.0922731,-1.0939755,-1.1017531,-1.1079056,-1.1142066,-1.1204989,-1.1274441,-1.1337463,-1.1385237,-1.1428711,-1.1441298,-1.1511567,-1.1568048,-1.1588237,-1.162535,-1.1681936,-1.1747783,-1.1802428,-1.1843517,-1.1902376,-1.1945289,-1.1992527,-1.2061765,-1.2118434,-1.2176061,-1.2221943,-1.2290677,-1.2341744,-1.2412341
88_real,-0.34907258,,,,,,-0.64367545,,,,,,-0.67104983,,,,,,,,,,,,,-0.90724725,,,,,,,,,,,,-0.85844725,,,,,,,,,,,,,,,,,,,,,,,,,,,,,,,,
88_gen,-0.34907255,-0.35467038,-0.36068657,-0.36803442,-0.37454754,-0.37976858,-0.38625664,-0.3912708,-0.39571446,-0.40325207,-0.40768862,-0.41291365,-0.41745764,-0.42269808,-0.42890763,-0.43419266,-0.439516,-0.44438,-0.44820222,-0.4518215,-0.45776162,-0.4642055,-0.46839532,-0.47216806,-0.4756587,-0.47944468,-0.4840598,-0.49050766,-0.49620867,-0.50029725,-0.5049196,-0.50990176,-0.51240623,-0.51817507,-0.5243591,-0.52687377,-0.5312498,-0.53600395,-0.5398335,-0.5448329,-0.5497643,-0.55754983,-0.5626222,-0.56755096,-0.57027924,-0.5756357,-0.58020496,-0.5850752,-0.59004515,-0.5924447,-0.5980236,-0.6014831,-0.60386574,-0.60575545,-0.61166495,-0.6148295,-0.61740667,-0.62237877,-0.62809956,-0.6327561,-0.63721406,-0.6430246,-0.64601016,-0.6515758,-0.6528481,-0.6584325,-0.664013,-0.66951996,-0.675209,-0.6784858
89_real,-2.561802,,,,,,-2.5956118,,,,,,-2.7117,,,,,,,,,,,,,-2.680253,,,,,,,,,,,,-2.680381,,,,,,,,,,,,,,,,,,,,,,,,,,,,,,,,
89_gen,-2.561802,-2.5681403,-2.570169,-2.5727634,-2.575996,-2.5783322,-2.5816247,-2.582814,-2.5839481,-2.5875156,-2.5916567,-2.5926359,-2.5966406,-2.5994236,-2.6016912,-2.6054666,-2.6069553,-2.6071658,-2.6087272,-2.6134753,-2.6153579,-2.6138134,-2.6147492,-2.616651,-2.618814,-2.6223226,-2.6258006,-2.6285238,-2.6301887,-2.633811,-2.6341262,-2.6373801,-2.6378126,-2.6409879,-2.6445909,-2.6462903,-2.6513772,-2.6550221,-2.655811,-2.659041,-2.661868,-2.6643653,-2.666968,-2.6668856,-2.669036,-2.6731505,-2.6768212,-2.6785686,-2.681579,-2.6849403,-2.686391,-2.688953,-2.6915848,-2.6923976,-2.6944108,-2.6958687,-2.6988232,-2.6999907,-2.7012687,-2.704023,-2.7053826,-2.7065473,-2.7089384,-2.7108102,-2.7147403,-2.7167726,-2.7179391,-2.7213688,-2.7244742,-2.72753
90_real,-0.8158561,,,,,,-0.921154,,,,,,-1.2199033,,,,,,,,,,,,,-1.345827,,,,,,,,,,,,-1.374587,,,,,,,,,,,,,,,,,,,,,,,,,,,,,,,,
90_gen,-0.8158561,-0.81805915,-0.82077706,-0.821976,-0.8247865,-0.8238266,-0.8232409,-0.8275957,-0.83396083,-0.8355497,-0.83881587,-0.8412069,-0.8453387,-0.84736145,-0.84803706,-0.8525404,-0.85234225,-0.85368955,-0.8554168,-0.8567394,-0.85709935,-0.85988915,-0.86355865,-0.8662163,-0.8672658,-0.8705285,-0.87197113,-0.87277335,-0.8759867,-0.8777998,-0.88075954,-0.88220966,-0.8831031,-0.8853816,-0.8886856,-0.8872968,-0.8915324,-0.8925869,-0.8957306,-0.899438,-0.9030277,-0.9060912,-0.9069923,-0.9094362,-0.9093932,-0.9131721,-0.91598016,-0.91711223,-0.9186063,-0.9213747,-0.9280059,-0.92977726,-0.93108404,-0.93421066,-0.93841994,-0.9422513,-0.9420393,-0.94525826,-0.9475382,-0.9476846,-0.9475439,-0.94928867,-0.9500639,-0.95271003,-0.95455563,-0.9557543,-0.95859975,-0.95905334,-0.9634463,-0.96699685
91_real,-1.4060366,,,,,,-1.339268,,,,,,-1.333335,,,,,,,,,,,,,-1.5802836,,,,,,,,,,,,-1.259737,,,,,,,,,,,,,,,,,,,,,,,,,,,,,,,,
91_gen,-1.4060365,-1.4107096,-1.4142107,-1.4196632,-1.4224315,-1.4279753,-1.4314336,-1.4356111,-1.439157,-1.4463356,-1.4515103,-1.4563465,-1.4608351,-1.462339,-1.4662358,-1.4685683,-1.4744561,-1.4782326,-1.4820745,-1.4873846,-1.489615,-1.4935114,-1.4968932,-1.4991775,-1.5023352,-1.5048492,-1.5076097,-1.5114877,-1.5154244,-1.5186409,-1.5212094,-1.5270472,-1.528693,-1.5316361,-1.5341065,-1.5376985,-1.5393294,-1.5431647,-1.5489924,-1.5513872,-1.5556571,-1.5604875,-1.5629463,-1.5643214,-1.5685678,-1.5720376,-1.5759064,-1.5805728,-1.585464,-1.5897622,-1.5936682,-1.5984261,-1.6009958,-1.6040812,-1.6050684,-1.6096909,-1.6119165,-1.6150461,-1.6211678,-1.6269677,-1.6314945,-1.636192,-1.6414686,-1.6445544,-1.6490713,-1.6549327,-1.6608293,-1.6670805,-1.6701397,-1.6742656
92_real,-1.4341642,,,,,,-1.7590278,,,,,,-1.5852776,,,,,,,,,,,,,-2.007857,,,,,,,,,,,,-1.527367,,,,,,,,,,,,,,,,,,,,,,,,,,,,,,,,
92_gen,-1.4341642,-1.4397295,-1.446445,-1.4471831,-1.4541323,-1.4584777,-1.4619219,-1.4680706,-1.4734504,-1.4750087,-1.4787226,-1.4845239,-1.4882971,-1.4922148,-1.4939827,-1.4979725,-1.5022188,-1.5033405,-1.5086262,-1.5148098,-1.5173029,-1.5183125,-1.5250673,-1.5270424,-1.5308027,-1.5350153,-1.5359316,-1.5386723,-1.5441625,-1.5487139,-1.552342,-1.556688,-1.5589411,-1.5629699,-1.5675805,-1.5689176,-1.5718943,-1.5737944,-1.5800936,-1.5821658,-1.5822673,-1.5831515,-1.5882459,-1.5917581,-1.594446,-1.5953455,-1.6025375,-1.606734,-1.6135197,-1.6152217,-1.61742,-1.6183891,-1.6230147,-1.6284164,-1.6291872,-1.6331275,-1.6364282,-1.6398551,-1.6402016,-1.6447624,-1.6480634,-1.650309,-1.6527584,-1.6568286,-1.6626844,-1.6661383,-1.6688646,-1.6721108,-1.6774857,-1.681051
93_real,-1.452196,,,,,,-1.0707394,,,,,,-0.932134,,,,,,,,,,,,,-1.2763293,,,,,,,,,,,,-1.2118782,,,,,,,,,,,,,,,,,,,,,,,,,,,,,,,,
93_gen,-1.452196,-1.4610344,-1.4722189,-1.4807675,-1.488575,-1.4971806,-1.5053799,-1.5168747,-1.5244958,-1.5314832,-1.5406501,-1.5524894,-1.5614921,-1.5709517,-1.578615,-1.586268,-1.5944842,-1.6017128,-1.6079504,-1.6128492,-1.6176342,-1.6268221,-1.6324713,-1.6394974,-1.6465145,-1.6555088,-1.6621988,-1.6662457,-1.672129,-1.6809833,-1.6896309,-1.6969801,-1.7058834,-1.7154038,-1.7212299,-1.727511,-1.7332375,-1.7396492,-1.7465746,-1.7530129,-1.7602785,-1.7671025,-1.7755274,-1.7826208,-1.7888517,-1.7961937,-1.8050789,-1.8120912,-1.8175774,-1.8268137,-1.8342472,-1.8424212,-1.8502693,-1.8586514,-1.8677194,-1.8758957,-1.8829048,-1.8906338,-1.8972805,-1.9071872,-1.9148414,-1.9216917,-1.9302263,-1.937454,-1.9442203,-1.9548652,-1.9624974,-1.9706863,-1.9771607,-1.9837542
94_real,-1.1423972,,,,,,-1.2954742,,,,,,-1.1673187,,,,,,,,,,,,,-1.6789962,,,,,,,,,,,,-1.2194436,,,,,,,,,,,,,,,,,,,,,,,,,,,,,,,,
94_gen,-1.142397,-1.1531231,-1.1652663,-1.1721482,-1.1820185,-1.1907824,-1.1991574,-1.2090125,-1.2185376,-1.2257652,-1.232909,-1.2387432,-1.2484834,-1.2558305,-1.265795,-1.2742361,-1.2792926,-1.2879002,-1.2942865,-1.3018777,-1.3072534,-1.3117771,-1.319611,-1.3286282,-1.3341078,-1.3395692,-1.3448689,-1.3502756,-1.3582674,-1.3641807,-1.3719176,-1.3778377,-1.3841517,-1.3895862,-1.394395,-1.4035912,-1.4092325,-1.4176279,-1.4225519,-1.4299177,-1.4357761,-1.4431164,-1.4509289,-1.4575897,-1.4648447,-1.4733286,-1.478975,-1.486574,-1.4946636,-1.5038947,-1.5092732,-1.5189136,-1.5218986,-1.5303833,-1.5383352,-1.5464201,-1.5532588,-1.5607617,-1.5665039,-1.5716162,-1.5799668,-1.58477,-1.5919269,-1.6025423,-1.6085169,-1.6161394,-1.6243894,-1.6290205,-1.6370459,-1.6453537
95_real,0.6069205,,,,,,0.68932796,,,,,,0.74678147,,,,,,,,,,,,,1.001416,,,,,,,,,,,,0.7031843,,,,,,,,,,,,,,,,,,,,,,,,,,,,,,,,
95_gen,0.6069204,0.5956948,0.58329076,0.5702572,0.5615691,0.54710734,0.5326743,0.521372,0.50551134,0.48915395,0.478022,0.46900183,0.45522952,0.43911105,0.42935354,0.41539162,0.40702897,0.39895624,0.38219395,0.37198,0.36030418,0.34841198,0.3358552,0.32440403,0.31573546,0.30829638,0.30022165,0.29005525,0.27757776,0.26605076,0.25576615,0.24875164,0.23580036,0.2300932,0.22144596,0.21213894,0.19905171,0.18990092,0.18037803,0.16970345,0.15988378,0.14607601,0.13226095,0.1270894,0.117192075,0.11064333,0.09735796,0.08460287,0.078051284,0.063074306,0.05030521,0.041209485,0.031464558,0.018734006,0.008525041,-0.00016504824,-0.009081078,-0.018106708,-0.030143421,-0.042510454,-0.055845756,-0.069659196,-0.08074813,-0.08684511,-0.10144822,-0.118073866,-0.1304004,-0.14349,-0.14902708,-0.16251805
96_real,0.14110705,,,,,,0.84248966,,,,,,0.6142956,,,,,,,,,,,,,0.46065286,,,,,,,,,,,,0.6454917,,,,,,,,,,,,,,,,,,,,,,,,,,,,,,,,
96_gen,0.14110707,0.12738767,0.1149977,0.09937482,0.084333144,0.07200858,0.059696265,0.04569923,0.034170814,0.026888076,0.0161753,0.0055415025,-0.0031263381,-0.015940543,-0.026388234,-0.03643142,-0.046779342,-0.057824504,-0.07126569,-0.07941271,-0.092524,-0.1025569,-0.11357379,-0.1271565,-0.1335978,-0.1405338,-0.15137404,-0.16184315,-0.17213987,-0.18085599,-0.18924761,-0.200434,-0.21445248,-0.22178808,-0.23151617,-0.24340245,-0.25450566,-0.26097387,-0.27201268,-0.2845698,-0.29677138,-0.3075443,-0.32228312,-0.33355948,-0.3433896,-0.36146113,-0.37231967,-0.38087225,-0.3931346,-0.4062079,-0.41118345,-0.42292085,-0.43129763,-0.44813675,-0.45808625,-0.46928763,-0.48222503,-0.49751455,-0.5131257,-0.52492166,-0.5325708,-0.54293156,-0.55842614,-0.5702222,-0.5883245,-0.6013981,-0.6149434,-0.62562114,-0.6380471,-0.6522483
97_real,0.062318645,,,,,,0.098136164,,,,,,-0.020771254,,,,,,,,,,,,,-0.28756058,,,,,,,,,,,,-0.024877874,,,,,,,,,,,,,,,,,,,,,,,,,,,,,,,,
97_gen,0.062318645,0.05878759,0.052385032,0.045542214,0.038491245,0.034304388,0.025520984,0.016098708,0.011920275,0.0031727857,-0.0031066681,-0.0073456094,-0.011178719,-0.017214818,-0.021987032,-0.027038123,-0.031362183,-0.037832055,-0.044396423,-0.05161346,-0.05642532,-0.06140107,-0.06715694,-0.07233128,-0.07521479,-0.081163235,-0.088625975,-0.09170373,-0.09669816,-0.101902686,-0.10821271,-0.11386645,-0.11981924,-0.12555414,-0.1315076,-0.13528618,-0.14101066,-0.14525943,-0.1500751,-0.15640984,-0.16379212,-0.17159426,-0.17646751,-0.18498997,-0.18545781,-0.19136414,-0.1977371,-0.2052627,-0.21249151,-0.22007939,-0.22470768,-0.23112693,-0.23663275,-0.2398701,-0.24920838,-0.25750607,-0.26170304,-0.26704603,-0.27339715,-0.27965993,-0.28623658,-0.2891625,-0.29735523,-0.3016736,-0.31002203,-0.31463733,-0.32018465,-0.32571888,-0.3314747,-0.33746347
98_real,0.14839596,,,,,,-0.17712663,,,,,,-0.12871872,,,,,,,,,,,,,-0.15847668,,,,,,,,,,,,-0.2877864,,,,,,,,,,,,,,,,,,,,,,,,,,,,,,,,
98_gen,0.14839597,0.14144772,0.13833943,0.13169935,0.12417209,0.11551507,0.11213247,0.1063761,0.10180148,0.09768154,0.09260578,0.0860682,0.082960635,0.07912479,0.07275755,0.068340845,0.06144463,0.054091506,0.047751784,0.045206506,0.039591268,0.033885457,0.030851707,0.026437875,0.021099247,0.018201914,0.0105997855,0.0037786043,-0.0018019194,-0.0064569167,-0.010452235,-0.01662035,-0.023681665,-0.029599836,-0.03546991,-0.03784908,-0.04619856,-0.05001247,-0.05534319,-0.059923567,-0.067912735,-0.07282252,-0.07634474,-0.07928108,-0.08574208,-0.08877797,-0.09116331,-0.09579678,-0.099787906,-0.103462055,-0.10855701,-0.11612179,-0.12322964,-0.1288493,-0.13576801,-0.143446,-0.15047587,-0.15518698,-0.1588613,-0.16348675,-0.16803063,-0.1725043,-0.17775929,-0.18169235,-0.18744203,-0.19632228,-0.20404151,-0.20986144,-0.21479627,-0.21868534
99_real,0.3078276,,,,,,-0.49340838,,,,,,-0.49341127,,,,,,,,,,,,,0.16131562,,,,,,,,,,,,-0.44512942,,,,,,,,,,,,,,,,,,,,,,,,,,,,,,,,
99_gen,0.30782756,0.30652958,0.30347955,0.30154413,0.2988051,0.29326016,0.28911862,0.28646785,0.28388247,0.2798575,0.27714163,0.27189916,0.2675657,0.26148492,0.25492588,0.24893907,0.24408941,0.24150424,0.23386101,0.22763762,0.2222184,0.21691874,0.21415606,0.21046905,0.20665202,0.20429797,0.19951822,0.19489048,0.19084784,0.18520185,0.18171848,0.17765081,0.1729428,0.16953579,0.16055888,0.15495768,0.15140618,0.14513089,0.14118119,0.13905825,0.13168551,0.12474626,0.12029479,0.113415934,0.10946177,0.101575956,0.096843414,0.092481874,0.087488055,0.07955165,0.07248559,0.06789353,0.06449289,0.05987958,0.053892978,0.047957294,0.043906137,0.039370004,0.031067256,0.024389435,0.017839316,0.00843962,0.0032369383,-0.0017623461,-0.008011088,-0.015702069,-0.024098117,-0.032128267,-0.03851039,-0.042660058
100_real,0.10840907,,,,,,-0.8017787,,,,,,-0.58199733,,,,,,,,,,,,,-0.30836448,,,,,,,,,,,,-0.49409118,,,,,,,,,,,,,,,,,,,,,,,,,,,,,,,,
100_gen,0.10840906,0.103998974,0.097176634,0.09165643,0.09076533,0.086598024,0.08400072,0.07577189,0.07054137,0.06339612,0.05947886,0.056951426,0.05183389,0.04585185,0.0423173,0.037378155,0.029879492,0.024529481,0.02257355,0.016654251,0.011179325,0.009822828,0.007746375,0.002035354,-0.002644775,-0.008361825,-0.009208056,-0.014823723,-0.020473309,-0.022711473,-0.027540809,-0.033572175,-0.036571242,-0.043202214,-0.05059888,-0.057720173,-0.06480472,-0.06886421,-0.073404476,-0.075850144,-0.081192374,-0.08568321,-0.090034746,-0.094691075,-0.10118844,-0.106370315,-0.11385958,-0.119120136,-0.12542841,-0.13081738,-0.1358811,-0.14100428,-0.14633258,-0.15071163,-0.15286222,-0.15993753,-0.16608326,-0.16988727,-0.17512634,-0.18129137,-0.18715945,-0.19083467,-0.195679,-0.20107296,-0.20600578,-0.21191135,-0.21597724,-0.22199388,-0.22741377,-0.23556063
101_real,0.3486603,,,,,,-0.6556564,,,,,,-0.47254863,,,,,,,,,,,,,-0.26767543,,,,,,,,,,,,-0.41152072,,,,,,,,,,,,,,,,,,,,,,,,,,,,,,,,
101_gen,0.34866026,0.34024614,0.33505777,0.3269287,0.3190661,0.3106579,0.30008468,0.29627523,0.28988913,0.28094226,0.2769992,0.27068248,0.265536,0.25678343,0.24900994,0.24592718,0.24092695,0.23188177,0.22916038,0.22246349,0.21728489,0.21211751,0.20394878,0.19777967,0.19254608,0.18556035,0.18021162,0.17268017,0.1656631,0.16045839,0.15487121,0.150617,0.14539957,0.13758753,0.13428608,0.13003023,0.12366726,0.11642691,0.11265681,0.10732798,0.10255245,0.096443094,0.08891805,0.08397016,0.07921097,0.07558202,0.06873216,0.06097009,0.05778435,0.051791172,0.043423515,0.04025697,0.030081552,0.024172794,0.017508265,0.0134211425,0.007034073,0.0026772886,-0.0056545907,-0.011768962,-0.01493336,-0.022101127,-0.030208554,-0.034378264,-0.041368082,-0.046878666,-0.052125264,-0.05860255,-0.061488014,-0.06809969
102_real,-0.34502968,,,,,,-0.46696174,,,,,,-0.8519514,,,,,,,,,,,,,-0.3871459,,,,,,,,,,,,-0.6002386,,,,,,,,,,,,,,,,,,,,,,,,,,,,,,,,
102_gen,-0.34502965,-0.3535862,-0.36221975,-0.37201387,-0.379824,-0.3870301,-0.39414018,-0.40354037,-0.40955177,-0.41724595,-0.4287115,-0.43847713,-0.4465027,-0.4559532,-0.46228975,-0.46853513,-0.47655457,-0.48580799,-0.49396485,-0.5013242,-0.5051463,-0.5109276,-0.51771134,-0.52439773,-0.5309701,-0.5373558,-0.5474795,-0.5540468,-0.5595015,-0.5659418,-0.5722374,-0.57854044,-0.5832825,-0.5916881,-0.5991038,-0.60637605,-0.6109259,-0.6141545,-0.6209876,-0.6252675,-0.63112545,-0.6369053,-0.645641,-0.6510029,-0.6550187,-0.6614355,-0.67002165,-0.676433,-0.6845478,-0.68940365,-0.6961361,-0.7036221,-0.71358776,-0.7206796,-0.72452796,-0.7318244,-0.7431835,-0.74862134,-0.7554791,-0.7630311,-0.7710855,-0.77988505,-0.7860386,-0.79556066,-0.80473024,-0.8121688,-0.8197859,-0.82927006,-0.83469486,-0.84109247
103_real,0.38168287,,,,,,0.010131842,,,,,,-0.068642974,,,,,,,,,,,,,-0.0020088684,,,,,,,,,,,,0.049005195,,,,,,,,,,,,,,,,,,,,,,,,,,,,,,,,
103_gen,0.38168287,0.3765299,0.37113032,0.36383265,0.35473686,0.34679276,0.34050637,0.3312698,0.32499403,0.31820908,0.31258863,0.30648518,0.2991025,0.29564184,0.2901666,0.2826639,0.2769869,0.27235025,0.26807645,0.2594343,0.25098217,0.24418285,0.23887463,0.23205745,0.2266391,0.22021225,0.21260023,0.20505753,0.19541377,0.18837145,0.18192586,0.17535159,0.16880992,0.16465822,0.15521303,0.15182345,0.14630213,0.14057027,0.13454092,0.12813336,0.11955063,0.11170061,0.10583241,0.100139126,0.093582764,0.08740596,0.081430055,0.076546304,0.068722725,0.060967445,0.0532897,0.04401697,0.03692458,0.030485991,0.020798935,0.01329204,0.007957974,0.00023069214,-0.00711011,-0.0143162515,-0.02067621,-0.02525847,-0.030446162,-0.039457835,-0.046147637,-0.052799165,-0.059470784,-0.065191984,-0.071370214,-0.0767
104_real,-1.0765892,,,,,,-1.6196896,,,,,,-1.4277104,,,,,,,,,,,,,-1.2507808,,,,,,,,,,,,-1.6318517,,,,,,,,,,,,,,,,,,,,,,,,,,,,,,,,
104_gen,-1.0765893,-1.0857574,-1.0932028,-1.0982358,-1.1036233,-1.1106575,-1.1173389,-1.1231678,-1.1305015,-1.1348972,-1.143496,-1.1507928,-1.1567341,-1.1653366,-1.1718047,-1.1793664,-1.1872647,-1.1950352,-1.202187,-1.2091436,-1.215563,-1.2228197,-1.229146,-1.2368417,-1.2402017,-1.246184,-1.2544034,-1.2605215,-1.2667615,-1.2740834,-1.2789392,-1.2823005,-1.2863986,-1.2907585,-1.2983301,-1.3056915,-1.3124137,-1.3215945,-1.3279023,-1.3333312,-1.3424733,-1.3519186,-1.3578181,-1.365999,-1.3767453,-1.3873646,-1.3917241,-1.3983321,-1.4038097,-1.4102333,-1.4171065,-1.4249499,-1.431492,-1.4414176,-1.447909,-1.4572675,-1.465662,-1.4704632,-1.4774687,-1.4822963,-1.4900628,-1.4995599,-1.5082814,-1.5144831,-1.5247729,-1.5316951,-1.5392455,-1.545656,-1.5541905,-1.5621508
105_real,-1.1426983,,,,,,-1.3884588,,,,,,-1.4459265,,,,,,,,,,,,,-1.2110499,,,,,,,,,,,,-1.4877274,,,,,,,,,,,,,,,,,,,,,,,,,,,,,,,,
105_gen,-1.1426983,-1.1519798,-1.156295,-1.1640031,-1.1725643,-1.1800412,-1.1851782,-1.1902434,-1.1986926,-1.207728,-1.2146795,-1.2204808,-1.2285948,-1.2336574,-1.2403218,-1.2467703,-1.2541096,-1.2602142,-1.2654856,-1.271373,-1.2773564,-1.2826128,-1.287023,-1.292371,-1.299255,-1.304707,-1.3110389,-1.316715,-1.3226675,-1.3268087,-1.3305796,-1.3383881,-1.3452446,-1.3518026,-1.3597147,-1.3660393,-1.3751767,-1.3821465,-1.3893318,-1.3938794,-1.4006729,-1.4072618,-1.4152794,-1.4210714,-1.4264175,-1.433126,-1.4395195,-1.4449646,-1.4525089,-1.4600043,-1.4658839,-1.4712534,-1.4811538,-1.489422,-1.4975624,-1.5028739,-1.5107996,-1.5148082,-1.5193752,-1.5251524,-1.5324217,-1.537729,-1.5460231,-1.5553621,-1.5638988,-1.5702803,-1.577832,-1.5865576,-1.5924075,-1.5997249
106_real,-0.07872485,,,,,,0.43582124,,,,,,0.33593225,,,,,,,,,,,,,-0.2279493,,,,,,,,,,,,0.5726451,,,,,,,,,,,,,,,,,,,,,,,,,,,,,,,,
106_gen,-0.07872485,-0.08650701,-0.09444533,-0.10069001,-0.10721252,-0.1144755,-0.120047905,-0.12769075,-0.1338171,-0.14049657,-0.14533553,-0.1510582,-0.15757959,-0.1634145,-0.16859631,-0.17268057,-0.17860685,-0.18421236,-0.18937905,-0.19320506,-0.19944957,-0.20660229,-0.2119854,-0.21858653,-0.22339873,-0.22890314,-0.2334121,-0.23568606,-0.23948494,-0.24583304,-0.2515714,-0.25524747,-0.26011086,-0.2660269,-0.26957986,-0.27389073,-0.2775131,-0.2803461,-0.28625256,-0.29127604,-0.29785544,-0.3031032,-0.3062306,-0.31043845,-0.3170669,-0.32190973,-0.32824656,-0.33328906,-0.33977923,-0.3457119,-0.35269105,-0.35772666,-0.36306077,-0.3680731,-0.37349668,-0.3800159,-0.38423645,-0.389592,-0.3957656,-0.40177482,-0.40776023,-0.4137938,-0.4187395,-0.4244081,-0.42943245,-0.434651,-0.4388252,-0.44385472,-0.44837484,-0.45282236
107_real,0.8502911,,,,,,0.6760295,,,,,,0.6222167,,,,,,,,,,,,,0.1593104,,,,,,,,,,,,0.8342664,,,,,,,,,,,,,,,,,,,,,,,,,,,,,,,,
107_gen,0.85029113,0.8372735,0.8279017,0.81866425,0.81125087,0.80311024,0.79318744,0.7814127,0.7720617,0.76090103,0.75211227,0.74206173,0.7336159,0.7245342,0.7145158,0.7100383,0.7024281,0.69244826,0.6842589,0.67464864,0.667657,0.65852934,0.64979345,0.6387118,0.6292657,0.61839163,0.60897964,0.6005842,0.59132123,0.5822905,0.57381356,0.5650886,0.5574962,0.5501286,0.54259443,0.5345521,0.5256237,0.5150906,0.50667703,0.49782592,0.48836207,0.4799385,0.4729839,0.4615313,0.45298108,0.44499207,0.4360977,0.42789444,0.4189168,0.40897173,0.40109777,0.39172158,0.3815596,0.37171635,0.36352333,0.35481873,0.3441968,0.33606237,0.3276567,0.31745905,0.30925524,0.2984658,0.2905008,0.2813992,0.2761704,0.26492545,0.25534385,0.24702883,0.23889896,0.2273831
108_real,-1.5113028,,,,,,-1.4496771,,,,,,-1.5064069,,,,,,,,,,,,,-1.5333425,,,,,,,,,,,,-1.4690493,,,,,,,,,,,,,,,,,,,,,,,,,,,,,,,,
108_gen,-1.5113028,-1.519139,-1.5279074,-1.5375286,-1.5463665,-1.5582002,-1.5687159,-1.578355,-1.5874712,-1.5976048,-1.6087849,-1.6164163,-1.6259527,-1.6337706,-1.6407433,-1.6490866,-1.6570742,-1.6656078,-1.6730055,-1.6829655,-1.692539,-1.7015696,-1.7117853,-1.7199132,-1.7293615,-1.7373724,-1.7456805,-1.7525002,-1.7595917,-1.7668918,-1.7747018,-1.7829304,-1.7910782,-1.8043501,-1.8127518,-1.8211181,-1.8303993,-1.836956,-1.8435199,-1.8503292,-1.8594658,-1.8666347,-1.875192,-1.8839277,-1.8921732,-1.9010394,-1.91084,-1.9194393,-1.9257654,-1.9366581,-1.9423654,-1.9509112,-1.9602352,-1.970656,-1.9803053,-1.9905615,-1.9987408,-2.0094168,-2.0197177,-2.0311973,-2.0404239,-2.049708,-2.0592163,-2.068271,-2.0774853,-2.0862155,-2.0944235,-2.1029992,-2.1112003,-2.1233037
109_real,0.18184642,,,,,,0.23654066,,,,,,0.2279771,,,,,,,,,,,,,0.10694179,,,,,,,,,,,,0.35305363,,,,,,,,,,,,,,,,,,,,,,,,,,,,,,,,
109_gen,0.18184641,0.17568408,0.16812608,0.15761714,0.1478961,0.13771114,0.12714913,0.120291725,0.109725714,0.09801294,0.08747398,0.080486126,0.076915994,0.06326795,0.05517792,0.04613474,0.0372808,0.030656595,0.024269328,0.0153279845,0.0074367374,0.0002623208,-0.010301493,-0.020243034,-0.03116639,-0.043514553,-0.056796856,-0.06634402,-0.076650165,-0.08382771,-0.093609944,-0.10573506,-0.11468075,-0.11996865,-0.12751716,-0.13226368,-0.14073579,-0.14984861,-0.15827093,-0.16920361,-0.17968014,-0.19009152,-0.2041338,-0.21124628,-0.22133152,-0.2339559,-0.24103788,-0.2510572,-0.26079535,-0.2723781,-0.28094226,-0.28570482,-0.2943489,-0.3058488,-0.31556636,-0.32598433,-0.33709222,-0.3525564,-0.3591995,-0.36652458,-0.37570065,-0.38763273,-0.3956716,-0.40438446,-0.41025382,-0.42052236,-0.43358177,-0.44526607,-0.45437282,-0.4638289
110_real,0.24184173,,,,,,0.088216476,,,,,,0.14651707,,,,,,,,,,,,,-0.02350972,,,,,,,,,,,,0.3247713,,,,,,,,,,,,,,,,,,,,,,,,,,,,,,,,
110_gen,0.24184176,0.23290975,0.22003965,0.2163032,0.20782778,0.2020069,0.18996432,0.17864569,0.1691442,0.15469417,0.14377597,0.13380432,0.120114066,0.11428366,0.10340221,0.09266573,0.08141172,0.072518274,0.06570033,0.055331253,0.045972057,0.035843976,0.028380334,0.021436516,0.011242594,0.0027582047,-0.00332363,-0.013754608,-0.02371957,-0.038538057,-0.046132673,-0.05519712,-0.06389091,-0.070392564,-0.08046715,-0.08859203,-0.094782524,-0.09887469,-0.11147462,-0.12164907,-0.12619902,-0.13880259,-0.1480031,-0.16272992,-0.17443411,-0.18413052,-0.19000308,-0.19940832,-0.20712319,-0.2164034,-0.22974217,-0.24020405,-0.24829225,-0.26307663,-0.27127942,-0.2800764,-0.2913097,-0.3049709,-0.3182568,-0.32548216,-0.33510143,-0.34595758,-0.35659006,-0.36908346,-0.37971598,-0.38911143,-0.4004907,-0.4136983,-0.42350417,-0.4363945
111_real,0.14250848,,,,,,-0.14280364,,,,,,-0.06557251,,,,,,,,,,,,,0.10319758,,,,,,,,,,,,-0.053387847,,,,,,,,,,,,,,,,,,,,,,,,,,,,,,,,
111_gen,0.14250849,0.12760551,0.11001644,0.09470979,0.084366634,0.07011995,0.055473745,0.041483987,0.02820363,0.018589113,0.0074687386,-0.0020869363,-0.014611997,-0.02577116,-0.03484104,-0.04530384,-0.05742227,-0.0688135,-0.08149624,-0.09320217,-0.10410778,-0.11626805,-0.12561111,-0.13515006,-0.14600842,-0.15585683,-0.16819298,-0.17825428,-0.18768428,-0.19937569,-0.20949845,-0.21813305,-0.22836688,-0.24153562,-0.2529741,-0.26155892,-0.2707321,-0.2800789,-0.29117948,-0.3051514,-0.31617948,-0.32924953,-0.34040645,-0.35087234,-0.3644781,-0.37625456,-0.38666612,-0.398164,-0.4094519,-0.42154637,-0.43052053,-0.44010568,-0.45109898,-0.4595634,-0.46914896,-0.48071885,-0.4913167,-0.5026144,-0.51287496,-0.5236264,-0.5339378,-0.54443806,-0.55414003,-0.5674163,-0.58013403,-0.5918481,-0.60147524,-0.6137818,-0.6233638,-0.63772786
112_real,0.054987058,,,,,,-0.31120956,,,,,,-0.3493739,,,,,,,,,,,,,-0.09215081,,,,,,,,,,,,-0.22642133,,,,,,,,,,,,,,,,,,,,,,,,,,,,,,,,
112_gen,0.054987065,0.04049369,0.025034687,0.01243774,0.0009295119,-0.015602356,-0.028131545,-0.043376632,-0.053150367,-0.06430113,-0.07863763,-0.08864691,-0.10402568,-0.1157739,-0.12884769,-0.14049724,-0.15148918,-0.16318361,-0.17511907,-0.18337968,-0.19725944,-0.20667222,-0.21633181,-0.22964776,-0.24004194,-0.25235,-0.26408297,-0.27447122,-0.28503302,-0.2975932,-0.308998,-0.32061276,-0.332165,-0.3427075,-0.35303006,-0.36243102,-0.37119687,-0.38463005,-0.39689967,-0.40761122,-0.4183713,-0.42901045,-0.4405653,-0.44845042,-0.45745212,-0.46816844,-0.47938842,-0.4917275,-0.50522465,-0.5176071,-0.5329887,-0.54350746,-0.55396426,-0.567049,-0.5767813,-0.5897204,-0.6025722,-0.61621004,-0.6291362,-0.64255565,-0.65764135,-0.66957796,-0.6802355,-0.69582164,-0.7128448,-0.7257104,-0.7386838,-0.75291955,-0.7663139,-0.78067076
113_real,-0.92297363,,,,,,-0.9103315,,,,,,-0.94069904,,,,,,,,,,,,,-0.8308366,,,,,,,,,,,,-0.9238284,,,,,,,,,,,,,,,,,,,,,,,,,,,,,,,,
113_gen,-0.92297363,-0.92630404,-0.93515813,-0.9411132,-0.94659823,-0.95200616,-0.9590939,-0.962191,-0.9657588,-0.9727033,-0.9808715,-0.9870232,-0.9934634,-0.999455,-1.0063835,-1.014795,-1.0210812,-1.0242968,-1.0278155,-1.0345459,-1.0410831,-1.047028,-1.053114,-1.0587335,-1.0640684,-1.0720692,-1.0781881,-1.0817745,-1.0885109,-1.0924165,-1.0984848,-1.1071709,-1.1137733,-1.1221416,-1.1269743,-1.1336858,-1.1403131,-1.1461377,-1.1536158,-1.1625515,-1.1700928,-1.1765577,-1.1800009,-1.1857513,-1.1929975,-1.1984608,-1.2039254,-1.2105986,-1.2171662,-1.2231436,-1.2296816,-1.2391574,-1.2467483,-1.2536513,-1.258353,-1.2642338,-1.2683572,-1.2731642,-1.2764403,-1.2809298,-1.2835084,-1.2910569,-1.2983277,-1.3068612,-1.3123674,-1.3219379,-1.3305843,-1.3364751,-1.3390961,-1.3447821
114_real,-0.8340483,,,,,,-0.86393386,,,,,,-0.8918649,,,,,,,,,,,,,-0.7923381,,,,,,,,,,,,-0.86568,,,,,,,,,,,,,,,,,,,,,,,,,,,,,,,,
114_gen,-0.8340483,-0.84840727,-0.85980046,-0.87069005,-0.881172,-0.8857521,-0.89499503,-0.9057023,-0.91639316,-0.92989844,-0.93683004,-0.94370776,-0.9509848,-0.96205556,-0.9756945,-0.9821393,-0.9893721,-0.9971283,-1.0017235,-1.0085323,-1.0168794,-1.0240724,-1.0315206,-1.0371747,-1.0446708,-1.0498102,-1.0555465,-1.0636317,-1.0675504,-1.0722382,-1.0834508,-1.0911043,-1.1004893,-1.1064624,-1.1155908,-1.1247183,-1.1341056,-1.1392912,-1.1499993,-1.1591965,-1.1665522,-1.1745704,-1.1803176,-1.1868421,-1.1954542,-1.2019032,-1.2092468,-1.2145867,-1.2200739,-1.2263407,-1.2321111,-1.2359334,-1.2413995,-1.2478402,-1.2560717,-1.2601637,-1.2698355,-1.2737777,-1.2827002,-1.2871853,-1.2936776,-1.3029574,-1.3102565,-1.3166138,-1.3245327,-1.3282174,-1.335468,-1.3453397,-1.3524828,-1.36241
115_real,-1.2427986,,,,,,-1.2431997,,,,,,-1.2843685,,,,,,,,,,,,,-1.2304957,,,,,,,,,,,,-1.2656201,,,,,,,,,,,,,,,,,,,,,,,,,,,,,,,,
115_gen,-1.2427987,-1.252793,-1.2602193,-1.2669084,-1.2706532,-1.2707049,-1.2764428,-1.2866963,-1.2969772,-1.2995309,-1.309134,-1.3170953,-1.3234389,-1.3316511,-1.3362343,-1.3399975,-1.3426254,-1.3467549,-1.3486468,-1.3517234,-1.3586913,-1.3640337,-1.3705,-1.3726126,-1.3763613,-1.3800324,-1.3876657,-1.3943808,-1.3939724,-1.3990355,-1.404249,-1.4135349,-1.4180453,-1.4246837,-1.433972,-1.4413515,-1.4476985,-1.4524944,-1.4596931,-1.4632169,-1.4669683,-1.4726641,-1.4779618,-1.4821608,-1.4862472,-1.4909066,-1.4965405,-1.5016675,-1.5082513,-1.5110972,-1.5175165,-1.5229388,-1.523237,-1.528887,-1.5322988,-1.5357199,-1.5409057,-1.5466343,-1.5539606,-1.5600853,-1.5621955,-1.5690831,-1.572772,-1.5765365,-1.5808008,-1.588266,-1.5950857,-1.5989203,-1.6075051,-1.6130002
116_real,-1.1905817,,,,,,-1.2025994,,,,,,-1.236421,,,,,,,,,,,,,-1.1864514,,,,,,,,,,,,-1.2189798,,,,,,,,,,,,,,,,,,,,,,,,,,,,,,,,
116_gen,-1.1905816,-1.2051384,-1.2115887,-1.2227914,-1.2356476,-1.2468634,-1.2512056,-1.2605536,-1.2676085,-1.2732975,-1.2774812,-1.2829669,-1.2875932,-1.2956301,-1.2991599,-1.2996387,-1.3039458,-1.3131455,-1.3218356,-1.3299396,-1.3321947,-1.3341243,-1.334605,-1.3421313,-1.3466021,-1.350957,-1.3582271,-1.3582001,-1.3663628,-1.3704075,-1.3793174,-1.3811109,-1.3870394,-1.3922617,-1.4054557,-1.4100791,-1.4160712,-1.424114,-1.432705,-1.4393954,-1.4469206,-1.4485304,-1.4536928,-1.4633982,-1.4658079,-1.4697775,-1.477685,-1.4868664,-1.4968705,-1.5044578,-1.509727,-1.5182315,-1.5219405,-1.526673,-1.5346401,-1.5446644,-1.549994,-1.5540109,-1.5595435,-1.563421,-1.574024,-1.5830195,-1.5910083,-1.5998371,-1.6098671,-1.6158736,-1.6239815,-1.6309144,-1.635503,-1.6457189
117_real,-0.782959,,,,,,-1.3545285,,,,,,-1.3046123,,,,,,,,,,,,,-1.3154366,,,,,,,,,,,,-1.3919823,,,,,,,,,,,,,,,,,,,,,,,,,,,,,,,,
117_gen,-0.782959,-0.7874428,-0.7915045,-0.7989256,-0.8052801,-0.8135832,-0.82091844,-0.82749355,-0.8303177,-0.8373771,-0.8438314,-0.84794044,-0.8534335,-0.8607748,-0.8640515,-0.8716296,-0.87700146,-0.8830222,-0.8905417,-0.8965953,-0.90214145,-0.90707266,-0.9141461,-0.9189746,-0.9212928,-0.92751133,-0.93039906,-0.9355014,-0.9434439,-0.9474354,-0.95128995,-0.9593155,-0.966757,-0.9756956,-0.98327196,-0.9879592,-0.99311197,-0.9989673,-1.004288,-1.0114753,-1.0164527,-1.0222894,-1.0281267,-1.0349667,-1.0408735,-1.046488,-1.0505126,-1.0560442,-1.0607064,-1.0653169,-1.0735079,-1.0786417,-1.0853761,-1.0911685,-1.0966175,-1.1039178,-1.1105872,-1.1175151,-1.1256169,-1.1327161,-1.1376653,-1.1419605,-1.1490718,-1.1560141,-1.1625757,-1.1686252,-1.1726755,-1.1802194,-1.1865314,-1.1926335
118_real,-1.2734554,,,,,,-1.5994617,,,,,,-1.1779578,,,,,,,,,,,,,-1.3360075,,,,,,,,,,,,-1.4162108,,,,,,,,,,,,,,,,,,,,,,,,,,,,,,,,
118_gen,-1.2734555,-1.2788442,-1.2853104,-1.2912767,-1.2973906,-1.3014172,-1.3051715,-1.30957,-1.3167104,-1.323534,-1.3282859,-1.3346449,-1.3419108,-1.3481518,-1.3539052,-1.3594745,-1.367424,-1.3737688,-1.3800865,-1.3861,-1.392345,-1.3967799,-1.4019475,-1.409689,-1.4164668,-1.424189,-1.4277517,-1.435875,-1.4406769,-1.4454732,-1.4519342,-1.4566104,-1.4625238,-1.4702046,-1.4778078,-1.4807875,-1.4894508,-1.4931127,-1.4977736,-1.5024416,-1.5083783,-1.5154324,-1.5201116,-1.5273011,-1.5334088,-1.5385866,-1.5450939,-1.551511,-1.5586611,-1.5655419,-1.5710207,-1.5774937,-1.5863192,-1.5910531,-1.6000786,-1.6048807,-1.6109995,-1.6175888,-1.6231356,-1.6302073,-1.637007,-1.6410509,-1.6494505,-1.6567242,-1.6635889,-1.6700426,-1.6767601,-1.6853234,-1.6936098,-1.7009909
119_real,-1.4560903,,,,,,-1.7468598,,,,,,-1.800393,,,,,,,,,,,,,-1.6362642,,,,,,,,,,,,-1.6554273,,,,,,,,,,,,,,,,,,,,,,,,,,,,,,,,
119_gen,-1.4560902,-1.4662945,-1.477399,-1.4863542,-1.4966633,-1.5085218,-1.5200926,-1.5324793,-1.5475916,-1.5553616,-1.5670726,-1.5756941,-1.5821499,-1.5903969,-1.5979532,-1.606787,-1.6129307,-1.6172035,-1.6246353,-1.6317403,-1.6381623,-1.6456858,-1.6531032,-1.6598623,-1.6666867,-1.6726326,-1.6801119,-1.6869376,-1.692558,-1.7024361,-1.7078569,-1.716415,-1.7227951,-1.7327493,-1.7400738,-1.747027,-1.755408,-1.7621708,-1.7702879,-1.7741677,-1.7800974,-1.7878542,-1.7977247,-1.8066177,-1.8151228,-1.8233082,-1.8306038,-1.8380334,-1.8442825,-1.8519096,-1.860349,-1.8648014,-1.8705584,-1.8767347,-1.8842316,-1.88849,-1.8970959,-1.9031417,-1.9118545,-1.9213794,-1.9290822,-1.936855,-1.945215,-1.9533014,-1.9610281,-1.9699703,-1.9790504,-1.9846175,-1.9875777,-1.9947783
120_real,-1.3573174,,,,,,-1.5989723,,,,,,-1.7041471,,,,,,,,,,,,,-1.5717081,,,,,,,,,,,,-1.638425,,,,,,,,,,,,,,,,,,,,,,,,,,,,,,,,
120_gen,-1.3573173,-1.3685215,-1.3829045,-1.3956325,-1.406874,-1.4199195,-1.4284086,-1.4399467,-1.449814,-1.4619147,-1.4694519,-1.4822379,-1.491469,-1.5030262,-1.5107914,-1.5202901,-1.5280278,-1.5369577,-1.5444483,-1.5537151,-1.5623986,-1.5713599,-1.5843322,-1.5966095,-1.6070179,-1.61619,-1.6244459,-1.6298977,-1.6377771,-1.6447039,-1.6514994,-1.6632645,-1.6752411,-1.6854141,-1.6968359,-1.7047002,-1.7181942,-1.7250916,-1.7348274,-1.7482935,-1.7616822,-1.7721981,-1.7829244,-1.7887242,-1.7992735,-1.8074448,-1.8176339,-1.8294585,-1.8382127,-1.8477895,-1.8553063,-1.8660342,-1.8771985,-1.8852848,-1.8970706,-1.9093692,-1.9201066,-1.9323658,-1.9437342,-1.9551378,-1.9648536,-1.9787838,-1.9892194,-2.000732,-2.0092945,-2.023412,-2.0338788,-2.0455136,-2.057826,-2.0684807
121_real,-0.07049225,,,,,,-0.61324966,,,,,,-0.59089595,,,,,,,,,,,,,-0.3842441,,,,,,,,,,,,-0.62370306,,,,,,,,,,,,,,,,,,,,,,,,,,,,,,,,
121_gen,-0.07049226,-0.073455594,-0.07494893,-0.08275402,-0.08972673,-0.098032504,-0.10251109,-0.10774933,-0.114054784,-0.12001063,-0.12398209,-0.12823819,-0.13473968,-0.1386189,-0.14524701,-0.1498786,-0.15388045,-0.16187665,-0.16442925,-0.17239408,-0.17749251,-0.18385115,-0.1887969,-0.19598195,-0.20231399,-0.20783551,-0.21476488,-0.21915343,-0.226618,-0.23179483,-0.23961022,-0.24567719,-0.25138226,-0.2583114,-0.26328048,-0.27228755,-0.2789407,-0.28539833,-0.2933057,-0.29990354,-0.30367315,-0.3131601,-0.31694236,-0.3180496,-0.32177383,-0.3278305,-0.33027712,-0.33646846,-0.34455234,-0.35022578,-0.35724607,-0.36491746,-0.3679269,-0.3723274,-0.37829256,-0.38702494,-0.3941366,-0.3986185,-0.40461192,-0.40842646,-0.41444558,-0.4203535,-0.42699376,-0.43191308,-0.43920404,-0.44583273,-0.44994077,-0.45692998,-0.46431,-0.4682127
122_real,-0.27800506,,,,,,-0.60395336,,,,,,-0.57458335,,,,,,,,,,,,,-0.36991426,,,,,,,,,,,,-0.5584408,,,,,,,,,,,,,,,,,,,,,,,,,,,,,,,,
122_gen,-0.2780051,-0.29521292,-0.304918,-0.31661537,-0.3288086,-0.33915305,-0.34670168,-0.3599746,-0.37268052,-0.38051873,-0.39251035,-0.40180176,-0.4140214,-0.42056108,-0.43183547,-0.4375503,-0.45234275,-0.45977157,-0.473738,-0.48283464,-0.49210095,-0.5028912,-0.5094399,-0.51375633,-0.5245028,-0.53328395,-0.5393018,-0.54770434,-0.5573874,-0.56540257,-0.5701326,-0.57849216,-0.5842465,-0.59528714,-0.60286844,-0.6099591,-0.6190711,-0.62650764,-0.635904,-0.6417284,-0.6530922,-0.6584461,-0.66714776,-0.6737286,-0.6801839,-0.6835782,-0.69529474,-0.7065266,-0.7134254,-0.7191554,-0.7216496,-0.7310897,-0.7406837,-0.7473277,-0.753959,-0.7610725,-0.77242523,-0.78384686,-0.7934743,-0.80154276,-0.8004422,-0.80944717,-0.8202798,-0.82906663,-0.84128094,-0.8490241,-0.85859287,-0.86653024,-0.874777,-0.8798593
123_real,-0.6004393,,,,,,-0.49603766,,,,,,-0.60774344,,,,,,,,,,,,,-0.63885874,,,,,,,,,,,,-0.82336503,,,,,,,,,,,,,,,,,,,,,,,,,,,,,,,,
123_gen,-0.60043925,-0.6082028,-0.617298,-0.62429035,-0.63735723,-0.6438352,-0.653721,-0.6638332,-0.67380154,-0.6812107,-0.68825054,-0.6978345,-0.7068848,-0.7128369,-0.7205874,-0.72987753,-0.73845804,-0.74541605,-0.7510788,-0.760307,-0.768061,-0.7752206,-0.7835175,-0.7897052,-0.7997524,-0.8049862,-0.81187266,-0.81996,-0.8250229,-0.8339241,-0.8411542,-0.84522456,-0.8530208,-0.85842687,-0.86760557,-0.8738493,-0.88037074,-0.8885439,-0.89544725,-0.9044838,-0.908593,-0.91551226,-0.9251505,-0.9304417,-0.93752813,-0.94521445,-0.9535513,-0.95971984,-0.9679572,-0.97444403,-0.98310566,-0.9935969,-1.0024655,-1.0115132,-1.0158002,-1.0212393,-1.027866,-1.0336843,-1.0384166,-1.0468322,-1.0547594,-1.0624135,-1.0694689,-1.0749683,-1.0823991,-1.0893883,-1.097068,-1.1035593,-1.1093457,-1.1160222
124_real,-0.5886582,,,,,,-0.6541371,,,,,,-0.797898,,,,,,,,,,,,,-0.6112155,,,,,,,,,,,,-0.4434815,,,,,,,,,,,,,,,,,,,,,,,,,,,,,,,,
124_gen,-0.5886583,-0.60217446,-0.6147209,-0.6229659,-0.6351384,-0.6462009,-0.6573864,-0.6680311,-0.67624605,-0.6839981,-0.6945547,-0.70412564,-0.71118885,-0.7203485,-0.7298634,-0.73914075,-0.7468613,-0.7548033,-0.7614327,-0.7714769,-0.78103685,-0.79042244,-0.7963296,-0.80409,-0.8107128,-0.819709,-0.82703817,-0.8352083,-0.84347314,-0.8534187,-0.8627412,-0.8727477,-0.88034976,-0.88715065,-0.89268494,-0.8994688,-0.90738535,-0.9154793,-0.9247724,-0.93243897,-0.9408649,-0.95004404,-0.96009743,-0.96909076,-0.9784955,-0.9878088,-0.9951371,-1.001511,-1.0098577,-1.0203336,-1.0291919,-1.0374435,-1.0452458,-1.0527066,-1.0633842,-1.0724759,-1.0803908,-1.0866926,-1.0939219,-1.1029387,-1.1099405,-1.1173165,-1.1270229,-1.136487,-1.1418753,-1.1511853,-1.1609776,-1.1691881,-1.1751854,-1.1848085
125_real,1.6622235,,,,,,0.89031625,,,,,,1.0610172,,,,,,,,,,,,,0.9405037,,,,,,,,,,,,1.0493653,,,,,,,,,,,,,,,,,,,,,,,,,,,,,,,,
125_gen,1.6622236,1.6568365,1.6524956,1.6470864,1.6441596,1.6432244,1.6424366,1.6398004,1.6371043,1.6337464,1.6312191,1.6310135,1.6268749,1.6235542,1.6185691,1.6109298,1.609533,1.6058204,1.6044176,1.5997599,1.5939014,1.591928,1.5879539,1.5792673,1.5740783,1.5696247,1.5642099,1.5604169,1.5581,1.553266,1.5491295,1.5492132,1.5463481,1.5435102,1.5396821,1.535437,1.5345814,1.528259,1.522017,1.5150249,1.5128233,1.508779,1.5036011,1.5005175,1.4975226,1.4925369,1.4878137,1.4850332,1.4823232,1.4748764,1.469693,1.4679667,1.4596944,1.4537017,1.451783,1.4512756,1.4477532,1.4433275,1.439017,1.4350216,1.4309686,1.4277747,1.4205592,1.4147509,1.4105402,1.4026531,1.3990273,1.3933568,1.3880196,1.3855444
126_real,0.73911935,,,,,,0.09703139,,,,,,0.07345059,,,,,,,,,,,,,0.041691247,,,,,,,,,,,,0.2502583,,,,,,,,,,,,,,,,,,,,,,,,,,,,,,,,
126_gen,0.7391194,0.73152566,0.72535926,0.7206277,0.7155217,0.711872,0.7049948,0.7004922,0.6952767,0.6886402,0.6826234,0.6791768,0.67799056,0.6732777,0.6700663,0.66679204,0.66558945,0.66059005,0.6558909,0.6522151,0.64768875,0.6458241,0.64284664,0.6380733,0.63227177,0.62882286,0.6257278,0.620842,0.6173386,0.6143223,0.6107949,0.60869956,0.6048652,0.60330164,0.60195655,0.597707,0.59613776,0.59496266,0.5914322,0.58835113,0.5861868,0.58218765,0.5766353,0.57061607,0.5619338,0.5593568,0.55650526,0.55400044,0.55089754,0.5476423,0.542583,0.5374667,0.53377163,0.5297614,0.5258361,0.52107394,0.51582277,0.51257557,0.50700617,0.5032679,0.49789548,0.49234462,0.48784837,0.4835945,0.478,0.4746055,0.46968427,0.4654104,0.46014887,0.45693117
127_real,0.39484984,,,,,,-0.10035306,,,,,,-0.6573678,,,,,,,,,,,,,0.2003337,,,,,,,,,,,,-0.001098559,,,,,,,,,,,,,,,,,,,,,,,,,,,,,,,,
127_gen,0.3948498,0.38704067,0.3791879,0.3687668,0.3586684,0.3512035,0.34449193,0.33547238,0.325518,0.31755713,0.31324092,0.30604652,0.30037346,0.29285675,0.28284842,0.27442223,0.26641756,0.259493,0.24981096,0.24073637,0.23255043,0.22517833,0.21394177,0.20685002,0.19800307,0.19119254,0.18088453,0.1723966,0.16566971,0.15699215,0.14597239,0.13977325,0.13202722,0.12546076,0.117196396,0.109430626,0.10112494,0.093881726,0.086497165,0.07962943,0.072408244,0.06412403,0.055733453,0.047937702,0.039227925,0.031380937,0.02300991,0.0140302135,0.00825596,0.0017015887,-0.005703654,-0.016209373,-0.026497427,-0.03442633,-0.041802164,-0.05123924,-0.0570951,-0.0630461,-0.07192431,-0.08005173,-0.086921036,-0.09276505,-0.10101267,-0.10902782,-0.11858328,-0.12458527,-0.13357937,-0.14216927,-0.14982541,-0.15830742
128_real,0.44842494,,,,,,-0.98354846,,,,,,-0.9957106,,,,,,,,,,,,,0.4899318,,,,,,,,,,,,-1.1051543,,,,,,,,,,,,,,,,,,,,,,,,,,,,,,,,
128_gen,0.44842488,0.43575865,0.42910296,0.4212299,0.41257334,0.40365386,0.39611337,0.38660687,0.37916976,0.37182885,0.3623498,0.35363975,0.34636906,0.33916968,0.32878822,0.32039696,0.31253088,0.30501533,0.29811218,0.29077688,0.28113824,0.2760326,0.2674331,0.26116753,0.25477183,0.24716553,0.23950548,0.23057549,0.22252515,0.21711858,0.21043153,0.2005198,0.1923044,0.1856046,0.17872223,0.17224737,0.16503027,0.159779,0.15411665,0.14497821,0.136913,0.12853989,0.121193096,0.11394678,0.10988156,0.10201454,0.09381159,0.0859546,0.07708292,0.07049117,0.06389879,0.056090675,0.047661994,0.03979529,0.032067858,0.024242273,0.014992297,0.008771722,-0.00043136923,-0.008165722,-0.015942685,-0.022688316,-0.031202843,-0.037935857,-0.0456032,-0.055412818,-0.062404025,-0.07222086,-0.08181237,-0.09273802
129_real,0.8678078,,,,,,-0.26737776,,,,,,-0.09241004,,,,,,,,,,,,,0.5549738,,,,,,,,,,,,-0.20489843,,,,,,,,,,,,,,,,,,,,,,,,,,,,,,,,
129_gen,0.86780775,0.86265385,0.8596467,0.8539982,0.84628487,0.84027356,0.8319257,0.8251813,0.81857216,0.8123047,0.8062369,0.8009626,0.79954803,0.7941682,0.78930736,0.7858807,0.77997357,0.77152926,0.767635,0.76410395,0.7599018,0.7540946,0.74656904,0.7419486,0.7362789,0.73126745,0.7269131,0.72209364,0.71513736,0.70943356,0.7063133,0.7003525,0.696586,0.6902486,0.6856185,0.6802066,0.6782371,0.6757084,0.6711675,0.6654288,0.6618575,0.657132,0.6542028,0.6482784,0.6439738,0.6390053,0.63329214,0.62663233,0.623326,0.6171073,0.6123465,0.60644615,0.6001001,0.5965396,0.5924394,0.5879978,0.5822605,0.5816742,0.5768858,0.57110757,0.5688526,0.56486946,0.5596203,0.55569255,0.5515929,0.54854333,0.5448806,0.5418004,0.5346227,0.5303613
130_real,-1.5625259,,,,,,-0.7085283,,,,,,-0.7396841,,,,,,,,,,,,,-1.7044009,,,,,,,,,,,,-0.7855693,,,,,,,,,,,,,,,,,,,,,,,,,,,,,,,,
130_gen,-1.5625259,-1.5699964,-1.5773013,-1.5840495,-1.5899221,-1.5968488,-1.6025349,-1.6063576,-1.6120437,-1.6195917,-1.629091,-1.6353108,-1.641127,-1.6447265,-1.652029,-1.6569529,-1.6631777,-1.6684166,-1.6724056,-1.6774826,-1.6820793,-1.6880363,-1.6910053,-1.6982015,-1.7037172,-1.7078869,-1.7151436,-1.7162539,-1.7225378,-1.7300198,-1.7349155,-1.7426491,-1.7481064,-1.7532914,-1.7581799,-1.7657406,-1.7714398,-1.7768929,-1.7834896,-1.7879511,-1.7943093,-1.8011513,-1.8088493,-1.8167089,-1.822727,-1.830204,-1.8351393,-1.8377056,-1.8438625,-1.8505976,-1.858366,-1.8667123,-1.8726492,-1.8784926,-1.8821135,-1.8867037,-1.8921909,-1.8961735,-1.9000648,-1.9069664,-1.9146163,-1.9204499,-1.9264904,-1.9376339,-1.9454298,-1.9482486,-1.9541514,-1.9600279,-1.9660633,-1.9709749
131_real,-1.638147,,,,,,-0.82281303,,,,,,-0.79530776,,,,,,,,,,,,,-1.7852106,,,,,,,,,,,,-0.8177263,,,,,,,,,,,,,,,,,,,,,,,,,,,,,,,,
131_gen,-1.6381471,-1.6315892,-1.6379995,-1.6430994,-1.6470829,-1.6555256,-1.6567281,-1.6654446,-1.6682062,-1.6727155,-1.6774902,-1.6881317,-1.6937001,-1.7015387,-1.7061422,-1.7100246,-1.7126452,-1.7148154,-1.7224338,-1.7329562,-1.7410752,-1.7517703,-1.7540252,-1.7613732,-1.7637889,-1.7699506,-1.7746065,-1.7784541,-1.781311,-1.783061,-1.789499,-1.7934954,-1.8049705,-1.8104813,-1.8138208,-1.8210533,-1.8251762,-1.8259102,-1.8329661,-1.8362482,-1.8372726,-1.8378048,-1.8415346,-1.848101,-1.8506597,-1.8575157,-1.8624645,-1.8687012,-1.873647,-1.8820877,-1.8894879,-1.8870491,-1.8917996,-1.8957016,-1.8980129,-1.898666,-1.9044714,-1.9152435,-1.9219437,-1.9267387,-1.9278114,-1.9272754,-1.9304507,-1.9368095,-1.9441408,-1.9476535,-1.9509909,-1.9604864,-1.970298,-1.9801931
132_real,-1.7851768,,,,,,-0.6823961,,,,,,-0.72625434,,,,,,,,,,,,,-1.9087298,,,,,,,,,,,,-0.73073804,,,,,,,,,,,,,,,,,,,,,,,,,,,,,,,,
132_gen,-1.785177,-1.7992626,-1.8058369,-1.8135576,-1.8146923,-1.828365,-1.8341463,-1.8421284,-1.8475403,-1.8537283,-1.868078,-1.87763,-1.882914,-1.8918316,-1.8997173,-1.9092699,-1.9198643,-1.9327686,-1.9373316,-1.9554707,-1.9593576,-1.9718103,-1.985001,-1.9949484,-2.000508,-2.0128076,-2.0136638,-2.0195425,-2.03085,-2.0362525,-2.0467653,-2.0579877,-2.0716348,-2.081995,-2.092429,-2.1064312,-2.110583,-2.1199975,-2.1285632,-2.1368039,-2.1430852,-2.1482227,-2.1533778,-2.1624768,-2.1703563,-2.1845756,-2.1892684,-2.2013216,-2.213934,-2.227693,-2.233603,-2.2391613,-2.2532341,-2.2614346,-2.2716212,-2.275147,-2.2918322,-2.3033452,-2.3093843,-2.316504,-2.3263679,-2.3356614,-2.3427835,-2.3481727,-2.3609855,-2.3676257,-2.373846,-2.374791,-2.386162,-2.396251
133_real,-1.1794995,,,,,,-0.79900056,,,,,,-0.753515,,,,,,,,,,,,,-1.6659366,,,,,,,,,,,,-0.68436843,,,,,,,,,,,,,,,,,,,,,,,,,,,,,,,,
133_gen,-1.1794995,-1.1858866,-1.1906867,-1.19653,-1.204682,-1.211395,-1.2209554,-1.2270253,-1.234247,-1.2411441,-1.2489239,-1.258185,-1.2644999,-1.2709615,-1.2776995,-1.2860262,-1.2937502,-1.3007412,-1.30975,-1.3152211,-1.3196151,-1.3257794,-1.331939,-1.3385642,-1.3461884,-1.3528242,-1.3588747,-1.3668196,-1.374172,-1.382479,-1.3914573,-1.3984175,-1.4064137,-1.413676,-1.4240258,-1.4313616,-1.4392332,-1.4451844,-1.451397,-1.457606,-1.467849,-1.4740582,-1.4814196,-1.4876039,-1.4939373,-1.5005782,-1.5080976,-1.5165751,-1.5234858,-1.5305175,-1.5359925,-1.5424261,-1.5512964,-1.5586383,-1.5668559,-1.5730217,-1.5797561,-1.5873332,-1.594313,-1.6020863,-1.612018,-1.6215069,-1.6276232,-1.6347595,-1.6410234,-1.6484644,-1.658358,-1.6657385,-1.6731274,-1.6798006
134_real,-2.227394,,,,,,-1.2461749,,,,,,-1.1901997,,,,,,,,,,,,,-2.1604762,,,,,,,,,,,,-1.2918919,,,,,,,,,,,,,,,,,,,,,,,,,,,,,,,,
134_gen,-2.227394,-2.2336152,-2.2375064,-2.2452254,-2.2526004,-2.2600098,-2.2678444,-2.2752724,-2.2839072,-2.2906134,-2.2956307,-2.3022578,-2.3058445,-2.3116753,-2.3184361,-2.3252592,-2.331163,-2.3386443,-2.3423214,-2.3480115,-2.3527305,-2.3608,-2.3664544,-2.369644,-2.37505,-2.382574,-2.3861814,-2.3939116,-2.4011607,-2.4052234,-2.409902,-2.4128506,-2.419542,-2.4263244,-2.4350324,-2.4433274,-2.4504247,-2.4596057,-2.464489,-2.4713635,-2.4796405,-2.4835467,-2.4928298,-2.4982352,-2.510074,-2.5202498,-2.5250447,-2.5322707,-2.539286,-2.5484753,-2.5576653,-2.562983,-2.5702026,-2.5775023,-2.5854578,-2.5909705,-2.5983977,-2.6019568,-2.6094277,-2.6173444,-2.6235528,-2.6317356,-2.640616,-2.645512,-2.6522872,-2.6598313,-2.6658368,-2.6687958,-2.6728275,-2.6774402
135_real,-1.9313732,,,,,,-1.1994096,,,,,,-1.2177069,,,,,,,,,,,,,-2.1771367,,,,,,,,,,,,-1.218948,,,,,,,,,,,,,,,,,,,,,,,,,,,,,,,,
135_gen,-1.9313734,-1.9475193,-1.9548534,-1.9642379,-1.9742117,-1.9776148,-1.9820893,-1.9884243,-1.9986703,-2.0063167,-2.013661,-2.0203338,-2.0297136,-2.0381835,-2.0456614,-2.0545738,-2.059121,-2.0639663,-2.0714316,-2.07853,-2.0875118,-2.0937152,-2.0994296,-2.1057386,-2.109919,-2.1169484,-2.126551,-2.1342828,-2.1396117,-2.144353,-2.14896,-2.1496592,-2.1525395,-2.1532633,-2.1589274,-2.1648393,-2.1714764,-2.1782937,-2.1877196,-2.1967685,-2.2022402,-2.2095966,-2.2141652,-2.2231607,-2.2312748,-2.2367597,-2.2440455,-2.2511375,-2.2557158,-2.262978,-2.2758362,-2.281669,-2.2869747,-2.2930524,-2.2991688,-2.3070705,-2.3146996,-2.3232565,-2.3295045,-2.3316777,-2.3406603,-2.34959,-2.3589761,-2.3670015,-2.3760026,-2.3786435,-2.3850098,-2.3943,-2.397255,-2.4012835
136_real,-1.3664523,,,,,,-0.8386072,,,,,,-0.8465368,,,,,,,,,,,,,-1.4921532,,,,,,,,,,,,-0.8186498,,,,,,,,,,,,,,,,,,,,,,,,,,,,,,,,
136_gen,-1.3664523,-1.3757935,-1.3846431,-1.3909205,-1.4067805,-1.4165828,-1.4235786,-1.4297751,-1.4329154,-1.4450457,-1.4502288,-1.4593288,-1.4728981,-1.4862525,-1.4965695,-1.5017941,-1.510691,-1.5180914,-1.5243677,-1.5318962,-1.5400938,-1.5513281,-1.558317,-1.5701056,-1.5801629,-1.5885607,-1.5944576,-1.6027094,-1.6061695,-1.6116832,-1.6199493,-1.6279684,-1.6385529,-1.6471474,-1.6556723,-1.6627725,-1.6728741,-1.6783953,-1.6840565,-1.6952116,-1.7020442,-1.7123791,-1.7192749,-1.7225215,-1.7334697,-1.7441399,-1.7501835,-1.7576876,-1.7637103,-1.7710238,-1.7795153,-1.7881334,-1.8009617,-1.8109596,-1.8215994,-1.8307965,-1.8417857,-1.8465776,-1.8549122,-1.8632972,-1.8700535,-1.882891,-1.89072,-1.8958929,-1.9021908,-1.9113533,-1.9216003,-1.9306237,-1.9454123,-1.9540462
137_real,-1.1317165,,,,,,-0.7340543,,,,,,-0.72755307,,,,,,,,,,,,,-1.4050249,,,,,,,,,,,,-0.6402282,,,,,,,,,,,,,,,,,,,,,,,,,,,,,,,,
137_gen,-1.1317166,-1.1373391,-1.1482575,-1.156173,-1.1629518,-1.1711466,-1.1795679,-1.1876948,-1.1957996,-1.2013426,-1.210373,-1.2209704,-1.2268531,-1.2367898,-1.240926,-1.2478201,-1.252617,-1.2592354,-1.2675387,-1.2749283,-1.2823156,-1.2904456,-1.3009139,-1.3105819,-1.3207407,-1.3309695,-1.3411455,-1.3512461,-1.3578863,-1.3640239,-1.3684196,-1.377286,-1.383021,-1.395107,-1.4032577,-1.4092937,-1.4191082,-1.4318079,-1.4381354,-1.4458772,-1.4511719,-1.457514,-1.4652777,-1.4736644,-1.480521,-1.4873254,-1.4918753,-1.4993117,-1.5036377,-1.5079546,-1.5139588,-1.5218945,-1.5287887,-1.538869,-1.5466487,-1.5575806,-1.5672587,-1.5726591,-1.5777988,-1.5863476,-1.5942869,-1.6021725,-1.607753,-1.6143882,-1.6243896,-1.6372707,-1.6450043,-1.6533743,-1.6626421,-1.6680168
138_real,-0.75610805,,,,,,-0.9708992,,,,,,-0.8719317,,,,,,,,,,,,,-0.66226757,,,,,,,,,,,,-1.1688515,,,,,,,,,,,,,,,,,,,,,,,,,,,,,,,,
138_gen,-0.7561081,-0.7701834,-0.7782672,-0.79188,-0.8061158,-0.8163721,-0.82631046,-0.8378822,-0.8485197,-0.85939693,-0.8729925,-0.8840033,-0.8936265,-0.9047691,-0.91510755,-0.9253496,-0.93844414,-0.9476363,-0.9530595,-0.9596965,-0.9705866,-0.98210144,-0.9874937,-0.9995071,-1.0062892,-1.0165178,-1.026355,-1.0345577,-1.0419761,-1.0519598,-1.0604298,-1.072,-1.077884,-1.0873368,-1.0975863,-1.1102808,-1.1165351,-1.1285125,-1.1360022,-1.1481819,-1.1591647,-1.1668893,-1.1805115,-1.1922724,-1.2061567,-1.2112844,-1.2224178,-1.2318316,-1.2427652,-1.2503346,-1.2599972,-1.2734244,-1.2815607,-1.2893658,-1.2978765,-1.3093903,-1.3199214,-1.3319684,-1.3386217,-1.3483698,-1.3581847,-1.3695686,-1.3793334,-1.3897457,-1.4003985,-1.4121231,-1.4250623,-1.4319664,-1.4446466,-1.4521058
139_real,-0.41375172,,,,,,-0.806249,,,,,,-0.79087734,,,,,,,,,,,,,-0.43124327,,,,,,,,,,,,-0.4372582,,,,,,,,,,,,,,,,,,,,,,,,,,,,,,,,
139_gen,-0.41375166,-0.42342767,-0.43558064,-0.4513657,-0.46373287,-0.4754827,-0.49331173,-0.5042096,-0.5150123,-0.5278801,-0.54191864,-0.5536665,-0.5640964,-0.57752067,-0.585899,-0.59628713,-0.60798323,-0.6160573,-0.6289585,-0.638186,-0.64738,-0.66061676,-0.671105,-0.68395185,-0.69313335,-0.7039635,-0.7181756,-0.7341019,-0.7418301,-0.7557908,-0.7642666,-0.77557474,-0.7871322,-0.7978036,-0.8105748,-0.823329,-0.8362195,-0.84877616,-0.860273,-0.8712613,-0.88850415,-0.90136737,-0.9127663,-0.9205249,-0.932796,-0.942907,-0.9537811,-0.9686473,-0.9821517,-0.99617016,-1.0100096,-1.0216115,-1.0323946,-1.044295,-1.0528843,-1.0643958,-1.0732521,-1.0885292,-1.1043392,-1.1152222,-1.1313738,-1.1404907,-1.1543275,-1.1674076,-1.1741447,-1.1848778,-1.1990364,-1.2155771,-1.2279183,-1.2386749
140_real,-0.7298396,,,,,,-0.8660479,,,,,,-0.652308,,,,,,,,,,,,,-0.8331111,,,,,,,,,,,,-0.6464629,,,,,,,,,,,,,,,,,,,,,,,,,,,,,,,,
140_gen,-0.7298397,-0.74248517,-0.7554656,-0.7704975,-0.77598214,-0.78480285,-0.7961395,-0.80663455,-0.8195993,-0.8297666,-0.84361947,-0.85521775,-0.8670554,-0.87878764,-0.8910109,-0.90222085,-0.91584146,-0.9237841,-0.9358994,-0.9484153,-0.95945895,-0.96856534,-0.9763212,-0.9881873,-0.99447393,-1.0050628,-1.0118423,-1.0239086,-1.031665,-1.0458003,-1.0538878,-1.0665548,-1.0784957,-1.0889505,-1.1014004,-1.1147794,-1.1268885,-1.136219,-1.1491307,-1.1602849,-1.170101,-1.178232,-1.1882064,-1.2003899,-1.2137719,-1.2221463,-1.2324637,-1.2406976,-1.2523386,-1.2636822,-1.2751081,-1.2871202,-1.2984365,-1.3142911,-1.3270191,-1.3378834,-1.3467095,-1.3590347,-1.3688341,-1.3802222,-1.3940998,-1.4059542,-1.4150069,-1.4224145,-1.4360205,-1.4474442,-1.4623061,-1.4770247,-1.4862268,-1.4983774
141_real,-0.7506144,,,,,,-1.1166195,,,,,,-1.1667663,,,,,,,,,,,,,-1.08151,,,,,,,,,,,,-1.0297197,,,,,,,,,,,,,,,,,,,,,,,,,,,,,,,,
141_gen,-0.75061435,-0.7575377,-0.7618273,-0.7700547,-0.7769774,-0.785651,-0.78942764,-0.7951571,-0.7983929,-0.80529624,-0.8124935,-0.8205743,-0.82644117,-0.8304993,-0.8382686,-0.8459915,-0.84919393,-0.85482454,-0.86051196,-0.86463976,-0.87145156,-0.8791646,-0.8849203,-0.8909671,-0.8968604,-0.9019326,-0.9049648,-0.9111087,-0.9168089,-0.9251294,-0.9312933,-0.93485296,-0.9408097,-0.94679534,-0.95316,-0.95731604,-0.9632724,-0.96821576,-0.97340316,-0.9792887,-0.9844883,-0.9884793,-0.9927473,-0.9970312,-1.0010989,-1.0082481,-1.0139961,-1.0181773,-1.0246266,-1.0293708,-1.0358043,-1.0405161,-1.0482764,-1.0565243,-1.0592066,-1.0657264,-1.0736177,-1.0771655,-1.0845281,-1.0898583,-1.0960034,-1.1017549,-1.1068432,-1.1154766,-1.1259658,-1.135727,-1.1414757,-1.1490375,-1.155688,-1.1610729
142_real,-0.866041,,,,,,-1.0003177,,,,,,-1.2157265,,,,,,,,,,,,,-1.0005938,,,,,,,,,,,,-1.16083,,,,,,,,,,,,,,,,,,,,,,,,,,,,,,,,
142_gen,-0.86604106,-0.87604064,-0.88059986,-0.89038783,-0.8963068,-0.90550673,-0.9139492,-0.92199695,-0.9259138,-0.9339019,-0.9415347,-0.94877636,-0.9563467,-0.96083385,-0.96775454,-0.9755796,-0.9811702,-0.9907297,-0.99754465,-1.0061693,-1.0126446,-1.0190314,-1.0256574,-1.0306923,-1.0377634,-1.0434428,-1.0499933,-1.0567844,-1.0661026,-1.071757,-1.0795045,-1.0873854,-1.0925254,-1.0978731,-1.104102,-1.1104577,-1.1192038,-1.1282796,-1.1352433,-1.1440645,-1.1535728,-1.1609632,-1.1685146,-1.176351,-1.1821318,-1.1879733,-1.1940632,-1.2012055,-1.207291,-1.2126188,-1.221316,-1.2288036,-1.2357657,-1.2412058,-1.2514136,-1.2600935,-1.2651335,-1.2723567,-1.2784543,-1.2851021,-1.2913477,-1.2993342,-1.3058834,-1.3133287,-1.321759,-1.3294842,-1.3354273,-1.3441341,-1.3534805,-1.3591144
143_real,-1.0293816,,,,,,-1.1705624,,,,,,-1.2614092,,,,,,,,,,,,,-1.5560169,,,,,,,,,,,,-1.3911945,,,,,,,,,,,,,,,,,,,,,,,,,,,,,,,,
143_gen,-1.0293816,-1.0384514,-1.0455637,-1.0531137,-1.0586665,-1.0613911,-1.0680848,-1.0723549,-1.0785596,-1.0842044,-1.0902433,-1.0953101,-1.1020772,-1.1079135,-1.1134675,-1.1163841,-1.1230243,-1.1282457,-1.1346537,-1.1401883,-1.1476939,-1.1531705,-1.1567514,-1.1635641,-1.1684016,-1.1746341,-1.1814067,-1.1871626,-1.1925207,-1.197727,-1.2036982,-1.2090124,-1.2139714,-1.2182696,-1.2255676,-1.229254,-1.235513,-1.2397623,-1.2449276,-1.2487892,-1.2555478,-1.260754,-1.2648774,-1.2688221,-1.2746181,-1.2803887,-1.2857987,-1.2929686,-1.2985044,-1.3038594,-1.3071889,-1.313775,-1.3212614,-1.3274661,-1.3329096,-1.3385257,-1.3437015,-1.3478642,-1.3550153,-1.3615626,-1.3667306,-1.3737309,-1.3784606,-1.3834803,-1.3870857,-1.3942093,-1.3991811,-1.4053606,-1.4096451,-1.4149477
144_real,0.03587555,,,,,,-0.6638697,,,,,,-0.55938506,,,,,,,,,,,,,-0.35463458,,,,,,,,,,,,-0.53095806,,,,,,,,,,,,,,,,,,,,,,,,,,,,,,,,
144_gen,0.035875555,0.028370986,0.020527145,0.013991219,0.0040000244,-0.0030760255,-0.010511786,-0.01926649,-0.025655333,-0.032519944,-0.041054826,-0.048221633,-0.05656431,-0.062023155,-0.066561006,-0.07076942,-0.07741442,-0.082802005,-0.09036982,-0.10044144,-0.106335066,-0.11187293,-0.117975116,-0.124967694,-0.12991002,-0.13622871,-0.14320962,-0.14919022,-0.15389493,-0.16122063,-0.16807394,-0.17458937,-0.18130341,-0.18869479,-0.1927065,-0.19841067,-0.20409139,-0.20870952,-0.2154905,-0.22020921,-0.22560687,-0.23055074,-0.23818693,-0.24224906,-0.2480828,-0.25419292,-0.26090407,-0.2675869,-0.27463457,-0.27880034,-0.28554526,-0.2940889,-0.3013127,-0.30793363,-0.31540328,-0.32352054,-0.33144554,-0.3374031,-0.3421142,-0.34779996,-0.35467666,-0.3599422,-0.366578,-0.37446406,-0.38030148,-0.38812256,-0.39304608,-0.4018348,-0.40810347,-0.4136281
