ROI,Month_0,Month_1,Month_2,Month_3,Month_4,Month_5,Month_6,Month_7,Month_8,Month_9,Month_10,Month_11,Month_12,Month_13,Month_14,Month_15,Month_16,Month_17,Month_18,Month_19,Month_20,Month_21,Month_22,Month_23,Month_24,Month_25,Month_26,Month_27,Month_28,Month_29,Month_30,Month_31,Month_32,Month_33,Month_34,Month_35,Month_36,Month_37,Month_38,Month_39,Month_40,Month_41,Month_42,Month_43,Month_44,Month_45,Month_46,Month_47,Month_48,Month_49,Month_50,Month_51,Month_52,Month_53,Month_54,Month_55,Month_56,Month_57,Month_58,Month_59,Month_60,Month_61,Month_62,Month_63,Month_64,Month_65,Month_66,Month_67,Month_68,Month_69
0_real,-0.4256531,-0.36263928,,,,,,,,,,,-0.22140639,,,,,,,,,,,,,,,,,,,,,,,,,,,-0.34423444,,,,,,,,,,,,,,,,,,,,,,,,,,,,,,
0_gen,-0.42565304,-0.42197958,-0.41718888,-0.41164485,-0.40662542,-0.40143555,-0.39513204,-0.38981074,-0.38340324,-0.37617177,-0.37212008,-0.36586854,-0.35865346,-0.35249636,-0.3458801,-0.34018776,-0.3353803,-0.33095753,-0.3253683,-0.3215607,-0.31536454,-0.30839187,-0.30078274,-0.29468438,-0.28790504,-0.28283858,-0.27505288,-0.2697782,-0.26239982,-0.25772804,-0.25112393,-0.24637803,-0.24006145,-0.23271497,-0.22645727,-0.21985313,-0.21423462,-0.20658633,-0.19958402,-0.19452092,-0.18629198,-0.17920043,-0.17518032,-0.17109492,-0.16298997,-0.15804851,-0.1531997,-0.14530876,-0.13923724,-0.13088596,-0.12560523,-0.11869055,-0.112198636,-0.10645604,-0.100260936,-0.0914289,-0.083802104,-0.07622872,-0.06898245,-0.061704118,-0.056101434,-0.04727141,-0.04059319,-0.033023864,-0.02453348,-0.017970964,-0.0113252085,-0.005742196,0.0006671745,0.00476985
1_real,-0.19338286,-0.14731054,,,,,,,,,,,-0.029693048,,,,,,,,,,,,,,,,,,,,,,,,,,,-0.23927583,,,,,,,,,,,,,,,,,,,,,,,,,,,,,,
1_gen,-0.19338286,-0.19434634,-0.1940678,-0.19437592,-0.19495454,-0.19363128,-0.190698,-0.18739142,-0.18750983,-0.18490192,-0.18172778,-0.18087398,-0.18049803,-0.17961496,-0.17697856,-0.17537591,-0.17311046,-0.17161833,-0.16991979,-0.16651261,-0.16425778,-0.16414234,-0.162204,-0.16005008,-0.15696463,-0.15287508,-0.15118709,-0.14930868,-0.14491831,-0.14362945,-0.14064589,-0.13865514,-0.1348272,-0.13147333,-0.12909415,-0.12356438,-0.12019254,-0.11803979,-0.11435343,-0.111184165,-0.107686296,-0.104576305,-0.10173203,-0.09999298,-0.096408136,-0.09189965,-0.0889825,-0.0856626,-0.082843564,-0.07867477,-0.07509498,-0.07226594,-0.06792181,-0.06522097,-0.060826737,-0.057839215,-0.054191925,-0.05146451,-0.047071494,-0.043744214,-0.040300645,-0.035642426,-0.033116706,-0.031182945,-0.02456226,-0.020816313,-0.016261842,-0.012094577,-0.0062004994,-0.0037855941
2_real,0.5312876,0.23083091,,,,,,,,,,,0.6271265,,,,,,,,,,,,,,,,,,,,,,,,,,,0.2812392,,,,,,,,,,,,,,,,,,,,,,,,,,,,,,
2_gen,0.5312876,0.5178313,0.5067116,0.50007695,0.49199262,0.48538846,0.47869477,0.47171694,0.46731186,0.46292645,0.4563505,0.44994417,0.44133472,0.43940073,0.43465036,0.42890438,0.42434472,0.41843933,0.41072384,0.408664,0.40461057,0.4008135,0.394657,0.3901563,0.38300422,0.38030285,0.37514427,0.36997113,0.36224943,0.35752207,0.35359448,0.34909752,0.3452323,0.33748928,0.333143,0.3268668,0.3175166,0.31258866,0.30453062,0.30133444,0.29575512,0.29158467,0.28567857,0.2768668,0.27038035,0.26519716,0.26014334,0.25209147,0.24620953,0.238409,0.23085919,0.22343647,0.21474028,0.2110571,0.20616844,0.20065229,0.19365618,0.1891005,0.18236238,0.17605205,0.16792914,0.16224343,0.15512453,0.14889115,0.14475709,0.13950121,0.13254975,0.1258435,0.1169893,0.10814625
3_real,0.39244872,0.4785423,,,,,,,,,,,0.6543162,,,,,,,,,,,,,,,,,,,,,,,,,,,0.25099948,,,,,,,,,,,,,,,,,,,,,,,,,,,,,,
3_gen,0.3924487,0.38041618,0.3679896,0.3570478,0.34648362,0.33760118,0.32798892,0.3191788,0.30876786,0.2996919,0.29132396,0.28362042,0.2772513,0.26785094,0.25867867,0.24983636,0.24283111,0.23513024,0.22686446,0.21968265,0.21166077,0.20250599,0.19699883,0.19112252,0.18675381,0.1777939,0.17226972,0.16480045,0.15720369,0.15300564,0.14528315,0.1344033,0.12948574,0.1192406,0.11068306,0.10175791,0.095744625,0.089375064,0.08225461,0.07710894,0.070283316,0.065073565,0.05754053,0.05105285,0.046335716,0.040875714,0.03236952,0.02648584,0.018803097,0.012681441,0.006092982,-0.00044662395,-0.0058619543,-0.013026221,-0.021089952,-0.028776433,-0.03560708,-0.041911747,-0.049506202,-0.054985363,-0.062479455,-0.06649637,-0.073437236,-0.084374815,-0.0917638,-0.09731463,-0.105351865,-0.116340995,-0.12256622,-0.13058886
4_real,0.13971627,-0.7612135,,,,,,,,,,,-0.075909786,,,,,,,,,,,,,,,,,,,,,,,,,,,-0.7257615,,,,,,,,,,,,,,,,,,,,,,,,,,,,,,
4_gen,0.13971627,0.13411096,0.12896593,0.121368825,0.118484095,0.113824174,0.10899117,0.10095873,0.09657045,0.091182314,0.08412908,0.07836749,0.07704891,0.074539706,0.07173239,0.06940697,0.06561476,0.061487466,0.05047987,0.042983286,0.035198994,0.029713709,0.028213803,0.020594977,0.018157156,0.013491949,0.009491614,0.005435211,-0.0023203737,-0.011734691,-0.013091135,-0.020675007,-0.023302253,-0.030193526,-0.03445651,-0.03946502,-0.042975932,-0.042220347,-0.046260227,-0.04806493,-0.050641112,-0.05758091,-0.059869517,-0.064624675,-0.0689184,-0.07441222,-0.07960583,-0.08527209,-0.09177734,-0.09362705,-0.10054048,-0.107257605,-0.1101559,-0.112193204,-0.11890064,-0.12784632,-0.12612626,-0.12873667,-0.13272841,-0.14181826,-0.1495932,-0.16362824,-0.16683841,-0.16956943,-0.17332783,-0.1780774,-0.18766849,-0.19548167,-0.19823822,-0.2038966
5_real,-0.60102266,-0.6303502,,,,,,,,,,,-0.4083483,,,,,,,,,,,,,,,,,,,,,,,,,,,-0.68808955,,,,,,,,,,,,,,,,,,,,,,,,,,,,,,
5_gen,-0.60102266,-0.60857034,-0.6126269,-0.6193494,-0.63175154,-0.6337075,-0.63777316,-0.6467325,-0.65077174,-0.65000445,-0.6536282,-0.6570858,-0.6642714,-0.66979665,-0.677873,-0.68805635,-0.6868845,-0.6899142,-0.69667304,-0.7018529,-0.70357674,-0.70913404,-0.7179822,-0.72180873,-0.72413576,-0.7272787,-0.73289114,-0.7354466,-0.73775184,-0.74184,-0.7458873,-0.7525252,-0.75658953,-0.7623123,-0.7653829,-0.7697383,-0.7764153,-0.7796626,-0.7858905,-0.7901424,-0.7984483,-0.805925,-0.81246483,-0.8159094,-0.8242806,-0.83408177,-0.8372234,-0.8469504,-0.8535644,-0.85938597,-0.8643923,-0.8715371,-0.8754393,-0.8789654,-0.8845762,-0.8924061,-0.90236044,-0.9083252,-0.91551197,-0.9254316,-0.9316062,-0.93581116,-0.9461323,-0.95365447,-0.96193993,-0.96647155,-0.9744581,-0.9796629,-0.99076146,-0.9987968
6_real,-1.189288,-1.404176,,,,,,,,,,,-1.2199963,,,,,,,,,,,,,,,,,,,,,,,,,,,-1.511411,,,,,,,,,,,,,,,,,,,,,,,,,,,,,,
6_gen,-1.189288,-1.1944821,-1.1994873,-1.202349,-1.2047043,-1.2077705,-1.210968,-1.2129776,-1.2150924,-1.2180474,-1.2202733,-1.2221724,-1.2238853,-1.2251549,-1.2272271,-1.2288013,-1.2305496,-1.2325076,-1.2330725,-1.2347527,-1.2393938,-1.2409669,-1.2440535,-1.2454886,-1.2485926,-1.2500203,-1.2535994,-1.2552316,-1.256844,-1.2589095,-1.2610384,-1.2625024,-1.2649802,-1.2672026,-1.2690281,-1.271246,-1.2734514,-1.278551,-1.2815807,-1.283552,-1.2846147,-1.2869744,-1.2900274,-1.2937548,-1.2965971,-1.2989446,-1.3021138,-1.3058145,-1.30768,-1.3100175,-1.3120568,-1.314748,-1.3162421,-1.318936,-1.3208523,-1.3234483,-1.3289216,-1.3311486,-1.3331567,-1.3355318,-1.3383458,-1.3400989,-1.341551,-1.3441654,-1.3455024,-1.3481792,-1.3517307,-1.3524525,-1.3548137,-1.3547857
7_real,-1.5173397,-1.5858341,,,,,,,,,,,-1.2808881,,,,,,,,,,,,,,,,,,,,,,,,,,,-1.6214185,,,,,,,,,,,,,,,,,,,,,,,,,,,,,,
7_gen,-1.5173397,-1.5228795,-1.5260907,-1.527516,-1.5270525,-1.5287108,-1.5308063,-1.5323808,-1.5347115,-1.5349863,-1.533524,-1.5353136,-1.5340984,-1.5331633,-1.5353266,-1.5353241,-1.5361863,-1.5372717,-1.5367227,-1.5366046,-1.5392874,-1.5373054,-1.5386007,-1.542362,-1.5450491,-1.5451382,-1.5447873,-1.5485592,-1.5526874,-1.5560306,-1.5590214,-1.5597179,-1.5613576,-1.5629685,-1.5658796,-1.5657154,-1.5653007,-1.5650793,-1.5652709,-1.567796,-1.5700411,-1.5686482,-1.569,-1.5697576,-1.5693531,-1.5686713,-1.5690763,-1.5692246,-1.5714933,-1.5734043,-1.5743587,-1.5747254,-1.57549,-1.5740268,-1.5750729,-1.5743287,-1.576225,-1.5761738,-1.5765588,-1.5818719,-1.5797223,-1.5806371,-1.5824815,-1.5809681,-1.5817511,-1.5834372,-1.5818152,-1.5829729,-1.5851711,-1.5844089
8_real,-0.43841037,-0.6032083,,,,,,,,,,,-0.34233892,,,,,,,,,,,,,,,,,,,,,,,,,,,-1.114241,,,,,,,,,,,,,,,,,,,,,,,,,,,,,,
8_gen,-0.43841034,-0.43967742,-0.4427144,-0.44344133,-0.4461183,-0.44912785,-0.4494505,-0.44933453,-0.45322856,-0.45423546,-0.45687383,-0.4595174,-0.4588716,-0.46233112,-0.4639848,-0.46437106,-0.46740595,-0.4696805,-0.47441673,-0.47490877,-0.474402,-0.47624618,-0.47524709,-0.4761755,-0.47780547,-0.4775377,-0.47800446,-0.47989553,-0.48044857,-0.48411655,-0.48681268,-0.48750496,-0.48639798,-0.48856503,-0.48836026,-0.49113846,-0.492704,-0.49544644,-0.49870306,-0.4971815,-0.501124,-0.5026035,-0.50529706,-0.5054246,-0.50466216,-0.50522494,-0.5048053,-0.5037714,-0.50621486,-0.50582135,-0.5075464,-0.5072384,-0.5099991,-0.51285744,-0.51331794,-0.51462823,-0.51294196,-0.5140368,-0.515657,-0.5154477,-0.5168401,-0.51819956,-0.5174101,-0.5194527,-0.5183362,-0.51894945,-0.51767814,-0.5181419,-0.519275,-0.52091676
9_real,-0.31448242,-0.54512554,,,,,,,,,,,-0.21907665,,,,,,,,,,,,,,,,,,,,,,,,,,,-1.0469893,,,,,,,,,,,,,,,,,,,,,,,,,,,,,,
9_gen,-0.31448242,-0.3176618,-0.31927735,-0.3220056,-0.32514408,-0.32575783,-0.32953104,-0.33241898,-0.33587918,-0.34145558,-0.34480616,-0.3480284,-0.34839422,-0.34988353,-0.35385343,-0.35567302,-0.3594219,-0.36311507,-0.36387458,-0.36607945,-0.36887974,-0.373886,-0.37666753,-0.37952092,-0.37774825,-0.37871394,-0.37682933,-0.37630615,-0.37887588,-0.37993723,-0.381285,-0.3824623,-0.3806611,-0.38464546,-0.38593006,-0.38676226,-0.3892401,-0.3896585,-0.3922574,-0.39306945,-0.39626,-0.39720273,-0.39755622,-0.4028398,-0.4045569,-0.4062422,-0.40613794,-0.41074857,-0.41327852,-0.4135789,-0.4150191,-0.41392106,-0.41672188,-0.41863734,-0.42071724,-0.42250305,-0.42738542,-0.4283181,-0.4295822,-0.42971238,-0.43296105,-0.4358701,-0.43995395,-0.44073454,-0.44461456,-0.44903833,-0.45161834,-0.45410776,-0.4566117,-0.45855102
10_real,-0.47063893,-0.33326063,,,,,,,,,,,-0.6726663,,,,,,,,,,,,,,,,,,,,,,,,,,,-0.28926682,,,,,,,,,,,,,,,,,,,,,,,,,,,,,,
10_gen,-0.47063893,-0.47742683,-0.481598,-0.48337716,-0.48744053,-0.49207258,-0.49553013,-0.50059026,-0.50329894,-0.507731,-0.51190794,-0.5154042,-0.51737076,-0.5208951,-0.5225653,-0.5270764,-0.529961,-0.53408504,-0.53590727,-0.53687125,-0.53911984,-0.54212964,-0.54229915,-0.5431943,-0.5433458,-0.54708856,-0.54896563,-0.55026656,-0.5525769,-0.55265045,-0.55642647,-0.55986345,-0.56111485,-0.5639776,-0.56670076,-0.5677438,-0.5723415,-0.57387453,-0.5783962,-0.5792101,-0.58056957,-0.5829844,-0.58663285,-0.58979285,-0.5934238,-0.5949256,-0.59783876,-0.600582,-0.60619265,-0.6065391,-0.61128587,-0.6152793,-0.61653423,-0.6221571,-0.62607,-0.62703574,-0.63247603,-0.6360911,-0.63916975,-0.6429639,-0.646768,-0.65042526,-0.6516186,-0.6564249,-0.65969616,-0.6632883,-0.6676199,-0.67272294,-0.6748392,-0.6752437
11_real,0.14188862,-0.107289426,,,,,,,,,,,0.17424755,,,,,,,,,,,,,,,,,,,,,,,,,,,-0.21346548,,,,,,,,,,,,,,,,,,,,,,,,,,,,,,
11_gen,0.14188862,0.13825154,0.13795832,0.1353096,0.13398372,0.1303326,0.12563895,0.123339936,0.119129695,0.11693744,0.111507356,0.10667388,0.10571976,0.10441303,0.10343991,0.09896169,0.090962075,0.08747329,0.084296994,0.08053909,0.076730125,0.07825647,0.07902286,0.075639896,0.070738636,0.06999643,0.06554625,0.060827512,0.06045119,0.05480851,0.053627234,0.05184629,0.048922133,0.04619587,0.044775374,0.042269778,0.0378105,0.03600201,0.03302623,0.03116577,0.032617923,0.028715674,0.024867384,0.018543538,0.018069223,0.013035392,0.010964804,0.011585004,0.00917252,0.009129275,0.0059712674,-0.0007530734,-0.002594995,-0.0052617406,-0.0075181127,-0.004346558,-0.0046685417,-0.0070021255,-0.0082108965,-0.013695089,-0.013523402,-0.013931686,-0.012365887,-0.016006073,-0.017680835,-0.021257898,-0.02349878,-0.022487184,-0.020942468,-0.024835443
12_real,0.44796383,0.31026772,,,,,,,,,,,0.5124429,,,,,,,,,,,,,,,,,,,,,,,,,,,0.2735647,,,,,,,,,,,,,,,,,,,,,,,,,,,,,,
12_gen,0.44796377,0.44566718,0.44168562,0.44097552,0.43819857,0.43510112,0.43110448,0.4277308,0.4248291,0.42354482,0.42469397,0.42449942,0.42322907,0.41865617,0.41842493,0.41810483,0.41710457,0.41641387,0.4151935,0.41252294,0.41214553,0.41305405,0.41381955,0.4154624,0.41562462,0.4171585,0.41357765,0.4119671,0.40988445,0.4078787,0.40660948,0.40665358,0.4070363,0.40527934,0.40747076,0.40794054,0.4102024,0.40784281,0.40737885,0.40606332,0.40362915,0.3973942,0.39689198,0.39506993,0.39499262,0.39390925,0.38923603,0.3871003,0.38508767,0.38575158,0.38746294,0.3849644,0.3861944,0.38309672,0.3832858,0.38236517,0.38093215,0.38039815,0.38069803,0.37906656,0.37901336,0.37923083,0.3765406,0.37546042,0.3732085,0.3736946,0.37337598,0.37142736,0.3690509,0.36791748
13_real,-0.55450356,-0.72835046,,,,,,,,,,,-0.3437058,,,,,,,,,,,,,,,,,,,,,,,,,,,-0.8511692,,,,,,,,,,,,,,,,,,,,,,,,,,,,,,
13_gen,-0.5545035,-0.5655739,-0.573733,-0.581921,-0.5892979,-0.59899586,-0.6035427,-0.60957843,-0.61727995,-0.62344086,-0.63012385,-0.63598216,-0.6444323,-0.6477431,-0.65702486,-0.6668141,-0.6714941,-0.67635113,-0.6828812,-0.6894672,-0.6962729,-0.6983835,-0.70557976,-0.71276,-0.71713006,-0.7239417,-0.7302351,-0.73538125,-0.7417087,-0.7458974,-0.7557766,-0.7610117,-0.7672223,-0.7766093,-0.78139466,-0.7897538,-0.797549,-0.80396587,-0.8132044,-0.82239306,-0.8307573,-0.83676827,-0.842542,-0.8507925,-0.8566346,-0.8617697,-0.8675709,-0.8750803,-0.8836134,-0.891174,-0.8985305,-0.90851134,-0.91666526,-0.9240699,-0.9308754,-0.9380873,-0.9452325,-0.9524563,-0.9619201,-0.96904767,-0.97755754,-0.98235685,-0.9909662,-0.9981475,-1.0062594,-1.0123748,-1.0210097,-1.0305278,-1.0363033,-1.0453761
14_real,-0.14736496,-0.5947894,,,,,,,,,,,-0.25609124,,,,,,,,,,,,,,,,,,,,,,,,,,,-0.47840354,,,,,,,,,,,,,,,,,,,,,,,,,,,,,,
14_gen,-0.14736496,-0.1648902,-0.17761905,-0.18595167,-0.19486019,-0.20425034,-0.21487579,-0.22261488,-0.23240986,-0.24140067,-0.24934399,-0.26095253,-0.26662675,-0.27306116,-0.28102538,-0.2925769,-0.30174926,-0.31015044,-0.31609973,-0.3195009,-0.32381138,-0.3283474,-0.3358613,-0.34121218,-0.34646684,-0.35165858,-0.35877174,-0.3653888,-0.3743822,-0.38202316,-0.3886516,-0.393975,-0.399236,-0.40656343,-0.41312853,-0.42082185,-0.42380008,-0.4305438,-0.44068962,-0.44944334,-0.4588285,-0.4668756,-0.47031593,-0.48018566,-0.49037036,-0.49833202,-0.5059992,-0.51421034,-0.525071,-0.5348052,-0.545833,-0.55375963,-0.5588559,-0.5650823,-0.5768606,-0.58486384,-0.59011674,-0.60190773,-0.60751116,-0.61439836,-0.6221243,-0.63094044,-0.638436,-0.6449101,-0.6531322,-0.66097546,-0.66974217,-0.67785066,-0.6855855,-0.6938794
15_real,-0.028316706,-0.4563729,,,,,,,,,,,-0.22751598,,,,,,,,,,,,,,,,,,,,,,,,,,,-0.2525938,,,,,,,,,,,,,,,,,,,,,,,,,,,,,,
15_gen,-0.028316706,-0.016746482,-0.008050059,-0.0015927147,0.009958245,0.019418487,0.023689872,0.02897279,0.037331473,0.046106383,0.0509366,0.05834682,0.06448985,0.07193659,0.077855155,0.081960425,0.0897796,0.09373905,0.101568975,0.1085854,0.11239544,0.11629079,0.12402113,0.1340131,0.1408064,0.14907542,0.15337291,0.158018,0.1623196,0.16528758,0.17565274,0.18010262,0.18682048,0.20078488,0.21100262,0.22014661,0.22945845,0.23939347,0.24689539,0.258782,0.27027893,0.278215,0.28569263,0.29643837,0.30269358,0.31679487,0.32947916,0.33878818,0.35069615,0.3602402,0.37189618,0.3776688,0.38689664,0.39316404,0.40381414,0.41644365,0.42398638,0.43320256,0.44220558,0.4460813,0.45601815,0.47047448,0.47993118,0.49205238,0.50274074,0.51340973,0.52546734,0.5336904,0.5450796,0.55692065
16_real,0.32900164,0.12632667,,,,,,,,,,,0.2481867,,,,,,,,,,,,,,,,,,,,,,,,,,,0.15659812,,,,,,,,,,,,,,,,,,,,,,,,,,,,,,
16_gen,0.32900164,0.34278554,0.3483838,0.35606423,0.36202472,0.36571482,0.37434638,0.37525356,0.38320917,0.38883522,0.3937195,0.39861858,0.40546227,0.41413584,0.42549524,0.42902207,0.43834472,0.4426869,0.4519872,0.45801467,0.46799007,0.47933418,0.48582286,0.49419865,0.5057154,0.51479053,0.51994646,0.5296555,0.5344598,0.54055494,0.55370337,0.56408924,0.5688446,0.57868797,0.583269,0.59771764,0.6046704,0.60725397,0.6172116,0.6309351,0.6410692,0.652403,0.66405255,0.679056,0.6883947,0.6997686,0.7133661,0.724439,0.7310799,0.73735297,0.7509562,0.75550175,0.7637049,0.77308375,0.7831249,0.79019356,0.7987217,0.8096167,0.8184838,0.8295256,0.84336823,0.8530297,0.86382025,0.87577736,0.8872956,0.9007761,0.91763955,0.9260273,0.9363259,0.9512612
17_real,-0.19629373,-0.4379868,,,,,,,,,,,-0.1498147,,,,,,,,,,,,,,,,,,,,,,,,,,,-0.36067557,,,,,,,,,,,,,,,,,,,,,,,,,,,,,,
17_gen,-0.19629373,-0.19077127,-0.18631002,-0.18103248,-0.17366521,-0.16957739,-0.16504093,-0.15976733,-0.15450373,-0.14983484,-0.1418809,-0.13740662,-0.13363262,-0.12703094,-0.1202448,-0.115938164,-0.110555924,-0.10672871,-0.10132098,-0.093847185,-0.090501666,-0.08252939,-0.07755928,-0.069355,-0.06475424,-0.05795185,-0.0518435,-0.046039082,-0.042526633,-0.037251413,-0.032180477,-0.025144627,-0.01885653,-0.011311799,-0.00679339,-0.002535516,0.0030832377,0.008452351,0.012649341,0.018599134,0.02456914,0.030753363,0.032864004,0.038312435,0.04267463,0.04965883,0.059013624,0.0644463,0.0733896,0.08014451,0.085097745,0.0899858,0.09470408,0.100378096,0.10593126,0.115956426,0.12046336,0.12510067,0.1325208,0.13698944,0.14279541,0.14840865,0.15277354,0.16007201,0.16518474,0.17035778,0.17895773,0.18508756,0.19203681,0.19722322
18_real,-0.04049568,-0.21766527,,,,,,,,,,,-0.14923902,,,,,,,,,,,,,,,,,,,,,,,,,,,-0.6769729,,,,,,,,,,,,,,,,,,,,,,,,,,,,,,
18_gen,-0.040495683,-0.032015808,-0.026015649,-0.019699961,-0.012197668,-0.0055697137,0.0012656206,0.009733425,0.016093083,0.024680551,0.031463616,0.038628172,0.04452572,0.049573563,0.056569356,0.062354773,0.067930855,0.07359518,0.081954785,0.08886148,0.09415312,0.10385203,0.11142667,0.121322155,0.12564631,0.13253877,0.13830635,0.14392337,0.15044193,0.15681915,0.16384073,0.17057893,0.17881,0.18405828,0.19243488,0.20060018,0.209488,0.2162213,0.2241975,0.23362383,0.23977534,0.2461783,0.2521314,0.25885537,0.2665319,0.27436388,0.28144926,0.28981972,0.29666355,0.30357978,0.3136397,0.31936896,0.3281683,0.33383593,0.34266037,0.3535059,0.3603357,0.36804482,0.3792052,0.38655326,0.39573565,0.4034256,0.41212434,0.42034984,0.42846495,0.43667442,0.44535813,0.45146894,0.4596954,0.46749696
19_real,0.1436275,-0.07424921,,,,,,,,,,,-0.1334961,,,,,,,,,,,,,,,,,,,,,,,,,,,-0.1625113,,,,,,,,,,,,,,,,,,,,,,,,,,,,,,
19_gen,0.14362751,0.13442518,0.12802386,0.122486375,0.11884715,0.113909766,0.11008705,0.10491852,0.10092769,0.097241625,0.09433173,0.08951496,0.08509154,0.08091323,0.07622892,0.07246074,0.069198,0.06506081,0.061031215,0.059094183,0.053670518,0.048386343,0.04544611,0.041438103,0.035891384,0.033492208,0.02843673,0.026816364,0.023016587,0.02138977,0.01872914,0.014740685,0.0106489975,0.0063078194,0.0029082715,-0.0014910912,-0.006523645,-0.009885763,-0.0116222175,-0.015237926,-0.020629976,-0.023895245,-0.027495846,-0.031349115,-0.03474289,-0.039182942,-0.042851895,-0.047194857,-0.05224474,-0.055930622,-0.06020869,-0.06377212,-0.06690366,-0.06905245,-0.07115851,-0.075179085,-0.076661035,-0.08124755,-0.084224455,-0.08884835,-0.09353707,-0.097506836,-0.1014178,-0.1053529,-0.10883691,-0.11179982,-0.115047574,-0.11772098,-0.12287787,-0.12710305
20_real,-0.82249296,-0.6456024,,,,,,,,,,,-0.75252885,,,,,,,,,,,,,,,,,,,,,,,,,,,-0.92132694,,,,,,,,,,,,,,,,,,,,,,,,,,,,,,
20_gen,-0.82249296,-0.8289137,-0.8364752,-0.8420099,-0.8488593,-0.85625994,-0.8601206,-0.8631471,-0.8684928,-0.8743453,-0.8789614,-0.8832642,-0.88824636,-0.8926843,-0.89718485,-0.90319,-0.90674007,-0.9114485,-0.9154148,-0.918811,-0.9234044,-0.9269355,-0.9317177,-0.935946,-0.94166434,-0.94508076,-0.9500839,-0.9529176,-0.95701057,-0.9592659,-0.9634609,-0.9676526,-0.9728199,-0.97563994,-0.9793687,-0.9819339,-0.9842081,-0.9879948,-0.9925378,-0.9963461,-1.0013076,-1.0055536,-1.0089648,-1.0132132,-1.0163904,-1.0207815,-1.0270149,-1.0326287,-1.0348698,-1.0392803,-1.042435,-1.0466728,-1.0501087,-1.0553038,-1.0587763,-1.062022,-1.0659028,-1.0699581,-1.0728126,-1.078241,-1.0828619,-1.0869946,-1.0926874,-1.0962206,-1.1002662,-1.102463,-1.1078689,-1.1136589,-1.115732,-1.1198595
21_real,-0.040056475,-0.08519613,,,,,,,,,,,-0.14247051,,,,,,,,,,,,,,,,,,,,,,,,,,,-0.28407025,,,,,,,,,,,,,,,,,,,,,,,,,,,,,,
21_gen,-0.04005647,-0.046574883,-0.053820454,-0.061294414,-0.06723019,-0.072064325,-0.07623192,-0.080730006,-0.084532075,-0.08864625,-0.09082743,-0.09570294,-0.098155655,-0.10149405,-0.10355636,-0.105767906,-0.10874305,-0.11075425,-0.11414256,-0.11842716,-0.121405795,-0.12326981,-0.12613362,-0.1278872,-0.13070191,-0.13516116,-0.13768592,-0.14317319,-0.1471574,-0.15134506,-0.15357573,-0.15755078,-0.15913832,-0.16440442,-0.16839018,-0.1736007,-0.1771082,-0.1790516,-0.1813265,-0.18484373,-0.18712944,-0.19180809,-0.19441354,-0.19957528,-0.20500806,-0.2079471,-0.21263346,-0.21572718,-0.22217104,-0.22403565,-0.22659226,-0.23074278,-0.23480424,-0.237151,-0.2410563,-0.24345064,-0.24617083,-0.24754873,-0.2532807,-0.2576344,-0.26372728,-0.26884896,-0.2710322,-0.27454853,-0.2771142,-0.27964827,-0.28524238,-0.28890157,-0.29466707,-0.3000713
22_real,0.25706643,0.21731809,,,,,,,,,,,0.27185664,,,,,,,,,,,,,,,,,,,,,,,,,,,0.04512537,,,,,,,,,,,,,,,,,,,,,,,,,,,,,,
22_gen,0.25706646,0.2483108,0.24287836,0.23395324,0.23012266,0.2277921,0.22167647,0.217834,0.21517606,0.21332511,0.20906594,0.20344503,0.19986106,0.19514813,0.19330949,0.1906592,0.1861712,0.18322508,0.17956097,0.17594817,0.17418802,0.1719214,0.16658235,0.16436301,0.15733263,0.15541461,0.15355423,0.1519602,0.14733933,0.14142141,0.13889463,0.13713938,0.1318978,0.12632683,0.123199604,0.12015088,0.11717452,0.11533378,0.10728909,0.10428189,0.099174425,0.09790353,0.091919065,0.08718336,0.08229415,0.07869001,0.075284526,0.07100005,0.06859015,0.06411633,0.059058547,0.05221231,0.05127096,0.048173856,0.044403613,0.040051166,0.035792712,0.032384224,0.028039953,0.023199594,0.019878399,0.019149866,0.015764061,0.012090574,0.00825302,0.0056040534,0.0004155064,-0.0028648882,-0.0066852667,-0.011199239
23_real,0.5473832,0.08830343,,,,,,,,,,,0.28652388,,,,,,,,,,,,,,,,,,,,,,,,,,,-0.053520788,,,,,,,,,,,,,,,,,,,,,,,,,,,,,,
23_gen,0.54738325,0.53794074,0.5292034,0.5209228,0.512218,0.50488484,0.49824673,0.49162334,0.4854439,0.47805214,0.47236356,0.46811518,0.4623127,0.45603633,0.45182586,0.44799775,0.44040388,0.43523774,0.43126908,0.42860326,0.42288604,0.41735977,0.41105872,0.40680823,0.40096936,0.39720488,0.39034644,0.38481677,0.38024643,0.37388653,0.36870846,0.36446586,0.35931927,0.3541709,0.35097206,0.3442961,0.33977887,0.33577073,0.33228487,0.32749382,0.32243505,0.31705767,0.31066722,0.30694658,0.30100626,0.2935248,0.28957435,0.28472054,0.27778327,0.27260295,0.2676263,0.26123703,0.25635296,0.25060374,0.24596238,0.24102108,0.23624423,0.23324355,0.22751173,0.22195753,0.21673253,0.21053544,0.20601034,0.19906552,0.19094138,0.18217552,0.17758374,0.17115366,0.16471446,0.15938632
24_real,-0.84284145,-1.0526326,,,,,,,,,,,-0.55603284,,,,,,,,,,,,,,,,,,,,,,,,,,,-1.1355653,,,,,,,,,,,,,,,,,,,,,,,,,,,,,,
24_gen,-0.8428415,-0.85641277,-0.86660814,-0.87386906,-0.88057864,-0.88718385,-0.89381945,-0.90120584,-0.90869606,-0.91418684,-0.9223069,-0.9291088,-0.93392926,-0.9391837,-0.94481313,-0.9509846,-0.9564867,-0.960567,-0.96581763,-0.969938,-0.97633725,-0.9826578,-0.98838913,-0.9927824,-0.9950342,-1.0002978,-1.004661,-1.0108461,-1.0155088,-1.0174006,-1.0224059,-1.0272857,-1.0324702,-1.0387392,-1.0414145,-1.0467287,-1.0517626,-1.0570955,-1.0597192,-1.0633749,-1.0681293,-1.0733597,-1.0770931,-1.0819685,-1.0885471,-1.0943335,-1.0985168,-1.1046158,-1.1125431,-1.1176908,-1.1232247,-1.1264551,-1.1325549,-1.139644,-1.1448773,-1.1495501,-1.1552429,-1.1595532,-1.1657437,-1.1709268,-1.1766038,-1.1856192,-1.1910939,-1.1950572,-1.20093,-1.2038735,-1.2085825,-1.2146542,-1.2184699,-1.2235926
25_real,0.86605173,0.28402495,,,,,,,,,,,1.0490284,,,,,,,,,,,,,,,,,,,,,,,,,,,0.1428764,,,,,,,,,,,,,,,,,,,,,,,,,,,,,,
25_gen,0.8660518,0.8564709,0.84956867,0.8431381,0.83634454,0.8291651,0.82505906,0.81882507,0.8133403,0.8089038,0.8050424,0.80063665,0.7947525,0.7911689,0.7854072,0.7802093,0.7758122,0.7716636,0.7669146,0.7625029,0.75743943,0.75541556,0.7498802,0.7448944,0.74027437,0.7361111,0.7325861,0.7300716,0.725727,0.72109973,0.7177572,0.7134567,0.7107549,0.7070378,0.7038466,0.7009259,0.69772726,0.69502145,0.691793,0.6900665,0.6877326,0.684631,0.68074876,0.67785203,0.67298234,0.66975003,0.6645714,0.6623516,0.6571101,0.653525,0.64933175,0.6456219,0.6405102,0.6372404,0.632877,0.62685186,0.62458646,0.62247604,0.6191188,0.6151667,0.6120093,0.6086329,0.6041033,0.5991641,0.59449613,0.59126157,0.5844128,0.58174014,0.5786499,0.57356346
26_real,-0.086378835,-0.43237364,,,,,,,,,,,0.15451509,,,,,,,,,,,,,,,,,,,,,,,,,,,-0.573945,,,,,,,,,,,,,,,,,,,,,,,,,,,,,,
26_gen,-0.08637883,-0.09294684,-0.09829429,-0.101130925,-0.10659784,-0.1108488,-0.11559446,-0.11924754,-0.12279619,-0.12543315,-0.12796122,-0.13218294,-0.13466981,-0.137261,-0.14148726,-0.14502597,-0.14713666,-0.1494433,-0.15234175,-0.15474972,-0.15840629,-0.16283962,-0.16694734,-0.17021246,-0.17430297,-0.1769093,-0.1795235,-0.18130085,-0.18593284,-0.19050035,-0.19416796,-0.1980918,-0.20222399,-0.2036906,-0.20771345,-0.21147275,-0.21392241,-0.21648094,-0.21913895,-0.22236112,-0.22589238,-0.22966583,-0.23257971,-0.23567703,-0.24082187,-0.24339445,-0.24617448,-0.24975693,-0.2522167,-0.25525486,-0.2586485,-0.26350862,-0.26697484,-0.26913133,-0.27319324,-0.2744747,-0.27760154,-0.281648,-0.2853517,-0.288599,-0.2918786,-0.29600424,-0.3013494,-0.30555028,-0.30922443,-0.3149163,-0.31977922,-0.32282755,-0.3275753,-0.33304533
27_real,0.8750498,0.35169965,,,,,,,,,,,0.69942236,,,,,,,,,,,,,,,,,,,,,,,,,,,0.39110392,,,,,,,,,,,,,,,,,,,,,,,,,,,,,,
27_gen,0.8750497,0.874472,0.8742851,0.8741687,0.8738349,0.8729876,0.870889,0.8702229,0.8690134,0.866584,0.8652112,0.86567956,0.86452115,0.8631563,0.86266124,0.8623885,0.8600359,0.858486,0.8573887,0.8555058,0.8534161,0.85274154,0.8516099,0.85105735,0.84958124,0.8473258,0.8456944,0.843482,0.84180003,0.84019405,0.8394124,0.8383913,0.83599985,0.8327381,0.83090955,0.8278104,0.8258525,0.824577,0.8215581,0.81938565,0.81949794,0.81886137,0.81830484,0.8176547,0.8164179,0.81321555,0.81084716,0.8088368,0.8068282,0.803569,0.8001566,0.7974477,0.795514,0.79229176,0.7893909,0.7878369,0.7851623,0.7833742,0.7796582,0.7773355,0.77530396,0.77278876,0.7701686,0.7669061,0.7623246,0.7618168,0.75988066,0.75813246,0.7565631,0.753727
28_real,0.7683161,0.40126014,,,,,,,,,,,0.515696,,,,,,,,,,,,,,,,,,,,,,,,,,,0.118294924,,,,,,,,,,,,,,,,,,,,,,,,,,,,,,
28_gen,0.76831615,0.7715421,0.77103627,0.770316,0.7659804,0.765214,0.76273096,0.7619109,0.7603313,0.7593168,0.75645185,0.7538389,0.75144684,0.75125897,0.7505883,0.7503148,0.75025225,0.74930793,0.7465013,0.7431858,0.7408074,0.74046993,0.7382873,0.73787653,0.73432326,0.73378426,0.73234713,0.7297212,0.7287153,0.72661096,0.723742,0.7236636,0.71818244,0.7148036,0.715526,0.71262515,0.7097241,0.70816076,0.7073032,0.7071086,0.7054452,0.7046415,0.70449793,0.70247394,0.6986124,0.69687355,0.69570637,0.69465125,0.69396144,0.69320214,0.69278127,0.69252574,0.69027615,0.68801713,0.6860594,0.6845031,0.68429184,0.68393296,0.6820973,0.68072903,0.67730427,0.6764523,0.6743721,0.6689764,0.6688898,0.6680722,0.6662375,0.66460615,0.66247505,0.6620219
29_real,-0.558692,-0.8834495,,,,,,,,,,,-0.5249624,,,,,,,,,,,,,,,,,,,,,,,,,,,-0.9364641,,,,,,,,,,,,,,,,,,,,,,,,,,,,,,
29_gen,-0.558692,-0.56023705,-0.5616473,-0.5611569,-0.56180906,-0.561118,-0.56250864,-0.5630218,-0.56312275,-0.56523204,-0.5680808,-0.56797963,-0.5688277,-0.5709177,-0.5717031,-0.57308835,-0.57328504,-0.57377625,-0.57480365,-0.576285,-0.5777344,-0.5785021,-0.5809683,-0.5826439,-0.58261025,-0.5829303,-0.5828642,-0.5844838,-0.5857268,-0.5868226,-0.58754313,-0.5882324,-0.58884555,-0.58998066,-0.59042466,-0.5904343,-0.59139687,-0.5925175,-0.5917281,-0.59059036,-0.59102905,-0.591246,-0.59222853,-0.593784,-0.5939829,-0.5953514,-0.5970578,-0.5979277,-0.5975328,-0.5995406,-0.5996038,-0.6011535,-0.60208416,-0.60400635,-0.60527194,-0.6054133,-0.60848564,-0.60948086,-0.6114639,-0.61159647,-0.61192733,-0.6116327,-0.61290455,-0.61423814,-0.61563575,-0.61696434,-0.61887646,-0.61954916,-0.6215467,-0.62202966
30_real,-0.09699116,-0.5166662,,,,,,,,,,,-0.17024043,,,,,,,,,,,,,,,,,,,,,,,,,,,-0.6621902,,,,,,,,,,,,,,,,,,,,,,,,,,,,,,
30_gen,-0.09699117,-0.111613296,-0.12542614,-0.13363665,-0.14087415,-0.14935635,-0.15519887,-0.16493568,-0.17728381,-0.18784064,-0.19662221,-0.19816415,-0.20449896,-0.21000926,-0.21279755,-0.21685836,-0.22497058,-0.23714979,-0.24498367,-0.2540067,-0.27052903,-0.27862093,-0.28557828,-0.29345736,-0.30573058,-0.3131222,-0.32098123,-0.3290177,-0.33257246,-0.34481624,-0.35556334,-0.3674949,-0.37358057,-0.37575084,-0.3808908,-0.39109957,-0.39710766,-0.4045643,-0.4168798,-0.42590237,-0.4354373,-0.44497314,-0.45186839,-0.45957303,-0.46876526,-0.48039037,-0.49143115,-0.50419825,-0.5122463,-0.51885617,-0.5289076,-0.5309951,-0.5442653,-0.5533606,-0.5650385,-0.567664,-0.5807899,-0.58750266,-0.5940918,-0.60216165,-0.6056123,-0.61262304,-0.6215595,-0.6383382,-0.64902556,-0.65840894,-0.6713004,-0.67650694,-0.68101805,-0.6841981
31_real,1.0299014,0.99819785,,,,,,,,,,,1.483536,,,,,,,,,,,,,,,,,,,,,,,,,,,1.3638322,,,,,,,,,,,,,,,,,,,,,,,,,,,,,,
31_gen,1.0299014,1.0192549,1.008388,1.0001704,0.99260473,0.9882983,0.9838584,0.9775195,0.97393876,0.96573085,0.96066254,0.95115626,0.9464952,0.9362749,0.92438745,0.91745394,0.9146861,0.9125611,0.90399694,0.8972002,0.88963854,0.88817805,0.8772167,0.86818373,0.86635697,0.8623641,0.85255575,0.8512683,0.8469291,0.8447895,0.8399191,0.8338876,0.81996167,0.8124409,0.80711305,0.7994489,0.79305613,0.78353435,0.7807931,0.7725913,0.76954365,0.76421154,0.75917953,0.74939793,0.73947245,0.73721176,0.7315182,0.7202524,0.7113087,0.7039434,0.6998278,0.69015145,0.6825536,0.67218155,0.66084164,0.6503017,0.64435184,0.6368944,0.62846196,0.6228939,0.61127234,0.59812057,0.58384794,0.5769621,0.5639003,0.55302495,0.54298604,0.53211844,0.5228752,0.51798856
32_real,0.28383693,0.564029,,,,,,,,,,,0.6260721,,,,,,,,,,,,,,,,,,,,,,,,,,,0.43583545,,,,,,,,,,,,,,,,,,,,,,,,,,,,,,
32_gen,0.2838369,0.2828455,0.27923894,0.27791902,0.274908,0.2743636,0.2710432,0.26771516,0.26189476,0.25764734,0.2519599,0.24737604,0.24548522,0.24470088,0.2419091,0.24110074,0.2371809,0.23544642,0.2327936,0.23014927,0.22637537,0.21822748,0.21706946,0.21224451,0.20838828,0.20594046,0.20209686,0.19906397,0.19878876,0.19596633,0.19269386,0.193593,0.1887252,0.18594554,0.18282251,0.17982073,0.17902325,0.17458563,0.17061763,0.17085885,0.16651352,0.16660956,0.16607526,0.16438478,0.16005975,0.15734689,0.15639384,0.15479521,0.15497753,0.15088114,0.14956316,0.14744565,0.14520434,0.14178166,0.13827741,0.135144,0.13237844,0.12963982,0.1265893,0.12197502,0.12081418,0.11470984,0.11140227,0.11101905,0.10867238,0.104674056,0.100818455,0.10077989,0.09730077,0.09190782
33_real,0.7363567,0.7836427,,,,,,,,,,,0.9926177,,,,,,,,,,,,,,,,,,,,,,,,,,,0.81700474,,,,,,,,,,,,,,,,,,,,,,,,,,,,,,
33_gen,0.7363567,0.73546,0.7354865,0.7326046,0.7297105,0.72682345,0.72111654,0.7208811,0.71889246,0.71792305,0.718061,0.7141328,0.7118956,0.7078223,0.70123607,0.69959223,0.6959117,0.6929815,0.6908976,0.68743956,0.6868061,0.68492705,0.68106616,0.680793,0.6801994,0.67557037,0.6738144,0.6706763,0.67046475,0.6680053,0.6643341,0.66027933,0.6580148,0.6574708,0.6553639,0.6537367,0.6535646,0.6511696,0.65188235,0.6509818,0.64928395,0.64722395,0.64728564,0.64528096,0.64193237,0.6410066,0.63968843,0.6381799,0.6376226,0.6356342,0.632949,0.63265514,0.6294424,0.62979114,0.6273289,0.62541175,0.62377465,0.62420833,0.62543327,0.6232226,0.62082523,0.6199497,0.6186093,0.6199388,0.6176996,0.6140554,0.6096997,0.6078443,0.6069719,0.6042813
34_real,0.7595816,0.83269054,,,,,,,,,,,1.1090153,,,,,,,,,,,,,,,,,,,,,,,,,,,0.938783,,,,,,,,,,,,,,,,,,,,,,,,,,,,,,
34_gen,0.7595816,0.76411396,0.76840556,0.7678507,0.76913416,0.77063704,0.77311385,0.77348673,0.77028644,0.76911926,0.7703926,0.7685517,0.7655957,0.7658893,0.7651762,0.763827,0.7643783,0.7632275,0.7598403,0.76169753,0.76433194,0.7629179,0.7644733,0.7657233,0.7677279,0.7621891,0.76047766,0.7614943,0.7598634,0.7598807,0.7607099,0.76311386,0.76257217,0.76137835,0.7612489,0.760196,0.757895,0.76069045,0.7581142,0.75538987,0.7537433,0.75088537,0.75049895,0.747905,0.74597937,0.74440056,0.74525297,0.7467319,0.7444087,0.7459461,0.7435366,0.74149054,0.740218,0.7396438,0.7392534,0.7376963,0.7369629,0.73335326,0.73343515,0.7326826,0.7323399,0.73048437,0.7310897,0.72962934,0.7274108,0.72651994,0.72382677,0.72122175,0.7171755,0.716883
35_real,0.40514696,0.29413128,,,,,,,,,,,0.7635521,,,,,,,,,,,,,,,,,,,,,,,,,,,0.16627404,,,,,,,,,,,,,,,,,,,,,,,,,,,,,,
35_gen,0.40514702,0.4044215,0.40702376,0.40714636,0.40799165,0.4091274,0.41006765,0.41035137,0.40998697,0.40909967,0.40923518,0.40650883,0.4057139,0.40635672,0.4035589,0.40078798,0.40165573,0.39901185,0.39714393,0.39288744,0.3924598,0.3901169,0.39117223,0.39059994,0.3902747,0.38707173,0.384448,0.3841309,0.3822383,0.3806679,0.3790205,0.377066,0.37682122,0.37569088,0.37509012,0.37377685,0.37278274,0.3728829,0.3717024,0.37169066,0.37099558,0.37142298,0.37059072,0.36852682,0.36534995,0.36341017,0.3602965,0.36096305,0.36047426,0.35732672,0.35605663,0.35422787,0.35156056,0.35055304,0.34824952,0.34352884,0.3429465,0.3432409,0.34495133,0.34147063,0.34002662,0.3342041,0.3339939,0.33171824,0.33251113,0.32894343,0.33016592,0.32895353,0.3263535,0.32275018
36_real,-0.8040622,-0.5469537,,,,,,,,,,,-0.43507347,,,,,,,,,,,,,,,,,,,,,,,,,,,-0.7066666,,,,,,,,,,,,,,,,,,,,,,,,,,,,,,
36_gen,-0.80406225,-0.80189484,-0.79946315,-0.8049426,-0.8077115,-0.80704415,-0.8112472,-0.81152314,-0.81109744,-0.8124037,-0.8144525,-0.8148039,-0.8169562,-0.8111738,-0.8135335,-0.8193086,-0.8262388,-0.8285055,-0.8324111,-0.8361473,-0.8364593,-0.84346646,-0.84626293,-0.8485743,-0.8527541,-0.8498968,-0.8490092,-0.8495801,-0.8478626,-0.8428011,-0.84894484,-0.849572,-0.8483674,-0.84694993,-0.84967536,-0.8462688,-0.85027486,-0.8524461,-0.85708445,-0.857978,-0.85528404,-0.8556197,-0.85362417,-0.85631704,-0.85808694,-0.86056435,-0.8594845,-0.8611741,-0.8646563,-0.8715863,-0.86992896,-0.86802644,-0.8692018,-0.86673766,-0.8660191,-0.8618652,-0.8653372,-0.8664653,-0.8660771,-0.8710491,-0.8768895,-0.8761101,-0.8733303,-0.8716904,-0.870206,-0.8709782,-0.8706333,-0.8719619,-0.8683562,-0.866351
37_real,0.3288405,0.37152973,,,,,,,,,,,0.65635383,,,,,,,,,,,,,,,,,,,,,,,,,,,0.13767618,,,,,,,,,,,,,,,,,,,,,,,,,,,,,,
37_gen,0.3288405,0.3209206,0.31828725,0.31440917,0.30929762,0.3062752,0.30107522,0.29880628,0.29643437,0.29242507,0.28894404,0.28976634,0.2899385,0.28939468,0.28709513,0.28713176,0.2879023,0.28664055,0.2887627,0.28769654,0.28504342,0.28267783,0.28527355,0.28459853,0.28316206,0.28555155,0.28456026,0.2803467,0.27560753,0.2744047,0.273191,0.2736155,0.27441758,0.27588707,0.27422252,0.2728235,0.27062112,0.26918647,0.2651974,0.26416644,0.26405194,0.26451144,0.26493785,0.2670934,0.26545057,0.26407963,0.26866728,0.27183625,0.27284124,0.27026367,0.2687758,0.26798326,0.2679956,0.27042812,0.26792508,0.27213043,0.27307564,0.27548796,0.27332985,0.27657765,0.27519214,0.27557606,0.27257174,0.27008286,0.2703907,0.2687127,0.26917943,0.26682135,0.26538715,0.27263713
38_real,0.9599974,1.2416509,,,,,,,,,,,1.3416244,,,,,,,,,,,,,,,,,,,,,,,,,,,0.88800377,,,,,,,,,,,,,,,,,,,,,,,,,,,,,,
38_gen,0.9599973,0.9640697,0.9675784,0.96935195,0.9704385,0.9726032,0.9762391,0.9758109,0.981629,0.98238075,0.9827372,0.98110896,0.9826478,0.9813061,0.9805849,0.9792468,0.97869813,0.9798598,0.98014545,0.9790247,0.9800003,0.9789435,0.9771905,0.97640336,0.9762642,0.9737465,0.9741305,0.9758173,0.97695696,0.9762572,0.97799,0.97546786,0.9760081,0.9718528,0.9710029,0.96715736,0.96391946,0.9663537,0.96237355,0.9598144,0.95977765,0.9571328,0.95308906,0.95451355,0.95470715,0.9549227,0.9512235,0.9495017,0.94665796,0.9441701,0.9412373,0.94206226,0.9406932,0.9360814,0.9364293,0.9317063,0.93139374,0.93006325,0.9293796,0.9268549,0.92332757,0.9206525,0.9200119,0.9206165,0.91998625,0.91867864,0.9193589,0.9166768,0.9144456,0.91306037
39_real,-0.617348,-0.81403214,,,,,,,,,,,-0.49249873,,,,,,,,,,,,,,,,,,,,,,,,,,,-0.9671789,,,,,,,,,,,,,,,,,,,,,,,,,,,,,,
39_gen,-0.6173481,-0.6180091,-0.62373364,-0.6247216,-0.6283139,-0.6311197,-0.6352464,-0.63660467,-0.6394677,-0.64245945,-0.6442553,-0.6431666,-0.6430084,-0.64156044,-0.64263093,-0.6454797,-0.6472855,-0.6453481,-0.6502132,-0.65209043,-0.65461123,-0.65728796,-0.6612524,-0.66437584,-0.665335,-0.6716179,-0.6723796,-0.6732572,-0.6777772,-0.6809938,-0.68032986,-0.6832252,-0.68529665,-0.6868986,-0.68963253,-0.69131416,-0.6924757,-0.69328177,-0.6953621,-0.69635475,-0.69310296,-0.69241655,-0.6943942,-0.70161045,-0.7029373,-0.7047089,-0.7084023,-0.71234196,-0.7152982,-0.71535057,-0.71617645,-0.720466,-0.71972054,-0.7220909,-0.71808463,-0.7194986,-0.7223047,-0.71926546,-0.7195515,-0.721275,-0.72368276,-0.7258974,-0.7261869,-0.7273626,-0.7280048,-0.72926795,-0.728948,-0.73141056,-0.73456717,-0.7379767
40_real,-1.5547833,-1.322619,,,,,,,,,,,-1.341125,,,,,,,,,,,,,,,,,,,,,,,,,,,-1.5759342,,,,,,,,,,,,,,,,,,,,,,,,,,,,,,
40_gen,-1.5547832,-1.5618292,-1.5667579,-1.5724661,-1.5718737,-1.5727695,-1.5741664,-1.5751735,-1.5745683,-1.5749509,-1.5774461,-1.5799301,-1.5790634,-1.5823915,-1.5857981,-1.5853376,-1.5891842,-1.5889171,-1.5929011,-1.5949625,-1.5979949,-1.6006008,-1.5993304,-1.5969932,-1.5984936,-1.5977299,-1.5957756,-1.5944917,-1.5940611,-1.5978029,-1.5967538,-1.5948145,-1.593081,-1.5937577,-1.5978264,-1.5978391,-1.5958155,-1.5971029,-1.6001294,-1.600161,-1.6000206,-1.6025982,-1.6062384,-1.610644,-1.6136805,-1.6156101,-1.6207981,-1.6243824,-1.6271026,-1.6300303,-1.6326529,-1.6391363,-1.6425871,-1.6438913,-1.6427053,-1.6484044,-1.6507794,-1.65457,-1.6559293,-1.6593018,-1.6607301,-1.6634964,-1.6663986,-1.6682485,-1.6649885,-1.6650398,-1.6684406,-1.6682987,-1.6726856,-1.672776
41_real,0.5672485,-0.15521549,,,,,,,,,,,0.4901327,,,,,,,,,,,,,,,,,,,,,,,,,,,0.015981708,,,,,,,,,,,,,,,,,,,,,,,,,,,,,,
41_gen,0.56724846,0.5553018,0.5450748,0.5376817,0.53535426,0.5303359,0.52354276,0.51880586,0.51478255,0.51149,0.5095258,0.505145,0.49864736,0.49303418,0.4927279,0.48711047,0.48411012,0.48546728,0.47599897,0.47563356,0.47485185,0.47109175,0.46875978,0.46799928,0.4659019,0.46550098,0.46451873,0.46289587,0.462938,0.46030635,0.4599661,0.45609403,0.45837122,0.45672655,0.45598006,0.45366788,0.44786358,0.44597635,0.44602817,0.44343847,0.4417315,0.43506518,0.43030897,0.42677706,0.4248442,0.42117405,0.41959542,0.41952118,0.41679734,0.414241,0.4108935,0.41164503,0.4086501,0.40371627,0.39871606,0.39289147,0.3899221,0.38866833,0.3868305,0.38159046,0.37798902,0.37037623,0.36692062,0.36749464,0.3662319,0.36403432,0.3592659,0.35570213,0.3506702,0.3479583
42_real,-0.19962487,-0.47069967,,,,,,,,,,,0.12125584,,,,,,,,,,,,,,,,,,,,,,,,,,,-0.5508355,,,,,,,,,,,,,,,,,,,,,,,,,,,,,,
42_gen,-0.19962488,-0.20378956,-0.21186276,-0.21810603,-0.22429803,-0.22930829,-0.23337822,-0.23704377,-0.24372976,-0.25002843,-0.25512624,-0.2601549,-0.26592028,-0.270129,-0.27412555,-0.27826506,-0.28371817,-0.2888202,-0.2947565,-0.3007141,-0.30587795,-0.30947247,-0.3127271,-0.3152161,-0.320403,-0.3249265,-0.3281974,-0.33154482,-0.33636957,-0.34087247,-0.3449042,-0.35020143,-0.3558483,-0.36086014,-0.36708185,-0.37044775,-0.37359574,-0.37716085,-0.380552,-0.38490683,-0.38886964,-0.3930389,-0.39705533,-0.40110645,-0.40868655,-0.41329798,-0.41862184,-0.42282948,-0.42867398,-0.43462315,-0.43774372,-0.4421916,-0.4468689,-0.45389634,-0.4583052,-0.46274027,-0.4666378,-0.46945986,-0.4733514,-0.47715688,-0.4808219,-0.48690614,-0.49245048,-0.49743637,-0.5019619,-0.50401205,-0.50751334,-0.5117145,-0.51564395,-0.5196538
43_real,1.2415464,1.1148822,,,,,,,,,,,1.5820084,,,,,,,,,,,,,,,,,,,,,,,,,,,1.1924864,,,,,,,,,,,,,,,,,,,,,,,,,,,,,,
43_gen,1.2415465,1.2356865,1.2307905,1.2273905,1.2219361,1.2148528,1.209163,1.2026986,1.1978506,1.1912048,1.1868539,1.1801955,1.1765727,1.1723965,1.1661872,1.1621543,1.1560688,1.1518505,1.1463355,1.1417801,1.1376479,1.1309816,1.1270111,1.1220682,1.1170506,1.1128069,1.10925,1.1018758,1.0968865,1.0909812,1.0858777,1.079129,1.0729426,1.0664922,1.0612159,1.0574472,1.052325,1.0467623,1.0424321,1.0375717,1.0318804,1.0264355,1.0207984,1.0149628,1.0100628,1.0060489,1.0000069,0.9934913,0.9901422,0.9870881,0.9828731,0.9783475,0.9734295,0.9657612,0.9623407,0.9574379,0.95180047,0.9458823,0.94233626,0.9387045,0.93436253,0.927924,0.9244528,0.91749257,0.9123619,0.90639627,0.9011013,0.89813936,0.893576,0.88713294
44_real,0.44761363,0.9491313,,,,,,,,,,,0.84492844,,,,,,,,,,,,,,,,,,,,,,,,,,,0.5691702,,,,,,,,,,,,,,,,,,,,,,,,,,,,,,
44_gen,0.44761366,0.43871695,0.43335205,0.42886487,0.42434493,0.41990882,0.41526943,0.41019195,0.40575045,0.4019208,0.39720744,0.3916358,0.38991517,0.38674262,0.38380688,0.3820859,0.3812998,0.37815025,0.37625355,0.37181002,0.36560482,0.36260253,0.3582659,0.35675663,0.35547614,0.35111615,0.34878457,0.34756193,0.34330314,0.34037605,0.3368138,0.33352798,0.33122423,0.32788348,0.3258037,0.32452497,0.3230084,0.3217249,0.3192987,0.3160177,0.31439427,0.3130766,0.31025213,0.30734307,0.307561,0.30558568,0.30424675,0.3023165,0.2991921,0.29751155,0.29714745,0.29321715,0.29148418,0.29039946,0.28512138,0.28481904,0.28319088,0.28241858,0.2800421,0.27543062,0.2748849,0.27274567,0.26844022,0.2663399,0.26426518,0.26019278,0.2590493,0.25624412,0.2565246,0.25340226
45_real,1.0453595,1.0540941,,,,,,,,,,,1.6031249,,,,,,,,,,,,,,,,,,,,,,,,,,,0.7762857,,,,,,,,,,,,,,,,,,,,,,,,,,,,,,
45_gen,1.0453595,1.0410465,1.0397584,1.035557,1.0314786,1.0273302,1.0238216,1.0201024,1.0165905,1.0143135,1.0114765,1.0075716,1.004262,1.0000963,0.99565965,0.99339306,0.987978,0.9815939,0.980114,0.97639644,0.97223216,0.9697836,0.96834326,0.96477187,0.96324646,0.9592021,0.95778036,0.9563612,0.95378065,0.94612485,0.94083166,0.93615514,0.9328928,0.9293548,0.9266782,0.9242916,0.92096823,0.91749656,0.9122241,0.9086323,0.90506554,0.90144205,0.89753675,0.89142054,0.8882019,0.88385326,0.87936485,0.87733686,0.8745465,0.86937296,0.8676404,0.8664667,0.8591736,0.8578,0.85462075,0.85253847,0.8476201,0.84603536,0.84172153,0.84058076,0.8359083,0.8345169,0.8302202,0.82618874,0.8245007,0.82179034,0.8190808,0.81556714,0.8125237,0.81153524
46_real,1.2458452,1.2216935,,,,,,,,,,,1.7221141,,,,,,,,,,,,,,,,,,,,,,,,,,,1.0951648,,,,,,,,,,,,,,,,,,,,,,,,,,,,,,
46_gen,1.2458451,1.2386218,1.2315633,1.2256339,1.220981,1.2151203,1.2101119,1.2058572,1.2005167,1.1972039,1.1931322,1.1891959,1.1856757,1.1827705,1.1798227,1.1761817,1.1717978,1.1687443,1.1655536,1.161712,1.1583529,1.1551893,1.151886,1.1480461,1.1449087,1.1420147,1.1391286,1.1368368,1.1334847,1.1296098,1.1265268,1.1239282,1.1210942,1.118828,1.1146039,1.1124749,1.1097709,1.10584,1.101782,1.0985564,1.0958475,1.0921583,1.0896124,1.0864017,1.0837963,1.0798079,1.0779308,1.0752596,1.0725218,1.0696661,1.0667179,1.062875,1.0586159,1.0549215,1.0518005,1.0478376,1.044761,1.0424168,1.0387791,1.0352403,1.0313522,1.0286634,1.0263637,1.0231484,1.0193832,1.0157622,1.012912,1.01058,1.0059901,1.0022458
47_real,-0.5453902,-0.44554514,,,,,,,,,,,-0.27028254,,,,,,,,,,,,,,,,,,,,,,,,,,,-0.6138184,,,,,,,,,,,,,,,,,,,,,,,,,,,,,,
47_gen,-0.5453902,-0.55260295,-0.5587908,-0.56386864,-0.56966484,-0.5747097,-0.58015645,-0.58529335,-0.59305596,-0.5971281,-0.6014303,-0.6057068,-0.61056846,-0.615098,-0.6205668,-0.62535113,-0.62913686,-0.634636,-0.63897836,-0.641414,-0.64627635,-0.6527047,-0.6558482,-0.66117036,-0.6653968,-0.67122453,-0.67532575,-0.6791146,-0.68443793,-0.6896975,-0.6923105,-0.69684374,-0.7004784,-0.7050764,-0.7120333,-0.7162223,-0.72081834,-0.7260498,-0.73021764,-0.733871,-0.738426,-0.74334234,-0.74751616,-0.75283754,-0.75873595,-0.7624716,-0.7668908,-0.77139825,-0.7778188,-0.7826595,-0.7860879,-0.79077756,-0.7951149,-0.8008362,-0.80579984,-0.8111104,-0.8152359,-0.81771135,-0.8226225,-0.8282029,-0.832602,-0.83781797,-0.8425828,-0.8492643,-0.8556808,-0.8624109,-0.8662618,-0.87275475,-0.877656,-0.8833184
48_real,-0.20481971,-0.17174499,,,,,,,,,,,-0.01375356,,,,,,,,,,,,,,,,,,,,,,,,,,,-0.31369594,,,,,,,,,,,,,,,,,,,,,,,,,,,,,,
48_gen,-0.20481971,-0.21284822,-0.22046416,-0.22634888,-0.23198576,-0.23872598,-0.24553879,-0.25038627,-0.2546323,-0.2588582,-0.264787,-0.27006942,-0.27476266,-0.2798464,-0.28508097,-0.28987408,-0.2961328,-0.30093545,-0.3062127,-0.31200808,-0.31860355,-0.32253075,-0.32539946,-0.33042604,-0.33502397,-0.3370576,-0.34146285,-0.34598947,-0.3502935,-0.35536394,-0.36067423,-0.36494792,-0.36820543,-0.37272486,-0.37750942,-0.3829891,-0.38853475,-0.39387843,-0.399996,-0.40492272,-0.40971977,-0.41307563,-0.41786593,-0.42369103,-0.42841926,-0.43431062,-0.43932167,-0.44434866,-0.4491056,-0.45207605,-0.45801458,-0.46470252,-0.4705286,-0.47546554,-0.4810961,-0.4863051,-0.48907885,-0.49312153,-0.49738932,-0.5018067,-0.50536764,-0.51188236,-0.51473844,-0.5189106,-0.5241309,-0.52968013,-0.5352859,-0.5393001,-0.54415303,-0.55006915
49_real,-0.21170026,-0.8080277,,,,,,,,,,,-0.2535378,,,,,,,,,,,,,,,,,,,,,,,,,,,-1.0001392,,,,,,,,,,,,,,,,,,,,,,,,,,,,,,
49_gen,-0.21170023,-0.21949235,-0.2304711,-0.2397506,-0.24434216,-0.25135985,-0.26136535,-0.27006388,-0.27748692,-0.28339067,-0.29128188,-0.29832906,-0.30688852,-0.31283537,-0.31993455,-0.32523495,-0.33085185,-0.33998585,-0.34635335,-0.35120246,-0.36001152,-0.36531276,-0.3713525,-0.3774845,-0.3854513,-0.39396837,-0.40049028,-0.40919393,-0.41944233,-0.42492992,-0.43125647,-0.43755546,-0.4443458,-0.4522335,-0.4599347,-0.46702686,-0.47313112,-0.4780356,-0.48658115,-0.49309224,-0.49972948,-0.50947464,-0.5142801,-0.52203,-0.5322956,-0.53635365,-0.5453481,-0.55224687,-0.5622213,-0.5668543,-0.57178974,-0.58033925,-0.58412087,-0.5874196,-0.59594023,-0.60347825,-0.6091038,-0.6182212,-0.62711334,-0.6336504,-0.6393377,-0.64844066,-0.6564559,-0.6654723,-0.67238647,-0.6794201,-0.6854301,-0.69381773,-0.7011128,-0.70666915
50_real,-0.14811413,-0.34588504,,,,,,,,,,,-0.031245386,,,,,,,,,,,,,,,,,,,,,,,,,,,-0.5067206,,,,,,,,,,,,,,,,,,,,,,,,,,,,,,
50_gen,-0.14811411,-0.16065606,-0.16966704,-0.1806877,-0.19094618,-0.1969647,-0.20616977,-0.21447079,-0.22081585,-0.2278041,-0.23690727,-0.24469483,-0.25003025,-0.25631666,-0.2655571,-0.27304664,-0.27903837,-0.28546622,-0.2913929,-0.29922107,-0.30889037,-0.3175416,-0.32552308,-0.33410424,-0.34382898,-0.35312772,-0.36220604,-0.36864093,-0.3782453,-0.3867052,-0.3947017,-0.40605885,-0.41419134,-0.4224166,-0.43353605,-0.4389112,-0.4474658,-0.45573083,-0.46585712,-0.47813195,-0.48494706,-0.49083033,-0.49769074,-0.50697505,-0.51609075,-0.52018034,-0.52577126,-0.53409106,-0.54272044,-0.5519514,-0.5608333,-0.5681652,-0.5734815,-0.5850414,-0.5920334,-0.5978756,-0.60792637,-0.6156872,-0.6232681,-0.63172984,-0.64138097,-0.65167266,-0.65993357,-0.67128813,-0.68286735,-0.69164455,-0.7032245,-0.7095052,-0.7170156,-0.72794735
51_real,0.51848567,0.134631,,,,,,,,,,,0.534401,,,,,,,,,,,,,,,,,,,,,,,,,,,0.110830955,,,,,,,,,,,,,,,,,,,,,,,,,,,,,,
51_gen,0.5184856,0.51272523,0.50870764,0.49985996,0.49101925,0.48243737,0.47292894,0.4645954,0.45531148,0.44866318,0.44554877,0.43644047,0.4277141,0.42168054,0.41664758,0.41077036,0.40767628,0.40272933,0.39777622,0.3935771,0.3906644,0.3861886,0.37865785,0.3755979,0.37207007,0.36807543,0.3630061,0.3621699,0.3607468,0.35478577,0.34907502,0.34566084,0.34199813,0.33483666,0.32828313,0.32208067,0.31705487,0.31365103,0.31027162,0.30701357,0.30155382,0.29898265,0.29384923,0.29004183,0.28844544,0.28290504,0.27871227,0.27057296,0.26785493,0.26021376,0.25934857,0.25420576,0.2499201,0.2452291,0.24441376,0.24070105,0.23859045,0.23161754,0.22647361,0.22322781,0.21724615,0.21205314,0.2065057,0.201134,0.19865537,0.19303894,0.19082776,0.1854308,0.17964543,0.1741157
52_real,-0.5490478,-0.9075939,,,,,,,,,,,-0.59522724,,,,,,,,,,,,,,,,,,,,,,,,,,,-0.70373267,,,,,,,,,,,,,,,,,,,,,,,,,,,,,,
52_gen,-0.5490479,-0.5537131,-0.56160057,-0.56758606,-0.57234716,-0.57726157,-0.5824225,-0.5886484,-0.5924313,-0.59769344,-0.6048768,-0.6087221,-0.6130243,-0.6172999,-0.62242526,-0.62652785,-0.63082904,-0.63725996,-0.64367896,-0.6464721,-0.6525275,-0.6534027,-0.6569189,-0.6627468,-0.6659553,-0.6704236,-0.67547506,-0.67719066,-0.6807989,-0.68537575,-0.688717,-0.6927968,-0.69605684,-0.701121,-0.70587605,-0.7083534,-0.71511745,-0.71792835,-0.72072536,-0.72463864,-0.7301635,-0.7343691,-0.73994225,-0.74363595,-0.7475256,-0.7529586,-0.7564528,-0.7597392,-0.7639698,-0.76794195,-0.7759124,-0.78268814,-0.7871849,-0.78896934,-0.7911229,-0.79502493,-0.7981477,-0.80322504,-0.8046872,-0.80874807,-0.81545126,-0.8210885,-0.8262639,-0.829939,-0.8308226,-0.8395227,-0.84419346,-0.8455784,-0.85167587,-0.8538995
53_real,1.0685498,1.1672941,,,,,,,,,,,1.0783077,,,,,,,,,,,,,,,,,,,,,,,,,,,1.1439909,,,,,,,,,,,,,,,,,,,,,,,,,,,,,,
53_gen,1.0685499,1.0678078,1.0590471,1.05514,1.0488762,1.0407112,1.0367664,1.0291148,1.0297248,1.0230005,1.0196651,1.0182647,1.0133779,1.007981,1.004545,0.9997552,0.9904577,0.98644125,0.98200434,0.9813223,0.9804605,0.9723276,0.96302617,0.95709723,0.95206815,0.94731224,0.9422576,0.9371791,0.9344667,0.92455655,0.91885865,0.9108982,0.90738344,0.9023398,0.89964545,0.89045125,0.8827429,0.87596494,0.8723545,0.8672422,0.86065733,0.8606167,0.8543646,0.8441762,0.8343061,0.82670164,0.8229616,0.81807643,0.81664103,0.8075204,0.8019474,0.8010715,0.8002218,0.79592097,0.78955597,0.7794524,0.7723987,0.7654764,0.7596401,0.7582795,0.75305855,0.74591696,0.7388103,0.73192203,0.7199384,0.71463686,0.7068534,0.7028163,0.69703704,0.691731
54_real,1.3773177,0.5915387,,,,,,,,,,,0.6944392,,,,,,,,,,,,,,,,,,,,,,,,,,,0.6234026,,,,,,,,,,,,,,,,,,,,,,,,,,,,,,
54_gen,1.3773175,1.3623132,1.3538133,1.3474312,1.3377415,1.3261029,1.3261156,1.3122886,1.308462,1.3014458,1.2923,1.2867562,1.2784321,1.2661924,1.252229,1.2402692,1.2359781,1.2304417,1.229936,1.2252481,1.2208657,1.2118572,1.2035596,1.1946323,1.1882491,1.1817565,1.1757679,1.1704966,1.1632905,1.1540661,1.1500738,1.1411388,1.1342087,1.1251336,1.1169789,1.1084163,1.0970929,1.0900509,1.0868177,1.0806229,1.0728967,1.068242,1.0609177,1.0477636,1.0379328,1.0321203,1.0247988,1.0224154,1.0184052,1.0087807,0.99924356,0.9957568,0.98682225,0.9749136,0.96932393,0.9594986,0.9543152,0.94934654,0.94360334,0.93951255,0.93448126,0.9306799,0.92050827,0.9131864,0.9042279,0.89576274,0.88850534,0.8812231,0.8726514,0.8635548
55_real,-0.75255674,-0.9038574,,,,,,,,,,,-0.5498056,,,,,,,,,,,,,,,,,,,,,,,,,,,-0.8882902,,,,,,,,,,,,,,,,,,,,,,,,,,,,,,
55_gen,-0.75255674,-0.75380504,-0.75601536,-0.75853676,-0.76295316,-0.7666351,-0.77180105,-0.77522933,-0.7776671,-0.7805708,-0.78566,-0.788704,-0.7897045,-0.79342365,-0.79613173,-0.80041325,-0.8034403,-0.8098459,-0.81370103,-0.81477547,-0.820331,-0.82365733,-0.8305057,-0.83451205,-0.83824575,-0.8407918,-0.8446635,-0.8492158,-0.85289925,-0.85816115,-0.8618132,-0.8670026,-0.87095755,-0.8757388,-0.87957174,-0.88262975,-0.8855952,-0.8932818,-0.8974527,-0.9024688,-0.9069729,-0.9104031,-0.91535157,-0.91957486,-0.92363614,-0.92516166,-0.9279401,-0.93239105,-0.93661755,-0.9414388,-0.9469695,-0.954315,-0.959542,-0.96454364,-0.9693674,-0.97446346,-0.97646743,-0.9805257,-0.9843811,-0.98906744,-0.9936584,-0.997515,-1.0034462,-1.006242,-1.0088791,-1.0147893,-1.0201132,-1.0243114,-1.030205,-1.0365547
56_real,-0.7618408,-0.8605265,,,,,,,,,,,-0.80930656,,,,,,,,,,,,,,,,,,,,,,,,,,,-1.0107518,,,,,,,,,,,,,,,,,,,,,,,,,,,,,,
56_gen,-0.7618408,-0.7654953,-0.76700675,-0.76953244,-0.77299774,-0.7749738,-0.7770926,-0.779934,-0.7817261,-0.78614426,-0.7877815,-0.79068786,-0.79268473,-0.7944611,-0.79620326,-0.7972524,-0.79854643,-0.80133235,-0.8030077,-0.8070427,-0.81019175,-0.81417435,-0.81863844,-0.8228197,-0.8257535,-0.827127,-0.8309022,-0.8340155,-0.8384837,-0.8383807,-0.8392855,-0.8419693,-0.84702796,-0.84979725,-0.85174334,-0.85533416,-0.8562153,-0.8604552,-0.86394626,-0.86586154,-0.86906385,-0.8745042,-0.88012725,-0.8813122,-0.8872485,-0.8893957,-0.8925707,-0.89573497,-0.9007306,-0.90268725,-0.90512955,-0.90810645,-0.91163474,-0.91478384,-0.91808987,-0.91936207,-0.9226613,-0.9240078,-0.92643833,-0.93164796,-0.93479747,-0.9396145,-0.9423383,-0.9445143,-0.94526184,-0.9495474,-0.9535233,-0.9555562,-0.9565048,-0.95749104
57_real,-0.8589985,-0.4604753,,,,,,,,,,,-0.3381658,,,,,,,,,,,,,,,,,,,,,,,,,,,-0.58563274,,,,,,,,,,,,,,,,,,,,,,,,,,,,,,
57_gen,-0.8589984,-0.8636006,-0.87123126,-0.88076514,-0.8905166,-0.8942353,-0.8988714,-0.9077403,-0.9137977,-0.92303306,-0.9298398,-0.936533,-0.94288033,-0.9455916,-0.9503256,-0.954245,-0.95847607,-0.963181,-0.97167397,-0.9780448,-0.9859257,-0.9946887,-0.9996923,-1.0048854,-1.0092359,-1.0142394,-1.0179389,-1.0255208,-1.0324615,-1.0406842,-1.0454599,-1.0503433,-1.0568769,-1.0653,-1.0727785,-1.0788574,-1.0863001,-1.0931053,-1.0991802,-1.106527,-1.112869,-1.1185893,-1.1263996,-1.1327718,-1.140085,-1.143988,-1.1485243,-1.1505014,-1.1561224,-1.1642377,-1.1718524,-1.1749762,-1.179296,-1.1863368,-1.193011,-1.1995815,-1.2086576,-1.2198141,-1.227775,-1.234548,-1.2396594,-1.2456703,-1.251904,-1.2564373,-1.2625711,-1.2712494,-1.2803864,-1.2887285,-1.2963527,-1.3018239
58_real,0.8585745,0.99660194,,,,,,,,,,,0.8778309,,,,,,,,,,,,,,,,,,,,,,,,,,,0.7518505,,,,,,,,,,,,,,,,,,,,,,,,,,,,,,
58_gen,0.8585745,0.8469893,0.84021646,0.8273438,0.81880635,0.80815905,0.80142564,0.7918614,0.7818305,0.7755975,0.76495284,0.75790584,0.74692,0.7413353,0.7312815,0.72623736,0.7212647,0.71786535,0.7129162,0.7060515,0.6991089,0.69262207,0.68781245,0.68096805,0.6735085,0.66692334,0.65817535,0.6524867,0.6483856,0.64127874,0.6335701,0.6270049,0.6193355,0.61856097,0.609801,0.59930485,0.5950898,0.5907999,0.5851463,0.5757736,0.56948125,0.5629829,0.55868316,0.5545123,0.5477434,0.54253805,0.53621763,0.5287286,0.52143353,0.51521456,0.50602293,0.49434003,0.48552862,0.48120412,0.4757839,0.46818605,0.46249956,0.46040744,0.45257968,0.44477886,0.4357264,0.42777306,0.4201974,0.41022748,0.39857912,0.39148998,0.38095525,0.37519178,0.3658722,0.35836893
59_real,0.28767654,-0.09713022,,,,,,,,,,,0.19077119,,,,,,,,,,,,,,,,,,,,,,,,,,,-0.04267367,,,,,,,,,,,,,,,,,,,,,,,,,,,,,,
59_gen,0.28767654,0.28861704,0.2863238,0.2820322,0.28030938,0.27553028,0.2738727,0.27146977,0.26751256,0.26645702,0.26292413,0.25953248,0.2562205,0.25375262,0.25206453,0.24909417,0.25004444,0.2502627,0.24924043,0.24592313,0.24642262,0.24621269,0.24436422,0.24356616,0.24192993,0.23904559,0.238224,0.23409338,0.23229352,0.22629187,0.22497852,0.2240458,0.22237185,0.22064857,0.21972005,0.21929424,0.21843807,0.21827681,0.21337119,0.20972362,0.2082398,0.2063808,0.20442843,0.20208845,0.20024462,0.19745259,0.19419028,0.19307688,0.18964514,0.18806204,0.18545434,0.184504,0.1825193,0.17971489,0.1764517,0.17442314,0.17054678,0.16998415,0.16897054,0.16704099,0.16502957,0.16238238,0.16238895,0.15887234,0.15478262,0.15234138,0.15096638,0.14851779,0.14546241,0.14132017
60_real,0.33724064,0.22080633,,,,,,,,,,,0.532442,,,,,,,,,,,,,,,,,,,,,,,,,,,0.032024592,,,,,,,,,,,,,,,,,,,,,,,,,,,,,,
60_gen,0.33724067,0.3354094,0.33397198,0.33139166,0.32756564,0.3288203,0.32690045,0.32536116,0.32342607,0.32096,0.31871933,0.31617814,0.3157857,0.31383544,0.31201297,0.3092031,0.30683872,0.30565387,0.30701438,0.30452198,0.30137247,0.29974973,0.2974158,0.29500416,0.29254287,0.29158297,0.29012203,0.2888881,0.28725728,0.28595275,0.28492063,0.28204972,0.27884245,0.27622625,0.27451906,0.2748825,0.2730933,0.2736284,0.26960737,0.2663982,0.26462856,0.26293054,0.26415828,0.260716,0.25991026,0.2583436,0.25843537,0.25807217,0.25648147,0.2530273,0.25254524,0.24942407,0.24943535,0.24578694,0.24363282,0.24262115,0.23995033,0.23901689,0.2387126,0.23696509,0.23356445,0.2316136,0.22915566,0.22631434,0.22391212,0.22267854,0.223322,0.21978176,0.21815994,0.21700604
61_real,0.021679632,-0.05720754,,,,,,,,,,,0.32945353,,,,,,,,,,,,,,,,,,,,,,,,,,,-0.15518525,,,,,,,,,,,,,,,,,,,,,,,,,,,,,,
61_gen,0.021679634,0.007993813,0.0006560501,-0.00913955,-0.015016918,-0.020981533,-0.025007203,-0.03370759,-0.043213803,-0.050231278,-0.054388266,-0.06172449,-0.068304196,-0.075099066,-0.083312936,-0.086870745,-0.09383317,-0.101152584,-0.10395019,-0.10657499,-0.11294373,-0.12007012,-0.12353213,-0.12892757,-0.13659589,-0.14102411,-0.14890136,-0.15670332,-0.15905294,-0.16244587,-0.16650966,-0.17120944,-0.17332795,-0.1742002,-0.17774566,-0.17795464,-0.18530539,-0.19264281,-0.19831356,-0.20812297,-0.21494305,-0.21864024,-0.22336085,-0.22957519,-0.23595469,-0.23895618,-0.25001436,-0.25573844,-0.2552118,-0.26009116,-0.2633372,-0.26793545,-0.27884695,-0.28484467,-0.28873724,-0.2944675,-0.30260554,-0.30781478,-0.31319958,-0.31843114,-0.32872623,-0.3409527,-0.34750676,-0.3539641,-0.360281,-0.36453837,-0.37392274,-0.3798394,-0.38797337,-0.3943705
62_real,-0.6981585,-0.8247269,,,,,,,,,,,-0.4353359,,,,,,,,,,,,,,,,,,,,,,,,,,,-0.9600457,,,,,,,,,,,,,,,,,,,,,,,,,,,,,,
62_gen,-0.69815844,-0.71252143,-0.71998495,-0.72728837,-0.7367519,-0.7455646,-0.7561603,-0.7636011,-0.7740451,-0.7777841,-0.7825638,-0.7851337,-0.7930256,-0.79816806,-0.80538255,-0.81063306,-0.8161008,-0.8221877,-0.8254256,-0.8327594,-0.8336016,-0.84208405,-0.84532595,-0.8547266,-0.861118,-0.8639889,-0.86792344,-0.87097853,-0.8743353,-0.88002634,-0.88456136,-0.8892306,-0.8942138,-0.9029347,-0.9066183,-0.91122544,-0.9141431,-0.9224566,-0.92566556,-0.930476,-0.9367607,-0.9429849,-0.9458969,-0.9506133,-0.9574591,-0.960972,-0.96603394,-0.97528917,-0.97964704,-0.9804804,-0.9867956,-0.9900767,-0.99355,-1.0008962,-1.0084327,-1.0112786,-1.020784,-1.0261912,-1.0323364,-1.0359011,-1.0421196,-1.048493,-1.0565836,-1.0653312,-1.0687907,-1.0764729,-1.081365,-1.0867381,-1.092266,-1.1004428
63_real,0.5510239,0.22589761,,,,,,,,,,,0.25123036,,,,,,,,,,,,,,,,,,,,,,,,,,,0.4227173,,,,,,,,,,,,,,,,,,,,,,,,,,,,,,
63_gen,0.5510239,0.5390874,0.52801263,0.5207805,0.5123539,0.5047093,0.49553528,0.48839554,0.48230696,0.47256717,0.46503156,0.4570132,0.44966787,0.44334617,0.4384427,0.43238243,0.4281598,0.42121392,0.4141776,0.41034633,0.40415168,0.39933503,0.39475632,0.39048487,0.38100967,0.37492928,0.37088394,0.36265177,0.35831422,0.3511309,0.3448143,0.335926,0.32926375,0.32477587,0.31687242,0.31054378,0.30237132,0.29484552,0.28798357,0.28039595,0.2716447,0.2642189,0.25781474,0.25035685,0.24165297,0.23588796,0.22964342,0.2214756,0.21518502,0.21213555,0.20438042,0.19484328,0.18725848,0.18019548,0.1731798,0.16439876,0.15643238,0.14926276,0.140335,0.13038222,0.121990725,0.113019034,0.10522095,0.09614042,0.087467626,0.076939926,0.068252295,0.058775503,0.049728405,0.039943673
64_real,0.73051137,0.91381896,,,,,,,,,,,0.6860308,,,,,,,,,,,,,,,,,,,,,,,,,,,1.1539826,,,,,,,,,,,,,,,,,,,,,,,,,,,,,,
64_gen,0.7305113,0.72163284,0.71370983,0.704972,0.69573146,0.6867792,0.6788875,0.6737248,0.6665565,0.66096926,0.6550209,0.65174705,0.6468599,0.6426304,0.63478976,0.62838876,0.6220156,0.61688656,0.60963416,0.6038369,0.59710354,0.5905393,0.58274126,0.57780635,0.5735959,0.5699328,0.5627488,0.5550648,0.55153006,0.54593503,0.54055417,0.5339412,0.5286848,0.52349573,0.5181683,0.5131441,0.5065462,0.49927515,0.49353233,0.48628408,0.48211288,0.47392264,0.46291876,0.45888662,0.4525481,0.44349867,0.43566984,0.4279983,0.42086118,0.40990645,0.40186387,0.39547092,0.3878104,0.38387194,0.37602973,0.36962092,0.3622251,0.351293,0.34243655,0.33472425,0.32736522,0.3223988,0.3137023,0.3068977,0.29805204,0.2918988,0.28637606,0.28045127,0.27309987,0.26484695
65_real,-0.25196952,-0.37432423,,,,,,,,,,,0.04139995,,,,,,,,,,,,,,,,,,,,,,,,,,,-0.5308263,,,,,,,,,,,,,,,,,,,,,,,,,,,,,,
65_gen,-0.25196955,-0.26212433,-0.2730817,-0.2758319,-0.28133428,-0.2882998,-0.2925182,-0.29422757,-0.2991255,-0.30617645,-0.313466,-0.31884632,-0.32324117,-0.32721585,-0.33339605,-0.34141937,-0.34925205,-0.3552498,-0.35721743,-0.36197013,-0.36963266,-0.37437773,-0.3832437,-0.39073768,-0.39254218,-0.39923713,-0.40274006,-0.40367633,-0.40507284,-0.40974838,-0.4142881,-0.41792035,-0.42469233,-0.42850003,-0.4274982,-0.43069187,-0.4379409,-0.4424509,-0.44279686,-0.4501299,-0.4544251,-0.45775837,-0.46141428,-0.4674216,-0.47359052,-0.47800264,-0.48150808,-0.48682293,-0.488101,-0.49277568,-0.5013454,-0.5091163,-0.5152005,-0.51893204,-0.5232948,-0.5293301,-0.5296525,-0.5344596,-0.53887427,-0.5432731,-0.54727536,-0.55536187,-0.5580895,-0.56640947,-0.56980866,-0.57745516,-0.5818777,-0.585187,-0.59002364,-0.5985532
66_real,0.22396868,0.109366395,,,,,,,,,,,0.5284056,,,,,,,,,,,,,,,,,,,,,,,,,,,0.02297297,,,,,,,,,,,,,,,,,,,,,,,,,,,,,,
66_gen,0.22396871,0.21304294,0.20309865,0.19604392,0.18998428,0.18399623,0.17759944,0.17397158,0.16683078,0.15952358,0.15644006,0.15015465,0.14205764,0.13371971,0.12821645,0.12533967,0.11973443,0.11881371,0.113820836,0.10725467,0.09884635,0.0939769,0.08855146,0.08343691,0.075272314,0.06699203,0.060648046,0.05233113,0.048341885,0.043628857,0.043258186,0.040848818,0.036278326,0.031474274,0.02838095,0.023161214,0.016083505,0.009469202,0.005243029,0.003902675,-0.001844585,-0.008052907,-0.011776546,-0.01909757,-0.027615119,-0.033595957,-0.03507807,-0.03982123,-0.04905314,-0.053219587,-0.059556503,-0.06233133,-0.06156112,-0.06537569,-0.070790894,-0.07445062,-0.07818847,-0.08511869,-0.08744893,-0.096014015,-0.10223929,-0.107350804,-0.11413598,-0.12341279,-0.12958965,-0.13710378,-0.14345679,-0.15542951,-0.15954204,-0.16542256
67_real,1.2253016,1.0609117,,,,,,,,,,,1.5547198,,,,,,,,,,,,,,,,,,,,,,,,,,,0.9033312,,,,,,,,,,,,,,,,,,,,,,,,,,,,,,
67_gen,1.2253016,1.2195325,1.2144848,1.2089162,1.204436,1.1984154,1.1936803,1.1880368,1.1824805,1.1793516,1.1752361,1.1732526,1.1699955,1.1670572,1.1641611,1.1631986,1.1616595,1.1637886,1.160414,1.1594703,1.1577591,1.1565497,1.1542162,1.1517932,1.1489305,1.1442645,1.1420066,1.1382637,1.1340321,1.1285586,1.127107,1.1227542,1.1189905,1.115758,1.1118255,1.1046813,1.0984145,1.0935218,1.0880901,1.0848753,1.0834668,1.0813944,1.077533,1.0749893,1.073325,1.065345,1.0568115,1.0511924,1.0455492,1.0420825,1.0379804,1.0322169,1.0277007,1.0210855,1.0152758,1.0087068,1.0043447,0.9987205,0.99591637,0.9930331,0.9853543,0.9812993,0.9759226,0.96957064,0.9631502,0.95693,0.95378435,0.9486376,0.9405136,0.9354607
68_real,1.6970446,1.4381061,,,,,,,,,,,2.090411,,,,,,,,,,,,,,,,,,,,,,,,,,,1.1607645,,,,,,,,,,,,,,,,,,,,,,,,,,,,,,
68_gen,1.6970446,1.6839161,1.6777403,1.6708349,1.6639878,1.6561747,1.6514934,1.6480305,1.6434765,1.6364172,1.6328151,1.6285484,1.6290219,1.6221441,1.6185106,1.6142795,1.6108301,1.6047974,1.5996374,1.595494,1.5908086,1.5886542,1.5833842,1.5799618,1.5710385,1.5665475,1.5633624,1.5588524,1.5546829,1.5529606,1.546372,1.5428945,1.5363343,1.5287236,1.5240439,1.5184509,1.5131857,1.5118735,1.5061433,1.5048023,1.5003085,1.495198,1.4915915,1.4851892,1.479368,1.4750965,1.4693196,1.4639652,1.4566777,1.448892,1.4444417,1.4351108,1.4299194,1.4244053,1.4175831,1.4127293,1.4073285,1.4034222,1.399403,1.3931645,1.3891094,1.3816955,1.3758014,1.3681688,1.3606384,1.3511738,1.3489491,1.3448848,1.3376535,1.3307638
69_real,0.5041946,0.6254532,,,,,,,,,,,0.6991621,,,,,,,,,,,,,,,,,,,,,,,,,,,0.4758287,,,,,,,,,,,,,,,,,,,,,,,,,,,,,,
69_gen,0.5041947,0.495921,0.48708487,0.48432177,0.47661614,0.4733854,0.46574393,0.46400818,0.4561767,0.45340505,0.44818497,0.44312602,0.43624488,0.43031883,0.427601,0.42390108,0.41646743,0.41070876,0.40532488,0.4013749,0.39674687,0.3942979,0.38782805,0.38115388,0.37558043,0.37229168,0.3675726,0.36445206,0.3579965,0.3556843,0.34981906,0.3456536,0.3425954,0.33769014,0.3318883,0.32547918,0.3208372,0.3148015,0.3135666,0.30627435,0.3002097,0.29622576,0.2930468,0.28560525,0.277793,0.27593696,0.27012372,0.26238066,0.25690275,0.25234017,0.24645853,0.24423027,0.23669922,0.23357332,0.22641888,0.22337782,0.21961823,0.21316239,0.20808744,0.20092551,0.19311225,0.18774715,0.18481688,0.17840022,0.17419276,0.1680773,0.16253814,0.15873873,0.15344453,0.14899056
70_real,-0.37822333,-0.30693418,,,,,,,,,,,-0.0077194166,,,,,,,,,,,,,,,,,,,,,,,,,,,-0.4393894,,,,,,,,,,,,,,,,,,,,,,,,,,,,,,
70_gen,-0.37822336,-0.3874305,-0.39500397,-0.40125364,-0.4100229,-0.41624594,-0.42034206,-0.42633206,-0.43273205,-0.43818492,-0.44254145,-0.4440189,-0.45053387,-0.45444798,-0.4610223,-0.466209,-0.47104502,-0.4757915,-0.47674114,-0.47949448,-0.48234612,-0.4882307,-0.49558622,-0.49968696,-0.50336856,-0.5072071,-0.5131149,-0.5208814,-0.5273173,-0.5318538,-0.53576326,-0.5411318,-0.5446379,-0.5468545,-0.55231535,-0.5541905,-0.5579624,-0.56530684,-0.569095,-0.57347786,-0.57825506,-0.5790124,-0.58601904,-0.59062254,-0.59475106,-0.60071075,-0.605013,-0.6078652,-0.61572564,-0.6184283,-0.6224741,-0.62983644,-0.6318624,-0.63848627,-0.64035034,-0.6459861,-0.6495432,-0.65869015,-0.6665274,-0.66971266,-0.67309827,-0.67914,-0.68631524,-0.69168293,-0.69881916,-0.7036926,-0.7076703,-0.7123827,-0.722293,-0.7242337
71_real,0.7667065,0.5594864,,,,,,,,,,,0.8021034,,,,,,,,,,,,,,,,,,,,,,,,,,,0.41019917,,,,,,,,,,,,,,,,,,,,,,,,,,,,,,
71_gen,0.7667065,0.7673477,0.7654333,0.766361,0.7614709,0.7582643,0.75802994,0.754728,0.74959797,0.74894476,0.74719757,0.7428546,0.73968726,0.73689854,0.7356982,0.72801614,0.7293849,0.7240745,0.7208989,0.7179108,0.7164832,0.71187556,0.71130246,0.7084686,0.703408,0.7029641,0.700524,0.69497836,0.6928466,0.69346523,0.6902992,0.68968797,0.69250095,0.68707746,0.6836823,0.68076503,0.67434484,0.67118967,0.66618264,0.6640646,0.66450214,0.6608902,0.6567942,0.65578735,0.6554662,0.65117186,0.64870155,0.64910513,0.6478149,0.64283615,0.6419958,0.63865423,0.6397909,0.6354176,0.63331,0.6289474,0.6275369,0.62325525,0.6213139,0.61804706,0.61090577,0.60897166,0.6035253,0.59945375,0.5957795,0.58934295,0.58530873,0.58436215,0.5817143,0.57810366
72_real,1.2083738,1.0956887,,,,,,,,,,,1.3866305,,,,,,,,,,,,,,,,,,,,,,,,,,,0.86992437,,,,,,,,,,,,,,,,,,,,,,,,,,,,,,
72_gen,1.2083739,1.2061676,1.2042601,1.200578,1.196021,1.1961713,1.1908131,1.1837761,1.177332,1.1718438,1.168267,1.1641177,1.1597497,1.1540015,1.1499226,1.1460078,1.1422974,1.1387684,1.1313605,1.1281238,1.1264154,1.1223783,1.1179476,1.1146247,1.1096518,1.106038,1.1014234,1.0984586,1.0946138,1.0907665,1.0862377,1.0803487,1.0758897,1.0709552,1.0684005,1.0629624,1.0608972,1.0552018,1.0527707,1.0457622,1.0411142,1.0415494,1.0372195,1.0321357,1.0321338,1.0303428,1.0252377,1.0208724,1.0193704,1.0132955,1.0076039,1.0042042,0.99756205,0.9907896,0.9892022,0.98428977,0.9796821,0.9757277,0.9701498,0.9683792,0.96316195,0.95857286,0.95319825,0.9495503,0.9442669,0.93957365,0.9376377,0.93526316,0.93239105,0.92847955
73_real,-0.5346557,-0.6837554,,,,,,,,,,,-0.44969583,,,,,,,,,,,,,,,,,,,,,,,,,,,-0.6752856,,,,,,,,,,,,,,,,,,,,,,,,,,,,,,
73_gen,-0.53465563,-0.53784096,-0.54029346,-0.54375875,-0.54755914,-0.5558751,-0.5624818,-0.56494206,-0.56885475,-0.57500815,-0.58066434,-0.58739465,-0.58865297,-0.59319216,-0.5967732,-0.5996521,-0.6059211,-0.6098069,-0.61412114,-0.6186696,-0.6236247,-0.6300553,-0.6342453,-0.6404227,-0.6441282,-0.6473455,-0.65558654,-0.6610548,-0.66052175,-0.66959846,-0.67810357,-0.68027747,-0.6854247,-0.6869515,-0.6959039,-0.7021197,-0.7045655,-0.7052535,-0.7104033,-0.71609133,-0.7209536,-0.7269818,-0.7302751,-0.7385416,-0.74658334,-0.7520736,-0.7572,-0.7659166,-0.7706775,-0.77669007,-0.78873014,-0.79486835,-0.7988558,-0.8034976,-0.80971086,-0.81774986,-0.8260557,-0.83113796,-0.83549577,-0.8438729,-0.84987897,-0.8561286,-0.85794985,-0.8618085,-0.8695289,-0.87791586,-0.8836277,-0.89383125,-0.9029769,-0.9089602
74_real,-0.578761,-0.65730035,,,,,,,,,,,-0.48050407,,,,,,,,,,,,,,,,,,,,,,,,,,,-0.55797577,,,,,,,,,,,,,,,,,,,,,,,,,,,,,,
74_gen,-0.57876104,-0.5930151,-0.6018395,-0.60633594,-0.60806584,-0.61663425,-0.62054414,-0.62565166,-0.63121974,-0.63307565,-0.63759726,-0.64448583,-0.64941126,-0.6562951,-0.65860695,-0.6654779,-0.6677564,-0.67048204,-0.674944,-0.6784543,-0.68533707,-0.6873341,-0.69174325,-0.69746786,-0.7029954,-0.7037379,-0.70844406,-0.70978844,-0.7115432,-0.71379375,-0.7187207,-0.72230226,-0.72418624,-0.72567976,-0.7284352,-0.73108757,-0.7370937,-0.7435816,-0.7483722,-0.75231636,-0.7563852,-0.76258004,-0.76599526,-0.7686566,-0.77101433,-0.7767493,-0.77836293,-0.7804586,-0.78479487,-0.7919982,-0.79233456,-0.79532325,-0.80014145,-0.80513656,-0.80598307,-0.81000423,-0.8121842,-0.8178433,-0.82158595,-0.8264305,-0.8314462,-0.83832026,-0.84238464,-0.8466457,-0.8517852,-0.86070573,-0.86386526,-0.8680194,-0.87849045,-0.8804078
75_real,1.1765536,1.099453,,,,,,,,,,,1.7068472,,,,,,,,,,,,,,,,,,,,,,,,,,,0.99942553,,,,,,,,,,,,,,,,,,,,,,,,,,,,,,
75_gen,1.1765536,1.1709275,1.1674573,1.1636786,1.1610377,1.156018,1.1530578,1.1508238,1.1451035,1.1421181,1.1416442,1.1406679,1.1362251,1.1358064,1.1338742,1.1304097,1.1287377,1.1285297,1.1266534,1.124533,1.1216319,1.121099,1.1204875,1.1205899,1.1198405,1.1191103,1.1183953,1.1140797,1.1129534,1.1105015,1.1084315,1.1078092,1.1050422,1.101249,1.1001976,1.0974352,1.0933919,1.0884824,1.0870246,1.0849998,1.0823288,1.0811033,1.0789626,1.0779268,1.0763999,1.0727184,1.0708753,1.0660632,1.0639026,1.0594957,1.0572776,1.0550158,1.0525047,1.049568,1.0475247,1.0462236,1.0423623,1.040994,1.0364748,1.0354422,1.0345802,1.0350087,1.0317343,1.031678,1.0294906,1.0277779,1.0256656,1.0222638,1.0187014,1.0196815
76_real,0.6747935,0.72870594,,,,,,,,,,,1.0900627,,,,,,,,,,,,,,,,,,,,,,,,,,,0.3595338,,,,,,,,,,,,,,,,,,,,,,,,,,,,,,
76_gen,0.6747934,0.66800225,0.6640136,0.6584247,0.65487754,0.65162057,0.6479136,0.6432875,0.6432911,0.6408353,0.6380909,0.63362753,0.63004225,0.6281347,0.6244026,0.62239516,0.619275,0.61891335,0.616236,0.6098434,0.6073958,0.6070799,0.6018049,0.59715044,0.59373677,0.5865797,0.58431584,0.58395004,0.5795371,0.577387,0.57291377,0.56852484,0.56438714,0.5635417,0.56062585,0.55908805,0.55620927,0.5546015,0.5515753,0.5485154,0.5436836,0.54045945,0.5362922,0.5355227,0.530122,0.52442706,0.5222262,0.51790917,0.51874703,0.51662874,0.5119454,0.5074381,0.5052081,0.5002716,0.49548832,0.4929227,0.48645645,0.4828581,0.48143435,0.47854328,0.4742806,0.46984196,0.46781588,0.4656635,0.46172404,0.4580949,0.45786372,0.4540139,0.45045242,0.44951743
77_real,0.80298454,1.1078205,,,,,,,,,,,0.91415155,,,,,,,,,,,,,,,,,,,,,,,,,,,0.21530506,,,,,,,,,,,,,,,,,,,,,,,,,,,,,,
77_gen,0.8029846,0.79103833,0.7843154,0.7778233,0.772369,0.7663399,0.7624922,0.7562,0.7513028,0.7482853,0.7434451,0.74171054,0.73724383,0.7332839,0.72641164,0.72252333,0.7171014,0.71363366,0.71200866,0.70739603,0.7048074,0.7044001,0.6998886,0.6955777,0.69108623,0.6894313,0.6855523,0.68503386,0.6824366,0.67878693,0.67377436,0.67260104,0.66763026,0.6646303,0.6632999,0.65934676,0.65704453,0.6552201,0.6514565,0.6474612,0.64185226,0.6399775,0.6371794,0.63320625,0.626088,0.62183744,0.6186609,0.61573493,0.6147262,0.6111014,0.60692084,0.6027657,0.6009605,0.59980893,0.59324676,0.5915243,0.5890104,0.585673,0.5797044,0.57571554,0.57456607,0.5729386,0.5708442,0.56611973,0.5586815,0.55646193,0.55322737,0.5487,0.5458393,0.54342824
78_real,0.7414382,0.5732474,,,,,,,,,,,0.9460335,,,,,,,,,,,,,,,,,,,,,,,,,,,0.51931506,,,,,,,,,,,,,,,,,,,,,,,,,,,,,,
78_gen,0.74143827,0.7389158,0.73524475,0.72869706,0.72590226,0.7205821,0.7169832,0.7126095,0.707832,0.70515096,0.70436066,0.7025616,0.6999666,0.6984808,0.6959461,0.6933072,0.68961877,0.6891405,0.6896713,0.6872218,0.6845679,0.682231,0.67896944,0.6760676,0.6760185,0.6719453,0.6652547,0.6673873,0.66537803,0.66185725,0.65882957,0.6564227,0.6549541,0.6538303,0.6504171,0.6428546,0.63912934,0.63639224,0.63697827,0.6330014,0.62603986,0.6233077,0.62176466,0.6180053,0.6170064,0.61304575,0.61154133,0.6030484,0.5995709,0.5971562,0.5955065,0.5930787,0.58874965,0.5874087,0.5822197,0.578924,0.5765442,0.57456005,0.5720144,0.5660325,0.5612808,0.5562484,0.5537798,0.5505964,0.546581,0.54122186,0.53521514,0.5300807,0.5250602,0.52101123
79_real,0.69797117,0.9794057,,,,,,,,,,,0.6205869,,,,,,,,,,,,,,,,,,,,,,,,,,,1.0240068,,,,,,,,,,,,,,,,,,,,,,,,,,,,,,
79_gen,0.6979712,0.6892095,0.6822854,0.6767558,0.66970843,0.6638128,0.6593794,0.6561481,0.65276396,0.6496121,0.6463616,0.64295244,0.6398973,0.6354486,0.63202626,0.628994,0.6281585,0.6255347,0.6220898,0.62024933,0.61818445,0.6155013,0.61483246,0.6131207,0.6113894,0.61058426,0.6083723,0.6068978,0.6058775,0.6042403,0.60405916,0.6022052,0.6003126,0.5991221,0.59780014,0.597157,0.5950731,0.5945241,0.5911815,0.58872116,0.5861629,0.58378637,0.5794206,0.57786524,0.5755219,0.57415855,0.5709113,0.5675625,0.56606287,0.56418276,0.56119055,0.5602164,0.5578169,0.55500835,0.5531042,0.55048454,0.54772216,0.54482853,0.5417906,0.5391189,0.535754,0.5302442,0.52649623,0.52341205,0.5209711,0.5183462,0.5144571,0.5106117,0.5079215,0.5038649
80_real,-0.17744228,-0.102583416,,,,,,,,,,,-0.20758997,,,,,,,,,,,,,,,,,,,,,,,,,,,-0.30158603,,,,,,,,,,,,,,,,,,,,,,,,,,,,,,
80_gen,-0.1774423,-0.18418483,-0.18908353,-0.19438723,-0.19791079,-0.20182368,-0.20536248,-0.20988779,-0.21301015,-0.2170436,-0.22127774,-0.22418098,-0.22811286,-0.23094149,-0.23209505,-0.23420481,-0.23762985,-0.2404544,-0.24364857,-0.24623057,-0.25022364,-0.25290954,-0.25624388,-0.26064727,-0.263234,-0.26764268,-0.27101725,-0.27512422,-0.27855316,-0.2804243,-0.28537175,-0.28921026,-0.29305524,-0.2955528,-0.29898033,-0.30185077,-0.30464333,-0.3064664,-0.30861402,-0.31249115,-0.3157021,-0.32045627,-0.32096964,-0.32294074,-0.32799107,-0.33347127,-0.3357305,-0.33815458,-0.33899212,-0.34168816,-0.3450005,-0.35021076,-0.35229328,-0.35495076,-0.35811776,-0.35996172,-0.3635893,-0.36751166,-0.37032983,-0.37364802,-0.37604398,-0.3801449,-0.385096,-0.38960996,-0.3926084,-0.39655536,-0.40118295,-0.40438476,-0.40842897,-0.41202727
81_real,0.22308792,0.46929783,,,,,,,,,,,0.6061551,,,,,,,,,,,,,,,,,,,,,,,,,,,0.36392364,,,,,,,,,,,,,,,,,,,,,,,,,,,,,,
81_gen,0.22308794,0.21491738,0.20620294,0.19932887,0.19320601,0.18618205,0.1806485,0.17712176,0.16991766,0.16447213,0.16067095,0.15706967,0.15084153,0.14390364,0.14199969,0.13898334,0.13433392,0.12880528,0.1217428,0.11450994,0.10531833,0.100225985,0.09561197,0.08992063,0.08715484,0.082482874,0.0787888,0.07496878,0.07020641,0.06273568,0.05466333,0.048035603,0.043313563,0.037865553,0.03176707,0.02259003,0.016664578,0.0107683325,0.0033741512,-0.00038966275,-0.007132183,-0.013349183,-0.019833257,-0.027137998,-0.03388919,-0.040224813,-0.04924782,-0.055573203,-0.062483758,-0.0671342,-0.07459497,-0.08138204,-0.08670815,-0.09489526,-0.10098775,-0.10922704,-0.113056585,-0.11758502,-0.12617901,-0.13623294,-0.1424132,-0.14849229,-0.15498099,-0.16377291,-0.17339455,-0.18053341,-0.18785173,-0.19423005,-0.20267041,-0.2129412
82_real,0.1472916,0.23319505,,,,,,,,,,,0.17445967,,,,,,,,,,,,,,,,,,,,,,,,,,,-0.15218703,,,,,,,,,,,,,,,,,,,,,,,,,,,,,,
82_gen,0.14729162,0.14425533,0.14022097,0.13741799,0.1327189,0.12865333,0.12318462,0.11996852,0.11539443,0.11190436,0.1073604,0.10274359,0.101077996,0.096684076,0.093950614,0.089332856,0.08442747,0.08291342,0.0799994,0.07618299,0.07291732,0.070794806,0.06552108,0.05992167,0.05445342,0.04724581,0.042358115,0.039919246,0.034488145,0.031187844,0.028469205,0.025388893,0.023003142,0.021186383,0.019771693,0.014316874,0.010817957,0.004914382,0.0004048234,-0.0048530796,-0.00576033,-0.0083462875,-0.013496968,-0.020085454,-0.022748798,-0.028505947,-0.034680434,-0.04032695,-0.044439875,-0.049236935,-0.05282586,-0.056785844,-0.05929228,-0.061617333,-0.06342338,-0.068067715,-0.07117869,-0.07619791,-0.07934358,-0.084571585,-0.08829911,-0.09203384,-0.09560386,-0.09977865,-0.10570047,-0.11043954,-0.116423704,-0.11960252,-0.12549034,-0.13276994
83_real,0.97229695,1.0719179,,,,,,,,,,,1.3318723,,,,,,,,,,,,,,,,,,,,,,,,,,,1.0095109,,,,,,,,,,,,,,,,,,,,,,,,,,,,,,
83_gen,0.97229683,0.9685686,0.9629285,0.95743257,0.9512213,0.9442638,0.93820083,0.93450624,0.9307662,0.9268209,0.9220602,0.91724503,0.91142035,0.90708226,0.9009657,0.8957003,0.88836604,0.8868233,0.87988174,0.8750912,0.87070036,0.8650605,0.85963506,0.8538319,0.8493433,0.84231234,0.8381313,0.8350828,0.83295953,0.8279432,0.8233166,0.8218986,0.8179388,0.81358033,0.8052168,0.8008399,0.79522127,0.78776854,0.7833554,0.77941144,0.77406234,0.76982725,0.76543427,0.76047635,0.75759363,0.75353324,0.74751246,0.74329984,0.7371705,0.7312535,0.7248406,0.7189824,0.7117712,0.7084485,0.70433694,0.6987337,0.6939929,0.6896674,0.68270075,0.6765281,0.6722711,0.66782856,0.6651565,0.65926373,0.6526291,0.6456056,0.63932586,0.6372434,0.6311313,0.62509
84_real,0.40098202,0.34991205,,,,,,,,,,,0.67798984,,,,,,,,,,,,,,,,,,,,,,,,,,,0.36226305,,,,,,,,,,,,,,,,,,,,,,,,,,,,,,
84_gen,0.40098196,0.3908979,0.38313222,0.37463856,0.36832315,0.36183614,0.3542035,0.34817037,0.34220657,0.3345276,0.3312031,0.32424727,0.31836608,0.3132307,0.30613908,0.2985452,0.2925866,0.28522587,0.27893114,0.27138337,0.26590678,0.26043743,0.25687808,0.25068787,0.24248545,0.23727953,0.23131585,0.22474985,0.21694937,0.2095078,0.20274763,0.19504544,0.18855222,0.18133667,0.17476405,0.16882412,0.16088805,0.1538926,0.14677642,0.1415644,0.13417265,0.1259764,0.11794996,0.10968351,0.1023664,0.09540011,0.088278465,0.082165234,0.0756024,0.07012904,0.06395675,0.057009526,0.049968265,0.043120436,0.035616923,0.029421559,0.022337105,0.013360413,0.008097094,0.002685815,-0.004651631,-0.01413813,-0.023089414,-0.030182859,-0.036434,-0.044065118,-0.052033924,-0.05980388,-0.0682979,-0.075669244
85_real,-0.42016253,-0.49576744,,,,,,,,,,,-0.34827507,,,,,,,,,,,,,,,,,,,,,,,,,,,-0.5803648,,,,,,,,,,,,,,,,,,,,,,,,,,,,,,
85_gen,-0.4201625,-0.42173046,-0.42576084,-0.42904797,-0.43328777,-0.43742847,-0.4376305,-0.4417069,-0.446103,-0.4495296,-0.44939512,-0.45354453,-0.45535412,-0.459543,-0.46042943,-0.46391878,-0.46832436,-0.47279945,-0.4759566,-0.47821203,-0.48204574,-0.48495522,-0.48751393,-0.48898348,-0.49095455,-0.49634355,-0.5001663,-0.50577664,-0.50998634,-0.51329815,-0.5181774,-0.5223351,-0.52261347,-0.5226183,-0.5237534,-0.5280541,-0.53100955,-0.53561306,-0.5379475,-0.5412083,-0.54259413,-0.5450734,-0.5474754,-0.55082035,-0.5555481,-0.5591901,-0.5639776,-0.5663048,-0.5677782,-0.5685712,-0.57186556,-0.57590353,-0.5817953,-0.5841979,-0.5847266,-0.58936155,-0.59452784,-0.5986754,-0.60452527,-0.6085757,-0.61439925,-0.6176263,-0.62232554,-0.62985194,-0.63452846,-0.6391012,-0.64399236,-0.646503,-0.6495199,-0.6527427
86_real,0.41698,0.15547337,,,,,,,,,,,0.46550715,,,,,,,,,,,,,,,,,,,,,,,,,,,0.10318992,,,,,,,,,,,,,,,,,,,,,,,,,,,,,,
86_gen,0.41697997,0.41172594,0.40372735,0.3982925,0.3942364,0.38771406,0.3815284,0.3761747,0.36570328,0.35953802,0.35197967,0.34632996,0.33944356,0.3340624,0.3301962,0.32517692,0.32247168,0.32096457,0.31938583,0.314555,0.3085818,0.3048854,0.30363807,0.29723233,0.29379776,0.29228362,0.2874271,0.2848442,0.2801309,0.27388248,0.26776475,0.26335752,0.25589332,0.24993381,0.24203761,0.23903355,0.23279639,0.22958776,0.2281493,0.22235577,0.21689336,0.2117999,0.20583777,0.19724856,0.19511025,0.19113557,0.18382105,0.17751774,0.17217277,0.16570538,0.16021442,0.15762565,0.15085557,0.1472093,0.14346686,0.13774945,0.13146749,0.12290317,0.120616354,0.11550681,0.11087163,0.110511266,0.10462724,0.098492116,0.09044463,0.084034495,0.07651546,0.07131757,0.06779654,0.06008597
87_real,1.283367,0.9190985,,,,,,,,,,,1.4431372,,,,,,,,,,,,,,,,,,,,,,,,,,,0.8864486,,,,,,,,,,,,,,,,,,,,,,,,,,,,,,
87_gen,1.283367,1.2774479,1.272336,1.2650102,1.2577721,1.2492335,1.2455543,1.2377913,1.2329566,1.2261137,1.2204185,1.2148861,1.2070583,1.1989001,1.1944313,1.1903111,1.1867497,1.1804736,1.1737293,1.1684642,1.166816,1.1622341,1.1590536,1.1532885,1.1484677,1.1407387,1.1380945,1.1333587,1.1292813,1.125571,1.1196196,1.1194279,1.115543,1.1121767,1.1102358,1.107991,1.1044533,1.100634,1.1002325,1.0959804,1.0951321,1.0921812,1.0875943,1.0806825,1.0741508,1.0658723,1.0640451,1.06158,1.0593187,1.0580345,1.0526917,1.0490253,1.0403938,1.0363092,1.0333383,1.02765,1.0221927,1.0169116,1.0126532,1.0063919,1.0007012,0.99285525,0.99060595,0.98864776,0.9818961,0.97560185,0.97365487,0.9680374,0.96496075,0.96286756
88_real,1.9024059,0.9194125,,,,,,,,,,,1.4920709,,,,,,,,,,,,,,,,,,,,,,,,,,,0.9373647,,,,,,,,,,,,,,,,,,,,,,,,,,,,,,
88_gen,1.902406,1.8977988,1.8942854,1.8907259,1.8850588,1.8768915,1.8733044,1.8681161,1.863892,1.8635159,1.8578066,1.8528836,1.8506038,1.8482828,1.8476975,1.8472515,1.8444786,1.839782,1.8388819,1.8353732,1.8316975,1.826973,1.8260425,1.8290806,1.8243854,1.8272063,1.8247244,1.8192896,1.8187084,1.8130739,1.8094038,1.8062588,1.8015007,1.7973938,1.795833,1.7942396,1.7955412,1.7939928,1.7918408,1.7934504,1.7921788,1.7890453,1.7924265,1.7955563,1.7942209,1.7913296,1.7872126,1.7849249,1.7816951,1.7775202,1.7771518,1.7746948,1.7725058,1.7696482,1.766607,1.7619903,1.7580259,1.7528522,1.7488785,1.7477477,1.7447541,1.7420647,1.7394648,1.7350767,1.7361772,1.7346423,1.7315019,1.7294661,1.7256628,1.7251574
89_real,0.17477427,0.022326482,,,,,,,,,,,0.46866095,,,,,,,,,,,,,,,,,,,,,,,,,,,0.059872817,,,,,,,,,,,,,,,,,,,,,,,,,,,,,,
89_gen,0.17477427,0.17398986,0.1727468,0.17179586,0.17086777,0.17205052,0.17047812,0.17071788,0.17089206,0.1715141,0.17008288,0.17026135,0.1689013,0.16740417,0.16722618,0.1666689,0.16526829,0.16254811,0.16115819,0.15977688,0.15769474,0.15551983,0.15507664,0.15643609,0.15419836,0.1498752,0.14697893,0.14388792,0.14221732,0.14060156,0.13875635,0.13565016,0.13296105,0.13241117,0.12861866,0.12431594,0.12048714,0.11731114,0.11418842,0.10983435,0.10647162,0.10212662,0.10285808,0.09938004,0.09630047,0.09141964,0.089645065,0.087713815,0.08476061,0.08222322,0.07801365,0.0742351,0.07103631,0.070457175,0.069466434,0.06439568,0.06243074,0.061176717,0.058837265,0.05652839,0.053073723,0.049810518,0.04535697,0.041717805,0.039123267,0.03569578,0.03171778,0.030514661,0.027501013,0.026209524
90_real,1.012507,1.0197867,,,,,,,,,,,0.85929877,,,,,,,,,,,,,,,,,,,,,,,,,,,0.86305684,,,,,,,,,,,,,,,,,,,,,,,,,,,,,,
90_gen,1.0125068,1.0070177,1.0038145,0.99711573,0.99271774,0.9853139,0.9805457,0.97628725,0.9714119,0.9711739,0.9673001,0.9665675,0.96232,0.956674,0.9513232,0.9456717,0.9413101,0.93361646,0.92603713,0.91995543,0.9164222,0.9152192,0.9096422,0.90552294,0.90350616,0.9017728,0.89848536,0.8924335,0.89029133,0.88776046,0.8830228,0.88049775,0.8768819,0.8747214,0.8750582,0.8685001,0.8656352,0.8611413,0.85438263,0.8508717,0.84861004,0.84639776,0.8417802,0.84014654,0.8371337,0.8347456,0.83202136,0.8309423,0.8341112,0.8324849,0.83334076,0.8276905,0.8238913,0.82204854,0.8197298,0.8177556,0.813966,0.80809325,0.80707026,0.80179787,0.7990534,0.7956101,0.79291743,0.79125035,0.7870982,0.7835976,0.7804218,0.7811337,0.7783499,0.77202994
91_real,-0.67979234,-1.1489303,,,,,,,,,,,-0.69628227,,,,,,,,,,,,,,,,,,,,,,,,,,,-1.2671355,,,,,,,,,,,,,,,,,,,,,,,,,,,,,,
91_gen,-0.67979234,-0.6883838,-0.69295776,-0.69788456,-0.70298445,-0.70827925,-0.7107608,-0.71544147,-0.7171813,-0.7193812,-0.7221919,-0.7243352,-0.72631884,-0.727957,-0.72816813,-0.73141164,-0.73472655,-0.74028313,-0.7447299,-0.7452338,-0.7460807,-0.7487953,-0.75295556,-0.75379956,-0.7561048,-0.75831324,-0.76156664,-0.7652481,-0.7664681,-0.76870346,-0.7707898,-0.7737903,-0.7770963,-0.7762593,-0.78037053,-0.78128827,-0.784142,-0.7869081,-0.7918382,-0.7927621,-0.7967411,-0.7983958,-0.8027109,-0.80386955,-0.8110895,-0.81440485,-0.8188807,-0.8205007,-0.8240744,-0.82609975,-0.82862866,-0.8302544,-0.83242875,-0.8362238,-0.838869,-0.8427588,-0.84564626,-0.8482978,-0.8511795,-0.853439,-0.85671806,-0.85866296,-0.862189,-0.8653307,-0.8681679,-0.87052613,-0.8725611,-0.87607545,-0.8785909,-0.8817376
92_real,-0.9052857,-0.99290025,,,,,,,,,,,-0.94837064,,,,,,,,,,,,,,,,,,,,,,,,,,,-1.1630399,,,,,,,,,,,,,,,,,,,,,,,,,,,,,,
92_gen,-0.9052857,-0.90943635,-0.91303456,-0.91522896,-0.9176878,-0.919736,-0.9232408,-0.9272734,-0.9293863,-0.9292847,-0.92906034,-0.9308947,-0.93420523,-0.9372586,-0.9362305,-0.93944675,-0.9420994,-0.942323,-0.9433559,-0.94630563,-0.94905204,-0.9533374,-0.9549619,-0.9568491,-0.95901126,-0.9631912,-0.96952784,-0.97599113,-0.97812366,-0.9838581,-0.9848038,-0.9895805,-0.9932852,-0.995975,-0.99784595,-1.0017854,-1.0069358,-1.010505,-1.0129297,-1.0174264,-1.0195324,-1.0258687,-1.0298445,-1.0352347,-1.0381534,-1.0420564,-1.0444342,-1.0468673,-1.0481001,-1.049619,-1.0524204,-1.0559092,-1.0586605,-1.0615866,-1.065701,-1.0668529,-1.0690081,-1.0710291,-1.0761799,-1.0786159,-1.0803835,-1.0844516,-1.0893967,-1.0938749,-1.0941181,-1.0958935,-1.1000146,-1.1054195,-1.1050445,-1.109211
93_real,-0.20362225,-0.37341705,,,,,,,,,,,-0.18444711,,,,,,,,,,,,,,,,,,,,,,,,,,,-0.6506098,,,,,,,,,,,,,,,,,,,,,,,,,,,,,,
93_gen,-0.20362225,-0.2140181,-0.2196418,-0.22887778,-0.23801991,-0.24246469,-0.25249103,-0.25958282,-0.26512846,-0.27010784,-0.27654612,-0.2837501,-0.29300135,-0.30076408,-0.30782452,-0.31164086,-0.32098228,-0.32785374,-0.33550924,-0.3408883,-0.34926647,-0.35853836,-0.3631683,-0.37012297,-0.37771145,-0.38227528,-0.38819462,-0.3963841,-0.40222764,-0.4084323,-0.4152483,-0.42241088,-0.42817682,-0.435769,-0.44184685,-0.449919,-0.45767123,-0.46445113,-0.47085252,-0.4774862,-0.48358288,-0.48948154,-0.49413735,-0.5006679,-0.5092115,-0.51454765,-0.5196815,-0.5248715,-0.53212774,-0.537706,-0.54289865,-0.5487978,-0.55611587,-0.5608199,-0.5677971,-0.57318753,-0.5790645,-0.5850802,-0.59250134,-0.5978493,-0.60387975,-0.610471,-0.61639327,-0.62431353,-0.632022,-0.6363151,-0.64288515,-0.649974,-0.65568435,-0.6626012
94_real,-0.50633794,-0.4489534,,,,,,,,,,,-0.32463768,,,,,,,,,,,,,,,,,,,,,,,,,,,-0.5915418,,,,,,,,,,,,,,,,,,,,,,,,,,,,,,
94_gen,-0.506338,-0.5103233,-0.5163233,-0.5260226,-0.5331102,-0.53859675,-0.5450665,-0.5514179,-0.55739355,-0.5629985,-0.5688823,-0.57458884,-0.5803398,-0.58557546,-0.5918965,-0.59703815,-0.6037278,-0.6100879,-0.6148565,-0.62086815,-0.6295452,-0.6370109,-0.64211136,-0.6488239,-0.6561018,-0.66522527,-0.6706621,-0.67871517,-0.6845833,-0.6910387,-0.6998693,-0.70625585,-0.7113229,-0.7173549,-0.7210667,-0.7263703,-0.73268557,-0.74074054,-0.74607426,-0.7514981,-0.7563294,-0.7629661,-0.7691564,-0.7753086,-0.7793933,-0.7848445,-0.78837776,-0.79548424,-0.80484426,-0.8097125,-0.8186129,-0.8239778,-0.8276758,-0.8361207,-0.8407351,-0.8494873,-0.8565491,-0.8631362,-0.86724406,-0.8738963,-0.87858665,-0.885129,-0.8914809,-0.8970534,-0.90237725,-0.9046668,-0.91188776,-0.91775763,-0.924911,-0.9304226
95_real,0.1807472,0.22258219,,,,,,,,,,,0.37637267,,,,,,,,,,,,,,,,,,,,,,,,,,,-0.07048361,,,,,,,,,,,,,,,,,,,,,,,,,,,,,,
95_gen,0.18074718,0.16868328,0.16453034,0.15468322,0.14653459,0.14009927,0.13356462,0.12840383,0.12036111,0.11861597,0.107687116,0.09813722,0.09195427,0.08701618,0.079380296,0.07092531,0.063062616,0.058296256,0.051015537,0.04321254,0.03684976,0.03038294,0.029843766,0.024573004,0.02306568,0.013545737,0.0075624273,0.004197818,0.0002711732,-0.0035472407,-0.011259996,-0.021394987,-0.025535634,-0.03283965,-0.042272586,-0.05118684,-0.05990233,-0.06588207,-0.071970955,-0.0770199,-0.08515451,-0.09322803,-0.09963117,-0.108691275,-0.1179273,-0.12504835,-0.13660923,-0.15044379,-0.15883707,-0.1707903,-0.17674479,-0.18491639,-0.19257812,-0.20153074,-0.20663543,-0.21885233,-0.2283191,-0.23738018,-0.24347591,-0.2572793,-0.2706663,-0.28239182,-0.28810114,-0.29886183,-0.3053195,-0.31445903,-0.32487732,-0.33269688,-0.34580263,-0.3542456
96_real,-0.024542123,-0.15364657,,,,,,,,,,,0.06929346,,,,,,,,,,,,,,,,,,,,,,,,,,,-0.27200946,,,,,,,,,,,,,,,,,,,,,,,,,,,,,,
96_gen,-0.024542123,-0.038240634,-0.046274323,-0.053435225,-0.061654795,-0.06923488,-0.07369097,-0.08098307,-0.090982266,-0.09350571,-0.10131906,-0.10977624,-0.11377684,-0.1177997,-0.122574404,-0.13302632,-0.14278951,-0.15000905,-0.15592915,-0.16164717,-0.16558741,-0.17185766,-0.17754464,-0.18234113,-0.18931802,-0.19413684,-0.20124248,-0.20671394,-0.21404684,-0.2230938,-0.23393805,-0.24140021,-0.2516709,-0.2600252,-0.26736924,-0.2712653,-0.28173453,-0.2878216,-0.2944936,-0.2916995,-0.2954712,-0.3023894,-0.3104261,-0.31842467,-0.3250123,-0.3328802,-0.33754095,-0.34621775,-0.35260114,-0.36096492,-0.36857665,-0.37099263,-0.37465203,-0.3791828,-0.38463235,-0.3929749,-0.40458456,-0.40791258,-0.41498876,-0.42238298,-0.42680317,-0.43435177,-0.44189715,-0.44565606,-0.4559299,-0.46800613,-0.47644553,-0.4850205,-0.4916915,-0.50147825
97_real,-0.23879106,-0.25256565,,,,,,,,,,,-0.15054685,,,,,,,,,,,,,,,,,,,,,,,,,,,-0.4586162,,,,,,,,,,,,,,,,,,,,,,,,,,,,,,
97_gen,-0.23879106,-0.24552849,-0.25073442,-0.2515678,-0.25439933,-0.26069745,-0.26114303,-0.26300123,-0.26610228,-0.26920158,-0.27210063,-0.27644342,-0.27642974,-0.27792293,-0.28037483,-0.27968293,-0.27962846,-0.28416732,-0.2858053,-0.28928283,-0.2887264,-0.2919707,-0.2931989,-0.29416475,-0.2985411,-0.30194792,-0.30551156,-0.30807874,-0.31049615,-0.3109054,-0.3135478,-0.31876558,-0.32334957,-0.3307182,-0.33272943,-0.33869272,-0.3393348,-0.3421813,-0.3435103,-0.34442085,-0.34611008,-0.34958714,-0.3546649,-0.35639185,-0.36051282,-0.36465478,-0.36875638,-0.3731781,-0.37598088,-0.3771565,-0.3814847,-0.38504347,-0.3888871,-0.393051,-0.39856607,-0.402846,-0.4081878,-0.41159493,-0.41467953,-0.41892725,-0.4244555,-0.42830974,-0.43575597,-0.43979782,-0.4467195,-0.44947386,-0.45337853,-0.45846438,-0.46517682,-0.4678843
98_real,0.7821522,0.55691457,,,,,,,,,,,0.6727735,,,,,,,,,,,,,,,,,,,,,,,,,,,0.39953217,,,,,,,,,,,,,,,,,,,,,,,,,,,,,,
98_gen,0.7821522,0.77628344,0.77335227,0.7696577,0.76837146,0.76697385,0.7651659,0.7627147,0.75842786,0.75287306,0.75281817,0.7519087,0.749047,0.74702036,0.746924,0.7404002,0.74044406,0.740117,0.74007654,0.736013,0.7328068,0.72969383,0.7247571,0.72055995,0.7194339,0.72014695,0.7158733,0.71171963,0.7073573,0.70665556,0.7033094,0.70067513,0.69872886,0.6959535,0.6946159,0.6880045,0.6850529,0.6791624,0.6753134,0.6711428,0.6654717,0.66262823,0.66006714,0.65525526,0.6498133,0.6430367,0.638826,0.63510954,0.63044745,0.62853414,0.6252748,0.6191135,0.6171952,0.61644423,0.6100103,0.60676134,0.60539687,0.6001409,0.60103047,0.5952175,0.5933526,0.5900711,0.58419544,0.57949865,0.57533604,0.5712921,0.5687562,0.56301725,0.5602312,0.55585885
99_real,-1.2846613,-1.3557049,,,,,,,,,,,-1.1420285,,,,,,,,,,,,,,,,,,,,,,,,,,,-1.2030967,,,,,,,,,,,,,,,,,,,,,,,,,,,,,,
99_gen,-1.2846613,-1.283658,-1.2864988,-1.283827,-1.2848092,-1.2859479,-1.2873938,-1.292234,-1.295003,-1.2971218,-1.2981737,-1.296609,-1.2990758,-1.2980553,-1.3047342,-1.3059175,-1.308733,-1.3138307,-1.3150823,-1.3195325,-1.319843,-1.3218212,-1.3230369,-1.3249395,-1.3253014,-1.3289361,-1.3302921,-1.330287,-1.3321273,-1.3330196,-1.3352497,-1.3411596,-1.341589,-1.3439164,-1.3429601,-1.3447282,-1.3500997,-1.3506062,-1.3526332,-1.356003,-1.3577244,-1.3643159,-1.3684036,-1.3715006,-1.3700502,-1.3743272,-1.3758557,-1.3761432,-1.3773477,-1.3800137,-1.3802471,-1.3805006,-1.3849157,-1.3875363,-1.3938001,-1.4012287,-1.4055712,-1.4054328,-1.4079106,-1.415394,-1.4206897,-1.4230754,-1.4237423,-1.4257233,-1.4295609,-1.4316126,-1.4325534,-1.437809,-1.444062,-1.4522423
100_real,-1.0126436,-1.4253153,,,,,,,,,,,-0.9013487,,,,,,,,,,,,,,,,,,,,,,,,,,,-1.3141851,,,,,,,,,,,,,,,,,,,,,,,,,,,,,,
100_gen,-1.0126437,-1.0178921,-1.0245855,-1.0291269,-1.0335977,-1.0378625,-1.0429224,-1.0440344,-1.0491573,-1.0538402,-1.0599294,-1.0633996,-1.0668157,-1.0691245,-1.0751443,-1.0760928,-1.0798719,-1.0850675,-1.0869329,-1.0911167,-1.0930696,-1.0939262,-1.0980686,-1.1014187,-1.1048183,-1.1091783,-1.1086195,-1.1094568,-1.1110119,-1.1153736,-1.1188326,-1.1213025,-1.1225201,-1.1269352,-1.1300266,-1.1329304,-1.1338311,-1.1346815,-1.1349163,-1.1377074,-1.1407666,-1.1439239,-1.1477427,-1.1504396,-1.1534684,-1.1563891,-1.1586902,-1.1601043,-1.1613996,-1.1632597,-1.1636133,-1.1648291,-1.1671165,-1.1706104,-1.1712685,-1.1721689,-1.1728476,-1.175101,-1.1751763,-1.1778418,-1.1815901,-1.1858628,-1.1905304,-1.1933103,-1.1943481,-1.1971557,-1.1994201,-1.2047191,-1.2083272,-1.2104764
101_real,1.0643338,0.57582223,,,,,,,,,,,0.6877862,,,,,,,,,,,,,,,,,,,,,,,,,,,0.7132512,,,,,,,,,,,,,,,,,,,,,,,,,,,,,,
101_gen,1.0643338,1.0591729,1.0526286,1.0503573,1.0429773,1.0376852,1.0332134,1.0280297,1.0213203,1.0152524,1.0114568,1.0065267,1.0010701,0.9937075,0.9902112,0.9835628,0.97860193,0.9740756,0.9696453,0.9653312,0.9602556,0.95446223,0.9515128,0.9466491,0.9401587,0.93713224,0.9328443,0.9271342,0.92222995,0.9183633,0.9124492,0.90911025,0.9034088,0.9010339,0.89382267,0.88703716,0.8803461,0.8739287,0.86799955,0.86270523,0.85599566,0.84999514,0.84605134,0.8359162,0.83173907,0.82508373,0.8196672,0.8146285,0.8084539,0.7986705,0.79683995,0.79069304,0.78588134,0.7818077,0.7763969,0.77096,0.7636041,0.75816005,0.7515369,0.74426633,0.73729247,0.7312562,0.7237061,0.7197156,0.71340543,0.7072999,0.69987637,0.69252473,0.6847065,0.67963314
102_real,0.6281755,0.5099814,,,,,,,,,,,0.60948074,,,,,,,,,,,,,,,,,,,,,,,,,,,0.48188558,,,,,,,,,,,,,,,,,,,,,,,,,,,,,,
102_gen,0.62817556,0.6226225,0.6155721,0.60656035,0.59887683,0.5922082,0.5862338,0.5811917,0.57576025,0.5701106,0.5632318,0.554977,0.5475747,0.5438957,0.53737986,0.5299419,0.52073395,0.5140147,0.5096942,0.5016301,0.49593863,0.48914012,0.4827508,0.47852796,0.47098923,0.4660979,0.45928425,0.45333567,0.44854933,0.44608808,0.4411497,0.4341525,0.43049932,0.42493105,0.41608262,0.40735513,0.4011058,0.3949253,0.38756287,0.38267946,0.37576073,0.367581,0.36361653,0.35630375,0.3489418,0.3413458,0.3344918,0.3280699,0.31993467,0.3123714,0.30546045,0.29870227,0.29108816,0.28490794,0.27829543,0.26973838,0.262738,0.25763172,0.24842587,0.2430526,0.23531449,0.22728953,0.21976109,0.21200085,0.20556407,0.1981111,0.19112018,0.1815711,0.17255639,0.1659775
103_real,-0.5454347,-0.7142103,,,,,,,,,,,-0.70675796,,,,,,,,,,,,,,,,,,,,,,,,,,,-0.6890247,,,,,,,,,,,,,,,,,,,,,,,,,,,,,,
103_gen,-0.5454348,-0.5538333,-0.56187207,-0.56625193,-0.5688127,-0.57294655,-0.5803402,-0.58775,-0.5916389,-0.60005665,-0.60616183,-0.61014915,-0.61136556,-0.6149657,-0.61956245,-0.6253173,-0.6320736,-0.63742685,-0.6421553,-0.64852285,-0.65476125,-0.65964293,-0.6630429,-0.6672808,-0.6718926,-0.67454445,-0.6806506,-0.6888188,-0.69073033,-0.69915813,-0.7064557,-0.70982474,-0.71484214,-0.7192516,-0.7249604,-0.72858524,-0.73710483,-0.7406986,-0.7466389,-0.7523707,-0.75940305,-0.76236886,-0.7673968,-0.77240145,-0.77767026,-0.78355956,-0.7916581,-0.79735124,-0.80238277,-0.80544674,-0.8117034,-0.81825876,-0.82580405,-0.83447075,-0.8386256,-0.8436149,-0.8504423,-0.85640985,-0.85858107,-0.86613464,-0.8731597,-0.878459,-0.8847536,-0.89111626,-0.898808,-0.9028816,-0.9094078,-0.91387427,-0.9191413,-0.9241177
104_real,-0.42687595,-0.31159997,,,,,,,,,,,-0.094660185,,,,,,,,,,,,,,,,,,,,,,,,,,,-0.14571804,,,,,,,,,,,,,,,,,,,,,,,,,,,,,,
104_gen,-0.426876,-0.43215188,-0.43748993,-0.44056454,-0.4455677,-0.44720826,-0.45350853,-0.4567698,-0.45967054,-0.46263376,-0.46689615,-0.4701531,-0.47613144,-0.47735173,-0.48239246,-0.48552656,-0.48784438,-0.491026,-0.49245876,-0.49946088,-0.5035489,-0.5075119,-0.50907135,-0.5122248,-0.5141579,-0.520141,-0.5215522,-0.5246283,-0.52543074,-0.5274888,-0.53192043,-0.5355034,-0.54001606,-0.5436585,-0.5468966,-0.54672277,-0.54961294,-0.55648935,-0.5587967,-0.56395054,-0.5703479,-0.57585907,-0.57879275,-0.5812556,-0.58710206,-0.5926867,-0.59603006,-0.6002308,-0.60406005,-0.6050855,-0.6087635,-0.6125398,-0.6202463,-0.62522894,-0.6273464,-0.63220346,-0.6369502,-0.6369288,-0.6440095,-0.65013313,-0.65684426,-0.6606694,-0.6648068,-0.67223823,-0.67768705,-0.68414897,-0.6888442,-0.6916063,-0.6938667,-0.6955747
105_real,-0.5006316,-0.47450495,,,,,,,,,,,-0.29893187,,,,,,,,,,,,,,,,,,,,,,,,,,,-0.44232592,,,,,,,,,,,,,,,,,,,,,,,,,,,,,,
105_gen,-0.5006315,-0.5085895,-0.51563793,-0.5206534,-0.52755946,-0.5338661,-0.53765357,-0.5428921,-0.54682815,-0.550815,-0.55493104,-0.5573318,-0.5602348,-0.56330293,-0.5681208,-0.5720248,-0.5745716,-0.57669955,-0.5815446,-0.5853306,-0.5876267,-0.5935103,-0.5940439,-0.5968052,-0.600063,-0.6054347,-0.6085273,-0.6109692,-0.6143034,-0.61640537,-0.6202084,-0.6219099,-0.62399685,-0.62551147,-0.62771666,-0.6310996,-0.63235533,-0.63617694,-0.63841766,-0.6404569,-0.6424042,-0.6446568,-0.6491862,-0.6528402,-0.6526864,-0.65568405,-0.65705943,-0.6599089,-0.6647147,-0.66671735,-0.6711876,-0.6727804,-0.6754705,-0.67968714,-0.68357974,-0.6859037,-0.6891748,-0.690658,-0.6936183,-0.69823873,-0.70201695,-0.70313567,-0.70728344,-0.7104509,-0.71319073,-0.714766,-0.71736974,-0.7207133,-0.7243064,-0.7273294
106_real,-0.017796295,-0.27257413,,,,,,,,,,,-0.24082914,,,,,,,,,,,,,,,,,,,,,,,,,,,-0.3097931,,,,,,,,,,,,,,,,,,,,,,,,,,,,,,
106_gen,-0.017796295,-0.022276854,-0.02621311,-0.03050006,-0.032700434,-0.035487644,-0.03913421,-0.04155132,-0.045845143,-0.051505618,-0.053559422,-0.05447594,-0.05675171,-0.0576773,-0.059724964,-0.062084667,-0.06266106,-0.06334367,-0.06236087,-0.064056434,-0.06422312,-0.06553448,-0.06739117,-0.06859956,-0.07070973,-0.07151251,-0.072128646,-0.07207229,-0.07431406,-0.074446276,-0.07519493,-0.07603274,-0.07618418,-0.07645615,-0.07910986,-0.08263062,-0.08386824,-0.08432222,-0.086488135,-0.08795788,-0.089090824,-0.090751864,-0.092625365,-0.0948205,-0.095319845,-0.09505461,-0.0974016,-0.10139517,-0.10568675,-0.11022136,-0.11138086,-0.11403555,-0.114931464,-0.11437529,-0.11451487,-0.12090256,-0.12207081,-0.12496843,-0.12746389,-0.12773201,-0.13077879,-0.13147816,-0.13605991,-0.13967755,-0.14153698,-0.14600626,-0.14972574,-0.15027198,-0.15349382,-0.15578409
107_real,-0.13010055,-0.252827,,,,,,,,,,,-0.43148863,,,,,,,,,,,,,,,,,,,,,,,,,,,-0.27498034,,,,,,,,,,,,,,,,,,,,,,,,,,,,,,
107_gen,-0.13010053,-0.14173508,-0.15216286,-0.15953188,-0.1669546,-0.17310545,-0.17941993,-0.18609369,-0.19228911,-0.19971342,-0.20812961,-0.21478531,-0.22038929,-0.22427137,-0.23044696,-0.23744094,-0.2437406,-0.24576361,-0.2517373,-0.25856262,-0.2604887,-0.2652053,-0.2689703,-0.2726069,-0.27695912,-0.28398332,-0.28859228,-0.29407486,-0.2983614,-0.30437222,-0.30865812,-0.31281176,-0.3166601,-0.3216445,-0.32763278,-0.33170384,-0.33868283,-0.34621254,-0.34962133,-0.35384727,-0.35958287,-0.36521855,-0.3721369,-0.37821367,-0.38202423,-0.3860957,-0.3913198,-0.39852136,-0.4034586,-0.4075815,-0.41437644,-0.42085648,-0.42736188,-0.43354195,-0.44002026,-0.44678545,-0.4537283,-0.4587535,-0.46240705,-0.46808273,-0.47407788,-0.4813621,-0.48389345,-0.48790073,-0.4947254,-0.5017932,-0.5083207,-0.5139283,-0.51884496,-0.5252717
108_real,0.3664176,0.41089538,,,,,,,,,,,0.30339023,,,,,,,,,,,,,,,,,,,,,,,,,,,0.5643815,,,,,,,,,,,,,,,,,,,,,,,,,,,,,,
108_gen,0.36641762,0.3603577,0.3542846,0.3490619,0.344722,0.3382696,0.33208704,0.32546216,0.32052734,0.31795317,0.31158635,0.30631036,0.3000032,0.29324767,0.28742653,0.2833479,0.27973488,0.2739277,0.26991475,0.26466542,0.26067168,0.2560913,0.25164932,0.24671313,0.24309039,0.23848005,0.23260725,0.2289227,0.2257016,0.22355548,0.2204545,0.21760663,0.21611877,0.21423478,0.20966475,0.20430866,0.19953921,0.19347176,0.18943664,0.18635985,0.18231252,0.17882676,0.17451824,0.1736371,0.16980429,0.16620007,0.16290963,0.16087733,0.15681842,0.15221164,0.14522634,0.14128745,0.13803723,0.13544007,0.12957373,0.122549415,0.117286064,0.11270493,0.10581453,0.100643896,0.09685069,0.089712396,0.08800007,0.08408846,0.07925117,0.07502315,0.066951714,0.06420889,0.059651155,0.05726201
109_real,-0.41149178,-0.31989104,,,,,,,,,,,-0.683914,,,,,,,,,,,,,,,,,,,,,,,,,,,-0.22502774,,,,,,,,,,,,,,,,,,,,,,,,,,,,,,
109_gen,-0.4114918,-0.4234251,-0.4350478,-0.44269553,-0.44900918,-0.45294714,-0.4627368,-0.46784955,-0.4721474,-0.47970456,-0.4866739,-0.48851842,-0.49284738,-0.49872866,-0.50449777,-0.5037572,-0.5071218,-0.5099167,-0.5144675,-0.5201839,-0.52126825,-0.52587736,-0.5330738,-0.5388054,-0.5425494,-0.5454382,-0.5498463,-0.554424,-0.5635739,-0.56976855,-0.5748627,-0.581018,-0.5826946,-0.5867397,-0.59220374,-0.5930604,-0.60171336,-0.60316795,-0.6060809,-0.61419487,-0.61946225,-0.6261771,-0.6328487,-0.6414722,-0.6491798,-0.6553242,-0.66547245,-0.6721061,-0.6803338,-0.68766123,-0.6915536,-0.6967834,-0.70427114,-0.70473623,-0.709613,-0.71469647,-0.7217096,-0.7302967,-0.7389071,-0.74594575,-0.7451979,-0.75103575,-0.75547564,-0.76270217,-0.7679732,-0.7690642,-0.77288604,-0.7794234,-0.7882492,-0.7991528
110_real,-0.8647599,-0.5159521,,,,,,,,,,,-1.0004241,,,,,,,,,,,,,,,,,,,,,,,,,,,-0.5178772,,,,,,,,,,,,,,,,,,,,,,,,,,,,,,
110_gen,-0.8647599,-0.8778303,-0.89255667,-0.8974165,-0.90563804,-0.9158087,-0.9226958,-0.92981946,-0.9359562,-0.93773776,-0.94387835,-0.9520259,-0.95749843,-0.961693,-0.96680105,-0.96679056,-0.96625024,-0.9713429,-0.9772876,-0.98185813,-0.98629695,-0.99144745,-0.998802,-1.0019383,-1.0077856,-1.0130122,-1.0222664,-1.0236194,-1.0261235,-1.0316384,-1.0397995,-1.041809,-1.0489589,-1.0554208,-1.0637486,-1.0687073,-1.0754076,-1.0809426,-1.0860339,-1.0899552,-1.0990392,-1.1006653,-1.1068461,-1.1127098,-1.122781,-1.1221629,-1.1277361,-1.1296337,-1.135426,-1.1391491,-1.1468611,-1.1541728,-1.1613022,-1.1709228,-1.1755897,-1.1796812,-1.1826836,-1.1944762,-1.2009759,-1.2089847,-1.2173789,-1.2222965,-1.233257,-1.2428458,-1.2486618,-1.2552171,-1.2639943,-1.2710348,-1.271574,-1.2776436
111_real,0.93551785,0.99970263,,,,,,,,,,,0.82495505,,,,,,,,,,,,,,,,,,,,,,,,,,,0.9746309,,,,,,,,,,,,,,,,,,,,,,,,,,,,,,
111_gen,0.9355179,0.91942596,0.9070982,0.8960433,0.88757646,0.8802107,0.87258327,0.865143,0.8584488,0.8503171,0.84294003,0.8329692,0.823973,0.81807184,0.8093344,0.8013381,0.7936176,0.78454053,0.77661204,0.7678836,0.7622817,0.7536991,0.74292886,0.73894906,0.73142064,0.72028697,0.7110688,0.70142305,0.6936759,0.6835185,0.6767351,0.66694117,0.6605768,0.65173143,0.64015776,0.6300573,0.61953217,0.60983074,0.6009568,0.59252167,0.5855622,0.57845086,0.5691309,0.5611881,0.55108625,0.5433139,0.5348114,0.5245647,0.5166904,0.5068234,0.49306583,0.48526812,0.4780573,0.46839318,0.45941067,0.4514768,0.44311404,0.43155724,0.42446536,0.41666412,0.4078493,0.3986225,0.38740677,0.38013187,0.36705643,0.35911354,0.35126474,0.3405331,0.32900944,0.32001397
112_real,0.5794901,0.65160143,,,,,,,,,,,0.6251503,,,,,,,,,,,,,,,,,,,,,,,,,,,0.39026985,,,,,,,,,,,,,,,,,,,,,,,,,,,,,,
112_gen,0.5794901,0.56341404,0.55242527,0.5398637,0.53240454,0.5243329,0.51683813,0.5080561,0.49739966,0.4901217,0.4842228,0.47634548,0.46518764,0.4575514,0.44917244,0.4405647,0.4296081,0.42239395,0.4180623,0.40889972,0.40708336,0.40100336,0.39442778,0.38645777,0.37762004,0.36885858,0.3614169,0.35072595,0.3428309,0.33752245,0.33177102,0.3224729,0.31722572,0.30841082,0.3008991,0.2950498,0.28885856,0.28069103,0.2719769,0.26506126,0.25788492,0.24828,0.24493007,0.23967269,0.2319533,0.223146,0.21588182,0.20804,0.20107818,0.19057027,0.18069184,0.17093882,0.16304813,0.1539453,0.1432393,0.13425142,0.12900412,0.119404554,0.11012729,0.10133658,0.092450365,0.08474681,0.07324885,0.065254286,0.055350028,0.046504352,0.03969236,0.030859658,0.024024086,0.013614153
113_real,0.06983419,0.12828569,,,,,,,,,,,0.025001569,,,,,,,,,,,,,,,,,,,,,,,,,,,0.36982232,,,,,,,,,,,,,,,,,,,,,,,,,,,,,,
113_gen,0.06983418,0.06560274,0.061923396,0.05627616,0.052233092,0.049480736,0.0484984,0.046064574,0.03979398,0.033741802,0.028076347,0.02440381,0.021348316,0.017271698,0.011653106,0.010221912,0.0077908477,0.0044397255,-0.0012340236,-0.0064236447,-0.013454257,-0.014760956,-0.017986674,-0.018738385,-0.023587696,-0.026023427,-0.03221631,-0.04093886,-0.045265105,-0.050490748,-0.05391904,-0.05751019,-0.060501706,-0.06456713,-0.07162076,-0.075994,-0.07781315,-0.08508478,-0.08726625,-0.09064523,-0.095741995,-0.10444107,-0.110912874,-0.11481571,-0.11697052,-0.12372492,-0.12823315,-0.13078216,-0.13388395,-0.13810968,-0.14042778,-0.14501537,-0.14738666,-0.15492642,-0.15508011,-0.15707703,-0.1604522,-0.16915593,-0.17249954,-0.17863677,-0.18381986,-0.18812746,-0.19119072,-0.19513734,-0.19865398,-0.20432205,-0.20774548,-0.21257944,-0.21546516,-0.21931855
114_real,-0.33733892,-0.22726369,,,,,,,,,,,-0.374894,,,,,,,,,,,,,,,,,,,,,,,,,,,-0.043542624,,,,,,,,,,,,,,,,,,,,,,,,,,,,,,
114_gen,-0.33733892,-0.34795713,-0.35764992,-0.3630404,-0.3682697,-0.37101856,-0.37762043,-0.38431317,-0.38879624,-0.39470986,-0.4015139,-0.40921006,-0.4148601,-0.4208277,-0.42533413,-0.42988858,-0.43176293,-0.43513027,-0.43815857,-0.44192877,-0.44791618,-0.45247108,-0.4553098,-0.46205345,-0.466823,-0.4723668,-0.47872344,-0.48135853,-0.4896081,-0.49833375,-0.5031631,-0.5112001,-0.51722157,-0.5206567,-0.52702105,-0.5369987,-0.5414035,-0.54519033,-0.5526201,-0.55829555,-0.56058294,-0.5660908,-0.57211417,-0.58158547,-0.58499146,-0.59058607,-0.59896195,-0.6049598,-0.6139003,-0.62069947,-0.62730163,-0.63156295,-0.6377217,-0.6440011,-0.65280914,-0.6594952,-0.66512066,-0.66973865,-0.67309964,-0.6803265,-0.68798643,-0.69444597,-0.6992551,-0.70417035,-0.7121452,-0.7188488,-0.7242466,-0.72843015,-0.7339827,-0.73489296
115_real,0.24331614,0.23565705,,,,,,,,,,,0.19310726,,,,,,,,,,,,,,,,,,,,,,,,,,,0.4322325,,,,,,,,,,,,,,,,,,,,,,,,,,,,,,
115_gen,0.24331614,0.24169931,0.23720352,0.23533514,0.22734824,0.22153147,0.21868153,0.21190724,0.20612016,0.20573314,0.20279336,0.19684836,0.19132665,0.18750504,0.18087268,0.17965671,0.17530017,0.17319128,0.16918409,0.16213581,0.15537716,0.15489295,0.1510791,0.14622606,0.14164513,0.13927984,0.13450453,0.12417561,0.116586186,0.11260645,0.10642944,0.101906076,0.10142843,0.09528936,0.089363344,0.08658688,0.08205973,0.075079195,0.06849239,0.06092261,0.0546076,0.052138485,0.048159935,0.043424137,0.041018724,0.035653915,0.03846718,0.03102623,0.022165643,0.024023244,0.017497782,0.0123664355,0.007844508,0.003373637,-0.0005060521,-0.006809826,-0.014028947,-0.017284675,-0.026438083,-0.029250607,-0.034387775,-0.04393173,-0.053718466,-0.059078682,-0.060637854,-0.06640292,-0.06929722,-0.07383635,-0.08046539,-0.0884183
116_real,0.23108311,0.20129107,,,,,,,,,,,0.17652376,,,,,,,,,,,,,,,,,,,,,,,,,,,0.44590706,,,,,,,,,,,,,,,,,,,,,,,,,,,,,,
116_gen,0.23108312,0.21594436,0.2028697,0.19500618,0.18726018,0.17713515,0.17148711,0.1606206,0.15557867,0.14668402,0.14663567,0.14018692,0.1348934,0.12949023,0.12389773,0.12783511,0.12082565,0.11598319,0.108495116,0.099729724,0.09356585,0.086727075,0.079197034,0.0807171,0.07693765,0.07437963,0.06742422,0.06228005,0.060875855,0.056234904,0.05212418,0.047448974,0.04227916,0.03698776,0.031709254,0.030842727,0.029953241,0.02721547,0.019558659,0.012614733,0.005184657,0.0038502477,0.0010008157,-0.0004879296,-0.0017714627,-0.010409403,-0.009238555,-0.017901089,-0.019798229,-0.026828796,-0.027661806,-0.030316671,-0.03528399,-0.040572345,-0.048401766,-0.05327881,-0.05754102,-0.06618637,-0.072238155,-0.07701648,-0.080314435,-0.08890872,-0.093591854,-0.10415584,-0.10891126,-0.11398405,-0.12017502,-0.12071271,-0.13001327,-0.13713257
117_real,0.34283426,0.10452324,,,,,,,,,,,0.21652652,,,,,,,,,,,,,,,,,,,,,,,,,,,0.14000224,,,,,,,,,,,,,,,,,,,,,,,,,,,,,,
117_gen,0.34283426,0.33745557,0.33312735,0.33290753,0.32839733,0.32455468,0.32430238,0.32119888,0.31785852,0.3144908,0.31089002,0.3066836,0.30594507,0.30209935,0.29916245,0.29563236,0.2914157,0.29080987,0.28642058,0.282025,0.2798135,0.2772914,0.2705328,0.26252437,0.2572366,0.25407982,0.25273967,0.24773192,0.24299553,0.23927303,0.23811166,0.23350403,0.22663999,0.22543614,0.22108278,0.2186315,0.21336105,0.21109135,0.20942327,0.2070456,0.20295772,0.19996354,0.19630441,0.19522323,0.19187976,0.1888189,0.182345,0.17695203,0.17169264,0.16748844,0.16220114,0.15505801,0.15051064,0.14682123,0.14349505,0.13953876,0.13282451,0.12885864,0.12627588,0.121599995,0.11801884,0.110056266,0.10570892,0.09861286,0.088673785,0.084574915,0.0763614,0.070299976,0.062343944,0.0598845
118_real,0.21703267,0.11896734,,,,,,,,,,,0.5418067,,,,,,,,,,,,,,,,,,,,,,,,,,,0.20003653,,,,,,,,,,,,,,,,,,,,,,,,,,,,,,
118_gen,0.21703267,0.20518033,0.19887304,0.19282678,0.18734762,0.18196003,0.17878763,0.17558047,0.17316698,0.16990718,0.16659476,0.16388808,0.16192383,0.16005306,0.15487121,0.15025195,0.1492937,0.14650838,0.14430872,0.1402833,0.13807826,0.13558738,0.13272963,0.12868217,0.123476624,0.11943176,0.11682484,0.11426012,0.11054299,0.10926044,0.10685973,0.10506383,0.09932828,0.0961045,0.09535244,0.091240294,0.087105565,0.08545208,0.08175661,0.079476625,0.07601378,0.073582366,0.07037933,0.06708471,0.066424236,0.06257869,0.059841026,0.056188036,0.050779857,0.04616159,0.04312103,0.04093121,0.036216605,0.03209153,0.029195946,0.02715813,0.022728598,0.018582007,0.015242601,0.012208161,0.008187765,0.0046005836,-0.00016769767,-0.0035881072,-0.0065797954,-0.010183384,-0.013416655,-0.017292282,-0.02459744,-0.02866067
119_real,-0.3447945,-0.40674073,,,,,,,,,,,-0.23465276,,,,,,,,,,,,,,,,,,,,,,,,,,,-0.4448251,,,,,,,,,,,,,,,,,,,,,,,,,,,,,,
119_gen,-0.3447945,-0.35342994,-0.36160237,-0.36793095,-0.37498417,-0.38232702,-0.38869613,-0.39731032,-0.40832344,-0.41589174,-0.4231121,-0.42999735,-0.4364934,-0.44334406,-0.44897532,-0.4579366,-0.4645142,-0.474329,-0.48170957,-0.48737207,-0.4963054,-0.50484943,-0.512322,-0.51858675,-0.5265747,-0.5325974,-0.5396938,-0.5448141,-0.5512761,-0.55596197,-0.56395847,-0.5702237,-0.5791265,-0.58631146,-0.5921976,-0.6035626,-0.6113969,-0.6181648,-0.6265138,-0.6365861,-0.6442939,-0.65241736,-0.6612705,-0.66688746,-0.6766859,-0.68730444,-0.6962322,-0.7023182,-0.71245855,-0.7195274,-0.7274514,-0.7353846,-0.74159396,-0.7495577,-0.76077884,-0.7685046,-0.77442306,-0.78050166,-0.7863653,-0.7963711,-0.8049261,-0.81661856,-0.8236758,-0.831133,-0.8391587,-0.84671324,-0.8565563,-0.86593676,-0.87365687,-0.8798954
120_real,-0.6029785,-0.46898517,,,,,,,,,,,-0.4892343,,,,,,,,,,,,,,,,,,,,,,,,,,,-0.55210173,,,,,,,,,,,,,,,,,,,,,,,,,,,,,,
120_gen,-0.6029786,-0.614403,-0.62555075,-0.64053553,-0.65001935,-0.6610912,-0.67453635,-0.6856667,-0.69299376,-0.700535,-0.7087664,-0.7185138,-0.7304214,-0.7388885,-0.7445584,-0.753632,-0.7625698,-0.7714714,-0.78171194,-0.7917668,-0.7988505,-0.80766374,-0.81635725,-0.8225893,-0.83222944,-0.8408998,-0.8491117,-0.85757273,-0.8665619,-0.8758561,-0.8810315,-0.8904811,-0.9006127,-0.9103138,-0.91663754,-0.92634314,-0.9349187,-0.942608,-0.9514505,-0.9571638,-0.96621764,-0.97606194,-0.985139,-0.9947821,-1.0055609,-1.015078,-1.0218832,-1.0326908,-1.0423541,-1.0509812,-1.0611182,-1.0663234,-1.0723336,-1.080209,-1.0871254,-1.0941842,-1.1051735,-1.1174046,-1.1260822,-1.1331861,-1.1414825,-1.1539037,-1.1613667,-1.1709931,-1.1789322,-1.1861135,-1.1967235,-1.2041737,-1.2144382,-1.2261144
121_real,-0.6214207,-0.6598241,,,,,,,,,,,-0.34026548,,,,,,,,,,,,,,,,,,,,,,,,,,,-0.7587781,,,,,,,,,,,,,,,,,,,,,,,,,,,,,,
121_gen,-0.62142074,-0.62773705,-0.63485926,-0.6413069,-0.6464654,-0.6548554,-0.6592558,-0.66313946,-0.66833085,-0.6718132,-0.6780408,-0.68148154,-0.6859082,-0.6912905,-0.69652945,-0.69959307,-0.7019235,-0.7059654,-0.71272314,-0.71588135,-0.72035325,-0.72691065,-0.7328342,-0.73737067,-0.7415081,-0.746915,-0.7538285,-0.7600325,-0.7657921,-0.7712519,-0.7752573,-0.77951133,-0.78367466,-0.78979313,-0.7935396,-0.79771316,-0.80251884,-0.8083396,-0.814912,-0.81869125,-0.82427263,-0.828777,-0.83577096,-0.8398525,-0.84125626,-0.8455512,-0.85055083,-0.8563345,-0.86365813,-0.8718748,-0.87799424,-0.8841723,-0.8884387,-0.892268,-0.90191555,-0.9072407,-0.9110702,-0.91718835,-0.91997355,-0.92311096,-0.92949295,-0.93374765,-0.93893975,-0.94209254,-0.94754505,-0.95305043,-0.9559779,-0.9599141,-0.96348727,-0.96764106
122_real,-0.5541953,-0.54675984,,,,,,,,,,,-0.43144748,,,,,,,,,,,,,,,,,,,,,,,,,,,-0.7264287,,,,,,,,,,,,,,,,,,,,,,,,,,,,,,
122_gen,-0.55419534,-0.56314194,-0.5711976,-0.57577914,-0.58437604,-0.5882257,-0.5956489,-0.60591257,-0.61362964,-0.6216756,-0.6282172,-0.6334142,-0.6426136,-0.646411,-0.6465571,-0.65392005,-0.66070765,-0.6610692,-0.6660957,-0.6702816,-0.6774832,-0.6814176,-0.68405366,-0.6912794,-0.6932508,-0.69923055,-0.70130694,-0.7061149,-0.7087509,-0.7135826,-0.719417,-0.72128254,-0.7270522,-0.7309603,-0.73600405,-0.7429892,-0.752978,-0.7571422,-0.7642215,-0.7753753,-0.7808768,-0.7841929,-0.7920549,-0.7975454,-0.80196446,-0.8066902,-0.81492186,-0.8207493,-0.8261467,-0.8310138,-0.8369986,-0.8372035,-0.8447502,-0.850227,-0.8566624,-0.8674755,-0.87594736,-0.8820059,-0.8862337,-0.8958441,-0.902326,-0.90684426,-0.91112125,-0.9135917,-0.9196436,-0.926546,-0.9308918,-0.9374336,-0.94474,-0.9447123
123_real,-0.38874245,-0.71815,,,,,,,,,,,-0.503747,,,,,,,,,,,,,,,,,,,,,,,,,,,-0.56054354,,,,,,,,,,,,,,,,,,,,,,,,,,,,,,
123_gen,-0.38874245,-0.39584172,-0.39916673,-0.40398836,-0.41091958,-0.41639304,-0.42260283,-0.42559606,-0.43125707,-0.43748245,-0.44534445,-0.4488934,-0.4527238,-0.4574186,-0.4620954,-0.46703133,-0.4720315,-0.48120227,-0.48482972,-0.49536914,-0.50181973,-0.507981,-0.51064533,-0.5157305,-0.5237471,-0.528273,-0.5340942,-0.538979,-0.54498166,-0.55277985,-0.5591756,-0.5666522,-0.5749337,-0.5821154,-0.58737236,-0.59240377,-0.60016334,-0.6057625,-0.6134673,-0.6179756,-0.623166,-0.62808114,-0.6324045,-0.6382146,-0.64545953,-0.6523363,-0.6641259,-0.6695681,-0.6764132,-0.6830989,-0.6884549,-0.69576037,-0.7005925,-0.7043733,-0.7123346,-0.71635914,-0.7225136,-0.7285619,-0.73851305,-0.7399928,-0.7468336,-0.7539123,-0.76300716,-0.76837385,-0.77423775,-0.77877957,-0.783753,-0.7895386,-0.79528606,-0.80265427
124_real,-0.7386986,-0.61260915,,,,,,,,,,,-0.6006132,,,,,,,,,,,,,,,,,,,,,,,,,,,-0.5938326,,,,,,,,,,,,,,,,,,,,,,,,,,,,,,
124_gen,-0.73869854,-0.7503856,-0.758843,-0.76854384,-0.7749425,-0.78030026,-0.7867267,-0.7929096,-0.7970784,-0.8008882,-0.8045133,-0.812256,-0.81646603,-0.81873214,-0.8233684,-0.82910407,-0.8344868,-0.83869964,-0.84417456,-0.8502492,-0.85636747,-0.85953724,-0.8609673,-0.8659013,-0.87085027,-0.8746456,-0.87955016,-0.8857455,-0.88768166,-0.8939004,-0.90090084,-0.9072234,-0.91248304,-0.9159914,-0.92356,-0.9286355,-0.93279266,-0.9370723,-0.9443515,-0.9488432,-0.95511913,-0.95867443,-0.96489906,-0.9709414,-0.97706795,-0.9825805,-0.9868578,-0.9911459,-0.9943549,-1.0018383,-1.0090743,-1.013103,-1.019336,-1.0266387,-1.0319077,-1.0348717,-1.0428528,-1.0517493,-1.0613332,-1.0662334,-1.0718372,-1.0778646,-1.0830514,-1.0876958,-1.0933871,-1.1010071,-1.1076761,-1.1134064,-1.1170903,-1.1228669
125_real,-1.3886752,-1.3596547,,,,,,,,,,,-1.4033662,,,,,,,,,,,,,,,,,,,,,,,,,,,-1.6962527,,,,,,,,,,,,,,,,,,,,,,,,,,,,,,
125_gen,-1.3886753,-1.3961036,-1.3971794,-1.3999287,-1.4004368,-1.3996729,-1.4006181,-1.4049493,-1.4084622,-1.413989,-1.4174912,-1.4215907,-1.4243299,-1.4261558,-1.4261228,-1.4273145,-1.4292712,-1.4315007,-1.4336398,-1.4346459,-1.4356015,-1.4380928,-1.4416542,-1.4406298,-1.4422177,-1.4434018,-1.4481235,-1.4524333,-1.4535549,-1.4560072,-1.4603392,-1.4612439,-1.4631802,-1.4685305,-1.468976,-1.4704478,-1.4721245,-1.4748365,-1.4787357,-1.484375,-1.4865453,-1.4878602,-1.4890652,-1.4921364,-1.495925,-1.4998709,-1.5043223,-1.5070661,-1.5072381,-1.5093002,-1.5137465,-1.5159743,-1.5184387,-1.51855,-1.5234945,-1.5261132,-1.5294244,-1.5331969,-1.5361274,-1.5395602,-1.5415075,-1.5463268,-1.5479964,-1.5517497,-1.5519696,-1.5551747,-1.5559924,-1.56069,-1.5634673,-1.5677941
126_real,0.24111019,-0.02684596,,,,,,,,,,,-0.10695288,,,,,,,,,,,,,,,,,,,,,,,,,,,-0.03804252,,,,,,,,,,,,,,,,,,,,,,,,,,,,,,
126_gen,0.24111018,0.23794284,0.23475608,0.23126683,0.22668631,0.22559679,0.22501731,0.2197961,0.21654022,0.21345922,0.21334848,0.21222691,0.21263734,0.21186289,0.20865336,0.20612316,0.20238411,0.20087278,0.19933775,0.19798832,0.19657288,0.19644198,0.1969382,0.19407456,0.19086976,0.19068795,0.18814178,0.18718208,0.18581265,0.18119378,0.17814644,0.17865317,0.1761672,0.17859888,0.17592779,0.17355216,0.16833207,0.16833201,0.16763909,0.1677029,0.16481195,0.16436817,0.16036768,0.15355659,0.15276495,0.15151276,0.14829515,0.14627555,0.14261396,0.13959518,0.13692854,0.13625725,0.13239485,0.12775017,0.124836706,0.1219949,0.12136152,0.12164815,0.120092236,0.11851281,0.116350174,0.11672344,0.1135988,0.10976201,0.10816918,0.10284835,0.103350975,0.09947868,0.09807551,0.09520536
127_real,0.0136796795,0.019422663,,,,,,,,,,,-0.10144316,,,,,,,,,,,,,,,,,,,,,,,,,,,0.22856474,,,,,,,,,,,,,,,,,,,,,,,,,,,,,,
127_gen,0.013679681,0.0037062794,-0.003969276,-0.008574527,-0.014991587,-0.020441016,-0.02930142,-0.03453184,-0.03943693,-0.04230219,-0.047240622,-0.054581862,-0.060200565,-0.06332904,-0.06641116,-0.071455196,-0.0795106,-0.08460809,-0.09178036,-0.0979254,-0.10385209,-0.107800245,-0.11144086,-0.116428874,-0.12131331,-0.12574396,-0.13012436,-0.13635409,-0.13978033,-0.14303802,-0.14582756,-0.15257469,-0.15862943,-0.1621629,-0.16640177,-0.1697105,-0.17432234,-0.1771358,-0.18089528,-0.18933539,-0.19492242,-0.20017906,-0.20438333,-0.20754418,-0.20985973,-0.21417601,-0.21949565,-0.22537658,-0.2320418,-0.237927,-0.24217835,-0.2478365,-0.25310558,-0.25784752,-0.26346663,-0.27165252,-0.27762657,-0.28397945,-0.2907881,-0.29741913,-0.30557013,-0.31228578,-0.31450358,-0.3224127,-0.33056766,-0.33333555,-0.34038347,-0.3445347,-0.35003036,-0.35652846
128_real,0.04241896,-0.09804974,,,,,,,,,,,0.15018022,,,,,,,,,,,,,,,,,,,,,,,,,,,-0.2133541,,,,,,,,,,,,,,,,,,,,,,,,,,,,,,
128_gen,0.04241896,0.035176486,0.028438473,0.023810616,0.016529936,0.0098683415,0.0070483284,0.00095540576,0.0002080941,-0.0060833683,-0.0075368956,-0.011137033,-0.016354393,-0.021502575,-0.025686095,-0.029837523,-0.032697447,-0.03209976,-0.037486333,-0.041636195,-0.048327588,-0.05413585,-0.057230037,-0.061119188,-0.06457635,-0.0672227,-0.068608806,-0.07111741,-0.07459688,-0.079887226,-0.08388047,-0.0868041,-0.09196097,-0.09514268,-0.09569987,-0.1012701,-0.10827036,-0.113279164,-0.11916472,-0.12439034,-0.1272515,-0.13129652,-0.13423006,-0.13906527,-0.14225031,-0.14718911,-0.15104672,-0.15777561,-0.16298376,-0.17149958,-0.17644945,-0.18318486,-0.18816578,-0.19232453,-0.19898638,-0.20574018,-0.21321301,-0.21825424,-0.22512868,-0.2287447,-0.23422821,-0.24299964,-0.24860136,-0.25585112,-0.2633669,-0.26809114,-0.27225348,-0.2781907,-0.28191674,-0.29084107
129_real,0.28466672,-0.40485537,,,,,,,,,,,0.28470102,,,,,,,,,,,,,,,,,,,,,,,,,,,-0.2152695,,,,,,,,,,,,,,,,,,,,,,,,,,,,,,
129_gen,0.28466675,0.27668908,0.27091894,0.26641795,0.2616561,0.25624472,0.25211018,0.24531302,0.23991093,0.23633821,0.23326913,0.23021741,0.22664908,0.22218664,0.21744585,0.21529749,0.21004836,0.20527467,0.1992321,0.19364777,0.18992604,0.1871317,0.1830222,0.17918496,0.1746297,0.1697609,0.16517308,0.16039085,0.15820126,0.15563263,0.15050386,0.14424649,0.13920833,0.13420315,0.13204041,0.12616435,0.12396405,0.11886261,0.115386404,0.10743897,0.10320389,0.09683569,0.093165316,0.090884924,0.08728881,0.08281406,0.077482626,0.07319039,0.06928804,0.06333427,0.060998507,0.056167483,0.05307985,0.04807333,0.043775726,0.039464094,0.036619198,0.02919507,0.024603587,0.020399924,0.016146826,0.011366753,0.0064095436,0.0010486085,-0.0015889027,-0.008555477,-0.013286285,-0.015948346,-0.021308726,-0.02412682
130_real,0.13307543,0.48842356,,,,,,,,,,,0.33900762,,,,,,,,,,,,,,,,,,,,,,,,,,,0.2858196,,,,,,,,,,,,,,,,,,,,,,,,,,,,,,
130_gen,0.13307545,0.12645397,0.1202602,0.11368338,0.10875628,0.10266495,0.09686078,0.090801336,0.0839253,0.0774462,0.07154369,0.06811484,0.06396137,0.058905106,0.053910654,0.0483265,0.044241,0.0386175,0.03264989,0.027355561,0.0238294,0.016706517,0.012023049,0.006864524,0.0014522603,-0.0017710518,-0.005463495,-0.010535437,-0.014922986,-0.020394327,-0.022635598,-0.026392376,-0.029941324,-0.034312524,-0.039156154,-0.044504102,-0.04877583,-0.05408845,-0.05852846,-0.06317771,-0.06687541,-0.07220877,-0.075701885,-0.07906197,-0.08261367,-0.08832924,-0.09369592,-0.098759346,-0.102061644,-0.10628011,-0.11177258,-0.11528951,-0.121530294,-0.12589166,-0.1319193,-0.13770291,-0.14441256,-0.14969975,-0.15568738,-0.16171288,-0.16729361,-0.17150183,-0.17668685,-0.18283042,-0.18739575,-0.19348404,-0.1987764,-0.20439692,-0.21146405,-0.21773246
131_real,0.16835396,0.5349961,,,,,,,,,,,0.42214978,,,,,,,,,,,,,,,,,,,,,,,,,,,0.40266216,,,,,,,,,,,,,,,,,,,,,,,,,,,,,,
131_gen,0.16835395,0.16538283,0.1599761,0.15437362,0.15428498,0.15073203,0.14900431,0.14161184,0.14050362,0.1362091,0.1309454,0.12563203,0.120589495,0.11600715,0.11647578,0.116466366,0.11040126,0.10536063,0.1079462,0.103447065,0.09573933,0.091599725,0.09319971,0.09357942,0.08674715,0.08139031,0.07588631,0.07272391,0.070596196,0.06510325,0.060124923,0.05828298,0.05580472,0.054257892,0.048828833,0.043515503,0.04112572,0.042445444,0.03755069,0.03518338,0.036179733,0.036598023,0.03679987,0.038101062,0.03511132,0.03628681,0.028067106,0.020908253,0.011554412,0.003816532,0.00061833335,-0.0018694524,-0.007504835,-0.010216519,-0.01376793,-0.01817524,-0.023627978,-0.026479766,-0.03180965,-0.035574574,-0.04180165,-0.04892264,-0.053637087,-0.05993712,-0.0652351,-0.065327145,-0.07191848,-0.07870043,-0.08259554,-0.087065116
132_real,0.08043528,0.08404975,,,,,,,,,,,0.049893647,,,,,,,,,,,,,,,,,,,,,,,,,,,0.082902186,,,,,,,,,,,,,,,,,,,,,,,,,,,,,,
132_gen,0.08043528,0.06255502,0.04942109,0.037776858,0.029294014,0.01715715,0.0038613672,-0.009059499,-0.012520829,-0.013196292,-0.023386823,-0.028430438,-0.029884685,-0.03207716,-0.040339448,-0.04804732,-0.057567418,-0.06159386,-0.05938219,-0.06252903,-0.06496761,-0.07087724,-0.07622339,-0.080615066,-0.089456536,-0.09649231,-0.10370793,-0.106311284,-0.11128329,-0.11290797,-0.11920388,-0.124055766,-0.13173272,-0.13840666,-0.14390764,-0.14736003,-0.14705712,-0.15513422,-0.15919177,-0.16768076,-0.17624696,-0.18433031,-0.18729874,-0.19403209,-0.19732344,-0.19973986,-0.20920058,-0.21588823,-0.22106192,-0.22638015,-0.2314192,-0.23834789,-0.24202415,-0.24545388,-0.24716604,-0.25466007,-0.25570416,-0.256976,-0.2605824,-0.26618755,-0.27302188,-0.27139202,-0.28055277,-0.28404063,-0.2867602,-0.29380006,-0.30190066,-0.3135874,-0.32002687,-0.3257967
133_real,-0.3317529,-0.3006218,,,,,,,,,,,-0.40251097,,,,,,,,,,,,,,,,,,,,,,,,,,,-0.32365942,,,,,,,,,,,,,,,,,,,,,,,,,,,,,,
133_gen,-0.33175287,-0.33202022,-0.3321618,-0.33444336,-0.33809078,-0.34012336,-0.34339917,-0.34858158,-0.35287666,-0.35705757,-0.35858133,-0.36400664,-0.36669046,-0.37198722,-0.37441248,-0.37818712,-0.38323393,-0.388552,-0.3910905,-0.3967628,-0.3998151,-0.4014604,-0.4020881,-0.408137,-0.41410166,-0.4191443,-0.42219853,-0.4258112,-0.42960754,-0.4323135,-0.43695244,-0.43848944,-0.44428453,-0.44802713,-0.44972968,-0.45373923,-0.4588724,-0.461409,-0.46587285,-0.47313744,-0.47881746,-0.4826501,-0.48597875,-0.4895525,-0.49295688,-0.49680048,-0.50096124,-0.50666994,-0.51125747,-0.51586914,-0.52055424,-0.5251219,-0.5307077,-0.53773725,-0.5434686,-0.5507819,-0.55770797,-0.56338584,-0.57020664,-0.5748513,-0.57728577,-0.5817117,-0.5873121,-0.5920914,-0.5993309,-0.60541916,-0.61184317,-0.6196946,-0.6256792,-0.62982494
134_real,-0.15264536,0.11851931,,,,,,,,,,,0.008155314,,,,,,,,,,,,,,,,,,,,,,,,,,,-0.012509642,,,,,,,,,,,,,,,,,,,,,,,,,,,,,,
134_gen,-0.15264536,-0.15629044,-0.16071752,-0.1671371,-0.16956465,-0.17408681,-0.17782187,-0.18381545,-0.185069,-0.19167781,-0.19539088,-0.19793653,-0.20237401,-0.20562103,-0.21163197,-0.2153631,-0.2169387,-0.21974154,-0.22515202,-0.22906843,-0.23376569,-0.23629782,-0.23977539,-0.24339962,-0.24666674,-0.25108227,-0.25279894,-0.25721332,-0.25960916,-0.26460952,-0.2667016,-0.27143377,-0.27569255,-0.27902362,-0.2841032,-0.29096594,-0.2959173,-0.30094048,-0.30377823,-0.3098232,-0.314058,-0.31858844,-0.3210272,-0.32768357,-0.3334288,-0.33749172,-0.3414715,-0.34652182,-0.3507908,-0.35489577,-0.35854274,-0.36556023,-0.3717389,-0.37796822,-0.3827067,-0.38793883,-0.39402413,-0.39913446,-0.40286285,-0.4085682,-0.4161839,-0.42260227,-0.42898455,-0.43147516,-0.4373551,-0.4446661,-0.4484911,-0.4546841,-0.46095204,-0.46811134
135_real,-0.44227496,-0.1464587,,,,,,,,,,,-0.25923163,,,,,,,,,,,,,,,,,,,,,,,,,,,-0.22469625,,,,,,,,,,,,,,,,,,,,,,,,,,,,,,
135_gen,-0.442275,-0.4422472,-0.44606465,-0.4497466,-0.4528249,-0.4551726,-0.45870242,-0.46462664,-0.4692,-0.47179008,-0.47638574,-0.47811207,-0.4788147,-0.48179188,-0.4847063,-0.48951593,-0.49796563,-0.49966097,-0.5040006,-0.50582826,-0.5093819,-0.5111331,-0.5155837,-0.51888937,-0.5205321,-0.5317179,-0.5358718,-0.5434152,-0.5507067,-0.55170685,-0.55470103,-0.5621065,-0.56759757,-0.5716568,-0.58029735,-0.5880478,-0.5900483,-0.59290695,-0.59829265,-0.60259783,-0.6088333,-0.61184,-0.6194446,-0.6220956,-0.6282469,-0.6346551,-0.6387372,-0.64567375,-0.6521371,-0.660581,-0.6660192,-0.67085373,-0.67024696,-0.6767112,-0.685315,-0.68746126,-0.6919689,-0.6933142,-0.6955081,-0.7002717,-0.7072059,-0.71151024,-0.72101796,-0.7283537,-0.73496085,-0.73733425,-0.7468174,-0.748901,-0.7528156,-0.7590523
136_real,0.00012776775,0.098774575,,,,,,,,,,,0.007601377,,,,,,,,,,,,,,,,,,,,,,,,,,,-0.019373238,,,,,,,,,,,,,,,,,,,,,,,,,,,,,,
136_gen,0.00012776777,-0.007681458,-0.016341858,-0.028024081,-0.034257587,-0.039789096,-0.04520107,-0.0523565,-0.057627745,-0.060746826,-0.068265125,-0.07304014,-0.0853902,-0.09228006,-0.095226154,-0.09854275,-0.10118003,-0.10339512,-0.11297108,-0.12571454,-0.12959297,-0.1282775,-0.13410854,-0.13972618,-0.14611287,-0.15298758,-0.15443149,-0.16027908,-0.16267504,-0.16511615,-0.1665031,-0.16989613,-0.17508958,-0.18042113,-0.18634906,-0.19299565,-0.19357784,-0.19775574,-0.20168617,-0.20743506,-0.21586275,-0.2212564,-0.22823963,-0.23408389,-0.24159566,-0.25165,-0.25739843,-0.26211542,-0.2694376,-0.27651137,-0.2817595,-0.28621385,-0.28951886,-0.29528794,-0.30131263,-0.30357838,-0.3065192,-0.30855212,-0.3154267,-0.32210115,-0.33112133,-0.33442104,-0.33819872,-0.3400848,-0.3436842,-0.34534773,-0.35075834,-0.3550804,-0.35754144,-0.3607305
137_real,0.11582609,0.29113668,,,,,,,,,,,0.13522694,,,,,,,,,,,,,,,,,,,,,,,,,,,0.20584185,,,,,,,,,,,,,,,,,,,,,,,,,,,,,,
137_gen,0.11582609,0.11547754,0.11213744,0.10719468,0.10347108,0.101100326,0.098290786,0.09339039,0.08719753,0.082385115,0.076627426,0.069768675,0.06414984,0.054008074,0.04869909,0.04097513,0.034372315,0.03069509,0.026304033,0.020149224,0.0098883975,0.0029710857,-0.004873969,-0.0073278225,-0.0127996,-0.017716074,-0.02530564,-0.031075498,-0.03827504,-0.045885224,-0.05268065,-0.05840031,-0.06345817,-0.06882851,-0.075996794,-0.080184594,-0.0836935,-0.089476176,-0.0970167,-0.10310984,-0.10953821,-0.117203414,-0.12454905,-0.13147536,-0.13860497,-0.14253739,-0.14788555,-0.1529603,-0.15656686,-0.1611665,-0.16845898,-0.17553078,-0.18142396,-0.18777409,-0.1948828,-0.19885698,-0.20504603,-0.21135898,-0.21700303,-0.22334146,-0.23081703,-0.23715684,-0.24059758,-0.24925955,-0.25516886,-0.26182085,-0.2676368,-0.27265114,-0.28095677,-0.2904893
138_real,-0.17553796,-0.14614402,,,,,,,,,,,-0.25900546,,,,,,,,,,,,,,,,,,,,,,,,,,,-0.27127737,,,,,,,,,,,,,,,,,,,,,,,,,,,,,,
138_gen,-0.17553796,-0.18473598,-0.19365531,-0.20086746,-0.20524533,-0.2123187,-0.22167797,-0.23017871,-0.23885873,-0.2469705,-0.25136274,-0.25747108,-0.26290542,-0.27190453,-0.27451628,-0.27913934,-0.28482327,-0.28920013,-0.2972209,-0.301368,-0.30688483,-0.31416708,-0.31633908,-0.32463962,-0.3267124,-0.33306962,-0.33641487,-0.3399418,-0.34519467,-0.34894517,-0.35281128,-0.35748282,-0.36355388,-0.36795878,-0.37195438,-0.37669677,-0.38188553,-0.39049187,-0.39460668,-0.39980197,-0.4025418,-0.4052117,-0.4106528,-0.41610247,-0.42073584,-0.4297196,-0.43265152,-0.43835068,-0.4437634,-0.45019037,-0.45645466,-0.46289062,-0.4672502,-0.47312632,-0.4779107,-0.48394412,-0.48652297,-0.49340186,-0.5008486,-0.5055029,-0.5128516,-0.5150298,-0.52070135,-0.52697057,-0.53260547,-0.53747374,-0.5412351,-0.55062115,-0.54984677,-0.5548953
139_real,-0.67100847,0.084826455,,,,,,,,,,,-0.5152949,,,,,,,,,,,,,,,,,,,,,,,,,,,0.041075964,,,,,,,,,,,,,,,,,,,,,,,,,,,,,,
139_gen,-0.6710085,-0.6809386,-0.69121855,-0.70212394,-0.7059041,-0.71360767,-0.71633184,-0.7243044,-0.73101616,-0.73735666,-0.74374604,-0.7511506,-0.75793374,-0.7654092,-0.77147484,-0.77809924,-0.78288555,-0.7897202,-0.7993361,-0.80437946,-0.8126241,-0.8212346,-0.82819957,-0.83519495,-0.83977115,-0.8458866,-0.8537866,-0.8658377,-0.8689087,-0.88186204,-0.8896745,-0.8953096,-0.90207636,-0.9092306,-0.9160019,-0.92144096,-0.92986745,-0.93868506,-0.94450104,-0.95143783,-0.9565582,-0.9635844,-0.96846277,-0.9745682,-0.9832401,-0.9931304,-0.9983223,-1.0082304,-1.0190709,-1.0274911,-1.0323441,-1.0373466,-1.0486963,-1.0559872,-1.0640819,-1.0713665,-1.0795943,-1.0878375,-1.0985523,-1.1056736,-1.1122291,-1.1190056,-1.124711,-1.1295354,-1.1385676,-1.1447508,-1.151882,-1.1587837,-1.1699139,-1.182818
140_real,-0.6833832,-0.4622017,,,,,,,,,,,-0.74262935,,,,,,,,,,,,,,,,,,,,,,,,,,,-0.72318006,,,,,,,,,,,,,,,,,,,,,,,,,,,,,,
140_gen,-0.68338317,-0.6992378,-0.7135848,-0.72728217,-0.73812246,-0.7483494,-0.7535757,-0.7614748,-0.77348816,-0.77942604,-0.789246,-0.7958521,-0.8036078,-0.8093573,-0.81726265,-0.82290614,-0.83372355,-0.8462637,-0.8549566,-0.8636414,-0.87486744,-0.88168156,-0.89335966,-0.9045633,-0.91515845,-0.92176664,-0.9277369,-0.9346713,-0.9452745,-0.9564028,-0.96565026,-0.9728114,-0.9790943,-0.9892192,-0.997828,-1.009668,-1.019623,-1.028381,-1.0347657,-1.0438497,-1.0548446,-1.0619605,-1.069137,-1.0772359,-1.0820059,-1.0929904,-1.1003685,-1.1083533,-1.1148373,-1.1236477,-1.133784,-1.1444445,-1.1566803,-1.1701015,-1.1807868,-1.1916556,-1.1980402,-1.2058029,-1.2187233,-1.2269956,-1.2388005,-1.2489227,-1.2578897,-1.2674059,-1.2721319,-1.2794898,-1.2894744,-1.2971432,-1.3032383,-1.3140123
141_real,-0.42659637,-0.6181138,,,,,,,,,,,-0.46885607,,,,,,,,,,,,,,,,,,,,,,,,,,,-0.8146419,,,,,,,,,,,,,,,,,,,,,,,,,,,,,,
141_gen,-0.42659634,-0.43860906,-0.44797772,-0.45445958,-0.45991272,-0.4663578,-0.47091746,-0.47458285,-0.4793889,-0.4819006,-0.4864056,-0.49120173,-0.49587035,-0.49813327,-0.50176424,-0.5070391,-0.5123576,-0.5190941,-0.5230337,-0.52531147,-0.53311884,-0.5396785,-0.54650533,-0.5532005,-0.5598497,-0.5652694,-0.5703465,-0.5756864,-0.58159316,-0.5872883,-0.59315646,-0.5973677,-0.6035674,-0.60844964,-0.614689,-0.6218243,-0.62637085,-0.6329878,-0.63840175,-0.6422534,-0.6500524,-0.6553563,-0.6586344,-0.6646488,-0.6693905,-0.6771691,-0.6835426,-0.6886808,-0.6930124,-0.70048696,-0.70462584,-0.710821,-0.71816695,-0.72664106,-0.7334262,-0.7392506,-0.748427,-0.7528979,-0.76061165,-0.76667684,-0.76917434,-0.7740942,-0.7809017,-0.78522533,-0.7930017,-0.7985098,-0.80280274,-0.811267,-0.8157541,-0.82237893
142_real,-0.7832787,-0.5849022,,,,,,,,,,,-0.66562945,,,,,,,,,,,,,,,,,,,,,,,,,,,-0.66100836,,,,,,,,,,,,,,,,,,,,,,,,,,,,,,
142_gen,-0.78327864,-0.7952337,-0.8034929,-0.811796,-0.8189209,-0.8244173,-0.82866037,-0.8325043,-0.83869636,-0.8435713,-0.84589595,-0.85201776,-0.8570835,-0.86180484,-0.86563236,-0.8710457,-0.8742229,-0.876787,-0.8794943,-0.8821576,-0.8872155,-0.89077204,-0.8941189,-0.89779425,-0.9020028,-0.9019181,-0.9072674,-0.90802747,-0.91317254,-0.9165808,-0.9210151,-0.922332,-0.9261285,-0.93176544,-0.93669444,-0.9403755,-0.94312745,-0.9470183,-0.9511158,-0.95785415,-0.96223366,-0.9669751,-0.9709042,-0.9740362,-0.9756013,-0.97768736,-0.9813156,-0.98612136,-0.99131024,-0.9926027,-0.9986416,-0.99939346,-1.0052247,-1.0084448,-1.0136609,-1.0151584,-1.0201066,-1.0238961,-1.0296714,-1.0351796,-1.0403823,-1.0451787,-1.0509562,-1.0529088,-1.0541904,-1.0604509,-1.0635746,-1.0653881,-1.069923,-1.0768087
143_real,-1.120424,-1.1187814,,,,,,,,,,,-1.1149051,,,,,,,,,,,,,,,,,,,,,,,,,,,-1.0613767,,,,,,,,,,,,,,,,,,,,,,,,,,,,,,
143_gen,-1.1204242,-1.1271998,-1.1300601,-1.1369925,-1.1420349,-1.1481069,-1.1508682,-1.155891,-1.1602099,-1.1674252,-1.173816,-1.1791265,-1.1850299,-1.1898019,-1.1955211,-1.2006664,-1.2056108,-1.2086303,-1.2137123,-1.2189989,-1.223527,-1.228318,-1.2341397,-1.2363026,-1.2422823,-1.2467114,-1.252544,-1.2577736,-1.2612861,-1.2669141,-1.2746303,-1.2799338,-1.2817461,-1.289322,-1.2935063,-1.2989972,-1.3026901,-1.3084242,-1.3119615,-1.3170961,-1.321502,-1.3231298,-1.3276792,-1.3336542,-1.3382754,-1.345357,-1.3475298,-1.3524292,-1.3564419,-1.3618366,-1.3662393,-1.3704032,-1.3727112,-1.3761548,-1.3816555,-1.3878366,-1.3919011,-1.3957236,-1.4000442,-1.4060388,-1.4115173,-1.4161284,-1.4202179,-1.4251965,-1.4280577,-1.4323055,-1.4358689,-1.4416873,-1.4467063,-1.4501336
144_real,-0.40726086,-0.40666676,,,,,,,,,,,-0.2657685,,,,,,,,,,,,,,,,,,,,,,,,,,,-0.5502718,,,,,,,,,,,,,,,,,,,,,,,,,,,,,,
144_gen,-0.40726084,-0.41647935,-0.42384416,-0.4285689,-0.43372434,-0.43921033,-0.4432618,-0.44503707,-0.4485039,-0.4527235,-0.45821857,-0.46348733,-0.46683326,-0.47370738,-0.47707605,-0.48100677,-0.48646975,-0.48910743,-0.49215037,-0.49651867,-0.4979817,-0.50040567,-0.5035818,-0.50642633,-0.509093,-0.5137372,-0.51676875,-0.5204078,-0.5235585,-0.52872974,-0.53185475,-0.5368511,-0.5408994,-0.54482865,-0.5483128,-0.55221784,-0.557712,-0.5631131,-0.567193,-0.5715866,-0.57596505,-0.58020866,-0.58312404,-0.58662605,-0.59056103,-0.59373057,-0.59879035,-0.60252047,-0.6066652,-0.609434,-0.61359245,-0.61670476,-0.6203846,-0.6259327,-0.6276388,-0.63222647,-0.6362185,-0.63909036,-0.6437689,-0.64724904,-0.65203196,-0.65747935,-0.6618198,-0.6684221,-0.6733396,-0.67671216,-0.67994136,-0.68555325,-0.68825346,-0.69332135
