ROI_Index,Month_0,Month_1,Month_2,Month_3,Month_4,Month_5,Month_6,Month_7,Month_8,Month_9,Month_10,Month_11,Month_12,Month_13,Month_14,Month_15,Month_16,Month_17,Month_18,Month_19,Month_20,Month_21,Month_22,Month_23,Month_24,Month_25,Month_26,Month_27,Month_28,Month_29,Month_30,Month_31,Month_32,Month_33,Month_34,Month_35,Month_36,Month_37,Month_38,Month_39,Month_40,Month_41,Month_42,Month_43,Month_44,Month_45,Month_46,Month_47,Month_48,Month_49,Month_50,Month_51,Month_52,Month_53,Month_54,Month_55,Month_56,Month_57,Month_58,Month_59,Month_60,Month_61,Month_62,Month_63,Month_64,Month_65,Month_66,Month_67,Month_68,Month_69,Month_70,Month_71,Month_72,Month_73,Month_74,Month_75,Month_76,Month_77,Month_78,Month_79,Month_80,Month_81,Month_82,Month_83,Month_84,Month_85,Month_86,Month_87,Month_88,Month_89,Month_90,Month_91,Month_92,Month_93,Month_94,Month_95,Month_96,Month_97,Month_98,Month_99,Month_100,Month_101,Month_102,Month_103,Month_104,Month_105,Month_106,Month_107,Month_108,Month_109,Month_110,Month_111,Month_112,Month_113,Month_114,Month_115,Month_116,Month_117,Month_118,Month_119
0,0.5727401,0.5776141,0.58095324,0.5837621,0.5872509,0.58741486,0.593887,0.5980528,0.6047032,0.6103948,0.61536163,0.6219675,0.632594,0.6401492,0.6473162,0.6542045,0.6629438,0.6693192,0.6766819,0.68319726,0.6862425,0.69319963,0.69717216,0.7028824,0.7104916,0.7156385,0.72401553,0.7284257,0.7366241,0.7413586,0.7469516,0.75407296,0.760642,0.76472986,0.7676071,0.77302206,0.7796078,0.7837418,0.7890903,0.7940429,0.80000895,0.8048878,0.80891085,0.80842483,0.81243646,0.81678975,0.82210445,0.82452285,0.8268014,0.8317874,0.83128893,0.8369886,0.84060574,0.84251374,0.847387,0.85103494,0.85427225,0.8539818,0.85843945,0.8627291,0.8665451,0.8639839,0.87057036,0.8738354,0.87468874,0.8757307,0.8809544,0.88117707,0.88388836,0.8868252,0.89222276,0.89144677,0.8897859,0.89109725,0.89099216,0.89827996,0.9009594,0.90507907,0.9036509,0.90748453,0.90678424,0.90469944,0.903985,0.90586483,0.9062316,0.9011305,0.90323734,0.906222,0.9059032,0.9068388,0.90872115,0.9101907,0.9068707,0.9084061,0.90652627,0.9063517,0.90481234,0.90212727,0.90088403,0.9007858,0.90204656,0.90128124,0.9010833,0.8942515,0.8881065,0.8842738,0.88667357,0.88537997,0.8853687,0.88519746,0.8864126,0.8814086,0.880627,0.8828513,0.8823137,0.8792206,0.8778694,0.87583035,0.876469,0.8719341
1,0.9389423,0.94546777,0.94953096,0.94671327,0.9458356,0.94961345,0.9546968,0.95870465,0.96012956,0.9637129,0.9682997,0.9694991,0.9741785,0.97612345,0.97464883,0.97989064,0.9853258,0.9846548,0.9864007,0.9937156,0.99130946,0.99095327,0.9961321,1.0018243,1.0079076,1.0106828,1.0132265,1.0127525,1.0198615,1.0227994,1.0229175,1.0264164,1.0311824,1.0343647,1.0349059,1.0384176,1.0419571,1.0455756,1.0483943,1.0498574,1.0520496,1.0555463,1.0566189,1.0602173,1.0612788,1.0626422,1.0669246,1.0694853,1.075302,1.0786997,1.0835961,1.086807,1.0890315,1.0899278,1.0950407,1.0993063,1.0999975,1.0983632,1.1001279,1.1069586,1.1093348,1.1064627,1.1101853,1.1127203,1.1158612,1.1217396,1.1243877,1.1250889,1.1299882,1.1338489,1.1356919,1.1380895,1.1437843,1.1416943,1.1454504,1.149658,1.1487052,1.1531394,1.1543845,1.1553628,1.1572772,1.1639469,1.1672791,1.1671971,1.1669114,1.1762336,1.176281,1.1830273,1.185041,1.1869266,1.1935912,1.1952856,1.1968548,1.205663,1.2106547,1.2121704,1.2115524,1.2154943,1.2173579,1.2221224,1.224509,1.2249086,1.2255663,1.2261324,1.2299701,1.2303141,1.2367814,1.2431781,1.2464783,1.2515551,1.2547079,1.2592623,1.2645209,1.2661479,1.2684674,1.268864,1.2689421,1.2727925,1.2752097,1.2743065
2,-0.21097219,-0.21525526,-0.22381215,-0.22891048,-0.23090866,-0.23986158,-0.24723765,-0.2567938,-0.26903695,-0.2810649,-0.28790623,-0.29638904,-0.30631694,-0.31327516,-0.3246679,-0.33103436,-0.33851856,-0.34576786,-0.3536957,-0.35843283,-0.36422625,-0.36925662,-0.37506056,-0.38261408,-0.38693768,-0.3948945,-0.39970642,-0.4026865,-0.4052454,-0.40890342,-0.41257158,-0.41721964,-0.4193584,-0.42379093,-0.4313108,-0.43653584,-0.4426958,-0.44644728,-0.45138806,-0.45674962,-0.46106973,-0.46392402,-0.47050834,-0.47353324,-0.47534856,-0.4817986,-0.48006287,-0.47784433,-0.4812532,-0.48511928,-0.48564148,-0.4877862,-0.48980802,-0.49092323,-0.493047,-0.4932273,-0.4943307,-0.49333972,-0.49577457,-0.49792805,-0.50003517,-0.4993616,-0.50064576,-0.50016046,-0.50418675,-0.50601405,-0.5054759,-0.50590277,-0.50629896,-0.5061178,-0.5080465,-0.5073449,-0.5024896,-0.5070338,-0.5041474,-0.50817025,-0.509584,-0.5144784,-0.5147566,-0.5123885,-0.51637834,-0.5171684,-0.5165237,-0.516298,-0.51622117,-0.515075,-0.51303077,-0.5173688,-0.517288,-0.5204849,-0.51985264,-0.52169925,-0.5175768,-0.51458114,-0.5128026,-0.5117282,-0.50464994,-0.50177824,-0.50004035,-0.4983205,-0.49981675,-0.4968036,-0.4958532,-0.49309245,-0.4932968,-0.49611807,-0.49522963,-0.49462,-0.49178624,-0.49211034,-0.4898829,-0.48829594,-0.48665994,-0.49252248,-0.491059,-0.4931263,-0.49309865,-0.49173054,-0.4910497,-0.4856233
3,-0.1070527,-0.11757133,-0.1278257,-0.13456959,-0.14568831,-0.15998472,-0.17532134,-0.18878485,-0.20305482,-0.21806395,-0.23604259,-0.25282526,-0.26659912,-0.2778043,-0.2876194,-0.29979458,-0.31398153,-0.32697722,-0.335891,-0.34960184,-0.36175156,-0.37438887,-0.3864608,-0.40039033,-0.41064557,-0.42545336,-0.43723717,-0.44630346,-0.45391026,-0.46361804,-0.47155213,-0.48021173,-0.4883451,-0.50019795,-0.5093664,-0.5217535,-0.5339562,-0.5400243,-0.5479629,-0.556332,-0.56714016,-0.576532,-0.5843961,-0.5920579,-0.6000093,-0.60506576,-0.6131972,-0.6221445,-0.62346053,-0.63300854,-0.6389778,-0.6486095,-0.6559235,-0.65959203,-0.66698086,-0.67624706,-0.6830956,-0.69034344,-0.6984625,-0.70552015,-0.71451133,-0.71883637,-0.7238106,-0.72852683,-0.7356535,-0.743267,-0.748001,-0.7531172,-0.7593699,-0.7638958,-0.773869,-0.7764256,-0.7802889,-0.7846206,-0.78900594,-0.7969706,-0.80493623,-0.80998725,-0.81452674,-0.81773055,-0.8228694,-0.82740927,-0.83327025,-0.84074557,-0.8412226,-0.84432113,-0.84695375,-0.8527783,-0.8546835,-0.8592051,-0.86691064,-0.8737564,-0.8798218,-0.8856064,-0.8913215,-0.8924819,-0.88736427,-0.8926765,-0.89608157,-0.8998081,-0.90398514,-0.91028166,-0.91357106,-0.92018783,-0.923097,-0.92593783,-0.9277525,-0.9279026,-0.93028355,-0.93768775,-0.93741924,-0.93988353,-0.9444698,-0.95143396,-0.9575141,-0.95673025,-0.9573655,-0.9595357,-0.96003056,-0.96016186
4,-0.016692147,-0.026559591,-0.038242448,-0.047485437,-0.055426024,-0.07079231,-0.08881174,-0.106252216,-0.12135645,-0.1405153,-0.16121809,-0.17818905,-0.19823046,-0.2146599,-0.23146239,-0.2480694,-0.26381338,-0.27651456,-0.29245415,-0.31065542,-0.32604384,-0.3471244,-0.36704585,-0.38403708,-0.40109006,-0.42255172,-0.4421502,-0.45492452,-0.46997437,-0.48123607,-0.4931542,-0.5080673,-0.5201568,-0.5416661,-0.55709875,-0.57084084,-0.588777,-0.60388404,-0.62137157,-0.6369566,-0.64980453,-0.66199857,-0.6761112,-0.6911557,-0.7048784,-0.71655214,-0.7287508,-0.7429881,-0.7547127,-0.76797444,-0.77981514,-0.7914884,-0.80732477,-0.8159011,-0.8286805,-0.8432106,-0.85692346,-0.86308634,-0.8783436,-0.8903866,-0.9043949,-0.912763,-0.9197971,-0.9269849,-0.93625814,-0.9469188,-0.9578484,-0.9686573,-0.9802764,-0.9929945,-1.0030706,-1.0112855,-1.0182347,-1.0253451,-1.0319842,-1.0453923,-1.0585401,-1.0686716,-1.0728191,-1.0842807,-1.0970067,-1.1050843,-1.1151081,-1.1266989,-1.1291281,-1.1423352,-1.1541164,-1.1640518,-1.1747677,-1.1826506,-1.190985,-1.2002734,-1.206192,-1.2144189,-1.2245626,-1.2258868,-1.2278292,-1.233156,-1.2429155,-1.2510029,-1.2600908,-1.2716935,-1.2750589,-1.281138,-1.2859806,-1.2981337,-1.3068407,-1.3147024,-1.3235724,-1.3337834,-1.339144,-1.343452,-1.3516539,-1.358015,-1.367442,-1.3736835,-1.3786101,-1.3858317,-1.3865299,-1.3922552
5,-0.113483235,-0.12167889,-0.1324105,-0.14160204,-0.15365615,-0.16685061,-0.17979164,-0.19362114,-0.20841703,-0.22378616,-0.23819676,-0.25041905,-0.26566452,-0.27669057,-0.289738,-0.30489224,-0.32040977,-0.32923108,-0.3437373,-0.3610465,-0.37456673,-0.38733917,-0.40719724,-0.41851845,-0.4286464,-0.4458086,-0.46116322,-0.4762736,-0.48713726,-0.5017409,-0.5145554,-0.52722096,-0.54076636,-0.5579859,-0.57113874,-0.58125126,-0.59724873,-0.6110274,-0.6237914,-0.6382747,-0.65231913,-0.66371673,-0.67652744,-0.68815035,-0.7003076,-0.7120315,-0.7270692,-0.73841906,-0.7500551,-0.7623979,-0.7738578,-0.78873336,-0.8033841,-0.8144932,-0.82843494,-0.84021455,-0.8515541,-0.8585361,-0.8724381,-0.884782,-0.89756835,-0.9037256,-0.9098793,-0.9207856,-0.9294678,-0.9421447,-0.9516486,-0.96000797,-0.96834314,-0.9800518,-0.99044544,-0.99936855,-1.0050277,-1.01023,-1.0156057,-1.0289061,-1.0422032,-1.0543157,-1.063722,-1.0710586,-1.0788943,-1.0951014,-1.1039761,-1.1168053,-1.1255381,-1.1316433,-1.1439716,-1.1545885,-1.1636215,-1.170942,-1.1794679,-1.1887677,-1.1954052,-1.2045499,-1.2135441,-1.2188779,-1.2218384,-1.2270255,-1.2321268,-1.2373025,-1.2484262,-1.2555041,-1.2628605,-1.2746788,-1.2857724,-1.2929361,-1.3030657,-1.3107897,-1.3168776,-1.3287566,-1.3331944,-1.3372004,-1.3449919,-1.3502804,-1.3593198,-1.3664007,-1.3735238,-1.3831441,-1.3890707,-1.395832
6,-0.2418336,-0.2456898,-0.24907057,-0.2501808,-0.24900624,-0.2546872,-0.25678205,-0.25956336,-0.2633974,-0.26590967,-0.26901516,-0.27250654,-0.27533367,-0.2764652,-0.2795666,-0.2809798,-0.28405476,-0.28298113,-0.2822384,-0.28361362,-0.28395754,-0.284182,-0.28767607,-0.29046005,-0.29464048,-0.29750204,-0.30045658,-0.300593,-0.30548298,-0.3060981,-0.3069334,-0.30927694,-0.31061947,-0.31137973,-0.31551355,-0.3145276,-0.31631336,-0.31640947,-0.31845698,-0.31857532,-0.31736973,-0.3161798,-0.31677696,-0.31542355,-0.31487924,-0.3184478,-0.31862307,-0.3143943,-0.31338468,-0.31201297,-0.31591064,-0.31802148,-0.319227,-0.32001114,-0.31862664,-0.31561947,-0.31304494,-0.31518152,-0.31712067,-0.3162045,-0.3169838,-0.31708795,-0.3169893,-0.3153658,-0.3125519,-0.3130364,-0.31088305,-0.31160566,-0.30986795,-0.30918506,-0.30981427,-0.30730104,-0.3026131,-0.30375853,-0.3011938,-0.3011339,-0.3018682,-0.29841024,-0.29825607,-0.29532403,-0.29328686,-0.29678723,-0.29400638,-0.29191887,-0.29228753,-0.28270417,-0.28316277,-0.28147462,-0.2801382,-0.27765954,-0.27797022,-0.27683538,-0.27147347,-0.2722288,-0.26929608,-0.266423,-0.26948875,-0.27005643,-0.26614666,-0.26425374,-0.2640769,-0.26551184,-0.26373968,-0.25743172,-0.25706726,-0.2541565,-0.25359052,-0.25182715,-0.2541563,-0.25449046,-0.255445,-0.25015104,-0.24702819,-0.24363557,-0.24568692,-0.24783477,-0.24533562,-0.24330941,-0.24058464,-0.23436673
7,0.28612325,0.28373057,0.283755,0.28271863,0.2837543,0.2832167,0.2842304,0.28618175,0.28539294,0.28723213,0.29020256,0.29244635,0.29651988,0.29719454,0.29735348,0.29722393,0.30006725,0.3013531,0.30319157,0.30949578,0.31150743,0.31187057,0.3130007,0.31528026,0.31962767,0.32266432,0.32749057,0.33265898,0.33997247,0.34575456,0.35011125,0.35165852,0.35488516,0.3585648,0.36301237,0.3663649,0.37020928,0.37270552,0.37593982,0.3808739,0.38828108,0.39272174,0.3999513,0.40488902,0.41342252,0.41859978,0.42342368,0.42879933,0.43146458,0.43849793,0.44446737,0.45067143,0.4542664,0.4564053,0.45939332,0.46514243,0.4717249,0.47815347,0.48328668,0.48985028,0.4957982,0.49557623,0.5017405,0.50729,0.5138981,0.516801,0.52313066,0.52815104,0.53581953,0.54179883,0.5452565,0.54853135,0.55422175,0.55770093,0.56057805,0.56497097,0.5684667,0.5719475,0.5764195,0.58279854,0.58484006,0.5895801,0.5942549,0.59997493,0.6068433,0.6096994,0.6134074,0.6164354,0.6172623,0.6181382,0.62203985,0.6251168,0.62770176,0.63111174,0.6366878,0.6400877,0.64890015,0.65211666,0.6578411,0.66182166,0.6643283,0.6663899,0.6706272,0.6708495,0.6734057,0.680075,0.6857176,0.69242084,0.696555,0.69821995,0.6988257,0.7036462,0.70691985,0.71232635,0.7143651,0.7190079,0.72455555,0.7299137,0.72891074,0.73538315
8,-0.79772246,-0.8003987,-0.8026862,-0.80730027,-0.8101187,-0.8133742,-0.8155109,-0.8195683,-0.8244829,-0.830392,-0.83400804,-0.8372297,-0.8367733,-0.8338014,-0.8379753,-0.8431576,-0.84314317,-0.8445131,-0.8456709,-0.84748185,-0.8491791,-0.84827423,-0.8492467,-0.84980744,-0.8503292,-0.85376275,-0.85446393,-0.8531388,-0.8497833,-0.84819716,-0.8456749,-0.8467132,-0.8461668,-0.8465158,-0.8484662,-0.8495348,-0.8489747,-0.8480345,-0.8471178,-0.8428127,-0.83848125,-0.8383713,-0.8344525,-0.83406293,-0.83142394,-0.8312707,-0.8266524,-0.8230856,-0.81910765,-0.8212538,-0.81875277,-0.8172453,-0.81803715,-0.81287366,-0.8104785,-0.8083364,-0.80369216,-0.80113125,-0.7999123,-0.7990535,-0.7976658,-0.7942204,-0.78901815,-0.7852124,-0.77890486,-0.7757436,-0.773595,-0.77260584,-0.7696431,-0.76865,-0.7660545,-0.7670364,-0.75861466,-0.75469285,-0.7511394,-0.7476389,-0.7444,-0.7428279,-0.74275625,-0.7418574,-0.74162835,-0.7413099,-0.7386257,-0.736269,-0.7342548,-0.7250368,-0.7200407,-0.71586674,-0.7130643,-0.7128598,-0.71080464,-0.7069956,-0.7039982,-0.7038108,-0.7034532,-0.69687307,-0.6914364,-0.68571985,-0.6861628,-0.6855867,-0.6836963,-0.6800742,-0.68048334,-0.67712504,-0.6754178,-0.6720271,-0.6678984,-0.66905576,-0.6656557,-0.6677519,-0.6674676,-0.6677061,-0.66724503,-0.66363204,-0.66285586,-0.6591262,-0.6577548,-0.65416735,-0.6528546,-0.64806575
9,-0.723609,-0.72159255,-0.7202634,-0.71833056,-0.71496713,-0.7131082,-0.71198416,-0.71036226,-0.71080494,-0.7111691,-0.71254027,-0.7138232,-0.713981,-0.7114943,-0.71096295,-0.7107197,-0.7136105,-0.71281564,-0.711103,-0.7136888,-0.7152839,-0.7165964,-0.7216776,-0.72379184,-0.72482836,-0.7287781,-0.73177934,-0.7278056,-0.7318638,-0.7340367,-0.7315341,-0.7295623,-0.73156744,-0.7334129,-0.73756564,-0.7406742,-0.7443991,-0.74622667,-0.74785227,-0.74873143,-0.7488562,-0.75202906,-0.7500741,-0.749329,-0.75154436,-0.749447,-0.75026286,-0.75461173,-0.7487027,-0.74945986,-0.75273454,-0.7570081,-0.7577734,-0.75783664,-0.76224643,-0.76558614,-0.7675079,-0.76438236,-0.7619411,-0.76388323,-0.765978,-0.76393366,-0.76218104,-0.76608664,-0.7664542,-0.76663435,-0.7713695,-0.77131,-0.76946783,-0.7709045,-0.771186,-0.76622295,-0.76679003,-0.7582794,-0.7558552,-0.7580864,-0.76400304,-0.76271665,-0.7606544,-0.76226884,-0.76040196,-0.763519,-0.76314366,-0.7659639,-0.7628846,-0.76453376,-0.76537454,-0.76639086,-0.76899165,-0.7735626,-0.77167165,-0.7776357,-0.7764051,-0.7789839,-0.7772573,-0.7686588,-0.76347697,-0.7650798,-0.7646837,-0.7636739,-0.76292765,-0.7626992,-0.7613622,-0.7591159,-0.76137334,-0.75866526,-0.7569639,-0.7586008,-0.7602303,-0.76074904,-0.7597801,-0.75902677,-0.7588366,-0.7538084,-0.75957084,-0.7617003,-0.76222456,-0.7658103,-0.76288384,-0.7587328
10,-0.19637895,-0.20207624,-0.2052875,-0.20767713,-0.21071069,-0.20860203,-0.21443097,-0.22029272,-0.22855218,-0.23583195,-0.23816454,-0.2423778,-0.24330644,-0.24661867,-0.25368738,-0.26046246,-0.2642011,-0.2677933,-0.27060485,-0.272103,-0.2767498,-0.2808089,-0.28833228,-0.29053944,-0.2934124,-0.29853588,-0.30401868,-0.3089597,-0.3093036,-0.31184354,-0.31664413,-0.31766504,-0.31998742,-0.32337585,-0.32787967,-0.32778388,-0.33245507,-0.33720392,-0.34249657,-0.34798002,-0.3509999,-0.35455772,-0.35987407,-0.36238962,-0.36457217,-0.3673045,-0.36835688,-0.36829853,-0.37048092,-0.37387565,-0.37392008,-0.37409645,-0.37486306,-0.37678617,-0.37678233,-0.38097495,-0.38162822,-0.37961465,-0.38114867,-0.38361627,-0.3877315,-0.38684,-0.38755506,-0.38792956,-0.38584194,-0.39009207,-0.39242846,-0.3950051,-0.3935654,-0.3953922,-0.3994624,-0.39466405,-0.39609593,-0.3982398,-0.39739448,-0.39993677,-0.403166,-0.40254402,-0.4044246,-0.4047838,-0.4083655,-0.41215563,-0.4109664,-0.41430205,-0.41542658,-0.41693777,-0.4171626,-0.41728663,-0.41673914,-0.41677952,-0.41948873,-0.4173823,-0.41951662,-0.4213763,-0.4251198,-0.42558718,-0.4259072,-0.42597762,-0.42339793,-0.4262585,-0.424018,-0.427421,-0.42567867,-0.42681488,-0.42645445,-0.42586198,-0.42659694,-0.42937762,-0.43109903,-0.43533558,-0.4354877,-0.43332252,-0.43502745,-0.4358675,-0.43567348,-0.43582135,-0.43229017,-0.43327236,-0.4285229,-0.42986122
11,0.3269987,0.3281396,0.33186764,0.3325089,0.33472282,0.3330195,0.3337751,0.33161986,0.3279689,0.32527354,0.32315946,0.31771234,0.3138867,0.30871892,0.3081548,0.30399817,0.29987067,0.29438847,0.28981477,0.28500384,0.27805728,0.27657714,0.2678395,0.26075816,0.25598902,0.24814506,0.23994443,0.2358953,0.23063639,0.22351365,0.21786872,0.20958328,0.20286179,0.197187,0.18777648,0.18264124,0.1771647,0.17518306,0.17188427,0.16872326,0.16603616,0.15916914,0.14847083,0.14511874,0.14024688,0.13344038,0.13028872,0.12516257,0.119977295,0.11587232,0.11163247,0.10634518,0.09900141,0.092538856,0.08505116,0.08021699,0.07621256,0.07217406,0.06980433,0.06456477,0.059166353,0.0548945,0.050945908,0.04436902,0.043435887,0.037529312,0.03459071,0.034464918,0.031757463,0.029440325,0.028189102,0.025580537,0.02172477,0.02012964,0.023865523,0.01778396,0.018466797,0.017362421,0.017499771,0.017128482,0.013730717,0.009809357,0.011238271,0.007879073,0.0067864195,0.006558576,0.0010654423,-0.0015861854,-0.006817475,-0.009405953,-0.012467485,-0.013619684,-0.018825024,-0.021108638,-0.027054494,-0.025016671,-0.022172017,-0.024509173,-0.029702937,-0.03115682,-0.0356284,-0.038660638,-0.040734686,-0.041915964,-0.044886656,-0.041850407,-0.045433935,-0.048844095,-0.0519589,-0.053471513,-0.056863658,-0.05471707,-0.052375674,-0.053165514,-0.05531516,-0.06005168,-0.06324737,-0.06472693,-0.06303468,-0.063062996
12,0.4296456,0.42766753,0.42582798,0.42711273,0.42762977,0.42877716,0.42712635,0.42553225,0.42340598,0.42202538,0.42206454,0.41898298,0.41480517,0.4071962,0.3951034,0.39083526,0.38545066,0.37865478,0.37200028,0.3642119,0.35719737,0.34790933,0.33991063,0.3336848,0.32559007,0.3193163,0.31539184,0.31092054,0.30319902,0.2956342,0.28707284,0.2810327,0.26906288,0.25674486,0.24783611,0.24375932,0.23674484,0.22727878,0.21847066,0.21112695,0.20978828,0.20291266,0.19748928,0.19332765,0.18728851,0.18415707,0.17957652,0.17560002,0.16983639,0.16295737,0.16113451,0.15451665,0.14630592,0.13974953,0.13221167,0.12775078,0.124737635,0.120623864,0.11618696,0.10832168,0.10454649,0.098210305,0.092442945,0.0861285,0.08438683,0.0776986,0.07152891,0.06521366,0.06144799,0.059338577,0.05728943,0.054646246,0.052563358,0.04997436,0.046591066,0.045635916,0.038592666,0.037590284,0.03335019,0.031619236,0.02716719,0.021212934,0.015893256,0.007964332,0.0037436872,-0.0026506172,-0.006155677,-0.011630227,-0.018409492,-0.020883288,-0.022404935,-0.0266271,-0.025740162,-0.030273031,-0.03589961,-0.037104376,-0.03717302,-0.033980925,-0.034726344,-0.03641188,-0.037302803,-0.043070477,-0.04626928,-0.048930526,-0.05025809,-0.049612872,-0.052633397,-0.053007495,-0.06018551,-0.0646833,-0.064685,-0.0669301,-0.06850139,-0.07446377,-0.074300565,-0.08214835,-0.08519066,-0.08628814,-0.084036514,-0.09145449
13,1.1114849,1.1038643,1.0983727,1.087239,1.079558,1.0661778,1.0503823,1.0352762,1.0229232,1.0069159,0.99266464,0.974751,0.95895994,0.9408104,0.9218582,0.9064453,0.8919382,0.8707284,0.8599536,0.84110653,0.8309895,0.8125893,0.79819965,0.7824747,0.76878846,0.7547698,0.7410612,0.7280442,0.7163596,0.70269346,0.688794,0.67327297,0.66057074,0.6433815,0.6300515,0.6177217,0.6046301,0.5898438,0.5755092,0.5626112,0.55273825,0.5423171,0.53148264,0.52214605,0.50863487,0.49585047,0.4843656,0.47456366,0.46419105,0.4532485,0.4408916,0.4311977,0.42096835,0.40936843,0.39554662,0.38108703,0.3675748,0.3575396,0.34866172,0.3404095,0.3278103,0.31744507,0.30638185,0.29539567,0.28824353,0.27890307,0.26928157,0.26311347,0.255089,0.24640545,0.23316792,0.22134371,0.21168613,0.20247903,0.18739405,0.18010515,0.1671111,0.15615365,0.14861807,0.14042512,0.13156736,0.12438925,0.11794822,0.105654195,0.09784682,0.08935326,0.079593986,0.071428075,0.064030625,0.05568142,0.045366153,0.034185432,0.029320274,0.020852044,0.011128937,0.00089220627,-0.0060225166,-0.0116514815,-0.01747568,-0.023735758,-0.029986788,-0.040115673,-0.04399749,-0.048496038,-0.053850364,-0.060308732,-0.066636555,-0.07570377,-0.07953371,-0.08738382,-0.09009363,-0.100070976,-0.10527823,-0.114962876,-0.122927725,-0.1265504,-0.1277527,-0.1318623,-0.13644779,-0.14198019
14,0.24895069,0.23571643,0.22192602,0.20621613,0.19063307,0.1704776,0.14792086,0.12846503,0.10893135,0.08690544,0.064917244,0.04305917,0.02221245,0.0010104019,-0.016543772,-0.03709506,-0.057542335,-0.08230173,-0.10243001,-0.124496445,-0.1482482,-0.16936584,-0.19299316,-0.2128981,-0.23421273,-0.25375962,-0.27302402,-0.2892383,-0.30402744,-0.32323408,-0.3428977,-0.35440838,-0.3761123,-0.39697197,-0.41591263,-0.43023223,-0.45343083,-0.47520885,-0.4915959,-0.5117176,-0.5297852,-0.546273,-0.5620511,-0.5806548,-0.59822947,-0.61634374,-0.63124794,-0.64927244,-0.6643081,-0.6820877,-0.69785196,-0.71378696,-0.7283728,-0.74457836,-0.76243293,-0.78246844,-0.8003725,-0.814314,-0.82719004,-0.83951104,-0.85764325,-0.8715143,-0.88431466,-0.89835197,-0.91270095,-0.9276706,-0.9420767,-0.9576085,-0.9730732,-0.9892973,-1.0049443,-1.0135887,-1.0243762,-1.0410362,-1.0555913,-1.0710943,-1.0887372,-1.1034544,-1.1162627,-1.1320006,-1.145034,-1.1593621,-1.1728586,-1.189567,-1.1999714,-1.2120239,-1.2257582,-1.2404803,-1.2484028,-1.2629735,-1.2761605,-1.2870591,-1.2961285,-1.307005,-1.3191248,-1.3285301,-1.3316411,-1.3375201,-1.3458258,-1.3551714,-1.3664756,-1.3726003,-1.3827759,-1.3928186,-1.4069351,-1.420065,-1.4317927,-1.4461538,-1.4588364,-1.4737858,-1.4857836,-1.494755,-1.5051533,-1.5163419,-1.5272171,-1.5363106,-1.549834,-1.5569623,-1.5640833,-1.571906
15,0.36842895,0.37706962,0.3860514,0.3942076,0.40240902,0.4074788,0.4208618,0.43132916,0.44410276,0.45410115,0.46339336,0.47631726,0.49086866,0.50023353,0.5058996,0.5152915,0.5251868,0.5316531,0.54168475,0.55457044,0.56301403,0.5721971,0.5828756,0.5935793,0.60679686,0.6188651,0.6317856,0.6405251,0.6481776,0.65922356,0.66577613,0.6737493,0.6826357,0.69598687,0.7053302,0.71134186,0.72336745,0.7349628,0.7447556,0.75694245,0.76940966,0.77933705,0.78900635,0.7955255,0.80317914,0.8105528,0.8206414,0.83026344,0.8366625,0.84616184,0.85016614,0.8611911,0.87002766,0.878554,0.8888715,0.89925706,0.9076594,0.9150737,0.92888767,0.93769693,0.94896734,0.94897735,0.95783645,0.96397877,0.96834594,0.9773987,0.9888052,0.9984481,1.0056908,1.0146114,1.0239218,1.0314337,1.0360498,1.0426795,1.0530329,1.0637237,1.0709348,1.0821668,1.0895205,1.0971339,1.1055104,1.112888,1.1201195,1.1276093,1.1330816,1.1399243,1.1468546,1.1530092,1.1602482,1.1661694,1.176701,1.1841625,1.1909709,1.2023537,1.2104725,1.216548,1.2183803,1.2261881,1.2320478,1.2385336,1.245442,1.2475492,1.2575569,1.2652339,1.2715222,1.2821891,1.2921932,1.3022392,1.3087223,1.3166527,1.3235998,1.3281386,1.3407309,1.3478011,1.3552828,1.3616236,1.3690841,1.3761317,1.3823807,1.387409
16,-0.10093872,-0.095306695,-0.09021849,-0.087647386,-0.08372643,-0.079579845,-0.07114348,-0.06127699,-0.053624995,-0.045194395,-0.038158376,-0.029938117,-0.020207737,-0.0131013375,-0.0056434483,0.00386758,0.011520913,0.01517913,0.021331202,0.029331695,0.03784644,0.047191985,0.05483552,0.06259487,0.07143628,0.079276785,0.088090375,0.097053066,0.10051362,0.10891114,0.11687626,0.123454496,0.12931088,0.13526957,0.1433957,0.15130034,0.15856299,0.16463678,0.17524806,0.184272,0.19030689,0.1989393,0.20610121,0.21342865,0.21941419,0.22339892,0.23072076,0.23679534,0.2398459,0.24683294,0.25007278,0.25737983,0.26775932,0.27642983,0.28254044,0.2901486,0.29656434,0.30489773,0.3156871,0.32113063,0.3295526,0.33420378,0.34470096,0.35239157,0.35861742,0.36571193,0.37524274,0.3829125,0.38970023,0.39579096,0.40222612,0.41098657,0.41418323,0.4204572,0.42490834,0.43280834,0.4386138,0.44679728,0.4556602,0.46167642,0.4676857,0.47558314,0.48151675,0.4897965,0.4942132,0.49944353,0.5020505,0.5078429,0.5133953,0.5165348,0.52490866,0.5312469,0.5331127,0.536621,0.5422227,0.5473386,0.54905546,0.5551595,0.55909926,0.56365216,0.5728325,0.5788741,0.5856226,0.5930045,0.5991057,0.6079652,0.61392814,0.6239176,0.63492715,0.6406208,0.648863,0.65664965,0.66361606,0.66868275,0.67501545,0.6766002,0.6836212,0.6886101,0.6929554,0.69762427
17,0.26749268,0.2725491,0.27934006,0.2837,0.28762683,0.29247218,0.30163118,0.30768853,0.3137337,0.32137555,0.32925528,0.3355282,0.3463847,0.35457256,0.36114907,0.36856174,0.37582222,0.38035095,0.38607013,0.39386642,0.40241665,0.40719572,0.41560048,0.42320496,0.43096933,0.4367504,0.4455939,0.4536237,0.4613449,0.467843,0.47560635,0.48060888,0.48672494,0.49509946,0.49950418,0.50544584,0.51216924,0.5207907,0.5292225,0.5327319,0.5389847,0.54672116,0.54879344,0.5521574,0.5578631,0.56331664,0.56444967,0.5687715,0.57253003,0.576763,0.58056104,0.5891111,0.59489536,0.60144174,0.6086998,0.6162095,0.6240621,0.6260463,0.63243085,0.63946545,0.6454791,0.64849156,0.6541693,0.6598558,0.66551286,0.6725821,0.6784754,0.685549,0.6910417,0.6979059,0.7007551,0.70297766,0.71161747,0.71523005,0.7194607,0.7277409,0.7286639,0.73367345,0.7385279,0.74183524,0.7462112,0.7481011,0.75255585,0.75892603,0.7646233,0.77097785,0.7747864,0.7812618,0.7867187,0.7902117,0.7934982,0.7977664,0.80040014,0.8012983,0.8077961,0.8111783,0.81230557,0.81605786,0.81789273,0.82239074,0.8285745,0.8320265,0.836082,0.8406824,0.8463519,0.84944713,0.8542803,0.8569623,0.86314934,0.8704011,0.8750738,0.8816637,0.8837279,0.88963765,0.89212906,0.89640933,0.9009363,0.90081453,0.90503085,0.90877736
18,0.85708416,0.8626503,0.8675784,0.8684269,0.8699214,0.87381876,0.88238686,0.89035606,0.8945898,0.9033929,0.9079072,0.91289884,0.92405367,0.92787683,0.9336413,0.93924445,0.9463253,0.9491557,0.9556249,0.9627368,0.96995926,0.9760939,0.9829381,0.987511,0.99350804,0.99912137,1.0085055,1.0131323,1.0181811,1.0233079,1.02812,1.0310409,1.0373354,1.0439783,1.0498339,1.0512115,1.0580046,1.06119,1.066469,1.0694687,1.0739336,1.0786628,1.0798986,1.0834286,1.0853584,1.0848081,1.0824665,1.0840199,1.0862364,1.0867829,1.0884976,1.0938556,1.0963635,1.0979877,1.1015851,1.1069986,1.110643,1.109124,1.1129905,1.1166925,1.1222985,1.120726,1.1230648,1.1226825,1.1235123,1.1254117,1.1291173,1.1310527,1.1296133,1.130883,1.1338903,1.1343203,1.1327132,1.1334436,1.134795,1.1403013,1.1421745,1.1455734,1.1454116,1.1450723,1.1458194,1.1450175,1.1444944,1.1467965,1.1444765,1.1466749,1.1458488,1.1487377,1.1484139,1.1471732,1.1467705,1.1462193,1.1449058,1.1445048,1.1427382,1.1437794,1.1383632,1.138327,1.1376152,1.1362685,1.1356212,1.1307504,1.1297972,1.1297653,1.1297543,1.1272428,1.1232042,1.121006,1.1199815,1.120151,1.1174358,1.1130505,1.1121674,1.1072308,1.105605,1.1029146,1.1038584,1.1036747,1.101176,1.1005119
19,0.27955207,0.2796528,0.27864632,0.27752054,0.27492768,0.2720641,0.26917738,0.26431268,0.26189047,0.2603599,0.25988516,0.2548733,0.24892291,0.24711704,0.24041183,0.2363315,0.23662086,0.23244898,0.2270551,0.22266188,0.21987522,0.21691425,0.21038398,0.20817383,0.20275848,0.19962476,0.19680372,0.197455,0.19436537,0.1905239,0.18757917,0.18309012,0.17565174,0.17116234,0.16702256,0.16301669,0.15690179,0.14918746,0.14515847,0.14025608,0.1410146,0.13992117,0.13514416,0.13264324,0.13050595,0.12629656,0.122101165,0.118921086,0.11502026,0.112183034,0.109464824,0.107565835,0.103687085,0.10128681,0.1004436,0.10023489,0.099320315,0.09790686,0.09437017,0.09101792,0.08836329,0.085925505,0.0824772,0.08712878,0.08209355,0.07981908,0.07916174,0.07790126,0.07598214,0.07460497,0.07136591,0.075137295,0.07312696,0.0692076,0.0693103,0.06600405,0.06583214,0.06690582,0.06470448,0.062289946,0.06093193,0.063649915,0.064786896,0.06361845,0.06560641,0.06650324,0.06747237,0.063468084,0.06534119,0.06624395,0.06536322,0.064270005,0.06229337,0.05805536,0.055997275,0.048487846,0.050082196,0.048289336,0.0443961,0.042900357,0.038696095,0.03713769,0.03263708,0.029953748,0.03049567,0.03284937,0.03172781,0.03150031,0.028560814,0.023721287,0.02489396,0.023181714,0.020169407,0.019085443,0.015895832,0.013086175,0.0130872335,0.01288304,0.01271379,0.013111219
20,0.08204615,0.07416932,0.067891926,0.056776427,0.048951488,0.04238422,0.03427579,0.024691474,0.016377043,0.0029828635,-0.004195926,-0.016050113,-0.026292622,-0.03902142,-0.052704763,-0.059606366,-0.066433094,-0.07139759,-0.07900987,-0.085163936,-0.09287545,-0.104888834,-0.110524,-0.120456174,-0.12946677,-0.1354455,-0.14255872,-0.14930251,-0.15805013,-0.1672513,-0.1758564,-0.18780085,-0.19506517,-0.20263645,-0.21291432,-0.21992758,-0.2270366,-0.23476493,-0.24042912,-0.24462204,-0.24812822,-0.255623,-0.26637512,-0.27326843,-0.27724952,-0.284383,-0.29158935,-0.29295617,-0.29376695,-0.29902822,-0.30444193,-0.3125051,-0.32109132,-0.32514864,-0.33399886,-0.3387361,-0.34530288,-0.3532915,-0.3613961,-0.36724204,-0.3747003,-0.37937695,-0.3838002,-0.38901374,-0.39216864,-0.40048558,-0.4077653,-0.41210008,-0.41709933,-0.42112908,-0.4258092,-0.42527834,-0.42965192,-0.43233028,-0.43530622,-0.4390072,-0.44596204,-0.44968167,-0.45055056,-0.45228752,-0.4568673,-0.4558209,-0.45934534,-0.46500945,-0.46614724,-0.46769494,-0.46948138,-0.4774424,-0.48055643,-0.48331198,-0.48662478,-0.4884959,-0.48866504,-0.488295,-0.48823804,-0.488316,-0.48602158,-0.48896542,-0.48954517,-0.4954442,-0.49987245,-0.5012642,-0.5080017,-0.51203823,-0.5173352,-0.52088314,-0.523418,-0.52365637,-0.5217647,-0.52595174,-0.5268319,-0.53005874,-0.5354601,-0.53735757,-0.53869665,-0.5388887,-0.5390567,-0.5417511,-0.54479384,-0.5468771
21,0.320343,0.31956932,0.31858832,0.31837395,0.3164255,0.31377095,0.31183207,0.30880025,0.31055608,0.30585015,0.3033336,0.30340597,0.30422702,0.30489898,0.30144796,0.30259752,0.30288357,0.29915538,0.2964949,0.2936809,0.28918585,0.2847802,0.28137892,0.28044453,0.27930075,0.27806973,0.27911323,0.28391266,0.2823943,0.2858842,0.28655118,0.28485948,0.2851682,0.28283325,0.2805983,0.28137067,0.27928585,0.27686948,0.27648696,0.27504498,0.27676934,0.27769563,0.27741826,0.2811695,0.2835519,0.28407544,0.2878797,0.28724363,0.28565142,0.28665644,0.2840769,0.28257054,0.28180692,0.28249645,0.281037,0.28159764,0.2803064,0.27845755,0.277893,0.27907193,0.28147978,0.28236172,0.2829749,0.287374,0.286337,0.28441197,0.28722036,0.28745458,0.28809386,0.2915826,0.29143316,0.2906911,0.29081437,0.29118514,0.293465,0.29100585,0.29196316,0.29117984,0.29343468,0.29784983,0.29826263,0.2993437,0.30128905,0.30209726,0.30170518,0.30722287,0.30834773,0.30892608,0.31083146,0.30775392,0.30726305,0.31018266,0.31427848,0.3113516,0.31441563,0.3155996,0.31446725,0.31460825,0.315388,0.31562638,0.31476498,0.31634507,0.3158816,0.31607476,0.31661773,0.3171787,0.31712323,0.31686473,0.31996626,0.32052287,0.321479,0.32226503,0.32209533,0.32191166,0.31868824,0.31574386,0.31612536,0.31711006,0.3169675,0.3156188
22,0.27590472,0.2688137,0.26101038,0.25493512,0.2505169,0.24475971,0.23629661,0.2284795,0.22462323,0.21678296,0.20994082,0.20865054,0.2017146,0.20217478,0.20103319,0.19224721,0.18839766,0.18137446,0.17716172,0.17177868,0.16655532,0.15987615,0.15440246,0.1507741,0.14618893,0.13801643,0.13322553,0.13306752,0.1289914,0.12694676,0.1253827,0.119084634,0.11686723,0.11165047,0.106022045,0.101178564,0.09650238,0.09363319,0.088483065,0.08194946,0.07816073,0.07800916,0.07425724,0.067932375,0.06528376,0.06569637,0.063896455,0.06317513,0.05898092,0.05595953,0.0488915,0.042589683,0.03945069,0.037316836,0.030318711,0.026931927,0.023325022,0.022319,0.017897842,0.012639329,0.009716136,0.002787007,-0.0023078155,-0.0033750688,-0.003647418,-0.010495046,-0.012122105,-0.014616311,-0.017046476,-0.021097468,-0.026679516,-0.029650677,-0.02624262,-0.031944346,-0.03365687,-0.03578534,-0.03688717,-0.037579086,-0.03902931,-0.039354336,-0.039148174,-0.041869357,-0.042409293,-0.04422462,-0.04760637,-0.045485586,-0.04579341,-0.049959235,-0.049607072,-0.051484533,-0.0549997,-0.058171254,-0.058475293,-0.0628594,-0.067060865,-0.06806586,-0.06813941,-0.06876011,-0.07143769,-0.07625462,-0.08292396,-0.08440874,-0.08533819,-0.08465231,-0.08604753,-0.08870788,-0.086240925,-0.0879855,-0.08582634,-0.090518415,-0.09412743,-0.09542502,-0.09781227,-0.09928103,-0.10380459,-0.10641813,-0.10726154,-0.10774994,-0.108054556,-0.10944122
23,-0.021285158,-0.026319105,-0.031194758,-0.038166884,-0.048836216,-0.053479612,-0.060741466,-0.07012046,-0.078139946,-0.08925775,-0.09925431,-0.11107056,-0.12111429,-0.13217585,-0.14599024,-0.15534122,-0.16812819,-0.17740552,-0.1861061,-0.19677636,-0.20616427,-0.22027874,-0.22957452,-0.23917341,-0.25281948,-0.26333484,-0.27275732,-0.28000003,-0.28761786,-0.29620427,-0.30616635,-0.31291574,-0.32374078,-0.33438304,-0.34563822,-0.35353136,-0.36328104,-0.3748936,-0.38328558,-0.38915628,-0.396699,-0.40516907,-0.4105361,-0.4187006,-0.42639536,-0.4350577,-0.4413735,-0.45218197,-0.45591983,-0.46147376,-0.4680385,-0.47959653,-0.48968154,-0.4956912,-0.5059356,-0.5127117,-0.52347577,-0.5272151,-0.532421,-0.53599733,-0.54352045,-0.5481912,-0.5530171,-0.55539006,-0.55900514,-0.5667137,-0.57095915,-0.5792432,-0.58854187,-0.59593606,-0.59966886,-0.60008705,-0.60220623,-0.6036313,-0.60853624,-0.61493635,-0.61959374,-0.62069035,-0.6265627,-0.63015735,-0.6346302,-0.6391321,-0.6439031,-0.6475231,-0.64755,-0.65078986,-0.65428394,-0.6616783,-0.66403687,-0.66580975,-0.66928434,-0.6699241,-0.66754884,-0.67334026,-0.6760046,-0.67632216,-0.6807497,-0.6879717,-0.6904227,-0.6934684,-0.69563806,-0.69277376,-0.6969255,-0.70358396,-0.70523226,-0.70377,-0.7083686,-0.7112113,-0.71513796,-0.7176952,-0.71790546,-0.7184841,-0.7236685,-0.7238917,-0.7278656,-0.72981036,-0.7313708,-0.7372011,-0.7396351,-0.7409781
24,-0.58246714,-0.5902796,-0.60029995,-0.6086152,-0.6220763,-0.63682187,-0.65040696,-0.6673321,-0.68101007,-0.69474405,-0.71125084,-0.7275407,-0.7430606,-0.7590009,-0.77427727,-0.79019386,-0.8067223,-0.82280815,-0.83547276,-0.8458536,-0.860627,-0.8749943,-0.892492,-0.90737855,-0.91669595,-0.9338892,-0.9496325,-0.9608485,-0.97177666,-0.9871192,-0.99626905,-1.0068996,-1.0219071,-1.0346582,-1.0445031,-1.0557408,-1.069874,-1.0842236,-1.0980026,-1.1078677,-1.1165707,-1.1277574,-1.1423175,-1.1539218,-1.1622956,-1.1728977,-1.182729,-1.1944771,-1.2090704,-1.2197492,-1.2297732,-1.2441666,-1.2532871,-1.2698654,-1.2834228,-1.2963669,-1.3092884,-1.3164917,-1.32698,-1.3398427,-1.3541574,-1.3623887,-1.3709078,-1.3786052,-1.3857496,-1.394678,-1.405299,-1.4147836,-1.4252201,-1.4354246,-1.4441527,-1.4473469,-1.4587162,-1.4619187,-1.4640247,-1.4774474,-1.4879639,-1.4973832,-1.4981741,-1.5054796,-1.5138195,-1.5239437,-1.5317798,-1.5398147,-1.5466679,-1.551905,-1.5601687,-1.5697992,-1.5773344,-1.583821,-1.5934682,-1.6009766,-1.6026046,-1.6081663,-1.6165987,-1.6230192,-1.6290776,-1.6363811,-1.6478573,-1.6567415,-1.6665533,-1.6706555,-1.6709074,-1.6761891,-1.6804402,-1.68719,-1.6953723,-1.699317,-1.7052307,-1.7097027,-1.712414,-1.7145126,-1.7174222,-1.7236016,-1.7353443,-1.740292,-1.746947,-1.7517023,-1.7515466,-1.7525012
25,-0.16527577,-0.16366749,-0.1623214,-0.16221598,-0.15786974,-0.15830472,-0.16296923,-0.16678199,-0.16763087,-0.1708303,-0.17594343,-0.18106203,-0.18543929,-0.18808603,-0.19242896,-0.19471917,-0.19810422,-0.20426223,-0.20789762,-0.21119729,-0.2143536,-0.21870235,-0.22064719,-0.22587883,-0.22944482,-0.23590672,-0.23929544,-0.24306953,-0.2489698,-0.2532577,-0.25259215,-0.25812244,-0.25968838,-0.26475292,-0.26672864,-0.2688899,-0.27419668,-0.27751052,-0.2781801,-0.2826838,-0.28506,-0.28813672,-0.2903346,-0.2903873,-0.29013816,-0.2926196,-0.29251134,-0.29494673,-0.2974582,-0.30110723,-0.2977715,-0.30221844,-0.30440778,-0.30301008,-0.3065759,-0.30900174,-0.30813497,-0.31402963,-0.31406707,-0.3170082,-0.31971925,-0.3247612,-0.32619593,-0.32574466,-0.32674268,-0.3287251,-0.3278627,-0.32861137,-0.32861155,-0.3312822,-0.33198923,-0.3295752,-0.33232552,-0.33632365,-0.33828527,-0.34562507,-0.34908527,-0.34947214,-0.3517656,-0.3536257,-0.35625362,-0.35842758,-0.35676977,-0.36083215,-0.36392847,-0.35875034,-0.35921493,-0.36065966,-0.36361605,-0.36717427,-0.3697375,-0.36935845,-0.36658692,-0.37070364,-0.3731668,-0.37209526,-0.36979908,-0.3701767,-0.36640903,-0.3715434,-0.37141964,-0.3690837,-0.3680988,-0.3704857,-0.37519532,-0.3732782,-0.37463814,-0.37672454,-0.3819906,-0.38598543,-0.3849698,-0.38600206,-0.38534254,-0.3862285,-0.39146703,-0.39391863,-0.39278582,-0.3957111,-0.3982793,-0.39995056
26,0.16057906,0.1481435,0.14044991,0.12984772,0.1193732,0.102735616,0.0909241,0.076708995,0.06261693,0.047873214,0.031319957,0.015083295,0.00063826016,-0.01600573,-0.032945894,-0.049803056,-0.064389646,-0.07900862,-0.09172912,-0.10929902,-0.12093896,-0.13957593,-0.15415363,-0.1711701,-0.18737516,-0.20427248,-0.21683407,-0.23243728,-0.2461379,-0.25698367,-0.26756006,-0.28280136,-0.29973537,-0.31511217,-0.327181,-0.34154904,-0.35658306,-0.3705132,-0.38498482,-0.39674634,-0.4095916,-0.42119712,-0.43255192,-0.44412383,-0.4579988,-0.47329894,-0.48527044,-0.49339285,-0.5021675,-0.5121505,-0.5223928,-0.5374852,-0.5479926,-0.56089103,-0.56719995,-0.57581687,-0.584324,-0.5898192,-0.60038793,-0.61420494,-0.6270636,-0.63071185,-0.6427102,-0.6527241,-0.66178966,-0.673473,-0.6837968,-0.6900927,-0.70100075,-0.708989,-0.7165701,-0.7213083,-0.7264412,-0.7332574,-0.73886025,-0.7480798,-0.75817394,-0.76595384,-0.7758261,-0.78061616,-0.78594273,-0.7928643,-0.8024699,-0.8093524,-0.81329,-0.8179466,-0.8268479,-0.8345726,-0.8428966,-0.8515731,-0.85993975,-0.8666285,-0.8710869,-0.88055706,-0.88772124,-0.892194,-0.8966727,-0.90204203,-0.90708435,-0.91691417,-0.9268696,-0.93521297,-0.9423354,-0.94645166,-0.95427763,-0.95883733,-0.9679885,-0.9738178,-0.98413277,-0.99274004,-0.9981124,-1.0017569,-1.0108445,-1.0154094,-1.0242249,-1.0292705,-1.0331608,-1.0381348,-1.0442158,-1.051848
27,0.9214202,0.91886795,0.9136612,0.906989,0.9007126,0.89377624,0.88633776,0.87809485,0.86884916,0.8622227,0.8585249,0.84958255,0.8419921,0.8330056,0.8263321,0.82173634,0.81383085,0.8105806,0.8057502,0.80017567,0.79344356,0.7860854,0.7790837,0.77387476,0.7647153,0.7593481,0.7530803,0.7496364,0.7447438,0.7389848,0.7334825,0.72511524,0.7194143,0.7150685,0.70671713,0.6979599,0.6919284,0.6871685,0.68077713,0.67438084,0.6702735,0.6677029,0.6614188,0.656841,0.6470729,0.6416981,0.63291216,0.6292876,0.62366056,0.6157908,0.60837734,0.60372025,0.5966124,0.5899083,0.5842637,0.58033365,0.5769232,0.56698227,0.5599308,0.5538554,0.54828584,0.5426236,0.5397688,0.5358256,0.5308467,0.5265843,0.52209944,0.5177675,0.5121832,0.50691146,0.50127554,0.49703008,0.48835176,0.4831578,0.47990045,0.47442287,0.46712503,0.46061444,0.45542878,0.4494711,0.444493,0.44065243,0.43644482,0.43170944,0.42559606,0.4231813,0.41763458,0.41375732,0.40959936,0.4059766,0.40329513,0.40243393,0.39688176,0.38985947,0.3832487,0.38020363,0.3740645,0.3687167,0.36367708,0.35993826,0.36019152,0.3527484,0.346107,0.34428877,0.34128714,0.33256334,0.33046782,0.32428068,0.31731662,0.31480676,0.31093553,0.30999747,0.3058056,0.3014318,0.2994433,0.29935247,0.29568797,0.29018092,0.28844693,0.28992257
28,0.5184709,0.51960737,0.5159565,0.51171184,0.5097675,0.5087782,0.5070985,0.5048927,0.50481457,0.50507504,0.5049777,0.5068822,0.506414,0.50640386,0.5040599,0.50213635,0.4993449,0.4940504,0.49384275,0.493033,0.4924504,0.49296647,0.48973662,0.4890709,0.4856369,0.4865703,0.48789668,0.48345217,0.48071903,0.48212618,0.478592,0.47812897,0.47542715,0.47416633,0.47572,0.47489518,0.47477013,0.47547635,0.47636527,0.4760418,0.47660017,0.47332263,0.47706395,0.47591186,0.4729373,0.47369114,0.4758266,0.47424093,0.47429782,0.47124672,0.46965155,0.4686853,0.46745127,0.46847302,0.46646827,0.46689168,0.4697671,0.46958074,0.4685387,0.46728078,0.46754065,0.46782452,0.46234554,0.46249858,0.46278268,0.46269208,0.46444997,0.46337828,0.46622872,0.46613258,0.46584615,0.46067435,0.4598581,0.46094313,0.46090707,0.46407467,0.46166062,0.46465158,0.46249405,0.4636348,0.46497464,0.46764582,0.47089425,0.4716143,0.46812576,0.4587215,0.46093673,0.46500078,0.46550077,0.466652,0.46704406,0.46926528,0.4712681,0.47033295,0.4715438,0.46905142,0.47096196,0.47050938,0.4709274,0.47241393,0.47612557,0.4768229,0.48011047,0.48661256,0.48858374,0.48969513,0.4900133,0.48860604,0.48829827,0.48490328,0.48569232,0.4856915,0.48762673,0.48883882,0.49250636,0.49495578,0.49796572,0.49912938,0.49989605,0.5032152
29,0.3429565,0.33772635,0.33161452,0.32674247,0.3224856,0.31625912,0.31337267,0.3090204,0.30414313,0.29953068,0.29404864,0.2909448,0.28887716,0.28592253,0.28111318,0.2778365,0.27378345,0.26923615,0.26529178,0.2622209,0.2601571,0.25747377,0.25108346,0.2483087,0.24441215,0.24055223,0.23877864,0.23842779,0.23468685,0.23062666,0.22981203,0.22761348,0.22700045,0.2235086,0.22014847,0.21640459,0.21440554,0.21258672,0.20844051,0.20633721,0.20440905,0.2013367,0.19926697,0.1972348,0.19472626,0.18630925,0.18185693,0.18220986,0.17955133,0.17642525,0.17031701,0.16784209,0.16639122,0.16519976,0.1571702,0.15036036,0.14722623,0.14629802,0.14559606,0.14351204,0.14064325,0.1363093,0.13308018,0.12815204,0.123368,0.12027063,0.11677706,0.1146552,0.11069598,0.1068006,0.10357034,0.102615595,0.10088525,0.09639776,0.09269182,0.08883589,0.08199701,0.080413,0.0761769,0.07297033,0.06795286,0.06402136,0.06104196,0.055934258,0.05101646,0.043440334,0.039816625,0.040206555,0.039787285,0.036644798,0.03337471,0.028081125,0.02488713,0.02021284,0.01751713,0.0199047,0.01842155,0.009507889,0.009477146,0.007898824,0.0064907633,0.001264732,-0.0018769018,-0.0011639878,-0.007133069,-0.012049551,-0.012574531,-0.016307238,-0.01821691,-0.025985295,-0.029685194,-0.031618588,-0.036127318,-0.03833914,-0.043161385,-0.046995737,-0.04641936,-0.051905096,-0.05422421,-0.054577757
30,0.7155027,0.6914238,0.661743,0.62884736,0.5966965,0.5595373,0.52583456,0.48766166,0.45269862,0.41453856,0.38105288,0.34883142,0.31495103,0.27891067,0.24641387,0.21213087,0.17796773,0.14362374,0.111858174,0.08014849,0.05163694,0.01976225,-0.008524327,-0.03864301,-0.06326808,-0.09169377,-0.119465455,-0.1462683,-0.17187569,-0.20094597,-0.22661066,-0.25641766,-0.28250322,-0.3135081,-0.34070784,-0.3640223,-0.38986284,-0.41274968,-0.43849364,-0.4643289,-0.4891247,-0.5098796,-0.5347462,-0.5597837,-0.5806412,-0.602331,-0.62388957,-0.6438937,-0.66335,-0.6879121,-0.7082781,-0.7339137,-0.7522378,-0.7704953,-0.788755,-0.8103651,-0.83041793,-0.8479331,-0.8673707,-0.8813225,-0.9010873,-0.9184412,-0.93404025,-0.9524499,-0.96699107,-0.9860222,-1.0048811,-1.0197146,-1.0380257,-1.0515056,-1.068813,-1.0818826,-1.0974138,-1.1112486,-1.1274383,-1.1449074,-1.1612408,-1.1773056,-1.1918762,-1.2034553,-1.2213397,-1.2343694,-1.252663,-1.2659479,-1.2798359,-1.2950543,-1.3106211,-1.3272358,-1.3365904,-1.3465574,-1.3627745,-1.3741257,-1.3796566,-1.3925346,-1.4107459,-1.4185295,-1.4256651,-1.4367988,-1.4494997,-1.459533,-1.4728401,-1.4846593,-1.4892229,-1.5012025,-1.514344,-1.5221249,-1.5344847,-1.5473802,-1.5553892,-1.56988,-1.5809119,-1.5872086,-1.5993164,-1.6087906,-1.6190856,-1.6258748,-1.636379,-1.643832,-1.6499918,-1.6566883
31,1.3414049,1.3229334,1.2987084,1.2713325,1.2451384,1.2127656,1.1874008,1.1604184,1.1321417,1.1035419,1.0767685,1.0499508,1.0234177,0.9993807,0.9734186,0.9507869,0.92815334,0.89787865,0.87290126,0.8481318,0.8284434,0.8031721,0.7815068,0.75870436,0.73678684,0.71541715,0.6948127,0.6714489,0.6501592,0.6317359,0.6115548,0.589527,0.5702202,0.5469097,0.52943915,0.510796,0.4914639,0.47331658,0.45580277,0.43351412,0.4221149,0.41011745,0.38998565,0.3710744,0.35765806,0.3459974,0.33394632,0.31621915,0.3009952,0.28675467,0.2769219,0.26121646,0.24735801,0.22734728,0.21141982,0.19456777,0.18212351,0.17251644,0.15770873,0.14526197,0.12956023,0.11926134,0.11007236,0.0945904,0.082275406,0.068415195,0.061899524,0.048323363,0.035627764,0.025165666,0.009621395,-0.006241532,-0.020351416,-0.031855337,-0.042602077,-0.052408326,-0.06558378,-0.075727776,-0.08388006,-0.09411662,-0.10381506,-0.112877406,-0.122583374,-0.1338617,-0.14081234,-0.14785585,-0.15994987,-0.16975422,-0.17159748,-0.1771179,-0.1850094,-0.19415694,-0.20050938,-0.21014151,-0.21977463,-0.22281869,-0.23122819,-0.23645556,-0.24011984,-0.2524583,-0.2610415,-0.27024898,-0.27643412,-0.2799615,-0.28947255,-0.29600066,-0.30149773,-0.31092468,-0.31877688,-0.32792708,-0.33377752,-0.3404542,-0.3516112,-0.35690397,-0.3649929,-0.37618357,-0.38031384,-0.3841985,-0.3864644,-0.39434218
32,0.062311314,0.060564924,0.057632864,0.060080945,0.060622722,0.05411583,0.048132524,0.044033453,0.036399014,0.026296446,0.018648151,0.009271115,-0.00014691315,-0.007148544,-0.017760396,-0.026082864,-0.0361756,-0.05015412,-0.061533473,-0.07035641,-0.081502825,-0.08669026,-0.09832142,-0.10933224,-0.11600411,-0.12595747,-0.13881628,-0.15115811,-0.1545121,-0.1641824,-0.17382061,-0.17976046,-0.19517514,-0.20726338,-0.2134157,-0.22155961,-0.23087136,-0.24216981,-0.24903746,-0.26006338,-0.26878637,-0.27594948,-0.2861883,-0.29607886,-0.30088115,-0.30808666,-0.31726962,-0.32477373,-0.3295842,-0.3395049,-0.34376734,-0.35160482,-0.3589983,-0.36936504,-0.38016635,-0.38980803,-0.39554518,-0.40304366,-0.4100564,-0.41762143,-0.42930803,-0.4311312,-0.43654585,-0.43587,-0.44732508,-0.45420998,-0.45823926,-0.46672687,-0.4781646,-0.4839262,-0.4862977,-0.4909535,-0.49680918,-0.49701494,-0.49841395,-0.50806445,-0.520676,-0.52770704,-0.53563267,-0.54003847,-0.5439491,-0.55179065,-0.56079614,-0.56625545,-0.57305837,-0.5820268,-0.582713,-0.58690417,-0.59005964,-0.5984539,-0.60542953,-0.61077535,-0.61437577,-0.6199293,-0.6208456,-0.6172713,-0.6130017,-0.61986196,-0.6181548,-0.62295806,-0.63022816,-0.6341374,-0.6360129,-0.6440276,-0.6516542,-0.6479348,-0.65623915,-0.65899014,-0.6635456,-0.66807896,-0.6745665,-0.6789606,-0.6851027,-0.6902648,-0.6920792,-0.69013286,-0.69046247,-0.6932545,-0.69806814,-0.6999814
33,-0.08276534,-0.078710556,-0.0752146,-0.071889356,-0.07440802,-0.07055976,-0.07072301,-0.074804574,-0.0795123,-0.082920544,-0.08667265,-0.091100015,-0.09593253,-0.10412951,-0.10706048,-0.11085951,-0.118725136,-0.12287463,-0.12880972,-0.13595831,-0.14590272,-0.15695146,-0.16557844,-0.1733412,-0.18098441,-0.19509813,-0.20571005,-0.21399817,-0.22194365,-0.23117466,-0.2445763,-0.25020477,-0.25772005,-0.2742265,-0.28788278,-0.29860207,-0.31053197,-0.32293862,-0.33095163,-0.33936715,-0.34970137,-0.3623115,-0.36967832,-0.37890035,-0.3915493,-0.39893588,-0.4087932,-0.41945642,-0.4261086,-0.43540874,-0.44328994,-0.45398626,-0.4667574,-0.47562903,-0.4849317,-0.49712414,-0.5068741,-0.511613,-0.52613676,-0.53690225,-0.54682666,-0.5557256,-0.56346047,-0.5708356,-0.5740479,-0.5839909,-0.5914375,-0.59993494,-0.6072887,-0.6159175,-0.62427825,-0.62878215,-0.6348151,-0.6409651,-0.6465358,-0.65891963,-0.6648811,-0.6736261,-0.6810235,-0.6900958,-0.6998702,-0.70978653,-0.71732837,-0.7244706,-0.7302114,-0.7326097,-0.73898107,-0.74819565,-0.75591683,-0.7586324,-0.7662686,-0.7723863,-0.7754085,-0.78142774,-0.78925693,-0.79049635,-0.7932491,-0.7991166,-0.8030009,-0.81082165,-0.81551296,-0.8170314,-0.8228548,-0.83457166,-0.84182394,-0.84529483,-0.8530158,-0.85611784,-0.8605121,-0.8667506,-0.872797,-0.87511843,-0.88195133,-0.88632095,-0.8950101,-0.90557826,-0.91180694,-0.91619986,-0.92027855,-0.9243387
34,0.28085825,0.2899577,0.29846942,0.3110136,0.32339358,0.33543003,0.34247237,0.34934655,0.35415944,0.36063805,0.36420742,0.37326723,0.37731862,0.3797541,0.38164678,0.3856193,0.3891257,0.39233366,0.39624253,0.39778405,0.40030867,0.4020141,0.40151578,0.40502772,0.40679383,0.40475282,0.40661448,0.40706858,0.40655357,0.4072013,0.40988302,0.4166254,0.41671038,0.4154676,0.41469795,0.41466683,0.41317683,0.40852928,0.41032776,0.4132627,0.41578397,0.41189256,0.4156936,0.41628233,0.41629058,0.41416478,0.41284552,0.41208833,0.41427937,0.4132804,0.41325122,0.4124671,0.4122571,0.40856987,0.40624595,0.4021514,0.40082207,0.40181226,0.39888075,0.3979946,0.39555722,0.39404657,0.3979838,0.39748058,0.3946575,0.3979578,0.3984015,0.39672598,0.3931095,0.3914401,0.39343554,0.3958106,0.39725843,0.3971204,0.3954515,0.39688268,0.38992864,0.38902602,0.3865031,0.38670337,0.38957012,0.38793737,0.3883204,0.3852953,0.3819236,0.38036036,0.37895983,0.37988,0.37834114,0.3777809,0.37699056,0.37243003,0.37541804,0.373784,0.37291592,0.37612897,0.37744212,0.37283117,0.3755823,0.37594026,0.37358224,0.37584737,0.3755723,0.37255177,0.37031752,0.37729368,0.37533924,0.3747177,0.37151575,0.3719125,0.3691338,0.37155607,0.36729145,0.36470637,0.3618799,0.36246806,0.3599897,0.35925275,0.35886472,0.352269
35,0.33017802,0.33640742,0.3390209,0.34471118,0.3462066,0.3480424,0.34693533,0.34896034,0.3493808,0.3462829,0.34649548,0.34291548,0.33940417,0.3335886,0.33192757,0.32891777,0.32669598,0.32223767,0.3181721,0.3159441,0.3084075,0.30516738,0.3026988,0.29981977,0.29416338,0.28915226,0.28572458,0.28293365,0.27935976,0.27315202,0.26738146,0.26466507,0.25788784,0.2541505,0.24662884,0.24446242,0.2397556,0.23091069,0.22454998,0.22450495,0.22124605,0.22096041,0.21743993,0.21240905,0.20643267,0.20078607,0.19604702,0.19240645,0.18484032,0.18104124,0.17744109,0.17023359,0.16529241,0.16265686,0.16062072,0.15450805,0.15116614,0.14765465,0.14404784,0.14083783,0.13656943,0.13449416,0.13290791,0.1306587,0.124190375,0.12057958,0.11916204,0.11495949,0.11023226,0.1083685,0.10786899,0.10169147,0.09694781,0.09600544,0.093273446,0.09011446,0.08170916,0.0798284,0.07755745,0.07510384,0.074600466,0.07230662,0.068263374,0.066423416,0.06188967,0.058982395,0.05855013,0.054061074,0.05303989,0.050480057,0.050967544,0.050317615,0.051452965,0.048341528,0.04648129,0.045879584,0.043061,0.035896726,0.03429808,0.030668318,0.027943105,0.023953006,0.021790247,0.018655624,0.019294152,0.019773569,0.0139795365,0.013540658,0.012033468,0.010383503,0.007428357,0.009212816,0.008705455,0.008858031,0.0077373907,0.010334173,0.008628665,0.0063949786,0.0072320057,0.0038072877
36,-0.497734,-0.48725805,-0.47647554,-0.46640706,-0.44304973,-0.43171054,-0.42668658,-0.41889787,-0.41343126,-0.40696305,-0.40278554,-0.39833608,-0.39637455,-0.3936886,-0.39008307,-0.38811424,-0.38662893,-0.38815582,-0.38449922,-0.3782646,-0.37962225,-0.3802258,-0.3833828,-0.3814995,-0.37936276,-0.38374853,-0.38386756,-0.38486588,-0.3837501,-0.38167048,-0.384556,-0.38358808,-0.38281953,-0.3844209,-0.38797843,-0.38776022,-0.39101377,-0.39595357,-0.399237,-0.4013648,-0.3980431,-0.4006393,-0.40472373,-0.40471902,-0.40329736,-0.40996885,-0.40997043,-0.4120303,-0.40931553,-0.41014963,-0.41029486,-0.41386876,-0.41511244,-0.41263318,-0.41532135,-0.41795677,-0.41877428,-0.41795152,-0.42210102,-0.42264098,-0.42588973,-0.42574272,-0.42866093,-0.4314652,-0.4347557,-0.43609872,-0.43999085,-0.44087029,-0.4427589,-0.4437449,-0.4423077,-0.44183937,-0.44423604,-0.4416619,-0.43944559,-0.4438718,-0.4434828,-0.44346976,-0.44627103,-0.4434843,-0.4451911,-0.4489708,-0.44814005,-0.44952735,-0.45306262,-0.44922757,-0.44926053,-0.4485305,-0.44740644,-0.44838175,-0.44774944,-0.4473401,-0.4434348,-0.4396407,-0.4455288,-0.44448343,-0.44423118,-0.44617853,-0.446587,-0.44751224,-0.44834542,-0.44480497,-0.44749245,-0.45451593,-0.45095044,-0.44479957,-0.4445583,-0.4425754,-0.44085017,-0.4389863,-0.43758708,-0.43193573,-0.43154907,-0.42953247,-0.43079448,-0.42821908,-0.4254667,-0.42513537,-0.42203116,-0.4197244
37,0.1693609,0.16649023,0.16159508,0.15943941,0.15857999,0.15246241,0.15006045,0.14298053,0.13638309,0.1274237,0.1215255,0.11174329,0.10318445,0.094630584,0.08753559,0.07880115,0.07238494,0.063434765,0.055833243,0.05084885,0.04338365,0.037387196,0.029048035,0.02149241,0.011599755,0.0025850418,-0.003156156,-0.006783837,-0.017668903,-0.025319267,-0.03253816,-0.0375033,-0.047274042,-0.05795481,-0.06473787,-0.07124517,-0.080861166,-0.0915869,-0.0975184,-0.10443838,-0.10903992,-0.11878431,-0.12842453,-0.1359675,-0.14443731,-0.1520204,-0.15296891,-0.15776266,-0.16229965,-0.16902316,-0.17552418,-0.1823184,-0.1875283,-0.19593509,-0.20178194,-0.2086366,-0.21559215,-0.22071354,-0.2252582,-0.22929731,-0.23433068,-0.23611024,-0.24281304,-0.24522367,-0.2536526,-0.2595122,-0.26225895,-0.26335472,-0.2692057,-0.2728127,-0.2746126,-0.27471766,-0.27407175,-0.27790684,-0.27843204,-0.28529248,-0.29007244,-0.29239154,-0.29459673,-0.29704666,-0.3015099,-0.30805016,-0.31451473,-0.3172049,-0.31788003,-0.31840858,-0.32267153,-0.32877675,-0.33101377,-0.3349952,-0.33898586,-0.34090644,-0.34207523,-0.34392342,-0.34273833,-0.34335452,-0.34055346,-0.34143957,-0.34633797,-0.34807462,-0.35245177,-0.35672864,-0.35690847,-0.36070985,-0.3651865,-0.36951488,-0.37032473,-0.3708417,-0.37682238,-0.3754173,-0.375151,-0.37840056,-0.3789975,-0.38318402,-0.3857379,-0.38365582,-0.3920058,-0.39466372,-0.39481407,-0.39700165
38,-0.35992795,-0.3552111,-0.34837192,-0.34099832,-0.32947809,-0.32414737,-0.31874138,-0.320575,-0.31938416,-0.32138962,-0.320367,-0.32352555,-0.32406148,-0.32859308,-0.33205992,-0.3357094,-0.33631945,-0.33653608,-0.3419603,-0.34487623,-0.34735873,-0.35132596,-0.35424733,-0.36076146,-0.3663841,-0.3729423,-0.37864265,-0.38238993,-0.38683096,-0.39352804,-0.39651567,-0.40117764,-0.407832,-0.41159734,-0.41881776,-0.42598733,-0.43081588,-0.43775982,-0.4448402,-0.4496056,-0.44853038,-0.45097047,-0.4528861,-0.45859623,-0.46334505,-0.46917003,-0.4722804,-0.4769029,-0.47815424,-0.484435,-0.49457583,-0.502522,-0.50794995,-0.51428014,-0.5211401,-0.5290307,-0.537717,-0.53975284,-0.5444835,-0.54991525,-0.55412376,-0.55663276,-0.56234914,-0.5660486,-0.57201326,-0.577415,-0.58041227,-0.58646697,-0.594129,-0.602305,-0.6050801,-0.61094457,-0.61548126,-0.62284625,-0.62360287,-0.6290468,-0.63626766,-0.640363,-0.64621556,-0.6518407,-0.6592272,-0.66635424,-0.6735538,-0.67929506,-0.6838878,-0.6890738,-0.6909965,-0.69301736,-0.69335896,-0.6961177,-0.70043933,-0.7062487,-0.70935166,-0.71605474,-0.72397053,-0.7276704,-0.72394973,-0.72890794,-0.7350895,-0.7397592,-0.74401486,-0.74924093,-0.74969834,-0.7489556,-0.75137776,-0.7530714,-0.7582054,-0.7613884,-0.7663883,-0.7705262,-0.7708115,-0.77456605,-0.7787189,-0.7846523,-0.7963044,-0.8074687,-0.8130704,-0.8145784,-0.81647223,-0.8179547
39,-0.30003244,-0.29896906,-0.2969082,-0.29405499,-0.29150075,-0.2886091,-0.28660154,-0.29020563,-0.28920943,-0.29404563,-0.29655942,-0.30191645,-0.30300647,-0.30522352,-0.3114496,-0.31305808,-0.31641445,-0.32034954,-0.32142612,-0.3285362,-0.33249283,-0.33600765,-0.34055632,-0.34461564,-0.34769773,-0.35486013,-0.3618161,-0.36739755,-0.37033972,-0.37578267,-0.3831193,-0.3882289,-0.39521962,-0.4029321,-0.41087848,-0.41660136,-0.42312413,-0.43058142,-0.43624187,-0.44101492,-0.44484717,-0.45015186,-0.456275,-0.46114045,-0.46619725,-0.4729527,-0.47901124,-0.48589078,-0.4917322,-0.4989407,-0.5031662,-0.50929433,-0.5158299,-0.52175486,-0.5243811,-0.5327303,-0.53696585,-0.53952086,-0.5470478,-0.5517868,-0.5587894,-0.563877,-0.5683564,-0.5747856,-0.5799717,-0.58639246,-0.5892733,-0.5958939,-0.6000668,-0.6058021,-0.60877,-0.6098114,-0.60982716,-0.60960996,-0.6135854,-0.6175464,-0.6285782,-0.63437355,-0.63607115,-0.6427313,-0.6467857,-0.6522385,-0.6583461,-0.66578126,-0.6692567,-0.67231816,-0.67661303,-0.6819491,-0.6854973,-0.68888235,-0.69808084,-0.7028389,-0.7043942,-0.70867956,-0.7129899,-0.7150474,-0.71562624,-0.7208209,-0.72571534,-0.7333099,-0.73486984,-0.7414709,-0.74258566,-0.7455009,-0.750827,-0.75438035,-0.7615466,-0.7642506,-0.7692281,-0.774881,-0.77880496,-0.78035223,-0.7824715,-0.79424417,-0.80212104,-0.8052448,-0.8110285,-0.81894034,-0.8214595,-0.82193935
40,-0.1856127,-0.1984313,-0.21665446,-0.23656723,-0.24988416,-0.2681591,-0.29082727,-0.3127382,-0.3323955,-0.35362595,-0.3754466,-0.394385,-0.41732225,-0.43661857,-0.4576419,-0.48118082,-0.5008175,-0.52302396,-0.5466172,-0.5666032,-0.5889021,-0.606269,-0.62729204,-0.6477742,-0.6640682,-0.6873363,-0.7066749,-0.72506666,-0.7404142,-0.7583693,-0.78258616,-0.8011568,-0.8153927,-0.8298098,-0.84753865,-0.8640827,-0.8831867,-0.9023646,-0.9184953,-0.93678826,-0.948609,-0.96250975,-0.976457,-0.99043643,-1.0040447,-1.0247165,-1.0376008,-1.0579971,-1.0773778,-1.0932953,-1.1103061,-1.1265935,-1.1468925,-1.1590848,-1.1759622,-1.1912006,-1.2071149,-1.2136528,-1.2260978,-1.2398137,-1.2567371,-1.2639135,-1.2765332,-1.2897387,-1.3072313,-1.322127,-1.3415554,-1.3521242,-1.3613052,-1.3737024,-1.3865196,-1.3964785,-1.4061036,-1.4197651,-1.4314278,-1.4461901,-1.461421,-1.4789078,-1.4881581,-1.5009832,-1.5156975,-1.5230869,-1.5386627,-1.5540824,-1.5635461,-1.5727774,-1.5841286,-1.5926958,-1.6028893,-1.6147251,-1.6240425,-1.6370217,-1.6485484,-1.6577822,-1.6653516,-1.6736584,-1.67857,-1.6882293,-1.6997484,-1.7104442,-1.7201159,-1.7252808,-1.73489,-1.7385824,-1.7459478,-1.7556095,-1.7669157,-1.7769268,-1.789209,-1.8022602,-1.8079205,-1.8160717,-1.8254496,-1.8361534,-1.8531139,-1.8577951,-1.8682039,-1.8820671,-1.889587,-1.9
41,-0.6402411,-0.65699,-0.6784428,-0.7007905,-0.72333014,-0.7459575,-0.7687685,-0.7982944,-0.8277782,-0.85580873,-0.88334703,-0.9127251,-0.9387787,-0.9626268,-0.98695564,-1.0136768,-1.0411608,-1.0654643,-1.090514,-1.1132343,-1.1389973,-1.1651267,-1.1930602,-1.2155248,-1.2446712,-1.2701952,-1.2959303,-1.3166149,-1.3360096,-1.3617496,-1.3826194,-1.4064103,-1.4288865,-1.454136,-1.4785653,-1.5003082,-1.5244377,-1.547055,-1.5701493,-1.5913899,-1.6129935,-1.6335554,-1.6551583,-1.6758058,-1.6933804,-1.7123057,-1.730344,-1.7454475,-1.767388,-1.7860644,-1.8047469,-1.8251117,-1.8432858,-1.8622806,-1.8826138,-1.9047562,-1.926342,-1.9451008,-1.9641371,-1.9853909,-2.0066369,-2.0192657,-2.0321,-2.0452077,-2.0603518,-2.0788972,-2.0992496,-2.1175447,-2.1332288,-2.1529293,-2.173132,-2.188225,-2.1972432,-2.2124343,-2.2235103,-2.2415555,-2.2578082,-2.278599,-2.2911541,-2.3067489,-2.3266563,-2.3452861,-2.362125,-2.3752422,-2.3893464,-2.401149,-2.4197805,-2.4383197,-2.4542668,-2.4743035,-2.4904597,-2.504213,-2.5177722,-2.533978,-2.546873,-2.5580378,-2.5639598,-2.5771916,-2.5832825,-2.5966942,-2.6167707,-2.6270554,-2.6389527,-2.6455545,-2.6622796,-2.6769319,-2.6924858,-2.7073336,-2.7223876,-2.7390187,-2.7497263,-2.7636318,-2.7811394,-2.7963042,-2.8121681,-2.8213134,-2.8316112,-2.8465207,-2.858831,-2.8641293
42,-0.73001325,-0.7315764,-0.7328455,-0.7336785,-0.73290485,-0.7355715,-0.7399205,-0.7466355,-0.7511505,-0.757989,-0.7668049,-0.77293813,-0.77958965,-0.7874156,-0.7910864,-0.7945109,-0.8008358,-0.8066797,-0.8141925,-0.8198577,-0.82634753,-0.8336646,-0.84336567,-0.8528992,-0.8601351,-0.86889297,-0.8770976,-0.8861675,-0.8873607,-0.89324987,-0.8984076,-0.90268534,-0.90742654,-0.9157465,-0.91954774,-0.9231661,-0.93019754,-0.93451536,-0.9395069,-0.9470169,-0.94917107,-0.95400524,-0.95781934,-0.9594927,-0.9609231,-0.96247244,-0.96412647,-0.96702373,-0.97221214,-0.9754915,-0.97715205,-0.9850259,-0.9905003,-0.9902403,-0.99335515,-0.9951463,-0.9981534,-0.9966445,-0.9970562,-1.0029033,-1.0072602,-1.0051872,-1.0032518,-1.0038987,-1.0054798,-1.0077965,-1.0102578,-1.0073417,-1.0088465,-1.0118889,-1.0134066,-1.0118635,-1.0121794,-1.0123851,-1.007479,-1.0105426,-1.0111938,-1.0128725,-1.0130342,-1.0120814,-1.0161148,-1.014721,-1.0164409,-1.0167997,-1.01564,-1.015588,-1.016849,-1.0184256,-1.0185788,-1.0174148,-1.0177475,-1.0162936,-1.0129273,-1.011639,-1.0121204,-1.0078485,-0.997908,-0.9933953,-0.98540676,-0.98556614,-0.9850725,-0.9850882,-0.9831222,-0.97930396,-0.9812948,-0.9757476,-0.9735848,-0.9718118,-0.9715106,-0.9717442,-0.9693405,-0.9662711,-0.96340644,-0.9642264,-0.9670345,-0.9635957,-0.9591299,-0.957417,-0.9583727,-0.95469904
43,-1.1436397,-1.1479785,-1.1535703,-1.1518577,-1.1513386,-1.1540611,-1.1588345,-1.1640894,-1.16923,-1.1764607,-1.1843612,-1.1962147,-1.2044315,-1.2099564,-1.2149556,-1.2235091,-1.2338842,-1.2409537,-1.248008,-1.2588882,-1.2684429,-1.275968,-1.2883375,-1.2981391,-1.3056039,-1.317164,-1.3281729,-1.3320968,-1.3392712,-1.3517354,-1.3582933,-1.3637905,-1.3742208,-1.3844892,-1.3939917,-1.3980252,-1.4084127,-1.4152792,-1.4245249,-1.431742,-1.4358982,-1.4465516,-1.4566348,-1.4613284,-1.4670775,-1.4725627,-1.4780302,-1.4855692,-1.4894638,-1.4957294,-1.5019853,-1.5075201,-1.5167634,-1.522208,-1.5337209,-1.5412552,-1.5474582,-1.5461458,-1.551552,-1.5569063,-1.5634636,-1.5704563,-1.5786226,-1.5816823,-1.5899522,-1.5978482,-1.6044127,-1.6073885,-1.6123011,-1.6203058,-1.6257969,-1.62826,-1.6306417,-1.6303657,-1.6281077,-1.6386515,-1.6422001,-1.6458752,-1.6444889,-1.6495329,-1.6573559,-1.6582272,-1.6637642,-1.6643162,-1.671409,-1.6688007,-1.6723611,-1.6764362,-1.6785723,-1.682012,-1.6885424,-1.6922909,-1.6894162,-1.6940664,-1.6965952,-1.6986088,-1.6945341,-1.7012361,-1.699123,-1.7019892,-1.7110653,-1.7132766,-1.7151425,-1.7181631,-1.7223957,-1.721665,-1.7274166,-1.7309778,-1.7356247,-1.7404802,-1.7447872,-1.7470554,-1.7523607,-1.7563187,-1.7611306,-1.7619616,-1.764834,-1.7669824,-1.7697203,-1.7732909
44,-0.029668737,-0.027144458,-0.027604556,-0.023802701,-0.021255067,-0.019385548,-0.019040097,-0.020177629,-0.02168629,-0.02591972,-0.024529856,-0.029754862,-0.028033638,-0.0306944,-0.031120133,-0.03306541,-0.032628026,-0.036544856,-0.039092544,-0.03851834,-0.038016252,-0.042438567,-0.045136064,-0.045740917,-0.045311917,-0.050017457,-0.051845066,-0.050771903,-0.049084194,-0.053719282,-0.051335394,-0.054568827,-0.054884516,-0.05744599,-0.059539266,-0.064216055,-0.06616457,-0.06943815,-0.07185726,-0.07471271,-0.074436694,-0.072093114,-0.07236358,-0.07236159,-0.06683351,-0.067138374,-0.06702719,-0.06515622,-0.062975794,-0.062186264,-0.06037137,-0.06356104,-0.0651782,-0.059984524,-0.06457813,-0.06450216,-0.06645354,-0.06626368,-0.0659007,-0.06561806,-0.06745456,-0.06494246,-0.063126475,-0.057586927,-0.053744115,-0.055550426,-0.054058213,-0.05605923,-0.055678736,-0.05278774,-0.048112504,-0.047961306,-0.044905804,-0.039982498,-0.03811731,-0.03781828,-0.03898103,-0.038637172,-0.036908407,-0.03274698,-0.03150954,-0.030344522,-0.030380994,-0.02647031,-0.021750545,-0.016347295,-0.012003546,-0.012562437,-0.014603332,-0.016453171,-0.01671134,-0.015552762,-0.01322265,-0.010573493,-0.0075980155,-0.003470656,0.005254807,0.004682903,0.003015433,0.0039097075,0.0050450987,0.0054907696,0.010036978,0.008600997,0.010509679,0.008994568,0.0104642855,0.012472605,0.01190459,0.009021176,0.009305475,0.014115731,0.016691875,0.015935222,0.01370654,0.015634995,0.013967802,0.013561318,0.015048754,0.01735615
45,-0.42476934,-0.42612666,-0.42615867,-0.42435908,-0.4241015,-0.4265751,-0.42968383,-0.432561,-0.43511614,-0.44048268,-0.44322556,-0.4463179,-0.45077267,-0.4561232,-0.4648323,-0.4696904,-0.4750496,-0.4802347,-0.48451963,-0.48847133,-0.4938454,-0.50159657,-0.5067425,-0.51186526,-0.5168369,-0.5225857,-0.52925456,-0.53298014,-0.53902525,-0.54214233,-0.5484018,-0.55446196,-0.5619618,-0.5678812,-0.5720028,-0.57985574,-0.584972,-0.5918139,-0.5946442,-0.5992038,-0.60344255,-0.6046692,-0.6091765,-0.6129436,-0.6113066,-0.61481816,-0.6188451,-0.620018,-0.6201427,-0.62387025,-0.62244886,-0.6270337,-0.6333485,-0.6361042,-0.64223075,-0.64553964,-0.64559543,-0.6439091,-0.64681894,-0.6515824,-0.65848583,-0.6596338,-0.6651068,-0.6672141,-0.67056143,-0.6737727,-0.6755165,-0.6781267,-0.6824925,-0.68356687,-0.684579,-0.684697,-0.68382263,-0.68559015,-0.682545,-0.69008815,-0.694641,-0.6965507,-0.7014839,-0.703509,-0.70554036,-0.709561,-0.7108134,-0.71625066,-0.71735,-0.7218836,-0.7219143,-0.7263843,-0.7297831,-0.7314411,-0.73632133,-0.739247,-0.7401985,-0.7397833,-0.7439219,-0.7445441,-0.73795205,-0.7372878,-0.73437965,-0.73739064,-0.743518,-0.7415,-0.7416533,-0.7450834,-0.7484666,-0.7522008,-0.7542602,-0.7538581,-0.75688,-0.7646285,-0.76531166,-0.7690102,-0.7724875,-0.7799033,-0.78438765,-0.7846018,-0.78762233,-0.79093593,-0.7870457,-0.786685
46,0.03807142,0.0300226,0.023846524,0.01672307,0.0107787475,0.0040252255,-0.0036369648,-0.01243704,-0.021664135,-0.03123263,-0.0406755,-0.054381616,-0.06534408,-0.07581824,-0.083382376,-0.09113502,-0.0993353,-0.11100795,-0.11804774,-0.12787852,-0.1415059,-0.14910427,-0.15963966,-0.17223313,-0.18124934,-0.19053796,-0.20082171,-0.20658496,-0.2129155,-0.22083458,-0.22641066,-0.23366022,-0.24031055,-0.24837461,-0.25741878,-0.26484868,-0.27399567,-0.28263485,-0.2940245,-0.304153,-0.30776665,-0.31404334,-0.32169175,-0.32840416,-0.3376427,-0.34439722,-0.35604572,-0.36324817,-0.3698637,-0.38005254,-0.38858482,-0.39594263,-0.4037362,-0.4099699,-0.41717142,-0.42390928,-0.43070522,-0.43747315,-0.44485694,-0.45369658,-0.46145043,-0.46767354,-0.4760756,-0.4815503,-0.4895296,-0.49470395,-0.50106514,-0.5071406,-0.51439774,-0.5199928,-0.52668023,-0.5297127,-0.53219426,-0.5381274,-0.5434515,-0.5505253,-0.55561763,-0.56150466,-0.56481165,-0.5686785,-0.5759374,-0.57952267,-0.58522594,-0.59200513,-0.5951134,-0.6052512,-0.6105877,-0.61855614,-0.62374544,-0.626859,-0.6325329,-0.63957703,-0.6445912,-0.6494211,-0.65840834,-0.66254824,-0.6672233,-0.6725873,-0.67805,-0.68628395,-0.6899537,-0.69820654,-0.7018875,-0.70463705,-0.7132737,-0.72260624,-0.73133194,-0.7373508,-0.74016184,-0.74662656,-0.7524804,-0.7609043,-0.7669707,-0.7699872,-0.7792961,-0.78106475,-0.78338444,-0.78585404,-0.79150236,-0.7981133
47,-0.77096456,-0.77839,-0.78832346,-0.7966657,-0.80363035,-0.81342095,-0.8250631,-0.83781826,-0.8483305,-0.86510026,-0.87728405,-0.89175177,-0.90748805,-0.9164979,-0.9305894,-0.9448352,-0.95855635,-0.97158587,-0.98487365,-0.9954306,-1.006649,-1.014272,-1.0284574,-1.0393765,-1.053011,-1.0670736,-1.0819143,-1.0938079,-1.1065205,-1.1166465,-1.1266716,-1.140503,-1.1520404,-1.1680739,-1.1787474,-1.1857979,-1.2007401,-1.2122731,-1.2220135,-1.2339101,-1.2430322,-1.2545617,-1.2669702,-1.274971,-1.2844591,-1.2959435,-1.3029213,-1.3138112,-1.3224773,-1.3329756,-1.3365906,-1.3506664,-1.3605583,-1.3691965,-1.379827,-1.3951737,-1.406854,-1.4076663,-1.4201914,-1.4283259,-1.4399817,-1.448713,-1.4567704,-1.4653953,-1.4734299,-1.484227,-1.4935703,-1.5050656,-1.5162337,-1.5269907,-1.5330187,-1.5459018,-1.5488741,-1.5579344,-1.5625983,-1.5713179,-1.5803547,-1.5907012,-1.5931731,-1.6010635,-1.6104975,-1.6181796,-1.6276897,-1.6385286,-1.6439108,-1.6448749,-1.6503861,-1.6602443,-1.669844,-1.681711,-1.6892192,-1.6989025,-1.7050552,-1.7129215,-1.7182724,-1.722142,-1.7273653,-1.7293024,-1.7371258,-1.7458031,-1.753376,-1.7591985,-1.7639487,-1.7684826,-1.7762464,-1.7794445,-1.7843004,-1.7885952,-1.796798,-1.8058039,-1.8095591,-1.81376,-1.8188654,-1.8264252,-1.8351742,-1.837485,-1.8427608,-1.8503574,-1.8557634,-1.857312
48,-1.3265178,-1.3376096,-1.3466384,-1.3552129,-1.3620847,-1.3717976,-1.3844484,-1.3976047,-1.4114053,-1.4257203,-1.440326,-1.4550793,-1.4650099,-1.4777048,-1.488588,-1.5005834,-1.5162389,-1.5297213,-1.5386972,-1.5494057,-1.5626619,-1.5750799,-1.5883456,-1.6027495,-1.6130024,-1.6257584,-1.6373312,-1.6487916,-1.6566076,-1.6665583,-1.6756675,-1.6847032,-1.693216,-1.7053001,-1.7145274,-1.7245535,-1.7390802,-1.7471552,-1.7553837,-1.7660214,-1.7731192,-1.7831558,-1.792614,-1.7963064,-1.8020922,-1.8072551,-1.8181305,-1.822615,-1.8291073,-1.8342288,-1.8396524,-1.8516529,-1.8613384,-1.8677028,-1.8752899,-1.8860203,-1.8944242,-1.8981209,-1.9073889,-1.915336,-1.9249356,-1.9293905,-1.9329815,-1.9372867,-1.9396327,-1.9470284,-1.9549907,-1.962133,-1.9669176,-1.9746284,-1.9790955,-1.9806159,-1.9835355,-1.9862534,-1.9900863,-1.9966472,-1.9972359,-2.003268,-2.0071127,-2.0103235,-2.0167866,-2.0216534,-2.0281124,-2.0324235,-2.0349355,-2.0386868,-2.039807,-2.0469508,-2.0469172,-2.0545917,-2.0608287,-2.062199,-2.0643275,-2.0687397,-2.071181,-2.068869,-2.0656981,-2.068381,-2.0686638,-2.0677323,-2.070359,-2.0675664,-2.0684586,-2.068652,-2.0695827,-2.0657506,-2.0668914,-2.0647469,-2.06906,-2.072946,-2.0730371,-2.0744948,-2.0793574,-2.0827155,-2.0874727,-2.0896783,-2.094196,-2.093864,-2.0952377,-2.0952842
49,-0.17547251,-0.18849108,-0.20225672,-0.21443453,-0.22468206,-0.2373811,-0.2555965,-0.2676745,-0.2805404,-0.29603913,-0.31228593,-0.32344666,-0.3394531,-0.35344398,-0.36488584,-0.37624735,-0.39072853,-0.40282387,-0.41494307,-0.42943692,-0.4456438,-0.45821342,-0.47252196,-0.4880336,-0.49849796,-0.51025426,-0.5231425,-0.53428817,-0.5400795,-0.5478127,-0.56081533,-0.5696094,-0.5777837,-0.5907332,-0.60249007,-0.6139805,-0.6258276,-0.63578975,-0.6476146,-0.6584089,-0.66418517,-0.67043036,-0.6765624,-0.68328035,-0.6882094,-0.6972052,-0.7060705,-0.7119727,-0.71789783,-0.7261899,-0.730452,-0.7372213,-0.7452117,-0.7511752,-0.75987214,-0.76560736,-0.7737211,-0.776885,-0.7826453,-0.78795916,-0.7974406,-0.80244654,-0.8091798,-0.81025666,-0.81494105,-0.82155216,-0.8270277,-0.8330247,-0.8416979,-0.8447703,-0.8499818,-0.847696,-0.8527128,-0.85729915,-0.86026937,-0.87234724,-0.8782501,-0.8857849,-0.8905195,-0.89834434,-0.9066014,-0.90964544,-0.9132072,-0.9186056,-0.9219092,-0.9294814,-0.9332792,-0.94015443,-0.9474429,-0.9539205,-0.96227133,-0.967653,-0.9677493,-0.9681389,-0.9762993,-0.97988397,-0.9842715,-0.98816156,-0.9923805,-0.99767303,-1.0006663,-1.0073522,-1.01261,-1.0111182,-1.0134909,-1.0167986,-1.0198057,-1.0235825,-1.0249544,-1.0266097,-1.0281861,-1.0288217,-1.0341303,-1.0344808,-1.03953,-1.0373975,-1.0413319,-1.0409622,-1.0418985,-1.0451844
50,0.37236738,0.36164337,0.3459136,0.33224943,0.31508428,0.29682118,0.27994794,0.2605849,0.24618983,0.22547646,0.20828044,0.19269748,0.17644322,0.16301684,0.14756885,0.13263854,0.11735277,0.10127896,0.08595031,0.06906419,0.058289785,0.042828012,0.026714545,0.012463773,0.00053054094,-0.012892274,-0.026499469,-0.03870392,-0.050165813,-0.065193646,-0.077572025,-0.08939575,-0.101043776,-0.11490053,-0.12460335,-0.13423413,-0.1486781,-0.16334723,-0.1789111,-0.1896111,-0.19798106,-0.20716739,-0.21813166,-0.22668752,-0.23536877,-0.24863653,-0.26006958,-0.26959333,-0.28027803,-0.2898796,-0.29940456,-0.31252062,-0.32278866,-0.33476445,-0.34452623,-0.35394695,-0.36282966,-0.36504698,-0.37301984,-0.38223845,-0.3915905,-0.39955014,-0.4016266,-0.40971094,-0.41659468,-0.42384845,-0.43089762,-0.43572292,-0.44294938,-0.44986424,-0.4553097,-0.45772257,-0.46713176,-0.47141322,-0.47802505,-0.48714033,-0.49665028,-0.5045024,-0.5077124,-0.5138446,-0.51757354,-0.5248764,-0.5304929,-0.53908116,-0.5414237,-0.5467246,-0.55246633,-0.5628322,-0.5643458,-0.5687428,-0.5746614,-0.5796977,-0.58232975,-0.58735454,-0.5944265,-0.5973486,-0.60212016,-0.6057298,-0.60879946,-0.61187136,-0.61712503,-0.6234728,-0.626428,-0.6319034,-0.6371727,-0.64160204,-0.64651203,-0.65069807,-0.6573386,-0.6613308,-0.66258514,-0.66266406,-0.6680101,-0.67168057,-0.6811749,-0.68537456,-0.68524307,-0.68959415,-0.69368833,-0.69815445
51,-0.32761818,-0.33846658,-0.35148713,-0.3603358,-0.36919266,-0.3743367,-0.3840626,-0.39399132,-0.40136337,-0.41344556,-0.42387858,-0.43440348,-0.4432121,-0.45156127,-0.458443,-0.46676892,-0.476998,-0.48465323,-0.48697633,-0.4938148,-0.4979666,-0.5042814,-0.51162934,-0.520939,-0.5333601,-0.54168636,-0.55310947,-0.5562973,-0.5651433,-0.57426196,-0.5809614,-0.5909465,-0.59648573,-0.6043791,-0.61246735,-0.6196975,-0.62921035,-0.6374528,-0.6473463,-0.6556863,-0.66437596,-0.67358893,-0.68351805,-0.6883111,-0.6971213,-0.70449936,-0.7065214,-0.7115509,-0.7131406,-0.72051734,-0.72549784,-0.73358154,-0.7410913,-0.7487758,-0.7536725,-0.7618385,-0.7675203,-0.77608335,-0.78212315,-0.7886087,-0.7955881,-0.7980708,-0.80121315,-0.8028572,-0.80280256,-0.8093322,-0.8134057,-0.8193591,-0.8203729,-0.8232274,-0.8302585,-0.8315571,-0.83732593,-0.83462286,-0.83311784,-0.8400051,-0.8400466,-0.8461019,-0.8507081,-0.8522884,-0.85615623,-0.8628355,-0.86534417,-0.87355816,-0.8749851,-0.87210816,-0.8719703,-0.8770601,-0.88064563,-0.8868033,-0.8907362,-0.89661807,-0.8942701,-0.90068376,-0.9095322,-0.9050705,-0.9025688,-0.9063457,-0.9143284,-0.91466486,-0.9193575,-0.9226392,-0.9279095,-0.92785895,-0.93148553,-0.9378133,-0.93901366,-0.94531155,-0.9502762,-0.9561407,-0.9643253,-0.96724194,-0.97155666,-0.9780415,-0.98449486,-0.9865677,-0.99304163,-0.9979038,-1.0008316,-0.9979831
52,-0.11117382,-0.12290051,-0.13283518,-0.14155018,-0.15113424,-0.15654306,-0.1634014,-0.17425478,-0.1807129,-0.18854474,-0.19945352,-0.20831788,-0.21802239,-0.22574298,-0.23291028,-0.24147758,-0.25111765,-0.2611453,-0.26867452,-0.27386814,-0.2795908,-0.28532863,-0.2952337,-0.30202928,-0.31221431,-0.32145014,-0.3305325,-0.33534536,-0.3427429,-0.34659925,-0.35405383,-0.3603075,-0.3672349,-0.37547594,-0.38161173,-0.3871997,-0.39560115,-0.4025987,-0.41204706,-0.4188326,-0.42480725,-0.43137303,-0.43534246,-0.4391411,-0.44651508,-0.45100164,-0.4561823,-0.46233314,-0.46697822,-0.47053662,-0.47753868,-0.4853384,-0.49353832,-0.50209546,-0.50724196,-0.5129548,-0.5174081,-0.515232,-0.52231926,-0.52422327,-0.52829254,-0.533082,-0.5345736,-0.5336959,-0.535777,-0.543181,-0.547634,-0.55584955,-0.56105286,-0.5685874,-0.5754174,-0.5781779,-0.58169013,-0.5855695,-0.58995736,-0.59688616,-0.59531605,-0.59939873,-0.6038025,-0.60918146,-0.61462605,-0.6159488,-0.6207713,-0.6251241,-0.62745214,-0.63099384,-0.63303363,-0.6397626,-0.64177,-0.64408106,-0.64752173,-0.6506251,-0.65127903,-0.65967906,-0.6625465,-0.66210246,-0.66019905,-0.662258,-0.66516566,-0.66344184,-0.66440475,-0.6599275,-0.6621152,-0.66468704,-0.6696613,-0.668385,-0.67284906,-0.67541873,-0.6808028,-0.6836337,-0.6859367,-0.6883663,-0.6944167,-0.6959553,-0.7002981,-0.6990981,-0.70324725,-0.7077565,-0.7091373,-0.71011674
53,-0.8181335,-0.81618345,-0.81426936,-0.8097111,-0.8029417,-0.7985955,-0.7970101,-0.7963966,-0.79700905,-0.80069476,-0.8039665,-0.8028871,-0.8048433,-0.8037195,-0.80031025,-0.7986717,-0.8009776,-0.80047387,-0.7999024,-0.80368024,-0.803429,-0.7979274,-0.7975173,-0.79916954,-0.80025566,-0.80307657,-0.80592173,-0.8097302,-0.81141394,-0.80898076,-0.8058923,-0.8054253,-0.8046743,-0.80961627,-0.8113893,-0.81164944,-0.8127967,-0.8162185,-0.8125886,-0.81191283,-0.8096245,-0.81218654,-0.8109744,-0.80967647,-0.80767554,-0.80723035,-0.8054495,-0.8057124,-0.8009057,-0.79866767,-0.7935518,-0.7955259,-0.7946997,-0.7887625,-0.7898907,-0.79412925,-0.79108334,-0.78732485,-0.7869259,-0.7845783,-0.7844934,-0.7807164,-0.77903897,-0.7800022,-0.7782498,-0.777983,-0.7781461,-0.77925026,-0.7792568,-0.7770591,-0.7741331,-0.7748547,-0.7723564,-0.7676623,-0.7643944,-0.7629425,-0.76158375,-0.7595294,-0.75472057,-0.7532395,-0.75038624,-0.7507103,-0.74557906,-0.7513229,-0.75000477,-0.74601454,-0.7430352,-0.74181116,-0.73957527,-0.73892605,-0.7336867,-0.73343265,-0.7327148,-0.7275256,-0.72852474,-0.72020245,-0.71522707,-0.7176278,-0.716258,-0.7127327,-0.7114983,-0.70683473,-0.70356786,-0.6956231,-0.69541657,-0.69151735,-0.68604875,-0.6827451,-0.6813761,-0.6830409,-0.67973775,-0.67629766,-0.6737035,-0.6699871,-0.6707572,-0.6641502,-0.65996426,-0.65695775,-0.6489832,-0.6472846
54,-0.16385756,-0.1707178,-0.1797106,-0.18821271,-0.19349368,-0.20422952,-0.21041858,-0.21992865,-0.23267877,-0.24354286,-0.25404117,-0.26737365,-0.2776157,-0.28713602,-0.2907694,-0.29889742,-0.30908123,-0.32105663,-0.32639903,-0.33638614,-0.3398227,-0.34403858,-0.35022634,-0.35718784,-0.36613804,-0.3740665,-0.38023457,-0.3833586,-0.38593176,-0.39267135,-0.39757982,-0.40495634,-0.4076466,-0.41728383,-0.42165822,-0.42371994,-0.42845544,-0.43367195,-0.43411404,-0.43941364,-0.44128758,-0.4458089,-0.4486865,-0.44685143,-0.44736695,-0.45107216,-0.45451126,-0.4553655,-0.45529693,-0.45856896,-0.45814666,-0.45831227,-0.46601486,-0.46928406,-0.47110295,-0.47623992,-0.48252982,-0.47861108,-0.47890544,-0.4819621,-0.48455778,-0.48363733,-0.4868597,-0.48629528,-0.4854579,-0.48883042,-0.48806667,-0.48746833,-0.490491,-0.49089384,-0.49443665,-0.4919448,-0.49243206,-0.4898178,-0.49017674,-0.49290222,-0.49426323,-0.49551973,-0.49109846,-0.48837322,-0.49194938,-0.4932406,-0.49311137,-0.49109197,-0.48941383,-0.48538274,-0.48544598,-0.48997465,-0.48760232,-0.48717675,-0.48901176,-0.4890229,-0.4849774,-0.4870313,-0.4861669,-0.48421922,-0.48054177,-0.47498837,-0.47301564,-0.47062415,-0.4690961,-0.46830782,-0.46858996,-0.46725225,-0.4671635,-0.4649663,-0.46209374,-0.45737553,-0.45789465,-0.4600676,-0.4638098,-0.4631559,-0.46362987,-0.4648121,-0.46326464,-0.46132383,-0.46060386,-0.45653382,-0.4550332,-0.45187387
55,-0.64381224,-0.65160626,-0.6602664,-0.66892636,-0.67742336,-0.68608105,-0.6977461,-0.7105561,-0.72128624,-0.73280036,-0.7442621,-0.75685275,-0.7671091,-0.77710104,-0.783754,-0.7949334,-0.8069032,-0.8205846,-0.830781,-0.8406104,-0.8509995,-0.8575972,-0.8678489,-0.88214463,-0.8933959,-0.90362436,-0.91543883,-0.9272512,-0.93565035,-0.94310886,-0.95088416,-0.96000385,-0.97098,-0.98252356,-0.9922226,-1.0004532,-1.0115287,-1.0237037,-1.0337838,-1.043123,-1.0500376,-1.058819,-1.0625187,-1.0684805,-1.0770872,-1.0863445,-1.0897706,-1.0939028,-1.0997903,-1.105947,-1.1132427,-1.1214588,-1.1296021,-1.1361783,-1.1440122,-1.1531516,-1.1601517,-1.1679491,-1.1737405,-1.1839668,-1.1926187,-1.194913,-1.2027023,-1.2104923,-1.2170546,-1.225745,-1.2359482,-1.241769,-1.2472732,-1.252639,-1.2587829,-1.2622454,-1.2691648,-1.2730596,-1.2784644,-1.2863195,-1.2953053,-1.3018434,-1.3030936,-1.3089399,-1.3148177,-1.3235307,-1.3285413,-1.33244,-1.3344338,-1.334008,-1.3362308,-1.3459375,-1.3500675,-1.3568827,-1.3635254,-1.3703213,-1.37573,-1.3829448,-1.3868935,-1.3908993,-1.3918034,-1.395243,-1.3990695,-1.4052448,-1.4109126,-1.4137218,-1.416788,-1.4185622,-1.4256849,-1.4291432,-1.4339715,-1.4390168,-1.4470837,-1.4544132,-1.4589972,-1.4638946,-1.4692957,-1.4757011,-1.4804859,-1.4855353,-1.4903061,-1.4965029,-1.4997267,-1.4996397
56,0.06732041,0.06142407,0.054726355,0.044497617,0.03723553,0.025570223,0.015462095,0.0055348915,-0.003164763,-0.012322381,-0.021508321,-0.029819354,-0.039809234,-0.043882456,-0.051728845,-0.058588654,-0.064459346,-0.07164216,-0.07814425,-0.08583546,-0.09355004,-0.09698601,-0.10372039,-0.11099227,-0.11759148,-0.1235535,-0.12809792,-0.13277823,-0.13386343,-0.13746187,-0.14124271,-0.14393312,-0.14734139,-0.15217713,-0.15870437,-0.16344927,-0.17078605,-0.17805885,-0.18380296,-0.18776982,-0.19112724,-0.19679065,-0.1992286,-0.20358261,-0.20701988,-0.2026324,-0.20297866,-0.20603013,-0.20877776,-0.20941143,-0.2163078,-0.2195652,-0.22253235,-0.22440057,-0.22833383,-0.23276412,-0.23672226,-0.23756929,-0.2399363,-0.24117124,-0.24366868,-0.24823518,-0.2517055,-0.24932638,-0.25150165,-0.2556392,-0.2559765,-0.25941208,-0.25994816,-0.26122627,-0.26182204,-0.26613846,-0.26434714,-0.26391396,-0.26397732,-0.26884273,-0.2748858,-0.27631932,-0.27639392,-0.27819377,-0.279828,-0.2835188,-0.28159428,-0.28296876,-0.28596607,-0.29198208,-0.28957424,-0.29381695,-0.2999475,-0.3011051,-0.29970008,-0.30079782,-0.30070478,-0.30261105,-0.30278218,-0.3026792,-0.30219632,-0.30397838,-0.3043576,-0.30430922,-0.30680305,-0.31200418,-0.31667802,-0.3174398,-0.31917876,-0.3190508,-0.32015872,-0.31931204,-0.32082835,-0.3240767,-0.3222584,-0.3196212,-0.32271942,-0.32337967,-0.32364717,-0.3187175,-0.32154983,-0.32444572,-0.32425985,-0.3235362
57,0.18517174,0.17754081,0.16953112,0.16147056,0.15107863,0.13904366,0.12596394,0.11307963,0.09976762,0.085117266,0.07272221,0.0622449,0.044439603,0.028290605,0.021427374,0.010794613,-7.9454665e-05,-0.011313197,-0.022174021,-0.03447842,-0.046758406,-0.060727794,-0.073324874,-0.08551561,-0.093802705,-0.10390596,-0.11648257,-0.12606223,-0.13579269,-0.1424091,-0.15063843,-0.1618881,-0.17376383,-0.1839843,-0.19400908,-0.20267978,-0.21357355,-0.22204569,-0.22736442,-0.23553312,-0.24171102,-0.2494348,-0.25473362,-0.2619755,-0.27074593,-0.27902612,-0.28715056,-0.29261032,-0.29831582,-0.30483183,-0.30935258,-0.31917894,-0.322943,-0.33260682,-0.33854428,-0.34527862,-0.3536764,-0.35476354,-0.3621969,-0.36863217,-0.37408,-0.37550467,-0.38273296,-0.38757673,-0.39054388,-0.3937248,-0.39867634,-0.399787,-0.40534273,-0.41028762,-0.41708565,-0.4187343,-0.42333922,-0.42642465,-0.4269423,-0.43550754,-0.43681097,-0.4398531,-0.44670025,-0.45153952,-0.455442,-0.45671263,-0.45964733,-0.46213984,-0.46666107,-0.47059995,-0.47423157,-0.47953644,-0.4825388,-0.48418695,-0.48794103,-0.4921177,-0.49442658,-0.49600402,-0.49938664,-0.50014484,-0.5037156,-0.5065032,-0.50845385,-0.5109634,-0.5152443,-0.5129292,-0.5146251,-0.51718247,-0.5148476,-0.51542306,-0.5145235,-0.5186278,-0.5216243,-0.5228352,-0.5212338,-0.5204622,-0.52585876,-0.5286058,-0.5310336,-0.5326516,-0.5314403,-0.5297582,-0.5287955,-0.5273795
58,-0.63142484,-0.641288,-0.6528574,-0.665347,-0.67504394,-0.687106,-0.7036413,-0.71783274,-0.72934073,-0.7441688,-0.7556202,-0.76916444,-0.78277606,-0.79677033,-0.80857027,-0.82008237,-0.8326864,-0.84290534,-0.8532939,-0.86783046,-0.8795185,-0.8945285,-0.9064244,-0.9171003,-0.9272501,-0.93679494,-0.94685364,-0.9557539,-0.9625613,-0.97166836,-0.9743759,-0.9819585,-0.9885794,-0.99948806,-1.0078297,-1.0164937,-1.0262946,-1.0347712,-1.0452586,-1.0529941,-1.06048,-1.0647523,-1.0707052,-1.0769395,-1.0823951,-1.089901,-1.0958031,-1.1036097,-1.1077998,-1.1119483,-1.1139667,-1.1215929,-1.1284544,-1.1298048,-1.135732,-1.1424668,-1.1475085,-1.1479009,-1.1515812,-1.1556287,-1.1596488,-1.1625326,-1.1661917,-1.1710367,-1.1740458,-1.1785558,-1.1829093,-1.188142,-1.1878526,-1.1914366,-1.1959234,-1.1953974,-1.193744,-1.1974566,-1.1998997,-1.2053072,-1.2115797,-1.2170784,-1.2177697,-1.2218932,-1.2237371,-1.2261992,-1.2284247,-1.2344247,-1.2329777,-1.2337395,-1.2321498,-1.237483,-1.2365372,-1.238839,-1.2399108,-1.2411003,-1.2402884,-1.2435899,-1.2440485,-1.2474483,-1.2506776,-1.2498806,-1.2481029,-1.2500442,-1.2511531,-1.2502499,-1.2496978,-1.244563,-1.2439502,-1.2452724,-1.2473396,-1.250868,-1.2489266,-1.2491264,-1.2477388,-1.2470345,-1.2475283,-1.2443597,-1.2432649,-1.2405913,-1.2376587,-1.2374773,-1.2351549,-1.2347556
59,-0.54940695,-0.54853326,-0.5501074,-0.5500792,-0.5447079,-0.5440427,-0.54876477,-0.5498727,-0.5523183,-0.55670875,-0.5620213,-0.56370676,-0.5677139,-0.57060724,-0.5695216,-0.57154,-0.57447535,-0.5780138,-0.5824608,-0.58796376,-0.59276634,-0.5973174,-0.60306054,-0.6073257,-0.6149303,-0.6194844,-0.62621534,-0.6259901,-0.6323474,-0.6351069,-0.6388111,-0.6380938,-0.64238983,-0.6485515,-0.6539226,-0.65785044,-0.66681606,-0.6715921,-0.6752567,-0.6810163,-0.68436825,-0.6896769,-0.69506013,-0.69734174,-0.701811,-0.7088995,-0.7146765,-0.717494,-0.7228587,-0.72623026,-0.7301581,-0.7333739,-0.7437279,-0.7439394,-0.74779165,-0.7566668,-0.761506,-0.76064575,-0.7648622,-0.76907617,-0.777168,-0.77934134,-0.7830757,-0.7824889,-0.7811424,-0.7871227,-0.7929441,-0.7957599,-0.80056345,-0.80785275,-0.8130015,-0.81211364,-0.81346923,-0.81272936,-0.81409836,-0.82143116,-0.82663786,-0.8295797,-0.83030283,-0.8371849,-0.8425561,-0.84751195,-0.8514382,-0.8568037,-0.8582594,-0.86222124,-0.8638075,-0.866759,-0.86903065,-0.87491834,-0.8764408,-0.880748,-0.88023645,-0.8808098,-0.88640136,-0.88482606,-0.88089067,-0.8801588,-0.8802513,-0.88396007,-0.8903135,-0.8927841,-0.89881766,-0.8957666,-0.9017621,-0.9062745,-0.90372485,-0.904331,-0.908075,-0.9129591,-0.91600007,-0.9173958,-0.92140806,-0.91728246,-0.91834337,-0.92539227,-0.9264339,-0.9302265,-0.9334434,-0.9370173
60,-0.9299191,-0.9274243,-0.9266782,-0.92681533,-0.9225038,-0.9185635,-0.92113674,-0.92442685,-0.9246882,-0.92937505,-0.9313017,-0.9339224,-0.93608,-0.936944,-0.9365758,-0.9386238,-0.94165623,-0.9423817,-0.9463728,-0.94906425,-0.95292825,-0.950789,-0.95542145,-0.95720893,-0.95919734,-0.9635463,-0.96778774,-0.9649081,-0.9638977,-0.96512413,-0.9649952,-0.96239966,-0.96324795,-0.9682552,-0.9704626,-0.97164124,-0.97775304,-0.98487914,-0.98550254,-0.98501617,-0.9848815,-0.9866708,-0.9888114,-0.9873888,-0.98966944,-0.99064064,-0.9904293,-0.99212134,-0.98928833,-0.9874705,-0.98506653,-0.98873484,-0.98764724,-0.98738956,-0.9878189,-0.9878171,-0.99026966,-0.9868789,-0.9886119,-0.9900845,-0.9910536,-0.9869946,-0.9850017,-0.98008347,-0.97924054,-0.9848331,-0.98531854,-0.98254555,-0.97940046,-0.98083085,-0.98129827,-0.9783988,-0.9789442,-0.9745825,-0.9729643,-0.9746996,-0.97301656,-0.9735316,-0.9731344,-0.97365856,-0.97270757,-0.97334445,-0.9698456,-0.9693778,-0.96692115,-0.9623624,-0.9632555,-0.9657484,-0.96827525,-0.96796495,-0.9674633,-0.96771365,-0.9646428,-0.96498096,-0.96761626,-0.9660476,-0.96379936,-0.96014816,-0.9555645,-0.95335436,-0.95229596,-0.947752,-0.94393337,-0.9477024,-0.94635344,-0.94440156,-0.93978417,-0.9360852,-0.9353383,-0.9342874,-0.9342083,-0.92894536,-0.92622536,-0.9251793,-0.92358506,-0.92406857,-0.9254503,-0.9241942,-0.9201261,-0.91960657
61,-0.8247539,-0.8418948,-0.85834754,-0.8695407,-0.88583726,-0.90030414,-0.92039025,-0.9408337,-0.96354485,-0.98669326,-1.0070555,-1.0300925,-1.0497525,-1.0703337,-1.0884535,-1.1099436,-1.132102,-1.1509657,-1.1677138,-1.1847287,-1.2018188,-1.2189364,-1.2400692,-1.2584797,-1.2817123,-1.3003676,-1.322675,-1.3393768,-1.3587734,-1.3739793,-1.3881366,-1.405848,-1.421619,-1.4409465,-1.4578148,-1.4717392,-1.4911408,-1.5101221,-1.5286067,-1.5428678,-1.5573936,-1.573826,-1.5926373,-1.6062214,-1.6230167,-1.6391519,-1.6537864,-1.6686932,-1.6814086,-1.6967703,-1.7078354,-1.7216866,-1.7346605,-1.7482399,-1.7644745,-1.7816923,-1.7989976,-1.8089275,-1.8217993,-1.8362974,-1.8536317,-1.8625389,-1.8740692,-1.8881861,-1.8960772,-1.9084253,-1.92258,-1.9326165,-1.9421418,-1.956014,-1.9660761,-1.9718621,-1.9804491,-1.9869045,-1.9932606,-2.006616,-2.017735,-2.0315154,-2.0367866,-2.044198,-2.055244,-2.070344,-2.0838006,-2.0996773,-2.102305,-2.102062,-2.1113915,-2.1212463,-2.1279101,-2.1401577,-2.1470382,-2.1614788,-2.1636097,-2.1748664,-2.1831148,-2.1879444,-2.1886964,-2.193357,-2.1993623,-2.2064166,-2.216017,-2.223828,-2.2290277,-2.2360263,-2.2429051,-2.251982,-2.258376,-2.2644072,-2.2707367,-2.2855759,-2.2946672,-2.3019679,-2.3104992,-2.3176658,-2.3299656,-2.3311381,-2.3365426,-2.3467498,-2.3523026,-2.3563237
62,-0.91210973,-0.92053044,-0.9308939,-0.93928796,-0.9453071,-0.9586636,-0.97216636,-0.9851328,-0.9969875,-1.0094738,-1.019048,-1.0319546,-1.0439384,-1.0506296,-1.0605875,-1.0699692,-1.0819972,-1.091965,-1.0993216,-1.1063368,-1.1125451,-1.121391,-1.1316488,-1.1426544,-1.1541165,-1.1686113,-1.1801034,-1.1891778,-1.1966274,-1.2047719,-1.2131916,-1.2211795,-1.2298958,-1.2412243,-1.2503493,-1.2549851,-1.2620986,-1.2714818,-1.2796265,-1.2867998,-1.292592,-1.3000765,-1.307826,-1.3141234,-1.3187432,-1.3252232,-1.3290875,-1.3341107,-1.3401558,-1.3474003,-1.3513038,-1.3599994,-1.3672615,-1.3706309,-1.3789189,-1.3887775,-1.3951246,-1.3974813,-1.4054259,-1.4153744,-1.4236104,-1.4284022,-1.4295942,-1.4323258,-1.4363039,-1.441261,-1.4456384,-1.4492785,-1.4530084,-1.4601868,-1.4679043,-1.4699596,-1.4700739,-1.4732994,-1.476636,-1.4851415,-1.4899203,-1.49718,-1.4997317,-1.502429,-1.5105635,-1.5179353,-1.524054,-1.5299389,-1.532604,-1.5309547,-1.5360304,-1.5420159,-1.5411317,-1.54588,-1.5494149,-1.5505738,-1.5486983,-1.5531762,-1.558439,-1.5574881,-1.5624545,-1.5633132,-1.5659778,-1.5680598,-1.5731761,-1.5747472,-1.5733178,-1.5773017,-1.5822054,-1.5853014,-1.5890896,-1.5923972,-1.5958977,-1.5994842,-1.6005758,-1.6061411,-1.6082217,-1.6057745,-1.6108052,-1.6132705,-1.615942,-1.6181875,-1.6190517,-1.6169609
63,0.71784496,0.7054316,0.6923373,0.67535627,0.6609963,0.6437539,0.62557083,0.61059844,0.59565914,0.58025867,0.5644003,0.55190176,0.53742075,0.52411616,0.51100755,0.4985754,0.4858327,0.46910793,0.4577685,0.44392958,0.4295543,0.41913015,0.40471235,0.38914412,0.3748613,0.36549765,0.3544088,0.34410876,0.33331212,0.3233662,0.3134343,0.30385786,0.2928741,0.28335598,0.27442425,0.26582378,0.2546702,0.24502394,0.23351547,0.21844487,0.21300435,0.20218702,0.19462238,0.18625322,0.17758355,0.16814466,0.15561241,0.14184289,0.13105011,0.12139122,0.1166263,0.10515741,0.09751077,0.08707034,0.081271976,0.07209714,0.06481524,0.06542954,0.057490617,0.051338375,0.04309518,0.034983866,0.028116852,0.019918567,0.011468984,0.0031228408,-0.0027530058,-0.011966853,-0.021642359,-0.02577132,-0.030994559,-0.035574883,-0.042036016,-0.046135515,-0.0510975,-0.05668044,-0.06547508,-0.06985145,-0.07298114,-0.07763261,-0.08127482,-0.089660875,-0.092906766,-0.09908272,-0.100022614,-0.1072999,-0.10989793,-0.117078975,-0.1172621,-0.12072257,-0.126078,-0.12788036,-0.13094418,-0.13146922,-0.1378618,-0.14174637,-0.14840102,-0.14908747,-0.15301561,-0.1589981,-0.16298886,-0.16980061,-0.17319936,-0.17622563,-0.17799142,-0.18165581,-0.18630745,-0.19499841,-0.19958599,-0.2030652,-0.20559117,-0.21021864,-0.21511519,-0.21698877,-0.22242594,-0.2273525,-0.23217297,-0.23555548,-0.2365992,-0.23728874
64,0.47458035,0.46153522,0.44662714,0.43091756,0.41521597,0.400142,0.38435596,0.37044102,0.35586786,0.33741397,0.3200174,0.3051699,0.28942826,0.2748081,0.25748646,0.24179168,0.2267169,0.21031015,0.19219376,0.17523442,0.16478503,0.14695199,0.13357912,0.11928358,0.109916106,0.09580367,0.08231436,0.06879932,0.052918427,0.041526813,0.025876572,0.008560298,-0.0023625572,-0.01484705,-0.026389092,-0.036909293,-0.051066212,-0.06329779,-0.07377823,-0.08710055,-0.100203946,-0.11174109,-0.12222858,-0.13145486,-0.14074066,-0.14487967,-0.15167823,-0.16274719,-0.16982186,-0.1787453,-0.18956253,-0.20064108,-0.210789,-0.21890338,-0.22879755,-0.2426825,-0.25277996,-0.2615637,-0.2693562,-0.27790996,-0.2891652,-0.29627806,-0.30446893,-0.31105456,-0.31750655,-0.3238016,-0.33022052,-0.3353587,-0.3426043,-0.3483924,-0.35609,-0.36299425,-0.36710107,-0.36979824,-0.37764445,-0.38674325,-0.3917591,-0.40151912,-0.40614933,-0.41354665,-0.41981298,-0.42678553,-0.43276858,-0.4428509,-0.4479018,-0.4532953,-0.4576828,-0.467655,-0.47580042,-0.48391834,-0.4917396,-0.5013935,-0.50671494,-0.5128751,-0.5165302,-0.51907086,-0.52553374,-0.53281784,-0.5369989,-0.54408103,-0.5505197,-0.55603087,-0.56114995,-0.5632802,-0.5686483,-0.5705156,-0.57693636,-0.58122814,-0.5873323,-0.59210545,-0.5996009,-0.60516566,-0.60967904,-0.6134217,-0.61614376,-0.61989367,-0.62624145,-0.63100445,-0.6365208,-0.6413476
65,-0.54315287,-0.55507493,-0.570349,-0.5858873,-0.59937036,-0.61806786,-0.63211334,-0.6477488,-0.6643194,-0.6814372,-0.69661254,-0.71334255,-0.72646654,-0.7390594,-0.7506176,-0.7640541,-0.7800504,-0.79573786,-0.80955046,-0.82443714,-0.83628255,-0.84737605,-0.85912144,-0.8740395,-0.884528,-0.8957058,-0.90618026,-0.9124543,-0.9237091,-0.93152267,-0.93998176,-0.9493415,-0.9581168,-0.97175586,-0.9813387,-0.9919528,-1.0035717,-1.0164772,-1.0258095,-1.0331776,-1.0420805,-1.0530084,-1.062362,-1.067552,-1.0754135,-1.0824664,-1.0886362,-1.0963781,-1.10622,-1.113653,-1.1186872,-1.1286825,-1.1398542,-1.1451933,-1.1529353,-1.1595019,-1.1655095,-1.1650155,-1.1724517,-1.1808792,-1.1878816,-1.1919076,-1.1972656,-1.2033017,-1.2063427,-1.2141378,-1.2184923,-1.2235702,-1.2250049,-1.2331952,-1.2399523,-1.2423128,-1.2494806,-1.2524042,-1.2584625,-1.264927,-1.2676703,-1.2727841,-1.2758118,-1.2777976,-1.2872713,-1.2935416,-1.3010981,-1.3086858,-1.3104676,-1.3178828,-1.3241683,-1.3326545,-1.3396189,-1.3461788,-1.3548609,-1.3588372,-1.357757,-1.3637263,-1.3724625,-1.3746432,-1.3764081,-1.3764908,-1.3784573,-1.3793123,-1.3844846,-1.3890741,-1.389302,-1.3925998,-1.4000548,-1.4009464,-1.4055375,-1.410861,-1.4145172,-1.4233501,-1.427382,-1.4261671,-1.4280595,-1.4330418,-1.4330924,-1.4389163,-1.4407415,-1.4451271,-1.4487646,-1.4486593
66,-0.33286572,-0.35069722,-0.36859637,-0.39041695,-0.40675345,-0.42584896,-0.4472731,-0.4663392,-0.48711672,-0.5113446,-0.5319794,-0.55003583,-0.56975335,-0.5886761,-0.6060482,-0.6221061,-0.640762,-0.6594082,-0.674514,-0.6968482,-0.71086925,-0.7227837,-0.7410226,-0.75708234,-0.7717036,-0.7879368,-0.8053711,-0.8174502,-0.8307866,-0.84330094,-0.8560522,-0.87045205,-0.8838088,-0.8965,-0.90874976,-0.9214268,-0.9355732,-0.95132077,-0.9630669,-0.9749897,-0.9875286,-0.9945692,-1.0049801,-1.0100921,-1.0196717,-1.0261472,-1.0374314,-1.0460007,-1.0561018,-1.0611403,-1.0690185,-1.0784744,-1.0859482,-1.0942609,-1.1005535,-1.1080916,-1.1162905,-1.1162784,-1.1243724,-1.1313282,-1.1373819,-1.1424457,-1.148258,-1.1518122,-1.154278,-1.1594408,-1.1651503,-1.1700901,-1.1749309,-1.1840541,-1.194365,-1.2014844,-1.2100766,-1.2087668,-1.2167437,-1.2239385,-1.231183,-1.2385429,-1.245643,-1.2536374,-1.2590584,-1.2617924,-1.2648902,-1.2745721,-1.2732701,-1.2787293,-1.2837063,-1.2879215,-1.2953807,-1.2994256,-1.3008085,-1.304075,-1.3080769,-1.3144125,-1.3151691,-1.3150442,-1.3170657,-1.3183591,-1.3209386,-1.3275412,-1.3314228,-1.3328468,-1.3351368,-1.3375204,-1.3414063,-1.3444496,-1.3473265,-1.3515399,-1.3544065,-1.3603938,-1.3600914,-1.3613491,-1.3633666,-1.3665524,-1.3649343,-1.3626921,-1.364353,-1.3665978,-1.3696306,-1.3690135
67,-0.5586209,-0.5642783,-0.56917226,-0.5765876,-0.5795237,-0.5884246,-0.5988771,-0.6072601,-0.61702454,-0.6306851,-0.6420768,-0.655793,-0.66628045,-0.67347455,-0.6823256,-0.6909261,-0.70226324,-0.712059,-0.72302914,-0.73414695,-0.74072254,-0.752754,-0.7629347,-0.77370393,-0.7824839,-0.7944933,-0.8062412,-0.8117946,-0.8171605,-0.8277624,-0.8350994,-0.8432139,-0.8503354,-0.86381847,-0.8707818,-0.8773753,-0.8887661,-0.90077686,-0.908776,-0.91775286,-0.9222763,-0.9290851,-0.9361552,-0.9434451,-0.9530651,-0.9616386,-0.96662664,-0.9729209,-0.9813694,-0.9879645,-0.99437493,-1.0047977,-1.0100607,-1.0167643,-1.0204934,-1.0300856,-1.0404773,-1.0452962,-1.0523981,-1.0637333,-1.0725346,-1.0804543,-1.0852602,-1.0946025,-1.1041863,-1.1115258,-1.1201977,-1.1269974,-1.13491,-1.1453447,-1.1574683,-1.1621381,-1.1653368,-1.168647,-1.1757516,-1.1825052,-1.1925013,-1.2036965,-1.2070345,-1.2150545,-1.2241291,-1.2318685,-1.2379687,-1.2464432,-1.2499101,-1.2534363,-1.2571135,-1.2651255,-1.2725028,-1.2802961,-1.2882003,-1.2963839,-1.2968396,-1.3067939,-1.3165858,-1.3206358,-1.3231676,-1.3329055,-1.3401153,-1.347044,-1.3535702,-1.3575557,-1.3645841,-1.3673688,-1.3734093,-1.378894,-1.386377,-1.392548,-1.4005339,-1.4118779,-1.4210167,-1.4263679,-1.4362752,-1.4381168,-1.4476937,-1.4520515,-1.4584059,-1.4665998,-1.4680077,-1.4688615
68,-0.56087863,-0.56768125,-0.5738689,-0.5734998,-0.5771882,-0.58254516,-0.58875597,-0.59633124,-0.6029235,-0.608512,-0.6162176,-0.6230551,-0.6280439,-0.6290826,-0.63311267,-0.6399216,-0.64608115,-0.65438396,-0.660475,-0.66715896,-0.67475367,-0.67675555,-0.6867494,-0.69286406,-0.69686675,-0.70398104,-0.7114172,-0.7183434,-0.72315884,-0.7258804,-0.7307587,-0.7338046,-0.7393734,-0.7448086,-0.7486554,-0.75028193,-0.7566267,-0.76437086,-0.76727843,-0.7751404,-0.777506,-0.7795016,-0.78397405,-0.78636754,-0.7926854,-0.7980704,-0.8022898,-0.8094899,-0.8122589,-0.81344825,-0.8177208,-0.8233641,-0.8258424,-0.82935286,-0.8321301,-0.83683205,-0.84175336,-0.84326917,-0.84922,-0.85618746,-0.8638691,-0.8703396,-0.8752282,-0.8779591,-0.8808241,-0.8859943,-0.8920991,-0.8927845,-0.89472735,-0.8990038,-0.90375024,-0.905039,-0.90827495,-0.9089845,-0.9099253,-0.91332644,-0.9207608,-0.9268157,-0.9280311,-0.9341895,-0.93947744,-0.9473031,-0.950765,-0.9554242,-0.9550606,-0.95937395,-0.96204025,-0.96577394,-0.9638092,-0.9673928,-0.9692877,-0.9754163,-0.9801836,-0.98482895,-0.9839166,-0.9803604,-0.9800533,-0.9840128,-0.98579085,-0.99113303,-0.99523723,-0.99216807,-0.9935071,-0.9964325,-1.0011616,-1.0013721,-1.0030779,-1.006484,-1.0097499,-1.0153344,-1.0171899,-1.0180286,-1.0219481,-1.0257645,-1.0318077,-1.0314845,-1.0352669,-1.0381064,-1.0413402,-1.0468347
69,-0.625801,-0.63104427,-0.6344891,-0.6422229,-0.6505931,-0.6559383,-0.66300493,-0.6696725,-0.6751919,-0.68567705,-0.69183844,-0.6987878,-0.7059392,-0.71173465,-0.7182917,-0.72351396,-0.730751,-0.73781806,-0.74322855,-0.74980795,-0.7569766,-0.7665197,-0.7740942,-0.7818007,-0.79088295,-0.7994668,-0.8044941,-0.8059187,-0.81101465,-0.8156503,-0.82049,-0.8246619,-0.8280958,-0.83669233,-0.84376085,-0.8446983,-0.85040796,-0.85890454,-0.86461085,-0.8681213,-0.87210387,-0.8762579,-0.8869939,-0.88916314,-0.891538,-0.8924815,-0.89634067,-0.8979657,-0.8990533,-0.9013301,-0.9058803,-0.9130511,-0.9183793,-0.92327356,-0.92603904,-0.93080455,-0.9352155,-0.9370097,-0.94069976,-0.94368744,-0.9470134,-0.9457013,-0.9495198,-0.95177764,-0.95231086,-0.95560586,-0.95947564,-0.9639784,-0.96677667,-0.97257566,-0.9807647,-0.9850523,-0.9871284,-0.9889523,-0.9882161,-0.9932413,-0.9953189,-0.9970498,-0.99856615,-1.0006342,-1.0058273,-1.0125337,-1.0162648,-1.0220386,-1.0250328,-1.0244367,-1.0247594,-1.0299249,-1.0300806,-1.0316403,-1.0326048,-1.0366175,-1.0344963,-1.0360782,-1.0395344,-1.0385679,-1.0364499,-1.0393832,-1.0439355,-1.0471919,-1.0517354,-1.0544052,-1.0543545,-1.0549161,-1.0555346,-1.0563042,-1.0561103,-1.0579946,-1.0585135,-1.0620083,-1.0637883,-1.0670875,-1.0688599,-1.0726036,-1.0765046,-1.0813468,-1.0846217,-1.0840544,-1.0861208,-1.0840634
70,-0.9431857,-0.9530586,-0.96080434,-0.9697889,-0.9715184,-0.9748268,-0.9826458,-0.9902962,-1.0005367,-1.011017,-1.018934,-1.0251004,-1.0297923,-1.0362825,-1.0388958,-1.0447015,-1.0517758,-1.0584671,-1.062436,-1.068114,-1.0704958,-1.0723804,-1.0796983,-1.086605,-1.0924534,-1.0987475,-1.1061356,-1.110158,-1.1119522,-1.1159586,-1.1199011,-1.1288695,-1.1309973,-1.1378672,-1.143315,-1.1451213,-1.1525936,-1.1572658,-1.1605464,-1.163482,-1.1673017,-1.171623,-1.176405,-1.1744764,-1.1736922,-1.1766429,-1.1790233,-1.1817206,-1.1870602,-1.187804,-1.1838771,-1.1868693,-1.1911093,-1.1936191,-1.1987897,-1.2044728,-1.2083677,-1.2065023,-1.2081971,-1.2121274,-1.212573,-1.2128526,-1.2145836,-1.2168216,-1.2125301,-1.2155346,-1.2174896,-1.2175665,-1.2192284,-1.2212495,-1.2238314,-1.2230555,-1.2207645,-1.2178077,-1.2117661,-1.2158331,-1.2152438,-1.2207127,-1.2214441,-1.2194768,-1.2268804,-1.2272325,-1.2284244,-1.2233083,-1.2236286,-1.2186093,-1.2156813,-1.2178223,-1.2159302,-1.2202958,-1.2202768,-1.2214448,-1.2180518,-1.2179711,-1.2193296,-1.2118351,-1.2020199,-1.1993496,-1.202446,-1.2036175,-1.202272,-1.1991847,-1.1985308,-1.1958414,-1.1965129,-1.1952472,-1.1935346,-1.1951519,-1.1983658,-1.1983196,-1.1973747,-1.1990745,-1.1963763,-1.1967314,-1.1982518,-1.196789,-1.1971037,-1.1961787,-1.1914766,-1.1848071
71,-0.28407723,-0.2863121,-0.28685158,-0.28987876,-0.292945,-0.2970061,-0.30122268,-0.3018034,-0.30309886,-0.30848083,-0.31110138,-0.31322083,-0.31870055,-0.3149352,-0.31284696,-0.31503236,-0.31532887,-0.31276506,-0.31357172,-0.31532058,-0.31347468,-0.3122847,-0.31355247,-0.31550142,-0.3154741,-0.3186131,-0.3189693,-0.3225301,-0.32309753,-0.32636136,-0.3267786,-0.32465705,-0.32613236,-0.32710147,-0.33023682,-0.33182278,-0.33025151,-0.33148026,-0.3317262,-0.3312463,-0.3328725,-0.33679873,-0.3352084,-0.334154,-0.33741266,-0.33941242,-0.33988005,-0.33464515,-0.33335897,-0.334303,-0.3325598,-0.33488956,-0.3366695,-0.33500415,-0.33224458,-0.33494583,-0.33531103,-0.33427045,-0.33783296,-0.33947134,-0.33978343,-0.34160322,-0.34686708,-0.34578097,-0.3465224,-0.3447693,-0.34429127,-0.3411619,-0.3411808,-0.3441592,-0.34557286,-0.34241405,-0.34342334,-0.343594,-0.3413364,-0.34372488,-0.34482226,-0.34692436,-0.34743455,-0.3484189,-0.3496614,-0.3538436,-0.35555297,-0.35258982,-0.35141963,-0.3496458,-0.35115555,-0.35153764,-0.35096878,-0.35015374,-0.35087848,-0.355477,-0.3563485,-0.35648286,-0.36108372,-0.3566702,-0.3589255,-0.36059067,-0.35876268,-0.35889438,-0.36387762,-0.3585859,-0.36048764,-0.36423713,-0.3657392,-0.36564106,-0.36491218,-0.3652333,-0.3689399,-0.36720988,-0.36993694,-0.37046307,-0.37283897,-0.36894363,-0.36986506,-0.3665484,-0.368599,-0.36896646,-0.36431485,-0.36389056
72,-1.0709231,-1.0772084,-1.0830101,-1.0857999,-1.0873106,-1.0881281,-1.0948603,-1.0964576,-1.0983455,-1.1010472,-1.1040174,-1.1068774,-1.10514,-1.1037362,-1.097635,-1.0944046,-1.0945643,-1.0975349,-1.0949037,-1.0945642,-1.0946589,-1.0915816,-1.0916911,-1.094526,-1.096033,-1.098016,-1.0986497,-1.0941556,-1.0924352,-1.0881716,-1.0880649,-1.0870527,-1.083848,-1.0877175,-1.0900464,-1.0899359,-1.0911101,-1.0907538,-1.0903876,-1.0934138,-1.0921462,-1.0921866,-1.0912278,-1.0887883,-1.0861981,-1.0845916,-1.0806463,-1.0765197,-1.078274,-1.0808514,-1.0783416,-1.0797844,-1.0823348,-1.082972,-1.083215,-1.0814841,-1.0802224,-1.0709,-1.06973,-1.0716804,-1.0719581,-1.0646257,-1.063647,-1.0603241,-1.0586989,-1.0593731,-1.0569824,-1.0524353,-1.0476687,-1.0498216,-1.0512302,-1.0497282,-1.0464953,-1.0417107,-1.0438377,-1.0423403,-1.0454061,-1.044996,-1.0401093,-1.0373487,-1.0366846,-1.0388062,-1.0374496,-1.0344388,-1.0287421,-1.0221912,-1.0217102,-1.0194535,-1.0136545,-1.0122259,-1.0146676,-1.016691,-1.0166855,-1.0163069,-1.0144364,-1.0097342,-1.0084449,-1.00739,-1.0054543,-1.0060987,-1.0065291,-1.0035721,-1.0009143,-0.99951535,-1.0002906,-1.0018529,-1.0010355,-1.0032202,-0.99943686,-0.99945515,-1.0013434,-1.0046068,-1.0053632,-1.0060244,-1.0050753,-1.0010957,-1.0004367,-1.0022994,-0.9994367,-0.9959219
73,-0.060023885,-0.06718146,-0.076621994,-0.084294595,-0.09465102,-0.10051763,-0.107618585,-0.11240207,-0.11701522,-0.12693544,-0.13351242,-0.14109941,-0.14883544,-0.15480869,-0.16570584,-0.1741308,-0.17795458,-0.18006548,-0.18488279,-0.19350353,-0.19929941,-0.20714891,-0.21499646,-0.22051351,-0.2256012,-0.23482843,-0.24417838,-0.25189632,-0.26080534,-0.26761875,-0.2706173,-0.27681327,-0.28126734,-0.28930464,-0.29643542,-0.29890868,-0.30547297,-0.3118685,-0.3199411,-0.3291293,-0.33521914,-0.3455859,-0.3494727,-0.35806745,-0.3655816,-0.37095252,-0.37645704,-0.38359103,-0.39173442,-0.3975856,-0.40102854,-0.40542808,-0.41013914,-0.41601866,-0.41959485,-0.42836905,-0.43365842,-0.43907556,-0.4413599,-0.44469246,-0.45182475,-0.45485154,-0.4588868,-0.46531042,-0.4726274,-0.47725964,-0.48545426,-0.48742762,-0.49289006,-0.49872607,-0.5060308,-0.5079113,-0.5096381,-0.5127195,-0.517361,-0.5192329,-0.5227939,-0.52625877,-0.52931124,-0.53219795,-0.5365833,-0.54021823,-0.54396325,-0.5483476,-0.54820114,-0.5503676,-0.55298525,-0.55792624,-0.5616055,-0.56658345,-0.5688304,-0.570639,-0.57386035,-0.5818718,-0.5876377,-0.5856485,-0.59192216,-0.59518594,-0.59836525,-0.6007758,-0.6068297,-0.6053105,-0.60735047,-0.60710037,-0.61058605,-0.6116935,-0.6110196,-0.6171371,-0.62244874,-0.6227519,-0.6242896,-0.62655103,-0.6325323,-0.6354004,-0.6408144,-0.637489,-0.641123,-0.64469373,-0.64922667,-0.651497
74,0.7386171,0.7323852,0.7263333,0.7156663,0.7049139,0.700554,0.6968086,0.6925081,0.6886028,0.6835072,0.68048877,0.67491984,0.66998416,0.6657649,0.65842354,0.65515256,0.6537666,0.64779556,0.6482988,0.6463339,0.6465565,0.64465415,0.638312,0.63887745,0.6366423,0.6337819,0.6313653,0.6352563,0.6350371,0.6338685,0.6329482,0.6329484,0.6288731,0.6273136,0.6255833,0.62456834,0.6215391,0.6196815,0.6160888,0.60985255,0.6115681,0.607259,0.6090749,0.607959,0.60361564,0.6005421,0.59904903,0.5932132,0.59073174,0.58537996,0.5818566,0.57877177,0.57615864,0.57396656,0.5701712,0.565903,0.5633215,0.5635425,0.56508607,0.5653996,0.56701744,0.5604743,0.56042516,0.55959684,0.5592729,0.5613796,0.5601391,0.5568832,0.5537772,0.552698,0.5519539,0.5489055,0.54998755,0.5476919,0.5456297,0.53999317,0.53509855,0.53400964,0.53402233,0.52979815,0.5295047,0.5250649,0.52500933,0.5204278,0.5176139,0.5103748,0.5091404,0.50692946,0.50515115,0.50230056,0.5012946,0.49788266,0.49821752,0.49599093,0.495269,0.4932062,0.48734888,0.48824078,0.4856643,0.4863615,0.48463455,0.48483405,0.48313046,0.48354006,0.48007402,0.478826,0.47670427,0.47344333,0.4742895,0.47248977,0.4717452,0.47218722,0.46613854,0.46275443,0.45963988,0.45997557,0.45826992,0.45516062,0.45158973,0.4530943
75,-0.6421357,-0.64168185,-0.6416971,-0.6412025,-0.6366557,-0.63465726,-0.635367,-0.6361173,-0.6324128,-0.6352161,-0.63302946,-0.6336965,-0.6342741,-0.63313997,-0.6351187,-0.6336581,-0.63408244,-0.6330007,-0.6344103,-0.63547,-0.63240033,-0.63219005,-0.6329366,-0.6366347,-0.6389648,-0.6406889,-0.6422491,-0.6425883,-0.64177316,-0.6402761,-0.6382821,-0.64082897,-0.63947064,-0.6389949,-0.6380117,-0.6366485,-0.63724506,-0.6399851,-0.6389649,-0.63923967,-0.63932025,-0.63828534,-0.63485587,-0.63069785,-0.6278609,-0.6293112,-0.6279699,-0.6292941,-0.63008237,-0.63117194,-0.6334318,-0.63338387,-0.6346199,-0.6307249,-0.629172,-0.62703454,-0.62908405,-0.62250066,-0.62201196,-0.6192986,-0.6188188,-0.6138417,-0.61261517,-0.6108718,-0.6120252,-0.6108201,-0.6102557,-0.610569,-0.6082434,-0.6082183,-0.6074327,-0.6048962,-0.6022309,-0.60068285,-0.5947372,-0.5936183,-0.59800714,-0.59732705,-0.594962,-0.59273773,-0.594266,-0.59469116,-0.5910009,-0.5888352,-0.5843891,-0.5798934,-0.5732564,-0.5715281,-0.57160604,-0.57295984,-0.5717057,-0.5698287,-0.56780005,-0.5683514,-0.5655825,-0.5635307,-0.559764,-0.5567069,-0.5523143,-0.5498454,-0.5473219,-0.54426706,-0.5477249,-0.5453685,-0.5440783,-0.5388584,-0.5381079,-0.5383446,-0.5382441,-0.53625923,-0.53407156,-0.52991545,-0.52712274,-0.525838,-0.5244175,-0.5241998,-0.5243168,-0.5254283,-0.5227643,-0.5190008
76,-0.58305603,-0.5862676,-0.59197944,-0.5937302,-0.5990432,-0.60383356,-0.611292,-0.618981,-0.6253486,-0.6340645,-0.6388746,-0.64608306,-0.6505437,-0.656507,-0.66347873,-0.6674571,-0.67391723,-0.67873335,-0.686348,-0.69239676,-0.69824755,-0.70307684,-0.71129304,-0.7142738,-0.7172016,-0.72530496,-0.7333967,-0.7349661,-0.7372362,-0.7437097,-0.74680316,-0.7497097,-0.7551679,-0.75724524,-0.7615595,-0.7657081,-0.7694526,-0.77456284,-0.77753514,-0.78264594,-0.7845884,-0.78599465,-0.78575397,-0.78722864,-0.7883266,-0.79172456,-0.79434264,-0.7987588,-0.8007754,-0.80355275,-0.80547315,-0.80898964,-0.812672,-0.8139394,-0.81533325,-0.818833,-0.82350934,-0.8260437,-0.831079,-0.83147156,-0.83505726,-0.8339876,-0.83340675,-0.83083516,-0.83346367,-0.83395797,-0.83519936,-0.8346694,-0.82923096,-0.83099586,-0.83417875,-0.83324194,-0.83639157,-0.8360177,-0.83643246,-0.83822525,-0.840316,-0.8420431,-0.8396818,-0.8421715,-0.8445506,-0.8466841,-0.84546965,-0.848395,-0.845537,-0.8414892,-0.8433641,-0.8443244,-0.842313,-0.8386687,-0.8416759,-0.8409775,-0.83751076,-0.8411864,-0.8453628,-0.8409526,-0.8430854,-0.8402759,-0.83923006,-0.8400898,-0.8401147,-0.8359895,-0.8307605,-0.828601,-0.82880497,-0.825774,-0.8274504,-0.8279804,-0.8329836,-0.8291718,-0.8268018,-0.825606,-0.8257057,-0.8254422,-0.82656133,-0.8194672,-0.8216163,-0.8214469,-0.81992054,-0.8203596
77,1.7641003,1.7559353,1.7497952,1.7351701,1.7200235,1.7106221,1.7023878,1.6919254,1.68302,1.6716378,1.6628166,1.6512873,1.6425974,1.6295965,1.617642,1.6126382,1.6058252,1.5926619,1.5874672,1.5773468,1.5645173,1.5532598,1.546129,1.5379364,1.5270418,1.5187731,1.5128374,1.50245,1.4930824,1.4826505,1.4741777,1.4666414,1.4587696,1.4500735,1.442115,1.4320998,1.4252014,1.4175303,1.4045968,1.3954813,1.3939382,1.3875685,1.3763231,1.367082,1.3574466,1.3511713,1.3434274,1.3324596,1.3219361,1.3173314,1.3117609,1.3011147,1.2911209,1.2817222,1.2763811,1.2704303,1.2647386,1.2535075,1.2447596,1.2394162,1.2325656,1.2178242,1.2103869,1.2021072,1.1933196,1.1917914,1.1856791,1.1727488,1.1661303,1.1602441,1.149946,1.1436181,1.1359265,1.1251345,1.1192249,1.111382,1.1073983,1.0970447,1.092781,1.0828102,1.0787649,1.0726073,1.066714,1.0629683,1.0595186,1.0517015,1.0455745,1.0359786,1.0315307,1.0270084,1.0217973,1.0168818,1.0106628,1.0058625,0.99531305,0.99142295,0.9829337,0.9767076,0.9689555,0.96249807,0.95903283,0.9551197,0.9521068,0.9489277,0.94303113,0.9339258,0.9277469,0.9223615,0.9164589,0.91003054,0.902305,0.8954895,0.8854774,0.8833498,0.87636566,0.86819327,0.8643867,0.8605882,0.8538518,0.8528488
78,0.40839845,0.40573305,0.4017002,0.39521828,0.38478017,0.37832037,0.37103873,0.3620825,0.3540727,0.34499177,0.33686215,0.32795197,0.31962866,0.30793837,0.2982914,0.29150817,0.2828712,0.27188313,0.26455027,0.25508842,0.2518277,0.24090108,0.23392908,0.22728416,0.22179529,0.21423805,0.20635644,0.1951926,0.19078995,0.18444684,0.17741245,0.16642483,0.1602142,0.15161544,0.14264855,0.13370338,0.1264691,0.12055631,0.11448313,0.108776316,0.1027557,0.095487006,0.08817722,0.08422441,0.07758617,0.07174199,0.06880166,0.06029498,0.053867232,0.050543897,0.047692668,0.040026333,0.030701194,0.020596555,0.014721362,0.0062281555,-0.0018076033,-0.008308922,-0.016952027,-0.023190118,-0.030366903,-0.03559792,-0.043852825,-0.047645945,-0.05327455,-0.05805991,-0.06041506,-0.065809384,-0.06901364,-0.072825,-0.07781379,-0.08724676,-0.093401745,-0.10099228,-0.10786094,-0.114195086,-0.12173124,-0.13304994,-0.13731506,-0.14154258,-0.14533342,-0.1492047,-0.15262872,-0.15669209,-0.15817043,-0.15999661,-0.16404487,-0.17016137,-0.17544624,-0.18190597,-0.18914023,-0.19204791,-0.19756189,-0.20227063,-0.20601794,-0.20915535,-0.20508833,-0.20916085,-0.21426518,-0.21901762,-0.21913584,-0.2199281,-0.22393894,-0.22746785,-0.22999468,-0.23561354,-0.23749094,-0.24066992,-0.24568696,-0.24991937,-0.25799042,-0.2636778,-0.26791954,-0.2734459,-0.27688667,-0.28156453,-0.28723148,-0.2872328,-0.28985754,-0.29073018
79,-0.5441483,-0.54459256,-0.5468971,-0.5487461,-0.5475208,-0.5505869,-0.5532689,-0.55849326,-0.56269515,-0.56922024,-0.571562,-0.5779985,-0.582911,-0.5872936,-0.59354526,-0.59770113,-0.604361,-0.6104237,-0.6169981,-0.623109,-0.62625444,-0.6259142,-0.6312617,-0.63664216,-0.640767,-0.64549696,-0.65067816,-0.6533643,-0.6566933,-0.6597769,-0.6632859,-0.667073,-0.6708261,-0.6766593,-0.6779236,-0.6836409,-0.6901807,-0.6948784,-0.6970952,-0.70254076,-0.7002697,-0.7033097,-0.7081949,-0.71085674,-0.71346563,-0.71589917,-0.7175514,-0.71956635,-0.7228616,-0.7248586,-0.7254939,-0.7290583,-0.7307352,-0.7340685,-0.7400888,-0.74232775,-0.7463436,-0.74424255,-0.74630976,-0.7487242,-0.75211084,-0.7531277,-0.7595394,-0.7591754,-0.7648835,-0.7687318,-0.7699167,-0.7728513,-0.7758298,-0.77815384,-0.77955437,-0.7796303,-0.7805698,-0.78230447,-0.78569704,-0.78748333,-0.7861012,-0.7912406,-0.7922741,-0.79180634,-0.79250395,-0.79508847,-0.79495925,-0.7956575,-0.794182,-0.7900395,-0.7908364,-0.7914423,-0.79250395,-0.79381883,-0.7950619,-0.79861134,-0.79902977,-0.80100995,-0.79818827,-0.7981082,-0.7908095,-0.7915752,-0.7911426,-0.79284257,-0.7922541,-0.7935691,-0.7914711,-0.7904744,-0.792076,-0.7927419,-0.79175985,-0.7901172,-0.79203117,-0.7952317,-0.7963747,-0.79428166,-0.7951699,-0.7968841,-0.7998408,-0.799807,-0.79954517,-0.79994386,-0.7997273,-0.8024453
80,-0.68990475,-0.69135356,-0.6979259,-0.70081097,-0.70675105,-0.7139758,-0.7237538,-0.73430383,-0.7443665,-0.75661373,-0.76763093,-0.7793594,-0.78854686,-0.7974771,-0.8051645,-0.81027746,-0.8179349,-0.8253792,-0.8321492,-0.8380147,-0.84679186,-0.85197127,-0.8631824,-0.86998206,-0.87597144,-0.8851806,-0.89117277,-0.8981482,-0.9027702,-0.9062455,-0.9125947,-0.91706324,-0.9224432,-0.9269608,-0.9307526,-0.93455964,-0.9388946,-0.9462941,-0.95050013,-0.95563585,-0.9564544,-0.9601986,-0.96164054,-0.9618136,-0.9638901,-0.96619195,-0.96757984,-0.96716136,-0.9695746,-0.9744669,-0.9739267,-0.97968274,-0.98004276,-0.9809467,-0.9859554,-0.9884971,-0.987673,-0.9842801,-0.9862238,-0.9854719,-0.9872039,-0.9853114,-0.9844147,-0.9827881,-0.98197496,-0.97844803,-0.97745323,-0.9802157,-0.98285544,-0.9845908,-0.98196995,-0.9801609,-0.97571146,-0.97644854,-0.9717431,-0.97184384,-0.9714422,-0.9693326,-0.9662072,-0.9674021,-0.96562135,-0.9614247,-0.9611864,-0.95588857,-0.954363,-0.95291597,-0.95358104,-0.9523655,-0.9554907,-0.954138,-0.9493499,-0.9456142,-0.9427961,-0.93918455,-0.9386846,-0.92705405,-0.92323905,-0.9206402,-0.91787493,-0.91182005,-0.90926963,-0.90075195,-0.89764863,-0.8912462,-0.8845542,-0.87707627,-0.8738791,-0.8685382,-0.8651806,-0.86044997,-0.85326403,-0.8491484,-0.84754324,-0.84527934,-0.841607,-0.83387166,-0.82490396,-0.82263327,-0.8161093,-0.80597067
81,-0.35313416,-0.36070538,-0.3710584,-0.3827222,-0.3917714,-0.4031585,-0.41535538,-0.4270137,-0.43874472,-0.45246363,-0.46352392,-0.4729306,-0.48269162,-0.49274555,-0.5054182,-0.5173517,-0.52926695,-0.5421456,-0.55085766,-0.56374013,-0.5765117,-0.5837506,-0.59348524,-0.60279363,-0.6130949,-0.6212193,-0.62891173,-0.63585895,-0.6390741,-0.64630866,-0.6520793,-0.66041327,-0.66849077,-0.67597234,-0.681332,-0.68695444,-0.69548357,-0.7037203,-0.70911133,-0.7159384,-0.71759236,-0.7236179,-0.72912234,-0.73021555,-0.73488456,-0.7379813,-0.7431009,-0.7489033,-0.75161767,-0.75615615,-0.75569546,-0.7635945,-0.7697722,-0.7770685,-0.7865821,-0.7900189,-0.79583913,-0.7944807,-0.79816425,-0.7974006,-0.80489075,-0.8061298,-0.8056989,-0.8088883,-0.8073963,-0.8093009,-0.8119704,-0.81377536,-0.8132275,-0.81431675,-0.81491864,-0.8146421,-0.8133358,-0.81209487,-0.8119812,-0.8126631,-0.8196942,-0.82483894,-0.82498515,-0.83134586,-0.83323735,-0.83267325,-0.8326851,-0.83561707,-0.833687,-0.8347225,-0.8355526,-0.8364258,-0.8358439,-0.8384873,-0.8384384,-0.83990085,-0.8367402,-0.83695334,-0.8400289,-0.8327839,-0.8299945,-0.82838696,-0.82996976,-0.8265546,-0.82580566,-0.8252428,-0.8209403,-0.816117,-0.81438875,-0.81049,-0.80862236,-0.8076617,-0.8070877,-0.80955064,-0.80434084,-0.8012638,-0.80386704,-0.80701715,-0.8085822,-0.80535364,-0.80198824,-0.7979945,-0.7974411,-0.7921273
82,-0.83920205,-0.84783447,-0.8552842,-0.86092484,-0.86084735,-0.86886966,-0.8769495,-0.8849902,-0.8930896,-0.90348005,-0.9153346,-0.9275236,-0.9363178,-0.94454545,-0.94989216,-0.958712,-0.9683191,-0.97353745,-0.9833603,-0.99171925,-0.9963918,-1.0015281,-1.011045,-1.0209346,-1.0282819,-1.0382096,-1.0477964,-1.0544784,-1.0549295,-1.0606372,-1.0660777,-1.0739714,-1.0785398,-1.0847714,-1.0904969,-1.0969375,-1.104288,-1.1112905,-1.1176312,-1.122173,-1.123571,-1.1256188,-1.1278031,-1.1295341,-1.1331168,-1.1404477,-1.1459836,-1.1479638,-1.1511067,-1.1547054,-1.1573966,-1.1662713,-1.1667521,-1.1697519,-1.1773125,-1.1843544,-1.1897618,-1.1903478,-1.1925561,-1.1961051,-1.2025607,-1.2055,-1.2081096,-1.2126498,-1.2134755,-1.2183434,-1.2217008,-1.2222087,-1.2256187,-1.2312772,-1.2352241,-1.2363524,-1.2346542,-1.2324975,-1.2337096,-1.2394682,-1.2458985,-1.250923,-1.250638,-1.2535553,-1.258067,-1.2605646,-1.2644087,-1.2663219,-1.2648284,-1.264965,-1.2658072,-1.269928,-1.2695888,-1.270562,-1.2737902,-1.278652,-1.2759326,-1.279538,-1.2851028,-1.2822578,-1.2741444,-1.2751482,-1.2782788,-1.2797246,-1.2824345,-1.2844558,-1.2805135,-1.2813063,-1.2843618,-1.2843883,-1.2802626,-1.279926,-1.2857596,-1.2880577,-1.2858195,-1.2910247,-1.2913969,-1.2958689,-1.3030126,-1.3022535,-1.3027191,-1.3058815,-1.3039434,-1.3010359
83,-0.3620444,-0.3679345,-0.37600538,-0.38427395,-0.39058518,-0.39811724,-0.4099198,-0.42023095,-0.43235582,-0.44268188,-0.45415252,-0.46498194,-0.47477064,-0.4871784,-0.49621677,-0.5093074,-0.51744384,-0.5284098,-0.5369028,-0.54766876,-0.55542856,-0.5676073,-0.57899463,-0.58782184,-0.59740037,-0.60832036,-0.6185842,-0.62564546,-0.63302314,-0.63966715,-0.6497075,-0.65957123,-0.6695012,-0.68237925,-0.6928297,-0.7010315,-0.71187603,-0.7228658,-0.73330605,-0.74122095,-0.7484714,-0.76015496,-0.7664015,-0.7722178,-0.77897376,-0.7870282,-0.7916447,-0.7993966,-0.80558884,-0.8177972,-0.8253108,-0.83394593,-0.84030616,-0.84804785,-0.85341704,-0.8646981,-0.8761821,-0.87818277,-0.885608,-0.89552116,-0.9041883,-0.9107317,-0.9177842,-0.92163193,-0.92211163,-0.92757034,-0.9337509,-0.94094354,-0.9451809,-0.95345354,-0.9621398,-0.9683235,-0.9714859,-0.9789087,-0.9820291,-0.9932777,-1.0000397,-1.0048196,-1.0084296,-1.0128664,-1.0188283,-1.0250585,-1.0325923,-1.040577,-1.0433886,-1.0432367,-1.0488746,-1.0563272,-1.0598733,-1.0671282,-1.0714935,-1.0773379,-1.0786803,-1.0897186,-1.0935133,-1.0935662,-1.0937253,-1.1001112,-1.107376,-1.1148179,-1.1193259,-1.1220067,-1.1268884,-1.1259193,-1.1314137,-1.1340102,-1.1362015,-1.140709,-1.1441257,-1.1516387,-1.1557204,-1.160522,-1.1660268,-1.1699269,-1.1756842,-1.1817229,-1.1878531,-1.1896205,-1.1955726,-1.1954076
84,-1.1400155,-1.1496619,-1.159415,-1.174814,-1.1831324,-1.1928786,-1.2091707,-1.2241969,-1.2378223,-1.2523208,-1.265196,-1.2793782,-1.294277,-1.3092797,-1.3164511,-1.3268058,-1.34077,-1.3522787,-1.3630451,-1.3789043,-1.3853557,-1.394695,-1.4063473,-1.4182453,-1.4303071,-1.4417441,-1.4543595,-1.4638699,-1.4726169,-1.4823692,-1.4918747,-1.4989607,-1.5077965,-1.5201042,-1.5286779,-1.5379127,-1.5516734,-1.5627571,-1.5742033,-1.585222,-1.5916036,-1.6022997,-1.6110542,-1.6173232,-1.6255713,-1.6318882,-1.6405277,-1.6509876,-1.6574469,-1.6641283,-1.669905,-1.6807959,-1.6890236,-1.6978607,-1.7068056,-1.7170298,-1.7244952,-1.7299734,-1.7400751,-1.7461355,-1.7582848,-1.7680267,-1.7743294,-1.7766545,-1.778456,-1.7886178,-1.7952513,-1.8028648,-1.8046665,-1.8128579,-1.8191061,-1.8218248,-1.8254455,-1.8300205,-1.8352387,-1.8463049,-1.8526886,-1.8579811,-1.8643618,-1.8693138,-1.8773998,-1.8855102,-1.8917577,-1.8966061,-1.898886,-1.8975013,-1.9027799,-1.9101006,-1.9125935,-1.9161457,-1.9223607,-1.930116,-1.9302639,-1.939234,-1.9460958,-1.9463627,-1.9431775,-1.9490716,-1.9559438,-1.9607614,-1.964545,-1.9670103,-1.9710138,-1.9715694,-1.9737809,-1.9775629,-1.9799664,-1.9844606,-1.9908816,-1.9964561,-2.0003822,-2.0074923,-2.0130365,-2.016344,-2.021646,-2.0247173,-2.0276456,-2.0337737,-2.0346131,-2.0396047
85,1.399939,1.393273,1.3849976,1.3717409,1.3582999,1.3458642,1.3375213,1.3258774,1.3117807,1.3026987,1.2919042,1.2830217,1.2731235,1.2603801,1.2448596,1.2345635,1.225951,1.2114446,1.2002058,1.1893098,1.1789426,1.1685508,1.161144,1.1517788,1.1423578,1.1344769,1.1275442,1.1142638,1.1043488,1.1000283,1.089828,1.0790942,1.0676291,1.0546566,1.043613,1.0347307,1.0250323,1.015316,1.0010904,0.9918127,0.98633194,0.97544223,0.9669856,0.9607423,0.94937134,0.9395528,0.9329709,0.92234194,0.91256,0.9036749,0.89591885,0.8902013,0.87605953,0.862862,0.8552,0.84648275,0.836185,0.8243176,0.81469995,0.80796635,0.8012045,0.7948057,0.78627706,0.77644885,0.7700771,0.7640747,0.7565478,0.74845576,0.7404037,0.733984,0.72627527,0.7222448,0.71487564,0.7047154,0.6983198,0.68851894,0.6763817,0.6703954,0.6632512,0.6569643,0.6513312,0.64373267,0.64030856,0.634591,0.6304258,0.62112904,0.6169673,0.60902023,0.6003617,0.5932598,0.58839095,0.5824693,0.57909226,0.5725153,0.5638037,0.5547183,0.5500975,0.5430113,0.5385115,0.53477365,0.52719796,0.521704,0.5135087,0.5072197,0.5004717,0.4934024,0.4864877,0.48187226,0.474276,0.46714744,0.45486003,0.44861308,0.44387287,0.4372763,0.43006188,0.42538562,0.41768822,0.41407242,0.4072303,0.40357733
86,0.90347064,0.8983532,0.89351386,0.8855875,0.87976724,0.8731251,0.8667739,0.86238986,0.8563174,0.8499142,0.8465271,0.8380321,0.8324593,0.83007336,0.82705516,0.82692516,0.8246805,0.8195012,0.81746733,0.8127185,0.8113521,0.80196273,0.8022455,0.7983352,0.7922319,0.7880682,0.7863582,0.77803457,0.7770788,0.7728399,0.77035904,0.76442504,0.76437676,0.7601981,0.75670445,0.75584984,0.7537738,0.75383985,0.7562268,0.7533463,0.7530165,0.7517864,0.7500123,0.7525004,0.7519143,0.7501673,0.7464178,0.7467954,0.7425544,0.74216604,0.7393929,0.7391327,0.7355577,0.7349328,0.73594046,0.73471063,0.7340505,0.73104364,0.7283483,0.7323641,0.7313895,0.72871095,0.7267751,0.7304538,0.7322937,0.7335962,0.73509127,0.7353474,0.7389992,0.7431194,0.74137616,0.7385956,0.7388977,0.7381097,0.736575,0.735853,0.7360532,0.73665893,0.7371507,0.7331288,0.7367444,0.73590314,0.74061203,0.74228233,0.74908483,0.7494877,0.75504404,0.75401336,0.75363743,0.7557868,0.7563713,0.75636804,0.75963056,0.76222867,0.763638,0.76246756,0.75967443,0.7583381,0.7604388,0.76065457,0.7607702,0.7636877,0.7606612,0.76141566,0.766637,0.77149564,0.7753228,0.7765108,0.77837074,0.77724946,0.7761804,0.7792784,0.7806263,0.7810062,0.7831979,0.7788544,0.7803171,0.78553,0.7878507,0.78404033
87,-0.25574404,-0.2611995,-0.2681822,-0.2708854,-0.27159387,-0.27190837,-0.27422416,-0.276493,-0.27700496,-0.27853566,-0.27988786,-0.2796163,-0.27810746,-0.2766797,-0.27424282,-0.2734549,-0.27311316,-0.2723347,-0.27286512,-0.27506906,-0.27457657,-0.2759703,-0.27546376,-0.27481574,-0.2747337,-0.2743044,-0.27144966,-0.2717238,-0.2708865,-0.27404153,-0.27662197,-0.27583843,-0.27477244,-0.27847356,-0.28022125,-0.2826591,-0.28254226,-0.2810585,-0.28021768,-0.28090325,-0.27948326,-0.2794003,-0.28308865,-0.2804227,-0.28177127,-0.2798356,-0.27901664,-0.278807,-0.275086,-0.27305532,-0.27110392,-0.27003032,-0.27278885,-0.269673,-0.26889664,-0.2697297,-0.26745,-0.26280403,-0.26240522,-0.2595971,-0.25595114,-0.25172105,-0.2506197,-0.2501343,-0.24968827,-0.24788782,-0.24755159,-0.24793239,-0.24586144,-0.24621296,-0.2468652,-0.24790962,-0.24155211,-0.23911223,-0.23495515,-0.23768139,-0.23300776,-0.23171988,-0.22676337,-0.227319,-0.22487311,-0.22553584,-0.22378469,-0.22094563,-0.21662143,-0.20811644,-0.20472376,-0.20434406,-0.2009491,-0.20121269,-0.1976737,-0.19485843,-0.19163513,-0.19187899,-0.19262883,-0.1869423,-0.18391967,-0.1840856,-0.18137212,-0.18235381,-0.17893264,-0.17504457,-0.16846177,-0.16495539,-0.16307738,-0.16057089,-0.1574095,-0.15441133,-0.1557552,-0.15589893,-0.15305546,-0.15017897,-0.14677441,-0.14664356,-0.14521651,-0.1443296,-0.14247651,-0.1405457,-0.13816078,-0.13359448
88,-1.5448886,-1.5511795,-1.5569084,-1.5623413,-1.5644015,-1.5656585,-1.5720232,-1.5778589,-1.5828147,-1.589539,-1.5928402,-1.6019138,-1.6077242,-1.6132145,-1.608662,-1.6128733,-1.6163136,-1.6160297,-1.6184151,-1.6229498,-1.6264336,-1.6271349,-1.6337664,-1.6381645,-1.6383674,-1.6442264,-1.6520027,-1.6537653,-1.6541668,-1.6590065,-1.6613296,-1.6672987,-1.6700432,-1.6758258,-1.6846594,-1.6906719,-1.6953938,-1.6992238,-1.7044945,-1.7096102,-1.7101418,-1.7149432,-1.7167295,-1.7171562,-1.719836,-1.724447,-1.7245014,-1.7303396,-1.7307885,-1.7348526,-1.737603,-1.7412689,-1.7450616,-1.7419281,-1.7415005,-1.7439613,-1.7468443,-1.7428534,-1.7404324,-1.7427409,-1.7465067,-1.7439291,-1.744591,-1.7449503,-1.744063,-1.742156,-1.7461674,-1.7499759,-1.7503784,-1.7562249,-1.7576526,-1.756061,-1.7502263,-1.74884,-1.7458162,-1.7518793,-1.7507321,-1.7521528,-1.7504349,-1.7480376,-1.7485241,-1.7471514,-1.7486267,-1.7474918,-1.7493051,-1.7474325,-1.7468121,-1.7496878,-1.749328,-1.74844,-1.7485663,-1.7526108,-1.7499567,-1.7505238,-1.7489376,-1.7397883,-1.7280325,-1.7295853,-1.7262211,-1.7280099,-1.7281339,-1.7282928,-1.7264888,-1.7213976,-1.7210789,-1.7202171,-1.7177422,-1.7172997,-1.7178154,-1.7205884,-1.719889,-1.7216606,-1.7211161,-1.7219604,-1.7217827,-1.7115424,-1.7081125,-1.7055848,-1.703016,-1.6944978
89,-1.6502411,-1.6535892,-1.6560494,-1.658107,-1.6576563,-1.6568661,-1.6625564,-1.6682831,-1.6757834,-1.6835277,-1.6916199,-1.7006518,-1.710005,-1.7151676,-1.7171644,-1.7248102,-1.7334015,-1.7367375,-1.7467859,-1.7530301,-1.7583367,-1.7594591,-1.7685812,-1.7750609,-1.7807243,-1.7872846,-1.7956394,-1.7977436,-1.803525,-1.8105297,-1.8194635,-1.8275734,-1.8334814,-1.8368126,-1.8417957,-1.8477122,-1.8565108,-1.8632294,-1.8662941,-1.8712728,-1.8772533,-1.8831698,-1.8844984,-1.8854996,-1.8898585,-1.8967774,-1.900863,-1.904217,-1.9079561,-1.9110922,-1.9124944,-1.9167303,-1.9220089,-1.9261923,-1.9328306,-1.9413264,-1.9469982,-1.9371891,-1.941222,-1.9436649,-1.9505132,-1.9491507,-1.9535716,-1.9559586,-1.9534719,-1.9583372,-1.9646785,-1.9665172,-1.9664917,-1.9730152,-1.9738411,-1.973903,-1.9739265,-1.9718746,-1.9736888,-1.9756908,-1.9790299,-1.9825093,-1.9785649,-1.978379,-1.9831089,-1.9843559,-1.9867609,-1.9891727,-1.9875854,-1.9825577,-1.9816176,-1.9860758,-1.9881195,-1.9877586,-1.989448,-1.9968685,-1.9974706,-1.9987986,-2.0002446,-1.9931023,-1.9914224,-1.9904362,-1.9850317,-1.9848368,-1.987232,-1.9808693,-1.9819901,-1.9766247,-1.978577,-1.9740881,-1.9730132,-1.9754136,-1.9758129,-1.9809669,-1.9759754,-1.9755573,-1.979065,-1.9817858,-1.985152,-1.9807765,-1.9788458,-1.9802077,-1.9789636,-1.9741207
90,-1.0131928,-1.0124636,-1.0132741,-1.0157177,-1.0184658,-1.0252864,-1.0303125,-1.0380118,-1.0432354,-1.0486907,-1.0560124,-1.0629246,-1.0699689,-1.0747311,-1.0775939,-1.0864973,-1.0967122,-1.1077836,-1.1152972,-1.1216486,-1.1300447,-1.1329646,-1.1409452,-1.1448315,-1.1524321,-1.1606505,-1.1664281,-1.1703713,-1.1731637,-1.1769933,-1.1799825,-1.18542,-1.1984737,-1.2052083,-1.2103535,-1.2119415,-1.2192731,-1.2276862,-1.2305763,-1.2327343,-1.2327749,-1.2374885,-1.2403817,-1.2429036,-1.2444967,-1.2497799,-1.2544097,-1.257044,-1.2554181,-1.2588809,-1.2635281,-1.2699119,-1.2754645,-1.2784097,-1.2836301,-1.2893745,-1.291531,-1.2860816,-1.2896318,-1.2914331,-1.2994158,-1.3018788,-1.303637,-1.3058597,-1.3067238,-1.3068304,-1.3129935,-1.3169584,-1.3211343,-1.3266195,-1.3284172,-1.3343751,-1.3373301,-1.3381017,-1.3400505,-1.3442612,-1.3470156,-1.3511934,-1.3513508,-1.3519919,-1.3572274,-1.3609836,-1.364544,-1.3641025,-1.3669213,-1.3692003,-1.3723098,-1.3743331,-1.3791053,-1.3807684,-1.3843429,-1.390431,-1.3885391,-1.3934925,-1.3951546,-1.3946847,-1.3982204,-1.3963493,-1.3991748,-1.3983202,-1.403042,-1.4039636,-1.4064137,-1.4065754,-1.407665,-1.4053118,-1.407367,-1.4052973,-1.40965,-1.4146295,-1.4137274,-1.4174606,-1.4191188,-1.422619,-1.4242647,-1.4236137,-1.4229257,-1.4220829,-1.4223472,-1.4188397
91,1.1915625,1.1875932,1.182889,1.1750541,1.1626697,1.1533267,1.1414199,1.128643,1.115707,1.1048105,1.0915337,1.0744894,1.0605338,1.0459845,1.0336267,1.0193185,1.0087254,0.99199235,0.9786183,0.966458,0.95573485,0.93917847,0.92482966,0.915973,0.90235674,0.8907505,0.87753403,0.8669987,0.8529496,0.8392316,0.8291712,0.81928194,0.8061946,0.79388416,0.7804496,0.76942575,0.75598574,0.74434054,0.73076296,0.7186328,0.70666254,0.69412696,0.6806594,0.6725154,0.66338164,0.64954007,0.6395258,0.6253201,0.61529905,0.60877836,0.5978649,0.58698046,0.57527196,0.56562364,0.5534407,0.54055464,0.52866346,0.51703155,0.5025063,0.49755836,0.48536843,0.47551307,0.4708828,0.4573887,0.45055127,0.44256678,0.4344782,0.42213336,0.41492686,0.40711293,0.39917964,0.38823435,0.38202128,0.3753754,0.37115726,0.3648626,0.3563071,0.34994745,0.34376323,0.3349102,0.32711843,0.31864947,0.31183302,0.30446857,0.2992909,0.29850993,0.29088724,0.2836081,0.2752222,0.26652724,0.26268977,0.25534907,0.24743827,0.23940027,0.23685344,0.2332099,0.22740264,0.22176698,0.21850011,0.21467459,0.20317192,0.19887067,0.19792785,0.19307598,0.1885259,0.18381865,0.18128255,0.17575671,0.1690299,0.15811177,0.15195821,0.14716505,0.14250681,0.13737868,0.12816139,0.123619184,0.11982503,0.11476388,0.10835667,0.10003237
92,0.7517706,0.7489823,0.74351895,0.7340642,0.7223331,0.7106882,0.70175046,0.69119835,0.68307126,0.67267245,0.6625302,0.6499892,0.6407588,0.6298742,0.6155435,0.60897106,0.6016394,0.58642656,0.57440126,0.5653629,0.557319,0.5485848,0.54136866,0.5312718,0.5212926,0.5131258,0.5045031,0.49845895,0.49148625,0.48424762,0.47664666,0.4691564,0.46058312,0.45157552,0.44666395,0.4368102,0.42564553,0.41920882,0.4131712,0.40666094,0.40272063,0.3943111,0.38634053,0.37712467,0.37093353,0.36293784,0.35990328,0.35089895,0.34263927,0.33700883,0.3286143,0.32340366,0.3143686,0.3053025,0.2965695,0.28802,0.27810374,0.2667964,0.26015642,0.25860792,0.25145698,0.24480775,0.23874767,0.23229189,0.22717468,0.22272877,0.21704945,0.21187706,0.20622912,0.20053837,0.19538233,0.19342168,0.18950695,0.18228167,0.17867891,0.1735039,0.1648911,0.16438797,0.1603449,0.15375504,0.1505337,0.14597833,0.13990197,0.13515599,0.1307649,0.12321843,0.12144055,0.1167305,0.114123225,0.106849894,0.1062011,0.10310237,0.10197208,0.09508319,0.09215475,0.08888036,0.08526419,0.080380246,0.07796715,0.07339104,0.06984969,0.06879481,0.064012006,0.06309906,0.059010904,0.054668915,0.052244045,0.04635333,0.040286772,0.033613235,0.030727183,0.023043294,0.018595813,0.011692461,0.0077942326,0.0053206007,0.00089942536,-0.0034372876,-0.0074781952,-0.010890725
93,-0.15953375,-0.16665375,-0.1768361,-0.18407564,-0.19266424,-0.2008219,-0.21135823,-0.22524837,-0.23708837,-0.2491374,-0.2599008,-0.27222142,-0.2826846,-0.29280734,-0.30075854,-0.31089428,-0.3207986,-0.33422238,-0.34513396,-0.3531793,-0.36223376,-0.37047356,-0.37963486,-0.389502,-0.3993248,-0.40895572,-0.41916943,-0.4262774,-0.4304107,-0.43781185,-0.44413394,-0.4508646,-0.45948058,-0.46850166,-0.47609583,-0.48354536,-0.49134827,-0.50322807,-0.5111849,-0.5197523,-0.52560484,-0.532161,-0.538692,-0.54416233,-0.54929453,-0.5565537,-0.55945575,-0.56746143,-0.57262135,-0.57741463,-0.57982993,-0.58776176,-0.595714,-0.6025115,-0.60594016,-0.61271834,-0.6190708,-0.62656915,-0.63533384,-0.6392868,-0.648029,-0.64978206,-0.6529226,-0.65109056,-0.65818685,-0.6634305,-0.66787136,-0.67434186,-0.67982274,-0.6840068,-0.6875839,-0.68690187,-0.6890125,-0.69024086,-0.6923784,-0.6978599,-0.7029925,-0.7073926,-0.70970774,-0.713068,-0.71938056,-0.72340524,-0.72890496,-0.73183167,-0.73312783,-0.73998123,-0.7438831,-0.749874,-0.7527653,-0.7592345,-0.75993776,-0.76133347,-0.7585462,-0.7616175,-0.76902354,-0.76987565,-0.7659669,-0.7675305,-0.77374035,-0.7754283,-0.78061163,-0.7806136,-0.78083783,-0.7778693,-0.7804442,-0.7818313,-0.78181076,-0.78097516,-0.78623414,-0.7914078,-0.7935695,-0.7960397,-0.7973355,-0.79680467,-0.79974806,-0.8056203,-0.8066208,-0.809394,-0.81231415,-0.80962133
94,-0.88601005,-0.89445555,-0.90595734,-0.91338617,-0.921847,-0.9325473,-0.9426936,-0.9572352,-0.96670735,-0.9796751,-0.99278307,-1.0042083,-1.0180442,-1.0225625,-1.030655,-1.0419306,-1.0515345,-1.0615957,-1.0724641,-1.0824528,-1.0902941,-1.0960419,-1.1022112,-1.1108279,-1.1174634,-1.1291319,-1.139631,-1.1447513,-1.1484313,-1.1552162,-1.1577042,-1.1621139,-1.1684326,-1.1753393,-1.1789024,-1.1819828,-1.1907833,-1.1979144,-1.1999267,-1.2031833,-1.2056258,-1.2111101,-1.2125963,-1.2153718,-1.2164937,-1.2201185,-1.2191428,-1.2203747,-1.2220322,-1.2233828,-1.224936,-1.2311227,-1.2305725,-1.2272006,-1.2267864,-1.230235,-1.2356678,-1.2351296,-1.2378399,-1.2412865,-1.2463996,-1.2483675,-1.2463415,-1.2439235,-1.2440026,-1.2442265,-1.242477,-1.2426786,-1.2415307,-1.2431868,-1.2413486,-1.2341063,-1.2300158,-1.2261155,-1.2214631,-1.2266665,-1.2283093,-1.2278029,-1.2252976,-1.2241167,-1.227032,-1.2259591,-1.2233857,-1.2238402,-1.2230273,-1.2189837,-1.2158743,-1.2186027,-1.2159834,-1.2128067,-1.2113006,-1.2102742,-1.2052499,-1.2051094,-1.2094824,-1.2044652,-1.1991706,-1.1953756,-1.190066,-1.184099,-1.1823641,-1.1757718,-1.1722062,-1.1678178,-1.1648414,-1.1596235,-1.1564834,-1.1501162,-1.1465023,-1.143707,-1.144646,-1.1421916,-1.1437323,-1.1384417,-1.1391293,-1.1377771,-1.1330671,-1.1312121,-1.1257784,-1.1203212
95,-0.33148816,-0.33726746,-0.34074193,-0.3444222,-0.35089368,-0.35912365,-0.3686512,-0.37763107,-0.3854657,-0.39912495,-0.4098521,-0.42344865,-0.43413535,-0.44539604,-0.45228976,-0.4608274,-0.47009057,-0.47596487,-0.48318833,-0.4917151,-0.49895924,-0.50831574,-0.51551336,-0.5271698,-0.5367252,-0.5456213,-0.55481917,-0.55977285,-0.5657066,-0.5726574,-0.5756049,-0.5828954,-0.5912427,-0.6009098,-0.6075052,-0.614443,-0.6227649,-0.6318072,-0.63939214,-0.6434113,-0.6483432,-0.65274286,-0.65905654,-0.6656237,-0.6739079,-0.68040556,-0.6862134,-0.6889521,-0.6907394,-0.69562274,-0.69967693,-0.706953,-0.71363497,-0.7182962,-0.724482,-0.7306707,-0.7369347,-0.73665076,-0.7445383,-0.74947685,-0.75125635,-0.7523252,-0.7538088,-0.760458,-0.76145875,-0.76427543,-0.77098066,-0.7785182,-0.7802656,-0.7822952,-0.78607255,-0.7836779,-0.78547245,-0.788663,-0.78864545,-0.7896861,-0.79412454,-0.79777825,-0.8029318,-0.8069698,-0.80707425,-0.81353474,-0.8163537,-0.8184501,-0.81817496,-0.82248276,-0.82326376,-0.8268113,-0.82757807,-0.8255655,-0.8279694,-0.8315177,-0.83144426,-0.83378315,-0.8374669,-0.83369875,-0.83115464,-0.8331416,-0.8303127,-0.83394367,-0.8362114,-0.83163846,-0.83388346,-0.83546686,-0.8387863,-0.8361314,-0.837252,-0.8419213,-0.8458026,-0.8510664,-0.8510354,-0.851388,-0.85145617,-0.85056055,-0.8536724,-0.85921973,-0.86271936,-0.8657799,-0.86519736,-0.8648037
96,-0.80223167,-0.81417483,-0.8246037,-0.8337487,-0.84207726,-0.8453514,-0.85483885,-0.8619031,-0.8698457,-0.8807933,-0.8873986,-0.89609563,-0.9044048,-0.9107679,-0.91468793,-0.91967916,-0.9258569,-0.9276435,-0.93141717,-0.93601835,-0.940837,-0.93991995,-0.94917613,-0.95349705,-0.9588256,-0.96779764,-0.97349894,-0.975776,-0.98065674,-0.9874178,-0.98811066,-0.9867245,-0.98772687,-0.994921,-0.9984001,-0.999183,-1.0032296,-1.008999,-1.0137198,-1.0177467,-1.0219836,-1.0249481,-1.0284103,-1.0271964,-1.030349,-1.0318508,-1.0320342,-1.0346267,-1.0326529,-1.03652,-1.0362049,-1.0399468,-1.0422444,-1.04393,-1.0455961,-1.0508131,-1.05631,-1.0507271,-1.0510004,-1.051676,-1.0537002,-1.0497735,-1.0501357,-1.0520524,-1.0548884,-1.0572908,-1.0596874,-1.0627915,-1.0613911,-1.0615807,-1.0615368,-1.0573981,-1.0548887,-1.0539415,-1.0530045,-1.0535685,-1.0547937,-1.0567716,-1.0575583,-1.0602944,-1.0576603,-1.0590434,-1.0612375,-1.0626034,-1.0630306,-1.0583966,-1.0574834,-1.0604705,-1.0541314,-1.0580137,-1.0588515,-1.0600638,-1.0560973,-1.0565952,-1.0567639,-1.0499959,-1.0413883,-1.0417659,-1.0477827,-1.0500801,-1.0492594,-1.0464314,-1.0414326,-1.0363855,-1.0363008,-1.033575,-1.032809,-1.0335556,-1.0330305,-1.0333446,-1.0272563,-1.0235424,-1.0245199,-1.029622,-1.0315367,-1.0273327,-1.0263791,-1.0284655,-1.024856,-1.0234954
97,0.73244286,0.72710556,0.7207421,0.710702,0.7041127,0.69671315,0.69056416,0.68588334,0.6795105,0.6747836,0.67004347,0.66383994,0.6607745,0.6565639,0.6533092,0.65013593,0.64805233,0.6413069,0.63729143,0.6324051,0.63169754,0.62720394,0.6261415,0.62190706,0.6201566,0.61741364,0.6168537,0.61311233,0.6097714,0.607553,0.6063594,0.6012004,0.5990143,0.59568655,0.58906126,0.58691454,0.58516115,0.5799531,0.5767952,0.5752791,0.5709164,0.56888956,0.56834835,0.56556046,0.5640389,0.56108075,0.55467737,0.5505401,0.54843664,0.54635274,0.5439888,0.54351926,0.5389828,0.5373007,0.5330157,0.52995306,0.5271036,0.5209772,0.51775646,0.51628387,0.51893073,0.51882404,0.5160463,0.51035976,0.51001585,0.50948966,0.50891626,0.5068635,0.5049588,0.503352,0.49944383,0.49752903,0.48965192,0.48746037,0.48862725,0.48578948,0.4802056,0.47843784,0.47156125,0.46644992,0.46451178,0.45861006,0.4574237,0.45667896,0.4561177,0.45246735,0.4513052,0.44574982,0.44179535,0.4386011,0.43455592,0.43185085,0.4272068,0.4248866,0.41596016,0.4120399,0.39982072,0.40023795,0.40162572,0.40091318,0.399782,0.39654487,0.39482772,0.39416143,0.3904628,0.38777307,0.38889587,0.38235602,0.37747726,0.37565368,0.37305558,0.37386748,0.37095037,0.3623535,0.36036444,0.3594315,0.35403496,0.34883898,0.34657085,0.34482598
98,-0.49096394,-0.5013608,-0.51314706,-0.5194733,-0.5303775,-0.5367092,-0.54803467,-0.5578269,-0.5653546,-0.57326764,-0.5792981,-0.5865184,-0.59111345,-0.5980988,-0.60228616,-0.6038353,-0.6068793,-0.6094319,-0.61497164,-0.6224813,-0.62419176,-0.62884367,-0.6331017,-0.6383132,-0.64325804,-0.64953053,-0.65392786,-0.6522381,-0.65665543,-0.65692633,-0.662733,-0.65912795,-0.66237986,-0.66636777,-0.67374533,-0.6769507,-0.68400633,-0.6868391,-0.6930697,-0.69785696,-0.7003163,-0.7042796,-0.7057827,-0.71156853,-0.71292603,-0.7163869,-0.71963984,-0.722748,-0.7229972,-0.72857845,-0.72926325,-0.7314092,-0.7342394,-0.7355047,-0.7379929,-0.7384131,-0.7415234,-0.74308425,-0.74701464,-0.74596846,-0.748257,-0.7471163,-0.74884033,-0.75095636,-0.750613,-0.75382274,-0.75466305,-0.7609095,-0.7625377,-0.7668122,-0.7708,-0.77421165,-0.77601403,-0.7772315,-0.7757615,-0.77795506,-0.7784998,-0.77779967,-0.7746414,-0.77914083,-0.78340614,-0.78415865,-0.7877199,-0.79023844,-0.7907504,-0.7930771,-0.7972503,-0.7965931,-0.8002017,-0.80359584,-0.81114435,-0.8133747,-0.8156579,-0.82259476,-0.82639635,-0.8213995,-0.8220566,-0.8288361,-0.82917994,-0.8334721,-0.83788556,-0.84352475,-0.84157544,-0.83804214,-0.8372151,-0.84260017,-0.84409726,-0.84913224,-0.8522011,-0.85456914,-0.85704386,-0.859684,-0.86332846,-0.8689535,-0.87004566,-0.8664482,-0.8687833,-0.8701514,-0.8706015,-0.8710268
99,-0.09059633,-0.092260525,-0.091195896,-0.08746706,-0.08841882,-0.09006615,-0.09264405,-0.09150877,-0.08971032,-0.09089942,-0.091268405,-0.08999923,-0.08917169,-0.09247711,-0.09874003,-0.09854379,-0.102942765,-0.10698448,-0.108846806,-0.109788515,-0.11130494,-0.109022215,-0.11372079,-0.11325482,-0.11709683,-0.12103325,-0.12193936,-0.12512818,-0.12623791,-0.1295149,-0.13004383,-0.12961525,-0.13260601,-0.13519749,-0.13676804,-0.13922676,-0.13992226,-0.14483072,-0.14297405,-0.14366126,-0.14276597,-0.1458361,-0.14838119,-0.15189451,-0.15602894,-0.15794319,-0.15764695,-0.15314148,-0.15796947,-0.16195783,-0.16318634,-0.16477855,-0.16901001,-0.1739035,-0.17275211,-0.1752866,-0.1791767,-0.18140323,-0.1845801,-0.18911824,-0.18971306,-0.18897581,-0.19038054,-0.19311704,-0.19531533,-0.19635376,-0.19635738,-0.19583698,-0.19523257,-0.19722953,-0.19957392,-0.20055082,-0.19550893,-0.19160306,-0.19047028,-0.1935278,-0.19596483,-0.19641371,-0.1964381,-0.20045212,-0.20626748,-0.21046524,-0.21445665,-0.21242073,-0.21744236,-0.220377,-0.22218244,-0.22261056,-0.22277871,-0.22667715,-0.22684507,-0.23321953,-0.23311889,-0.23752365,-0.24252334,-0.24244604,-0.23876205,-0.23943606,-0.24394652,-0.24494275,-0.24703476,-0.24428181,-0.24584432,-0.24700531,-0.2497509,-0.25106022,-0.24795389,-0.25095078,-0.25286728,-0.2580644,-0.26123425,-0.2625963,-0.26517442,-0.2679584,-0.27235338,-0.2749346,-0.27625865,-0.2801601,-0.28398004,-0.28858632
100,-0.5548693,-0.56388444,-0.5697947,-0.5790008,-0.5874673,-0.5922846,-0.60082614,-0.60779023,-0.61541694,-0.6250148,-0.63083786,-0.64060843,-0.6487385,-0.6545929,-0.6587882,-0.665082,-0.67198193,-0.6779464,-0.68201554,-0.6895209,-0.6979366,-0.7030679,-0.7114359,-0.71677375,-0.7250333,-0.7352706,-0.74354017,-0.75145674,-0.7592422,-0.76572734,-0.7728368,-0.7756042,-0.77941674,-0.78686476,-0.79301673,-0.79914,-0.80606604,-0.8145118,-0.82302207,-0.82988197,-0.8339038,-0.8412901,-0.8515331,-0.8554729,-0.8611277,-0.87049353,-0.8765049,-0.88272303,-0.8892449,-0.896309,-0.90073216,-0.90948457,-0.91306674,-0.9171425,-0.9186168,-0.92115366,-0.9258396,-0.9261263,-0.9336325,-0.93720186,-0.94517994,-0.94462717,-0.9514059,-0.95164883,-0.9574682,-0.96151197,-0.9647101,-0.9673244,-0.96699685,-0.9714514,-0.97614205,-0.97564256,-0.9761523,-0.9801844,-0.97897804,-0.986708,-0.9884464,-0.99046457,-0.99158365,-0.99679005,-1.0015045,-1.0058998,-1.0086676,-1.0119535,-1.0102453,-1.0105131,-1.014971,-1.0162518,-1.0179067,-1.0185302,-1.0233814,-1.0272276,-1.022092,-1.023501,-1.0271977,-1.0238305,-1.0271461,-1.0278318,-1.0288024,-1.0310942,-1.0335467,-1.0353707,-1.0355997,-1.0453105,-1.0462784,-1.0478469,-1.0485995,-1.0497694,-1.054163,-1.0557882,-1.0606881,-1.0613655,-1.0645823,-1.0650095,-1.0669757,-1.0611312,-1.0633231,-1.0658493,-1.0668372,-1.0641514
101,-0.005182415,-0.01221134,-0.01869844,-0.02807242,-0.03763365,-0.0415869,-0.047412526,-0.055351634,-0.059352357,-0.06528045,-0.07450307,-0.08166737,-0.085988596,-0.09395526,-0.10284897,-0.1081175,-0.112540364,-0.11501382,-0.117277585,-0.121975064,-0.119990125,-0.12777887,-0.12812082,-0.13344379,-0.13585325,-0.13790706,-0.14099595,-0.14331408,-0.14244339,-0.14275376,-0.14430918,-0.14640936,-0.14653829,-0.14749292,-0.14867896,-0.15006748,-0.14941071,-0.15293905,-0.15525989,-0.15536973,-0.15459533,-0.15293768,-0.15211461,-0.14849396,-0.14799179,-0.14911056,-0.14956571,-0.14975043,-0.14989364,-0.1475614,-0.14928553,-0.15085709,-0.15367052,-0.15532835,-0.1540647,-0.15726367,-0.15616691,-0.15086244,-0.1491344,-0.14985403,-0.14626141,-0.14719155,-0.14435674,-0.14347593,-0.14162835,-0.13969126,-0.1390034,-0.13853976,-0.13801908,-0.13683291,-0.13441506,-0.13385569,-0.1323646,-0.13097748,-0.12911591,-0.13194117,-0.13260183,-0.12788597,-0.12102469,-0.11918484,-0.11641443,-0.11501457,-0.11189766,-0.11006783,-0.10514824,-0.10213647,-0.09573954,-0.09161382,-0.09106723,-0.08533715,-0.08329012,-0.079401374,-0.07436969,-0.07232465,-0.07331152,-0.06547956,-0.06105863,-0.05716843,-0.054587334,-0.052017134,-0.046589904,-0.039055236,-0.037449606,-0.03148003,-0.024730908,-0.026002234,-0.019898143,-0.014921904,-0.012618957,-0.009220812,-0.0065242657,-0.0026268135,-0.0041174134,0.00082038605,0.0013390959,0.007017837,0.0122243,0.017411996,0.019608442,0.031927288
102,-0.033148076,-0.041858308,-0.052341707,-0.06392855,-0.07663156,-0.089345925,-0.101049736,-0.11522566,-0.1301421,-0.14315598,-0.15646578,-0.17075649,-0.18492474,-0.1974069,-0.20432314,-0.21109554,-0.22359428,-0.23271012,-0.24096747,-0.25083435,-0.26194555,-0.26977226,-0.27749652,-0.2841242,-0.29229563,-0.3025423,-0.3119383,-0.31514204,-0.32083005,-0.32830656,-0.33417374,-0.3394857,-0.3441512,-0.35401616,-0.36146092,-0.37356097,-0.3830265,-0.39004016,-0.39612737,-0.4030634,-0.40661877,-0.4123106,-0.41549024,-0.41823512,-0.42143574,-0.42405042,-0.42860436,-0.43516597,-0.44053847,-0.4443807,-0.44697753,-0.4567396,-0.46149668,-0.4674882,-0.47297508,-0.47802505,-0.48137346,-0.4848424,-0.49127278,-0.49237043,-0.49810815,-0.498473,-0.4997182,-0.49890107,-0.49452895,-0.49899215,-0.50167054,-0.5069903,-0.5122364,-0.51267534,-0.51608855,-0.5157477,-0.5162889,-0.51582956,-0.5176269,-0.52109075,-0.5214473,-0.52512866,-0.5249483,-0.5248525,-0.5226381,-0.5238968,-0.52375406,-0.5261707,-0.5258776,-0.5253637,-0.524943,-0.52470136,-0.52589875,-0.52487093,-0.5256733,-0.52880585,-0.52609485,-0.526528,-0.52743447,-0.5255455,-0.5265349,-0.5265913,-0.52764314,-0.52652967,-0.5256669,-0.52563035,-0.52386,-0.5229846,-0.5216895,-0.52213097,-0.519383,-0.51707786,-0.51439667,-0.5157729,-0.51794785,-0.5146588,-0.5143486,-0.512461,-0.508237,-0.5078666,-0.5078462,-0.50642747,-0.50458276,-0.4983757
103,-0.12980986,-0.13934176,-0.15024963,-0.16098066,-0.17960116,-0.19562486,-0.21208484,-0.22889695,-0.24733198,-0.26350722,-0.27928674,-0.2914841,-0.30212438,-0.31355843,-0.32852656,-0.34024033,-0.35290593,-0.3675733,-0.38235837,-0.39667234,-0.40944934,-0.42450824,-0.439799,-0.4538192,-0.46737137,-0.47821584,-0.48876342,-0.5003098,-0.51125795,-0.5198767,-0.5303147,-0.54244834,-0.55486,-0.56521434,-0.57710946,-0.5902691,-0.60272205,-0.61391085,-0.62766105,-0.64224356,-0.64902323,-0.6629108,-0.6750264,-0.68523294,-0.69415504,-0.7066768,-0.7160111,-0.72520506,-0.7347981,-0.74546385,-0.7523111,-0.763135,-0.77526677,-0.7820872,-0.7941524,-0.8057002,-0.8139261,-0.8210658,-0.82869923,-0.8355913,-0.84798574,-0.8545418,-0.86351025,-0.8707992,-0.87974375,-0.8878439,-0.89593524,-0.9022439,-0.91091347,-0.91862506,-0.93018043,-0.9321023,-0.94209087,-0.94974947,-0.9503582,-0.96043235,-0.97280467,-0.981073,-0.99114764,-1.0008557,-1.008621,-1.0211155,-1.0292432,-1.0404369,-1.0432479,-1.0437962,-1.0516884,-1.0611799,-1.0660218,-1.0738338,-1.0815389,-1.0921714,-1.0975603,-1.1056362,-1.1136128,-1.1195546,-1.1191009,-1.1236008,-1.1258571,-1.129329,-1.1353042,-1.1366724,-1.1412399,-1.1452503,-1.1506674,-1.1583008,-1.1677291,-1.173624,-1.1813911,-1.1907068,-1.2008768,-1.209428,-1.2224057,-1.230385,-1.2349932,-1.2426183,-1.2474625,-1.2537854,-1.2606366,-1.2600192
104,-0.8673247,-0.8721048,-0.8793594,-0.88762456,-0.8943307,-0.9021287,-0.9080146,-0.91700613,-0.92295235,-0.9319394,-0.94085723,-0.94666004,-0.95266926,-0.9590453,-0.96285963,-0.9695471,-0.97661245,-0.98000467,-0.9834939,-0.99171436,-0.99568206,-1.0008266,-1.0081701,-1.0155919,-1.0217183,-1.0268434,-1.0303475,-1.0300559,-1.0299796,-1.0339254,-1.03847,-1.0400594,-1.0445101,-1.0492674,-1.051263,-1.0505501,-1.0564469,-1.0619854,-1.0649741,-1.067561,-1.0709578,-1.0745027,-1.0747794,-1.0713875,-1.0764252,-1.0761011,-1.0761392,-1.0774599,-1.0785044,-1.0804491,-1.0798213,-1.0884131,-1.0889789,-1.0909559,-1.0925996,-1.097112,-1.0981152,-1.094506,-1.0981206,-1.0976136,-1.1018105,-1.1035593,-1.1039262,-1.1065711,-1.1079988,-1.1078682,-1.1107658,-1.1105115,-1.1098951,-1.1128623,-1.11682,-1.1140293,-1.1155967,-1.1152457,-1.1149766,-1.119115,-1.1234279,-1.1225249,-1.1197684,-1.1214368,-1.1246356,-1.1255618,-1.1266876,-1.1294081,-1.1225584,-1.1211225,-1.1204884,-1.1220644,-1.1217496,-1.118685,-1.1186966,-1.1179574,-1.112642,-1.1144636,-1.1121199,-1.1078918,-1.1007407,-1.1007512,-1.1006796,-1.0997014,-1.0962093,-1.0933653,-1.0955578,-1.0935818,-1.0922525,-1.0910037,-1.0891685,-1.0874135,-1.0886494,-1.0892023,-1.0854304,-1.0817716,-1.0791776,-1.0768063,-1.0775841,-1.0744218,-1.0753467,-1.0742296,-1.0705764,-1.0664814
105,-0.6530134,-0.66564953,-0.67529577,-0.68552774,-0.6941187,-0.7080077,-0.7238884,-0.7345494,-0.7481839,-0.76551735,-0.7769782,-0.79496646,-0.81021535,-0.8218818,-0.83493423,-0.8475547,-0.8608141,-0.8722504,-0.88642454,-0.9005663,-0.9112936,-0.9211079,-0.93731034,-0.94976264,-0.96552104,-0.9804929,-0.9956374,-1.0119274,-1.0237257,-1.0356394,-1.0465409,-1.0525085,-1.063978,-1.0803342,-1.093464,-1.1031427,-1.1171905,-1.133336,-1.1455021,-1.1577551,-1.1681718,-1.1783607,-1.1855723,-1.1968172,-1.2070675,-1.2162087,-1.2267958,-1.2386472,-1.2466515,-1.2567728,-1.2671636,-1.2770183,-1.28825,-1.2995608,-1.3119098,-1.3256055,-1.3386358,-1.343526,-1.3535331,-1.361971,-1.3762542,-1.381271,-1.3933431,-1.404143,-1.4129837,-1.4246224,-1.4318516,-1.440935,-1.4558713,-1.4640785,-1.4735329,-1.4755294,-1.4806006,-1.4867224,-1.4958928,-1.5036693,-1.5133144,-1.5256504,-1.5319116,-1.5427046,-1.5526037,-1.5598062,-1.5643649,-1.572131,-1.5739677,-1.5751286,-1.5809252,-1.5909374,-1.5926882,-1.5965829,-1.6056515,-1.614056,-1.6175877,-1.6259464,-1.6347271,-1.6405617,-1.6445045,-1.6499999,-1.65408,-1.6609234,-1.6671072,-1.6693913,-1.6707184,-1.6778176,-1.6861035,-1.686973,-1.6937269,-1.6998287,-1.7050431,-1.7156147,-1.71965,-1.7198232,-1.7264316,-1.7302811,-1.7376654,-1.7379993,-1.7449716,-1.7488253,-1.7538776,-1.7573951
106,-0.50015634,-0.5097841,-0.5199202,-0.53073674,-0.54347813,-0.5524498,-0.5646776,-0.5756535,-0.58768976,-0.6012872,-0.6124145,-0.6232513,-0.63300216,-0.6391102,-0.6485803,-0.6571803,-0.66723955,-0.67715424,-0.68627846,-0.69562286,-0.70568246,-0.7152436,-0.7280827,-0.7380494,-0.7467619,-0.75599897,-0.7676551,-0.77514654,-0.7804027,-0.78926677,-0.79451597,-0.8002926,-0.80854475,-0.81848776,-0.8269068,-0.83486366,-0.84368885,-0.8518194,-0.85810596,-0.86696625,-0.87404835,-0.87891626,-0.8866561,-0.8927695,-0.89916325,-0.90804636,-0.91223544,-0.9190485,-0.92391396,-0.93316823,-0.9380512,-0.9461627,-0.9520957,-0.9575202,-0.9635968,-0.97206193,-0.9806441,-0.9870741,-0.9913085,-0.9994648,-1.0065151,-1.013862,-1.0190055,-1.0222013,-1.0276296,-1.033265,-1.0377039,-1.0429175,-1.0514816,-1.0583291,-1.0645517,-1.063838,-1.0677896,-1.073954,-1.0724263,-1.0791008,-1.0859187,-1.0908412,-1.0894332,-1.0939292,-1.0997198,-1.1061726,-1.1104785,-1.114026,-1.1161935,-1.1161278,-1.1154201,-1.1189679,-1.1174496,-1.1239041,-1.129226,-1.1351752,-1.1361104,-1.1407834,-1.1451138,-1.1431383,-1.140588,-1.1447767,-1.1481559,-1.1526957,-1.1552254,-1.1592146,-1.1607937,-1.1606065,-1.1657052,-1.1673732,-1.1738868,-1.1706349,-1.1724626,-1.1769245,-1.1785071,-1.1785207,-1.1811359,-1.1823165,-1.1888869,-1.1883186,-1.1897022,-1.1947758,-1.1932179,-1.193228
107,-0.19304086,-0.19819422,-0.20671365,-0.21249363,-0.21643417,-0.23054866,-0.2423304,-0.2524491,-0.26188692,-0.27447534,-0.2850123,-0.2965703,-0.30533022,-0.31627673,-0.32725772,-0.33520514,-0.34568304,-0.35446468,-0.36600056,-0.3768552,-0.3862148,-0.39146754,-0.40183702,-0.4123531,-0.4202427,-0.43071645,-0.4394084,-0.44571018,-0.45380163,-0.4617816,-0.4699254,-0.47812486,-0.48367062,-0.49259987,-0.49930102,-0.5056566,-0.51300585,-0.5210578,-0.5274744,-0.535332,-0.54191107,-0.5470957,-0.54822993,-0.55028,-0.5552613,-0.5623965,-0.5703077,-0.5767299,-0.58273774,-0.590316,-0.59358424,-0.6021689,-0.6086044,-0.6197171,-0.6251726,-0.6320411,-0.6385725,-0.638645,-0.6431998,-0.6482122,-0.6554841,-0.6597101,-0.6651889,-0.66725266,-0.67339295,-0.67567414,-0.6770576,-0.6791564,-0.6810888,-0.6893526,-0.6932598,-0.6954313,-0.696803,-0.6977618,-0.7007357,-0.70447266,-0.7081181,-0.71301866,-0.7154261,-0.718591,-0.72230023,-0.7272972,-0.73279345,-0.7346705,-0.73490703,-0.73586434,-0.7365235,-0.7426896,-0.7451943,-0.7474206,-0.75122607,-0.7533849,-0.75288594,-0.7570073,-0.7618443,-0.7576034,-0.7508732,-0.7523897,-0.75195754,-0.7591996,-0.76158035,-0.76266336,-0.76538146,-0.7657768,-0.7655309,-0.76561564,-0.76867056,-0.7672845,-0.77350944,-0.7758044,-0.7740632,-0.77760655,-0.78092813,-0.7870759,-0.785244,-0.7846005,-0.78704786,-0.791759,-0.7932648,-0.7948496
108,-0.019136144,-0.02580623,-0.03256494,-0.042367697,-0.05427428,-0.06899713,-0.07989322,-0.092162594,-0.10508929,-0.119465336,-0.12968598,-0.14399007,-0.15611105,-0.17021804,-0.17830966,-0.19230977,-0.2063212,-0.21713245,-0.22946373,-0.2402306,-0.25036302,-0.26457223,-0.2742218,-0.28699213,-0.29882422,-0.3112868,-0.32048398,-0.32790652,-0.33461884,-0.34315568,-0.34852076,-0.36080846,-0.3680365,-0.38043934,-0.392198,-0.40145022,-0.41302198,-0.4263638,-0.4334558,-0.4429585,-0.45239687,-0.46050104,-0.468311,-0.47321868,-0.4847971,-0.49437505,-0.5047275,-0.5145522,-0.5238339,-0.5316559,-0.53633773,-0.54737073,-0.5580281,-0.5665175,-0.5748278,-0.5854151,-0.597785,-0.60253465,-0.61754483,-0.6278888,-0.6378347,-0.645236,-0.6520083,-0.6567255,-0.66371024,-0.67080975,-0.67779195,-0.6858215,-0.69169986,-0.697874,-0.70607114,-0.7117361,-0.7177323,-0.7186387,-0.72378004,-0.7311779,-0.7401098,-0.7487761,-0.7524363,-0.7561731,-0.7639335,-0.77043325,-0.776823,-0.7817965,-0.78360826,-0.7873036,-0.7895545,-0.7998816,-0.80307424,-0.80910826,-0.8153261,-0.8198823,-0.82523,-0.8307535,-0.83672285,-0.8421979,-0.8418418,-0.8478384,-0.8512511,-0.85724753,-0.8624028,-0.8691406,-0.87225074,-0.8783843,-0.88722575,-0.8913301,-0.89518625,-0.9003612,-0.9075586,-0.91754293,-0.9242331,-0.9272955,-0.93460834,-0.93825996,-0.9424714,-0.94602984,-0.9503166,-0.9564206,-0.96197987,-0.96560514
109,0.20336163,0.19633123,0.1877178,0.17840302,0.16282088,0.14956203,0.13580525,0.12170112,0.10599588,0.08687746,0.07242407,0.05370767,0.03847703,0.02416512,0.010860937,-0.0020958215,-0.01820108,-0.029357577,-0.040305775,-0.05154133,-0.06367559,-0.0796962,-0.0970953,-0.11182742,-0.12995657,-0.14862566,-0.16387565,-0.17793235,-0.19290118,-0.20612955,-0.21635452,-0.229616,-0.24421787,-0.25976804,-0.27282134,-0.28013986,-0.2912436,-0.30671436,-0.32144496,-0.3328099,-0.34304613,-0.35628876,-0.37109083,-0.38684344,-0.40089783,-0.41374248,-0.42451566,-0.43798843,-0.44805288,-0.46156645,-0.47422522,-0.4855093,-0.4969775,-0.5040106,-0.5132043,-0.525669,-0.5356446,-0.5441903,-0.55493927,-0.5655488,-0.5775416,-0.5853197,-0.5957211,-0.610376,-0.6156761,-0.6222749,-0.6309488,-0.64278126,-0.64978385,-0.6604458,-0.66964126,-0.6751827,-0.6793743,-0.6891858,-0.6926665,-0.7040907,-0.71328104,-0.7208578,-0.72631824,-0.7306729,-0.7413529,-0.74983406,-0.75960696,-0.76832426,-0.7746901,-0.7757258,-0.78512585,-0.79423636,-0.80238736,-0.80772084,-0.81554425,-0.8242569,-0.8268851,-0.835536,-0.8467021,-0.8475305,-0.849116,-0.8514164,-0.8538191,-0.8587407,-0.8648084,-0.8732438,-0.8762039,-0.88195026,-0.8889821,-0.89133865,-0.89994067,-0.908671,-0.9159476,-0.9242587,-0.9294859,-0.9360975,-0.9455207,-0.9501917,-0.9544853,-0.9627592,-0.96750414,-0.97416115,-0.9802972,-0.9836391
110,0.46094078,0.44671178,0.43114704,0.41776556,0.39833653,0.38179708,0.36629888,0.34841198,0.33307666,0.3129548,0.29701352,0.27821463,0.2632181,0.25003833,0.22960667,0.21187961,0.19496843,0.17825937,0.16236885,0.14450365,0.12777372,0.10995915,0.09021867,0.07283747,0.05526527,0.038298614,0.021725284,0.0046271933,-0.009084415,-0.024465976,-0.037606113,-0.053380974,-0.06579439,-0.079174384,-0.09253382,-0.10624739,-0.12275306,-0.14056222,-0.15548214,-0.16726586,-0.18028083,-0.19379587,-0.20768571,-0.22159645,-0.23558894,-0.24970634,-0.26382446,-0.2775573,-0.28921086,-0.30074868,-0.31383315,-0.32804805,-0.34074438,-0.34653637,-0.36093265,-0.377333,-0.3910632,-0.3995111,-0.4129683,-0.422033,-0.43640834,-0.44791126,-0.45868176,-0.47010225,-0.47719747,-0.48637462,-0.4980566,-0.5120418,-0.52333367,-0.53348815,-0.5436556,-0.55439794,-0.5648119,-0.57025355,-0.5791087,-0.591079,-0.5992852,-0.60782945,-0.6147451,-0.6256809,-0.636953,-0.6520425,-0.66043055,-0.6738802,-0.6797471,-0.69508857,-0.70163494,-0.7128731,-0.7207135,-0.7301257,-0.7379772,-0.74894965,-0.7549427,-0.7628093,-0.7745268,-0.7821224,-0.79193866,-0.796406,-0.798705,-0.8064709,-0.8142368,-0.8241069,-0.83205616,-0.8411544,-0.850465,-0.8533619,-0.86504686,-0.87451285,-0.87862605,-0.88799316,-0.8957211,-0.9007875,-0.91187274,-0.9184707,-0.92854536,-0.9330367,-0.9367245,-0.9438608,-0.95003974,-0.9553512
111,-0.051995806,-0.06299374,-0.07481637,-0.08956308,-0.105425104,-0.12464813,-0.14186195,-0.15771522,-0.1756021,-0.1949605,-0.20934446,-0.2247804,-0.24184129,-0.2543307,-0.26634175,-0.27900118,-0.29297942,-0.30923072,-0.3216904,-0.3342132,-0.3472194,-0.35873085,-0.37127018,-0.3891663,-0.40021682,-0.41335624,-0.42715693,-0.43692312,-0.44456035,-0.45612478,-0.46980888,-0.48097724,-0.48890877,-0.4978412,-0.50780034,-0.51789904,-0.5326971,-0.5478054,-0.5579472,-0.5627175,-0.5693185,-0.5759599,-0.5804631,-0.5862114,-0.5942882,-0.6000583,-0.6057055,-0.6111504,-0.616886,-0.62222767,-0.6284346,-0.6382724,-0.6474249,-0.65319145,-0.6588303,-0.6688293,-0.6766311,-0.68260384,-0.6889535,-0.69550455,-0.7043189,-0.7127548,-0.7110889,-0.7132265,-0.71660227,-0.72271883,-0.73008066,-0.7344981,-0.73995316,-0.7446327,-0.75242174,-0.75306267,-0.7564447,-0.7593697,-0.7599058,-0.76944906,-0.7743971,-0.7790086,-0.7812365,-0.7845709,-0.78945076,-0.78882325,-0.7917534,-0.7950848,-0.79014814,-0.7936239,-0.7953253,-0.8016435,-0.8054112,-0.80797577,-0.8120488,-0.81419456,-0.81312305,-0.81502676,-0.8207612,-0.8176773,-0.8198761,-0.8168336,-0.81986123,-0.8211131,-0.8229845,-0.8237333,-0.82556516,-0.82805127,-0.8253215,-0.82541037,-0.8276927,-0.82903755,-0.82969636,-0.83204925,-0.8307295,-0.83088607,-0.83191603,-0.82978725,-0.8300861,-0.8282329,-0.8234841,-0.82402307,-0.82227135,-0.82481945
112,0.06857569,0.05635153,0.042414844,0.026048442,0.01028419,-0.0073858323,-0.0265061,-0.043468967,-0.06118359,-0.08183159,-0.10068766,-0.118581496,-0.13595378,-0.15356123,-0.17022416,-0.18364829,-0.20218928,-0.22016922,-0.23298416,-0.25269192,-0.2659167,-0.28069013,-0.29897562,-0.31773075,-0.33215636,-0.34938702,-0.3650393,-0.37394172,-0.38470072,-0.40002728,-0.4159823,-0.42916378,-0.44090205,-0.45728406,-0.4715828,-0.48365813,-0.4983732,-0.51057494,-0.5231187,-0.5349798,-0.5463563,-0.5569043,-0.5673552,-0.57526076,-0.58173484,-0.59194046,-0.6035693,-0.61307096,-0.6211093,-0.63241327,-0.64148957,-0.6541326,-0.66691905,-0.6782284,-0.690004,-0.70158803,-0.7125968,-0.7228643,-0.73265475,-0.7396842,-0.7489007,-0.75734264,-0.7688593,-0.77715904,-0.7852653,-0.7921118,-0.79725105,-0.80473584,-0.81241703,-0.81796074,-0.82721454,-0.83462656,-0.8373661,-0.8370344,-0.8410533,-0.8492223,-0.8597894,-0.8669575,-0.87144125,-0.8797094,-0.88580453,-0.8934473,-0.8995522,-0.90545666,-0.9100877,-0.91900665,-0.92359936,-0.9318608,-0.9366638,-0.9438195,-0.95156366,-0.9560364,-0.9602621,-0.96456414,-0.97242916,-0.9758027,-0.9763609,-0.98005897,-0.9847981,-0.9897175,-0.9954321,-1.000987,-1.0093739,-1.016381,-1.0210345,-1.0290947,-1.0359097,-1.0419086,-1.0454676,-1.0510577,-1.0545849,-1.0615778,-1.0673063,-1.072588,-1.0782564,-1.0848739,-1.0888386,-1.0920534,-1.0966632,-1.1018159
113,-0.53867155,-0.54276645,-0.5475762,-0.55074596,-0.5491912,-0.55491745,-0.5615569,-0.56612283,-0.5732936,-0.57851326,-0.58338857,-0.5896304,-0.5915575,-0.6005737,-0.60435724,-0.60593224,-0.6099676,-0.61092013,-0.61443686,-0.6189753,-0.6228988,-0.6229042,-0.6268083,-0.6309437,-0.63192904,-0.6337395,-0.6376029,-0.63976985,-0.6403121,-0.6412013,-0.64013827,-0.6405889,-0.6405208,-0.6426632,-0.64796644,-0.6504737,-0.6543058,-0.6568864,-0.65962476,-0.6645738,-0.6645791,-0.66300076,-0.6647967,-0.6646684,-0.663575,-0.66499573,-0.6602997,-0.66158915,-0.66142017,-0.66424906,-0.6601808,-0.66337913,-0.6655831,-0.66254133,-0.6600994,-0.6603743,-0.66265213,-0.66399395,-0.6688099,-0.6706071,-0.67253584,-0.6706386,-0.6680625,-0.6651407,-0.6661668,-0.66498584,-0.6632586,-0.6648382,-0.6683078,-0.6700884,-0.6656015,-0.66143775,-0.65899086,-0.658007,-0.65097725,-0.653201,-0.6562537,-0.6555205,-0.6566678,-0.6561103,-0.6559096,-0.65524185,-0.6547389,-0.6565887,-0.6524993,-0.6555558,-0.6512861,-0.6502298,-0.64893925,-0.6485726,-0.6452331,-0.6415598,-0.6416611,-0.64157385,-0.6410444,-0.63685435,-0.62938255,-0.62914526,-0.62599814,-0.6241311,-0.6230871,-0.6188703,-0.61722255,-0.61754525,-0.616302,-0.61828345,-0.61888516,-0.6190144,-0.6148778,-0.61364233,-0.60858333,-0.60700095,-0.60722136,-0.60384315,-0.6021843,-0.601219,-0.59436387,-0.5954124,-0.59207374,-0.5858754
114,-0.30433396,-0.31953272,-0.33459112,-0.34765962,-0.36024192,-0.37731978,-0.39465955,-0.41187754,-0.4273892,-0.4464934,-0.46217686,-0.47408828,-0.48837405,-0.4998998,-0.51274544,-0.5267159,-0.54264444,-0.5557151,-0.5713051,-0.5877196,-0.5995904,-0.61127716,-0.6221818,-0.63576996,-0.64851964,-0.6611918,-0.6752128,-0.6855121,-0.69580364,-0.70703334,-0.72294134,-0.7356588,-0.7456816,-0.7577116,-0.76828575,-0.7803553,-0.7927898,-0.80481464,-0.81400985,-0.8249065,-0.83145267,-0.8405522,-0.84859574,-0.85604393,-0.8638029,-0.87566555,-0.8851161,-0.89085656,-0.8953819,-0.9036333,-0.91211444,-0.92232466,-0.93089736,-0.93853533,-0.94866073,-0.9562724,-0.9649433,-0.9746705,-0.98195094,-0.98319787,-0.9930035,-0.9979423,-1.0038143,-1.0111548,-1.013422,-1.0191193,-1.0260769,-1.0326688,-1.0396185,-1.0496618,-1.0565879,-1.0572646,-1.0630468,-1.0638978,-1.0709174,-1.078847,-1.0850585,-1.0902249,-1.0914844,-1.1002467,-1.1077001,-1.111814,-1.1213505,-1.130492,-1.1314318,-1.135566,-1.1413862,-1.1494701,-1.1504648,-1.1545157,-1.158797,-1.1634549,-1.1668649,-1.1752709,-1.1808741,-1.1802056,-1.1799701,-1.1855056,-1.187773,-1.1931665,-1.2010508,-1.2045623,-1.2074931,-1.2124113,-1.2132406,-1.2149928,-1.2189112,-1.2237055,-1.2272158,-1.2281741,-1.2285142,-1.2310276,-1.2366574,-1.2375822,-1.2419546,-1.2405422,-1.2417572,-1.2407423,-1.241836,-1.2453891
115,0.16617918,0.16541937,0.16602717,0.16518942,0.16057225,0.16002844,0.15018395,0.14512762,0.13571788,0.1295841,0.12447198,0.1195508,0.11200857,0.10510621,0.09794492,0.09160767,0.08409635,0.07267258,0.06487917,0.056647193,0.049687944,0.03964286,0.034994386,0.026532153,0.016165514,0.009944518,0.0027923416,-0.0073487447,-0.009509988,-0.01591137,-0.024591347,-0.033973847,-0.041007094,-0.0486795,-0.05839938,-0.065867804,-0.072876476,-0.08038886,-0.08673783,-0.08945725,-0.093086444,-0.09792027,-0.10193553,-0.107172295,-0.1126855,-0.116369985,-0.12104716,-0.12628195,-0.1284254,-0.13180375,-0.13633797,-0.14345786,-0.14701556,-0.15266228,-0.15991701,-0.16682903,-0.17394835,-0.17787912,-0.18721764,-0.19252259,-0.1991187,-0.20122898,-0.20475996,-0.20411763,-0.20547469,-0.20757334,-0.20911317,-0.215373,-0.21794501,-0.22128534,-0.2245936,-0.22885735,-0.23938593,-0.24399488,-0.2509439,-0.2563622,-0.26143092,-0.26374546,-0.26931158,-0.2725385,-0.2758775,-0.28023577,-0.28598502,-0.29105735,-0.29070598,-0.29460534,-0.29221344,-0.29478195,-0.29651693,-0.29763073,-0.30100766,-0.30421138,-0.3095713,-0.3090624,-0.3152647,-0.3211123,-0.31864244,-0.32141227,-0.31950504,-0.32094738,-0.32146433,-0.32251114,-0.3241108,-0.32543427,-0.32987934,-0.32881847,-0.33219886,-0.33330625,-0.3343458,-0.34059137,-0.34010115,-0.3376394,-0.3353557,-0.33756998,-0.34067237,-0.3400537,-0.34430248,-0.34655672,-0.34906623,-0.34879965
116,-0.40762252,-0.42077613,-0.43614355,-0.45129833,-0.46673256,-0.4801579,-0.4964417,-0.51243764,-0.5275907,-0.5433357,-0.5571495,-0.57343656,-0.58841664,-0.60353774,-0.61462206,-0.62484825,-0.640029,-0.65344083,-0.66813505,-0.68240416,-0.6965263,-0.70753026,-0.7193535,-0.73173946,-0.74075294,-0.7522446,-0.7651004,-0.77665716,-0.782547,-0.7949294,-0.80406463,-0.81252,-0.8253783,-0.8337045,-0.8442044,-0.852363,-0.8651272,-0.87885934,-0.88751763,-0.89473486,-0.9043754,-0.9123955,-0.92287034,-0.92991924,-0.9393631,-0.94421005,-0.94962054,-0.9545326,-0.96470416,-0.9741772,-0.98216707,-0.9906271,-0.9987885,-1.0028384,-1.0119125,-1.0174261,-1.0250907,-1.0329554,-1.0412598,-1.0481985,-1.0588377,-1.0652995,-1.0736196,-1.0786694,-1.0880378,-1.098978,-1.1055635,-1.1126087,-1.1218544,-1.1284307,-1.1395694,-1.1406133,-1.147596,-1.1524975,-1.1572567,-1.167153,-1.1715786,-1.1815048,-1.183738,-1.1888535,-1.1997725,-1.2059183,-1.2098835,-1.217076,-1.2205327,-1.2236431,-1.226868,-1.233486,-1.2403375,-1.2446535,-1.2524658,-1.2588272,-1.2656082,-1.274277,-1.281199,-1.2878531,-1.2909458,-1.2968559,-1.301041,-1.3059214,-1.3152874,-1.3224795,-1.3254381,-1.326521,-1.3306091,-1.336141,-1.3407288,-1.3470011,-1.3524106,-1.3612052,-1.3629068,-1.3672929,-1.3724196,-1.3803561,-1.3854634,-1.3844073,-1.3923259,-1.394387,-1.3989179,-1.4031588
117,-1.2109565,-1.2182238,-1.2280276,-1.2343538,-1.2404386,-1.2455267,-1.2560695,-1.2642335,-1.2742177,-1.2856767,-1.2936002,-1.3038828,-1.3149734,-1.3239862,-1.331814,-1.339751,-1.3501874,-1.3577255,-1.3674221,-1.378857,-1.3844689,-1.3864238,-1.3949982,-1.4052918,-1.4150445,-1.4240055,-1.4353962,-1.4429247,-1.4470637,-1.4544019,-1.4639275,-1.4702176,-1.475871,-1.4886229,-1.4958103,-1.5022093,-1.5112312,-1.5222533,-1.5288868,-1.5394741,-1.5441988,-1.552039,-1.5606374,-1.5671393,-1.571248,-1.5791856,-1.5873615,-1.5947652,-1.5968436,-1.6059065,-1.6106437,-1.6214634,-1.6279678,-1.6310809,-1.6338236,-1.6429663,-1.6467502,-1.6441891,-1.6480618,-1.6506579,-1.6583163,-1.6600254,-1.6649091,-1.6680149,-1.6711986,-1.6763175,-1.6816944,-1.6888365,-1.6951542,-1.7019565,-1.7068388,-1.7131498,-1.7192256,-1.7194048,-1.7203096,-1.7266327,-1.7298946,-1.7355274,-1.7364378,-1.7396435,-1.7447666,-1.7474226,-1.7535671,-1.7603176,-1.7589366,-1.7545723,-1.7615713,-1.7667112,-1.7700189,-1.7763859,-1.7820454,-1.7855375,-1.7844166,-1.7896236,-1.7924764,-1.787968,-1.7865225,-1.7880468,-1.7892656,-1.79496,-1.7995579,-1.8000749,-1.7983501,-1.7973897,-1.801142,-1.8062906,-1.8101391,-1.8137665,-1.8191233,-1.8222392,-1.8232777,-1.8253998,-1.8316135,-1.8337572,-1.8367983,-1.837809,-1.8402185,-1.8422768,-1.8438457,-1.8445759
118,-0.94001305,-0.9426303,-0.94532335,-0.9473944,-0.94647276,-0.9478817,-0.9522821,-0.95621127,-0.9597727,-0.96748084,-0.9711236,-0.97221744,-0.97561866,-0.978425,-0.9803341,-0.9847442,-0.9892619,-0.993906,-0.9954106,-0.9971976,-0.9985405,-1.0011747,-1.0050176,-1.0087118,-1.0131918,-1.0168806,-1.0203278,-1.0182321,-1.0193456,-1.020943,-1.0232488,-1.0281816,-1.0300162,-1.0334104,-1.0341823,-1.0375855,-1.041394,-1.044445,-1.047859,-1.050681,-1.0526717,-1.052625,-1.0511032,-1.0525297,-1.0505288,-1.0502737,-1.0530202,-1.0519388,-1.0483,-1.0518149,-1.0507884,-1.055732,-1.0528116,-1.0529754,-1.0554249,-1.0603094,-1.0628716,-1.0560215,-1.0570985,-1.0578204,-1.0610137,-1.0587156,-1.0582931,-1.0629128,-1.0619763,-1.0619745,-1.0615978,-1.0641465,-1.0646605,-1.0678506,-1.0703967,-1.0695878,-1.0683353,-1.0615695,-1.0636858,-1.065582,-1.0647614,-1.0703188,-1.0704515,-1.0712223,-1.0740105,-1.074743,-1.0771965,-1.0812638,-1.081171,-1.0817853,-1.0817864,-1.0792745,-1.081388,-1.079893,-1.0836288,-1.0856968,-1.0874345,-1.0897806,-1.0912608,-1.086483,-1.0911877,-1.0943898,-1.0934627,-1.0958661,-1.0986307,-1.1010412,-1.1010046,-1.100053,-1.1014535,-1.1026425,-1.1047306,-1.1062378,-1.1093549,-1.1129825,-1.1133292,-1.116471,-1.1158931,-1.1140244,-1.1162559,-1.1138573,-1.1133777,-1.11535,-1.114505,-1.1101596
119,-0.98623955,-0.99453765,-1.0042506,-1.0114145,-1.0191286,-1.033441,-1.0456344,-1.0615766,-1.07352,-1.0878686,-1.1009877,-1.1087778,-1.1235237,-1.1369562,-1.1454098,-1.1554799,-1.1696036,-1.177202,-1.1878321,-1.2015874,-1.2116741,-1.2191203,-1.2307818,-1.2462951,-1.2558323,-1.2672592,-1.2781514,-1.2864211,-1.2929641,-1.3023976,-1.313072,-1.3237969,-1.3299929,-1.3406204,-1.3490901,-1.3560976,-1.3681331,-1.3785315,-1.3877933,-1.3913922,-1.4005888,-1.4065578,-1.4143962,-1.4212477,-1.4274591,-1.4352362,-1.4379647,-1.4448345,-1.4486578,-1.4559523,-1.4625742,-1.4755007,-1.4808176,-1.4867119,-1.4912755,-1.4979403,-1.5078275,-1.5077477,-1.5146997,-1.5216558,-1.5319049,-1.5348713,-1.5390108,-1.5425909,-1.5462255,-1.551516,-1.5589241,-1.5649909,-1.5673196,-1.5710917,-1.5761176,-1.5761441,-1.5730841,-1.5724738,-1.5722871,-1.5828487,-1.5901394,-1.5927794,-1.5936363,-1.5983965,-1.6032565,-1.6071441,-1.6120943,-1.6141675,-1.6165454,-1.6188657,-1.624284,-1.6333678,-1.6379099,-1.6407102,-1.6444056,-1.6485469,-1.6453211,-1.6495821,-1.656241,-1.657147,-1.6596863,-1.6625652,-1.6676509,-1.6696103,-1.6766479,-1.6787723,-1.6813501,-1.6831443,-1.685738,-1.6903473,-1.6917623,-1.692908,-1.6978372,-1.7002306,-1.7012389,-1.7051901,-1.7091976,-1.7097222,-1.7162304,-1.7184639,-1.7205445,-1.7232578,-1.7242569,-1.7272621
120,-1.357792,-1.3724973,-1.3912058,-1.4030643,-1.4160721,-1.4301708,-1.450514,-1.4682622,-1.4841093,-1.5033731,-1.5198214,-1.5342704,-1.5488131,-1.5594715,-1.571692,-1.5835854,-1.5996487,-1.6114229,-1.6248691,-1.6408577,-1.651915,-1.6653627,-1.6779413,-1.6920588,-1.7030894,-1.7163614,-1.7315149,-1.7390049,-1.7543919,-1.7628807,-1.7742386,-1.7794716,-1.7898737,-1.805337,-1.8133423,-1.8217762,-1.8368851,-1.8520772,-1.8616447,-1.872212,-1.8795931,-1.8867064,-1.8919818,-1.8967648,-1.9048014,-1.9174006,-1.922786,-1.9285507,-1.9301685,-1.9388626,-1.9450941,-1.9555315,-1.9591255,-1.9629196,-1.9692004,-1.9763943,-1.984288,-1.9837372,-1.9877964,-1.9909556,-1.9957025,-1.9939492,-1.9978635,-1.9992574,-2.004756,-2.0083394,-2.013359,-2.016309,-2.0185056,-2.0219758,-2.0280437,-2.0293124,-2.028296,-2.027109,-2.0247648,-2.0314202,-2.0415606,-2.0448685,-2.0414062,-2.0470862,-2.0496244,-2.0516114,-2.0521188,-2.0560493,-2.056374,-2.0545664,-2.0596576,-2.0633445,-2.0641413,-2.0673354,-2.071344,-2.0759616,-2.070602,-2.0754018,-2.0787883,-2.073016,-2.0696044,-2.0681274,-2.0620286,-2.0590606,-2.0630062,-2.06404,-2.0603592,-2.0585723,-2.0580049,-2.0574877,-2.0611959,-2.0628705,-2.0670497,-2.075312,-2.0769095,-2.0760372,-2.0809598,-2.0809827,-2.0836337,-2.0817268,-2.080791,-2.0847468,-2.081573,-2.0837421
121,-0.3219287,-0.32702962,-0.33484823,-0.33945966,-0.34256065,-0.34777465,-0.3586319,-0.3663897,-0.37656698,-0.38538128,-0.39370728,-0.4021024,-0.4093396,-0.41554374,-0.41848725,-0.42652282,-0.43424004,-0.44311947,-0.45056933,-0.46070352,-0.46857214,-0.47761074,-0.4866766,-0.49529776,-0.5001564,-0.50698423,-0.5155279,-0.51735085,-0.52270126,-0.52899736,-0.5323529,-0.5355424,-0.5411087,-0.54738295,-0.55366325,-0.55476534,-0.5631629,-0.570804,-0.57666206,-0.5843544,-0.5861502,-0.59038883,-0.5950416,-0.59763515,-0.60375,-0.6072382,-0.6123049,-0.6137096,-0.6184934,-0.6229081,-0.6267889,-0.63502073,-0.639633,-0.6426865,-0.647168,-0.6527528,-0.65480524,-0.6577639,-0.6611738,-0.66433454,-0.6677618,-0.6724881,-0.67328405,-0.66765004,-0.666216,-0.6700996,-0.6702262,-0.67191344,-0.67064637,-0.6729806,-0.6786962,-0.6796357,-0.6818168,-0.6781703,-0.6763269,-0.68188655,-0.6817795,-0.6846657,-0.6832715,-0.684653,-0.6884149,-0.6869702,-0.69079894,-0.6928805,-0.69229066,-0.69425875,-0.69508475,-0.69979584,-0.6989106,-0.69689053,-0.6962919,-0.6938685,-0.6949355,-0.6954078,-0.69416493,-0.68791413,-0.68634224,-0.68837243,-0.68804085,-0.6885037,-0.68621624,-0.683289,-0.68395036,-0.6819502,-0.6835593,-0.679854,-0.67736924,-0.6737529,-0.67106307,-0.6719943,-0.66890913,-0.6669435,-0.6644808,-0.6644734,-0.6661259,-0.6683309,-0.66325986,-0.66149867,-0.66206646,-0.659059
122,-0.18166377,-0.20264713,-0.22669728,-0.2505458,-0.27472946,-0.30244237,-0.3247355,-0.34888187,-0.37035602,-0.3950277,-0.4166028,-0.44156265,-0.46615538,-0.4895025,-0.5109393,-0.5315074,-0.5541108,-0.574181,-0.59740335,-0.61662686,-0.6377317,-0.6577947,-0.6781322,-0.6977855,-0.72061783,-0.73808515,-0.76064795,-0.7764645,-0.79289067,-0.81044406,-0.8252579,-0.8433711,-0.8583562,-0.8793311,-0.8953517,-0.9136879,-0.93317974,-0.9522805,-0.97132033,-0.9878333,-1.0042466,-1.0202366,-1.031957,-1.0443311,-1.0600706,-1.0744616,-1.0879891,-1.1003478,-1.1141102,-1.129408,-1.1440961,-1.1619513,-1.1752388,-1.1905005,-1.2037041,-1.2161833,-1.2313235,-1.2404193,-1.2554578,-1.2668,-1.2810307,-1.290221,-1.3036292,-1.3152153,-1.3254758,-1.3414872,-1.3540957,-1.3683822,-1.3813882,-1.3940928,-1.4051864,-1.4139707,-1.4207164,-1.4288714,-1.4392776,-1.4511273,-1.460088,-1.4767715,-1.4844229,-1.4934666,-1.5042284,-1.5166537,-1.5282549,-1.5390285,-1.5393375,-1.5458106,-1.5559196,-1.5664569,-1.5759206,-1.5860645,-1.5948827,-1.6043313,-1.6124471,-1.6247275,-1.6319716,-1.6360528,-1.6394393,-1.6494677,-1.6575598,-1.666609,-1.675874,-1.6832409,-1.6888971,-1.693539,-1.7024028,-1.7089531,-1.7142832,-1.7265953,-1.7366457,-1.748161,-1.7527611,-1.7598326,-1.7675804,-1.7704341,-1.7778158,-1.7798151,-1.7893006,-1.7961619,-1.8031309,-1.8065052
123,-0.36007786,-0.36745563,-0.37479445,-0.3809908,-0.38327098,-0.39028394,-0.4012785,-0.40974277,-0.4189356,-0.42978674,-0.43815976,-0.44585642,-0.45361823,-0.46191168,-0.4664653,-0.4728283,-0.4799665,-0.4854102,-0.4894166,-0.49682802,-0.50151074,-0.5099657,-0.51691186,-0.5263233,-0.5331539,-0.53845686,-0.5434869,-0.5471796,-0.55430543,-0.5562147,-0.56234884,-0.5642132,-0.56814826,-0.5709296,-0.57144785,-0.5748599,-0.58078533,-0.5837661,-0.5850555,-0.5886974,-0.5935603,-0.5952902,-0.59988946,-0.59978056,-0.6032041,-0.6041509,-0.6074914,-0.6111983,-0.6090605,-0.61065114,-0.6127455,-0.6182391,-0.6218897,-0.62092745,-0.62212574,-0.6218819,-0.6257657,-0.6289531,-0.62861,-0.63029706,-0.63122743,-0.6293045,-0.6312038,-0.6323422,-0.6314493,-0.63107175,-0.62897545,-0.62888503,-0.6304218,-0.6309243,-0.6344784,-0.6303323,-0.627973,-0.62776107,-0.6259628,-0.6286536,-0.6304137,-0.6272605,-0.622748,-0.620448,-0.61924076,-0.6217783,-0.620762,-0.62039614,-0.61934406,-0.6191804,-0.615808,-0.6137537,-0.6115133,-0.6072479,-0.60517573,-0.6030791,-0.60079575,-0.59976614,-0.6011087,-0.59622747,-0.5937495,-0.59372574,-0.5897682,-0.5889498,-0.58844453,-0.58668405,-0.5817479,-0.58201164,-0.57904136,-0.57495695,-0.57252455,-0.5669371,-0.5676342,-0.5655477,-0.56124455,-0.55982095,-0.55950683,-0.5598092,-0.55340326,-0.5489559,-0.5460489,-0.54413754,-0.5431726,-0.5393549
124,-0.5066532,-0.5202621,-0.5310136,-0.54186857,-0.5497457,-0.56011766,-0.5745784,-0.5868692,-0.59900725,-0.61378664,-0.62404734,-0.634235,-0.6468789,-0.65424806,-0.6607453,-0.6666683,-0.6763538,-0.68330824,-0.69220674,-0.70121586,-0.7095832,-0.7203943,-0.72656065,-0.73372906,-0.7386257,-0.7466812,-0.7566516,-0.76010334,-0.7622203,-0.7664033,-0.7734937,-0.776223,-0.78004944,-0.78587496,-0.7928122,-0.7976111,-0.802371,-0.805383,-0.8111882,-0.81340724,-0.81580925,-0.81782436,-0.81975496,-0.8210639,-0.8245287,-0.82552826,-0.826612,-0.8273896,-0.82990503,-0.83178824,-0.83196974,-0.8375465,-0.8397366,-0.83920157,-0.839824,-0.8422351,-0.84264994,-0.8418721,-0.84397256,-0.84127915,-0.84512347,-0.8427186,-0.84433097,-0.84420407,-0.8442273,-0.8441738,-0.8439749,-0.8457178,-0.8466975,-0.84822214,-0.85080653,-0.8454404,-0.8473381,-0.8480333,-0.8420728,-0.8444454,-0.8445857,-0.84654206,-0.8420806,-0.8438404,-0.8421626,-0.8367608,-0.838122,-0.83607644,-0.83095294,-0.8281223,-0.82578295,-0.82768565,-0.8256451,-0.8232912,-0.82161075,-0.8218697,-0.82050693,-0.8205597,-0.8178536,-0.8108904,-0.8052899,-0.80377406,-0.7988895,-0.7962361,-0.7947361,-0.79125035,-0.78934795,-0.78924286,-0.78272164,-0.78181857,-0.7799522,-0.7803645,-0.77956927,-0.7710763,-0.76746696,-0.76577896,-0.7661246,-0.7628186,-0.7608099,-0.7579718,-0.7490018,-0.74338895,-0.7359276,-0.7311107
125,-0.82855785,-0.8357042,-0.8449141,-0.8476223,-0.8502833,-0.8593567,-0.8679169,-0.8727754,-0.88101166,-0.8903262,-0.89728796,-0.9043325,-0.9078457,-0.91158456,-0.9154113,-0.92282075,-0.9307636,-0.9399222,-0.94577664,-0.95063573,-0.95519555,-0.95975125,-0.96569204,-0.9704832,-0.97432536,-0.9830514,-0.98772156,-0.99054253,-0.9937317,-0.9963602,-1.0012329,-1.0053685,-1.0091164,-1.0155913,-1.0210536,-1.0294094,-1.0361034,-1.0405774,-1.0435321,-1.0443555,-1.0488986,-1.0502495,-1.0521196,-1.0554385,-1.0600836,-1.0668293,-1.0711403,-1.0736045,-1.0796019,-1.0842912,-1.0839942,-1.091474,-1.0990623,-1.0979877,-1.1017405,-1.108146,-1.1140769,-1.1081116,-1.1126598,-1.1134613,-1.1222827,-1.1240621,-1.1243739,-1.124638,-1.1253016,-1.1292913,-1.1325802,-1.1366098,-1.142644,-1.1485875,-1.153239,-1.1571224,-1.1586277,-1.1616709,-1.1696622,-1.1746811,-1.1766918,-1.180588,-1.1841588,-1.1883723,-1.1955316,-1.2037635,-1.2093565,-1.2154249,-1.2185875,-1.2219546,-1.2220789,-1.2290206,-1.2287972,-1.2334969,-1.238686,-1.2426285,-1.2458029,-1.250176,-1.2553211,-1.2538723,-1.2567594,-1.2549999,-1.2518483,-1.2556349,-1.262377,-1.264984,-1.2679027,-1.2665274,-1.2713292,-1.2755045,-1.2821304,-1.2882631,-1.2908896,-1.2961924,-1.3001173,-1.3006026,-1.3077029,-1.3051627,-1.3132282,-1.311442,-1.3150954,-1.3160164,-1.3146267,-1.3161025
126,0.53081816,0.5243362,0.5144819,0.5055121,0.49484634,0.48343992,0.4724022,0.4631319,0.45412636,0.4391919,0.4301966,0.42209238,0.4135244,0.40163416,0.39598727,0.38840038,0.37789637,0.36959618,0.36125654,0.35224444,0.34573263,0.33165923,0.32450125,0.3145122,0.30535716,0.29648057,0.28955755,0.28286567,0.2768447,0.27151674,0.2629351,0.25281465,0.24460292,0.23575592,0.23005065,0.22115283,0.21382204,0.20634039,0.19957301,0.19210808,0.18903333,0.18492922,0.17434719,0.16970298,0.15937299,0.15366754,0.14787436,0.14248721,0.13457626,0.1241941,0.11585753,0.10691051,0.09962431,0.09796186,0.08932602,0.08173057,0.073749624,0.065497614,0.06286449,0.057876874,0.053505935,0.0454187,0.0411856,0.03566301,0.03333669,0.027739251,0.019753065,0.009911215,0.0069259964,0.0005984145,-0.003337623,-0.0036147933,-0.009619945,-0.014219567,-0.02076023,-0.030663993,-0.034852616,-0.035918556,-0.03489727,-0.038113296,-0.041750155,-0.050033867,-0.057805013,-0.06389523,-0.07548165,-0.07803637,-0.08235956,-0.08811106,-0.09576547,-0.1013671,-0.10702602,-0.11092119,-0.11728269,-0.12290335,-0.12651965,-0.12608156,-0.1250399,-0.12824892,-0.12841412,-0.13228592,-0.13976267,-0.1494165,-0.1523191,-0.15922427,-0.16651414,-0.17340752,-0.17743461,-0.18230885,-0.19246845,-0.19732358,-0.20083404,-0.20841923,-0.21257141,-0.21387902,-0.22013661,-0.22123638,-0.22542897,-0.23202059,-0.23426215,-0.2401106
127,-1.1633729,-1.1703663,-1.1779416,-1.1861382,-1.1925399,-1.2025106,-1.2134935,-1.2243776,-1.2341222,-1.2470798,-1.2591339,-1.2714801,-1.2780874,-1.2847953,-1.2909696,-1.2974255,-1.3068979,-1.3147541,-1.3213494,-1.3318765,-1.3366382,-1.3418932,-1.3477459,-1.3542138,-1.359665,-1.36638,-1.3723652,-1.3705639,-1.3733467,-1.3733193,-1.373558,-1.3790457,-1.3835181,-1.391005,-1.3969405,-1.3988639,-1.404529,-1.4111135,-1.4136151,-1.4181616,-1.4178969,-1.4218538,-1.4257689,-1.4275934,-1.4299356,-1.4320663,-1.4319886,-1.433929,-1.4414753,-1.4443251,-1.4473258,-1.4505805,-1.4526985,-1.4544451,-1.4575977,-1.4576178,-1.4617349,-1.4532297,-1.457476,-1.4573529,-1.4577038,-1.4588488,-1.4596593,-1.4585216,-1.4535521,-1.455858,-1.4569906,-1.4535271,-1.4532775,-1.4562459,-1.4598157,-1.4567001,-1.4561456,-1.4510067,-1.4502555,-1.4511185,-1.4502416,-1.450486,-1.4443026,-1.4443411,-1.4474422,-1.447989,-1.4462044,-1.4488151,-1.4408836,-1.4385841,-1.4368867,-1.4365106,-1.4343418,-1.435387,-1.4341993,-1.4338132,-1.4264176,-1.4285413,-1.429352,-1.4276267,-1.4261305,-1.4250635,-1.4250987,-1.4262589,-1.4227732,-1.4195645,-1.4173911,-1.4133914,-1.4111164,-1.4084312,-1.4094388,-1.4073267,-1.4039704,-1.4034252,-1.400189,-1.3971037,-1.3961533,-1.392402,-1.3912292,-1.39337,-1.3919814,-1.3912469,-1.3859764,-1.3807156
128,0.75609887,0.74394464,0.72974026,0.7107046,0.6888112,0.668723,0.65383404,0.63717794,0.61973256,0.59851116,0.5827416,0.5650017,0.5465137,0.52975976,0.51070684,0.49369875,0.4761575,0.4582712,0.4429698,0.4273293,0.41172338,0.39365575,0.37867755,0.36560568,0.35159785,0.33748597,0.32390696,0.30865544,0.29345313,0.28040648,0.26714063,0.2527129,0.24200127,0.22638348,0.21655814,0.20425124,0.19358483,0.18029585,0.16836199,0.15596165,0.14729974,0.13420583,0.12308647,0.11455047,0.10010526,0.091004245,0.0804684,0.06840171,0.053096853,0.041802704,0.033808164,0.023222841,0.015492173,0.0027725897,-0.009874736,-0.022700008,-0.032293715,-0.045512505,-0.05568102,-0.06844979,-0.07845155,-0.091831386,-0.104163885,-0.11521049,-0.12656955,-0.13402258,-0.14031352,-0.14905599,-0.16109455,-0.17015587,-0.17882426,-0.19033936,-0.20196109,-0.20759483,-0.208532,-0.21990928,-0.2283167,-0.23490295,-0.23952298,-0.24525113,-0.25057104,-0.2592744,-0.26520067,-0.27658612,-0.27944928,-0.28382748,-0.29182282,-0.30093664,-0.30370626,-0.30829185,-0.31569508,-0.32132915,-0.32402855,-0.3303997,-0.33970967,-0.34476966,-0.3532795,-0.36130887,-0.36870593,-0.37783104,-0.3848893,-0.39297345,-0.39237314,-0.400916,-0.40762606,-0.41209787,-0.41662446,-0.42196387,-0.42540565,-0.43238816,-0.44200286,-0.44796744,-0.45106983,-0.4579783,-0.4649787,-0.46824962,-0.47426778,-0.48060542,-0.4851676,-0.48643428
129,0.002721732,-0.004839866,-0.011878208,-0.02659618,-0.039800264,-0.049360253,-0.06259973,-0.07587169,-0.09108485,-0.10721014,-0.121127084,-0.13264051,-0.14928505,-0.16409718,-0.17982374,-0.19277245,-0.20913461,-0.22158241,-0.23306723,-0.24768117,-0.25814575,-0.26890495,-0.28223175,-0.29589474,-0.30311412,-0.3159654,-0.32854968,-0.34208125,-0.3540343,-0.3629107,-0.37198874,-0.3852386,-0.39485174,-0.4098029,-0.42241722,-0.43353397,-0.44548663,-0.45568666,-0.4648067,-0.47683924,-0.48366523,-0.492591,-0.5032795,-0.5092029,-0.51985717,-0.52983177,-0.5377842,-0.54645836,-0.5508147,-0.5587169,-0.5719758,-0.58240706,-0.59108967,-0.59924525,-0.60624367,-0.6169644,-0.62660086,-0.6318658,-0.6409599,-0.647795,-0.65762174,-0.66530085,-0.6700441,-0.6770519,-0.6811306,-0.69094306,-0.69653815,-0.70508254,-0.71050733,-0.71753955,-0.7248856,-0.72859865,-0.73622245,-0.7456483,-0.74891895,-0.75828695,-0.76564014,-0.7748373,-0.7820314,-0.7896666,-0.79765755,-0.8049671,-0.8107802,-0.8130275,-0.8193291,-0.8246187,-0.8275343,-0.8332012,-0.8375312,-0.8434963,-0.84761924,-0.8511139,-0.8489671,-0.85568017,-0.8661844,-0.8705592,-0.87372655,-0.8775757,-0.8803358,-0.88170785,-0.8878891,-0.89190423,-0.8955797,-0.8964776,-0.8987125,-0.9053315,-0.90902746,-0.9127935,-0.9168606,-0.9233047,-0.92952764,-0.9340351,-0.94269276,-0.94748974,-0.9500287,-0.9538592,-0.9569953,-0.9600791,-0.9626132,-0.9640228
130,-0.5775612,-0.582523,-0.58635753,-0.5932963,-0.5997024,-0.603614,-0.610323,-0.61892045,-0.62878215,-0.63903624,-0.6483649,-0.6576388,-0.6668538,-0.67475414,-0.68443286,-0.69196194,-0.6997566,-0.7029716,-0.7118219,-0.7148135,-0.72029287,-0.7254361,-0.7335924,-0.7410675,-0.7482008,-0.75690746,-0.76587796,-0.76750267,-0.77561086,-0.7793573,-0.78255296,-0.7864247,-0.79291785,-0.79966855,-0.8059303,-0.81107503,-0.81902915,-0.8270648,-0.83659494,-0.8420521,-0.8440564,-0.8480608,-0.8466576,-0.8476594,-0.8560222,-0.86180466,-0.8647272,-0.8658902,-0.86756265,-0.86972505,-0.8743498,-0.8786915,-0.8828829,-0.8873822,-0.89098626,-0.8961681,-0.90052557,-0.89887255,-0.90270597,-0.9060547,-0.9125241,-0.91268,-0.91627157,-0.9190949,-0.91753405,-0.9228717,-0.92696744,-0.9308097,-0.9304182,-0.93230045,-0.93703425,-0.93865216,-0.9431462,-0.94655657,-0.9445111,-0.9473877,-0.95132464,-0.9529303,-0.9542931,-0.95509374,-0.95955694,-0.9603437,-0.9652729,-0.9696498,-0.9679136,-0.9729924,-0.9732548,-0.9760045,-0.9782686,-0.9772891,-0.9791831,-0.98169774,-0.98296946,-0.98556864,-0.98932,-0.9888134,-0.98463285,-0.98405534,-0.98145044,-0.98432714,-0.98578846,-0.98407567,-0.9818989,-0.98168314,-0.9839157,-0.9790405,-0.979095,-0.9819808,-0.9856907,-0.9907997,-0.99061185,-0.9884672,-0.99394673,-0.99584305,-0.9985051,-0.9983969,-0.99407625,-0.99496096,-0.9915511,-0.99412453
131,-0.65980345,-0.6600463,-0.66517806,-0.66506356,-0.66485345,-0.6681201,-0.67301434,-0.6759237,-0.6825719,-0.6874757,-0.69383395,-0.70119697,-0.7071262,-0.7145158,-0.71678185,-0.71890116,-0.7239467,-0.729696,-0.7340263,-0.7389949,-0.74457896,-0.74995023,-0.7534557,-0.76031274,-0.7625692,-0.76914513,-0.77429694,-0.774238,-0.77649075,-0.7756715,-0.77922046,-0.785761,-0.78796256,-0.7943651,-0.8021678,-0.8068941,-0.81300604,-0.8183526,-0.8263067,-0.82862014,-0.8312214,-0.83493346,-0.8419348,-0.8425565,-0.8415283,-0.8474431,-0.8491664,-0.85635024,-0.85916585,-0.86048937,-0.85906076,-0.8646494,-0.8693854,-0.86900663,-0.8713907,-0.8771806,-0.8824773,-0.87992656,-0.8861942,-0.8901617,-0.892861,-0.8945381,-0.89088476,-0.8896066,-0.8937869,-0.89658815,-0.89745915,-0.8998187,-0.9006503,-0.9019351,-0.9048711,-0.90303326,-0.9034279,-0.8989857,-0.89673394,-0.89990556,-0.9068948,-0.9074742,-0.9084628,-0.9133046,-0.9152683,-0.9203272,-0.91849214,-0.921157,-0.91847533,-0.9174186,-0.9120947,-0.9141738,-0.91252536,-0.9113512,-0.91157264,-0.9090646,-0.90645015,-0.9091007,-0.91001385,-0.91314906,-0.9131632,-0.9190629,-0.9196456,-0.92015725,-0.9187912,-0.91270447,-0.91269004,-0.90820134,-0.9104339,-0.9122163,-0.9167873,-0.9141714,-0.9142911,-0.91794884,-0.9158683,-0.912393,-0.91313183,-0.9120587,-0.9112857,-0.91381896,-0.913937,-0.9161277,-0.91298133,-0.9134844
132,0.06974943,0.06531596,0.0625675,0.059354335,0.05184125,0.043966316,0.03913012,0.032387026,0.030401876,0.023200234,0.016790148,0.010098143,0.0032810397,-0.0018832993,-0.0055853985,-0.008092437,-0.011813729,-0.014050826,-0.018485758,-0.020324431,-0.022943255,-0.023201616,-0.029009402,-0.03141851,-0.036198325,-0.03664145,-0.038232293,-0.036049806,-0.037059378,-0.03981657,-0.039090652,-0.03556735,-0.0349086,-0.036184806,-0.032146066,-0.033045493,-0.033044502,-0.035162073,-0.037570376,-0.035578582,-0.033589594,-0.032196272,-0.027733784,-0.025134575,-0.020702675,-0.018920157,-0.012186135,-0.0076696267,-0.008919256,-0.0108312415,-0.006440036,-0.003666687,-0.004495482,-0.0001801014,0.0028422691,0.007868056,0.009776235,0.014909697,0.017930219,0.018412903,0.021012282,0.021864966,0.023202242,0.025079126,0.027510917,0.030010965,0.034917258,0.039521728,0.041966334,0.04530147,0.045867596,0.055417378,0.057451546,0.057980847,0.058105588,0.06038327,0.059319012,0.059249174,0.061785825,0.062029056,0.06322438,0.06342412,0.06761004,0.06815218,0.07197386,0.070263885,0.07573524,0.078879446,0.08189158,0.08804232,0.09186898,0.09562965,0.10084766,0.10224875,0.1040061,0.10385133,0.104063585,0.109725,0.11438137,0.12112472,0.121813156,0.1257955,0.13573483,0.13941744,0.13802715,0.1411346,0.14527787,0.146225,0.14993612,0.15256815,0.15640333,0.15805934,0.1574778,0.16229114,0.16403343,0.16276136,0.16233823,0.16259378,0.16491112,0.16771701
133,0.11924289,0.11170399,0.1049193,0.096554324,0.084987804,0.0758074,0.066820785,0.055353213,0.04391535,0.03130776,0.018950615,0.009210607,-0.0044369055,-0.019477172,-0.028756578,-0.03945057,-0.050136346,-0.064822696,-0.07591362,-0.09006969,-0.09826879,-0.112099946,-0.12133272,-0.13309363,-0.14040498,-0.15154478,-0.16090012,-0.17186698,-0.18032213,-0.19149593,-0.2009954,-0.20719194,-0.21892639,-0.23136644,-0.23934479,-0.24924931,-0.26096144,-0.2723667,-0.28021842,-0.28861403,-0.2963479,-0.305602,-0.3113266,-0.32068968,-0.3288975,-0.33492026,-0.34253812,-0.35293278,-0.35875812,-0.37046823,-0.37451312,-0.3856291,-0.39520106,-0.40379366,-0.41416734,-0.42750454,-0.43534622,-0.44356814,-0.45103827,-0.4576529,-0.4668352,-0.47332773,-0.4836188,-0.4858895,-0.4958926,-0.506642,-0.5139807,-0.522246,-0.5297715,-0.5340744,-0.5417099,-0.54780006,-0.55224615,-0.55898154,-0.5657916,-0.5759592,-0.5848336,-0.5897175,-0.60070807,-0.6065389,-0.6140081,-0.6187399,-0.6249479,-0.63259757,-0.6370666,-0.64374006,-0.65027505,-0.66145295,-0.6658462,-0.6682892,-0.6748955,-0.68387306,-0.6930796,-0.70132285,-0.71020675,-0.7130779,-0.71522987,-0.7235811,-0.72803795,-0.73163307,-0.74025774,-0.74110466,-0.7457756,-0.7467607,-0.7501642,-0.7554716,-0.76189965,-0.7705399,-0.7769424,-0.78363264,-0.78941584,-0.7960186,-0.8026231,-0.81073713,-0.8152326,-0.8217534,-0.8294009,-0.83497524,-0.84103143,-0.84930336
134,-0.704871,-0.7120248,-0.71783453,-0.72034,-0.72464705,-0.72976863,-0.74032915,-0.75123584,-0.7618091,-0.77388346,-0.7830038,-0.7917639,-0.79971755,-0.8062378,-0.8087592,-0.8143198,-0.82276505,-0.8296844,-0.8368613,-0.84807456,-0.8552469,-0.8627528,-0.87052697,-0.87662554,-0.8806769,-0.8894924,-0.8973352,-0.90136606,-0.9035832,-0.91243017,-0.91702336,-0.9252912,-0.93249524,-0.93651885,-0.94468653,-0.9510175,-0.96144664,-0.9668144,-0.96933556,-0.9720888,-0.977887,-0.980526,-0.9890195,-0.9954346,-0.99581593,-0.997728,-0.9994486,-1.0040705,-1.0064366,-1.0083599,-1.0108898,-1.0184774,-1.0214101,-1.0261252,-1.031127,-1.0383112,-1.039886,-1.0364487,-1.0413873,-1.0439532,-1.0493687,-1.0470302,-1.0479202,-1.0456692,-1.0470172,-1.0545113,-1.0560516,-1.059583,-1.0627797,-1.0649878,-1.0704485,-1.0695679,-1.0686109,-1.0682532,-1.0671741,-1.0712641,-1.0740291,-1.0790642,-1.0811442,-1.0818031,-1.0854883,-1.0894097,-1.0905377,-1.0912087,-1.0888493,-1.0834402,-1.0865033,-1.0891132,-1.0891135,-1.0935204,-1.0962057,-1.0996873,-1.098436,-1.1000346,-1.1055086,-1.1054015,-1.0971572,-1.096862,-1.0963851,-1.0958629,-1.0953088,-1.0970402,-1.0948582,-1.0945637,-1.0934196,-1.095071,-1.0956382,-1.0942787,-1.0944701,-1.1016043,-1.1008137,-1.1007693,-1.1001008,-1.1031966,-1.1034082,-1.1085608,-1.1105833,-1.1167591,-1.1166799,-1.1126369
135,-0.32132605,-0.32314458,-0.32789397,-0.33395985,-0.33967435,-0.34638327,-0.35541764,-0.36399177,-0.37702617,-0.38859987,-0.39961585,-0.4109622,-0.42165938,-0.43249083,-0.43986377,-0.44982547,-0.46071237,-0.4719163,-0.47983098,-0.49331182,-0.5048777,-0.51303446,-0.5244383,-0.5343038,-0.54408187,-0.5546393,-0.56503946,-0.570953,-0.5784992,-0.5883173,-0.5960066,-0.6053297,-0.6119107,-0.6195306,-0.62766236,-0.6364119,-0.64562833,-0.65353966,-0.6597971,-0.6671776,-0.67232263,-0.68177545,-0.68914026,-0.6986447,-0.70433915,-0.71147853,-0.7174099,-0.7259026,-0.72995794,-0.7376672,-0.7456045,-0.7544645,-0.7641273,-0.7666968,-0.7742988,-0.78303057,-0.79144627,-0.7945981,-0.8048482,-0.81182146,-0.8181327,-0.8225764,-0.82477725,-0.83049744,-0.83778924,-0.8407701,-0.8478037,-0.8547784,-0.86048174,-0.86879236,-0.8762234,-0.8795983,-0.8793052,-0.8822566,-0.8876823,-0.89151895,-0.8949646,-0.9007389,-0.9031599,-0.9061116,-0.91386175,-0.9182517,-0.926442,-0.9297415,-0.9312689,-0.9329864,-0.9400269,-0.94179,-0.9410558,-0.94287556,-0.94657147,-0.9486181,-0.9489759,-0.9571866,-0.9615199,-0.9594118,-0.95744246,-0.959606,-0.9624475,-0.9666683,-0.972398,-0.97342014,-0.976853,-0.9743512,-0.98356944,-0.9850491,-0.98827523,-0.99081403,-0.99446946,-1.0027688,-1.0040472,-1.0059407,-1.0095445,-1.0093573,-1.015263,-1.017243,-1.0193564,-1.0204871,-1.023813,-1.0215458
136,-0.32744715,-0.3340558,-0.34079546,-0.34868127,-0.36051154,-0.36893648,-0.3808786,-0.38949326,-0.40156436,-0.41346535,-0.42416057,-0.43766633,-0.44732055,-0.45809644,-0.46545106,-0.4730177,-0.48253626,-0.4906246,-0.5014773,-0.5130376,-0.5199624,-0.52601177,-0.5351871,-0.54307526,-0.5537519,-0.56135976,-0.56989884,-0.57524055,-0.5791005,-0.59017384,-0.5941632,-0.6045769,-0.61258566,-0.62248707,-0.6306725,-0.6355725,-0.6442581,-0.6535136,-0.65669507,-0.6632162,-0.66634756,-0.6717868,-0.6793052,-0.68566287,-0.691229,-0.6955416,-0.7007755,-0.6996776,-0.7044335,-0.7130756,-0.72056025,-0.7275777,-0.73210204,-0.73893213,-0.7429814,-0.7509371,-0.7559282,-0.75847834,-0.76339996,-0.7675861,-0.7756885,-0.78183776,-0.78791296,-0.790203,-0.79490983,-0.7998775,-0.803969,-0.8117331,-0.81859195,-0.82163763,-0.8250168,-0.82858706,-0.8267067,-0.8290893,-0.8358682,-0.8413293,-0.8442694,-0.85087806,-0.8533411,-0.85967475,-0.86847734,-0.87231,-0.877742,-0.87912977,-0.8751055,-0.87211525,-0.87193,-0.8755617,-0.87446606,-0.88162315,-0.88399255,-0.8886012,-0.890412,-0.89512384,-0.8996585,-0.8977259,-0.89729625,-0.9046534,-0.9060691,-0.9077321,-0.90872544,-0.90950567,-0.9143486,-0.9138473,-0.9151743,-0.9142181,-0.91711396,-0.91820335,-0.92311364,-0.927749,-0.93052757,-0.933575,-0.9369869,-0.93209094,-0.9337991,-0.93176067,-0.93831795,-0.9405897,-0.94333124,-0.94258803
137,-0.3300652,-0.3405532,-0.34958404,-0.35584313,-0.36240345,-0.37022382,-0.38168073,-0.39260048,-0.40283957,-0.41309673,-0.42139477,-0.43499532,-0.4432785,-0.45200604,-0.45811668,-0.46741757,-0.47576317,-0.47800303,-0.487545,-0.49418455,-0.5001642,-0.51459455,-0.5259417,-0.53540736,-0.54202807,-0.550037,-0.55753314,-0.5668762,-0.5736479,-0.5838192,-0.5881091,-0.59265035,-0.6009272,-0.6084934,-0.61715734,-0.6204653,-0.6296553,-0.63779265,-0.64677274,-0.6557361,-0.6599433,-0.666219,-0.67087185,-0.6758882,-0.67916185,-0.68641055,-0.68940187,-0.69363415,-0.6972567,-0.7045731,-0.7079477,-0.7133728,-0.7182652,-0.72352296,-0.72662306,-0.7313934,-0.73631907,-0.73322105,-0.7361963,-0.7387874,-0.7415832,-0.7415621,-0.74404204,-0.7515148,-0.75386745,-0.7556914,-0.7607101,-0.7632102,-0.76592433,-0.76987004,-0.7745885,-0.7770667,-0.7804474,-0.78298897,-0.7843137,-0.78994346,-0.7960726,-0.7964591,-0.79830873,-0.80069244,-0.80490464,-0.81030715,-0.8142414,-0.8189535,-0.81960857,-0.8177258,-0.8217368,-0.82231313,-0.82474184,-0.8228692,-0.8232609,-0.8231133,-0.82278883,-0.8250979,-0.8287074,-0.82832175,-0.826764,-0.8249954,-0.8229946,-0.82478493,-0.8234485,-0.8245099,-0.81952,-0.81882226,-0.8194431,-0.8189195,-0.82098705,-0.8251845,-0.8255498,-0.82995844,-0.82700443,-0.82649165,-0.8285934,-0.82404375,-0.82655126,-0.82673913,-0.8268625,-0.82361287,-0.8246732,-0.82221746
138,0.23692575,0.22961743,0.219377,0.2134361,0.20705779,0.19607413,0.18888518,0.17877637,0.17175475,0.1622342,0.15389541,0.14263856,0.1335288,0.12351744,0.113893054,0.10737989,0.09772725,0.09163996,0.08387261,0.076899715,0.06561507,0.05590602,0.046882227,0.041568853,0.034534585,0.028234031,0.020676043,0.014820492,0.014131555,0.008008314,0.0003115108,-0.004842507,-0.009414484,-0.016135704,-0.019807098,-0.024644239,-0.027931297,-0.038176697,-0.04540498,-0.049930483,-0.053382613,-0.057130195,-0.064838775,-0.06603553,-0.07006514,-0.071649134,-0.07154879,-0.07651631,-0.08104429,-0.083761886,-0.087189704,-0.08854685,-0.09330434,-0.09958063,-0.09983021,-0.101724505,-0.104746744,-0.10801725,-0.11042639,-0.113782346,-0.11636728,-0.11758373,-0.12270789,-0.12593757,-0.12440137,-0.1260266,-0.12397095,-0.1258148,-0.12886626,-0.12995496,-0.13344516,-0.12454323,-0.1251971,-0.12483571,-0.123117305,-0.12831876,-0.13127382,-0.13391195,-0.13386108,-0.13180976,-0.13322344,-0.13668868,-0.13749172,-0.13958928,-0.14188471,-0.14562437,-0.14469302,-0.14759172,-0.14890699,-0.1496788,-0.1524124,-0.15364423,-0.14714935,-0.14389141,-0.14835657,-0.1480911,-0.14559945,-0.14572847,-0.14558138,-0.14322892,-0.13879624,-0.14036568,-0.13942736,-0.1436535,-0.14501518,-0.14796501,-0.14700465,-0.1486576,-0.15024798,-0.15159054,-0.15030344,-0.14798978,-0.14750901,-0.15043373,-0.1547352,-0.15954845,-0.15940972,-0.15766735,-0.15271695,-0.15235391
139,-0.87562764,-0.8872528,-0.899823,-0.9105398,-0.92262995,-0.93634766,-0.9522439,-0.96643245,-0.98080283,-0.99592924,-1.0110236,-1.028761,-1.0451903,-1.0573779,-1.071459,-1.0853875,-1.1012318,-1.1164205,-1.1298753,-1.1439903,-1.153251,-1.1653459,-1.177082,-1.1895235,-1.2005931,-1.2132522,-1.2279809,-1.2404726,-1.2479588,-1.2566969,-1.268163,-1.2781196,-1.2879008,-1.3019369,-1.3104624,-1.3153231,-1.327207,-1.3371692,-1.347162,-1.3570926,-1.3647836,-1.3751142,-1.3840863,-1.3905338,-1.4031422,-1.4116646,-1.4210107,-1.4320555,-1.4382212,-1.4463865,-1.4514734,-1.460112,-1.467536,-1.4788568,-1.4861094,-1.4976236,-1.5029132,-1.50814,-1.5117923,-1.5178341,-1.5278512,-1.530378,-1.5406351,-1.5467125,-1.5522882,-1.5595281,-1.5677449,-1.5734488,-1.5770289,-1.5843958,-1.5909622,-1.5908215,-1.594056,-1.6024338,-1.6064829,-1.6159328,-1.6210282,-1.6277317,-1.6329399,-1.637304,-1.6451906,-1.6520687,-1.6536249,-1.6569659,-1.6597872,-1.6611669,-1.665065,-1.6696653,-1.6760559,-1.6829402,-1.688051,-1.6968673,-1.6971782,-1.7025146,-1.7053028,-1.7051477,-1.704682,-1.7088997,-1.7121817,-1.7165263,-1.7174501,-1.715654,-1.7154764,-1.717959,-1.7223667,-1.7235506,-1.729909,-1.7350746,-1.7368377,-1.7425926,-1.7452348,-1.7433662,-1.7462057,-1.7501936,-1.75667,-1.7580345,-1.7596096,-1.7648941,-1.7658336,-1.7658606
140,-0.2447789,-0.2551182,-0.26607978,-0.2752545,-0.28244528,-0.2937018,-0.3074227,-0.32028168,-0.33295017,-0.3467421,-0.36102298,-0.37466902,-0.38913798,-0.4023946,-0.41019034,-0.4233868,-0.4352387,-0.44538626,-0.45587045,-0.46595746,-0.47623068,-0.4873968,-0.50111,-0.5137982,-0.5260221,-0.54014426,-0.55466783,-0.5660583,-0.57828057,-0.5924212,-0.6055956,-0.61326677,-0.622781,-0.63614506,-0.6467369,-0.6533669,-0.6678723,-0.6815861,-0.6898957,-0.7035743,-0.7156725,-0.7279354,-0.73794067,-0.75242895,-0.7617225,-0.77025974,-0.7798136,-0.78634614,-0.7952187,-0.8036839,-0.8089123,-0.8205372,-0.8297677,-0.8348588,-0.84398985,-0.8548447,-0.86717767,-0.8762482,-0.8845433,-0.89704734,-0.90655744,-0.9125155,-0.919738,-0.92259324,-0.9302529,-0.93860024,-0.9493648,-0.96088374,-0.9681759,-0.97847164,-0.9885572,-0.99483174,-0.995082,-1.0003612,-1.0079515,-1.0161889,-1.0224572,-1.0295221,-1.0316662,-1.0338638,-1.0433648,-1.0512937,-1.0636778,-1.0697196,-1.0753664,-1.0802971,-1.0870521,-1.0957705,-1.1004688,-1.1078953,-1.1145303,-1.1187241,-1.1196593,-1.1246748,-1.1324469,-1.1320168,-1.1326108,-1.1361959,-1.1427056,-1.1500462,-1.154087,-1.1544528,-1.1575434,-1.1600101,-1.1634403,-1.1690118,-1.1704159,-1.1726582,-1.180484,-1.1864766,-1.1868931,-1.1913824,-1.198688,-1.1999956,-1.2091833,-1.2115213,-1.2108268,-1.2147696,-1.2169505,-1.2234378
141,-0.13613953,-0.14637148,-0.15478499,-0.16392556,-0.17400771,-0.18451361,-0.1957235,-0.20485845,-0.21593168,-0.22786514,-0.24009708,-0.25154012,-0.2623676,-0.27066594,-0.27858123,-0.28690606,-0.2974824,-0.30778843,-0.31197137,-0.3197996,-0.32493657,-0.3351636,-0.34208506,-0.3517508,-0.3574703,-0.36192936,-0.3695938,-0.37846112,-0.38364094,-0.38629004,-0.39438254,-0.39836174,-0.40518102,-0.41102377,-0.4169484,-0.42409897,-0.43097502,-0.43756992,-0.44442767,-0.44922987,-0.45472947,-0.4607895,-0.46581888,-0.47154483,-0.47682405,-0.48038077,-0.48562866,-0.48387823,-0.48863202,-0.48842955,-0.4909051,-0.49740964,-0.50188434,-0.5075821,-0.51251125,-0.5180875,-0.52413094,-0.5238204,-0.52823865,-0.53092825,-0.5382517,-0.5385881,-0.5457129,-0.54683125,-0.5471493,-0.550777,-0.553649,-0.55654955,-0.560157,-0.5639223,-0.5716468,-0.5737735,-0.5779563,-0.57712424,-0.58077496,-0.5845952,-0.58885777,-0.592247,-0.5904847,-0.59271246,-0.59611183,-0.600459,-0.6042199,-0.60673124,-0.60787845,-0.6122812,-0.61730784,-0.62114596,-0.623403,-0.6223105,-0.6244246,-0.62689465,-0.62493205,-0.6271044,-0.630949,-0.62623334,-0.63248867,-0.6350005,-0.637939,-0.6405667,-0.64157176,-0.6415213,-0.64200807,-0.64035547,-0.64319783,-0.6446694,-0.6461031,-0.65081555,-0.65349394,-0.65721333,-0.6559777,-0.6597174,-0.6602431,-0.6580189,-0.6610849,-0.66432947,-0.66744345,-0.6685895,-0.6696337,-0.6685275
142,-0.7196735,-0.73614585,-0.7489356,-0.76618356,-0.7800782,-0.7910704,-0.80663234,-0.8214923,-0.8359047,-0.85113925,-0.8614132,-0.8723434,-0.88587123,-0.897277,-0.9084612,-0.9171505,-0.929004,-0.9416188,-0.9531415,-0.96460056,-0.9742074,-0.9832554,-0.9925045,-1.0003806,-1.0109637,-1.0205705,-1.030703,-1.0350349,-1.0413946,-1.0493091,-1.0567229,-1.0674088,-1.0770266,-1.0879629,-1.0983192,-1.1064544,-1.1177673,-1.1275488,-1.1383035,-1.1461506,-1.1533346,-1.1595951,-1.1680844,-1.1715877,-1.1793909,-1.1849588,-1.1951014,-1.199585,-1.2064356,-1.2140081,-1.2191211,-1.2280661,-1.2364371,-1.2437308,-1.2468178,-1.2509507,-1.2561363,-1.2535651,-1.2568601,-1.2597492,-1.2656083,-1.2676754,-1.272551,-1.277463,-1.281353,-1.2864487,-1.2937167,-1.2972094,-1.2954732,-1.302109,-1.3093941,-1.3125613,-1.3173558,-1.326102,-1.3300836,-1.3323647,-1.3387793,-1.3447382,-1.3460233,-1.3514365,-1.3553725,-1.3611374,-1.3659675,-1.3698595,-1.3718092,-1.3676336,-1.3735138,-1.3775979,-1.3805805,-1.3810308,-1.3861358,-1.3906157,-1.3904784,-1.3910455,-1.395179,-1.3932946,-1.3970287,-1.3973746,-1.397227,-1.4012532,-1.4042877,-1.40658,-1.4073166,-1.4128535,-1.4151659,-1.4168096,-1.4198399,-1.4277444,-1.4299167,-1.4337347,-1.4359157,-1.4365637,-1.4417069,-1.439886,-1.4429219,-1.4430262,-1.4462585,-1.4461635,-1.447355,-1.4485565
143,-0.8964964,-0.89949,-0.90595007,-0.9108961,-0.9131131,-0.9214524,-0.92935926,-0.93479365,-0.9412856,-0.94601405,-0.94741297,-0.95329607,-0.95617944,-0.95985115,-0.9636701,-0.96668893,-0.9689163,-0.97174454,-0.9766863,-0.9793323,-0.9818675,-0.9841884,-0.9869927,-0.991587,-0.9937397,-0.997941,-1.0024642,-1.0041317,-1.0036696,-1.0067517,-1.0072153,-1.0089743,-1.01034,-1.0166969,-1.0201449,-1.0219262,-1.0279096,-1.0281066,-1.0297134,-1.0334356,-1.034292,-1.0366976,-1.0405458,-1.0433841,-1.0423617,-1.045939,-1.0466442,-1.0461199,-1.0456585,-1.0486073,-1.0473465,-1.0505064,-1.0565908,-1.0569247,-1.0559403,-1.0592507,-1.0593929,-1.0523227,-1.0577798,-1.0564045,-1.0599786,-1.0533619,-1.053223,-1.0521691,-1.0544205,-1.0543251,-1.0566365,-1.0602624,-1.0615246,-1.0605711,-1.0627067,-1.058649,-1.0596862,-1.0552691,-1.0540848,-1.0567886,-1.0550419,-1.0556769,-1.0567421,-1.0609739,-1.0620534,-1.0615002,-1.0635414,-1.069514,-1.068186,-1.0654671,-1.0645803,-1.0631287,-1.0598786,-1.0635706,-1.0631256,-1.0630535,-1.0598018,-1.057281,-1.0588468,-1.0527718,-1.0456178,-1.0433618,-1.0383842,-1.035059,-1.0329112,-1.0288445,-1.029078,-1.0281914,-1.0275266,-1.0252824,-1.0249441,-1.0257814,-1.0259864,-1.02827,-1.0259241,-1.0237801,-1.0244418,-1.0201833,-1.0191079,-1.0177251,-1.0158455,-1.0123847,-1.0106375,-1.0083464
144,-0.6448332,-0.6535683,-0.6624266,-0.6687553,-0.67551214,-0.68165576,-0.69478965,-0.7051869,-0.71727145,-0.72709024,-0.73565733,-0.7424483,-0.749333,-0.7610644,-0.7667548,-0.77185774,-0.77982074,-0.78820354,-0.7957925,-0.8054064,-0.8127438,-0.8181532,-0.82854116,-0.8343536,-0.8413526,-0.8503771,-0.857499,-0.8635351,-0.86723745,-0.87438357,-0.8801287,-0.8853221,-0.8903062,-0.90030783,-0.9054368,-0.91160697,-0.91864556,-0.92548865,-0.93089855,-0.93819743,-0.9435258,-0.9470992,-0.95299625,-0.9550174,-0.9598446,-0.9652748,-0.97103405,-0.97645456,-0.976308,-0.97995913,-0.9797348,-0.98547554,-0.99225235,-0.992346,-0.99388427,-0.9957403,-0.99993026,-0.9983698,-1.0079968,-1.013505,-1.0188421,-1.023522,-1.0276598,-1.0306103,-1.0319333,-1.037189,-1.0409949,-1.0403774,-1.042921,-1.0476894,-1.0526806,-1.0540053,-1.05674,-1.0581745,-1.0602251,-1.0682666,-1.0719849,-1.0772111,-1.0778029,-1.08181,-1.0864538,-1.0920182,-1.0958678,-1.1004729,-1.1024826,-1.1006266,-1.1054695,-1.1072333,-1.1079146,-1.1115052,-1.1164794,-1.1182449,-1.1171224,-1.1194913,-1.1228398,-1.1164161,-1.1167605,-1.1214998,-1.1244857,-1.1250312,-1.1268963,-1.1283388,-1.1314638,-1.1328228,-1.1342487,-1.1385918,-1.1409184,-1.142259,-1.1468788,-1.147392,-1.1492175,-1.149104,-1.1532426,-1.1529166,-1.1575671,-1.1586325,-1.1568481,-1.1590434,-1.1578661,-1.152951
