ROI,Month_0,Month_1,Month_2,Month_3,Month_4,Month_5,Month_6,Month_7,Month_8,Month_9,Month_10,Month_11,Month_12,Month_13,Month_14,Month_15,Month_16,Month_17,Month_18,Month_19,Month_20,Month_21,Month_22,Month_23,Month_24,Month_25,Month_26,Month_27,Month_28,Month_29,Month_30,Month_31,Month_32,Month_33,Month_34,Month_35,Month_36,Month_37,Month_38,Month_39,Month_40,Month_41,Month_42,Month_43,Month_44,Month_45,Month_46,Month_47,Month_48,Month_49,Month_50,Month_51,Month_52,Month_53,Month_54,Month_55,Month_56,Month_57,Month_58,Month_59,Month_60,Month_61,Month_62,Month_63,Month_64,Month_65,Month_66,Month_67,Month_68,Month_69
0_real,0.37648818,,,,,,,,,,,,,,,,0.67234814,,,,,,,,,,,,,,,,,,,,,,,,,,,,,,,,,,,,,,,,,,,,,,,,,,,,,
0_gen,0.37648818,0.38047862,0.38618153,0.38996387,0.39516553,0.40118948,0.40475526,0.40979904,0.41476426,0.41968617,0.425558,0.42975459,0.4351508,0.4394667,0.44371015,0.44911653,0.4536304,0.45985642,0.4639532,0.46925396,0.47376195,0.47772616,0.48023376,0.48389697,0.4862426,0.4908703,0.49585253,0.49943504,0.5043668,0.5083431,0.5124558,0.51841617,0.5228917,0.5287301,0.5334218,0.53637135,0.54019487,0.5450094,0.54804075,0.55365026,0.55677044,0.5608738,0.56588423,0.5702654,0.5742251,0.57774645,0.5822491,0.5874921,0.5921448,0.5967932,0.6016599,0.6059177,0.610635,0.6142615,0.61957264,0.6234012,0.62730587,0.63137734,0.6379683,0.6417491,0.64747566,0.6519744,0.65641415,0.6627805,0.6678964,0.67006046,0.67356616,0.6780013,0.68369275,0.6889193
1_real,1.6432891,,,,,,,,,,,,,,,,1.5641216,,,,,,,,,,,,,,,,,,,,,,,,,,,,,,,,,,,,,,,,,,,,,,,,,,,,,
1_gen,1.6432893,1.6436234,1.6461012,1.6484439,1.6495798,1.6525244,1.6556485,1.6573207,1.6594698,1.6622782,1.662845,1.6638727,1.6672039,1.6684135,1.669363,1.6724812,1.6721264,1.6741953,1.6771724,1.6773813,1.6799991,1.6815315,1.6831617,1.6837261,1.6862867,1.6877253,1.6902813,1.6909864,1.6936947,1.6962078,1.698406,1.7005392,1.7019991,1.7024896,1.7041376,1.707229,1.7097679,1.7133354,1.715761,1.7186401,1.7205153,1.7220913,1.7224667,1.7239759,1.7250274,1.7275717,1.7288738,1.7314523,1.7332404,1.7344395,1.7374407,1.7399414,1.7411785,1.7428753,1.7434257,1.7442474,1.7463833,1.7493137,1.7503376,1.752701,1.7533295,1.7545913,1.756786,1.7578844,1.7593178,1.762202,1.7640593,1.7652086,1.7674522,1.768898
2_real,0.58379203,,,,,,,,,,,,,,,,0.5042577,,,,,,,,,,,,,,,,,,,,,,,,,,,,,,,,,,,,,,,,,,,,,,,,,,,,,
2_gen,0.5837921,0.5761525,0.57313114,0.5670179,0.55898297,0.5554637,0.5492968,0.5448721,0.54227245,0.53768396,0.52937156,0.52782744,0.5217017,0.51555914,0.5105862,0.50626075,0.5019196,0.49727145,0.4919857,0.48863083,0.48529297,0.47901982,0.47375733,0.4710309,0.46634793,0.46325493,0.46226016,0.45648116,0.45415515,0.4501198,0.44616753,0.44336972,0.43850136,0.4330566,0.4259542,0.42117825,0.41777983,0.41428047,0.4109214,0.40905914,0.40467715,0.4027987,0.3998118,0.3950964,0.39037395,0.3827743,0.3818235,0.378521,0.37381658,0.37250513,0.37193027,0.36755317,0.3633116,0.3577413,0.3535993,0.34785092,0.34467793,0.34135512,0.33807582,0.33668166,0.33112612,0.32710236,0.3237946,0.31973618,0.31462583,0.31330523,0.30968574,0.30617943,0.30462986,0.30022705
3_real,0.48477122,,,,,,,,,,,,,,,,0.6231924,,,,,,,,,,,,,,,,,,,,,,,,,,,,,,,,,,,,,,,,,,,,,,,,,,,,,
3_gen,0.4847712,0.47492975,0.46820736,0.46215853,0.4549845,0.45022792,0.4435206,0.43652305,0.43074948,0.4237997,0.41964182,0.4142498,0.40624857,0.4000605,0.3954951,0.39345604,0.38851228,0.38182968,0.37902132,0.37174043,0.36620653,0.36147553,0.35693341,0.35559702,0.35436824,0.3519052,0.34571403,0.33897686,0.3368046,0.33389097,0.33088064,0.32890168,0.3259573,0.32000357,0.31623465,0.31257668,0.30978075,0.30623204,0.30400395,0.29875323,0.29743728,0.29469988,0.29146987,0.28722173,0.28613332,0.28116912,0.27852497,0.27425522,0.27019414,0.2655551,0.26274428,0.25994533,0.2549693,0.25381562,0.25089785,0.24586006,0.24251346,0.23646161,0.23095343,0.22900519,0.22537705,0.22360101,0.22027262,0.21528777,0.20895699,0.20708764,0.20283051,0.19913085,0.19944063,0.19509825
4_real,2.0526888,,,,,,,,,,,,,,,,1.9399445,,,,,,,,,,,,,,,,,,,,,,,,,,,,,,,,,,,,,,,,,,,,,,,,,,,,,
4_gen,2.0526888,2.04823,2.0477953,2.0482316,2.042771,2.043274,2.036494,2.0351877,2.0274818,2.0274749,2.027862,2.0206208,2.0208468,2.0209863,2.0216675,2.0217276,2.0188358,2.0153003,2.012831,2.0133424,2.008262,2.0020387,2.003385,2.0020924,1.9990019,1.9942738,1.9983469,1.99705,1.9939686,1.992573,1.9912163,1.991812,1.996921,1.991465,1.9914802,1.9925582,1.9871899,1.9857051,1.9826248,1.9798756,1.9771149,1.978018,1.9734255,1.9706513,1.96658,1.9610455,1.9570326,1.9542688,1.9566647,1.9520181,1.948008,1.9488096,1.9434296,1.9419178,1.9406002,1.9374489,1.9344345,1.9327071,1.928313,1.9259684,1.9209646,1.9185352,1.9182959,1.9145164,1.9124496,1.9091104,1.9028428,1.8976252,1.8924023,1.8897665
5_real,3.2192883,,,,,,,,,,,,,,,,3.5614018,,,,,,,,,,,,,,,,,,,,,,,,,,,,,,,,,,,,,,,,,,,,,,,,,,,,,
5_gen,3.2192883,3.2098968,3.2048097,3.2031708,3.1969836,3.1943748,3.189633,3.1869738,3.186568,3.1829684,3.1811843,3.1761508,3.1737313,3.16994,3.1698666,3.167768,3.1661134,3.1641076,3.160464,3.1580634,3.1533983,3.152859,3.1529884,3.1480174,3.146961,3.147535,3.1451554,3.1443872,3.1433687,3.14752,3.149447,3.1456754,3.1396656,3.1382945,3.1398482,3.1353853,3.1312916,3.1311955,3.1269345,3.128138,3.1273487,3.122126,3.1203008,3.1205373,3.1193624,3.1173704,3.1132867,3.111875,3.1116729,3.108888,3.1041627,3.1015823,3.1031094,3.0997958,3.094438,3.091386,3.0817018,3.0831304,3.0836682,3.0815701,3.0793257,3.0786848,3.07775,3.0749242,3.072734,3.0696304,3.0610037,3.0587914,3.0593543,3.0545292
6_real,-0.9868067,,,,,,,,,,,,,,,,-0.99023813,,,,,,,,,,,,,,,,,,,,,,,,,,,,,,,,,,,,,,,,,,,,,,,,,,,,,
6_gen,-0.98680675,-0.9915538,-0.99419135,-0.9975775,-1.0019605,-1.004983,-1.0073738,-1.0100139,-1.0140175,-1.016126,-1.0184082,-1.021424,-1.0226882,-1.0234001,-1.0253996,-1.0268382,-1.0296922,-1.0319597,-1.0340483,-1.0361652,-1.0358999,-1.0366408,-1.0375929,-1.0382951,-1.03969,-1.0421764,-1.0421612,-1.0439082,-1.0449153,-1.045572,-1.0473394,-1.0480182,-1.0498434,-1.0509995,-1.0525146,-1.0544366,-1.0571874,-1.0580654,-1.0596603,-1.060247,-1.0597185,-1.0605621,-1.0625215,-1.0640417,-1.0658948,-1.0673863,-1.06934,-1.0718124,-1.07352,-1.0759088,-1.0778801,-1.0787554,-1.0793312,-1.0813372,-1.0822746,-1.0843999,-1.0859162,-1.0879903,-1.0898106,-1.0906408,-1.0943564,-1.0955869,-1.0975584,-1.0987115,-1.0995058,-1.1014858,-1.1034046,-1.1039225,-1.1058939,-1.1076424
7_real,-0.20698655,,,,,,,,,,,,,,,,-0.123973005,,,,,,,,,,,,,,,,,,,,,,,,,,,,,,,,,,,,,,,,,,,,,,,,,,,,,
7_gen,-0.20698655,-0.20929146,-0.2088265,-0.21059677,-0.21210892,-0.2115006,-0.21140727,-0.21184735,-0.21174791,-0.2103653,-0.21055715,-0.20914519,-0.20681374,-0.20631282,-0.20535998,-0.20416728,-0.20324369,-0.2031266,-0.2010403,-0.20115797,-0.19955063,-0.19818763,-0.19575706,-0.19560602,-0.19371995,-0.19312823,-0.18960778,-0.1891638,-0.1854692,-0.18640253,-0.18679178,-0.18628936,-0.18443714,-0.18095703,-0.17854875,-0.17542286,-0.1733702,-0.17479265,-0.17570278,-0.17507625,-0.17380635,-0.17203444,-0.17029324,-0.17008284,-0.1687338,-0.16982011,-0.17236298,-0.17196001,-0.16876954,-0.16832191,-0.17065486,-0.16849448,-0.17030455,-0.16658276,-0.16562605,-0.16377474,-0.16150972,-0.15941878,-0.15751895,-0.15675998,-0.1549168,-0.15448058,-0.1513484,-0.1497236,-0.1486561,-0.14684233,-0.14610568,-0.14597623,-0.1418916,-0.139381
8_real,1.5416791,,,,,,,,,,,,,,,,1.4396348,,,,,,,,,,,,,,,,,,,,,,,,,,,,,,,,,,,,,,,,,,,,,,,,,,,,,
8_gen,1.5416793,1.5386366,1.53759,1.5389016,1.539315,1.5377877,1.5389401,1.5377151,1.5376494,1.5355217,1.5376228,1.5385846,1.5371999,1.5363457,1.5344746,1.5360594,1.5361567,1.5386193,1.5413415,1.543641,1.5448104,1.542825,1.5443163,1.5434445,1.5470693,1.5445896,1.546189,1.5461987,1.5473309,1.5466707,1.548796,1.5507171,1.5496361,1.5484253,1.5453746,1.5471802,1.5488803,1.5485082,1.5497768,1.5521071,1.5535412,1.5552666,1.5541526,1.5524967,1.553035,1.553919,1.5537443,1.5531442,1.5542983,1.5542467,1.5549784,1.556773,1.5552483,1.5571135,1.5578558,1.5603356,1.5612633,1.5627472,1.5634334,1.5637002,1.5648485,1.5632538,1.5652678,1.5647213,1.5670674,1.5683582,1.5709124,1.5720913,1.5741012,1.5751907
9_real,0.9290772,,,,,,,,,,,,,,,,0.8041531,,,,,,,,,,,,,,,,,,,,,,,,,,,,,,,,,,,,,,,,,,,,,,,,,,,,,
9_gen,0.92907727,0.9291767,0.92878723,0.9294716,0.93093777,0.928829,0.92959785,0.9297842,0.9293563,0.92972577,0.9293467,0.92411596,0.92337847,0.9237584,0.92201173,0.9147626,0.9120987,0.91083944,0.9075866,0.903313,0.9000629,0.89924794,0.89488375,0.89470637,0.8952831,0.89625037,0.8952179,0.89218056,0.8914999,0.88572025,0.8877411,0.8891672,0.8872452,0.88472956,0.8833114,0.8785222,0.87533617,0.8717699,0.8696335,0.87321264,0.8736521,0.872753,0.87229335,0.8723421,0.8690513,0.8645935,0.8592653,0.8549609,0.85356045,0.85191786,0.85244954,0.8495251,0.8447542,0.84762335,0.84411633,0.84174234,0.83961326,0.8376106,0.8367404,0.8371893,0.83431685,0.832617,0.83106625,0.8319537,0.83465654,0.8326079,0.8290412,0.8283723,0.8312564,0.8274251
10_real,0.44336995,,,,,,,,,,,,,,,,0.48868883,,,,,,,,,,,,,,,,,,,,,,,,,,,,,,,,,,,,,,,,,,,,,,,,,,,,,
10_gen,0.44336993,0.4386836,0.43817717,0.43655366,0.43411398,0.4307672,0.43067485,0.42985886,0.4314496,0.42968464,0.42716914,0.42524067,0.4246027,0.42513433,0.41982856,0.41862616,0.42040998,0.41887107,0.42145592,0.41712418,0.415026,0.41336697,0.41030416,0.40690646,0.404018,0.40058717,0.40083426,0.39997014,0.3989845,0.39628115,0.39340353,0.39062515,0.39060462,0.3854844,0.38242704,0.3807737,0.37904695,0.37819904,0.37762338,0.3765722,0.37444714,0.37434036,0.37202576,0.36768994,0.3650012,0.36535174,0.36301398,0.36304823,0.35880974,0.35637373,0.35354996,0.3512736,0.35131818,0.35027605,0.34651494,0.34276313,0.33952218,0.33777946,0.33886737,0.33656958,0.33532184,0.3345526,0.33167535,0.3278888,0.3236689,0.31829566,0.31280294,0.3094538,0.30900684,0.30782494
11_real,0.09893135,,,,,,,,,,,,,,,,-0.09645181,,,,,,,,,,,,,,,,,,,,,,,,,,,,,,,,,,,,,,,,,,,,,,,,,,,,,
11_gen,0.09893136,0.093020186,0.09468798,0.090840094,0.090208724,0.08727325,0.08748819,0.085702784,0.08375565,0.0816105,0.07751085,0.07582508,0.07668443,0.074233145,0.07214582,0.06999165,0.06930441,0.069006234,0.06998301,0.067343585,0.06742402,0.0644943,0.06377517,0.0634439,0.062499512,0.0653513,0.06095013,0.05666111,0.0541851,0.05204456,0.05144422,0.04888652,0.04655967,0.040781338,0.035919942,0.031090733,0.031237256,0.028721362,0.025815416,0.025164628,0.018464934,0.01487945,0.013030765,0.011046332,0.008621761,0.003236366,0.0012188703,0.0023517988,-0.0018434223,-0.003550052,-0.0035155849,-0.005063274,-0.0039532655,-0.00514792,-0.0069292993,-0.0067059644,-0.009291819,-0.01163787,-0.016296003,-0.01816445,-0.019439453,-0.016601605,-0.014874342,-0.019498933,-0.020095414,-0.015879178,-0.014919681,-0.015486389,-0.015222469,-0.01614434
12_real,1.1699177,,,,,,,,,,,,,,,,1.0575889,,,,,,,,,,,,,,,,,,,,,,,,,,,,,,,,,,,,,,,,,,,,,,,,,,,,,
12_gen,1.1699178,1.1673189,1.1638929,1.1637232,1.1603837,1.1592617,1.1595472,1.1571047,1.1557144,1.1538987,1.153126,1.1510589,1.1479893,1.145077,1.1436071,1.1403999,1.1375937,1.1372713,1.1352097,1.1305931,1.12763,1.1281655,1.1262238,1.1222317,1.1198975,1.11781,1.1146858,1.1123663,1.1083604,1.1056492,1.1015843,1.0978794,1.0959522,1.0935068,1.0898803,1.0843055,1.0803949,1.0772163,1.072777,1.0713658,1.0705645,1.0698369,1.068824,1.0662382,1.0637426,1.0589701,1.0543661,1.0502369,1.0485051,1.0498037,1.0505655,1.0482976,1.0486274,1.0414793,1.0408072,1.0366294,1.0359743,1.0344518,1.0330355,1.0336312,1.0318846,1.0320863,1.031781,1.0295088,1.0284358,1.0243541,1.0225412,1.0213319,1.0188129,1.0164976
13_real,1.0842125,,,,,,,,,,,,,,,,0.9886061,,,,,,,,,,,,,,,,,,,,,,,,,,,,,,,,,,,,,,,,,,,,,,,,,,,,,
13_gen,1.0842124,1.0810406,1.0795876,1.0780284,1.0744516,1.0692279,1.0684936,1.0640627,1.0599085,1.0574242,1.0540361,1.0518974,1.050354,1.0493083,1.0457559,1.045038,1.0423639,1.0414724,1.0391482,1.0365891,1.0355002,1.0366805,1.0370773,1.0315455,1.0298045,1.0283794,1.0284622,1.0272896,1.0243531,1.0203383,1.018636,1.0165408,1.0129926,1.0116467,1.0112382,1.0098425,1.0090296,1.0061103,1.00286,0.9995453,0.9973732,0.99467504,0.99051666,0.9869027,0.9815343,0.9783794,0.978422,0.9758949,0.97326356,0.97114974,0.9707348,0.96532476,0.96114624,0.95638037,0.9506513,0.9515298,0.95039594,0.9510719,0.9488338,0.94234544,0.94115114,0.9377538,0.9357479,0.93376195,0.93127793,0.9282929,0.92649955,0.9217371,0.91844445,0.9176817
14_real,2.0745714,,,,,,,,,,,,,,,,1.7168839,,,,,,,,,,,,,,,,,,,,,,,,,,,,,,,,,,,,,,,,,,,,,,,,,,,,,
14_gen,2.0745714,2.0657651,2.060246,2.054728,2.0506139,2.0453317,2.0384724,2.0339048,2.0298297,2.0298665,2.0226588,2.019109,2.0127594,2.0098073,2.004477,2.003562,2.0007699,1.9984518,1.9931608,1.9902118,1.9879875,1.9869463,1.9854004,1.9813391,1.9795206,1.9757668,1.9742329,1.9739954,1.9707617,1.9680634,1.9650896,1.9657825,1.963311,1.9603703,1.9551929,1.9516544,1.9485346,1.9448907,1.9407101,1.9381602,1.9359233,1.9298267,1.9260576,1.9238542,1.9183943,1.913831,1.9103792,1.9049513,1.9019196,1.8972307,1.8926319,1.8895867,1.8881729,1.8848155,1.880455,1.8781027,1.8729534,1.868212,1.8640957,1.8584579,1.8542187,1.8518902,1.8458618,1.842218,1.838327,1.8326368,1.8302549,1.8294882,1.8276201,1.8220345
15_real,1.0032731,,,,,,,,,,,,,,,,1.0443332,,,,,,,,,,,,,,,,,,,,,,,,,,,,,,,,,,,,,,,,,,,,,,,,,,,,,
15_gen,1.0032731,1.0086162,1.0155237,1.0250069,1.0315012,1.0328654,1.0358225,1.046556,1.0496325,1.0560392,1.0591867,1.0602082,1.0666145,1.0759437,1.0827464,1.0853952,1.0902725,1.0935142,1.0971044,1.1005862,1.1010516,1.1073163,1.1092277,1.1195437,1.1232393,1.1309776,1.1349769,1.13871,1.1463226,1.1511867,1.1538899,1.1613033,1.1658796,1.1706696,1.1765494,1.1821545,1.1860683,1.1932827,1.2025292,1.2066667,1.2113239,1.2166141,1.2248396,1.2310271,1.2355514,1.2427194,1.2517121,1.2606558,1.2679513,1.274889,1.2751274,1.283903,1.2976153,1.3010343,1.3100188,1.3148977,1.3208765,1.3267561,1.3331676,1.3415862,1.3451517,1.3499227,1.357442,1.3662096,1.3769348,1.3843387,1.3928025,1.39512,1.397269,1.4086187
16_real,0.52038413,,,,,,,,,,,,,,,,0.4442422,,,,,,,,,,,,,,,,,,,,,,,,,,,,,,,,,,,,,,,,,,,,,,,,,,,,,
16_gen,0.5203842,0.52514476,0.52764094,0.5235501,0.52428216,0.5310094,0.5363622,0.53851604,0.5432974,0.5454246,0.55065864,0.5565051,0.55628574,0.5624642,0.5680537,0.57111174,0.577913,0.584593,0.5836667,0.5893621,0.5886226,0.593613,0.59740436,0.60847735,0.6121251,0.6148385,0.61916184,0.6222404,0.6281992,0.6363722,0.6477278,0.65284795,0.6617055,0.66956675,0.6761386,0.686846,0.6920879,0.6952449,0.6946607,0.7004226,0.70881486,0.71177924,0.7207604,0.720704,0.7277498,0.73393285,0.7335512,0.74062026,0.74874336,0.75057423,0.7534386,0.76471806,0.76623535,0.7674017,0.77315295,0.7772192,0.7856957,0.7923366,0.79743755,0.80322695,0.8073362,0.8175176,0.8232322,0.82786703,0.8319357,0.8328763,0.8341295,0.8441571,0.8514557,0.86119545
17_real,1.271621,,,,,,,,,,,,,,,,1.1204516,,,,,,,,,,,,,,,,,,,,,,,,,,,,,,,,,,,,,,,,,,,,,,,,,,,,,
17_gen,1.2716209,1.2754197,1.2767884,1.280489,1.2856897,1.289756,1.293615,1.2991021,1.3037668,1.307802,1.3146726,1.3214122,1.3227804,1.3271766,1.3308401,1.334158,1.3381877,1.3435011,1.3476655,1.351009,1.3538512,1.3565055,1.3600868,1.3621013,1.3662626,1.3724468,1.3760272,1.3808401,1.3823646,1.3880761,1.3923826,1.3990772,1.4033926,1.410804,1.4164529,1.4210231,1.4244913,1.4308134,1.4367859,1.4392064,1.4441965,1.4509313,1.4533904,1.4603503,1.4651219,1.4675944,1.473829,1.4781199,1.4861335,1.491333,1.4975331,1.5029972,1.5084891,1.5109458,1.5163819,1.5238347,1.5300959,1.5349457,1.5418112,1.5452486,1.5494367,1.5554943,1.5598996,1.5661623,1.5718658,1.575271,1.5798064,1.5837212,1.5922015,1.5969404
18_real,1.4414352,,,,,,,,,,,,,,,,1.3778516,,,,,,,,,,,,,,,,,,,,,,,,,,,,,,,,,,,,,,,,,,,,,,,,,,,,,
18_gen,1.4414351,1.4462199,1.4521823,1.45346,1.4619877,1.4701669,1.4752362,1.4802777,1.4858606,1.4925598,1.4974543,1.5024638,1.5092627,1.5143106,1.5170027,1.5243938,1.5301645,1.5349517,1.5398995,1.5468533,1.550514,1.5570303,1.5633373,1.5684284,1.5755627,1.5819113,1.5863464,1.5963908,1.6037992,1.6090816,1.6111854,1.6190386,1.6242087,1.6298891,1.6377714,1.6405147,1.6477635,1.6521689,1.6583496,1.6641448,1.6703984,1.6767063,1.6832126,1.6871326,1.6931193,1.6956165,1.7028053,1.7091534,1.7141594,1.7190444,1.7232754,1.7282324,1.7330968,1.739501,1.7433132,1.7501427,1.7562001,1.7619778,1.768281,1.7732252,1.7784293,1.7852037,1.788176,1.7940032,1.7978842,1.8023936,1.8095238,1.8136189,1.8191803,1.8239466
19_real,0.13133474,,,,,,,,,,,,,,,,-0.38846844,,,,,,,,,,,,,,,,,,,,,,,,,,,,,,,,,,,,,,,,,,,,,,,,,,,,,
19_gen,0.13133475,0.12571986,0.120012805,0.11488195,0.1095266,0.105318114,0.09932455,0.095729515,0.09075899,0.08430245,0.080965385,0.076121084,0.07118042,0.06657507,0.061008833,0.05724833,0.054248314,0.04907576,0.045292635,0.041922003,0.039233297,0.03598129,0.03358556,0.03197056,0.02838311,0.02288034,0.02196363,0.01848917,0.014105146,0.012710956,0.009086011,0.0051408364,0.0012116298,0.0003915877,-0.0033344713,-0.008550441,-0.00978064,-0.01392782,-0.016674919,-0.021285394,-0.023665294,-0.027761241,-0.030595938,-0.03423235,-0.03565221,-0.040248454,-0.041700374,-0.045327656,-0.049516387,-0.05369552,-0.05547753,-0.059173774,-0.06339075,-0.06851428,-0.07035794,-0.07397586,-0.077336684,-0.081566736,-0.08532887,-0.08823158,-0.08870697,-0.092896774,-0.09586574,-0.097159974,-0.101601064,-0.10389789,-0.1066134,-0.10980234,-0.113294385,-0.11560579
20_real,0.27379975,,,,,,,,,,,,,,,,0.052931998,,,,,,,,,,,,,,,,,,,,,,,,,,,,,,,,,,,,,,,,,,,,,,,,,,,,,
20_gen,0.27379972,0.2660858,0.26070982,0.25486198,0.25123852,0.24731731,0.24185856,0.23954478,0.23871222,0.23625655,0.23356564,0.2329484,0.22986631,0.2274029,0.22629309,0.22392306,0.22179647,0.21941416,0.21720271,0.21509802,0.21356566,0.21087861,0.20935087,0.20733185,0.20394012,0.20095459,0.19835117,0.19478646,0.18993656,0.18788707,0.18489072,0.18206725,0.18121377,0.17770067,0.17406711,0.17045805,0.16619848,0.16230974,0.1594651,0.15505667,0.15095161,0.14743829,0.14328428,0.14127652,0.13726754,0.1349912,0.13256745,0.12798923,0.1248544,0.12038332,0.117677584,0.11485223,0.11129552,0.10795534,0.10462131,0.10157166,0.09844254,0.09440054,0.089776054,0.0875594,0.08638895,0.08251269,0.077497035,0.07247819,0.07024085,0.06918423,0.0661764,0.061859887,0.058280937,0.056578904
21_real,0.9517178,,,,,,,,,,,,,,,,0.8835112,,,,,,,,,,,,,,,,,,,,,,,,,,,,,,,,,,,,,,,,,,,,,,,,,,,,,
21_gen,0.95171773,0.94687986,0.94707984,0.94289553,0.94377023,0.94113225,0.93822753,0.9358066,0.9323443,0.9299439,0.9300939,0.92688864,0.9247532,0.9237591,0.92196023,0.92194045,0.9196106,0.91961145,0.915907,0.91643715,0.91609824,0.9109238,0.9090427,0.905822,0.9040807,0.90421027,0.9028145,0.9002207,0.8964251,0.89402115,0.89093363,0.8895112,0.8930542,0.8927455,0.89121467,0.8907391,0.8890873,0.88490105,0.8837118,0.8812413,0.87860394,0.87543344,0.87295234,0.87010586,0.86636317,0.8643959,0.864563,0.862632,0.85748404,0.8547944,0.8539871,0.85345924,0.85394657,0.8537017,0.8542876,0.85188043,0.8526686,0.8515232,0.84972316,0.84693116,0.845822,0.8429245,0.8417516,0.8375452,0.83438015,0.8315412,0.83174694,0.82848203,0.8277933,0.82698613
22_real,0.6305657,,,,,,,,,,,,,,,,0.62002873,,,,,,,,,,,,,,,,,,,,,,,,,,,,,,,,,,,,,,,,,,,,,,,,,,,,,
22_gen,0.6305657,0.6239076,0.61830556,0.6133617,0.60717213,0.6023874,0.5979781,0.5951441,0.59080505,0.5837215,0.57764006,0.57841337,0.5726444,0.5688611,0.5662689,0.56372166,0.5622598,0.55760634,0.55356395,0.5512,0.5517643,0.5470699,0.5437707,0.53904825,0.53713465,0.53643364,0.53451985,0.52950937,0.5253448,0.52510494,0.5206547,0.5165664,0.5119677,0.5099471,0.50689375,0.5035056,0.5005502,0.49553204,0.49121284,0.48771697,0.48430985,0.48098668,0.48182693,0.47817641,0.47409058,0.4709447,0.4668139,0.46195078,0.45912337,0.45429763,0.44994575,0.4465413,0.44229037,0.43950397,0.43659836,0.43366534,0.43039235,0.4255492,0.42285442,0.41724986,0.41413823,0.41194573,0.40830773,0.4035018,0.4003943,0.3976817,0.3929487,0.38988036,0.38550964,0.38297462
23_real,2.3877974,,,,,,,,,,,,,,,,2.2306304,,,,,,,,,,,,,,,,,,,,,,,,,,,,,,,,,,,,,,,,,,,,,,,,,,,,,
23_gen,2.3877976,2.37764,2.369333,2.3616357,2.3584616,2.3521638,2.3444204,2.3405337,2.3349385,2.327591,2.3212564,2.3196414,2.3137844,2.3094733,2.3064778,2.304692,2.299203,2.295156,2.29034,2.2894053,2.2835681,2.279656,2.2791727,2.2751262,2.2710693,2.267786,2.2650814,2.2612472,2.2578747,2.2559218,2.2527552,2.249527,2.2458303,2.2397676,2.236604,2.2310963,2.2296326,2.2286556,2.226233,2.2220824,2.2178137,2.21585,2.2118366,2.2058978,2.201879,2.1983867,2.195607,2.1922145,2.1876297,2.1847873,2.1803718,2.1779277,2.1741722,2.171039,2.1668615,2.1637206,2.1580667,2.1545787,2.151977,2.1501286,2.1463153,2.1404212,2.138998,2.135326,2.1322317,2.1274502,2.124356,2.1212554,2.11702,2.1121836
24_real,2.6409361,,,,,,,,,,,,,,,,2.3497915,,,,,,,,,,,,,,,,,,,,,,,,,,,,,,,,,,,,,,,,,,,,,,,,,,,,,
24_gen,2.6409361,2.633616,2.6254475,2.6184688,2.6115127,2.6053586,2.5978987,2.5928085,2.5876765,2.5810165,2.5761719,2.5701718,2.563603,2.5578036,2.5522633,2.5460413,2.5419683,2.5348482,2.5296922,2.525296,2.5209076,2.5169954,2.510082,2.506076,2.502373,2.4971726,2.4943695,2.4890869,2.4853618,2.4825919,2.4788895,2.4752011,2.4716437,2.466914,2.4611542,2.459072,2.4557333,2.4500852,2.4441533,2.4388297,2.4355063,2.4307442,2.427382,2.422607,2.4179187,2.4138951,2.4111512,2.40667,2.4017248,2.3963933,2.3899326,2.386408,2.3817306,2.37811,2.3731673,2.3680313,2.3616467,2.357469,2.3544383,2.3494496,2.3452961,2.3425765,2.3383212,2.3346503,2.3301623,2.3251772,2.3218293,2.318105,2.313486,2.3088045
25_real,1.545476,,,,,,,,,,,,,,,,1.8010095,,,,,,,,,,,,,,,,,,,,,,,,,,,,,,,,,,,,,,,,,,,,,,,,,,,,,
25_gen,1.545476,1.5418565,1.5385251,1.5355685,1.5320803,1.5284936,1.525286,1.5225945,1.5176598,1.5156428,1.5122907,1.5107915,1.507425,1.5060127,1.503719,1.5021045,1.4988817,1.4971862,1.4948488,1.4917661,1.4898161,1.4859197,1.4862617,1.4836258,1.4806719,1.4783237,1.475021,1.4737813,1.4726863,1.4704602,1.467229,1.4649535,1.4635694,1.4609737,1.4575112,1.455192,1.4533141,1.4517784,1.4494374,1.4463488,1.4431968,1.439484,1.435152,1.4350576,1.433045,1.4305828,1.427489,1.4246584,1.4220896,1.4222462,1.4199647,1.418034,1.415367,1.4125593,1.409945,1.4074906,1.4067086,1.4056542,1.404056,1.4013163,1.3993206,1.3963482,1.3929768,1.3904785,1.3881038,1.3850775,1.3820479,1.3794266,1.3770514,1.3740208
26_real,0.72760487,,,,,,,,,,,,,,,,0.65345037,,,,,,,,,,,,,,,,,,,,,,,,,,,,,,,,,,,,,,,,,,,,,,,,,,,,,
26_gen,0.72760487,0.7209583,0.7156526,0.71137744,0.70766556,0.7044405,0.69883215,0.6946611,0.68842643,0.6844417,0.6812956,0.6781275,0.6760637,0.67173356,0.6683673,0.6648344,0.6619341,0.6583623,0.65514714,0.65367067,0.6519657,0.6496114,0.646704,0.64440435,0.64237624,0.6401986,0.63857794,0.63579255,0.63567626,0.6320275,0.6282634,0.6250943,0.62318695,0.62127185,0.6198615,0.61908686,0.6174942,0.6164571,0.6148975,0.61385566,0.612399,0.6115743,0.608539,0.60684574,0.6034335,0.6014216,0.59973127,0.59690136,0.5936546,0.5930245,0.5894176,0.5858962,0.5846437,0.58204544,0.5807719,0.5770992,0.57367975,0.5705849,0.5670672,0.56488323,0.5644223,0.56085694,0.5575563,0.55450815,0.5509689,0.5487188,0.54492193,0.5428826,0.542055,0.539729
27_real,0.53491884,,,,,,,,,,,,,,,,0.3180211,,,,,,,,,,,,,,,,,,,,,,,,,,,,,,,,,,,,,,,,,,,,,,,,,,,,,
27_gen,0.53491884,0.53346384,0.5310358,0.5303514,0.5286438,0.52707374,0.5249101,0.52246153,0.5201546,0.5172471,0.51627445,0.5141348,0.51049054,0.5095763,0.506879,0.50304544,0.5011066,0.4976987,0.49359924,0.49056235,0.4877004,0.48415536,0.48010975,0.4775203,0.47543114,0.4722601,0.46932083,0.46621275,0.46240386,0.4603924,0.45786977,0.45464414,0.45226884,0.4479045,0.44548273,0.4412064,0.43891758,0.434385,0.43204117,0.42801595,0.4257217,0.4242588,0.4208826,0.41811958,0.41474867,0.41111454,0.40814534,0.40468693,0.40254864,0.40086803,0.39819834,0.39545637,0.39324656,0.39030024,0.38617563,0.38271168,0.37977475,0.37537178,0.37263674,0.36912453,0.36672986,0.36441594,0.36083597,0.35768974,0.3553895,0.35159838,0.3498122,0.34797627,0.34418967,0.34155402
28_real,0.6483165,,,,,,,,,,,,,,,,0.4984051,,,,,,,,,,,,,,,,,,,,,,,,,,,,,,,,,,,,,,,,,,,,,,,,,,,,,
28_gen,0.64831644,0.64994264,0.6505724,0.6494504,0.64944196,0.6481067,0.6476871,0.6479077,0.64716625,0.6457469,0.6474668,0.6435647,0.6399765,0.6399899,0.63933164,0.6402256,0.6416226,0.6422813,0.6411572,0.6421942,0.64469874,0.6443783,0.6456584,0.6451184,0.6445809,0.64384216,0.64701355,0.64476573,0.6434151,0.64059913,0.64099234,0.6415744,0.6419853,0.6433302,0.6432769,0.6437564,0.6443229,0.64323723,0.64358634,0.6431897,0.6426733,0.6423088,0.6443373,0.6455415,0.64615405,0.6479925,0.64804935,0.64678967,0.6466452,0.648626,0.64762527,0.6489093,0.64862955,0.6539663,0.6516408,0.65535927,0.6553014,0.65353775,0.6520157,0.65155673,0.6530086,0.6511725,0.65471274,0.6559386,0.655006,0.6551949,0.65587264,0.6557122,0.6524618,0.65198064
29_real,0.72472143,,,,,,,,,,,,,,,,0.81377643,,,,,,,,,,,,,,,,,,,,,,,,,,,,,,,,,,,,,,,,,,,,,,,,,,,,,
29_gen,0.72472143,0.7210249,0.7200863,0.71969354,0.7180232,0.71600515,0.71641815,0.71823394,0.71535474,0.7162951,0.7155409,0.7128457,0.71062076,0.7105642,0.7094441,0.70773023,0.7065561,0.7046111,0.7044922,0.7029473,0.6998444,0.69894445,0.69508517,0.6944723,0.6952007,0.6938962,0.69208014,0.6916184,0.6907383,0.68923205,0.6911738,0.6905384,0.68947035,0.68963104,0.6872579,0.686719,0.68873245,0.68863696,0.6874598,0.6877753,0.68652564,0.686735,0.68585587,0.68415684,0.6834857,0.68284047,0.6806055,0.68087435,0.68075377,0.6809891,0.68027,0.67816585,0.6753665,0.67362,0.6729036,0.6723607,0.6707605,0.67156,0.668399,0.6653242,0.66361773,0.66263527,0.66314757,0.6621424,0.66192204,0.6616864,0.6609645,0.6615563,0.6614512,0.66049224
30_real,0.30056465,,,,,,,,,,,,,,,,0.021284321,,,,,,,,,,,,,,,,,,,,,,,,,,,,,,,,,,,,,,,,,,,,,,,,,,,,,
30_gen,0.30056468,0.29335776,0.28548294,0.27803513,0.27075207,0.26219687,0.25580505,0.25082055,0.24792024,0.23713163,0.2346364,0.2286462,0.23237316,0.2279571,0.21888849,0.21617834,0.20663878,0.20090505,0.19524272,0.19433846,0.18418927,0.17857772,0.17547116,0.17111439,0.1687972,0.17111227,0.17156915,0.1713646,0.16884166,0.16657314,0.1625182,0.16041967,0.15566482,0.15383597,0.14633277,0.14515558,0.13967933,0.13781698,0.12964451,0.13184415,0.12718031,0.122269675,0.11711417,0.11628912,0.11280696,0.11048212,0.10305284,0.09284268,0.09146873,0.08982804,0.08562541,0.07961748,0.0759799,0.076406516,0.06573973,0.059753913,0.053613275,0.053794645,0.04604321,0.04693508,0.03849279,0.035656534,0.03572835,0.034265,0.027372617,0.022024127,0.015948642,0.007783814,0.0036789984,0.00091771653
31_real,0.97691095,,,,,,,,,,,,,,,,0.80079156,,,,,,,,,,,,,,,,,,,,,,,,,,,,,,,,,,,,,,,,,,,,,,,,,,,,,
31_gen,0.97691095,0.96640664,0.9618907,0.95402783,0.94674027,0.9378743,0.9296917,0.9243741,0.91623276,0.9064435,0.89926976,0.8962561,0.8913145,0.88266784,0.8747713,0.8724953,0.8695431,0.8619135,0.85621053,0.8514242,0.8454439,0.8402284,0.8356207,0.8276557,0.8207464,0.8122743,0.80789566,0.8068372,0.80650294,0.80296355,0.7987059,0.79078954,0.7836253,0.7781557,0.77387005,0.76902115,0.76071584,0.75720894,0.7506653,0.7445281,0.7370285,0.727716,0.71959114,0.72191983,0.71175563,0.7034093,0.7018324,0.69749033,0.693713,0.6896769,0.6875464,0.6805699,0.6769544,0.67339337,0.6637932,0.6550587,0.64775085,0.6423188,0.639372,0.6317031,0.6273876,0.62145066,0.6155864,0.6126348,0.60936576,0.6064833,0.6013918,0.597705,0.5895699,0.5880293
32_real,0.3154013,,,,,,,,,,,,,,,,0.63457847,,,,,,,,,,,,,,,,,,,,,,,,,,,,,,,,,,,,,,,,,,,,,,,,,,,,,
32_gen,0.3154013,0.31643692,0.31363124,0.3096919,0.30988428,0.304882,0.29875252,0.29618984,0.2947351,0.29527155,0.2947338,0.28871524,0.28413337,0.2816776,0.2799005,0.2752803,0.27077386,0.2697688,0.26606292,0.26436278,0.26152062,0.25729042,0.25678438,0.2518076,0.2488081,0.24380259,0.24218376,0.23924367,0.23513162,0.23178072,0.22540474,0.21934564,0.21611536,0.21566978,0.21225771,0.20982441,0.207405,0.20392175,0.20339446,0.20080295,0.19683477,0.1909817,0.1873916,0.18208246,0.17743954,0.17592587,0.17617078,0.17377414,0.17166544,0.16803285,0.16333652,0.16068664,0.16034843,0.15782852,0.1540472,0.14998205,0.14659177,0.14319444,0.14006415,0.13892844,0.13536075,0.1311168,0.12818845,0.12492307,0.12155263,0.119649366,0.11529788,0.110796586,0.10692674,0.10382067
33_real,2.0131638,,,,,,,,,,,,,,,,1.8571739,,,,,,,,,,,,,,,,,,,,,,,,,,,,,,,,,,,,,,,,,,,,,,,,,,,,,
33_gen,2.013164,2.0123148,2.0128162,2.0086553,2.0086217,2.007086,2.0015612,2.0030363,2.003104,2.000951,1.99664,1.9922075,1.9891493,1.9845531,1.9827716,1.9828584,1.9846947,1.9800819,1.978165,1.9777067,1.9738894,1.9735371,1.9721184,1.967901,1.9696776,1.9672781,1.9648653,1.9616497,1.9595034,1.9562696,1.9564308,1.9527795,1.9496756,1.9466665,1.946378,1.9404049,1.9360759,1.933609,1.931357,1.9282366,1.9249703,1.922459,1.9205172,1.9191831,1.9176457,1.9153019,1.9134086,1.9130977,1.91136,1.9060879,1.9049807,1.9001787,1.8983415,1.8963392,1.8949276,1.8921816,1.8848283,1.8844995,1.878725,1.876758,1.8741869,1.8700415,1.8642133,1.8651756,1.8625147,1.8589785,1.8599012,1.8596615,1.8583483,1.8563979
34_real,1.2737834,,,,,,,,,,,,,,,,1.2535442,,,,,,,,,,,,,,,,,,,,,,,,,,,,,,,,,,,,,,,,,,,,,,,,,,,,,
34_gen,1.2737836,1.2729409,1.2751312,1.2735116,1.2768341,1.2750065,1.2705283,1.2679614,1.2642294,1.2603954,1.2600763,1.2580867,1.2575244,1.256839,1.2559779,1.2545868,1.2549908,1.2541658,1.2563499,1.2511437,1.247492,1.244501,1.2458619,1.2457883,1.2433527,1.2413121,1.2405515,1.2392876,1.2394831,1.2392267,1.2374706,1.2386045,1.2365205,1.237319,1.2397088,1.2381177,1.2364092,1.2355574,1.2353879,1.2343547,1.2306309,1.2285078,1.2279034,1.2251637,1.2248687,1.2264332,1.2248868,1.2222776,1.223767,1.2230842,1.2173669,1.2129791,1.2116512,1.2113044,1.2101263,1.2084337,1.2078182,1.2044811,1.2037157,1.2072924,1.2057618,1.2037437,1.1998842,1.2006792,1.1968544,1.1925116,1.1872395,1.183586,1.1845526,1.182095
35_real,3.7337399,,,,,,,,,,,,,,,,3.6179144,,,,,,,,,,,,,,,,,,,,,,,,,,,,,,,,,,,,,,,,,,,,,,,,,,,,,
35_gen,3.7337403,3.7307823,3.7299771,3.7301621,3.727913,3.7259927,3.7251663,3.726199,3.724018,3.7187068,3.7161968,3.7160993,3.7163804,3.7143712,3.7131755,3.7105708,3.7073143,3.7015426,3.7010894,3.7004437,3.6981747,3.692717,3.690457,3.688757,3.685423,3.6823697,3.6766064,3.6763082,3.6784267,3.6800919,3.6806674,3.6798458,3.6810043,3.677946,3.6748595,3.6755986,3.673481,3.671854,3.6696842,3.6689422,3.6649768,3.6628845,3.6565871,3.652865,3.6504638,3.6482723,3.6456482,3.6436672,3.6404655,3.6413047,3.640152,3.6378815,3.6376617,3.6331787,3.626471,3.6229649,3.6183162,3.6144881,3.6123605,3.60908,3.6037765,3.6042962,3.60396,3.6003335,3.6002014,3.5961356,3.5973916,3.5973523,3.593169,3.5910687
36_real,1.5213497,,,,,,,,,,,,,,,,1.6062883,,,,,,,,,,,,,,,,,,,,,,,,,,,,,,,,,,,,,,,,,,,,,,,,,,,,,
36_gen,1.5213498,1.5238142,1.5238521,1.520761,1.5206459,1.5223341,1.5204933,1.519925,1.5207943,1.5215626,1.517844,1.5156289,1.5106561,1.5103227,1.511355,1.5126619,1.5135164,1.507478,1.5038342,1.4984668,1.4973183,1.4942614,1.4924313,1.4888517,1.4861149,1.4805187,1.4775766,1.4734452,1.472162,1.4740129,1.4711859,1.4693553,1.4682201,1.464889,1.4607494,1.4642463,1.4613726,1.4612777,1.4575384,1.4573509,1.453521,1.4502252,1.4470471,1.4436381,1.4438764,1.4402924,1.438858,1.4372077,1.4327891,1.4293659,1.4263531,1.425242,1.422569,1.4211668,1.4170196,1.4126973,1.4088655,1.4067768,1.4036882,1.3991723,1.393401,1.3911204,1.3894188,1.3852409,1.3817171,1.3801959,1.3786187,1.3738022,1.3726418,1.3717487
37_real,1.3936093,,,,,,,,,,,,,,,,1.3693526,,,,,,,,,,,,,,,,,,,,,,,,,,,,,,,,,,,,,,,,,,,,,,,,,,,,,
37_gen,1.3936092,1.3878092,1.3844799,1.3874433,1.3868052,1.3791362,1.3783665,1.3770659,1.3714503,1.3731929,1.3752155,1.3717935,1.3712435,1.3693659,1.3627003,1.3618671,1.3647759,1.3672326,1.3663657,1.3714622,1.3726737,1.3691658,1.3665187,1.3654763,1.3656734,1.3630165,1.362737,1.362019,1.3643055,1.3621215,1.360362,1.3608354,1.3580064,1.359719,1.3575854,1.3573637,1.3581417,1.3582599,1.3596576,1.3601991,1.3625067,1.3617069,1.3657031,1.3637781,1.3615534,1.3588902,1.3573397,1.3573339,1.354189,1.3595798,1.365387,1.3654501,1.3691951,1.3665515,1.3669183,1.3662131,1.364584,1.3622551,1.3649327,1.3635166,1.3614153,1.3567269,1.357456,1.3526802,1.3525884,1.356562,1.3583767,1.3617809,1.3619044,1.3648505
38_real,2.024892,,,,,,,,,,,,,,,,1.8842744,,,,,,,,,,,,,,,,,,,,,,,,,,,,,,,,,,,,,,,,,,,,,,,,,,,,,
38_gen,2.0248923,2.0233395,2.024678,2.0225267,2.019355,2.01998,2.022925,2.0212798,2.0172153,2.0127213,2.009369,2.0072365,2.0029876,2.0024085,2.0002356,2.0024586,2.0006812,2.0016692,2.0021005,1.9957569,1.9957926,1.9964149,1.9970248,1.9951061,1.990484,1.9894279,1.9852196,1.9856809,1.9870722,1.9850485,1.9815884,1.9824244,1.9806083,1.9770682,1.9747101,1.971962,1.9673011,1.9638634,1.9613564,1.9556202,1.951994,1.9550701,1.9536583,1.9535214,1.9528153,1.9486669,1.9496924,1.9469894,1.943808,1.9451132,1.9402246,1.9392418,1.9364288,1.9343046,1.9332832,1.9313208,1.936266,1.9366143,1.9342337,1.9307735,1.9279255,1.9263604,1.9263523,1.9270426,1.9281492,1.927674,1.9265203,1.9246929,1.922416,1.9208273
39_real,0.12383274,,,,,,,,,,,,,,,,0.18457574,,,,,,,,,,,,,,,,,,,,,,,,,,,,,,,,,,,,,,,,,,,,,,,,,,,,,
39_gen,0.12383274,0.123196125,0.12322142,0.12379862,0.118701056,0.118646,0.1132261,0.11598156,0.11913033,0.11913252,0.119462706,0.11685701,0.117056586,0.1142054,0.11210309,0.113644645,0.113197565,0.115867995,0.11286497,0.1104115,0.10735895,0.10518501,0.10546167,0.100954875,0.09858698,0.09688489,0.095000185,0.09298639,0.08972813,0.087257154,0.08604628,0.084121615,0.0815318,0.078687295,0.07754257,0.07500223,0.068309434,0.067555085,0.066876695,0.06827168,0.06572497,0.063437745,0.058263488,0.057219304,0.056184232,0.05484591,0.05391971,0.049950816,0.04844541,0.047958154,0.048163585,0.04631532,0.04085118,0.040013168,0.038259886,0.03957796,0.035883047,0.036398403,0.036625065,0.035634123,0.03338597,0.026773255,0.02311255,0.022142414,0.02061743,0.019346815,0.017860338,0.014632282,0.010511671,0.009764728
40_real,0.5225822,,,,,,,,,,,,,,,,0.2381871,,,,,,,,,,,,,,,,,,,,,,,,,,,,,,,,,,,,,,,,,,,,,,,,,,,,,
40_gen,0.5225821,0.5135866,0.5089921,0.50715405,0.5033246,0.4976677,0.499366,0.5012498,0.49795383,0.4938015,0.49381724,0.49255514,0.4901317,0.4889721,0.48263073,0.48344913,0.4861586,0.48224705,0.4808565,0.48436874,0.4828146,0.4813509,0.48142546,0.48208147,0.47838148,0.4765044,0.47622094,0.474258,0.47695294,0.47721472,0.4814702,0.47811803,0.47924247,0.47915548,0.47443953,0.47127604,0.469016,0.46953878,0.46572137,0.46326265,0.46697682,0.46672654,0.46353644,0.46542782,0.4636115,0.46663076,0.46442538,0.4682316,0.4674604,0.4655768,0.46318945,0.46131772,0.46144325,0.46041542,0.4599575,0.4636035,0.46294466,0.46383348,0.46294245,0.4625004,0.45935765,0.46292752,0.46073002,0.45601732,0.4543418,0.45325726,0.4495624,0.44946146,0.45359406,0.449629
41_real,0.96546304,,,,,,,,,,,,,,,,1.1499547,,,,,,,,,,,,,,,,,,,,,,,,,,,,,,,,,,,,,,,,,,,,,,,,,,,,,
41_gen,0.96546304,0.9604064,0.9530817,0.95083964,0.9464261,0.94503605,0.9405098,0.94007266,0.9334935,0.92606556,0.9276759,0.9287261,0.93006027,0.93157893,0.92869043,0.9317347,0.93355846,0.9329764,0.92841655,0.92985326,0.932607,0.9333836,0.93045235,0.9268219,0.9215649,0.9235338,0.9280869,0.92475224,0.92179406,0.9198558,0.9184963,0.92237985,0.9185945,0.91509515,0.91229284,0.91249114,0.9132501,0.9137499,0.91401017,0.914031,0.9087823,0.9071361,0.904822,0.90523165,0.90476847,0.9028484,0.90031356,0.8937999,0.8886715,0.88974684,0.8892606,0.8817666,0.87709606,0.8798903,0.87189245,0.87274456,0.8675643,0.86996394,0.8660799,0.86664724,0.86730754,0.8691654,0.8681208,0.8721865,0.8658854,0.8631896,0.86430204,0.85982,0.85889244,0.8617093
42_real,1.1314274,,,,,,,,,,,,,,,,1.430677,,,,,,,,,,,,,,,,,,,,,,,,,,,,,,,,,,,,,,,,,,,,,,,,,,,,,
42_gen,1.1314275,1.1280242,1.1226485,1.1180556,1.1138185,1.112982,1.1085199,1.1057132,1.1015664,1.0983455,1.0960946,1.0933568,1.090353,1.0880725,1.0837609,1.0801548,1.0772959,1.0723084,1.0707737,1.0681205,1.0650675,1.0630876,1.0621663,1.060036,1.059246,1.0539799,1.0519392,1.0487341,1.0457231,1.0428604,1.0402931,1.0378247,1.0338191,1.0291095,1.0267897,1.025882,1.0223101,1.0178049,1.0137508,1.0113192,1.0084164,1.0076817,1.0047375,1.0032979,1.0000571,0.9962269,0.9937463,0.99095917,0.9874164,0.98354834,0.98102677,0.9785162,0.9765562,0.9727868,0.97021437,0.966802,0.9650148,0.9629734,0.958948,0.9552552,0.95314884,0.95226014,0.9491684,0.9472419,0.9448163,0.94109714,0.93821114,0.93522274,0.9313114,0.9259702
43_real,-0.6605397,,,,,,,,,,,,,,,,-0.7768603,,,,,,,,,,,,,,,,,,,,,,,,,,,,,,,,,,,,,,,,,,,,,,,,,,,,,
43_gen,-0.6605397,-0.6661481,-0.67118293,-0.6755309,-0.6828568,-0.68861717,-0.6944828,-0.70028156,-0.7051116,-0.70985574,-0.7136544,-0.71803176,-0.723241,-0.72833014,-0.7330453,-0.7384501,-0.7448625,-0.74817586,-0.7531182,-0.7572322,-0.76164216,-0.7669256,-0.7715603,-0.77583396,-0.78171414,-0.78615654,-0.79086447,-0.7943741,-0.7975651,-0.80130374,-0.807212,-0.8123959,-0.8175248,-0.82174444,-0.8253449,-0.82834053,-0.83357906,-0.8387079,-0.8447093,-0.85003644,-0.85355055,-0.85860234,-0.86266196,-0.86534864,-0.86925316,-0.8729184,-0.87843305,-0.8826369,-0.88800776,-0.893703,-0.898841,-0.9036024,-0.90729916,-0.9103651,-0.91517,-0.9195239,-0.9235218,-0.9283315,-0.9326043,-0.9375762,-0.9407712,-0.9440361,-0.94822186,-0.9533272,-0.9575432,-0.96147823,-0.9660238,-0.9704691,-0.97478545,-0.9803089
44_real,-0.58766085,,,,,,,,,,,,,,,,-0.41856474,,,,,,,,,,,,,,,,,,,,,,,,,,,,,,,,,,,,,,,,,,,,,,,,,,,,,
44_gen,-0.58766085,-0.59538823,-0.59621745,-0.6028411,-0.6066045,-0.609355,-0.61374927,-0.619171,-0.6231791,-0.6277835,-0.6316742,-0.63827336,-0.6408529,-0.64110196,-0.64255637,-0.6435168,-0.64521796,-0.6466926,-0.6486673,-0.6500024,-0.6510666,-0.6526171,-0.6528226,-0.65633315,-0.6573289,-0.6599369,-0.6636033,-0.66479033,-0.66636455,-0.6679385,-0.6683639,-0.6692834,-0.6699089,-0.6707748,-0.6745008,-0.67638755,-0.68153185,-0.6833047,-0.6855181,-0.6878438,-0.69089353,-0.69145095,-0.6913587,-0.69217885,-0.6933807,-0.69563854,-0.6982667,-0.69998443,-0.700003,-0.6993166,-0.69909036,-0.7005383,-0.7030279,-0.703496,-0.7050985,-0.7081461,-0.71094894,-0.7119284,-0.71295774,-0.71503425,-0.71598464,-0.7161418,-0.71651393,-0.7183471,-0.71999353,-0.72088516,-0.7228893,-0.7223321,-0.72158414,-0.7221502
45_real,1.0051816,,,,,,,,,,,,,,,,0.8608736,,,,,,,,,,,,,,,,,,,,,,,,,,,,,,,,,,,,,,,,,,,,,,,,,,,,,
45_gen,1.0051814,0.99986297,0.994329,0.98885137,0.9841956,0.9819395,0.9758158,0.97185373,0.9694203,0.96794415,0.96393645,0.9597697,0.95657885,0.95343035,0.94785756,0.9441377,0.9405178,0.9374299,0.9337511,0.9304268,0.92818224,0.9243606,0.9207314,0.918859,0.91520756,0.91228735,0.9112779,0.90854234,0.90766746,0.9053661,0.902596,0.89923584,0.89606774,0.8952834,0.8932492,0.88944185,0.8875288,0.8825244,0.8779837,0.8771531,0.87600005,0.87353104,0.8712856,0.8671277,0.86305904,0.85902816,0.85532224,0.8515419,0.8470313,0.84509456,0.8416568,0.83847344,0.83503664,0.8323223,0.8282976,0.82771033,0.82265127,0.82143295,0.8190757,0.8159048,0.8131167,0.8115238,0.8080217,0.8027358,0.8016804,0.79905546,0.79430735,0.78954107,0.78547925,0.7811893
46_real,0.72919595,,,,,,,,,,,,,,,,0.58441454,,,,,,,,,,,,,,,,,,,,,,,,,,,,,,,,,,,,,,,,,,,,,,,,,,,,,
46_gen,0.729196,0.7244986,0.71976435,0.7156076,0.7128263,0.70982856,0.70639837,0.70243883,0.6995978,0.6951865,0.69184625,0.6888386,0.68661845,0.6855923,0.68253773,0.6807991,0.67890555,0.678911,0.67747563,0.67541516,0.67246956,0.66987795,0.66738874,0.66593367,0.66347563,0.66065276,0.65947104,0.6572732,0.6550499,0.65232265,0.6504593,0.6486105,0.646171,0.6482137,0.6463725,0.6473792,0.6435445,0.64226234,0.6392274,0.63736594,0.6374668,0.6358184,0.6343542,0.63224363,0.63108927,0.6286751,0.6265014,0.6240488,0.6228853,0.619773,0.6190583,0.61739516,0.61405545,0.61286914,0.6111042,0.6084629,0.60872,0.6050596,0.60311663,0.6011912,0.5992924,0.59663093,0.5948671,0.59369874,0.59045875,0.58884597,0.5884021,0.58640563,0.5853449,0.5834343
47_real,1.7223835,,,,,,,,,,,,,,,,0.805564,,,,,,,,,,,,,,,,,,,,,,,,,,,,,,,,,,,,,,,,,,,,,,,,,,,,,
47_gen,1.7223835,1.7189935,1.716253,1.7120974,1.7088789,1.7040383,1.7007258,1.6974926,1.693606,1.6906141,1.6862233,1.681585,1.6778793,1.674283,1.672189,1.6697102,1.6662925,1.6622427,1.6598971,1.655172,1.6512467,1.6497536,1.6456267,1.6422596,1.6384846,1.6341594,1.6283213,1.6252582,1.621295,1.6181126,1.6152837,1.6123129,1.6085132,1.6062517,1.6032331,1.600764,1.596981,1.5932786,1.5894287,1.584161,1.5799816,1.5770977,1.5725167,1.5679135,1.5635883,1.5586642,1.5559628,1.5520041,1.5482404,1.5464048,1.5436599,1.5404664,1.537811,1.5341984,1.5308985,1.5286468,1.5250456,1.520695,1.5195192,1.5160402,1.5129309,1.5096779,1.5067867,1.5025594,1.4991064,1.4965357,1.4904312,1.4860487,1.4837677,1.4800103
48_real,3.171607,,,,,,,,,,,,,,,,2.7778256,,,,,,,,,,,,,,,,,,,,,,,,,,,,,,,,,,,,,,,,,,,,,,,,,,,,,
48_gen,3.1716073,3.1674712,3.1627755,3.1598802,3.1562366,3.1505232,3.15005,3.1480632,3.1460614,3.1444998,3.140596,3.135628,3.1322732,3.128221,3.127563,3.123551,3.1200795,3.1178353,3.1152973,3.1129277,3.1093562,3.1067724,3.1055896,3.1031294,3.101396,3.1004043,3.1004593,3.0970478,3.0962734,3.0946565,3.0941014,3.0922465,3.0921302,3.0910864,3.087954,3.0879188,3.0864196,3.084146,3.0816748,3.0803766,3.079682,3.0771449,3.0757031,3.0724478,3.0682366,3.0670106,3.0642114,3.061631,3.0582619,3.0579686,3.057631,3.053242,3.050969,3.0499916,3.0484002,3.046488,3.0441442,3.0396786,3.0367215,3.0363584,3.0339255,3.031543,3.0292277,3.02662,3.0243773,3.0236888,3.0231438,3.0211701,3.0193298,3.018725
49_real,-0.12343121,,,,,,,,,,,,,,,,-0.37329507,,,,,,,,,,,,,,,,,,,,,,,,,,,,,,,,,,,,,,,,,,,,,,,,,,,,,
49_gen,-0.12343122,-0.12765375,-0.13112326,-0.13310222,-0.13436523,-0.13897061,-0.14426547,-0.14943323,-0.1522025,-0.15429269,-0.15758672,-0.15907879,-0.16009769,-0.16274981,-0.16859004,-0.17441611,-0.17528592,-0.17807956,-0.18161522,-0.18536384,-0.19247131,-0.19528538,-0.20101014,-0.20265225,-0.20597902,-0.2106076,-0.2142365,-0.2178441,-0.22274287,-0.22497115,-0.22821632,-0.23294528,-0.23546252,-0.23999548,-0.24505317,-0.2467695,-0.2498177,-0.2549863,-0.25726905,-0.25905767,-0.26035184,-0.26467115,-0.27158254,-0.27927667,-0.28368825,-0.284764,-0.28776506,-0.29169786,-0.2968672,-0.30089337,-0.30791384,-0.3155159,-0.3205502,-0.3239709,-0.3314407,-0.33551154,-0.3391138,-0.3438615,-0.34581777,-0.34836143,-0.35155496,-0.35307008,-0.35684067,-0.35859695,-0.3639606,-0.36517468,-0.36924148,-0.37261328,-0.37527475,-0.37889048
50_real,0.22170557,,,,,,,,,,,,,,,,0.3239527,,,,,,,,,,,,,,,,,,,,,,,,,,,,,,,,,,,,,,,,,,,,,,,,,,,,,
50_gen,0.22170559,0.21593471,0.20933965,0.20453577,0.20037946,0.1957973,0.19256409,0.19036387,0.18480468,0.18361661,0.17924361,0.17891295,0.17510459,0.1721729,0.1707068,0.16867472,0.16565904,0.16074952,0.15742241,0.15527338,0.15338492,0.15119214,0.14912933,0.14437822,0.13852444,0.1364288,0.1357945,0.13195023,0.12887833,0.1215592,0.1194516,0.11768432,0.11588745,0.112492025,0.10615486,0.10462482,0.100495055,0.09807178,0.09389887,0.09088011,0.08697201,0.082517244,0.081320986,0.07679411,0.07140288,0.067452915,0.06667437,0.062860265,0.055689324,0.053321898,0.04899835,0.045849998,0.04181965,0.038395323,0.032047786,0.02919347,0.024101412,0.018314572,0.014246521,0.011346293,0.005265235,0.00035292693,-0.004643564,-0.010391337,-0.015522922,-0.016144931,-0.020154685,-0.023874298,-0.025757428,-0.032902468
51_real,0.46288595,,,,,,,,,,,,,,,,0.22092547,,,,,,,,,,,,,,,,,,,,,,,,,,,,,,,,,,,,,,,,,,,,,,,,,,,,,
51_gen,0.46288592,0.4572288,0.45527554,0.45191637,0.45045224,0.44511408,0.44030252,0.4380014,0.4344193,0.4311014,0.42512894,0.42491618,0.42412195,0.42547458,0.42149505,0.4175388,0.41486287,0.40866366,0.40595764,0.40070763,0.398842,0.3962672,0.39410627,0.38722563,0.38469607,0.3818531,0.38071004,0.37744325,0.37730178,0.37402356,0.37362856,0.37117702,0.37030444,0.36676887,0.36448878,0.3624184,0.35978895,0.36129308,0.36051306,0.35626197,0.35633367,0.35165107,0.349439,0.34390244,0.34145182,0.34067318,0.33564615,0.33239162,0.329994,0.32953343,0.32664108,0.32617438,0.32161278,0.31705675,0.31402186,0.31288403,0.31207085,0.3087102,0.3077984,0.30460253,0.30197468,0.29990312,0.29879224,0.29530185,0.29424754,0.29082188,0.28839403,0.28606993,0.2851506,0.28185144
52_real,0.45879906,,,,,,,,,,,,,,,,0.34140798,,,,,,,,,,,,,,,,,,,,,,,,,,,,,,,,,,,,,,,,,,,,,,,,,,,,,
52_gen,0.45879906,0.45315367,0.4517506,0.4476126,0.44288516,0.43733758,0.43283015,0.42778164,0.42395133,0.41995245,0.4151668,0.41272146,0.41126338,0.40415794,0.39865294,0.39890698,0.39325783,0.3918395,0.38669544,0.3851201,0.38474163,0.38558117,0.3835822,0.3787719,0.37709692,0.38059792,0.3770762,0.37401953,0.36821455,0.36572132,0.3634433,0.36109167,0.35769755,0.35499567,0.35287476,0.34847316,0.34973532,0.34638008,0.3443296,0.33905348,0.3369031,0.33706486,0.33650658,0.3372926,0.336051,0.33524972,0.33910456,0.33558577,0.33337677,0.32857198,0.32540306,0.32233852,0.32201093,0.32114843,0.31746256,0.31279913,0.3116746,0.30724028,0.30354297,0.3038348,0.29993618,0.2970417,0.29421753,0.29415366,0.28811333,0.28586414,0.28674802,0.28714767,0.2859846,0.28631312
53_real,0.884201,,,,,,,,,,,,,,,,1.0535331,,,,,,,,,,,,,,,,,,,,,,,,,,,,,,,,,,,,,,,,,,,,,,,,,,,,,
53_gen,0.88420093,0.8768549,0.86947,0.85977256,0.8543221,0.8452841,0.8381769,0.83143264,0.828965,0.82853544,0.83014715,0.8249582,0.818707,0.81377935,0.81165487,0.80100995,0.79317975,0.79115295,0.78195125,0.77348936,0.765747,0.7609759,0.7555002,0.7510495,0.7437102,0.74026835,0.74402416,0.7428492,0.73841363,0.72963035,0.7234402,0.71740675,0.71260357,0.70927763,0.70259416,0.6978025,0.6931935,0.6898264,0.67975116,0.6732295,0.6683367,0.65897894,0.6549242,0.6480123,0.6399468,0.635706,0.6299075,0.6288328,0.6210809,0.61820936,0.61566746,0.6064881,0.60224736,0.5964162,0.59199274,0.58615696,0.57735217,0.568441,0.5667374,0.55816746,0.5540137,0.5516168,0.54512686,0.5385475,0.5306998,0.52614087,0.5227202,0.5130011,0.5139199,0.505261
54_real,0.3043011,,,,,,,,,,,,,,,,0.095814854,,,,,,,,,,,,,,,,,,,,,,,,,,,,,,,,,,,,,,,,,,,,,,,,,,,,,
54_gen,0.30430108,0.28925303,0.2830865,0.28210196,0.27689135,0.27162632,0.26854062,0.2711176,0.2670051,0.25932497,0.25453246,0.25570214,0.25403398,0.24563658,0.25061935,0.24344632,0.23944373,0.24317884,0.23528822,0.23576589,0.23561928,0.23586938,0.23343047,0.2334603,0.22558844,0.22383127,0.22674191,0.22450309,0.22760549,0.22254065,0.21320371,0.20319279,0.20069942,0.19351749,0.19582951,0.18955788,0.18669888,0.17967507,0.17908294,0.17530261,0.16970891,0.1698134,0.16703697,0.162212,0.1608725,0.16044033,0.15737242,0.15545109,0.15576655,0.14982381,0.14734875,0.14582194,0.14235806,0.13621746,0.13634172,0.13417217,0.12810355,0.12822446,0.12651695,0.12238284,0.12326272,0.12078284,0.114344396,0.11200915,0.10458185,0.10417318,0.102519415,0.098354,0.094777904,0.09125066
55_real,-0.8121425,,,,,,,,,,,,,,,,-0.7750049,,,,,,,,,,,,,,,,,,,,,,,,,,,,,,,,,,,,,,,,,,,,,,,,,,,,,
55_gen,-0.8121425,-0.81446856,-0.81588525,-0.8189966,-0.82257116,-0.8246169,-0.8271515,-0.8296626,-0.8317524,-0.83380556,-0.83617675,-0.8377434,-0.8418477,-0.84366214,-0.84831697,-0.8532615,-0.8572294,-0.8609131,-0.86247027,-0.8643104,-0.8663557,-0.86960906,-0.8716954,-0.8728504,-0.8759335,-0.87953234,-0.88272095,-0.8863643,-0.88902885,-0.88855755,-0.89065963,-0.891619,-0.892844,-0.89788485,-0.9015597,-0.90235007,-0.90579003,-0.90903175,-0.91211253,-0.9155866,-0.9171535,-0.919726,-0.9203685,-0.9214247,-0.9249582,-0.9260904,-0.9290563,-0.9327033,-0.93535376,-0.93607014,-0.93805856,-0.94034785,-0.9423704,-0.94467705,-0.9481084,-0.9510037,-0.9533186,-0.9578885,-0.9595362,-0.96252793,-0.96502846,-0.96572465,-0.9678253,-0.96790266,-0.969365,-0.97201335,-0.9734267,-0.9776498,-0.9791403,-0.9802725
56_real,0.013799565,,,,,,,,,,,,,,,,-0.016359955,,,,,,,,,,,,,,,,,,,,,,,,,,,,,,,,,,,,,,,,,,,,,,,,,,,,,
56_gen,0.013799565,0.015175514,0.011323268,0.00879378,0.006618172,0.0036274833,0.00279987,-0.00092499005,-0.0032211132,-0.0037880533,-0.005176136,-0.007584927,-0.008705422,-0.0123751,-0.014450282,-0.016066236,-0.017513623,-0.019344788,-0.020445894,-0.023632176,-0.025272597,-0.029201005,-0.030026797,-0.03261796,-0.035894513,-0.039766036,-0.04012024,-0.04263076,-0.0456497,-0.04911845,-0.051239423,-0.05212105,-0.0535676,-0.056294333,-0.05658505,-0.058758814,-0.06103196,-0.06373326,-0.06436403,-0.06576378,-0.06881176,-0.06981136,-0.07361665,-0.0776517,-0.07990203,-0.08308896,-0.08666501,-0.09103328,-0.091179,-0.09579578,-0.09729995,-0.100804225,-0.10492267,-0.10691122,-0.11274924,-0.11675844,-0.11839577,-0.11954019,-0.12101942,-0.12284758,-0.12452801,-0.12792383,-0.13045645,-0.13196379,-0.13606855,-0.13964549,-0.14078029,-0.14458704,-0.14671502,-0.15133108
57_real,0.5770461,,,,,,,,,,,,,,,,0.6823537,,,,,,,,,,,,,,,,,,,,,,,,,,,,,,,,,,,,,,,,,,,,,,,,,,,,,
57_gen,0.57704604,0.56882954,0.56199825,0.55566573,0.5484333,0.54318166,0.54006207,0.5374776,0.5320604,0.532014,0.53042793,0.52765816,0.526694,0.52373725,0.5213021,0.51961213,0.5171296,0.5115932,0.5093443,0.50393015,0.4981079,0.4963277,0.49141207,0.48915234,0.48669463,0.48408636,0.4788719,0.4757082,0.4704066,0.46660548,0.46283022,0.4582747,0.45714244,0.45389462,0.45068854,0.44749576,0.44610482,0.44205886,0.4396151,0.43587312,0.43343633,0.43052307,0.42608142,0.4217464,0.42032355,0.41654176,0.41311818,0.41057903,0.40507674,0.40197578,0.40211016,0.39843842,0.3990153,0.3929935,0.38711745,0.38414246,0.38148874,0.37876835,0.3793632,0.3746778,0.37365797,0.37096316,0.36755368,0.36494538,0.36289465,0.3571786,0.35503212,0.3522003,0.35107568,0.3491928
58_real,-0.157993,,,,,,,,,,,,,,,,0.07883847,,,,,,,,,,,,,,,,,,,,,,,,,,,,,,,,,,,,,,,,,,,,,,,,,,,,,
58_gen,-0.15799299,-0.16509497,-0.17096567,-0.17537571,-0.18335721,-0.1862878,-0.18898189,-0.19468316,-0.20196891,-0.2071222,-0.21351111,-0.2200903,-0.224914,-0.22651713,-0.23086324,-0.23959014,-0.24648552,-0.2503987,-0.2557317,-0.26071018,-0.26579532,-0.2724377,-0.27415136,-0.27874142,-0.28311956,-0.28586736,-0.2880642,-0.29622778,-0.30275643,-0.3060382,-0.31260532,-0.31704444,-0.32131788,-0.3232746,-0.3257107,-0.32846433,-0.33321196,-0.33958167,-0.34938252,-0.35410106,-0.36142665,-0.36519706,-0.3690172,-0.37452766,-0.38167423,-0.38784847,-0.39174366,-0.394214,-0.3973819,-0.40256327,-0.40912718,-0.416679,-0.42106915,-0.42214265,-0.4251612,-0.43299595,-0.44135013,-0.4458719,-0.4513197,-0.45733848,-0.46488422,-0.47203794,-0.47682843,-0.48430657,-0.4885417,-0.49386424,-0.49626088,-0.5013627,-0.50768065,-0.51293266
59_real,1.4957466,,,,,,,,,,,,,,,,1.3014164,,,,,,,,,,,,,,,,,,,,,,,,,,,,,,,,,,,,,,,,,,,,,,,,,,,,,
59_gen,1.4957466,1.4926634,1.4919059,1.4910061,1.4885733,1.4832335,1.4827446,1.4798813,1.4800732,1.480038,1.4778082,1.4777868,1.4770468,1.47533,1.4722068,1.469373,1.4664103,1.4633399,1.4603441,1.4591421,1.4596503,1.4557214,1.455251,1.4506537,1.4499915,1.4459233,1.4433125,1.4426488,1.441235,1.4370288,1.4359571,1.4337711,1.4320478,1.4305093,1.424977,1.4223486,1.4190979,1.4192986,1.4180276,1.4167929,1.4173167,1.413986,1.4120983,1.4079928,1.4062197,1.4028422,1.3985833,1.3962523,1.395797,1.3936578,1.3902369,1.3896575,1.3883927,1.3855987,1.3833942,1.3783627,1.3759496,1.375344,1.3704393,1.3686327,1.3663208,1.3640056,1.3626535,1.3595155,1.3574755,1.3570232,1.353822,1.3518722,1.3511289,1.3491241
60_real,1.3456813,,,,,,,,,,,,,,,,1.0809461,,,,,,,,,,,,,,,,,,,,,,,,,,,,,,,,,,,,,,,,,,,,,,,,,,,,,
60_gen,1.3456813,1.3450122,1.3442485,1.3436229,1.3426316,1.341059,1.3379929,1.338492,1.3384242,1.3366764,1.337847,1.33702,1.3354863,1.3373857,1.3363705,1.3361465,1.3348802,1.3348023,1.3348536,1.3332744,1.3326467,1.3306899,1.3308265,1.3309478,1.328924,1.3278406,1.326959,1.3254406,1.3236998,1.3214583,1.3199842,1.3188704,1.3153738,1.3147109,1.3141887,1.3134832,1.3119996,1.3129714,1.314231,1.3141234,1.3123248,1.3129464,1.3139169,1.3117799,1.3117118,1.3111783,1.3096119,1.309815,1.3114344,1.3093284,1.3091444,1.3109787,1.3103838,1.3083723,1.3086308,1.3073784,1.3056396,1.3047793,1.3050407,1.3040183,1.3032726,1.3010919,1.3018997,1.3025529,1.3019451,1.30256,1.2991848,1.2970408,1.2954204,1.2918594
61_real,1.398046,,,,,,,,,,,,,,,,1.4067656,,,,,,,,,,,,,,,,,,,,,,,,,,,,,,,,,,,,,,,,,,,,,,,,,,,,,
61_gen,1.3980461,1.3902643,1.3853298,1.381637,1.379988,1.3773699,1.3725545,1.3674529,1.3679724,1.3680857,1.36225,1.3594685,1.3519294,1.3492973,1.3476472,1.3459504,1.3465054,1.344499,1.3425771,1.3374392,1.334931,1.3326035,1.3315729,1.3281944,1.3261346,1.3248639,1.3228866,1.3215663,1.3226124,1.3251841,1.3255336,1.3212572,1.3201038,1.3176365,1.3145652,1.315831,1.3179792,1.3159559,1.3112295,1.314687,1.31975,1.3167739,1.3146919,1.3094091,1.3103627,1.3114489,1.3133618,1.3142354,1.3151814,1.3159373,1.3138359,1.3155085,1.3160322,1.3154097,1.3178918,1.3179036,1.3136325,1.3145739,1.3115383,1.3071518,1.3083268,1.3064996,1.3094926,1.3062358,1.3028992,1.3022863,1.2985469,1.2985094,1.2954434,1.2913347
62_real,0.7390074,,,,,,,,,,,,,,,,0.62036645,,,,,,,,,,,,,,,,,,,,,,,,,,,,,,,,,,,,,,,,,,,,,,,,,,,,,
62_gen,0.7390074,0.7326549,0.72504616,0.72280616,0.72066104,0.7144761,0.7137801,0.70974255,0.7067254,0.7032446,0.7043373,0.70443594,0.7006846,0.7006631,0.702608,0.70354056,0.6973006,0.6970045,0.6948427,0.69257295,0.6856562,0.6867815,0.68516773,0.68612856,0.68648607,0.68465436,0.68047965,0.6773786,0.6738019,0.671801,0.66939515,0.6653504,0.6618795,0.6600547,0.6581985,0.659852,0.65791094,0.65630877,0.65417945,0.6509162,0.64884615,0.6497342,0.64817727,0.645317,0.64401186,0.6448969,0.6446663,0.6426352,0.6426999,0.6451662,0.6418623,0.64264315,0.641678,0.6394588,0.6371083,0.6346111,0.6332685,0.62793845,0.62451726,0.6245218,0.6193528,0.6142999,0.61378783,0.6114703,0.6115194,0.6074756,0.6084019,0.60732585,0.6056668,0.6024338
63_real,0.6362777,,,,,,,,,,,,,,,,0.4043893,,,,,,,,,,,,,,,,,,,,,,,,,,,,,,,,,,,,,,,,,,,,,,,,,,,,,
63_gen,0.6362777,0.6293331,0.62513673,0.61614084,0.6122522,0.60927385,0.6042826,0.59862995,0.5942289,0.5890282,0.58441347,0.5815054,0.5771531,0.57317805,0.57071495,0.57069004,0.5666162,0.5638172,0.5585488,0.5555712,0.55250156,0.54956466,0.54711163,0.5415822,0.5403601,0.53540844,0.5272403,0.5247286,0.51965797,0.51538616,0.5098525,0.5086661,0.50750685,0.5041848,0.50072384,0.49605155,0.49380097,0.49029645,0.4882245,0.48504797,0.47883064,0.47451538,0.4690907,0.4660067,0.45821005,0.45472255,0.45186123,0.44788963,0.442064,0.43803936,0.43484288,0.42975578,0.42416558,0.41817054,0.4135654,0.41040653,0.40711433,0.40358967,0.3988593,0.39522323,0.39116028,0.38801613,0.38692093,0.38220495,0.3782953,0.372523,0.3676405,0.36417037,0.35927662,0.3589252
64_real,0.5541401,,,,,,,,,,,,,,,,0.4099193,,,,,,,,,,,,,,,,,,,,,,,,,,,,,,,,,,,,,,,,,,,,,,,,,,,,,
64_gen,0.5541401,0.54789746,0.54141,0.53518176,0.5316817,0.52872396,0.52044976,0.5160271,0.50929445,0.504667,0.49955282,0.49470037,0.48854104,0.48727614,0.48379093,0.47938123,0.47340575,0.46687657,0.4622147,0.45615357,0.45304418,0.44964343,0.44434005,0.43943244,0.43336058,0.43031922,0.4270001,0.41976675,0.41815034,0.412892,0.40887755,0.40499234,0.40146813,0.39852294,0.3948941,0.39386976,0.38785902,0.3835093,0.38204002,0.37926045,0.37798524,0.37528604,0.37266573,0.36849338,0.36439452,0.3598656,0.35766137,0.35508043,0.35262752,0.34961116,0.34630987,0.33972663,0.33733118,0.33398783,0.33122626,0.32629275,0.32511908,0.3212315,0.31968206,0.3168259,0.31374112,0.30935106,0.30286154,0.29850572,0.29718322,0.29116052,0.28571147,0.28012568,0.27488223,0.2730364
65_real,-0.32357857,,,,,,,,,,,,,,,,-0.35850677,,,,,,,,,,,,,,,,,,,,,,,,,,,,,,,,,,,,,,,,,,,,,,,,,,,,,
65_gen,-0.32357857,-0.3318469,-0.33624044,-0.3450972,-0.34719452,-0.35137814,-0.35601512,-0.35880095,-0.36295184,-0.36547354,-0.36701235,-0.37151787,-0.37394994,-0.37549,-0.37567276,-0.37722868,-0.3805275,-0.38268742,-0.38652205,-0.389049,-0.3934117,-0.39621833,-0.39733154,-0.40157133,-0.40590325,-0.40926018,-0.41268355,-0.41168755,-0.41275254,-0.4149502,-0.41861147,-0.41988,-0.4225565,-0.4277831,-0.42959458,-0.43077907,-0.43371862,-0.43471283,-0.4383797,-0.44138512,-0.4448995,-0.4497806,-0.45187426,-0.45510158,-0.4595078,-0.46122164,-0.46613455,-0.46875635,-0.47104907,-0.47509035,-0.47749767,-0.48125964,-0.48745656,-0.48881894,-0.48840895,-0.4917252,-0.49594718,-0.49695486,-0.49975395,-0.5030314,-0.5068685,-0.51357317,-0.51922363,-0.51771677,-0.5215106,-0.52846813,-0.5348235,-0.534646,-0.5354048,-0.5398089
66_real,0.013963839,,,,,,,,,,,,,,,,-0.13431399,,,,,,,,,,,,,,,,,,,,,,,,,,,,,,,,,,,,,,,,,,,,,,,,,,,,,
66_gen,0.013963839,0.011604242,0.00985658,0.0068582087,0.0034389184,0.00028843107,-0.0026689048,-0.004317444,-0.008557038,-0.010861418,-0.016326262,-0.020891203,-0.026114479,-0.034465037,-0.03953783,-0.041468035,-0.044985168,-0.05111727,-0.052556176,-0.05576601,-0.05669461,-0.05972607,-0.06597019,-0.06861234,-0.07423802,-0.074787095,-0.07799767,-0.08233215,-0.084942415,-0.08923588,-0.09782986,-0.10925283,-0.11197231,-0.11270187,-0.11896564,-0.118095264,-0.12368506,-0.13129705,-0.13150918,-0.13209118,-0.13668844,-0.13866119,-0.13880335,-0.13990805,-0.14436647,-0.14849794,-0.15104607,-0.1540632,-0.15856238,-0.16458714,-0.16758084,-0.17481811,-0.17817874,-0.18089223,-0.18318018,-0.18594857,-0.19185188,-0.19428429,-0.20188169,-0.20776539,-0.21586609,-0.21918955,-0.221302,-0.22491863,-0.22865438,-0.23077199,-0.23131362,-0.23311237,-0.23563738,-0.23918495
67_real,1.1620588,,,,,,,,,,,,,,,,1.3406786,,,,,,,,,,,,,,,,,,,,,,,,,,,,,,,,,,,,,,,,,,,,,,,,,,,,,
67_gen,1.1620588,1.1549773,1.1495274,1.1447222,1.138093,1.136105,1.1314337,1.1285195,1.1268796,1.1242793,1.1209803,1.1149061,1.1095246,1.1024107,1.1032127,1.1037538,1.1002147,1.0983244,1.0955502,1.0894854,1.0839745,1.0798463,1.0798366,1.0751132,1.0743649,1.0718786,1.0695791,1.0667974,1.064167,1.0632463,1.0605575,1.0564044,1.0538867,1.0520744,1.0490862,1.0437756,1.0429914,1.0400234,1.0408128,1.0392308,1.0382218,1.0358864,1.0304866,1.0285491,1.0248227,1.0231755,1.0223178,1.0205363,1.017419,1.012641,1.0102344,1.005437,1.0015554,0.9970525,0.9952375,0.9939761,0.9906131,0.9878057,0.9864599,0.98327744,0.9789556,0.97790325,0.9749832,0.97334117,0.9727093,0.97147244,0.9691351,0.96794236,0.96234065,0.960565
68_real,0.06771657,,,,,,,,,,,,,,,,0.037017945,,,,,,,,,,,,,,,,,,,,,,,,,,,,,,,,,,,,,,,,,,,,,,,,,,,,,
68_gen,0.067716576,0.060928624,0.05532983,0.051801734,0.045594413,0.039938223,0.03459489,0.03027534,0.02800543,0.022299726,0.019910159,0.017050484,0.016127719,0.015376965,0.013945852,0.008573498,0.003683664,0.00034964122,-0.00087851554,-0.0045427214,-0.0075855264,-0.011999031,-0.0096080145,-0.00767536,-0.010284564,-0.013815175,-0.015120352,-0.015517783,-0.020711537,-0.026041353,-0.027733356,-0.031268425,-0.035264283,-0.039776362,-0.043509286,-0.045006745,-0.046714872,-0.048739966,-0.04603437,-0.046470173,-0.046232,-0.049327105,-0.050866924,-0.05034549,-0.051591486,-0.055848528,-0.056272082,-0.057578176,-0.057226144,-0.061206937,-0.063725725,-0.06530002,-0.068136886,-0.06750831,-0.06787352,-0.07186048,-0.074537195,-0.07620256,-0.07982501,-0.08388062,-0.08666061,-0.089252576,-0.092798136,-0.09295933,-0.09636741,-0.097011864,-0.10021083,-0.09831551,-0.10127654,-0.10259557
69_real,-0.20694068,,,,,,,,,,,,,,,,-0.2274448,,,,,,,,,,,,,,,,,,,,,,,,,,,,,,,,,,,,,,,,,,,,,,,,,,,,,
69_gen,-0.20694068,-0.21240489,-0.21758315,-0.21737032,-0.22167496,-0.22655034,-0.22752242,-0.23402841,-0.2397218,-0.24655321,-0.25134873,-0.25633603,-0.2600335,-0.26377165,-0.26879093,-0.27279705,-0.2724647,-0.2769558,-0.28003806,-0.28357813,-0.2886078,-0.28993478,-0.2944376,-0.29683772,-0.3015902,-0.30530375,-0.30818254,-0.3137171,-0.31882855,-0.32086837,-0.32630834,-0.33213058,-0.33275214,-0.33641034,-0.3410834,-0.34429187,-0.34805477,-0.3528289,-0.35690358,-0.35916427,-0.36132628,-0.3636251,-0.36913222,-0.37467363,-0.37950507,-0.38217947,-0.3883611,-0.39317995,-0.3987061,-0.40364265,-0.40734515,-0.4082481,-0.4117075,-0.41290116,-0.4154144,-0.41902405,-0.42315826,-0.42211086,-0.4263988,-0.42759952,-0.43087572,-0.4344294,-0.43747965,-0.43925625,-0.44081622,-0.44442788,-0.44858998,-0.4523739,-0.45756903,-0.46094504
70_real,-0.8799032,,,,,,,,,,,,,,,,-0.9225402,,,,,,,,,,,,,,,,,,,,,,,,,,,,,,,,,,,,,,,,,,,,,,,,,,,,,
70_gen,-0.8799032,-0.8841192,-0.88580036,-0.88920385,-0.8910845,-0.8910006,-0.8942133,-0.8968698,-0.89864445,-0.9025866,-0.9048313,-0.91032106,-0.9142972,-0.9163699,-0.91970235,-0.9244693,-0.9296094,-0.92895526,-0.92847157,-0.9273118,-0.9269331,-0.92607796,-0.9284053,-0.9313108,-0.9357527,-0.9384844,-0.9441177,-0.9489029,-0.9518806,-0.95598125,-0.9577325,-0.96029866,-0.9633528,-0.9645039,-0.9660101,-0.96898633,-0.9709991,-0.971058,-0.97366095,-0.979504,-0.9813555,-0.9848183,-0.98692656,-0.98922026,-0.9915226,-0.9916088,-0.993894,-0.99743587,-0.99968195,-1.0007651,-1.0028613,-1.0038654,-1.006685,-1.0060761,-1.0098503,-1.0125988,-1.0101924,-1.0091412,-1.0105349,-1.0143061,-1.0161053,-1.019015,-1.0190485,-1.0194155,-1.0195391,-1.0208304,-1.0244433,-1.0270808,-1.0283005,-1.027094
71_real,1.9885147,,,,,,,,,,,,,,,,1.7795731,,,,,,,,,,,,,,,,,,,,,,,,,,,,,,,,,,,,,,,,,,,,,,,,,,,,,
71_gen,1.9885147,1.9883177,1.9906346,1.9902912,1.9902174,1.9913738,1.9894087,1.9915148,1.9917145,1.99163,1.9905899,1.9889616,1.9863096,1.9869385,1.9867283,1.9846493,1.981447,1.9816077,1.9797242,1.9795281,1.9765241,1.9757307,1.9734364,1.9739168,1.971399,1.9705576,1.9705995,1.96855,1.9649595,1.9589058,1.9602242,1.9571335,1.9569079,1.9548441,1.9522251,1.9492031,1.948704,1.9536445,1.9514482,1.9543451,1.951659,1.9489304,1.9466963,1.9466549,1.9467729,1.9463068,1.942539,1.9397671,1.9413446,1.9403728,1.9424536,1.9401785,1.9362631,1.9355447,1.9309164,1.9283546,1.9216354,1.9203686,1.9196984,1.9118713,1.9104488,1.9103756,1.9097798,1.9086714,1.9111841,1.9097755,1.9105028,1.9077097,1.9056746,1.9045715
72_real,1.0137719,,,,,,,,,,,,,,,,1.0623857,,,,,,,,,,,,,,,,,,,,,,,,,,,,,,,,,,,,,,,,,,,,,,,,,,,,,
72_gen,1.0137719,1.0129102,1.0116727,1.0098125,1.0052207,1.0042156,1.0032923,1.0007395,0.9940028,0.9918105,0.989256,0.98690975,0.9832279,0.985316,0.9860859,0.9855286,0.98156464,0.98018247,0.9745617,0.9739226,0.9730164,0.97511375,0.97178394,0.9715537,0.9693061,0.9682167,0.96489733,0.95990926,0.962872,0.9603842,0.9590317,0.955496,0.95194805,0.9500574,0.9502977,0.94495356,0.9443992,0.9414994,0.9432414,0.94212705,0.9375103,0.93146306,0.9306734,0.9304436,0.92672044,0.92800057,0.9273068,0.9250185,0.92445785,0.91979694,0.91987973,0.91729534,0.9185316,0.92202234,0.9167059,0.91433984,0.9136671,0.9149677,0.9111813,0.909259,0.9060435,0.90546113,0.90649956,0.9036401,0.90369236,0.90237105,0.8996639,0.8947319,0.89144975,0.8883686
73_real,0.16398795,,,,,,,,,,,,,,,,-0.066574246,,,,,,,,,,,,,,,,,,,,,,,,,,,,,,,,,,,,,,,,,,,,,,,,,,,,,
73_gen,0.16398796,0.16391207,0.16761123,0.16726176,0.16314325,0.16178337,0.158128,0.15879098,0.15895367,0.15695517,0.1612476,0.15910931,0.15501997,0.1547096,0.14974017,0.15120548,0.15177503,0.15318006,0.15251268,0.15221584,0.151425,0.15222947,0.15368655,0.151637,0.14856108,0.14509296,0.14505562,0.1463519,0.14488053,0.1433435,0.14240688,0.14035043,0.14063933,0.13864358,0.13511291,0.1323299,0.13053593,0.12582774,0.12514998,0.12468477,0.123910464,0.12208408,0.12046019,0.12156544,0.12261067,0.11869822,0.11772212,0.11991457,0.11652899,0.11276345,0.10979767,0.11128576,0.10607388,0.10370978,0.102394186,0.10198367,0.1034217,0.10362776,0.10407356,0.10417732,0.10545895,0.10448549,0.10106285,0.10106613,0.09545318,0.090289444,0.088328876,0.08444743,0.078283735,0.07766183
74_real,1.516523,,,,,,,,,,,,,,,,1.0884569,,,,,,,,,,,,,,,,,,,,,,,,,,,,,,,,,,,,,,,,,,,,,,,,,,,,,
74_gen,1.5165231,1.5082148,1.4990603,1.4930567,1.489373,1.4863936,1.48265,1.4803002,1.4772798,1.475709,1.4682071,1.4652776,1.458729,1.4549185,1.4541693,1.4541452,1.4489496,1.4514601,1.4458779,1.4440048,1.4384222,1.4392691,1.4371741,1.439421,1.4354904,1.439003,1.4374431,1.4343364,1.4365159,1.4356438,1.4373147,1.4324763,1.4295528,1.4269278,1.4252734,1.4248036,1.4266044,1.4263285,1.4277099,1.4273525,1.4200901,1.4148939,1.4193137,1.4177709,1.4205503,1.4186655,1.4162132,1.4136126,1.4126707,1.4148076,1.4136797,1.4138687,1.4114189,1.4075116,1.4058442,1.3993974,1.3984977,1.4004853,1.3960426,1.3994936,1.3989974,1.3994867,1.3941529,1.3932755,1.3928304,1.3887677,1.3891177,1.3810122,1.3780323,1.376799
75_real,-0.26889488,,,,,,,,,,,,,,,,-0.29090413,,,,,,,,,,,,,,,,,,,,,,,,,,,,,,,,,,,,,,,,,,,,,,,,,,,,,
75_gen,-0.26889488,-0.27035153,-0.27048284,-0.27144483,-0.26954043,-0.2706002,-0.27399024,-0.27567664,-0.2756675,-0.27731103,-0.2767216,-0.27676982,-0.27619618,-0.27669612,-0.2783648,-0.2790998,-0.28112173,-0.28268537,-0.28470975,-0.28494948,-0.287939,-0.29004803,-0.29291636,-0.295599,-0.29748756,-0.29471418,-0.29424092,-0.29367715,-0.29656988,-0.29827228,-0.30130395,-0.30379325,-0.30686182,-0.30884874,-0.30909765,-0.31098038,-0.31156164,-0.3114937,-0.31269675,-0.3139177,-0.31417042,-0.3172291,-0.3206803,-0.32209507,-0.32411262,-0.3268138,-0.32847285,-0.32868594,-0.3326014,-0.33363464,-0.33760938,-0.33896005,-0.34112358,-0.34235162,-0.34375677,-0.34512538,-0.34736228,-0.34908956,-0.35113972,-0.35401705,-0.3553589,-0.35636568,-0.35783854,-0.3577208,-0.3610177,-0.3608195,-0.36317492,-0.36593273,-0.36943015,-0.37285247
76_real,-0.33838853,,,,,,,,,,,,,,,,-0.27877828,,,,,,,,,,,,,,,,,,,,,,,,,,,,,,,,,,,,,,,,,,,,,,,,,,,,,
76_gen,-0.3383885,-0.34299856,-0.34695128,-0.3494503,-0.34999856,-0.35293546,-0.3523284,-0.3548932,-0.35603803,-0.35684648,-0.36018506,-0.3609284,-0.36364418,-0.36474618,-0.36439323,-0.36610535,-0.3650956,-0.36647496,-0.368856,-0.3717425,-0.37357417,-0.3723035,-0.3736656,-0.3718969,-0.3725326,-0.37271696,-0.3722135,-0.3714189,-0.37195343,-0.37331188,-0.3747615,-0.3743867,-0.37643927,-0.37524694,-0.37599173,-0.37534374,-0.37691078,-0.37685055,-0.3768776,-0.37512973,-0.3759225,-0.37543413,-0.37964424,-0.37731922,-0.38013035,-0.37986892,-0.3803927,-0.38334602,-0.3845142,-0.3875186,-0.38951963,-0.38950336,-0.39031434,-0.3916657,-0.3920853,-0.39339638,-0.39162955,-0.3919295,-0.3942332,-0.39662814,-0.39311242,-0.39208022,-0.3917572,-0.39410076,-0.39213818,-0.3932043,-0.39268094,-0.39406878,-0.39446604,-0.39514977
77_real,-0.63576955,,,,,,,,,,,,,,,,-0.18795837,,,,,,,,,,,,,,,,,,,,,,,,,,,,,,,,,,,,,,,,,,,,,,,,,,,,,
77_gen,-0.6357695,-0.63610595,-0.638568,-0.64170444,-0.6407548,-0.64505845,-0.6467733,-0.6511594,-0.6565626,-0.66210765,-0.66415495,-0.6688433,-0.6737693,-0.67851627,-0.68266034,-0.68039775,-0.68255836,-0.682814,-0.68566763,-0.6870314,-0.6886968,-0.6938657,-0.6952869,-0.69490993,-0.6988059,-0.7025451,-0.70328724,-0.7040052,-0.70436895,-0.7072965,-0.7067415,-0.7069334,-0.71308863,-0.7143076,-0.7165272,-0.717744,-0.7211851,-0.7180132,-0.71870166,-0.7209276,-0.7226857,-0.72280467,-0.7274159,-0.72753924,-0.728665,-0.7300666,-0.7339357,-0.735627,-0.7322955,-0.73162246,-0.7370098,-0.7408256,-0.74276906,-0.7455584,-0.7482577,-0.7528488,-0.7584055,-0.76157874,-0.7620174,-0.7642168,-0.7662013,-0.76945287,-0.771348,-0.7747626,-0.7766873,-0.77845347,-0.7781079,-0.7803289,-0.7848205,-0.78528225
78_real,1.0050931,,,,,,,,,,,,,,,,0.7317373,,,,,,,,,,,,,,,,,,,,,,,,,,,,,,,,,,,,,,,,,,,,,,,,,,,,,
78_gen,1.005093,1.0024822,0.9987977,0.9946505,0.99235266,0.98910016,0.98607635,0.9815922,0.9773699,0.9715067,0.9664078,0.96044046,0.9546641,0.9516376,0.9470109,0.94106483,0.93178624,0.9301947,0.9272606,0.9231106,0.9167101,0.9134215,0.9087021,0.9053475,0.9023185,0.89922315,0.8972165,0.89296734,0.88983566,0.88652813,0.88238823,0.87651855,0.87002915,0.8662586,0.8615897,0.85418767,0.8496229,0.8466095,0.83642405,0.83510196,0.8325325,0.8309902,0.82455283,0.82160366,0.81702214,0.8083178,0.8013185,0.7955991,0.788854,0.78491163,0.7804589,0.77197045,0.7626411,0.75751746,0.7514702,0.748504,0.7453912,0.7446831,0.74084675,0.73623013,0.73640585,0.7350241,0.7291797,0.72371644,0.72006947,0.7147709,0.708938,0.7068054,0.70073634,0.6978868
79_real,2.6873631,,,,,,,,,,,,,,,,2.3767478,,,,,,,,,,,,,,,,,,,,,,,,,,,,,,,,,,,,,,,,,,,,,,,,,,,,,
79_gen,2.687363,2.681911,2.6798263,2.678002,2.674811,2.6732454,2.668967,2.6676748,2.6639807,2.6617656,2.6597955,2.6561904,2.6526666,2.650993,2.6490302,2.6452975,2.641622,2.6393661,2.6386676,2.6374907,2.635359,2.6336696,2.6310267,2.6291606,2.6281126,2.6271968,2.626291,2.625269,2.6216261,2.6215096,2.6210592,2.6179724,2.6192977,2.6174357,2.6151025,2.6124394,2.6105504,2.608152,2.6068716,2.603672,2.6031003,2.6006734,2.5981672,2.5954342,2.59261,2.5890195,2.585322,2.5830564,2.5803325,2.576324,2.5754225,2.5727277,2.5707374,2.568593,2.5646873,2.562293,2.5584054,2.5562656,2.5551887,2.552761,2.55068,2.547214,2.5449095,2.5434582,2.5411708,2.5386565,2.5366178,2.532982,2.5298994,2.528082
80_real,1.6517397,,,,,,,,,,,,,,,,1.3886483,,,,,,,,,,,,,,,,,,,,,,,,,,,,,,,,,,,,,,,,,,,,,,,,,,,,,
80_gen,1.6517398,1.6497505,1.6492023,1.6481864,1.6460139,1.6449944,1.6434734,1.6421009,1.6406244,1.6394176,1.6378425,1.6367838,1.6355873,1.63391,1.6334966,1.6311481,1.6311096,1.6295722,1.6279131,1.6271042,1.6259798,1.622987,1.6210632,1.619426,1.619586,1.6202856,1.6190866,1.6171916,1.6164789,1.6167119,1.6144001,1.613562,1.6121027,1.612101,1.6112705,1.6077139,1.6075137,1.6074307,1.6054796,1.6043894,1.6039381,1.6040134,1.6038145,1.6017319,1.6028445,1.5996759,1.5996448,1.5984578,1.5981252,1.5992335,1.5973568,1.5972874,1.5951475,1.5954579,1.5950022,1.596922,1.5952446,1.5927502,1.5904714,1.5902866,1.5885262,1.5870396,1.5864143,1.5866877,1.5868899,1.587207,1.5874515,1.5854623,1.5831006,1.5818417
81_real,1.823808,,,,,,,,,,,,,,,,1.748747,,,,,,,,,,,,,,,,,,,,,,,,,,,,,,,,,,,,,,,,,,,,,,,,,,,,,
81_gen,1.823808,1.8208519,1.8143355,1.8069932,1.8046882,1.8020236,1.7991388,1.7942717,1.7901226,1.7864268,1.7829354,1.7797018,1.7736464,1.7715801,1.7687991,1.761308,1.7583954,1.7549709,1.7503841,1.7461727,1.7428949,1.7355442,1.7317045,1.7271467,1.7226394,1.7143881,1.7069676,1.7022278,1.6978867,1.6947298,1.6906229,1.6878402,1.684412,1.6775329,1.6742817,1.6720855,1.6707233,1.6649269,1.6581103,1.6528504,1.6480913,1.6439428,1.6389477,1.63574,1.6296139,1.6270081,1.6238756,1.6206391,1.616052,1.6166719,1.6089674,1.6028712,1.5989187,1.596065,1.5914519,1.5860131,1.5829785,1.575869,1.5689971,1.565712,1.560611,1.5538734,1.5489188,1.544502,1.5360613,1.5323923,1.5264202,1.5223846,1.5197091,1.5155334
82_real,-0.06955699,,,,,,,,,,,,,,,,0.06857265,,,,,,,,,,,,,,,,,,,,,,,,,,,,,,,,,,,,,,,,,,,,,,,,,,,,,
82_gen,-0.069556996,-0.070843175,-0.072408825,-0.07481261,-0.07833841,-0.08508928,-0.09007081,-0.092593275,-0.095028706,-0.09757233,-0.10127064,-0.104791306,-0.10542536,-0.108767554,-0.11209027,-0.11463895,-0.11756271,-0.12319813,-0.12794444,-0.12865466,-0.12879488,-0.1322847,-0.13402049,-0.13552548,-0.13546988,-0.1403254,-0.14345956,-0.14823097,-0.1528721,-0.15834476,-0.16136323,-0.16462868,-0.1677911,-0.17012233,-0.17236944,-0.17624614,-0.17881867,-0.18061218,-0.1842545,-0.18894604,-0.19078797,-0.19719854,-0.19927315,-0.20043544,-0.20272975,-0.20521355,-0.20924596,-0.21188453,-0.21472502,-0.21473095,-0.21690562,-0.22058606,-0.22543171,-0.2283198,-0.23076686,-0.23558564,-0.24116743,-0.24339819,-0.24743362,-0.2520506,-0.25293976,-0.25627214,-0.2597422,-0.26198038,-0.26536185,-0.26753327,-0.27178198,-0.27555013,-0.2806475,-0.28423554
83_real,0.2729822,,,,,,,,,,,,,,,,0.3977871,,,,,,,,,,,,,,,,,,,,,,,,,,,,,,,,,,,,,,,,,,,,,,,,,,,,,
83_gen,0.27298218,0.26796103,0.2649999,0.2616255,0.25758785,0.2554225,0.25398913,0.24856937,0.24485047,0.24175672,0.23766501,0.23604481,0.23090386,0.2278964,0.224945,0.2222826,0.2192339,0.21534424,0.21139264,0.20863149,0.2048208,0.20149048,0.19729586,0.1937187,0.19357747,0.19071539,0.1875902,0.18599913,0.18285146,0.18067694,0.17904046,0.17601517,0.175591,0.17205282,0.17134513,0.1687901,0.16694155,0.16531363,0.16276886,0.16000685,0.15820575,0.15628287,0.15473509,0.15306993,0.1500338,0.14613809,0.14451954,0.1392113,0.1373172,0.13230053,0.13010004,0.12735535,0.1259102,0.122332394,0.12067121,0.118113935,0.11589184,0.11201906,0.10943581,0.10712995,0.10444234,0.101406336,0.097103804,0.09375365,0.09130392,0.08868952,0.08788154,0.08564326,0.082212314,0.07662642
84_real,1.1224918,,,,,,,,,,,,,,,,0.99668914,,,,,,,,,,,,,,,,,,,,,,,,,,,,,,,,,,,,,,,,,,,,,,,,,,,,,
84_gen,1.1224918,1.1167432,1.1145952,1.1117814,1.1083609,1.1050974,1.0998039,1.0939381,1.0862932,1.0826159,1.0789685,1.0731379,1.0670477,1.0632317,1.0606358,1.0572884,1.0548491,1.0518925,1.0489014,1.0450255,1.0405027,1.0371697,1.0326164,1.0282314,1.0240562,1.021311,1.0196935,1.0183007,1.0159376,1.0122323,1.0089791,1.003754,0.9975141,0.9930992,0.9897412,0.9856556,0.9813182,0.97905385,0.97838485,0.9769583,0.9731821,0.9682566,0.96370333,0.96042234,0.9562074,0.95315397,0.9491285,0.9441802,0.93904364,0.9359662,0.9336398,0.9312092,0.9281192,0.9265987,0.9234072,0.91861045,0.9153837,0.9095195,0.9045493,0.8983129,0.8982415,0.89418185,0.888964,0.8852087,0.881128,0.8745993,0.86973447,0.8658794,0.86200464,0.8608128
85_real,0.10990726,,,,,,,,,,,,,,,,-0.13616085,,,,,,,,,,,,,,,,,,,,,,,,,,,,,,,,,,,,,,,,,,,,,,,,,,,,,
85_gen,0.109907255,0.10608538,0.10218779,0.09802548,0.09411438,0.0909332,0.08386345,0.081643544,0.078974575,0.077693745,0.07423051,0.0707524,0.0695004,0.06787138,0.0660639,0.06477242,0.06303193,0.061198898,0.05693733,0.053946692,0.05133777,0.049716532,0.048516817,0.04651872,0.04555264,0.04302117,0.038449194,0.037258666,0.037234902,0.038899906,0.03605727,0.03535952,0.032948215,0.030797938,0.028354907,0.025691936,0.020149345,0.01839514,0.016244564,0.01686049,0.016524715,0.016067484,0.015113762,0.00979867,0.0068550957,0.0041578673,0.002984042,4.7028066e-06,-0.005393615,-0.007578749,-0.0076433197,-0.010679381,-0.016855529,-0.016249966,-0.019885542,-0.019894902,-0.019680288,-0.025116857,-0.027410243,-0.032377835,-0.03506463,-0.03555251,-0.038231708,-0.039057046,-0.040176637,-0.0411553,-0.04376807,-0.04443549,-0.04529074,-0.04637595
86_real,-0.053005863,,,,,,,,,,,,,,,,-0.12059403,,,,,,,,,,,,,,,,,,,,,,,,,,,,,,,,,,,,,,,,,,,,,,,,,,,,,
86_gen,-0.053005867,-0.06312569,-0.06993644,-0.07250567,-0.07601123,-0.08114071,-0.087068334,-0.08946328,-0.09532537,-0.09941338,-0.10335632,-0.10590057,-0.10754581,-0.110835254,-0.11315532,-0.11374904,-0.11500426,-0.11541779,-0.116629645,-0.11855452,-0.12065158,-0.12170509,-0.12105526,-0.12327473,-0.124868914,-0.13085958,-0.13005385,-0.13429648,-0.13795748,-0.13695058,-0.14047791,-0.14209256,-0.14481814,-0.14688724,-0.15019155,-0.15038927,-0.15409517,-0.15310784,-0.15649274,-0.1582009,-0.16072129,-0.16234355,-0.16714105,-0.17164156,-0.17162904,-0.17459174,-0.17893209,-0.1836653,-0.18276545,-0.18211034,-0.18369056,-0.18570825,-0.18938111,-0.19112052,-0.19340578,-0.19722162,-0.19574709,-0.2016036,-0.2039944,-0.20805319,-0.2077533,-0.2088243,-0.21063237,-0.21100394,-0.21109219,-0.21556866,-0.21852782,-0.22097,-0.22304933,-0.22478263
87_real,-0.23176502,,,,,,,,,,,,,,,,0.16937226,,,,,,,,,,,,,,,,,,,,,,,,,,,,,,,,,,,,,,,,,,,,,,,,,,,,,
87_gen,-0.231765,-0.2365135,-0.24087925,-0.24204743,-0.24631667,-0.25085694,-0.25332874,-0.25759992,-0.26382038,-0.26422796,-0.26821095,-0.27178827,-0.2749324,-0.27623948,-0.2775997,-0.2797375,-0.28301376,-0.28383905,-0.28758684,-0.28977472,-0.29220924,-0.29214796,-0.2954475,-0.29661244,-0.29715124,-0.29939178,-0.3011641,-0.30268174,-0.30514318,-0.30637848,-0.30900115,-0.31367663,-0.3149279,-0.31696755,-0.31841516,-0.3226035,-0.32391298,-0.32496083,-0.3260629,-0.32741085,-0.32892817,-0.33266464,-0.33135444,-0.3343262,-0.3367216,-0.3361056,-0.33746162,-0.34027833,-0.34077886,-0.34204417,-0.34334916,-0.34538585,-0.34752983,-0.3506865,-0.3552238,-0.35667756,-0.35735592,-0.36180136,-0.36276895,-0.3656895,-0.370172,-0.37101918,-0.371405,-0.37073204,-0.37360233,-0.37662143,-0.3807915,-0.37841517,-0.380002,-0.38167754
88_real,-0.8253035,,,,,,,,,,,,,,,,-0.9566699,,,,,,,,,,,,,,,,,,,,,,,,,,,,,,,,,,,,,,,,,,,,,,,,,,,,,
88_gen,-0.82530344,-0.8307905,-0.833619,-0.83752185,-0.83924854,-0.8461443,-0.8463858,-0.8492219,-0.8516801,-0.85061675,-0.8516259,-0.85201013,-0.85530615,-0.8564841,-0.85867757,-0.86280316,-0.86308813,-0.8630821,-0.8639294,-0.8667496,-0.8700854,-0.8730589,-0.8780197,-0.8812804,-0.88301915,-0.8832822,-0.8874177,-0.8894679,-0.89014995,-0.89112675,-0.8942831,-0.89638007,-0.8947465,-0.89526737,-0.89681196,-0.89759815,-0.8964716,-0.9001597,-0.9001443,-0.9032542,-0.9063635,-0.90821636,-0.9093212,-0.9109994,-0.9126652,-0.91202337,-0.91563416,-0.9166238,-0.9181965,-0.9203337,-0.92067593,-0.9200457,-0.91995,-0.9213697,-0.9240321,-0.9224531,-0.9256256,-0.92780906,-0.9285817,-0.9304072,-0.9339126,-0.93481225,-0.93355095,-0.93262017,-0.93184245,-0.9315297,-0.9315065,-0.93005836,-0.93188083,-0.93532467
89_real,0.3219831,,,,,,,,,,,,,,,,0.32781464,,,,,,,,,,,,,,,,,,,,,,,,,,,,,,,,,,,,,,,,,,,,,,,,,,,,,
89_gen,0.3219831,0.31712157,0.3160344,0.31210402,0.31106138,0.30747694,0.30647,0.3056329,0.30616966,0.3032481,0.30191308,0.300449,0.30213714,0.3013404,0.30029768,0.29910043,0.29515204,0.2914211,0.28973517,0.28960615,0.2903443,0.28816316,0.28982097,0.28852138,0.28785735,0.28705373,0.2883998,0.28995353,0.28876695,0.285518,0.2828818,0.28331536,0.2820982,0.28104234,0.27992544,0.279467,0.28052408,0.2823531,0.27993813,0.27780566,0.27687612,0.27695578,0.276423,0.2749142,0.2750397,0.27375123,0.27398518,0.27410892,0.2717655,0.27155608,0.26814052,0.26984197,0.26878214,0.26948178,0.2693955,0.2692252,0.2665137,0.26412672,0.2662186,0.26929337,0.26901144,0.26737168,0.26633114,0.26629516,0.2655595,0.2615777,0.26147586,0.26116475,0.2603077,0.25811616
90_real,0.87755823,,,,,,,,,,,,,,,,0.9454913,,,,,,,,,,,,,,,,,,,,,,,,,,,,,,,,,,,,,,,,,,,,,,,,,,,,,
90_gen,0.87755823,0.8706337,0.86856234,0.86780214,0.86437094,0.8610085,0.86046886,0.85771257,0.85291326,0.85247135,0.8505446,0.84672415,0.8460253,0.8444123,0.84595853,0.84794724,0.847593,0.846732,0.84558,0.84534156,0.84435874,0.8409834,0.84309614,0.8426782,0.84323055,0.8454242,0.8481928,0.84863317,0.8524051,0.85344326,0.8534584,0.853367,0.85169923,0.85143423,0.8549631,0.856373,0.8567289,0.85950136,0.8602606,0.8588872,0.8573716,0.85611326,0.855346,0.8543526,0.8555299,0.8559991,0.8558834,0.8557023,0.8568119,0.8576603,0.85552406,0.8564264,0.8583522,0.8608513,0.8595063,0.8609001,0.8599059,0.8613919,0.8605627,0.86111325,0.8622341,0.8621062,0.86317605,0.8634508,0.8609543,0.8597001,0.86311895,0.86136454,0.8611722,0.8581103
91_real,0.617755,,,,,,,,,,,,,,,,0.47390687,,,,,,,,,,,,,,,,,,,,,,,,,,,,,,,,,,,,,,,,,,,,,,,,,,,,,
91_gen,0.617755,0.61570525,0.6129137,0.6110772,0.60867274,0.6066731,0.60516125,0.6030003,0.59801084,0.59403914,0.59339356,0.5895762,0.58527774,0.5806532,0.57754004,0.5735101,0.57041675,0.566291,0.5665933,0.563901,0.5619906,0.56089324,0.55844647,0.55421793,0.55219287,0.5518483,0.5485898,0.545749,0.5439962,0.5429282,0.5417148,0.5415479,0.53900045,0.53478795,0.5314667,0.5268551,0.5257896,0.52579033,0.52564716,0.5249324,0.522453,0.51913136,0.5161711,0.5119392,0.5124243,0.5125232,0.51406246,0.51368225,0.50993127,0.5067235,0.5044349,0.50236046,0.4995334,0.5001298,0.4979282,0.49530715,0.4923497,0.49100605,0.48889264,0.4873262,0.48392636,0.4865168,0.48318166,0.48147005,0.4798233,0.47768077,0.47553557,0.47339487,0.47067747,0.47230697
92_real,-0.4466554,,,,,,,,,,,,,,,,-0.65819156,,,,,,,,,,,,,,,,,,,,,,,,,,,,,,,,,,,,,,,,,,,,,,,,,,,,,
92_gen,-0.44665533,-0.44397998,-0.44640875,-0.44717997,-0.4479437,-0.44833392,-0.44842067,-0.44855577,-0.44985685,-0.45053333,-0.45304856,-0.45325977,-0.45320225,-0.45168123,-0.4504636,-0.4530869,-0.45683298,-0.45642415,-0.4582402,-0.46026945,-0.46222514,-0.4632743,-0.4645884,-0.46685186,-0.46812874,-0.46589643,-0.4687187,-0.46827084,-0.4694399,-0.4672873,-0.46919885,-0.47115558,-0.47388515,-0.47390136,-0.4749402,-0.47589102,-0.475782,-0.4758405,-0.47652277,-0.47676286,-0.47604018,-0.47812766,-0.4766085,-0.4775465,-0.4759117,-0.47330493,-0.4781528,-0.47908935,-0.48229313,-0.48082447,-0.47945112,-0.48193517,-0.4821435,-0.4813265,-0.4838408,-0.48341972,-0.48414364,-0.48699602,-0.48909706,-0.48954123,-0.4887144,-0.4899525,-0.4889551,-0.49078614,-0.49106783,-0.49149036,-0.4906884,-0.4905804,-0.489789,-0.4924813
93_real,1.201349,,,,,,,,,,,,,,,,0.9628362,,,,,,,,,,,,,,,,,,,,,,,,,,,,,,,,,,,,,,,,,,,,,,,,,,,,,
93_gen,1.2013491,1.1942552,1.1879867,1.1834552,1.1793547,1.1740363,1.1683842,1.1621155,1.1580951,1.1564119,1.1516349,1.1470859,1.1445762,1.1400927,1.1346147,1.1313541,1.1283125,1.1247528,1.12279,1.1197355,1.1162257,1.1116985,1.10825,1.1044309,1.0992342,1.0949682,1.0903127,1.0860683,1.0806828,1.0772669,1.0729934,1.0690424,1.0653998,1.0618079,1.0586965,1.0536616,1.0505219,1.0487816,1.0454075,1.0429294,1.0398344,1.0346111,1.0297244,1.0269042,1.0223095,1.0183741,1.0149314,1.0114758,1.0063999,1.0031084,0.99957657,0.99456406,0.9913024,0.98609865,0.98232186,0.97979414,0.97536725,0.96983147,0.96408445,0.9588338,0.955694,0.95131767,0.94712335,0.9459775,0.9413856,0.9386519,0.9342152,0.9285525,0.92601717,0.9220872
94_real,1.4822952,,,,,,,,,,,,,,,,1.6113126,,,,,,,,,,,,,,,,,,,,,,,,,,,,,,,,,,,,,,,,,,,,,,,,,,,,,
94_gen,1.4822952,1.4773271,1.4732475,1.4679633,1.4639754,1.4592817,1.4530165,1.4487326,1.4444449,1.4379771,1.4393427,1.436895,1.435936,1.431167,1.4239782,1.4192035,1.4182246,1.4132664,1.408922,1.4051362,1.3969538,1.3941205,1.3880732,1.3842711,1.3790847,1.375311,1.3697978,1.3654755,1.3631623,1.3568665,1.3503569,1.3464493,1.3441089,1.3423994,1.3383859,1.3349609,1.3334407,1.329415,1.3263477,1.3227451,1.3184798,1.3152531,1.3112814,1.3105024,1.3081443,1.30462,1.3001004,1.2951342,1.2901008,1.2872273,1.2835376,1.2765057,1.269696,1.2648171,1.2590377,1.2542493,1.2500002,1.2467387,1.242652,1.2380773,1.2359041,1.2335914,1.2286638,1.224958,1.2182655,1.2146248,1.2106792,1.2047805,1.2019033,1.1982132
95_real,0.27342454,,,,,,,,,,,,,,,,0.17130786,,,,,,,,,,,,,,,,,,,,,,,,,,,,,,,,,,,,,,,,,,,,,,,,,,,,,
95_gen,0.27342457,0.2649478,0.26015034,0.26002055,0.255173,0.2473624,0.24597864,0.23526254,0.22911882,0.22178555,0.21527202,0.21275787,0.20974894,0.20545857,0.19950344,0.19601291,0.19386034,0.19496672,0.18689127,0.18303972,0.18003806,0.17556792,0.17153575,0.16949964,0.16380236,0.1659233,0.16411379,0.15565205,0.15048265,0.14777854,0.14365306,0.13843873,0.1392937,0.1376683,0.1342056,0.12930475,0.12255983,0.1168344,0.1100176,0.10468429,0.102616385,0.09935217,0.097374834,0.09388654,0.0959026,0.094076775,0.09521742,0.09133641,0.087894276,0.081704125,0.07774442,0.072769016,0.06491158,0.062129606,0.056745075,0.052560247,0.043534547,0.0411499,0.03313318,0.029599974,0.024798492,0.021614123,0.014674336,0.012396811,0.009009537,0.0040442795,-0.0035925556,-0.005558814,-0.0077774925,-0.014075914
96_real,0.31573427,,,,,,,,,,,,,,,,0.340424,,,,,,,,,,,,,,,,,,,,,,,,,,,,,,,,,,,,,,,,,,,,,,,,,,,,,
96_gen,0.3157343,0.31148154,0.30768648,0.30660188,0.29836416,0.29665527,0.2939816,0.29122704,0.29022545,0.28567976,0.2805974,0.27458888,0.2716395,0.26832786,0.26348704,0.26600674,0.263069,0.2621913,0.26203483,0.2583204,0.2566195,0.25647455,0.25300637,0.2528916,0.25167808,0.24640186,0.24499938,0.24155907,0.24195512,0.24183337,0.23857701,0.2337759,0.23319742,0.22521794,0.22278018,0.21977274,0.21765094,0.2146991,0.2137922,0.20987768,0.20736864,0.20327465,0.2018567,0.19918159,0.19750808,0.19860947,0.19816104,0.1925355,0.19343248,0.19362064,0.18934898,0.18629023,0.18697293,0.18801263,0.18598929,0.18570133,0.18572736,0.18311475,0.18556128,0.1808273,0.17880578,0.17545779,0.17340013,0.1673667,0.16003227,0.15840621,0.1619116,0.15774348,0.15304914,0.15096056
97_real,-0.9904432,,,,,,,,,,,,,,,,-1.4427553,,,,,,,,,,,,,,,,,,,,,,,,,,,,,,,,,,,,,,,,,,,,,,,,,,,,,
97_gen,-0.9904432,-0.9943215,-1.0001808,-1.0051517,-1.0083185,-1.0095488,-1.0115645,-1.0138807,-1.0153975,-1.0181539,-1.0222661,-1.0236753,-1.0249932,-1.0300753,-1.0275358,-1.0308506,-1.0312982,-1.0307901,-1.035311,-1.0365287,-1.0383383,-1.0383115,-1.0418165,-1.0444992,-1.0475438,-1.0518739,-1.054394,-1.0553441,-1.0587629,-1.0611973,-1.066345,-1.0670199,-1.0716306,-1.0754507,-1.0769646,-1.0799098,-1.0841229,-1.0865694,-1.0888294,-1.0901701,-1.0920538,-1.0959951,-1.098842,-1.1019377,-1.1059874,-1.1088853,-1.1105082,-1.1133444,-1.1161182,-1.119379,-1.1225756,-1.1233705,-1.1270063,-1.1315868,-1.1339233,-1.1366868,-1.140824,-1.1438717,-1.1457549,-1.1486259,-1.1506234,-1.1535919,-1.1593812,-1.1635458,-1.1662204,-1.1675005,-1.1722934,-1.17499,-1.1791481,-1.1822597
98_real,1.0446876,,,,,,,,,,,,,,,,0.8570861,,,,,,,,,,,,,,,,,,,,,,,,,,,,,,,,,,,,,,,,,,,,,,,,,,,,,
98_gen,1.0446875,1.0453815,1.0437893,1.0403769,1.0397303,1.0380343,1.03492,1.0309271,1.0281868,1.029853,1.029467,1.0306236,1.029714,1.0267826,1.0244039,1.0220548,1.0189614,1.0178568,1.0184876,1.0189259,1.0204766,1.0189756,1.0187871,1.0185719,1.0161269,1.0105025,1.0093447,1.0092351,1.0104414,1.00794,1.0075899,1.0074904,1.005087,1.000727,1.0003625,0.9964836,0.9912335,0.98939866,0.9845039,0.982344,0.981867,0.98122025,0.97713614,0.97494173,0.973725,0.97527343,0.9746237,0.9739054,0.97157145,0.9703795,0.9715527,0.9696643,0.9678197,0.9668196,0.96626884,0.9630476,0.9614838,0.9579412,0.95645964,0.95501536,0.95225585,0.95109904,0.94928014,0.94584477,0.9416583,0.94008845,0.93996114,0.9403092,0.9373293,0.93721855
99_real,0.2940936,,,,,,,,,,,,,,,,-0.05522313,,,,,,,,,,,,,,,,,,,,,,,,,,,,,,,,,,,,,,,,,,,,,,,,,,,,,
99_gen,0.2940936,0.2988712,0.29875183,0.30339366,0.30527934,0.30583942,0.3051107,0.3043209,0.3040842,0.30566496,0.30629796,0.30659664,0.305788,0.3063538,0.30333248,0.2994385,0.29568154,0.2955711,0.29375017,0.29330128,0.29239276,0.2925735,0.2903412,0.28934968,0.2895308,0.2884993,0.28725925,0.2883433,0.28736806,0.28660208,0.28731722,0.28346094,0.27942514,0.2827633,0.28227738,0.28386328,0.2823102,0.28559762,0.2846753,0.28305897,0.28590724,0.28503042,0.28114474,0.27934495,0.2778476,0.2764646,0.2753417,0.2731112,0.2707532,0.27222866,0.26889908,0.26830187,0.26953918,0.26850665,0.27052182,0.26909652,0.26812637,0.26967874,0.2711997,0.26860875,0.26887083,0.2686028,0.2664879,0.26426277,0.2610991,0.2600574,0.26036596,0.2567781,0.25298652,0.2525961
100_real,-0.21399765,,,,,,,,,,,,,,,,-0.35973617,,,,,,,,,,,,,,,,,,,,,,,,,,,,,,,,,,,,,,,,,,,,,,,,,,,,,
100_gen,-0.21399763,-0.21736796,-0.22046211,-0.22653285,-0.23071563,-0.23621933,-0.23848197,-0.23952329,-0.24309847,-0.24575797,-0.24813282,-0.24839255,-0.249426,-0.25047892,-0.25117323,-0.2485961,-0.24911709,-0.25246254,-0.25490445,-0.25291806,-0.24956092,-0.25081453,-0.25231656,-0.2544789,-0.25786376,-0.25305814,-0.2507304,-0.25510257,-0.25849324,-0.25699982,-0.25876772,-0.26234207,-0.2638132,-0.26578718,-0.26666695,-0.2680256,-0.2696384,-0.27166528,-0.27211657,-0.27590603,-0.27528,-0.2795359,-0.28217056,-0.28372994,-0.28736743,-0.291367,-0.29506153,-0.29668742,-0.29816929,-0.29988545,-0.30152923,-0.30146,-0.30326384,-0.3031748,-0.30003363,-0.3022379,-0.30094516,-0.30074543,-0.30374897,-0.30299902,-0.305749,-0.309724,-0.3105473,-0.3096896,-0.31019104,-0.31077868,-0.30975094,-0.31003863,-0.31015718,-0.31348312
101_real,0.7253043,,,,,,,,,,,,,,,,0.6494163,,,,,,,,,,,,,,,,,,,,,,,,,,,,,,,,,,,,,,,,,,,,,,,,,,,,,
101_gen,0.72530425,0.7193247,0.71767837,0.71623486,0.7119945,0.70890456,0.7053625,0.70182365,0.7005618,0.6949097,0.6911581,0.68815637,0.6859517,0.6823558,0.67856824,0.67607605,0.6721579,0.67026746,0.6706549,0.6693438,0.66821235,0.66223216,0.65901744,0.6544181,0.65278304,0.64668906,0.64382917,0.6382883,0.6344086,0.6315087,0.62806416,0.6237133,0.6205901,0.61568564,0.61376035,0.61346614,0.6112057,0.6104646,0.6080111,0.6059488,0.6017149,0.598493,0.5941506,0.5890564,0.5861012,0.58409685,0.5805105,0.57777566,0.57205164,0.57164687,0.5676423,0.56690717,0.56339115,0.5608449,0.55506253,0.55419296,0.55468345,0.55136675,0.5477035,0.5429151,0.5392932,0.5355766,0.5338601,0.53137445,0.5275434,0.5254947,0.52297735,0.5190171,0.51602733,0.513307
102_real,1.0074327,,,,,,,,,,,,,,,,1.0074327,,,,,,,,,,,,,,,,,,,,,,,,,,,,,,,,,,,,,,,,,,,,,,,,,,,,,
102_gen,1.0074328,1.0010818,0.9971181,0.994727,0.9912313,0.98776877,0.98591346,0.9786946,0.9740801,0.9688727,0.9667977,0.9671971,0.9648964,0.9633339,0.9597403,0.9562774,0.9536271,0.9492669,0.9443275,0.9398087,0.9364476,0.9330951,0.9291428,0.9236828,0.9205578,0.9177001,0.91762936,0.9120124,0.9081572,0.9065207,0.9026335,0.90025294,0.8978941,0.89529735,0.8922507,0.89169675,0.8906781,0.8886734,0.8848318,0.88153136,0.8790186,0.87904567,0.8746998,0.8732359,0.8698881,0.8683575,0.86565685,0.86299723,0.8613073,0.8588827,0.8585393,0.8542862,0.85029376,0.84968233,0.84588593,0.8426055,0.8429677,0.84081125,0.8419099,0.84162414,0.8392601,0.83734715,0.83554375,0.8328617,0.8291483,0.8282242,0.8225514,0.8199744,0.81546867,0.8125971
103_real,0.086321905,,,,,,,,,,,,,,,,0.0658446,,,,,,,,,,,,,,,,,,,,,,,,,,,,,,,,,,,,,,,,,,,,,,,,,,,,,
103_gen,0.0863219,0.08061089,0.077375814,0.07614953,0.07052259,0.06539869,0.06349884,0.062025923,0.057183616,0.052360475,0.049183615,0.04569176,0.044248927,0.04191829,0.03935001,0.036689203,0.033500127,0.028082808,0.027128777,0.023220658,0.021388989,0.01529634,0.011793202,0.007036525,0.0056352355,0.005961669,0.0033671788,0.001010937,-0.0020689887,-0.0038984143,-0.0050233183,-0.0063145407,-0.0056997626,-0.0068485676,-0.009432429,-0.009777593,-0.012880308,-0.015645938,-0.01977027,-0.022120416,-0.02442076,-0.025799159,-0.028514922,-0.028295493,-0.028547501,-0.032053024,-0.03518588,-0.036358684,-0.03615802,-0.037664123,-0.03766708,-0.04049679,-0.04531557,-0.047403477,-0.049136985,-0.052774835,-0.053624075,-0.05461518,-0.057616405,-0.059830673,-0.06215502,-0.06094884,-0.06399436,-0.06604823,-0.06952824,-0.07211496,-0.07466742,-0.078044355,-0.07994602,-0.082759
104_real,-0.13789241,,,,,,,,,,,,,,,,-0.001653072,,,,,,,,,,,,,,,,,,,,,,,,,,,,,,,,,,,,,,,,,,,,,,,,,,,,,
104_gen,-0.1378924,-0.14416221,-0.14634973,-0.15142813,-0.15625317,-0.1624472,-0.16387863,-0.1677347,-0.17430064,-0.17886637,-0.18318935,-0.18778342,-0.19474229,-0.20020251,-0.20086923,-0.20352435,-0.20968863,-0.21447635,-0.22413334,-0.22565117,-0.2287262,-0.23247734,-0.23886707,-0.24134281,-0.24387255,-0.24534102,-0.25092128,-0.25469115,-0.25989398,-0.26092532,-0.2629834,-0.26640248,-0.26823586,-0.27149987,-0.27760696,-0.28326112,-0.28469914,-0.28887308,-0.29329172,-0.29915905,-0.3050576,-0.30687147,-0.3121521,-0.3148225,-0.31937838,-0.32168424,-0.32547778,-0.33107114,-0.33783,-0.34162062,-0.3457443,-0.35319623,-0.3598448,-0.3627832,-0.36714476,-0.37272087,-0.37510687,-0.379988,-0.38216937,-0.38524607,-0.38921833,-0.39342663,-0.39838606,-0.4018228,-0.40489012,-0.40844923,-0.41155496,-0.41232294,-0.4136528,-0.4182178
105_real,-0.06588324,,,,,,,,,,,,,,,,-0.042264722,,,,,,,,,,,,,,,,,,,,,,,,,,,,,,,,,,,,,,,,,,,,,,,,,,,,,
105_gen,-0.065883234,-0.06757213,-0.06776752,-0.07056181,-0.07303903,-0.07398273,-0.07461941,-0.07565588,-0.075210884,-0.07652497,-0.07855041,-0.0810351,-0.083517335,-0.08454748,-0.084020294,-0.08424934,-0.08682431,-0.08860053,-0.08973633,-0.09187131,-0.092764035,-0.09349104,-0.09480331,-0.09702708,-0.09775452,-0.100072764,-0.1019557,-0.102566674,-0.1038784,-0.10362174,-0.10550854,-0.10683062,-0.10561248,-0.10711739,-0.1105371,-0.11398407,-0.11554102,-0.117737725,-0.12096699,-0.12223452,-0.124314465,-0.12467835,-0.12590975,-0.12505808,-0.12564704,-0.124108955,-0.1265694,-0.12811032,-0.12881292,-0.12985842,-0.13169804,-0.1373251,-0.13667008,-0.13665658,-0.13820586,-0.1371114,-0.1401016,-0.14243251,-0.14445457,-0.1449568,-0.14685795,-0.14861849,-0.1492211,-0.14918807,-0.15225473,-0.15298894,-0.15120025,-0.1529316,-0.15136841,-0.15193698
106_real,0.69814765,,,,,,,,,,,,,,,,0.6090299,,,,,,,,,,,,,,,,,,,,,,,,,,,,,,,,,,,,,,,,,,,,,,,,,,,,,
106_gen,0.6981477,0.6933971,0.68949544,0.6863876,0.6834136,0.6800049,0.6787704,0.67429703,0.67278516,0.6698576,0.6671647,0.66217893,0.658631,0.65612745,0.65556663,0.6570392,0.65598357,0.65516007,0.656037,0.65428877,0.65303934,0.6528438,0.6520226,0.6503166,0.65076506,0.6498686,0.6506548,0.64971524,0.64958704,0.65015996,0.64937186,0.64903384,0.6496061,0.64987844,0.6515336,0.6510669,0.65210205,0.6527008,0.65272105,0.64985317,0.6507518,0.6498957,0.6494106,0.64967036,0.64808875,0.6471819,0.64826167,0.64847815,0.6507319,0.6481597,0.64675236,0.643253,0.6419953,0.6401328,0.63939005,0.6384425,0.637956,0.6376831,0.6367424,0.6350822,0.6349361,0.6350551,0.6353499,0.63578665,0.6358387,0.6374525,0.6354734,0.6340458,0.633741,0.6329484
107_real,0.8300057,,,,,,,,,,,,,,,,0.7309091,,,,,,,,,,,,,,,,,,,,,,,,,,,,,,,,,,,,,,,,,,,,,,,,,,,,,
107_gen,0.83000576,0.8250588,0.8180469,0.81503546,0.8089193,0.8070301,0.80186623,0.79782736,0.7924248,0.7883975,0.7825366,0.7799105,0.776386,0.77036583,0.7656821,0.7613091,0.75879407,0.7559351,0.7524778,0.75052476,0.7461378,0.74064046,0.734565,0.72809243,0.7232181,0.7183486,0.7141141,0.71174115,0.71046335,0.70816493,0.7034409,0.69786155,0.689551,0.68508095,0.68143904,0.67790765,0.6740838,0.6722226,0.66993946,0.6659513,0.6636022,0.66053516,0.6575321,0.65587074,0.65271807,0.64897954,0.6443108,0.63969535,0.6344065,0.63038963,0.62678826,0.6231432,0.6220186,0.6187894,0.617352,0.6117482,0.60789603,0.6031827,0.598857,0.5958218,0.592547,0.58894014,0.5836476,0.5774868,0.57267994,0.5699576,0.56471723,0.559958,0.55540216,0.5511511
108_real,0.6384767,,,,,,,,,,,,,,,,0.749827,,,,,,,,,,,,,,,,,,,,,,,,,,,,,,,,,,,,,,,,,,,,,,,,,,,,,
108_gen,0.6384768,0.62995124,0.627751,0.62504244,0.6189034,0.61513716,0.6108843,0.6067804,0.6042266,0.60059845,0.5981633,0.59473383,0.5945767,0.59147507,0.58870757,0.5877301,0.58782864,0.5847107,0.5823504,0.5830491,0.582524,0.5802988,0.57803977,0.5760042,0.57212573,0.57011795,0.57127583,0.5712584,0.57065403,0.5677582,0.5662743,0.56440794,0.56240046,0.56273246,0.5594293,0.55789304,0.55731547,0.5539117,0.5536428,0.55458164,0.5525731,0.5510453,0.54708385,0.5494891,0.54895836,0.5471894,0.5455116,0.54450727,0.5437192,0.5442554,0.54076725,0.53900325,0.5382668,0.5352287,0.53321046,0.528943,0.52784723,0.52421355,0.52093136,0.51932347,0.5156727,0.51257664,0.5132741,0.5101639,0.50933087,0.5095927,0.50694263,0.5058426,0.5039531,0.505113
109_real,0.9765739,,,,,,,,,,,,,,,,1.1765981,,,,,,,,,,,,,,,,,,,,,,,,,,,,,,,,,,,,,,,,,,,,,,,,,,,,,
109_gen,0.9765738,0.96651685,0.9620283,0.9578602,0.95030135,0.9438758,0.940657,0.93934697,0.9354869,0.9371889,0.9329783,0.9337408,0.93033135,0.9303217,0.93278664,0.92705953,0.92361534,0.92306596,0.9205634,0.9202213,0.9168992,0.91946566,0.9164299,0.917055,0.9167765,0.9143814,0.9163734,0.9122573,0.90988284,0.9108041,0.91025877,0.9122351,0.9101149,0.9055395,0.9059291,0.902898,0.90473175,0.90619403,0.9024881,0.9015106,0.9042222,0.8987446,0.89746726,0.90078294,0.9010927,0.90131855,0.9012483,0.9000332,0.8993937,0.89784366,0.8956052,0.8946519,0.8931705,0.8950699,0.8974991,0.89853173,0.8968301,0.8971447,0.8941242,0.8970393,0.89830524,0.89728415,0.8936595,0.89277613,0.89068156,0.8880102,0.88567936,0.8829175,0.8838905,0.88157195
110_real,0.9622331,,,,,,,,,,,,,,,,0.969505,,,,,,,,,,,,,,,,,,,,,,,,,,,,,,,,,,,,,,,,,,,,,,,,,,,,,
110_gen,0.9622332,0.9551741,0.9505414,0.9451437,0.9395343,0.93612987,0.9332876,0.9302136,0.9292396,0.9255568,0.9213635,0.9200099,0.9220703,0.92159206,0.9194442,0.91609156,0.9159052,0.9143087,0.9119139,0.9060508,0.9045156,0.90091866,0.9009905,0.9004983,0.90185386,0.9016448,0.8952196,0.89824784,0.89610827,0.89416677,0.8916291,0.892084,0.89019984,0.8879118,0.8868192,0.88478696,0.8821615,0.8793968,0.8780864,0.88142395,0.88332003,0.8827559,0.8801135,0.8784381,0.87655514,0.87676764,0.8780731,0.87243116,0.87261075,0.8704898,0.8660504,0.8679646,0.8688286,0.866073,0.86463296,0.8605564,0.8595754,0.86054057,0.8579534,0.8555605,0.85319984,0.8552531,0.85261995,0.85206157,0.8553115,0.8522069,0.85291404,0.8539201,0.8586904,0.85456467
111_real,0.8046826,,,,,,,,,,,,,,,,0.69808793,,,,,,,,,,,,,,,,,,,,,,,,,,,,,,,,,,,,,,,,,,,,,,,,,,,,,
111_gen,0.8046826,0.796712,0.7885391,0.78059566,0.7699424,0.7610958,0.7533256,0.75044215,0.74487567,0.7361275,0.7297799,0.72067213,0.71603787,0.7085342,0.70125353,0.6972233,0.69074196,0.6868873,0.6825561,0.6771013,0.67045814,0.66202134,0.65737975,0.6515338,0.6463231,0.6412338,0.633614,0.6287088,0.6233105,0.6174447,0.61498344,0.6069004,0.6002239,0.5946213,0.59023595,0.58717483,0.58178556,0.5775732,0.5757589,0.57190716,0.5655674,0.55905163,0.5474856,0.5418702,0.5374166,0.53199714,0.5270317,0.51992047,0.5133246,0.5034398,0.4998992,0.49167436,0.48683986,0.4827586,0.477835,0.47258753,0.466026,0.45987454,0.45335135,0.4473339,0.4417327,0.43710798,0.4312118,0.42594042,0.42035905,0.41248122,0.40810785,0.40028277,0.39468962,0.3867566
112_real,0.85723937,,,,,,,,,,,,,,,,0.67512506,,,,,,,,,,,,,,,,,,,,,,,,,,,,,,,,,,,,,,,,,,,,,,,,,,,,,
112_gen,0.85723937,0.8509243,0.8468646,0.84239054,0.8398279,0.8348409,0.82983047,0.8244661,0.8212244,0.82009685,0.81405956,0.81097794,0.80632085,0.808078,0.8013633,0.80260944,0.79533166,0.7948582,0.7932142,0.7926565,0.7901267,0.78844523,0.7874307,0.78305644,0.77848786,0.7743777,0.7725305,0.7662714,0.7620699,0.7592393,0.7576711,0.7537979,0.74907094,0.7462325,0.74271804,0.7377636,0.7332477,0.73139375,0.72716266,0.7241933,0.7177892,0.7169055,0.7128533,0.7092941,0.7074889,0.7040219,0.6983661,0.6969358,0.6958602,0.6958135,0.69419944,0.6870066,0.68288827,0.68070173,0.6724881,0.66738105,0.6625067,0.6592841,0.6584581,0.65411776,0.65117425,0.6447813,0.64329594,0.6388346,0.6380795,0.6387427,0.6330168,0.63038224,0.6292188,0.628113
113_real,-0.25300688,,,,,,,,,,,,,,,,-0.2896189,,,,,,,,,,,,,,,,,,,,,,,,,,,,,,,,,,,,,,,,,,,,,,,,,,,,,
113_gen,-0.2530069,-0.25452211,-0.25753418,-0.26275355,-0.26506785,-0.27050835,-0.27230868,-0.27576178,-0.2811703,-0.27974352,-0.28127274,-0.28485698,-0.2870548,-0.2902996,-0.2931257,-0.2949901,-0.29831982,-0.30272126,-0.3048505,-0.30780184,-0.31024018,-0.3118028,-0.31352037,-0.31472158,-0.31685922,-0.3197858,-0.325123,-0.32712024,-0.32554346,-0.32708603,-0.3314244,-0.3353067,-0.33864105,-0.3387621,-0.33997148,-0.3431098,-0.3479286,-0.35020614,-0.354201,-0.35754696,-0.36134392,-0.36465797,-0.3669268,-0.3693768,-0.37054127,-0.3729299,-0.37505603,-0.38038903,-0.38055912,-0.3814234,-0.3828045,-0.38929936,-0.39196458,-0.3931504,-0.3922575,-0.39204627,-0.3925478,-0.39724886,-0.39782387,-0.39760548,-0.40187764,-0.40468723,-0.40751877,-0.41218644,-0.41563797,-0.41790456,-0.42128175,-0.42315474,-0.4250632,-0.4267931
114_real,-0.39873156,,,,,,,,,,,,,,,,-0.32927796,,,,,,,,,,,,,,,,,,,,,,,,,,,,,,,,,,,,,,,,,,,,,,,,,,,,,
114_gen,-0.39873153,-0.40493053,-0.41228276,-0.41743517,-0.4242043,-0.4301172,-0.4331619,-0.44039512,-0.44741312,-0.4539853,-0.45884258,-0.463562,-0.4671921,-0.47107473,-0.4778244,-0.48175335,-0.4846882,-0.48724833,-0.48977312,-0.49121213,-0.49555117,-0.49379197,-0.49905005,-0.5037556,-0.50805277,-0.5131257,-0.5145277,-0.5149364,-0.5208641,-0.52143735,-0.5249623,-0.52854127,-0.5270131,-0.5298733,-0.5329762,-0.5353761,-0.5384512,-0.5379984,-0.53952026,-0.5427591,-0.54715186,-0.5490495,-0.55580354,-0.55601424,-0.5616743,-0.56567466,-0.5654325,-0.56821686,-0.57065326,-0.5715883,-0.57583773,-0.5774495,-0.5811073,-0.58455384,-0.5890318,-0.5910325,-0.595129,-0.59772974,-0.60002285,-0.6027206,-0.6060314,-0.6081662,-0.61195564,-0.6148054,-0.61753386,-0.6205171,-0.6235304,-0.6252207,-0.63263464,-0.6345623
115_real,0.3462179,,,,,,,,,,,,,,,,0.40595838,,,,,,,,,,,,,,,,,,,,,,,,,,,,,,,,,,,,,,,,,,,,,,,,,,,,,
115_gen,0.3462179,0.34665695,0.34542245,0.3393858,0.33759335,0.33331943,0.33145767,0.32848424,0.32164022,0.32308215,0.324497,0.31525248,0.31437916,0.31062728,0.304055,0.30333012,0.29817852,0.2983491,0.29384705,0.2898665,0.2854012,0.28108376,0.27754372,0.2767106,0.26790985,0.26454553,0.2580978,0.25521642,0.25158215,0.2483844,0.24847333,0.25076768,0.24756114,0.24235602,0.23987861,0.23805127,0.23462114,0.22997706,0.2240732,0.22100608,0.2200295,0.21425116,0.20988992,0.20517552,0.20145555,0.19897726,0.19611888,0.18783137,0.1868166,0.18450853,0.17847027,0.17677559,0.1719397,0.16731235,0.16464983,0.16452871,0.16066527,0.15474436,0.15045786,0.14369549,0.13898782,0.13791487,0.13474089,0.13388929,0.1317696,0.13009295,0.12622318,0.12410946,0.119038835,0.11868016
116_real,0.37931055,,,,,,,,,,,,,,,,0.47225785,,,,,,,,,,,,,,,,,,,,,,,,,,,,,,,,,,,,,,,,,,,,,,,,,,,,,
116_gen,0.37931058,0.37377834,0.37296975,0.36996353,0.3687908,0.363793,0.35924628,0.35853437,0.35390127,0.34867772,0.3428033,0.3381939,0.33780277,0.33295074,0.3295051,0.327884,0.3244515,0.32377905,0.32340065,0.3193077,0.31752038,0.3153001,0.31005257,0.30529624,0.30221614,0.30246252,0.29909027,0.29520154,0.2959006,0.29477778,0.2979687,0.29120296,0.2900849,0.28146094,0.27975994,0.27910298,0.27856883,0.27780837,0.27377096,0.27057573,0.2693752,0.26540416,0.2668683,0.2672989,0.26615655,0.26739213,0.26063484,0.2585566,0.25620526,0.25188953,0.24813649,0.24540487,0.24678683,0.24183187,0.23569545,0.23260877,0.23210283,0.22666705,0.22470765,0.21859193,0.2185153,0.20871334,0.2059665,0.20459004,0.20659712,0.21034913,0.20893419,0.20748027,0.20589443,0.20566908
117_real,-1.4393253,,,,,,,,,,,,,,,,-1.3829015,,,,,,,,,,,,,,,,,,,,,,,,,,,,,,,,,,,,,,,,,,,,,,,,,,,,,
117_gen,-1.4393253,-1.4409556,-1.4455711,-1.450794,-1.45131,-1.4542859,-1.4592599,-1.4620955,-1.4663608,-1.4701356,-1.4758861,-1.4788771,-1.4822915,-1.4859061,-1.4871616,-1.4908422,-1.4948364,-1.4993675,-1.5010403,-1.5036062,-1.5071691,-1.5136154,-1.5164748,-1.5188748,-1.5213045,-1.5242051,-1.525612,-1.5261593,-1.5299013,-1.5311869,-1.5325958,-1.5351422,-1.5367777,-1.540788,-1.5432231,-1.5460638,-1.5493734,-1.5524368,-1.5536916,-1.5582272,-1.5606453,-1.5651925,-1.5681179,-1.5727648,-1.5768582,-1.5775985,-1.5799636,-1.5806854,-1.5833924,-1.5878173,-1.5894879,-1.5922703,-1.5936837,-1.5966957,-1.5982867,-1.6032722,-1.6054662,-1.6055257,-1.6079422,-1.6127689,-1.616112,-1.617536,-1.6189836,-1.6230204,-1.6252333,-1.626927,-1.6282752,-1.6320823,-1.6348397,-1.6388956
118_real,-1.5663393,,,,,,,,,,,,,,,,-1.5884342,,,,,,,,,,,,,,,,,,,,,,,,,,,,,,,,,,,,,,,,,,,,,,,,,,,,,
118_gen,-1.5663394,-1.571683,-1.5735364,-1.5754436,-1.5782408,-1.5826284,-1.5857489,-1.5878664,-1.5894177,-1.5923135,-1.5954202,-1.5989274,-1.6011705,-1.600599,-1.6023153,-1.6054151,-1.605912,-1.6037321,-1.6085037,-1.6096029,-1.6116416,-1.6122582,-1.6131207,-1.6123569,-1.6134793,-1.6127049,-1.6154661,-1.6166716,-1.6188872,-1.6189047,-1.6182019,-1.6181818,-1.6173832,-1.6197227,-1.6210947,-1.6227537,-1.6236656,-1.6261247,-1.6267331,-1.6279901,-1.6295341,-1.6303263,-1.6297108,-1.6312723,-1.6329674,-1.6356289,-1.6356943,-1.6358607,-1.6364733,-1.6367757,-1.6386204,-1.6405408,-1.6422182,-1.6429754,-1.6440308,-1.6451156,-1.6475233,-1.6508261,-1.6521572,-1.6534986,-1.6546667,-1.652257,-1.6524017,-1.6528218,-1.6543558,-1.6564586,-1.6569208,-1.6585257,-1.6581224,-1.6590742
119_real,0.28146344,,,,,,,,,,,,,,,,0.27339634,,,,,,,,,,,,,,,,,,,,,,,,,,,,,,,,,,,,,,,,,,,,,,,,,,,,,
119_gen,0.2814634,0.27563494,0.2711094,0.27004427,0.2644059,0.26102704,0.25568414,0.251132,0.24699564,0.24376833,0.23780568,0.23528571,0.23130736,0.22869368,0.22522911,0.22137174,0.21927357,0.2137754,0.20840545,0.20333433,0.20113933,0.1962646,0.19790727,0.19307339,0.18916038,0.18578956,0.18174174,0.18035923,0.1800644,0.17771254,0.17325701,0.17179295,0.17012861,0.16570918,0.16477033,0.1629196,0.16112533,0.15798037,0.15094158,0.1464829,0.14351305,0.14328988,0.13743417,0.13678385,0.13483712,0.13270245,0.12811154,0.12578526,0.123315595,0.119926676,0.11633645,0.11117556,0.10842739,0.10268233,0.09792654,0.09164035,0.08949865,0.084121674,0.07860041,0.07633477,0.07036004,0.06368008,0.062255032,0.06033199,0.05333128,0.05340109,0.050530434,0.04659809,0.041650467,0.03879026
120_real,0.11560212,,,,,,,,,,,,,,,,0.25626835,,,,,,,,,,,,,,,,,,,,,,,,,,,,,,,,,,,,,,,,,,,,,,,,,,,,,
120_gen,0.11560212,0.10804311,0.106314026,0.09676919,0.09337823,0.08629054,0.07892297,0.07209821,0.068431415,0.065004624,0.060578197,0.057527035,0.053493716,0.047400918,0.04225437,0.03691273,0.033882838,0.030930515,0.028702233,0.028095638,0.022984713,0.021874787,0.019236138,0.017551428,0.015203672,0.012369591,0.011194838,0.0066556013,0.0024388065,-0.0015756243,-0.0002326414,-0.0035173066,-0.0041453703,-0.012706707,-0.016588131,-0.022893462,-0.027611673,-0.03081651,-0.033924066,-0.037956614,-0.04190665,-0.046216913,-0.052034587,-0.052782536,-0.058015127,-0.061880857,-0.06464858,-0.0689785,-0.06829332,-0.074071325,-0.0765868,-0.07897478,-0.08141571,-0.08541122,-0.08992773,-0.0981103,-0.10548117,-0.1078099,-0.10806874,-0.110559806,-0.11798741,-0.12240682,-0.12258075,-0.128213,-0.13199423,-0.13313776,-0.13600412,-0.13871452,-0.14106259,-0.14524859
121_real,0.9771391,,,,,,,,,,,,,,,,0.8571813,,,,,,,,,,,,,,,,,,,,,,,,,,,,,,,,,,,,,,,,,,,,,,,,,,,,,
121_gen,0.9771391,0.97433746,0.9718134,0.9670645,0.96311426,0.9601458,0.96012723,0.9597834,0.95636165,0.95160276,0.9487545,0.9429792,0.9385478,0.93405974,0.9293431,0.92657346,0.92355216,0.9220742,0.9207045,0.9147606,0.91294605,0.9120693,0.9093159,0.90855205,0.9030714,0.89908135,0.89770305,0.896437,0.8916391,0.8897187,0.8866495,0.8822355,0.8778696,0.8757431,0.87543106,0.871555,0.86988,0.8660342,0.86333954,0.86007863,0.8582779,0.85589886,0.85207975,0.85194,0.8501915,0.84649533,0.845106,0.8439109,0.8404967,0.8349085,0.830568,0.82767373,0.8224672,0.81762916,0.8179399,0.8120955,0.8081752,0.80684805,0.8033587,0.7984679,0.7979611,0.7947117,0.79087645,0.79137063,0.7861159,0.7814936,0.777665,0.77309793,0.7686076,0.76765954
122_real,0.4549578,,,,,,,,,,,,,,,,0.33941337,,,,,,,,,,,,,,,,,,,,,,,,,,,,,,,,,,,,,,,,,,,,,,,,,,,,,
122_gen,0.4549578,0.44678974,0.4423832,0.43352026,0.43241525,0.4245163,0.4224278,0.41727358,0.4147676,0.41482314,0.4054997,0.39673227,0.39405733,0.3971079,0.3948956,0.39450803,0.39539787,0.39547896,0.39714774,0.39259163,0.38879198,0.38598505,0.38454384,0.380731,0.3791527,0.38085842,0.3820041,0.37926036,0.37452275,0.37297013,0.36901134,0.3697907,0.3714215,0.3694977,0.36735997,0.36133176,0.360753,0.35796088,0.35127005,0.34615362,0.3421133,0.34096712,0.33965296,0.3365263,0.33508,0.33184567,0.32590675,0.32509676,0.32481092,0.32131237,0.3199387,0.3162368,0.31677052,0.31506038,0.31137916,0.31285858,0.31354856,0.31150025,0.31013137,0.30735794,0.30371833,0.30079317,0.29620108,0.29412717,0.28944233,0.28647852,0.28220075,0.2765603,0.2768981,0.27320975
123_real,0.8505776,,,,,,,,,,,,,,,,0.80125105,,,,,,,,,,,,,,,,,,,,,,,,,,,,,,,,,,,,,,,,,,,,,,,,,,,,,
123_gen,0.8505775,0.8433385,0.8343859,0.82851905,0.8218201,0.8169753,0.8110515,0.8038255,0.79944205,0.79477596,0.7882343,0.7829672,0.7770967,0.77438456,0.769794,0.7671316,0.7663081,0.7668679,0.7643045,0.76090264,0.75990546,0.75798976,0.75494885,0.7534161,0.7500075,0.7490219,0.7469879,0.74582624,0.7422098,0.7403944,0.73597586,0.73107076,0.7254263,0.7230293,0.72006416,0.71970356,0.71780854,0.71401376,0.7126369,0.7103608,0.7096421,0.70721346,0.7037797,0.7007119,0.6992615,0.6951955,0.69194,0.68923986,0.68645847,0.6840652,0.67915666,0.6776937,0.6750895,0.67277336,0.6712192,0.6722715,0.670231,0.6663152,0.66455746,0.66263896,0.6609222,0.6560103,0.6475433,0.64582074,0.64601046,0.642638,0.6416899,0.6385439,0.6319126,0.62775815
124_real,0.90363866,,,,,,,,,,,,,,,,0.71089894,,,,,,,,,,,,,,,,,,,,,,,,,,,,,,,,,,,,,,,,,,,,,,,,,,,,,
124_gen,0.9036387,0.89561254,0.8874329,0.87993306,0.87289846,0.86672676,0.86023235,0.85412425,0.8463888,0.8380805,0.83377486,0.83146393,0.830441,0.82782525,0.82542294,0.82057935,0.8158742,0.811697,0.81067836,0.8082093,0.80556154,0.79937446,0.7969362,0.7954468,0.7936797,0.79052013,0.7874657,0.78619397,0.78088,0.77615577,0.7731405,0.773564,0.7725325,0.7699059,0.76628745,0.7644328,0.7619298,0.75980383,0.7565378,0.7553788,0.7521986,0.7481556,0.7452542,0.7435407,0.7414115,0.7393389,0.73633265,0.7305156,0.728995,0.73002046,0.7279643,0.72587055,0.72401685,0.72189784,0.72073656,0.71691066,0.7161873,0.7149293,0.710019,0.71153474,0.7085837,0.7054039,0.7024354,0.69988143,0.6967434,0.6936376,0.690577,0.68964285,0.6848107,0.68014014
125_real,1.0810941,,,,,,,,,,,,,,,,1.0898644,,,,,,,,,,,,,,,,,,,,,,,,,,,,,,,,,,,,,,,,,,,,,,,,,,,,,
125_gen,1.081094,1.0796192,1.0798869,1.0805153,1.0786668,1.0741068,1.0740571,1.0720423,1.0695891,1.06926,1.0655797,1.0644023,1.0609827,1.0566967,1.0528349,1.0493697,1.0469544,1.0445821,1.0434077,1.0430771,1.0403583,1.0400054,1.039976,1.0368329,1.0361454,1.0347793,1.0319681,1.0309525,1.0321479,1.0332781,1.0309137,1.0289958,1.0259775,1.0230687,1.0200331,1.0153544,1.015872,1.0138643,1.0114442,1.0109731,1.0069846,1.0036107,0.9985406,1.0001824,0.995036,0.9961131,0.99227154,0.9892095,0.98928595,0.98819697,0.9851327,0.9816397,0.9823147,0.9803175,0.9786668,0.97754157,0.97644854,0.97485083,0.97048885,0.96634847,0.96520966,0.96286356,0.9613339,0.9565956,0.9536165,0.95418024,0.95535123,0.9522228,0.9501273,0.94767773
126_real,0.6865062,,,,,,,,,,,,,,,,0.9316638,,,,,,,,,,,,,,,,,,,,,,,,,,,,,,,,,,,,,,,,,,,,,,,,,,,,,
126_gen,0.6865062,0.68381864,0.6827558,0.6790808,0.674881,0.6730081,0.66895163,0.66428983,0.6610552,0.6592571,0.65408427,0.65314376,0.6519805,0.6499967,0.64666903,0.64676434,0.64498675,0.64156395,0.6409664,0.6363041,0.63528097,0.63439035,0.63067734,0.62955785,0.6265325,0.6240688,0.6218918,0.61946595,0.61736804,0.6160761,0.6136561,0.6124722,0.6116072,0.60861695,0.6076234,0.60586697,0.60681444,0.60437834,0.60511005,0.60068053,0.5981745,0.5962795,0.59002334,0.58537424,0.58350646,0.5826582,0.581423,0.5785593,0.57948256,0.57650626,0.5754293,0.5768814,0.5770433,0.5779312,0.5765377,0.5759622,0.57494235,0.5710696,0.57244843,0.5724554,0.570857,0.56804895,0.56410104,0.5621904,0.5604042,0.5594036,0.55640423,0.55388755,0.5524874,0.5515157
127_real,0.5868463,,,,,,,,,,,,,,,,0.5045647,,,,,,,,,,,,,,,,,,,,,,,,,,,,,,,,,,,,,,,,,,,,,,,,,,,,,
127_gen,0.5868463,0.57552534,0.5694588,0.5637586,0.5602261,0.5581228,0.55274,0.5489354,0.5450468,0.53951544,0.5338836,0.53143543,0.52702826,0.5254787,0.5227942,0.5168921,0.51275694,0.5108503,0.50672495,0.5007742,0.49525577,0.4888753,0.48550826,0.48181948,0.47426033,0.47156495,0.46778512,0.46762174,0.46241888,0.45693508,0.45320567,0.4492212,0.44556245,0.44116512,0.43862462,0.43674603,0.43469247,0.4312435,0.4269577,0.42699566,0.42347464,0.42024755,0.41542926,0.41097555,0.4108931,0.40714788,0.4036724,0.4023401,0.39777732,0.39546606,0.39278883,0.38935643,0.3852349,0.38191158,0.3782429,0.37394097,0.37297475,0.37151682,0.36693424,0.36494336,0.36067206,0.35554343,0.35149968,0.34943247,0.34582907,0.34165868,0.33756506,0.33432585,0.3302775,0.32637134
128_real,-0.25982338,,,,,,,,,,,,,,,,-0.58967763,,,,,,,,,,,,,,,,,,,,,,,,,,,,,,,,,,,,,,,,,,,,,,,,,,,,,
128_gen,-0.25982335,-0.2683515,-0.2698229,-0.2724341,-0.27795845,-0.27815047,-0.28016835,-0.28466344,-0.2856176,-0.2889267,-0.29110616,-0.29469937,-0.29636818,-0.29848713,-0.29896173,-0.29977468,-0.30099013,-0.30269247,-0.30314034,-0.30507532,-0.30810514,-0.31025067,-0.31221944,-0.31454563,-0.31745994,-0.3174141,-0.31915012,-0.3187816,-0.31906566,-0.32040006,-0.32017887,-0.3215508,-0.32582858,-0.32643023,-0.32955447,-0.33026218,-0.32972652,-0.33212936,-0.33077222,-0.33231905,-0.33376092,-0.3366332,-0.339139,-0.34146044,-0.3421483,-0.3460551,-0.34955817,-0.34890634,-0.35102093,-0.35029802,-0.3502677,-0.35102168,-0.35364702,-0.35512725,-0.35502627,-0.35838377,-0.3596839,-0.36250943,-0.36315542,-0.36419207,-0.3667086,-0.3681342,-0.37182778,-0.37555176,-0.37606147,-0.37747648,-0.37785155,-0.37815976,-0.3799251,-0.38193744
129_real,0.58201927,,,,,,,,,,,,,,,,0.69502836,,,,,,,,,,,,,,,,,,,,,,,,,,,,,,,,,,,,,,,,,,,,,,,,,,,,,
129_gen,0.58201927,0.5782931,0.5757434,0.5722984,0.57077587,0.5708252,0.57229847,0.5679969,0.5659155,0.56871164,0.5671215,0.56599677,0.56335455,0.56158626,0.561319,0.558471,0.55824554,0.55649555,0.55743635,0.5549461,0.5537087,0.5546373,0.55347896,0.5540827,0.55543673,0.5538171,0.5530561,0.55169713,0.54987574,0.5481477,0.54528296,0.54459536,0.5468998,0.5456098,0.5425738,0.54038924,0.54060733,0.539416,0.5370815,0.53763556,0.5384519,0.53623605,0.5365849,0.53469,0.5345617,0.5339961,0.53296614,0.5329825,0.5322172,0.5324017,0.5331439,0.53381765,0.53392446,0.5323073,0.5347308,0.5361774,0.53506327,0.5340014,0.53472036,0.5356184,0.5354627,0.5332901,0.53079903,0.5261894,0.5254982,0.5245673,0.5240874,0.52493334,0.52234894,0.5182313
130_real,2.5930712,,,,,,,,,,,,,,,,2.319507,,,,,,,,,,,,,,,,,,,,,,,,,,,,,,,,,,,,,,,,,,,,,,,,,,,,,
130_gen,2.5930712,2.5880604,2.5842226,2.5803301,2.5737677,2.5709448,2.5655968,2.5618317,2.5587456,2.5559297,2.5505717,2.549504,2.5464966,2.543965,2.539961,2.5376356,2.5336585,2.528997,2.5280693,2.5245037,2.5205011,2.5153027,2.5118344,2.508157,2.503984,2.5023685,2.4986858,2.4932523,2.4886951,2.48526,2.47965,2.478034,2.4770312,2.473973,2.4697032,2.465932,2.461278,2.4566863,2.4522645,2.446979,2.4417622,2.4386842,2.4365466,2.4342563,2.4324162,2.4288678,2.426271,2.4230978,2.4211316,2.4172006,2.4148915,2.4106905,2.4094017,2.4044304,2.4038632,2.400407,2.3952944,2.3934565,2.3910432,2.3870726,2.38561,2.3797662,2.377452,2.3717532,2.3691597,2.3652074,2.3621929,2.3595939,2.3550436,2.3536682
131_real,2.5986917,,,,,,,,,,,,,,,,2.3263073,,,,,,,,,,,,,,,,,,,,,,,,,,,,,,,,,,,,,,,,,,,,,,,,,,,,,
131_gen,2.5986917,2.602034,2.5985444,2.5972679,2.589199,2.5876157,2.5839133,2.5764089,2.5777073,2.5780182,2.5783067,2.5740244,2.5746088,2.5748324,2.5676665,2.5615854,2.5603735,2.557961,2.5566516,2.548941,2.5439265,2.541074,2.538424,2.5346591,2.5309103,2.5245242,2.5222042,2.51603,2.511601,2.509133,2.5058055,2.4970133,2.4917462,2.4813366,2.4740362,2.466513,2.4658628,2.4632027,2.4625287,2.4577143,2.4584763,2.4618862,2.4550438,2.4505394,2.4414418,2.4325671,2.4217892,2.4189878,2.4129815,2.412029,2.4064827,2.402514,2.3971276,2.4003692,2.3976321,2.3941042,2.3917599,2.390162,2.388718,2.3876803,2.3888202,2.3881338,2.3841753,2.382741,2.3744495,2.3674495,2.3620677,2.357312,2.3541408,2.3586154
132_real,1.2875521,,,,,,,,,,,,,,,,1.4038185,,,,,,,,,,,,,,,,,,,,,,,,,,,,,,,,,,,,,,,,,,,,,,,,,,,,,
132_gen,1.287552,1.2789648,1.2777834,1.2730606,1.277353,1.2690189,1.2651557,1.2605566,1.2637603,1.2634456,1.2632467,1.2652408,1.2618308,1.2578492,1.2555496,1.2482195,1.2435544,1.2453626,1.2405679,1.2430359,1.2320248,1.2329999,1.2323358,1.2290252,1.2247733,1.2208755,1.2166369,1.2157341,1.2152698,1.2187008,1.2103392,1.2102039,1.2067811,1.2008047,1.2010615,1.2039458,1.2020454,1.195137,1.195627,1.198076,1.1904337,1.1865295,1.1815168,1.1825763,1.187168,1.1852533,1.1814806,1.1753772,1.171285,1.1640433,1.162838,1.1674784,1.168936,1.16973,1.1679204,1.1672957,1.1626005,1.1632183,1.1589544,1.1527398,1.154113,1.1566542,1.1524005,1.1548672,1.1518335,1.1460873,1.1439345,1.1386272,1.1356578,1.1392759
133_real,1.4172428,,,,,,,,,,,,,,,,1.2574383,,,,,,,,,,,,,,,,,,,,,,,,,,,,,,,,,,,,,,,,,,,,,,,,,,,,,
133_gen,1.4172429,1.4214919,1.421722,1.4186857,1.4151497,1.4135348,1.4113232,1.4092362,1.4069365,1.4041941,1.3994209,1.3960826,1.392747,1.3893579,1.3845713,1.3818426,1.3770282,1.374123,1.365554,1.3661548,1.3616836,1.3579031,1.3514309,1.3487893,1.341584,1.3371601,1.3321835,1.326393,1.3195184,1.3160796,1.3122278,1.3074749,1.3022094,1.2993004,1.298535,1.2922221,1.2848423,1.282507,1.2764144,1.2710044,1.2658232,1.2592847,1.2543738,1.2513262,1.2487713,1.2450731,1.240065,1.2361529,1.2328421,1.2290857,1.2274868,1.2235125,1.215435,1.2117474,1.2077681,1.2023354,1.1979487,1.1941493,1.1879861,1.1833285,1.1794021,1.1734126,1.1719277,1.1669514,1.1643833,1.1599897,1.154896,1.1507301,1.1450795,1.1392821
134_real,1.4232353,,,,,,,,,,,,,,,,1.3139912,,,,,,,,,,,,,,,,,,,,,,,,,,,,,,,,,,,,,,,,,,,,,,,,,,,,,
134_gen,1.4232352,1.4198701,1.4167626,1.4103376,1.4083629,1.4052174,1.3992553,1.3963599,1.3903624,1.3893394,1.3864067,1.3841455,1.3817203,1.3775355,1.3739954,1.3712317,1.3674332,1.3634075,1.3591576,1.3547871,1.3533955,1.3488863,1.3462263,1.3416529,1.3416101,1.3369937,1.3333938,1.3323437,1.3296505,1.3255063,1.323425,1.3207611,1.3166122,1.3117931,1.3097824,1.3075883,1.3045175,1.302546,1.3004954,1.2994899,1.2941679,1.2894819,1.2850686,1.2836066,1.2795659,1.275068,1.2696612,1.2671993,1.2652105,1.2648964,1.2613608,1.256321,1.2525473,1.2494811,1.2472355,1.243009,1.2375448,1.2366521,1.2318103,1.2256315,1.2234316,1.2186581,1.2157981,1.2115569,1.2081848,1.2048094,1.2034334,1.2020872,1.1968337,1.1952287
135_real,1.0989734,,,,,,,,,,,,,,,,1.0329664,,,,,,,,,,,,,,,,,,,,,,,,,,,,,,,,,,,,,,,,,,,,,,,,,,,,,
135_gen,1.0989734,1.098305,1.1039882,1.1000081,1.0971395,1.0956657,1.0918844,1.0859873,1.0782673,1.077018,1.072023,1.0647825,1.0604398,1.0525196,1.0467129,1.0403435,1.0365083,1.0352478,1.0298426,1.0250822,1.0153562,1.0073751,1.0005066,0.99960136,0.9975999,0.994427,0.98539746,0.98274356,0.98133296,0.97635,0.97544324,0.97462386,0.9705213,0.9667651,0.9648787,0.960839,0.9531606,0.94949543,0.9474851,0.9432608,0.9378821,0.9329851,0.93008584,0.92653716,0.92579734,0.92336273,0.9209712,0.9123756,0.9103181,0.90260756,0.89525956,0.88887614,0.8868841,0.88230884,0.878654,0.876232,0.8685438,0.86654806,0.8640647,0.8578944,0.851684,0.84697783,0.8425935,0.83550346,0.8298171,0.82328826,0.820481,0.8129219,0.8060427,0.79864836
136_real,0.47748607,,,,,,,,,,,,,,,,0.40395862,,,,,,,,,,,,,,,,,,,,,,,,,,,,,,,,,,,,,,,,,,,,,,,,,,,,,
136_gen,0.47748607,0.4746353,0.47134796,0.47297794,0.46766168,0.4633491,0.46099797,0.4631516,0.4610401,0.46343413,0.45666283,0.45531863,0.45642257,0.45743862,0.45486122,0.45209202,0.45537323,0.45169544,0.45681024,0.45347252,0.45403272,0.45494437,0.45037836,0.4494745,0.44409984,0.4421451,0.44127268,0.442628,0.44040975,0.43907756,0.4399007,0.43833247,0.43426847,0.43619227,0.43931913,0.4408946,0.43974954,0.43814224,0.43971092,0.43602094,0.4345222,0.43245274,0.42420572,0.41874653,0.41699085,0.413872,0.41411242,0.418392,0.417694,0.4171568,0.4143508,0.4166091,0.41669226,0.41633907,0.41633812,0.4168334,0.42090058,0.42100066,0.4237081,0.4238916,0.42254806,0.42220205,0.42395362,0.42678627,0.42420417,0.42912498,0.42637515,0.42802292,0.42711276,0.42412305
137_real,0.36690003,,,,,,,,,,,,,,,,0.2679284,,,,,,,,,,,,,,,,,,,,,,,,,,,,,,,,,,,,,,,,,,,,,,,,,,,,,
137_gen,0.3669,0.36228603,0.3602339,0.3573388,0.35093534,0.34789693,0.34139428,0.33713642,0.33365574,0.32955596,0.3260585,0.3208224,0.31438413,0.31227604,0.30477765,0.30201688,0.29761457,0.29377007,0.29260227,0.28882095,0.2850453,0.2814873,0.28072673,0.2772558,0.27321988,0.26910084,0.26645115,0.26189947,0.25942498,0.2573238,0.2527657,0.25050682,0.25053412,0.24739392,0.24158971,0.23686746,0.23268895,0.22977893,0.22663835,0.22227535,0.218031,0.2139456,0.2112188,0.21074042,0.204145,0.2031513,0.20126176,0.19957471,0.19308282,0.18386665,0.1770849,0.16933116,0.16627075,0.15807763,0.15434945,0.15455434,0.14873414,0.14110366,0.14087242,0.13614205,0.13120446,0.12950368,0.12858313,0.12073295,0.118340716,0.114585295,0.10950847,0.10415719,0.09814341,0.08985979
138_real,0.022801194,,,,,,,,,,,,,,,,0.23161541,,,,,,,,,,,,,,,,,,,,,,,,,,,,,,,,,,,,,,,,,,,,,,,,,,,,,
138_gen,0.022801192,0.018451853,0.016675385,0.011147812,0.0060813325,0.0010411202,-0.0017337494,-0.005560129,-0.013569189,-0.0181954,-0.018814882,-0.021972893,-0.026236271,-0.025349164,-0.025428018,-0.03015339,-0.034035027,-0.035863537,-0.03720352,-0.045209482,-0.04641109,-0.050817586,-0.056138437,-0.057927866,-0.062457133,-0.06544363,-0.07175903,-0.076370984,-0.082276054,-0.08372647,-0.08324069,-0.083794855,-0.0852036,-0.09261079,-0.09514074,-0.099210314,-0.101105236,-0.105466865,-0.10840769,-0.10790752,-0.112759076,-0.11557163,-0.118725024,-0.12400627,-0.12682937,-0.12754188,-0.1292776,-0.13226567,-0.13488625,-0.13822156,-0.14080252,-0.14677167,-0.15063089,-0.15216604,-0.1558354,-0.15862428,-0.1603103,-0.16199914,-0.16643453,-0.17039756,-0.17544743,-0.1774729,-0.17705946,-0.18084948,-0.18321308,-0.18569367,-0.1897105,-0.19306266,-0.19386037,-0.20118174
139_real,0.18962565,,,,,,,,,,,,,,,,0.27304134,,,,,,,,,,,,,,,,,,,,,,,,,,,,,,,,,,,,,,,,,,,,,,,,,,,,,
139_gen,0.18962564,0.18849142,0.1783968,0.17526482,0.17077133,0.16541225,0.16135965,0.15464035,0.15188387,0.1479308,0.14921945,0.14669612,0.1443626,0.13554719,0.13336888,0.12754263,0.12432514,0.12267475,0.11881379,0.11518123,0.112737656,0.10676856,0.104378104,0.10054666,0.095369756,0.09261896,0.08794898,0.08341893,0.07870375,0.07644388,0.07162328,0.06805476,0.06244763,0.060885023,0.06026507,0.061559062,0.061022002,0.056408215,0.048666075,0.047550462,0.042194832,0.03674744,0.0373288,0.034573995,0.030601988,0.02748647,0.021325566,0.02086536,0.01810607,0.015180634,0.010090807,0.005661948,0.005729037,0.0032550662,0.00024148673,-0.0014885903,0.000842122,-0.004079698,-0.011606922,-0.014408027,-0.022026742,-0.022753868,-0.023585323,-0.028426504,-0.036938373,-0.041995786,-0.048861615,-0.052411266,-0.053861808,-0.057412613
140_real,-0.18710977,,,,,,,,,,,,,,,,-0.34861165,,,,,,,,,,,,,,,,,,,,,,,,,,,,,,,,,,,,,,,,,,,,,,,,,,,,,
140_gen,-0.18710975,-0.19414057,-0.19630104,-0.1963955,-0.20515516,-0.21423014,-0.21859622,-0.2263257,-0.23077767,-0.23177406,-0.2375376,-0.24383807,-0.2526155,-0.25555453,-0.26177782,-0.2652803,-0.2682528,-0.27051473,-0.27136618,-0.276341,-0.27737716,-0.28755826,-0.29150423,-0.29677087,-0.30234706,-0.3050504,-0.31332827,-0.32104033,-0.32234222,-0.32626402,-0.3278046,-0.33283228,-0.33383787,-0.33338934,-0.33616206,-0.33546895,-0.33902273,-0.340862,-0.34379277,-0.34960574,-0.35467356,-0.35990143,-0.36094227,-0.36483452,-0.36894757,-0.36977217,-0.37160105,-0.37201875,-0.37561938,-0.37764663,-0.38344973,-0.38588265,-0.3898098,-0.3946787,-0.39701718,-0.3984142,-0.39961204,-0.40179515,-0.40174943,-0.4076543,-0.41082516,-0.41499153,-0.41875753,-0.4245091,-0.42807645,-0.4341611,-0.44147086,-0.44442168,-0.44593087,-0.4486735
141_real,-0.059055872,,,,,,,,,,,,,,,,-0.11950979,,,,,,,,,,,,,,,,,,,,,,,,,,,,,,,,,,,,,,,,,,,,,,,,,,,,,
141_gen,-0.059055872,-0.06935433,-0.07374569,-0.07810728,-0.07997187,-0.08494739,-0.09244651,-0.09560194,-0.09659548,-0.09765091,-0.10005959,-0.102099344,-0.10301051,-0.1061417,-0.11199353,-0.10921417,-0.11101405,-0.11432191,-0.119806066,-0.122238204,-0.12474626,-0.12448368,-0.12608883,-0.12853411,-0.13353144,-0.13856465,-0.14112473,-0.14390862,-0.14351499,-0.1442993,-0.14632642,-0.14647262,-0.1516293,-0.15561822,-0.15614423,-0.15377712,-0.1569588,-0.1604757,-0.16061023,-0.16128333,-0.16323312,-0.1635647,-0.16621561,-0.16983421,-0.16790345,-0.17206587,-0.17271623,-0.17604795,-0.1774758,-0.17815068,-0.17773399,-0.18205018,-0.18105505,-0.1826869,-0.18498957,-0.18485796,-0.18678384,-0.19058761,-0.19219044,-0.19466735,-0.19309667,-0.19542184,-0.19881186,-0.2019654,-0.20620203,-0.20904143,-0.20936282,-0.21005483,-0.21207944,-0.214528
142_real,0.16255434,,,,,,,,,,,,,,,,0.28858477,,,,,,,,,,,,,,,,,,,,,,,,,,,,,,,,,,,,,,,,,,,,,,,,,,,,,
142_gen,0.16255435,0.15779945,0.15390144,0.15019378,0.14610302,0.14347252,0.14004639,0.1395962,0.13686097,0.13279788,0.13239953,0.13015132,0.12784755,0.12535068,0.12161757,0.11736087,0.115286216,0.11104941,0.10821037,0.10586671,0.10194246,0.10069605,0.09643005,0.096122526,0.09434016,0.09032108,0.08830021,0.08692928,0.084215954,0.084019236,0.08084319,0.077251226,0.0728587,0.07066243,0.06870921,0.06537209,0.06095464,0.058721907,0.057613768,0.055613168,0.051737167,0.051685177,0.04687398,0.04515169,0.042522363,0.03972047,0.037172817,0.035265535,0.034009453,0.029184524,0.02583757,0.025389632,0.023009662,0.020275552,0.019843299,0.015507701,0.012662728,0.009334963,0.0056746723,0.0028223107,-0.0013485416,-0.006098286,-0.008085223,-0.011607597,-0.013997276,-0.016410436,-0.020924035,-0.022685423,-0.025435869,-0.027660284
143_real,0.5733353,,,,,,,,,,,,,,,,0.33473137,,,,,,,,,,,,,,,,,,,,,,,,,,,,,,,,,,,,,,,,,,,,,,,,,,,,,
143_gen,0.57333523,0.57007664,0.5689684,0.565875,0.56276476,0.56121266,0.55753404,0.555288,0.5518198,0.5472083,0.54499054,0.54259235,0.53745997,0.53336436,0.53023803,0.52900875,0.5250089,0.52012783,0.5174223,0.5147572,0.5109194,0.5073595,0.5047325,0.5008849,0.49737296,0.4935214,0.48760396,0.48306933,0.47984785,0.47647852,0.47323364,0.46772537,0.46085206,0.4591599,0.45580235,0.45018482,0.44821566,0.443785,0.439216,0.4359011,0.43249354,0.4272922,0.42127952,0.41800332,0.414622,0.41106194,0.4062654,0.4010373,0.3961752,0.39045212,0.38666183,0.38159046,0.3806143,0.37571093,0.37158954,0.36683637,0.36162314,0.35911384,0.35599893,0.35106164,0.34781486,0.343942,0.34187,0.3374876,0.33345097,0.32961005,0.32545957,0.32069945,0.31706113,0.31394118
144_real,-0.1429569,,,,,,,,,,,,,,,,-0.23026209,,,,,,,,,,,,,,,,,,,,,,,,,,,,,,,,,,,,,,,,,,,,,,,,,,,,,
144_gen,-0.14295688,-0.14909449,-0.15516385,-0.15916762,-0.1617121,-0.165914,-0.16900535,-0.17199646,-0.1771618,-0.18096326,-0.18457852,-0.18700601,-0.18930748,-0.19273417,-0.19610134,-0.19882876,-0.20142889,-0.2025785,-0.20665154,-0.20759737,-0.21006195,-0.21413024,-0.21482465,-0.2185216,-0.21941249,-0.2211878,-0.22233737,-0.22259195,-0.22551648,-0.2271492,-0.22958274,-0.23154049,-0.23274009,-0.23447366,-0.2355834,-0.23689742,-0.23935123,-0.24264805,-0.2434607,-0.24211994,-0.2450798,-0.24851775,-0.24778469,-0.2478036,-0.25012836,-0.2505231,-0.2508958,-0.25403255,-0.25545874,-0.25966528,-0.26016784,-0.2622736,-0.26276594,-0.2655581,-0.26852995,-0.2703615,-0.27189597,-0.27444744,-0.2774679,-0.27888438,-0.28109756,-0.28286284,-0.28329462,-0.2867884,-0.28735068,-0.2909504,-0.29179502,-0.29389787,-0.2954298,-0.2972941
