ROI_Index,Month_0,Month_1,Month_2,Month_3,Month_4,Month_5,Month_6,Month_7,Month_8,Month_9,Month_10,Month_11,Month_12,Month_13,Month_14,Month_15,Month_16,Month_17,Month_18,Month_19,Month_20,Month_21,Month_22,Month_23,Month_24,Month_25,Month_26,Month_27,Month_28,Month_29,Month_30,Month_31,Month_32,Month_33,Month_34,Month_35,Month_36,Month_37,Month_38,Month_39,Month_40,Month_41,Month_42,Month_43,Month_44,Month_45,Month_46,Month_47,Month_48,Month_49,Month_50,Month_51,Month_52,Month_53,Month_54,Month_55,Month_56,Month_57,Month_58,Month_59,Month_60,Month_61,Month_62,Month_63,Month_64,Month_65,Month_66,Month_67,Month_68,Month_69,Month_70,Month_71,Month_72,Month_73,Month_74,Month_75,Month_76,Month_77,Month_78,Month_79,Month_80,Month_81,Month_82,Month_83,Month_84,Month_85,Month_86,Month_87,Month_88,Month_89,Month_90,Month_91,Month_92,Month_93,Month_94,Month_95,Month_96,Month_97,Month_98,Month_99,Month_100,Month_101,Month_102,Month_103,Month_104,Month_105,Month_106,Month_107,Month_108,Month_109,Month_110,Month_111,Month_112,Month_113,Month_114,Month_115,Month_116,Month_117,Month_118,Month_119
0,-0.10056873,-0.103066586,-0.10268029,-0.10299064,-0.09324898,-0.09116264,-0.08714883,-0.083122484,-0.081626005,-0.079133295,-0.07320525,-0.06971314,-0.067039244,-0.062999494,-0.059029043,-0.057716854,-0.05498905,-0.05181678,-0.047894567,-0.043739527,-0.040558785,-0.038047478,-0.035501063,-0.031197075,-0.028735314,-0.025246669,-0.021908293,-0.017822187,-0.016047627,-0.011748035,-0.0076734894,-0.0024131872,-2.4934485e-05,0.00027438923,0.005366585,0.0078700455,0.010861929,0.013259254,0.018554324,0.022482416,0.026741663,0.028003927,0.02968328,0.033665806,0.038088296,0.04062303,0.045527603,0.04910796,0.05194648,0.05525009,0.05707509,0.058181774,0.061735183,0.06533301,0.0684818,0.07071988,0.07416195,0.07673629,0.079883166,0.082961336,0.0861609,0.093014225,0.096890986,0.09983145,0.10311242,0.10626968,0.11024165,0.11297474,0.11752363,0.11987452,0.12112872,0.12540723,0.12958336,0.13387662,0.13795869,0.14284486,0.1473288,0.15184575,0.15641767,0.15879275,0.16182873,0.1649148,0.16913751,0.1708501,0.17407943,0.17707261,0.18005057,0.18351653,0.18938851,0.191259,0.1936808,0.19759752,0.20077129,0.20585449,0.21084614,0.21596842,0.21671958,0.22049801,0.22507176,0.2306998,0.23579082,0.24211928,0.24593636,0.25112048,0.25394815,0.25927716,0.26449233,0.27007762,0.27201217,0.27674654,0.27962664,0.28193083,0.28693312,0.28912425,0.29268107,0.298804,0.30197725,0.3077938,0.31249547,0.3168834
1,0.37375975,0.3688355,0.36393872,0.3607066,0.3566671,0.35268468,0.3484958,0.34240443,0.3438385,0.34248766,0.34154007,0.3395076,0.3370701,0.33442375,0.3335223,0.33166248,0.32971528,0.3269611,0.32763615,0.32467717,0.32409415,0.3196659,0.31843454,0.31714925,0.31522694,0.3147832,0.31398895,0.3118319,0.31013662,0.31096843,0.31225085,0.31432146,0.31557643,0.31552848,0.3161428,0.31380686,0.3140735,0.3120059,0.3126521,0.31270987,0.31272724,0.3146351,0.31708586,0.31907016,0.3203148,0.31994048,0.31933862,0.32050437,0.3205971,0.32003573,0.3192327,0.31855497,0.31885052,0.3177576,0.31755725,0.3179781,0.31937358,0.31765914,0.31772345,0.31925467,0.32100496,0.32082993,0.32052666,0.3210997,0.32254395,0.3227036,0.32180592,0.32273322,0.32403862,0.3244858,0.32493538,0.32601848,0.32773706,0.329632,0.32900918,0.32935065,0.32882985,0.33095524,0.3320252,0.33332163,0.33345118,0.3340313,0.33725858,0.3344378,0.33599383,0.33372742,0.33333653,0.33404914,0.33664015,0.33634543,0.33477086,0.33357638,0.33525452,0.3356387,0.33386403,0.33314842,0.3343035,0.3359235,0.3348964,0.3389569,0.3403687,0.3422834,0.34433407,0.34512326,0.34724748,0.34864923,0.34956378,0.35055006,0.35304314,0.35394454,0.35597143,0.35563847,0.35453457,0.35776293,0.35951892,0.3590787,0.36114815,0.36315718,0.36464143,0.36505103
2,0.6284295,0.6205069,0.6115934,0.60460675,0.59578145,0.5837041,0.57155603,0.5624118,0.54998505,0.540805,0.52910435,0.5183133,0.51162153,0.5044358,0.49384475,0.4851173,0.47717804,0.4666857,0.45792603,0.4490829,0.44185385,0.43386406,0.4245301,0.41691154,0.40695652,0.39662695,0.3878352,0.3793254,0.3716127,0.3629724,0.3542785,0.34414265,0.33799142,0.3308388,0.32293877,0.31606874,0.30951905,0.3025928,0.29467627,0.28996253,0.2853043,0.27973154,0.2735311,0.2666863,0.25978032,0.25238514,0.24667494,0.24015164,0.23246375,0.22658797,0.22007088,0.21294084,0.20722279,0.20164068,0.194177,0.18723336,0.18176982,0.17622769,0.1710374,0.165845,0.16162701,0.1578664,0.1510888,0.1461052,0.13947225,0.13513069,0.12817474,0.122260176,0.115288936,0.11076027,0.10755912,0.102043174,0.096258,0.09355851,0.089984834,0.08561276,0.08230021,0.07835353,0.07265149,0.07056237,0.068109535,0.06330027,0.058585294,0.05861007,0.054753087,0.05096067,0.04974904,0.045589544,0.03996949,0.035423793,0.032261975,0.028232068,0.02564164,0.020544821,0.0135474745,0.008225538,0.0056153806,0.0030573993,0.0001893811,-0.0032625317,-0.0054075895,-0.007945115,-0.013751587,-0.017175874,-0.020425983,-0.023988102,-0.026775122,-0.030768808,-0.036229875,-0.04107149,-0.044804502,-0.04781813,-0.049715955,-0.05498463,-0.057556164,-0.059977263,-0.06248016,-0.06695688,-0.06955086,-0.070129946
3,0.39028305,0.3751942,0.3583494,0.34710157,0.3339973,0.31736615,0.3038414,0.289366,0.2730712,0.26077306,0.24787991,0.23379204,0.21854985,0.20270486,0.18834962,0.17292103,0.1624962,0.1500847,0.13600989,0.12370391,0.112003684,0.09942453,0.086080246,0.074524365,0.061632805,0.04967823,0.038459506,0.025198769,0.015535066,0.005244882,-0.0050542704,-0.015802056,-0.028658766,-0.035489727,-0.046018835,-0.054584168,-0.06566953,-0.07289736,-0.082727484,-0.090168044,-0.10178937,-0.11148812,-0.12100134,-0.13081674,-0.13999292,-0.15171728,-0.16122407,-0.17272261,-0.18297713,-0.19400182,-0.20319164,-0.21490136,-0.22287905,-0.23361519,-0.2436918,-0.25314513,-0.26139227,-0.26989794,-0.27628607,-0.2853634,-0.2942466,-0.3028099,-0.3117848,-0.32035768,-0.33095974,-0.33691937,-0.34474897,-0.35383,-0.3608893,-0.3688423,-0.3751151,-0.3843956,-0.3940307,-0.39733446,-0.40332612,-0.41146556,-0.4188006,-0.42556196,-0.43297148,-0.4379913,-0.44540972,-0.45562077,-0.46300212,-0.46994036,-0.4774777,-0.48409256,-0.4907275,-0.49942225,-0.5081083,-0.51399165,-0.520469,-0.5255049,-0.5342182,-0.54210204,-0.552312,-0.55839056,-0.5625254,-0.5682564,-0.5741605,-0.58069587,-0.5883987,-0.5954382,-0.6042663,-0.61134636,-0.6187999,-0.6251191,-0.63010615,-0.6381214,-0.64436233,-0.6504644,-0.6561634,-0.66217947,-0.6658541,-0.6692516,-0.674722,-0.67787355,-0.68360806,-0.6922409,-0.6973907,-0.70194143
4,0.042692266,0.0360196,0.029396364,0.023810765,0.01770075,0.0075207516,0.00097236055,-0.005348272,-0.012356646,-0.01956844,-0.030361135,-0.039475773,-0.047646336,-0.055342533,-0.062342286,-0.0684192,-0.07783274,-0.08176211,-0.08960136,-0.09361093,-0.103324875,-0.11040437,-0.119198784,-0.12583527,-0.13559596,-0.14358515,-0.15290274,-0.1613662,-0.16913192,-0.17703572,-0.1849749,-0.19383286,-0.1998154,-0.20544586,-0.21445839,-0.22142847,-0.22803855,-0.23450553,-0.24442896,-0.2509213,-0.25856104,-0.26803663,-0.27945438,-0.28861618,-0.29646456,-0.30453038,-0.31413865,-0.32244533,-0.33008048,-0.33973557,-0.34722418,-0.35669822,-0.36418754,-0.37555763,-0.38408166,-0.39245874,-0.40006384,-0.4059833,-0.4143169,-0.4213849,-0.42930883,-0.43555373,-0.44197568,-0.4505536,-0.45490208,-0.46247625,-0.4706084,-0.47887617,-0.48529762,-0.4910472,-0.4985834,-0.5061307,-0.5151364,-0.5213709,-0.5258852,-0.5312096,-0.5390603,-0.54759306,-0.5553003,-0.56083405,-0.5706571,-0.58068025,-0.5874082,-0.5967294,-0.6056301,-0.6129535,-0.61890745,-0.62943804,-0.6361683,-0.6428679,-0.6518778,-0.65982795,-0.6689054,-0.6729508,-0.6820153,-0.69078314,-0.69616055,-0.70595145,-0.71040595,-0.7184221,-0.72332996,-0.730206,-0.7394949,-0.7484186,-0.75868034,-0.7641983,-0.77068365,-0.77899706,-0.7875715,-0.79743457,-0.80152625,-0.8090665,-0.81613064,-0.8208774,-0.8295599,-0.8339329,-0.8423769,-0.8539297,-0.8620328,-0.86958635
5,-0.77054113,-0.77262336,-0.772154,-0.7704218,-0.7645593,-0.77010274,-0.7728217,-0.77122414,-0.7737985,-0.7776403,-0.77904236,-0.77961,-0.779156,-0.7775481,-0.77734375,-0.7793944,-0.7826774,-0.7789392,-0.7844216,-0.78555477,-0.78863436,-0.78919566,-0.7947716,-0.7974374,-0.80553657,-0.8079761,-0.8133534,-0.8190826,-0.82167816,-0.8240868,-0.8297204,-0.8345722,-0.83462393,-0.8378248,-0.84116095,-0.8441428,-0.8466409,-0.8480852,-0.8504528,-0.8509582,-0.8532996,-0.8565313,-0.86077374,-0.8644574,-0.8651494,-0.869528,-0.8740009,-0.8784401,-0.88167554,-0.88517463,-0.88693094,-0.8914639,-0.89663327,-0.90044796,-0.90349483,-0.9075588,-0.9101429,-0.91210234,-0.9143594,-0.91906273,-0.92362213,-0.9248657,-0.9292575,-0.933125,-0.9348246,-0.93775827,-0.94167775,-0.94309396,-0.94569415,-0.9477126,-0.9492289,-0.955962,-0.96001405,-0.95971525,-0.95946187,-0.96296203,-0.9669275,-0.96876633,-0.9702131,-0.97321904,-0.9753631,-0.9790684,-0.9825038,-0.98378265,-0.986225,-0.9900837,-0.9914287,-0.9973335,-1.0003076,-1.0041021,-1.0077626,-1.0087329,-1.01008,-1.0120534,-1.0158019,-1.0201572,-1.0210301,-1.0240629,-1.0246422,-1.0267093,-1.0258802,-1.0305078,-1.0353024,-1.0401999,-1.0452181,-1.0456543,-1.0471694,-1.0500654,-1.0532299,-1.0563109,-1.059015,-1.061672,-1.0612239,-1.0640321,-1.0711304,-1.0738766,-1.0773814,-1.0787327,-1.0767581,-1.0785929
6,-0.0059409803,-0.009003069,-0.010614783,-0.0153792845,-0.018178951,-0.019420031,-0.024771016,-0.02896798,-0.02956612,-0.03159311,-0.032473043,-0.033458374,-0.033428706,-0.033853788,-0.035034176,-0.035965126,-0.038259562,-0.041356288,-0.04368839,-0.043548323,-0.045740776,-0.04661765,-0.04839484,-0.049781263,-0.051265545,-0.050848447,-0.053327702,-0.0534906,-0.05337783,-0.052095465,-0.0537275,-0.054359205,-0.056482375,-0.057085104,-0.05609997,-0.05558608,-0.054808937,-0.053625543,-0.054701816,-0.052920002,-0.053563513,-0.05198578,-0.052672457,-0.05126406,-0.04939295,-0.048948616,-0.048166007,-0.046376515,-0.044079125,-0.04212559,-0.04235332,-0.041373275,-0.041551452,-0.040302813,-0.037607595,-0.037413705,-0.035636757,-0.034913044,-0.032968752,-0.030772677,-0.03155645,-0.028687084,-0.027188852,-0.026664063,-0.025822219,-0.024205532,-0.025494361,-0.021579845,-0.019909102,-0.017226106,-0.013692483,-0.010369898,-0.009196695,-0.005176559,-0.0019657551,-5.053552e-05,0.0019989,0.0059520565,0.009089322,0.013421374,0.015457111,0.016552592,0.017126318,0.020860085,0.0249236,0.027282882,0.029084217,0.030179575,0.029855877,0.03255953,0.035679366,0.037325438,0.040706582,0.044687208,0.04493429,0.04409949,0.046348322,0.04936888,0.053953074,0.057608806,0.06005708,0.060917307,0.062255252,0.06523494,0.066939816,0.06994465,0.07328367,0.07648939,0.08002277,0.081421375,0.082778044,0.08495229,0.08884047,0.09075072,0.0910089,0.09291754,0.09553573,0.09784533,0.101057686,0.10456252
7,-0.5745844,-0.5778235,-0.5751917,-0.5754597,-0.5778659,-0.5809874,-0.58544314,-0.58762044,-0.5897194,-0.5934968,-0.595765,-0.5986801,-0.60029805,-0.5941408,-0.59365904,-0.59956676,-0.6011634,-0.6031191,-0.6050377,-0.6066539,-0.60547507,-0.60636026,-0.60820556,-0.6082736,-0.61022776,-0.61071676,-0.6126324,-0.61340535,-0.6122967,-0.6107191,-0.6121127,-0.61365384,-0.615736,-0.6141901,-0.6129446,-0.6122869,-0.6127799,-0.6106943,-0.61215097,-0.60933506,-0.6087828,-0.60498047,-0.6006256,-0.60143757,-0.60087425,-0.60229397,-0.6021405,-0.6023463,-0.60268706,-0.60270846,-0.59956634,-0.60042787,-0.6010033,-0.5990011,-0.59764826,-0.5975974,-0.5970786,-0.5960701,-0.59686863,-0.59671694,-0.59086204,-0.58741015,-0.5877114,-0.58564854,-0.58212984,-0.57946694,-0.57656074,-0.57564294,-0.5763154,-0.57577485,-0.5711882,-0.57015246,-0.56612825,-0.5649427,-0.5620716,-0.5595458,-0.5579683,-0.55788505,-0.55675095,-0.5541698,-0.55134976,-0.54900306,-0.5496151,-0.5458362,-0.54488665,-0.54222375,-0.53806645,-0.5361115,-0.53570855,-0.53205216,-0.53050774,-0.52748466,-0.5246924,-0.52242243,-0.5245088,-0.5235139,-0.5224583,-0.51694113,-0.51254714,-0.5123301,-0.50907713,-0.5056301,-0.5037264,-0.50108004,-0.4972168,-0.49331492,-0.48832482,-0.48335552,-0.48098058,-0.48090935,-0.47901654,-0.47700915,-0.47462082,-0.47097215,-0.46815777,-0.46545705,-0.46200576,-0.45794725,-0.45302373,-0.4484691
8,-0.27851224,-0.28592902,-0.29017907,-0.29593703,-0.2994554,-0.30632782,-0.3106055,-0.31369215,-0.32086438,-0.3274662,-0.3303331,-0.3354616,-0.33758658,-0.3396133,-0.34387267,-0.35026175,-0.35420257,-0.3591022,-0.36305404,-0.3650821,-0.3691879,-0.3720658,-0.37673992,-0.3809312,-0.38562617,-0.39002207,-0.39331955,-0.39642996,-0.39658,-0.3951321,-0.39630324,-0.39903936,-0.40139952,-0.40189108,-0.40444422,-0.40491796,-0.40788883,-0.4080995,-0.41229725,-0.41020274,-0.41465235,-0.41424757,-0.4166089,-0.41850987,-0.42223626,-0.42401972,-0.42281032,-0.42430583,-0.42779398,-0.42881584,-0.42795163,-0.43217215,-0.43330917,-0.43438584,-0.43435606,-0.4354876,-0.4352787,-0.4357465,-0.43643898,-0.43774635,-0.43749008,-0.44015342,-0.44147524,-0.44239134,-0.4430808,-0.4447337,-0.4466309,-0.4485585,-0.44890675,-0.44847178,-0.44672364,-0.44740027,-0.4469059,-0.44597134,-0.44437844,-0.44382554,-0.44467592,-0.44462118,-0.4440009,-0.4413293,-0.441202,-0.44076306,-0.4403544,-0.4379929,-0.43920422,-0.43702763,-0.43986407,-0.43933058,-0.4402524,-0.43813515,-0.4379766,-0.43592006,-0.43512455,-0.43465695,-0.43383884,-0.4340028,-0.43213636,-0.4304389,-0.42837167,-0.4286295,-0.42395908,-0.4218968,-0.42169815,-0.4197924,-0.4191119,-0.41543952,-0.41372576,-0.410374,-0.40757337,-0.40839458,-0.40694875,-0.40440854,-0.40192795,-0.40102655,-0.39803025,-0.39444578,-0.39202747,-0.39162385,-0.3900389,-0.38684964
9,-0.1045119,-0.10836786,-0.11229106,-0.114069365,-0.11731322,-0.120173156,-0.123436235,-0.124132395,-0.1305717,-0.1353546,-0.13696021,-0.14087342,-0.14444208,-0.14732365,-0.15155536,-0.1590902,-0.16521832,-0.16466339,-0.17126925,-0.17636886,-0.18060468,-0.18314198,-0.18815917,-0.19189154,-0.19721657,-0.20167157,-0.20643608,-0.21233651,-0.21248665,-0.21549463,-0.22013235,-0.22443156,-0.22835162,-0.23181729,-0.23301664,-0.23437507,-0.23615603,-0.23890035,-0.24271254,-0.24395761,-0.24410982,-0.24572372,-0.245078,-0.24719605,-0.24828592,-0.24773398,-0.2488018,-0.25158042,-0.2528167,-0.25463486,-0.25643677,-0.25777152,-0.25758967,-0.2568662,-0.25967902,-0.26142612,-0.2623297,-0.26488373,-0.2689037,-0.27096462,-0.27106315,-0.2684868,-0.26927423,-0.27027902,-0.26845115,-0.26954085,-0.27031514,-0.27229035,-0.27289248,-0.27379292,-0.27233273,-0.27175218,-0.27349955,-0.2726104,-0.27255446,-0.27364424,-0.27337614,-0.27371758,-0.2758515,-0.27769846,-0.2801401,-0.28196573,-0.28428832,-0.28594583,-0.2867313,-0.28686142,-0.2872668,-0.2868695,-0.28354412,-0.2834596,-0.28390026,-0.28492957,-0.28590518,-0.2846963,-0.28620967,-0.2870667,-0.28650957,-0.28804833,-0.28748158,-0.28668895,-0.28846183,-0.28830147,-0.289455,-0.29205522,-0.29233795,-0.2944475,-0.2950149,-0.2942236,-0.29460233,-0.29630056,-0.2960263,-0.29338777,-0.29012457,-0.28525037,-0.28496265,-0.28404498,-0.28422466,-0.2855731,-0.28399926,-0.28276315
10,-0.96510255,-0.96288824,-0.9622728,-0.9605788,-0.95691407,-0.958055,-0.96123636,-0.96181834,-0.96305895,-0.9650585,-0.9654318,-0.9659805,-0.9648391,-0.9603985,-0.96244794,-0.96726227,-0.96693265,-0.96410066,-0.9683932,-0.96917117,-0.97066325,-0.970456,-0.97291297,-0.9739691,-0.97498405,-0.9760517,-0.9795109,-0.9843998,-0.9842566,-0.983267,-0.98510855,-0.98640215,-0.9902684,-0.9919607,-0.9939374,-0.99538547,-0.9968991,-0.9969474,-0.99877197,-0.996381,-0.9959985,-0.996541,-0.9960173,-0.9990528,-0.9988699,-0.99934787,-0.99897975,-1.00156,-1.0033188,-1.0045365,-1.0067898,-1.0057223,-1.0055363,-1.0047079,-1.0079229,-1.0098498,-1.0123492,-1.0133306,-1.0142722,-1.0175155,-1.0166439,-1.0138419,-1.0140191,-1.0162842,-1.0164715,-1.0167525,-1.0186204,-1.0188646,-1.0189593,-1.019171,-1.0163044,-1.0155842,-1.0143538,-1.0151953,-1.0134094,-1.0145177,-1.01575,-1.0158727,-1.0163252,-1.0168225,-1.0179889,-1.0195878,-1.0195236,-1.0199058,-1.0211451,-1.0230415,-1.021795,-1.0250397,-1.0236658,-1.02458,-1.0246329,-1.0228083,-1.0259403,-1.027448,-1.030004,-1.0315406,-1.0317419,-1.0346537,-1.0328281,-1.0329158,-1.0324857,-1.0315734,-1.0346978,-1.038445,-1.038956,-1.0417072,-1.0423334,-1.042244,-1.0432009,-1.0442245,-1.0435456,-1.0409423,-1.0384836,-1.036513,-1.0377605,-1.0365878,-1.039635,-1.0398201,-1.0394272,-1.0403154
11,1.3212453,1.3200244,1.3245636,1.3280411,1.321915,1.3241584,1.3236232,1.3230153,1.3253808,1.3275183,1.3296727,1.3285135,1.3293207,1.3230588,1.3232862,1.3244056,1.322765,1.3230473,1.3212873,1.3204868,1.3196414,1.3196625,1.3220117,1.3211889,1.3220314,1.3243388,1.3246944,1.3212711,1.3184594,1.3205993,1.3193343,1.318352,1.3174329,1.3149905,1.3153245,1.3160071,1.3184931,1.3208104,1.318984,1.3215337,1.3218396,1.3235043,1.3186518,1.3215039,1.3220919,1.3262664,1.3269893,1.3320676,1.3348783,1.3391554,1.3417695,1.3424234,1.3435644,1.3465729,1.3465086,1.3455081,1.3497701,1.3519837,1.3512555,1.3542666,1.3544534,1.3563149,1.3594328,1.3607986,1.360204,1.3634747,1.3647401,1.3662703,1.3663815,1.3702196,1.3719562,1.3740522,1.3768138,1.3797681,1.3828738,1.3871462,1.3902063,1.393964,1.3933318,1.398463,1.4037468,1.4051573,1.4055945,1.4074515,1.411659,1.4146448,1.4146092,1.4191346,1.4200815,1.4247233,1.4302455,1.434015,1.4375429,1.4436358,1.4470389,1.451177,1.456854,1.4582598,1.4623783,1.4653192,1.4646304,1.4687237,1.4733022,1.4765759,1.4772252,1.4793007,1.4816883,1.4835457,1.4866039,1.4880983,1.4915181,1.4924676,1.4956582,1.4961964,1.4990822,1.4971063,1.5017475,1.5016754,1.503983,1.5081505
12,0.9339541,0.93287313,0.93051875,0.93170726,0.9242257,0.9258642,0.92346466,0.9208416,0.9199635,0.91940796,0.9176434,0.91086376,0.90840024,0.90434426,0.90312976,0.8969172,0.89343214,0.8882936,0.8812567,0.8788537,0.8745157,0.868337,0.86644477,0.86084306,0.85727674,0.85508806,0.85218894,0.84795105,0.8417574,0.8391305,0.8346394,0.83141327,0.8264972,0.82354224,0.8192606,0.81732064,0.81574094,0.8131531,0.8085227,0.80707186,0.80421317,0.8029216,0.7972902,0.7956718,0.7935711,0.7919899,0.78819567,0.7871089,0.7848238,0.7847864,0.7818459,0.77761996,0.77412057,0.77190584,0.7677966,0.76525617,0.7632674,0.7608213,0.7578083,0.75565517,0.7502678,0.74696153,0.7459928,0.74321544,0.7405152,0.73963284,0.73887384,0.73412025,0.7327578,0.7326359,0.7294043,0.7280172,0.72452825,0.7236808,0.7225461,0.7226819,0.7198261,0.71897495,0.7171209,0.71603304,0.7169932,0.715815,0.714923,0.7168766,0.7166697,0.7163259,0.71539146,0.71462595,0.7125832,0.71286374,0.71371686,0.711638,0.7112401,0.71021736,0.70678604,0.7055354,0.7066186,0.7042011,0.70477825,0.7032949,0.7024082,0.7023094,0.70173466,0.7011404,0.6985153,0.6950215,0.6913821,0.69041723,0.68973154,0.68828225,0.6903794,0.68962,0.6875874,0.6889688,0.6862096,0.68300784,0.68354046,0.6810495,0.6785739,0.6774968
13,-0.6280967,-0.6264144,-0.6288133,-0.6307441,-0.6325294,-0.63605285,-0.6431843,-0.6500913,-0.6578023,-0.666206,-0.6717137,-0.67651474,-0.68035716,-0.6829537,-0.6914186,-0.6976638,-0.7040912,-0.708039,-0.7158977,-0.72388273,-0.7296483,-0.734264,-0.74339914,-0.75193435,-0.7587631,-0.77087724,-0.77579874,-0.78415185,-0.7874748,-0.79193676,-0.79943734,-0.8061921,-0.8121642,-0.81955683,-0.82587445,-0.8342225,-0.84042037,-0.8471462,-0.8548242,-0.8612741,-0.8647175,-0.8716302,-0.87620956,-0.8836877,-0.889099,-0.89299834,-0.89888734,-0.9069271,-0.9121424,-0.9189228,-0.92363644,-0.9265479,-0.93225366,-0.9401925,-0.9471838,-0.9527561,-0.9577454,-0.962093,-0.96798706,-0.97358114,-0.97742784,-0.9820342,-0.9877383,-0.99270356,-0.99738634,-1.0035225,-1.0109506,-1.0181497,-1.0234545,-1.0273025,-1.0319344,-1.035804,-1.0408571,-1.0447147,-1.0518503,-1.0571519,-1.0646703,-1.0710555,-1.0743179,-1.0780594,-1.0839679,-1.0892663,-1.0979378,-1.0987833,-1.1023064,-1.1101992,-1.1104586,-1.1188039,-1.1237661,-1.1293421,-1.1329845,-1.1364082,-1.1432862,-1.1472936,-1.1529727,-1.1571052,-1.1604332,-1.1693133,-1.1736066,-1.1790978,-1.1859906,-1.1916869,-1.2001519,-1.2067906,-1.2126571,-1.2164837,-1.222143,-1.2274702,-1.2324352,-1.2369635,-1.2439243,-1.2446735,-1.2471752,-1.2501587,-1.2551496,-1.2608173,-1.2663916,-1.269103,-1.2711743,-1.2782711
14,-0.47062773,-0.47906834,-0.48917207,-0.5001725,-0.50912505,-0.5226521,-0.53518283,-0.54363316,-0.5538567,-0.5651661,-0.57706994,-0.58584905,-0.5953567,-0.60639477,-0.61676633,-0.6277306,-0.6362456,-0.64740664,-0.661429,-0.6716856,-0.6816977,-0.6909491,-0.70350176,-0.7132228,-0.72583383,-0.7350248,-0.74516773,-0.755643,-0.76428163,-0.77303374,-0.7860497,-0.7987307,-0.8071027,-0.8163333,-0.8286775,-0.8381914,-0.84972936,-0.86147004,-0.86939365,-0.87810194,-0.8892455,-0.9013876,-0.9138573,-0.92570925,-0.9350888,-0.94374835,-0.9531287,-0.9649216,-0.97693956,-0.9881855,-0.9983841,-1.010248,-1.0204438,-1.0310309,-1.0396284,-1.0501921,-1.059318,-1.0700613,-1.0820638,-1.0916796,-1.102533,-1.1119529,-1.1214784,-1.1308088,-1.141666,-1.1523354,-1.1614695,-1.1705463,-1.179334,-1.1882606,-1.197602,-1.207783,-1.2174532,-1.2250907,-1.2328866,-1.2418829,-1.25171,-1.2617648,-1.2700284,-1.275649,-1.2870128,-1.2976575,-1.3072219,-1.3137567,-1.3221705,-1.3318994,-1.3394122,-1.3504705,-1.3576574,-1.367265,-1.3744807,-1.3820163,-1.3903683,-1.3985277,-1.4060028,-1.4150281,-1.4247903,-1.4338338,-1.4419324,-1.448448,-1.4572912,-1.4643536,-1.4758523,-1.4853184,-1.4925317,-1.501079,-1.5118705,-1.5207973,-1.5287445,-1.5382496,-1.54676,-1.5546203,-1.5604068,-1.5678184,-1.5742338,-1.580488,-1.5894628,-1.5950407,-1.6006151,-1.6071558
15,-0.08323027,-0.08877766,-0.094880626,-0.10049989,-0.098810904,-0.10354465,-0.10849641,-0.11344181,-0.11448096,-0.11657347,-0.11828778,-0.121720634,-0.12581691,-0.12257431,-0.1256547,-0.12770538,-0.12941578,-0.13258344,-0.13379455,-0.13206013,-0.13561524,-0.13719852,-0.13900131,-0.13921216,-0.14211735,-0.14041032,-0.14419821,-0.14406995,-0.14387785,-0.14470074,-0.14491022,-0.14639379,-0.14979461,-0.151935,-0.15399218,-0.15528442,-0.15874685,-0.15859081,-0.15844116,-0.15912776,-0.15906546,-0.16070029,-0.16499844,-0.16690649,-0.16947718,-0.1706309,-0.17152306,-0.17212428,-0.17393532,-0.17399724,-0.17688635,-0.17857812,-0.18126354,-0.18407167,-0.18542163,-0.18623665,-0.1881961,-0.18858735,-0.18947339,-0.19082889,-0.19174886,-0.19277541,-0.19352774,-0.19425455,-0.19695458,-0.19646183,-0.19918063,-0.19892319,-0.1988622,-0.2007343,-0.20400605,-0.20618483,-0.20711935,-0.21005777,-0.21067674,-0.21067433,-0.21178046,-0.21437697,-0.21350357,-0.21424977,-0.21574888,-0.2175806,-0.21664734,-0.21950522,-0.22046654,-0.21914697,-0.22180784,-0.22375631,-0.2244828,-0.22468476,-0.22732063,-0.22815084,-0.22859684,-0.22988002,-0.23179007,-0.23185036,-0.23175678,-0.23217425,-0.23185441,-0.23342109,-0.23507634,-0.23685989,-0.23766693,-0.23953822,-0.24218933,-0.24349315,-0.24354573,-0.24263139,-0.24379627,-0.24626839,-0.24620834,-0.24610636,-0.24589166,-0.24536553,-0.24548331,-0.2464126,-0.24990764,-0.24847953,-0.24918608,-0.24881344
16,0.007945494,0.0035220967,0.00397987,0.0024781115,-0.0034796074,-0.006881646,-0.009404664,-0.009299537,-0.007911159,-0.008332059,-0.0054974766,-0.0038669177,-0.0048727402,-0.011541998,-0.01165515,-0.01265424,-0.014571568,-0.0156209,-0.012287307,-0.010606745,-0.012547025,-0.011529563,-0.011171398,-0.012048254,-0.01289769,-0.0126332315,-0.012802976,-0.010734947,-0.010382719,-0.009146395,-0.009164469,-0.009501075,-0.008603786,-0.0064963186,-0.0056017144,-0.0050551468,-0.007077432,-0.005151879,-0.0042839134,-0.0029991702,-0.0031254007,-0.000711089,0.00331925,0.004610858,0.004531587,0.0028408128,0.0043972456,0.0045880736,0.00621356,0.00498271,0.0040483405,0.0035965317,0.0059273294,0.005834787,0.005750536,0.0068190927,0.0059467615,0.0029337734,0.0057409955,0.004226218,0.007220178,0.0075776847,0.006309077,0.0062350826,0.00970703,0.009657985,0.008524016,0.012310827,0.011947414,0.010755299,0.010062809,0.011180257,0.011761365,0.011243894,0.010805743,0.011249848,0.0114562195,0.012333758,0.0115877,0.011700014,0.011799498,0.012264768,0.012599316,0.010234414,0.009764282,0.009098941,0.0066907653,0.0047558444,0.0029199764,0.0030452355,0.0027473331,0.0034431033,0.0032669841,0.005715142,0.0046958635,0.0071215294,0.0066352175,0.004431805,0.0053285705,0.0042412714,0.005616908,0.0066729346,0.0068138638,0.0057412228,0.0067224414,0.0063697905,0.0069117183,0.007046277,0.0042967163,0.0042058425,0.0035515924,0.004332459,0.0034390457,0.0012575738,0.0022198446,0.0040105926,0.0021355085,-0.00048587992,-0.0008546963,-0.0014344737
17,1.1626073,1.1619976,1.1599834,1.1611621,1.1564236,1.1565403,1.1559863,1.1566296,1.1553283,1.1574843,1.1611158,1.1628873,1.165473,1.1611906,1.1636697,1.1658767,1.1680571,1.1733124,1.1749294,1.1786258,1.1817405,1.1844089,1.1898019,1.1926715,1.195035,1.1981531,1.2016408,1.2066967,1.2099123,1.2140076,1.2198632,1.2262261,1.2306645,1.2316754,1.2349972,1.2398648,1.2453,1.2498711,1.2513474,1.2560875,1.2604771,1.2620691,1.2653738,1.270854,1.2745972,1.2801347,1.284504,1.2902825,1.2950569,1.3010328,1.307183,1.3114927,1.3138196,1.3172357,1.3201456,1.3247228,1.3313196,1.3353214,1.3391912,1.3446411,1.3445314,1.3503957,1.3567946,1.3618577,1.361644,1.3675066,1.3713634,1.3759053,1.3789363,1.3844353,1.3868096,1.392937,1.3967264,1.4002618,1.4057578,1.412842,1.4169146,1.4210823,1.4245279,1.4256747,1.4311218,1.4348955,1.4385709,1.4431808,1.4477675,1.4519756,1.4547478,1.4601314,1.4667898,1.4727865,1.4757721,1.4806135,1.4845097,1.491081,1.4977518,1.5022051,1.5055531,1.50981,1.5144866,1.5181013,1.5223436,1.5277718,1.5350368,1.5419915,1.5470847,1.5510412,1.554381,1.560583,1.56547,1.5710261,1.5771558,1.5801219,1.5816436,1.5816672,1.5864372,1.5888026,1.5941236,1.5969372,1.59998,1.6057718
18,0.74167717,0.73810256,0.7364935,0.73584443,0.73036945,0.7279514,0.72805756,0.72449005,0.7277241,0.72868323,0.7326025,0.73164326,0.7320544,0.7288658,0.7297548,0.72930384,0.731547,0.73340625,0.73326755,0.7335576,0.7346315,0.73579353,0.73797184,0.73751986,0.7378005,0.7366215,0.7372152,0.7399188,0.7409641,0.739301,0.74271655,0.7472196,0.7505629,0.7503277,0.75273734,0.7550442,0.7579289,0.75984555,0.7622092,0.76494586,0.76831007,0.76884776,0.7711417,0.77399296,0.7769636,0.77900183,0.7814873,0.7839803,0.78770864,0.78925467,0.7923528,0.79271,0.79192066,0.7927117,0.7932045,0.79260856,0.7958746,0.79597217,0.79913604,0.8020422,0.8053495,0.8082465,0.81007755,0.81253546,0.8128766,0.8156675,0.8167683,0.81822747,0.82103884,0.8237634,0.8223468,0.8248161,0.8253853,0.82633054,0.8295611,0.8323086,0.8360425,0.8369376,0.8370676,0.8371498,0.8395956,0.8416392,0.84379596,0.8427116,0.8447381,0.8464066,0.8450041,0.8481253,0.85063475,0.8528215,0.8517256,0.8520385,0.85345775,0.8553383,0.8577665,0.86068535,0.8609955,0.8616455,0.86451894,0.86475784,0.86645764,0.869911,0.87192106,0.8755662,0.87738895,0.8787239,0.8797057,0.8837436,0.8836544,0.8853041,0.88750565,0.88991326,0.8895461,0.8875619,0.8870343,0.8882996,0.89073753,0.89376944,0.8973864,0.89999723
19,0.17751732,0.17027208,0.167564,0.16205302,0.16236097,0.15813482,0.15206335,0.14537357,0.13922562,0.13395913,0.12864034,0.12282177,0.11718547,0.11169217,0.107088484,0.10026357,0.095660016,0.089591056,0.08283242,0.08028174,0.07748978,0.07253815,0.06776096,0.062774315,0.054962963,0.050401747,0.046196446,0.04184589,0.038092393,0.032681264,0.028007528,0.022562336,0.017542562,0.011894602,0.008524539,0.004949837,0.0029522006,-0.0009710705,-0.005383122,-0.008265997,-0.010788711,-0.01495304,-0.019625109,-0.022472773,-0.02584967,-0.03021439,-0.030785734,-0.034142394,-0.03816217,-0.042964093,-0.045069225,-0.04945065,-0.050395943,-0.052142493,-0.055078246,-0.058928143,-0.060794245,-0.06463115,-0.068003275,-0.07002101,-0.07234107,-0.073174976,-0.07502516,-0.07699297,-0.080188155,-0.081249416,-0.084575996,-0.08778567,-0.08951453,-0.09161842,-0.09215729,-0.09361503,-0.09530102,-0.09551852,-0.09805145,-0.10009251,-0.10121049,-0.10210256,-0.102996275,-0.10151472,-0.104116224,-0.105297446,-0.1066124,-0.10659684,-0.107054844,-0.11049733,-0.11184834,-0.11392267,-0.118551955,-0.119193316,-0.11935719,-0.122225985,-0.124149345,-0.12320554,-0.1259881,-0.12899962,-0.12884234,-0.12911944,-0.13066581,-0.13046135,-0.13320434,-0.13543507,-0.13721949,-0.13988428,-0.14038846,-0.14186884,-0.14208592,-0.14449462,-0.14520645,-0.14544973,-0.1479074,-0.14618146,-0.14692836,-0.1478486,-0.15000963,-0.14904326,-0.14991699,-0.1508228,-0.14930019,-0.15118036
20,0.19531775,0.18634921,0.17852494,0.17241004,0.164675,0.1595113,0.15233512,0.14406379,0.13747409,0.13215673,0.12425041,0.11876911,0.11309121,0.10912658,0.10462026,0.097542435,0.089938596,0.08259068,0.0786678,0.07367329,0.068713546,0.063104235,0.058831185,0.053953297,0.051889084,0.048234764,0.044125892,0.041401364,0.039188217,0.037558824,0.03401672,0.030273851,0.026042182,0.021023463,0.017439106,0.013944601,0.011690263,0.010993667,0.00848925,0.0061976574,0.0019119795,-0.0005039178,-0.005340665,-0.008353089,-0.011253727,-0.0135041345,-0.015881335,-0.018309657,-0.023144254,-0.025813758,-0.026386386,-0.028610025,-0.030982625,-0.032689624,-0.036720663,-0.039106093,-0.03930846,-0.042653345,-0.043326683,-0.045390658,-0.046170115,-0.048146777,-0.050818462,-0.05224704,-0.053750176,-0.055455994,-0.059189726,-0.061661534,-0.06257581,-0.064305834,-0.06414725,-0.06523908,-0.06588091,-0.06786637,-0.07040382,-0.07224889,-0.073861904,-0.07303873,-0.074559845,-0.07562815,-0.07672121,-0.07897131,-0.084069386,-0.08461143,-0.08352798,-0.08598996,-0.08642525,-0.08879221,-0.0902336,-0.0904574,-0.091348365,-0.091176584,-0.09402194,-0.09606652,-0.0999885,-0.10350889,-0.10395159,-0.107134424,-0.110317394,-0.11105804,-0.11215359,-0.11248778,-0.11492815,-0.11592636,-0.11770469,-0.11863885,-0.11743103,-0.119661346,-0.120113276,-0.12132293,-0.12197648,-0.119822845,-0.12344322,-0.12544337,-0.12606272,-0.12861237,-0.12932542,-0.13218011,-0.13035175,-0.13206616
21,1.0024318,0.99165714,0.9820715,0.9732726,0.96406376,0.95478755,0.94988585,0.94186556,0.93493783,0.92939746,0.9202237,0.9132619,0.9088799,0.8999174,0.8964919,0.8906601,0.8839413,0.8781997,0.87198657,0.8671776,0.8658458,0.8636721,0.86024874,0.85311335,0.8475269,0.84550685,0.84045374,0.83653545,0.83277047,0.83058774,0.82797515,0.8241665,0.8214076,0.8190649,0.8199118,0.81887484,0.82015073,0.8152108,0.81223184,0.81174153,0.80928266,0.8079766,0.805925,0.80489147,0.8034791,0.80346316,0.8026536,0.8028101,0.8028008,0.8007188,0.8008276,0.80082834,0.7998764,0.79769623,0.79659605,0.7941188,0.79311657,0.7922089,0.7920291,0.7925259,0.7911798,0.79197687,0.79138494,0.7919146,0.79251313,0.79121006,0.78842705,0.787952,0.78639376,0.7874402,0.78683966,0.7870315,0.7882284,0.7896708,0.7896524,0.78912544,0.7896474,0.7905756,0.7926016,0.79048455,0.7906369,0.79078233,0.78983796,0.7883387,0.7905126,0.78800803,0.78584146,0.7856037,0.7837857,0.7853471,0.78705716,0.78897715,0.78847504,0.788483,0.7898316,0.78906083,0.79101753,0.79206884,0.79346883,0.79419523,0.79550683,0.795424,0.7963394,0.7977505,0.7987517,0.79926836,0.8004303,0.8035434,0.8056756,0.8059322,0.8070787,0.8093847,0.810095,0.8084079,0.80817395,0.8088509,0.812637,0.81365573,0.81604624,0.8180912
22,0.10407166,0.09461138,0.0890991,0.08303306,0.078090325,0.07285086,0.06498707,0.055720408,0.04974903,0.043686178,0.03727443,0.032162994,0.027386647,0.025414009,0.020738726,0.015251918,0.010371359,0.004157651,-0.0011429123,-0.0022428103,-0.0044450215,-0.009460877,-0.014942346,-0.019761272,-0.023757234,-0.026621286,-0.0328464,-0.0353901,-0.03611975,-0.03686914,-0.038573805,-0.041735724,-0.044796675,-0.04538652,-0.047959737,-0.048537698,-0.04958972,-0.05174452,-0.053934086,-0.055841822,-0.062390655,-0.06558408,-0.06845628,-0.07141113,-0.073687226,-0.073499344,-0.07487875,-0.07779966,-0.08107025,-0.08238523,-0.08267734,-0.08464293,-0.08583222,-0.08928828,-0.092227474,-0.0934851,-0.0936272,-0.09473974,-0.09522623,-0.09661587,-0.09779911,-0.10017769,-0.10322936,-0.1070405,-0.10794151,-0.108734116,-0.10945217,-0.11145844,-0.1130235,-0.11550424,-0.11686249,-0.11734271,-0.11599789,-0.11549683,-0.11492534,-0.116044894,-0.11551557,-0.116030574,-0.11750221,-0.11717751,-0.118258275,-0.119771436,-0.124237,-0.1257615,-0.12486239,-0.12553512,-0.12666377,-0.1272209,-0.12762773,-0.12919131,-0.12906143,-0.12927046,-0.1291021,-0.12995915,-0.13151559,-0.13139975,-0.13149016,-0.12963638,-0.12757626,-0.12898478,-0.12987873,-0.13031343,-0.13122377,-0.12938264,-0.1275961,-0.12634292,-0.1263838,-0.1266223,-0.12682302,-0.12696439,-0.12687036,-0.12567297,-0.124021575,-0.12313615,-0.12142767,-0.123852134,-0.12242271,-0.1223035,-0.12376656,-0.12238532
23,-0.24512723,-0.24998876,-0.25251663,-0.25287098,-0.2542806,-0.25824344,-0.26274693,-0.26738057,-0.26926786,-0.27424175,-0.27997667,-0.28633285,-0.29082376,-0.295291,-0.30020997,-0.3047591,-0.30719286,-0.31014076,-0.31330782,-0.31759217,-0.3207672,-0.3232711,-0.32839924,-0.33082253,-0.33507138,-0.33849648,-0.34156713,-0.3462188,-0.34906667,-0.35062382,-0.35439938,-0.3565713,-0.35851103,-0.3603895,-0.36422867,-0.36788744,-0.3699847,-0.37245554,-0.37544277,-0.37728906,-0.37804046,-0.38088897,-0.38346648,-0.38731417,-0.3900732,-0.3929791,-0.39347115,-0.39659306,-0.39876565,-0.3987857,-0.4018433,-0.40482992,-0.40495038,-0.40627652,-0.40896788,-0.41160947,-0.41198927,-0.41349977,-0.41348416,-0.41522154,-0.412735,-0.41371137,-0.4167255,-0.41905785,-0.41745958,-0.41911778,-0.4201994,-0.4244353,-0.42654818,-0.42604667,-0.42547655,-0.426641,-0.4271744,-0.4282404,-0.42720008,-0.42698622,-0.42741093,-0.42765984,-0.4296294,-0.42996678,-0.43136987,-0.4326387,-0.43366495,-0.433666,-0.4326605,-0.43653283,-0.4362389,-0.4384038,-0.440825,-0.4395395,-0.43970674,-0.441501,-0.44254342,-0.44238466,-0.44625813,-0.4481853,-0.44875035,-0.44985348,-0.44786954,-0.4487626,-0.452385,-0.45192948,-0.454094,-0.4553895,-0.45683813,-0.45911044,-0.4590401,-0.45871004,-0.4586025,-0.4593072,-0.45936775,-0.45959288,-0.46113068,-0.45869747,-0.46020713,-0.45767388,-0.4585641,-0.4575112,-0.45688573,-0.45645565
24,-0.6757309,-0.6801776,-0.68003446,-0.68126404,-0.6777221,-0.6807443,-0.68369156,-0.6912627,-0.69631827,-0.7032198,-0.7092319,-0.71352214,-0.7178577,-0.7185594,-0.7260852,-0.7303735,-0.7357813,-0.742866,-0.74918926,-0.7545483,-0.7607075,-0.7655114,-0.7729697,-0.7777706,-0.7835275,-0.7866111,-0.79373986,-0.7984815,-0.80249083,-0.80411947,-0.80947846,-0.8138167,-0.81879747,-0.82041895,-0.8249903,-0.8290701,-0.83447915,-0.83767414,-0.8400278,-0.8419838,-0.8448884,-0.84882337,-0.8545629,-0.8588436,-0.86260664,-0.8654156,-0.86992943,-0.87413913,-0.8781494,-0.88373935,-0.88901407,-0.892968,-0.8966692,-0.8990965,-0.9040748,-0.9087671,-0.91111517,-0.91354114,-0.9187233,-0.9228419,-0.9250728,-0.9276889,-0.9304077,-0.9333509,-0.93390477,-0.9380376,-0.94236404,-0.94325495,-0.9468316,-0.94888383,-0.95125943,-0.95373154,-0.9543723,-0.9570944,-0.95724374,-0.9591721,-0.9604537,-0.9611419,-0.9629835,-0.96434116,-0.96735686,-0.9684807,-0.96974486,-0.96763295,-0.9692839,-0.97182256,-0.9710275,-0.9739543,-0.9775524,-0.97962636,-0.9798004,-0.9804244,-0.98301756,-0.983729,-0.9859926,-0.9872505,-0.98572636,-0.9869156,-0.98648816,-0.99019814,-0.99033195,-0.9907581,-0.99561566,-0.99845135,-0.9985504,-1.001577,-1.0029055,-1.004501,-1.0065053,-1.0063366,-1.0069798,-1.0076203,-1.008487,-1.00772,-1.0116012,-1.0094535,-1.0117055,-1.0135709,-1.014069,-1.0153774
25,0.1469879,0.14914922,0.15044768,0.15761921,0.16106008,0.1611494,0.15966952,0.16002868,0.1617625,0.16333196,0.16213253,0.16114998,0.164488,0.1676363,0.17085055,0.1722807,0.17393613,0.17499287,0.1759783,0.17838576,0.18143366,0.1885157,0.19195001,0.19364144,0.19513632,0.19732526,0.20117998,0.20270066,0.20768356,0.20936354,0.21106783,0.21497297,0.2161988,0.21919581,0.22225979,0.22479486,0.22785418,0.22977822,0.23341462,0.2364996,0.24151114,0.245156,0.2487832,0.25108397,0.25483263,0.25899523,0.26140338,0.26563656,0.26897734,0.27307492,0.276424,0.2788894,0.2833655,0.28569052,0.28867027,0.2912558,0.29525518,0.29935747,0.3043697,0.3080917,0.31179947,0.3179045,0.32319987,0.32896465,0.33125272,0.33531472,0.33640358,0.3396662,0.34309697,0.34926564,0.35543805,0.36008987,0.36257082,0.36726138,0.3721504,0.37542853,0.38086385,0.38560957,0.3872863,0.392133,0.39689633,0.40036502,0.40537983,0.40899688,0.4138446,0.41598725,0.41887015,0.42465538,0.42691535,0.43115288,0.43509334,0.4390935,0.44182634,0.44779643,0.45049915,0.45201993,0.45758265,0.459413,0.4629005,0.4638029,0.4666285,0.46715337,0.47103772,0.47412124,0.4767275,0.4785058,0.48209032,0.48702067,0.49098945,0.49446702,0.4987885,0.5007194,0.5042731,0.5069283,0.51115537,0.5134623,0.51803863,0.52158624,0.5237628,0.52648956
26,1.0420153,1.0316223,1.0191548,1.0111691,0.99227744,0.9829151,0.9757034,0.96563625,0.95832473,0.9496821,0.9407886,0.930696,0.92324686,0.9084991,0.9006788,0.89079845,0.8843554,0.8747605,0.8664602,0.8544075,0.85003555,0.8432767,0.83747184,0.8345006,0.8259414,0.8205102,0.8141087,0.807844,0.80408156,0.7981626,0.79166174,0.78462017,0.7795974,0.7729205,0.7673048,0.7628039,0.75940573,0.7527761,0.7471651,0.74485797,0.7415537,0.7358866,0.7308558,0.7294208,0.7252792,0.72212255,0.7185121,0.71549195,0.71235913,0.70966214,0.70539314,0.7008066,0.6969959,0.693169,0.6913308,0.68871003,0.6867162,0.68346196,0.682289,0.6806808,0.6757277,0.6756093,0.6726445,0.67104614,0.66795784,0.66666,0.66151536,0.6567754,0.6558878,0.65473545,0.65575385,0.6536536,0.6506317,0.64936316,0.6481723,0.6481039,0.6473146,0.64751816,0.6463445,0.64628136,0.64373916,0.64189696,0.64174587,0.6384629,0.63855064,0.63560784,0.6307026,0.6285521,0.62940407,0.62920517,0.629147,0.62862974,0.62759113,0.62891144,0.6264758,0.6219462,0.622033,0.6213136,0.6210997,0.61813796,0.6160685,0.6156453,0.6154818,0.6156057,0.61417407,0.61285794,0.6129087,0.6143919,0.61444557,0.6146606,0.6146731,0.613687,0.61204827,0.61233354,0.6105881,0.6096152,0.6090833,0.6090564,0.6093244,0.6093794
27,-0.08557528,-0.09242944,-0.09937145,-0.10950252,-0.11309954,-0.11766783,-0.12586144,-0.13299325,-0.14099488,-0.14589746,-0.15207824,-0.15428987,-0.15649615,-0.16285479,-0.168494,-0.17613897,-0.18319486,-0.18788698,-0.19227391,-0.193946,-0.19732362,-0.20060802,-0.2041553,-0.2082752,-0.21185513,-0.21079668,-0.21383195,-0.21625383,-0.21757932,-0.22198506,-0.2279819,-0.2319464,-0.2366397,-0.24095711,-0.24483636,-0.24727519,-0.2502932,-0.2522925,-0.25634483,-0.25887522,-0.2604034,-0.26529986,-0.26910445,-0.2712284,-0.27336606,-0.2754932,-0.27819675,-0.2811377,-0.28453225,-0.2863475,-0.2891233,-0.29053786,-0.2912542,-0.2922213,-0.29451603,-0.2966116,-0.2982491,-0.30116057,-0.30329722,-0.30569184,-0.31015265,-0.31107864,-0.31198433,-0.31495908,-0.31897503,-0.32061544,-0.3240883,-0.32518694,-0.32793945,-0.33040205,-0.3302391,-0.3316266,-0.33426088,-0.33347687,-0.33367607,-0.3353935,-0.33715948,-0.33859637,-0.33962998,-0.34174472,-0.34591764,-0.34854114,-0.35233745,-0.35098556,-0.3518175,-0.35446805,-0.35542616,-0.3573025,-0.35832885,-0.3601397,-0.36125952,-0.36199462,-0.36515236,-0.3658209,-0.37042883,-0.3715098,-0.37371197,-0.37477952,-0.37509233,-0.37671074,-0.37649658,-0.37709105,-0.3799879,-0.38192362,-0.38296145,-0.38838553,-0.38751215,-0.39007536,-0.3922823,-0.39293316,-0.39193064,-0.39291131,-0.39340818,-0.39662296,-0.39711416,-0.39571568,-0.39759675,-0.39734203,-0.39647436,-0.3975677
28,0.49623567,0.4909447,0.48913795,0.49014992,0.4862191,0.4820001,0.48055473,0.48023757,0.4828631,0.48102856,0.48228973,0.48195773,0.4839081,0.4805184,0.48273674,0.48101038,0.4830121,0.4868126,0.48600206,0.48791847,0.48790273,0.4922102,0.49655843,0.498883,0.5010367,0.5026953,0.50434494,0.5070359,0.50706476,0.5095729,0.5136423,0.51634794,0.51866174,0.5234405,0.5281317,0.5315629,0.536205,0.54230976,0.5465875,0.55036914,0.55476856,0.55866927,0.56579036,0.572888,0.5804349,0.5835868,0.58882093,0.5956519,0.60174024,0.60542595,0.6107699,0.61513007,0.6212999,0.6259514,0.63196486,0.63802946,0.6440089,0.6482832,0.6526983,0.659322,0.66508657,0.672176,0.67880946,0.6855711,0.6932641,0.70021325,0.7056831,0.7109964,0.7158249,0.7236524,0.7309249,0.73753166,0.7409293,0.747379,0.7542196,0.76121885,0.767701,0.7757432,0.7810731,0.78618497,0.7909814,0.79794693,0.8040848,0.8044259,0.8105677,0.81567115,0.8171328,0.8256524,0.8329053,0.8383053,0.84550315,0.85376996,0.86005116,0.8676362,0.8726118,0.8789892,0.88604194,0.8930686,0.9010688,0.90691316,0.91173744,0.92199343,0.92972106,0.9380522,0.94469804,0.9488074,0.9560156,0.9651019,0.9741418,0.98139066,0.9867514,0.9939377,1.0018537,1.0080049,1.0125167,1.0212257,1.0310177,1.0377431,1.0443716,1.052139
29,-0.52001715,-0.5257102,-0.5285455,-0.5334603,-0.539819,-0.5447858,-0.5528601,-0.55580854,-0.5592552,-0.56197536,-0.5683317,-0.5714483,-0.5746967,-0.5712291,-0.5725912,-0.57690614,-0.5768596,-0.5806714,-0.58246166,-0.5826139,-0.584383,-0.5881055,-0.59212506,-0.5946153,-0.59959215,-0.6007066,-0.603437,-0.60512966,-0.6066815,-0.60965914,-0.611358,-0.61313957,-0.6169804,-0.6212833,-0.62103236,-0.62335646,-0.6234616,-0.6240406,-0.6275064,-0.6292734,-0.6291131,-0.628242,-0.6272939,-0.6293383,-0.63124627,-0.6310794,-0.63103473,-0.6321342,-0.6341095,-0.6358794,-0.6373192,-0.6378424,-0.639378,-0.6379719,-0.63577384,-0.6350483,-0.6364171,-0.63706857,-0.6386286,-0.640364,-0.64033014,-0.6386343,-0.63954955,-0.6398869,-0.638131,-0.64151525,-0.6418295,-0.6422592,-0.64089763,-0.6425432,-0.64267004,-0.64270055,-0.6405131,-0.6376066,-0.63619053,-0.635841,-0.6363397,-0.6341868,-0.63568366,-0.6362835,-0.63535607,-0.6352406,-0.63593006,-0.63638735,-0.6358932,-0.635476,-0.6332821,-0.6327969,-0.6339717,-0.63571393,-0.6362153,-0.6358936,-0.6358551,-0.63643503,-0.6344547,-0.63597,-0.63437605,-0.6363635,-0.63689184,-0.6359073,-0.6361287,-0.63564485,-0.6377147,-0.63782144,-0.6379281,-0.63905853,-0.6408034,-0.6400018,-0.64075726,-0.6427075,-0.64089394,-0.63811105,-0.634887,-0.6299392,-0.6290971,-0.627786,-0.6289484,-0.6291992,-0.62420285,-0.6228651
30,-1.4986135,-1.5091974,-1.5205231,-1.5331838,-1.5457785,-1.5615636,-1.5732037,-1.5918496,-1.6080267,-1.6306947,-1.6446743,-1.6603105,-1.6738694,-1.6859171,-1.6998789,-1.7138386,-1.7317588,-1.743211,-1.7538935,-1.7656717,-1.7840195,-1.79885,-1.8173997,-1.8298447,-1.8444674,-1.8606087,-1.8784583,-1.8910532,-1.8998791,-1.9125077,-1.928195,-1.9401842,-1.95176,-1.9603456,-1.9735187,-1.984086,-1.997695,-2.0077662,-2.0152698,-2.0257075,-2.0366988,-2.0485518,-2.0575888,-2.0737805,-2.086599,-2.0968528,-2.1056583,-2.1231968,-2.135398,-2.1476223,-2.1568677,-2.1666596,-2.1777892,-2.1876895,-2.2007203,-2.2100253,-2.2181635,-2.2283525,-2.241991,-2.2536178,-2.258449,-2.267256,-2.2806103,-2.2893412,-2.2941349,-2.3031638,-2.3142564,-2.325535,-2.3365483,-2.347111,-2.352903,-2.3609543,-2.3690162,-2.3780534,-2.385432,-2.3934143,-2.4011667,-2.4069195,-2.4158082,-2.4162033,-2.4257483,-2.4335265,-2.4408224,-2.4393315,-2.447314,-2.4580917,-2.4575818,-2.467574,-2.4736927,-2.4783566,-2.4842558,-2.4853244,-2.4925613,-2.5009344,-2.5068069,-2.5094635,-2.5099006,-2.5153706,-2.5175107,-2.5266156,-2.533383,-2.536479,-2.5454824,-2.551705,-2.5547576,-2.5567958,-2.5601118,-2.5676658,-2.5703893,-2.5734544,-2.5792797,-2.5816863,-2.583035,-2.581216,-2.5797985,-2.5791476,-2.5862994,-2.5896392,-2.5912693,-2.5967705
31,1.3380041,1.3128616,1.2914839,1.2686307,1.2339194,1.2117748,1.1832159,1.1587402,1.1345497,1.1102564,1.0840333,1.0586828,1.0339396,0.9995452,0.97757924,0.9525105,0.9278569,0.9092454,0.8883675,0.86656684,0.84501857,0.8209508,0.80113125,0.77746534,0.75611496,0.7350775,0.71511394,0.69846696,0.67983115,0.65874547,0.6418345,0.6247356,0.60580003,0.58775234,0.5694423,0.5531633,0.5379019,0.5224164,0.50659144,0.49112353,0.4753105,0.45578456,0.43570852,0.41733503,0.40253264,0.38780224,0.36998543,0.35400367,0.33681554,0.31897122,0.30583227,0.2884596,0.27263835,0.25616708,0.24126287,0.22468643,0.21114838,0.19929783,0.1856735,0.1729944,0.16070214,0.15075509,0.13594535,0.12513742,0.111016944,0.09927345,0.08478232,0.068064235,0.05432607,0.04156597,0.028308209,0.01377287,0.00013962985,-0.013588151,-0.023498377,-0.035071857,-0.047325253,-0.0582088,-0.07190655,-0.081989944,-0.0960179,-0.10785174,-0.118705854,-0.12948483,-0.14189127,-0.15786915,-0.17183392,-0.18609442,-0.19981347,-0.2083631,-0.21759026,-0.22614507,-0.2379972,-0.24932542,-0.2609673,-0.27162954,-0.28060216,-0.29132432,-0.2980143,-0.30937082,-0.32295316,-0.328381,-0.33869117,-0.34804738,-0.35640162,-0.36555853,-0.37431747,-0.38262865,-0.39313108,-0.4007202,-0.41324013,-0.42156535,-0.4316973,-0.43996534,-0.4466815,-0.4553739,-0.4638788,-0.47382087,-0.48337787,-0.49429622
32,0.2685168,0.2695224,0.27364993,0.27798533,0.28310686,0.28635937,0.29254657,0.29229933,0.29334098,0.29204118,0.29042178,0.28830475,0.28763342,0.28237835,0.28338128,0.27933076,0.27771357,0.2752474,0.27281064,0.269033,0.26598322,0.26557755,0.26293027,0.2599693,0.2557475,0.25074095,0.24945657,0.2470965,0.24391977,0.24186206,0.23772481,0.23415093,0.23288827,0.23132908,0.2267687,0.22310558,0.22062568,0.21510036,0.21156284,0.20726302,0.20468208,0.20271547,0.19709446,0.19453795,0.19205742,0.1886734,0.18578053,0.18315694,0.18197402,0.18145175,0.17860974,0.17629257,0.17618273,0.17559025,0.17265424,0.16884696,0.16858569,0.16831031,0.16714771,0.16480166,0.16045566,0.15899792,0.15622203,0.1540472,0.15230834,0.15020077,0.14824468,0.14462793,0.14329049,0.14396213,0.14554712,0.14515138,0.1458004,0.14477085,0.14593372,0.1456444,0.1453992,0.144132,0.14042856,0.1391338,0.13831928,0.13709465,0.13525996,0.1324385,0.13132097,0.13050523,0.12928751,0.1290551,0.12957561,0.12980548,0.1291609,0.12920558,0.12791613,0.12792072,0.12541427,0.12367414,0.124292955,0.12277893,0.12279768,0.12038292,0.12166717,0.12129898,0.120371774,0.11957449,0.11556645,0.11205995,0.11134727,0.11108418,0.110012546,0.10750935,0.1063383,0.10440689,0.105812624,0.10661714,0.105831124,0.10253461,0.10250703,0.10633631,0.105029166,0.10294107
33,-0.10762757,-0.10132511,-0.086759694,-0.078027464,-0.06473671,-0.055936404,-0.04569684,-0.038108848,-0.02891384,-0.020784881,-0.01255428,-0.007131929,-0.0034119352,0.00025419556,0.005714272,0.011142361,0.014483361,0.01666144,0.020472143,0.022426093,0.027024742,0.03442454,0.036505755,0.040989198,0.042943966,0.045208775,0.04775188,0.050235234,0.05444569,0.056621544,0.056886144,0.05808147,0.0616498,0.06573615,0.06819676,0.0714149,0.0759951,0.07769971,0.078182325,0.08104463,0.08414839,0.084406435,0.08823757,0.09252282,0.09559528,0.09679652,0.099262916,0.101277076,0.10601021,0.10985394,0.11231711,0.113915086,0.11840806,0.122176304,0.12436758,0.12591174,0.13078804,0.1347715,0.13687608,0.13917264,0.13954388,0.14278707,0.14420997,0.14698406,0.14904404,0.15057735,0.15180543,0.15439872,0.15621907,0.16035542,0.16524518,0.16717234,0.16938011,0.17316332,0.17631307,0.17904033,0.1840066,0.18605587,0.18644664,0.1905161,0.19282153,0.19567487,0.19739632,0.19876692,0.20015915,0.20197788,0.20425043,0.20702577,0.21106382,0.21429193,0.21749397,0.2211887,0.2236412,0.22707263,0.2293535,0.22777817,0.23115453,0.23267889,0.23486337,0.23547797,0.2402899,0.2438021,0.24580617,0.24660894,0.24706416,0.24500756,0.2462765,0.2503101,0.2520226,0.25465083,0.2584726,0.2599821,0.26037043,0.2619205,0.26366895,0.26242694,0.26353556,0.26795462,0.27052522,0.2697753
34,0.26146105,0.2647391,0.26667333,0.27160266,0.2745423,0.27714851,0.28189394,0.28534797,0.28517354,0.286274,0.29097703,0.29271966,0.29598153,0.29769865,0.30022392,0.3006573,0.3028176,0.30688432,0.30806464,0.3085007,0.30813217,0.31064326,0.31117088,0.30935383,0.3101927,0.30912063,0.3098459,0.30937508,0.30973762,0.31600308,0.31937438,0.32235566,0.32176238,0.323266,0.32469082,0.32640138,0.32915267,0.33108866,0.33245674,0.3357939,0.33837277,0.3402512,0.34051144,0.34413803,0.34611902,0.34964764,0.35282522,0.3548343,0.3601915,0.36381286,0.36788684,0.3709528,0.37321895,0.37637466,0.37881294,0.3820801,0.38465294,0.38778976,0.38750175,0.39062446,0.39222226,0.394396,0.39974797,0.40396985,0.4060371,0.4093381,0.411345,0.41562814,0.416646,0.42071232,0.42410874,0.42617336,0.42691478,0.42937675,0.4330805,0.43616647,0.43938693,0.43987948,0.44206867,0.4435773,0.44717902,0.4503304,0.45397788,0.45714647,0.46356001,0.46546358,0.4667551,0.4701972,0.47460032,0.47884178,0.4834388,0.4874019,0.4920888,0.49652162,0.4977848,0.5013691,0.5072312,0.5095898,0.5135293,0.5175706,0.52167,0.5270649,0.5302345,0.5348071,0.53839046,0.5425525,0.5444704,0.5492598,0.55579174,0.5598416,0.56412333,0.5692476,0.57570255,0.57946646,0.5839108,0.589095,0.5921326,0.5951756,0.597713,0.59960586
35,-0.15971111,-0.15611932,-0.14824776,-0.14059745,-0.1348801,-0.12933263,-0.1250808,-0.12102739,-0.115761735,-0.11089315,-0.10921755,-0.10908562,-0.10792408,-0.11166228,-0.10838227,-0.10921116,-0.10595697,-0.10579171,-0.10548625,-0.104343876,-0.10565455,-0.10716631,-0.10840372,-0.11061405,-0.11186206,-0.112609565,-0.11274059,-0.113486215,-0.115570284,-0.11461576,-0.117156625,-0.118771985,-0.11916854,-0.11956136,-0.12192682,-0.12384264,-0.12259165,-0.12440385,-0.12839109,-0.13084695,-0.12931453,-0.12870453,-0.13156529,-0.13173144,-0.13364229,-0.13377464,-0.13449278,-0.13603976,-0.13701122,-0.13575469,-0.13634148,-0.13787273,-0.13755953,-0.13849899,-0.13947827,-0.14152113,-0.14151797,-0.14332111,-0.14244315,-0.14233759,-0.14262632,-0.14233547,-0.14408402,-0.14478558,-0.14628114,-0.14926556,-0.15074019,-0.15219934,-0.15411444,-0.1529882,-0.15187684,-0.14994344,-0.15030149,-0.14923374,-0.15066393,-0.14886862,-0.14899728,-0.1507512,-0.15435287,-0.15386689,-0.15488005,-0.15729868,-0.1560749,-0.15399174,-0.15443172,-0.15567943,-0.15752614,-0.15928237,-0.15699005,-0.15647748,-0.15499656,-0.15737358,-0.1566513,-0.15703656,-0.15898672,-0.16018254,-0.15986255,-0.16124053,-0.16242312,-0.16366416,-0.16209856,-0.15842378,-0.15992829,-0.16062199,-0.16315638,-0.1644325,-0.16680208,-0.16716519,-0.16954261,-0.1694322,-0.17031567,-0.17028962,-0.1701737,-0.16799971,-0.16773535,-0.1705347,-0.17244212,-0.17268054,-0.17260674,-0.17480934
36,-0.28589913,-0.28007418,-0.2675871,-0.2596542,-0.25461367,-0.24713305,-0.2436974,-0.2355294,-0.2309874,-0.22754562,-0.22499962,-0.22254577,-0.21892646,-0.21701822,-0.21177569,-0.20947793,-0.20766947,-0.2060152,-0.20655017,-0.20611879,-0.20422177,-0.20185976,-0.20351806,-0.20453814,-0.20415986,-0.20138884,-0.20165066,-0.20118614,-0.20042458,-0.19858885,-0.20035982,-0.20358506,-0.20171395,-0.20097533,-0.19975343,-0.20077617,-0.19891706,-0.19677255,-0.19581033,-0.19224992,-0.18979496,-0.1890687,-0.18864395,-0.18683498,-0.18832266,-0.18659756,-0.18352723,-0.1825966,-0.18192308,-0.17970121,-0.17724974,-0.17684682,-0.1744816,-0.17106028,-0.16914275,-0.16831289,-0.16691527,-0.16533402,-0.16532621,-0.16463333,-0.1631614,-0.16066325,-0.16008209,-0.1584641,-0.15680467,-0.15519018,-0.15473704,-0.15280123,-0.15270239,-0.14925656,-0.14615287,-0.14563186,-0.14534232,-0.14140108,-0.13976154,-0.13815768,-0.13564369,-0.13340081,-0.13486782,-0.13225108,-0.12842551,-0.12734635,-0.12772791,-0.12954968,-0.12598495,-0.12556691,-0.12132456,-0.119320154,-0.11661135,-0.11389349,-0.111613095,-0.110199906,-0.10792991,-0.10632284,-0.10550716,-0.107050695,-0.10520767,-0.10503632,-0.10574468,-0.10362744,-0.10081345,-0.098791726,-0.09672682,-0.09489915,-0.09036981,-0.089882806,-0.08857182,-0.085266806,-0.083473064,-0.08231758,-0.07886231,-0.075954065,-0.071848884,-0.06926332,-0.067217276,-0.06934006,-0.066906884,-0.0639711,-0.062366415,-0.062421154
37,0.19718148,0.19768667,0.19774565,0.19901545,0.19724503,0.19674017,0.19840078,0.19743644,0.19971171,0.19972815,0.20090818,0.20083217,0.2052168,0.20536873,0.2073439,0.20683415,0.20820673,0.2081577,0.20901327,0.2085379,0.20747867,0.20895958,0.20895927,0.20903444,0.20754108,0.21146378,0.21344118,0.21717303,0.2163839,0.21726656,0.21525283,0.2144742,0.21398301,0.21269336,0.21069428,0.21005766,0.20998566,0.2124382,0.21039426,0.21027079,0.21095666,0.21213377,0.20786893,0.20986585,0.21125379,0.21103227,0.21186972,0.21202461,0.21405089,0.21674249,0.21783254,0.21929598,0.2197943,0.22232585,0.22265533,0.22289968,0.22473669,0.22549859,0.22614524,0.2258015,0.22723281,0.22944446,0.23017791,0.23082705,0.23278038,0.2331748,0.23319754,0.23489675,0.23654802,0.2380971,0.24056073,0.2403394,0.24063686,0.24202903,0.24174795,0.24294277,0.24651901,0.24850091,0.24599743,0.24490365,0.24657822,0.24637285,0.24881287,0.25118715,0.25250968,0.25169912,0.25386548,0.25759196,0.26223546,0.26274458,0.2651724,0.26479423,0.26729646,0.26885453,0.26807815,0.26569915,0.2674827,0.26531932,0.26582858,0.2672069,0.26761064,0.26913908,0.27050337,0.27332735,0.27328965,0.27377504,0.2718959,0.2751956,0.27561814,0.2737595,0.27624577,0.2751763,0.27857423,0.27955824,0.2834579,0.28568095,0.2880202,0.2903989,0.28883934,0.2899986
38,0.11792751,0.11193154,0.11079185,0.11189077,0.11306925,0.10990775,0.10678945,0.09928131,0.09653221,0.09404122,0.09241187,0.08630075,0.08442445,0.07884303,0.075529255,0.06987677,0.063568786,0.05901166,0.05112059,0.046170436,0.043639407,0.041918743,0.037383795,0.030403862,0.026066994,0.018148948,0.014620086,0.01186599,0.0079127615,0.0064944876,0.00053320325,-0.0036477768,-0.012579975,-0.017065886,-0.020218741,-0.026578248,-0.030655121,-0.032032575,-0.036800988,-0.040522017,-0.041947037,-0.04446835,-0.04744086,-0.049250852,-0.051588308,-0.05317331,-0.056741584,-0.060374968,-0.062199444,-0.06373741,-0.06545949,-0.070451275,-0.072915696,-0.074874945,-0.0771963,-0.0805774,-0.082185015,-0.08619346,-0.09094857,-0.09316842,-0.098491944,-0.10091509,-0.10173841,-0.103743516,-0.10926776,-0.11050533,-0.11513202,-0.11673103,-0.119167864,-0.120584965,-0.12097339,-0.1217113,-0.12556121,-0.124202356,-0.12713073,-0.1302871,-0.12978117,-0.13103795,-0.13234298,-0.1355383,-0.1342341,-0.13632083,-0.1403096,-0.14144225,-0.140766,-0.14373478,-0.14548185,-0.14528303,-0.14693469,-0.14867029,-0.14780119,-0.14936295,-0.14907439,-0.14992927,-0.1515336,-0.1531462,-0.1542331,-0.15587124,-0.1580762,-0.15947203,-0.159363,-0.15992132,-0.16098924,-0.16227876,-0.16154487,-0.16236831,-0.16520172,-0.16582942,-0.16798657,-0.16863543,-0.16743532,-0.16828714,-0.16757193,-0.16988353,-0.16948214,-0.17291924,-0.17416088,-0.17422614,-0.17594878,-0.17832786
39,-0.32887343,-0.32295227,-0.31608215,-0.3086483,-0.30087107,-0.29423124,-0.28752747,-0.2789207,-0.27308288,-0.26833558,-0.26300198,-0.26085615,-0.25880057,-0.25659674,-0.25360894,-0.25101987,-0.25115916,-0.24721703,-0.24498811,-0.24355423,-0.24153885,-0.23700699,-0.2365175,-0.23705721,-0.23534355,-0.23303202,-0.23209998,-0.23068373,-0.22892204,-0.22466473,-0.22588849,-0.22434136,-0.22296496,-0.2229937,-0.22087765,-0.22110221,-0.21998394,-0.21919155,-0.22096446,-0.21994686,-0.21712303,-0.21540105,-0.21619928,-0.21610577,-0.21610732,-0.21684578,-0.21530156,-0.21524358,-0.21486261,-0.21178508,-0.20946383,-0.20702012,-0.20484033,-0.20250487,-0.20056109,-0.19960652,-0.19841607,-0.1961892,-0.19601023,-0.1946207,-0.19401464,-0.19164243,-0.1897546,-0.18886845,-0.18728058,-0.18585552,-0.1863691,-0.18630439,-0.18552016,-0.18324623,-0.17937465,-0.17709763,-0.17358944,-0.17204198,-0.17091772,-0.17047241,-0.16856529,-0.16641709,-0.16771634,-0.16736159,-0.16587919,-0.16414006,-0.16215453,-0.15693912,-0.15726295,-0.15866917,-0.15532063,-0.15470394,-0.15203702,-0.14894366,-0.14861163,-0.14671391,-0.14523076,-0.14422563,-0.14372888,-0.14410326,-0.14216694,-0.14283982,-0.14291385,-0.14215222,-0.13891333,-0.13641286,-0.13506445,-0.1326452,-0.13108747,-0.12981804,-0.12703373,-0.12378522,-0.123824045,-0.12386503,-0.120371595,-0.11740031,-0.1146999,-0.11018695,-0.1069443,-0.10542963,-0.10365675,-0.1036907,-0.10117428,-0.1000569
40,1.1770504,1.1552379,1.1306862,1.1109316,1.0812402,1.0544232,1.0277554,0.99286544,0.966117,0.9373841,0.90949595,0.8786645,0.85412055,0.8240236,0.79886776,0.77186674,0.7410706,0.71389097,0.6881049,0.66025794,0.6356153,0.6082031,0.58558035,0.5618335,0.53624487,0.5101884,0.4869473,0.46406874,0.4375449,0.41460958,0.3913408,0.3697955,0.34857413,0.32606134,0.30544394,0.28456932,0.26388535,0.241116,0.21751702,0.19915912,0.1779498,0.15704611,0.13706332,0.11353314,0.09281355,0.070723504,0.050530076,0.029757544,0.010289914,-0.008780785,-0.028162967,-0.04764742,-0.067361474,-0.0867665,-0.10773438,-0.12940021,-0.14493993,-0.16517761,-0.18733886,-0.20678201,-0.22589913,-0.2471673,-0.26431006,-0.28108576,-0.3005522,-0.320427,-0.3392274,-0.3587542,-0.3767991,-0.39182025,-0.40936828,-0.42635322,-0.44353962,-0.46104282,-0.4750681,-0.4921103,-0.5068309,-0.52267396,-0.5404539,-0.55698454,-0.57176113,-0.5892297,-0.6046912,-0.6221256,-0.6371927,-0.6548591,-0.6690811,-0.6835203,-0.7012548,-0.71604127,-0.73034513,-0.74208564,-0.7571783,-0.7709751,-0.7876564,-0.8039945,-0.81953514,-0.8360568,-0.85301864,-0.8680474,-0.88317156,-0.89728147,-0.91348124,-0.92856646,-0.9425023,-0.95660543,-0.97039187,-0.9852549,-0.99702626,-1.0114244,-1.0245667,-1.0376947,-1.0529892,-1.0652378,-1.0777094,-1.0950937,-1.1092007,-1.1247865,-1.1350739,-1.1490216
41,-0.82451546,-0.819347,-0.8124692,-0.80958855,-0.8059956,-0.8034601,-0.8044281,-0.79991233,-0.8008949,-0.8027943,-0.8040468,-0.8102667,-0.81802005,-0.8167084,-0.82257146,-0.82682896,-0.8313383,-0.8390943,-0.84107417,-0.84335864,-0.8511279,-0.8543029,-0.86071837,-0.8665687,-0.87316716,-0.8781823,-0.88389254,-0.8892886,-0.89445555,-0.89612657,-0.90334594,-0.9078643,-0.9111746,-0.9192238,-0.9258849,-0.9309951,-0.93607587,-0.9425473,-0.94493353,-0.95034486,-0.9542845,-0.96282446,-0.97020197,-0.9776548,-0.9841617,-0.9904178,-0.99507654,-1.0033319,-1.0116036,-1.0182788,-1.0260266,-1.0353558,-1.0423996,-1.049481,-1.0552717,-1.061722,-1.06905,-1.0758939,-1.0780638,-1.0854349,-1.0897927,-1.0967243,-1.104706,-1.1131876,-1.1162599,-1.1212122,-1.1273164,-1.1331085,-1.1407607,-1.1480447,-1.1522331,-1.1595796,-1.1656554,-1.1738971,-1.1768228,-1.185166,-1.1942118,-1.2007557,-1.2052948,-1.2095038,-1.2151444,-1.2217362,-1.2292471,-1.2331463,-1.2376031,-1.245633,-1.2526457,-1.2606369,-1.2654938,-1.2708049,-1.2779684,-1.2841103,-1.2912194,-1.299249,-1.3097837,-1.315841,-1.3252373,-1.3343637,-1.3408182,-1.3466067,-1.3516215,-1.3573108,-1.3685293,-1.376203,-1.3810098,-1.3860571,-1.3943589,-1.4011081,-1.4096954,-1.4148235,-1.4216244,-1.4293464,-1.4382261,-1.4448454,-1.4528471,-1.4577076,-1.4670662,-1.469587,-1.4753205,-1.4840496
42,-0.2971108,-0.29615766,-0.2953982,-0.29342934,-0.29386482,-0.2970795,-0.30424204,-0.30510622,-0.3091827,-0.31296998,-0.31481576,-0.31934375,-0.32279855,-0.32501712,-0.32840648,-0.33111134,-0.33486816,-0.33665544,-0.34121984,-0.34682894,-0.3508769,-0.3546885,-0.36060998,-0.3657494,-0.37265405,-0.3742463,-0.37940285,-0.38252154,-0.38544384,-0.3880486,-0.39317638,-0.3969882,-0.40053788,-0.40439758,-0.4068173,-0.41097838,-0.41333944,-0.41648135,-0.4199155,-0.42019278,-0.4207565,-0.42318565,-0.4246058,-0.42819858,-0.43195945,-0.43439966,-0.43524852,-0.43770725,-0.43714887,-0.4409667,-0.44325966,-0.4436094,-0.44572386,-0.44830623,-0.45016122,-0.45275432,-0.4518414,-0.45322943,-0.45547977,-0.45785826,-0.4608434,-0.46218246,-0.46426764,-0.46781898,-0.46776685,-0.47063908,-0.4726097,-0.47572303,-0.4795319,-0.47965565,-0.479966,-0.48046905,-0.48112994,-0.48070326,-0.4799045,-0.48208347,-0.4826967,-0.4825879,-0.48146313,-0.47715202,-0.4758647,-0.47656435,-0.4782184,-0.47765356,-0.47801223,-0.48130116,-0.47767252,-0.47745958,-0.4781072,-0.47792205,-0.47660857,-0.47475633,-0.47397894,-0.4732709,-0.47634983,-0.47639212,-0.47691712,-0.4777116,-0.475429,-0.47812158,-0.47586903,-0.47744265,-0.47875372,-0.47934192,-0.4794155,-0.48083854,-0.48383766,-0.48562923,-0.48429665,-0.48705912,-0.48788953,-0.48692197,-0.4859484,-0.48680097,-0.48511332,-0.4840114,-0.48543248,-0.48405057,-0.4806655,-0.4794135
43,-1.4908592,-1.4854705,-1.4729408,-1.4639399,-1.4559208,-1.4521215,-1.4460754,-1.4397299,-1.434344,-1.4335725,-1.4282792,-1.4263221,-1.4237971,-1.4213647,-1.417963,-1.4173791,-1.4198349,-1.4172784,-1.4191562,-1.4185563,-1.4184859,-1.4197911,-1.4225539,-1.4204295,-1.4208784,-1.419769,-1.4208729,-1.4224741,-1.4212916,-1.4178715,-1.418938,-1.4197648,-1.4188505,-1.4177214,-1.4163687,-1.4167296,-1.4178201,-1.4161656,-1.4162343,-1.4138153,-1.412908,-1.4118096,-1.4113736,-1.4116554,-1.4127338,-1.4110401,-1.4113379,-1.4135269,-1.4149765,-1.4154613,-1.4140688,-1.4128835,-1.4110514,-1.4102324,-1.4105208,-1.4111594,-1.409231,-1.40974,-1.4091465,-1.410088,-1.4087527,-1.4071797,-1.4088808,-1.4081535,-1.4060566,-1.4060705,-1.4067813,-1.4064643,-1.4071795,-1.4062452,-1.4020984,-1.4020207,-1.399976,-1.3982179,-1.3960549,-1.3961868,-1.3951689,-1.3936378,-1.3920155,-1.3888263,-1.3873444,-1.3873758,-1.3894862,-1.3858578,-1.3846601,-1.3848493,-1.3790141,-1.3788955,-1.377362,-1.3762195,-1.3750514,-1.3730824,-1.3718989,-1.3706838,-1.3740324,-1.3717406,-1.3686928,-1.3709303,-1.367638,-1.3664793,-1.3645055,-1.3629621,-1.3653833,-1.364709,-1.3635012,-1.3614916,-1.3581985,-1.3574456,-1.3555682,-1.3543639,-1.3539531,-1.3522632,-1.350353,-1.3494023,-1.3468835,-1.3431003,-1.3423961,-1.3416623,-1.3355913,-1.3352498
44,0.4868614,0.47794986,0.46972173,0.46332008,0.45983225,0.45311698,0.44772506,0.43852177,0.43322748,0.4269577,0.41999936,0.41306686,0.4089457,0.40012175,0.39611444,0.3867223,0.378739,0.375235,0.3680907,0.36495966,0.36025733,0.35522407,0.34953406,0.34495324,0.34065574,0.33363417,0.3290696,0.3226031,0.31820828,0.3170306,0.31125236,0.3066185,0.30176908,0.29762095,0.29451093,0.29120407,0.2873512,0.28451854,0.27877873,0.27656165,0.2721803,0.26988137,0.26384693,0.26035985,0.25500086,0.2541719,0.25046757,0.24764487,0.2448726,0.24035938,0.23956735,0.23550837,0.23467752,0.23188698,0.2304893,0.22690351,0.22474666,0.2224782,0.22196321,0.22071183,0.2191076,0.21691012,0.21454792,0.21310957,0.21046722,0.20923968,0.20798245,0.2030685,0.20095615,0.19910721,0.19930771,0.19816013,0.19729403,0.19521844,0.19518696,0.19306943,0.19210617,0.19117275,0.19011912,0.19006786,0.19007792,0.18737249,0.18553692,0.18349761,0.18338054,0.18010557,0.17730203,0.17621571,0.17556633,0.17782922,0.17878059,0.17650114,0.1773701,0.17706671,0.1789169,0.17798528,0.1791068,0.18037236,0.18289666,0.18382639,0.1826117,0.18205898,0.18175489,0.18332848,0.18394211,0.18284295,0.18225741,0.18308982,0.18250552,0.18095759,0.18082337,0.18335323,0.18697946,0.1872262,0.18786068,0.18639764,0.18735015,0.18773961,0.1881895,0.19048324
45,-1.5070136,-1.5071925,-1.5037377,-1.5011667,-1.4932759,-1.4924017,-1.4925697,-1.488884,-1.4879663,-1.4898211,-1.4907978,-1.4904797,-1.4928266,-1.4927099,-1.4923611,-1.4930094,-1.4913541,-1.4879752,-1.4884673,-1.4894304,-1.4908531,-1.4903249,-1.4944693,-1.4966062,-1.4992739,-1.5004458,-1.503849,-1.5061458,-1.5057366,-1.5048158,-1.5053735,-1.5086081,-1.5082608,-1.5094342,-1.5119679,-1.5135566,-1.5160447,-1.5154834,-1.5140806,-1.5124353,-1.5134828,-1.5133096,-1.5127684,-1.5131699,-1.5160553,-1.5164496,-1.5162013,-1.5193062,-1.5201449,-1.5219624,-1.5218512,-1.5227022,-1.5237714,-1.5247577,-1.5250094,-1.5245177,-1.5261717,-1.5272843,-1.5257127,-1.5265307,-1.5252446,-1.5262225,-1.5262573,-1.5258696,-1.5243044,-1.5241649,-1.5254443,-1.526505,-1.5269358,-1.525927,-1.5230143,-1.5229079,-1.5209435,-1.5181243,-1.5149822,-1.513727,-1.5126275,-1.511174,-1.5106285,-1.5080986,-1.5087637,-1.5103164,-1.5114961,-1.5058401,-1.5049102,-1.50522,-1.5053298,-1.5067402,-1.5055978,-1.5049927,-1.5026017,-1.5011574,-1.499615,-1.4977231,-1.4953463,-1.4954963,-1.4946334,-1.4929721,-1.490524,-1.488744,-1.4856771,-1.4831605,-1.4855759,-1.485852,-1.4827969,-1.4830198,-1.4779764,-1.476753,-1.4779167,-1.4761946,-1.4743768,-1.4720395,-1.4678595,-1.4666867,-1.4646084,-1.4600992,-1.4590044,-1.4568243,-1.4546194,-1.4523507
46,0.25008625,0.24601737,0.24370146,0.23820865,0.23103347,0.22682223,0.2203168,0.2179456,0.21417455,0.21096262,0.20494261,0.19680774,0.18972495,0.19122691,0.18850115,0.18473391,0.17898352,0.17255858,0.16775627,0.16006163,0.15701613,0.15222733,0.14655198,0.14222686,0.13596988,0.13242148,0.12826754,0.12177849,0.11932967,0.11301639,0.10783967,0.10480054,0.100156285,0.096011795,0.0934271,0.08896278,0.08605187,0.08259559,0.0796676,0.078103535,0.07672899,0.07270651,0.07256155,0.068885796,0.06559433,0.062209606,0.0594248,0.055564534,0.051912468,0.04743653,0.045046188,0.04283392,0.037816476,0.035409488,0.030845996,0.026855368,0.02427854,0.019897984,0.01603226,0.014991531,0.013021457,0.011269601,0.010396607,0.009778025,0.005622004,0.0040794644,5.9457125e-05,-0.0055689598,-0.009203673,-0.010936978,-0.010360276,-0.0106351245,-0.011320922,-0.014639261,-0.01380665,-0.017804945,-0.019949043,-0.020457014,-0.023572272,-0.025115574,-0.025716672,-0.02762627,-0.032380547,-0.03475017,-0.037764106,-0.040247094,-0.04301949,-0.044112843,-0.049002536,-0.049666516,-0.0530486,-0.05424319,-0.05484324,-0.0560083,-0.059903014,-0.061985623,-0.0666446,-0.06662061,-0.06735878,-0.069619015,-0.0723651,-0.07379888,-0.07671766,-0.07866985,-0.07886932,-0.08126587,-0.08345123,-0.08667764,-0.0891513,-0.09095012,-0.09140376,-0.091057025,-0.09061137,-0.090451,-0.09053724,-0.09258516,-0.09405346,-0.09493511,-0.09536145,-0.096306935
47,0.112176314,0.11172625,0.108073436,0.108342744,0.10101707,0.09521754,0.08963609,0.08316348,0.07744595,0.072671905,0.06729875,0.061446894,0.056531716,0.05387947,0.049817998,0.044387154,0.037639767,0.034290876,0.027993614,0.02240079,0.016941786,0.012217326,0.006890954,0.005611099,0.0019788127,-0.0025447826,-0.0052202838,-0.007553118,-0.010516509,-0.015234222,-0.019531826,-0.021396842,-0.025749788,-0.02900734,-0.031748157,-0.034356195,-0.03774797,-0.04222513,-0.046490062,-0.051154487,-0.053035934,-0.057640035,-0.058719724,-0.06335172,-0.06690405,-0.0722854,-0.07579469,-0.08005045,-0.08383099,-0.08572142,-0.08838663,-0.09428973,-0.098183736,-0.10051755,-0.104176,-0.10819833,-0.11082939,-0.11233115,-0.11361917,-0.116780564,-0.1198263,-0.11940231,-0.123446465,-0.12505165,-0.12956917,-0.13434273,-0.13765657,-0.14134455,-0.14591558,-0.14737406,-0.14818858,-0.15009072,-0.15359458,-0.15457016,-0.15687773,-0.16036873,-0.16396824,-0.16687599,-0.16941322,-0.17139433,-0.1743191,-0.17653534,-0.17936002,-0.1826457,-0.18558575,-0.19076005,-0.18804763,-0.1892921,-0.19177397,-0.19227938,-0.19187,-0.19323355,-0.19631866,-0.19818237,-0.20281231,-0.20391867,-0.20591393,-0.20896903,-0.21020421,-0.21420117,-0.2186707,-0.2198021,-0.22291806,-0.22455898,-0.22574858,-0.23044889,-0.23387961,-0.2359019,-0.23785892,-0.23799412,-0.24117513,-0.24482171,-0.24945812,-0.24996404,-0.24989767,-0.25355548,-0.2549862,-0.25412506,-0.25256076,-0.25591534
48,-0.29139158,-0.2920578,-0.29360348,-0.29713684,-0.2950948,-0.3004188,-0.3039903,-0.30467683,-0.30928496,-0.31201774,-0.31451556,-0.32096207,-0.32213584,-0.32578638,-0.32938308,-0.33244124,-0.33684558,-0.34258956,-0.34585515,-0.34895173,-0.35240254,-0.35524794,-0.36006844,-0.36327645,-0.36511597,-0.3684083,-0.37224486,-0.37611526,-0.3799108,-0.37996995,-0.383643,-0.38485807,-0.3856631,-0.3897411,-0.3919129,-0.39448693,-0.39562264,-0.39666313,-0.39677155,-0.399066,-0.3988385,-0.4010036,-0.4019877,-0.40440768,-0.40431333,-0.40722236,-0.40887016,-0.41323638,-0.4160091,-0.41854826,-0.41988635,-0.4225882,-0.42493147,-0.42571682,-0.42595214,-0.42776984,-0.4284625,-0.43106133,-0.43638706,-0.43867135,-0.43809333,-0.43818927,-0.43923384,-0.44124657,-0.44254726,-0.4448943,-0.44655198,-0.44564718,-0.44809484,-0.44885126,-0.44863564,-0.45022136,-0.45050874,-0.4502004,-0.44990277,-0.4511765,-0.452502,-0.45133752,-0.45140034,-0.44996232,-0.45217484,-0.45304495,-0.4545389,-0.45624167,-0.457098,-0.45877248,-0.45825544,-0.46126992,-0.4606542,-0.46060887,-0.46134225,-0.46071744,-0.4625042,-0.4610526,-0.46392554,-0.4620505,-0.4594221,-0.46025124,-0.46064672,-0.45911446,-0.45888954,-0.4587419,-0.46074358,-0.46183014,-0.46303362,-0.46571046,-0.46534783,-0.4673007,-0.46725577,-0.46694654,-0.4666718,-0.4663813,-0.46721283,-0.4662714,-0.46793383,-0.46637926,-0.4665656,-0.4652567,-0.4632538,-0.4639306
49,0.8052653,0.80082524,0.7987519,0.7998147,0.79508084,0.7910899,0.7843465,0.77795064,0.7701417,0.76361054,0.7582558,0.7536209,0.74656475,0.74027026,0.73427206,0.7287623,0.72305024,0.7176002,0.71349996,0.71085334,0.7052914,0.69643027,0.6915296,0.6876715,0.6818335,0.6780704,0.67461455,0.67121047,0.66914177,0.66426176,0.66015995,0.65526736,0.6529272,0.64700395,0.6406013,0.63908243,0.6367678,0.63196385,0.62715584,0.62260556,0.6212312,0.6175068,0.61304724,0.6078796,0.6044105,0.6021132,0.5968627,0.5930978,0.58849984,0.58542013,0.58097935,0.5789975,0.5754786,0.5709031,0.56745875,0.5647766,0.5633017,0.5599574,0.55375093,0.55067134,0.5439912,0.54351866,0.5390019,0.53629065,0.5332927,0.52932256,0.52568775,0.51892436,0.51632935,0.51355964,0.5101975,0.5075549,0.50400627,0.50172055,0.49956113,0.4971291,0.4949901,0.49347845,0.48652777,0.4836026,0.4806996,0.47753987,0.47568458,0.47507745,0.47275853,0.46915227,0.46287233,0.4597488,0.45407477,0.45079923,0.4467109,0.44408208,0.44215077,0.43894583,0.4361773,0.4308408,0.42685145,0.42576128,0.4244059,0.42057055,0.41824836,0.41491422,0.41009712,0.40671253,0.40681657,0.40197974,0.3980969,0.39451736,0.38773078,0.3836468,0.37803787,0.37405702,0.3722059,0.3677081,0.36446148,0.36126432,0.35781783,0.355561,0.3523672,0.35194218
50,-0.16153897,-0.1670744,-0.17039168,-0.176173,-0.17729333,-0.18166292,-0.1905758,-0.19682188,-0.20356509,-0.2118665,-0.21987736,-0.22519943,-0.23093653,-0.23645785,-0.24385412,-0.25067422,-0.2568562,-0.2609293,-0.26551303,-0.2695895,-0.2736974,-0.27889356,-0.28522274,-0.2889191,-0.298961,-0.3054765,-0.3120541,-0.31948975,-0.3247292,-0.32970354,-0.33522078,-0.34320495,-0.34712586,-0.35120305,-0.35503393,-0.35965317,-0.36238313,-0.36590356,-0.36966795,-0.37418088,-0.3779052,-0.38252965,-0.3862103,-0.39143708,-0.3962764,-0.4009346,-0.4033169,-0.40847558,-0.4141143,-0.41730374,-0.42281875,-0.4256249,-0.4299481,-0.43445426,-0.43931293,-0.4430627,-0.44719392,-0.45352882,-0.45747623,-0.46042147,-0.46249992,-0.4640387,-0.46855134,-0.4711953,-0.4732389,-0.47594196,-0.48040622,-0.48310894,-0.4843718,-0.48580766,-0.48802996,-0.49048528,-0.4962853,-0.49927035,-0.5003538,-0.50534904,-0.5084172,-0.50862104,-0.5128859,-0.5145216,-0.51817775,-0.5205067,-0.524652,-0.52401316,-0.52578956,-0.53156656,-0.53176326,-0.53587615,-0.53952247,-0.5418194,-0.543013,-0.5457562,-0.5511252,-0.5551626,-0.55723286,-0.559887,-0.56201136,-0.5630066,-0.56768787,-0.5708687,-0.5728136,-0.5727781,-0.5779165,-0.5821816,-0.5847233,-0.5891046,-0.5899984,-0.5941416,-0.59866923,-0.6011045,-0.6067494,-0.6105726,-0.6129298,-0.61333865,-0.61748797,-0.622178,-0.62488854,-0.6246866,-0.62535894,-0.6294528
51,-0.7236322,-0.71852446,-0.7127737,-0.7053519,-0.6995641,-0.69471085,-0.6926517,-0.68706083,-0.6815548,-0.6773938,-0.66889966,-0.6661807,-0.6615723,-0.6551787,-0.65090144,-0.646005,-0.64235514,-0.6366161,-0.6321244,-0.6277329,-0.62362105,-0.62028104,-0.6170373,-0.61076266,-0.6085175,-0.60460186,-0.6019684,-0.59947044,-0.5916135,-0.58659375,-0.5825791,-0.57738405,-0.5702038,-0.56527305,-0.56155854,-0.556705,-0.5505723,-0.5471972,-0.5457598,-0.54028785,-0.53460866,-0.52881396,-0.5234739,-0.5196899,-0.51394856,-0.5087111,-0.5034354,-0.500371,-0.49596944,-0.49172097,-0.48613483,-0.48303503,-0.47856298,-0.47357005,-0.4723335,-0.46947813,-0.46453524,-0.46041074,-0.45386666,-0.4496333,-0.4451643,-0.43974423,-0.4336852,-0.4300948,-0.4265039,-0.41992006,-0.4178396,-0.41317344,-0.40919542,-0.404411,-0.3974108,-0.39295632,-0.39004183,-0.38502562,-0.3786732,-0.37506378,-0.37010995,-0.3658084,-0.36326623,-0.36087295,-0.35729182,-0.35513055,-0.35059965,-0.3446754,-0.3424689,-0.33859557,-0.3343722,-0.33094543,-0.32746398,-0.32233354,-0.31642285,-0.31217855,-0.30790657,-0.30277476,-0.3008509,-0.29587615,-0.28921384,-0.2822496,-0.27701694,-0.27505004,-0.27142113,-0.265047,-0.26286083,-0.25933403,-0.2518956,-0.24799785,-0.24534623,-0.24217951,-0.23926875,-0.2365712,-0.23180358,-0.22542855,-0.22188525,-0.21586819,-0.21409126,-0.20949312,-0.20683408,-0.20204286,-0.19915846,-0.19555779
52,0.044460244,0.04865944,0.050094128,0.057465017,0.06024868,0.06178717,0.06778131,0.067252584,0.07153978,0.07307011,0.07644909,0.08001121,0.08730996,0.08719232,0.0932014,0.09593094,0.101355515,0.10366039,0.10800264,0.11356553,0.11955692,0.12707885,0.1327829,0.14221242,0.14803758,0.15186569,0.1592041,0.1649479,0.17181356,0.17618284,0.18203747,0.18485422,0.18899253,0.19765872,0.2004116,0.20560884,0.21248719,0.2162954,0.2245287,0.22825392,0.2362191,0.24218388,0.24574444,0.25016326,0.25542584,0.26193398,0.26689306,0.27173835,0.27672845,0.2809576,0.28607625,0.29253763,0.29876903,0.30173445,0.30642775,0.31259492,0.31910586,0.32489663,0.33003157,0.33586007,0.34006497,0.3443765,0.348005,0.35055572,0.35441926,0.35972628,0.36535686,0.36789653,0.3755056,0.38056502,0.3858955,0.39044163,0.39497176,0.4012855,0.40614218,0.41023746,0.4139451,0.4153331,0.4206741,0.42864728,0.4316585,0.43571043,0.44369864,0.44638664,0.44975385,0.45477533,0.46056718,0.46545506,0.46928483,0.47350112,0.48048073,0.48378697,0.48806697,0.49342936,0.49443203,0.49724278,0.50145066,0.5047421,0.50887054,0.5122018,0.51438725,0.5193614,0.5230862,0.52890605,0.53200024,0.5355447,0.54038215,0.54639244,0.5487482,0.5524478,0.5568088,0.5552834,0.55918264,0.56042206,0.56183326,0.56416905,0.5672436,0.5714074,0.5757351,0.5800743
53,-0.95029384,-0.95105076,-0.9527712,-0.9531261,-0.9515651,-0.95450085,-0.95859706,-0.9620267,-0.9679454,-0.9764574,-0.9815809,-0.9881514,-0.99500024,-0.9956729,-1.0009158,-1.0075195,-1.0146554,-1.0144981,-1.0208118,-1.0250596,-1.0329239,-1.035621,-1.0443205,-1.048529,-1.0575132,-1.0655231,-1.0735937,-1.0833628,-1.0892265,-1.09353,-1.1010659,-1.1077452,-1.1131458,-1.1199791,-1.1250713,-1.1311806,-1.1385697,-1.1429536,-1.1478072,-1.1520214,-1.1559536,-1.163471,-1.1681207,-1.1738613,-1.1800549,-1.1847156,-1.1870086,-1.194734,-1.2007157,-1.2076856,-1.2107728,-1.2169838,-1.2205498,-1.2279191,-1.2336653,-1.2403361,-1.2466004,-1.2528814,-1.2581148,-1.2641375,-1.2655431,-1.2718302,-1.2773818,-1.2827874,-1.2866651,-1.2907951,-1.2974927,-1.3011799,-1.3078924,-1.3132662,-1.3155365,-1.3189963,-1.324768,-1.3275673,-1.3295456,-1.333652,-1.3366159,-1.3411874,-1.3465197,-1.3507005,-1.3551395,-1.3596351,-1.3656247,-1.3693885,-1.3745301,-1.3813131,-1.3818101,-1.38584,-1.3891175,-1.3945603,-1.4012024,-1.4032183,-1.4085288,-1.4129257,-1.4166424,-1.4188917,-1.4206748,-1.4284928,-1.4332957,-1.4401824,-1.4463208,-1.4486101,-1.4561427,-1.4625102,-1.467612,-1.4699658,-1.4740416,-1.4801672,-1.483841,-1.4868646,-1.4925973,-1.4980493,-1.5006444,-1.5020838,-1.5081313,-1.5100857,-1.5138171,-1.5206094,-1.5224491,-1.5279245
54,-0.2950569,-0.2949358,-0.2933807,-0.29163474,-0.2935557,-0.29268944,-0.29389206,-0.29558933,-0.2971515,-0.3019729,-0.3056518,-0.30738014,-0.3066444,-0.31074825,-0.31250584,-0.31753474,-0.3210619,-0.32225344,-0.32232085,-0.32331166,-0.32496774,-0.3267011,-0.32753286,-0.33101133,-0.33237958,-0.33436042,-0.33626586,-0.33857977,-0.342872,-0.34367526,-0.34586215,-0.34641856,-0.34969997,-0.35221475,-0.3545848,-0.35699135,-0.35703418,-0.35860565,-0.36115718,-0.36111334,-0.3613242,-0.3632939,-0.36758804,-0.37003976,-0.37357107,-0.37715238,-0.3782856,-0.38025862,-0.38371053,-0.38582486,-0.38651973,-0.3878663,-0.39107293,-0.39141995,-0.39349836,-0.3978234,-0.39873844,-0.4003604,-0.40338293,-0.40563592,-0.40573868,-0.40833822,-0.41268215,-0.4150663,-0.41456032,-0.41364184,-0.41511497,-0.41690287,-0.41827852,-0.41734847,-0.41538325,-0.41659266,-0.41856962,-0.42103037,-0.42373675,-0.42442924,-0.4259995,-0.42846876,-0.4294052,-0.43027782,-0.43073255,-0.43161744,-0.43339658,-0.4316853,-0.43361777,-0.43593654,-0.43496028,-0.43446237,-0.4314552,-0.43107533,-0.43281227,-0.43483162,-0.43783417,-0.43997318,-0.44372517,-0.44545642,-0.4456675,-0.44647622,-0.44693455,-0.4481214,-0.44891483,-0.45079723,-0.45229155,-0.45280427,-0.45595652,-0.45494756,-0.4563523,-0.45547813,-0.45626307,-0.454331,-0.4557063,-0.45667607,-0.4565731,-0.45433044,-0.4533437,-0.4533116,-0.4534649,-0.4527083,-0.44999877,-0.45151204
55,0.9166628,0.9031439,0.8872525,0.8728465,0.8598089,0.8422782,0.8265622,0.808416,0.79435897,0.78156793,0.76532686,0.75078356,0.73523855,0.71747315,0.7031204,0.6873196,0.66952735,0.6553759,0.6448469,0.634535,0.6219285,0.6069764,0.595281,0.58300495,0.5696186,0.55691564,0.5453269,0.5300887,0.515022,0.5042488,0.493534,0.4839887,0.4743033,0.46479154,0.45256907,0.44122362,0.43133467,0.42112246,0.41013828,0.40044838,0.38874558,0.37994105,0.37066036,0.36124483,0.35331318,0.34472483,0.3344218,0.3260814,0.31567928,0.30273932,0.29464915,0.28406006,0.2737961,0.26382664,0.2547272,0.24508803,0.23903659,0.22994629,0.2197266,0.21355672,0.20366843,0.19608659,0.1886004,0.17959616,0.17290653,0.16480163,0.15366194,0.14616413,0.13691875,0.12975095,0.12117938,0.11336179,0.10421602,0.096721806,0.08968132,0.082063705,0.07425983,0.067619786,0.059969883,0.049604297,0.042031452,0.03441526,0.025420407,0.01705896,0.008537945,-0.0012289572,-0.006979874,-0.015369007,-0.024027528,-0.03095755,-0.03654008,-0.041949876,-0.04965907,-0.057400476,-0.06460236,-0.07010196,-0.0721616,-0.07978759,-0.085118845,-0.0929143,-0.10169892,-0.10851121,-0.11507726,-0.12164593,-0.12578997,-0.13298619,-0.13942531,-0.14554393,-0.15175422,-0.1587319,-0.16560616,-0.16772328,-0.17709517,-0.18097918,-0.18496232,-0.19340244,-0.1984289,-0.2030096,-0.20688555,-0.21262947
56,1.0804327,1.0685933,1.0590007,1.0457039,1.0285248,1.0106336,0.9978161,0.98131955,0.96531403,0.95197713,0.93442935,0.91889364,0.90374625,0.89141065,0.8778429,0.86539745,0.8508585,0.841634,0.8307613,0.8196907,0.80531013,0.7951017,0.78472346,0.7722713,0.76042753,0.74744284,0.73816,0.7261775,0.7141741,0.70456874,0.69476897,0.68556416,0.6750764,0.6664765,0.6559958,0.6467046,0.63821256,0.6289404,0.6181633,0.6093208,0.59801495,0.5871717,0.5773988,0.56800324,0.55941635,0.5498982,0.5411176,0.5340042,0.52623713,0.5163258,0.5087814,0.4989031,0.49146968,0.48237067,0.4759334,0.46922198,0.46465653,0.45982137,0.45388144,0.44858366,0.43927398,0.43288416,0.42621532,0.41831797,0.41220036,0.4041609,0.39651716,0.39145586,0.38421082,0.3772415,0.3692103,0.36244994,0.35389337,0.3470353,0.34084564,0.33497152,0.3295164,0.32569546,0.3175156,0.31033337,0.30509788,0.2986768,0.29445112,0.28589928,0.28266,0.2775277,0.27265632,0.26620778,0.25948003,0.2551846,0.24936228,0.24373284,0.2400332,0.2344772,0.22877507,0.22413297,0.21884906,0.21239626,0.20822647,0.20191005,0.19276474,0.18938869,0.18466832,0.17924315,0.17553596,0.16821988,0.16346988,0.1588593,0.1565259,0.1502,0.14531302,0.14175758,0.13615872,0.13322684,0.12988682,0.12597857,0.12335136,0.11861269,0.11371364,0.108531035
57,-0.22490335,-0.22928703,-0.23137316,-0.2369184,-0.24196461,-0.24941166,-0.25349003,-0.26290768,-0.26829237,-0.2760728,-0.28305203,-0.29123983,-0.29696536,-0.3036093,-0.30982256,-0.31590587,-0.32124978,-0.3290792,-0.33277053,-0.33469963,-0.33925915,-0.3474385,-0.3540345,-0.35759622,-0.3609315,-0.36424175,-0.36801028,-0.37449133,-0.3788653,-0.3833054,-0.3877626,-0.39311022,-0.39575586,-0.4026596,-0.407449,-0.4098348,-0.413119,-0.41813007,-0.421526,-0.42452592,-0.42656797,-0.43160653,-0.43629026,-0.43991226,-0.44311494,-0.44383115,-0.44857225,-0.4535964,-0.4568085,-0.46190625,-0.46363243,-0.46584803,-0.4654603,-0.46743912,-0.46946064,-0.4724935,-0.4730815,-0.47753662,-0.4816513,-0.48297352,-0.48377028,-0.48396102,-0.48688874,-0.49115777,-0.4927895,-0.4945972,-0.49753776,-0.49732333,-0.5005485,-0.5014392,-0.50215095,-0.5048617,-0.50622785,-0.5052017,-0.5063984,-0.51031697,-0.5113004,-0.50974137,-0.5105845,-0.51289207,-0.51273555,-0.5149909,-0.5186482,-0.51932305,-0.51891536,-0.52198386,-0.52417076,-0.5278718,-0.52886593,-0.5292157,-0.5316821,-0.53264,-0.53511935,-0.53626436,-0.53883874,-0.5392755,-0.5390713,-0.5405968,-0.53926665,-0.54056656,-0.54179084,-0.5428475,-0.546173,-0.5490345,-0.5474459,-0.5496809,-0.548866,-0.54875195,-0.5517517,-0.55133045,-0.55259037,-0.5514206,-0.5539659,-0.5520247,-0.55415773,-0.5579985,-0.55993354,-0.5635929,-0.56233233,-0.56525844
58,-0.183889,-0.18725666,-0.19323257,-0.20102878,-0.20642562,-0.21681264,-0.22487965,-0.23461732,-0.24335575,-0.2520314,-0.26027447,-0.265724,-0.2719215,-0.2832115,-0.29222137,-0.29771742,-0.30165476,-0.3119026,-0.3208918,-0.32637742,-0.33424565,-0.3401091,-0.34919658,-0.35439524,-0.36085746,-0.36959332,-0.37638742,-0.38395542,-0.38606462,-0.39309478,-0.3993104,-0.40743393,-0.41335964,-0.4207336,-0.42815724,-0.43190247,-0.43680596,-0.44355422,-0.44936013,-0.45527506,-0.4589694,-0.46453637,-0.4681024,-0.4746256,-0.47896203,-0.48301512,-0.48868418,-0.4961486,-0.50250584,-0.5100583,-0.5150951,-0.5201209,-0.52273464,-0.5278008,-0.5337133,-0.541504,-0.5477908,-0.55292463,-0.5558747,-0.55995595,-0.56480104,-0.5677776,-0.5735374,-0.5771483,-0.57989013,-0.5838406,-0.58996195,-0.5922249,-0.59686095,-0.6005039,-0.6025454,-0.60695845,-0.6089187,-0.6112252,-0.613031,-0.61591226,-0.61900365,-0.6217006,-0.6265492,-0.6297787,-0.6353256,-0.63913524,-0.6422372,-0.6464264,-0.6507367,-0.65867156,-0.662043,-0.6648761,-0.6684345,-0.67111856,-0.67463344,-0.6764536,-0.6803495,-0.68320566,-0.68964136,-0.6947899,-0.6971389,-0.70116866,-0.7049235,-0.7082592,-0.71195614,-0.71615076,-0.723488,-0.72974455,-0.7324096,-0.73639095,-0.738104,-0.74468833,-0.7483141,-0.7499851,-0.75350565,-0.75291836,-0.75638324,-0.75656486,-0.75919783,-0.7644315,-0.7673229,-0.77299297,-0.7721992,-0.77480555
59,1.03067,1.0221577,1.0156233,1.0105437,0.99665344,0.9871788,0.9748888,0.9631871,0.9564458,0.9503361,0.9403359,0.93178403,0.9228082,0.913324,0.9042239,0.89448655,0.88508683,0.8792902,0.8733775,0.8639077,0.85572034,0.8466274,0.841784,0.83296,0.82776034,0.823125,0.8173171,0.81437814,0.80850554,0.8022701,0.7978465,0.7955042,0.7917306,0.78595454,0.779114,0.7767243,0.7766821,0.770244,0.7653664,0.7619058,0.7561062,0.7501972,0.74220073,0.738449,0.73547786,0.7340957,0.731701,0.7287656,0.7279469,0.72353256,0.7210399,0.71829957,0.7146943,0.7118826,0.70977116,0.706075,0.70611143,0.70377624,0.69677365,0.69478583,0.68959653,0.68613935,0.68477607,0.6818305,0.67707384,0.6752349,0.67299646,0.67279917,0.6712245,0.67195284,0.66921604,0.66690075,0.6636733,0.663293,0.66368246,0.6657387,0.66441464,0.6609763,0.6587083,0.65394294,0.65160525,0.6481684,0.64781785,0.6433917,0.6426329,0.64120054,0.6382795,0.63704646,0.6321824,0.63168824,0.63418037,0.63289195,0.6325122,0.63379794,0.63413084,0.63050735,0.6303426,0.63005936,0.6276819,0.62543875,0.6233532,0.62186724,0.62102515,0.6196725,0.6185671,0.6159245,0.6138236,0.6130931,0.6121942,0.6106131,0.6087266,0.6132621,0.6131617,0.61341864,0.61339265,0.6096639,0.6121285,0.6124305,0.6090976,0.60869324
60,0.033896767,0.024427269,0.018708905,0.013980975,0.00739474,0.0018895589,-0.0068698497,-0.015040338,-0.020391313,-0.027114868,-0.037078194,-0.04616662,-0.052049242,-0.060908735,-0.069002494,-0.077128924,-0.08508871,-0.09027862,-0.09612659,-0.103347674,-0.108799696,-0.112935424,-0.119659975,-0.12265386,-0.13153522,-0.13878441,-0.14428863,-0.1503498,-0.1562939,-0.160377,-0.16559824,-0.17141104,-0.174954,-0.17783853,-0.18437114,-0.18783966,-0.19088781,-0.19457997,-0.19867429,-0.20228696,-0.20827357,-0.21272628,-0.21698467,-0.22116277,-0.22314444,-0.22730437,-0.23066449,-0.23490112,-0.23848855,-0.24457362,-0.24882317,-0.2520143,-0.25554812,-0.25872916,-0.2622248,-0.26642236,-0.2683037,-0.27128252,-0.27426213,-0.27676755,-0.27733147,-0.28065696,-0.285328,-0.2867101,-0.2888208,-0.29285738,-0.29690892,-0.2991752,-0.30150872,-0.30222833,-0.30499145,-0.3055579,-0.30946442,-0.3100284,-0.31312346,-0.31531206,-0.31898385,-0.3224818,-0.32382944,-0.32611686,-0.32903528,-0.33262214,-0.33290964,-0.33394897,-0.33619067,-0.3395049,-0.34402055,-0.34737694,-0.34825838,-0.35023165,-0.3501201,-0.3504289,-0.35347903,-0.35402557,-0.35701662,-0.3605995,-0.36162123,-0.36444575,-0.36592394,-0.36840302,-0.36978406,-0.37118286,-0.37381065,-0.37667,-0.37714535,-0.38065833,-0.38184896,-0.38379484,-0.38434106,-0.38532144,-0.38706517,-0.38757402,-0.3895858,-0.39185083,-0.39158285,-0.39096814,-0.3923754,-0.3920063,-0.39373827,-0.3978963
61,-0.05132588,-0.054035746,-0.06320669,-0.067326255,-0.070246,-0.078052916,-0.08495328,-0.09494422,-0.10082753,-0.10678846,-0.11092049,-0.117232345,-0.12002482,-0.12009547,-0.12496798,-0.13177507,-0.13544087,-0.13557643,-0.14628413,-0.1507494,-0.15451124,-0.15875453,-0.16485347,-0.17036894,-0.17697416,-0.18350527,-0.1900879,-0.19432144,-0.20135689,-0.20990852,-0.2170186,-0.22113149,-0.22548363,-0.23237514,-0.23690382,-0.24276388,-0.2484797,-0.25255546,-0.26158667,-0.2672833,-0.27098694,-0.27687496,-0.27961665,-0.28623238,-0.28990358,-0.29686394,-0.30206662,-0.31028348,-0.3167788,-0.3241353,-0.3308755,-0.33769673,-0.34361038,-0.35032797,-0.35472685,-0.36027244,-0.3682249,-0.3729968,-0.38219324,-0.38807872,-0.39154267,-0.39546448,-0.40001434,-0.40686685,-0.4129172,-0.41752395,-0.42431512,-0.43078813,-0.43483883,-0.43967277,-0.44445983,-0.44775167,-0.45382628,-0.45806092,-0.46118045,-0.46883154,-0.47311816,-0.47914004,-0.48378053,-0.48967114,-0.4974567,-0.5050053,-0.51107633,-0.51458335,-0.5203938,-0.5289963,-0.5340377,-0.5400912,-0.54941756,-0.55552924,-0.562737,-0.5672881,-0.5741537,-0.5788337,-0.5872265,-0.5934142,-0.5977108,-0.6042495,-0.60966766,-0.6152995,-0.6202442,-0.62582695,-0.6349113,-0.644254,-0.65127933,-0.6556719,-0.6633941,-0.6687055,-0.67479146,-0.6811552,-0.688469,-0.690043,-0.6944116,-0.70265025,-0.70874643,-0.71552,-0.72316676,-0.72763264,-0.7333899,-0.73765415
62,-0.61567324,-0.61534303,-0.61408633,-0.6101714,-0.6044568,-0.60617316,-0.6083601,-0.61192924,-0.6155101,-0.61996317,-0.62014806,-0.6173366,-0.6168849,-0.61261773,-0.61663383,-0.6189381,-0.6192359,-0.62077886,-0.6243799,-0.62640727,-0.6277856,-0.63113636,-0.6360696,-0.63754517,-0.6380545,-0.6450264,-0.6464594,-0.64902294,-0.6494316,-0.65302885,-0.65443367,-0.65579736,-0.65647286,-0.6586156,-0.6639969,-0.6666671,-0.669437,-0.67347205,-0.6777914,-0.6810234,-0.68318164,-0.6856361,-0.6840478,-0.6885422,-0.6913374,-0.6945882,-0.6950467,-0.7002945,-0.7027886,-0.7048384,-0.7062098,-0.70825994,-0.71236604,-0.7184883,-0.7213367,-0.7248628,-0.72876036,-0.7329551,-0.7371291,-0.7416913,-0.7421092,-0.74538964,-0.7519156,-0.75469077,-0.7566978,-0.76092345,-0.7639412,-0.76854587,-0.7688653,-0.77210146,-0.77653784,-0.77879596,-0.78344476,-0.7863955,-0.7912693,-0.7959651,-0.80161965,-0.8034671,-0.8087449,-0.8111275,-0.8158294,-0.8231865,-0.82772464,-0.82699645,-0.8304572,-0.83654225,-0.8412399,-0.8450657,-0.848594,-0.85364723,-0.85785264,-0.8633715,-0.86986685,-0.87367284,-0.8819603,-0.8856212,-0.8904089,-0.8942453,-0.9003232,-0.9026375,-0.905485,-0.9077714,-0.91704065,-0.92318076,-0.9248061,-0.92976874,-0.93380165,-0.9408571,-0.94473135,-0.9482816,-0.9536807,-0.9559286,-0.9582124,-0.960427,-0.96783686,-0.9738351,-0.97993165,-0.98414195,-0.9858141,-0.9880555
63,-0.4942928,-0.49517503,-0.49803847,-0.5011198,-0.50549936,-0.5125344,-0.52095616,-0.5277386,-0.53515345,-0.54317653,-0.5516222,-0.56044525,-0.5679985,-0.5734035,-0.5836624,-0.588994,-0.5987719,-0.60576594,-0.61175185,-0.6203216,-0.6271736,-0.6307342,-0.6386972,-0.64423776,-0.65092456,-0.6559784,-0.6633166,-0.6659411,-0.6699148,-0.67413574,-0.6803813,-0.68472683,-0.6905765,-0.6927028,-0.6977912,-0.7004603,-0.7043929,-0.70748204,-0.7130065,-0.71482074,-0.7184489,-0.7216654,-0.7266123,-0.731006,-0.7329863,-0.73638356,-0.741666,-0.7466849,-0.7488705,-0.7538339,-0.758144,-0.76006275,-0.7624098,-0.7663043,-0.76761186,-0.77169955,-0.7761263,-0.7803098,-0.78609335,-0.7900629,-0.79025614,-0.79316896,-0.79629815,-0.80127966,-0.8034607,-0.808249,-0.81135213,-0.81149274,-0.81253517,-0.8145382,-0.8172039,-0.81933755,-0.8213628,-0.82041264,-0.8194318,-0.8224252,-0.8223561,-0.8215453,-0.8235012,-0.82483184,-0.8283413,-0.8314457,-0.83280087,-0.8326996,-0.83625853,-0.84136313,-0.8409961,-0.8435658,-0.84298354,-0.8462635,-0.8485734,-0.84914505,-0.8517741,-0.8547654,-0.858713,-0.86174315,-0.8637269,-0.86566764,-0.865125,-0.86766803,-0.86949444,-0.8682855,-0.8731009,-0.8767024,-0.8775917,-0.8809679,-0.8833167,-0.8847663,-0.88805866,-0.88815963,-0.8920439,-0.89118606,-0.89212644,-0.8891075,-0.8909694,-0.8926183,-0.89478856,-0.89639646,-0.8951558,-0.8960376
64,-1.2456015,-1.2434281,-1.245477,-1.2443452,-1.2442824,-1.247481,-1.2528188,-1.2576625,-1.2613482,-1.2652975,-1.2675095,-1.2705314,-1.272733,-1.2720134,-1.2771083,-1.2789392,-1.2796767,-1.2822543,-1.2881644,-1.2909873,-1.294163,-1.2974621,-1.3030258,-1.303044,-1.305815,-1.3074013,-1.3114799,-1.3144472,-1.3163894,-1.3174067,-1.3197653,-1.3225969,-1.3231834,-1.3226672,-1.3230487,-1.3240564,-1.3244231,-1.3232154,-1.3226815,-1.3234425,-1.3236972,-1.3228319,-1.321049,-1.3220081,-1.3229218,-1.3238306,-1.3252037,-1.3299582,-1.3325288,-1.3335117,-1.3340132,-1.3338069,-1.3340819,-1.3357887,-1.3352573,-1.3359088,-1.338917,-1.3410666,-1.3447446,-1.3452463,-1.3432447,-1.3437544,-1.3451564,-1.3487393,-1.3464769,-1.3479931,-1.3477919,-1.3464551,-1.3492184,-1.3489302,-1.3493512,-1.3515788,-1.3505657,-1.3499424,-1.3503687,-1.3528006,-1.3546157,-1.3553362,-1.357386,-1.357075,-1.3576117,-1.3605303,-1.3612399,-1.3552424,-1.3561383,-1.3573865,-1.3517807,-1.3513525,-1.3492262,-1.3489215,-1.3481824,-1.3481452,-1.3484895,-1.3480949,-1.3495296,-1.3504336,-1.3467832,-1.3438218,-1.3437613,-1.343595,-1.3429861,-1.3406575,-1.3441648,-1.3470716,-1.3455794,-1.3478948,-1.3463356,-1.3470514,-1.3464934,-1.3466642,-1.3478628,-1.3476508,-1.345449,-1.3430594,-1.3424025,-1.339787,-1.3411651,-1.3397089,-1.3387302,-1.337847
65,-0.5241498,-0.53199184,-0.5391377,-0.5445155,-0.55008626,-0.5594355,-0.56702447,-0.5751227,-0.5852019,-0.5966679,-0.6037907,-0.61079955,-0.61630595,-0.6216428,-0.6319059,-0.6425153,-0.6512841,-0.65725803,-0.6652163,-0.6719753,-0.67897797,-0.68795437,-0.6974642,-0.7003126,-0.704787,-0.70958215,-0.71714765,-0.72584075,-0.732643,-0.73769623,-0.7445718,-0.7491081,-0.7545171,-0.7596738,-0.7645098,-0.77109414,-0.77614814,-0.78349966,-0.7891718,-0.790585,-0.79405206,-0.8012379,-0.80594003,-0.8129817,-0.8197273,-0.82404006,-0.8250216,-0.83296144,-0.8395642,-0.84455603,-0.84756565,-0.8515356,-0.8558523,-0.8609557,-0.86491615,-0.8698596,-0.8742148,-0.87820864,-0.8865986,-0.89193535,-0.8949094,-0.89800465,-0.90445393,-0.90983313,-0.91268957,-0.9171988,-0.9221941,-0.92384833,-0.9273845,-0.9325491,-0.9352361,-0.9392417,-0.94623643,-0.95209324,-0.9572834,-0.9632082,-0.9686197,-0.97134924,-0.97606736,-0.9767162,-0.98005104,-0.9841016,-0.9877221,-0.9885844,-0.99086463,-0.9956354,-0.9965261,-1.0015838,-1.0045478,-1.0082709,-1.0110114,-1.012592,-1.0178382,-1.0212071,-1.0244102,-1.0258954,-1.0296644,-1.0322472,-1.0334413,-1.0368392,-1.0406939,-1.0453339,-1.0520852,-1.0574383,-1.0592968,-1.0631888,-1.0641761,-1.0684845,-1.0698037,-1.0735419,-1.0766464,-1.0796282,-1.079534,-1.0800122,-1.0843067,-1.084626,-1.0887341,-1.0899591,-1.0946267,-1.0959845
66,-0.0633859,-0.06913619,-0.07629023,-0.08076918,-0.08657128,-0.090054184,-0.09640859,-0.104582906,-0.1116402,-0.12076851,-0.13106629,-0.13920815,-0.1424379,-0.1509469,-0.15826349,-0.16429827,-0.17195915,-0.17671698,-0.1824279,-0.18362957,-0.18752687,-0.19507873,-0.20254374,-0.20679979,-0.21354966,-0.21880333,-0.22515741,-0.23000968,-0.23373227,-0.23604834,-0.24007714,-0.24418911,-0.2488331,-0.25193065,-0.25792894,-0.2619103,-0.26512176,-0.2712046,-0.27620015,-0.27958912,-0.2835401,-0.2886487,-0.29227307,-0.2973807,-0.29887968,-0.30220136,-0.3051808,-0.30902335,-0.31355494,-0.31783855,-0.32037443,-0.32376382,-0.32591113,-0.3279072,-0.3289613,-0.3337308,-0.33565155,-0.33946413,-0.3411706,-0.34500256,-0.3464765,-0.34800336,-0.35342678,-0.3561967,-0.35595876,-0.35798103,-0.36282247,-0.3648438,-0.36474752,-0.36714947,-0.37107283,-0.3736729,-0.38030526,-0.3811485,-0.38410097,-0.38892418,-0.39262193,-0.39590067,-0.39988655,-0.40046278,-0.4039498,-0.40725812,-0.41007486,-0.4112199,-0.41319156,-0.4173232,-0.42021784,-0.42328072,-0.42788306,-0.4315982,-0.4342409,-0.43575376,-0.4423836,-0.44332656,-0.44675106,-0.44944358,-0.45177633,-0.45446068,-0.45793647,-0.4576006,-0.45974422,-0.46145147,-0.46558577,-0.47003913,-0.4712809,-0.47246075,-0.4739477,-0.47931617,-0.48142385,-0.48095602,-0.4821135,-0.48282582,-0.48313338,-0.4805046,-0.48290974,-0.48391423,-0.48577136,-0.48789054,-0.48822993,-0.48947614
67,1.9914515,1.983309,1.9711084,1.9636303,1.9509037,1.9453154,1.9356573,1.9274727,1.9219291,1.9172348,1.91043,1.9077526,1.9044583,1.8905891,1.8872788,1.8775129,1.8734767,1.8713623,1.8649355,1.8608849,1.8606644,1.8576238,1.8576819,1.8559628,1.8540484,1.8505287,1.8511623,1.8482506,1.8480766,1.8429962,1.8399372,1.838754,1.8367064,1.8316944,1.8256905,1.8259499,1.8271526,1.8214229,1.8141661,1.8124565,1.8084217,1.8055884,1.800018,1.800394,1.800997,1.8012873,1.801293,1.802866,1.8022478,1.8004786,1.8000488,1.7990776,1.798514,1.7964771,1.7963082,1.7951511,1.7965562,1.7966211,1.7965161,1.7971092,1.7928673,1.7954222,1.7957665,1.7962748,1.792149,1.7911361,1.7893932,1.7873878,1.7862933,1.7881184,1.7883005,1.7850704,1.7823776,1.7803284,1.7811434,1.7826147,1.7850529,1.7850853,1.7829632,1.7823188,1.782778,1.7815441,1.7821715,1.7788908,1.7791716,1.775876,1.7749125,1.7752403,1.7755163,1.7762407,1.7754444,1.7733881,1.7741426,1.7752123,1.7747751,1.774585,1.7759193,1.774402,1.770066,1.7706829,1.7699566,1.76944,1.7721857,1.773757,1.7754377,1.7730954,1.7703359,1.7726281,1.7724711,1.772117,1.7716782,1.7712103,1.7725836,1.7720915,1.7716837,1.7692734,1.7716728,1.7709644,1.7663263,1.766197
68,1.7179139,1.7081785,1.7004414,1.6954079,1.6895669,1.6849247,1.679252,1.6721365,1.671402,1.6679151,1.6646378,1.6612762,1.6611469,1.6533712,1.6535095,1.6517187,1.6500533,1.6483532,1.6467116,1.6461372,1.6473467,1.6460527,1.6498238,1.6500499,1.6528496,1.6529341,1.655901,1.6553936,1.6562201,1.6551037,1.6558475,1.6554193,1.6552525,1.6545521,1.6562872,1.657851,1.6623259,1.6617296,1.6631107,1.6641121,1.6674312,1.6677777,1.66653,1.6692814,1.6712042,1.6741483,1.6766285,1.6805613,1.6808211,1.6816555,1.6837705,1.6835546,1.6863282,1.6851047,1.6875496,1.6883109,1.6916012,1.6920055,1.6925548,1.695364,1.693273,1.6946394,1.6972471,1.6979494,1.6984024,1.7018439,1.7035534,1.7042077,1.7052078,1.7093401,1.7120864,1.7134991,1.7155691,1.7171104,1.7188228,1.7228222,1.7254902,1.7274978,1.7264668,1.72734,1.7309191,1.7359335,1.7366062,1.7364069,1.7389425,1.7364929,1.7361828,1.7388332,1.73787,1.740311,1.7414821,1.7416207,1.7427679,1.7442309,1.7464068,1.7469136,1.7499378,1.7516063,1.7507293,1.7527043,1.7541069,1.7557958,1.758688,1.7616358,1.7651627,1.7644739,1.7661006,1.770578,1.7750757,1.7753887,1.7771018,1.7736946,1.774698,1.7723563,1.7711626,1.768347,1.7719835,1.774092,1.7718494,1.7706966
69,-0.14944252,-0.1471219,-0.14531311,-0.14338398,-0.1422076,-0.14025964,-0.14051694,-0.14236292,-0.1439116,-0.14543921,-0.14790568,-0.1466623,-0.14483948,-0.14696285,-0.14724883,-0.15024489,-0.15441409,-0.15424441,-0.15528157,-0.15102479,-0.14906721,-0.15062791,-0.15358564,-0.15293375,-0.15369233,-0.1550918,-0.15571585,-0.15308511,-0.15183446,-0.15206528,-0.15311332,-0.15391006,-0.15414187,-0.15435156,-0.15621737,-0.15493408,-0.15379468,-0.15309277,-0.15507917,-0.15445454,-0.15405096,-0.15308945,-0.14993201,-0.15051466,-0.15124056,-0.15240207,-0.15350527,-0.15395641,-0.15369251,-0.15458216,-0.15359193,-0.15265986,-0.15455434,-0.15271048,-0.15231757,-0.15327735,-0.1525879,-0.1527595,-0.1527113,-0.1550738,-0.15322241,-0.15469113,-0.15620743,-0.15690091,-0.15812373,-0.15977772,-0.16066593,-0.15860237,-0.15722346,-0.15589084,-0.1559864,-0.1593828,-0.16148327,-0.1601843,-0.15924542,-0.16003656,-0.15854922,-0.1590582,-0.16030127,-0.1587445,-0.15744478,-0.15682846,-0.1584541,-0.15693307,-0.15812793,-0.15950151,-0.15965636,-0.15905087,-0.15722965,-0.15661092,-0.15483025,-0.1542726,-0.154892,-0.15301527,-0.15629861,-0.15773143,-0.15914215,-0.15930101,-0.15952171,-0.16335627,-0.16262858,-0.16255099,-0.16446587,-0.16482508,-0.16536573,-0.16585967,-0.1672183,-0.16641174,-0.16543727,-0.16433612,-0.16339627,-0.16380617,-0.16009226,-0.15772632,-0.15687734,-0.15523832,-0.15405358,-0.1533237,-0.15065855,-0.14855365
70,-0.084232494,-0.08894237,-0.094163515,-0.10022893,-0.10990437,-0.1132705,-0.12151668,-0.13273159,-0.1408026,-0.14765808,-0.15456967,-0.1633235,-0.1723371,-0.17807761,-0.18587598,-0.1896079,-0.19467112,-0.20088348,-0.2084941,-0.21346347,-0.2225509,-0.2310323,-0.23850079,-0.24442808,-0.2524293,-0.25678238,-0.26453534,-0.2690696,-0.27678785,-0.28321534,-0.29118362,-0.29481202,-0.29823285,-0.3026488,-0.30947456,-0.31399298,-0.31779122,-0.32491258,-0.3318842,-0.33556652,-0.34048733,-0.34536728,-0.3484037,-0.35334635,-0.3563651,-0.35998565,-0.3645684,-0.3709833,-0.37511104,-0.37933102,-0.38337398,-0.38456863,-0.3882388,-0.39387625,-0.39887363,-0.40360045,-0.4079799,-0.41259113,-0.41876847,-0.42379552,-0.4263917,-0.42717114,-0.42951125,-0.4359088,-0.4401153,-0.4431818,-0.44906503,-0.4509333,-0.4557987,-0.45875534,-0.45989838,-0.4622903,-0.46388015,-0.464616,-0.46757454,-0.4704753,-0.47267896,-0.47603393,-0.4794205,-0.47661036,-0.48177028,-0.4831168,-0.48617697,-0.48420376,-0.4866399,-0.49179006,-0.49129796,-0.49444324,-0.49981123,-0.49908167,-0.50121844,-0.50154763,-0.5048319,-0.50594914,-0.5087097,-0.514515,-0.51625067,-0.522259,-0.52102435,-0.5248827,-0.5269758,-0.5304148,-0.53331655,-0.5353464,-0.53624845,-0.5370218,-0.5370033,-0.5395265,-0.5408737,-0.54372364,-0.5429945,-0.5407945,-0.54259485,-0.54318345,-0.5449929,-0.5494224,-0.55049884,-0.5501475,-0.5481142,-0.54933566
71,0.78821194,0.7835317,0.7770498,0.770831,0.7660198,0.7594636,0.7526074,0.74586195,0.7425149,0.7360527,0.7305504,0.7252223,0.72193235,0.71246016,0.7095329,0.7046569,0.69987494,0.69812506,0.694485,0.6877797,0.682802,0.67924196,0.6759348,0.67238533,0.66898763,0.66376096,0.661496,0.6573301,0.6539916,0.6521901,0.64977247,0.64620215,0.64306974,0.641343,0.6379708,0.63601243,0.6355736,0.63575184,0.63305163,0.6302347,0.6280438,0.6257109,0.62111306,0.6204021,0.6204561,0.61952215,0.62101394,0.6199055,0.6214685,0.62120926,0.6202978,0.619105,0.6179825,0.616634,0.61613405,0.6164335,0.615478,0.61673284,0.6142206,0.6145713,0.61584795,0.6173967,0.6179409,0.61953616,0.6194443,0.6205477,0.61982906,0.6211821,0.6198238,0.61946887,0.62146336,0.6228952,0.62385577,0.6212031,0.62194496,0.62329745,0.62583673,0.62682986,0.6267035,0.6264926,0.6253947,0.6241944,0.6256174,0.6239691,0.6257118,0.6218794,0.62308466,0.62429297,0.62395674,0.6266841,0.62771314,0.62818205,0.63007665,0.6308639,0.6334355,0.63057613,0.6315249,0.6317872,0.63224566,0.63149536,0.62851095,0.63135874,0.63251245,0.6324301,0.6356031,0.63552797,0.6358752,0.6352409,0.636341,0.63738936,0.63777125,0.63960105,0.64288145,0.6429367,0.64364374,0.6425508,0.6433128,0.6419245,0.6411915,0.63935053
72,0.40145832,0.4028283,0.40031558,0.39949426,0.39422727,0.3941777,0.39464977,0.3881832,0.38498062,0.38201398,0.37895006,0.3780919,0.37679157,0.36969978,0.3696101,0.37198207,0.3708673,0.3709744,0.3736111,0.3723598,0.37050977,0.37486786,0.3742716,0.37278193,0.37284327,0.37226334,0.3723392,0.3715096,0.37318188,0.37037665,0.37048674,0.37168992,0.37223986,0.37110505,0.37095615,0.3708334,0.3723144,0.37299335,0.37019318,0.36787885,0.366304,0.36642125,0.3658686,0.3657444,0.3661337,0.36785653,0.36982885,0.37057558,0.37123534,0.37022135,0.3713372,0.37288842,0.37648585,0.37459725,0.37509546,0.3765148,0.3793244,0.38021103,0.38152283,0.38416407,0.38336736,0.3855936,0.38759893,0.38739306,0.38842934,0.38988468,0.39013728,0.39219725,0.3914496,0.39298606,0.3955544,0.3996997,0.40068784,0.40571102,0.40930304,0.41127,0.4116021,0.412162,0.4127941,0.41409963,0.41509184,0.41876116,0.42330256,0.42520323,0.42753726,0.4286461,0.43032447,0.4323863,0.43538556,0.43774185,0.44145805,0.44461948,0.44618803,0.4477531,0.4495531,0.45144016,0.45449477,0.4559473,0.4568666,0.45658416,0.45747533,0.4613239,0.46292368,0.4644517,0.46908203,0.47188872,0.47205687,0.47535262,0.47710165,0.4796649,0.48240954,0.48639527,0.4884316,0.49672526,0.50094044,0.50513095,0.5098071,0.5137666,0.51365566,0.51682603
73,-0.450473,-0.4480439,-0.44710207,-0.4447306,-0.43834576,-0.43812275,-0.43748188,-0.4354065,-0.43308878,-0.43577933,-0.43723345,-0.43798155,-0.43778747,-0.43921047,-0.44129205,-0.44263163,-0.44002384,-0.43580398,-0.43830785,-0.43655467,-0.4343469,-0.43647534,-0.43794805,-0.43893108,-0.4398426,-0.44204712,-0.44391808,-0.44632015,-0.44756216,-0.44738713,-0.44894657,-0.44949013,-0.44832748,-0.4514563,-0.4508151,-0.45222455,-0.45246354,-0.45242745,-0.45354876,-0.4533391,-0.45450044,-0.45105895,-0.45548183,-0.45529562,-0.45451707,-0.45623952,-0.45448342,-0.4566403,-0.45505705,-0.4558633,-0.45324802,-0.45457992,-0.45542532,-0.45604402,-0.4561123,-0.45863542,-0.45984954,-0.45960268,-0.4612445,-0.46210146,-0.46031755,-0.45914692,-0.45834437,-0.45917282,-0.46111813,-0.4625275,-0.4655618,-0.4650404,-0.4671256,-0.46709347,-0.46944147,-0.46898937,-0.46884257,-0.46910292,-0.4664554,-0.4674676,-0.4673864,-0.46945062,-0.47146025,-0.47376394,-0.47516614,-0.47581545,-0.4777217,-0.4786479,-0.48043212,-0.48327237,-0.4832906,-0.48450217,-0.48703796,-0.4882473,-0.48860455,-0.4895988,-0.4899773,-0.48939767,-0.49121556,-0.4917736,-0.49022943,-0.488105,-0.48780614,-0.48810983,-0.4882284,-0.49035734,-0.49185395,-0.4936068,-0.4936897,-0.49499804,-0.49820003,-0.497353,-0.4989535,-0.5006857,-0.50248194,-0.50149643,-0.4997639,-0.4974669,-0.49966702,-0.5026792,-0.5043066,-0.50447744,-0.50696087,-0.5092732
74,0.31768516,0.317984,0.31211528,0.30889937,0.31248218,0.31142682,0.3146326,0.315911,0.31968603,0.32195944,0.32432935,0.33055264,0.33594453,0.3402974,0.34307766,0.3507144,0.3547478,0.3589743,0.3611529,0.36748815,0.37566623,0.38008025,0.38744554,0.3916102,0.39688239,0.4025596,0.40617418,0.4125312,0.41386065,0.41853634,0.42433244,0.42663455,0.43165183,0.43493634,0.43896374,0.4441862,0.45154437,0.45548838,0.45896426,0.46381545,0.4693219,0.47578174,0.4777762,0.4835383,0.48949152,0.49367517,0.49926877,0.5049573,0.5113004,0.5157384,0.5208994,0.5255352,0.5302356,0.5356733,0.5426283,0.5448567,0.5495372,0.5555533,0.55549705,0.5627156,0.56717867,0.5744517,0.5800085,0.584645,0.5941033,0.5997655,0.6035389,0.6083003,0.6143255,0.61907566,0.6229648,0.62662715,0.6309679,0.63495004,0.6418415,0.6474636,0.6534482,0.6593329,0.66256416,0.666854,0.6719611,0.6773916,0.6829078,0.6876682,0.6924901,0.694115,0.69779146,0.7012451,0.7054861,0.7111472,0.7152302,0.7202927,0.7236138,0.72790956,0.7358808,0.7366253,0.74169606,0.74684167,0.7503572,0.75508124,0.76286733,0.76461643,0.77049005,0.7752596,0.78060955,0.7853865,0.79019654,0.7974346,0.8026093,0.8054389,0.80981624,0.81357706,0.8185045,0.8261175,0.8263844,0.82709867,0.83237255,0.8375257,0.8357991,0.83998317
75,0.7099233,0.70027614,0.6929834,0.68498677,0.67994624,0.67131245,0.6619102,0.6485878,0.6411943,0.6342932,0.6271132,0.61961377,0.61436975,0.60162354,0.59587526,0.5872955,0.580524,0.57473296,0.57040244,0.5682225,0.5655595,0.5612496,0.55902755,0.5545136,0.55240524,0.55040467,0.5482902,0.5445312,0.5410633,0.5386717,0.53919697,0.5362733,0.53060204,0.5259842,0.5232086,0.52464557,0.5252714,0.5230011,0.51816106,0.513471,0.51253986,0.5118507,0.51146066,0.51001805,0.51111573,0.51194763,0.5109897,0.51111996,0.5102016,0.50891876,0.50857466,0.51048386,0.5090316,0.5101229,0.5096464,0.50961477,0.51051044,0.511227,0.5104833,0.51042074,0.5101776,0.51170874,0.512761,0.51128477,0.5097583,0.51146656,0.5121144,0.51188624,0.5138862,0.5148332,0.51648957,0.516806,0.51877344,0.52132976,0.52298796,0.5249233,0.52827716,0.5287635,0.5322495,0.5316511,0.5300211,0.5317191,0.532065,0.5317428,0.5319417,0.5310474,0.5320118,0.53294915,0.5330701,0.53426903,0.53711754,0.5395414,0.5404366,0.5434793,0.54354274,0.5399653,0.54013175,0.54025525,0.5402962,0.5407146,0.54012424,0.54399467,0.54451156,0.5451329,0.54500395,0.5451235,0.54562247,0.5488452,0.54861295,0.54973537,0.55272806,0.5519401,0.5533484,0.55713004,0.5592054,0.5576482,0.55916196,0.56037486,0.56212837,0.56316155
76,0.49118885,0.48569474,0.48367244,0.47781396,0.4696659,0.4631148,0.45348424,0.44590682,0.4391306,0.43037224,0.42516717,0.41803575,0.41454616,0.40837336,0.4046719,0.39905015,0.39654085,0.3948114,0.39181286,0.39207405,0.3900471,0.38554722,0.3829971,0.38169533,0.3795251,0.37781024,0.37544766,0.37067774,0.36858144,0.37119815,0.37110996,0.36980814,0.368871,0.36198506,0.36124146,0.361556,0.3634271,0.36139774,0.35860115,0.35752016,0.35716715,0.35535437,0.35128197,0.35270476,0.35222912,0.35335416,0.35619295,0.35660213,0.35542557,0.35434762,0.35457677,0.35527414,0.3547797,0.35497102,0.35417548,0.35595697,0.35849229,0.3588322,0.360597,0.36131805,0.36128098,0.36187106,0.36244065,0.36328077,0.36509067,0.3656025,0.36506557,0.36457592,0.36777243,0.3694777,0.3745939,0.3771273,0.37887132,0.38064584,0.38273996,0.3831367,0.3839616,0.38530368,0.38666973,0.38750216,0.38961765,0.3920734,0.39328954,0.39485762,0.39715108,0.3969927,0.39624444,0.39798164,0.40253305,0.40755492,0.41051197,0.41349497,0.41535765,0.42093197,0.4222003,0.42153707,0.42249346,0.42406583,0.42524117,0.4275073,0.42674932,0.42970744,0.4316005,0.4339733,0.43494624,0.4378589,0.4385152,0.44284588,0.44580778,0.44745404,0.44942743,0.45303994,0.45491177,0.45841092,0.46162492,0.46416673,0.4672535,0.4709534,0.47472316,0.47480425
77,2.2567575,2.2391274,2.222632,2.20723,2.1859698,2.168597,2.15198,2.1368606,2.1231992,2.1139321,2.0994573,2.0839517,2.0736966,2.0547752,2.0443106,2.0360734,2.0260472,2.015327,2.0055995,1.9957374,1.9901234,1.9810051,1.9742515,1.9663284,1.9551156,1.9474554,1.9420483,1.9348729,1.9236138,1.9162788,1.9102547,1.9015936,1.8935308,1.8860204,1.8787873,1.8713722,1.8638151,1.8537357,1.8446696,1.8393424,1.8318437,1.8233505,1.8134772,1.8055296,1.8000664,1.79433,1.78971,1.7844696,1.7786989,1.7713363,1.76448,1.7585211,1.752561,1.7457329,1.7393134,1.7300087,1.7258145,1.7203653,1.7122809,1.7078539,1.6997159,1.6960704,1.6894715,1.68391,1.6767362,1.6721112,1.6649582,1.6576725,1.6522694,1.6483634,1.6421646,1.6345133,1.6269966,1.6183147,1.6109035,1.6066732,1.6010975,1.5986755,1.5897081,1.5845848,1.5787545,1.5726551,1.5660654,1.5573515,1.5483996,1.540708,1.5287411,1.5208981,1.5136312,1.5094146,1.5031393,1.4970025,1.4922495,1.4878514,1.4825577,1.4742912,1.4691133,1.4616145,1.4527385,1.4421976,1.4316703,1.4246356,1.419436,1.4132464,1.4051296,1.396671,1.3882725,1.3830373,1.3751956,1.3676612,1.3623575,1.3546664,1.3489039,1.3443815,1.3382524,1.328732,1.3257984,1.3189483,1.3114903,1.3074104
78,1.566537,1.558916,1.548925,1.5455213,1.5371046,1.527194,1.518081,1.5136359,1.5086228,1.5023816,1.4968882,1.487361,1.4863577,1.4753506,1.4707062,1.4642361,1.4605339,1.4603298,1.4535167,1.452953,1.4511868,1.4461714,1.4441617,1.4432396,1.4379424,1.4310844,1.4277263,1.4251192,1.4206743,1.4154294,1.4137218,1.4096767,1.4073755,1.4058157,1.4025577,1.4007124,1.398772,1.393456,1.3889115,1.3870257,1.3829,1.3793558,1.3743615,1.3704431,1.3692039,1.3676928,1.363625,1.3619149,1.3580902,1.3543513,1.3516315,1.3501966,1.3465109,1.3441429,1.3429865,1.3384919,1.3364798,1.3364403,1.3315392,1.3314321,1.326253,1.324592,1.3215256,1.3188951,1.3131096,1.3098015,1.30642,1.3021635,1.298107,1.2963269,1.2954046,1.2905381,1.2885563,1.2851436,1.2836698,1.2811186,1.2788709,1.2760162,1.2701163,1.2702425,1.2687923,1.2663536,1.2624784,1.2550241,1.2510545,1.245794,1.2427838,1.2388575,1.234573,1.2347699,1.2340263,1.2312481,1.2303611,1.2296191,1.2277753,1.2239076,1.2247458,1.2185171,1.2165962,1.2144349,1.2114828,1.2074172,1.2052759,1.2033058,1.1989712,1.1946249,1.192874,1.1903465,1.1872188,1.1835692,1.1795014,1.1762693,1.1732981,1.1697061,1.1659625,1.1611072,1.1611483,1.1570941,1.1547183,1.1517864
79,-0.8632697,-0.86199105,-0.862064,-0.8585699,-0.8596678,-0.86189204,-0.8668617,-0.8716437,-0.87585366,-0.88062304,-0.88493454,-0.8864287,-0.8895229,-0.89173526,-0.89661884,-0.901319,-0.90492946,-0.90887463,-0.91098225,-0.9149116,-0.92177755,-0.92338735,-0.9291946,-0.9304063,-0.93546677,-0.9367517,-0.94123507,-0.94474584,-0.9476946,-0.95154905,-0.95575964,-0.95850354,-0.96185625,-0.96679723,-0.9694532,-0.9725339,-0.9756535,-0.976653,-0.97899884,-0.9791583,-0.98036224,-0.98180276,-0.9824915,-0.987663,-0.9898817,-0.9922334,-0.99155366,-0.9959071,-0.99966115,-1.003481,-1.006212,-1.0106083,-1.0127472,-1.0144298,-1.017315,-1.0219145,-1.0239623,-1.0267091,-1.0273983,-1.0290657,-1.027563,-1.027139,-1.03066,-1.0307678,-1.0317297,-1.033946,-1.0362284,-1.0388265,-1.0398217,-1.0407989,-1.0412343,-1.0404932,-1.0414379,-1.0428734,-1.0426544,-1.0435698,-1.0453851,-1.0477893,-1.0497735,-1.0501426,-1.0526834,-1.052883,-1.0551295,-1.0536085,-1.0572183,-1.0604012,-1.0599525,-1.0629089,-1.0656352,-1.0658072,-1.0662849,-1.0664613,-1.0703356,-1.0696418,-1.0713614,-1.0725168,-1.0754179,-1.0767368,-1.0790985,-1.0799279,-1.0787284,-1.0779655,-1.0828247,-1.0856832,-1.0846646,-1.0853965,-1.0861262,-1.0877901,-1.0910642,-1.0918204,-1.0923126,-1.0909615,-1.0901225,-1.089306,-1.0896066,-1.088911,-1.0902716,-1.0894288,-1.0890009,-1.0907706
80,-0.116147354,-0.117930055,-0.121447705,-0.12576495,-0.12688933,-0.12869386,-0.13092297,-0.13503048,-0.13697886,-0.14168449,-0.14792831,-0.15400124,-0.15514863,-0.15402415,-0.15679145,-0.16035935,-0.16252753,-0.16481057,-0.16790077,-0.17220974,-0.1764022,-0.17478594,-0.17773817,-0.18133268,-0.18374556,-0.18229657,-0.18490168,-0.18938589,-0.19304018,-0.19386192,-0.19714609,-0.19664302,-0.19806072,-0.19924438,-0.20035104,-0.20239691,-0.20247594,-0.20267758,-0.20148282,-0.20083699,-0.20041385,-0.20186353,-0.20190084,-0.20142274,-0.20236644,-0.20291407,-0.20104125,-0.20190854,-0.20138292,-0.20077796,-0.19959997,-0.20159352,-0.20043835,-0.19910832,-0.19717667,-0.19646755,-0.1946514,-0.1941749,-0.19469267,-0.1942466,-0.19151662,-0.18850684,-0.18642661,-0.18397467,-0.18114364,-0.18091892,-0.18122765,-0.17901963,-0.17715505,-0.17477003,-0.16991474,-0.1668237,-0.16452697,-0.16425584,-0.15987806,-0.15844662,-0.15737,-0.1557212,-0.15391663,-0.15243351,-0.1498139,-0.14745028,-0.14711419,-0.14694391,-0.14423062,-0.14385378,-0.14255264,-0.14395888,-0.14396022,-0.1399884,-0.13837841,-0.13799872,-0.13839129,-0.13443801,-0.13316475,-0.13251999,-0.13169688,-0.1302929,-0.127482,-0.1253509,-0.1206105,-0.120493986,-0.11947689,-0.1178091,-0.11509879,-0.11120949,-0.10751903,-0.10439932,-0.101436056,-0.09713633,-0.09563023,-0.09022862,-0.086514786,-0.08229826,-0.07899963,-0.07533477,-0.07022621,-0.06641215,-0.06537016,-0.063781545
81,0.82379425,0.8183424,0.80941325,0.7995063,0.786308,0.7769915,0.76453304,0.75397426,0.74780756,0.7376274,0.72720563,0.7225429,0.7171546,0.7089796,0.70073175,0.69263595,0.6810415,0.67151225,0.66512954,0.6552792,0.6508067,0.64347285,0.63666815,0.63234246,0.6269692,0.62064695,0.6141194,0.60628694,0.60091984,0.5952865,0.5902528,0.58562714,0.5820602,0.5748693,0.56972843,0.5673779,0.564065,0.55573803,0.54947853,0.5452643,0.5411973,0.5353621,0.53423136,0.5275366,0.52395713,0.5205828,0.5173813,0.5131773,0.5096983,0.5054983,0.5034461,0.50066125,0.49805126,0.49451914,0.4898904,0.4850076,0.48245913,0.47996885,0.47081023,0.46761698,0.4627145,0.46063504,0.45717725,0.45396852,0.4476657,0.44278255,0.4385065,0.4342168,0.4300663,0.42686558,0.42682973,0.4223742,0.42036414,0.4158624,0.41041356,0.40640694,0.40116993,0.397362,0.3935144,0.39085808,0.38734335,0.38371032,0.37769666,0.3685667,0.364623,0.3577163,0.3498005,0.3436354,0.34021956,0.33676404,0.33493575,0.3327879,0.3292121,0.325602,0.32148463,0.31704828,0.31570697,0.3130178,0.30918851,0.3064693,0.30328482,0.2992051,0.2950323,0.29125768,0.28676224,0.28399146,0.2825881,0.28013185,0.2763659,0.27183607,0.2697497,0.26655242,0.2636581,0.26278841,0.25760895,0.25286865,0.25038183,0.24832025,0.24388382,0.23857367
82,1.051772,1.0489945,1.0442815,1.042403,1.0320863,1.0264103,1.0198283,1.0125322,1.0066612,1.0046839,1.0011132,0.99842185,0.9988273,0.9933651,0.99156713,0.9841946,0.9784336,0.97531825,0.96897125,0.9637083,0.9620596,0.9586158,0.95668286,0.95390016,0.9494665,0.94580185,0.9430854,0.94343793,0.9412028,0.93853366,0.9374571,0.93513095,0.93159753,0.93234175,0.93120927,0.9306874,0.93064195,0.9259554,0.9238394,0.92316854,0.9212068,0.922078,0.9209944,0.92105514,0.92332536,0.922386,0.9217919,0.9210413,0.92018396,0.919291,0.92067754,0.9190733,0.91962016,0.9190542,0.91921884,0.91865337,0.92038536,0.9186304,0.919732,0.92030334,0.9177321,0.91871965,0.9171408,0.91619027,0.91244733,0.91185015,0.91040766,0.9079412,0.9069686,0.9070835,0.9060795,0.90482837,0.90571797,0.90554124,0.9069931,0.9079857,0.9090039,0.90903175,0.90660685,0.9081081,0.9092144,0.90802306,0.91003877,0.9079092,0.90632135,0.905897,0.9037283,0.9033,0.90203065,0.90310603,0.9046807,0.9056326,0.90481776,0.90525407,0.9036269,0.89936763,0.9003291,0.9017396,0.9016102,0.9006604,0.9006262,0.90278083,0.9039568,0.9052876,0.90792525,0.9047407,0.9052433,0.9062052,0.90821743,0.9070136,0.90580416,0.907327,0.9061397,0.9066879,0.9056592,0.9059037,0.90795726,0.90810376,0.90975684,0.9124449
83,-0.6141371,-0.6153753,-0.61392355,-0.6150824,-0.618189,-0.6227032,-0.6271914,-0.6328324,-0.63842183,-0.6445752,-0.649791,-0.6579987,-0.6592233,-0.6623329,-0.6679734,-0.6697793,-0.6725456,-0.6743783,-0.67834866,-0.6789269,-0.6821359,-0.682297,-0.6871173,-0.69158983,-0.69523674,-0.69849515,-0.70353556,-0.70917094,-0.7115165,-0.71391267,-0.717626,-0.7209694,-0.7251823,-0.7286015,-0.73456323,-0.73847926,-0.7405476,-0.7415218,-0.74407166,-0.7483306,-0.7511667,-0.7514842,-0.7524584,-0.7561356,-0.7581895,-0.7602204,-0.7612814,-0.7664494,-0.7677529,-0.7711457,-0.77326447,-0.7764467,-0.77722895,-0.77992785,-0.78224754,-0.78538346,-0.78545254,-0.78771484,-0.79041755,-0.7929627,-0.7935852,-0.7940079,-0.7973734,-0.80045354,-0.8026888,-0.80554944,-0.8085591,-0.8098769,-0.81387377,-0.81330365,-0.81370467,-0.81417686,-0.81555593,-0.81637526,-0.8146635,-0.81646526,-0.8175314,-0.8184266,-0.8215655,-0.8218233,-0.82526,-0.8260705,-0.8284397,-0.8293608,-0.82975644,-0.83226997,-0.8350539,-0.83817035,-0.8427652,-0.8453461,-0.84603566,-0.8458127,-0.84747565,-0.8480894,-0.8512707,-0.8548075,-0.85739404,-0.86070013,-0.8606876,-0.86386764,-0.86587524,-0.86740273,-0.8714528,-0.8744381,-0.8769499,-0.8827578,-0.8849705,-0.886289,-0.88737667,-0.88800395,-0.8882354,-0.8889203,-0.88951284,-0.88911074,-0.89227086,-0.8941127,-0.8958823,-0.89668167,-0.8976572,-0.9031313
84,-0.9321207,-0.93245757,-0.9350128,-0.93669426,-0.93833387,-0.9398465,-0.94462204,-0.9491892,-0.9540523,-0.9606665,-0.9643084,-0.97124565,-0.9751897,-0.9737746,-0.9797858,-0.9819547,-0.9839238,-0.98754424,-0.99205554,-0.994154,-0.9962934,-0.9965333,-1.0019182,-1.0043379,-1.0093008,-1.0099666,-1.0151975,-1.0169555,-1.0193493,-1.0200646,-1.0236715,-1.0254767,-1.0271031,-1.0272225,-1.0298696,-1.0320702,-1.0335321,-1.0360122,-1.037819,-1.0386176,-1.0362386,-1.0367887,-1.0373192,-1.0409093,-1.0430559,-1.0435051,-1.043135,-1.0460727,-1.0482829,-1.0504273,-1.0518072,-1.0520384,-1.0519037,-1.053267,-1.0517712,-1.0556619,-1.055133,-1.0543778,-1.0559036,-1.058253,-1.0591851,-1.0592579,-1.0623324,-1.0646026,-1.0630692,-1.0636275,-1.0651151,-1.0647641,-1.0648198,-1.0622549,-1.0605448,-1.0592169,-1.0595205,-1.0596979,-1.0595407,-1.0610343,-1.0625058,-1.0617502,-1.0631492,-1.0629166,-1.064287,-1.0635256,-1.064862,-1.0623724,-1.0628955,-1.0624447,-1.0602777,-1.0614462,-1.0614163,-1.0635046,-1.0637869,-1.0641512,-1.0650866,-1.0650593,-1.0648364,-1.0642377,-1.0632315,-1.064445,-1.0641063,-1.0649961,-1.0654348,-1.0636837,-1.0658417,-1.0691354,-1.0681455,-1.0696075,-1.0698688,-1.0695894,-1.0702547,-1.0677679,-1.0676655,-1.0664749,-1.0667546,-1.063259,-1.0622683,-1.0583677,-1.0585053,-1.0568422,-1.0580362,-1.0599334
85,0.5722045,0.5642859,0.5590995,0.5492225,0.53868663,0.5305952,0.5192606,0.5056967,0.498495,0.48856315,0.47732297,0.46335858,0.45477676,0.44158226,0.43347463,0.4231847,0.4146293,0.40460682,0.39538154,0.38834733,0.38163573,0.37401104,0.36761695,0.36119005,0.35349762,0.34721583,0.33929056,0.3301504,0.32398093,0.31646758,0.30882475,0.30241677,0.29661608,0.29318088,0.28647372,0.28159994,0.27696854,0.27264073,0.2663174,0.26116768,0.2570873,0.25015235,0.24110314,0.23484516,0.23051229,0.22397323,0.21874404,0.21378243,0.20950535,0.20213223,0.19761643,0.19181877,0.18865715,0.18406305,0.17977986,0.17476,0.17139682,0.16758534,0.16128868,0.15745847,0.15200475,0.14854047,0.14576906,0.13976392,0.13638866,0.13081837,0.12640491,0.12461786,0.11965356,0.11609969,0.113229655,0.11008146,0.10719423,0.10099046,0.1008561,0.097060315,0.094894305,0.09118489,0.087907314,0.08482097,0.081424624,0.07805109,0.07586575,0.07835467,0.077219106,0.07179828,0.06649877,0.06200664,0.061239153,0.059463263,0.053733826,0.051627852,0.04849086,0.045939602,0.04281825,0.03780891,0.03641831,0.03196553,0.0306795,0.028381458,0.024665171,0.022981737,0.020448996,0.017162425,0.015883928,0.013394798,0.009559253,0.007542231,0.004999521,0.0033669516,0.001937814,-0.0026613357,-0.0038273416,-0.009284837,-0.012383758,-0.015450796,-0.016431471,-0.019846682,-0.02180965,-0.02641188
86,1.5605015,1.5412228,1.5255212,1.5123676,1.4982889,1.4864651,1.4740785,1.4604471,1.4469192,1.434636,1.4215715,1.4123551,1.402225,1.3857548,1.3739859,1.3627794,1.3545474,1.3482639,1.3405155,1.3307085,1.3223822,1.3103559,1.3046951,1.2954931,1.2893393,1.2827646,1.276174,1.2675488,1.2597692,1.2523985,1.2459825,1.2417948,1.2369835,1.232449,1.2267584,1.2234355,1.219677,1.2131746,1.2081318,1.2025616,1.1983088,1.1910757,1.182455,1.1773124,1.1717097,1.1675098,1.1622379,1.1568358,1.1505183,1.1452672,1.1405957,1.1337602,1.1299448,1.1218646,1.1167917,1.112191,1.1089894,1.1033955,1.0942314,1.0931793,1.0858685,1.084055,1.080218,1.0759085,1.0696108,1.0645735,1.0613048,1.0535606,1.049271,1.047924,1.0452529,1.0413797,1.0374275,1.0336171,1.0283818,1.0261632,1.0229547,1.0201448,1.0169735,1.017311,1.0145181,1.0107284,1.0091612,1.0030974,0.99832344,0.9920794,0.9906294,0.98796403,0.9861355,0.98324144,0.9821418,0.97566545,0.9704811,0.96791077,0.9634925,0.96143514,0.95804673,0.9545156,0.94981307,0.94761914,0.94162786,0.93949115,0.936766,0.9362961,0.93561995,0.93091995,0.928195,0.9261881,0.9244852,0.9216398,0.9176055,0.9121622,0.91072255,0.9066461,0.9027026,0.9017604,0.9007039,0.90015966,0.89567727,0.8927366
87,-0.79783684,-0.79229754,-0.79088277,-0.7843688,-0.7762203,-0.7737175,-0.7702195,-0.76882076,-0.762644,-0.7597911,-0.7542254,-0.751762,-0.7456241,-0.73724854,-0.7350887,-0.7299195,-0.7246027,-0.71597016,-0.71238124,-0.7085434,-0.70440334,-0.7008898,-0.699539,-0.69696224,-0.69554156,-0.6927605,-0.69182456,-0.6880175,-0.6838759,-0.68009746,-0.6771803,-0.6716809,-0.6685339,-0.6659085,-0.6644918,-0.66211814,-0.65843344,-0.6531553,-0.6502453,-0.64588344,-0.64238065,-0.63778126,-0.63513386,-0.6347747,-0.63182175,-0.62927693,-0.6241109,-0.6236688,-0.62172526,-0.6196415,-0.6169483,-0.6146366,-0.6108852,-0.60650814,-0.6036477,-0.60221446,-0.6007308,-0.6003477,-0.595597,-0.59561145,-0.5898287,-0.5866815,-0.5845535,-0.5809291,-0.5735417,-0.56979156,-0.5672177,-0.56397617,-0.5622056,-0.5607285,-0.5590217,-0.5573663,-0.5553397,-0.55202657,-0.5454736,-0.54210865,-0.53978693,-0.5384821,-0.53855693,-0.53406286,-0.5324537,-0.52973956,-0.5250394,-0.5214964,-0.523063,-0.52286756,-0.5206474,-0.52196825,-0.52058166,-0.5184192,-0.5167306,-0.512793,-0.50890476,-0.5061413,-0.50620574,-0.50366974,-0.5016031,-0.5004134,-0.4945503,-0.49419174,-0.49148935,-0.4868668,-0.48835307,-0.48830828,-0.48362684,-0.48080415,-0.47863334,-0.47827044,-0.47711068,-0.4754142,-0.47516733,-0.4723951,-0.46892253,-0.46738452,-0.46381265,-0.46099693,-0.4578417,-0.45525518,-0.4561154,-0.4552692
88,-0.6117787,-0.6017758,-0.6006464,-0.594293,-0.5926417,-0.5886525,-0.58694994,-0.58575696,-0.58476526,-0.5835243,-0.5832933,-0.5832959,-0.5805479,-0.5768101,-0.5751045,-0.570027,-0.5698891,-0.5662993,-0.5664824,-0.5654,-0.56377923,-0.5592528,-0.559626,-0.5596084,-0.5583874,-0.5555874,-0.55430853,-0.5525705,-0.5508846,-0.5462165,-0.547649,-0.5462121,-0.54447097,-0.5446884,-0.54406124,-0.54407793,-0.54391646,-0.5435252,-0.5432557,-0.5437815,-0.5437632,-0.5449806,-0.5442212,-0.54570097,-0.54423195,-0.5439857,-0.5420396,-0.54430753,-0.54443824,-0.54591626,-0.5449309,-0.5467032,-0.54387724,-0.5432952,-0.54455745,-0.5456143,-0.54542464,-0.5457569,-0.5443746,-0.54522455,-0.5439013,-0.5456747,-0.5455221,-0.5446284,-0.5470591,-0.5482368,-0.5488382,-0.55008924,-0.5519516,-0.553259,-0.55350816,-0.5528139,-0.5554928,-0.55464906,-0.55431354,-0.5550686,-0.55391794,-0.554361,-0.5528143,-0.5503915,-0.55172014,-0.5530599,-0.5541924,-0.55250263,-0.5522865,-0.5518075,-0.55334735,-0.5543176,-0.55346686,-0.55410546,-0.5537059,-0.55381453,-0.5531845,-0.5517891,-0.5545907,-0.557915,-0.5585136,-0.56272954,-0.5630987,-0.5663633,-0.56627744,-0.5680418,-0.57087064,-0.57358414,-0.5736683,-0.57363045,-0.57407,-0.5755064,-0.5753358,-0.5787736,-0.57929814,-0.58046955,-0.5777724,-0.5783938,-0.58056194,-0.57990706,-0.5810324,-0.58082616,-0.583175,-0.5857454
89,1.4409683,1.4331305,1.4229883,1.4158996,1.404181,1.3941908,1.3871262,1.3766733,1.370095,1.361752,1.3527281,1.3460956,1.3398628,1.3285391,1.3212379,1.314075,1.3067806,1.3040636,1.297261,1.294144,1.2896194,1.2849404,1.2827077,1.2800529,1.2773685,1.2739751,1.270375,1.2681202,1.2649257,1.2617505,1.2610604,1.259058,1.2558982,1.2515694,1.2491901,1.2484403,1.2465885,1.2416887,1.2401922,1.2386097,1.2351706,1.2313962,1.2241833,1.2241992,1.224347,1.2236795,1.2217681,1.2215782,1.2203457,1.2194803,1.2207012,1.2202433,1.2187884,1.2180536,1.217815,1.2181805,1.2197083,1.219688,1.2174652,1.216696,1.2144678,1.213903,1.2149098,1.2143142,1.2116659,1.2132795,1.2131941,1.2135822,1.2135174,1.2133389,1.2134302,1.2141889,1.2127429,1.214459,1.21463,1.2153425,1.2166332,1.2167056,1.2170694,1.2171639,1.2173704,1.2177442,1.2191527,1.2148483,1.2143799,1.2140108,1.2144854,1.216326,1.215204,1.2171637,1.2178242,1.2196625,1.2211939,1.2226387,1.2249053,1.223746,1.2250572,1.2262368,1.2250563,1.2267886,1.2252462,1.2277267,1.2302548,1.2323205,1.2334329,1.234153,1.2344866,1.2377876,1.2396526,1.2412589,1.2422308,1.2423044,1.2420757,1.2424752,1.2431704,1.244222,1.24635,1.2451661,1.2433226,1.2438796
90,0.7289929,0.7216616,0.71305096,0.70290875,0.68604594,0.67017317,0.6545181,0.6450736,0.6333033,0.6207832,0.6072835,0.59314096,0.5819454,0.5686631,0.5564024,0.54405594,0.53167856,0.5212513,0.5108934,0.49773973,0.4861907,0.47293133,0.46244392,0.44924578,0.43889302,0.42820102,0.41635114,0.40661025,0.39880934,0.39104927,0.38358718,0.37600628,0.36696857,0.35747895,0.34689116,0.33862427,0.33034194,0.3199029,0.30974323,0.2999944,0.29380488,0.28655568,0.27984414,0.2719242,0.26530677,0.25845772,0.24981567,0.24418437,0.23667035,0.2293913,0.22260264,0.21462306,0.20723388,0.20074081,0.19507286,0.18781598,0.18367454,0.17628224,0.16754454,0.16150543,0.15786487,0.15487601,0.15108255,0.14605594,0.14109066,0.13787042,0.13021772,0.12399373,0.1206283,0.11609371,0.110775456,0.10747168,0.102623746,0.09794824,0.092846505,0.08890527,0.08567944,0.07986673,0.07141721,0.06677947,0.062203355,0.056783002,0.05136782,0.04622927,0.039873566,0.034090288,0.028210793,0.0231889,0.018384216,0.012977047,0.008633319,0.006093319,-0.00028794323,-0.003725466,-0.008307208,-0.013657759,-0.016244454,-0.018511543,-0.024062838,-0.026113342,-0.02805821,-0.029329907,-0.033278644,-0.03652033,-0.044248536,-0.051445473,-0.050741684,-0.053668804,-0.05823776,-0.06154024,-0.06446014,-0.06837383,-0.07510341,-0.07817627,-0.08125084,-0.0850151,-0.086991094,-0.08963313,-0.09274049,-0.09835337
91,-0.19325899,-0.20365977,-0.21112013,-0.2215076,-0.23449942,-0.24460757,-0.25595093,-0.26715297,-0.27978522,-0.29500553,-0.3076314,-0.3185909,-0.3299906,-0.33581412,-0.34865576,-0.3594709,-0.3703977,-0.38175038,-0.38777128,-0.3987357,-0.40793,-0.41414866,-0.4243373,-0.4339269,-0.44370085,-0.45022902,-0.45918494,-0.4695169,-0.47568065,-0.48348135,-0.4901505,-0.49773788,-0.502851,-0.51258415,-0.52076805,-0.5271176,-0.53346574,-0.542166,-0.5495342,-0.55573,-0.5606743,-0.56525505,-0.57062244,-0.5771924,-0.5822751,-0.585468,-0.5913864,-0.5985333,-0.60474616,-0.6104371,-0.6143442,-0.62175685,-0.62642986,-0.633663,-0.6370473,-0.64253503,-0.64698815,-0.6532718,-0.65672797,-0.66245764,-0.6650108,-0.6690733,-0.67269474,-0.6789732,-0.68200266,-0.6871991,-0.6941083,-0.69953215,-0.7022417,-0.7065122,-0.71066225,-0.7142369,-0.71943015,-0.7229601,-0.72633797,-0.7293892,-0.7348504,-0.7394779,-0.7440634,-0.7469333,-0.7524992,-0.7562634,-0.76143074,-0.76549166,-0.76862335,-0.7735236,-0.7753045,-0.78076845,-0.78241557,-0.78758365,-0.79094666,-0.79569507,-0.80140704,-0.80511695,-0.808642,-0.8140299,-0.8172077,-0.8212711,-0.8258689,-0.82855844,-0.8318971,-0.8346063,-0.84089696,-0.84674406,-0.851124,-0.85575974,-0.8601421,-0.86354005,-0.86752397,-0.86928684,-0.8724125,-0.8742242,-0.8779146,-0.88102007,-0.8849977,-0.8847536,-0.88828677,-0.8920275,-0.8959939,-0.9005593
92,0.6373116,0.6240237,0.6079211,0.59366965,0.57962656,0.563689,0.54554427,0.53343374,0.5211382,0.5070006,0.49209994,0.47743836,0.4654653,0.45148095,0.4344656,0.42250052,0.4080904,0.39706182,0.38727874,0.37703747,0.36441302,0.3529158,0.3439121,0.3335597,0.3230622,0.31690788,0.30441388,0.2961889,0.2865859,0.2797936,0.27126735,0.26593965,0.25905257,0.24915223,0.24304874,0.2355059,0.22803554,0.21793707,0.2094522,0.20373443,0.19776586,0.1909618,0.18248811,0.17562263,0.17053851,0.16512862,0.15726414,0.15003517,0.14379129,0.13641001,0.12922397,0.121575095,0.11677996,0.110091016,0.10463063,0.09718671,0.09382513,0.088634655,0.08496685,0.07944057,0.077243164,0.073172405,0.070060804,0.06579893,0.05810224,0.054391224,0.0475623,0.04303497,0.038687967,0.03483181,0.029438397,0.025857318,0.02471559,0.021202883,0.017680798,0.012983328,0.010016963,0.0058939927,0.0017927937,-0.0017775275,-0.006707446,-0.010872395,-0.0148123745,-0.020007286,-0.025539884,-0.030354153,-0.03418441,-0.03911016,-0.04492275,-0.048985887,-0.05069328,-0.054234654,-0.05914064,-0.06137357,-0.06838596,-0.07353922,-0.07443456,-0.07964775,-0.08314966,-0.08701732,-0.09277347,-0.0942436,-0.09785849,-0.10167561,-0.105402425,-0.10881225,-0.111441895,-0.112101294,-0.11768693,-0.11907389,-0.12200127,-0.124126315,-0.12706032,-0.1277515,-0.12925437,-0.13553369,-0.13981044,-0.14330885,-0.1447094,-0.14914426
93,0.14112101,0.14147395,0.14298591,0.13920778,0.13002522,0.1245322,0.11821715,0.11132779,0.10756016,0.10035752,0.094567604,0.08853292,0.086230114,0.08620824,0.08146433,0.076419696,0.07047241,0.06894688,0.06603728,0.06288681,0.05963262,0.057637148,0.05457746,0.053116083,0.05203224,0.05269755,0.05155897,0.050461076,0.050460547,0.049906775,0.047556665,0.04716199,0.04796645,0.04359294,0.041540623,0.040077996,0.041897506,0.041126214,0.03850413,0.039142948,0.03864739,0.03790502,0.035666555,0.034702666,0.035196736,0.036714844,0.03625078,0.035167474,0.035546325,0.036526226,0.03627726,0.036994934,0.03785213,0.03913168,0.041511845,0.043064874,0.045237385,0.04687759,0.046949733,0.046504088,0.048268776,0.050043214,0.049428783,0.049307704,0.05121238,0.054135967,0.05391738,0.05344649,0.05400738,0.055404253,0.057454348,0.05990388,0.059677325,0.059521962,0.061395686,0.062904365,0.06461821,0.06595846,0.06481118,0.067798354,0.068482704,0.070042565,0.07053547,0.0705647,0.07233091,0.07262109,0.07409915,0.07277478,0.07520272,0.077147946,0.079497956,0.082233064,0.08398186,0.08569805,0.08506681,0.08551403,0.087947056,0.089851,0.09304383,0.094990775,0.09657338,0.09786589,0.09853281,0.09894313,0.09943765,0.09943679,0.10158136,0.10465492,0.10603763,0.108306624,0.10858808,0.113140844,0.11454974,0.11933629,0.12089111,0.121977925,0.125791,0.12754753,0.12879963,0.13047361
94,-1.4510278,-1.4439241,-1.4350784,-1.4266841,-1.4170434,-1.4129256,-1.409676,-1.4053637,-1.407716,-1.4087855,-1.4063113,-1.4069773,-1.4044458,-1.4019631,-1.4036547,-1.3995786,-1.3998652,-1.3979626,-1.393973,-1.3896368,-1.389921,-1.3888175,-1.3906648,-1.3887212,-1.3885354,-1.3852633,-1.3877809,-1.3900173,-1.3897663,-1.3886931,-1.3880583,-1.388277,-1.3877991,-1.3853011,-1.3846248,-1.3844624,-1.3826842,-1.379646,-1.3790576,-1.3728136,-1.3699067,-1.3689795,-1.3635883,-1.364324,-1.362541,-1.3593596,-1.3583748,-1.3606083,-1.3609674,-1.3609601,-1.359918,-1.3598982,-1.3571962,-1.3560145,-1.3550273,-1.3523117,-1.350325,-1.3505514,-1.3515044,-1.3533508,-1.3498774,-1.3479135,-1.3489854,-1.3491663,-1.3486172,-1.3484614,-1.3468473,-1.3448718,-1.3434306,-1.3424065,-1.3374412,-1.3341119,-1.3321325,-1.329201,-1.3274056,-1.3268282,-1.3267906,-1.3237329,-1.3248364,-1.3219932,-1.3210648,-1.32035,-1.3212426,-1.3212242,-1.321299,-1.3232062,-1.3177063,-1.3192939,-1.318607,-1.319485,-1.3188894,-1.3169233,-1.3177891,-1.3181951,-1.3176737,-1.3182371,-1.3164165,-1.3157599,-1.3109481,-1.3081225,-1.3052258,-1.3051927,-1.3076767,-1.308892,-1.3059556,-1.3069699,-1.3053033,-1.3056936,-1.3070145,-1.3066751,-1.3081696,-1.3035917,-1.3012381,-1.2992461,-1.2976036,-1.289922,-1.2917277,-1.2904785,-1.2861038,-1.2840042
95,0.76736367,0.764282,0.7586943,0.75293297,0.75076807,0.74525034,0.7398485,0.7289653,0.7249365,0.71934223,0.71405065,0.708547,0.70744646,0.7010105,0.6961554,0.6896621,0.6854651,0.6829472,0.6813636,0.67594594,0.6743855,0.6701947,0.6666589,0.66366386,0.659607,0.6567905,0.6539581,0.6476345,0.6448728,0.6427245,0.63778627,0.63552916,0.6321656,0.62838894,0.62589324,0.62286884,0.6210898,0.61962646,0.61966527,0.61930215,0.6186882,0.6166314,0.617852,0.6157893,0.6177176,0.61382043,0.61271656,0.6101666,0.60784054,0.6050504,0.6031264,0.6001478,0.60094464,0.6012019,0.59826696,0.5955328,0.5943323,0.59080684,0.585111,0.5834938,0.5789454,0.5801532,0.5793489,0.57928896,0.5784074,0.5786681,0.57672524,0.57513285,0.5740554,0.57266974,0.57233274,0.57182705,0.56915224,0.5691943,0.5687469,0.5665809,0.56711763,0.5666693,0.56448466,0.56086993,0.5576047,0.5530283,0.5522924,0.55190134,0.55269563,0.54959846,0.54629123,0.54516345,0.54171944,0.540431,0.53786504,0.5359072,0.53658515,0.53668606,0.5341227,0.53432214,0.5325731,0.5324585,0.53282946,0.53338784,0.5318807,0.5283081,0.5265347,0.52464217,0.5268852,0.5253593,0.5225814,0.5203147,0.5173975,0.5137881,0.5136584,0.5107557,0.51133,0.5084498,0.50814235,0.5070033,0.50693905,0.5053989,0.5076889,0.5049723
96,1.6086609,1.6001503,1.5860068,1.5795977,1.5664632,1.5557394,1.5472202,1.5376161,1.5304635,1.5240276,1.5154909,1.5090064,1.504179,1.4946872,1.4912364,1.484793,1.4819481,1.4745581,1.4731797,1.4714795,1.4690931,1.4635246,1.4606495,1.455085,1.4523823,1.447235,1.4441102,1.4396183,1.4355237,1.4290478,1.4261832,1.4234092,1.420778,1.4170171,1.4125446,1.4099054,1.4095961,1.4029963,1.3988754,1.3949935,1.3931701,1.3909442,1.3873522,1.3832377,1.3818243,1.3776767,1.3758023,1.3754188,1.3721364,1.3694135,1.3685983,1.368015,1.3644068,1.3614843,1.3592466,1.3561976,1.3545818,1.3526977,1.3521744,1.3523211,1.349583,1.3493398,1.3480028,1.3459517,1.3410953,1.3391192,1.3338162,1.3278222,1.3250519,1.3244627,1.3244833,1.3211308,1.3192914,1.3163807,1.3161912,1.313261,1.3098365,1.3083196,1.3046672,1.3007317,1.298695,1.2954453,1.2954922,1.2918699,1.2875268,1.2817129,1.2777423,1.2762306,1.2701495,1.2698835,1.2666767,1.2636665,1.2588698,1.2541153,1.248095,1.2421265,1.2406951,1.2361606,1.2321568,1.2293371,1.2250755,1.2217071,1.2198899,1.2175121,1.2172902,1.2132776,1.2058985,1.2038839,1.2020485,1.197533,1.195561,1.1934988,1.1901324,1.1854162,1.182404,1.1783187,1.1769006,1.1720805,1.1709902,1.168266
97,1.5279442,1.5070658,1.4893159,1.4725547,1.453305,1.4374621,1.4200304,1.4058424,1.3918867,1.3823335,1.3696623,1.3554865,1.344121,1.3271377,1.317209,1.3044031,1.2926244,1.2819325,1.2747619,1.2671669,1.2587758,1.25025,1.2416457,1.2320657,1.2214124,1.2111405,1.2055564,1.1982223,1.1873494,1.1785288,1.1725619,1.1663353,1.1589154,1.1510994,1.1436975,1.136429,1.1322424,1.1254672,1.1186556,1.1133916,1.1068349,1.096403,1.0889637,1.0833182,1.0786644,1.0720769,1.065029,1.0611027,1.0552421,1.046379,1.0418847,1.0383959,1.0295686,1.0220119,1.017484,1.012491,1.0105798,1.004069,0.99836,0.9933049,0.9851526,0.98289144,0.97899705,0.9733642,0.96908,0.96630716,0.96128005,0.9571563,0.9526129,0.9496757,0.9452301,0.9405076,0.93366253,0.9275223,0.9242994,0.9200775,0.9160922,0.9136654,0.91048396,0.9073812,0.9039993,0.899093,0.8959716,0.89415616,0.89272135,0.8899681,0.8817914,0.87721395,0.8730133,0.8731066,0.86945266,0.8644258,0.86167014,0.8586931,0.850691,0.84409,0.83904153,0.8343009,0.83106077,0.8268639,0.8190212,0.8119439,0.8090445,0.8054789,0.80259913,0.7966751,0.7947762,0.7911131,0.78917545,0.78836817,0.784312,0.7788502,0.7727592,0.7691377,0.76618654,0.7606666,0.7597489,0.75649226,0.75381845,0.75047535
98,1.084768,1.0688146,1.0532991,1.0394188,1.0207416,1.0050154,0.99205285,0.97520924,0.95926476,0.94569474,0.9327151,0.91939306,0.9049989,0.88958883,0.87472486,0.8599535,0.8431012,0.8275668,0.81952447,0.8096463,0.7994841,0.78701735,0.776624,0.7684838,0.7602035,0.7527915,0.7433355,0.7328221,0.7221405,0.71412957,0.7056354,0.69747716,0.68984276,0.6822602,0.67228925,0.66379505,0.65635335,0.6501581,0.6414997,0.6360282,0.6271563,0.6139248,0.60615796,0.5978304,0.58857447,0.580803,0.5719088,0.56437755,0.5541277,0.5455605,0.53927815,0.53267556,0.5251774,0.5176005,0.5092211,0.5013982,0.49654967,0.4873225,0.48092833,0.47435126,0.46438128,0.46096152,0.45484263,0.44895735,0.44154,0.43842298,0.43117943,0.4262258,0.42071795,0.4152468,0.4094788,0.40545377,0.3973739,0.3890857,0.38306856,0.378258,0.3706065,0.36320156,0.35563365,0.3502762,0.34386352,0.33760422,0.33238658,0.323243,0.3218185,0.31575924,0.30659422,0.30163765,0.29807168,0.29375327,0.28845266,0.28325644,0.27763677,0.27240464,0.2657027,0.2608169,0.254618,0.24999884,0.2451868,0.2375428,0.22882374,0.22207275,0.21632913,0.21171606,0.20718971,0.2032552,0.19957526,0.19382235,0.18823129,0.18367486,0.17834498,0.17245618,0.16690579,0.16150327,0.15780835,0.1560886,0.15183349,0.14827326,0.14295128,0.13865851
99,-0.02791867,-0.028436443,-0.02934803,-0.028137287,-0.027696509,-0.026786858,-0.027966851,-0.033202577,-0.0353809,-0.037090756,-0.034468513,-0.032330714,-0.033693414,-0.03690413,-0.039515384,-0.04185592,-0.04288754,-0.041548546,-0.04374498,-0.04516203,-0.046236996,-0.045931224,-0.046519075,-0.048322123,-0.04718485,-0.044479854,-0.043738116,-0.046274718,-0.042664986,-0.04027631,-0.0407462,-0.03751754,-0.039381474,-0.038021773,-0.041944005,-0.039051373,-0.03788875,-0.03776017,-0.034514718,-0.033179782,-0.031730536,-0.028401276,-0.027496528,-0.024345707,-0.021728104,-0.021605317,-0.018677725,-0.017298369,-0.015245753,-0.012328878,-0.011356233,-0.0056112013,0.0002802469,0.0019107268,0.0034669426,0.004196129,0.009608771,0.012358021,0.014023813,0.016510157,0.019620443,0.024124637,0.026512217,0.029275423,0.034914568,0.040472686,0.04129045,0.04424391,0.044585694,0.047025185,0.050656747,0.05080859,0.05437217,0.056788944,0.06140352,0.06291993,0.06558798,0.06630125,0.067050435,0.06756757,0.06870742,0.06967642,0.074441805,0.0734424,0.0743248,0.07546954,0.07924344,0.08153289,0.08355035,0.0883479,0.08995804,0.09291648,0.094126806,0.09706387,0.10035527,0.1044086,0.10810556,0.11087501,0.110977136,0.11247587,0.11530671,0.1194065,0.12067898,0.12192224,0.12726851,0.12776808,0.1311539,0.1357979,0.13890919,0.14067449,0.14322773,0.14726427,0.14898244,0.15370452,0.15285668,0.15563338,0.15958983,0.16242567,0.15969768,0.16386995
100,-0.59176046,-0.59379625,-0.59612226,-0.5948611,-0.593086,-0.59185946,-0.5947844,-0.6003314,-0.60440886,-0.60610855,-0.6108567,-0.6113451,-0.6118671,-0.6117299,-0.6115573,-0.60939944,-0.60839546,-0.6097645,-0.6078074,-0.61027855,-0.6081874,-0.6113318,-0.6126071,-0.6119429,-0.60968125,-0.6099292,-0.61029994,-0.60905045,-0.60678494,-0.6058412,-0.60495585,-0.6042891,-0.60328066,-0.6039922,-0.6044074,-0.6021588,-0.6015016,-0.5996772,-0.60029566,-0.6018094,-0.60257596,-0.60280657,-0.59980935,-0.59996337,-0.5994142,-0.59696317,-0.5959259,-0.59550947,-0.59445536,-0.5930324,-0.5897558,-0.58768266,-0.5859765,-0.58319765,-0.58228725,-0.5811746,-0.579682,-0.5766588,-0.57338655,-0.57073057,-0.57022315,-0.5676331,-0.56608355,-0.5648223,-0.5628753,-0.5606111,-0.55959237,-0.55532336,-0.5545095,-0.55224335,-0.5471463,-0.54494697,-0.5423805,-0.538557,-0.5360764,-0.53327894,-0.5325736,-0.531965,-0.531103,-0.5270871,-0.52534926,-0.52327687,-0.5200073,-0.5192472,-0.51485425,-0.5160092,-0.51122123,-0.50948185,-0.50573504,-0.50113225,-0.49663788,-0.4947177,-0.49250308,-0.48905063,-0.48801827,-0.4858273,-0.48098928,-0.4787107,-0.47622943,-0.47669873,-0.47543588,-0.47337598,-0.4723158,-0.47048813,-0.46702236,-0.46445242,-0.46090597,-0.45687374,-0.4549262,-0.45282736,-0.4515044,-0.44768515,-0.44556966,-0.4424529,-0.43801528,-0.43689242,-0.4333334,-0.42959565,-0.42839766,-0.42433938
101,-0.13310824,-0.13183022,-0.13062228,-0.13125011,-0.13292615,-0.13449608,-0.13364752,-0.1337886,-0.13597524,-0.13769402,-0.13962872,-0.14194249,-0.14073613,-0.14230713,-0.14702104,-0.15072802,-0.15544614,-0.15595499,-0.15538988,-0.15694788,-0.15714218,-0.15734649,-0.15815118,-0.1593295,-0.15958706,-0.16129884,-0.1623056,-0.16202588,-0.15997794,-0.16168162,-0.16074668,-0.15959913,-0.15936291,-0.15714091,-0.1582901,-0.15950963,-0.15785538,-0.15633337,-0.15744583,-0.1561507,-0.15441474,-0.1554223,-0.15505087,-0.15566249,-0.15350664,-0.15192097,-0.15249673,-0.15240937,-0.15143019,-0.1520782,-0.15105842,-0.14937642,-0.15054268,-0.15005812,-0.14952894,-0.1488228,-0.14762978,-0.14676675,-0.14740595,-0.14661242,-0.14307246,-0.14084956,-0.13810202,-0.13633026,-0.13353942,-0.13390951,-0.13675132,-0.13353291,-0.1331845,-0.13253465,-0.13093856,-0.13062118,-0.12815098,-0.12967521,-0.12513043,-0.124753736,-0.1257637,-0.12242769,-0.12176792,-0.120112084,-0.119403884,-0.12015297,-0.121075295,-0.121595785,-0.12098416,-0.12209181,-0.12362339,-0.12450588,-0.12415372,-0.12257167,-0.11928973,-0.114395976,-0.11402015,-0.111038804,-0.10963671,-0.11141126,-0.11010821,-0.11107969,-0.10854669,-0.10824671,-0.108768344,-0.1090049,-0.108678915,-0.107284404,-0.10425719,-0.10506396,-0.10336695,-0.10248659,-0.10135895,-0.10000683,-0.09965722,-0.09708741,-0.09369304,-0.0929233,-0.09263466,-0.09293859,-0.09200454,-0.090134606,-0.08846329,-0.08883688
102,-0.66932374,-0.6747068,-0.6785478,-0.67869127,-0.68013036,-0.68412256,-0.68829024,-0.69482744,-0.6983085,-0.7028543,-0.71029294,-0.7147443,-0.7182044,-0.72086215,-0.7288222,-0.7346059,-0.7391233,-0.74421144,-0.75032234,-0.7537559,-0.7573624,-0.7621068,-0.76740825,-0.76993674,-0.7724858,-0.7736519,-0.77867085,-0.7856024,-0.78614366,-0.79154485,-0.79490435,-0.7981985,-0.8009515,-0.8036464,-0.8055089,-0.8082393,-0.8103558,-0.812057,-0.8146428,-0.8173788,-0.8193539,-0.82234573,-0.8259562,-0.8297477,-0.8316407,-0.83488685,-0.8355113,-0.84048474,-0.843305,-0.84641504,-0.8482674,-0.8507067,-0.850371,-0.8541538,-0.8566667,-0.8585146,-0.86144364,-0.8632494,-0.8633174,-0.8651041,-0.8631876,-0.8638438,-0.86593044,-0.868275,-0.8671204,-0.87071097,-0.87356985,-0.873192,-0.87393713,-0.87510216,-0.8764145,-0.88000786,-0.8808829,-0.8830098,-0.88321906,-0.8861586,-0.8895463,-0.8889886,-0.89336795,-0.8933083,-0.89528257,-0.8968297,-0.8960169,-0.89683694,-0.8978449,-0.9026219,-0.9025527,-0.9060644,-0.90600044,-0.90727615,-0.9081392,-0.91036355,-0.91363543,-0.916306,-0.9176958,-0.9213381,-0.9212197,-0.92193586,-0.9248816,-0.9234721,-0.92391187,-0.92807865,-0.931423,-0.93458825,-0.9343277,-0.93831766,-0.93786764,-0.9402264,-0.94214886,-0.94342786,-0.9440981,-0.9426891,-0.9405888,-0.93959314,-0.9406289,-0.93926716,-0.9413389,-0.94155407,-0.9402339,-0.944152
103,-0.2446216,-0.25013566,-0.26148957,-0.27107885,-0.28455168,-0.29321474,-0.30403548,-0.31473684,-0.3252892,-0.3367901,-0.34874663,-0.36002135,-0.36918116,-0.38158315,-0.3923563,-0.40129906,-0.41038424,-0.4191537,-0.42981115,-0.4368902,-0.44447407,-0.45418605,-0.46484262,-0.4747942,-0.48551837,-0.49696255,-0.50626,-0.516313,-0.5258789,-0.5350734,-0.54477227,-0.55538493,-0.56280637,-0.5725602,-0.5827022,-0.59378326,-0.6023088,-0.6138855,-0.6242032,-0.6353071,-0.64531475,-0.65561193,-0.6604791,-0.6691169,-0.6800879,-0.68755305,-0.69991684,-0.7105373,-0.7193595,-0.72985995,-0.73942214,-0.74876237,-0.7594724,-0.7700634,-0.7809146,-0.7898209,-0.79771924,-0.80831355,-0.8154726,-0.82633245,-0.8375577,-0.846588,-0.8569492,-0.8667021,-0.8735951,-0.8829007,-0.89341563,-0.9017396,-0.9093202,-0.91944915,-0.9273779,-0.9357341,-0.94704515,-0.95562494,-0.961641,-0.97020185,-0.9791101,-0.9857713,-0.9942568,-1.0039105,-1.0128477,-1.022527,-1.0296094,-1.0387236,-1.0482858,-1.0569904,-1.0632093,-1.0716687,-1.0787004,-1.0876749,-1.0942277,-1.1000242,-1.1066711,-1.1157695,-1.1263168,-1.1355975,-1.1448058,-1.1558867,-1.1614993,-1.169626,-1.1753442,-1.1847632,-1.1958983,-1.2053411,-1.2118069,-1.2204771,-1.2286686,-1.2361702,-1.24628,-1.2540131,-1.2616204,-1.2667719,-1.2710836,-1.2787437,-1.2887839,-1.298183,-1.3071243,-1.3130386,-1.3179926,-1.3256646
104,0.05245986,0.047170263,0.043360576,0.04007467,0.036585968,0.033875138,0.029707387,0.022504125,0.020418854,0.01570354,0.010023941,0.0062445877,0.0050544795,0.0036822916,-6.932467e-05,-0.0019130862,-0.0071465718,-0.007898017,-0.009196268,-0.012566568,-0.014211197,-0.015098587,-0.020182854,-0.024972145,-0.029105177,-0.031550907,-0.03393663,-0.037218142,-0.039099894,-0.041150562,-0.04382082,-0.046940126,-0.04812908,-0.050099302,-0.05269931,-0.05434556,-0.0535688,-0.055047564,-0.05967902,-0.0633681,-0.06517984,-0.065306574,-0.06442304,-0.0668064,-0.06773083,-0.06835549,-0.06856213,-0.07006862,-0.07191725,-0.07471498,-0.07546517,-0.07494068,-0.07391674,-0.07522489,-0.07611455,-0.07819928,-0.077530675,-0.080506474,-0.08233068,-0.08427806,-0.08620549,-0.086266756,-0.08731145,-0.08783667,-0.089053586,-0.09227579,-0.09654752,-0.09632419,-0.09771456,-0.09866465,-0.09692921,-0.09895457,-0.10193534,-0.101057254,-0.10100403,-0.10419407,-0.10448234,-0.10207814,-0.101482466,-0.100532316,-0.10000694,-0.102402344,-0.10175626,-0.104222335,-0.10549165,-0.107012436,-0.10499897,-0.107491955,-0.10886167,-0.108199954,-0.10608586,-0.10598262,-0.10587227,-0.10609577,-0.108953774,-0.111758254,-0.113318704,-0.11465434,-0.11532043,-0.11506499,-0.113347575,-0.115595065,-0.1174985,-0.12015627,-0.11970265,-0.1203704,-0.121344924,-0.121882915,-0.12367513,-0.123017885,-0.12365906,-0.12084393,-0.1180357,-0.11915282,-0.11848532,-0.11878182,-0.11930722,-0.12037717,-0.12294153,-0.124807954
105,-0.011380163,-0.020386808,-0.026634082,-0.037182994,-0.043469667,-0.05281502,-0.062963635,-0.07505689,-0.08225148,-0.091153055,-0.10133518,-0.11024783,-0.117238246,-0.12658374,-0.1340657,-0.14362356,-0.15131693,-0.15987441,-0.16828224,-0.17460942,-0.18082675,-0.18681005,-0.19540979,-0.20280173,-0.20733066,-0.21292064,-0.22049518,-0.2275649,-0.23103976,-0.23834503,-0.24383664,-0.24955091,-0.25603703,-0.26173598,-0.26379952,-0.26704153,-0.27260894,-0.2777194,-0.2834587,-0.28557724,-0.2899839,-0.2932502,-0.29914278,-0.30332905,-0.30799156,-0.31347713,-0.31822142,-0.32331806,-0.32665738,-0.330437,-0.33319625,-0.3377012,-0.33944756,-0.34280056,-0.3458293,-0.35123634,-0.35371703,-0.357924,-0.36186236,-0.36457875,-0.3662904,-0.36782455,-0.3712356,-0.3740832,-0.37719464,-0.38125882,-0.38569286,-0.38875777,-0.39101607,-0.39352104,-0.3965298,-0.39946505,-0.40174446,-0.4037489,-0.4052499,-0.40799427,-0.4098155,-0.41255116,-0.4150501,-0.41787377,-0.42112097,-0.42373157,-0.42742905,-0.42912403,-0.43102083,-0.4370656,-0.4397049,-0.44399866,-0.44708887,-0.44886082,-0.4497122,-0.452938,-0.45742902,-0.45815808,-0.4636979,-0.46793205,-0.4706129,-0.47465658,-0.4769741,-0.48045993,-0.4829321,-0.48384696,-0.48838216,-0.49266696,-0.49506217,-0.49800277,-0.5017769,-0.5026662,-0.50568116,-0.50550306,-0.5086218,-0.50841206,-0.51021504,-0.51096,-0.513022,-0.5178404,-0.5187472,-0.5203529,-0.5231027,-0.52700496
106,-0.2741864,-0.27999598,-0.2851519,-0.28744823,-0.29469818,-0.29962647,-0.30463248,-0.30819556,-0.31279284,-0.31624168,-0.31877694,-0.32182923,-0.32467458,-0.32358804,-0.32655877,-0.33029932,-0.33186796,-0.33256832,-0.33361802,-0.33311272,-0.33455664,-0.3341093,-0.33682698,-0.3391768,-0.3400558,-0.34042707,-0.34130073,-0.34367007,-0.34305128,-0.3421696,-0.3435236,-0.34259695,-0.34403187,-0.34532398,-0.34710535,-0.34645808,-0.34536067,-0.34520727,-0.34555843,-0.3431478,-0.33896562,-0.3377503,-0.33659163,-0.3355557,-0.33581066,-0.33365908,-0.33068067,-0.32992014,-0.3294323,-0.32966113,-0.32754532,-0.32629982,-0.32331872,-0.32122338,-0.3199355,-0.31717882,-0.31455788,-0.31357473,-0.31531805,-0.31439507,-0.31160116,-0.30592853,-0.3040743,-0.3026195,-0.30111676,-0.29953384,-0.2977454,-0.29438072,-0.29183793,-0.2883555,-0.2846056,-0.282363,-0.27914146,-0.27651322,-0.2738447,-0.27182844,-0.26827618,-0.26556176,-0.2626528,-0.26152772,-0.25836122,-0.25524032,-0.25429484,-0.25375193,-0.2514212,-0.25026643,-0.24588475,-0.24452779,-0.24320993,-0.23918915,-0.2380298,-0.2357538,-0.23240943,-0.22733288,-0.22622187,-0.22480181,-0.22175701,-0.21757445,-0.21601644,-0.21245918,-0.20952427,-0.2085964,-0.20661652,-0.20402315,-0.20029354,-0.19694696,-0.19482708,-0.19084094,-0.1873403,-0.18500741,-0.18264349,-0.17778978,-0.17361233,-0.16614316,-0.16098477,-0.15928902,-0.15586624,-0.15339608,-0.15009403,-0.1458361
107,-0.19467698,-0.20174117,-0.20610817,-0.21755071,-0.22525063,-0.23332605,-0.243619,-0.24912623,-0.25624865,-0.2678147,-0.2790768,-0.2865869,-0.29406664,-0.30685765,-0.31517813,-0.32542372,-0.33565345,-0.34336546,-0.3522927,-0.36038795,-0.3690638,-0.3768753,-0.3873739,-0.39468795,-0.4045127,-0.4118095,-0.4208371,-0.43064958,-0.43692842,-0.44402376,-0.4528156,-0.46053606,-0.46646562,-0.47416574,-0.48237008,-0.48729563,-0.4941466,-0.5013032,-0.5075544,-0.5130079,-0.5196659,-0.52492064,-0.5336202,-0.54066116,-0.54922616,-0.5570346,-0.56160456,-0.5692093,-0.57653993,-0.58301556,-0.5901652,-0.59656286,-0.6006819,-0.60483104,-0.60961545,-0.61675054,-0.62159586,-0.6272288,-0.62973493,-0.636029,-0.64312804,-0.6467905,-0.65407753,-0.6609345,-0.66443074,-0.67124444,-0.6776643,-0.6812249,-0.68584794,-0.6897618,-0.6932619,-0.698542,-0.70381844,-0.70712316,-0.7108312,-0.7161989,-0.7207204,-0.7250972,-0.7305537,-0.734121,-0.74038535,-0.7447765,-0.75024754,-0.75640285,-0.76384616,-0.7719513,-0.7732014,-0.7792002,-0.7821733,-0.7880092,-0.7939928,-0.79898125,-0.8050293,-0.8089943,-0.81451046,-0.81925374,-0.8225788,-0.82694036,-0.83080834,-0.83644265,-0.841071,-0.8460617,-0.85288274,-0.85846645,-0.8617439,-0.8661215,-0.86820316,-0.87171304,-0.87392503,-0.87775946,-0.8817074,-0.8872344,-0.8899272,-0.8935133,-0.8965036,-0.8973454,-0.9005186,-0.90343344,-0.90554607,-0.9106579
108,-0.061387718,-0.07171003,-0.07893972,-0.088404536,-0.0961778,-0.10348283,-0.11489195,-0.12524936,-0.13603142,-0.14651361,-0.15588,-0.16349486,-0.17006513,-0.18197477,-0.1899822,-0.19880678,-0.20838153,-0.21233769,-0.22206295,-0.2266959,-0.23344056,-0.23965259,-0.24678579,-0.25406504,-0.26199645,-0.2683726,-0.27613258,-0.28513312,-0.29115993,-0.2968922,-0.3032705,-0.309659,-0.31613573,-0.320592,-0.32579145,-0.33057493,-0.3360536,-0.34329635,-0.3499654,-0.35543305,-0.35890734,-0.36004037,-0.36686093,-0.37001044,-0.37418777,-0.37811413,-0.38323885,-0.388786,-0.39138713,-0.3941623,-0.39831266,-0.40077257,-0.4013818,-0.40570274,-0.40973893,-0.4132331,-0.4168764,-0.4189841,-0.4227925,-0.42695278,-0.4305668,-0.4334115,-0.4365345,-0.4418312,-0.44735804,-0.45148507,-0.4549234,-0.45974088,-0.46080947,-0.46142015,-0.4621018,-0.46380883,-0.4656096,-0.46730524,-0.46791607,-0.4700489,-0.4720479,-0.47141236,-0.475109,-0.47883955,-0.48132834,-0.48326963,-0.48301297,-0.48163643,-0.4828891,-0.48752648,-0.4907337,-0.4923864,-0.49056467,-0.49357238,-0.49445373,-0.49326864,-0.49657527,-0.49766335,-0.5014461,-0.5077599,-0.50619006,-0.5082501,-0.50894177,-0.5119343,-0.51331884,-0.5127509,-0.51542205,-0.517228,-0.51692027,-0.5185941,-0.5197744,-0.51968074,-0.5197652,-0.5204541,-0.52389205,-0.52396166,-0.5246414,-0.5235054,-0.521809,-0.5238819,-0.52590346,-0.526827,-0.5301269,-0.5321865
109,-0.085800834,-0.08817603,-0.09216648,-0.08915134,-0.091635816,-0.096629076,-0.10070612,-0.1052572,-0.1105537,-0.11763642,-0.12152344,-0.12570906,-0.12872392,-0.1301262,-0.13503058,-0.14037462,-0.14169276,-0.1405476,-0.14838976,-0.15408833,-0.15583536,-0.15636276,-0.16026981,-0.16493402,-0.16738245,-0.17300814,-0.17695136,-0.18448924,-0.18855794,-0.19479652,-0.19887196,-0.20286246,-0.2054718,-0.20650212,-0.20983522,-0.2135433,-0.21575317,-0.21949139,-0.22408453,-0.22956769,-0.2315501,-0.2338829,-0.23775789,-0.243524,-0.24773845,-0.25310594,-0.2594451,-0.26421714,-0.26842713,-0.2736984,-0.2769529,-0.28115445,-0.28520805,-0.28999478,-0.29459563,-0.29920202,-0.3021291,-0.3076129,-0.31266907,-0.31721443,-0.31984112,-0.3243359,-0.32883206,-0.33461314,-0.33932334,-0.34163868,-0.3461043,-0.3509567,-0.35411996,-0.35786027,-0.36067304,-0.3650654,-0.36853164,-0.37122506,-0.37260753,-0.3769123,-0.38213363,-0.3855937,-0.39083844,-0.39382094,-0.39864427,-0.40474397,-0.40790385,-0.41390705,-0.4209847,-0.42830953,-0.43294,-0.43864316,-0.44516096,-0.44907293,-0.45227584,-0.4545613,-0.46018666,-0.46540165,-0.47499093,-0.47902432,-0.4831698,-0.487635,-0.49065727,-0.49489442,-0.49767762,-0.50162256,-0.50825346,-0.5148088,-0.5212784,-0.52460796,-0.531116,-0.5343954,-0.53946996,-0.5440165,-0.5505865,-0.5526304,-0.55879086,-0.56235933,-0.56756234,-0.57381016,-0.5787307,-0.58123714,-0.58247346,-0.58649313
110,-0.09592962,-0.09976674,-0.10744002,-0.1077796,-0.10841362,-0.115451716,-0.12046871,-0.1260803,-0.13379332,-0.14287212,-0.15122208,-0.15818988,-0.16340676,-0.17358322,-0.179688,-0.18962461,-0.19825014,-0.20268042,-0.21302581,-0.21925919,-0.22443955,-0.22928059,-0.23750205,-0.24336119,-0.24785694,-0.25820795,-0.26628113,-0.27515483,-0.28107148,-0.2877353,-0.29484317,-0.30270338,-0.31046745,-0.3157285,-0.32239008,-0.3274366,-0.33306032,-0.34202006,-0.35033345,-0.3570245,-0.3646726,-0.36990514,-0.37915796,-0.38560486,-0.3905148,-0.39762506,-0.40505624,-0.413165,-0.42194653,-0.4299821,-0.436836,-0.44498128,-0.45313245,-0.4607005,-0.4681793,-0.47792998,-0.4848743,-0.49168578,-0.49880403,-0.50532,-0.50914466,-0.51554996,-0.5224094,-0.53052855,-0.53822625,-0.54775554,-0.5550396,-0.56237686,-0.56855273,-0.5746123,-0.58134985,-0.58708274,-0.5947924,-0.59784544,-0.60214543,-0.6074244,-0.6139659,-0.62073296,-0.62672937,-0.6358613,-0.6419297,-0.65051645,-0.65717775,-0.66456544,-0.67130506,-0.68182206,-0.6876094,-0.694992,-0.70450246,-0.71087843,-0.71520746,-0.7213826,-0.7280595,-0.7347561,-0.74348724,-0.7521907,-0.75780916,-0.7663205,-0.77336556,-0.7785574,-0.7851407,-0.7920259,-0.79983157,-0.807392,-0.81494397,-0.81780225,-0.8249717,-0.832792,-0.8395672,-0.8475207,-0.85448253,-0.8625511,-0.8667718,-0.87271035,-0.879371,-0.88744307,-0.89472187,-0.9005572,-0.90332097,-0.90973854
111,0.30209202,0.2946805,0.28686708,0.27947608,0.26820272,0.25743955,0.2452683,0.23252554,0.22180395,0.21038747,0.20013463,0.18971607,0.18177667,0.16378784,0.15523955,0.14548162,0.13592866,0.12740138,0.11711013,0.1066816,0.09640801,0.08465802,0.07553529,0.06585013,0.05657207,0.049075507,0.040855385,0.029093038,0.018571401,0.010364081,0.0011989617,-0.0073429546,-0.013086611,-0.0199855,-0.027695332,-0.034366615,-0.041076235,-0.048948918,-0.057970833,-0.06458494,-0.07106041,-0.078050435,-0.08602718,-0.093575075,-0.101303294,-0.10685234,-0.11130953,-0.119452275,-0.12764402,-0.13464227,-0.13907525,-0.14482526,-0.15081778,-0.15632847,-0.16397966,-0.17084184,-0.17750949,-0.18488629,-0.19088426,-0.19739455,-0.2046632,-0.2105964,-0.2164425,-0.22244501,-0.23064819,-0.23598318,-0.24160652,-0.2486661,-0.25614446,-0.26046434,-0.26623082,-0.27319768,-0.28067014,-0.2866401,-0.29138812,-0.29747683,-0.3018183,-0.3063755,-0.31441206,-0.31890303,-0.32357198,-0.3297793,-0.3341852,-0.33955112,-0.3447509,-0.35350254,-0.35872746,-0.36488658,-0.37043965,-0.37446138,-0.37899923,-0.38343662,-0.38813347,-0.3931682,-0.39943475,-0.40694505,-0.41110557,-0.4175436,-0.41805315,-0.42335624,-0.42568985,-0.43064284,-0.4358347,-0.44148397,-0.44352493,-0.44790182,-0.4514633,-0.45665193,-0.46113348,-0.46382546,-0.46785516,-0.47207737,-0.47604853,-0.47924528,-0.484698,-0.48639488,-0.49106354,-0.4970122,-0.49915305,-0.50295144
112,0.47069567,0.46018696,0.4480361,0.43268284,0.42007762,0.404589,0.39296353,0.3806098,0.36601126,0.35336488,0.34217766,0.33078858,0.31831062,0.3026625,0.28961015,0.27809685,0.26421437,0.25226355,0.24154766,0.23180094,0.22305743,0.21176915,0.201176,0.18992881,0.17953834,0.17155036,0.16063337,0.15001906,0.14014432,0.13027923,0.121580444,0.113667786,0.10545864,0.095113054,0.08914252,0.08380915,0.07763003,0.06874726,0.0591866,0.053495288,0.04667013,0.03982427,0.028816277,0.022716844,0.016656568,0.008575709,0.00037255586,-0.0065907785,-0.015560878,-0.022642585,-0.028140623,-0.035731584,-0.041488662,-0.04874734,-0.053507697,-0.06210637,-0.06794754,-0.07525522,-0.08307228,-0.08947732,-0.093932524,-0.09827609,-0.102416895,-0.11186973,-0.11626538,-0.12286699,-0.12988056,-0.13608465,-0.14188847,-0.14632893,-0.15110563,-0.15632544,-0.163369,-0.16775349,-0.17204599,-0.17814471,-0.18185405,-0.18541749,-0.19004361,-0.19308755,-0.19715676,-0.20067689,-0.20429328,-0.208245,-0.2115994,-0.21999821,-0.22442766,-0.22985211,-0.23438802,-0.23899622,-0.2441624,-0.24933288,-0.2555071,-0.25882155,-0.26363105,-0.27064994,-0.27449763,-0.2787878,-0.28150195,-0.28723523,-0.28869978,-0.29129726,-0.29573286,-0.3003439,-0.3020578,-0.30756205,-0.31031516,-0.3124698,-0.3179153,-0.32020965,-0.3251781,-0.32840043,-0.33200592,-0.33281773,-0.33620837,-0.3398928,-0.34226292,-0.34551293,-0.34604546,-0.34993353
113,-0.79148585,-0.79706633,-0.7966807,-0.80164576,-0.8048481,-0.81035674,-0.8137409,-0.8180359,-0.82618654,-0.8373903,-0.8428303,-0.84888726,-0.8531016,-0.85435617,-0.85941565,-0.8668226,-0.87323743,-0.8810937,-0.8859876,-0.89140666,-0.89857215,-0.90253145,-0.91059476,-0.9152479,-0.92190486,-0.9266466,-0.9357871,-0.94161206,-0.94742393,-0.9504526,-0.9557994,-0.9633442,-0.9662299,-0.973256,-0.976879,-0.98225677,-0.98825246,-0.9928554,-0.9958757,-0.999073,-1.0049708,-1.0095179,-1.0119427,-1.0186312,-1.0219349,-1.0248835,-1.0288506,-1.0337884,-1.0387919,-1.0433662,-1.0466801,-1.0491931,-1.0506749,-1.0530424,-1.0575713,-1.0609666,-1.0646541,-1.0695112,-1.0709069,-1.07525,-1.0780532,-1.079297,-1.0852396,-1.0895126,-1.0901654,-1.0934573,-1.0972154,-1.0958039,-1.0985394,-1.10162,-1.099721,-1.1039715,-1.105745,-1.1076368,-1.1086591,-1.1112689,-1.1143581,-1.1153377,-1.1180754,-1.1202087,-1.1218257,-1.1252334,-1.126853,-1.1288611,-1.1302332,-1.1338292,-1.134849,-1.1366053,-1.1364819,-1.1392043,-1.1402006,-1.1414404,-1.1432767,-1.1454016,-1.1486639,-1.1498175,-1.1515017,-1.1536933,-1.1556661,-1.158119,-1.1582466,-1.1603796,-1.1660905,-1.1703422,-1.1684973,-1.1701214,-1.169516,-1.1709137,-1.1732806,-1.1733491,-1.174268,-1.1726745,-1.1732258,-1.169636,-1.1699346,-1.16894,-1.1700124,-1.1729095,-1.1696057,-1.1732585
114,-0.7320894,-0.7385124,-0.7415361,-0.74302983,-0.74579775,-0.7516561,-0.75647223,-0.76333666,-0.7716777,-0.77739036,-0.7832571,-0.7868407,-0.79012954,-0.7924327,-0.8017934,-0.8055971,-0.80844676,-0.81050664,-0.81312305,-0.81523955,-0.81937253,-0.8236658,-0.82813865,-0.83274156,-0.83604634,-0.83795416,-0.8419136,-0.84268415,-0.84394026,-0.8459903,-0.84764993,-0.8496479,-0.84940016,-0.8481347,-0.8483734,-0.84823334,-0.849696,-0.8523191,-0.85313165,-0.85347813,-0.8521336,-0.8530034,-0.8531698,-0.85465544,-0.8551571,-0.854077,-0.85322124,-0.8548759,-0.85407287,-0.8550989,-0.85391474,-0.8533065,-0.85454464,-0.85485137,-0.8527838,-0.8532592,-0.8526999,-0.85274124,-0.85180837,-0.8506319,-0.8501173,-0.8480223,-0.8470427,-0.8465807,-0.84518754,-0.84550697,-0.8465762,-0.8449852,-0.84193456,-0.83988667,-0.8395063,-0.83517325,-0.83196676,-0.83022404,-0.82624567,-0.8246827,-0.8214202,-0.8183853,-0.81942606,-0.81668633,-0.8169195,-0.81530315,-0.81046104,-0.8087568,-0.8054131,-0.803662,-0.80413544,-0.8031252,-0.799478,-0.79691595,-0.791473,-0.78849465,-0.78812426,-0.78446215,-0.7861513,-0.78253347,-0.7780469,-0.77545357,-0.77111685,-0.7695442,-0.7662637,-0.76253253,-0.7617985,-0.759853,-0.75399506,-0.75053215,-0.7453498,-0.7425848,-0.7394254,-0.73632824,-0.7336046,-0.7291258,-0.7224704,-0.717451,-0.71445096,-0.706026,-0.7017688,-0.6988822,-0.6925028,-0.6878286
115,-0.799447,-0.79816705,-0.7957497,-0.79333293,-0.7940024,-0.79454577,-0.7978667,-0.8037611,-0.80762005,-0.8140222,-0.81872827,-0.8271736,-0.82961977,-0.83564854,-0.84083784,-0.84453994,-0.8527216,-0.8572365,-0.8570237,-0.85813105,-0.8639237,-0.86493045,-0.86891603,-0.8709359,-0.8722685,-0.8736409,-0.8787532,-0.88262004,-0.88578206,-0.8881963,-0.8923092,-0.8946482,-0.8960042,-0.900101,-0.9006402,-0.90140474,-0.9043272,-0.90301764,-0.90396273,-0.90296364,-0.9027499,-0.9056279,-0.90663606,-0.9086115,-0.91126645,-0.9128132,-0.91298103,-0.9168266,-0.9191741,-0.9221991,-0.92397183,-0.92657626,-0.926212,-0.92614686,-0.92667353,-0.931052,-0.93057096,-0.93162555,-0.93330145,-0.93518525,-0.93443596,-0.93396866,-0.9354674,-0.9371257,-0.93402946,-0.93274224,-0.93015224,-0.93009603,-0.9293084,-0.9290387,-0.92665493,-0.9255303,-0.92403746,-0.9209812,-0.9168817,-0.91578484,-0.91571873,-0.91605425,-0.9182285,-0.91769326,-0.91679174,-0.91731167,-0.9189677,-0.92148143,-0.91811544,-0.91618127,-0.91388595,-0.91515225,-0.91202056,-0.9094181,-0.9098757,-0.9072937,-0.90687704,-0.9042753,-0.9055133,-0.90421724,-0.90266263,-0.9013031,-0.8990389,-0.8965586,-0.89280635,-0.89135706,-0.8925403,-0.8927399,-0.89107245,-0.8898859,-0.88751876,-0.88609713,-0.8831854,-0.88296574,-0.8811771,-0.8789666,-0.87732136,-0.8727746,-0.87254876,-0.87226886,-0.86956054,-0.86762255,-0.8645891,-0.8647755
116,-0.6400233,-0.6545428,-0.6620993,-0.67175305,-0.6784556,-0.6916586,-0.70322275,-0.712316,-0.7234852,-0.7358744,-0.7451929,-0.7550971,-0.7617467,-0.7740232,-0.7820493,-0.7895235,-0.79735243,-0.80253375,-0.8065696,-0.81077784,-0.81852055,-0.8240267,-0.8309773,-0.8363301,-0.8389034,-0.84180576,-0.84704095,-0.8522698,-0.8553136,-0.85702455,-0.8598814,-0.8646854,-0.8652337,-0.87123317,-0.8754241,-0.8802681,-0.88497096,-0.89089,-0.89614594,-0.89815205,-0.9021209,-0.90581787,-0.9090107,-0.91386527,-0.9159271,-0.9184598,-0.92126447,-0.9280303,-0.93172026,-0.9328016,-0.9353406,-0.93680793,-0.9404933,-0.9432688,-0.94613266,-0.9487437,-0.94986165,-0.95453703,-0.9563304,-0.9601523,-0.95967674,-0.9632288,-0.9657132,-0.96648073,-0.9677116,-0.9680681,-0.9717736,-0.9715338,-0.972263,-0.9741723,-0.97466946,-0.97495127,-0.9757802,-0.9754969,-0.9765285,-0.97793293,-0.98140943,-0.98107177,-0.98450774,-0.98405534,-0.9837537,-0.986434,-0.9864796,-0.9873131,-0.9879464,-0.99178827,-0.99205333,-0.9950911,-0.99191695,-0.99252844,-0.99409354,-0.992303,-0.9940239,-0.99467534,-0.99470425,-0.9970167,-0.999462,-1.0016636,-1.0023109,-1.0035722,-1.0048196,-1.0066864,-1.009476,-1.0114598,-1.0095817,-1.0098718,-1.0081195,-1.0093257,-1.0096898,-1.0078285,-1.0079895,-1.0097287,-1.0120966,-1.0109441,-1.0120225,-1.0101515,-1.0100348,-1.0093819,-1.0079038,-1.0088185
117,-0.39245418,-0.392337,-0.38665536,-0.38701627,-0.38690856,-0.3856858,-0.3862655,-0.3852453,-0.38734803,-0.38853505,-0.38875264,-0.39136416,-0.3935025,-0.39113858,-0.39393258,-0.39470458,-0.3954136,-0.397165,-0.39916575,-0.39917558,-0.40142474,-0.4004593,-0.40344676,-0.40604776,-0.40955552,-0.41318926,-0.41547418,-0.4166991,-0.41830483,-0.42083073,-0.42328015,-0.4263237,-0.4261732,-0.4306534,-0.4321278,-0.4337945,-0.436165,-0.4378426,-0.44287142,-0.44349805,-0.44528645,-0.44639984,-0.4477353,-0.45060092,-0.45367378,-0.45555347,-0.45678267,-0.45984346,-0.4631652,-0.4640848,-0.4651236,-0.4640922,-0.4659484,-0.46669817,-0.46828175,-0.4688427,-0.46992773,-0.47160095,-0.47429162,-0.4781093,-0.48244148,-0.4841954,-0.48715335,-0.4883689,-0.48929015,-0.48993406,-0.49112678,-0.49301657,-0.49222,-0.4935471,-0.49396595,-0.4966375,-0.50127304,-0.501003,-0.5025195,-0.50393766,-0.5060798,-0.5055133,-0.50662917,-0.51091456,-0.513391,-0.51581806,-0.5153413,-0.51681453,-0.5179485,-0.5195528,-0.51861006,-0.5214209,-0.52368,-0.52304506,-0.5244694,-0.5258611,-0.5261641,-0.5278046,-0.530152,-0.53076506,-0.5337294,-0.5350252,-0.5346529,-0.5381412,-0.5394997,-0.5419647,-0.5452998,-0.5476821,-0.54607785,-0.54844105,-0.54777926,-0.54848313,-0.55086315,-0.55158985,-0.55350614,-0.55382085,-0.55340326,-0.55049956,-0.55209076,-0.55196106,-0.55422354,-0.5541293,-0.55617356,-0.5583854
118,-0.18800686,-0.18481924,-0.18801229,-0.18497877,-0.17710246,-0.17409685,-0.1716431,-0.16376176,-0.1629223,-0.1621481,-0.16269967,-0.16176933,-0.15892462,-0.15235387,-0.14981803,-0.1511113,-0.15003607,-0.14592104,-0.14276321,-0.14123327,-0.14134203,-0.13988316,-0.1386543,-0.13687459,-0.13321242,-0.12991792,-0.12957555,-0.1261503,-0.12447697,-0.12165628,-0.119179964,-0.11681761,-0.115613066,-0.116184056,-0.116055444,-0.11378132,-0.110217944,-0.10637293,-0.10066877,-0.09805186,-0.094096586,-0.09056012,-0.09033463,-0.088013805,-0.0847245,-0.08392462,-0.082397595,-0.080290414,-0.07861754,-0.07564908,-0.07457398,-0.07095761,-0.068229534,-0.06467125,-0.061726164,-0.058960825,-0.05501302,-0.05291586,-0.054825716,-0.05346747,-0.05166229,-0.048763357,-0.04697645,-0.04416539,-0.038839255,-0.037008785,-0.033384163,-0.030006507,-0.027012417,-0.024316292,-0.021095818,-0.019952143,-0.0168106,-0.013359711,-0.008362791,-0.0068878336,-0.0033897678,0.0026980552,0.004954149,0.007943487,0.0103717,0.011790579,0.014820916,0.02012091,0.022819212,0.024551619,0.028952535,0.029504424,0.033593006,0.03755004,0.04070708,0.046151824,0.04866559,0.050681602,0.055385638,0.055768527,0.05746029,0.060682304,0.06724869,0.07148402,0.07397644,0.079264924,0.081582695,0.08351538,0.09011472,0.0913177,0.095366165,0.098903544,0.10166292,0.104155436,0.10921551,0.111477114,0.1134917,0.11744074,0.119776346,0.124606274,0.12778708,0.12930846,0.13496064,0.13801941
119,-0.531506,-0.54164314,-0.5499609,-0.55826885,-0.5690815,-0.579646,-0.59246457,-0.6039567,-0.6168702,-0.6282354,-0.6372463,-0.6497594,-0.66096175,-0.67158544,-0.68418825,-0.6919044,-0.70168275,-0.7115181,-0.7212251,-0.73083794,-0.7405078,-0.7490868,-0.75956786,-0.7670389,-0.77650267,-0.78205866,-0.79064184,-0.8000113,-0.805284,-0.8148301,-0.8218025,-0.8306573,-0.83673096,-0.84339714,-0.8503998,-0.8554959,-0.8605622,-0.86502254,-0.8683839,-0.8742434,-0.8780956,-0.8833965,-0.8875536,-0.895422,-0.9001044,-0.9060689,-0.91178244,-0.91968614,-0.9247155,-0.9322996,-0.93812084,-0.93968946,-0.9431135,-0.9501834,-0.95371926,-0.9590274,-0.96297085,-0.96886194,-0.9739866,-0.97891444,-0.9790021,-0.9822199,-0.9861282,-0.9911443,-0.99427766,-0.9971528,-1.0008132,-1.0059944,-1.0094733,-1.0114577,-1.0147072,-1.017205,-1.0194983,-1.0232208,-1.0235122,-1.0260885,-1.0255167,-1.0273721,-1.0285549,-1.0287902,-1.031779,-1.0359461,-1.0362588,-1.0384818,-1.0401385,-1.0436778,-1.0436852,-1.0464114,-1.0493875,-1.0503863,-1.0546463,-1.0558555,-1.0573494,-1.0622084,-1.0635856,-1.065644,-1.0671482,-1.0678674,-1.0663115,-1.068145,-1.0697874,-1.0716579,-1.0752685,-1.0778143,-1.0766687,-1.0774273,-1.0754308,-1.0754224,-1.0770743,-1.0790002,-1.0802584,-1.078656,-1.076541,-1.0755309,-1.0749357,-1.0707037,-1.0726824,-1.0718613,-1.0686942,-1.0667343
120,-0.48144525,-0.48655623,-0.49046645,-0.49551088,-0.501386,-0.5089347,-0.5158639,-0.52072734,-0.5289784,-0.53774613,-0.54612535,-0.5534962,-0.56031954,-0.5653594,-0.57399356,-0.578621,-0.586132,-0.59212345,-0.5998052,-0.6067086,-0.61298954,-0.6182946,-0.6258887,-0.6296355,-0.63590753,-0.64298475,-0.6470601,-0.6544981,-0.66144824,-0.66950476,-0.6743767,-0.6782967,-0.6844639,-0.6899489,-0.69547904,-0.69962496,-0.7023808,-0.70878285,-0.7133044,-0.7183753,-0.7224999,-0.7281193,-0.72931826,-0.7377756,-0.7423904,-0.7469827,-0.74937475,-0.75607586,-0.7600385,-0.7649062,-0.7677015,-0.77431834,-0.7792659,-0.78296196,-0.78646094,-0.790605,-0.7936939,-0.79633445,-0.800392,-0.803778,-0.80427855,-0.80764914,-0.81203586,-0.8177967,-0.8168367,-0.8205396,-0.82339084,-0.828623,-0.83212596,-0.834208,-0.8352319,-0.8396859,-0.8442868,-0.84694546,-0.84690535,-0.8502963,-0.8524046,-0.85147125,-0.85659707,-0.8564526,-0.85924613,-0.86077154,-0.86339223,-0.8638779,-0.86692846,-0.8720137,-0.87220365,-0.87378806,-0.8747306,-0.8760576,-0.8789226,-0.8805544,-0.88402116,-0.8867003,-0.8910085,-0.8920453,-0.89288807,-0.8954318,-0.896633,-0.899137,-0.9015254,-0.9034916,-0.9057312,-0.9110678,-0.91174984,-0.9133336,-0.91524917,-0.91494834,-0.9183243,-0.91871625,-0.919566,-0.9195612,-0.91696614,-0.9165698,-0.9156312,-0.9142294,-0.9157847,-0.91802293,-0.92027634,-0.9202439
121,0.3393939,0.33363426,0.32812563,0.32297197,0.3126078,0.3031156,0.29309416,0.28259718,0.27258685,0.26453993,0.2554199,0.24702832,0.23986676,0.23028226,0.21954873,0.20976546,0.19986811,0.18961617,0.1838989,0.17712863,0.1682615,0.16062587,0.152304,0.14559576,0.13884336,0.13113515,0.1241443,0.11902462,0.112151995,0.10641478,0.09931077,0.09287809,0.08832738,0.08318972,0.078366905,0.072620705,0.06885703,0.06532924,0.06015836,0.058691464,0.05659964,0.05415625,0.04911878,0.044942196,0.04251617,0.040946566,0.03666613,0.03210085,0.028107736,0.024783943,0.021398049,0.017384239,0.014301349,0.011990645,0.008856485,0.0033798323,0.0014934229,-0.002461949,-0.004750446,-0.007793811,-0.013607234,-0.015589677,-0.01832909,-0.022567514,-0.023707118,-0.02511535,-0.029217323,-0.033073943,-0.034919895,-0.037088174,-0.038726494,-0.041086115,-0.0430791,-0.046655357,-0.047283426,-0.049533784,-0.050230134,-0.052652568,-0.058454685,-0.059011213,-0.060321473,-0.060248107,-0.06021424,-0.060387887,-0.06309439,-0.0650128,-0.06667494,-0.07019857,-0.072783016,-0.07546467,-0.076843165,-0.07844864,-0.0811506,-0.08226534,-0.08409206,-0.08742956,-0.089403056,-0.090214685,-0.08995085,-0.09287183,-0.095442034,-0.09716982,-0.100286186,-0.10401634,-0.10633688,-0.10850962,-0.11176298,-0.112659894,-0.11480625,-0.113897406,-0.115129314,-0.11649597,-0.11921253,-0.121498466,-0.12648347,-0.12902041,-0.12985478,-0.13094859,-0.13025922,-0.13236636
122,0.17322563,0.15831758,0.14887454,0.13644162,0.1264058,0.11418897,0.10098849,0.08728437,0.076940715,0.06471346,0.052808277,0.03993638,0.03221627,0.016792532,0.0047569764,-0.0019963705,-0.009379854,-0.014760191,-0.018342186,-0.025309995,-0.03153399,-0.03572548,-0.042057257,-0.046349905,-0.05293315,-0.056085657,-0.06381183,-0.06707386,-0.07315003,-0.07784827,-0.08243705,-0.08682879,-0.08941037,-0.0956116,-0.09953324,-0.10314207,-0.10651978,-0.110129476,-0.115858376,-0.11707805,-0.11835909,-0.12294601,-0.12399522,-0.12743203,-0.12927613,-0.13236642,-0.13582495,-0.13900265,-0.1416896,-0.14504474,-0.1467192,-0.14896147,-0.15210459,-0.15743901,-0.15763009,-0.16181712,-0.16330452,-0.16517368,-0.16718939,-0.16874823,-0.16998255,-0.17204711,-0.17233483,-0.17503074,-0.17694938,-0.1766552,-0.17974894,-0.17947817,-0.17967738,-0.17942636,-0.17894372,-0.18107434,-0.17910312,-0.17957094,-0.1787829,-0.17536408,-0.17450795,-0.17362419,-0.17667545,-0.17832181,-0.17896432,-0.18075156,-0.17784171,-0.18022926,-0.18004522,-0.18056265,-0.18268517,-0.18422435,-0.1856248,-0.18553033,-0.1844155,-0.18187574,-0.18314004,-0.18009631,-0.1818091,-0.18406829,-0.1855044,-0.18674551,-0.18392931,-0.18562539,-0.18528669,-0.18453714,-0.18663558,-0.18692978,-0.1880664,-0.1886781,-0.18453103,-0.18354729,-0.18292776,-0.179733,-0.18021989,-0.17993857,-0.18135338,-0.18452078,-0.18460287,-0.18176256,-0.17888504,-0.17882642,-0.17737174,-0.17663302
123,-0.05560171,-0.066217534,-0.079525985,-0.089829855,-0.09936531,-0.11033616,-0.1161585,-0.12688309,-0.13780995,-0.14763519,-0.1570857,-0.1681706,-0.17496447,-0.18465087,-0.1918559,-0.20189789,-0.21067384,-0.21614937,-0.22185299,-0.22944546,-0.23746367,-0.24444263,-0.2521657,-0.25726622,-0.2656198,-0.26888448,-0.27624097,-0.28159434,-0.28693908,-0.29285717,-0.29822752,-0.30301657,-0.3066307,-0.3135901,-0.3192106,-0.32463393,-0.32801595,-0.3311139,-0.33306155,-0.33523598,-0.3381129,-0.34436354,-0.34751156,-0.3532258,-0.35525468,-0.3561782,-0.3607472,-0.3658653,-0.3687113,-0.3715405,-0.37343442,-0.37347946,-0.3762714,-0.37678126,-0.378486,-0.38291544,-0.38479728,-0.38796824,-0.39007252,-0.390495,-0.3936419,-0.39263228,-0.39470452,-0.39606282,-0.39642805,-0.39638156,-0.39918536,-0.4003995,-0.40452895,-0.40619746,-0.40656853,-0.408992,-0.4099769,-0.40907535,-0.40907398,-0.409259,-0.40937257,-0.40991753,-0.41026592,-0.4104105,-0.4129373,-0.41492748,-0.4167025,-0.4198281,-0.4207688,-0.4242248,-0.42345947,-0.42500287,-0.4250105,-0.4267982,-0.42935205,-0.42734104,-0.42774314,-0.4278515,-0.4293335,-0.4304216,-0.43136764,-0.4341217,-0.4339653,-0.43242106,-0.43286282,-0.43317905,-0.435182,-0.4364361,-0.437601,-0.43688422,-0.4362986,-0.4357279,-0.43396226,-0.43581676,-0.43650165,-0.43491086,-0.43417263,-0.43221718,-0.43133387,-0.4316402,-0.43081743,-0.43200278,-0.4285304,-0.42917052
124,-0.2600994,-0.26534873,-0.2731396,-0.278563,-0.28407115,-0.29064316,-0.29869056,-0.30915856,-0.31740913,-0.32572117,-0.33243325,-0.3362277,-0.34249476,-0.35258502,-0.3577334,-0.3653092,-0.37039623,-0.3754622,-0.37971848,-0.3847044,-0.38878268,-0.39569238,-0.4015724,-0.40471983,-0.40982276,-0.41352803,-0.42030543,-0.42558312,-0.42841595,-0.4315513,-0.4350937,-0.43960872,-0.44315776,-0.44588035,-0.45105758,-0.4535734,-0.45763025,-0.4637692,-0.46746176,-0.4734838,-0.47845167,-0.4827231,-0.48645633,-0.49031073,-0.49652892,-0.49938798,-0.5037371,-0.5082195,-0.51179,-0.5179238,-0.5214646,-0.5249929,-0.52761936,-0.53209233,-0.53387535,-0.53823864,-0.54241127,-0.54610586,-0.5444488,-0.54741526,-0.5480372,-0.5503991,-0.55375105,-0.559114,-0.5581532,-0.56152636,-0.56468403,-0.5673629,-0.5708291,-0.57411313,-0.5754449,-0.5762433,-0.57900953,-0.58355594,-0.5843511,-0.5867051,-0.5889717,-0.591352,-0.5940605,-0.59593266,-0.5990198,-0.60177076,-0.60331154,-0.60893905,-0.6119723,-0.6177484,-0.61922824,-0.62340003,-0.625156,-0.62835413,-0.63198525,-0.6320638,-0.6367387,-0.6395451,-0.64184636,-0.6436821,-0.6474848,-0.6530005,-0.65434515,-0.65618455,-0.6607507,-0.6636623,-0.66752505,-0.67067546,-0.6734381,-0.6761595,-0.67906296,-0.68264914,-0.6857108,-0.68858963,-0.6909989,-0.69414127,-0.69446385,-0.6974313,-0.70295715,-0.7041813,-0.7055973,-0.7077573,-0.7101245,-0.71533036
125,1.0681676,1.0583774,1.0513332,1.0403297,1.0258414,1.0202103,1.015909,1.0072455,1.0024561,0.9976038,0.99509573,0.9895834,0.9856492,0.9800146,0.97624797,0.9742156,0.9721521,0.969573,0.9666983,0.96471214,0.9638752,0.96119624,0.9571781,0.9539827,0.95010597,0.9488267,0.94470775,0.9430541,0.9413875,0.9400344,0.9360922,0.9338807,0.9328033,0.9289907,0.92676926,0.9246982,0.9246262,0.9221221,0.91890496,0.9184063,0.9164685,0.91442394,0.912432,0.9123603,0.9120038,0.9105896,0.9084236,0.90637636,0.9064048,0.90399665,0.90388286,0.90231264,0.9021201,0.9008995,0.8984386,0.895697,0.89876235,0.8987907,0.8938595,0.89557874,0.8951992,0.89569694,0.89488184,0.8927519,0.8898283,0.88988733,0.890395,0.8865136,0.886837,0.8860979,0.8862575,0.8885937,0.8869044,0.8875251,0.88979053,0.88790596,0.8889554,0.88921624,0.88944274,0.8896192,0.88985765,0.8884777,0.8881243,0.88967085,0.8902067,0.88729775,0.88857186,0.8880453,0.8902028,0.89221543,0.8910597,0.88950855,0.891867,0.89393866,0.89505136,0.8934296,0.89281845,0.89400613,0.8951818,0.8922328,0.8929914,0.8940834,0.89656734,0.89604044,0.9008272,0.90334094,0.89922255,0.90093124,0.90012264,0.90027314,0.9013855,0.9037172,0.90472347,0.9082028,0.9088088,0.90687436,0.90754,0.908383,0.9099871,0.91009873
126,0.5059199,0.49930936,0.49320644,0.4841712,0.4738699,0.46386036,0.4566481,0.4498244,0.44258976,0.435,0.43097153,0.42332155,0.41852704,0.41106138,0.40486962,0.3991205,0.39275354,0.38748723,0.3806778,0.37610474,0.37076017,0.36532107,0.36041903,0.35744444,0.3523375,0.3496607,0.34762245,0.34409103,0.33897611,0.3341048,0.33077112,0.3287061,0.32669598,0.32056302,0.3190865,0.31523952,0.31436434,0.3099437,0.30824584,0.30238602,0.29792985,0.29409736,0.2892077,0.28706208,0.28495324,0.28034633,0.27712512,0.27485603,0.27026904,0.2680084,0.2675316,0.26508626,0.26285428,0.2582714,0.2555918,0.25389868,0.25252432,0.24982981,0.24581885,0.244402,0.24273987,0.2426866,0.24058005,0.240051,0.23904291,0.2388043,0.23748672,0.23614292,0.23396306,0.23149577,0.23124865,0.22848412,0.22706668,0.22751918,0.22776952,0.22566605,0.22483274,0.22600003,0.22487299,0.22323759,0.22091892,0.21995623,0.21864077,0.21727617,0.21787854,0.21721669,0.21846446,0.21673405,0.21784452,0.21843763,0.21662764,0.21278277,0.21224241,0.21079183,0.20931086,0.20916037,0.20937769,0.20821583,0.21029052,0.20737231,0.20709601,0.20745368,0.20615248,0.20504797,0.20540181,0.20700005,0.20383248,0.20183666,0.20010655,0.20072778,0.20071168,0.19795558,0.19654621,0.1972051,0.19486102,0.19104454,0.19130394,0.19128205,0.19128743,0.18890038
127,0.2625756,0.260605,0.2543877,0.25000244,0.2451649,0.23650894,0.2274057,0.21675792,0.21162817,0.20565751,0.20109197,0.19518903,0.19487599,0.18931659,0.18601862,0.18511851,0.18096113,0.17974964,0.17634034,0.17661779,0.17465825,0.17215827,0.17032756,0.16813955,0.16394642,0.16116087,0.15822011,0.15464076,0.15416121,0.15235336,0.15226428,0.1529108,0.1492594,0.14492692,0.14342737,0.14278245,0.14213726,0.14281209,0.14089333,0.14178067,0.142651,0.14339612,0.14422533,0.14276952,0.1427284,0.14247584,0.14364825,0.14385049,0.14311324,0.14253002,0.14348686,0.14117914,0.14192775,0.14198029,0.14023402,0.1375953,0.14045736,0.14007685,0.14020488,0.13952072,0.1413569,0.14206898,0.14208904,0.14169106,0.14022198,0.14294857,0.14318521,0.14394954,0.14468159,0.1463947,0.14767173,0.1516616,0.15350224,0.15526435,0.1571522,0.15807514,0.15893462,0.16130249,0.1570836,0.15928361,0.16080967,0.16313411,0.1606899,0.15860504,0.15919288,0.15952167,0.15812904,0.15887241,0.15537813,0.15534297,0.15554619,0.15788582,0.15746877,0.16108525,0.1615822,0.16251889,0.16539958,0.16716163,0.16855004,0.1677218,0.16871068,0.1704773,0.17147347,0.17171817,0.17168137,0.17068246,0.1694866,0.17079923,0.17213377,0.17264946,0.17254129,0.17249203,0.172773,0.17084727,0.17298694,0.16971588,0.17191485,0.17165434,0.17193009,0.17300229
128,0.81276333,0.7994659,0.7885419,0.78066075,0.7660425,0.7535684,0.7446014,0.7298163,0.71855646,0.7077874,0.69704264,0.68777764,0.681461,0.66970855,0.66256297,0.6564138,0.6488928,0.64467657,0.6402576,0.63087547,0.6264616,0.6227766,0.617852,0.61262923,0.60698897,0.60086286,0.594718,0.58983356,0.587587,0.5816885,0.5783665,0.5764094,0.57408893,0.5698226,0.565641,0.5625467,0.5615562,0.55820715,0.55589485,0.55449635,0.55169654,0.5485281,0.5446416,0.5434258,0.5400881,0.5385272,0.5352232,0.5344559,0.53426635,0.5321778,0.53049767,0.52666515,0.52402526,0.52049035,0.51948625,0.5173408,0.51969814,0.5172986,0.5161475,0.51481736,0.51203054,0.5111617,0.5130484,0.51063365,0.50849926,0.5089611,0.5054949,0.5050492,0.5052849,0.5069121,0.5044905,0.50425947,0.504604,0.5039357,0.5058681,0.50855064,0.50766575,0.5104356,0.50604516,0.50774455,0.50875425,0.50917584,0.50736475,0.50245297,0.50287855,0.50127184,0.5011496,0.49876127,0.496185,0.49596515,0.49750647,0.49650058,0.4947598,0.4972121,0.49468327,0.49473852,0.49721044,0.49870148,0.49678406,0.49583212,0.49363765,0.49595714,0.49527255,0.49592796,0.49593216,0.4950831,0.4940726,0.4967997,0.49697375,0.49913865,0.497411,0.49855036,0.50064665,0.49990496,0.4997322,0.49857116,0.5008193,0.4993574,0.501481,0.5029201
129,0.24689016,0.23876014,0.22917025,0.21658075,0.20437157,0.19550167,0.1821473,0.1748615,0.16404045,0.15211879,0.14337105,0.13472584,0.1287442,0.12323989,0.113979064,0.10637621,0.097023234,0.09132271,0.086147845,0.07871345,0.07097731,0.066610955,0.059672255,0.051330052,0.04520431,0.03936658,0.032812513,0.026412223,0.02199833,0.018422717,0.015020872,0.011704041,0.0052757626,-0.00030819475,-0.004675958,-0.006942933,-0.010074586,-0.01271982,-0.015826197,-0.018159082,-0.022382649,-0.022608137,-0.02775309,-0.029586846,-0.032436334,-0.03539191,-0.040013228,-0.042377084,-0.045598395,-0.049592145,-0.05209334,-0.056039084,-0.05990324,-0.061628748,-0.064358264,-0.06681822,-0.065154985,-0.06752905,-0.06910087,-0.0715219,-0.07198218,-0.0714532,-0.07321558,-0.07480192,-0.07867737,-0.079929434,-0.08239564,-0.085023805,-0.08706959,-0.08842504,-0.08724583,-0.089483395,-0.093123086,-0.09163676,-0.091367915,-0.0907082,-0.090774395,-0.090604156,-0.09055772,-0.09120624,-0.091187604,-0.09264233,-0.09579541,-0.0964524,-0.09627412,-0.098349415,-0.094439656,-0.09609021,-0.09862459,-0.09998191,-0.09975393,-0.100467466,-0.100034095,-0.09807612,-0.10262587,-0.10378041,-0.10232737,-0.1041282,-0.103226945,-0.10426986,-0.10282811,-0.10382279,-0.10519999,-0.107544325,-0.10731181,-0.10760051,-0.11000611,-0.10980972,-0.10936973,-0.10978129,-0.11174519,-0.11213501,-0.11019602,-0.11268816,-0.11159923,-0.109943405,-0.108197644,-0.109754264,-0.10864069,-0.10823095
130,-0.15899064,-0.16789714,-0.17240562,-0.17993715,-0.19029306,-0.20000382,-0.21068189,-0.21989103,-0.230877,-0.24081238,-0.2478889,-0.2559863,-0.26283836,-0.27444926,-0.28315052,-0.2902922,-0.30256796,-0.3110358,-0.31514934,-0.321953,-0.32884496,-0.33633515,-0.34283894,-0.34854013,-0.35224572,-0.3597118,-0.36531776,-0.37114257,-0.3756244,-0.37985483,-0.38422105,-0.38959503,-0.39578176,-0.39995036,-0.40389618,-0.40808797,-0.41215634,-0.41725284,-0.42124024,-0.42615253,-0.42833495,-0.4297749,-0.4384834,-0.44237584,-0.44462067,-0.44870013,-0.45290723,-0.45789403,-0.46287376,-0.4667031,-0.4717031,-0.47658116,-0.4777418,-0.47869667,-0.48207718,-0.48653144,-0.48766333,-0.4931066,-0.49480563,-0.49791035,-0.496278,-0.4991339,-0.50015986,-0.5009395,-0.5016866,-0.50362176,-0.5057027,-0.50806904,-0.50784504,-0.50933915,-0.5084268,-0.50964856,-0.51070637,-0.5133749,-0.5106937,-0.50782967,-0.50843287,-0.50805634,-0.51167923,-0.51260555,-0.51489,-0.5152761,-0.5155457,-0.51755416,-0.5201372,-0.5230926,-0.52251154,-0.522308,-0.5232714,-0.52376187,-0.52639186,-0.5264869,-0.52709675,-0.52842635,-0.5268853,-0.52918804,-0.5291421,-0.5294306,-0.5299992,-0.5312805,-0.530928,-0.5282617,-0.5295463,-0.5317751,-0.5321983,-0.534207,-0.5365968,-0.5368678,-0.5383692,-0.53566223,-0.5339208,-0.53520286,-0.5350421,-0.5370103,-0.5356615,-0.5339922,-0.53467476,-0.53608334,-0.53508264,-0.5360201
131,-0.21449187,-0.2240617,-0.23137105,-0.2393451,-0.24310501,-0.24704996,-0.25390592,-0.26648808,-0.27370182,-0.28534,-0.29804146,-0.30947915,-0.31877878,-0.33232254,-0.34129867,-0.35072613,-0.35966977,-0.3635878,-0.37235504,-0.3815413,-0.3911601,-0.40145317,-0.41182455,-0.42105514,-0.42931628,-0.44265294,-0.4525794,-0.46421805,-0.47011557,-0.47566605,-0.48321062,-0.48987928,-0.49806586,-0.50917363,-0.51459485,-0.5242004,-0.53277916,-0.5433285,-0.55094796,-0.55596715,-0.5615183,-0.5700017,-0.57576305,-0.58138156,-0.5883857,-0.59672356,-0.60448587,-0.61281896,-0.62090683,-0.63049304,-0.6373362,-0.6465869,-0.6496073,-0.6560817,-0.66342276,-0.6709063,-0.67774683,-0.686108,-0.6918004,-0.6986016,-0.7058666,-0.70999736,-0.71406835,-0.7202736,-0.7215266,-0.72903,-0.7363506,-0.7407213,-0.7461953,-0.75253665,-0.75406367,-0.7583226,-0.76512694,-0.768919,-0.7714288,-0.77568954,-0.78129816,-0.7859058,-0.79060316,-0.7939044,-0.7971996,-0.80131006,-0.8059578,-0.80933505,-0.8148874,-0.8226315,-0.8282136,-0.8366087,-0.84265554,-0.8482555,-0.85362923,-0.8583072,-0.8643427,-0.86738837,-0.86877,-0.87251604,-0.8763108,-0.88142127,-0.88636464,-0.890004,-0.89670545,-0.89995587,-0.9071333,-0.91436213,-0.917946,-0.92046404,-0.9235156,-0.9294815,-0.93384314,-0.93622386,-0.9396847,-0.94382286,-0.9465747,-0.95003957,-0.953557,-0.9610809,-0.9661678,-0.97220916,-0.9711407,-0.9778765
132,-0.5393772,-0.54236615,-0.5474193,-0.54934156,-0.5521864,-0.55691546,-0.5636905,-0.56421524,-0.5672534,-0.57066494,-0.5741893,-0.5785252,-0.5781529,-0.5782623,-0.57911766,-0.5758804,-0.57666636,-0.5740332,-0.57109666,-0.56474674,-0.5634513,-0.56361157,-0.5619536,-0.5620246,-0.56120706,-0.5585282,-0.5583041,-0.5543771,-0.55152786,-0.5482181,-0.5473281,-0.5432685,-0.5399466,-0.53777945,-0.5358261,-0.533744,-0.5295669,-0.52615684,-0.522645,-0.5189252,-0.5150705,-0.51377714,-0.50955933,-0.5084554,-0.50606555,-0.50413173,-0.50231683,-0.4999972,-0.49665967,-0.49260038,-0.48910254,-0.4851443,-0.48043078,-0.4756132,-0.47212058,-0.4694887,-0.46676388,-0.46063074,-0.4576095,-0.45508108,-0.45162207,-0.44603625,-0.4423539,-0.4379074,-0.43274865,-0.42955288,-0.4263154,-0.41861957,-0.41146535,-0.40572223,-0.39855188,-0.39489433,-0.39136952,-0.38803354,-0.3815105,-0.37676916,-0.37309527,-0.3688013,-0.36742732,-0.36305016,-0.35822606,-0.35344607,-0.34624463,-0.34131688,-0.33622956,-0.33142585,-0.3327962,-0.32814845,-0.32224447,-0.31617096,-0.31063908,-0.30847022,-0.30374432,-0.29850894,-0.29659837,-0.29475144,-0.29015464,-0.28640443,-0.28309005,-0.27972004,-0.27493885,-0.27535918,-0.27151877,-0.26782352,-0.2625124,-0.25863704,-0.25328237,-0.24831784,-0.24415164,-0.24004436,-0.23486105,-0.23010144,-0.22522064,-0.22201066,-0.21777792,-0.21031561,-0.20652588,-0.20201337,-0.19618993,-0.19102028
133,-0.08525788,-0.09171121,-0.10348268,-0.109460235,-0.117678486,-0.13084486,-0.14610706,-0.15966019,-0.16915572,-0.18128194,-0.1924553,-0.20447221,-0.21541569,-0.22699246,-0.23999903,-0.251434,-0.26313052,-0.2757845,-0.28590328,-0.29523224,-0.30845636,-0.31815,-0.32899618,-0.34027934,-0.34887564,-0.3574521,-0.36770234,-0.3793772,-0.3886685,-0.39819446,-0.4077712,-0.4175826,-0.42787653,-0.43661553,-0.44804892,-0.45679918,-0.46849507,-0.47807002,-0.48714486,-0.4949692,-0.5055922,-0.51401216,-0.5244211,-0.534284,-0.54478526,-0.5547346,-0.560917,-0.57017213,-0.57866293,-0.58660734,-0.5949912,-0.60311097,-0.6110812,-0.6201601,-0.6276711,-0.63441116,-0.64093935,-0.64954656,-0.65812093,-0.66587716,-0.6712385,-0.67909265,-0.6866214,-0.6944595,-0.69838434,-0.7052905,-0.71224546,-0.71996677,-0.72632897,-0.73290855,-0.73798186,-0.74707973,-0.753334,-0.75959635,-0.7644354,-0.77261007,-0.7797877,-0.7855364,-0.7917681,-0.79925215,-0.8065171,-0.816356,-0.8209804,-0.8282698,-0.83316076,-0.8408944,-0.84669846,-0.85237485,-0.8577937,-0.8641591,-0.8682763,-0.8757216,-0.8833755,-0.8902146,-0.89893407,-0.9047713,-0.90977746,-0.9171278,-0.9223677,-0.929602,-0.9343529,-0.93809766,-0.94597995,-0.95232326,-0.9565116,-0.9630232,-0.96794015,-0.9755229,-0.9800949,-0.987136,-0.99260426,-0.99782926,-1.0038407,-1.0058334,-1.0115564,-1.0160763,-1.0210054,-1.0241039,-1.0306989,-1.037141
134,-0.2817317,-0.2932506,-0.30471694,-0.3157389,-0.3245853,-0.33699256,-0.34811217,-0.3602578,-0.3720254,-0.38174587,-0.3897632,-0.4012435,-0.41106933,-0.4184486,-0.4319167,-0.4398858,-0.4487709,-0.4579588,-0.4662444,-0.4722728,-0.4829023,-0.4901196,-0.5006355,-0.50942194,-0.5192238,-0.52672195,-0.53474945,-0.54044604,-0.54969275,-0.55588645,-0.5653056,-0.57075703,-0.5784639,-0.58734596,-0.59687763,-0.6056036,-0.61403203,-0.6233609,-0.62934715,-0.63582623,-0.6413554,-0.65066767,-0.65777063,-0.6655696,-0.67248064,-0.68043655,-0.6872865,-0.6952013,-0.70443416,-0.71514016,-0.72341406,-0.7290496,-0.7376913,-0.74567676,-0.7507609,-0.7566227,-0.7625414,-0.7675896,-0.77408445,-0.7811439,-0.7869602,-0.79193056,-0.79915446,-0.8059225,-0.80880654,-0.8131531,-0.81926644,-0.8229572,-0.82800806,-0.8346714,-0.83938044,-0.84446716,-0.8497864,-0.8535879,-0.85534,-0.8611716,-0.8666838,-0.87042797,-0.87625253,-0.879238,-0.8848842,-0.8917343,-0.8956629,-0.89543736,-0.90078145,-0.9047775,-0.9070255,-0.91186506,-0.9140423,-0.9169308,-0.9211879,-0.923453,-0.93085396,-0.936631,-0.94076586,-0.9449229,-0.94484794,-0.94766027,-0.9509088,-0.9551674,-0.96047914,-0.9628023,-0.9682929,-0.9738777,-0.97729003,-0.98088706,-0.9851478,-0.98817474,-0.99180937,-0.993662,-0.9989902,-1.0001755,-1.0037711,-1.0072228,-1.009341,-1.0066868,-1.0101464,-1.0132658,-1.0139664,-1.0165961
135,-0.30672887,-0.31654173,-0.32100022,-0.32556146,-0.33501452,-0.34103113,-0.34813133,-0.35783574,-0.3657083,-0.37877622,-0.39039364,-0.40177745,-0.40991467,-0.41714826,-0.42565316,-0.43497843,-0.4454371,-0.455691,-0.4625489,-0.46884805,-0.47962198,-0.48888606,-0.498248,-0.5044894,-0.50974005,-0.5173755,-0.5249605,-0.5310558,-0.53708464,-0.54525864,-0.552579,-0.5611375,-0.5659486,-0.57560307,-0.58193654,-0.5909405,-0.59862065,-0.6070278,-0.61251336,-0.6166887,-0.62070566,-0.626543,-0.6309083,-0.6363721,-0.64309275,-0.6477169,-0.65296733,-0.6585761,-0.66588783,-0.6708193,-0.67584574,-0.680526,-0.68403924,-0.68940705,-0.69421375,-0.7009034,-0.704484,-0.7109946,-0.7131243,-0.71737295,-0.7207564,-0.7237535,-0.7278509,-0.7318123,-0.7349522,-0.7359021,-0.74276924,-0.74709857,-0.74761075,-0.7513844,-0.75514877,-0.7561581,-0.7580594,-0.7594856,-0.76036024,-0.7661222,-0.7699433,-0.77474236,-0.78192204,-0.78378284,-0.78759086,-0.79208463,-0.7947582,-0.79789793,-0.7985278,-0.8046814,-0.8081393,-0.811806,-0.81280744,-0.816131,-0.81921196,-0.8204994,-0.82397586,-0.8284629,-0.8299683,-0.8335635,-0.8342633,-0.8388394,-0.84004515,-0.8433753,-0.8437935,-0.8457953,-0.8507532,-0.85326326,-0.85599345,-0.85916185,-0.85929376,-0.8648081,-0.8683998,-0.86806345,-0.86791813,-0.86933357,-0.8712948,-0.8672379,-0.8688181,-0.86908215,-0.8725874,-0.87580377,-0.8743619,-0.8767358
136,-0.04339557,-0.04998363,-0.05806802,-0.06239187,-0.06914709,-0.07785018,-0.081619,-0.08703016,-0.09181933,-0.09763905,-0.1026472,-0.10635849,-0.11000784,-0.114793494,-0.11889561,-0.12033534,-0.12313356,-0.12642059,-0.12778227,-0.12853993,-0.134027,-0.13773158,-0.13990788,-0.1425499,-0.14416447,-0.14769112,-0.15032572,-0.15203652,-0.15325052,-0.15482631,-0.15818742,-0.15728351,-0.15765324,-0.16187096,-0.1667653,-0.17129974,-0.17342381,-0.17514963,-0.17891484,-0.18155196,-0.1813583,-0.18325946,-0.18535212,-0.1863306,-0.18932149,-0.18976805,-0.18978591,-0.19145076,-0.19335203,-0.1942212,-0.19682083,-0.1960648,-0.19509807,-0.1964351,-0.1963346,-0.19951537,-0.19772902,-0.1968433,-0.19611844,-0.19605637,-0.19462517,-0.19409153,-0.19442204,-0.19555394,-0.19562665,-0.19445112,-0.19465819,-0.19509971,-0.19329062,-0.19215302,-0.19229975,-0.19157612,-0.18967637,-0.18621638,-0.18497968,-0.18292181,-0.1822121,-0.18174316,-0.18380734,-0.18114522,-0.17883933,-0.1798014,-0.17823383,-0.1790787,-0.17663763,-0.17733538,-0.17436205,-0.17228606,-0.1721116,-0.1706668,-0.16791376,-0.16670081,-0.16626507,-0.16517025,-0.16507745,-0.16498947,-0.16374023,-0.16232309,-0.16362976,-0.16232851,-0.16211331,-0.15838194,-0.15852784,-0.1570132,-0.15343264,-0.15356526,-0.15452649,-0.15206093,-0.15066767,-0.14902177,-0.14704487,-0.14580767,-0.14506076,-0.14151403,-0.13792317,-0.13742225,-0.13633467,-0.13508697,-0.13257328,-0.13259293
137,-0.41835076,-0.41998944,-0.41994318,-0.42418098,-0.42938742,-0.43461806,-0.43783408,-0.44375736,-0.44746867,-0.4546032,-0.45969382,-0.4653825,-0.47049588,-0.47999534,-0.48493823,-0.49141145,-0.49978632,-0.5027524,-0.50709474,-0.51212585,-0.51733124,-0.52105695,-0.5276581,-0.53375924,-0.53857034,-0.54503125,-0.54988027,-0.5554171,-0.5589763,-0.5614149,-0.56625974,-0.5721254,-0.5728842,-0.5752982,-0.57971203,-0.5845274,-0.5895268,-0.5920947,-0.59581006,-0.5983617,-0.60140824,-0.60525376,-0.6056034,-0.6111283,-0.61342347,-0.61671376,-0.62229085,-0.62712306,-0.6313152,-0.63606614,-0.6373289,-0.63953316,-0.64000547,-0.6421281,-0.6468401,-0.651046,-0.6542985,-0.65882516,-0.66098464,-0.6661065,-0.6664982,-0.6679516,-0.6706388,-0.6726383,-0.6767867,-0.6776566,-0.68244797,-0.6860825,-0.6903397,-0.69114023,-0.6931093,-0.694883,-0.69788325,-0.70067674,-0.702759,-0.70516837,-0.7049052,-0.7078904,-0.7112031,-0.7123468,-0.7148643,-0.7171453,-0.7192968,-0.71740586,-0.7200436,-0.72187793,-0.7246527,-0.7261569,-0.7296481,-0.73150975,-0.7340802,-0.73653156,-0.739555,-0.74192655,-0.7449402,-0.74526006,-0.74847114,-0.75208205,-0.7533833,-0.7560263,-0.7556092,-0.7566771,-0.7604097,-0.7624248,-0.76380986,-0.76398075,-0.76378834,-0.76551855,-0.7665733,-0.76639473,-0.76873183,-0.76951706,-0.7696843,-0.77125037,-0.77385986,-0.7737275,-0.775597,-0.7803842,-0.7800412,-0.7818767
138,-0.20869955,-0.21470392,-0.21780184,-0.22076741,-0.22766025,-0.23030004,-0.23602453,-0.24539271,-0.2525563,-0.25801498,-0.2644925,-0.270571,-0.27301234,-0.2787052,-0.28456426,-0.28949887,-0.2959293,-0.2988203,-0.30150253,-0.30462188,-0.30729887,-0.3067194,-0.31183973,-0.31445646,-0.31719828,-0.31933734,-0.32431218,-0.3277732,-0.33095902,-0.33380195,-0.33975095,-0.34505606,-0.3491971,-0.35086137,-0.3537937,-0.35641733,-0.35984236,-0.36145565,-0.36477214,-0.3678683,-0.37301072,-0.37612432,-0.38116258,-0.38638425,-0.3911881,-0.39765114,-0.40060884,-0.4055224,-0.4105784,-0.41521186,-0.41815764,-0.4211983,-0.42791215,-0.43379158,-0.43734044,-0.44217053,-0.44644207,-0.44871694,-0.45286027,-0.45590863,-0.4581265,-0.461826,-0.46473098,-0.46886364,-0.4705556,-0.47270504,-0.47551566,-0.47784153,-0.48169288,-0.48418838,-0.48720104,-0.48944455,-0.49284762,-0.49657202,-0.49978065,-0.50225055,-0.503816,-0.50564444,-0.5087208,-0.51369643,-0.5175271,-0.52063644,-0.52224046,-0.52594274,-0.5275496,-0.5330712,-0.53151566,-0.5350994,-0.5365213,-0.5390537,-0.5401355,-0.5441101,-0.5472089,-0.5497968,-0.55124074,-0.55394983,-0.5549108,-0.5577986,-0.56183153,-0.5656299,-0.56645894,-0.57004637,-0.5747772,-0.5780225,-0.57952404,-0.5809078,-0.58241844,-0.58437884,-0.5878533,-0.59034836,-0.592968,-0.5967226,-0.599863,-0.60492533,-0.6077155,-0.60779434,-0.60854113,-0.61030424,-0.6126288,-0.6135046
139,0.20145419,0.20461218,0.20943475,0.21359015,0.21674454,0.22004637,0.216675,0.21572287,0.21717045,0.21847947,0.2194817,0.2199862,0.21827063,0.21884784,0.21886015,0.21737747,0.21705106,0.21951596,0.21579394,0.2151001,0.21569173,0.21621343,0.21375012,0.21352057,0.21225297,0.20912015,0.20759861,0.20584126,0.2055107,0.20364198,0.20013532,0.19903281,0.19640277,0.19130114,0.18501636,0.18195796,0.18051785,0.17508288,0.16978303,0.16991642,0.17017278,0.16848008,0.16582537,0.16329142,0.16227297,0.15853044,0.1533223,0.14931682,0.14597465,0.14180925,0.139477,0.13652234,0.13522366,0.13246658,0.1302003,0.12701665,0.123794034,0.121778205,0.11868645,0.11618227,0.11489447,0.11529112,0.11241056,0.11053272,0.10486324,0.10132913,0.096081614,0.091893956,0.08848488,0.08550185,0.08385976,0.07882965,0.075020984,0.07264987,0.07231841,0.07036614,0.06792445,0.06554548,0.061118267,0.058867455,0.054601323,0.05007747,0.04758971,0.04390619,0.039680928,0.034348603,0.03351005,0.029378925,0.023361703,0.019199993,0.015339879,0.0120899305,0.009058376,0.0063469866,0.0030130215,-0.0035586157,-0.0070953458,-0.012768468,-0.015223685,-0.021356758,-0.026459813,-0.028472522,-0.033677164,-0.039990027,-0.042406984,-0.050719477,-0.05440437,-0.056489952,-0.06260594,-0.0653066,-0.07002501,-0.07235722,-0.074670814,-0.08129786,-0.08625372,-0.09123017,-0.09528535,-0.09635653,-0.101182565,-0.10535185
140,-0.09851752,-0.09556407,-0.09669664,-0.10087393,-0.10195573,-0.10955216,-0.11353221,-0.11790147,-0.12155552,-0.12459333,-0.1269556,-0.12778027,-0.13058051,-0.12867536,-0.1297747,-0.13142724,-0.13332182,-0.13481347,-0.13971607,-0.13905184,-0.1403005,-0.14301267,-0.14654312,-0.1478385,-0.14968058,-0.15020476,-0.15264124,-0.15812214,-0.15884365,-0.16042091,-0.16326335,-0.16579969,-0.16751178,-0.16844197,-0.16979459,-0.17114928,-0.17208782,-0.17236933,-0.17430049,-0.17566964,-0.17643714,-0.17851265,-0.17997889,-0.18198018,-0.18184645,-0.18306325,-0.1864896,-0.18974316,-0.19200161,-0.19382095,-0.19492415,-0.19595242,-0.19687818,-0.19826522,-0.19867921,-0.20221572,-0.20590684,-0.20773225,-0.20728414,-0.2098892,-0.212123,-0.216189,-0.21940744,-0.2206368,-0.2252839,-0.2277359,-0.2308135,-0.23348315,-0.23485127,-0.23673454,-0.23452118,-0.23532622,-0.23384294,-0.23296745,-0.23326755,-0.23434696,-0.23543015,-0.23952906,-0.24242303,-0.24382293,-0.24777699,-0.25001442,-0.25107202,-0.25030705,-0.2529957,-0.25707254,-0.25493428,-0.25739902,-0.25933835,-0.2604807,-0.26069334,-0.26281086,-0.26493174,-0.2667768,-0.26859754,-0.27299348,-0.27365053,-0.27795392,-0.27792352,-0.28110817,-0.28328714,-0.28339478,-0.28692403,-0.28896356,-0.28894955,-0.29009673,-0.29392865,-0.2957193,-0.2987427,-0.30062938,-0.30415118,-0.3033678,-0.3065384,-0.30911356,-0.31385222,-0.31482336,-0.31818503,-0.3204075,-0.32316533,-0.32587305
141,-0.45329386,-0.45463854,-0.4556315,-0.46017036,-0.46195135,-0.4648071,-0.46612296,-0.47095934,-0.47563344,-0.47955078,-0.478594,-0.4805162,-0.4841447,-0.4841835,-0.48607397,-0.4907464,-0.4932452,-0.4951362,-0.49943057,-0.5020434,-0.5054116,-0.50925934,-0.5135816,-0.515649,-0.51857936,-0.5220437,-0.52643543,-0.5274161,-0.5294101,-0.5332598,-0.536455,-0.537579,-0.5382832,-0.5393187,-0.541566,-0.5413557,-0.5444411,-0.54621786,-0.54952204,-0.54995257,-0.553059,-0.55482817,-0.5578757,-0.5606048,-0.56297594,-0.56562954,-0.5675554,-0.5709284,-0.5732843,-0.5755285,-0.57757586,-0.57695913,-0.5790505,-0.58177364,-0.5846733,-0.58997405,-0.58995885,-0.5934174,-0.59377867,-0.59487534,-0.5974653,-0.59768075,-0.597935,-0.6017524,-0.5996927,-0.6024815,-0.6050374,-0.6052505,-0.60532707,-0.6075444,-0.6090305,-0.6107737,-0.6118469,-0.6157029,-0.6149851,-0.6180345,-0.6213846,-0.6232783,-0.6262322,-0.62704957,-0.62821496,-0.6327085,-0.6341001,-0.6340057,-0.63674307,-0.6384995,-0.6368051,-0.6385335,-0.6413456,-0.6428119,-0.64647186,-0.6482173,-0.64892983,-0.65098464,-0.6544806,-0.65499866,-0.6566289,-0.6559178,-0.6565045,-0.6570756,-0.65987146,-0.66269517,-0.66597295,-0.6670289,-0.66970617,-0.67151177,-0.6757013,-0.6781705,-0.6789316,-0.68048024,-0.6819554,-0.6804232,-0.68016493,-0.6794263,-0.6799588,-0.6830388,-0.6840688,-0.6835972,-0.68607634,-0.686134
142,-0.35262966,-0.3555436,-0.35723174,-0.35572046,-0.36332786,-0.36452645,-0.36841774,-0.3695568,-0.3718681,-0.37503403,-0.37694505,-0.3776249,-0.3782069,-0.37764797,-0.37868148,-0.37941223,-0.37709108,-0.37461498,-0.37653714,-0.37278992,-0.3726697,-0.37321076,-0.37465206,-0.37315768,-0.3738119,-0.3726776,-0.37593248,-0.3763061,-0.377635,-0.37648115,-0.37544447,-0.37537596,-0.37287095,-0.37108392,-0.36864656,-0.36991486,-0.3682705,-0.3670794,-0.36487466,-0.36232463,-0.36072257,-0.3572949,-0.35398346,-0.35230562,-0.3524476,-0.3499079,-0.34426078,-0.34256062,-0.34072515,-0.3407024,-0.3389484,-0.33544865,-0.33131677,-0.3295382,-0.32857907,-0.32720152,-0.32429013,-0.32339063,-0.32030606,-0.3179965,-0.31202003,-0.30799994,-0.30650768,-0.30521256,-0.30000514,-0.2967748,-0.29632312,-0.29515737,-0.29483905,-0.29305765,-0.29074675,-0.2891279,-0.28781122,-0.28449756,-0.28217104,-0.27974683,-0.27753776,-0.27447405,-0.27356064,-0.27212983,-0.26683345,-0.26612598,-0.26503158,-0.26262173,-0.259435,-0.25790873,-0.2543661,-0.2521015,-0.25161615,-0.24904773,-0.24529418,-0.24066453,-0.2378058,-0.23529057,-0.23542504,-0.23416094,-0.23185018,-0.22795434,-0.22487977,-0.2245522,-0.22088376,-0.21967244,-0.21889392,-0.21722463,-0.21487844,-0.2119778,-0.20991676,-0.20937176,-0.20544598,-0.20219445,-0.19959226,-0.19701698,-0.19381313,-0.19038098,-0.18813317,-0.18407519,-0.18109865,-0.1768709,-0.1746928,-0.17277887
143,-0.30667105,-0.31159416,-0.3126852,-0.3193312,-0.3302679,-0.33378667,-0.33968765,-0.34354407,-0.35400635,-0.364426,-0.3754035,-0.3819056,-0.38996655,-0.39750782,-0.40469807,-0.41240078,-0.4203159,-0.4255367,-0.43212342,-0.43656883,-0.4437421,-0.45007196,-0.45787343,-0.464356,-0.47266155,-0.4794163,-0.48897535,-0.49460235,-0.5022208,-0.507687,-0.51555604,-0.52297443,-0.5291429,-0.53507674,-0.54126203,-0.54580224,-0.5521547,-0.5586463,-0.5652074,-0.5702583,-0.57526624,-0.57841104,-0.5842648,-0.58930063,-0.59420955,-0.5983213,-0.6050146,-0.61016876,-0.6166786,-0.6226205,-0.6271397,-0.6315823,-0.63527656,-0.6422447,-0.6446164,-0.6511699,-0.6546286,-0.65910834,-0.6626793,-0.6657139,-0.66877973,-0.67286533,-0.6781291,-0.68420625,-0.6868627,-0.69076663,-0.6948958,-0.69719815,-0.7023913,-0.7050804,-0.707786,-0.7117737,-0.7163062,-0.7186925,-0.7218033,-0.7245195,-0.7275761,-0.72824967,-0.72921205,-0.73036814,-0.7323928,-0.7339181,-0.736267,-0.74030286,-0.73996115,-0.7449398,-0.7419582,-0.74484414,-0.74630845,-0.74965346,-0.75208986,-0.7514831,-0.75297654,-0.7554802,-0.7565054,-0.7601894,-0.7629786,-0.76508635,-0.76675993,-0.768299,-0.7703549,-0.77187485,-0.77477854,-0.777673,-0.7771424,-0.78079903,-0.78046834,-0.7804732,-0.7798114,-0.78245795,-0.78498685,-0.7860553,-0.78406465,-0.78359354,-0.78288877,-0.7830233,-0.7835257,-0.7835877,-0.78225106,-0.78326946
144,0.20719787,0.20292965,0.20016861,0.19722018,0.19312367,0.18695399,0.18279412,0.18006077,0.1734544,0.16488661,0.16262889,0.15621208,0.14859074,0.148145,0.14189653,0.13793337,0.13311572,0.12729254,0.12464049,0.119050816,0.11021843,0.103775024,0.097978234,0.09506252,0.090819694,0.08837901,0.08352101,0.079735145,0.07490786,0.07135221,0.06851967,0.063664444,0.061138082,0.056190323,0.050335877,0.04695129,0.045090295,0.04053403,0.03444227,0.030228114,0.02687284,0.023253158,0.017995799,0.015203178,0.012832776,0.009900543,0.0063417135,0.003470517,0.00031954126,-0.002361513,-0.004613412,-0.0070615737,-0.010666681,-0.015091442,-0.017462198,-0.020120963,-0.021487672,-0.023203542,-0.022210484,-0.024101015,-0.025629181,-0.026829213,-0.029597888,-0.03284482,-0.03374197,-0.03632833,-0.03777442,-0.04093642,-0.043544494,-0.046205636,-0.046642028,-0.048657298,-0.051018517,-0.052363146,-0.05298256,-0.055075854,-0.057540756,-0.05811592,-0.060068376,-0.061950006,-0.06326018,-0.06529419,-0.06721915,-0.06754548,-0.06859216,-0.07264214,-0.074020386,-0.07622376,-0.077661365,-0.07787211,-0.07797404,-0.08002353,-0.08172373,-0.08250922,-0.08455094,-0.08909438,-0.090113185,-0.092669375,-0.09232716,-0.095040716,-0.09663947,-0.09871091,-0.101672016,-0.103029236,-0.10268416,-0.10371417,-0.10396771,-0.1054819,-0.106528975,-0.10923767,-0.10975905,-0.11158532,-0.11440047,-0.11461792,-0.115333416,-0.114416376,-0.114849076,-0.11452011,-0.11302551,-0.1130965
