ROI,Month_0,Month_1,Month_2,Month_3,Month_4,Month_5,Month_6,Month_7,Month_8,Month_9,Month_10,Month_11,Month_12,Month_13,Month_14,Month_15,Month_16,Month_17,Month_18,Month_19,Month_20,Month_21,Month_22,Month_23,Month_24,Month_25,Month_26,Month_27,Month_28,Month_29,Month_30,Month_31,Month_32,Month_33,Month_34,Month_35,Month_36,Month_37,Month_38,Month_39,Month_40,Month_41,Month_42,Month_43,Month_44,Month_45,Month_46,Month_47,Month_48,Month_49,Month_50,Month_51,Month_52,Month_53,Month_54,Month_55,Month_56,Month_57,Month_58,Month_59,Month_60,Month_61,Month_62,Month_63,Month_64,Month_65,Month_66,Month_67,Month_68,Month_69
0_real,-0.9166976,,,,,,,,,-0.7785808,,,,,,,,,,,,,,,-0.9432586,,,,,,,,,,,,,,,,,,,,-0.99903655,,,,,,,,,,,,,,,,,,,,,,,,,
0_gen,-0.9166976,-0.9114084,-0.9044347,-0.8991451,-0.8902551,-0.88492566,-0.87743986,-0.8711444,-0.86489457,-0.8582652,-0.85227555,-0.8464829,-0.8389581,-0.83078396,-0.8254264,-0.8172231,-0.8107387,-0.80405235,-0.7962614,-0.7883566,-0.7816638,-0.7738858,-0.76450723,-0.75636643,-0.7504728,-0.7429043,-0.7373296,-0.72928464,-0.72491467,-0.71726763,-0.71188724,-0.7043781,-0.69786304,-0.6900685,-0.6822853,-0.67732435,-0.6699896,-0.6599598,-0.6527543,-0.6461998,-0.638265,-0.63002914,-0.6237124,-0.61626285,-0.60966116,-0.60172987,-0.59448737,-0.58615285,-0.5822183,-0.5747401,-0.568799,-0.5608114,-0.552196,-0.54636544,-0.5382401,-0.52967805,-0.5226477,-0.51696146,-0.5094608,-0.50267684,-0.49518412,-0.48627773,-0.47887206,-0.47051287,-0.4621684,-0.4552115,-0.44698173,-0.44112006,-0.43516272,-0.42706242
1_real,-2.2357266,,,,,,,,,-2.1495206,,,,,,,,,,,,,,,-2.1207855,,,,,,,,,,,,,,,,,,,,-2.326722,,,,,,,,,,,,,,,,,,,,,,,,,
1_gen,-2.2357268,-2.235293,-2.2334692,-2.2304952,-2.226683,-2.2257771,-2.2238073,-2.2215235,-2.219722,-2.217456,-2.213674,-2.2122107,-2.2098277,-2.2068224,-2.2059674,-2.2035363,-2.200561,-2.1968153,-2.1943138,-2.191072,-2.1903193,-2.18783,-2.1848598,-2.1815312,-2.178858,-2.176286,-2.1734443,-2.1707144,-2.1659846,-2.162055,-2.1617305,-2.1573353,-2.1562448,-2.1535063,-2.1528842,-2.1491642,-2.1486735,-2.1469219,-2.1442268,-2.1402822,-2.1368036,-2.1323595,-2.1307826,-2.1263595,-2.1226964,-2.1190362,-2.1157928,-2.1113248,-2.1064649,-2.1025066,-2.0974736,-2.0951943,-2.0893202,-2.0901318,-2.0870519,-2.084403,-2.0803895,-2.0765126,-2.0731826,-2.0707326,-2.0664399,-2.0604796,-2.058615,-2.0541453,-2.0489204,-2.0446975,-2.039416,-2.0361686,-2.0317988,-2.029313
2_real,-0.6237494,,,,,,,,,-0.40192097,,,,,,,,,,,,,,,-0.79102975,,,,,,,,,,,,,,,,,,,,-0.641932,,,,,,,,,,,,,,,,,,,,,,,,,
2_gen,-0.6237493,-0.63462603,-0.64217985,-0.65128434,-0.6587298,-0.6669818,-0.6758263,-0.6848162,-0.69418293,-0.70616937,-0.7148166,-0.72406375,-0.733147,-0.74045634,-0.7488402,-0.7583308,-0.76622885,-0.77594095,-0.78405315,-0.7922194,-0.8032076,-0.8137268,-0.8227819,-0.8304758,-0.8378347,-0.84663486,-0.85775506,-0.8664382,-0.8746025,-0.8841211,-0.89238703,-0.89878386,-0.90775025,-0.9164936,-0.9253405,-0.9324342,-0.9394282,-0.9499195,-0.9603895,-0.968269,-0.97803915,-0.9846395,-0.99127275,-1.0024331,-1.011575,-1.0209848,-1.0303625,-1.0440749,-1.05614,-1.0639284,-1.0718416,-1.0838212,-1.0964615,-1.1057329,-1.1113892,-1.1183718,-1.1289237,-1.1390216,-1.1482996,-1.1596378,-1.169885,-1.1795555,-1.1894627,-1.198885,-1.2072215,-1.2181485,-1.228583,-1.2389587,-1.2516873,-1.2631061
3_real,-0.7218429,,,,,,,,,-0.36878702,,,,,,,,,,,,,,,-0.5085383,,,,,,,,,,,,,,,,,,,,-0.91675913,,,,,,,,,,,,,,,,,,,,,,,,,
3_gen,-0.7218428,-0.7367975,-0.7485281,-0.75911933,-0.7656703,-0.7757053,-0.78512657,-0.7948795,-0.8063862,-0.81726426,-0.8262292,-0.8344803,-0.8422081,-0.8483135,-0.86109084,-0.87324095,-0.8841373,-0.89313126,-0.9033001,-0.9121804,-0.92019767,-0.92936814,-0.93964416,-0.9486114,-0.95587504,-0.9675368,-0.97934884,-0.9903995,-0.9998797,-1.0137011,-1.0244288,-1.0332311,-1.0437053,-1.0545169,-1.0648711,-1.0736451,-1.0844764,-1.0958959,-1.107315,-1.1161176,-1.1256821,-1.135603,-1.144637,-1.154692,-1.1612191,-1.1704627,-1.1813978,-1.1905808,-1.1978056,-1.206938,-1.2177513,-1.2291781,-1.2395482,-1.2496866,-1.2574829,-1.2703588,-1.2807335,-1.288091,-1.301027,-1.3107517,-1.3211756,-1.3329982,-1.3464265,-1.3535587,-1.3649558,-1.3759196,-1.3860215,-1.3957183,-1.4057279,-1.4156522
4_real,-1.2212863,,,,,,,,,-1.309952,,,,,,,,,,,,,,,-1.5759491,,,,,,,,,,,,,,,,,,,,-1.5537827,,,,,,,,,,,,,,,,,,,,,,,,,
4_gen,-1.2212864,-1.2313416,-1.2444508,-1.2538695,-1.263974,-1.2767278,-1.2868054,-1.2950464,-1.304945,-1.3146122,-1.3225105,-1.3338194,-1.3475062,-1.3599432,-1.3735679,-1.3882682,-1.3964828,-1.4088017,-1.4194,-1.4293743,-1.43874,-1.4479216,-1.4608061,-1.4685366,-1.4842746,-1.4947824,-1.5067137,-1.5173141,-1.5291904,-1.5420599,-1.5519272,-1.5663716,-1.5762584,-1.591205,-1.6035624,-1.61588,-1.625633,-1.640749,-1.6508741,-1.6618125,-1.6716694,-1.6834037,-1.6950953,-1.7054313,-1.7165172,-1.7249275,-1.7378473,-1.7482799,-1.7579143,-1.7709484,-1.786877,-1.7935352,-1.8031489,-1.8149532,-1.830884,-1.842398,-1.8581307,-1.8672978,-1.8797913,-1.8909363,-1.9017944,-1.9201994,-1.9291661,-1.9434912,-1.9613823,-1.9723314,-1.9832029,-1.9986641,-2.013569,-2.0247197
5_real,-0.36799854,,,,,,,,,-0.17471623,,,,,,,,,,,,,,,-0.6540564,,,,,,,,,,,,,,,,,,,,-0.5999373,,,,,,,,,,,,,,,,,,,,,,,,,
5_gen,-0.36799857,-0.38120484,-0.38825282,-0.3987455,-0.40730396,-0.4165061,-0.42857537,-0.4402679,-0.44654474,-0.45406622,-0.4649253,-0.4766287,-0.4849836,-0.49326706,-0.50218505,-0.515818,-0.5248941,-0.533798,-0.5480114,-0.556141,-0.5657201,-0.5724661,-0.58712023,-0.60269177,-0.61183363,-0.6223389,-0.62821233,-0.6400757,-0.6547891,-0.661862,-0.670792,-0.68302995,-0.6937672,-0.70414114,-0.71942604,-0.73235255,-0.74820435,-0.76193213,-0.7702173,-0.7780833,-0.7890263,-0.7965908,-0.8035542,-0.8153936,-0.824355,-0.83695364,-0.8457521,-0.85851395,-0.86887866,-0.8829835,-0.8898466,-0.9044541,-0.91551465,-0.92524976,-0.9373816,-0.94550925,-0.9558523,-0.9682107,-0.97956645,-0.9903248,-1.0025253,-1.0141268,-1.0231041,-1.0363444,-1.0482906,-1.0624912,-1.0722212,-1.0864515,-1.0992087,-1.1121645
6_real,-2.154203,,,,,,,,,-1.9949858,,,,,,,,,,,,,,,-2.494226,,,,,,,,,,,,,,,,,,,,-2.5954232,,,,,,,,,,,,,,,,,,,,,,,,,
6_gen,-2.1542032,-2.1548934,-2.1557362,-2.1554992,-2.1557536,-2.157412,-2.1587522,-2.1604428,-2.1612194,-2.161237,-2.1625912,-2.1648226,-2.1660256,-2.1666293,-2.16771,-2.1695197,-2.1698306,-2.1709492,-2.171295,-2.1723137,-2.1741462,-2.1759393,-2.1778572,-2.179834,-2.1805208,-2.1814892,-2.1817238,-2.184234,-2.187518,-2.189109,-2.1892805,-2.1903367,-2.1922696,-2.195734,-2.1991916,-2.2008765,-2.2021441,-2.2046711,-2.206152,-2.2084227,-2.2111583,-2.2121987,-2.2138429,-2.2163637,-2.2183635,-2.2195084,-2.222674,-2.2255821,-2.228895,-2.231575,-2.2347753,-2.235581,-2.2366014,-2.2379422,-2.2388153,-2.2397506,-2.2407727,-2.2422454,-2.244799,-2.248156,-2.249218,-2.2505732,-2.2517745,-2.2553349,-2.2574983,-2.2583842,-2.259809,-2.261852,-2.2635589,-2.2651012
7_real,-2.1271255,,,,,,,,,-2.185314,,,,,,,,,,,,,,,-2.1597676,,,,,,,,,,,,,,,,,,,,-2.310206,,,,,,,,,,,,,,,,,,,,,,,,,
7_gen,-2.1271253,-2.1323762,-2.1349285,-2.1373904,-2.1380436,-2.1385417,-2.1409302,-2.141394,-2.141633,-2.141265,-2.1413677,-2.1446662,-2.1458,-2.1468492,-2.150928,-2.1515152,-2.1521163,-2.153989,-2.154274,-2.1532822,-2.1558433,-2.1569142,-2.1575017,-2.1573923,-2.1574612,-2.157863,-2.159031,-2.159199,-2.158605,-2.157994,-2.1552124,-2.153666,-2.1543288,-2.154354,-2.1552763,-2.1570897,-2.1580796,-2.1566386,-2.155973,-2.158247,-2.158032,-2.1597521,-2.1609027,-2.1618664,-2.1618094,-2.162422,-2.1639428,-2.1644967,-2.1663308,-2.1662478,-2.1671562,-2.166916,-2.1670642,-2.166835,-2.166183,-2.1663136,-2.1656315,-2.16556,-2.1649795,-2.16597,-2.1663165,-2.1674457,-2.1671107,-2.1682193,-2.1671758,-2.1674123,-2.1666489,-2.1671267,-2.1676345,-2.1662679
8_real,-0.9082972,,,,,,,,,-0.81490177,,,,,,,,,,,,,,,-0.8667881,,,,,,,,,,,,,,,,,,,,-0.7699336,,,,,,,,,,,,,,,,,,,,,,,,,
8_gen,-0.9082972,-0.9141836,-0.9172989,-0.9171704,-0.9200845,-0.92384624,-0.9266257,-0.9301761,-0.9334974,-0.936189,-0.9381732,-0.941399,-0.942426,-0.94471216,-0.94621783,-0.9491931,-0.949928,-0.953533,-0.9557158,-0.9561447,-0.9599838,-0.9618529,-0.96124876,-0.96290654,-0.9656863,-0.9667102,-0.96903294,-0.9699067,-0.9728713,-0.97540045,-0.9788734,-0.9807326,-0.9824573,-0.9828433,-0.9849392,-0.98454875,-0.9862461,-0.9886112,-0.9902975,-0.9890752,-0.9889636,-0.9912079,-0.9957525,-0.9963848,-0.99947375,-1.0008609,-1.0027144,-1.0060999,-1.0094653,-1.0098906,-1.0096325,-1.0119482,-1.0149382,-1.0182364,-1.0213422,-1.0226778,-1.0226195,-1.0233088,-1.024637,-1.0288296,-1.0315309,-1.0346912,-1.0360756,-1.0380502,-1.038357,-1.0419514,-1.0444864,-1.0462213,-1.0476902,-1.0493476
9_real,-1.0203956,,,,,,,,,-1.0044469,,,,,,,,,,,,,,,-0.9215133,,,,,,,,,,,,,,,,,,,,-1.0044469,,,,,,,,,,,,,,,,,,,,,,,,,
9_gen,-1.0203955,-1.0186585,-1.0228575,-1.0267619,-1.0314597,-1.0360264,-1.038449,-1.0432351,-1.0445603,-1.0463881,-1.047873,-1.052662,-1.0542775,-1.0593932,-1.0604417,-1.0652902,-1.0687536,-1.0747468,-1.0755631,-1.0773513,-1.0800273,-1.0836871,-1.0857751,-1.0898668,-1.0938011,-1.0955279,-1.0964776,-1.0985165,-1.1034685,-1.1055627,-1.1094575,-1.1120982,-1.1138059,-1.1168025,-1.1195321,-1.1262983,-1.1295773,-1.1357383,-1.1399939,-1.1464647,-1.1507504,-1.1550404,-1.1571609,-1.162095,-1.1656024,-1.171454,-1.1747968,-1.1803321,-1.1837168,-1.1885078,-1.1924913,-1.1969457,-1.1988541,-1.2027129,-1.2030146,-1.2085398,-1.2122151,-1.2172825,-1.2216694,-1.2287103,-1.2348998,-1.2411506,-1.2436057,-1.2468201,-1.252337,-1.2560971,-1.2581685,-1.2621502,-1.2678297,-1.2699503
10_real,-0.09499769,,,,,,,,,-0.17749816,,,,,,,,,,,,,,,-0.14449798,,,,,,,,,,,,,,,,,,,,0.0073028905,,,,,,,,,,,,,,,,,,,,,,,,,
10_gen,-0.0949977,-0.09877118,-0.10134051,-0.10481463,-0.10715859,-0.108397625,-0.112271465,-0.1157787,-0.120670006,-0.12485105,-0.13012758,-0.13534905,-0.14115414,-0.14776875,-0.15417036,-0.16081136,-0.16662845,-0.17209299,-0.17588827,-0.18316504,-0.18844754,-0.1936484,-0.19981329,-0.20764735,-0.21508841,-0.22156215,-0.22878793,-0.23328972,-0.23902524,-0.24563389,-0.2519155,-0.25769764,-0.26313567,-0.27051663,-0.27555874,-0.2827089,-0.28906542,-0.2956131,-0.30171245,-0.30733973,-0.31543183,-0.32341236,-0.3289811,-0.33380166,-0.33687314,-0.3443308,-0.3505574,-0.358177,-0.36373731,-0.37249964,-0.38188285,-0.39056563,-0.39627415,-0.40265316,-0.40956473,-0.41611528,-0.422796,-0.4296585,-0.43462747,-0.4427213,-0.44948334,-0.45906577,-0.46696568,-0.47479954,-0.48085403,-0.4855179,-0.49260384,-0.49748793,-0.5052977,-0.5131973
11_real,-2.163011,,,,,,,,,-2.1315815,,,,,,,,,,,,,,,-2.4388928,,,,,,,,,,,,,,,,,,,,-2.100152,,,,,,,,,,,,,,,,,,,,,,,,,
11_gen,-2.1630113,-2.1570218,-2.1564658,-2.153003,-2.1580856,-2.1586525,-2.1584606,-2.1548965,-2.1569378,-2.15314,-2.1515195,-2.153742,-2.1533875,-2.1544194,-2.1527743,-2.1513784,-2.15278,-2.156167,-2.157868,-2.1610353,-2.1619515,-2.1595473,-2.1609132,-2.1657114,-2.1697307,-2.172725,-2.1699307,-2.176562,-2.1808,-2.1850688,-2.1840184,-2.1895585,-2.1972437,-2.1992743,-2.2000253,-2.2042627,-2.20658,-2.2077594,-2.211007,-2.2124484,-2.2179136,-2.221356,-2.2240822,-2.2268775,-2.2276254,-2.2313225,-2.2343616,-2.2362552,-2.2391047,-2.2416644,-2.2431417,-2.2466583,-2.2516227,-2.2591162,-2.2605126,-2.2668366,-2.271906,-2.2725549,-2.2740543,-2.2785609,-2.2788332,-2.2824492,-2.2841117,-2.2889755,-2.2914371,-2.2967486,-2.2976751,-2.3004715,-2.305431,-2.3074603
12_real,-1.6498382,,,,,,,,,-1.5774293,,,,,,,,,,,,,,,-1.6715609,,,,,,,,,,,,,,,,,,,,-1.7512107,,,,,,,,,,,,,,,,,,,,,,,,,
12_gen,-1.6498382,-1.6449625,-1.6441225,-1.6417458,-1.6434637,-1.6447804,-1.6501226,-1.6522424,-1.6529173,-1.6539198,-1.6533041,-1.6534086,-1.6575466,-1.6588576,-1.6621647,-1.664106,-1.6652886,-1.6702185,-1.6741569,-1.6780478,-1.678702,-1.6826031,-1.6861973,-1.688592,-1.695513,-1.6989603,-1.7057645,-1.7115281,-1.7143561,-1.7175058,-1.716594,-1.7232955,-1.7275198,-1.7286389,-1.7335825,-1.7385219,-1.7393827,-1.7458837,-1.7452593,-1.7447363,-1.7485098,-1.7564262,-1.7641554,-1.7704012,-1.7749132,-1.7775719,-1.7817078,-1.7880996,-1.7887913,-1.7938519,-1.7971532,-1.7999277,-1.8053305,-1.8122423,-1.8170332,-1.8235458,-1.8266258,-1.8293434,-1.831592,-1.8387321,-1.8424511,-1.8436931,-1.8479102,-1.8510212,-1.8569171,-1.8632574,-1.8650322,-1.8673038,-1.8766648,-1.8827918
13_real,-2.012182,,,,,,,,,-2.0168812,,,,,,,,,,,,,,,-2.0192308,,,,,,,,,,,,,,,,,,,,-2.0215805,,,,,,,,,,,,,,,,,,,,,,,,,
13_gen,-2.012182,-2.0223703,-2.0332055,-2.0458825,-2.0586717,-2.0673995,-2.0797265,-2.093605,-2.1057186,-2.115876,-2.1271353,-2.1391618,-2.1507916,-2.1636612,-2.1758428,-2.1865566,-2.1946387,-2.2065473,-2.217135,-2.2277465,-2.2379978,-2.249064,-2.260137,-2.27254,-2.2827134,-2.2939506,-2.303589,-2.3148594,-2.326552,-2.3383555,-2.3487363,-2.3604665,-2.3748784,-2.386172,-2.3963847,-2.4062638,-2.4199405,-2.4335947,-2.4445355,-2.458636,-2.4704113,-2.483907,-2.4935207,-2.506687,-2.5243125,-2.5358481,-2.5474572,-2.5605097,-2.5723324,-2.589538,-2.6009374,-2.6098804,-2.6240442,-2.6366744,-2.649919,-2.662681,-2.6767716,-2.6918879,-2.704681,-2.7174137,-2.7312768,-2.7433264,-2.7558713,-2.7698274,-2.7838037,-2.797521,-2.8147655,-2.828585,-2.8432157,-2.857063
14_real,-1.0131748,,,,,,,,,-1.1344235,,,,,,,,,,,,,,,-1.2095976,,,,,,,,,,,,,,,,,,,,-1.0107498,,,,,,,,,,,,,,,,,,,,,,,,,
14_gen,-1.0131749,-1.0297129,-1.0444351,-1.0577233,-1.0710169,-1.081538,-1.0968338,-1.1120077,-1.1267221,-1.1402408,-1.1545529,-1.1698151,-1.1823851,-1.1976734,-1.2085986,-1.2231681,-1.2385819,-1.250054,-1.263437,-1.2738361,-1.2846943,-1.2980396,-1.3115965,-1.3214135,-1.3343894,-1.3470656,-1.3565586,-1.3726938,-1.3834112,-1.3970844,-1.4153435,-1.4257748,-1.4414136,-1.4555976,-1.4694134,-1.4840945,-1.4988873,-1.5127151,-1.5265074,-1.5426338,-1.5573792,-1.569714,-1.5823,-1.5993664,-1.6128206,-1.6265764,-1.639909,-1.6526439,-1.6669222,-1.6835349,-1.6963274,-1.7112472,-1.726074,-1.7394508,-1.7557967,-1.7698046,-1.7815222,-1.795846,-1.8128221,-1.8293642,-1.8437967,-1.8589976,-1.87452,-1.8869416,-1.9031525,-1.9154642,-1.9329517,-1.9483429,-1.965815,-1.9799067
15_real,-0.110139385,,,,,,,,,-0.45457596,,,,,,,,,,,,,,,-0.47072142,,,,,,,,,,,,,,,,,,,,-0.3899941,,,,,,,,,,,,,,,,,,,,,,,,,
15_gen,-0.110139385,-0.09482445,-0.07687251,-0.055342287,-0.036964133,-0.022060452,-0.0045337365,0.014198978,0.026281059,0.04319472,0.061004885,0.07507924,0.092019565,0.10591172,0.1271177,0.14569762,0.15845342,0.17630483,0.2001628,0.21753883,0.2285777,0.2479914,0.2613003,0.28658128,0.30218843,0.31712443,0.33438724,0.3497162,0.36664444,0.3853585,0.4058589,0.42554617,0.44350785,0.46010986,0.48290983,0.5015062,0.5193632,0.5359231,0.5566044,0.5764173,0.59860647,0.6185754,0.63590497,0.65581673,0.6813842,0.7044439,0.7311139,0.75577205,0.77372277,0.79658496,0.8143671,0.83515227,0.86119235,0.8883088,0.91157025,0.9357747,0.9602475,0.98380774,1.0041096,1.0239817,1.0501103,1.0730253,1.0975096,1.1191431,1.143996,1.1721957,1.1917176,1.2131017,1.2368407,1.2615162
16_real,0.3579365,,,,,,,,,0.0223994,,,,,,,,,,,,,,,-0.018897474,,,,,,,,,,,,,,,,,,,,0.19791111,,,,,,,,,,,,,,,,,,,,,,,,,
16_gen,0.35793647,0.3742564,0.39379185,0.41286355,0.43145674,0.44610935,0.4642737,0.48334092,0.49773636,0.514651,0.5311189,0.54842764,0.56452215,0.5814785,0.594902,0.61401933,0.6307036,0.6456572,0.66456634,0.6794094,0.6966766,0.7124356,0.73274523,0.750268,0.76974547,0.78433883,0.79941905,0.81752425,0.8421885,0.863252,0.8823808,0.9016239,0.9219028,0.9471256,0.96425474,0.9868493,1.0086673,1.0299451,1.0538024,1.0794531,1.0969906,1.1197457,1.1429405,1.1677953,1.189413,1.2109745,1.2322395,1.2533525,1.2755709,1.2931942,1.3225987,1.3403498,1.3645067,1.3890213,1.4122742,1.4362828,1.4595493,1.4850397,1.5101902,1.5342934,1.554534,1.583066,1.609515,1.6361517,1.6619146,1.6874863,1.7123207,1.7368786,1.7622213,1.7891121
17_real,-1.1720715,,,,,,,,,-0.6501395,,,,,,,,,,,,,,,-1.2228148,,,,,,,,,,,,,,,,,,,,-1.2010677,,,,,,,,,,,,,,,,,,,,,,,,,
17_gen,-1.1720715,-1.1629107,-1.1541103,-1.142864,-1.1324594,-1.1223376,-1.1150225,-1.1042655,-1.0946912,-1.0863519,-1.0763541,-1.0637147,-1.053541,-1.0443474,-1.0334538,-1.0238696,-1.0151485,-1.0051521,-0.9957412,-0.98294485,-0.96983767,-0.9583148,-0.94755965,-0.93831575,-0.9282552,-0.9178797,-0.9083456,-0.89647996,-0.8859252,-0.8727236,-0.86181796,-0.8493522,-0.8371984,-0.8241757,-0.81473285,-0.8053773,-0.7904773,-0.7807194,-0.7697069,-0.75987595,-0.7457954,-0.73190194,-0.7175548,-0.70732343,-0.6938766,-0.68210155,-0.6689321,-0.6553132,-0.64329886,-0.6315387,-0.61959696,-0.60706884,-0.59454465,-0.5832384,-0.5723115,-0.55778897,-0.5463288,-0.5320171,-0.5190894,-0.5039864,-0.48974815,-0.4751265,-0.46042275,-0.446086,-0.43423375,-0.4167091,-0.40450382,-0.38881466,-0.37652916,-0.36077732
18_real,-0.49731547,,,,,,,,,-0.49731547,,,,,,,,,,,,,,,-0.39314008,,,,,,,,,,,,,,,,,,,,-0.6570511,,,,,,,,,,,,,,,,,,,,,,,,,
18_gen,-0.49731547,-0.49165028,-0.4872795,-0.48090082,-0.4739286,-0.4675026,-0.45864624,-0.45048007,-0.44399172,-0.4328196,-0.42564693,-0.4188521,-0.4112881,-0.405202,-0.4007713,-0.39147466,-0.38512534,-0.3789155,-0.37238163,-0.3633256,-0.35510907,-0.34602863,-0.33993554,-0.33503976,-0.3326475,-0.32610717,-0.31665033,-0.30911094,-0.3042849,-0.2974695,-0.2888025,-0.28035757,-0.27156058,-0.26408917,-0.25353822,-0.24637994,-0.23817961,-0.22979459,-0.22123627,-0.21154363,-0.2026226,-0.1922059,-0.18254957,-0.17516908,-0.16439375,-0.15395537,-0.14403635,-0.13380021,-0.124346614,-0.11087637,-0.102135554,-0.09459443,-0.08665319,-0.07513826,-0.06578886,-0.05679705,-0.046356805,-0.0372656,-0.024999175,-0.017317872,-0.0069326693,0.0056586657,0.0153045785,0.024736334,0.034931682,0.04692503,0.05811003,0.07257461,0.08130628,0.09146477
19_real,-1.8498856,,,,,,,,,-1.6795565,,,,,,,,,,,,,,,-2.3462734,,,,,,,,,,,,,,,,,,,,-1.7963536,,,,,,,,,,,,,,,,,,,,,,,,,
19_gen,-1.8498857,-1.8536546,-1.8559383,-1.860795,-1.8662786,-1.8690199,-1.8745005,-1.8813677,-1.8855587,-1.8892429,-1.8939384,-1.8971268,-1.9016788,-1.907121,-1.912417,-1.9166162,-1.9218462,-1.9268583,-1.9337225,-1.939312,-1.9454002,-1.9515676,-1.955775,-1.9589157,-1.9645321,-1.9703516,-1.9776356,-1.9845318,-1.9907706,-1.9949328,-2.000007,-2.0063605,-2.0115323,-2.0145736,-2.0225062,-2.027722,-2.0329802,-2.0398078,-2.0444498,-2.051498,-2.0592246,-2.0630307,-2.067559,-2.0741584,-2.0794368,-2.08604,-2.0937307,-2.1003056,-2.1049995,-2.1122198,-2.1173978,-2.123738,-2.130587,-2.1358268,-2.1440883,-2.1503444,-2.1543803,-2.1612248,-2.165187,-2.1712542,-2.176903,-2.1831107,-2.1886036,-2.195129,-2.2031567,-2.212213,-2.220385,-2.2284455,-2.2355914,-2.24362
20_real,-1.3610668,,,,,,,,,-1.5885278,,,,,,,,,,,,,,,-1.5678495,,,,,,,,,,,,,,,,,,,,-1.3403885,,,,,,,,,,,,,,,,,,,,,,,,,
20_gen,-1.3610668,-1.3668591,-1.3699882,-1.3785394,-1.3822975,-1.3888853,-1.3952701,-1.3993218,-1.4016496,-1.4050593,-1.4103878,-1.4145095,-1.4195629,-1.4232427,-1.4287343,-1.4328051,-1.438759,-1.441895,-1.4477252,-1.4532834,-1.4573841,-1.4630586,-1.4660467,-1.4713215,-1.4784079,-1.4852068,-1.4896361,-1.4953994,-1.499343,-1.5048646,-1.511493,-1.5179737,-1.5238094,-1.528081,-1.5326606,-1.5401691,-1.5455606,-1.5490879,-1.5585604,-1.5631497,-1.5695095,-1.57567,-1.5800371,-1.5858217,-1.5910747,-1.5968072,-1.6045227,-1.6110356,-1.6157364,-1.620525,-1.6274799,-1.6359644,-1.6430823,-1.6472117,-1.6552618,-1.6608922,-1.6658815,-1.6731418,-1.6782967,-1.6828712,-1.6912209,-1.6965542,-1.7025381,-1.7089237,-1.7165352,-1.7231543,-1.7280185,-1.7339824,-1.741304,-1.7457507
21_real,-1.0651007,,,,,,,,,-1.0372996,,,,,,,,,,,,,,,-1.1992003,,,,,,,,,,,,,,,,,,,,-1.1893882,,,,,,,,,,,,,,,,,,,,,,,,,
21_gen,-1.0651007,-1.0739517,-1.0806701,-1.0857705,-1.0946732,-1.101746,-1.1103436,-1.1175616,-1.1215403,-1.1285725,-1.1351255,-1.140537,-1.1472301,-1.1534967,-1.1576078,-1.165499,-1.171023,-1.1762708,-1.1819153,-1.1894102,-1.1923187,-1.1961682,-1.2031318,-1.2084243,-1.2153684,-1.2190963,-1.2270578,-1.2321804,-1.235375,-1.2406875,-1.2432059,-1.251422,-1.2574329,-1.2645818,-1.2716552,-1.2742238,-1.2795187,-1.2871869,-1.2956163,-1.3009683,-1.3078972,-1.3101104,-1.3148315,-1.3185192,-1.3223538,-1.3300426,-1.3338321,-1.3403466,-1.3465405,-1.3514595,-1.3557945,-1.3615905,-1.3676064,-1.3734033,-1.3790032,-1.3839742,-1.3905035,-1.3953055,-1.4024309,-1.4069449,-1.4130981,-1.4194853,-1.4231822,-1.4318371,-1.4357691,-1.4441228,-1.4492983,-1.4571838,-1.4649998,-1.4719276
22_real,-1.4571491,,,,,,,,,-1.3811885,,,,,,,,,,,,,,,-1.2620685,,,,,,,,,,,,,,,,,,,,-1.5728165,,,,,,,,,,,,,,,,,,,,,,,,,
22_gen,-1.4571493,-1.462136,-1.4682691,-1.4742749,-1.4800603,-1.4859296,-1.4912174,-1.4970554,-1.5010585,-1.5067497,-1.5093057,-1.5108569,-1.5156385,-1.5254923,-1.5294557,-1.5347497,-1.5352399,-1.5394645,-1.5408885,-1.5454512,-1.5492443,-1.553694,-1.5567548,-1.5614848,-1.566391,-1.569308,-1.5762098,-1.5793694,-1.5826889,-1.585734,-1.5902239,-1.5955702,-1.5971413,-1.6005093,-1.6037258,-1.6076276,-1.6111397,-1.6159436,-1.6205595,-1.6267815,-1.6288874,-1.633465,-1.6375971,-1.6410398,-1.6468408,-1.6520917,-1.6534312,-1.6563156,-1.6576993,-1.6617714,-1.6645836,-1.6701276,-1.6746544,-1.6761204,-1.6809919,-1.6828388,-1.6877632,-1.6934652,-1.6989359,-1.7007157,-1.7024412,-1.7065399,-1.70984,-1.7144401,-1.7184403,-1.724176,-1.726095,-1.730032,-1.7336185,-1.7374281
23_real,-1.2305821,,,,,,,,,-1.0940461,,,,,,,,,,,,,,,-1.6545625,,,,,,,,,,,,,,,,,,,,-1.5252125,,,,,,,,,,,,,,,,,,,,,,,,,
23_gen,-1.2305821,-1.2354934,-1.24333,-1.2492658,-1.2561257,-1.2624776,-1.2669642,-1.2724231,-1.2783811,-1.2845871,-1.2893002,-1.2958622,-1.3002545,-1.3055284,-1.3116789,-1.316803,-1.3214754,-1.3276068,-1.3329923,-1.3361887,-1.3392265,-1.3433068,-1.3517765,-1.357041,-1.3619843,-1.3682979,-1.3730745,-1.3793261,-1.38468,-1.3888851,-1.3951797,-1.3999891,-1.4054428,-1.4107592,-1.4163755,-1.4230912,-1.4288462,-1.4338436,-1.4392624,-1.4458392,-1.4516371,-1.4574045,-1.4627662,-1.466852,-1.4709517,-1.4745963,-1.479212,-1.4855449,-1.4903405,-1.4954478,-1.5010303,-1.5049773,-1.5089631,-1.5138237,-1.5173346,-1.5225255,-1.5282843,-1.5325015,-1.5366795,-1.5431412,-1.5447729,-1.5505021,-1.5577756,-1.5597513,-1.563714,-1.5690389,-1.5717919,-1.5771058,-1.585156,-1.5909464
24_real,0.108216584,,,,,,,,,0.32022163,,,,,,,,,,,,,,,0.41209048,,,,,,,,,,,,,,,,,,,,0.18595177,,,,,,,,,,,,,,,,,,,,,,,,,
24_gen,0.108216584,0.099245146,0.09260682,0.08540263,0.0773261,0.06959127,0.06198893,0.058002286,0.04999585,0.04435059,0.035311487,0.02869558,0.022967327,0.016965942,0.01049068,0.003730933,-0.0041134106,-0.011176831,-0.018923156,-0.026746418,-0.036973797,-0.043531,-0.05313797,-0.0611705,-0.06830397,-0.07585165,-0.08080916,-0.08584686,-0.09290576,-0.099206805,-0.107104704,-0.113770284,-0.12381282,-0.13106696,-0.13677716,-0.14618006,-0.15339962,-0.16001946,-0.16671315,-0.17656527,-0.18588881,-0.19187948,-0.20071939,-0.20815584,-0.21370967,-0.22112925,-0.22826414,-0.23318496,-0.2412717,-0.24661931,-0.2556405,-0.26375273,-0.2694784,-0.27747256,-0.28595132,-0.29234287,-0.2997927,-0.30826902,-0.3161645,-0.32346195,-0.33179957,-0.3392738,-0.34611037,-0.3539675,-0.3624606,-0.3677625,-0.37740797,-0.38683885,-0.39470407,-0.40393806
25_real,-0.7246049,,,,,,,,,-0.4714876,,,,,,,,,,,,,,,-0.6900889,,,,,,,,,,,,,,,,,,,,-0.78404915,,,,,,,,,,,,,,,,,,,,,,,,,
25_gen,-0.72460496,-0.73068434,-0.73559284,-0.74298584,-0.75021666,-0.7550776,-0.76123416,-0.7686849,-0.7782692,-0.786044,-0.79220444,-0.79799503,-0.80677235,-0.81391704,-0.82009304,-0.8278154,-0.8353836,-0.8420275,-0.84809464,-0.85211927,-0.8601368,-0.86698973,-0.8742617,-0.8821335,-0.88936365,-0.8949278,-0.9007494,-0.90777016,-0.91397345,-0.92198783,-0.92586154,-0.9332261,-0.93861085,-0.9436015,-0.9517225,-0.9594105,-0.96700066,-0.97536385,-0.9821421,-0.98944664,-0.9958194,-1.0023242,-1.0094299,-1.0155218,-1.0223657,-1.0303177,-1.0366677,-1.0442915,-1.0515598,-1.0595549,-1.0657599,-1.073293,-1.0796521,-1.0870223,-1.0944744,-1.1016185,-1.1070495,-1.114485,-1.1221101,-1.1315999,-1.1403944,-1.1478148,-1.1540105,-1.1614232,-1.1712385,-1.1785926,-1.186038,-1.1944194,-1.2008034,-1.2083352
26_real,-1.4666328,,,,,,,,,-1.2965401,,,,,,,,,,,,,,,-1.393736,,,,,,,,,,,,,,,,,,,,-1.1619614,,,,,,,,,,,,,,,,,,,,,,,,,
26_gen,-1.4666328,-1.4733226,-1.4805629,-1.4866403,-1.4943295,-1.4996583,-1.5078065,-1.511835,-1.5201747,-1.5262445,-1.5343204,-1.540924,-1.54867,-1.556766,-1.5645812,-1.5716044,-1.5780587,-1.5850341,-1.5919096,-1.598105,-1.6060202,-1.614577,-1.6219155,-1.6282507,-1.6359733,-1.6436923,-1.6519331,-1.6593311,-1.667032,-1.6751531,-1.682036,-1.6896889,-1.6966938,-1.7050469,-1.7124212,-1.7207434,-1.7290165,-1.7361794,-1.7431269,-1.751447,-1.7606653,-1.7694994,-1.7799141,-1.7872498,-1.7967129,-1.806282,-1.8148552,-1.8225138,-1.8305557,-1.8395622,-1.8500595,-1.8578936,-1.8644758,-1.8715341,-1.8798246,-1.8888203,-1.8980287,-1.907609,-1.9160786,-1.9249849,-1.9337075,-1.94301,-1.952081,-1.9605341,-1.9711298,-1.980891,-1.9898674,-1.9982121,-2.008125,-2.0166001
27_real,-0.38457486,,,,,,,,,-0.27995533,,,,,,,,,,,,,,,-0.47099972,,,,,,,,,,,,,,,,,,,,-0.51421213,,,,,,,,,,,,,,,,,,,,,,,,,
27_gen,-0.38457486,-0.38613498,-0.3896137,-0.39318833,-0.3960449,-0.40004224,-0.40266076,-0.40655154,-0.40912962,-0.41114646,-0.41499552,-0.4169065,-0.41951126,-0.42188874,-0.42523962,-0.42839473,-0.43264145,-0.43518013,-0.43947554,-0.44361153,-0.44675532,-0.44917375,-0.4535311,-0.45660096,-0.4591523,-0.46376938,-0.4679265,-0.4708858,-0.4739356,-0.4769942,-0.4808486,-0.48296016,-0.48545355,-0.48907796,-0.49198562,-0.49444675,-0.49655133,-0.4999612,-0.50354856,-0.5073534,-0.51075906,-0.51290274,-0.5165348,-0.52060604,-0.5250402,-0.5277767,-0.53133833,-0.5338997,-0.536271,-0.53985846,-0.54233426,-0.5453793,-0.5484323,-0.5523755,-0.5564456,-0.5606423,-0.56365407,-0.5664411,-0.5700598,-0.5735252,-0.5766867,-0.5800121,-0.5847523,-0.5874102,-0.590989,-0.59389424,-0.5976121,-0.6009728,-0.6046815,-0.6089195
28_real,-0.4767267,,,,,,,,,-0.4435687,,,,,,,,,,,,,,,-0.57128847,,,,,,,,,,,,,,,,,,,,-0.6032184,,,,,,,,,,,,,,,,,,,,,,,,,
28_gen,-0.4767267,-0.47673845,-0.4735682,-0.4725934,-0.47293434,-0.4719352,-0.46973878,-0.46922904,-0.46892843,-0.46862847,-0.46911106,-0.4649786,-0.46403256,-0.46418482,-0.46417847,-0.4647378,-0.4652649,-0.46618876,-0.46681255,-0.46792182,-0.46859223,-0.46937814,-0.47138277,-0.47176033,-0.47406545,-0.47659764,-0.4754258,-0.47548598,-0.47586727,-0.4780051,-0.47891545,-0.48108014,-0.48045498,-0.48218998,-0.48577768,-0.48655424,-0.4872778,-0.48824987,-0.48879433,-0.48983645,-0.49161163,-0.49292526,-0.49258932,-0.49293256,-0.4947838,-0.49553362,-0.4946927,-0.49667057,-0.49831194,-0.49949393,-0.4975999,-0.4994579,-0.49915352,-0.5004509,-0.50403464,-0.50681585,-0.50771725,-0.5069342,-0.5096764,-0.50910896,-0.51009953,-0.5086244,-0.5112432,-0.5119386,-0.51225203,-0.51330554,-0.5148726,-0.5178873,-0.5198511,-0.5211369
29_real,-0.81351525,,,,,,,,,-0.6384259,,,,,,,,,,,,,,,-0.7898545,,,,,,,,,,,,,,,,,,,,-0.68416995,,,,,,,,,,,,,,,,,,,,,,,,,
29_gen,-0.8135153,-0.81595266,-0.81811094,-0.8193437,-0.8189888,-0.82163876,-0.82192576,-0.8220544,-0.8223583,-0.8222629,-0.8240069,-0.82561016,-0.8277758,-0.8296938,-0.8328196,-0.8334349,-0.83378667,-0.8356167,-0.8379241,-0.83827007,-0.83934563,-0.8404404,-0.843033,-0.8446654,-0.8459455,-0.84760773,-0.8497321,-0.8494228,-0.854177,-0.8568285,-0.8603487,-0.85973155,-0.86095095,-0.86547774,-0.86768925,-0.87271214,-0.87425554,-0.87737334,-0.88067424,-0.8819189,-0.8836578,-0.8849162,-0.8843854,-0.8860733,-0.8890551,-0.89263856,-0.8952061,-0.89840776,-0.9010674,-0.9026667,-0.9049858,-0.9065464,-0.91093063,-0.91330945,-0.9161682,-0.9178007,-0.91944486,-0.92258435,-0.92437756,-0.92706376,-0.93143904,-0.93388957,-0.93849695,-0.9420892,-0.94037914,-0.9437033,-0.94572145,-0.9480732,-0.95015734,-0.9532849
30_real,-0.78148246,,,,,,,,,-0.47948432,,,,,,,,,,,,,,,-0.57042694,,,,,,,,,,,,,,,,,,,,-0.57557464,,,,,,,,,,,,,,,,,,,,,,,,,
30_gen,-0.7814825,-0.79701966,-0.815204,-0.83264256,-0.8435074,-0.8532461,-0.8662874,-0.88191396,-0.8995182,-0.9087388,-0.92109764,-0.93591225,-0.95054686,-0.96355754,-0.9778983,-0.99402666,-0.999259,-1.0132874,-1.0242519,-1.0410957,-1.0574172,-1.0678196,-1.0856955,-1.0991144,-1.1139299,-1.1319596,-1.1435866,-1.1525328,-1.1634517,-1.1733408,-1.1870925,-1.1974176,-1.2054309,-1.2160791,-1.2286198,-1.2421132,-1.253108,-1.2698141,-1.279381,-1.2927005,-1.3120452,-1.3244094,-1.3349956,-1.3444084,-1.3557651,-1.3699898,-1.3861988,-1.40001,-1.4110949,-1.4236627,-1.4364189,-1.4498006,-1.4630625,-1.4797022,-1.4924113,-1.5105742,-1.5195892,-1.5341809,-1.545548,-1.5587008,-1.5682474,-1.5810853,-1.5975895,-1.6113619,-1.6287997,-1.6437829,-1.6586001,-1.6786041,-1.6950233,-1.7105633
31_real,-0.65832806,,,,,,,,,-0.4990462,,,,,,,,,,,,,,,-0.914564,,,,,,,,,,,,,,,,,,,,-0.540598,,,,,,,,,,,,,,,,,,,,,,,,,
31_gen,-0.65832806,-0.673327,-0.6878484,-0.7006416,-0.71722305,-0.7288878,-0.7415315,-0.7546198,-0.76144964,-0.7742682,-0.7860169,-0.79738283,-0.81425446,-0.8260018,-0.8403165,-0.8565594,-0.86772233,-0.8762811,-0.8918685,-0.9007064,-0.91337126,-0.92323244,-0.93441486,-0.9522092,-0.96361476,-0.9801651,-0.994264,-1.0091447,-1.0177085,-1.0290164,-1.0353045,-1.0455829,-1.0541068,-1.0677459,-1.0763783,-1.0865028,-1.0934575,-1.109102,-1.1158221,-1.1250931,-1.13724,-1.1456808,-1.1559391,-1.1683565,-1.1812367,-1.1905148,-1.2048846,-1.2204641,-1.233904,-1.248565,-1.2552755,-1.2690747,-1.279299,-1.2897385,-1.2935702,-1.3075193,-1.3170677,-1.3242493,-1.3400793,-1.3538907,-1.3691128,-1.3807089,-1.3972483,-1.4102634,-1.41904,-1.4299877,-1.4456174,-1.4626178,-1.4697787,-1.4796495
32_real,-1.881545,,,,,,,,,-1.8748691,,,,,,,,,,,,,,,-1.687946,,,,,,,,,,,,,,,,,,,,-2.0617924,,,,,,,,,,,,,,,,,,,,,,,,,
32_gen,-1.8815448,-1.8846645,-1.8880554,-1.8919367,-1.8914217,-1.8949702,-1.8968716,-1.9008541,-1.9033651,-1.9077027,-1.9090608,-1.9103744,-1.9137065,-1.9196348,-1.9203405,-1.9233115,-1.9266808,-1.9302696,-1.9331726,-1.9338754,-1.9353342,-1.9373993,-1.9371536,-1.9379454,-1.9416542,-1.9453773,-1.9464906,-1.9502599,-1.9545062,-1.9609121,-1.9651569,-1.9669874,-1.9707937,-1.9753313,-1.9783472,-1.9814266,-1.9851825,-1.9868157,-1.9909217,-1.9944103,-1.9983743,-2.003063,-2.0067658,-2.0105116,-2.014359,-2.017714,-2.021398,-2.0275462,-2.0321193,-2.035381,-2.0408478,-2.042992,-2.0432382,-2.043859,-2.046266,-2.0499213,-2.053484,-2.0536451,-2.0581508,-2.062117,-2.065665,-2.0687056,-2.070097,-2.0773332,-2.078134,-2.0817082,-2.085235,-2.0917993,-2.0957987,-2.1006322
33_real,-1.7337039,,,,,,,,,-1.6147836,,,,,,,,,,,,,,,-1.8275881,,,,,,,,,,,,,,,,,,,,-1.8839188,,,,,,,,,,,,,,,,,,,,,,,,,
33_gen,-1.7337039,-1.7355254,-1.7365687,-1.7401302,-1.7443392,-1.7443092,-1.7494091,-1.753459,-1.7561108,-1.758892,-1.7607727,-1.7627856,-1.767237,-1.771046,-1.7731014,-1.7758354,-1.7783397,-1.7820139,-1.785861,-1.7911097,-1.7945293,-1.797541,-1.8030672,-1.8093596,-1.8140062,-1.8184465,-1.8240258,-1.829458,-1.8345884,-1.8399159,-1.8485581,-1.8545816,-1.8590612,-1.8647585,-1.8679129,-1.8719572,-1.8780801,-1.8841248,-1.8888972,-1.8926647,-1.8976228,-1.9022785,-1.9082266,-1.9142964,-1.9192498,-1.9248775,-1.9313647,-1.9412584,-1.9472134,-1.9518131,-1.956695,-1.9599152,-1.964666,-1.9705245,-1.974728,-1.9804599,-1.9860258,-1.9914205,-1.9980767,-2.0021262,-2.010201,-2.016473,-2.021927,-2.0252059,-2.0296872,-2.0368154,-2.0425084,-2.04528,-2.0515244,-2.0574477
34_real,-1.6069876,,,,,,,,,-1.7064672,,,,,,,,,,,,,,,-1.5373518,,,,,,,,,,,,,,,,,,,,-1.8225268,,,,,,,,,,,,,,,,,,,,,,,,,
34_gen,-1.6069877,-1.6011918,-1.5953453,-1.5927696,-1.5891788,-1.5861268,-1.5837139,-1.582062,-1.5777594,-1.5780627,-1.5770897,-1.5735396,-1.5722265,-1.5732373,-1.5695426,-1.5694458,-1.5702251,-1.5719563,-1.5721781,-1.5735627,-1.5735867,-1.5738937,-1.5729688,-1.5762252,-1.5764244,-1.5755923,-1.5750977,-1.5786678,-1.5782447,-1.5772839,-1.5810491,-1.5788226,-1.5799739,-1.5815438,-1.5829461,-1.5857842,-1.5865943,-1.5870413,-1.5888698,-1.5912606,-1.5957327,-1.5952218,-1.5974886,-1.5988224,-1.6027209,-1.6047695,-1.6097482,-1.6105906,-1.6121724,-1.6118996,-1.6134259,-1.6189257,-1.6204169,-1.6231025,-1.6236204,-1.6235831,-1.6243111,-1.6280092,-1.6282374,-1.6342449,-1.638931,-1.6372669,-1.6405995,-1.6437359,-1.6482216,-1.6484245,-1.6518219,-1.656893,-1.6581646,-1.6601835
35_real,-2.0733743,,,,,,,,,-1.9535208,,,,,,,,,,,,,,,-2.2052133,,,,,,,,,,,,,,,,,,,,-2.2831182,,,,,,,,,,,,,,,,,,,,,,,,,
35_gen,-2.073374,-2.06807,-2.0705066,-2.067525,-2.0642166,-2.0664697,-2.065649,-2.071339,-2.0715868,-2.073426,-2.0763745,-2.073138,-2.0727696,-2.0711868,-2.0719974,-2.0762038,-2.0757213,-2.0763078,-2.0803454,-2.0805144,-2.084084,-2.0842538,-2.085507,-2.0881782,-2.0918078,-2.0890865,-2.0930712,-2.0927477,-2.0948873,-2.091414,-2.0921512,-2.093359,-2.0957863,-2.094739,-2.0984304,-2.1007667,-2.1022658,-2.1063948,-2.108247,-2.1109526,-2.112236,-2.1131516,-2.1160517,-2.117311,-2.1169837,-2.1188407,-2.1167324,-2.1194139,-2.1201756,-2.1230369,-2.1243389,-2.123341,-2.1284146,-2.1278453,-2.1305285,-2.1326232,-2.133911,-2.1337006,-2.1338506,-2.1359086,-2.136806,-2.1355212,-2.1389475,-2.1389003,-2.140329,-2.1415725,-2.1474946,-2.1501994,-2.1542046,-2.159164
36_real,-0.107385814,,,,,,,,,0.15174644,,,,,,,,,,,,,,,0.1978144,,,,,,,,,,,,,,,,,,,,-0.061317857,,,,,,,,,,,,,,,,,,,,,,,,,
36_gen,-0.107385814,-0.110811904,-0.1099994,-0.105861306,-0.10359651,-0.109942116,-0.114984035,-0.11353846,-0.11068745,-0.106949344,-0.10760759,-0.11106348,-0.11098343,-0.11161387,-0.11057107,-0.1124647,-0.11517598,-0.116087176,-0.11600733,-0.114677355,-0.11589916,-0.12294336,-0.121993974,-0.12254693,-0.12112465,-0.12147727,-0.12250153,-0.12194455,-0.124650575,-0.12634106,-0.12571894,-0.13060853,-0.13840905,-0.13951412,-0.14321718,-0.14925897,-0.14899987,-0.15344164,-0.15942602,-0.16838355,-0.17359129,-0.17504516,-0.18370792,-0.18670684,-0.19206588,-0.19580063,-0.20104115,-0.2027291,-0.20277286,-0.20745607,-0.21176842,-0.21483806,-0.2179029,-0.21360636,-0.21664548,-0.22049148,-0.22405481,-0.22688799,-0.22818537,-0.2320981,-0.23570995,-0.23429105,-0.23588046,-0.23727801,-0.2374933,-0.24197069,-0.2473015,-0.24673513,-0.2533358,-0.2529583
37_real,-2.1630378,,,,,,,,,-2.1191933,,,,,,,,,,,,,,,-2.3414927,,,,,,,,,,,,,,,,,,,,-2.2830334,,,,,,,,,,,,,,,,,,,,,,,,,
37_gen,-2.163038,-2.1633198,-2.1631799,-2.158957,-2.154779,-2.1599317,-2.1619544,-2.156609,-2.16098,-2.1600926,-2.1640954,-2.1635969,-2.1723518,-2.1735198,-2.1719182,-2.1777568,-2.1858082,-2.1906137,-2.1850653,-2.1829638,-2.1876826,-2.1877618,-2.187036,-2.1938446,-2.1920047,-2.200269,-2.2024262,-2.208847,-2.2116132,-2.209598,-2.2108665,-2.2133913,-2.21204,-2.2158074,-2.2156234,-2.2204595,-2.2207093,-2.2232292,-2.2236302,-2.2208629,-2.217531,-2.2188253,-2.2209334,-2.232675,-2.2347074,-2.242044,-2.2442024,-2.244786,-2.2485714,-2.2538228,-2.25427,-2.2600026,-2.2583952,-2.2612648,-2.2644157,-2.2657332,-2.265117,-2.2684808,-2.2753086,-2.2761836,-2.2823656,-2.2830272,-2.2861197,-2.2895787,-2.2977407,-2.3021314,-2.3030849,-2.3062682,-2.3073747,-2.3093314
38_real,-1.5398384,,,,,,,,,-1.310349,,,,,,,,,,,,,,,-1.4944026,,,,,,,,,,,,,,,,,,,,-1.8109132,,,,,,,,,,,,,,,,,,,,,,,,,
38_gen,-1.5398386,-1.5366606,-1.5378895,-1.5364635,-1.536795,-1.539494,-1.5458076,-1.5477769,-1.5514991,-1.5546527,-1.5548264,-1.5546448,-1.5588219,-1.5567799,-1.5562996,-1.5613339,-1.5620688,-1.5668914,-1.5705492,-1.5718867,-1.577737,-1.5791253,-1.5833557,-1.587783,-1.5882162,-1.5906241,-1.5939913,-1.5955358,-1.6001997,-1.6062912,-1.6090199,-1.6133597,-1.6150144,-1.6185824,-1.6220798,-1.6270485,-1.6307329,-1.6339499,-1.637586,-1.6405195,-1.6477884,-1.6506062,-1.6502616,-1.6565825,-1.662983,-1.66556,-1.6711123,-1.6763036,-1.6795187,-1.685113,-1.6907227,-1.6938717,-1.6991726,-1.7053219,-1.711312,-1.7159865,-1.7236421,-1.7292955,-1.7329254,-1.7339725,-1.7363636,-1.7399294,-1.7441744,-1.7461498,-1.7475611,-1.7500131,-1.7574179,-1.7592872,-1.765385,-1.772876
39_real,-2.3489444,,,,,,,,,-2.6157463,,,,,,,,,,,,,,,-2.394682,,,,,,,,,,,,,,,,,,,,-2.282879,,,,,,,,,,,,,,,,,,,,,,,,,
39_gen,-2.3489442,-2.346841,-2.3508,-2.3523772,-2.352211,-2.3536696,-2.3542826,-2.357514,-2.3605735,-2.3629446,-2.362289,-2.3633692,-2.3661509,-2.367865,-2.369396,-2.373734,-2.3762352,-2.3809972,-2.3829503,-2.3857656,-2.39006,-2.3959696,-2.398925,-2.4044595,-2.4081273,-2.4093828,-2.4135146,-2.4155772,-2.420161,-2.4226213,-2.4269798,-2.430586,-2.4347582,-2.437199,-2.4405658,-2.443674,-2.445689,-2.4488866,-2.4537039,-2.4558272,-2.455992,-2.4609067,-2.4669828,-2.470942,-2.4729974,-2.4742656,-2.4757774,-2.481273,-2.4870553,-2.488303,-2.4909394,-2.4941063,-2.499595,-2.5017715,-2.5063393,-2.5092568,-2.5120628,-2.51794,-2.5230699,-2.5265741,-2.5333707,-2.5395617,-2.5412838,-2.5451515,-2.5465667,-2.5544865,-2.5613756,-2.5716045,-2.5734127,-2.5750413
40_real,-1.9863924,,,,,,,,,-1.8525434,,,,,,,,,,,,,,,-2.0921762,,,,,,,,,,,,,,,,,,,,-2.318856,,,,,,,,,,,,,,,,,,,,,,,,,
40_gen,-1.9863924,-1.9959494,-2.005976,-2.0116837,-2.0169158,-2.0241542,-2.0278509,-2.034695,-2.0363634,-2.0414274,-2.0442736,-2.0486581,-2.0536206,-2.0552058,-2.055943,-2.0524225,-2.0528572,-2.0511043,-2.0534167,-2.0563004,-2.0630393,-2.0673125,-2.0731905,-2.0702758,-2.0755963,-2.0811794,-2.0853333,-2.0863,-2.0941567,-2.0999808,-2.10233,-2.1060414,-2.1078165,-2.115827,-2.1216216,-2.121131,-2.1197608,-2.1242754,-2.1291327,-2.1344059,-2.1399224,-2.1368089,-2.1372757,-2.142721,-2.143234,-2.1432157,-2.1442657,-2.1464055,-2.1462214,-2.1499763,-2.1580586,-2.1609216,-2.1673827,-2.1736465,-2.1751695,-2.1782904,-2.1808846,-2.1808364,-2.1845126,-2.182483,-2.185441,-2.1852634,-2.1887863,-2.1888525,-2.1964664,-2.1999526,-2.2022216,-2.2096505,-2.2103643,-2.213877
41_real,-1.0727252,,,,,,,,,-0.8767701,,,,,,,,,,,,,,,-1.3228806,,,,,,,,,,,,,,,,,,,,-1.0185249,,,,,,,,,,,,,,,,,,,,,,,,,
41_gen,-1.0727252,-1.0885328,-1.0991197,-1.1081057,-1.1178703,-1.123582,-1.1329746,-1.145924,-1.1573169,-1.1648906,-1.1665037,-1.1764159,-1.1852746,-1.1926587,-1.2006611,-1.2080975,-1.2152526,-1.2242044,-1.2360599,-1.2459501,-1.2532624,-1.2613704,-1.26832,-1.277666,-1.2859964,-1.2940656,-1.3040391,-1.3135688,-1.3185536,-1.3258212,-1.331682,-1.3405901,-1.3448837,-1.3518113,-1.3623459,-1.3672075,-1.3759826,-1.3803295,-1.3863575,-1.3934903,-1.3989093,-1.4039688,-1.4108659,-1.4177543,-1.4216244,-1.4301456,-1.4344667,-1.4376066,-1.4418849,-1.4526533,-1.4616762,-1.4701537,-1.4795606,-1.4874114,-1.4989983,-1.5071734,-1.5151198,-1.5219743,-1.5330634,-1.5375624,-1.5464046,-1.5566871,-1.5591387,-1.5694001,-1.5802143,-1.5888453,-1.592793,-1.5982211,-1.6049526,-1.6105213
42_real,-0.267902,,,,,,,,,-0.33466497,,,,,,,,,,,,,,,-0.017540753,,,,,,,,,,,,,,,,,,,,-0.34301034,,,,,,,,,,,,,,,,,,,,,,,,,
42_gen,-0.26790196,-0.27339596,-0.27934843,-0.2848081,-0.29120746,-0.2996058,-0.306322,-0.31346485,-0.3215335,-0.32717746,-0.33161098,-0.3369227,-0.34243113,-0.34725866,-0.35460413,-0.36203104,-0.369218,-0.37497488,-0.38065955,-0.38849312,-0.39558342,-0.4029644,-0.41086388,-0.41842452,-0.42554396,-0.43458375,-0.44024867,-0.44883615,-0.4564901,-0.4646253,-0.4704731,-0.4791019,-0.4856255,-0.49276632,-0.5008099,-0.50677377,-0.5146264,-0.5224853,-0.53094006,-0.5369897,-0.5428525,-0.54987,-0.55947864,-0.56609595,-0.5748006,-0.5799836,-0.5867628,-0.5946826,-0.6004101,-0.60566777,-0.6121265,-0.6213011,-0.62741184,-0.63616437,-0.6444649,-0.6499107,-0.65976894,-0.66601294,-0.67315274,-0.6804037,-0.6871654,-0.6942653,-0.702073,-0.7079579,-0.715058,-0.72198087,-0.7297796,-0.73922646,-0.74772733,-0.7540166
43_real,-0.9295153,,,,,,,,,-0.86714375,,,,,,,,,,,,,,,-1.0438632,,,,,,,,,,,,,,,,,,,,-0.76319116,,,,,,,,,,,,,,,,,,,,,,,,,
43_gen,-0.92951524,-0.9335998,-0.93753165,-0.94329566,-0.9475466,-0.9529001,-0.9582871,-0.96356887,-0.9678461,-0.9749675,-0.9812237,-0.98554885,-0.9920414,-0.9968489,-1.0022128,-1.0064409,-1.0126565,-1.0177231,-1.0246233,-1.0302436,-1.0351262,-1.0406646,-1.0477086,-1.0533044,-1.0608897,-1.0688927,-1.0750641,-1.0809777,-1.0873717,-1.0935668,-1.1003596,-1.1056366,-1.1111705,-1.116969,-1.1221778,-1.1313586,-1.1363738,-1.1421784,-1.1479554,-1.1522939,-1.1588174,-1.1663141,-1.1732727,-1.1789773,-1.1849425,-1.190408,-1.1979226,-1.2039133,-1.2101206,-1.2167932,-1.2246232,-1.2310904,-1.2363333,-1.2436054,-1.2512033,-1.2571875,-1.2657654,-1.2710978,-1.2766536,-1.2830918,-1.287149,-1.2952753,-1.301534,-1.3071101,-1.3133392,-1.321556,-1.3293738,-1.3373848,-1.3433664,-1.3512245
44_real,-1.6915205,,,,,,,,,-1.3709373,,,,,,,,,,,,,,,-1.3828108,,,,,,,,,,,,,,,,,,,,-1.4065577,,,,,,,,,,,,,,,,,,,,,,,,,
44_gen,-1.6915205,-1.6970339,-1.7041311,-1.7065178,-1.710458,-1.7165196,-1.7213786,-1.7260882,-1.728473,-1.7316227,-1.7357483,-1.7381341,-1.7412428,-1.745924,-1.7506895,-1.7570875,-1.7651165,-1.7706568,-1.7733332,-1.7777647,-1.7811642,-1.7851436,-1.7896389,-1.7947114,-1.8008387,-1.8053913,-1.8131082,-1.818813,-1.8254006,-1.8299515,-1.8359458,-1.8390846,-1.8438909,-1.8479134,-1.8510439,-1.8545622,-1.8604826,-1.8648266,-1.8703938,-1.873799,-1.8789123,-1.8836285,-1.8862633,-1.8922424,-1.8972881,-1.9030682,-1.9053484,-1.9092865,-1.9162878,-1.9189498,-1.9237858,-1.9276111,-1.9350064,-1.9409447,-1.9446512,-1.9500611,-1.9560095,-1.9612863,-1.968257,-1.976647,-1.9803461,-1.9813582,-1.9870574,-1.9929581,-1.9983517,-2.0048318,-2.0085988,-2.014118,-2.018069,-2.022385
45_real,-1.0451553,,,,,,,,,-0.990105,,,,,,,,,,,,,,,-0.85036176,,,,,,,,,,,,,,,,,,,,-1.0070435,,,,,,,,,,,,,,,,,,,,,,,,,
45_gen,-1.0451554,-1.0466795,-1.0497011,-1.0530441,-1.0563471,-1.0600436,-1.0646175,-1.0698936,-1.0743589,-1.0796839,-1.0821402,-1.0873673,-1.091072,-1.0946002,-1.0982212,-1.102699,-1.1048102,-1.1090131,-1.111927,-1.1161357,-1.1205564,-1.1246468,-1.1305974,-1.1348736,-1.1400497,-1.1462263,-1.1495931,-1.1540456,-1.1575619,-1.162515,-1.1662214,-1.1665394,-1.170294,-1.1744668,-1.1795652,-1.1836517,-1.188768,-1.1947448,-1.2008762,-1.2024366,-1.2078956,-1.212188,-1.2187933,-1.2231627,-1.229161,-1.2319734,-1.235859,-1.2396114,-1.242878,-1.247836,-1.2508285,-1.254369,-1.2592657,-1.2629737,-1.269699,-1.2734385,-1.2791545,-1.28389,-1.2886732,-1.2925792,-1.2971182,-1.3029135,-1.3095851,-1.3149637,-1.3199043,-1.3256078,-1.3299992,-1.3344687,-1.338558,-1.3431933
46_real,-1.5406901,,,,,,,,,-1.4695271,,,,,,,,,,,,,,,-1.754179,,,,,,,,,,,,,,,,,,,,-1.4552945,,,,,,,,,,,,,,,,,,,,,,,,,
46_gen,-1.5406902,-1.5476367,-1.5540642,-1.5603307,-1.568078,-1.5768706,-1.5833898,-1.5891674,-1.5950665,-1.6010263,-1.607037,-1.6139399,-1.6198387,-1.6247902,-1.63156,-1.637345,-1.6433239,-1.6484315,-1.6542689,-1.6596998,-1.664424,-1.669934,-1.6750809,-1.6800426,-1.6849833,-1.6909816,-1.6957009,-1.7024292,-1.7077252,-1.7138649,-1.7203248,-1.724618,-1.730122,-1.7341372,-1.739207,-1.7453718,-1.7493998,-1.7538468,-1.759227,-1.766181,-1.770731,-1.7770779,-1.7822106,-1.7871315,-1.7924473,-1.7982668,-1.8037487,-1.8075154,-1.8122473,-1.8174597,-1.8246343,-1.8300316,-1.8346218,-1.840862,-1.8460376,-1.8514316,-1.8566891,-1.8614483,-1.8662386,-1.8714924,-1.8759588,-1.8819062,-1.8874115,-1.8914506,-1.8956101,-1.9010115,-1.9070575,-1.9131008,-1.9181741,-1.9239035
47_real,-1.5839015,,,,,,,,,-1.330447,,,,,,,,,,,,,,,-1.5679498,,,,,,,,,,,,,,,,,,,,-1.6317565,,,,,,,,,,,,,,,,,,,,,,,,,
47_gen,-1.5839015,-1.5915834,-1.5997155,-1.605427,-1.6118339,-1.6188271,-1.6252441,-1.6328217,-1.6382755,-1.6442058,-1.6531788,-1.6595495,-1.6678492,-1.6745319,-1.6816885,-1.6882532,-1.6946615,-1.7001398,-1.7077354,-1.7148237,-1.719524,-1.7267067,-1.7327688,-1.7390454,-1.7468477,-1.7536329,-1.7610012,-1.7686231,-1.775317,-1.7821764,-1.787755,-1.7941573,-1.8008217,-1.8091364,-1.8157209,-1.8227615,-1.8289139,-1.8364913,-1.8432106,-1.8502271,-1.858742,-1.8635073,-1.8699471,-1.8775418,-1.88469,-1.8901098,-1.8987694,-1.9076109,-1.9138498,-1.9195455,-1.9263723,-1.9344299,-1.942467,-1.9512451,-1.9599705,-1.9675424,-1.9752781,-1.9818999,-1.9900331,-1.9969021,-2.0045624,-2.0141819,-2.022213,-2.0297766,-2.0382907,-2.0444973,-2.0530198,-2.061313,-2.0712962,-2.0795026
48_real,-1.3449272,,,,,,,,,-1.2195586,,,,,,,,,,,,,,,-1.4351045,,,,,,,,,,,,,,,,,,,,-1.5912653,,,,,,,,,,,,,,,,,,,,,,,,,
48_gen,-1.3449271,-1.3523744,-1.3605303,-1.3689712,-1.3796154,-1.3875167,-1.3949274,-1.4033597,-1.40723,-1.4148335,-1.4227456,-1.4291315,-1.4354217,-1.4432158,-1.451729,-1.4579136,-1.466781,-1.470909,-1.4771354,-1.4843953,-1.4899141,-1.4971007,-1.5060351,-1.5125177,-1.518872,-1.5246089,-1.532101,-1.5399837,-1.5478046,-1.5568731,-1.5646797,-1.5740194,-1.5813534,-1.5851204,-1.5934455,-1.60231,-1.6117617,-1.6189426,-1.6259375,-1.6325665,-1.6409115,-1.6503932,-1.6566362,-1.6629362,-1.6702516,-1.6756128,-1.6847804,-1.6926737,-1.7010021,-1.7100832,-1.7171425,-1.7231424,-1.7299335,-1.7363516,-1.7482855,-1.7552239,-1.7632002,-1.7715471,-1.7788709,-1.7881851,-1.7962239,-1.805966,-1.8144047,-1.8229048,-1.8316457,-1.8385727,-1.8483311,-1.8579807,-1.8680443,-1.876651
49_real,-0.9741141,,,,,,,,,-0.88329434,,,,,,,,,,,,,,,-1.0752543,,,,,,,,,,,,,,,,,,,,-1.0267483,,,,,,,,,,,,,,,,,,,,,,,,,
49_gen,-0.9741141,-0.98842096,-1.0003451,-1.0156935,-1.0274955,-1.0404832,-1.051679,-1.0629116,-1.0732809,-1.0882361,-1.1036711,-1.1191932,-1.1334997,-1.1466569,-1.1617794,-1.1747508,-1.1864649,-1.1968098,-1.2100672,-1.2239091,-1.2379457,-1.2473366,-1.2599081,-1.2783756,-1.2949271,-1.3103771,-1.3214734,-1.3334653,-1.3462963,-1.3624424,-1.3765775,-1.3929405,-1.4067389,-1.4231949,-1.4404981,-1.452461,-1.4626818,-1.4762208,-1.4942737,-1.5073969,-1.5215678,-1.5369194,-1.5510725,-1.5663884,-1.5788096,-1.5966614,-1.6140865,-1.6317549,-1.6430638,-1.6572216,-1.6730845,-1.6886547,-1.7054713,-1.7216438,-1.7367504,-1.7520645,-1.766848,-1.7845173,-1.7970581,-1.8147631,-1.8298185,-1.8459553,-1.8601335,-1.8758587,-1.8922212,-1.9078865,-1.9218954,-1.9380045,-1.9573342,-1.974152
50_real,-1.3141567,,,,,,,,,-1.2977463,,,,,,,,,,,,,,,-1.1141562,,,,,,,,,,,,,,,,,,,,-1.2423615,,,,,,,,,,,,,,,,,,,,,,,,,
50_gen,-1.3141567,-1.3323287,-1.3502141,-1.3643925,-1.3802403,-1.3982904,-1.4137855,-1.4267026,-1.4398398,-1.4528494,-1.4703586,-1.4840839,-1.4989189,-1.5118322,-1.5280372,-1.5440848,-1.5602978,-1.5741998,-1.5865296,-1.5990616,-1.6149292,-1.6278833,-1.6440493,-1.6597404,-1.6723135,-1.686034,-1.7019724,-1.7172982,-1.7325981,-1.7464797,-1.7595043,-1.7749761,-1.7876236,-1.8015182,-1.8190958,-1.8328644,-1.8463827,-1.861318,-1.8750849,-1.8885839,-1.902681,-1.9150374,-1.9300079,-1.9468638,-1.9631876,-1.9778343,-1.9919176,-2.0066092,-2.021974,-2.0343525,-2.0498588,-2.0630028,-2.0768306,-2.0940862,-2.1068664,-2.1215675,-2.1362722,-2.15072,-2.163884,-2.1794438,-2.1947777,-2.209097,-2.2244182,-2.237848,-2.254868,-2.2682927,-2.2853773,-2.3023863,-2.316455,-2.3331387
51_real,-0.42581558,,,,,,,,,-0.53731096,,,,,,,,,,,,,,,-0.33290276,,,,,,,,,,,,,,,,,,,,-0.49642932,,,,,,,,,,,,,,,,,,,,,,,,,
51_gen,-0.42581558,-0.43668175,-0.44482136,-0.45320138,-0.45908794,-0.4666121,-0.47535738,-0.48015624,-0.4887561,-0.4997488,-0.50934875,-0.51597154,-0.52645093,-0.5362252,-0.54453045,-0.5528206,-0.56111073,-0.5654919,-0.5763245,-0.58915365,-0.5966424,-0.6006491,-0.60950434,-0.6191288,-0.6294204,-0.6368899,-0.646418,-0.6593394,-0.66817695,-0.6779811,-0.6852188,-0.694945,-0.7048853,-0.7127967,-0.72023916,-0.726468,-0.7366787,-0.7490388,-0.7596932,-0.7673284,-0.77581656,-0.7795052,-0.78681135,-0.79666984,-0.8077208,-0.8133381,-0.8235003,-0.8317993,-0.8395237,-0.8492185,-0.85895604,-0.8661278,-0.8756874,-0.88289773,-0.89336205,-0.90384686,-0.9152427,-0.92462283,-0.93260086,-0.9394263,-0.95164156,-0.9602884,-0.9672192,-0.97599965,-0.9819151,-0.9900055,-1.001527,-1.0097548,-1.0212172,-1.0329657
52_real,-1.0342908,,,,,,,,,-1.0306845,,,,,,,,,,,,,,,-0.839553,,,,,,,,,,,,,,,,,,,,-1.0775658,,,,,,,,,,,,,,,,,,,,,,,,,
52_gen,-1.0342907,-1.0425731,-1.0510144,-1.0605675,-1.0674922,-1.0751987,-1.0822387,-1.0873466,-1.0901499,-1.0941541,-1.0999469,-1.1023382,-1.1071556,-1.1170199,-1.1233836,-1.1296606,-1.1368666,-1.144569,-1.1495935,-1.1569571,-1.1625258,-1.1668236,-1.172842,-1.1785629,-1.1844662,-1.1915624,-1.2007114,-1.2053938,-1.2128756,-1.2209547,-1.224091,-1.2309091,-1.2393043,-1.2446302,-1.2521008,-1.2574575,-1.2623513,-1.2660439,-1.2721678,-1.2763877,-1.2812144,-1.2834327,-1.2888563,-1.2961795,-1.2992966,-1.3020899,-1.3119648,-1.3188751,-1.3270161,-1.3306339,-1.3365421,-1.3439178,-1.3499701,-1.3573507,-1.3676559,-1.3730981,-1.3795874,-1.3826767,-1.389386,-1.401588,-1.4083611,-1.4156139,-1.4230605,-1.4330882,-1.4430887,-1.4483691,-1.458158,-1.4657338,-1.4738185,-1.4814082
53_real,-0.36268017,,,,,,,,,-0.22623736,,,,,,,,,,,,,,,-0.7119737,,,,,,,,,,,,,,,,,,,,-0.6110061,,,,,,,,,,,,,,,,,,,,,,,,,
53_gen,-0.36268017,-0.3747619,-0.37555104,-0.38938248,-0.40370712,-0.40792122,-0.4151639,-0.4277714,-0.43410903,-0.4484858,-0.4585905,-0.46927008,-0.48229843,-0.48736253,-0.49856144,-0.51028407,-0.5203483,-0.53017294,-0.5391625,-0.54485977,-0.5628853,-0.57742596,-0.58407295,-0.596132,-0.6126029,-0.620774,-0.6324008,-0.64377534,-0.65382385,-0.66917527,-0.6793019,-0.6946076,-0.7065572,-0.71779245,-0.7309252,-0.739714,-0.7505748,-0.76454353,-0.77587277,-0.78731036,-0.7973791,-0.81156236,-0.82505244,-0.8379202,-0.84751356,-0.8602702,-0.8679698,-0.8804115,-0.89624083,-0.9093504,-0.9196814,-0.9312197,-0.94082963,-0.9507448,-0.9668112,-0.97350836,-0.98349655,-0.995756,-1.0066135,-1.0220557,-1.0365336,-1.0508361,-1.0619394,-1.0739459,-1.0871615,-1.1022886,-1.1173271,-1.12813,-1.1450344,-1.1569406
54_real,-0.8248915,,,,,,,,,-0.71672326,,,,,,,,,,,,,,,-0.8448172,,,,,,,,,,,,,,,,,,,,-0.7252629,,,,,,,,,,,,,,,,,,,,,,,,,
54_gen,-0.82489145,-0.8388945,-0.85361814,-0.8628405,-0.8725419,-0.88036376,-0.8911277,-0.9008913,-0.9099833,-0.91711235,-0.92699844,-0.93683624,-0.9390995,-0.9482583,-0.9586557,-0.96850586,-0.977433,-0.98686886,-0.9979169,-1.0095899,-1.02143,-1.0344762,-1.03895,-1.0433216,-1.0512145,-1.0639771,-1.0731242,-1.0826851,-1.0908604,-1.1030796,-1.1154419,-1.129391,-1.1387742,-1.1476934,-1.1567194,-1.1635635,-1.1715308,-1.1808121,-1.1898502,-1.1947453,-1.2084329,-1.219846,-1.2285334,-1.2361081,-1.2456834,-1.2514207,-1.2615502,-1.2696607,-1.2779996,-1.2887284,-1.2967399,-1.3081586,-1.3176762,-1.3239366,-1.3373742,-1.34606,-1.3555622,-1.3638312,-1.3703707,-1.3801997,-1.386948,-1.3963375,-1.4046547,-1.4095612,-1.4204543,-1.4330924,-1.4474894,-1.4590857,-1.4695059,-1.481028
55_real,-1.0778751,,,,,,,,,-1.1034305,,,,,,,,,,,,,,,-1.4393015,,,,,,,,,,,,,,,,,,,,-1.0523198,,,,,,,,,,,,,,,,,,,,,,,,,
55_gen,-1.0778751,-1.0838838,-1.0912559,-1.0962183,-1.102803,-1.1092179,-1.1145558,-1.1208557,-1.127857,-1.1315207,-1.13635,-1.1427904,-1.1490843,-1.1548858,-1.1601433,-1.1671999,-1.1713173,-1.1760908,-1.1809907,-1.1876954,-1.1927674,-1.1977636,-1.2014244,-1.2084453,-1.2107023,-1.2152393,-1.2209315,-1.2249789,-1.2298189,-1.2347795,-1.2395685,-1.2422532,-1.246648,-1.25046,-1.2562773,-1.2611408,-1.2645335,-1.2683308,-1.2712176,-1.275687,-1.2828759,-1.286596,-1.2927428,-1.2989296,-1.3047866,-1.3096039,-1.3138459,-1.3197205,-1.3235738,-1.3286939,-1.3320056,-1.3333637,-1.3359121,-1.3389273,-1.3430672,-1.3467658,-1.3511835,-1.3566295,-1.3612792,-1.3658836,-1.3718827,-1.3739398,-1.3779651,-1.3831493,-1.3882153,-1.3919019,-1.3964688,-1.4005659,-1.4026704,-1.4053948
56_real,-1.0376711,,,,,,,,,-0.926491,,,,,,,,,,,,,,,-0.93390304,,,,,,,,,,,,,,,,,,,,-1.085849,,,,,,,,,,,,,,,,,,,,,,,,,
56_gen,-1.0376711,-1.0403551,-1.0451425,-1.050304,-1.0566431,-1.060641,-1.0636038,-1.0662441,-1.0697502,-1.0721712,-1.0740945,-1.0777137,-1.0824721,-1.0879042,-1.0890834,-1.0903214,-1.0928999,-1.0953757,-1.0974737,-1.0983546,-1.1029488,-1.1044077,-1.1038059,-1.1060818,-1.1072544,-1.1101685,-1.1134665,-1.1162567,-1.1180217,-1.1189591,-1.1225885,-1.1252029,-1.1245282,-1.1274039,-1.1313192,-1.1320043,-1.1323446,-1.1339085,-1.1387016,-1.1403024,-1.1432978,-1.1461439,-1.1524324,-1.1548839,-1.1578083,-1.1591359,-1.1609951,-1.161341,-1.1607797,-1.161699,-1.1600864,-1.1628149,-1.1654997,-1.1657599,-1.165184,-1.1687815,-1.1719387,-1.1738864,-1.1729329,-1.1739192,-1.1756771,-1.176527,-1.1792922,-1.1798832,-1.1795853,-1.1806619,-1.1822383,-1.1818091,-1.1820692,-1.1841588
57_real,-1.0981649,,,,,,,,,-1.1878836,,,,,,,,,,,,,,,-1.2568979,,,,,,,,,,,,,,,,,,,,-1.194785,,,,,,,,,,,,,,,,,,,,,,,,,
57_gen,-1.0981648,-1.1069262,-1.1135511,-1.1227186,-1.1306697,-1.1398919,-1.1457485,-1.1519136,-1.160307,-1.1705667,-1.181106,-1.1898286,-1.1985335,-1.2065666,-1.2170156,-1.2268922,-1.234105,-1.2434285,-1.2510661,-1.2589266,-1.2652382,-1.2722223,-1.2789536,-1.2859036,-1.2934325,-1.3018218,-1.308697,-1.3186556,-1.3266186,-1.3339956,-1.3424014,-1.3536031,-1.3646718,-1.3731747,-1.3820807,-1.3895833,-1.3964518,-1.4040042,-1.4140955,-1.4240437,-1.4331776,-1.4400265,-1.4493264,-1.4549941,-1.4587787,-1.4636462,-1.4719689,-1.4801357,-1.4897249,-1.4968174,-1.5032219,-1.5137717,-1.5215476,-1.5278227,-1.5393794,-1.5500796,-1.5602427,-1.5687491,-1.577692,-1.5849541,-1.5916805,-1.6009264,-1.6127684,-1.6181488,-1.6254212,-1.6318884,-1.6359854,-1.6438423,-1.6500566,-1.659638
58_real,-1.9690274,,,,,,,,,-1.827314,,,,,,,,,,,,,,,-1.7328385,,,,,,,,,,,,,,,,,,,,-1.8205658,,,,,,,,,,,,,,,,,,,,,,,,,
58_gen,-1.9690273,-1.9824569,-1.9909055,-2.0012794,-2.009344,-2.0197887,-2.0336738,-2.042273,-2.0500894,-2.0567849,-2.0680518,-2.0779757,-2.0897903,-2.0997548,-2.1082048,-2.119534,-2.1292474,-2.1377883,-2.1434627,-2.1520214,-2.1607146,-2.1717505,-2.1786704,-2.1869435,-2.1987517,-2.2020025,-2.2102668,-2.2176814,-2.2281177,-2.2362385,-2.2481525,-2.257382,-2.2681632,-2.276465,-2.2846553,-2.2924502,-2.3027825,-2.3111908,-2.3218503,-2.3273346,-2.3361266,-2.3444443,-2.352728,-2.3566003,-2.3695366,-2.3759396,-2.3841858,-2.3991108,-2.4071133,-2.4200509,-2.4315207,-2.4389794,-2.4504387,-2.4581025,-2.463734,-2.4725044,-2.481855,-2.4902554,-2.5035625,-2.5105562,-2.518338,-2.5271883,-2.5365674,-2.5488372,-2.556857,-2.5695412,-2.5787873,-2.592281,-2.598982,-2.6130583
59_real,-0.8423492,,,,,,,,,-0.7742577,,,,,,,,,,,,,,,-0.82721776,,,,,,,,,,,,,,,,,,,,-0.8990921,,,,,,,,,,,,,,,,,,,,,,,,,
59_gen,-0.8423492,-0.84317416,-0.85095817,-0.85519457,-0.8594181,-0.86328936,-0.8698126,-0.8692751,-0.87283313,-0.8766424,-0.8774017,-0.8817588,-0.88517886,-0.888087,-0.89284754,-0.89679635,-0.9002659,-0.90472126,-0.9083209,-0.9127272,-0.9159005,-0.9205481,-0.92267096,-0.9254572,-0.92715186,-0.93056613,-0.93421423,-0.9378907,-0.93977547,-0.94155395,-0.9466342,-0.9491116,-0.95665455,-0.9589844,-0.9645877,-0.96880406,-0.9706906,-0.97530186,-0.9790932,-0.98217595,-0.9861268,-0.98874056,-0.99079305,-0.99515265,-1.001968,-1.0078241,-1.0110798,-1.015764,-1.0226806,-1.0271132,-1.0305889,-1.0361513,-1.0379059,-1.0413264,-1.0434994,-1.0472319,-1.0490034,-1.0545523,-1.0589607,-1.0622038,-1.0676095,-1.0716484,-1.0747827,-1.0782527,-1.0806557,-1.0849587,-1.089943,-1.0943772,-1.096784,-1.1012924
60_real,-0.9938988,,,,,,,,,-0.8551013,,,,,,,,,,,,,,,-1.1326963,,,,,,,,,,,,,,,,,,,,-1.0667675,,,,,,,,,,,,,,,,,,,,,,,,,
60_gen,-0.99389875,-0.9931666,-0.99595845,-0.99819535,-1.0007571,-1.0042017,-1.008313,-1.0106779,-1.0146259,-1.0175289,-1.0218751,-1.0277016,-1.0314686,-1.034365,-1.0378941,-1.0426142,-1.0472987,-1.050012,-1.0555322,-1.0611309,-1.0630277,-1.0662075,-1.0703892,-1.0741917,-1.0771286,-1.0815248,-1.0855076,-1.0866344,-1.0893471,-1.0942032,-1.0980489,-1.1024578,-1.1059178,-1.1111152,-1.1138862,-1.118923,-1.1247882,-1.1285326,-1.1324192,-1.1357445,-1.144931,-1.1504104,-1.1537029,-1.1582731,-1.1622074,-1.1671535,-1.1707352,-1.1776307,-1.1829206,-1.1866424,-1.1906722,-1.1942838,-1.2020309,-1.2063102,-1.2102076,-1.211107,-1.2138531,-1.215762,-1.2204535,-1.2275752,-1.2332324,-1.2373412,-1.2423116,-1.2491418,-1.2529283,-1.2585437,-1.2621988,-1.2674608,-1.2709941,-1.2757491
61_real,-1.5219858,,,,,,,,,-1.4411668,,,,,,,,,,,,,,,-1.5513744,,,,,,,,,,,,,,,,,,,,-1.4938215,,,,,,,,,,,,,,,,,,,,,,,,,
61_gen,-1.5219859,-1.5351747,-1.5491658,-1.5622642,-1.571295,-1.5833323,-1.5905641,-1.6024805,-1.6128972,-1.6185955,-1.6299489,-1.6420052,-1.6484938,-1.6585302,-1.6669586,-1.6759704,-1.6859369,-1.6944872,-1.7021765,-1.7113159,-1.7193521,-1.732671,-1.743915,-1.7537924,-1.7621733,-1.7745526,-1.7837098,-1.7952496,-1.8062456,-1.8153067,-1.8263623,-1.8343207,-1.8466902,-1.857976,-1.8645687,-1.8751013,-1.8894562,-1.8974653,-1.9101219,-1.9212427,-1.9291128,-1.9432304,-1.9559028,-1.9636261,-1.9747994,-1.9848616,-1.9939038,-2.0062826,-2.014921,-2.0278053,-2.0378497,-2.0474665,-2.0607135,-2.0693622,-2.0827777,-2.0936065,-2.1083403,-2.1192741,-2.135184,-2.1466413,-2.1602461,-2.1752172,-2.1845286,-2.1986787,-2.2126946,-2.2280822,-2.2387683,-2.2512898,-2.264525,-2.2770038
62_real,-2.0872805,,,,,,,,,-1.9838775,,,,,,,,,,,,,,,-2.0512097,,,,,,,,,,,,,,,,,,,,-2.0548167,,,,,,,,,,,,,,,,,,,,,,,,,
62_gen,-2.0872805,-2.0949297,-2.1066458,-2.1164725,-2.1232622,-2.1355858,-2.144933,-2.1489286,-2.1586597,-2.1669843,-2.1700885,-2.1802726,-2.1892734,-2.2033553,-2.2156053,-2.2286673,-2.239702,-2.250208,-2.2597427,-2.2661455,-2.2775311,-2.290439,-2.300194,-2.3137062,-2.329049,-2.3417842,-2.350524,-2.3660622,-2.3762512,-2.3935905,-2.4053268,-2.421309,-2.4358597,-2.4494538,-2.4657102,-2.478031,-2.4866688,-2.5048761,-2.517812,-2.5297909,-2.5410566,-2.5558817,-2.5689988,-2.5815291,-2.5959845,-2.6077712,-2.6196456,-2.6324103,-2.6470497,-2.660524,-2.6743152,-2.6861782,-2.699874,-2.71185,-2.7229671,-2.7357397,-2.749682,-2.7616487,-2.7735333,-2.786975,-2.7984996,-2.814697,-2.826147,-2.8392994,-2.848927,-2.8646312,-2.8795726,-2.8946705,-2.9090416,-2.9230733
63_real,-0.74149793,,,,,,,,,-0.76755,,,,,,,,,,,,,,,-0.84570616,,,,,,,,,,,,,,,,,,,,-0.84136415,,,,,,,,,,,,,,,,,,,,,,,,,
63_gen,-0.74149793,-0.75634956,-0.76804996,-0.7800205,-0.7895499,-0.8032564,-0.8140542,-0.824094,-0.8312454,-0.8372129,-0.8452199,-0.85349894,-0.86536777,-0.8726188,-0.87926865,-0.88858813,-0.8992833,-0.90634346,-0.91512585,-0.9249116,-0.9331713,-0.9419304,-0.95376503,-0.9601706,-0.97048503,-0.98395,-0.99273187,-0.99746656,-1.004795,-1.0100434,-1.021227,-1.0291299,-1.0368665,-1.0428054,-1.0523345,-1.0586339,-1.0685066,-1.0733573,-1.0859606,-1.095492,-1.1024268,-1.1111488,-1.1210654,-1.1298798,-1.1397576,-1.1502163,-1.1624887,-1.1710747,-1.179579,-1.186914,-1.1979525,-1.2076718,-1.2179962,-1.2313406,-1.2399714,-1.2491477,-1.2571146,-1.2645657,-1.2732149,-1.2826496,-1.293985,-1.3036611,-1.3128457,-1.3230746,-1.3338277,-1.3421504,-1.3515226,-1.3609979,-1.3710768,-1.3820318
64_real,-0.44526872,,,,,,,,,-0.53700536,,,,,,,,,,,,,,,-0.32017326,,,,,,,,,,,,,,,,,,,,-0.42441946,,,,,,,,,,,,,,,,,,,,,,,,,
64_gen,-0.4452687,-0.4540158,-0.46490416,-0.4736175,-0.4821298,-0.49444264,-0.5022724,-0.5129322,-0.52484363,-0.53842294,-0.5522452,-0.5611124,-0.57423574,-0.588843,-0.59717304,-0.61055607,-0.61920017,-0.6300103,-0.6402992,-0.6547926,-0.6634833,-0.67241037,-0.68422353,-0.69473594,-0.7025353,-0.714362,-0.7226913,-0.7331368,-0.7430094,-0.7505454,-0.76095116,-0.77191657,-0.78468287,-0.796883,-0.8052853,-0.81691635,-0.82707036,-0.836712,-0.8455157,-0.85646546,-0.86642134,-0.8757243,-0.8850028,-0.8955638,-0.90871316,-0.9187458,-0.92958915,-0.94118387,-0.9523633,-0.9609812,-0.9695094,-0.9824355,-0.99285793,-1.0033991,-1.0150658,-1.0262998,-1.0379405,-1.0485346,-1.0587186,-1.0683546,-1.0789794,-1.0896876,-1.100363,-1.1120555,-1.1227733,-1.1342493,-1.1450914,-1.1580284,-1.170707,-1.1828899
65_real,-1.7752224,,,,,,,,,-1.5816932,,,,,,,,,,,,,,,-1.9063228,,,,,,,,,,,,,,,,,,,,-1.8501369,,,,,,,,,,,,,,,,,,,,,,,,,
65_gen,-1.7752225,-1.7801495,-1.7887962,-1.7971315,-1.8052238,-1.8094221,-1.818861,-1.8265784,-1.8351061,-1.8401756,-1.8483293,-1.8548409,-1.862101,-1.8662199,-1.8687092,-1.8796675,-1.8869057,-1.8951477,-1.900066,-1.9023001,-1.912006,-1.9159822,-1.924577,-1.9291643,-1.9326563,-1.9420267,-1.9497547,-1.9546864,-1.9589627,-1.964098,-1.9729741,-1.9763796,-1.9812206,-1.9871569,-1.9973955,-2.0021634,-2.009126,-2.0157502,-2.0219927,-2.0257697,-2.0317779,-2.038288,-2.047985,-2.0559516,-2.0582135,-2.0637622,-2.06729,-2.0742838,-2.0807617,-2.0886292,-2.0930226,-2.098152,-2.1077685,-2.1153908,-2.123264,-2.128008,-2.1346421,-2.1394963,-2.1439226,-2.152412,-2.1591606,-2.1654556,-2.1707828,-2.1770725,-2.1816502,-2.1809914,-2.1894078,-2.1940978,-2.1988063,-2.204085
66_real,-0.969924,,,,,,,,,-0.74318147,,,,,,,,,,,,,,,-0.89218366,,,,,,,,,,,,,,,,,,,,-1.1254045,,,,,,,,,,,,,,,,,,,,,,,,,
66_gen,-0.969924,-0.9800762,-0.98947734,-0.99338883,-0.9991995,-1.0046206,-1.0102346,-1.014201,-1.0222237,-1.0306231,-1.0349188,-1.0365683,-1.0411406,-1.0454466,-1.0475949,-1.0512743,-1.0586932,-1.0631617,-1.0697976,-1.0709295,-1.0780807,-1.0830667,-1.0897986,-1.0932033,-1.0977802,-1.107906,-1.1144803,-1.1219095,-1.1296804,-1.1385622,-1.1430168,-1.1497705,-1.1558522,-1.1603562,-1.1649206,-1.1722748,-1.1766269,-1.1838855,-1.1884941,-1.1893774,-1.1966333,-1.2008235,-1.2107729,-1.2152259,-1.2193223,-1.2253742,-1.2330991,-1.2398198,-1.2386839,-1.2479659,-1.2472583,-1.2524608,-1.2550266,-1.2567374,-1.2648056,-1.2708992,-1.2721627,-1.278804,-1.2871546,-1.2952178,-1.3007278,-1.3103333,-1.3173081,-1.3207505,-1.3210874,-1.3277225,-1.3353822,-1.3381093,-1.3454487,-1.3502742
67_real,-1.6626875,,,,,,,,,-1.6069446,,,,,,,,,,,,,,,-1.9804226,,,,,,,,,,,,,,,,,,,,-1.6738361,,,,,,,,,,,,,,,,,,,,,,,,,
67_gen,-1.6626875,-1.6693878,-1.6778889,-1.6872202,-1.6921562,-1.695082,-1.7028128,-1.7131056,-1.7166544,-1.7236964,-1.728302,-1.7365214,-1.7453085,-1.754298,-1.7624099,-1.7681859,-1.7745476,-1.7848256,-1.7972803,-1.8035482,-1.8129089,-1.8226821,-1.8299341,-1.8383614,-1.8478162,-1.8601459,-1.8700268,-1.8798103,-1.8889633,-1.9004465,-1.9138142,-1.9253299,-1.934397,-1.9471061,-1.9577391,-1.9684885,-1.9791574,-1.9872278,-1.9973347,-2.007876,-2.0189414,-2.0294554,-2.0449946,-2.0551438,-2.06492,-2.0770278,-2.0894434,-2.1036403,-2.1159534,-2.1302779,-2.1384563,-2.1517816,-2.1642756,-2.1713798,-2.179507,-2.1894052,-2.1958146,-2.2055798,-2.2177012,-2.228871,-2.2392879,-2.2479615,-2.260998,-2.2678437,-2.2811186,-2.2957728,-2.3062406,-2.3202834,-2.3317184,-2.3431046
68_real,-1.4407146,,,,,,,,,-1.152863,,,,,,,,,,,,,,,-1.1760769,,,,,,,,,,,,,,,,,,,,-1.4082152,,,,,,,,,,,,,,,,,,,,,,,,,
68_gen,-1.4407147,-1.4505,-1.460349,-1.4714277,-1.4822569,-1.4938151,-1.5037363,-1.5168884,-1.5284235,-1.5399268,-1.5503078,-1.5555239,-1.5653403,-1.5764192,-1.5885371,-1.5971402,-1.6120371,-1.6208365,-1.6322651,-1.639131,-1.6487553,-1.6602929,-1.6647274,-1.6765239,-1.6843846,-1.6941745,-1.7062021,-1.7189035,-1.7319809,-1.7435516,-1.7522402,-1.764327,-1.7767442,-1.7878563,-1.7986557,-1.8109925,-1.8224217,-1.8384762,-1.8450922,-1.8578703,-1.869118,-1.8745085,-1.8854988,-1.8897445,-1.9034344,-1.9105867,-1.9223022,-1.9311035,-1.9443833,-1.9565884,-1.9692653,-1.9802256,-1.9930952,-2.0051935,-2.0152965,-2.0255015,-2.0396035,-2.0549436,-2.0670063,-2.0759654,-2.0906353,-2.103598,-2.1110835,-2.1255212,-2.137466,-2.1497052,-2.1623003,-2.1766984,-2.1931713,-2.207138
69_real,-2.1463795,,,,,,,,,-2.0943089,,,,,,,,,,,,,,,-2.3109899,,,,,,,,,,,,,,,,,,,,-2.2337236,,,,,,,,,,,,,,,,,,,,,,,,,
69_gen,-2.1463795,-2.1518986,-2.1585977,-2.163893,-2.1673598,-2.1724641,-2.1718216,-2.175625,-2.1810584,-2.1826286,-2.1874995,-2.197163,-2.2016754,-2.2108939,-2.21557,-2.223937,-2.232507,-2.233727,-2.241001,-2.2454429,-2.2531543,-2.2566366,-2.260845,-2.268897,-2.2730544,-2.2790532,-2.2873905,-2.290395,-2.2960837,-2.2989533,-2.3016224,-2.3115692,-2.3160625,-2.322817,-2.3306913,-2.3372762,-2.3447623,-2.3517165,-2.356367,-2.3654408,-2.3713765,-2.376359,-2.3779197,-2.3803425,-2.3847415,-2.3869386,-2.3910213,-2.3959005,-2.4007213,-2.4069524,-2.4116216,-2.4179025,-2.4243093,-2.4301474,-2.4357262,-2.4395156,-2.4455183,-2.4498577,-2.4623446,-2.4670208,-2.474164,-2.483708,-2.4886577,-2.4947903,-2.4989724,-2.506995,-2.513733,-2.5214686,-2.5276444,-2.531801
70_real,-1.697943,,,,,,,,,-1.66631,,,,,,,,,,,,,,,-1.6378402,,,,,,,,,,,,,,,,,,,,-1.8371288,,,,,,,,,,,,,,,,,,,,,,,,,
70_gen,-1.697943,-1.70873,-1.7171171,-1.7246084,-1.7326348,-1.7413924,-1.7473885,-1.7554293,-1.7641075,-1.7704732,-1.7800772,-1.7843975,-1.7948706,-1.7986113,-1.8023812,-1.806312,-1.8116575,-1.81738,-1.8241758,-1.8289111,-1.8335472,-1.8394871,-1.8458831,-1.8499511,-1.8512485,-1.8584244,-1.8667828,-1.8718908,-1.8773615,-1.8843062,-1.8913914,-1.89785,-1.9026715,-1.9077232,-1.9155338,-1.9144914,-1.9215555,-1.926267,-1.9318295,-1.937887,-1.9438854,-1.9489555,-1.9538281,-1.9612774,-1.9657679,-1.9717972,-1.9790945,-1.9886634,-1.9901912,-1.9951702,-1.9982939,-2.0032146,-2.009712,-2.0156405,-2.0242305,-2.0306382,-2.0361514,-2.0381708,-2.0479264,-2.0528133,-2.0607095,-2.0636432,-2.0715861,-2.077747,-2.083319,-2.0891583,-2.0946887,-2.0997295,-2.1083229,-2.1150606
71_real,-0.6000667,,,,,,,,,-0.49623927,,,,,,,,,,,,,,,-0.66778034,,,,,,,,,,,,,,,,,,,,-0.33824092,,,,,,,,,,,,,,,,,,,,,,,,,
71_gen,-0.6000667,-0.6035542,-0.60778683,-0.61372226,-0.6171064,-0.621966,-0.6267241,-0.6305891,-0.63715565,-0.6418433,-0.6441936,-0.6508014,-0.65856856,-0.6645563,-0.668735,-0.6705007,-0.67436886,-0.6798125,-0.68164456,-0.6877497,-0.6942665,-0.6955208,-0.700575,-0.70898885,-0.71037227,-0.7162568,-0.71803045,-0.7208184,-0.72210836,-0.7287485,-0.7336466,-0.7374052,-0.74215955,-0.7470668,-0.7556082,-0.75829065,-0.7634767,-0.7685786,-0.77661264,-0.7826656,-0.7849065,-0.7861447,-0.78793645,-0.78829587,-0.79415816,-0.8013005,-0.8092648,-0.8148114,-0.82306606,-0.82628137,-0.8341214,-0.8391431,-0.8425806,-0.8485339,-0.8520855,-0.8561716,-0.8631646,-0.87481534,-0.87910557,-0.88435715,-0.8879345,-0.8907698,-0.9006742,-0.9056853,-0.912955,-0.917101,-0.92361367,-0.9228854,-0.9315732,-0.9392484
72_real,-1.2358187,,,,,,,,,-1.0856237,,,,,,,,,,,,,,,-1.1538942,,,,,,,,,,,,,,,,,,,,-1.1311374,,,,,,,,,,,,,,,,,,,,,,,,,
72_gen,-1.2358187,-1.2423502,-1.2536857,-1.2602667,-1.2700202,-1.275288,-1.2857157,-1.2921796,-1.2973619,-1.301985,-1.3095961,-1.3111992,-1.3173803,-1.3204606,-1.3265045,-1.3318388,-1.33634,-1.3422029,-1.3490508,-1.3534073,-1.3598106,-1.3682204,-1.3731517,-1.3784946,-1.3856504,-1.3904829,-1.4016395,-1.40762,-1.4092658,-1.4177688,-1.423508,-1.4316527,-1.43342,-1.435657,-1.4418377,-1.4489086,-1.4517877,-1.4581093,-1.4685539,-1.4776301,-1.4835708,-1.4850013,-1.4918077,-1.4951346,-1.5000708,-1.503488,-1.5075623,-1.5122726,-1.51983,-1.5241612,-1.530641,-1.5344261,-1.5391871,-1.54412,-1.550134,-1.5561578,-1.5629137,-1.5689788,-1.574909,-1.5824578,-1.5904667,-1.5978966,-1.6080116,-1.6117885,-1.6210563,-1.6241071,-1.6289774,-1.6373087,-1.6411402,-1.6520542
73_real,-1.5850577,,,,,,,,,-1.8077333,,,,,,,,,,,,,,,-1.9111184,,,,,,,,,,,,,,,,,,,,-1.9190711,,,,,,,,,,,,,,,,,,,,,,,,,
73_gen,-1.5850579,-1.5932146,-1.6076015,-1.6132599,-1.6220747,-1.6329825,-1.6412153,-1.6533972,-1.6592592,-1.6687511,-1.680435,-1.6944382,-1.6995445,-1.7094704,-1.7170231,-1.7281282,-1.7359756,-1.7455873,-1.7549293,-1.7664964,-1.777783,-1.7881714,-1.7987432,-1.8079369,-1.8222917,-1.8306252,-1.8413767,-1.8539788,-1.8670588,-1.8761581,-1.8907197,-1.9042675,-1.9143479,-1.9265045,-1.938687,-1.9532808,-1.9639677,-1.978051,-1.9934618,-2.0037172,-2.015034,-2.0306692,-2.0451334,-2.0560582,-2.0620053,-2.07594,-2.0894806,-2.0993104,-2.1109283,-2.1231945,-2.1298053,-2.1430197,-2.153726,-2.168139,-2.1827602,-2.1910968,-2.2011683,-2.2168508,-2.231922,-2.247211,-2.2625191,-2.2789736,-2.2951617,-2.3101392,-2.325665,-2.336012,-2.3485253,-2.3632565,-2.3764033,-2.39179
74_real,-1.1300716,,,,,,,,,-1.150767,,,,,,,,,,,,,,,-1.2128531,,,,,,,,,,,,,,,,,,,,-1.3922131,,,,,,,,,,,,,,,,,,,,,,,,,
74_gen,-1.1300716,-1.1387327,-1.1496254,-1.1589296,-1.170409,-1.1771619,-1.1888683,-1.1969032,-1.2100157,-1.2238636,-1.2297424,-1.2315435,-1.2451866,-1.2549577,-1.2717957,-1.2798709,-1.2913164,-1.3044403,-1.3135917,-1.3181345,-1.3284919,-1.3333733,-1.3436571,-1.3535851,-1.362525,-1.3712127,-1.3808125,-1.3918256,-1.4038873,-1.41521,-1.4212487,-1.4329344,-1.4430628,-1.4486024,-1.4609431,-1.4686201,-1.4774915,-1.4878935,-1.4981441,-1.5119038,-1.522249,-1.5283009,-1.5358579,-1.5484756,-1.5562168,-1.5662048,-1.5786148,-1.5947235,-1.6046479,-1.6151218,-1.6289171,-1.640816,-1.6552069,-1.6651354,-1.6744477,-1.6842854,-1.6930488,-1.7062466,-1.718365,-1.7265818,-1.7375473,-1.7522875,-1.7633817,-1.7712443,-1.7870033,-1.7951648,-1.8079178,-1.8155406,-1.8261588,-1.8329649
75_real,-2.3891344,,,,,,,,,-2.3812668,,,,,,,,,,,,,,,-2.695972,,,,,,,,,,,,,,,,,,,,-2.598938,,,,,,,,,,,,,,,,,,,,,,,,,
75_gen,-2.3891342,-2.3892708,-2.3920937,-2.3946106,-2.3957067,-2.3970282,-2.4004445,-2.4002287,-2.4006348,-2.4021492,-2.4042294,-2.4076948,-2.4100015,-2.4122715,-2.4144604,-2.4166512,-2.420485,-2.4243693,-2.4260201,-2.4291635,-2.4320002,-2.434763,-2.4368446,-2.4408107,-2.4424095,-2.4424844,-2.4464703,-2.448132,-2.4500287,-2.4533281,-2.4564657,-2.4624074,-2.4654775,-2.465923,-2.465428,-2.4691634,-2.4734223,-2.4724338,-2.4751277,-2.4783363,-2.482472,-2.4835813,-2.4838443,-2.4854999,-2.4863687,-2.4916005,-2.4931154,-2.498092,-2.500754,-2.5001726,-2.500733,-2.5016418,-2.5040317,-2.5074432,-2.510979,-2.511646,-2.5139842,-2.5169144,-2.5194745,-2.5227973,-2.5248163,-2.5298178,-2.528218,-2.530326,-2.533957,-2.5350232,-2.5370574,-2.5405343,-2.5432231,-2.545505
76_real,-2.0202603,,,,,,,,,-1.8685917,,,,,,,,,,,,,,,-1.829985,,,,,,,,,,,,,,,,,,,,-2.185717,,,,,,,,,,,,,,,,,,,,,,,,,
76_gen,-2.02026,-2.0236785,-2.0281157,-2.0307324,-2.033079,-2.035972,-2.0364285,-2.0401502,-2.0422301,-2.0473893,-2.048586,-2.0542183,-2.0599926,-2.0605,-2.0648084,-2.0689151,-2.071899,-2.0756416,-2.0803254,-2.0816305,-2.0874095,-2.092041,-2.0949714,-2.0986881,-2.1022234,-2.1048882,-2.1072505,-2.1110554,-2.1160026,-2.118155,-2.1198783,-2.1252694,-2.1271026,-2.1297898,-2.1311107,-2.1363888,-2.137352,-2.1431365,-2.1495957,-2.153668,-2.1565979,-2.1584003,-2.162099,-2.1668727,-2.1758313,-2.178638,-2.1845841,-2.1890044,-2.19117,-2.1960864,-2.2014,-2.2056832,-2.210599,-2.2133296,-2.2158566,-2.2187107,-2.2237551,-2.2271073,-2.2317061,-2.2337751,-2.2379935,-2.2423377,-2.246647,-2.2501361,-2.2531245,-2.25815,-2.2646828,-2.26574,-2.265277,-2.2721972
77_real,-1.7474419,,,,,,,,,-1.5413833,,,,,,,,,,,,,,,-1.9410121,,,,,,,,,,,,,,,,,,,,-1.9535006,,,,,,,,,,,,,,,,,,,,,,,,,
77_gen,-1.747442,-1.7551445,-1.7607813,-1.7651379,-1.77005,-1.7743508,-1.7845825,-1.7908299,-1.7959025,-1.804011,-1.8104032,-1.815924,-1.8221728,-1.8300492,-1.8332775,-1.8408053,-1.8465668,-1.8500855,-1.8575792,-1.864933,-1.8691604,-1.873513,-1.8816841,-1.885792,-1.892197,-1.8995492,-1.9021219,-1.9043272,-1.9125324,-1.9201403,-1.9250405,-1.9286935,-1.9344829,-1.9390261,-1.9434106,-1.9480085,-1.9521034,-1.9572535,-1.9643421,-1.967984,-1.9715208,-1.9759991,-1.9791591,-1.9835718,-1.9852006,-1.9934599,-1.9984823,-2.0014024,-2.005354,-2.011397,-2.0192025,-2.0233746,-2.0292315,-2.0309842,-2.0412385,-2.0481892,-2.052136,-2.0604396,-2.065574,-2.0700395,-2.0751555,-2.0819373,-2.086546,-2.0930371,-2.1016843,-2.1107595,-2.116919,-2.122938,-2.1309788,-2.1352606
78_real,-0.7474667,,,,,,,,,-0.96031386,,,,,,,,,,,,,,,-0.83792675,,,,,,,,,,,,,,,,,,,,-0.83260554,,,,,,,,,,,,,,,,,,,,,,,,,
78_gen,-0.7474666,-0.75432575,-0.7595114,-0.7657312,-0.7706805,-0.77448833,-0.7789218,-0.7803403,-0.78599155,-0.7907996,-0.7991657,-0.8032219,-0.8074862,-0.81052196,-0.8159503,-0.818782,-0.82412785,-0.82905185,-0.8341774,-0.8369503,-0.841694,-0.8480318,-0.85605896,-0.8588907,-0.862151,-0.86676997,-0.8738128,-0.87851936,-0.881433,-0.8845151,-0.88641584,-0.8933884,-0.89753073,-0.90235317,-0.90589887,-0.9078978,-0.9076007,-0.9121621,-0.9183524,-0.9220031,-0.923767,-0.92755353,-0.9323821,-0.94106066,-0.94494694,-0.9456337,-0.9493642,-0.95587224,-0.9627328,-0.9667393,-0.97164,-0.97445697,-0.9812008,-0.98406553,-0.9850373,-0.9875962,-0.98950636,-0.9954351,-1.0014923,-1.0059121,-1.0103519,-1.0133488,-1.0165584,-1.0169475,-1.0157684,-1.0215622,-1.0243051,-1.0314834,-1.0366848,-1.0410105
79_real,-0.7032064,,,,,,,,,-0.74503475,,,,,,,,,,,,,,,-0.84542286,,,,,,,,,,,,,,,,,,,,-0.36857942,,,,,,,,,,,,,,,,,,,,,,,,,
79_gen,-0.7032065,-0.7084229,-0.7123948,-0.71764445,-0.72415483,-0.72693473,-0.731586,-0.73686725,-0.74127984,-0.7459111,-0.750941,-0.7546926,-0.7594269,-0.76459885,-0.76785195,-0.7733082,-0.77975106,-0.7852944,-0.7920941,-0.796533,-0.8037013,-0.8091973,-0.81508476,-0.8216566,-0.82863474,-0.83278865,-0.8378493,-0.843367,-0.8478357,-0.8524852,-0.8583144,-0.8642966,-0.86986005,-0.87502784,-0.88069284,-0.88668907,-0.89146125,-0.8963208,-0.9003264,-0.9054125,-0.90976036,-0.91459674,-0.9207362,-0.92633057,-0.9314283,-0.9352846,-0.94071627,-0.9446894,-0.95085734,-0.95653355,-0.961069,-0.96605337,-0.97144175,-0.97707665,-0.983061,-0.98800075,-0.99268883,-0.99797595,-1.0025578,-1.0074341,-1.0128036,-1.0163462,-1.0224488,-1.0271719,-1.0327944,-1.0368013,-1.0418413,-1.0439695,-1.0480117,-1.0540228
80_real,-0.46211717,,,,,,,,,-0.38580027,,,,,,,,,,,,,,,-0.6486695,,,,,,,,,,,,,,,,,,,,-0.23316655,,,,,,,,,,,,,,,,,,,,,,,,,
80_gen,-0.46211714,-0.4691507,-0.4748922,-0.48059207,-0.4860626,-0.49059337,-0.49729013,-0.501059,-0.5065461,-0.5120332,-0.5168858,-0.51996166,-0.5272468,-0.53275293,-0.53829885,-0.54271495,-0.54619014,-0.5515218,-0.55696625,-0.5629998,-0.56699765,-0.57257855,-0.5773347,-0.5820071,-0.5886819,-0.5912105,-0.5967368,-0.60168374,-0.60676515,-0.61234087,-0.6173377,-0.6220771,-0.6267513,-0.6314374,-0.63814896,-0.64166385,-0.6468257,-0.6522457,-0.6584697,-0.66489255,-0.66908395,-0.6751522,-0.6799329,-0.6861044,-0.6925465,-0.6967709,-0.7015726,-0.70698917,-0.71102846,-0.71707296,-0.7215474,-0.7264453,-0.73348707,-0.73976374,-0.7449876,-0.7502218,-0.75302756,-0.7587269,-0.7663846,-0.7691434,-0.7748684,-0.77938926,-0.78532815,-0.7899067,-0.79387665,-0.800385,-0.80440235,-0.81128156,-0.8191732,-0.82611716
81_real,-1.9731729,,,,,,,,,-1.8709157,,,,,,,,,,,,,,,-2.2764585,,,,,,,,,,,,,,,,,,,,-2.3345592,,,,,,,,,,,,,,,,,,,,,,,,,
81_gen,-1.9731729,-1.9842999,-1.9943508,-2.005136,-2.016644,-2.0245907,-2.0339546,-2.0418952,-2.053303,-2.0628986,-2.0710673,-2.08283,-2.093468,-2.100336,-2.1126447,-2.1233854,-2.1304924,-2.1386268,-2.1464343,-2.158382,-2.1670938,-2.1781042,-2.1895194,-2.1984046,-2.20871,-2.220302,-2.233297,-2.2460628,-2.2552466,-2.2667465,-2.275086,-2.2856812,-2.2962184,-2.3039644,-2.3135648,-2.3238568,-2.3317127,-2.342997,-2.3556018,-2.367251,-2.3742719,-2.3854165,-2.3957136,-2.4064517,-2.4166064,-2.4287064,-2.4382565,-2.449408,-2.458825,-2.4710917,-2.4810765,-2.4938443,-2.505971,-2.513391,-2.5232518,-2.5351663,-2.5462263,-2.5574558,-2.5691257,-2.5783896,-2.5911646,-2.5985389,-2.6069005,-2.617513,-2.6290402,-2.6396658,-2.6491916,-2.6568577,-2.6694517,-2.6782782
82_real,-2.763207,,,,,,,,,-2.7374012,,,,,,,,,,,,,,,-2.8221912,,,,,,,,,,,,,,,,,,,,-3.1822417,,,,,,,,,,,,,,,,,,,,,,,,,
82_gen,-2.7632067,-2.7717607,-2.7811246,-2.7911484,-2.7992587,-2.8062918,-2.8165886,-2.8224006,-2.8303127,-2.8360307,-2.8423622,-2.8496432,-2.8559897,-2.8636425,-2.8727808,-2.878666,-2.887803,-2.8898787,-2.8975253,-2.904433,-2.9103255,-2.9153895,-2.9206252,-2.9284592,-2.9351532,-2.9403152,-2.9486327,-2.9579365,-2.966015,-2.9710777,-2.9787803,-2.9872403,-2.996507,-3.0039756,-3.0095484,-3.0160527,-3.023706,-3.0291495,-3.036633,-3.0442965,-3.050261,-3.056467,-3.0614908,-3.069884,-3.075712,-3.0809438,-3.085722,-3.0946212,-3.1020648,-3.1096241,-3.1165266,-3.1250148,-3.1332736,-3.140431,-3.1487663,-3.153319,-3.1587825,-3.1647048,-3.1685205,-3.1728473,-3.1823778,-3.1911469,-3.1966014,-3.2040546,-3.2114143,-3.2161217,-3.2223363,-3.2296212,-3.2369263,-3.243607
83_real,-0.72598314,,,,,,,,,-0.6232674,,,,,,,,,,,,,,,-0.92856133,,,,,,,,,,,,,,,,,,,,-1.0655156,,,,,,,,,,,,,,,,,,,,,,,,,
83_gen,-0.72598314,-0.7346755,-0.74140006,-0.7517736,-0.75768346,-0.767374,-0.7753369,-0.78135985,-0.790652,-0.80407536,-0.81302845,-0.82167226,-0.8324631,-0.8413469,-0.8510917,-0.85569304,-0.8643278,-0.8722828,-0.88241005,-0.8914064,-0.9013445,-0.91060746,-0.919886,-0.930791,-0.93924063,-0.950538,-0.9594239,-0.96750087,-0.9765164,-0.9859222,-0.99467766,-1.0040829,-1.0118301,-1.0238309,-1.0344428,-1.0440025,-1.0495807,-1.0582035,-1.0683701,-1.0769765,-1.084049,-1.0932575,-1.0976717,-1.1057614,-1.1127768,-1.1209409,-1.1336541,-1.1425226,-1.1525452,-1.1621699,-1.172884,-1.1830405,-1.1930746,-1.2050616,-1.2149884,-1.2225602,-1.2363764,-1.2447906,-1.2529414,-1.2630694,-1.274586,-1.2815063,-1.2897379,-1.2987317,-1.3093836,-1.3190453,-1.329036,-1.339918,-1.3505741,-1.3628427
84_real,-1.301754,,,,,,,,,-1.1703556,,,,,,,,,,,,,,,-1.5619745,,,,,,,,,,,,,,,,,,,,-1.4795284,,,,,,,,,,,,,,,,,,,,,,,,,
84_gen,-1.301754,-1.3106118,-1.320535,-1.3313864,-1.3407854,-1.3513763,-1.3610444,-1.3688757,-1.3770851,-1.3845823,-1.3910848,-1.4006522,-1.4097998,-1.4190347,-1.4260478,-1.4341183,-1.4412622,-1.4473913,-1.4572381,-1.4662287,-1.4774675,-1.4853914,-1.4937626,-1.5056262,-1.5139894,-1.5231491,-1.5323722,-1.5410221,-1.5484188,-1.5552721,-1.5640867,-1.5718296,-1.5814099,-1.5902562,-1.6002176,-1.6089976,-1.6161463,-1.6223552,-1.627866,-1.637306,-1.6455657,-1.6531572,-1.6607506,-1.6705935,-1.6793616,-1.6908859,-1.7008438,-1.7127869,-1.7223263,-1.7310827,-1.7398193,-1.7490158,-1.7550533,-1.7605406,-1.7652775,-1.7750871,-1.7813532,-1.7877846,-1.7967542,-1.8049185,-1.8154762,-1.8259026,-1.8369215,-1.8458688,-1.8547747,-1.8641764,-1.8726127,-1.8813463,-1.8918343,-1.8980763
85_real,-1.8751515,,,,,,,,,-1.8110734,,,,,,,,,,,,,,,-2.1795225,,,,,,,,,,,,,,,,,,,,-2.0369487,,,,,,,,,,,,,,,,,,,,,,,,,
85_gen,-1.8751514,-1.8854967,-1.8939903,-1.9031426,-1.9143419,-1.9235203,-1.9324995,-1.9405887,-1.949658,-1.9587996,-1.967226,-1.9773445,-1.9856632,-1.9952457,-2.0037732,-2.013337,-2.021016,-2.0300536,-2.040256,-2.048325,-2.0571294,-2.0657678,-2.0737648,-2.0812097,-2.0883546,-2.0967708,-2.1056323,-2.1134558,-2.1204655,-2.127709,-2.1404428,-2.148239,-2.1574738,-2.1644044,-2.1739619,-2.1842961,-2.1929562,-2.1981394,-2.2052302,-2.2133625,-2.2210803,-2.2298303,-2.2413456,-2.2537599,-2.2602465,-2.270432,-2.2777145,-2.2883017,-2.2953217,-2.3041937,-2.312499,-2.321669,-2.3301518,-2.337068,-2.3453746,-2.351911,-2.3602517,-2.3666515,-2.3741798,-2.3857305,-2.3955836,-2.4036276,-2.4119344,-2.4221957,-2.4326375,-2.44017,-2.450234,-2.4609284,-2.4692552,-2.4799206
86_real,-1.6897242,,,,,,,,,-1.5518574,,,,,,,,,,,,,,,-1.6415539,,,,,,,,,,,,,,,,,,,,-1.7246063,,,,,,,,,,,,,,,,,,,,,,,,,
86_gen,-1.6897242,-1.6987402,-1.7111858,-1.7178326,-1.724659,-1.7298458,-1.7383344,-1.7458394,-1.755141,-1.7591095,-1.7646,-1.7707857,-1.7800362,-1.7867266,-1.7907183,-1.7979088,-1.805595,-1.8136425,-1.81961,-1.8224812,-1.8314673,-1.8378475,-1.8462706,-1.8517145,-1.858888,-1.8658593,-1.8742225,-1.8805676,-1.8880129,-1.8964131,-1.9009813,-1.9097176,-1.9163513,-1.9262617,-1.9318044,-1.9408541,-1.946171,-1.9533205,-1.9588442,-1.9670231,-1.9750712,-1.9817749,-1.9915569,-2.0007935,-2.0062375,-2.0119846,-2.0178733,-2.024056,-2.0323997,-2.0421467,-2.0472698,-2.0520215,-2.0552871,-2.061706,-2.0688553,-2.0747864,-2.0809429,-2.0903053,-2.098632,-2.10656,-2.1158378,-2.1244032,-2.1305637,-2.1388526,-2.1443121,-2.153438,-2.1617942,-2.1711507,-2.1794677,-2.1909475
87_real,0.45292705,,,,,,,,,0.22176576,,,,,,,,,,,,,,,-0.07738416,,,,,,,,,,,,,,,,,,,,-0.033191554,,,,,,,,,,,,,,,,,,,,,,,,,
87_gen,0.45292705,0.44540215,0.44071585,0.43303218,0.4255249,0.4213807,0.41541997,0.4077665,0.40093797,0.3965618,0.38606822,0.37981114,0.37203914,0.36380583,0.36252886,0.35461175,0.35236043,0.3472333,0.3387533,0.32958132,0.32137543,0.3120804,0.30417162,0.29941824,0.29122913,0.28459078,0.27614215,0.27215308,0.26556042,0.25336084,0.24509223,0.24263236,0.23056464,0.22161143,0.21161994,0.20343617,0.19734648,0.18860121,0.18349704,0.17627808,0.17320625,0.16534683,0.15320417,0.14710183,0.1420927,0.13351208,0.12680134,0.12264566,0.11197034,0.108597115,0.096692555,0.089402914,0.08347788,0.07732346,0.07149695,0.06352229,0.056067776,0.046197534,0.034355648,0.028093303,0.02025059,0.008691223,-0.0014899187,-0.007788376,-0.018410474,-0.024928156,-0.032232758,-0.039500386,-0.04466614,-0.055008303
88_real,-0.3060887,,,,,,,,,-0.3510064,,,,,,,,,,,,,,,-0.81141293,,,,,,,,,,,,,,,,,,,,-0.523191,,,,,,,,,,,,,,,,,,,,,,,,,
88_gen,-0.3060887,-0.31429526,-0.31846923,-0.3247927,-0.33083946,-0.33713633,-0.34671372,-0.35595787,-0.35786462,-0.36610776,-0.37164536,-0.37682006,-0.38251764,-0.38920218,-0.39753276,-0.4016688,-0.40853158,-0.41492558,-0.42124233,-0.4255785,-0.43090472,-0.43632245,-0.4400774,-0.44291002,-0.44854102,-0.45726877,-0.45984206,-0.4638098,-0.4680404,-0.47324705,-0.481498,-0.48362464,-0.48449627,-0.48683253,-0.49352083,-0.4971947,-0.5000537,-0.50307804,-0.5083299,-0.5127939,-0.5164139,-0.5209928,-0.5245812,-0.53117514,-0.5338138,-0.53801066,-0.54164404,-0.5436579,-0.5450085,-0.5503787,-0.55604285,-0.5621415,-0.57092947,-0.57577693,-0.57790744,-0.5768191,-0.5822487,-0.5875765,-0.59135586,-0.59259695,-0.59338397,-0.59939873,-0.6049546,-0.60807675,-0.611166,-0.6120714,-0.61479074,-0.61748755,-0.6240002,-0.62841266
89_real,-1.2366668,,,,,,,,,-1.5904526,,,,,,,,,,,,,,,-1.1940814,,,,,,,,,,,,,,,,,,,,-0.7289185,,,,,,,,,,,,,,,,,,,,,,,,,
89_gen,-1.2366668,-1.2392958,-1.2404153,-1.2465777,-1.2492447,-1.25386,-1.2568009,-1.2590051,-1.262254,-1.2643836,-1.2682388,-1.2695233,-1.2715261,-1.2719328,-1.2766266,-1.2793928,-1.2822813,-1.2854568,-1.2899263,-1.2944801,-1.295634,-1.2978809,-1.3030043,-1.3048646,-1.3088379,-1.3102915,-1.3121423,-1.3133787,-1.3175788,-1.3227429,-1.3282084,-1.3316402,-1.3338531,-1.3376611,-1.3405399,-1.3455751,-1.348999,-1.349493,-1.3514577,-1.3546487,-1.3606945,-1.3636581,-1.364668,-1.3669089,-1.3721726,-1.3727283,-1.3754698,-1.3768525,-1.380698,-1.383929,-1.3840597,-1.387366,-1.3912455,-1.393146,-1.3973106,-1.3978308,-1.4017471,-1.4063247,-1.4105308,-1.4120994,-1.4132923,-1.4152238,-1.4197739,-1.4240271,-1.4284359,-1.4318537,-1.436591,-1.4382384,-1.4387801,-1.4400026
90_real,-0.5778188,,,,,,,,,-0.33740738,,,,,,,,,,,,,,,-0.8842256,,,,,,,,,,,,,,,,,,,,-0.9816472,,,,,,,,,,,,,,,,,,,,,,,,,
90_gen,-0.5778188,-0.5791833,-0.5801816,-0.58008516,-0.58103496,-0.5824956,-0.5825945,-0.58375704,-0.58410084,-0.586367,-0.58752537,-0.58926934,-0.5913083,-0.59245247,-0.594338,-0.5968798,-0.5997778,-0.6007999,-0.60276175,-0.6044391,-0.6073262,-0.60731876,-0.604606,-0.60581416,-0.6062744,-0.60825074,-0.6093054,-0.61050904,-0.6116198,-0.61396194,-0.6150866,-0.6135957,-0.6147338,-0.6154145,-0.61336803,-0.6152297,-0.61736506,-0.61808366,-0.61936414,-0.61941683,-0.6188911,-0.6171939,-0.6137586,-0.61336195,-0.6129726,-0.6171787,-0.61671484,-0.6170085,-0.6160165,-0.6186279,-0.6195898,-0.619427,-0.62054616,-0.6218737,-0.6198605,-0.6186885,-0.6163971,-0.6173674,-0.61687064,-0.619394,-0.62169784,-0.6202961,-0.62157524,-0.6207467,-0.61851627,-0.61839354,-0.62041724,-0.6220358,-0.624387,-0.6268019
91_real,-1.7334152,,,,,,,,,-1.427382,,,,,,,,,,,,,,,-2.2441742,,,,,,,,,,,,,,,,,,,,-1.8853766,,,,,,,,,,,,,,,,,,,,,,,,,
91_gen,-1.7334154,-1.7423894,-1.7486546,-1.7532904,-1.7580616,-1.7639761,-1.7680779,-1.7749695,-1.7767322,-1.7809174,-1.7865555,-1.7912998,-1.7967389,-1.8010553,-1.8064792,-1.810612,-1.8144147,-1.8193312,-1.821759,-1.8247364,-1.8286145,-1.8346924,-1.8364633,-1.8430103,-1.8462999,-1.8493716,-1.8536392,-1.8562704,-1.8606932,-1.8656048,-1.8691094,-1.8725307,-1.8772857,-1.8813816,-1.8841002,-1.8854578,-1.8884618,-1.8933529,-1.897063,-1.9005222,-1.9069431,-1.9123545,-1.916344,-1.9207537,-1.9256136,-1.9267603,-1.9297683,-1.9355621,-1.9383961,-1.9427178,-1.9445667,-1.9463437,-1.9491875,-1.9499238,-1.9534203,-1.9583355,-1.9624364,-1.967974,-1.9719303,-1.9755033,-1.9779371,-1.9818335,-1.9840724,-1.9869903,-1.9918144,-1.9951448,-1.9967047,-2.002065,-2.0066648,-2.0108392
92_real,-0.6084951,,,,,,,,,-0.61455184,,,,,,,,,,,,,,,-0.98199487,,,,,,,,,,,,,,,,,,,,-0.63675994,,,,,,,,,,,,,,,,,,,,,,,,,
92_gen,-0.6084952,-0.6134866,-0.61902726,-0.62268764,-0.62447894,-0.62731254,-0.6332796,-0.63711107,-0.6391903,-0.6442735,-0.648812,-0.6520433,-0.65416634,-0.6554136,-0.6564543,-0.6588036,-0.66126126,-0.6654437,-0.66750765,-0.6704358,-0.67211646,-0.67051333,-0.6736032,-0.6771365,-0.67836106,-0.68077826,-0.6829175,-0.6835878,-0.6851527,-0.68714535,-0.68961686,-0.69117564,-0.69184685,-0.6943413,-0.6972892,-0.69918954,-0.6977025,-0.6994999,-0.70091313,-0.70306194,-0.7039266,-0.7057701,-0.70454013,-0.7048888,-0.70597535,-0.70547247,-0.70386875,-0.70675915,-0.70426637,-0.7054671,-0.705439,-0.70785004,-0.70675856,-0.7092651,-0.71275604,-0.71486413,-0.7157271,-0.7175748,-0.7180488,-0.72000563,-0.7199116,-0.7206,-0.7240954,-0.72622365,-0.7267448,-0.7269382,-0.73000324,-0.7319561,-0.7329409,-0.7314957
93_real,0.27343845,,,,,,,,,0.5631628,,,,,,,,,,,,,,,0.10020118,,,,,,,,,,,,,,,,,,,,0.35258994,,,,,,,,,,,,,,,,,,,,,,,,,
93_gen,0.27343845,0.26140985,0.24994798,0.24265699,0.23363471,0.22422652,0.21390322,0.20378184,0.19307306,0.18328771,0.17245448,0.16492096,0.15728955,0.14888957,0.13747652,0.12946382,0.12218537,0.114007756,0.104705036,0.0955587,0.086922444,0.07669667,0.06747743,0.05833271,0.04694153,0.03591732,0.02692461,0.01838254,0.011320987,0.0037261914,-0.0061342465,-0.013661608,-0.023229558,-0.03182596,-0.039156668,-0.047119405,-0.05719178,-0.067099646,-0.07424457,-0.08402196,-0.09475621,-0.10407295,-0.113633975,-0.12428056,-0.13396837,-0.14160474,-0.15179878,-0.15991859,-0.16858876,-0.17816207,-0.18937218,-0.19843297,-0.20548466,-0.21608444,-0.22655973,-0.23678496,-0.2474333,-0.2572132,-0.26817673,-0.27792716,-0.28777638,-0.29784712,-0.3076128,-0.317495,-0.32773823,-0.33879772,-0.34758297,-0.35742038,-0.36896515,-0.37783384
94_real,0.9057181,,,,,,,,,1.0803931,,,,,,,,,,,,,,,1.1563388,,,,,,,,,,,,,,,,,,,,1.0424203,,,,,,,,,,,,,,,,,,,,,,,,,
94_gen,0.90571797,0.8959608,0.8853655,0.8761131,0.8677143,0.8574052,0.8463871,0.83832216,0.82969064,0.81980103,0.80983675,0.80108327,0.7928773,0.7815708,0.77052224,0.76386017,0.7562307,0.74577653,0.73719275,0.7294817,0.7201886,0.71023345,0.70067286,0.68886626,0.6782991,0.6696731,0.6579306,0.6491288,0.6375409,0.62869006,0.6187101,0.61114395,0.6050399,0.5981952,0.59052306,0.5818913,0.573408,0.5663162,0.55775523,0.5487863,0.5367569,0.52817595,0.5222749,0.51537716,0.50627506,0.49417472,0.48799342,0.48107967,0.47396034,0.46147972,0.4524839,0.44600877,0.43984407,0.4331526,0.4268716,0.4178206,0.40835103,0.39789099,0.38751775,0.3777731,0.36908358,0.3598062,0.35294193,0.34231386,0.33156627,0.32134038,0.31126013,0.30324525,0.2929384,0.2854404
95_real,-0.4987758,,,,,,,,,-0.49173126,,,,,,,,,,,,,,,-0.8052135,,,,,,,,,,,,,,,,,,,,-0.6150108,,,,,,,,,,,,,,,,,,,,,,,,,
95_gen,-0.4987758,-0.51057434,-0.521499,-0.5377704,-0.549973,-0.55777806,-0.5699829,-0.5837708,-0.5945962,-0.6040796,-0.61661255,-0.6278962,-0.6436461,-0.64959943,-0.6643265,-0.6784566,-0.6920891,-0.70175266,-0.7144086,-0.72666615,-0.7391539,-0.7551521,-0.76978797,-0.78430337,-0.80030787,-0.8089431,-0.8180625,-0.8349773,-0.84966326,-0.86704886,-0.8810415,-0.89570713,-0.9083765,-0.92373544,-0.9395293,-0.95456773,-0.96903324,-0.98481214,-0.99415445,-1.0080063,-1.0236037,-1.0383794,-1.0468668,-1.0607834,-1.0710676,-1.0879138,-1.102996,-1.1185021,-1.1341467,-1.1467482,-1.1588862,-1.1728952,-1.1887724,-1.2079691,-1.2239288,-1.242078,-1.2603472,-1.276946,-1.294765,-1.3152912,-1.329133,-1.3464485,-1.3622621,-1.3727682,-1.390865,-1.4013343,-1.4157915,-1.430577,-1.4432565,-1.4633176
96_real,-0.8029497,,,,,,,,,-1.0387249,,,,,,,,,,,,,,,-1.0387249,,,,,,,,,,,,,,,,,,,,-1.0144539,,,,,,,,,,,,,,,,,,,,,,,,,
96_gen,-0.8029498,-0.81631625,-0.83190024,-0.8494423,-0.85966957,-0.87456656,-0.88712233,-0.9065994,-0.91837215,-0.929778,-0.9433316,-0.956017,-0.9685049,-0.98157704,-0.9980198,-1.0119123,-1.0259349,-1.0364621,-1.0496643,-1.0616137,-1.0744894,-1.0890775,-1.1059558,-1.1162164,-1.1293404,-1.1387186,-1.1512635,-1.1673443,-1.1806881,-1.1965467,-1.2071174,-1.221409,-1.2336934,-1.2454886,-1.2621676,-1.2763448,-1.2885077,-1.301441,-1.3142784,-1.3288195,-1.3448792,-1.3562872,-1.3712286,-1.3849398,-1.4013519,-1.4128475,-1.4272044,-1.4428558,-1.4586713,-1.4737073,-1.4884458,-1.5020455,-1.5169624,-1.5318623,-1.5469536,-1.5551015,-1.5691242,-1.5799968,-1.589497,-1.6033709,-1.6161932,-1.634495,-1.6480219,-1.664561,-1.6801201,-1.6954447,-1.7066622,-1.7240362,-1.739734,-1.7576988
97_real,0.6352607,,,,,,,,,0.7300203,,,,,,,,,,,,,,,0.43845248,,,,,,,,,,,,,,,,,,,,0.34369296,,,,,,,,,,,,,,,,,,,,,,,,,
97_gen,0.63526064,0.62981445,0.6249299,0.61910176,0.6174331,0.6129237,0.60647887,0.60492766,0.6008412,0.5966028,0.5893582,0.5852076,0.58080864,0.57857007,0.5731779,0.5693182,0.56484354,0.55897546,0.55404717,0.54820126,0.5406001,0.5394105,0.5364698,0.5299972,0.52356875,0.51725245,0.5118943,0.50458795,0.500908,0.49604502,0.48960575,0.48650473,0.48446417,0.48032922,0.47677326,0.47383443,0.4695073,0.46306032,0.4582886,0.45754036,0.45203727,0.44891757,0.44422436,0.43940696,0.4370452,0.43288723,0.4299143,0.42569938,0.42156458,0.4179712,0.41643578,0.41049728,0.4044795,0.3998259,0.39562863,0.39042622,0.38808662,0.3830548,0.3802186,0.3767134,0.37332293,0.36842653,0.36225066,0.3563133,0.34862748,0.3479792,0.34297824,0.3398438,0.33743167,0.3336018
98_real,0.5782281,,,,,,,,,0.6642907,,,,,,,,,,,,,,,0.5229022,,,,,,,,,,,,,,,,,,,,0.42454493,,,,,,,,,,,,,,,,,,,,,,,,,
98_gen,0.57822806,0.5691195,0.56370205,0.5554037,0.54846305,0.54304516,0.53595555,0.53021085,0.5252601,0.51929295,0.5113137,0.50547135,0.5004721,0.49665222,0.49187654,0.48754984,0.48247832,0.4781118,0.47497144,0.46845037,0.46445417,0.45961022,0.45575437,0.45158786,0.44956464,0.44466954,0.4431975,0.44028896,0.43577766,0.43107033,0.42259645,0.4127884,0.40748072,0.4012076,0.39814472,0.39702228,0.39043435,0.38431984,0.37858826,0.3734026,0.3700927,0.36335203,0.36026388,0.35445145,0.35065648,0.34578556,0.33791417,0.33773547,0.33628234,0.33223492,0.32829517,0.321147,0.31819806,0.31307623,0.30907527,0.30168492,0.29915422,0.2942108,0.28912264,0.28472143,0.27931935,0.27417856,0.2683775,0.26311284,0.25901362,0.25129634,0.24619932,0.24238794,0.23547156,0.2342114
99_real,-0.77956635,,,,,,,,,-0.69371825,,,,,,,,,,,,,,,-0.8654144,,,,,,,,,,,,,,,,,,,,-0.89403045,,,,,,,,,,,,,,,,,,,,,,,,,
99_gen,-0.77956635,-0.7779149,-0.7769002,-0.782507,-0.7838639,-0.78473485,-0.7884723,-0.78953177,-0.79312074,-0.7953123,-0.7975864,-0.79819214,-0.80390835,-0.80799323,-0.8122714,-0.8185774,-0.8239813,-0.82618713,-0.8297032,-0.83542424,-0.8396677,-0.84148914,-0.84599936,-0.84935427,-0.8510782,-0.8558074,-0.8581379,-0.8603689,-0.86501896,-0.87011826,-0.871267,-0.8761066,-0.87721604,-0.88012064,-0.8858897,-0.8878559,-0.89245,-0.89428747,-0.89745855,-0.9002821,-0.9040264,-0.90692806,-0.9139789,-0.9171408,-0.9245821,-0.92985153,-0.9327177,-0.9371072,-0.9390319,-0.9445974,-0.9479537,-0.95062625,-0.95648634,-0.961675,-0.9684297,-0.9721612,-0.97772086,-0.9806119,-0.98441523,-0.9893835,-0.9931785,-0.992317,-0.99473774,-0.99732864,-0.99996805,-1.0030596,-1.0054457,-1.0095,-1.0125433,-1.0159136
100_real,-1.2690217,,,,,,,,,-1.0606337,,,,,,,,,,,,,,,-1.0606337,,,,,,,,,,,,,,,,,,,,-1.2169247,,,,,,,,,,,,,,,,,,,,,,,,,
100_gen,-1.2690219,-1.273239,-1.2810328,-1.2872628,-1.2967874,-1.3010843,-1.3063676,-1.3114481,-1.3169364,-1.3223011,-1.3281984,-1.331844,-1.3357085,-1.3415062,-1.3486216,-1.3552551,-1.3578718,-1.3624461,-1.3670274,-1.3711913,-1.374387,-1.3756244,-1.3802646,-1.3887147,-1.3947651,-1.3979789,-1.3997601,-1.403779,-1.4104968,-1.4191266,-1.4221588,-1.4244403,-1.4331297,-1.4397805,-1.4454622,-1.4509856,-1.4563168,-1.4641874,-1.4687684,-1.4731324,-1.4823903,-1.4875866,-1.4951942,-1.4961454,-1.5012977,-1.5063372,-1.5114502,-1.5176322,-1.5220196,-1.5250673,-1.531626,-1.5373803,-1.5438664,-1.5483081,-1.5520858,-1.5591335,-1.5658662,-1.5724344,-1.5753734,-1.5786307,-1.586438,-1.5910842,-1.6008928,-1.6092539,-1.6185818,-1.624759,-1.629916,-1.634729,-1.6433061,-1.6494877
101_real,-0.46406502,,,,,,,,,-0.28773558,,,,,,,,,,,,,,,-0.28773558,,,,,,,,,,,,,,,,,,,,-0.31486318,,,,,,,,,,,,,,,,,,,,,,,,,
101_gen,-0.46406502,-0.47190875,-0.4769288,-0.48402748,-0.48825583,-0.49649653,-0.5023635,-0.5082339,-0.514429,-0.51925296,-0.5259688,-0.5328099,-0.53627,-0.54636514,-0.5539726,-0.55616856,-0.5642396,-0.5684046,-0.574918,-0.58074015,-0.59018385,-0.59800625,-0.60237503,-0.6113628,-0.6190212,-0.62455344,-0.6317673,-0.6384031,-0.644716,-0.65148747,-0.6583241,-0.6638629,-0.6713423,-0.67963326,-0.6839272,-0.688043,-0.6950322,-0.69938546,-0.70337194,-0.7112611,-0.7156378,-0.7227988,-0.7279602,-0.73407584,-0.73969644,-0.7462362,-0.75297916,-0.758803,-0.7637836,-0.7696923,-0.7740997,-0.7781819,-0.78266203,-0.78945667,-0.79632825,-0.8025608,-0.80800664,-0.81627625,-0.8226805,-0.82777894,-0.83565843,-0.84209883,-0.84724635,-0.8537544,-0.8566381,-0.86338365,-0.87064,-0.87730616,-0.88247204,-0.8871217
102_real,-0.27446562,,,,,,,,,0.041420802,,,,,,,,,,,,,,,-0.09019855,,,,,,,,,,,,,,,,,,,,-0.024388872,,,,,,,,,,,,,,,,,,,,,,,,,
102_gen,-0.2744656,-0.28683695,-0.30060655,-0.31336752,-0.32300994,-0.33272997,-0.3385576,-0.34581375,-0.35508746,-0.363813,-0.3701129,-0.3788871,-0.38760388,-0.39498544,-0.40464836,-0.41454965,-0.4234341,-0.43368053,-0.4405505,-0.4487478,-0.45856792,-0.46547762,-0.47447652,-0.48061913,-0.48608232,-0.4962663,-0.50482565,-0.5126143,-0.5184511,-0.52776253,-0.5332901,-0.5425378,-0.5496248,-0.5557479,-0.5643078,-0.57044077,-0.5799259,-0.5858596,-0.59284365,-0.5968811,-0.6053669,-0.611783,-0.6209223,-0.627194,-0.63298935,-0.6385449,-0.64551556,-0.649557,-0.6549994,-0.6613947,-0.6675379,-0.6767822,-0.6871254,-0.69173485,-0.6995889,-0.7067741,-0.71331763,-0.7203138,-0.72903204,-0.73970884,-0.7457878,-0.7531682,-0.762365,-0.767969,-0.77528167,-0.7847387,-0.7925012,-0.7989591,-0.8059519,-0.8151695
103_real,-1.5300832,,,,,,,,,-1.5869724,,,,,,,,,,,,,,,-1.5449619,,,,,,,,,,,,,,,,,,,,-1.7235063,,,,,,,,,,,,,,,,,,,,,,,,,
103_gen,-1.5300831,-1.5365412,-1.5448878,-1.5515641,-1.5598803,-1.5691605,-1.5769733,-1.5849476,-1.5910918,-1.5990055,-1.6077807,-1.6144679,-1.6183717,-1.625386,-1.6335484,-1.6420662,-1.6507546,-1.6573206,-1.6684408,-1.6767967,-1.6851841,-1.6930748,-1.7013328,-1.7108119,-1.716665,-1.7226442,-1.7296187,-1.7373695,-1.7456166,-1.7519014,-1.760279,-1.7689044,-1.7781357,-1.7856834,-1.7942156,-1.8066523,-1.8169454,-1.828557,-1.8374907,-1.8443712,-1.8557345,-1.8644775,-1.8765471,-1.8852053,-1.8912389,-1.8985153,-1.9083612,-1.9201279,-1.9288069,-1.9364172,-1.9459112,-1.956805,-1.9638224,-1.972916,-1.9834118,-1.9930397,-2.0016928,-2.0112789,-2.0210314,-2.03229,-2.041743,-2.055226,-2.0639668,-2.0742724,-2.0817637,-2.0915549,-2.1011968,-2.1112046,-2.1202621,-2.1272743
104_real,-0.7542807,,,,,,,,,-0.70243734,,,,,,,,,,,,,,,-0.74564016,,,,,,,,,,,,,,,,,,,,-0.66787505,,,,,,,,,,,,,,,,,,,,,,,,,
104_gen,-0.7542806,-0.7651557,-0.7733336,-0.7777696,-0.78637284,-0.7935854,-0.7999372,-0.8050761,-0.8106834,-0.814799,-0.81997794,-0.8242897,-0.8290736,-0.8336381,-0.8386656,-0.8448268,-0.8493438,-0.8547621,-0.858483,-0.8620022,-0.8666868,-0.87378186,-0.88163376,-0.8909237,-0.89464796,-0.89905566,-0.90578234,-0.91250134,-0.9180194,-0.92277557,-0.9272324,-0.9332941,-0.9402568,-0.9503697,-0.95758474,-0.9624631,-0.9650836,-0.9705561,-0.9767536,-0.9818985,-0.9860185,-0.9954039,-1.0032183,-1.0101256,-1.0190306,-1.0245311,-1.0296819,-1.0313596,-1.0376087,-1.0460808,-1.0493835,-1.0579737,-1.0655744,-1.0713888,-1.076574,-1.0833194,-1.0884405,-1.092851,-1.0995331,-1.106909,-1.1131111,-1.1195809,-1.1259098,-1.1332722,-1.1410092,-1.1447892,-1.1505266,-1.1566975,-1.163412,-1.1720283
105_real,-0.74444824,,,,,,,,,-0.7258739,,,,,,,,,,,,,,,-0.69336873,,,,,,,,,,,,,,,,,,,,-0.76766616,,,,,,,,,,,,,,,,,,,,,,,,,
105_gen,-0.74444824,-0.7511138,-0.7569985,-0.7641628,-0.7730108,-0.78173476,-0.7862126,-0.79185575,-0.79609376,-0.8021598,-0.80818176,-0.81640947,-0.8230462,-0.82808256,-0.83708715,-0.84247273,-0.8503583,-0.855759,-0.86420745,-0.8716877,-0.8774861,-0.8836487,-0.8899025,-0.89874554,-0.90412503,-0.9114234,-0.91888064,-0.9245766,-0.93218976,-0.9375831,-0.94538414,-0.9509055,-0.9570953,-0.96282035,-0.97060615,-0.98010075,-0.98712856,-0.99267614,-0.9966687,-1.0022082,-1.0096712,-1.0156612,-1.023309,-1.0303588,-1.0376914,-1.0447037,-1.0527339,-1.0605873,-1.0677404,-1.0758171,-1.0818548,-1.0884488,-1.0955007,-1.1034871,-1.1081351,-1.1142282,-1.1222477,-1.1280178,-1.1356537,-1.1420019,-1.1505406,-1.1579665,-1.1637747,-1.1719396,-1.1801666,-1.189077,-1.1979635,-1.2035972,-1.2134988,-1.2224966
106_real,-0.6899798,,,,,,,,,-0.67178464,,,,,,,,,,,,,,,-0.77286893,,,,,,,,,,,,,,,,,,,,-0.9312343,,,,,,,,,,,,,,,,,,,,,,,,,
106_gen,-0.68997973,-0.69871676,-0.7062011,-0.71565014,-0.7223039,-0.73096234,-0.73783636,-0.7477859,-0.7558594,-0.7648686,-0.7731099,-0.777598,-0.7833721,-0.79285973,-0.7996057,-0.8076552,-0.8138133,-0.8234434,-0.82870877,-0.83453256,-0.84152347,-0.8466133,-0.8551165,-0.8622427,-0.87104064,-0.8774911,-0.8850293,-0.89270735,-0.8994872,-0.9040414,-0.9134091,-0.9213707,-0.92664653,-0.9343937,-0.94129735,-0.94953203,-0.9560625,-0.961213,-0.96747047,-0.97452956,-0.9787737,-0.9840126,-0.99080354,-0.99907845,-1.0056196,-1.0128934,-1.0210251,-1.0275434,-1.0318755,-1.0374258,-1.042781,-1.0494715,-1.0554138,-1.061547,-1.0694319,-1.0747764,-1.0809838,-1.0903599,-1.0989122,-1.1040124,-1.1105539,-1.1182263,-1.1257004,-1.132523,-1.1399637,-1.1480167,-1.1550119,-1.16087,-1.1685681,-1.1761228
107_real,-0.61685973,,,,,,,,,-0.49166086,,,,,,,,,,,,,,,-0.59259367,,,,,,,,,,,,,,,,,,,,-0.8053614,,,,,,,,,,,,,,,,,,,,,,,,,
107_gen,-0.6168598,-0.629449,-0.6371898,-0.64534295,-0.6548887,-0.6632356,-0.6706131,-0.6804011,-0.688261,-0.69644606,-0.7044883,-0.7119714,-0.7220595,-0.73153675,-0.74062693,-0.7466086,-0.7524654,-0.7596431,-0.7694004,-0.7768734,-0.78622884,-0.7948895,-0.80281305,-0.80915385,-0.81685513,-0.8230022,-0.83108777,-0.8378736,-0.8450597,-0.85402936,-0.8616513,-0.86719894,-0.87404394,-0.8806488,-0.8870319,-0.89434165,-0.9000274,-0.90686464,-0.91386235,-0.92084455,-0.9297249,-0.9377443,-0.9445219,-0.9543333,-0.9602402,-0.968289,-0.97460806,-0.9808089,-0.99110717,-1.0000898,-1.0085107,-1.0162787,-1.0253046,-1.0334728,-1.0409673,-1.0491992,-1.057588,-1.0637075,-1.0717357,-1.0784436,-1.0890541,-1.0981888,-1.1051958,-1.112565,-1.1189137,-1.1278869,-1.1349277,-1.145292,-1.1525643,-1.1596067
108_real,0.44976196,,,,,,,,,0.38088712,,,,,,,,,,,,,,,0.5087975,,,,,,,,,,,,,,,,,,,,0.62440884,,,,,,,,,,,,,,,,,,,,,,,,,
108_gen,0.44976193,0.43728462,0.42646217,0.41682965,0.40812024,0.39739233,0.38598722,0.37587142,0.36411795,0.3565165,0.34441605,0.33733916,0.32856455,0.32184836,0.3105862,0.30308762,0.28983802,0.28443727,0.27470478,0.26476842,0.25497666,0.24625945,0.23416671,0.22189543,0.21162975,0.20191741,0.19258156,0.18381837,0.17420523,0.16265973,0.1517099,0.14304188,0.1354205,0.12778628,0.11834232,0.10708098,0.09713815,0.08875327,0.08127567,0.07176717,0.059729714,0.05181544,0.04021327,0.030287087,0.020265384,0.012928648,0.004268562,-0.0039074607,-0.014372905,-0.0232817,-0.032354504,-0.042086482,-0.05297793,-0.064689554,-0.07627705,-0.08457523,-0.091585025,-0.102293946,-0.111137524,-0.12076052,-0.13128269,-0.13942836,-0.14884132,-0.15803218,-0.16701518,-0.17567903,-0.18452145,-0.19508567,-0.20415404,-0.21575229
109_real,-1.122175,,,,,,,,,-1.1584582,,,,,,,,,,,,,,,-1.3574308,,,,,,,,,,,,,,,,,,,,-1.4522355,,,,,,,,,,,,,,,,,,,,,,,,,
109_gen,-1.1221751,-1.1306689,-1.1409402,-1.1531456,-1.1614605,-1.1697826,-1.1804696,-1.1918615,-1.2010487,-1.2104247,-1.2237443,-1.2322035,-1.242803,-1.2536534,-1.2622963,-1.2715076,-1.2799027,-1.2934325,-1.3034792,-1.3148677,-1.32448,-1.3338482,-1.3454459,-1.3554593,-1.3654306,-1.374956,-1.385908,-1.3984177,-1.4058932,-1.4138867,-1.4256326,-1.4350089,-1.4474095,-1.46056,-1.4713923,-1.4820881,-1.4939668,-1.5037401,-1.516331,-1.527434,-1.5396259,-1.5487347,-1.5590019,-1.5686878,-1.5777259,-1.5885044,-1.5989134,-1.6061554,-1.6178701,-1.6302421,-1.6415135,-1.6529026,-1.6655521,-1.6766026,-1.6886415,-1.7025163,-1.715061,-1.729467,-1.7411604,-1.755023,-1.7678783,-1.7827806,-1.7923634,-1.8066709,-1.8198122,-1.8326124,-1.8478632,-1.8597695,-1.8726572,-1.8831753
110_real,-1.201574,,,,,,,,,-1.1562997,,,,,,,,,,,,,,,-1.4589221,,,,,,,,,,,,,,,,,,,,-1.486325,,,,,,,,,,,,,,,,,,,,,,,,,
110_gen,-1.2015741,-1.2084562,-1.2184869,-1.2272296,-1.2345291,-1.2416872,-1.2508963,-1.2627063,-1.272708,-1.2840347,-1.2965896,-1.3069751,-1.3159113,-1.3229176,-1.3348993,-1.3447442,-1.3549843,-1.366648,-1.3733976,-1.3842341,-1.3941288,-1.4067514,-1.4181783,-1.427398,-1.4368314,-1.4458208,-1.4557799,-1.4663146,-1.4763908,-1.4896638,-1.4969736,-1.5108994,-1.521943,-1.5358226,-1.5455722,-1.5530894,-1.5653259,-1.5718489,-1.5837963,-1.5919,-1.6053417,-1.6165001,-1.627944,-1.6377748,-1.6506523,-1.660134,-1.6699756,-1.6816534,-1.6954238,-1.705575,-1.7132854,-1.7264013,-1.7419046,-1.7527726,-1.7620461,-1.775564,-1.7872473,-1.7992598,-1.8106987,-1.8223263,-1.8351328,-1.8498503,-1.8611845,-1.8737202,-1.8854525,-1.8948452,-1.9077755,-1.9233795,-1.9329296,-1.9401432
111_real,-0.23629566,,,,,,,,,-0.239909,,,,,,,,,,,,,,,-0.18932223,,,,,,,,,,,,,,,,,,,,-0.35553586,,,,,,,,,,,,,,,,,,,,,,,,,
111_gen,-0.23629567,-0.25038642,-0.262846,-0.27505952,-0.28596702,-0.29989925,-0.31350762,-0.32401466,-0.33200392,-0.3434125,-0.3539825,-0.3614798,-0.37452883,-0.3863389,-0.39740074,-0.4087719,-0.42203036,-0.43203726,-0.44562015,-0.4552498,-0.46729597,-0.48009196,-0.49025384,-0.50067025,-0.5079889,-0.5198992,-0.5291856,-0.53903717,-0.5515237,-0.56257474,-0.5717821,-0.58461666,-0.5978517,-0.6102291,-0.620579,-0.6322252,-0.63949114,-0.6477777,-0.660315,-0.67196965,-0.68086374,-0.6911827,-0.69864595,-0.71027863,-0.7176198,-0.7287979,-0.7404743,-0.7527764,-0.76049805,-0.7716069,-0.78269565,-0.794463,-0.8039503,-0.81569433,-0.8254997,-0.83438647,-0.84506446,-0.8538143,-0.86429894,-0.87483424,-0.8902478,-0.8999635,-0.90687656,-0.9198289,-0.9326445,-0.9436819,-0.95624,-0.96409655,-0.9696249,-0.98039997
112_real,-0.3408872,,,,,,,,,-0.40119058,,,,,,,,,,,,,,,-0.21274252,,,,,,,,,,,,,,,,,,,,-0.26173902,,,,,,,,,,,,,,,,,,,,,,,,,
112_gen,-0.34088716,-0.35354623,-0.36722004,-0.38126245,-0.3964332,-0.40871185,-0.4218393,-0.43678164,-0.44878903,-0.4628033,-0.4765044,-0.4858616,-0.49846902,-0.51144105,-0.51674044,-0.5288464,-0.5362331,-0.5502307,-0.5606625,-0.5716355,-0.5795149,-0.59108996,-0.602162,-0.6135575,-0.6283949,-0.64047486,-0.6504728,-0.66011935,-0.67140216,-0.682185,-0.69158685,-0.703858,-0.7180126,-0.7276117,-0.7405321,-0.75339276,-0.7662114,-0.7790693,-0.79199505,-0.8002645,-0.8140065,-0.8264839,-0.83960277,-0.85132104,-0.8630866,-0.87566864,-0.88727033,-0.89743483,-0.9098202,-0.92446214,-0.9349452,-0.9480206,-0.9633502,-0.97506917,-0.9879797,-1.0031545,-1.0158092,-1.0281646,-1.0394324,-1.0523386,-1.062043,-1.0766907,-1.0886407,-1.101014,-1.1173065,-1.1279064,-1.147105,-1.159194,-1.1726277,-1.1840156
113_real,0.060303226,,,,,,,,,-0.098657414,,,,,,,,,,,,,,,-0.08965964,,,,,,,,,,,,,,,,,,,,0.1532802,,,,,,,,,,,,,,,,,,,,,,,,,
113_gen,0.06030322,0.053736776,0.045363735,0.039823927,0.032499816,0.028442413,0.023433546,0.018117212,0.014306998,0.012329892,0.005376964,0.0005884642,-0.0051931147,-0.0084958915,-0.012361074,-0.015509047,-0.024477016,-0.031615175,-0.03418146,-0.04001084,-0.041971676,-0.045330394,-0.050505012,-0.059172243,-0.061842762,-0.06990696,-0.07636958,-0.07812125,-0.08336113,-0.08982107,-0.095923595,-0.10136764,-0.10384271,-0.107987955,-0.11473497,-0.12056421,-0.12408836,-0.1310127,-0.13902596,-0.14744802,-0.1557366,-0.16313699,-0.170158,-0.17561658,-0.1794844,-0.1855803,-0.189415,-0.19275357,-0.2007393,-0.20432563,-0.20760778,-0.21212451,-0.2150313,-0.22061849,-0.22700325,-0.2365543,-0.2418665,-0.24672738,-0.25392526,-0.25997922,-0.26973924,-0.27818164,-0.28450653,-0.2896435,-0.30021083,-0.3094577,-0.314375,-0.32021624,-0.32694012,-0.33055618
114_real,-0.08264291,,,,,,,,,-0.18815985,,,,,,,,,,,,,,,-0.18195297,,,,,,,,,,,,,,,,,,,,0.044598103,,,,,,,,,,,,,,,,,,,,,,,,,
114_gen,-0.08264291,-0.09537791,-0.102424845,-0.11212023,-0.117289424,-0.12647596,-0.13744226,-0.14664629,-0.15677857,-0.16776758,-0.17451409,-0.17987491,-0.1915483,-0.19633032,-0.20315726,-0.21227197,-0.22075383,-0.2256411,-0.23102026,-0.23834486,-0.24445164,-0.2532595,-0.26231158,-0.2706081,-0.28087878,-0.29083034,-0.29648226,-0.30832615,-0.3161782,-0.32214415,-0.32638225,-0.3341841,-0.3427232,-0.3499922,-0.3590719,-0.36490592,-0.37301058,-0.3787095,-0.38772744,-0.39650202,-0.40748158,-0.41590023,-0.42474142,-0.43390465,-0.43899792,-0.44604596,-0.4542904,-0.46618015,-0.48054877,-0.48729515,-0.49479467,-0.50299174,-0.50944436,-0.5160481,-0.523026,-0.5309491,-0.5390162,-0.5425981,-0.5524936,-0.56337965,-0.56975293,-0.57596517,-0.5837527,-0.59115183,-0.6005685,-0.60672915,-0.613035,-0.61984503,-0.6289762,-0.63647145
115_real,0.24050216,,,,,,,,,0.22022097,,,,,,,,,,,,,,,0.22568807,,,,,,,,,,,,,,,,,,,,0.37576893,,,,,,,,,,,,,,,,,,,,,,,,,
115_gen,0.24050215,0.23542118,0.23278825,0.22642377,0.22251752,0.21699157,0.21241498,0.2090184,0.21012357,0.20805565,0.20140246,0.19923401,0.19480035,0.19150656,0.1864918,0.18313089,0.18089396,0.17967921,0.17516874,0.16907917,0.16332121,0.15889928,0.15694001,0.1516722,0.14872503,0.14593142,0.14346333,0.13966349,0.13392931,0.12898321,0.12582204,0.12405773,0.12084322,0.11811453,0.116692826,0.11486242,0.1068956,0.101435825,0.098725215,0.09442114,0.09108566,0.087593436,0.08226009,0.08183472,0.079185225,0.07369324,0.07039295,0.06735389,0.0665699,0.0646206,0.063082576,0.058488082,0.05474154,0.04875023,0.041647397,0.037178956,0.03471481,0.030522179,0.025108805,0.022433016,0.023277758,0.015954006,0.015721804,0.011629603,0.0072158636,0.0034227758,-0.0026883644,-0.008042333,-0.012132282,-0.016095866
116_real,0.19675906,,,,,,,,,0.1703158,,,,,,,,,,,,,,,0.22666514,,,,,,,,,,,,,,,,,,,,0.4224712,,,,,,,,,,,,,,,,,,,,,,,,,
116_gen,0.19675907,0.18771628,0.17817134,0.16802037,0.16067646,0.14874226,0.14049676,0.13001728,0.12272272,0.11521111,0.10837823,0.09706511,0.092795946,0.08608755,0.07304167,0.06997748,0.05970549,0.04696872,0.03425584,0.020706642,0.011015655,0.00292505,-0.0017364665,-0.013823783,-0.02223269,-0.029581273,-0.033420626,-0.033678934,-0.04238545,-0.051174365,-0.06367824,-0.07147846,-0.079848245,-0.09284462,-0.100575924,-0.11542623,-0.12009206,-0.12534836,-0.13200244,-0.13675973,-0.14665894,-0.15358582,-0.16583928,-0.17339936,-0.17997928,-0.18835089,-0.1944628,-0.2033566,-0.20594911,-0.21766429,-0.22390828,-0.23614529,-0.24518952,-0.255015,-0.26025352,-0.27226168,-0.28282744,-0.2946066,-0.3036777,-0.313247,-0.31917214,-0.3311771,-0.34465152,-0.35436627,-0.36704317,-0.37982705,-0.38773164,-0.39408988,-0.40747112,-0.4212337
117_real,-1.4086056,,,,,,,,,-1.4418856,,,,,,,,,,,,,,,-1.4418856,,,,,,,,,,,,,,,,,,,,-1.763593,,,,,,,,,,,,,,,,,,,,,,,,,
117_gen,-1.4086056,-1.4147685,-1.4193027,-1.4233645,-1.4279253,-1.4333174,-1.4351363,-1.4383733,-1.4397687,-1.4441618,-1.4465439,-1.453027,-1.4581501,-1.4633424,-1.4676691,-1.4698408,-1.4735641,-1.4767613,-1.484331,-1.4884764,-1.4949919,-1.5008682,-1.5049948,-1.508036,-1.5122842,-1.5168713,-1.5193136,-1.5226892,-1.5269709,-1.5339282,-1.5371258,-1.5429229,-1.5472276,-1.5540783,-1.5601552,-1.5647478,-1.5699006,-1.5756506,-1.5790063,-1.5837377,-1.5893484,-1.5928311,-1.5994055,-1.6059252,-1.6118158,-1.6164967,-1.6203245,-1.6241751,-1.6281369,-1.6329615,-1.6379154,-1.6425397,-1.6474025,-1.652796,-1.6576412,-1.6671884,-1.6741098,-1.6796668,-1.685108,-1.687528,-1.693718,-1.6990477,-1.7044815,-1.7122803,-1.7181766,-1.7266808,-1.7337227,-1.7368664,-1.7452732,-1.7527599
118_real,-0.9858627,,,,,,,,,-1.0836036,,,,,,,,,,,,,,,-0.9750026,,,,,,,,,,,,,,,,,,,,-1.0293031,,,,,,,,,,,,,,,,,,,,,,,,,
118_gen,-0.9858626,-0.9924796,-0.996352,-1.0000472,-1.0041195,-1.0100288,-1.0158212,-1.0215724,-1.0253074,-1.0307643,-1.035592,-1.0400288,-1.0471623,-1.0507594,-1.0563233,-1.0629857,-1.0678976,-1.0722406,-1.0766298,-1.0802647,-1.085376,-1.0907468,-1.0979502,-1.1027105,-1.1095343,-1.1140128,-1.1184036,-1.1231216,-1.129539,-1.1349655,-1.139895,-1.1441534,-1.149584,-1.1553776,-1.1603338,-1.1677042,-1.1729912,-1.1779819,-1.1832979,-1.1870553,-1.1931523,-1.1970409,-1.2022492,-1.2075646,-1.2140024,-1.2223885,-1.2279079,-1.2325835,-1.2373949,-1.2444541,-1.2500879,-1.2546499,-1.2618761,-1.2682782,-1.2736905,-1.2777871,-1.2823317,-1.2877555,-1.2919953,-1.2965444,-1.3023448,-1.3071587,-1.3118811,-1.3165907,-1.3229034,-1.3287945,-1.3347576,-1.3417418,-1.3470876,-1.3536131
119_real,-1.1109462,,,,,,,,,-1.1823189,,,,,,,,,,,,,,,-1.0157827,,,,,,,,,,,,,,,,,,,,-1.0197479,,,,,,,,,,,,,,,,,,,,,,,,,
119_gen,-1.1109463,-1.1210563,-1.1311479,-1.140929,-1.1505091,-1.1583629,-1.166148,-1.1751146,-1.1820853,-1.1905955,-1.1997286,-1.2074121,-1.218207,-1.2256958,-1.2344368,-1.2455951,-1.2558262,-1.260231,-1.2705543,-1.278222,-1.2899618,-1.2999971,-1.3089144,-1.3165559,-1.3228891,-1.3352125,-1.3478768,-1.3532169,-1.3660272,-1.3779718,-1.3866155,-1.3947432,-1.4039237,-1.4123129,-1.4208637,-1.4313077,-1.4417756,-1.4532565,-1.4623497,-1.4705179,-1.4784156,-1.4891012,-1.496474,-1.5052164,-1.5146316,-1.5203712,-1.5256354,-1.5333765,-1.5402123,-1.5484779,-1.5529306,-1.5619676,-1.5648396,-1.5768826,-1.5891116,-1.5990782,-1.6082195,-1.6210258,-1.6278998,-1.6347233,-1.6425505,-1.6518996,-1.6583761,-1.6677916,-1.6789265,-1.6868454,-1.6962578,-1.7098751,-1.7205826,-1.7317076
120_real,-1.6123592,,,,,,,,,-1.5461403,,,,,,,,,,,,,,,-1.6084639,,,,,,,,,,,,,,,,,,,,-1.5773021,,,,,,,,,,,,,,,,,,,,,,,,,
120_gen,-1.6123593,-1.6244743,-1.6342633,-1.6457694,-1.6566713,-1.6660497,-1.6765181,-1.6823025,-1.6912165,-1.6956526,-1.7088854,-1.7213104,-1.7313095,-1.7391169,-1.7482445,-1.7590904,-1.761184,-1.772136,-1.7825661,-1.7858953,-1.7955942,-1.8038197,-1.8128761,-1.8232473,-1.8294985,-1.8362312,-1.8386173,-1.84797,-1.856245,-1.8601601,-1.8696592,-1.8788822,-1.8892905,-1.8936739,-1.8985717,-1.9065783,-1.9132057,-1.9197859,-1.926396,-1.9328563,-1.9403986,-1.950167,-1.962075,-1.9709063,-1.9775423,-1.9862627,-1.995444,-2.0045533,-2.0117195,-2.0198169,-2.0230482,-2.027243,-2.0306656,-2.038037,-2.0445864,-2.0543933,-2.058393,-2.06599,-2.0694532,-2.0733814,-2.0796008,-2.0868707,-2.0957074,-2.105439,-2.1156254,-2.1189363,-2.1270528,-2.1331365,-2.1366792,-2.1454499
121_real,-1.6344746,,,,,,,,,-1.5788254,,,,,,,,,,,,,,,-1.600025,,,,,,,,,,,,,,,,,,,,-1.682174,,,,,,,,,,,,,,,,,,,,,,,,,
121_gen,-1.6344745,-1.6437124,-1.6501338,-1.6577742,-1.6655413,-1.6683435,-1.6711696,-1.6733202,-1.6761234,-1.6807711,-1.6854216,-1.6919019,-1.6981642,-1.7052271,-1.708918,-1.7118914,-1.718882,-1.7239043,-1.728295,-1.7376735,-1.742944,-1.7473042,-1.7504857,-1.7558591,-1.7612816,-1.7677473,-1.7715559,-1.7776186,-1.78139,-1.7865353,-1.7931833,-1.8008301,-1.8025312,-1.8112434,-1.8177707,-1.8244301,-1.831958,-1.8387266,-1.843962,-1.8484106,-1.854203,-1.8575809,-1.858736,-1.8699722,-1.8749342,-1.8824114,-1.885899,-1.890912,-1.8986899,-1.9020958,-1.9063355,-1.910888,-1.9196646,-1.9249313,-1.9277204,-1.9321344,-1.932766,-1.9389184,-1.9436884,-1.945756,-1.9525067,-1.9598477,-1.962299,-1.9692137,-1.9750637,-1.9777008,-1.9854667,-1.9939556,-1.9983072,-2.0049021
122_real,-1.7464883,,,,,,,,,-1.6785986,,,,,,,,,,,,,,,-1.7490995,,,,,,,,,,,,,,,,,,,,-1.9397131,,,,,,,,,,,,,,,,,,,,,,,,,
122_gen,-1.7464883,-1.7639669,-1.7763202,-1.7909136,-1.7995198,-1.8119624,-1.8245733,-1.8325949,-1.8371499,-1.8506178,-1.8572954,-1.8684667,-1.8776652,-1.8848101,-1.8950351,-1.9044192,-1.9148108,-1.9264252,-1.9355023,-1.9475806,-1.9537805,-1.959317,-1.9674231,-1.9748955,-1.9886318,-1.9954946,-1.9997286,-2.00565,-2.0150409,-2.0247798,-2.0355055,-2.0439,-2.053187,-2.059417,-2.0713036,-2.0840487,-2.0926063,-2.102993,-2.1153092,-2.1239552,-2.1328716,-2.1371799,-2.14618,-2.1562228,-2.1650763,-2.1742904,-2.1837354,-2.1897945,-2.1930423,-2.2015314,-2.209665,-2.2219892,-2.2344406,-2.2429898,-2.2498486,-2.2571645,-2.2606573,-2.275963,-2.2876878,-2.2958612,-2.2994854,-2.3066764,-2.3203626,-2.328365,-2.3434038,-2.3553379,-2.3664172,-2.3745484,-2.385451,-2.3919046
123_real,-1.4222492,,,,,,,,,-1.2559978,,,,,,,,,,,,,,,-1.6947166,,,,,,,,,,,,,,,,,,,,-1.6993347,,,,,,,,,,,,,,,,,,,,,,,,,
123_gen,-1.4222491,-1.4291589,-1.4401662,-1.4465668,-1.4500048,-1.4576776,-1.4601189,-1.4649695,-1.471573,-1.4778476,-1.4857323,-1.495664,-1.50188,-1.5102394,-1.5158203,-1.5238247,-1.5290102,-1.5347402,-1.5406142,-1.5439707,-1.5496492,-1.557168,-1.5626223,-1.569511,-1.5748323,-1.5804738,-1.5884731,-1.595388,-1.6015247,-1.6131912,-1.6190109,-1.6255028,-1.632109,-1.6372194,-1.6450545,-1.6514816,-1.6554329,-1.6630745,-1.6699606,-1.6786454,-1.6840271,-1.691149,-1.6994852,-1.7078857,-1.7124068,-1.7196865,-1.7270854,-1.7356107,-1.7446588,-1.7526453,-1.7581505,-1.7665287,-1.773799,-1.7818447,-1.7945001,-1.8023138,-1.8110199,-1.8201017,-1.8279095,-1.8354766,-1.8418696,-1.8519096,-1.8626448,-1.8713324,-1.8794539,-1.8886025,-1.8931917,-1.9025646,-1.9101417,-1.9182785
124_real,-1.5238258,,,,,,,,,-1.321136,,,,,,,,,,,,,,,-1.3828242,,,,,,,,,,,,,,,,,,,,-1.4973879,,,,,,,,,,,,,,,,,,,,,,,,,
124_gen,-1.5238258,-1.5342978,-1.5429718,-1.5529338,-1.5613523,-1.5692616,-1.5783987,-1.587609,-1.5950915,-1.6027142,-1.6086314,-1.6124632,-1.6204754,-1.6289723,-1.6369789,-1.6453676,-1.6544746,-1.6601162,-1.6673491,-1.6746581,-1.6801726,-1.684768,-1.6914219,-1.6983341,-1.7021965,-1.7113125,-1.7164781,-1.7242448,-1.7290409,-1.7346785,-1.740065,-1.7489163,-1.7551531,-1.761666,-1.7661165,-1.7751343,-1.7800735,-1.7851257,-1.7901682,-1.7941875,-1.7988412,-1.8031784,-1.8081934,-1.8144071,-1.8207419,-1.8246222,-1.8329557,-1.8380749,-1.8432938,-1.8506489,-1.8544779,-1.8639495,-1.8689978,-1.8743227,-1.8760666,-1.8828773,-1.8872448,-1.8940424,-1.8993242,-1.90472,-1.9101374,-1.9177109,-1.9261144,-1.9337286,-1.9403257,-1.9444593,-1.9536407,-1.9564495,-1.9602625,-1.9654392
125_real,-0.5048564,,,,,,,,,-0.52899665,,,,,,,,,,,,,,,-0.23931377,,,,,,,,,,,,,,,,,,,,-0.65314645,,,,,,,,,,,,,,,,,,,,,,,,,
125_gen,-0.50485647,-0.51099336,-0.5203761,-0.5272179,-0.53294706,-0.53773403,-0.546271,-0.55216783,-0.5600417,-0.5668177,-0.57495344,-0.58565843,-0.5922413,-0.597952,-0.60464567,-0.6111893,-0.6218893,-0.6279244,-0.6343389,-0.63940465,-0.646205,-0.6536932,-0.66246176,-0.67005455,-0.67581004,-0.6804679,-0.68633467,-0.69411963,-0.6998699,-0.7071844,-0.7120198,-0.71919024,-0.72546375,-0.731171,-0.7388481,-0.7451199,-0.7521292,-0.7605709,-0.7650465,-0.7739139,-0.7803858,-0.7869271,-0.7934674,-0.79934305,-0.8084574,-0.814922,-0.8204814,-0.828029,-0.8330703,-0.84052056,-0.84670925,-0.85442275,-0.86197746,-0.87054574,-0.8797644,-0.8876834,-0.89472914,-0.89952576,-0.904963,-0.91004896,-0.9178792,-0.92494375,-0.93057287,-0.93856,-0.9486561,-0.9565088,-0.9635347,-0.96716166,-0.974329,-0.9818961
126_real,0.9143388,,,,,,,,,0.83051276,,,,,,,,,,,,,,,0.9841938,,,,,,,,,,,,,,,,,,,,0.99816483,,,,,,,,,,,,,,,,,,,,,,,,,
126_gen,0.91433895,0.90980417,0.9036191,0.8942564,0.88824195,0.8836357,0.8766335,0.8703474,0.8614384,0.8577236,0.8477866,0.84104854,0.8357889,0.8326108,0.8291849,0.82311946,0.81485355,0.807799,0.8052122,0.79915845,0.79040486,0.7829313,0.7757535,0.76883835,0.76245224,0.75491273,0.7494606,0.7434848,0.73849976,0.73173636,0.7268375,0.72173125,0.7158224,0.7091502,0.70102406,0.6972853,0.69298315,0.6870968,0.6828505,0.6761786,0.6708934,0.66847265,0.66004705,0.65247065,0.64578253,0.6372433,0.6290175,0.6242611,0.6200958,0.6158861,0.6113355,0.6020826,0.5961119,0.58857733,0.57755756,0.57140553,0.56256616,0.55885553,0.55120504,0.54602116,0.5400609,0.5333756,0.5304818,0.5296634,0.52296406,0.51557606,0.5119863,0.505943,0.49957904,0.49212876
127_real,-0.41163883,,,,,,,,,-0.3822257,,,,,,,,,,,,,,,-0.51458484,,,,,,,,,,,,,,,,,,,,-0.7842052,,,,,,,,,,,,,,,,,,,,,,,,,
127_gen,-0.4116388,-0.42445883,-0.43416303,-0.4437209,-0.45290843,-0.46145564,-0.4712178,-0.48145014,-0.489823,-0.50013274,-0.5096812,-0.51708,-0.5284117,-0.5362402,-0.54514444,-0.55366015,-0.562366,-0.5697985,-0.57765585,-0.5847057,-0.5939222,-0.6039344,-0.612542,-0.6204341,-0.6282823,-0.6344877,-0.64292467,-0.6515448,-0.65793175,-0.66654384,-0.6730583,-0.68004334,-0.6887014,-0.6974771,-0.7064196,-0.715531,-0.72312015,-0.730868,-0.7377402,-0.7460098,-0.75097454,-0.7581229,-0.7675768,-0.77272016,-0.7799285,-0.784734,-0.79300034,-0.79842967,-0.8066786,-0.810713,-0.8162881,-0.82353675,-0.8314246,-0.8408311,-0.84745663,-0.8568264,-0.8645374,-0.8744526,-0.8805453,-0.88873947,-0.8954257,-0.9044129,-0.91446006,-0.9237834,-0.9344408,-0.9448525,-0.95161927,-0.9580077,-0.96606016,-0.97328585
128_real,-1.0146214,,,,,,,,,-0.6255095,,,,,,,,,,,,,,,-0.49580553,,,,,,,,,,,,,,,,,,,,-0.9281521,,,,,,,,,,,,,,,,,,,,,,,,,
128_gen,-1.0146215,-1.0291207,-1.0391103,-1.0504792,-1.0611293,-1.0735946,-1.0832589,-1.0932171,-1.1009744,-1.1101732,-1.1200181,-1.1297336,-1.1394392,-1.14976,-1.1572533,-1.1668375,-1.1740235,-1.1830313,-1.191827,-1.200112,-1.2069489,-1.2157164,-1.2279232,-1.2365805,-1.2473752,-1.2579881,-1.2678753,-1.2771837,-1.2845173,-1.2933447,-1.3004428,-1.3090318,-1.317794,-1.325078,-1.333698,-1.3432813,-1.3543766,-1.3647375,-1.3735682,-1.3836215,-1.3938702,-1.4021131,-1.4130716,-1.4235466,-1.4321028,-1.4402944,-1.4464877,-1.456558,-1.4656909,-1.4752231,-1.4856476,-1.4948906,-1.5016228,-1.5134158,-1.5194482,-1.5272111,-1.5363891,-1.5470345,-1.5559027,-1.5640723,-1.5746142,-1.5826626,-1.5892613,-1.5979389,-1.6088188,-1.6185668,-1.6286274,-1.6402029,-1.6487665,-1.6611029
129_real,-0.73813003,,,,,,,,,-0.1382305,,,,,,,,,,,,,,,-0.18266751,,,,,,,,,,,,,,,,,,,,-0.80478555,,,,,,,,,,,,,,,,,,,,,,,,,
129_gen,-0.73813003,-0.74486625,-0.7519822,-0.756984,-0.7631093,-0.76940185,-0.77550864,-0.78191924,-0.78710985,-0.7929725,-0.79780364,-0.8046812,-0.81183803,-0.81637204,-0.82036275,-0.82642573,-0.8325349,-0.83943397,-0.84728086,-0.8508522,-0.8567815,-0.860433,-0.86564445,-0.87221634,-0.87625426,-0.8816916,-0.8879779,-0.8946954,-0.9014042,-0.90800965,-0.91346705,-0.918447,-0.92381924,-0.9303659,-0.9366995,-0.9398776,-0.94639176,-0.95077544,-0.95686865,-0.96149254,-0.9686921,-0.9736946,-0.9783468,-0.9852222,-0.99205464,-0.99887943,-1.0040095,-1.008805,-1.0118587,-1.0155438,-1.0194218,-1.0244969,-1.0299536,-1.0345633,-1.0396687,-1.0476966,-1.0529164,-1.0567689,-1.0629299,-1.0674202,-1.072184,-1.0769684,-1.0838318,-1.0891507,-1.0946677,-1.1014386,-1.1087253,-1.1158918,-1.1191275,-1.1237634
130_real,-1.0402119,,,,,,,,,-1.0293592,,,,,,,,,,,,,,,-1.0204216,,,,,,,,,,,,,,,,,,,,-1.0746853,,,,,,,,,,,,,,,,,,,,,,,,,
130_gen,-1.0402118,-1.0495836,-1.0579292,-1.0654231,-1.073662,-1.0798333,-1.0884954,-1.0948699,-1.1005434,-1.1079592,-1.113621,-1.1185913,-1.1246679,-1.1338503,-1.1409992,-1.1474643,-1.1535866,-1.1608137,-1.1677722,-1.1779892,-1.1842929,-1.1939259,-1.2053467,-1.2139968,-1.2226427,-1.2287052,-1.2385587,-1.2491214,-1.2559822,-1.2626823,-1.2689106,-1.2775972,-1.2872565,-1.2921865,-1.301443,-1.3093867,-1.3164665,-1.3211153,-1.3259141,-1.3310784,-1.3391972,-1.348792,-1.3544055,-1.361264,-1.366656,-1.3726928,-1.3767561,-1.3837378,-1.391427,-1.3975836,-1.4032333,-1.4106216,-1.4184572,-1.4238937,-1.4313228,-1.4370933,-1.4439175,-1.447261,-1.4573555,-1.4638283,-1.4679976,-1.474623,-1.4831271,-1.4913832,-1.5000391,-1.5060327,-1.515023,-1.5224495,-1.5257359,-1.5311217
131_real,-1.1977371,,,,,,,,,-1.1381439,,,,,,,,,,,,,,,-1.1739322,,,,,,,,,,,,,,,,,,,,-1.2647796,,,,,,,,,,,,,,,,,,,,,,,,,
131_gen,-1.197737,-1.2053503,-1.2071594,-1.2057574,-1.207747,-1.2089257,-1.2095368,-1.2189777,-1.2214913,-1.2274609,-1.2346165,-1.2447674,-1.2533977,-1.2619467,-1.2645978,-1.2690607,-1.2705551,-1.2722435,-1.2778671,-1.2831107,-1.288717,-1.2952864,-1.3022778,-1.3103523,-1.3132048,-1.3215824,-1.3249601,-1.329975,-1.3303576,-1.3302399,-1.3408307,-1.3481573,-1.3530662,-1.3577511,-1.3623661,-1.3650032,-1.366037,-1.37151,-1.3715622,-1.3748317,-1.3781731,-1.3870566,-1.3896096,-1.3936226,-1.3939425,-1.397301,-1.398495,-1.4043295,-1.4081714,-1.4128382,-1.4141686,-1.4144741,-1.4208189,-1.4191434,-1.4209166,-1.4285696,-1.4335746,-1.4408252,-1.4475706,-1.4553839,-1.4660122,-1.4710934,-1.4773675,-1.4838982,-1.4911625,-1.5010161,-1.504769,-1.5079112,-1.5181413,-1.5256076
132_real,-0.10047925,,,,,,,,,-0.03683498,,,,,,,,,,,,,,,0.033704087,,,,,,,,,,,,,,,,,,,,-0.10047925,,,,,,,,,,,,,,,,,,,,,,,,,
132_gen,-0.10047926,-0.11119856,-0.12526117,-0.13147256,-0.14451663,-0.1511329,-0.15447354,-0.16885808,-0.17707852,-0.1866992,-0.20396411,-0.21943021,-0.22187383,-0.23694415,-0.24438493,-0.25495395,-0.2650584,-0.2763204,-0.2884276,-0.30301076,-0.31788784,-0.33303815,-0.34284618,-0.35656127,-0.36757854,-0.37271783,-0.38024226,-0.39476794,-0.40088826,-0.41317987,-0.41929942,-0.42564803,-0.4358531,-0.44739962,-0.4503382,-0.4574276,-0.46932444,-0.48042065,-0.48894104,-0.49742445,-0.5023698,-0.5118681,-0.5226368,-0.53749967,-0.5408586,-0.5549736,-0.5604225,-0.57287526,-0.58163404,-0.58693904,-0.5977086,-0.60336506,-0.6115154,-0.62182283,-0.62960875,-0.64102185,-0.6536306,-0.66094255,-0.6726661,-0.68199295,-0.6941575,-0.70651424,-0.7211202,-0.7348484,-0.74399614,-0.7582215,-0.76834697,-0.77667964,-0.7900935,-0.8011222
133_real,0.026975613,,,,,,,,,0.1756003,,,,,,,,,,,,,,,0.054842744,,,,,,,,,,,,,,,,,,,,-0.02930506,,,,,,,,,,,,,,,,,,,,,,,,,
133_gen,0.026975613,0.020995013,0.013298394,0.008898989,-0.0011767864,-0.007584317,-0.016188893,-0.02237213,-0.030032491,-0.037709154,-0.0464708,-0.05242321,-0.062023174,-0.06862126,-0.07523815,-0.0801909,-0.087528706,-0.09275685,-0.10207031,-0.10883131,-0.11388399,-0.12065496,-0.127819,-0.13588777,-0.14303604,-0.15278322,-0.16057947,-0.16774547,-0.17635469,-0.18491404,-0.19143315,-0.19741313,-0.20275538,-0.21136828,-0.21706772,-0.2251739,-0.23226371,-0.23912498,-0.24719039,-0.25506604,-0.26290303,-0.26875898,-0.27445984,-0.2818477,-0.2892993,-0.29678658,-0.30217835,-0.3082169,-0.3163985,-0.32471123,-0.33119884,-0.3369153,-0.34598067,-0.3555449,-0.36327735,-0.3697703,-0.37661391,-0.38470545,-0.3916947,-0.4029824,-0.410708,-0.41772833,-0.4278071,-0.43752247,-0.44393173,-0.4500298,-0.45646495,-0.46304256,-0.4717807,-0.47867775
134_real,-0.9406502,,,,,,,,,-0.85813844,,,,,,,,,,,,,,,-0.7035076,,,,,,,,,,,,,,,,,,,,-0.9434846,,,,,,,,,,,,,,,,,,,,,,,,,
134_gen,-0.9406501,-0.9451456,-0.9510476,-0.9578247,-0.9672906,-0.97438794,-0.9799546,-0.9859311,-0.99212056,-0.99744785,-1.002291,-1.0073657,-1.0112936,-1.0138483,-1.0194973,-1.0259264,-1.0306193,-1.034755,-1.0408264,-1.0464183,-1.0530168,-1.0593153,-1.0672779,-1.0732112,-1.077665,-1.0839893,-1.0872936,-1.0923283,-1.097498,-1.1023959,-1.1069506,-1.1102017,-1.1180792,-1.1258979,-1.1295854,-1.13466,-1.1404881,-1.1489407,-1.1562424,-1.1612798,-1.1674784,-1.1736983,-1.179446,-1.1848519,-1.1893588,-1.1966767,-1.2040913,-1.2131319,-1.2199377,-1.2260594,-1.2324575,-1.2400326,-1.2482492,-1.2518995,-1.2604606,-1.2666639,-1.2736526,-1.2810818,-1.2897384,-1.2956429,-1.3029959,-1.3102973,-1.3173463,-1.3247766,-1.3316414,-1.3381124,-1.3458494,-1.3524815,-1.3624814,-1.3715937
135_real,-0.8546819,,,,,,,,,-0.6992645,,,,,,,,,,,,,,,-0.78963804,,,,,,,,,,,,,,,,,,,,-0.9122207,,,,,,,,,,,,,,,,,,,,,,,,,
135_gen,-0.85468185,-0.86355036,-0.8715,-0.88070136,-0.8927139,-0.89952075,-0.91250277,-0.921806,-0.92944354,-0.937461,-0.94718313,-0.95531046,-0.9667443,-0.9728695,-0.978932,-0.98874885,-0.9955827,-1.0032684,-1.0066555,-1.0135931,-1.0179614,-1.0223897,-1.0294858,-1.036589,-1.0496565,-1.058909,-1.0646664,-1.069336,-1.0773903,-1.0830438,-1.090522,-1.0978066,-1.1052877,-1.1114328,-1.1211095,-1.1294041,-1.1367345,-1.1490717,-1.15592,-1.163975,-1.1710474,-1.1794158,-1.1891929,-1.1929015,-1.2016077,-1.2096021,-1.2163323,-1.223036,-1.2323861,-1.240782,-1.2506019,-1.258226,-1.2644937,-1.2696455,-1.2735522,-1.278604,-1.282988,-1.2963951,-1.3059919,-1.3118657,-1.3214165,-1.3267511,-1.3352221,-1.3464,-1.3517535,-1.3614368,-1.369437,-1.37804,-1.388247,-1.39045
136_real,-0.38070437,,,,,,,,,-0.38126796,,,,,,,,,,,,,,,-0.38746744,,,,,,,,,,,,,,,,,,,,-0.56218046,,,,,,,,,,,,,,,,,,,,,,,,,
136_gen,-0.38070437,-0.39254296,-0.40081096,-0.40925464,-0.41499695,-0.4247066,-0.4292468,-0.43953437,-0.44785243,-0.45181942,-0.46361628,-0.4728211,-0.4792281,-0.4917508,-0.49516115,-0.5036248,-0.5133949,-0.52767324,-0.53811246,-0.5453617,-0.55429685,-0.5608092,-0.5685143,-0.57143223,-0.57858264,-0.58560586,-0.5929606,-0.5972474,-0.6062456,-0.61349255,-0.62246335,-0.6295753,-0.6382821,-0.6463526,-0.6522864,-0.6612397,-0.6730089,-0.6872798,-0.6940433,-0.70248353,-0.7118643,-0.7194904,-0.7272369,-0.7308137,-0.741754,-0.74972373,-0.758716,-0.76176465,-0.7705781,-0.7775937,-0.7852107,-0.7904006,-0.79860586,-0.80680656,-0.81570673,-0.8230139,-0.8304602,-0.84170073,-0.84718513,-0.8577167,-0.86520016,-0.8735358,-0.87917584,-0.8871261,-0.895331,-0.9050215,-0.9144496,-0.92300254,-0.9342632,-0.9456215
137_real,-0.6072121,,,,,,,,,-0.6124165,,,,,,,,,,,,,,,-0.5999838,,,,,,,,,,,,,,,,,,,,-0.71910644,,,,,,,,,,,,,,,,,,,,,,,,,
137_gen,-0.6072121,-0.61537564,-0.6237476,-0.6298574,-0.6365757,-0.64649546,-0.65804756,-0.6657541,-0.67444015,-0.6811081,-0.6875568,-0.6940118,-0.70276517,-0.70945776,-0.7149394,-0.7195937,-0.72776884,-0.7334286,-0.7406717,-0.7516226,-0.7582592,-0.762493,-0.77142596,-0.7766913,-0.7831146,-0.79124385,-0.7972953,-0.8059036,-0.81767875,-0.82268447,-0.829488,-0.8376874,-0.8470128,-0.8520595,-0.8618781,-0.87352705,-0.88092744,-0.89085835,-0.8990939,-0.907458,-0.91475284,-0.92407334,-0.9343419,-0.9424664,-0.94974136,-0.960793,-0.9717922,-0.9811689,-0.9909655,-1.0004857,-1.0072293,-1.0175036,-1.0265222,-1.032374,-1.0418477,-1.0459096,-1.0570563,-1.0702156,-1.0783061,-1.0882871,-1.0963751,-1.1063197,-1.1180031,-1.1260179,-1.1331332,-1.1404902,-1.1504645,-1.1592557,-1.1712478,-1.1823379
138_real,-1.5830493,,,,,,,,,-1.3777766,,,,,,,,,,,,,,,-1.8176467,,,,,,,,,,,,,,,,,,,,-1.3191272,,,,,,,,,,,,,,,,,,,,,,,,,
138_gen,-1.5830494,-1.5967339,-1.6091216,-1.6184037,-1.6292801,-1.6404798,-1.6490484,-1.6606433,-1.6683247,-1.6796719,-1.6900955,-1.705198,-1.7201757,-1.7306242,-1.7388623,-1.7503029,-1.7595875,-1.7711773,-1.7824094,-1.7959776,-1.8085241,-1.8184872,-1.8274052,-1.841737,-1.8537041,-1.8636951,-1.8750442,-1.8857912,-1.893327,-1.9016571,-1.9124701,-1.9243523,-1.934959,-1.9460237,-1.9568449,-1.9697018,-1.9825084,-1.9888151,-2.001681,-2.0167909,-2.0290732,-2.0425942,-2.0533173,-2.060009,-2.0709548,-2.0860195,-2.0953972,-2.1071723,-2.1226563,-2.1356559,-2.1472266,-2.1593475,-2.1658368,-2.1820228,-2.1939104,-2.204066,-2.218932,-2.233548,-2.244323,-2.2587655,-2.2712598,-2.2874322,-2.3006985,-2.3113356,-2.3255055,-2.3366804,-2.3491158,-2.3616948,-2.375813,-2.391228
139_real,-1.598922,,,,,,,,,-1.9269258,,,,,,,,,,,,,,,-1.8449249,,,,,,,,,,,,,,,,,,,,-2.0362604,,,,,,,,,,,,,,,,,,,,,,,,,
139_gen,-1.5989219,-1.6124113,-1.6236088,-1.6358232,-1.6493425,-1.6626003,-1.6766573,-1.6885716,-1.7040449,-1.7202313,-1.7313793,-1.7503479,-1.7623745,-1.7743456,-1.7849995,-1.7967333,-1.8096431,-1.8205512,-1.8288149,-1.841883,-1.853455,-1.8665378,-1.8811404,-1.8929564,-1.9051859,-1.9164432,-1.9296513,-1.9422665,-1.9539413,-1.96184,-1.9745388,-1.9879723,-2.0018,-2.011988,-2.0252094,-2.0347714,-2.0449035,-2.057115,-2.0680807,-2.0780396,-2.091798,-2.1061478,-2.1145816,-2.125767,-2.1370552,-2.1520743,-2.1674669,-2.179875,-2.1905904,-2.2018218,-2.2163258,-2.2333467,-2.2483478,-2.261804,-2.2775478,-2.2897263,-2.303331,-2.316975,-2.3303053,-2.3443503,-2.3571334,-2.371514,-2.3856773,-2.4012344,-2.413721,-2.426267,-2.442903,-2.4557753,-2.469153,-2.47932
140_real,-1.5414374,,,,,,,,,-1.58308,,,,,,,,,,,,,,,-1.614312,,,,,,,,,,,,,,,,,,,,-1.7236242,,,,,,,,,,,,,,,,,,,,,,,,,
140_gen,-1.5414373,-1.5584762,-1.571188,-1.5827967,-1.5958673,-1.6059786,-1.6171983,-1.6300824,-1.6423795,-1.6531045,-1.6672741,-1.6818445,-1.6934875,-1.7048771,-1.7173898,-1.7280266,-1.7405227,-1.7518915,-1.7675043,-1.7800283,-1.7903321,-1.8057644,-1.8209997,-1.8381306,-1.8522608,-1.8643366,-1.8777348,-1.8866291,-1.8970788,-1.9120537,-1.9252049,-1.9405893,-1.9537808,-1.9699633,-1.9845734,-1.994907,-2.010852,-2.0240695,-2.0402558,-2.056542,-2.0699344,-2.083766,-2.0972228,-2.1133847,-2.1276634,-2.142067,-2.1578827,-2.1722226,-2.1867547,-2.2012856,-2.2147646,-2.2271848,-2.2407072,-2.257581,-2.2729642,-2.2829134,-2.2931914,-2.3083036,-2.3270059,-2.33847,-2.354314,-2.3697522,-2.3847198,-2.4008317,-2.4156215,-2.4308982,-2.4493313,-2.4650233,-2.4817233,-2.4982204
141_real,-1.6232452,,,,,,,,,-1.5638167,,,,,,,,,,,,,,,-1.7242739,,,,,,,,,,,,,,,,,,,,-1.7421025,,,,,,,,,,,,,,,,,,,,,,,,,
141_gen,-1.6232452,-1.630904,-1.6359718,-1.6398185,-1.6460549,-1.6504128,-1.6574342,-1.6584997,-1.6622432,-1.6685989,-1.6711023,-1.677936,-1.6841158,-1.6880844,-1.6926943,-1.6947492,-1.6994369,-1.7043631,-1.7093601,-1.7125041,-1.7204926,-1.7249801,-1.7285643,-1.7279718,-1.7306894,-1.7355837,-1.7386844,-1.7428337,-1.7465738,-1.7499958,-1.7567581,-1.7609934,-1.7666117,-1.7707844,-1.7750725,-1.779254,-1.7848225,-1.7881206,-1.794437,-1.80142,-1.8057339,-1.8090013,-1.811256,-1.8157238,-1.8208895,-1.8265283,-1.828347,-1.8321574,-1.837548,-1.8391386,-1.8435694,-1.8467805,-1.8504575,-1.8546193,-1.8580716,-1.8614566,-1.8664135,-1.8695389,-1.8727592,-1.8772275,-1.8827448,-1.887551,-1.8929504,-1.897969,-1.9040791,-1.9087769,-1.9152142,-1.9162071,-1.9203113,-1.9257164
142_real,-1.4724216,,,,,,,,,-1.3673003,,,,,,,,,,,,,,,-1.262179,,,,,,,,,,,,,,,,,,,,-1.374809,,,,,,,,,,,,,,,,,,,,,,,,,
142_gen,-1.4724216,-1.4828491,-1.4905884,-1.4982591,-1.50595,-1.5137386,-1.5207652,-1.5296609,-1.537723,-1.5429137,-1.5515033,-1.5596359,-1.5642307,-1.5745848,-1.5852768,-1.5921772,-1.5997083,-1.6062176,-1.610183,-1.6181877,-1.6239372,-1.632548,-1.6360477,-1.6446965,-1.6496828,-1.658418,-1.6664715,-1.6741018,-1.6775242,-1.6836977,-1.6901848,-1.6986296,-1.7028654,-1.7095121,-1.714016,-1.719806,-1.7259734,-1.7342939,-1.741703,-1.7455393,-1.7529142,-1.7624867,-1.768741,-1.7762735,-1.7836199,-1.789612,-1.7959092,-1.804361,-1.8140024,-1.8199899,-1.827985,-1.8335384,-1.8398278,-1.8480755,-1.8549277,-1.8610109,-1.8690548,-1.8747572,-1.8828646,-1.890176,-1.8970356,-1.9044352,-1.9128501,-1.9219717,-1.9265114,-1.9310029,-1.9373834,-1.9449942,-1.9518362,-1.9570602
143_real,-1.2628441,,,,,,,,,-1.2090113,,,,,,,,,,,,,,,-1.2320825,,,,,,,,,,,,,,,,,,,,-1.1705593,,,,,,,,,,,,,,,,,,,,,,,,,
143_gen,-1.2628441,-1.2675374,-1.2744529,-1.2791859,-1.2836436,-1.2884843,-1.2960682,-1.3017831,-1.3054545,-1.3104573,-1.3144783,-1.3209174,-1.3257236,-1.3322912,-1.3378376,-1.343672,-1.3491162,-1.354366,-1.3590729,-1.3650546,-1.3705215,-1.3748809,-1.3774824,-1.384738,-1.3907545,-1.3957627,-1.4018985,-1.4055576,-1.4105532,-1.4142487,-1.4198194,-1.424744,-1.4289801,-1.4343276,-1.4385997,-1.442882,-1.4499096,-1.457593,-1.4634035,-1.469355,-1.4755294,-1.4806036,-1.4887292,-1.4933802,-1.5019172,-1.5084677,-1.5113076,-1.5169337,-1.5230778,-1.5306116,-1.5361546,-1.5422113,-1.5503538,-1.5527982,-1.5574645,-1.5647601,-1.5698993,-1.5738481,-1.5803802,-1.5863801,-1.5916545,-1.5978036,-1.6044788,-1.6103487,-1.6156037,-1.6202673,-1.6258612,-1.6312733,-1.6371101,-1.6444685
144_real,-2.0353684,,,,,,,,,-2.0823956,,,,,,,,,,,,,,,-2.0059764,,,,,,,,,,,,,,,,,,,,-2.1447065,,,,,,,,,,,,,,,,,,,,,,,,,
144_gen,-2.0353682,-2.0458674,-2.0551221,-2.0647647,-2.074354,-2.0840497,-2.0917125,-2.1019292,-2.1100907,-2.1161149,-2.125258,-2.134208,-2.1420665,-2.1478677,-2.155588,-2.1625426,-2.1696763,-2.1741128,-2.1787095,-2.1876194,-2.194095,-2.198063,-2.203446,-2.208503,-2.214852,-2.222772,-2.2280452,-2.2354112,-2.2395382,-2.2453666,-2.2526422,-2.2592425,-2.2664862,-2.2721975,-2.2767875,-2.2816355,-2.286052,-2.2913766,-2.2985833,-2.3041215,-2.3107464,-2.3152509,-2.32099,-2.32412,-2.3288133,-2.332601,-2.3386447,-2.3430896,-2.3478782,-2.3522716,-2.3565822,-2.361466,-2.3647785,-2.3727028,-2.378478,-2.383454,-2.389033,-2.3942115,-2.4002137,-2.406606,-2.4123635,-2.4178586,-2.4256635,-2.4292765,-2.4334185,-2.4375105,-2.4425786,-2.4459739,-2.4530418,-2.4591725
