ROI_Index,Month_0,Month_1,Month_2,Month_3,Month_4,Month_5,Month_6,Month_7,Month_8,Month_9,Month_10,Month_11,Month_12,Month_13,Month_14,Month_15,Month_16,Month_17,Month_18,Month_19,Month_20,Month_21,Month_22,Month_23,Month_24,Month_25,Month_26,Month_27,Month_28,Month_29,Month_30,Month_31,Month_32,Month_33,Month_34,Month_35,Month_36,Month_37,Month_38,Month_39,Month_40,Month_41,Month_42,Month_43,Month_44,Month_45,Month_46,Month_47,Month_48,Month_49,Month_50,Month_51,Month_52,Month_53,Month_54,Month_55,Month_56,Month_57,Month_58,Month_59,Month_60,Month_61,Month_62,Month_63,Month_64,Month_65,Month_66,Month_67,Month_68,Month_69,Month_70,Month_71,Month_72,Month_73,Month_74,Month_75,Month_76,Month_77,Month_78,Month_79,Month_80,Month_81,Month_82,Month_83,Month_84,Month_85,Month_86,Month_87,Month_88,Month_89,Month_90,Month_91,Month_92,Month_93,Month_94,Month_95,Month_96,Month_97,Month_98,Month_99,Month_100,Month_101,Month_102,Month_103,Month_104,Month_105,Month_106,Month_107,Month_108,Month_109,Month_110,Month_111,Month_112,Month_113,Month_114,Month_115,Month_116,Month_117,Month_118,Month_119
0,0.92248714,0.93146354,0.9328712,0.9463641,0.95472276,0.96316826,0.97019845,0.98025453,0.97913206,0.9866806,0.99387723,1.0013278,1.0046301,1.016924,1.0249861,1.031097,1.0356125,1.0429015,1.0440176,1.051885,1.0580558,1.0682094,1.0734441,1.0775673,1.0748669,1.0821403,1.0901291,1.0959295,1.1002401,1.10329,1.1067367,1.1069285,1.1102864,1.1167469,1.120306,1.1243398,1.1282946,1.1362393,1.1407667,1.1474168,1.1551545,1.1556711,1.1601036,1.1673894,1.1718428,1.1780151,1.1847018,1.189055,1.1884913,1.1960256,1.2049448,1.2114711,1.21737,1.2261225,1.2307026,1.236366,1.2376771,1.2337959,1.2426226,1.2477592,1.2543871,1.2524105,1.2537017,1.2595965,1.2629083,1.2670759,1.2681122,1.2692226,1.2711706,1.2758691,1.2795664,1.2810919,1.2796075,1.2841445,1.2876887,1.2920039,1.2954934,1.2970128,1.3021612,1.3038923,1.3070159,1.3106321,1.3103946,1.3115805,1.3156486,1.3155628,1.315892,1.31933,1.323131,1.3276949,1.3310674,1.3304257,1.3329296,1.3367196,1.3345971,1.3388497,1.3395041,1.33795,1.335677,1.3376939,1.336874,1.3379272,1.3394891,1.3402513,1.340131,1.3403118,1.3396028,1.3402858,1.3405359,1.3446894,1.3464314,1.3453021,1.3475211,1.347114,1.3437334,1.3438364,1.3423356,1.3391583,1.33902,1.3460622
1,0.46826667,0.4783709,0.4847601,0.4957212,0.5037818,0.50544274,0.50512415,0.5160904,0.5221617,0.532679,0.5405662,0.54803336,0.5552481,0.560289,0.5603624,0.566236,0.5744359,0.5820713,0.59102416,0.60416794,0.6094479,0.61887664,0.6231255,0.6317232,0.6357229,0.6370064,0.64838284,0.653503,0.6630383,0.66698706,0.67179286,0.67953265,0.6827992,0.69160235,0.6975068,0.7079225,0.7103269,0.7216561,0.72814924,0.73369926,0.7407058,0.7478801,0.7545537,0.7606113,0.7663323,0.77250254,0.7789053,0.78608155,0.79268324,0.7992649,0.80461186,0.81150544,0.8184962,0.8244114,0.830402,0.837838,0.8388039,0.84323645,0.84985656,0.8544571,0.8635219,0.86758125,0.87152517,0.87749195,0.88322353,0.8866169,0.8916295,0.8996825,0.90411675,0.9110055,0.9135874,0.9175345,0.9194773,0.9208187,0.9249757,0.92745054,0.930455,0.92967385,0.93273354,0.9366123,0.93818235,0.9436871,0.94630176,0.9482247,0.9499127,0.94933176,0.9516776,0.958811,0.9567882,0.9611244,0.9659252,0.96909875,0.9769006,0.98361266,0.98417664,0.99062407,0.9954518,0.99713725,1.0005858,1.0058976,1.0035431,1.0110756,1.0148425,1.0178385,1.0216609,1.0209644,1.0232799,1.0275496,1.0316592,1.0355757,1.0388371,1.038332,1.0382156,1.0408609,1.0456039,1.045428,1.0491364,1.0475641,1.048722,1.0527041
2,0.5601592,0.5482603,0.53658426,0.5295173,0.5177393,0.5063326,0.5034026,0.48997706,0.47921976,0.46843934,0.45774427,0.44241923,0.43653828,0.42887935,0.42300814,0.41484886,0.40609822,0.39617255,0.3914446,0.38499588,0.3762707,0.3708254,0.36352482,0.35444826,0.34878272,0.34547576,0.33999568,0.33717293,0.3296253,0.32681176,0.3159934,0.30893204,0.30422187,0.30277258,0.30462757,0.29658937,0.29553348,0.2899112,0.2866496,0.2820142,0.27562052,0.27181125,0.2668758,0.26242626,0.25882524,0.25602782,0.25267023,0.24777666,0.24682546,0.24250928,0.23619077,0.23634295,0.23245299,0.22951107,0.22617118,0.22058125,0.22164026,0.22035983,0.21700199,0.2114625,0.20774846,0.20498641,0.20110297,0.1978958,0.19719383,0.19417357,0.19504185,0.19042388,0.19258147,0.19102101,0.18721242,0.1867595,0.18290704,0.18675914,0.18587537,0.18314776,0.18254665,0.18271324,0.1823723,0.18141094,0.1786621,0.18000439,0.18116076,0.1784271,0.17444472,0.17231843,0.17136164,0.16987512,0.16882567,0.16660708,0.16542737,0.16730595,0.16601507,0.16958788,0.16820683,0.16882066,0.16764045,0.16643927,0.17494126,0.17630789,0.17552178,0.1766599,0.17175741,0.17105281,0.16932604,0.16733924,0.17318352,0.17436802,0.17541744,0.17572415,0.17749318,0.17948207,0.17562531,0.17537032,0.17591931,0.1740946,0.17493896,0.1736398,0.17442521,0.17291167
3,0.642129,0.64543843,0.6495189,0.6560198,0.66257346,0.6647601,0.67417324,0.6790506,0.6799525,0.6835321,0.6860009,0.6826336,0.6889395,0.68799245,0.6959888,0.70156634,0.7068376,0.71396464,0.712165,0.71516216,0.71672136,0.72469985,0.72458047,0.7301089,0.7325325,0.7408539,0.74409324,0.75338876,0.7583816,0.7589253,0.7598608,0.7606141,0.7609813,0.7644418,0.76792514,0.76851827,0.7691999,0.77507627,0.7791787,0.783248,0.78827107,0.7951949,0.80052185,0.8041207,0.8093463,0.814072,0.8196794,0.8230155,0.82750905,0.83173954,0.83697987,0.8408251,0.84503096,0.848107,0.8506905,0.8546419,0.8624592,0.86149204,0.8644103,0.87118846,0.8724572,0.87399065,0.8739766,0.8754476,0.8783204,0.8838476,0.8855406,0.8797781,0.88776475,0.891034,0.88983077,0.89253825,0.8935814,0.89499366,0.89897,0.90422964,0.9091794,0.913717,0.9166212,0.91869533,0.92166317,0.924997,0.9233618,0.9263166,0.92886734,0.92348576,0.9250242,0.92767507,0.9317935,0.9324579,0.9330319,0.9321701,0.9360159,0.93915004,0.942438,0.9460209,0.94851714,0.9491868,0.9530238,0.9611821,0.9566606,0.9532064,0.9541742,0.9524684,0.95499384,0.95322335,0.95134985,0.95103234,0.9528413,0.9561656,0.9588801,0.95543206,0.9570037,0.9607951,0.9645003,0.96458757,0.9633454,0.9624795,0.9645324,0.96207035
4,-0.89677036,-0.8884252,-0.8785117,-0.8709381,-0.8516563,-0.8424972,-0.8241973,-0.8213504,-0.80394125,-0.785318,-0.78172076,-0.7744454,-0.77744716,-0.7767718,-0.7721125,-0.7717763,-0.7658258,-0.7613267,-0.75279135,-0.74528915,-0.74341154,-0.7420998,-0.7397667,-0.73616093,-0.7315701,-0.7271491,-0.7238259,-0.71879274,-0.7149309,-0.7147895,-0.711676,-0.7125777,-0.70799005,-0.70866805,-0.70363504,-0.70291287,-0.7041452,-0.7023813,-0.6973618,-0.6908363,-0.6925017,-0.691597,-0.6893202,-0.6884526,-0.6906816,-0.69211596,-0.68677455,-0.6905154,-0.68723935,-0.6881558,-0.686333,-0.68574226,-0.683188,-0.6847625,-0.68084204,-0.6809471,-0.677993,-0.6729547,-0.6780377,-0.67477506,-0.6695797,-0.6678154,-0.6631926,-0.6594952,-0.6562294,-0.65946066,-0.6558167,-0.65247154,-0.64915824,-0.6508037,-0.6526818,-0.64977896,-0.64721507,-0.6379437,-0.64079964,-0.63740563,-0.63999784,-0.6324339,-0.6320084,-0.6331669,-0.6323378,-0.63419604,-0.6363622,-0.63348496,-0.6374296,-0.63997036,-0.6389733,-0.6403458,-0.6400258,-0.6437716,-0.64751095,-0.64575636,-0.64629436,-0.6474459,-0.6403879,-0.6421588,-0.6452024,-0.6471688,-0.6457889,-0.6477825,-0.6482197,-0.6501881,-0.6495081,-0.6504527,-0.65232086,-0.6554435,-0.65188503,-0.6526807,-0.655691,-0.6568953,-0.6534455,-0.6557885,-0.658253,-0.66014606,-0.6587609,-0.66022456,-0.66117895,-0.6615764,-0.661362,-0.66374826
5,1.056105,1.0394844,1.028024,1.0164965,1.0174428,1.0009742,0.99445707,0.9878373,0.9837862,0.9810898,0.97583675,0.9630151,0.9533788,0.9483985,0.9430172,0.9353345,0.93013,0.9276866,0.9177445,0.91015816,0.9086235,0.910215,0.9156596,0.910491,0.9066372,0.9073895,0.9118269,0.9125267,0.9123675,0.91047275,0.90529776,0.9035002,0.90135586,0.8999993,0.90216494,0.90500736,0.9043481,0.90695506,0.90900886,0.9123376,0.91502464,0.9164316,0.9185482,0.91793597,0.9231163,0.9245424,0.9277032,0.9288063,0.92299825,0.92528945,0.92509145,0.92724645,0.9292532,0.9354127,0.93924034,0.9416251,0.9428123,0.94315755,0.94794357,0.9545124,0.95479745,0.95503676,0.95472497,0.9577382,0.9608434,0.96316385,0.96385974,0.96502817,0.9717164,0.9745002,0.9741515,0.97282505,0.9770142,0.9752183,0.978309,0.97951317,0.9776131,0.97677326,0.9806401,0.98216563,0.9822596,0.9825357,0.97658366,0.9802723,0.98010826,0.97804034,0.97674924,0.97948253,0.9816267,0.97992104,0.97920287,0.9800798,0.9823891,0.9829896,0.9789361,0.9811242,0.98264235,0.9826104,0.9830638,0.98295975,0.9798439,0.98173285,0.9809724,0.9831149,0.9827164,0.98239774,0.98267746,0.97756594,0.97984505,0.9823014,0.9830185,0.982485,0.98554194,0.985864,0.9878084,0.987189,0.98726034,0.9882166,0.98780125,0.9843248
6,-0.67375374,-0.65818155,-0.64021426,-0.62891716,-0.62475836,-0.6167136,-0.6126895,-0.6066467,-0.5967682,-0.5900961,-0.583397,-0.58434516,-0.5817847,-0.5786783,-0.57738346,-0.5785826,-0.5758077,-0.57389665,-0.57229906,-0.5722469,-0.5737015,-0.5792632,-0.58184856,-0.5805182,-0.5833181,-0.5792303,-0.58177507,-0.58298236,-0.5865095,-0.5844602,-0.58762914,-0.5897379,-0.594341,-0.5939118,-0.5935164,-0.5967733,-0.6014961,-0.6053998,-0.6064776,-0.60405487,-0.6068168,-0.60545915,-0.6081473,-0.6090389,-0.61243886,-0.6136669,-0.6153568,-0.6148488,-0.60946405,-0.6104051,-0.61123264,-0.6115336,-0.6114143,-0.6144979,-0.61848724,-0.62064326,-0.61231434,-0.6094723,-0.6111356,-0.61136544,-0.60791934,-0.6103676,-0.6110146,-0.61070687,-0.6149575,-0.61915195,-0.62074494,-0.6222378,-0.6198072,-0.62057185,-0.6213034,-0.6232742,-0.6243726,-0.6179045,-0.61756176,-0.6172581,-0.6185616,-0.6182084,-0.61929643,-0.61835325,-0.61661416,-0.615729,-0.61183894,-0.6087903,-0.612594,-0.61172223,-0.61423826,-0.61519384,-0.61298317,-0.61358404,-0.6181708,-0.61935055,-0.6209952,-0.6177393,-0.61180085,-0.6099142,-0.6086084,-0.60662687,-0.6016809,-0.6047324,-0.60268986,-0.60122234,-0.598722,-0.598359,-0.599375,-0.59672475,-0.5964897,-0.58978826,-0.5890224,-0.58728737,-0.58806944,-0.59000456,-0.5899966,-0.58832955,-0.58886534,-0.5884312,-0.586878,-0.5894547,-0.5863218,-0.58591694
7,-0.32237837,-0.31141093,-0.30368084,-0.29581943,-0.29178786,-0.28305164,-0.27306697,-0.26544103,-0.256036,-0.24725313,-0.24104781,-0.23256919,-0.2325954,-0.23061684,-0.22063443,-0.22044258,-0.21705732,-0.21257642,-0.21167994,-0.2058692,-0.20008925,-0.19529516,-0.19306062,-0.188418,-0.18547513,-0.1748123,-0.16352881,-0.15969478,-0.15504855,-0.14912619,-0.15029918,-0.15032391,-0.14783536,-0.14217654,-0.13465355,-0.13049741,-0.1272821,-0.12320875,-0.12221978,-0.117308125,-0.11657653,-0.110637605,-0.1048064,-0.10147772,-0.0953902,-0.09254564,-0.089198485,-0.08608755,-0.069277264,-0.06569726,-0.06317355,-0.059701085,-0.055558287,-0.050575037,-0.04951189,-0.047127586,-0.042798083,-0.040469088,-0.037250645,-0.03470307,-0.027027166,-0.02214623,-0.02238128,-0.017608603,-0.013600987,-0.010941066,-0.0047710957,-0.00047930703,0.007912794,0.010297285,0.013080681,0.027520627,0.032546975,0.04138824,0.043063007,0.04920448,0.050432544,0.05405152,0.057391725,0.0643475,0.069191374,0.0772621,0.080647394,0.083458915,0.087243736,0.092192665,0.09640114,0.1005099,0.101553515,0.10526438,0.11037044,0.119503126,0.11943132,0.12506501,0.13185549,0.13496003,0.13800812,0.14703839,0.15539211,0.15936805,0.1655649,0.17224649,0.1768721,0.18389069,0.19211037,0.19940951,0.20634413,0.21405701,0.22151029,0.22594619,0.22926006,0.23064525,0.23375478,0.23811188,0.24159296,0.2416174,0.24497774,0.24766178,0.25134018,0.25659317
8,-0.67515475,-0.66181767,-0.6502609,-0.63536173,-0.6263256,-0.6206223,-0.6092919,-0.60423374,-0.59346753,-0.5864986,-0.57656604,-0.567315,-0.5552772,-0.5477297,-0.53756493,-0.5238143,-0.5095793,-0.499571,-0.49260014,-0.48011264,-0.47204882,-0.46086597,-0.45210248,-0.44027686,-0.43211564,-0.41974688,-0.40719277,-0.3985801,-0.38843083,-0.3795738,-0.3744524,-0.36234853,-0.3583433,-0.34899342,-0.34267053,-0.3346315,-0.32510322,-0.3184111,-0.30537668,-0.29349092,-0.28441674,-0.27691802,-0.26775408,-0.25834948,-0.247436,-0.23767547,-0.2304904,-0.22145247,-0.2089396,-0.197296,-0.18832268,-0.17686896,-0.16847356,-0.15820657,-0.14738543,-0.1341083,-0.12270093,-0.11184369,-0.10400079,-0.09136117,-0.08177538,-0.06821843,-0.06421397,-0.05806399,-0.044689402,-0.037004255,-0.02590321,-0.014769502,-0.0037426148,0.005271208,0.01239803,0.023239743,0.033398286,0.047608934,0.058531426,0.07001282,0.08277396,0.09059788,0.100510515,0.108633004,0.11963083,0.13124089,0.13951162,0.15031743,0.16110854,0.17148158,0.1776242,0.18951872,0.1974715,0.20459919,0.21502158,0.22369537,0.23638836,0.24526498,0.25500613,0.26347712,0.27211097,0.28261596,0.29311663,0.30251288,0.3109898,0.32081538,0.32852054,0.339037,0.3488139,0.35715276,0.36470857,0.37747997,0.38528416,0.39943627,0.41168198,0.42202067,0.42973462,0.440463,0.45015493,0.45877352,0.4674816,0.47747383,0.48705405,0.49508572
9,-1.2626895,-1.2594906,-1.2440293,-1.2407357,-1.2322848,-1.2264307,-1.2176489,-1.2184637,-1.2116935,-1.2110605,-1.20984,-1.2121001,-1.2170416,-1.217181,-1.2147924,-1.2150563,-1.2183652,-1.2167461,-1.2165697,-1.2141486,-1.2121177,-1.2104326,-1.2129061,-1.2158111,-1.2168567,-1.2159177,-1.2161187,-1.2172081,-1.2253163,-1.2321037,-1.2376308,-1.237815,-1.2383215,-1.2406847,-1.2432947,-1.2462428,-1.2440097,-1.2520351,-1.2591159,-1.2593111,-1.2652419,-1.2662332,-1.2694368,-1.2740828,-1.2829716,-1.2849835,-1.2880456,-1.2948414,-1.3015331,-1.3059866,-1.3165781,-1.3216276,-1.3260944,-1.3310863,-1.3358643,-1.3413458,-1.3334043,-1.3321035,-1.3355585,-1.3372257,-1.3406446,-1.3440787,-1.3457098,-1.3465542,-1.3523108,-1.3586608,-1.358794,-1.3635448,-1.3636497,-1.3701394,-1.3750637,-1.378158,-1.3792899,-1.3794506,-1.3820746,-1.3898197,-1.3951523,-1.3943031,-1.397007,-1.4014347,-1.4030235,-1.4054445,-1.4053653,-1.4062016,-1.4047357,-1.4073983,-1.4107128,-1.4174699,-1.412049,-1.418327,-1.4230582,-1.4262451,-1.4315794,-1.4369774,-1.4405668,-1.4460177,-1.4499594,-1.4561129,-1.4505451,-1.4536763,-1.4616845,-1.4617333,-1.4685577,-1.4722267,-1.4778945,-1.4784788,-1.4823606,-1.4841208,-1.4893084,-1.4912987,-1.4921548,-1.4903945,-1.4950441,-1.5020466,-1.5060842,-1.5061114,-1.5128083,-1.5096495,-1.5117615,-1.5171444
10,4.6542573,4.609089,4.560642,4.520957,4.4902315,4.4486303,4.4083567,4.382951,4.3541822,4.3184223,4.2957397,4.263493,4.236899,4.213937,4.188607,4.1653666,4.1348205,4.1222076,4.1017556,4.0685062,4.047531,4.031304,4.0114965,3.9906,3.964705,3.9354272,3.9241862,3.9126916,3.9002151,3.8825111,3.8645775,3.8514647,3.8358402,3.8221314,3.8066978,3.7954116,3.7810502,3.773917,3.7629178,3.7556527,3.7532744,3.7385058,3.7249947,3.718444,3.7115834,3.7030334,3.6990066,3.6883187,3.6626472,3.6481738,3.6414707,3.6389413,3.6339087,3.631445,3.625053,3.6188087,3.6023498,3.5803027,3.5801873,3.576743,3.5671546,3.5567365,3.547416,3.5463016,3.539124,3.5370686,3.5247064,3.5198128,3.516737,3.512429,3.5087082,3.4895942,3.4800239,3.467373,3.4569516,3.4467502,3.4384217,3.4219086,3.4166024,3.416737,3.4097164,3.405522,3.4005222,3.3927612,3.3885064,3.3778446,3.372355,3.3700538,3.3572586,3.3511803,3.3499527,3.3433995,3.3375733,3.3369484,3.3290856,3.3267734,3.3244357,3.3174522,3.3063807,3.3033051,3.2910943,3.289206,3.2859855,3.2818527,3.280447,3.2780845,3.268422,3.2582612,3.2535434,3.2530906,3.2494602,3.2393513,3.2303176,3.2248008,3.2223568,3.2169642,3.2081306,3.1928966,3.1870353,3.178059
11,-0.4373197,-0.4296915,-0.4304564,-0.42202768,-0.41939473,-0.41618472,-0.4197794,-0.4170145,-0.41635054,-0.4161698,-0.4182674,-0.41654643,-0.41948286,-0.4161195,-0.41842708,-0.42639527,-0.43379655,-0.43508214,-0.44039607,-0.43885812,-0.44520593,-0.4476432,-0.45323724,-0.4576548,-0.46601254,-0.4769957,-0.48277444,-0.49000874,-0.49582905,-0.50235057,-0.5087081,-0.51405334,-0.5213222,-0.5304884,-0.5462033,-0.5552088,-0.5606904,-0.57165337,-0.57910156,-0.5834858,-0.5920638,-0.5974015,-0.6026474,-0.61401653,-0.62262785,-0.6297434,-0.6409794,-0.648915,-0.6520602,-0.6643313,-0.6736547,-0.6844357,-0.6932692,-0.7028694,-0.7111527,-0.71655226,-0.7220297,-0.72961676,-0.7392909,-0.74812514,-0.7546247,-0.7620408,-0.76449263,-0.7729815,-0.78061384,-0.79102576,-0.79834867,-0.80774117,-0.81417096,-0.82322013,-0.8290666,-0.83509034,-0.8420057,-0.8383519,-0.84417665,-0.8486352,-0.8588996,-0.8708781,-0.8797678,-0.8921159,-0.8997628,-0.9086727,-0.91575575,-0.92544746,-0.9284918,-0.9392158,-0.94839346,-0.9594218,-0.9597063,-0.9697407,-0.9845923,-0.988334,-0.9968089,-1.0011927,-1.012244,-1.0178605,-1.0253651,-1.0363253,-1.0444424,-1.0519582,-1.0600736,-1.0716122,-1.0804969,-1.0869086,-1.0964341,-1.1028333,-1.1068153,-1.1146057,-1.1230367,-1.1309016,-1.1364882,-1.1418923,-1.1507828,-1.1579686,-1.1642059,-1.1752235,-1.1834474,-1.1916412,-1.1951821,-1.201484
12,-0.16704836,-0.14813091,-0.12997359,-0.105164126,-0.08521985,-0.07501298,-0.064541034,-0.054563075,-0.03695268,-0.0235832,-0.009261605,0.0027714863,0.013677691,0.02294081,0.033131734,0.042172145,0.049947552,0.05912782,0.070348494,0.077043444,0.08814893,0.093890816,0.10215179,0.11158957,0.11781373,0.12096514,0.1316716,0.13789995,0.14769161,0.15366715,0.16322234,0.17011216,0.18165419,0.18902524,0.19528471,0.20393825,0.2133846,0.21869126,0.2259641,0.23369405,0.2420053,0.25029594,0.258025,0.2658553,0.27495974,0.28236395,0.28888494,0.29495418,0.30568045,0.31335,0.3211581,0.32791108,0.33708468,0.34523177,0.3536092,0.36142913,0.36644563,0.3668725,0.37434104,0.381828,0.38866067,0.39564687,0.40398103,0.41122302,0.42064658,0.42673182,0.4311121,0.4393126,0.44628096,0.4523809,0.45914793,0.4688286,0.47345057,0.48310193,0.48595554,0.495793,0.5000779,0.50600356,0.51027447,0.5198884,0.52348924,0.5328267,0.5395312,0.54451734,0.5520506,0.5594376,0.5647157,0.5713619,0.57258856,0.5793468,0.5844189,0.594267,0.59964526,0.6110291,0.61425054,0.62361425,0.6314157,0.6415394,0.6457987,0.65403634,0.66190374,0.6708173,0.6775711,0.68494654,0.6947645,0.70335907,0.7119156,0.7171764,0.7223736,0.7298695,0.7360347,0.74112123,0.7486895,0.75660646,0.76038754,0.7628428,0.7693597,0.77178013,0.7821764,0.7906772
13,-0.79451317,-0.7696143,-0.74904835,-0.72659504,-0.7005442,-0.6767297,-0.65333956,-0.6363168,-0.62587595,-0.60678387,-0.59783274,-0.58588,-0.5693952,-0.56193686,-0.5509466,-0.54243904,-0.5309971,-0.5177037,-0.50894725,-0.500893,-0.49423987,-0.48162955,-0.46775776,-0.4596978,-0.44923288,-0.43772167,-0.42250234,-0.4064547,-0.39631382,-0.3888783,-0.38350752,-0.380095,-0.37580645,-0.3678612,-0.35836768,-0.34955788,-0.34513962,-0.33695036,-0.329436,-0.31781074,-0.3124394,-0.30496177,-0.29915994,-0.29558587,-0.2902073,-0.28401977,-0.2790348,-0.273493,-0.2636211,-0.2548638,-0.24551861,-0.23914242,-0.23215048,-0.22619681,-0.22104362,-0.21393505,-0.20311531,-0.19996564,-0.19408892,-0.18833263,-0.17989214,-0.17436738,-0.16660573,-0.158967,-0.15101339,-0.14758335,-0.13777657,-0.12888572,-0.12454043,-0.11967371,-0.11422618,-0.10452156,-0.096749544,-0.09150296,-0.08188332,-0.07623606,-0.0738692,-0.070490755,-0.06345999,-0.05452491,-0.0527185,-0.051414944,-0.046560988,-0.041940995,-0.03346066,-0.029432256,-0.022137066,-0.018389594,-0.012338534,-0.008421124,-0.0017016858,0.0040066005,0.008870674,0.016314922,0.02582543,0.031348415,0.035069846,0.038483243,0.04258311,0.04946076,0.04930884,0.05631722,0.059404336,0.06443627,0.0692722,0.076109596,0.08323856,0.08861061,0.09184466,0.095655754,0.101985656,0.106311634,0.11235756,0.11430158,0.11682937,0.12179719,0.12303964,0.1297705,0.13223605,0.13192128
14,-1.1330658,-1.1209143,-1.1093462,-1.0932164,-1.0826776,-1.0748556,-1.0585629,-1.0530808,-1.05073,-1.0370739,-1.0364591,-1.034809,-1.03309,-1.0278494,-1.0234753,-1.0175223,-1.0125096,-1.0091755,-0.99905366,-0.99386245,-0.9884122,-0.9851549,-0.9808014,-0.9753146,-0.9687866,-0.96216995,-0.961702,-0.95899904,-0.9587272,-0.95942324,-0.9591075,-0.95712835,-0.95499504,-0.9517067,-0.950362,-0.9525094,-0.95050824,-0.94810075,-0.9514103,-0.9492356,-0.9486953,-0.9434145,-0.9416381,-0.93919384,-0.9361928,-0.93518716,-0.9325768,-0.9285084,-0.9322399,-0.92712295,-0.9177519,-0.9207819,-0.9213562,-0.9226514,-0.921054,-0.9197615,-0.9143791,-0.9107374,-0.9090835,-0.905005,-0.9024103,-0.9022897,-0.89998627,-0.89775544,-0.89568007,-0.89474285,-0.88845396,-0.88788396,-0.88665235,-0.88401604,-0.8846327,-0.8802848,-0.87867594,-0.870644,-0.86361074,-0.86027586,-0.8593651,-0.8538073,-0.84970254,-0.84849894,-0.8435748,-0.83793986,-0.8394324,-0.8350159,-0.8324852,-0.82700825,-0.821757,-0.81962407,-0.814936,-0.8160151,-0.8163861,-0.8139941,-0.8126114,-0.8077545,-0.8044554,-0.80411685,-0.8026129,-0.8027822,-0.7999176,-0.7950412,-0.7923041,-0.78552043,-0.78329134,-0.7790196,-0.775433,-0.77123255,-0.76794773,-0.7668023,-0.7671865,-0.76792616,-0.7688771,-0.76756674,-0.76215994,-0.7622611,-0.7645482,-0.76225233,-0.7598199,-0.7554737,-0.7509662,-0.7456993
15,1.0551322,1.0670958,1.0705836,1.0792197,1.0822943,1.0845401,1.087617,1.0947669,1.0957597,1.1034858,1.1114091,1.1097579,1.1089222,1.1165763,1.1212151,1.1268833,1.1272874,1.131612,1.1327717,1.1337912,1.1323816,1.1393673,1.1389214,1.1387316,1.1413128,1.1415385,1.1436068,1.1471127,1.1479403,1.1482754,1.1473731,1.1493539,1.1489658,1.1543512,1.1571782,1.1639,1.1675569,1.1694691,1.1723922,1.1741613,1.1781008,1.1779352,1.1788766,1.1816334,1.1867335,1.1880769,1.1911899,1.1926471,1.1907318,1.1863797,1.183971,1.1839986,1.1877601,1.1936836,1.1960478,1.1980199,1.1980711,1.1988899,1.2025955,1.2058553,1.2084793,1.2092626,1.2093995,1.2142948,1.2179725,1.2181706,1.2132508,1.2152694,1.213763,1.2173584,1.2193773,1.2194394,1.2170261,1.2130682,1.2119352,1.2130982,1.2122343,1.2094839,1.2102003,1.2121156,1.2065225,1.206683,1.2077024,1.2021532,1.2034179,1.2062347,1.2074274,1.2114003,1.2053299,1.2073003,1.2095101,1.2069538,1.2082188,1.2094752,1.2052237,1.204994,1.2047894,1.2019798,1.2022233,1.2022998,1.1951957,1.1967801,1.195745,1.1977935,1.1975961,1.1953086,1.1955993,1.1981131,1.1986377,1.1986909,1.1983972,1.1896313,1.1925001,1.1939065,1.1917108,1.1888454,1.186341,1.181545,1.1835105,1.1836711
16,-0.106034175,-0.09483877,-0.093149126,-0.09121774,-0.086367644,-0.079086855,-0.0720669,-0.07204529,-0.06911823,-0.062366188,-0.056637116,-0.051963784,-0.047577843,-0.04506444,-0.039387424,-0.036635824,-0.037190598,-0.03232079,-0.031698562,-0.024582496,-0.022301361,-0.019654263,-0.021482203,-0.02027739,-0.01753384,-0.017822858,-0.015257913,-0.013624536,-0.012044857,-0.0051280125,-0.0062412387,-0.0049240035,-0.0012201339,0.000875143,0.001782769,0.001360096,0.003206179,0.0036032342,0.0047899084,0.004551623,0.0057122954,0.005942422,0.003471369,0.0058491877,0.008525955,0.0085474085,0.0058290847,0.002900532,0.001964227,0.00540037,0.0032992556,0.0020523078,0.0016452856,0.00075045676,-0.001234275,-0.0014035925,-0.003104151,-0.0006260194,0.0013001986,-0.0017119866,-0.0030847616,-0.0034752756,-0.0021497246,-0.00042399726,-0.0012974136,-0.0024971832,-0.007305288,-0.0052650035,-0.005199136,-0.0065102316,-0.0052959495,-0.0015615091,-0.002260526,-0.0051023746,-0.004856328,-0.0073618377,-0.008801391,-0.0026023975,-0.0027877188,-0.0033351884,-0.002876812,-0.0034424688,-0.0040873596,-0.006873177,-0.005348762,-0.00628969,-0.007364808,-0.008062376,-0.011943905,-0.013873255,-0.013625676,-0.016548607,-0.01757027,-0.01723238,-0.015354526,-0.017228846,-0.019107226,-0.01914002,-0.01917273,-0.021338359,-0.028891206,-0.028795322,-0.034005564,-0.029814329,-0.03188791,-0.034460686,-0.033839576,-0.034997206,-0.035275552,-0.03535275,-0.03989332,-0.039627537,-0.041434668,-0.038427353,-0.04035171,-0.03994573,-0.045747317,-0.0409541,-0.042414725,-0.041372932
17,-0.0026542568,0.0135308625,0.03528581,0.052841634,0.069472976,0.09650163,0.11420073,0.13017495,0.14235277,0.15839033,0.17110652,0.18713517,0.20091419,0.21619001,0.22674243,0.2394801,0.25012606,0.25987774,0.2689207,0.2788309,0.28928384,0.30192113,0.3164477,0.3273807,0.3415726,0.3540561,0.36658752,0.3794427,0.39046204,0.40055236,0.40785226,0.41822577,0.4288754,0.44057196,0.44773,0.4563319,0.46851462,0.47697863,0.48716465,0.4913954,0.5012929,0.5083747,0.5151566,0.5269428,0.5343063,0.54231566,0.55005264,0.55587167,0.559703,0.5701292,0.5770103,0.58328,0.593775,0.60229,0.60843897,0.6131018,0.62155217,0.62228733,0.63070667,0.6367045,0.64408106,0.6498899,0.6541287,0.6621422,0.66853005,0.6748863,0.6774516,0.6827958,0.68546206,0.689746,0.6975969,0.7018612,0.7055747,0.70949155,0.715254,0.72011405,0.72498727,0.7256776,0.7277856,0.7330188,0.7369921,0.74084634,0.7474071,0.75219995,0.75729126,0.7666211,0.77095616,0.77786744,0.7832088,0.79110396,0.7956147,0.7972101,0.80130136,0.80731046,0.81352293,0.82058954,0.8254136,0.8270766,0.8296863,0.83585083,0.8381332,0.8440504,0.8471031,0.85070264,0.8535563,0.85632914,0.8601022,0.8621416,0.8607936,0.8662877,0.8713355,0.8688421,0.8736504,0.8781098,0.87683904,0.87737274,0.87901354,0.8811763,0.8848869,0.8902726
18,-1.26738,-1.2647597,-1.2618468,-1.265507,-1.2637092,-1.2505178,-1.2474146,-1.2446284,-1.2438042,-1.2411344,-1.2482042,-1.2524527,-1.255305,-1.2576867,-1.2578564,-1.2601724,-1.262557,-1.2646087,-1.2665498,-1.262828,-1.2667102,-1.2676153,-1.2699908,-1.2722162,-1.2691748,-1.2672122,-1.2700526,-1.2714632,-1.2752979,-1.2747542,-1.2730491,-1.2764771,-1.2719256,-1.2770481,-1.2805356,-1.2851956,-1.2885836,-1.2967668,-1.2985599,-1.30415,-1.3124018,-1.3143972,-1.323,-1.327131,-1.3323458,-1.335915,-1.3448961,-1.3524363,-1.3546928,-1.3586432,-1.3650521,-1.3732879,-1.3810992,-1.3876023,-1.394861,-1.406223,-1.4141095,-1.4142034,-1.4184397,-1.4275663,-1.4321306,-1.4346567,-1.4380996,-1.4461036,-1.4517195,-1.4581789,-1.4659356,-1.4729176,-1.4811597,-1.4878747,-1.4930393,-1.4901783,-1.4935287,-1.4934572,-1.4987738,-1.5062733,-1.5132947,-1.5121765,-1.5171185,-1.5256494,-1.5289304,-1.5363482,-1.5451691,-1.5486162,-1.5500348,-1.5530741,-1.5545568,-1.5635735,-1.5646895,-1.5730538,-1.5805111,-1.5858352,-1.5954874,-1.6004318,-1.6063592,-1.6136347,-1.6189388,-1.6250298,-1.6243397,-1.6308234,-1.6289084,-1.6366708,-1.6416712,-1.6440308,-1.6496837,-1.6542155,-1.656757,-1.6627308,-1.6705158,-1.6753107,-1.6829621,-1.6863514,-1.6839106,-1.6919587,-1.6955217,-1.698266,-1.7097197,-1.7086933,-1.7150905,-1.7177737
19,-0.83160985,-0.84790355,-0.86033475,-0.87449753,-0.8840748,-0.8872946,-0.898547,-0.9098029,-0.9145592,-0.9241487,-0.9360348,-0.95194817,-0.97213495,-0.9846875,-0.9988297,-1.0136205,-1.0245874,-1.0378107,-1.0528046,-1.0611149,-1.071976,-1.08742,-1.0976199,-1.1117371,-1.123811,-1.1355804,-1.1474538,-1.1615098,-1.176347,-1.1889002,-1.2012473,-1.212904,-1.2245816,-1.2389052,-1.2506216,-1.2622502,-1.276942,-1.2929014,-1.3035307,-1.3116934,-1.3264791,-1.3380214,-1.3497586,-1.3620584,-1.3786842,-1.3946306,-1.4111007,-1.4243441,-1.4359066,-1.4520676,-1.4650503,-1.4788297,-1.493534,-1.5079777,-1.5207646,-1.5345243,-1.5400879,-1.5469476,-1.5616943,-1.5730802,-1.5848697,-1.5939339,-1.6040891,-1.6155484,-1.6271454,-1.6405865,-1.6476161,-1.6617769,-1.6695347,-1.6829903,-1.6958218,-1.7033596,-1.7155583,-1.7234653,-1.7334926,-1.7441852,-1.7544636,-1.7609047,-1.7717898,-1.7866957,-1.7944291,-1.8022232,-1.8131111,-1.8179725,-1.824144,-1.8348095,-1.8429846,-1.8534386,-1.858114,-1.8693346,-1.8823984,-1.883642,-1.8961401,-1.9009901,-1.9074923,-1.9145714,-1.9238659,-1.9327161,-1.9357891,-1.9449158,-1.9494913,-1.956959,-1.9621279,-1.9680115,-1.9789226,-1.9851704,-1.989605,-1.9923718,-1.9994576,-2.0067785,-2.0167346,-2.0195231,-2.024667,-2.0333345,-2.0415733,-2.0528412,-2.0566401,-2.0613446,-2.0693893,-2.072007
20,-1.208048,-1.204506,-1.1905729,-1.182811,-1.1813321,-1.1660064,-1.1617696,-1.1610725,-1.1519401,-1.142231,-1.1329254,-1.1262816,-1.124373,-1.1231099,-1.115208,-1.1142423,-1.1114255,-1.1090474,-1.1087053,-1.1023042,-1.102641,-1.0993916,-1.0976068,-1.0967414,-1.0925024,-1.0871053,-1.0840414,-1.081279,-1.0823998,-1.0801599,-1.0757748,-1.0782897,-1.0787175,-1.081567,-1.0792415,-1.0824637,-1.0827168,-1.0840299,-1.0833275,-1.0801594,-1.0823671,-1.0814965,-1.0796386,-1.0811384,-1.0828762,-1.0796322,-1.0808882,-1.0808595,-1.0748354,-1.0770912,-1.0802654,-1.0825062,-1.0827205,-1.0830722,-1.0827373,-1.0824102,-1.0843738,-1.082567,-1.0875243,-1.087103,-1.0864934,-1.0842612,-1.0817599,-1.082517,-1.0809697,-1.0834432,-1.078058,-1.0752726,-1.0725441,-1.0784473,-1.0803378,-1.0759352,-1.0737226,-1.0731604,-1.0711609,-1.0698874,-1.0721729,-1.0664498,-1.0673509,-1.0691161,-1.0697043,-1.0709739,-1.0753446,-1.0754454,-1.0794363,-1.0798734,-1.0813744,-1.0874581,-1.0840577,-1.0834584,-1.0862474,-1.0850613,-1.0837336,-1.084636,-1.0852084,-1.086751,-1.0866009,-1.0877222,-1.0841807,-1.0878328,-1.0834951,-1.0866681,-1.0854686,-1.0855147,-1.0867401,-1.0866516,-1.0875404,-1.0874559,-1.0914915,-1.0867662,-1.0858538,-1.085462,-1.0839165,-1.0828152,-1.083616,-1.0837733,-1.0803978,-1.0828496,-1.0847257,-1.0872334
21,1.3827072,1.3813115,1.373709,1.3722959,1.3793045,1.3852342,1.3839992,1.3930427,1.3974683,1.4003423,1.4021667,1.4020259,1.4031404,1.407223,1.4094461,1.4141515,1.4168952,1.4273627,1.431309,1.4405115,1.4452969,1.4518137,1.4645085,1.471133,1.4776198,1.4794668,1.4890165,1.4996262,1.5107949,1.5185511,1.5209482,1.530229,1.5391592,1.5485628,1.5577481,1.5622783,1.5678113,1.5766723,1.5867153,1.5965974,1.6073147,1.6123022,1.6208225,1.6290581,1.6389418,1.6476005,1.6569754,1.6653917,1.6662534,1.6738125,1.6810157,1.6935568,1.7077545,1.7201436,1.7287124,1.7398598,1.7425658,1.7439216,1.7537642,1.7634662,1.7681293,1.7768967,1.7835529,1.7955202,1.8025885,1.8120117,1.8178432,1.8270674,1.8409786,1.8493992,1.8599017,1.8608528,1.8644378,1.8655399,1.875541,1.8815353,1.8880851,1.8969164,1.9095106,1.9173813,1.9265633,1.9340165,1.9428418,1.9491848,1.9528,1.954175,1.9633496,1.9747934,1.9766808,1.9863771,1.9979708,2.0075593,2.0153978,2.026557,2.0361423,2.0461373,2.052983,2.0597303,2.0641098,2.071968,2.0761044,2.0842242,2.091714,2.0978465,2.106179,2.1138844,2.1190937,2.126703,2.1305165,2.138889,2.1477122,2.1486273,2.1523356,2.1581244,2.1668186,2.1739333,2.1773734,2.1735423,2.1767154,2.184178
22,0.6406755,0.62744385,0.606377,0.58981055,0.5737468,0.56066686,0.55394506,0.5379679,0.52809155,0.52522886,0.51477635,0.5045307,0.4929649,0.47882867,0.46565527,0.4557078,0.4478383,0.43910772,0.43119138,0.42575535,0.4183026,0.40678072,0.39898333,0.39177775,0.37938413,0.37006006,0.3689339,0.36109787,0.3542242,0.34376007,0.32736546,0.32336742,0.3161472,0.30944282,0.30693635,0.30035156,0.29696035,0.29175076,0.2820361,0.2776812,0.26998156,0.25972277,0.25306633,0.24418823,0.238893,0.23289056,0.22734408,0.22243127,0.21708885,0.21472108,0.20994835,0.20816839,0.20164001,0.1977525,0.19313328,0.18883918,0.18888144,0.18705353,0.17964733,0.17608222,0.17330341,0.17018077,0.16629843,0.16451335,0.15807007,0.15192497,0.1530526,0.14828362,0.14669271,0.14259346,0.13979019,0.1338044,0.12919703,0.12485906,0.120709874,0.11662452,0.11434798,0.11175631,0.10681216,0.09910841,0.1001036,0.101473644,0.09600818,0.096677996,0.09016035,0.0851963,0.08518845,0.08398081,0.080213614,0.0739017,0.07187778,0.06924758,0.06469295,0.060833164,0.0540147,0.050285675,0.046168197,0.041547246,0.037364386,0.036546666,0.035352267,0.032538306,0.02861085,0.02093999,0.020551657,0.01984168,0.016141837,0.012187433,0.0072391666,0.0033430464,0.004167235,0.0025094673,-0.00015334785,-0.0034391717,0.000553225,-0.00039849879,-0.0055076657,-0.006481818,-0.008233117,-0.008372541
23,-1.1457864,-1.132255,-1.1236111,-1.1122086,-1.0996245,-1.084681,-1.0740626,-1.0710552,-1.061095,-1.0480669,-1.0402137,-1.0339944,-1.0335944,-1.0308769,-1.0262408,-1.0225345,-1.0138241,-1.0125806,-1.0114819,-1.005422,-1.0057873,-0.9994868,-0.99425924,-0.9877409,-0.986005,-0.9814456,-0.9786434,-0.9779936,-0.97774774,-0.973765,-0.96938306,-0.9678062,-0.96797144,-0.96942014,-0.96814317,-0.9652074,-0.96855336,-0.9676288,-0.9656395,-0.9662121,-0.96652526,-0.9615971,-0.95830965,-0.9564668,-0.95716876,-0.9566553,-0.9556645,-0.94952023,-0.9451296,-0.9442031,-0.940122,-0.938396,-0.93551064,-0.934533,-0.9278426,-0.925337,-0.9130157,-0.9078398,-0.9072569,-0.8986746,-0.9006907,-0.89817256,-0.8903862,-0.889562,-0.88232625,-0.8814701,-0.8686032,-0.8610581,-0.85650826,-0.85302174,-0.85097915,-0.8450734,-0.83950126,-0.83510625,-0.8302673,-0.8293565,-0.82561815,-0.8157979,-0.8113869,-0.8070914,-0.80326116,-0.7998289,-0.7965161,-0.7906495,-0.78929454,-0.7826206,-0.77777433,-0.77622473,-0.7719474,-0.7709371,-0.7692187,-0.76450735,-0.76214045,-0.7565237,-0.74814796,-0.7449058,-0.7372057,-0.7322432,-0.7229557,-0.71919966,-0.71733886,-0.71547997,-0.70772934,-0.7034482,-0.69881725,-0.69218904,-0.6842991,-0.67357284,-0.6712049,-0.6665365,-0.65967643,-0.65506905,-0.65673757,-0.65352786,-0.6472758,-0.6424333,-0.63717705,-0.630621,-0.62656033,-0.62102336
24,-0.4503464,-0.44652438,-0.44106442,-0.44118723,-0.4378429,-0.44126496,-0.43831545,-0.43842086,-0.44211835,-0.4459602,-0.45199075,-0.45721322,-0.4572124,-0.46735626,-0.47100225,-0.47844553,-0.48584333,-0.4951775,-0.5033072,-0.50910795,-0.5137976,-0.51925355,-0.5246078,-0.529895,-0.536281,-0.5386077,-0.5435727,-0.54572666,-0.55100405,-0.55782205,-0.56436586,-0.5716122,-0.5781679,-0.58358926,-0.5888827,-0.5981505,-0.60142976,-0.60932446,-0.61764115,-0.62088126,-0.6277031,-0.6346738,-0.6406792,-0.64414495,-0.64857817,-0.6559288,-0.6622969,-0.66494995,-0.6645266,-0.6724841,-0.6766448,-0.68133104,-0.6876904,-0.6939452,-0.7007073,-0.70755637,-0.7109399,-0.7160042,-0.724351,-0.7286455,-0.7355444,-0.73869133,-0.7455412,-0.7509033,-0.7559358,-0.76176816,-0.7657093,-0.7663373,-0.76892823,-0.77528036,-0.7810809,-0.78369504,-0.78686273,-0.7848165,-0.79005104,-0.7947002,-0.795651,-0.79569393,-0.8021321,-0.8067129,-0.8112774,-0.8132671,-0.8191452,-0.8216845,-0.8303954,-0.83233416,-0.8352583,-0.84176046,-0.8438886,-0.85268813,-0.85871065,-0.86217785,-0.8697319,-0.8715154,-0.8749045,-0.8807626,-0.88244927,-0.8837608,-0.882275,-0.88715583,-0.8920687,-0.89243376,-0.8986391,-0.90228975,-0.90579367,-0.9074257,-0.91089404,-0.9100877,-0.91541547,-0.920856,-0.9244858,-0.9222544,-0.92537415,-0.92887986,-0.93109643,-0.9355397,-0.93622303,-0.93485737,-0.9374836,-0.94356126
25,-0.25963646,-0.25776613,-0.24806264,-0.2446204,-0.24195437,-0.24047676,-0.22722378,-0.2243667,-0.21959376,-0.21371286,-0.21217532,-0.20654793,-0.20599394,-0.20009355,-0.19648013,-0.19348243,-0.19378899,-0.19174835,-0.18788086,-0.1835019,-0.17714891,-0.1783425,-0.17789872,-0.17168844,-0.16709486,-0.16068396,-0.15675834,-0.15287659,-0.14757338,-0.14378561,-0.14103428,-0.1422452,-0.13961709,-0.13727032,-0.1326146,-0.1309351,-0.12889269,-0.12433833,-0.120212175,-0.11602303,-0.109748326,-0.102030456,-0.09987562,-0.0969092,-0.092821285,-0.08948113,-0.08756156,-0.082643785,-0.07318799,-0.0638507,-0.055715226,-0.04915632,-0.04584801,-0.041309737,-0.038109016,-0.035635926,-0.028840244,-0.024981916,-0.019558046,-0.011508405,-0.0026590086,0.0034552875,0.0098227225,0.016771456,0.023583513,0.027483186,0.034151174,0.038312107,0.04184917,0.047299374,0.05290372,0.06406914,0.067352556,0.07116593,0.07257749,0.07833655,0.0841858,0.08880699,0.09639062,0.10173098,0.10802181,0.11475007,0.12105288,0.13027488,0.1377617,0.1451765,0.15171993,0.15647192,0.16259338,0.16599189,0.16964978,0.17702949,0.18388817,0.19357994,0.20033236,0.20600185,0.21348092,0.22236863,0.22568627,0.23030296,0.24044076,0.2478303,0.25281602,0.25888047,0.26801237,0.27636474,0.28221944,0.2893298,0.29462412,0.30070788,0.3113864,0.32032806,0.32663023,0.33271644,0.33955315,0.35015213,0.35443094,0.35771194,0.36382055,0.37069774
26,0.37530178,0.37894517,0.38449934,0.38860086,0.38687152,0.38986242,0.39594623,0.39930978,0.39369917,0.38790694,0.3939242,0.40272552,0.39991048,0.39921027,0.39825457,0.3929708,0.38928768,0.3908748,0.3885453,0.38529608,0.38214815,0.38016707,0.37633407,0.3709274,0.367828,0.35827756,0.35718447,0.35581025,0.35768795,0.3522927,0.3426323,0.3407712,0.33740538,0.33783793,0.33672088,0.33286613,0.33337224,0.33242676,0.32963938,0.32928884,0.32932153,0.32628936,0.32455504,0.32365975,0.32050088,0.31773806,0.3191531,0.31830284,0.3156054,0.3157376,0.31644577,0.3173347,0.31665477,0.3154209,0.31406075,0.31529012,0.3143931,0.31117564,0.31221908,0.31155473,0.31147534,0.31148636,0.31241855,0.3140431,0.30940634,0.3085634,0.3072783,0.30671173,0.30806297,0.30731186,0.30689335,0.30412912,0.3023296,0.30155104,0.30111513,0.3001349,0.2978965,0.29566073,0.29093108,0.29283193,0.29318908,0.29196635,0.29354233,0.29395667,0.29145324,0.28674227,0.28606302,0.28730303,0.28557414,0.2852922,0.28426903,0.2852308,0.28401285,0.28333145,0.28873783,0.2896423,0.28803974,0.2878101,0.28591567,0.28598404,0.28627238,0.2888313,0.28923354,0.2902017,0.29316357,0.29401505,0.2931214,0.29302514,0.29311067,0.2928901,0.29351157,0.2931557,0.2885898,0.28998545,0.29357967,0.29560128,0.29426056,0.2900753,0.29266247,0.28881124
27,0.68272585,0.6688052,0.66079533,0.6460875,0.6340338,0.6172485,0.60709804,0.5969643,0.58270574,0.5691342,0.55721945,0.54447925,0.5371665,0.52784985,0.509576,0.49356136,0.4794174,0.47497648,0.4636519,0.45236975,0.4453866,0.43418092,0.42280403,0.41388172,0.40402657,0.39751703,0.38971996,0.3824377,0.3705184,0.36110824,0.34902078,0.34359288,0.33841613,0.33247906,0.32591024,0.3194084,0.3132798,0.30770916,0.29943222,0.29312867,0.28909674,0.28398794,0.27844372,0.27104992,0.26386327,0.26039007,0.25579816,0.24982604,0.24466828,0.23809583,0.23440571,0.23051338,0.22752099,0.22255965,0.21700439,0.21105044,0.20607617,0.19867381,0.19386098,0.1888516,0.18457213,0.18087074,0.17772831,0.17499563,0.16778786,0.16276011,0.16188201,0.15715075,0.1564229,0.14973855,0.14650685,0.14546266,0.1408114,0.14045078,0.13654628,0.12903164,0.12440033,0.123051524,0.12016082,0.11962031,0.120772146,0.12112083,0.11608915,0.11648408,0.11265904,0.10878396,0.10564132,0.100961566,0.100487694,0.09710555,0.09369171,0.089531705,0.08463235,0.08243018,0.07662845,0.07366173,0.07431162,0.071342446,0.07032632,0.06742405,0.066280164,0.064090826,0.061727308,0.059728652,0.058642447,0.057439905,0.054925747,0.05367732,0.050953127,0.045165077,0.043435566,0.04359848,0.03842023,0.033156663,0.031488113,0.02801888,0.021658733,0.018964645,0.01619484,0.0077116997
28,1.2785349,1.2602463,1.2425553,1.2373637,1.2220755,1.2105502,1.1928023,1.1850686,1.1737552,1.1719384,1.1674703,1.1543075,1.1450104,1.141522,1.1308286,1.1270148,1.1181972,1.1104534,1.0998114,1.0947348,1.0862664,1.0771568,1.0686234,1.0648739,1.0585895,1.0508409,1.0449674,1.0376818,1.0366694,1.0297625,1.0257311,1.0181555,1.0092727,1.0065069,1.0033163,1.0032128,0.9970743,0.9936886,0.98850334,0.98232013,0.98228896,0.9825775,0.9788345,0.9811556,0.9788523,0.9770856,0.9769987,0.9743563,0.96785533,0.9651467,0.9648509,0.96235406,0.9598802,0.9571479,0.95470285,0.95510197,0.95562875,0.9490687,0.9526455,0.95640624,0.95069396,0.950163,0.9493755,0.94990313,0.95377934,0.95818776,0.95607454,0.951118,0.94563407,0.94330025,0.94469327,0.9428959,0.94282246,0.9400776,0.94087964,0.9403095,0.94284564,0.94280183,0.9399722,0.9394304,0.93437797,0.93508613,0.9352106,0.93544424,0.9355195,0.93373984,0.9313839,0.9350568,0.93320626,0.93655396,0.93619424,0.93315095,0.9350709,0.9396364,0.93738496,0.9403337,0.9414338,0.9417146,0.94073975,0.94337595,0.9443477,0.94477355,0.9435207,0.94720614,0.9501017,0.9543967,0.958127,0.9557899,0.9564908,0.96262157,0.96718895,0.9659416,0.97412795,0.9772909,0.97759974,0.9813529,0.98135674,0.97697085,0.9851538,0.9838958
29,0.218281,0.21723068,0.21724673,0.21620207,0.21424083,0.21343796,0.21475902,0.21429606,0.21931691,0.22617686,0.22974655,0.23446831,0.23616664,0.24206094,0.24795969,0.24726276,0.24936414,0.2546566,0.26127976,0.26679567,0.26384354,0.2697488,0.27066892,0.27625003,0.27875185,0.28201383,0.2830993,0.2868098,0.29117388,0.29133013,0.28854996,0.293743,0.2993208,0.3018077,0.30700126,0.30988598,0.3127289,0.31438935,0.31522635,0.32227516,0.3270561,0.32815227,0.33292955,0.33531198,0.33748478,0.34445935,0.35030848,0.3532415,0.3588819,0.3629616,0.3675299,0.3707106,0.37105384,0.37703556,0.3788443,0.38095862,0.38546187,0.39292794,0.3965631,0.4008264,0.40498123,0.40501404,0.41183144,0.4175015,0.41606817,0.42152762,0.42438087,0.43053117,0.4399709,0.44477487,0.450574,0.45306873,0.45502096,0.46164188,0.46217766,0.4658361,0.4692687,0.47666353,0.47844338,0.47919545,0.48221135,0.48559132,0.48988858,0.494167,0.50079286,0.5001561,0.50409424,0.50659794,0.5111945,0.51446056,0.5187603,0.5224906,0.52500325,0.52896804,0.5277176,0.53348625,0.5348047,0.54231805,0.5470208,0.5504571,0.555546,0.5587791,0.5611782,0.56502116,0.57087505,0.57447535,0.5779717,0.5804468,0.57989895,0.58208144,0.5853814,0.5847287,0.5867864,0.5885829,0.5928015,0.596369,0.6001015,0.6029812,0.60488427,0.60735583
30,-0.042067938,-0.051247306,-0.059332322,-0.07060628,-0.07642442,-0.08813072,-0.09155126,-0.09755494,-0.109585345,-0.11640835,-0.12899832,-0.13723645,-0.14471932,-0.14689602,-0.16564435,-0.17265585,-0.18159631,-0.18768206,-0.19346383,-0.1985022,-0.2078602,-0.21558997,-0.22309217,-0.23097043,-0.24331908,-0.24625807,-0.2551009,-0.2601565,-0.26765487,-0.284244,-0.28715646,-0.29060975,-0.3016725,-0.30844253,-0.31723505,-0.33045694,-0.32928437,-0.34101233,-0.3497836,-0.35996586,-0.36844292,-0.36654544,-0.37037843,-0.3770309,-0.38367075,-0.39425513,-0.4019907,-0.39919817,-0.39835012,-0.40391007,-0.41110715,-0.41649532,-0.42235374,-0.43000573,-0.4353047,-0.44251576,-0.4547275,-0.46568412,-0.4731856,-0.4821269,-0.4856453,-0.4885126,-0.4940837,-0.5007554,-0.5018972,-0.5089196,-0.50383097,-0.5123892,-0.51298213,-0.5198026,-0.5266581,-0.53182334,-0.5338928,-0.5380288,-0.53911406,-0.54291004,-0.5446664,-0.54764754,-0.5508603,-0.555059,-0.55983,-0.5632333,-0.5675589,-0.56569934,-0.57141155,-0.57034904,-0.57134193,-0.575852,-0.57496095,-0.57959473,-0.5784916,-0.5779148,-0.58121693,-0.5869629,-0.58225024,-0.5835899,-0.5866841,-0.5945579,-0.5980961,-0.59531325,-0.59081805,-0.59363735,-0.5931497,-0.59795654,-0.6016153,-0.6055356,-0.6093379,-0.61085874,-0.6162169,-0.62008077,-0.6187545,-0.61806273,-0.6166185,-0.61591065,-0.61947685,-0.619996,-0.61770713,-0.60809195,-0.6114272,-0.61595386
31,-0.92980003,-0.91189194,-0.8868488,-0.8688202,-0.8612479,-0.8459393,-0.830074,-0.8157838,-0.801793,-0.7894359,-0.7872231,-0.7876681,-0.7732061,-0.76761264,-0.7605232,-0.75349295,-0.74447393,-0.74172866,-0.7315411,-0.7235522,-0.71014225,-0.7046259,-0.69839257,-0.6944023,-0.6858366,-0.6734175,-0.669539,-0.6613902,-0.6561074,-0.6509665,-0.64234984,-0.6354145,-0.6346738,-0.6263324,-0.6229997,-0.6216312,-0.614644,-0.61737907,-0.6135537,-0.60938317,-0.61049974,-0.6041183,-0.5991189,-0.60070705,-0.5947331,-0.5930437,-0.59156644,-0.5829197,-0.5713326,-0.567613,-0.57044184,-0.56776774,-0.56207156,-0.56066865,-0.55218965,-0.5526066,-0.5444171,-0.53912234,-0.53694665,-0.5374384,-0.53137887,-0.52882427,-0.524234,-0.5215118,-0.51557356,-0.5099,-0.49690628,-0.49659437,-0.4892773,-0.48293614,-0.48246914,-0.48186427,-0.47704354,-0.47380075,-0.4662295,-0.4621667,-0.45876813,-0.4505772,-0.44195876,-0.4381044,-0.4353203,-0.431527,-0.42503232,-0.42390537,-0.41908583,-0.4135006,-0.4106589,-0.40911022,-0.3995151,-0.3968619,-0.39209515,-0.38738126,-0.38658014,-0.38125023,-0.3780296,-0.3711065,-0.36323172,-0.3537467,-0.34991974,-0.34289703,-0.33286905,-0.32674438,-0.32681113,-0.32269102,-0.3206778,-0.3082103,-0.30332065,-0.29553968,-0.29084355,-0.28988266,-0.2854024,-0.2722134,-0.27165133,-0.26719275,-0.25740355,-0.25267944,-0.24246347,-0.23591928,-0.2313524,-0.23240416
32,-0.17013,-0.14561978,-0.11417548,-0.08803437,-0.059168108,-0.036729205,-0.016841624,0.007520347,0.014026401,0.02438108,0.041749585,0.063119546,0.0756212,0.09675406,0.107579686,0.12237577,0.1319539,0.1404102,0.15187368,0.16049358,0.16982043,0.18329003,0.18948957,0.2007031,0.21229179,0.21480846,0.22363195,0.22708969,0.23651755,0.24184048,0.2430282,0.24912088,0.2546342,0.2592768,0.26250678,0.26596445,0.26713824,0.27026123,0.27348262,0.2790649,0.28314292,0.2899464,0.293464,0.29795533,0.2997433,0.30221304,0.301782,0.3047616,0.30235904,0.30569723,0.30589217,0.3058889,0.3080691,0.30894104,0.31114468,0.31223923,0.31375423,0.3156777,0.32052734,0.32418483,0.32662436,0.3249818,0.32848936,0.3335355,0.33258563,0.33295876,0.3341816,0.32974797,0.3320132,0.33307308,0.33286917,0.33759362,0.33658665,0.3359275,0.33499283,0.33488363,0.33378574,0.33636343,0.3349337,0.33586994,0.33487755,0.33782473,0.33563155,0.33204988,0.3304277,0.33200887,0.33088058,0.32861954,0.32960796,0.3294916,0.32568523,0.32794395,0.32892293,0.32936922,0.3300839,0.3293925,0.3305122,0.32558665,0.32523695,0.3250675,0.3218935,0.31911832,0.32188743,0.32040814,0.32106102,0.31828496,0.31579223,0.31955737,0.31719753,0.31492546,0.31807417,0.31241146,0.3073341,0.30489057,0.3052533,0.30521095,0.29921332,0.29788598,0.29968408,0.29244226
33,1.0950927,1.0849271,1.0784856,1.076108,1.0764768,1.0684699,1.0672189,1.0678214,1.0676042,1.0545622,1.0530516,1.052531,1.0451548,1.0423768,1.0357413,1.0321345,1.0290282,1.0200847,1.0077167,0.9998547,0.99332637,0.9926858,0.98413104,0.98137796,0.9742141,0.9645096,0.9592579,0.949788,0.9442385,0.93674153,0.92677975,0.9234681,0.91660357,0.90941846,0.90664494,0.9030207,0.8973926,0.89295614,0.88929987,0.8820015,0.87880325,0.8705543,0.8641613,0.85852754,0.8537857,0.85032797,0.84385824,0.8405204,0.83453333,0.82760936,0.8220747,0.8190775,0.8090994,0.8028639,0.7969404,0.79103684,0.7849417,0.7768609,0.7721864,0.77005917,0.7656356,0.757244,0.75462055,0.7511056,0.74368155,0.7372864,0.73482215,0.72741854,0.7243778,0.7174765,0.7135987,0.7055657,0.6979044,0.6875759,0.6810512,0.67639357,0.6746276,0.6681489,0.65627295,0.65467256,0.6438103,0.6396409,0.62976855,0.6256944,0.6187007,0.6100106,0.60173047,0.59622705,0.59522945,0.58971107,0.5822808,0.5772773,0.5726986,0.56782687,0.5649103,0.56011736,0.55622613,0.54854125,0.5335551,0.52708256,0.52457464,0.52026093,0.5177585,0.51183265,0.5058486,0.49914756,0.4928731,0.48934788,0.48462862,0.47595054,0.46953622,0.4672381,0.46374664,0.45754534,0.45411363,0.4517146,0.44633356,0.43213806,0.43008822,0.4254849
34,0.4383133,0.43624893,0.43521434,0.441211,0.442372,0.44481102,0.44594455,0.45186216,0.45544714,0.4612461,0.46754536,0.4637631,0.46114594,0.461552,0.46161342,0.4622437,0.46361446,0.46620113,0.46098518,0.4583416,0.45881328,0.46329632,0.46271402,0.46133107,0.46382055,0.46058887,0.46154228,0.45699263,0.4567805,0.4578766,0.4551998,0.45246658,0.4496025,0.44705883,0.4456745,0.44504815,0.44330674,0.4410584,0.43850812,0.44082198,0.44220963,0.44517836,0.44507056,0.44254154,0.4412213,0.4369513,0.43514457,0.43252397,0.4341406,0.4288024,0.42815876,0.4269971,0.4246723,0.42564464,0.4261845,0.4266171,0.43044013,0.42802182,0.4282082,0.43196836,0.43189353,0.43131295,0.43023258,0.42748466,0.42608696,0.42810717,0.4252271,0.42214578,0.42177224,0.42242876,0.41992816,0.42502603,0.421516,0.4225418,0.4187529,0.4187664,0.41136065,0.40957648,0.40885606,0.40693322,0.4047288,0.4058259,0.40171686,0.40126127,0.40346628,0.40133896,0.400601,0.39950225,0.4024466,0.400412,0.3988977,0.39920688,0.39648837,0.39805156,0.4013672,0.3985962,0.40025097,0.39685678,0.3959883,0.39489746,0.39130884,0.39114788,0.38760364,0.38749757,0.38601512,0.3839585,0.37757367,0.37782198,0.37682906,0.3755609,0.3746412,0.3789909,0.37944397,0.3779787,0.37815058,0.37531644,0.37021837,0.36488712,0.36645854,0.3662087
35,-0.034424413,-0.031293057,-0.017367994,-0.008309498,-0.0022368804,-0.0045855585,-0.0042750994,-0.0037107624,-0.0028480217,-0.0021933378,-0.003380391,-0.003952141,-0.005039873,-0.008186492,-0.012249745,-0.014551083,-0.019235183,-0.023486258,-0.025591373,-0.031341575,-0.037031755,-0.039888766,-0.04407838,-0.04528375,-0.05201118,-0.04986354,-0.05447661,-0.063632786,-0.06555919,-0.06972648,-0.074471526,-0.08284386,-0.08923667,-0.096207626,-0.10048872,-0.11057551,-0.117211364,-0.12465892,-0.1346263,-0.13517779,-0.14131778,-0.14785533,-0.15343189,-0.15785873,-0.16581273,-0.17130761,-0.17902455,-0.18627754,-0.18814385,-0.19103603,-0.19777052,-0.20578937,-0.2121172,-0.21636507,-0.22391686,-0.22966006,-0.23866859,-0.2486637,-0.2557751,-0.262109,-0.26836288,-0.27920428,-0.2888439,-0.29746333,-0.3067872,-0.31519377,-0.32485253,-0.32951972,-0.33343977,-0.3400198,-0.34587336,-0.34856206,-0.35705924,-0.36649188,-0.37346077,-0.37876335,-0.3868875,-0.3949346,-0.4029522,-0.41045585,-0.4170856,-0.42180324,-0.42856893,-0.4320642,-0.4379837,-0.44140667,-0.4462028,-0.4541518,-0.4557116,-0.4606363,-0.4694392,-0.4745358,-0.4842828,-0.4931418,-0.49610344,-0.5004298,-0.5037545,-0.5090779,-0.51392376,-0.5192071,-0.52787966,-0.5345217,-0.5403252,-0.54791397,-0.5512339,-0.5588576,-0.56577045,-0.56940657,-0.5744575,-0.5817116,-0.59148985,-0.5928882,-0.59700924,-0.6043512,-0.61002964,-0.6156713,-0.6219424,-0.62379944,-0.6275431,-0.6341076
36,-0.37250715,-0.36274856,-0.35955447,-0.35468376,-0.34454432,-0.33249396,-0.32269406,-0.3165403,-0.31197974,-0.3073278,-0.30912322,-0.30387694,-0.3042066,-0.302564,-0.30234903,-0.29873413,-0.29562274,-0.29896697,-0.3070577,-0.3033898,-0.30512333,-0.3001104,-0.29910937,-0.30131337,-0.29813245,-0.29800662,-0.29788733,-0.29834569,-0.3014137,-0.30088112,-0.30269748,-0.3016678,-0.30477187,-0.30583024,-0.30132157,-0.3040558,-0.305878,-0.3089595,-0.3092068,-0.31518131,-0.3187688,-0.3233841,-0.3225775,-0.32406121,-0.32974827,-0.32978588,-0.33586627,-0.33591944,-0.3381012,-0.34069481,-0.3430575,-0.34645382,-0.3449213,-0.34707513,-0.35309777,-0.3560383,-0.3532923,-0.35468835,-0.35748157,-0.3590139,-0.36360618,-0.36093184,-0.36252975,-0.36329252,-0.3636606,-0.36803535,-0.3663402,-0.3686562,-0.37071672,-0.37749094,-0.37801236,-0.38367477,-0.38183892,-0.38474703,-0.38002712,-0.3811515,-0.38326004,-0.38063976,-0.38273326,-0.38490614,-0.39087334,-0.38941136,-0.3940585,-0.39461628,-0.396411,-0.3939579,-0.395369,-0.39811286,-0.3903846,-0.39160466,-0.39008325,-0.38519108,-0.38522887,-0.38627094,-0.38706878,-0.38557324,-0.384651,-0.38538423,-0.38533014,-0.3840165,-0.38808596,-0.38567477,-0.38547707,-0.38315207,-0.3837942,-0.38239008,-0.38074678,-0.3747657,-0.37297732,-0.37122235,-0.37211758,-0.37062854,-0.3713783,-0.3678652,-0.3689534,-0.36477873,-0.36391243,-0.3610315,-0.3553291,-0.35363737
37,-0.4568252,-0.4503561,-0.4415912,-0.4311796,-0.4168303,-0.41182795,-0.3921988,-0.38212126,-0.36716902,-0.3557228,-0.34393525,-0.32835177,-0.3160173,-0.31149787,-0.3041974,-0.29247227,-0.28813475,-0.27583236,-0.2666868,-0.26003608,-0.2528178,-0.23882513,-0.23341534,-0.22965987,-0.23002978,-0.22628388,-0.220481,-0.21679327,-0.21023273,-0.20287344,-0.19183652,-0.18274678,-0.1776745,-0.17245102,-0.16773947,-0.1633747,-0.1571535,-0.15029845,-0.14450881,-0.13709226,-0.12998708,-0.120364726,-0.11143738,-0.10422591,-0.09925988,-0.09200983,-0.088789836,-0.07962219,-0.07137658,-0.06659593,-0.0648663,-0.061596494,-0.05974459,-0.052822035,-0.050764352,-0.044943452,-0.039005168,-0.03763818,-0.030412953,-0.022210192,-0.018002933,-0.009823121,-0.0047417567,0.0026919253,0.0071453666,0.013536163,0.024175065,0.029955467,0.03840034,0.044381,0.050774116,0.05691905,0.05940143,0.06555183,0.07220058,0.082734376,0.08909192,0.09854517,0.10210761,0.10757558,0.10916901,0.11267193,0.115501165,0.1231086,0.12760545,0.13198552,0.1384955,0.14206481,0.14869069,0.15324426,0.15487279,0.16016099,0.16783538,0.17494234,0.18249685,0.18795815,0.19563542,0.20198539,0.20384264,0.20835075,0.21235755,0.21875076,0.22587335,0.2303752,0.23810825,0.24367125,0.24741709,0.25251615,0.25904304,0.26856637,0.27267882,0.2760298,0.28407395,0.28784406,0.29151654,0.2936017,0.29493278,0.29519472,0.30310914,0.30821273
38,-0.6902042,-0.670211,-0.65190965,-0.6297377,-0.6011337,-0.58415926,-0.56232274,-0.5445548,-0.52549684,-0.5152691,-0.5016955,-0.48726588,-0.47491503,-0.4598752,-0.44667393,-0.43599123,-0.42770356,-0.4161629,-0.40861243,-0.39580014,-0.38567057,-0.37417185,-0.36631638,-0.36324576,-0.35406804,-0.34723738,-0.34030023,-0.3332847,-0.3265775,-0.32198077,-0.3139944,-0.30706525,-0.3045775,-0.29731256,-0.291569,-0.28725687,-0.28403527,-0.27941367,-0.27269745,-0.26581755,-0.2603534,-0.25250006,-0.24432543,-0.24050863,-0.23575234,-0.23155478,-0.22707167,-0.21993311,-0.21587856,-0.21470639,-0.20893034,-0.20750217,-0.2024481,-0.19536439,-0.19268537,-0.18685241,-0.18075599,-0.18524575,-0.18221807,-0.17670114,-0.17206028,-0.16929536,-0.16026217,-0.15544789,-0.14843868,-0.14718416,-0.14422084,-0.1360635,-0.12898734,-0.12585649,-0.1239305,-0.113180004,-0.11211816,-0.10640985,-0.100989364,-0.09638791,-0.095515296,-0.08838266,-0.08797574,-0.08468891,-0.087266624,-0.08061265,-0.08044416,-0.07862603,-0.07421348,-0.07197944,-0.071524456,-0.06725706,-0.06192062,-0.05670024,-0.055282343,-0.051629387,-0.050412804,-0.045200102,-0.03924014,-0.033690084,-0.03185768,-0.031610887,-0.031958163,-0.028407717,-0.023966927,-0.022978652,-0.02038004,-0.01497941,-0.010260232,-0.008295295,-0.0071625663,-0.0011310272,-0.0010442234,-0.00016262308,0.00090325775,0.0016267344,-0.00046449824,0.0015250258,0.0026447705,0.009468282,0.0099001145,0.009256257,0.011579402,0.014896843
39,-0.43864363,-0.4310637,-0.41962117,-0.40809336,-0.39667958,-0.38379502,-0.37118435,-0.3644841,-0.35770118,-0.34987473,-0.33607975,-0.32146376,-0.3198798,-0.3146599,-0.30542833,-0.30820724,-0.31109974,-0.31143937,-0.30842906,-0.30504432,-0.29930228,-0.29198974,-0.2916847,-0.28970212,-0.2844082,-0.28045768,-0.279964,-0.27969855,-0.27645856,-0.27351296,-0.27053362,-0.27063367,-0.27111447,-0.2733714,-0.2719936,-0.2743057,-0.2757014,-0.27356237,-0.27298173,-0.27099535,-0.27302057,-0.27389437,-0.27347568,-0.27025533,-0.27321252,-0.27342162,-0.27365416,-0.27329654,-0.27071226,-0.2694564,-0.2678849,-0.2682324,-0.267955,-0.26686698,-0.26861078,-0.27098727,-0.26709676,-0.26202103,-0.26024467,-0.2597551,-0.25904888,-0.26208964,-0.2614594,-0.25971055,-0.26195088,-0.26322392,-0.2631526,-0.26434574,-0.26363012,-0.26372677,-0.26345405,-0.253257,-0.2569766,-0.2569724,-0.2573639,-0.25884455,-0.26007667,-0.2555159,-0.2576702,-0.25780255,-0.25822803,-0.25979906,-0.25936365,-0.2597849,-0.25913522,-0.2562807,-0.25446483,-0.2572298,-0.25746354,-0.25582996,-0.2562559,-0.25567344,-0.25390798,-0.25321338,-0.25132418,-0.25059065,-0.2498745,-0.24597354,-0.24675122,-0.24610743,-0.2461987,-0.24511695,-0.24179299,-0.24305563,-0.24040368,-0.23837969,-0.23673758,-0.23490402,-0.23502955,-0.23482421,-0.23484476,-0.23075962,-0.22659597,-0.22535224,-0.22567339,-0.2268126,-0.22528987,-0.23008916,-0.23016723,-0.23124468
40,0.45674056,0.45182595,0.45050907,0.44270167,0.433848,0.43028194,0.41403937,0.40157667,0.39397693,0.38173574,0.3706813,0.36988774,0.36334097,0.3494506,0.34312895,0.32635373,0.30914918,0.29483163,0.28451616,0.27056322,0.25866982,0.24063344,0.22857502,0.21314597,0.19665127,0.17931914,0.16856909,0.15035155,0.14259052,0.12632792,0.11399585,0.10035306,0.08718063,0.075419754,0.063241474,0.05065032,0.035011865,0.024461651,0.008766768,-0.0005198311,-0.013067028,-0.028258424,-0.03721946,-0.05070857,-0.062821425,-0.073588684,-0.08378532,-0.09868889,-0.109078944,-0.11929647,-0.1322947,-0.14645888,-0.15905993,-0.16758749,-0.17996927,-0.18751289,-0.1929992,-0.19980422,-0.21398365,-0.22783677,-0.24183059,-0.25182185,-0.25832567,-0.26474613,-0.27497435,-0.28493226,-0.2911811,-0.30663764,-0.31631988,-0.32710835,-0.33736604,-0.34777895,-0.36058584,-0.36768264,-0.3767216,-0.3876026,-0.39388543,-0.40121537,-0.4102804,-0.42065582,-0.43161958,-0.44683418,-0.4567058,-0.4637463,-0.47486314,-0.48472825,-0.49194163,-0.50202465,-0.5139415,-0.52506506,-0.5332093,-0.5426562,-0.55194813,-0.561395,-0.56690776,-0.5748524,-0.58077955,-0.59096116,-0.5993816,-0.6098487,-0.62252665,-0.63073915,-0.63760763,-0.6440171,-0.6570782,-0.66479886,-0.67347646,-0.67735344,-0.6916908,-0.700696,-0.7070837,-0.7127316,-0.72114605,-0.7284399,-0.73623335,-0.74650794,-0.75962174,-0.77007335,-0.7784098,-0.7857091
41,0.23125133,0.22345912,0.2112437,0.19734332,0.18856366,0.17841162,0.16253243,0.14107504,0.12537248,0.11537429,0.10296953,0.08843849,0.06986404,0.048212785,0.033152718,0.01431523,-0.008975662,-0.024706576,-0.037645943,-0.05069654,-0.06409569,-0.07900404,-0.09653926,-0.11184184,-0.12278672,-0.13716641,-0.14750476,-0.15399599,-0.17030387,-0.18322785,-0.19636682,-0.21191669,-0.22592244,-0.2392087,-0.25381118,-0.26354608,-0.27809465,-0.29014808,-0.30607817,-0.31558225,-0.32961705,-0.3381936,-0.34960094,-0.3647743,-0.3781792,-0.39159894,-0.40455404,-0.41758078,-0.4336936,-0.44526547,-0.4504516,-0.45719385,-0.46573418,-0.47224647,-0.48542553,-0.49516267,-0.5012392,-0.50488555,-0.512654,-0.515834,-0.52252066,-0.532307,-0.5438665,-0.5514407,-0.56057334,-0.5707154,-0.57847136,-0.58768404,-0.59753287,-0.608196,-0.61860263,-0.6207697,-0.6287813,-0.6330792,-0.63689554,-0.64855707,-0.6572443,-0.6592753,-0.6681611,-0.6740499,-0.6774637,-0.68083274,-0.6903741,-0.6975231,-0.70065105,-0.70323044,-0.707291,-0.7163846,-0.72598743,-0.7357863,-0.74058205,-0.75027084,-0.7579661,-0.76167583,-0.7682744,-0.7767005,-0.7820104,-0.7900859,-0.7924644,-0.797722,-0.8018621,-0.80540526,-0.8158604,-0.82107913,-0.8324496,-0.8379208,-0.8404727,-0.83963597,-0.84346676,-0.851041,-0.8532923,-0.8575284,-0.8614424,-0.86631,-0.87281305,-0.8772234,-0.8802304,-0.8841677,-0.8885897,-0.8930427
42,0.21829894,0.21455915,0.21224141,0.20863764,0.20335314,0.19906893,0.19421063,0.1873348,0.17905204,0.17039363,0.16138904,0.14937076,0.14067218,0.1358243,0.124876,0.12051389,0.110678576,0.10383512,0.091018446,0.081964746,0.07253597,0.06380632,0.05280552,0.04705542,0.03737214,0.02533425,0.015086984,0.006486411,-0.0031456347,-0.0097145885,-0.015222524,-0.023407504,-0.029680768,-0.038326778,-0.04689055,-0.05776714,-0.0697054,-0.07851915,-0.085522875,-0.08641632,-0.09573825,-0.10511152,-0.111137435,-0.11565852,-0.1233783,-0.12765878,-0.13693531,-0.14434344,-0.14869907,-0.1581232,-0.1652629,-0.17365474,-0.18076335,-0.18941878,-0.19943762,-0.20595662,-0.21082659,-0.21783967,-0.22593522,-0.23307724,-0.23954439,-0.2505879,-0.25711748,-0.26553193,-0.27523586,-0.28418314,-0.28993252,-0.2971268,-0.30186838,-0.31055444,-0.31453872,-0.31112608,-0.31967288,-0.3267702,-0.3326777,-0.33868378,-0.34542483,-0.35035607,-0.35562128,-0.3619135,-0.36490718,-0.3708109,-0.37944362,-0.3816029,-0.39039457,-0.3903674,-0.39482272,-0.40235448,-0.4071741,-0.41380334,-0.4203847,-0.42892402,-0.43461043,-0.43707055,-0.43821844,-0.44451696,-0.4487957,-0.45198593,-0.457925,-0.4674964,-0.4675981,-0.47516084,-0.47908887,-0.4826002,-0.4869017,-0.49171597,-0.49084157,-0.49323982,-0.5009362,-0.5050423,-0.50930136,-0.50969994,-0.51369935,-0.51718485,-0.52379125,-0.52685255,-0.5305518,-0.5368787,-0.5345181,-0.5349876
43,2.1582923,2.1235332,2.0857801,2.0626287,2.0351846,2.0060475,1.9722261,1.9462487,1.9179443,1.8940907,1.864027,1.8337853,1.8069961,1.7811613,1.7521656,1.7281526,1.7053467,1.6872575,1.6628971,1.6391733,1.6142619,1.5909379,1.5677359,1.5477679,1.5229359,1.502001,1.4865382,1.4637372,1.45037,1.4275484,1.4095733,1.393665,1.3746198,1.3589767,1.3421695,1.325163,1.3024603,1.2827647,1.2659096,1.2537628,1.2399496,1.2257828,1.213358,1.200741,1.1854244,1.1730402,1.1584029,1.1462367,1.130496,1.1141046,1.0991249,1.0866187,1.0767069,1.0611874,1.0459521,1.0343108,1.0195277,1.0028832,0.9899913,0.97862977,0.96490127,0.9513019,0.9382092,0.92703503,0.9174854,0.9050294,0.8977274,0.8890511,0.8833745,0.8701245,0.85735357,0.84848154,0.8361343,0.8281948,0.81897,0.80928504,0.7993471,0.7896927,0.77918375,0.76948994,0.7615486,0.7530686,0.7426051,0.7325295,0.72135293,0.708166,0.702224,0.69324046,0.6827287,0.6724393,0.66213846,0.65291846,0.6439531,0.6380493,0.62802905,0.6241745,0.61654013,0.6114149,0.60237914,0.59513676,0.58206904,0.57490164,0.56944174,0.56434095,0.5574307,0.55651605,0.5528523,0.54356205,0.5368818,0.53211135,0.527841,0.518588,0.51546973,0.5085144,0.5057691,0.5006844,0.49659196,0.48754582,0.48061433,0.4744566
44,-1.3609638,-1.3514535,-1.3385313,-1.3228767,-1.3156185,-1.3029902,-1.2887888,-1.2799156,-1.2735671,-1.2655728,-1.2592361,-1.262454,-1.253827,-1.2519009,-1.2471353,-1.2437603,-1.242906,-1.2421843,-1.2388179,-1.2363061,-1.2329229,-1.2306817,-1.2327855,-1.2308972,-1.2280883,-1.2248176,-1.2241287,-1.2242194,-1.2300563,-1.2346945,-1.2340118,-1.2346948,-1.2350438,-1.2372231,-1.2392882,-1.2419667,-1.2435629,-1.2471548,-1.248717,-1.2456796,-1.249249,-1.2486424,-1.2472036,-1.2480166,-1.2504969,-1.2530078,-1.2580731,-1.258973,-1.2516725,-1.2462275,-1.2493873,-1.2507479,-1.2538233,-1.2575325,-1.2578806,-1.2615277,-1.2622468,-1.2636418,-1.2683553,-1.269136,-1.2717673,-1.2762614,-1.2768533,-1.282393,-1.2855228,-1.287466,-1.2864214,-1.2879264,-1.2869333,-1.2940553,-1.298029,-1.2917742,-1.290537,-1.2851474,-1.2860849,-1.2851241,-1.2857467,-1.2841276,-1.2854786,-1.2912021,-1.2881821,-1.2875586,-1.292163,-1.2895508,-1.2906877,-1.2911509,-1.2920858,-1.2969841,-1.2917938,-1.2972126,-1.299432,-1.3007994,-1.3041693,-1.3060032,-1.307047,-1.3092434,-1.3076861,-1.3062948,-1.3011876,-1.3023815,-1.3018552,-1.3055127,-1.3093407,-1.31189,-1.3157332,-1.3186691,-1.3221776,-1.3214902,-1.3225081,-1.3199528,-1.3235075,-1.3134147,-1.3135524,-1.3187287,-1.3233821,-1.3243105,-1.3247815,-1.3251317,-1.3230016,-1.3252718
45,-0.6054304,-0.59348476,-0.5904555,-0.5786655,-0.5753292,-0.5700853,-0.55988765,-0.5489806,-0.54037154,-0.54325736,-0.5395331,-0.5357877,-0.53128254,-0.52296096,-0.52265954,-0.5169059,-0.5186914,-0.5097543,-0.5056434,-0.4936471,-0.48684317,-0.486827,-0.48197538,-0.47689414,-0.47301918,-0.4711557,-0.46686572,-0.46591797,-0.46170568,-0.45767966,-0.4540004,-0.4484387,-0.44208986,-0.44223738,-0.44077283,-0.44282317,-0.4370575,-0.43365034,-0.43138066,-0.42886677,-0.42769003,-0.42443842,-0.41950107,-0.41627708,-0.41406423,-0.41217536,-0.41316932,-0.4065393,-0.40574497,-0.39894396,-0.4000172,-0.39805752,-0.39653024,-0.39389443,-0.3880285,-0.38576227,-0.37914613,-0.38021824,-0.3804636,-0.37793052,-0.37319478,-0.36721197,-0.3664134,-0.36362803,-0.36314702,-0.36131126,-0.36418182,-0.3630069,-0.3568415,-0.35603663,-0.35603786,-0.3521525,-0.35400257,-0.35198,-0.35046932,-0.34591344,-0.3446093,-0.34507367,-0.34221712,-0.34236038,-0.33695585,-0.3336746,-0.33492047,-0.331732,-0.33177015,-0.33107832,-0.32888272,-0.32409766,-0.32544428,-0.32474613,-0.32648218,-0.32261088,-0.32260472,-0.3187903,-0.3159045,-0.3128761,-0.3107543,-0.3097044,-0.30453402,-0.3040846,-0.30028123,-0.30075398,-0.2964102,-0.29837042,-0.295165,-0.2923314,-0.2906245,-0.289363,-0.28831932,-0.2852672,-0.28333464,-0.2808549,-0.28303546,-0.28081664,-0.27786058,-0.2776175,-0.27118343,-0.2719814,-0.26643598,-0.2677228
46,-1.2898171,-1.28295,-1.275996,-1.2725111,-1.2647449,-1.2611316,-1.2582206,-1.2565987,-1.254213,-1.2502731,-1.245923,-1.2333641,-1.2370727,-1.2352463,-1.234185,-1.2310104,-1.2334945,-1.2332188,-1.2283298,-1.2231393,-1.2218072,-1.2155645,-1.2178508,-1.215597,-1.2147152,-1.2111073,-1.2093617,-1.2122835,-1.2136583,-1.2157815,-1.2185707,-1.2188188,-1.2234915,-1.2233385,-1.2247165,-1.2242372,-1.2258551,-1.2259544,-1.2284667,-1.2287804,-1.2310668,-1.2299066,-1.2304336,-1.2297657,-1.2317426,-1.2326888,-1.2325413,-1.2305729,-1.223974,-1.223696,-1.2217871,-1.2236596,-1.2245153,-1.2244856,-1.2236227,-1.2228656,-1.2158486,-1.2133988,-1.2147834,-1.2124965,-1.2102969,-1.2093312,-1.2119318,-1.2122649,-1.2133806,-1.2146604,-1.2090111,-1.2087065,-1.2025402,-1.2032487,-1.2024454,-1.199032,-1.1974304,-1.1944119,-1.1919491,-1.1881688,-1.1879063,-1.1852449,-1.1856703,-1.1859909,-1.1869725,-1.1848232,-1.1807903,-1.1788503,-1.1800715,-1.1775424,-1.1763155,-1.1774963,-1.1768398,-1.1799875,-1.1799829,-1.1737142,-1.1763213,-1.1743572,-1.1692535,-1.1674118,-1.1655916,-1.1640507,-1.1672612,-1.1684879,-1.1623391,-1.1605508,-1.1578581,-1.1577029,-1.155781,-1.1513786,-1.1493268,-1.1472449,-1.1507319,-1.1495882,-1.1452878,-1.1438367,-1.1433452,-1.145868,-1.1458471,-1.1443335,-1.1444441,-1.1383715,-1.1357081,-1.1316218
47,-0.7321526,-0.7135409,-0.7013949,-0.6944551,-0.686754,-0.675985,-0.65833724,-0.64861596,-0.6354203,-0.6303341,-0.62630194,-0.62325346,-0.6180438,-0.60800534,-0.5998715,-0.5936953,-0.5893439,-0.5843533,-0.57822984,-0.5693314,-0.5595029,-0.558535,-0.5501731,-0.5481622,-0.5433302,-0.53477967,-0.5306171,-0.5237969,-0.5212983,-0.5130335,-0.5084486,-0.5048673,-0.49931479,-0.49345952,-0.48722354,-0.4867788,-0.4837111,-0.4789629,-0.47536507,-0.46822995,-0.4680418,-0.46316487,-0.45740375,-0.4525613,-0.44842324,-0.44466862,-0.4409473,-0.4362297,-0.43646565,-0.4327125,-0.4315229,-0.4289922,-0.4223101,-0.4191822,-0.41632733,-0.41446424,-0.4056278,-0.40035272,-0.3982517,-0.3938346,-0.3938313,-0.39080557,-0.385357,-0.3799941,-0.3750618,-0.3731439,-0.36595178,-0.36125606,-0.35603073,-0.35761696,-0.35299155,-0.35115498,-0.35198116,-0.35113248,-0.34688425,-0.34790334,-0.34562162,-0.33882585,-0.33308375,-0.32666153,-0.32434556,-0.32134908,-0.31995797,-0.31731433,-0.3139322,-0.30762163,-0.30720448,-0.30742425,-0.30445305,-0.30377734,-0.30168855,-0.29337877,-0.29129153,-0.28857666,-0.28245035,-0.28234574,-0.27955475,-0.27773747,-0.27938542,-0.2779569,-0.27531907,-0.2737465,-0.27045766,-0.26864845,-0.26889944,-0.27142477,-0.27184457,-0.26769125,-0.26584166,-0.26469696,-0.26211405,-0.26041228,-0.26040274,-0.25998312,-0.25998968,-0.2601257,-0.25378594,-0.25768918,-0.25498968,-0.25730395
48,-1.1169766,-1.1025836,-1.0778562,-1.0589789,-1.0412472,-1.027601,-1.0092126,-0.9961298,-0.98117715,-0.9719685,-0.9593879,-0.94923574,-0.9438716,-0.9326499,-0.9217741,-0.9119148,-0.89644635,-0.88888913,-0.87996185,-0.86741817,-0.85599774,-0.84437406,-0.83278763,-0.8261714,-0.81763047,-0.80679715,-0.8024806,-0.79474235,-0.7903593,-0.78898317,-0.7823204,-0.77605087,-0.77230656,-0.76712316,-0.76244175,-0.7597001,-0.7553743,-0.7510434,-0.7454227,-0.73604506,-0.72936845,-0.7245998,-0.72161216,-0.71404684,-0.7095368,-0.70694715,-0.7019155,-0.6923083,-0.68726695,-0.6801837,-0.6729729,-0.67017996,-0.66389817,-0.6592313,-0.6540453,-0.64719766,-0.64529455,-0.64198357,-0.63797367,-0.6311163,-0.6252032,-0.61779845,-0.61361414,-0.6080222,-0.6037095,-0.6002757,-0.5941351,-0.5873116,-0.5798689,-0.5764971,-0.573784,-0.5641922,-0.5607638,-0.55762094,-0.55354947,-0.5500649,-0.5487586,-0.53965604,-0.5335896,-0.5303939,-0.5288413,-0.5280169,-0.5234823,-0.52391464,-0.518451,-0.5125605,-0.5059649,-0.5055456,-0.50367224,-0.4992538,-0.49670595,-0.4893437,-0.4863053,-0.48241457,-0.4746039,-0.47177738,-0.47006053,-0.46662307,-0.45904273,-0.45418286,-0.45328745,-0.44872513,-0.44273645,-0.43615627,-0.43533212,-0.43371505,-0.42941636,-0.42987832,-0.42437273,-0.41802573,-0.41508102,-0.4139772,-0.4138463,-0.4101913,-0.40346718,-0.39470965,-0.3894638,-0.38715827,-0.38450852,-0.37837273
49,0.43383938,0.43631616,0.44234657,0.4443093,0.44397473,0.45090657,0.4526836,0.45316228,0.45586,0.4564673,0.45639467,0.45254964,0.44836488,0.44755006,0.4495697,0.45049435,0.44844517,0.4467349,0.44584903,0.44247627,0.4414348,0.43967757,0.43796945,0.43339095,0.43273515,0.43112,0.4313612,0.43153706,0.4334104,0.43035617,0.42557994,0.4249189,0.41801572,0.41926163,0.423747,0.41667747,0.4188056,0.4170812,0.41607895,0.4160222,0.41637683,0.4133164,0.4145876,0.41337356,0.4113125,0.41010818,0.41203243,0.40868545,0.40582752,0.40716845,0.40741172,0.4089973,0.40919143,0.40894493,0.40992537,0.41186458,0.41079712,0.41103005,0.4107992,0.41185832,0.41163945,0.41059455,0.41041484,0.41316223,0.413076,0.4129599,0.4150867,0.41298717,0.41513976,0.41410965,0.41712824,0.4165872,0.41569048,0.40954584,0.40972137,0.40472794,0.40249652,0.40338817,0.40427852,0.40458688,0.40208736,0.39974225,0.40011257,0.40194112,0.39972886,0.39478368,0.3943913,0.3928532,0.3973667,0.3936755,0.39442343,0.39008558,0.38924056,0.3863956,0.39054543,0.39485887,0.39308518,0.39254698,0.39363867,0.39664406,0.3905686,0.38653165,0.38381547,0.38253945,0.38339606,0.38494354,0.3825054,0.38328153,0.37949312,0.3774387,0.3801064,0.3769959,0.37488234,0.37255865,0.37422013,0.37227398,0.3674383,0.35983467,0.35907507,0.35392457
50,-0.066687934,-0.08596562,-0.09378905,-0.10490954,-0.114225425,-0.12642178,-0.14619012,-0.16100767,-0.1744994,-0.18874207,-0.20112503,-0.21984068,-0.23327112,-0.24709637,-0.25717863,-0.2689677,-0.28426126,-0.2931099,-0.30823952,-0.31908908,-0.3306505,-0.34495845,-0.35316214,-0.364037,-0.38079065,-0.3902784,-0.3989995,-0.4085613,-0.418549,-0.43242997,-0.44292098,-0.45540676,-0.463416,-0.47679192,-0.48601037,-0.49857083,-0.50919855,-0.51761687,-0.52966946,-0.5386361,-0.54798365,-0.5570112,-0.56466347,-0.57474846,-0.579711,-0.5872286,-0.594043,-0.5990702,-0.6091596,-0.61406624,-0.6168458,-0.6251365,-0.6312638,-0.6406238,-0.64517206,-0.6531664,-0.66167265,-0.66268885,-0.6733035,-0.6788181,-0.6855598,-0.6947557,-0.7032686,-0.70986485,-0.71840656,-0.7283204,-0.73133373,-0.7401188,-0.74504775,-0.7544215,-0.7631675,-0.76910484,-0.7743721,-0.77823853,-0.78212106,-0.78968585,-0.7935475,-0.79486936,-0.800141,-0.80400133,-0.8111696,-0.81903297,-0.8279146,-0.8320521,-0.8347782,-0.8358184,-0.83782023,-0.8448946,-0.84666187,-0.8522417,-0.8572842,-0.8583933,-0.86429405,-0.8688201,-0.8722619,-0.8798191,-0.88747466,-0.89146423,-0.89175904,-0.89500153,-0.8994049,-0.9038061,-0.9038928,-0.9100631,-0.9178057,-0.9215738,-0.92451537,-0.9309133,-0.93329227,-0.9392902,-0.9431184,-0.94429666,-0.94237393,-0.948534,-0.9526931,-0.9575038,-0.95890915,-0.9607164,-0.9599844,-0.9651276
51,-1.6278849,-1.5875463,-1.5410197,-1.5134943,-1.4846295,-1.4540651,-1.4208843,-1.396321,-1.3638074,-1.3329973,-1.3055676,-1.2847042,-1.2641071,-1.2432749,-1.215934,-1.1929365,-1.170098,-1.1488148,-1.1276634,-1.1000521,-1.0742438,-1.0548218,-1.0373613,-1.0176995,-0.99539435,-0.9749101,-0.95557153,-0.9368947,-0.92008305,-0.8986069,-0.8808492,-0.86346275,-0.84806633,-0.8301541,-0.8143366,-0.80204743,-0.78609085,-0.7718355,-0.75693023,-0.7394577,-0.7282163,-0.7051712,-0.6875363,-0.6719333,-0.6581752,-0.6448411,-0.6308522,-0.61533123,-0.59532773,-0.57683146,-0.56274813,-0.5499186,-0.53582513,-0.5214814,-0.50450265,-0.49199215,-0.4723788,-0.46026358,-0.4477722,-0.4300982,-0.41430163,-0.40466103,-0.38939887,-0.3740362,-0.3611627,-0.3484145,-0.33700198,-0.32660082,-0.31478736,-0.30376562,-0.29258665,-0.27755898,-0.2654621,-0.25065345,-0.2345866,-0.22107068,-0.20664914,-0.19386685,-0.18259391,-0.17019512,-0.16317764,-0.15190049,-0.13921112,-0.13218114,-0.123834774,-0.10943071,-0.10038985,-0.09462269,-0.080029465,-0.07048627,-0.058759768,-0.04501755,-0.035794068,-0.02474746,-0.016786555,-0.0029993088,0.011187787,0.019045874,0.029917944,0.041282434,0.049272873,0.06034853,0.069129474,0.077404045,0.0883302,0.09685303,0.105436526,0.115384564,0.12564544,0.13686895,0.14684696,0.15418683,0.1624771,0.17027886,0.17736717,0.18990916,0.19828704,0.20066905,0.21268463,0.21934101
52,-0.50676817,-0.50205725,-0.4933837,-0.4897089,-0.47895575,-0.46815428,-0.4633738,-0.4591797,-0.46073237,-0.45761046,-0.4564219,-0.44765693,-0.44610375,-0.43870687,-0.42548728,-0.4233292,-0.42247304,-0.4216927,-0.41317385,-0.40230995,-0.39700666,-0.39012006,-0.38534263,-0.38381037,-0.37512013,-0.3642729,-0.35809535,-0.35536677,-0.34962183,-0.34357062,-0.34038007,-0.33416882,-0.32711247,-0.32427114,-0.31689668,-0.31266555,-0.3072875,-0.30180937,-0.2946933,-0.2880421,-0.2858723,-0.27881745,-0.27014866,-0.26637617,-0.26194617,-0.25250918,-0.24611023,-0.24166396,-0.2326997,-0.22770949,-0.22037943,-0.21780153,-0.21371463,-0.20860521,-0.20334098,-0.19788525,-0.19179803,-0.18884434,-0.1834628,-0.17547496,-0.16925603,-0.16455749,-0.15847905,-0.15395471,-0.14867955,-0.14626248,-0.13871892,-0.13439485,-0.12709692,-0.123486266,-0.116452955,-0.11244873,-0.11239425,-0.10422023,-0.09718836,-0.09171406,-0.08692305,-0.07993391,-0.07541273,-0.070915036,-0.0652583,-0.059418507,-0.056065492,-0.052650772,-0.051668517,-0.040867478,-0.034334183,-0.031376105,-0.023813494,-0.018883163,-0.01216572,-0.011124653,-0.00523676,-0.0009456232,0.0030243783,0.011370941,0.017065117,0.021608856,0.02706402,0.032300215,0.043372113,0.04753109,0.05267631,0.056801297,0.060578644,0.06289407,0.06602065,0.07304146,0.07703664,0.08408712,0.08774307,0.09451149,0.09561975,0.09991805,0.10525997,0.109072804,0.11267307,0.114154056,0.1235402,0.12793282
53,0.09380252,0.10531579,0.1061046,0.10256451,0.10670525,0.10005814,0.10364105,0.10069742,0.10260148,0.11091097,0.10348431,0.10339389,0.10530339,0.1016018,0.09558003,0.09006211,0.083354115,0.081039324,0.0790811,0.07666377,0.07442093,0.07307937,0.06710701,0.06329405,0.066584766,0.06421267,0.062224668,0.061797034,0.061167717,0.058825117,0.060271602,0.05436782,0.053232897,0.053308494,0.052612603,0.052107137,0.048089832,0.04697491,0.04675305,0.04713097,0.046197224,0.044761486,0.043440904,0.045963503,0.043508925,0.044696726,0.047124594,0.049623407,0.05217384,0.055197734,0.055841643,0.05438459,0.05666951,0.055909265,0.057685144,0.054791532,0.060523074,0.05708455,0.05564954,0.060113616,0.062614925,0.059483986,0.059029937,0.060139645,0.059758503,0.058220584,0.057578076,0.060428392,0.058667134,0.060909837,0.06086225,0.065079406,0.065285064,0.06382271,0.06527521,0.0651584,0.06730336,0.07479641,0.075851716,0.07518209,0.07735871,0.08101449,0.082476795,0.08213367,0.08002088,0.08565845,0.089363635,0.0899825,0.09372155,0.09627416,0.09653523,0.09484339,0.10143769,0.10307467,0.1019762,0.10243945,0.10739199,0.10698905,0.10957173,0.11149426,0.11023736,0.11030193,0.11297872,0.11186428,0.1112744,0.11193924,0.11551075,0.120411076,0.12434663,0.12759693,0.13212173,0.13310511,0.1367293,0.13862267,0.143153,0.14439544,0.14831983,0.15024985,0.15592575,0.15961386
54,0.8566116,0.8395995,0.8203986,0.8096037,0.7969874,0.78542405,0.7674165,0.757677,0.747706,0.74215424,0.7313997,0.7204492,0.70939195,0.70286715,0.695776,0.68587255,0.681952,0.6746977,0.6677215,0.6589892,0.64628685,0.6378477,0.6312505,0.62536895,0.61241007,0.6018096,0.5949043,0.5834314,0.57909787,0.57176626,0.56551754,0.56032646,0.55462986,0.5440286,0.5376481,0.5305211,0.52408516,0.516242,0.51557857,0.51011175,0.5066111,0.50256467,0.49730873,0.49441585,0.49032092,0.4836162,0.4779729,0.47615576,0.47077474,0.46788087,0.4646689,0.46168667,0.45976353,0.4595639,0.4580903,0.4558258,0.44435373,0.4440071,0.4406704,0.441127,0.4333214,0.43268913,0.4280417,0.4232169,0.42277116,0.41804034,0.41397542,0.41043693,0.40814757,0.40495983,0.40065536,0.3929525,0.39101723,0.38934627,0.38617304,0.3855795,0.38541013,0.37902325,0.3727432,0.37073272,0.3664382,0.35994962,0.35426736,0.3577847,0.35384744,0.34557638,0.3413291,0.33786103,0.33415726,0.33036608,0.3289486,0.32958806,0.32676658,0.32323295,0.32153004,0.3179297,0.31315613,0.31153116,0.30597728,0.30379075,0.2957719,0.29332218,0.28860274,0.28269294,0.28190193,0.27651802,0.27104393,0.26420647,0.2617421,0.2608021,0.26267162,0.25162184,0.24937968,0.24665408,0.25082585,0.24931452,0.2499794,0.24694307,0.24215765,0.23447633
55,1.2254689,1.1991752,1.1774881,1.1516333,1.1236557,1.0983837,1.0753874,1.049376,1.0303421,1.0031104,0.9868902,0.9669856,0.9456221,0.92507756,0.90268344,0.88197106,0.86293715,0.8428219,0.82893294,0.8109807,0.7925959,0.77424276,0.75379,0.7347765,0.7151939,0.69769126,0.6832952,0.6635582,0.6475863,0.6342331,0.61757356,0.59723675,0.5799545,0.5615675,0.5455539,0.53023905,0.51299417,0.50012827,0.48475718,0.47249764,0.46043253,0.4493888,0.4344934,0.42100883,0.41237575,0.39841008,0.38853654,0.37633085,0.36815384,0.35478765,0.344498,0.3346904,0.3194968,0.30592144,0.29662162,0.28407446,0.27672058,0.26541987,0.25477773,0.24196604,0.232627,0.22206144,0.21130398,0.19794771,0.18624036,0.17449419,0.16832875,0.15494491,0.14512426,0.1362448,0.12618601,0.12229438,0.11112444,0.10210623,0.086331174,0.07766266,0.06616169,0.059774756,0.054138344,0.04626127,0.038603835,0.027852107,0.017219242,0.0072565167,0.00077026227,-0.011231674,-0.015250126,-0.027280968,-0.03884469,-0.050135933,-0.059530504,-0.07152749,-0.08231916,-0.092847034,-0.10640305,-0.115862235,-0.12615445,-0.13386282,-0.14600691,-0.15512015,-0.16673476,-0.17715468,-0.18581313,-0.1915081,-0.20418496,-0.21361804,-0.2219032,-0.23000535,-0.23829797,-0.24587779,-0.255793,-0.26091778,-0.26665637,-0.27789438,-0.28650418,-0.2938021,-0.30362397,-0.31023964,-0.31513014,-0.32473046
56,-0.73837465,-0.7255357,-0.72525805,-0.7266306,-0.7250125,-0.72551644,-0.7280491,-0.7314051,-0.7218766,-0.7156711,-0.7153757,-0.71894825,-0.72685635,-0.7321191,-0.7339597,-0.73873353,-0.74512327,-0.7519754,-0.7543955,-0.75163746,-0.7517063,-0.74918467,-0.7531818,-0.7553827,-0.75907207,-0.75473493,-0.76103795,-0.76713896,-0.77051884,-0.7762372,-0.7753788,-0.7818404,-0.783159,-0.78815836,-0.7910406,-0.79455477,-0.7925564,-0.8003832,-0.8036292,-0.8074212,-0.8149061,-0.8152901,-0.81472015,-0.8168165,-0.82458085,-0.826846,-0.8324167,-0.83311284,-0.830108,-0.8319502,-0.8346904,-0.8360133,-0.839503,-0.84315366,-0.8469552,-0.8538189,-0.85737723,-0.8512839,-0.85853577,-0.8648186,-0.8696148,-0.8725198,-0.87460214,-0.88100785,-0.8851363,-0.89097375,-0.8862897,-0.88731194,-0.8881634,-0.8897165,-0.89426076,-0.894372,-0.8950511,-0.8959339,-0.8967625,-0.8971578,-0.8984372,-0.897339,-0.9059249,-0.91252404,-0.9159492,-0.9172875,-0.92321646,-0.91897374,-0.9182479,-0.92041147,-0.9207128,-0.92565095,-0.92500365,-0.92967117,-0.93147314,-0.9362443,-0.94005394,-0.9456557,-0.9477841,-0.94979316,-0.9520923,-0.95857066,-0.9545437,-0.9517889,-0.95652217,-0.9587865,-0.96043956,-0.96049577,-0.9657235,-0.96859276,-0.9687114,-0.9658346,-0.96862984,-0.9677944,-0.96830595,-0.96346676,-0.95598173,-0.95610553,-0.9582882,-0.9594366,-0.9540113,-0.94679624,-0.94824934,-0.95273936
57,-1.8451765,-1.8306949,-1.8153818,-1.8072994,-1.7974508,-1.7921069,-1.7868898,-1.7864444,-1.7843239,-1.7823784,-1.7818295,-1.7809006,-1.7852154,-1.7819262,-1.7829332,-1.7819185,-1.779872,-1.7843273,-1.7829015,-1.7742773,-1.7766606,-1.7779127,-1.7828357,-1.7784395,-1.7738397,-1.7682202,-1.7696269,-1.7675374,-1.7723067,-1.7761004,-1.7775402,-1.7812109,-1.7827526,-1.7852757,-1.7856941,-1.7903544,-1.7931153,-1.7978404,-1.7993501,-1.7994894,-1.8048767,-1.8047583,-1.8056549,-1.8062471,-1.8111646,-1.8151344,-1.8200678,-1.82335,-1.8223221,-1.8237278,-1.8241043,-1.8264481,-1.8266573,-1.8294853,-1.8324999,-1.8387043,-1.8379481,-1.8347261,-1.841387,-1.8432118,-1.841354,-1.8422632,-1.842376,-1.8454113,-1.8446491,-1.8495232,-1.8377829,-1.8395029,-1.8376154,-1.8419905,-1.84485,-1.8388045,-1.8377775,-1.8340048,-1.8296177,-1.8314383,-1.8321613,-1.8230842,-1.8264163,-1.829126,-1.8321667,-1.8315995,-1.831823,-1.8300946,-1.8299974,-1.8253067,-1.8224506,-1.8283498,-1.8191007,-1.8210354,-1.8220867,-1.8198051,-1.8230509,-1.8243582,-1.8251145,-1.826807,-1.8258655,-1.8203812,-1.8072163,-1.8057728,-1.8075927,-1.8094857,-1.8078085,-1.8065115,-1.8059313,-1.8069443,-1.8004963,-1.7966974,-1.7923555,-1.7920077,-1.7912573,-1.7839453,-1.7848936,-1.7816874,-1.7794435,-1.7770418,-1.7710769,-1.7638601,-1.7585495,-1.7584938
58,-0.7834942,-0.77586544,-0.7730077,-0.77811426,-0.78770566,-0.7832371,-0.7900817,-0.7926048,-0.7918266,-0.799219,-0.7994724,-0.7968191,-0.8013409,-0.8059273,-0.8156433,-0.8212597,-0.8250581,-0.8322652,-0.8331157,-0.8277677,-0.8382452,-0.8407444,-0.84459,-0.85172164,-0.8502768,-0.8538334,-0.8597372,-0.8682726,-0.876235,-0.88334274,-0.8849084,-0.8889332,-0.89711094,-0.9020945,-0.90501297,-0.90901357,-0.9131935,-0.9234015,-0.93186045,-0.93632144,-0.94854385,-0.9530307,-0.9562144,-0.9609071,-0.9693302,-0.9736818,-0.97967404,-0.9837972,-0.9797095,-0.9824852,-0.9868622,-0.99051917,-0.99469745,-1.0018729,-1.0044353,-1.0136913,-1.0139683,-1.0123094,-1.0191799,-1.0247433,-1.0217583,-1.0260642,-1.0308843,-1.038037,-1.0443137,-1.0528535,-1.0499904,-1.0523555,-1.0554329,-1.0610569,-1.0662366,-1.0663517,-1.070595,-1.0673233,-1.0709614,-1.0711265,-1.0745993,-1.0787907,-1.0821676,-1.0881069,-1.0896318,-1.0943737,-1.1016781,-1.1011378,-1.1026326,-1.1065996,-1.1114733,-1.1190145,-1.119658,-1.1211228,-1.1295577,-1.1294346,-1.1349688,-1.1386166,-1.1380186,-1.1419958,-1.1423508,-1.1423581,-1.1409297,-1.1462005,-1.148547,-1.1531651,-1.1583217,-1.1606687,-1.1635228,-1.1683397,-1.1707672,-1.1694359,-1.1748916,-1.1790345,-1.1790452,-1.1817214,-1.1850764,-1.1899674,-1.1877484,-1.1907371,-1.1914254,-1.1917932,-1.1909304,-1.1986644
59,0.9245478,0.921775,0.9159005,0.9088065,0.90594137,0.8963603,0.8866736,0.88577616,0.8814124,0.86985016,0.86749333,0.86320925,0.86034584,0.85274523,0.8483691,0.8428839,0.8314555,0.8269822,0.82667226,0.8212811,0.8205744,0.8164074,0.816168,0.81273067,0.8118741,0.8098383,0.8084669,0.80728817,0.805308,0.7998676,0.7977508,0.7939689,0.7925487,0.79032195,0.7901012,0.7908801,0.7914573,0.7901972,0.78918105,0.79150236,0.79259694,0.79520327,0.7989704,0.8009473,0.80640715,0.80745393,0.80775434,0.80994624,0.80899984,0.8112068,0.8113965,0.8166312,0.81910133,0.8256935,0.8271023,0.8308212,0.8372566,0.83709395,0.84166354,0.8495105,0.84714365,0.84231484,0.84289205,0.8472416,0.85032976,0.8563657,0.8619238,0.8679447,0.87459505,0.87632227,0.8794386,0.8800112,0.8779665,0.87657547,0.8801958,0.8843195,0.884961,0.8891781,0.89046603,0.8950515,0.8934105,0.89919376,0.9030652,0.90439147,0.9101003,0.90950584,0.91533583,0.91875875,0.92543185,0.92832965,0.9309454,0.93532383,0.9358223,0.94253016,0.9402362,0.9420167,0.9470827,0.94749373,0.9456526,0.9493864,0.9473731,0.9510665,0.9542139,0.9634428,0.9633994,0.9706944,0.97212446,0.9757112,0.98243177,0.9894968,0.99215305,0.9932787,0.9975702,1.0001196,1.0039079,1.0093224,1.0144494,1.01677,1.0237573,1.031531
60,0.4447369,0.43636608,0.43052593,0.4180409,0.4032147,0.3995383,0.3874387,0.38157934,0.37297955,0.37050882,0.36289743,0.35483918,0.3448872,0.3356347,0.33339643,0.32939664,0.3187845,0.30707258,0.29852828,0.29841843,0.29036817,0.2840529,0.28081363,0.2704814,0.26612157,0.26027644,0.2509256,0.24208573,0.23531337,0.22608379,0.21741433,0.20769548,0.19975063,0.19096977,0.17879158,0.17377761,0.16860586,0.15971321,0.1507416,0.1396657,0.13146597,0.12722978,0.11910726,0.11371267,0.106352106,0.10032032,0.09690709,0.094936416,0.08991657,0.08693816,0.078723304,0.07065199,0.062709495,0.05654033,0.047430813,0.04110953,0.038456507,0.036558047,0.030031282,0.024325196,0.014215122,0.009293497,0.004564283,-0.002903002,-0.011491206,-0.015648175,-0.021768538,-0.02511685,-0.029545998,-0.037378155,-0.044363163,-0.048217714,-0.055333294,-0.059989013,-0.06504127,-0.06829691,-0.0752707,-0.079436824,-0.083214544,-0.087776214,-0.09532117,-0.09940411,-0.10778017,-0.113233805,-0.11548866,-0.11935437,-0.123840846,-0.13040186,-0.13186178,-0.13856158,-0.14377235,-0.14934956,-0.15575318,-0.1642801,-0.16620669,-0.17362007,-0.17867407,-0.18445519,-0.1899385,-0.19433877,-0.19729996,-0.20545058,-0.20937543,-0.2107007,-0.21417844,-0.2174966,-0.2231468,-0.22367486,-0.23049545,-0.2384392,-0.24317758,-0.25368243,-0.26364952,-0.2684348,-0.27599782,-0.2808861,-0.2860969,-0.287019,-0.2837984,-0.2867691
61,0.49216884,0.4766496,0.48159084,0.46787232,0.45519018,0.4488086,0.43767747,0.42877752,0.41865277,0.41626555,0.40680093,0.39656952,0.3934587,0.39230683,0.3793166,0.37545246,0.36518037,0.35687122,0.35327667,0.34326738,0.3372832,0.33447734,0.32901108,0.3216055,0.31043595,0.30231398,0.29693398,0.28822812,0.2847213,0.27397308,0.26763207,0.26513153,0.2604429,0.2581604,0.25157157,0.24609582,0.2416393,0.23705539,0.23667815,0.2354439,0.23221135,0.22892287,0.2249181,0.21916357,0.21427564,0.2102736,0.20431653,0.20117405,0.19551179,0.19707428,0.19535694,0.18822801,0.17999122,0.1764113,0.17326102,0.16760191,0.1554375,0.14725678,0.14446905,0.14241451,0.13775682,0.13577946,0.13132244,0.12829228,0.124140896,0.11889223,0.115665354,0.11520872,0.114796475,0.108505055,0.104840875,0.0988667,0.090541705,0.087007225,0.08578672,0.08166564,0.07932488,0.07485761,0.067944065,0.064967744,0.06463752,0.058223546,0.052577227,0.04840655,0.041319452,0.04235906,0.038337685,0.031371206,0.025482222,0.020914437,0.015934242,0.012010502,0.008764071,0.0067032753,0.0024992842,-0.0036053814,-0.0052811382,-0.011343156,-0.014377129,-0.020997476,-0.02083976,-0.02588974,-0.029417824,-0.03200405,-0.03222257,-0.039226033,-0.037953533,-0.040651597,-0.043614827,-0.0502959,-0.05322694,-0.057780165,-0.064917356,-0.06688197,-0.069660865,-0.07351418,-0.075561866,-0.07281167,-0.075013354,-0.075918466
62,0.55949587,0.5624765,0.56680083,0.57706046,0.58327425,0.5839258,0.59270537,0.60016525,0.60262096,0.60209453,0.6115726,0.61576664,0.6158667,0.62021315,0.6316455,0.6355473,0.6377167,0.64676106,0.6519692,0.6578445,0.6655193,0.66921747,0.67771965,0.67822033,0.6746039,0.6786283,0.6871157,0.69218725,0.7000125,0.706576,0.7102846,0.7125687,0.71680224,0.72664857,0.7367474,0.74411494,0.74871147,0.7551989,0.76037014,0.7664208,0.7757372,0.77979916,0.78755105,0.78915125,0.79357696,0.79917556,0.80669373,0.8134697,0.820181,0.8211662,0.825421,0.82951343,0.8378623,0.8414272,0.8488256,0.8544235,0.8598231,0.85952365,0.866169,0.87695026,0.88378716,0.8843006,0.8889452,0.8952502,0.8995844,0.90570116,0.9031846,0.90501213,0.90918195,0.91350365,0.91873676,0.92025864,0.9222847,0.9284218,0.9336397,0.9397141,0.94288206,0.94908535,0.95267504,0.9597616,0.9577891,0.959445,0.96111214,0.9641342,0.9660969,0.96738183,0.9743738,0.97804755,0.97511244,0.9794053,0.98039377,0.9830489,0.9863032,0.9905318,0.99271774,0.9957469,0.99749786,0.99421215,0.99274313,0.99563086,1.0014125,1.0056244,1.0088154,1.012006,1.012634,1.0149792,1.0138304,1.0137901,1.0174477,1.0195382,1.021025,1.024617,1.0258334,1.0282204,1.0322611,1.035658,1.0394653,1.0387967,1.0426874,1.047778
63,0.37040368,0.36896735,0.37494448,0.37120953,0.3720644,0.3667785,0.3660975,0.36808357,0.36768135,0.3653223,0.36185572,0.36320877,0.35473803,0.3534086,0.3511252,0.35240585,0.3518837,0.34962735,0.3460066,0.34582448,0.34301847,0.33973086,0.34018043,0.33799893,0.33502296,0.33380568,0.33648303,0.33487415,0.33579046,0.33635062,0.3364228,0.3372073,0.33479303,0.33339584,0.33350775,0.33152932,0.33003262,0.33234334,0.33116072,0.33204392,0.33377442,0.33665037,0.3372138,0.33978134,0.34137547,0.3415932,0.34322038,0.34257525,0.34948176,0.35373658,0.35249403,0.35313737,0.3531398,0.3532926,0.35391322,0.35773462,0.35524532,0.35569543,0.3564106,0.36007372,0.35935867,0.35719165,0.3585803,0.3618841,0.36083603,0.36366075,0.36651698,0.36382553,0.371535,0.37564898,0.37625998,0.3842407,0.385382,0.38565296,0.39009947,0.391414,0.39539766,0.39430743,0.3934242,0.39449492,0.3964066,0.3946793,0.39407998,0.3987877,0.39879248,0.40041566,0.40153012,0.40455812,0.40459457,0.40352178,0.40586424,0.40610743,0.40723,0.40807027,0.41100025,0.4097607,0.40955552,0.40947777,0.41216287,0.4125678,0.4114674,0.4106729,0.40938765,0.40862912,0.40843016,0.40890965,0.40753913,0.40491214,0.40458947,0.40115756,0.40328574,0.39628285,0.39968777,0.40019044,0.40239564,0.40127206,0.40188345,0.40062886,0.4051558,0.40410876
64,0.5406496,0.51926255,0.49784088,0.46964067,0.45225257,0.4296167,0.41529283,0.400916,0.38394848,0.37176138,0.35337177,0.33861983,0.3220825,0.30520055,0.29213765,0.28297514,0.2683219,0.25476903,0.24018812,0.228169,0.2139918,0.2010613,0.19205011,0.17574677,0.16426995,0.14861794,0.13799582,0.13070492,0.12498431,0.11510459,0.09957814,0.092426516,0.084197834,0.079558246,0.0738557,0.066941395,0.056806672,0.050724156,0.038998224,0.032541934,0.026413953,0.019958347,0.013359532,0.008495761,-0.00032394976,-0.002317384,-0.005991567,-0.01032615,-0.010765746,-0.018950844,-0.026212037,-0.028437238,-0.03252951,-0.035924047,-0.04020696,-0.04163701,-0.042873245,-0.048160527,-0.05290548,-0.05619929,-0.062475074,-0.06800379,-0.07390944,-0.07937004,-0.08447756,-0.08975403,-0.089655496,-0.094152085,-0.09590841,-0.09853226,-0.10059601,-0.108692005,-0.11532223,-0.1173059,-0.12152821,-0.12681869,-0.13128775,-0.13207993,-0.136632,-0.13759772,-0.14219084,-0.14385575,-0.1511754,-0.1512148,-0.1533263,-0.15530713,-0.15908998,-0.16170585,-0.1645583,-0.1699978,-0.17247704,-0.17535946,-0.17540829,-0.17481638,-0.17361698,-0.17479329,-0.17915837,-0.1814905,-0.18105045,-0.18130092,-0.183817,-0.1868821,-0.18533376,-0.18796714,-0.18976922,-0.19067681,-0.19453555,-0.19322407,-0.19683346,-0.19848214,-0.1965599,-0.19938119,-0.19813529,-0.19845065,-0.200998,-0.20098516,-0.19841205,-0.20006743,-0.1985912,-0.2031487
65,-0.56210667,-0.5629672,-0.5587695,-0.56055844,-0.5597913,-0.5638236,-0.5718845,-0.576892,-0.5850712,-0.58602655,-0.5873926,-0.59408635,-0.5952972,-0.6047939,-0.603702,-0.6084515,-0.609482,-0.6149112,-0.6203557,-0.6202234,-0.62068045,-0.6236936,-0.6224047,-0.6260741,-0.62734115,-0.6260241,-0.6307003,-0.6292299,-0.6311016,-0.6350545,-0.6316493,-0.63253915,-0.6359251,-0.6359691,-0.63776475,-0.6370553,-0.6417945,-0.63795674,-0.63733196,-0.6393503,-0.6428021,-0.6420702,-0.638749,-0.6419815,-0.64229286,-0.6390334,-0.6439482,-0.6419395,-0.6464523,-0.643611,-0.6441147,-0.6445116,-0.64370376,-0.6433022,-0.64129615,-0.6400485,-0.6368755,-0.64346415,-0.6445564,-0.6425794,-0.64791286,-0.6515709,-0.6449287,-0.6451908,-0.64288986,-0.6445691,-0.640638,-0.63975066,-0.6438135,-0.64574635,-0.64464116,-0.64608395,-0.6425441,-0.64527035,-0.6451323,-0.64716923,-0.6429839,-0.6385622,-0.63437116,-0.6342944,-0.63821447,-0.6386161,-0.6382493,-0.6371859,-0.6415536,-0.64154637,-0.63583714,-0.63778204,-0.6351861,-0.63969016,-0.6414137,-0.6462085,-0.6453965,-0.64452016,-0.64221996,-0.6416958,-0.64098066,-0.6395348,-0.63862854,-0.6377089,-0.6400975,-0.641245,-0.64233655,-0.6442481,-0.6462176,-0.64096916,-0.6388203,-0.63821447,-0.6434631,-0.64205927,-0.64729756,-0.6486808,-0.65328443,-0.6519109,-0.6497499,-0.6424702,-0.64166856,-0.6433014,-0.63471615,-0.6393703
66,-0.30731797,-0.3227021,-0.33010656,-0.3390562,-0.3486879,-0.3498743,-0.3510552,-0.3614561,-0.3741466,-0.3761767,-0.38769156,-0.39257488,-0.40072674,-0.40957674,-0.41597134,-0.4230072,-0.42630857,-0.42876744,-0.43141428,-0.43302155,-0.4413833,-0.44192988,-0.44739896,-0.4515125,-0.454919,-0.45739204,-0.45930618,-0.46084276,-0.46357188,-0.47020283,-0.4754735,-0.47951525,-0.48463196,-0.48660874,-0.48890606,-0.4920444,-0.49610716,-0.49729943,-0.4979694,-0.5008036,-0.5059177,-0.50520915,-0.5054147,-0.5085404,-0.50800955,-0.5063674,-0.5058285,-0.501662,-0.49781018,-0.49912247,-0.49606127,-0.49656302,-0.49469838,-0.49753943,-0.49338454,-0.49375525,-0.4865907,-0.47939745,-0.477271,-0.47431493,-0.47304994,-0.47467512,-0.47210592,-0.47096244,-0.46711278,-0.46427354,-0.46003357,-0.45603245,-0.4490789,-0.4480134,-0.44748408,-0.44437927,-0.43980294,-0.43311438,-0.42638963,-0.4231852,-0.41868415,-0.4165195,-0.41030106,-0.40548173,-0.40309972,-0.3986755,-0.3929451,-0.38684064,-0.38243097,-0.3783701,-0.37058437,-0.36877185,-0.36198434,-0.36040792,-0.35294074,-0.34635407,-0.34347397,-0.33697516,-0.3277191,-0.32381094,-0.32172698,-0.3197396,-0.3103941,-0.30176452,-0.29970017,-0.2949076,-0.2885496,-0.27772498,-0.2748078,-0.27003965,-0.26187962,-0.25565282,-0.25285858,-0.24753532,-0.24185157,-0.2330449,-0.22929971,-0.22652268,-0.21686018,-0.21064273,-0.2012331,-0.1907281,-0.18456309,-0.17642124
67,-0.39286235,-0.3894532,-0.38960487,-0.39160994,-0.38672924,-0.37969512,-0.36606482,-0.36807716,-0.37051407,-0.37369388,-0.37134835,-0.3683625,-0.37269083,-0.37180042,-0.37402073,-0.37781295,-0.38034835,-0.37969348,-0.37685683,-0.36797646,-0.36276004,-0.36253062,-0.36046892,-0.35519472,-0.35302573,-0.3512206,-0.35196745,-0.35489777,-0.35283267,-0.35329473,-0.35575,-0.34843835,-0.3476639,-0.34535518,-0.3443235,-0.3404377,-0.34009457,-0.3398005,-0.34018436,-0.33679357,-0.33523342,-0.3353115,-0.33214575,-0.331973,-0.33376104,-0.33137637,-0.33035737,-0.3287514,-0.32294348,-0.32196838,-0.31926626,-0.31726503,-0.31398827,-0.3129875,-0.3114851,-0.31026036,-0.30272263,-0.292511,-0.2924876,-0.28939262,-0.28966382,-0.28941625,-0.28810865,-0.2866821,-0.28411072,-0.28290915,-0.2805818,-0.28029212,-0.27376762,-0.2717658,-0.27082562,-0.26439658,-0.26501524,-0.2615134,-0.25895563,-0.2601179,-0.26038638,-0.25455803,-0.25559527,-0.2517319,-0.2517447,-0.24977183,-0.2483392,-0.2467891,-0.2489496,-0.25240022,-0.25313646,-0.25250393,-0.2482471,-0.24950612,-0.24854448,-0.24858096,-0.25189167,-0.25081807,-0.25306782,-0.25327903,-0.25241315,-0.252906,-0.25234842,-0.25079942,-0.2505151,-0.24983032,-0.24699529,-0.24783477,-0.24955492,-0.24701884,-0.24408348,-0.24243954,-0.24344584,-0.24226937,-0.24258046,-0.23768446,-0.23785837,-0.23963614,-0.23586431,-0.23718564,-0.23436041,-0.23641153,-0.23609689,-0.23755893
68,0.1480396,0.15022348,0.15102968,0.14922392,0.15368387,0.14840356,0.14626054,0.14380457,0.14274451,0.13768157,0.1421938,0.14282888,0.14066204,0.13992032,0.13744953,0.13837697,0.14172332,0.14564964,0.14680009,0.14956173,0.15273157,0.15204689,0.15211537,0.15441516,0.15373436,0.15705608,0.16248868,0.16678491,0.16860448,0.17486285,0.17596361,0.18346642,0.18816407,0.19595645,0.19797017,0.19983375,0.20584151,0.21057165,0.21719527,0.22314918,0.22669765,0.2298296,0.2361089,0.2422168,0.2464623,0.25103122,0.2560227,0.26257652,0.26757857,0.27731806,0.28444868,0.29206407,0.299995,0.3053173,0.3089606,0.31269926,0.3111274,0.31650913,0.32099608,0.32871756,0.33232188,0.33820012,0.34192926,0.34633008,0.35144538,0.354514,0.35784855,0.35802191,0.36610782,0.37084603,0.3752437,0.38023734,0.38343912,0.38693553,0.3897603,0.39605445,0.40136877,0.40743575,0.412607,0.4197251,0.4203814,0.4239703,0.4284215,0.43374974,0.4358782,0.44693264,0.45301038,0.45864433,0.458527,0.46278843,0.46778908,0.46940956,0.47313076,0.477108,0.48085108,0.48343572,0.4875005,0.49367625,0.5049973,0.5106017,0.51543814,0.52263534,0.5271034,0.5333842,0.5363199,0.54304546,0.54819703,0.5545701,0.5599694,0.56615555,0.5673941,0.5698667,0.5764154,0.58127064,0.58385813,0.58542633,0.58566296,0.5837649,0.590411,0.59415454
69,1.398925,1.3785859,1.3683112,1.3552797,1.3392022,1.3216245,1.3113419,1.2945031,1.2896769,1.279222,1.2715864,1.2537916,1.2451285,1.2298946,1.2179805,1.2065791,1.1950933,1.188339,1.1825721,1.17383,1.1624123,1.1606457,1.153924,1.1482279,1.1392281,1.1301513,1.124044,1.1151156,1.1064086,1.094213,1.0888189,1.0807416,1.0762912,1.0696459,1.0645242,1.057642,1.0470115,1.0428557,1.0413066,1.0378078,1.03456,1.0311861,1.0290016,1.023956,1.0206244,1.0193493,1.0152438,1.0116795,1.0033523,0.9975802,0.9960133,0.99215764,0.98968446,0.98602855,0.98006076,0.9767939,0.9761836,0.9698718,0.96462405,0.96366537,0.9612236,0.95390403,0.950761,0.9493912,0.9431914,0.94248897,0.9397437,0.9312444,0.92916936,0.9277746,0.92207545,0.917236,0.9119016,0.91287774,0.90596884,0.90227604,0.8983032,0.89903337,0.8963726,0.8942854,0.8903705,0.89125365,0.88832253,0.88622534,0.88115644,0.88036406,0.88018304,0.876915,0.86880857,0.8603405,0.8552505,0.8519462,0.8506225,0.8476364,0.8429965,0.83897036,0.8355767,0.82931435,0.83161336,0.824299,0.8227479,0.8176505,0.81556594,0.8130313,0.8097971,0.81044877,0.80975944,0.80203706,0.7947413,0.79572684,0.7956625,0.7834589,0.7768445,0.7717891,0.7699635,0.76431334,0.75823975,0.7562322,0.7566829,0.7533312
70,1.7523434,1.7442071,1.7388138,1.7221746,1.7110302,1.7014948,1.6940768,1.6865635,1.6721166,1.6663959,1.6541446,1.6494601,1.6430418,1.6343701,1.6296915,1.6194746,1.6125653,1.60523,1.6024704,1.5991547,1.5927557,1.5855337,1.577369,1.5710379,1.5618795,1.5555956,1.5537522,1.5496422,1.5450822,1.537864,1.5342213,1.5269585,1.518837,1.5093427,1.5033909,1.4961592,1.4881725,1.484325,1.4820814,1.4815978,1.4807127,1.4777001,1.4762152,1.4723433,1.4700781,1.466794,1.4662367,1.4658849,1.461634,1.4549309,1.4532217,1.4518555,1.4500945,1.4475863,1.4433377,1.4421542,1.4389818,1.4347433,1.4320475,1.429826,1.4276989,1.4246781,1.423351,1.4240963,1.4223217,1.4223896,1.4218762,1.4214023,1.4222466,1.4227002,1.4262285,1.42385,1.4229095,1.4154717,1.4178895,1.4168969,1.4142294,1.4118732,1.4120438,1.4148624,1.4126623,1.4067113,1.4025047,1.4001896,1.3989041,1.4013216,1.4061029,1.4025381,1.3995126,1.3967092,1.3945488,1.3943676,1.3936578,1.3926022,1.3953145,1.3983378,1.4011018,1.3999779,1.3969874,1.3973049,1.3967302,1.3987566,1.4006449,1.4053543,1.4032362,1.4050567,1.4084481,1.4063956,1.4088898,1.413323,1.4152871,1.413805,1.4186668,1.4200203,1.4211082,1.4214667,1.4192251,1.4196569,1.42084,1.4213661
71,-0.36984092,-0.3689542,-0.36059168,-0.35417938,-0.34228367,-0.3384971,-0.32962376,-0.32319272,-0.31346685,-0.31119403,-0.3062542,-0.2987683,-0.2921142,-0.2859284,-0.27901298,-0.27222243,-0.26561612,-0.26123688,-0.2547065,-0.252533,-0.2503124,-0.2357486,-0.2291805,-0.22432022,-0.21506205,-0.21752219,-0.21507403,-0.20678708,-0.20130114,-0.1967579,-0.19551691,-0.19315286,-0.19043458,-0.18740602,-0.18201554,-0.17907327,-0.1747286,-0.17030826,-0.17224507,-0.16670965,-0.16276559,-0.16511899,-0.16247675,-0.15817904,-0.15469545,-0.15441442,-0.15093258,-0.14860183,-0.14490497,-0.13611719,-0.13442712,-0.13103813,-0.12872675,-0.122289315,-0.12032547,-0.11823859,-0.11408851,-0.117492214,-0.11440192,-0.11209704,-0.10569298,-0.10645598,-0.10257445,-0.09824796,-0.09853205,-0.096807875,-0.091078356,-0.08691396,-0.08248214,-0.082849085,-0.08069269,-0.07389815,-0.07385323,-0.07377328,-0.07127283,-0.06624072,-0.06693663,-0.06401142,-0.058494646,-0.05577364,-0.058802105,-0.057667952,-0.058890212,-0.05630908,-0.04988262,-0.0447281,-0.046595436,-0.04554891,-0.046289273,-0.044454835,-0.043496635,-0.039528344,-0.041576497,-0.039692424,-0.03633308,-0.03921532,-0.038156647,-0.0413707,-0.04215803,-0.03729465,-0.0373304,-0.036572866,-0.034620516,-0.03876404,-0.034564734,-0.033282954,-0.03521538,-0.035674173,-0.033849396,-0.031982742,-0.034349397,-0.035672534,-0.029374253,-0.032986943,-0.030638013,-0.031147087,-0.030979404,-0.027732233,-0.029215697,-0.026448363
72,0.5359355,0.5299288,0.51879877,0.5109323,0.50141394,0.49128747,0.48132953,0.4759974,0.46761003,0.4528277,0.444695,0.43406677,0.4253338,0.42077368,0.4161861,0.40851355,0.39742798,0.38704363,0.37849444,0.36987117,0.36345515,0.36261258,0.35590246,0.34949166,0.34929758,0.3444389,0.33864442,0.33500865,0.33106977,0.32134643,0.31746113,0.3136943,0.31094748,0.3071649,0.29703966,0.29320854,0.28742397,0.28004697,0.2745468,0.2718939,0.26643646,0.25826365,0.2532718,0.25075495,0.24654332,0.24382599,0.23803401,0.23167777,0.22866087,0.2275294,0.2218748,0.21796703,0.21621093,0.2160651,0.21298261,0.20732279,0.20549898,0.19974639,0.19485536,0.19316618,0.19018808,0.18799059,0.18312892,0.1831786,0.18233564,0.18018393,0.17961644,0.17928092,0.17629114,0.17311242,0.17208548,0.17317268,0.16689721,0.16502488,0.16013975,0.15664308,0.15808345,0.15623686,0.15217397,0.15194342,0.15047164,0.14852291,0.14727518,0.14792421,0.14558041,0.14663523,0.14775944,0.14278117,0.14495018,0.14214234,0.14228556,0.14168808,0.14035976,0.13920923,0.13897094,0.13554347,0.13440567,0.13524465,0.1340307,0.13190965,0.1320889,0.13178079,0.12995479,0.12208845,0.12226063,0.120602906,0.12423204,0.119439006,0.119001985,0.11792874,0.12089296,0.12326002,0.119034246,0.114033,0.11851541,0.1152222,0.11972386,0.11516617,0.11664804,0.11656859
73,-0.94756997,-0.9379655,-0.92279375,-0.9075804,-0.8966998,-0.88474864,-0.86837447,-0.86566687,-0.85573643,-0.8544715,-0.85272074,-0.85093135,-0.84618616,-0.84075844,-0.8329045,-0.8239376,-0.81810665,-0.8126361,-0.8021903,-0.8002888,-0.79516166,-0.78840816,-0.78209066,-0.7790744,-0.7746111,-0.77056557,-0.77077514,-0.7651021,-0.7622581,-0.7583236,-0.7570568,-0.7558484,-0.75377387,-0.7491758,-0.74308187,-0.7435363,-0.73906046,-0.73396975,-0.7332792,-0.7265071,-0.722797,-0.71404934,-0.7086585,-0.7071066,-0.70653313,-0.7055758,-0.70009124,-0.6971064,-0.69608635,-0.69802016,-0.6970264,-0.69549,-0.6920686,-0.68973744,-0.6868695,-0.6855597,-0.681842,-0.6816999,-0.6814765,-0.6788784,-0.6788851,-0.6723194,-0.669225,-0.6711192,-0.6685972,-0.66921604,-0.66516906,-0.6616003,-0.6599737,-0.65892094,-0.65839815,-0.65817773,-0.659581,-0.65942097,-0.6567076,-0.6514873,-0.65539753,-0.64828724,-0.64380646,-0.6408967,-0.641364,-0.6415341,-0.64329106,-0.64059025,-0.64213824,-0.634408,-0.6385833,-0.6396702,-0.6367049,-0.6373041,-0.63740104,-0.63800967,-0.639686,-0.63960934,-0.63781196,-0.63937765,-0.64183724,-0.64333415,-0.64201623,-0.6424383,-0.63993984,-0.64072174,-0.63994336,-0.6424608,-0.6408502,-0.64275277,-0.6431514,-0.6450852,-0.64623946,-0.6431154,-0.6438396,-0.64809155,-0.6465167,-0.6504554,-0.6506372,-0.65067565,-0.6525513,-0.65335214,-0.6503873,-0.6501962
74,0.34123155,0.34617788,0.34287375,0.34852082,0.35349554,0.35432965,0.35754737,0.36691388,0.37489465,0.38349813,0.39055818,0.39859962,0.40092763,0.40517178,0.40482306,0.41023487,0.42048812,0.4284494,0.440957,0.44732255,0.45660442,0.47284842,0.48170537,0.49050173,0.49751648,0.50606364,0.5136198,0.522464,0.5308321,0.54091954,0.5459714,0.55504704,0.5671438,0.5773298,0.5854076,0.5936703,0.599334,0.61165726,0.62137514,0.6296447,0.63971853,0.6503178,0.6579408,0.67122996,0.6818741,0.6905899,0.7020382,0.7131325,0.71878386,0.7269537,0.73832214,0.74687105,0.75748694,0.7660955,0.7765489,0.78485435,0.7958644,0.7978766,0.811244,0.8202809,0.8354028,0.8405676,0.84660673,0.85803366,0.86830264,0.87719,0.88562334,0.888198,0.8979778,0.9079689,0.91943467,0.9251567,0.9348232,0.93801403,0.9454616,0.95503205,0.9626576,0.9715722,0.97979754,0.99105805,0.99814713,1.0016245,1.0111561,1.0208704,1.0280797,1.0362813,1.0405251,1.0467665,1.0538127,1.0617754,1.0691278,1.0808045,1.0929,1.0992473,1.1084169,1.1154287,1.1218896,1.1277139,1.1271684,1.1356741,1.1371439,1.1443908,1.1531448,1.1629611,1.173745,1.1796082,1.1827778,1.1832749,1.1885147,1.1982553,1.2079567,1.2063735,1.2138352,1.2166795,1.2250148,1.2293248,1.2336725,1.2399956,1.2446785,1.2480426
75,-0.65044206,-0.64383924,-0.63391465,-0.6299839,-0.62209964,-0.6158408,-0.60978764,-0.6077747,-0.6024012,-0.60039645,-0.5944403,-0.5927862,-0.5911682,-0.5880323,-0.57521015,-0.5695998,-0.5667943,-0.567159,-0.5683629,-0.56468093,-0.560702,-0.5573917,-0.5469986,-0.5412797,-0.534042,-0.5316521,-0.5285062,-0.5275492,-0.5283243,-0.52147496,-0.5182544,-0.51309574,-0.5090796,-0.50465167,-0.49805444,-0.49544105,-0.4908794,-0.48985258,-0.48426813,-0.47992212,-0.47971803,-0.47518596,-0.47364345,-0.4687922,-0.4688948,-0.46580353,-0.4602765,-0.45556554,-0.44590378,-0.44170704,-0.4354567,-0.4326335,-0.4300592,-0.4272011,-0.4269926,-0.42215818,-0.4083752,-0.40111643,-0.39838848,-0.38924056,-0.38305905,-0.37905434,-0.37220687,-0.3697637,-0.36904925,-0.36372557,-0.36058214,-0.3570926,-0.35129982,-0.34765884,-0.34597862,-0.33688182,-0.33356827,-0.31944293,-0.31204727,-0.30802497,-0.30144075,-0.29926458,-0.2952237,-0.28947547,-0.2851893,-0.27908537,-0.27303487,-0.26540646,-0.26120457,-0.25442943,-0.24772939,-0.24353568,-0.23424792,-0.2328705,-0.23010635,-0.22419243,-0.21862328,-0.21085091,-0.20738861,-0.2026982,-0.19550997,-0.18924129,-0.18023476,-0.17678246,-0.17576477,-0.17022733,-0.16702645,-0.16148937,-0.15585797,-0.15071554,-0.14329267,-0.13898359,-0.13385011,-0.13110712,-0.12450304,-0.1208695,-0.11265453,-0.10820178,-0.10008192,-0.091421254,-0.084040895,-0.07121463,-0.05865872,-0.05444908
76,0.019820575,0.004447024,-0.021367883,-0.036891494,-0.045785293,-0.05325353,-0.06580229,-0.08038106,-0.09596829,-0.09934894,-0.11203013,-0.12075478,-0.1313094,-0.14394665,-0.15363523,-0.16488218,-0.17345867,-0.1856915,-0.19241974,-0.20629254,-0.2109824,-0.21907642,-0.22774479,-0.23330696,-0.2397174,-0.24496734,-0.2529517,-0.2622314,-0.26975948,-0.2743466,-0.27960062,-0.29076073,-0.29768294,-0.30196795,-0.3041292,-0.3125265,-0.31540006,-0.32294962,-0.33107483,-0.33303016,-0.3373306,-0.34484667,-0.35023913,-0.35599846,-0.35887623,-0.36565793,-0.36932394,-0.37769765,-0.38510746,-0.38697663,-0.38910538,-0.39348185,-0.39738274,-0.39852032,-0.40447506,-0.41015992,-0.41099295,-0.40873528,-0.4120265,-0.41464815,-0.41827315,-0.42066222,-0.42282882,-0.42412263,-0.42666712,-0.42708698,-0.42916098,-0.4338956,-0.43210244,-0.4355557,-0.433354,-0.42951298,-0.4337582,-0.4318092,-0.43305844,-0.4355657,-0.43529248,-0.4304224,-0.42967916,-0.43263036,-0.43037382,-0.43086725,-0.43107805,-0.4288539,-0.42921075,-0.42961693,-0.43077174,-0.43212396,-0.430909,-0.43300858,-0.43548098,-0.43241954,-0.4339488,-0.43409935,-0.4409214,-0.43570352,-0.4345344,-0.4371375,-0.4364327,-0.43288866,-0.43266302,-0.4334572,-0.43075457,-0.43118125,-0.42560896,-0.4262558,-0.42474884,-0.4209271,-0.42015353,-0.42048478,-0.42009297,-0.42059785,-0.41594595,-0.4139565,-0.40603358,-0.4077621,-0.40425023,-0.39826518,-0.39595872,-0.3930807
77,-0.5453082,-0.54356444,-0.53816533,-0.534862,-0.529424,-0.52357894,-0.5247856,-0.5209239,-0.51166683,-0.5021981,-0.50335383,-0.50098324,-0.5006367,-0.49142224,-0.48640212,-0.48111978,-0.48136482,-0.47812653,-0.4730816,-0.46218118,-0.45757398,-0.44761586,-0.44458127,-0.44551006,-0.44280472,-0.43331486,-0.42497873,-0.42072168,-0.41846833,-0.41712698,-0.41471425,-0.40754423,-0.40466318,-0.3980955,-0.39483887,-0.3932224,-0.39035115,-0.38274574,-0.3793207,-0.37218732,-0.36879852,-0.36076745,-0.34962618,-0.3443206,-0.34313032,-0.336427,-0.33389217,-0.32906094,-0.33032528,-0.32421702,-0.32152876,-0.31554848,-0.31126302,-0.30559173,-0.30327076,-0.30003327,-0.29462737,-0.29137936,-0.286292,-0.27799428,-0.27473304,-0.27260402,-0.2682199,-0.26170766,-0.2567741,-0.25118667,-0.24423048,-0.24048333,-0.23208162,-0.22969405,-0.22525796,-0.22448027,-0.2211698,-0.22021241,-0.21292996,-0.20557335,-0.2006393,-0.19084206,-0.18477476,-0.17747386,-0.17168483,-0.16199602,-0.15764752,-0.15487427,-0.1531646,-0.14917503,-0.14624543,-0.14415024,-0.13569266,-0.13424978,-0.13159613,-0.12670225,-0.123202585,-0.11884357,-0.11145667,-0.11143836,-0.10641414,-0.0997249,-0.095138095,-0.09248218,-0.08853564,-0.08462747,-0.08259704,-0.078526214,-0.07551672,-0.06787659,-0.061572064,-0.062022984,-0.06056183,-0.050607033,-0.04439219,-0.034837384,-0.03307899,-0.027795065,-0.020965695,-0.015963929,-0.015863232,-0.0165924,-0.0051236367,-0.0015452266
78,-1.5722495,-1.537152,-1.506126,-1.4755366,-1.452241,-1.429575,-1.4025364,-1.3848256,-1.3696115,-1.3498251,-1.3307389,-1.307122,-1.2865299,-1.2756257,-1.2579143,-1.2432673,-1.2295544,-1.2115245,-1.190769,-1.1678027,-1.1523846,-1.1377206,-1.123586,-1.1061165,-1.0940449,-1.0779012,-1.06463,-1.0461626,-1.0313301,-1.0144342,-0.9959796,-0.9820446,-0.96695584,-0.9529934,-0.9378675,-0.92378455,-0.91076314,-0.894886,-0.8781479,-0.86763346,-0.85727704,-0.83688706,-0.8185744,-0.80474436,-0.79539454,-0.77864206,-0.7649173,-0.7481458,-0.72665054,-0.71368295,-0.70148987,-0.6877836,-0.6721834,-0.6607219,-0.6475295,-0.63384086,-0.6216046,-0.60756975,-0.5965383,-0.58308953,-0.565138,-0.5467548,-0.53685063,-0.52440155,-0.5106348,-0.5009553,-0.48710513,-0.47605544,-0.46302253,-0.45363703,-0.4461003,-0.43509883,-0.41790977,-0.40324578,-0.39130947,-0.37797308,-0.36451834,-0.34686074,-0.33962476,-0.32629824,-0.31645876,-0.30972886,-0.300466,-0.28732044,-0.28012413,-0.2670402,-0.25765982,-0.24791813,-0.23883083,-0.23035459,-0.22059982,-0.20858541,-0.19859615,-0.1862716,-0.1761803,-0.16269267,-0.15507577,-0.14568691,-0.14075845,-0.1283069,-0.121879816,-0.110493764,-0.10343691,-0.09316935,-0.08555726,-0.07363446,-0.06344985,-0.058063097,-0.053165387,-0.038913175,-0.026892686,-0.0211514,-0.014021966,-0.0054108854,0.008423567,0.017665785,0.026677623,0.037113015,0.04796905,0.052111786
79,1.2346181,1.224152,1.2140764,1.2050139,1.1967244,1.1899369,1.1710348,1.164952,1.1526572,1.1452801,1.139368,1.1307958,1.1221423,1.1120446,1.1067157,1.1005485,1.0969952,1.093548,1.0854558,1.0752753,1.0720572,1.0645636,1.060169,1.0551155,1.0504968,1.0426989,1.0373976,1.0329733,1.0310194,1.0259622,1.0220387,1.0175989,1.0121555,1.0088919,1.0060943,1.0022334,1.0007048,0.9958531,0.99152267,0.98964375,0.9849265,0.97946453,0.97584283,0.97596914,0.9710452,0.9666522,0.9640864,0.9655423,0.9640487,0.9622218,0.95686466,0.9525323,0.95351183,0.95412654,0.95342875,0.95264894,0.9497472,0.94773614,0.94592667,0.94686794,0.9428439,0.9396359,0.9370357,0.9360913,0.9333135,0.92954767,0.9255231,0.9240216,0.92388046,0.924137,0.9204173,0.9187959,0.91820085,0.9154768,0.91127634,0.90810776,0.9048251,0.9039912,0.90381753,0.9036914,0.8975059,0.89724606,0.89476013,0.8895078,0.88869876,0.8861579,0.8849058,0.8864277,0.8812725,0.87887967,0.8796757,0.8783182,0.8783719,0.8783933,0.87626565,0.87512654,0.87351257,0.8720824,0.8707391,0.8719753,0.867283,0.86653054,0.867612,0.8678069,0.86817515,0.8699883,0.8628742,0.86523163,0.85753393,0.85668087,0.85737693,0.85036105,0.84897995,0.8460368,0.845819,0.84530735,0.84637153,0.8484953,0.8472646,0.84432966
80,1.6611874,1.6351452,1.6128235,1.586833,1.5712054,1.5428436,1.5234616,1.5060334,1.4928991,1.4746196,1.4607421,1.4386609,1.4216744,1.4084834,1.3939999,1.381615,1.3632932,1.3547577,1.341729,1.3337164,1.325548,1.3163334,1.3046572,1.2880833,1.2806027,1.2673379,1.2559876,1.2439525,1.2358601,1.2289165,1.2226117,1.2175504,1.205206,1.1941088,1.1834902,1.1732664,1.167867,1.1600707,1.1538135,1.1469661,1.1411712,1.1349084,1.1269727,1.1178577,1.1133306,1.1087286,1.1025965,1.0975586,1.0881512,1.0829747,1.0752614,1.0685098,1.0640137,1.0596877,1.0562304,1.0515758,1.0430148,1.0344435,1.029746,1.0222675,1.0197176,1.0162082,1.0073578,1.0017148,0.9994524,0.99460286,0.9861709,0.9817668,0.9776009,0.97163427,0.9655719,0.9562637,0.9493638,0.9403165,0.9350678,0.92833644,0.9213629,0.9199563,0.9190258,0.9164364,0.9115928,0.907286,0.90352535,0.8957057,0.8949348,0.8885644,0.88560075,0.8832051,0.8743378,0.8682062,0.86371535,0.86105186,0.85665435,0.8521045,0.8464448,0.84212875,0.8377345,0.83152425,0.8199409,0.8169557,0.80923903,0.8042895,0.8003062,0.79467,0.7931005,0.78988624,0.78518367,0.77866983,0.7765339,0.7725093,0.7708786,0.7700034,0.7617768,0.75810874,0.7529066,0.74501455,0.742372,0.74251693,0.73674434,0.7320548
81,0.44339687,0.43278328,0.4174531,0.4014307,0.38460386,0.37092492,0.34567767,0.33388412,0.31593856,0.30286187,0.28534284,0.2746523,0.25655156,0.24285857,0.23179348,0.21378449,0.20346561,0.19472277,0.18058686,0.16470952,0.15753604,0.1402257,0.13093162,0.118780926,0.10607427,0.096254334,0.08629076,0.07621607,0.071455345,0.058326744,0.050604146,0.035899114,0.026033204,0.020708676,0.010707295,0.0014339823,-0.011615887,-0.025397772,-0.03476264,-0.044881828,-0.055193532,-0.058813322,-0.06762575,-0.07730304,-0.08421703,-0.09399788,-0.102201596,-0.107472196,-0.115576364,-0.124524236,-0.12890625,-0.13788077,-0.14772391,-0.15760915,-0.16653684,-0.17391133,-0.1828407,-0.18903056,-0.19558126,-0.2013,-0.20575018,-0.21414204,-0.22708383,-0.23322725,-0.24152131,-0.24904649,-0.2568727,-0.26140404,-0.2661963,-0.27064234,-0.2765358,-0.27688044,-0.28716153,-0.29071292,-0.30002818,-0.30393928,-0.30992803,-0.31155992,-0.31727502,-0.3217441,-0.3279167,-0.33323488,-0.34063527,-0.34364107,-0.3486896,-0.34967983,-0.3549127,-0.3618245,-0.36780974,-0.3757848,-0.38184148,-0.39090097,-0.39869773,-0.4034385,-0.40098268,-0.4053983,-0.41215354,-0.4216137,-0.42260498,-0.42822632,-0.43875164,-0.44290048,-0.44747862,-0.4492138,-0.4577241,-0.46361956,-0.46909922,-0.47432202,-0.48438692,-0.48894542,-0.49526253,-0.50085294,-0.5042225,-0.5098562,-0.5116734,-0.51631343,-0.51927507,-0.521464,-0.52560407,-0.53228915
82,1.0931914,1.0740376,1.0542072,1.0364063,1.0148209,0.9985589,0.97809684,0.9594258,0.9432007,0.9354108,0.9153267,0.90324306,0.8902049,0.8794095,0.86764944,0.85323936,0.8409028,0.82994574,0.81666535,0.80353916,0.792573,0.77979124,0.7703198,0.7542523,0.7432278,0.7340306,0.7225472,0.7136913,0.70350456,0.6932765,0.68361795,0.6790798,0.6773794,0.6683201,0.6597598,0.65419924,0.64557916,0.63945633,0.63061595,0.62604004,0.61918825,0.6092254,0.60418886,0.59601134,0.58618724,0.5809082,0.57294405,0.56904805,0.56117254,0.5538415,0.5487908,0.54286,0.5372579,0.5315244,0.5249406,0.5187324,0.51804024,0.51487267,0.51055497,0.509205,0.5051666,0.49652594,0.49265933,0.49069968,0.48667616,0.4808876,0.4769829,0.46858105,0.46418563,0.4565517,0.4510308,0.44517452,0.44027185,0.43318048,0.42884398,0.4220644,0.4167942,0.41553697,0.41250128,0.40701786,0.4014589,0.397929,0.3939142,0.38715714,0.38205004,0.37444946,0.37168422,0.3658448,0.36778173,0.36093122,0.3585916,0.354671,0.35207447,0.3484392,0.34381077,0.3425558,0.3389968,0.33599645,0.33203155,0.32714117,0.3214675,0.31738523,0.31871098,0.3125603,0.30872935,0.3072404,0.308073,0.30742365,0.3058418,0.303373,0.3052114,0.2991777,0.2915414,0.28590497,0.28667635,0.28616184,0.28672808,0.27513722,0.2779946,0.27215862
83,-0.06997251,-0.08583608,-0.097346015,-0.10632096,-0.11449792,-0.12026968,-0.13400212,-0.13954368,-0.15011144,-0.14863792,-0.16323781,-0.17143929,-0.18061845,-0.19239095,-0.19990993,-0.21234767,-0.2233741,-0.23113361,-0.24317782,-0.25174445,-0.26422015,-0.27130306,-0.28097492,-0.29061884,-0.29877222,-0.29771456,-0.30169082,-0.30851847,-0.31162497,-0.3211754,-0.32790735,-0.3348505,-0.33369663,-0.3376092,-0.3467263,-0.35292765,-0.36175185,-0.36920935,-0.3779028,-0.38175023,-0.3875202,-0.39527494,-0.3991751,-0.4052185,-0.40945825,-0.41321784,-0.4162332,-0.42165524,-0.4222189,-0.42958862,-0.42880195,-0.4318289,-0.43711686,-0.44054246,-0.44283658,-0.44825536,-0.45298052,-0.45401254,-0.45903975,-0.46139947,-0.46804094,-0.4705122,-0.47192875,-0.47412372,-0.47793788,-0.48293835,-0.47788483,-0.47684175,-0.48018283,-0.48560247,-0.49030176,-0.49051648,-0.49482948,-0.49655065,-0.49799567,-0.5007912,-0.5052624,-0.50583297,-0.50660294,-0.5103861,-0.5116828,-0.512694,-0.5175547,-0.51750463,-0.517488,-0.51742065,-0.51852286,-0.52308,-0.5216441,-0.5247551,-0.52752316,-0.5276879,-0.5324147,-0.5353019,-0.5286337,-0.5295898,-0.5320457,-0.5322883,-0.5335268,-0.5369312,-0.5375731,-0.54230005,-0.54459494,-0.5460407,-0.5454561,-0.5454768,-0.54511493,-0.5402118,-0.5423212,-0.54749656,-0.54664224,-0.54526937,-0.5463563,-0.55040056,-0.54900414,-0.54929245,-0.5484636,-0.5495754,-0.54963624,-0.54818654
84,0.6777763,0.66276157,0.64861596,0.6338073,0.61582935,0.5938692,0.56958926,0.5542513,0.5358638,0.52131695,0.5048184,0.48669237,0.46795115,0.4521605,0.4447275,0.42912993,0.4093415,0.39833206,0.38274655,0.37450254,0.36359847,0.35276178,0.34636456,0.32968104,0.3226099,0.31447992,0.30570143,0.29438978,0.28612706,0.27685446,0.26429945,0.2531622,0.24148938,0.23158845,0.22021905,0.20901875,0.1962709,0.18958607,0.1825076,0.17739093,0.17250577,0.1674319,0.16000484,0.15422195,0.1488456,0.1437976,0.14052929,0.14002006,0.13311283,0.12697214,0.121867284,0.11476576,0.109455034,0.10281421,0.10123328,0.09580402,0.08918019,0.08686282,0.08288988,0.08280489,0.08053349,0.07776301,0.07462241,0.07289137,0.06467579,0.05899475,0.056986175,0.052703857,0.052054286,0.04852154,0.04396946,0.047879666,0.049438037,0.043400552,0.042837717,0.037431497,0.036033012,0.036016412,0.034074057,0.037003703,0.03755728,0.035556138,0.034155555,0.03300644,0.031230439,0.033876535,0.035842232,0.034728996,0.035705946,0.03313834,0.029208157,0.029239064,0.027003711,0.026188467,0.028973663,0.026799884,0.02362677,0.023464214,0.024125166,0.021812528,0.019362729,0.019759297,0.019015912,0.022156578,0.021736482,0.022256853,0.022736818,0.020259919,0.019828232,0.022169216,0.02246013,0.023063391,0.025786335,0.02473541,0.02335225,0.023723604,0.021306852,0.020272186,0.023542995,0.018576179
85,0.2145628,0.22332482,0.22728503,0.22782342,0.22643438,0.23058608,0.2346379,0.2309576,0.22926266,0.22664447,0.2280285,0.22716141,0.2245652,0.2226942,0.2270695,0.21888249,0.2152917,0.21224752,0.21379268,0.215063,0.21714628,0.21342146,0.21156816,0.20806181,0.2080261,0.21213946,0.21171515,0.215867,0.21468338,0.2145197,0.21436319,0.21159835,0.21528547,0.21958682,0.2170014,0.21691056,0.21599214,0.21362822,0.2088345,0.20966728,0.20626304,0.20385313,0.20675996,0.20718399,0.20621291,0.20685887,0.20485076,0.20688519,0.20801091,0.2070688,0.20154688,0.19659108,0.19548187,0.19472018,0.19235572,0.18995261,0.19108516,0.18952975,0.18767896,0.18780336,0.19251736,0.19170794,0.19052164,0.18936881,0.18436345,0.18293779,0.1841224,0.18155003,0.17772987,0.17425802,0.17081648,0.17230135,0.1677961,0.1631742,0.16015862,0.15745719,0.15237682,0.15614489,0.15502831,0.15097673,0.14806642,0.14459631,0.13754669,0.13531755,0.13145335,0.1292628,0.12940277,0.12286425,0.11704906,0.111793414,0.10773945,0.10411201,0.09695953,0.09282335,0.08729179,0.086217046,0.08417462,0.08093053,0.080821715,0.077762544,0.07378357,0.07110576,0.06627087,0.06008631,0.057070084,0.054757617,0.05048757,0.044588804,0.039022643,0.032871675,0.029609075,0.02540693,0.022957454,0.017340666,0.016848685,0.011180122,0.0064680837,-0.00080761313,-0.0045121387,-0.01294913
86,1.4713804,1.444446,1.4160397,1.3988103,1.3792942,1.3535392,1.3295368,1.3174884,1.2953866,1.2770727,1.2540138,1.2346846,1.216944,1.2018713,1.1812928,1.1677504,1.14881,1.1363997,1.1219604,1.1069425,1.0913632,1.0881373,1.0791924,1.0669242,1.0534005,1.0417572,1.0341456,1.024887,1.0178388,1.0049107,0.9926383,0.9841747,0.9742591,0.9657707,0.952855,0.9460722,0.9424612,0.93335915,0.9281683,0.9210655,0.91529036,0.90523374,0.89892805,0.89488375,0.88917905,0.88549006,0.8789066,0.879375,0.8723408,0.86739075,0.8620306,0.85875785,0.85536563,0.8524207,0.85002023,0.84765893,0.84443605,0.83471936,0.8297516,0.82722205,0.82295,0.8201969,0.81519794,0.81225884,0.8061444,0.8039056,0.8097507,0.8124687,0.81343734,0.810716,0.80838764,0.8016714,0.7997704,0.79838467,0.79885274,0.7985948,0.7986569,0.79486716,0.7947663,0.7953826,0.7898747,0.7888291,0.7842772,0.7876662,0.7874298,0.7845303,0.7882604,0.7903798,0.7892472,0.78633,0.78368646,0.7838356,0.78636324,0.7895986,0.7925754,0.79104507,0.7923557,0.78921604,0.78393567,0.7858693,0.78804463,0.7901987,0.79110074,0.79091275,0.7906083,0.7951186,0.79457426,0.7930446,0.7930039,0.7974978,0.80028135,0.79330254,0.7884967,0.78932333,0.7907926,0.7937833,0.79386103,0.78954625,0.7951932,0.7980844
87,-1.1963409,-1.1629739,-1.1349419,-1.1120008,-1.0834157,-1.0579609,-1.0303035,-1.0125523,-0.9890631,-0.96762836,-0.9471181,-0.92174864,-0.9013705,-0.88573074,-0.87035024,-0.8530055,-0.83498317,-0.8189681,-0.8039168,-0.7887441,-0.77894336,-0.7667991,-0.7493462,-0.73536885,-0.7195161,-0.70394784,-0.6897332,-0.6740161,-0.66108674,-0.64695615,-0.62556267,-0.6141241,-0.60298187,-0.59215695,-0.58138067,-0.572135,-0.5607234,-0.5520536,-0.54157376,-0.53104794,-0.52322805,-0.51233435,-0.4985569,-0.48815742,-0.47784734,-0.47030964,-0.46106696,-0.45050725,-0.44068027,-0.42890787,-0.4203145,-0.41223007,-0.40256232,-0.39407846,-0.38408932,-0.37290797,-0.36301705,-0.3571642,-0.3493356,-0.3411257,-0.3352904,-0.33123308,-0.3238433,-0.31672946,-0.30802107,-0.30316725,-0.29826012,-0.29314512,-0.28675237,-0.28133544,-0.2757055,-0.26785406,-0.26487446,-0.25636,-0.24982429,-0.23964074,-0.23638599,-0.23453605,-0.22832982,-0.21873829,-0.21551666,-0.2080944,-0.20571128,-0.20065534,-0.19683054,-0.19054899,-0.18678908,-0.18211788,-0.17471497,-0.17316167,-0.16736938,-0.16385458,-0.16055118,-0.15779777,-0.15064093,-0.14544035,-0.14135352,-0.13872816,-0.13457921,-0.13119827,-0.12888274,-0.12304014,-0.11637826,-0.111624934,-0.10664649,-0.099813,-0.093958884,-0.09079968,-0.08838492,-0.08496796,-0.080471165,-0.081379786,-0.07962053,-0.07622665,-0.06894849,-0.06428832,-0.057554115,-0.05365755,-0.047013395,-0.039585356
88,-1.7672622,-1.7434126,-1.7175491,-1.6951796,-1.6760079,-1.646538,-1.6246607,-1.6073163,-1.5941391,-1.5746406,-1.562597,-1.5512897,-1.5376632,-1.5246503,-1.5110914,-1.500127,-1.4823135,-1.4752967,-1.4637563,-1.452863,-1.4427679,-1.4358462,-1.4294889,-1.4198956,-1.411724,-1.398629,-1.3926327,-1.3883731,-1.3846904,-1.3768789,-1.3677051,-1.3614986,-1.3562188,-1.3480532,-1.3440626,-1.3392063,-1.3324562,-1.3263214,-1.322472,-1.3168366,-1.313194,-1.303977,-1.2989404,-1.2933193,-1.2901313,-1.28438,-1.2797663,-1.274084,-1.2619163,-1.2596923,-1.256534,-1.2535355,-1.249362,-1.2450079,-1.2421743,-1.2393055,-1.2237359,-1.2169521,-1.2133756,-1.2117977,-1.2077333,-1.2042032,-1.1987385,-1.1948767,-1.189831,-1.1867849,-1.1782681,-1.1779271,-1.1739483,-1.171803,-1.1697391,-1.1635711,-1.1588383,-1.151996,-1.1483669,-1.1479847,-1.1463888,-1.1428379,-1.1378939,-1.1343083,-1.1316613,-1.1285579,-1.1264184,-1.1236056,-1.1235515,-1.1189953,-1.1170938,-1.1152874,-1.1103431,-1.1093589,-1.110405,-1.1075848,-1.1091433,-1.103286,-1.0994207,-1.09843,-1.0961295,-1.0907825,-1.0854609,-1.0839039,-1.0776027,-1.0751284,-1.0728621,-1.0714076,-1.0698806,-1.065102,-1.0591942,-1.059635,-1.0565709,-1.0554429,-1.0569109,-1.0527738,-1.047686,-1.0477732,-1.0442637,-1.0433532,-1.039884,-1.0297773,-1.027319,-1.0288978
89,-1.360492,-1.3578337,-1.3503,-1.3478153,-1.3488443,-1.3462182,-1.3423437,-1.3471315,-1.3467618,-1.3522813,-1.3600867,-1.3546,-1.3543055,-1.3599322,-1.3643141,-1.3697909,-1.3748753,-1.3805779,-1.3814127,-1.3787186,-1.3813713,-1.3824604,-1.3873882,-1.392593,-1.3955355,-1.3893988,-1.3936365,-1.4012004,-1.4068865,-1.4062393,-1.4035939,-1.4032868,-1.4040104,-1.4064865,-1.4077446,-1.4101475,-1.4140576,-1.4179265,-1.4235928,-1.4249545,-1.4280714,-1.4316119,-1.431583,-1.4326901,-1.4385465,-1.4434258,-1.4456333,-1.4467918,-1.4388027,-1.4322523,-1.4318875,-1.4347471,-1.4371783,-1.4395005,-1.4400662,-1.4415987,-1.4381838,-1.4286587,-1.4332893,-1.4347553,-1.4341384,-1.4306519,-1.4284848,-1.4297558,-1.4321553,-1.4361233,-1.4296143,-1.4235282,-1.4256116,-1.4246116,-1.4259841,-1.4246708,-1.4243174,-1.4217694,-1.4166565,-1.4144192,-1.4104435,-1.4003645,-1.39988,-1.4021744,-1.4000111,-1.3995717,-1.3954811,-1.3879279,-1.3840322,-1.377231,-1.3744844,-1.3767756,-1.3739637,-1.3735054,-1.3717238,-1.367831,-1.3657998,-1.3621039,-1.3571954,-1.3562316,-1.3522651,-1.3475778,-1.3438957,-1.3442924,-1.3428327,-1.3385394,-1.3358018,-1.3369734,-1.3346531,-1.3374991,-1.3339977,-1.3263358,-1.3241279,-1.3259412,-1.3229778,-1.3167553,-1.3185449,-1.3143485,-1.3123786,-1.3050525,-1.3004597,-1.291052,-1.284428,-1.2814509
90,-1.4845945,-1.4811662,-1.4732747,-1.4693233,-1.4660702,-1.4654815,-1.4624999,-1.4650832,-1.4659727,-1.465847,-1.46928,-1.471639,-1.4758253,-1.4812579,-1.4836568,-1.4920281,-1.4991289,-1.5077051,-1.5103099,-1.5081189,-1.5111591,-1.5129621,-1.5138932,-1.5212485,-1.5259316,-1.5230498,-1.5274775,-1.5329984,-1.5384886,-1.544304,-1.5482109,-1.5503881,-1.5497559,-1.5527728,-1.5597372,-1.5632854,-1.5636134,-1.571169,-1.5782477,-1.5812976,-1.5918903,-1.595941,-1.6010263,-1.6041733,-1.6111758,-1.6168556,-1.6202583,-1.6217676,-1.6173916,-1.6150707,-1.6215025,-1.6275082,-1.6339827,-1.6394333,-1.63972,-1.6441596,-1.6388829,-1.6351178,-1.640276,-1.6462886,-1.6485914,-1.6472061,-1.6461834,-1.6537187,-1.6572405,-1.6648932,-1.661556,-1.6640482,-1.6664069,-1.6723017,-1.6765944,-1.6815977,-1.6821835,-1.6788743,-1.6813669,-1.6827323,-1.6851066,-1.6831758,-1.6862253,-1.6857698,-1.6848929,-1.686855,-1.6919005,-1.6909956,-1.6945623,-1.6947511,-1.6952989,-1.700786,-1.6964964,-1.700181,-1.7033014,-1.7060858,-1.7076124,-1.709605,-1.7116553,-1.7141478,-1.7191252,-1.7190346,-1.7145224,-1.7147545,-1.7114537,-1.7099407,-1.7122736,-1.7141953,-1.7172463,-1.7198792,-1.7187493,-1.7138344,-1.7170168,-1.719683,-1.7177293,-1.7158495,-1.7174581,-1.719579,-1.7223791,-1.7237675,-1.7227955,-1.7178853,-1.7187719,-1.7214234
91,-0.19168349,-0.18864986,-0.1817566,-0.18148105,-0.18146452,-0.18121378,-0.18451342,-0.1854867,-0.18831858,-0.19084187,-0.18395028,-0.18893209,-0.19343178,-0.19581103,-0.19062057,-0.19767678,-0.20338061,-0.21199517,-0.22014686,-0.22342917,-0.22861359,-0.23243757,-0.2368217,-0.23688474,-0.24016139,-0.23899946,-0.24125543,-0.23908278,-0.24220982,-0.24818452,-0.24665518,-0.2510796,-0.25415438,-0.25612363,-0.2568832,-0.2571364,-0.262564,-0.2666487,-0.26985794,-0.2703789,-0.27140114,-0.26966894,-0.27151513,-0.27449808,-0.28013834,-0.28163332,-0.2784571,-0.2816987,-0.28086096,-0.28196102,-0.2789579,-0.27843392,-0.27883828,-0.28073496,-0.2823657,-0.28530455,-0.28626907,-0.28023133,-0.27983642,-0.2795312,-0.2822985,-0.28534675,-0.2821191,-0.28076792,-0.2814254,-0.28271812,-0.27716166,-0.27793193,-0.27654502,-0.27649567,-0.27784562,-0.2796625,-0.28223145,-0.28353375,-0.2829631,-0.28009003,-0.27865237,-0.2754075,-0.2750799,-0.2738499,-0.2745314,-0.2724652,-0.27318448,-0.26996288,-0.26180738,-0.25811693,-0.25335157,-0.2549685,-0.25852722,-0.25854456,-0.2545337,-0.25285545,-0.25224006,-0.2527303,-0.25112084,-0.25359303,-0.25306547,-0.25380883,-0.2500583,-0.24684215,-0.24675992,-0.24706216,-0.24292788,-0.23921199,-0.2438703,-0.24571733,-0.24589081,-0.24435847,-0.24494366,-0.24583533,-0.245738,-0.24656627,-0.24021025,-0.23791754,-0.23855472,-0.2361741,-0.23469341,-0.2335659,-0.23222944,-0.22915569
92,-0.9689933,-0.97144353,-0.9707982,-0.977949,-0.9888059,-1.0006526,-1.0075297,-1.0151303,-1.0252016,-1.0370151,-1.0421572,-1.0454758,-1.0542545,-1.0571797,-1.0617783,-1.0686994,-1.0747209,-1.0856628,-1.0975789,-1.1040237,-1.1133921,-1.1178825,-1.123373,-1.1297474,-1.1403298,-1.1470807,-1.1548823,-1.1632887,-1.1686283,-1.177742,-1.1847113,-1.193355,-1.1976238,-1.2022082,-1.2036175,-1.2094328,-1.2145636,-1.2235576,-1.2313173,-1.2341609,-1.2391838,-1.2474861,-1.2524807,-1.2576826,-1.262245,-1.2676442,-1.2753208,-1.2809684,-1.2822077,-1.2799256,-1.2827471,-1.2845113,-1.2909435,-1.2934539,-1.2998132,-1.3049271,-1.3067162,-1.3027532,-1.3093921,-1.3102291,-1.313636,-1.3192561,-1.3192708,-1.3250067,-1.3275895,-1.3345801,-1.3310978,-1.3328617,-1.3345228,-1.3391416,-1.3425683,-1.3434707,-1.3441594,-1.3401678,-1.3426574,-1.3479931,-1.346365,-1.3431926,-1.3422837,-1.3424691,-1.3453622,-1.3448684,-1.3467857,-1.3454378,-1.3429914,-1.338382,-1.3374552,-1.3381059,-1.3375679,-1.3411119,-1.340892,-1.3409038,-1.3418375,-1.3385017,-1.3382031,-1.3372443,-1.3403465,-1.3388888,-1.3358392,-1.3373979,-1.3375939,-1.3355607,-1.3316302,-1.3361368,-1.334993,-1.3347753,-1.3314396,-1.3272085,-1.3282374,-1.3269523,-1.3269786,-1.3218583,-1.3182354,-1.3147514,-1.3099487,-1.3067336,-1.3028553,-1.2963314,-1.2951566,-1.2940302
93,0.7623853,0.76504195,0.76727116,0.7716923,0.7778249,0.7785944,0.7866316,0.78759557,0.7799726,0.77872956,0.77973235,0.77752393,0.78352463,0.7911067,0.8008174,0.80424345,0.80972034,0.8125634,0.81449157,0.81666934,0.8208297,0.82540786,0.8338804,0.8353346,0.8469817,0.85169107,0.85553855,0.86590207,0.87342656,0.8757658,0.8842764,0.8881456,0.8920833,0.8973616,0.9030673,0.90915716,0.91627806,0.9202138,0.92875326,0.9381363,0.9467082,0.9538857,0.96109104,0.965051,0.97020876,0.97871476,0.985942,0.98979586,0.9919442,0.99327886,0.99908876,1.0091645,1.0193835,1.026295,1.0335104,1.038116,1.0497463,1.0541538,1.0651337,1.0725127,1.0779372,1.0875825,1.0959008,1.1023242,1.1109936,1.1217101,1.1324846,1.1372178,1.1469285,1.1564753,1.163879,1.1700405,1.174846,1.179684,1.1863322,1.192596,1.2004583,1.2058175,1.2100903,1.2210677,1.2255317,1.2271298,1.2328224,1.2379326,1.243829,1.2467902,1.2535392,1.2597544,1.2671942,1.2722566,1.2811687,1.2859623,1.2938111,1.2999408,1.3061855,1.3143995,1.3211732,1.3254092,1.3295861,1.340514,1.3451467,1.3517829,1.3554486,1.3653536,1.3679297,1.3772241,1.3855956,1.3884552,1.3946922,1.4025373,1.4118378,1.4101433,1.410528,1.4146913,1.4231794,1.4274646,1.4356163,1.4357042,1.4389384,1.4430649
94,0.094132,0.091205165,0.0906932,0.09042332,0.08861889,0.07978011,0.082131855,0.07601051,0.077588,0.07770765,0.067936674,0.06345683,0.05958301,0.0532376,0.0495983,0.036327858,0.028400902,0.027117413,0.022221167,0.013491412,0.010826603,0.0045918254,0.0007952992,-0.002324633,-0.0016978986,-0.0029337392,-0.0053711645,-0.0076476494,-0.012539024,-0.013770486,-0.015016874,-0.018818358,-0.026247393,-0.026186626,-0.02737018,-0.029151687,-0.034986593,-0.03841894,-0.040857613,-0.036256615,-0.037114814,-0.040579833,-0.043115515,-0.04790375,-0.047891937,-0.050568663,-0.05117796,-0.052304983,-0.05216216,-0.055429198,-0.056874204,-0.05883969,-0.06288349,-0.0667199,-0.06738726,-0.069878295,-0.079429045,-0.08290838,-0.08490952,-0.08258854,-0.08555348,-0.091195926,-0.09546823,-0.09693072,-0.097770214,-0.09941801,-0.102290586,-0.10009525,-0.09395717,-0.09815564,-0.10201192,-0.10030787,-0.09682302,-0.09403084,-0.09753551,-0.103674375,-0.1086732,-0.10524911,-0.10684357,-0.10701945,-0.104224876,-0.106415495,-0.108463325,-0.11276772,-0.114683665,-0.12038729,-0.11877821,-0.12150768,-0.12770163,-0.13179784,-0.13151045,-0.1273059,-0.12974162,-0.12619461,-0.12701242,-0.12556592,-0.12825958,-0.13020329,-0.13308226,-0.13439241,-0.136973,-0.14060521,-0.13963817,-0.13889699,-0.14082763,-0.14222708,-0.14012405,-0.13880745,-0.1386678,-0.1394347,-0.14056541,-0.13824525,-0.14652753,-0.14413472,-0.13814805,-0.13888898,-0.13849564,-0.13864994,-0.14109865,-0.13987014
95,-0.091883205,-0.09747318,-0.097252056,-0.10259118,-0.10144131,-0.1030408,-0.108854435,-0.11101852,-0.10693844,-0.10727062,-0.10564588,-0.103539705,-0.10599516,-0.10618327,-0.102598384,-0.1021532,-0.101201914,-0.097214326,-0.09316146,-0.089971915,-0.090942584,-0.088627234,-0.09211008,-0.090260975,-0.08838687,-0.080355704,-0.077885866,-0.07491924,-0.07273643,-0.07075509,-0.06748935,-0.06838362,-0.06784978,-0.06584916,-0.06471582,-0.06323905,-0.057718717,-0.05865409,-0.05763706,-0.05456423,-0.053310774,-0.052014418,-0.04950077,-0.044862952,-0.04547475,-0.04384741,-0.040210944,-0.037264444,-0.03223648,-0.021825835,-0.016597927,-0.015099423,-0.015399771,-0.012678671,-0.010206257,-0.0105296895,-0.0039035776,0.0004593879,0.0020925135,0.008586129,0.0084323585,0.011317305,0.012292856,0.015041834,0.019495195,0.019285012,0.023989787,0.023078742,0.025765937,0.027963778,0.02965504,0.031792007,0.03667013,0.042056214,0.041653715,0.046763532,0.05020641,0.054955762,0.05764993,0.06133129,0.06339878,0.060632456,0.06263027,0.06702231,0.07032965,0.07309143,0.078130886,0.08035964,0.08744953,0.08943963,0.090284064,0.086758554,0.08815013,0.09020519,0.08962716,0.09621224,0.10047935,0.102384806,0.10458682,0.11065777,0.10773702,0.10880606,0.11002435,0.10898812,0.11274876,0.11537404,0.119851604,0.12435386,0.12483068,0.13558275,0.14286003,0.1473938,0.14588189,0.14715368,0.15090723,0.1572743,0.16010477,0.16307466,0.16368386,0.162286
96,-0.5223775,-0.5141657,-0.5107864,-0.51027894,-0.5115889,-0.5155529,-0.5092135,-0.50721896,-0.50138617,-0.498981,-0.49268323,-0.48865223,-0.49302596,-0.4907567,-0.48320705,-0.48336762,-0.48250943,-0.48214656,-0.47580132,-0.4703509,-0.46675032,-0.4616526,-0.46258911,-0.4595279,-0.45214814,-0.45327196,-0.4473258,-0.44045353,-0.43649855,-0.43345833,-0.43473953,-0.42822808,-0.42602554,-0.42155576,-0.41724005,-0.41729432,-0.4141944,-0.41021413,-0.4060927,-0.40084213,-0.39876658,-0.39468193,-0.3916349,-0.38618484,-0.38287243,-0.3800022,-0.37475154,-0.3693286,-0.358831,-0.35159844,-0.34503928,-0.34243718,-0.33992922,-0.33397308,-0.32878417,-0.32332048,-0.32070678,-0.31205767,-0.30674922,-0.300824,-0.2952798,-0.292087,-0.28562248,-0.28144467,-0.27759156,-0.27264288,-0.266331,-0.26332015,-0.25346535,-0.24942169,-0.24627069,-0.24087235,-0.23847263,-0.23262055,-0.22602387,-0.2198844,-0.21530125,-0.20554233,-0.199642,-0.19319472,-0.1846737,-0.18062127,-0.17322853,-0.16844188,-0.16199255,-0.15303464,-0.14867225,-0.14609693,-0.13740927,-0.13523847,-0.12709166,-0.12049444,-0.115605,-0.112072274,-0.10440767,-0.09907926,-0.09232907,-0.08772554,-0.0844264,-0.081747815,-0.077620335,-0.07377159,-0.07018304,-0.06171752,-0.05132792,-0.046370372,-0.038863108,-0.03502976,-0.031485837,-0.023390923,-0.0153053105,-0.010268813,-0.003839659,0.0005010916,0.0066031604,0.011670625,0.016037472,0.022222903,0.031905927,0.03702316
97,-0.7587251,-0.77314264,-0.78377616,-0.7885983,-0.79507625,-0.8086401,-0.8225071,-0.83398247,-0.84564084,-0.8537053,-0.8667405,-0.87151366,-0.8808845,-0.89332694,-0.89860374,-0.90949947,-0.9196288,-0.9243412,-0.9209593,-0.9212133,-0.92932045,-0.9306032,-0.93811667,-0.946458,-0.95530415,-0.9531992,-0.9569181,-0.9594844,-0.9654094,-0.9670352,-0.96729535,-0.9762825,-0.9789837,-0.9839287,-0.9812411,-0.98385924,-0.9901107,-0.9940168,-1.001301,-1.0039914,-1.0092092,-1.0096157,-1.0124673,-1.0113719,-1.0195372,-1.0195892,-1.0188434,-1.0206388,-1.013338,-1.0164561,-1.0155514,-1.0167749,-1.0171797,-1.0196159,-1.0188544,-1.0203912,-1.0165548,-1.0131342,-1.0157627,-1.0145555,-1.0135098,-1.0166142,-1.0145113,-1.0120112,-1.0144715,-1.0170624,-1.0123163,-1.0079439,-1.0035255,-1.0076569,-1.0078928,-1.0038487,-1.0008218,-0.99723995,-0.9968877,-0.9976001,-0.99669266,-0.9926607,-0.99499035,-0.9926651,-0.98700637,-0.98826295,-0.9896749,-0.98417836,-0.98194134,-0.9743392,-0.96988374,-0.9706634,-0.9656676,-0.96544486,-0.9611721,-0.9605343,-0.9589157,-0.95732117,-0.9526948,-0.94870996,-0.94861746,-0.9421191,-0.9368308,-0.93752635,-0.93476075,-0.9311884,-0.92480534,-0.91912204,-0.9136691,-0.91237384,-0.9051936,-0.90212935,-0.89764786,-0.88846225,-0.88453084,-0.87582684,-0.87274134,-0.8712777,-0.86567116,-0.86249477,-0.86043644,-0.850297,-0.8467046,-0.8425953
98,0.5457699,0.5344899,0.51560235,0.49243003,0.4711887,0.45150432,0.43665963,0.41732892,0.3965755,0.38369685,0.36809945,0.35255638,0.33867753,0.32398832,0.307654,0.29296142,0.2752632,0.2536003,0.24654503,0.23201235,0.2235918,0.20321926,0.18759263,0.1790176,0.16183856,0.15580279,0.14590871,0.13312681,0.123014405,0.11508979,0.10691339,0.094360456,0.081029765,0.06972869,0.057996858,0.044028457,0.035416763,0.027999502,0.015510455,0.00880326,-0.003518417,-0.011780089,-0.024065254,-0.03091517,-0.03950087,-0.053392373,-0.060508043,-0.06961504,-0.079977505,-0.08694141,-0.092842124,-0.098068215,-0.10378049,-0.11013923,-0.11864201,-0.12826656,-0.14036398,-0.15339276,-0.16021955,-0.16726282,-0.17054656,-0.17783074,-0.18485849,-0.19169767,-0.19845565,-0.20385067,-0.20367995,-0.2126871,-0.22087462,-0.23046389,-0.23599407,-0.24085858,-0.2521296,-0.2567578,-0.26216388,-0.26861688,-0.27353963,-0.27611035,-0.28042018,-0.2843174,-0.28853664,-0.2953459,-0.29944462,-0.30123395,-0.3070668,-0.30931967,-0.31366056,-0.3204852,-0.32204482,-0.32591325,-0.3304639,-0.33490297,-0.34257656,-0.34926647,-0.35318023,-0.35778654,-0.36041552,-0.3599831,-0.36710784,-0.3713061,-0.37020457,-0.37369916,-0.37593654,-0.3779781,-0.38049182,-0.38565204,-0.38603583,-0.38983256,-0.3940224,-0.39672035,-0.39785975,-0.40474343,-0.40471435,-0.40704384,-0.4076926,-0.40956044,-0.41414943,-0.41620454,-0.41481748,-0.41783714
99,-0.8825842,-0.88072854,-0.88544875,-0.8853365,-0.8783752,-0.86438274,-0.8531114,-0.8494005,-0.8444233,-0.8417916,-0.83477557,-0.83105785,-0.8351709,-0.8357207,-0.8325547,-0.8351367,-0.8304011,-0.8305562,-0.83205765,-0.8280792,-0.82599723,-0.8225668,-0.82018214,-0.8170031,-0.8119831,-0.8155225,-0.818178,-0.8173877,-0.8176116,-0.81227624,-0.8143196,-0.8132618,-0.8121497,-0.80760705,-0.810993,-0.80865335,-0.8068188,-0.8071518,-0.8111685,-0.81058776,-0.8109025,-0.8083652,-0.8054182,-0.8058618,-0.8103224,-0.810757,-0.8091439,-0.8094899,-0.811447,-0.80223495,-0.80214083,-0.80190945,-0.80069286,-0.79751456,-0.7956874,-0.79443574,-0.79265946,-0.7931394,-0.7941824,-0.7922825,-0.79137975,-0.7908708,-0.785864,-0.78260505,-0.7825273,-0.78126436,-0.78233796,-0.77842915,-0.77423984,-0.7753507,-0.7752427,-0.77048194,-0.7698824,-0.76788104,-0.7647046,-0.7641064,-0.76592445,-0.7650837,-0.7600436,-0.7595932,-0.75962645,-0.7599089,-0.7603113,-0.76045316,-0.7519772,-0.75079215,-0.7510853,-0.7510924,-0.7477896,-0.7463311,-0.745483,-0.74424624,-0.74605733,-0.74413604,-0.7449797,-0.74557924,-0.74557596,-0.7464394,-0.7382191,-0.73460686,-0.7330919,-0.7315053,-0.7331189,-0.7338592,-0.73005164,-0.732703,-0.7322232,-0.73088145,-0.73043716,-0.7278372,-0.72715455,-0.7233865,-0.7192064,-0.7163871,-0.7121846,-0.7089978,-0.7073018,-0.7095942,-0.7057853,-0.70159566
100,-0.19165562,-0.21420212,-0.23083031,-0.25002503,-0.26533028,-0.2765266,-0.28328133,-0.30190256,-0.31622332,-0.3312953,-0.34429556,-0.35817876,-0.37705714,-0.38901475,-0.40128064,-0.41681042,-0.43372908,-0.44925275,-0.45964956,-0.47269574,-0.4856755,-0.48926073,-0.5031665,-0.513076,-0.52668035,-0.53286624,-0.5442587,-0.5545794,-0.5655793,-0.57758075,-0.58458537,-0.59297156,-0.59796584,-0.6096126,-0.621405,-0.6314754,-0.64317477,-0.65261924,-0.66321784,-0.6664103,-0.6776085,-0.6828269,-0.6903102,-0.6978096,-0.71052253,-0.7193981,-0.72643006,-0.7343157,-0.7356294,-0.7415327,-0.74734366,-0.75713307,-0.7670158,-0.7724188,-0.78131586,-0.79088527,-0.79214036,-0.7973578,-0.8046505,-0.8089241,-0.80989444,-0.81099015,-0.8151717,-0.8205658,-0.82947475,-0.83487624,-0.83166826,-0.8356883,-0.8349841,-0.84399205,-0.8503849,-0.85134995,-0.8579771,-0.85490304,-0.8562015,-0.8579749,-0.8621855,-0.8565556,-0.86410284,-0.86849034,-0.8696251,-0.8739964,-0.8829668,-0.88337934,-0.88281536,-0.88441783,-0.886402,-0.89315045,-0.8929682,-0.89923286,-0.9040264,-0.89963293,-0.9020165,-0.9074041,-0.90658915,-0.913593,-0.91501075,-0.91412765,-0.91025466,-0.9096173,-0.91102946,-0.9154495,-0.9141137,-0.91672945,-0.91913384,-0.92223215,-0.9265745,-0.9235894,-0.9283867,-0.9320711,-0.9306094,-0.9348726,-0.9308931,-0.9353455,-0.93064916,-0.9313138,-0.9308311,-0.9229665,-0.9213022,-0.92310536
101,1.1386335,1.1243634,1.1101856,1.0949575,1.0780928,1.0665145,1.0512083,1.0389,1.0182012,1.0003607,0.987429,0.9784371,0.96870005,0.9524094,0.94196737,0.9285825,0.9160425,0.9066464,0.9006421,0.88250065,0.87520754,0.86525804,0.8603908,0.8507267,0.83642673,0.8238205,0.8162519,0.8129816,0.8075854,0.80067474,0.7890392,0.7840364,0.778936,0.7749708,0.7671729,0.7605661,0.75065196,0.7454051,0.7379482,0.7316534,0.72485745,0.72190523,0.7172554,0.7131901,0.7068609,0.70116484,0.6985627,0.6971155,0.6934327,0.6895182,0.68719786,0.68374085,0.6806437,0.6754959,0.6735841,0.6687003,0.6694682,0.66923285,0.6659494,0.6623832,0.6572895,0.6595897,0.6552281,0.6515816,0.6496057,0.6476675,0.6518806,0.6431266,0.63801086,0.636596,0.632615,0.6270887,0.6252198,0.62294227,0.6214118,0.6218828,0.6211737,0.62118196,0.61951435,0.6165902,0.61620677,0.6136663,0.6146153,0.6158502,0.61167014,0.60720766,0.6074108,0.60234326,0.601809,0.59714806,0.59567046,0.5957999,0.5960655,0.5942046,0.5920865,0.58841956,0.5889694,0.5876876,0.587156,0.58644325,0.5870688,0.5877521,0.58632296,0.5785349,0.5780806,0.5752776,0.5743575,0.5734018,0.5726976,0.5713148,0.57549727,0.56902516,0.57424563,0.57282937,0.57223314,0.5712482,0.56621814,0.5632917,0.5585879,0.5519909
102,0.58158624,0.56156415,0.54014015,0.51712525,0.4866074,0.46052733,0.42333755,0.40528855,0.3850793,0.36969623,0.3500363,0.3371977,0.31371814,0.29054144,0.27481598,0.25194925,0.22971559,0.21398425,0.19537619,0.1762532,0.16467161,0.14452387,0.12840238,0.11064826,0.08766733,0.07751373,0.06505103,0.04747434,0.03599874,0.019993318,0.010578753,-0.00064131804,-0.013935447,-0.027573142,-0.039059002,-0.054086752,-0.06837617,-0.07804855,-0.090720855,-0.10144772,-0.112683415,-0.12207417,-0.13338324,-0.14251094,-0.15632018,-0.16572641,-0.17286794,-0.17773752,-0.18864891,-0.19655295,-0.2038326,-0.21369025,-0.22018178,-0.22600034,-0.2358495,-0.24286833,-0.24823289,-0.25194585,-0.26037154,-0.26164943,-0.26443008,-0.2690832,-0.2783265,-0.28256035,-0.29083148,-0.296572,-0.30449215,-0.3118994,-0.31446952,-0.32092908,-0.3251075,-0.32681322,-0.33084333,-0.33799368,-0.34040913,-0.34548733,-0.35175148,-0.34937924,-0.35196203,-0.35382134,-0.3590225,-0.3620629,-0.3672063,-0.3651745,-0.36879265,-0.37529236,-0.37655002,-0.382058,-0.37870413,-0.38514045,-0.39155984,-0.39030254,-0.39521903,-0.398709,-0.3982371,-0.40332732,-0.40500617,-0.40505546,-0.40865964,-0.40924343,-0.40774232,-0.41210166,-0.41238904,-0.41892943,-0.42336217,-0.42227778,-0.4237806,-0.4232386,-0.42813116,-0.429979,-0.42874402,-0.42397866,-0.4277521,-0.4277211,-0.43137512,-0.43480912,-0.43643993,-0.4370501,-0.43651223,-0.44037384
103,-0.44785935,-0.43794265,-0.43123144,-0.42870036,-0.42673594,-0.43203014,-0.42342138,-0.42657766,-0.4231195,-0.4184288,-0.42037207,-0.41459703,-0.4149839,-0.41136852,-0.4122333,-0.41688746,-0.4152433,-0.41977596,-0.41445118,-0.4186743,-0.4218298,-0.42411762,-0.42556342,-0.42411843,-0.42968947,-0.42448226,-0.42873764,-0.43078202,-0.42983347,-0.43014866,-0.4355379,-0.43492174,-0.43607253,-0.4329637,-0.4325289,-0.429283,-0.42902574,-0.42788282,-0.42755786,-0.42994386,-0.43087006,-0.43330073,-0.43345672,-0.43845052,-0.43727833,-0.4370497,-0.43987554,-0.44035658,-0.44160205,-0.4394926,-0.43851733,-0.43896642,-0.44065648,-0.44140476,-0.44322294,-0.44635028,-0.44901162,-0.4537751,-0.45499116,-0.45508534,-0.45487648,-0.45531398,-0.45284468,-0.4547183,-0.4526959,-0.45438424,-0.456316,-0.4505569,-0.45229992,-0.45305914,-0.4537403,-0.4522423,-0.4555761,-0.4496154,-0.44963947,-0.4505918,-0.45267424,-0.45705152,-0.46201992,-0.4643054,-0.46201658,-0.4624444,-0.46286577,-0.46374956,-0.47111073,-0.4681944,-0.47002816,-0.47189236,-0.47534037,-0.4773024,-0.48189268,-0.48090887,-0.47948027,-0.47643137,-0.48002505,-0.48255664,-0.48349085,-0.48564553,-0.48610896,-0.49343747,-0.49620724,-0.4976043,-0.5002955,-0.49911815,-0.502817,-0.50540215,-0.50543916,-0.5099095,-0.51250523,-0.51236075,-0.5136088,-0.5163499,-0.5185943,-0.5186271,-0.51901853,-0.5220579,-0.5273093,-0.53368443,-0.5330559,-0.53395754
104,0.98610103,0.9492973,0.91518974,0.88413227,0.8444726,0.8065649,0.77529967,0.7413288,0.7070583,0.6798202,0.64611465,0.6098676,0.5768951,0.54364586,0.5154546,0.48657784,0.46667773,0.43951708,0.41907373,0.3901831,0.36720702,0.34553316,0.32251653,0.3048711,0.27917543,0.25985384,0.24113569,0.2214328,0.20252243,0.18275374,0.15802579,0.13913475,0.11996289,0.10330887,0.08311524,0.065236375,0.044263143,0.02794085,0.009462305,-0.008690305,-0.026077121,-0.043827504,-0.0611899,-0.076724805,-0.09316389,-0.11110208,-0.12494451,-0.13841768,-0.15200143,-0.17071089,-0.18545696,-0.20116408,-0.21741848,-0.23107767,-0.24885397,-0.2627682,-0.27839726,-0.30149052,-0.31623763,-0.32626793,-0.3421752,-0.3581952,-0.37309647,-0.3872881,-0.40092865,-0.41454226,-0.42472854,-0.43559226,-0.44768423,-0.46459284,-0.4808007,-0.49234757,-0.5081023,-0.5230688,-0.5368254,-0.5511305,-0.56769705,-0.5781363,-0.59557474,-0.6090066,-0.622952,-0.6340664,-0.6450268,-0.65835863,-0.67380935,-0.6823312,-0.6921517,-0.7079176,-0.71998864,-0.73601687,-0.74854505,-0.76248485,-0.772439,-0.786337,-0.8011767,-0.814246,-0.8278562,-0.83565223,-0.8423635,-0.8581001,-0.86942613,-0.88099337,-0.8914989,-0.9005758,-0.9140476,-0.9233586,-0.93492043,-0.9488926,-0.95998824,-0.9699875,-0.9847683,-0.991734,-0.9973114,-1.0089362,-1.0148996,-1.022269,-1.0327634,-1.040685,-1.0523869,-1.0623777
105,0.6820621,0.6822059,0.67513573,0.6788014,0.6779884,0.6813845,0.67831784,0.6788975,0.67936134,0.6733455,0.6738474,0.67373025,0.67111045,0.6675989,0.66940665,0.6666913,0.6687255,0.66571516,0.668186,0.66466045,0.6650914,0.6654295,0.6679928,0.66926426,0.66703033,0.6722814,0.67460376,0.67157984,0.6726879,0.67768,0.6764642,0.678337,0.67835075,0.6783279,0.6818992,0.6840582,0.68810207,0.69294137,0.69444084,0.69559735,0.69846356,0.70621365,0.7091332,0.71103173,0.7133468,0.7138132,0.71632874,0.7210229,0.7233849,0.72734123,0.72741073,0.7278297,0.72953284,0.73037815,0.73164284,0.73441976,0.73532104,0.7369021,0.74070895,0.7421696,0.74749726,0.7468926,0.7483953,0.7536642,0.7523202,0.75391316,0.7546754,0.75109994,0.7532153,0.75808233,0.75819093,0.7583817,0.7581457,0.7514278,0.7514202,0.75469637,0.757552,0.76178545,0.7660446,0.7672217,0.76902425,0.7698549,0.76959103,0.77219486,0.77362,0.7793921,0.78268945,0.78465784,0.78455585,0.78437555,0.7854566,0.7859461,0.7886141,0.7875253,0.79071134,0.7961564,0.7978416,0.79951596,0.79895884,0.8012355,0.79819375,0.79700345,0.79881394,0.79626024,0.79783237,0.79981655,0.8004464,0.79899675,0.7987822,0.7998013,0.8001851,0.80268574,0.8045434,0.8082188,0.80957544,0.812228,0.81315804,0.8130096,0.813272,0.8138321
106,0.24713835,0.24487872,0.24009919,0.23259601,0.22990294,0.22377305,0.22526722,0.22154894,0.22023685,0.22299032,0.22403923,0.21526559,0.20939083,0.20653586,0.20915087,0.21111521,0.21026936,0.21033315,0.20661172,0.20355625,0.19750129,0.1941644,0.1917533,0.18699722,0.18890701,0.1867194,0.18545678,0.18927233,0.18849695,0.1862929,0.18548867,0.18032189,0.18022995,0.18054292,0.1788146,0.17859745,0.18083587,0.17780074,0.17874376,0.18099678,0.17986181,0.1842208,0.18536346,0.18566248,0.18373665,0.18189311,0.18155661,0.18062444,0.188414,0.18999517,0.19092174,0.19058457,0.19199368,0.19226725,0.18979725,0.18937555,0.19153067,0.19120342,0.19279532,0.1922681,0.19343165,0.19227208,0.1931876,0.19353,0.19062242,0.19026552,0.19038244,0.19352156,0.1947013,0.19457904,0.19310202,0.20000717,0.19952615,0.20422442,0.2062914,0.20674738,0.20839015,0.20868666,0.20867391,0.20777866,0.20714836,0.20508695,0.20395307,0.20469292,0.20168623,0.20463483,0.20831075,0.20966272,0.20924504,0.21002181,0.20822966,0.20648055,0.20824721,0.21087584,0.2133435,0.21707754,0.21728902,0.21762018,0.21831171,0.21920212,0.21430159,0.21833685,0.21854258,0.2215335,0.22018333,0.2221787,0.2201271,0.21804413,0.21858816,0.2202378,0.22054414,0.22304812,0.22486,0.22386321,0.22557011,0.22634658,0.22846374,0.23246205,0.23489162,0.2361668
107,0.37247798,0.37079173,0.37118822,0.36882576,0.3685535,0.36679128,0.3590178,0.34960777,0.34692943,0.33782953,0.33256707,0.32461324,0.3154448,0.30392188,0.30112293,0.28918117,0.28403035,0.28095397,0.2790811,0.27366123,0.27081993,0.2642038,0.25925213,0.25092113,0.24646702,0.23883197,0.22949393,0.2248437,0.2233355,0.21675996,0.21451804,0.20751789,0.20558977,0.20468347,0.19979927,0.19389454,0.18965809,0.18491432,0.18310323,0.17849603,0.17382681,0.17186926,0.16628757,0.16261157,0.15745826,0.15669149,0.1513345,0.14813526,0.14686246,0.14786139,0.14639553,0.14310178,0.14188473,0.13978317,0.13806865,0.13401587,0.12816271,0.12722231,0.124633834,0.12376082,0.117331766,0.1127284,0.112275444,0.11181639,0.10378723,0.100879155,0.09601308,0.09273675,0.09220834,0.08913315,0.08525015,0.08468507,0.08001907,0.08099234,0.08003344,0.07449281,0.06980224,0.067974195,0.057725172,0.05792023,0.055198163,0.05344681,0.05036515,0.04799319,0.042636175,0.040473647,0.037390046,0.035341017,0.03927852,0.037015647,0.033951685,0.03310888,0.0283974,0.025979877,0.020471836,0.0198471,0.015637422,0.013120607,0.015475313,0.014092092,0.007867055,0.0034139603,0.0005443424,-0.0036874167,-0.00960307,-0.01148537,-0.008569499,-0.0116096195,-0.014318386,-0.015319449,-0.017941654,-0.016843235,-0.023815665,-0.025039077,-0.02584433,-0.028907206,-0.032613743,-0.046047807,-0.04491487,-0.048846867
108,2.5723855,2.5400956,2.511085,2.4923663,2.471911,2.4382899,2.4134173,2.3964715,2.3708146,2.352879,2.3328846,2.3067873,2.2896276,2.282744,2.260489,2.2525299,2.237336,2.2288291,2.2080827,2.1937509,2.1855876,2.1769688,2.1661732,2.1528182,2.1441379,2.1361125,2.1283164,2.1127276,2.1081538,2.0945258,2.081292,2.075632,2.0676246,2.0640168,2.053287,2.048139,2.0417933,2.0384307,2.0305169,2.0229657,2.0233808,2.0199237,2.0160918,2.0170183,2.0125751,2.00922,2.0076728,2.0077171,1.9974715,1.9902058,1.9879501,1.9838264,1.9823859,1.982551,1.9822176,1.9830471,1.9724821,1.9631329,1.9618422,1.963842,1.9601991,1.9552381,1.949094,1.9500765,1.9445131,1.9433079,1.9410824,1.9383876,1.9398409,1.9379238,1.9332678,1.9284637,1.9281193,1.9237932,1.9220384,1.9202373,1.9164371,1.9089687,1.9044333,1.9025291,1.8969065,1.8964036,1.8899876,1.8857975,1.887531,1.8865664,1.8851557,1.8871485,1.8790077,1.8752972,1.8745133,1.8732752,1.8718971,1.870725,1.8674538,1.8667037,1.864563,1.8657167,1.8558607,1.8550253,1.8519974,1.8505089,1.8461545,1.8419844,1.8411961,1.8365281,1.8330784,1.8278166,1.825371,1.8241907,1.8207973,1.8166285,1.8073021,1.804355,1.8038578,1.7967427,1.7923924,1.7785448,1.7757572,1.769644
109,0.093476884,0.10408588,0.096205756,0.099987715,0.101271294,0.099686325,0.09761177,0.09384072,0.10073571,0.102685034,0.101911664,0.098575026,0.094108604,0.09275104,0.08698486,0.08839424,0.0920947,0.09270717,0.095120385,0.10100462,0.10375144,0.09999405,0.09759135,0.104663506,0.10412183,0.104241654,0.10864882,0.11144592,0.111024156,0.10749896,0.107570544,0.10986421,0.11239163,0.11492588,0.11375727,0.11277479,0.1067088,0.105714545,0.106656864,0.11131654,0.11245964,0.11374877,0.11781432,0.12186535,0.12152692,0.12026949,0.12028985,0.11919607,0.11872977,0.117829524,0.1180381,0.1200216,0.12472514,0.12442356,0.12647471,0.12654686,0.13281295,0.1342636,0.13260153,0.1375966,0.14100578,0.1375376,0.13688663,0.13881865,0.13754511,0.13863489,0.1408372,0.13973574,0.14763516,0.14656125,0.14475021,0.14392307,0.14437665,0.15019384,0.15330255,0.15363899,0.15324509,0.15157992,0.15234771,0.152423,0.15104616,0.14976951,0.15161064,0.14917776,0.14556122,0.1426991,0.14338693,0.14154245,0.13936324,0.13795163,0.13949695,0.13665451,0.13435501,0.13441475,0.1336895,0.13255277,0.13555695,0.13213234,0.12886795,0.12780188,0.124781825,0.12321162,0.12512293,0.12647614,0.12770885,0.12496873,0.1203561,0.11838333,0.11537083,0.11896998,0.12277023,0.120682836,0.11792578,0.115116395,0.1200518,0.12099196,0.12118797,0.11708035,0.12199156,0.12434729
110,0.12138617,0.11583457,0.11123719,0.11728325,0.11668296,0.11648403,0.10551037,0.10406282,0.10454787,0.101485655,0.096760444,0.09326055,0.08452006,0.08566261,0.083487354,0.08194549,0.074639216,0.07507567,0.07674588,0.070745766,0.07259232,0.07070576,0.07219613,0.06588039,0.065411896,0.062454004,0.06298892,0.06118978,0.061885916,0.060696937,0.056516804,0.057939462,0.05695177,0.06292521,0.062197823,0.056685925,0.05794538,0.05563297,0.05445373,0.05160932,0.04784718,0.043666065,0.042349078,0.037160862,0.0340087,0.033756703,0.032646444,0.033405464,0.024165591,0.019534826,0.01643905,0.014280389,0.013817951,0.010161005,0.0075950054,0.0033489843,0.0041371686,-0.000499396,-0.0017524395,-0.0015907877,-0.005453122,-0.007173567,-0.010232346,-0.010321406,-0.01172726,-0.017301392,-0.02229022,-0.03046515,-0.03098988,-0.035601877,-0.041490145,-0.049164962,-0.05243671,-0.04999693,-0.05275491,-0.055137843,-0.06228139,-0.0658849,-0.06948834,-0.073056385,-0.07629367,-0.07811041,-0.08051386,-0.083991684,-0.09221248,-0.09662904,-0.1019976,-0.10612202,-0.10649922,-0.11361964,-0.11960924,-0.12456907,-0.13013187,-0.13188565,-0.13059846,-0.13583362,-0.14237377,-0.14888024,-0.15321532,-0.15679717,-0.16177705,-0.16590995,-0.17015895,-0.1740354,-0.17624094,-0.17710373,-0.17563507,-0.18149087,-0.18666634,-0.19078168,-0.1950762,-0.19563648,-0.19905488,-0.20542797,-0.21117046,-0.21648076,-0.22180319,-0.22933082,-0.23129508,-0.24128282
111,0.799287,0.7825266,0.76148057,0.73620355,0.718375,0.7005882,0.67966956,0.6603809,0.6484357,0.63010556,0.6121129,0.6032008,0.5878956,0.57319564,0.55617315,0.5351369,0.52138364,0.5144669,0.49978632,0.48762542,0.47511047,0.4609646,0.4460681,0.43718377,0.42454642,0.41229135,0.40368825,0.38592634,0.37243813,0.35811445,0.34546658,0.33451423,0.32319763,0.31288826,0.30322927,0.2927387,0.2738113,0.26134652,0.25042135,0.24128142,0.22761889,0.22023685,0.21291757,0.20164323,0.19264641,0.18074305,0.17065756,0.1632044,0.15371417,0.14384744,0.13382185,0.124199964,0.114756286,0.101798736,0.08655338,0.07535425,0.07092278,0.061027896,0.049371634,0.0399575,0.030348513,0.018343097,0.008925594,-0.002541248,-0.01021793,-0.020685453,-0.02821954,-0.03895349,-0.043623153,-0.054321848,-0.067547016,-0.07487251,-0.086704284,-0.09749426,-0.106443286,-0.11401465,-0.121744,-0.12649153,-0.13339227,-0.14045778,-0.1493255,-0.15998428,-0.16927373,-0.17853883,-0.18706757,-0.19651158,-0.20458107,-0.21325922,-0.21809717,-0.22700647,-0.2376307,-0.24531336,-0.25610143,-0.2658866,-0.27290627,-0.27777094,-0.2856608,-0.29388636,-0.3060947,-0.3158013,-0.3235271,-0.3330494,-0.3397285,-0.34805447,-0.35513452,-0.36390004,-0.37364915,-0.3794937,-0.38857368,-0.39472574,-0.40006748,-0.4079233,-0.42028245,-0.431971,-0.43946266,-0.44443637,-0.4521424,-0.46081194,-0.46477437,-0.4724149
112,-0.070426956,-0.071925886,-0.080854535,-0.09406871,-0.10783477,-0.122059345,-0.12855661,-0.13696,-0.14969751,-0.1611817,-0.17191795,-0.18247831,-0.19622332,-0.20591433,-0.21629123,-0.22786117,-0.24035814,-0.24552159,-0.2502245,-0.25440118,-0.2585569,-0.2686934,-0.276798,-0.28705278,-0.29281822,-0.3011313,-0.3088841,-0.31533274,-0.31890538,-0.33386856,-0.34731263,-0.35296792,-0.35813832,-0.3640568,-0.37360197,-0.38268036,-0.387576,-0.39786935,-0.40492782,-0.41458336,-0.4252852,-0.42741627,-0.4314069,-0.4385456,-0.44412866,-0.45162696,-0.45911145,-0.46307725,-0.46126205,-0.4681076,-0.47177902,-0.47949648,-0.48585,-0.493548,-0.50090146,-0.505904,-0.50561035,-0.50832117,-0.5157428,-0.52102214,-0.5269376,-0.5316135,-0.5345216,-0.5397367,-0.542482,-0.5470901,-0.5442819,-0.5484687,-0.5524074,-0.56003803,-0.568743,-0.57365143,-0.5754524,-0.578246,-0.57949746,-0.58604133,-0.5892426,-0.59484166,-0.60299355,-0.606823,-0.6148905,-0.62005126,-0.6268832,-0.6258432,-0.6342553,-0.6334927,-0.63547456,-0.6404902,-0.6380145,-0.64506614,-0.65158904,-0.65320015,-0.65582764,-0.6595734,-0.659764,-0.66433084,-0.6706811,-0.67517745,-0.6766984,-0.682738,-0.6881984,-0.69522893,-0.6982424,-0.7028528,-0.70898277,-0.7093993,-0.7146646,-0.7141114,-0.71823376,-0.7242401,-0.7263738,-0.72778714,-0.7271654,-0.73278236,-0.7379197,-0.7407388,-0.7457811,-0.7496761,-0.7544013,-0.75900364
113,3.5648751,3.539761,3.5062053,3.4829342,3.4524467,3.4162667,3.3869019,3.3652554,3.3397472,3.3114002,3.2924488,3.2664814,3.2508035,3.2385952,3.2199757,3.2026641,3.1840835,3.1727853,3.154488,3.1335258,3.1159487,3.0965924,3.0789223,3.0651631,3.0450318,3.0292716,3.0184662,3.0017018,2.9958024,2.9786837,2.965083,2.956671,2.944788,2.9354463,2.925012,2.9123359,2.9010513,2.893632,2.8833451,2.8762705,2.875909,2.8674026,2.8605409,2.855433,2.8507721,2.8411927,2.8383727,2.8325334,2.8188276,2.8063288,2.7988381,2.7947974,2.7908807,2.7834764,2.7753701,2.7730668,2.7519758,2.7370954,2.7332911,2.7296283,2.7231445,2.708282,2.700779,2.6973586,2.6860096,2.6800177,2.6642342,2.6574404,2.6520743,2.6469665,2.6388412,2.6239195,2.6153817,2.6017468,2.5941195,2.5879586,2.58197,2.5698538,2.5612745,2.558938,2.547649,2.5384474,2.529842,2.5243182,2.5112357,2.4990327,2.4928477,2.4901688,2.476599,2.4725792,2.465592,2.455287,2.4497218,2.4478283,2.4384415,2.4343617,2.4314492,2.4214606,2.4099658,2.4030519,2.3957868,2.386349,2.3795352,2.3682802,2.3583133,2.3515403,2.3423135,2.3328223,2.3253255,2.323747,2.3162153,2.3004603,2.2877536,2.2859228,2.280107,2.2746918,2.2623389,2.2462623,2.2450345,2.2348952
114,4.195014,4.152236,4.105027,4.071273,4.031451,3.9899616,3.956344,3.9282022,3.8916192,3.8578553,3.8374627,3.807727,3.786885,3.7682552,3.7416584,3.7203224,3.690244,3.679528,3.6541417,3.6274486,3.6095421,3.5958009,3.5792394,3.5630863,3.5419726,3.514796,3.5030282,3.4881625,3.479882,3.4609375,3.4478836,3.436065,3.4236634,3.4137375,3.3964443,3.388728,3.3740094,3.3672645,3.3599815,3.3532345,3.3505607,3.344413,3.3393924,3.334437,3.3301926,3.3218505,3.3154209,3.3134696,3.2909744,3.275095,3.2659423,3.260334,3.253819,3.2506669,3.2442589,3.242857,3.2229538,3.20515,3.200777,3.1978765,3.189694,3.1811032,3.1716244,3.1682754,3.1656568,3.162541,3.1547167,3.1478436,3.1420658,3.1390471,3.131804,3.1130652,3.1045325,3.092649,3.0881093,3.083041,3.0866845,3.07556,3.0660613,3.0619247,3.0508542,3.0475154,3.0378346,3.034909,3.0260024,3.0172546,3.011813,3.0089924,2.9976068,2.9921393,2.9862623,2.981789,2.9767492,2.970118,2.9589,2.9522126,2.9479542,2.940074,2.9298751,2.924356,2.9182713,2.9143333,2.9094274,2.9039624,2.8948884,2.8884969,2.8793964,2.8742359,2.8727577,2.8676548,2.864511,2.8429918,2.8321924,2.8276997,2.8241,2.8189874,2.8148065,2.795878,2.7910018,2.7861533
115,1.9071577,1.8900726,1.8694885,1.8433459,1.8241688,1.7902806,1.7625589,1.7373667,1.7115597,1.7002118,1.6810802,1.6565548,1.637224,1.6214231,1.6022298,1.5740273,1.5518922,1.5389663,1.5191412,1.502981,1.4864471,1.4791785,1.4615726,1.44827,1.4243196,1.402279,1.3901846,1.3759302,1.3644984,1.3513973,1.3371803,1.3233016,1.3120174,1.300192,1.2884905,1.2765003,1.2619939,1.2551343,1.2446474,1.234761,1.2278388,1.215729,1.2056143,1.194065,1.1867131,1.1802169,1.1739324,1.1639291,1.1498382,1.1408066,1.1312164,1.1217253,1.1148553,1.1085356,1.0980337,1.0886523,1.0789791,1.0671074,1.0620835,1.0557573,1.0469177,1.0380995,1.0267197,1.0224013,1.0129565,1.0071899,1.000066,0.99515164,0.99259406,0.98588145,0.9796611,0.9701031,0.9608137,0.9479453,0.9395628,0.9377216,0.92965806,0.9252695,0.91683847,0.91048014,0.90700036,0.9001026,0.9001015,0.8947115,0.8839858,0.8802487,0.8775083,0.87185556,0.8718313,0.865286,0.8645935,0.8598366,0.8560462,0.85275155,0.8482895,0.84361565,0.8415052,0.8416336,0.8416497,0.8386658,0.8314298,0.8261116,0.8231742,0.8188917,0.8109201,0.8072249,0.8049489,0.80011064,0.79926395,0.7956772,0.7916934,0.7839103,0.77708757,0.7728935,0.7688446,0.7631985,0.7554283,0.74839777,0.7428573,0.7356117
116,2.3211856,2.278606,2.2414072,2.2012699,2.1664338,2.1304727,2.0932655,2.0624943,2.0226455,1.9960968,1.9674774,1.9334371,1.9124196,1.8878769,1.864489,1.8456526,1.8169845,1.7956976,1.7704725,1.7476609,1.7232869,1.7033923,1.6884264,1.6742691,1.6525075,1.6319008,1.6189854,1.6010549,1.586715,1.5722992,1.555942,1.5402029,1.520626,1.5058835,1.4874948,1.4733262,1.4586011,1.4503502,1.4388077,1.4300017,1.4225504,1.4105774,1.4049016,1.4015963,1.3961781,1.3884505,1.3802158,1.3718379,1.3523285,1.3456734,1.3378341,1.3313167,1.3245227,1.3203073,1.3139166,1.3080962,1.295317,1.2840139,1.2783566,1.2749748,1.2621462,1.2538214,1.2448274,1.2382052,1.2354653,1.2306522,1.224944,1.2185891,1.215799,1.2109606,1.2044697,1.1917721,1.1868782,1.176156,1.1715057,1.166544,1.1627226,1.1561971,1.1530509,1.1487345,1.1428063,1.1388392,1.1360179,1.1352551,1.1278155,1.1241446,1.1208075,1.1177719,1.109941,1.1051862,1.1014646,1.0971243,1.1004975,1.0979558,1.093138,1.0891647,1.0894297,1.0850265,1.0807492,1.0763162,1.0687346,1.0672143,1.0649116,1.0604424,1.0572953,1.0568894,1.0543787,1.0524907,1.0483567,1.0464231,1.0466138,1.0359237,1.0332345,1.0289714,1.0256447,1.0231078,1.020581,1.0177147,1.0157192,1.0108436
117,-0.4776516,-0.47975197,-0.49016637,-0.49046654,-0.4994669,-0.51029015,-0.5084543,-0.5130251,-0.5131651,-0.5179175,-0.5201992,-0.52294946,-0.5287058,-0.53351134,-0.53701884,-0.5367905,-0.544452,-0.54835224,-0.5519801,-0.5558822,-0.55529934,-0.5588497,-0.56282246,-0.56964123,-0.5760705,-0.58634084,-0.58558244,-0.5876799,-0.59074455,-0.59344304,-0.5976624,-0.6006157,-0.6005892,-0.6050001,-0.6095658,-0.6147275,-0.61882627,-0.6217767,-0.62467015,-0.6254366,-0.6283229,-0.6292628,-0.6314392,-0.6326437,-0.6356333,-0.64032876,-0.64428896,-0.6450163,-0.6407959,-0.6408798,-0.64550436,-0.6480029,-0.6513386,-0.6516067,-0.6525453,-0.6535093,-0.6522575,-0.6522703,-0.6558371,-0.6582378,-0.65792614,-0.6640108,-0.6653702,-0.66621625,-0.66899,-0.67121136,-0.6667186,-0.6656802,-0.6638394,-0.663239,-0.66397303,-0.66463983,-0.6611288,-0.6633933,-0.6645804,-0.6650992,-0.66556656,-0.6670999,-0.6675179,-0.6698856,-0.66990197,-0.6722003,-0.6714838,-0.6718822,-0.6723992,-0.6710101,-0.67407227,-0.6743051,-0.67246926,-0.67399514,-0.67600596,-0.6720046,-0.6739608,-0.6710633,-0.6690816,-0.66620994,-0.6633633,-0.6656577,-0.6682261,-0.66882503,-0.6661716,-0.6660785,-0.6654152,-0.66345286,-0.6657514,-0.666667,-0.6640278,-0.6585337,-0.6576246,-0.6579838,-0.6570803,-0.65386105,-0.654605,-0.65491766,-0.6558232,-0.65637624,-0.6550615,-0.6630759,-0.65856826,-0.6613475
118,-0.21001711,-0.21278849,-0.21101093,-0.20720032,-0.2122256,-0.21293314,-0.21509948,-0.21207407,-0.20871444,-0.20131436,-0.2007862,-0.1969162,-0.20375812,-0.19944918,-0.19870958,-0.20436664,-0.20850842,-0.20831911,-0.2082134,-0.2098873,-0.20704107,-0.20414782,-0.20756483,-0.20624098,-0.20876002,-0.21077338,-0.20789461,-0.20941874,-0.2082529,-0.20915785,-0.21120481,-0.20851116,-0.20834295,-0.20753953,-0.21363847,-0.21263385,-0.20954566,-0.20692155,-0.20966974,-0.20746951,-0.20837513,-0.20797293,-0.20681591,-0.2044801,-0.2054265,-0.20412402,-0.20114687,-0.19701163,-0.18965499,-0.18583572,-0.18284997,-0.18555765,-0.18476537,-0.18216448,-0.1821276,-0.17850907,-0.1783014,-0.17561541,-0.17576592,-0.17209177,-0.16831619,-0.16624208,-0.16217068,-0.15813251,-0.15841123,-0.15591908,-0.14930928,-0.14551732,-0.14363435,-0.14193,-0.1412893,-0.13663563,-0.12884621,-0.1279526,-0.12785627,-0.12414986,-0.12308593,-0.116033375,-0.114621565,-0.11189346,-0.10636815,-0.104691125,-0.10462626,-0.10510844,-0.099114165,-0.09307305,-0.08568992,-0.084229045,-0.08689317,-0.084027335,-0.08187382,-0.07754717,-0.07560574,-0.0726893,-0.06531711,-0.061704308,-0.057826936,-0.054902084,-0.05054822,-0.045439295,-0.03626334,-0.03285396,-0.025441295,-0.02026231,-0.016822074,-0.013673512,-0.006699675,-0.0041513913,-0.0005730417,0.0018437721,0.007653035,0.010532531,0.011941131,0.017868936,0.020851154,0.026847769,0.029221004,0.033793185,0.04134571,0.044916045
119,0.5004893,0.49857458,0.49266177,0.49102202,0.48079404,0.46501565,0.44903788,0.43914628,0.43429452,0.41752952,0.40693575,0.40115318,0.38972387,0.38446817,0.37783447,0.37122744,0.3702062,0.36138707,0.35354942,0.34609023,0.33662906,0.32977086,0.3211692,0.31458053,0.30431104,0.30066556,0.29771525,0.28811383,0.28467572,0.28164923,0.27438003,0.26959783,0.2653814,0.2626898,0.25181216,0.24628341,0.23704071,0.23556623,0.23359613,0.2308706,0.2292099,0.227042,0.22205453,0.21854071,0.21426864,0.21143353,0.20753026,0.20827027,0.20311078,0.2006681,0.20066074,0.19752958,0.19281289,0.18893051,0.18723771,0.18504374,0.18378015,0.17905991,0.17453797,0.17379895,0.17207077,0.17157224,0.17253888,0.17115492,0.17041077,0.17028525,0.1647898,0.16370872,0.16664012,0.16881302,0.16868664,0.16301131,0.15956873,0.1629475,0.16131379,0.16048868,0.15847076,0.15958507,0.16243781,0.16347778,0.16353956,0.16481158,0.16558085,0.16577967,0.16352966,0.16025375,0.16373886,0.1637723,0.16391635,0.15672834,0.15816024,0.16261229,0.15863904,0.16016664,0.16594741,0.16577318,0.1669549,0.16729395,0.16450115,0.1643967,0.15940723,0.15862346,0.15863144,0.16048498,0.15945491,0.16549544,0.16039029,0.1610945,0.15943292,0.15908813,0.16219914,0.15996894,0.15625668,0.15672697,0.15685093,0.15502778,0.15843785,0.15276855,0.15159452,0.15360495
120,0.06367815,0.04921986,0.030106341,0.011311721,0.0002012277,-0.005483056,-0.012776363,-0.021993358,-0.030390317,-0.042540003,-0.059271973,-0.07409048,-0.0845169,-0.10435077,-0.119926296,-0.13351013,-0.13808694,-0.1456667,-0.1535968,-0.15800482,-0.16560803,-0.17577997,-0.18743417,-0.19822133,-0.20629306,-0.21693043,-0.22050361,-0.22610918,-0.23235476,-0.2368587,-0.23981073,-0.24458504,-0.2504373,-0.25705394,-0.26321208,-0.27278072,-0.28485766,-0.29152668,-0.29488236,-0.30325875,-0.31359783,-0.3162281,-0.32071385,-0.32796228,-0.33517405,-0.34242135,-0.34943736,-0.35009462,-0.35360867,-0.35660082,-0.36447844,-0.3718595,-0.37391078,-0.38201383,-0.38977078,-0.39373028,-0.40038306,-0.40378565,-0.41160148,-0.41707286,-0.42227903,-0.42676568,-0.42967695,-0.437183,-0.43872437,-0.445815,-0.45161995,-0.45539293,-0.45563984,-0.46210346,-0.46935266,-0.47531533,-0.48139438,-0.4845918,-0.48830137,-0.4936172,-0.49819335,-0.49859023,-0.49850258,-0.50033605,-0.50642467,-0.5111605,-0.5192586,-0.5232795,-0.533014,-0.5372334,-0.5409291,-0.54486185,-0.55210555,-0.55711216,-0.5608203,-0.5624918,-0.5655443,-0.5651796,-0.561822,-0.5650459,-0.56765133,-0.57165396,-0.5790101,-0.5805571,-0.5844325,-0.5882231,-0.5897457,-0.59158874,-0.5950883,-0.5958086,-0.59749913,-0.5940161,-0.5987309,-0.5987279,-0.6009815,-0.6032959,-0.60543483,-0.6054866,-0.6047538,-0.60671663,-0.60530543,-0.6064618,-0.60704976,-0.6115886
121,-1.0405656,-1.0438585,-1.0398424,-1.0405126,-1.044863,-1.0452528,-1.0481907,-1.057709,-1.0666957,-1.060428,-1.0723944,-1.0750688,-1.081167,-1.0845635,-1.0926926,-1.1034046,-1.1085923,-1.1213917,-1.1325169,-1.1374282,-1.1429186,-1.1418453,-1.1490306,-1.1505811,-1.1546094,-1.1577721,-1.161824,-1.1720376,-1.1754516,-1.178989,-1.18137,-1.1873283,-1.1906711,-1.1986744,-1.2068676,-1.2077984,-1.2139151,-1.2169901,-1.2194296,-1.2202876,-1.2253716,-1.2285386,-1.2326295,-1.2372246,-1.2401038,-1.2424879,-1.2470026,-1.2498175,-1.2527668,-1.249666,-1.2494959,-1.2529256,-1.2584479,-1.2622378,-1.2638848,-1.2682793,-1.2647283,-1.267197,-1.270665,-1.2656736,-1.2693276,-1.2704463,-1.270304,-1.2734677,-1.2736231,-1.2786676,-1.2763202,-1.2748411,-1.2744846,-1.2779585,-1.2770917,-1.2766832,-1.2751534,-1.2718755,-1.2723525,-1.2745934,-1.2740531,-1.2712429,-1.2752002,-1.2766268,-1.2785547,-1.2769914,-1.2778796,-1.2701242,-1.2708468,-1.2697482,-1.266413,-1.2670346,-1.2599767,-1.2628086,-1.2589982,-1.2535732,-1.2539192,-1.2527288,-1.2499266,-1.2473156,-1.2470853,-1.2454526,-1.245546,-1.2420504,-1.2438128,-1.24666,-1.2438216,-1.2420624,-1.2431729,-1.2396897,-1.2373894,-1.2323377,-1.2321575,-1.2342823,-1.2324638,-1.2298508,-1.2203496,-1.2154224,-1.2124286,-1.2095954,-1.2082698,-1.2016646,-1.1984562,-1.195143
122,-1.0283195,-1.0426933,-1.053387,-1.0698017,-1.0911156,-1.1022044,-1.1055257,-1.1224577,-1.1432722,-1.154691,-1.1644423,-1.1785719,-1.1918054,-1.2063377,-1.2163503,-1.2286457,-1.23636,-1.2449579,-1.2543504,-1.2559384,-1.2627286,-1.2747602,-1.2872185,-1.2919366,-1.303166,-1.3076259,-1.3172575,-1.3268394,-1.3333147,-1.3376317,-1.3445673,-1.3533311,-1.360389,-1.3684853,-1.3767532,-1.3824413,-1.388634,-1.3893026,-1.3956001,-1.3995119,-1.4072783,-1.4076349,-1.414352,-1.4182341,-1.4193752,-1.4216826,-1.4255038,-1.4298553,-1.4303098,-1.431797,-1.4356966,-1.4407529,-1.4445188,-1.4504331,-1.4510968,-1.454354,-1.4504812,-1.4478186,-1.4491494,-1.4485221,-1.4490405,-1.449084,-1.446051,-1.449878,-1.452029,-1.4552577,-1.4549987,-1.4544117,-1.4525789,-1.4519669,-1.4550617,-1.4561313,-1.4550861,-1.4547818,-1.4540999,-1.4524137,-1.4528291,-1.4471796,-1.4442104,-1.4391288,-1.4355881,-1.4341105,-1.4353096,-1.4305956,-1.4255825,-1.4182667,-1.4154856,-1.4162619,-1.4121002,-1.4131033,-1.4135292,-1.4093903,-1.4075673,-1.4052465,-1.4019105,-1.400622,-1.396502,-1.3962407,-1.3891256,-1.3886825,-1.385576,-1.3817258,-1.375734,-1.3700461,-1.3695805,-1.3669795,-1.3624073,-1.3586222,-1.3552614,-1.3534477,-1.3544811,-1.3483853,-1.3503091,-1.3453828,-1.3413017,-1.3386102,-1.3353168,-1.3298013,-1.325627,-1.3208276
123,-0.5708582,-0.5729548,-0.57547873,-0.5792586,-0.5861,-0.5947255,-0.58814996,-0.59656847,-0.60408384,-0.61749804,-0.6218864,-0.62591994,-0.6340761,-0.64263105,-0.64620465,-0.64981383,-0.6545552,-0.66132283,-0.6622943,-0.66149646,-0.65994304,-0.66403234,-0.6683258,-0.671568,-0.679905,-0.68315613,-0.6872779,-0.6878146,-0.695457,-0.70129615,-0.7071374,-0.7111193,-0.714254,-0.7159604,-0.72002643,-0.7233161,-0.7294787,-0.7347165,-0.73784435,-0.73756653,-0.74397993,-0.7467228,-0.75111747,-0.7528843,-0.7579691,-0.7600909,-0.7620649,-0.76509005,-0.76046145,-0.76029503,-0.76317585,-0.7631952,-0.7649768,-0.7702667,-0.76929307,-0.7714416,-0.7650334,-0.762222,-0.7643342,-0.76425314,-0.76133597,-0.76252615,-0.7672709,-0.77013886,-0.77346337,-0.77593267,-0.77060163,-0.772437,-0.76954806,-0.7712434,-0.77512205,-0.76689875,-0.76561993,-0.7584076,-0.7600384,-0.7567852,-0.75381833,-0.7546795,-0.7510641,-0.75153005,-0.74780697,-0.74611413,-0.74331295,-0.7442996,-0.74087447,-0.7348698,-0.73132485,-0.7333368,-0.7313329,-0.73186004,-0.73232126,-0.7296971,-0.73011404,-0.7290823,-0.72027415,-0.719403,-0.71847916,-0.71307075,-0.71586704,-0.7158084,-0.7162746,-0.71385753,-0.7123052,-0.71175826,-0.70904475,-0.70596445,-0.7030373,-0.70169336,-0.70038855,-0.699224,-0.69530034,-0.6895189,-0.6864966,-0.68534577,-0.6827948,-0.6784862,-0.67989147,-0.67728686,-0.67529404,-0.6710068
124,-0.41661173,-0.42863783,-0.44073343,-0.4623774,-0.47949123,-0.4903559,-0.50198966,-0.5172753,-0.5264169,-0.535679,-0.544643,-0.5559017,-0.5662442,-0.5824788,-0.5890001,-0.5981149,-0.6111566,-0.6190537,-0.63569415,-0.6430043,-0.6518253,-0.6581696,-0.6676461,-0.6744625,-0.68143326,-0.6874151,-0.6918126,-0.7011339,-0.7100494,-0.7158979,-0.72076833,-0.7278647,-0.73256004,-0.73879313,-0.7453458,-0.749153,-0.7546116,-0.7615793,-0.7670549,-0.77345,-0.7836739,-0.7865348,-0.79074556,-0.79604423,-0.80446064,-0.8097256,-0.81809986,-0.820236,-0.817114,-0.8231282,-0.82873094,-0.835611,-0.8433525,-0.8497162,-0.856246,-0.8590504,-0.8576776,-0.85833865,-0.8678759,-0.8737634,-0.87658656,-0.88340837,-0.8906007,-0.897126,-0.9024948,-0.90963775,-0.9117322,-0.9183733,-0.92033195,-0.9239656,-0.93266165,-0.930147,-0.93349254,-0.9302624,-0.93465996,-0.93528765,-0.93570936,-0.9351533,-0.943618,-0.94836396,-0.95213544,-0.9557455,-0.95907325,-0.9617421,-0.9613884,-0.9626516,-0.9650203,-0.97386396,-0.97583294,-0.9810564,-0.9872898,-0.9875239,-0.98933715,-0.9878558,-0.98301774,-0.98537123,-0.99028426,-0.9916738,-0.9913619,-0.995725,-0.9928068,-0.9962222,-0.99811715,-1.0017364,-1.0053005,-1.0062066,-1.0067359,-1.006016,-1.0099652,-1.0169553,-1.0154089,-1.0151058,-1.0176321,-1.022414,-1.0282993,-1.0271814,-1.0280216,-1.0259745,-1.0267017,-1.0310568
125,-0.53382504,-0.52543104,-0.51581156,-0.5088445,-0.50698984,-0.50295067,-0.48621455,-0.47657403,-0.46094728,-0.45675808,-0.4480447,-0.43870354,-0.42227468,-0.41577393,-0.40901408,-0.404318,-0.39515704,-0.3873784,-0.37745133,-0.36677593,-0.35408616,-0.34893483,-0.34283972,-0.3353662,-0.3226605,-0.31491166,-0.30606884,-0.2987997,-0.2938745,-0.2864843,-0.2845382,-0.28126472,-0.2796146,-0.27312988,-0.27012157,-0.26551908,-0.25880623,-0.2565679,-0.25344095,-0.25125462,-0.24666353,-0.23886201,-0.23669723,-0.23518129,-0.23237427,-0.2298939,-0.22776985,-0.22198167,-0.21110296,-0.20680122,-0.20222092,-0.19939624,-0.19749871,-0.19267611,-0.18799242,-0.1844947,-0.1750836,-0.17758922,-0.17475349,-0.17306392,-0.16605929,-0.16125938,-0.15550156,-0.15137409,-0.14771365,-0.14184633,-0.13728061,-0.13984355,-0.13279273,-0.12925234,-0.12637857,-0.12581976,-0.12328552,-0.110479966,-0.10889542,-0.107330345,-0.100373134,-0.09943992,-0.09588804,-0.091538996,-0.08416594,-0.08199542,-0.07301849,-0.06594336,-0.061677516,-0.05678918,-0.05118727,-0.049747553,-0.048887357,-0.049010936,-0.046923134,-0.046079647,-0.041993417,-0.040003944,-0.037665844,-0.03481544,-0.028138122,-0.023129769,-0.018812217,-0.017857704,-0.013395337,-0.011691233,-0.009059178,-0.0072561456,-0.005129608,0.00039491506,-0.0008261114,-0.0029544546,0.0013462976,0.0033847229,0.008184671,0.010735286,0.014668221,0.015552811,0.01955476,0.021207923,0.019715637,0.02371397,0.02666076,0.025948301
126,0.0059437747,0.013897799,0.021799916,0.030639008,0.04026397,0.043981124,0.0524068,0.059212454,0.060410947,0.0627038,0.071030974,0.074950725,0.082198024,0.09048109,0.10052484,0.10475384,0.11154018,0.11783908,0.12239041,0.12826742,0.13872534,0.14482383,0.15130349,0.15915498,0.16584828,0.17293756,0.17967983,0.18601596,0.19206202,0.20425253,0.20842929,0.21453588,0.21838553,0.2247518,0.23128554,0.2358882,0.24205706,0.24715094,0.25399742,0.2590981,0.26617956,0.27621752,0.2824622,0.28600514,0.2889787,0.29681045,0.3042552,0.30965477,0.3141058,0.31460658,0.32210326,0.32678723,0.33072802,0.3365073,0.34134156,0.34692723,0.3519487,0.35587072,0.36266413,0.36679703,0.36903235,0.371337,0.38004044,0.38917726,0.3962026,0.40203452,0.40434343,0.40654904,0.41826114,0.42340463,0.4263524,0.4311985,0.4364861,0.44353667,0.45150024,0.45283014,0.4565805,0.46133405,0.46624914,0.47358686,0.47653866,0.4794232,0.4895206,0.49372903,0.5012318,0.5035456,0.5100297,0.5123279,0.5171939,0.51890075,0.5226418,0.5260292,0.53079057,0.537123,0.5410347,0.5425159,0.5492229,0.5538237,0.55761796,0.5603999,0.5632458,0.5680399,0.5739477,0.5773036,0.5801619,0.5866333,0.59321535,0.5936798,0.5970507,0.6016103,0.60544306,0.6059601,0.6086723,0.6098427,0.6151493,0.6170691,0.614321,0.6117335,0.61466914,0.6143066
127,0.33212087,0.30694443,0.2866512,0.26424918,0.24138434,0.22096038,0.201683,0.1790081,0.15643539,0.14102146,0.124081865,0.106858395,0.08579375,0.067254215,0.052143943,0.039794482,0.023670236,0.005164619,-0.0073861084,-0.018290762,-0.035068415,-0.03918107,-0.051487725,-0.06661045,-0.081806,-0.09517919,-0.10595703,-0.11534135,-0.12588978,-0.13787594,-0.1505142,-0.1624808,-0.17079464,-0.1834768,-0.19333768,-0.20242652,-0.21195014,-0.22011563,-0.2305791,-0.23751672,-0.24437991,-0.25029644,-0.25744444,-0.2670446,-0.27501866,-0.28093636,-0.28645143,-0.2929815,-0.2963028,-0.30317178,-0.31191078,-0.32080904,-0.32793182,-0.33431196,-0.33724135,-0.34618074,-0.34544104,-0.34896952,-0.3538133,-0.35656795,-0.36744547,-0.37034374,-0.37083703,-0.37617743,-0.37822902,-0.38128245,-0.37758264,-0.37921685,-0.37617573,-0.38132003,-0.38492256,-0.38230386,-0.38667005,-0.38879687,-0.39388493,-0.39335546,-0.39872104,-0.3950736,-0.39618105,-0.40039438,-0.40888524,-0.41325575,-0.41497904,-0.41559786,-0.41978613,-0.4227578,-0.42500067,-0.43138614,-0.43136245,-0.43496704,-0.43989745,-0.44117147,-0.44423905,-0.4476921,-0.44992208,-0.45345932,-0.45474833,-0.45552093,-0.4557743,-0.45802814,-0.46391982,-0.4675685,-0.46788654,-0.467256,-0.46930498,-0.47120875,-0.4703681,-0.47386503,-0.47327018,-0.4752329,-0.47691363,-0.4787984,-0.48227173,-0.48681593,-0.48951417,-0.4893725,-0.49256286,-0.49267048,-0.4940555,-0.503097
128,-0.86589444,-0.87341154,-0.8846773,-0.896358,-0.91643256,-0.93490314,-0.94505775,-0.95698434,-0.96994674,-0.9830378,-0.9966651,-1.0097775,-1.0270295,-1.0368131,-1.0472853,-1.0530903,-1.0608492,-1.070028,-1.0729896,-1.0811026,-1.0890275,-1.1013042,-1.1091955,-1.1153469,-1.121407,-1.1271081,-1.1357942,-1.1414347,-1.1458684,-1.1560788,-1.1652148,-1.1760367,-1.1845882,-1.1940608,-1.1968313,-1.2031807,-1.2117112,-1.2188575,-1.2295085,-1.2353005,-1.2437799,-1.2495645,-1.2529898,-1.261013,-1.268718,-1.2729809,-1.2762783,-1.2829754,-1.2817729,-1.2871401,-1.2907212,-1.2989336,-1.3021623,-1.3089482,-1.3137951,-1.3213843,-1.3264099,-1.3255774,-1.3316516,-1.3354625,-1.3399205,-1.3448757,-1.3435776,-1.3495792,-1.3504393,-1.3570491,-1.3538016,-1.3566202,-1.3551122,-1.358287,-1.3635837,-1.3668997,-1.36966,-1.3661683,-1.3651376,-1.3665358,-1.3679016,-1.3640265,-1.3660713,-1.3704729,-1.37692,-1.3761753,-1.3805206,-1.3778995,-1.3809569,-1.3859998,-1.3886892,-1.3921193,-1.3884699,-1.3924198,-1.3913956,-1.3932179,-1.3958212,-1.3951218,-1.3940333,-1.3960145,-1.3974539,-1.3991214,-1.3959715,-1.3976862,-1.3991759,-1.4044926,-1.402895,-1.4031045,-1.4051081,-1.4070302,-1.4074277,-1.4008459,-1.4027399,-1.4037163,-1.4064609,-1.4045008,-1.4063035,-1.4028257,-1.4018438,-1.3995351,-1.3988986,-1.3936145,-1.391348,-1.3981397
129,-0.26976436,-0.27405113,-0.27845615,-0.27989575,-0.2803361,-0.280891,-0.28275624,-0.28448144,-0.28853238,-0.29203564,-0.29943755,-0.30475098,-0.31339747,-0.31377497,-0.3205709,-0.3237701,-0.32294518,-0.33083853,-0.33651665,-0.33362743,-0.3320542,-0.33419943,-0.33796388,-0.33988255,-0.33742347,-0.33518738,-0.33415604,-0.33336025,-0.33260804,-0.33620533,-0.33466396,-0.33817,-0.33955556,-0.3389427,-0.34177577,-0.339976,-0.33792728,-0.34372646,-0.34439617,-0.34633526,-0.3481068,-0.34528953,-0.3439936,-0.33983797,-0.3428715,-0.34437582,-0.3445805,-0.34065107,-0.33751535,-0.3365966,-0.3357324,-0.33708963,-0.3375985,-0.33872002,-0.33671883,-0.33673722,-0.32705796,-0.32811475,-0.3261279,-0.32081765,-0.3148939,-0.31566015,-0.31246442,-0.30988926,-0.3068629,-0.30520257,-0.29997635,-0.29643133,-0.2900373,-0.29072586,-0.29164517,-0.28659692,-0.28407583,-0.2749783,-0.28008887,-0.27857286,-0.27576074,-0.26909125,-0.26624423,-0.26484898,-0.26183408,-0.26040357,-0.25822872,-0.2566745,-0.25357693,-0.25548568,-0.24692902,-0.24650376,-0.23853989,-0.23749141,-0.23507085,-0.23306894,-0.23213038,-0.22632763,-0.2195758,-0.21528153,-0.21318391,-0.20869255,-0.20954303,-0.2051135,-0.20230477,-0.19884911,-0.2004945,-0.19464813,-0.19509748,-0.19040456,-0.18582723,-0.1851684,-0.18161806,-0.18471523,-0.18151467,-0.17725942,-0.1759946,-0.17470783,-0.17151737,-0.16611381,-0.1636867,-0.15628599,-0.15025115,-0.145699
130,-0.5356621,-0.5312758,-0.52992976,-0.53166413,-0.5413511,-0.55177873,-0.55350226,-0.55838686,-0.56204784,-0.570366,-0.58166665,-0.58899134,-0.5984036,-0.6025326,-0.60939705,-0.6154046,-0.61865973,-0.62937844,-0.63095707,-0.6371854,-0.6440283,-0.64668417,-0.6509714,-0.65236,-0.65305364,-0.6596732,-0.66479063,-0.6726787,-0.67870516,-0.6818445,-0.68558514,-0.6940734,-0.70027834,-0.7026136,-0.7088598,-0.71129966,-0.71638066,-0.71917975,-0.72239864,-0.71804714,-0.72273093,-0.72494805,-0.7286233,-0.7305282,-0.7384614,-0.7407357,-0.7434658,-0.7488065,-0.75160885,-0.7506598,-0.7557888,-0.7574498,-0.7602619,-0.76498497,-0.7660728,-0.7679058,-0.77004105,-0.77203465,-0.77329797,-0.7764514,-0.7790741,-0.77933896,-0.7788369,-0.77946776,-0.7825945,-0.78759295,-0.787138,-0.79343975,-0.7896148,-0.7923616,-0.7916328,-0.79178774,-0.79302496,-0.7930273,-0.7951392,-0.79342014,-0.79851323,-0.7940215,-0.7936561,-0.79626787,-0.7963264,-0.7979865,-0.8002566,-0.79669535,-0.7959471,-0.79176867,-0.79853684,-0.79813844,-0.79603136,-0.80014277,-0.80398226,-0.803384,-0.8040148,-0.80527747,-0.8027407,-0.80604494,-0.80618685,-0.80973816,-0.8080085,-0.80729836,-0.8013834,-0.8044754,-0.80620444,-0.8044089,-0.80518943,-0.8036524,-0.7986704,-0.79918164,-0.79937375,-0.79669,-0.7965873,-0.7981862,-0.7981895,-0.7942487,-0.79771537,-0.79758394,-0.8007108,-0.8008835,-0.79486674,-0.791182
131,-0.33848077,-0.32477015,-0.30264133,-0.30386922,-0.2966239,-0.2942881,-0.29561904,-0.29567227,-0.29132792,-0.28738192,-0.28758082,-0.28566292,-0.28609005,-0.28678432,-0.28345162,-0.28376108,-0.2845622,-0.28012785,-0.2788152,-0.27691036,-0.27882224,-0.27899414,-0.27996835,-0.27699122,-0.27423272,-0.2694635,-0.268841,-0.2654447,-0.26098835,-0.25997415,-0.2532299,-0.25337118,-0.25094217,-0.24620333,-0.24414256,-0.24263942,-0.2381229,-0.23578875,-0.23325565,-0.22891259,-0.22737536,-0.22312608,-0.21943626,-0.21520558,-0.20984185,-0.20482889,-0.20101659,-0.19308487,-0.18424764,-0.17385903,-0.16842839,-0.16693011,-0.16048124,-0.1570016,-0.1536065,-0.15147613,-0.14805968,-0.1459363,-0.14288251,-0.1366036,-0.13595954,-0.12646018,-0.11731088,-0.11229136,-0.10299524,-0.097521946,-0.084275186,-0.0742253,-0.06904931,-0.06356592,-0.059000123,-0.04944334,-0.041218586,-0.03513479,-0.029794002,-0.02245408,-0.017578626,-0.006917997,-0.0002960831,0.0060459697,0.013824955,0.02513737,0.03362921,0.040444903,0.049825244,0.059075903,0.065619364,0.07522349,0.08156044,0.089855194,0.09852892,0.10796883,0.11603423,0.12686989,0.1389819,0.14750059,0.15832068,0.16881385,0.17702673,0.1889081,0.195252,0.2029992,0.21499316,0.22788425,0.23669907,0.24861231,0.2592104,0.26891804,0.27249482,0.282914,0.29215315,0.29439497,0.29878864,0.31100613,0.3191949,0.33146447,0.34103364,0.35057792,0.3620294,0.36844042
132,-0.7064367,-0.71331275,-0.72389364,-0.73161316,-0.7278086,-0.7376224,-0.7366036,-0.74152416,-0.74549556,-0.7422217,-0.74669206,-0.75018543,-0.74946743,-0.7525368,-0.74761826,-0.7535843,-0.7525217,-0.75387394,-0.74902225,-0.7421398,-0.7386681,-0.73349285,-0.7370733,-0.73519814,-0.7292253,-0.72520983,-0.7251359,-0.72176915,-0.7196411,-0.7238424,-0.7180742,-0.71550786,-0.7105024,-0.71071184,-0.7097325,-0.707918,-0.7055539,-0.7043554,-0.69885296,-0.69041455,-0.68929774,-0.68321484,-0.67939615,-0.67461956,-0.6695936,-0.66658175,-0.6637663,-0.65744996,-0.65252435,-0.6459308,-0.6416813,-0.6395108,-0.6357242,-0.6299348,-0.6240681,-0.6211104,-0.61561376,-0.6105959,-0.6064381,-0.6015123,-0.59298813,-0.5831596,-0.5832236,-0.5782596,-0.57816166,-0.5756464,-0.5679066,-0.5660089,-0.5605055,-0.5579366,-0.55514145,-0.5505257,-0.5440109,-0.538113,-0.53085697,-0.52467155,-0.521675,-0.51736933,-0.51764107,-0.51747096,-0.51328385,-0.5089258,-0.503646,-0.49690017,-0.4922635,-0.48740873,-0.48450947,-0.48460388,-0.47814327,-0.47436506,-0.47254553,-0.46734372,-0.45697325,-0.45395297,-0.4487647,-0.44245738,-0.43899593,-0.43587667,-0.43424934,-0.42923433,-0.42658573,-0.42444912,-0.4191553,-0.41390362,-0.40998593,-0.40462476,-0.40519103,-0.39722067,-0.39327,-0.385509,-0.37267444,-0.36658674,-0.36485055,-0.35801384,-0.348589,-0.34458217,-0.33986372,-0.3383065,-0.33458057,-0.33081105
133,-0.46643686,-0.4715166,-0.47892427,-0.48914546,-0.49707437,-0.50845605,-0.51996243,-0.5251039,-0.5322218,-0.54145384,-0.55258024,-0.5543361,-0.5649462,-0.57136947,-0.57476646,-0.58652055,-0.59471816,-0.60703224,-0.6170993,-0.6263574,-0.63887775,-0.6462318,-0.6563476,-0.67124355,-0.6848681,-0.6972647,-0.7071621,-0.71333367,-0.7245914,-0.7399725,-0.7524098,-0.75851476,-0.7632154,-0.7757021,-0.78212726,-0.793532,-0.8043591,-0.81353027,-0.8232088,-0.8310855,-0.8409292,-0.84924066,-0.85762835,-0.8621979,-0.87383306,-0.88355684,-0.8896117,-0.8971509,-0.9062978,-0.9135844,-0.9200689,-0.925995,-0.93208265,-0.93873614,-0.94776565,-0.9551217,-0.9577526,-0.959572,-0.9684669,-0.974395,-0.97764283,-0.98551464,-0.99024314,-0.9953416,-1.0004631,-1.0070095,-1.0094167,-1.0128871,-1.0117214,-1.0202246,-1.0276178,-1.029958,-1.0341241,-1.0390592,-1.0435379,-1.048156,-1.0532387,-1.0542009,-1.061445,-1.0684861,-1.0712966,-1.0771103,-1.0841022,-1.0867012,-1.0879592,-1.0907685,-1.0948951,-1.1021036,-1.1002892,-1.1059681,-1.111537,-1.1176217,-1.1251417,-1.12896,-1.1244625,-1.1291658,-1.1350396,-1.1434703,-1.1426035,-1.1458426,-1.1449454,-1.1502504,-1.1552929,-1.1588339,-1.1669921,-1.1740814,-1.1783943,-1.1806562,-1.1861213,-1.1908948,-1.1953137,-1.1944196,-1.2001287,-1.2022775,-1.2058218,-1.205857,-1.2069352,-1.207069,-1.2079477,-1.2060113
134,-0.089884944,-0.10144876,-0.119247034,-0.13237128,-0.14859626,-0.1579762,-0.17714018,-0.18728125,-0.19887957,-0.20526612,-0.21654424,-0.22052944,-0.2327216,-0.24283898,-0.25642413,-0.26928937,-0.27732182,-0.28758714,-0.3013515,-0.30498955,-0.31745687,-0.32308865,-0.3309192,-0.3378399,-0.34986347,-0.3620692,-0.36651626,-0.37280175,-0.3805825,-0.38946223,-0.39210433,-0.40365005,-0.41191262,-0.42057973,-0.42971644,-0.4365971,-0.4427238,-0.4515488,-0.46144494,-0.46959344,-0.47843105,-0.4853924,-0.49204335,-0.50175905,-0.50727355,-0.5129881,-0.5232601,-0.5292707,-0.5344037,-0.5363125,-0.54313636,-0.5492984,-0.5568566,-0.56425136,-0.56911254,-0.5738246,-0.57658017,-0.5809227,-0.59007293,-0.5968894,-0.60591036,-0.61453784,-0.62198764,-0.62720096,-0.6357013,-0.64283496,-0.6425528,-0.6431478,-0.6424079,-0.6505232,-0.657539,-0.65599865,-0.6671287,-0.6746024,-0.6798835,-0.6876541,-0.6957833,-0.70391595,-0.711873,-0.7158402,-0.72251785,-0.7243912,-0.73268396,-0.73523104,-0.7390834,-0.7456737,-0.7489966,-0.7569868,-0.7543966,-0.76419973,-0.77081686,-0.77841777,-0.7853131,-0.7910716,-0.79301137,-0.79731804,-0.8020524,-0.808607,-0.8074706,-0.8077935,-0.81216556,-0.81641686,-0.82076156,-0.82334054,-0.82633066,-0.8254398,-0.8296238,-0.8305732,-0.8377903,-0.84249765,-0.84803617,-0.8497046,-0.8536952,-0.8592714,-0.8625635,-0.8675844,-0.877151,-0.87882423,-0.88063824,-0.8837773
135,-0.02747431,-0.024298424,-0.017127454,-0.014100094,-0.016349846,-0.013328439,-0.020268459,-0.020699028,-0.019416304,-0.019208912,-0.020558467,-0.017338261,-0.014580773,-0.016949432,-0.020421907,-0.024239311,-0.027766487,-0.033183623,-0.038040083,-0.0379707,-0.037072588,-0.039003126,-0.043722115,-0.04158045,-0.046081614,-0.045465596,-0.047128864,-0.04936523,-0.05069036,-0.053320475,-0.051752668,-0.04852719,-0.04938165,-0.046800826,-0.046433203,-0.04740105,-0.050728418,-0.048601843,-0.05044704,-0.0505336,-0.053861987,-0.046200078,-0.043762535,-0.042215876,-0.040981714,-0.036484435,-0.03469156,-0.030886209,-0.024744384,-0.019497802,-0.0131652,-0.012556848,-0.008493515,-0.00863302,-0.008511388,-0.008154072,-0.0066727237,-0.0046800384,-0.003254069,-0.0013698358,0.003860176,0.008764321,0.010089045,0.014283061,0.014137397,0.015282308,0.022307698,0.026224395,0.03061778,0.03117517,0.0320862,0.03944186,0.042541325,0.042802386,0.04820665,0.05000043,0.052877605,0.057059847,0.057983767,0.06501277,0.07059482,0.076506555,0.077684544,0.08149805,0.08095556,0.08835521,0.08837147,0.091142155,0.0905929,0.09066804,0.094543695,0.09798532,0.10035273,0.104218505,0.10858961,0.108931944,0.11159597,0.120866045,0.11956103,0.12410275,0.12829788,0.1342104,0.1359732,0.13785186,0.13633253,0.13821962,0.13870575,0.13857187,0.13919824,0.14264226,0.1444674,0.14571914,0.14854105,0.1513894,0.15693155,0.15970615,0.16029513,0.16597384,0.17348522,0.17363448
136,-0.008769063,-0.028926838,-0.054038383,-0.07299916,-0.089770146,-0.10887524,-0.13425025,-0.15240894,-0.16606571,-0.18022145,-0.19374053,-0.2078686,-0.22225735,-0.23659654,-0.25063875,-0.26299617,-0.27241167,-0.28507203,-0.29976338,-0.30859646,-0.31889325,-0.33101386,-0.33514443,-0.34535432,-0.35994104,-0.36956626,-0.37530273,-0.37987253,-0.39207435,-0.40045124,-0.41481653,-0.4252499,-0.43485355,-0.44370994,-0.45146832,-0.45899472,-0.46523428,-0.47254938,-0.4789637,-0.48427916,-0.4932251,-0.49636382,-0.5013732,-0.5062717,-0.5121751,-0.51733404,-0.52320045,-0.5269036,-0.5246471,-0.52929765,-0.5315582,-0.5376052,-0.5421139,-0.54698473,-0.54690325,-0.5513667,-0.55189914,-0.552389,-0.55734545,-0.5622863,-0.5717147,-0.57583,-0.58156854,-0.5832299,-0.5868014,-0.58959377,-0.5890889,-0.5939548,-0.59009737,-0.59376335,-0.6012314,-0.60307765,-0.60232323,-0.6010133,-0.60318774,-0.60469514,-0.6082572,-0.61154675,-0.6155049,-0.61621875,-0.62214065,-0.62261593,-0.62455004,-0.62314814,-0.6241833,-0.6287822,-0.6305984,-0.6338474,-0.62975883,-0.63920337,-0.64032704,-0.6427441,-0.6427978,-0.6433067,-0.64639395,-0.6486843,-0.64967155,-0.6475255,-0.6448747,-0.6475407,-0.6496452,-0.649661,-0.6547245,-0.65385616,-0.6560677,-0.65542424,-0.65675247,-0.6635494,-0.6617707,-0.66449666,-0.6646871,-0.66202044,-0.66122055,-0.6621591,-0.6618559,-0.6678942,-0.6730528,-0.6741702,-0.670439,-0.6747959
137,-0.057328917,-0.06136464,-0.062338896,-0.06862501,-0.072359726,-0.078107476,-0.08346005,-0.091391325,-0.097193144,-0.10903466,-0.12257508,-0.1274686,-0.13806318,-0.14956725,-0.15345596,-0.16375628,-0.17661016,-0.18707952,-0.19032529,-0.1963245,-0.20011862,-0.21269032,-0.21965055,-0.2254719,-0.23256736,-0.2345562,-0.23890758,-0.24789003,-0.25409147,-0.25787526,-0.25744182,-0.26586756,-0.27400786,-0.27894834,-0.28472406,-0.29388332,-0.29969996,-0.30380756,-0.30878043,-0.31460404,-0.32052693,-0.32293585,-0.3271965,-0.3327949,-0.33907086,-0.3444226,-0.35132775,-0.35350385,-0.35268372,-0.3585408,-0.3644567,-0.36973673,-0.37212002,-0.3784528,-0.38416466,-0.39024764,-0.39652315,-0.40230426,-0.40907755,-0.41537625,-0.42099553,-0.4220388,-0.42716193,-0.4316519,-0.43125287,-0.43652573,-0.43933097,-0.4404295,-0.44511896,-0.44929522,-0.45537964,-0.46004334,-0.462673,-0.46630827,-0.4664685,-0.47206002,-0.4763302,-0.4769743,-0.48361602,-0.48797184,-0.4949201,-0.49992424,-0.5024802,-0.50239813,-0.5057833,-0.5099874,-0.5131603,-0.52010226,-0.52232444,-0.5281451,-0.5323237,-0.5349539,-0.5383476,-0.5373186,-0.5391157,-0.5426397,-0.54364055,-0.54315126,-0.54438883,-0.5478362,-0.55135167,-0.5558156,-0.55839646,-0.56611603,-0.57203776,-0.57454485,-0.5755063,-0.58104306,-0.5863963,-0.5872486,-0.5909495,-0.59662753,-0.59903604,-0.5998643,-0.6011487,-0.6045283,-0.60735816,-0.6084222,-0.6107177,-0.61924905
138,-0.36197022,-0.36453718,-0.38168833,-0.38550824,-0.39180997,-0.4059158,-0.4079055,-0.41717497,-0.42143148,-0.42734322,-0.43916097,-0.44853717,-0.44929272,-0.45607576,-0.461268,-0.46682158,-0.47242936,-0.47409457,-0.48031062,-0.48119092,-0.4785749,-0.47392598,-0.4762186,-0.47529545,-0.47749943,-0.47776684,-0.47942758,-0.48140988,-0.48437014,-0.48572254,-0.48927683,-0.48812824,-0.49376202,-0.49695724,-0.49681297,-0.49956593,-0.4997571,-0.5009545,-0.49847144,-0.50059295,-0.5010667,-0.50331634,-0.50282747,-0.5011379,-0.5011344,-0.50195825,-0.5029752,-0.5022138,-0.505158,-0.5061844,-0.50420034,-0.5040334,-0.50396323,-0.50261825,-0.5011295,-0.50053877,-0.5044937,-0.5003429,-0.50027347,-0.49887452,-0.5006249,-0.4991242,-0.49879146,-0.49689192,-0.49052677,-0.49100548,-0.48470694,-0.48277053,-0.47868735,-0.47746778,-0.47636873,-0.48012337,-0.47474423,-0.47503257,-0.47129852,-0.46952158,-0.46899047,-0.45992813,-0.4579402,-0.45476285,-0.4584511,-0.45548278,-0.4590629,-0.45292005,-0.4473781,-0.4480856,-0.44488677,-0.44159192,-0.4390605,-0.43894926,-0.4337059,-0.42851648,-0.42270193,-0.41710415,-0.41020885,-0.40623125,-0.40595657,-0.40578073,-0.40343255,-0.39993632,-0.394622,-0.39193237,-0.38463777,-0.38096836,-0.38006085,-0.37610772,-0.3703676,-0.36519584,-0.36411503,-0.36317137,-0.36065933,-0.352881,-0.35153246,-0.34754,-0.34280545,-0.34025317,-0.3399195,-0.3356716,-0.3296215,-0.32672834
139,-0.15133248,-0.1527953,-0.15489452,-0.15210323,-0.13928556,-0.13363627,-0.13820006,-0.13176964,-0.12604657,-0.12320145,-0.12095269,-0.114822544,-0.108747646,-0.10424241,-0.100982234,-0.09459212,-0.09134715,-0.08511379,-0.08273403,-0.07542183,-0.0723831,-0.07045485,-0.06616719,-0.065203235,-0.06492104,-0.06406325,-0.06054139,-0.061267376,-0.054881327,-0.053920794,-0.060893893,-0.053551592,-0.050802104,-0.049297553,-0.05127734,-0.054436285,-0.051122613,-0.05189368,-0.051156085,-0.048093766,-0.045504387,-0.048069965,-0.047360767,-0.046340875,-0.0425199,-0.041727666,-0.038774278,-0.036338475,-0.03525871,-0.03405667,-0.035266817,-0.03672905,-0.03471586,-0.03560023,-0.03430251,-0.033003706,-0.032506138,-0.030964922,-0.032428272,-0.03565715,-0.035688672,-0.035218,-0.037447087,-0.03580436,-0.040895768,-0.043165084,-0.04335747,-0.039896313,-0.03800962,-0.041216016,-0.044213455,-0.048044857,-0.048851006,-0.052571226,-0.05259527,-0.051632963,-0.05120794,-0.050204895,-0.04868477,-0.048207894,-0.04941239,-0.04916832,-0.0473974,-0.049758814,-0.052139074,-0.0572245,-0.06018258,-0.060848646,-0.066220745,-0.06817501,-0.07259382,-0.076431036,-0.07916518,-0.08144992,-0.07960266,-0.08212472,-0.08249503,-0.08574579,-0.088846564,-0.09393017,-0.09750279,-0.09854831,-0.10035429,-0.103427984,-0.10418403,-0.10867073,-0.11494209,-0.113827094,-0.11911368,-0.12249394,-0.12538044,-0.12636554,-0.13125765,-0.13710187,-0.13735102,-0.14115277,-0.14829974,-0.15015833,-0.14768247,-0.15166788
140,-0.743147,-0.7313238,-0.7245528,-0.7178949,-0.7172845,-0.71620166,-0.70890445,-0.7077243,-0.7035277,-0.70997375,-0.711008,-0.709397,-0.70835507,-0.70580184,-0.7023339,-0.699477,-0.69711435,-0.69682306,-0.6960968,-0.69271636,-0.6944123,-0.69131875,-0.691129,-0.6932982,-0.6960623,-0.69304633,-0.6909179,-0.6881299,-0.6867013,-0.68434745,-0.6814794,-0.68156606,-0.6831132,-0.67928505,-0.6753937,-0.67275757,-0.6750262,-0.6717794,-0.6710522,-0.6660036,-0.66521335,-0.66398203,-0.66364413,-0.6623695,-0.66177714,-0.65896666,-0.6575937,-0.65573275,-0.6481614,-0.65087545,-0.6467098,-0.64367783,-0.642637,-0.6398114,-0.64093167,-0.6420856,-0.6428894,-0.64151037,-0.6395563,-0.6370084,-0.6331622,-0.6329866,-0.6290566,-0.62749773,-0.6287157,-0.62726754,-0.6207244,-0.62100554,-0.6200284,-0.62213236,-0.6205131,-0.61504686,-0.61375993,-0.6041859,-0.5995352,-0.5972105,-0.59702855,-0.5927742,-0.5926475,-0.59018505,-0.58761275,-0.58862627,-0.591864,-0.5889597,-0.588462,-0.58648336,-0.5858788,-0.5859124,-0.5798505,-0.5775384,-0.5772891,-0.5735548,-0.5717254,-0.5674278,-0.56791365,-0.5675584,-0.5685345,-0.5692509,-0.56467897,-0.56030357,-0.56189346,-0.56208116,-0.55857646,-0.5569672,-0.55522203,-0.5554366,-0.55559546,-0.55518556,-0.5554799,-0.555792,-0.55421007,-0.5481492,-0.5433467,-0.5416407,-0.5383104,-0.54138815,-0.5382954,-0.53457177,-0.53005713,-0.536708
141,-0.84948504,-0.83864534,-0.82320863,-0.8133882,-0.80343807,-0.7950438,-0.7803156,-0.7724854,-0.7715622,-0.76362944,-0.75885355,-0.7528079,-0.7525956,-0.7473281,-0.7421387,-0.7430301,-0.73769677,-0.7378399,-0.7339326,-0.7281809,-0.72501534,-0.7204528,-0.7159792,-0.71210206,-0.7093411,-0.6960273,-0.692294,-0.6871353,-0.6824847,-0.67795,-0.67315465,-0.6703187,-0.66908514,-0.66812897,-0.66381747,-0.66119957,-0.6640898,-0.6623252,-0.65627515,-0.6529478,-0.6563718,-0.6502585,-0.64820004,-0.643496,-0.64567703,-0.6456158,-0.6443813,-0.6400062,-0.63294166,-0.6232152,-0.62103254,-0.61977804,-0.6160258,-0.6185266,-0.6161631,-0.6157888,-0.612871,-0.6104981,-0.6107885,-0.6071626,-0.6070349,-0.6017488,-0.596014,-0.59337467,-0.5960573,-0.59377754,-0.58762944,-0.5867386,-0.58090305,-0.5824197,-0.57855374,-0.57499456,-0.5764498,-0.5690707,-0.56346035,-0.5606621,-0.55647075,-0.54705894,-0.54515344,-0.54068625,-0.54047245,-0.5408416,-0.5393524,-0.5316316,-0.5306431,-0.521687,-0.5135352,-0.51106006,-0.5020907,-0.5024961,-0.503199,-0.49681634,-0.49533916,-0.49606642,-0.48595506,-0.48585027,-0.48215634,-0.47879177,-0.47213277,-0.4675497,-0.4632957,-0.46263346,-0.46283206,-0.46068597,-0.46236306,-0.46071452,-0.45831242,-0.45613718,-0.45108685,-0.451196,-0.44970712,-0.45021838,-0.4472608,-0.44710222,-0.44599232,-0.44456857,-0.44117635,-0.4422826,-0.43601695,-0.43846774
142,-0.9477166,-0.9399932,-0.943752,-0.9359657,-0.9386471,-0.9430831,-0.9402925,-0.93915623,-0.93341607,-0.9360857,-0.93929595,-0.9331788,-0.93335754,-0.9331158,-0.92676276,-0.93035585,-0.927199,-0.92272216,-0.9201334,-0.91146314,-0.90986574,-0.90675175,-0.9032839,-0.9010258,-0.898919,-0.89869916,-0.89382,-0.8858522,-0.8806305,-0.8760227,-0.86945724,-0.8654065,-0.8587084,-0.8546492,-0.85023177,-0.84883136,-0.84704846,-0.8446237,-0.8382497,-0.83517855,-0.8331143,-0.82803905,-0.82114905,-0.8185557,-0.8181287,-0.81254214,-0.8063342,-0.7970604,-0.79071635,-0.78698504,-0.78209746,-0.7761433,-0.7687147,-0.763585,-0.75858676,-0.75400025,-0.7511068,-0.74516374,-0.74018836,-0.73602766,-0.7270195,-0.7219495,-0.71750045,-0.7140579,-0.70895034,-0.7065011,-0.69808114,-0.6908054,-0.68508476,-0.68011427,-0.67670023,-0.6727351,-0.6684743,-0.6629659,-0.65573436,-0.6503267,-0.6444424,-0.6336077,-0.62990814,-0.6238604,-0.6186966,-0.6162307,-0.61338085,-0.604334,-0.5989059,-0.59088606,-0.5835398,-0.57818973,-0.56882036,-0.56470025,-0.555306,-0.55101407,-0.5478899,-0.5380985,-0.5283605,-0.5186432,-0.5174179,-0.5142589,-0.50816786,-0.50199413,-0.49698034,-0.4943567,-0.4855117,-0.48021793,-0.47943467,-0.473272,-0.4681241,-0.46528292,-0.4585642,-0.4535078,-0.44644633,-0.44140452,-0.43346053,-0.42773873,-0.4210469,-0.4186999,-0.40791917,-0.40518308,-0.39555115,-0.39068142
143,-0.6257717,-0.61190015,-0.601447,-0.59271777,-0.5969447,-0.59674335,-0.5901197,-0.59354,-0.5889348,-0.5925359,-0.5976732,-0.59075946,-0.59376913,-0.58934253,-0.5888153,-0.5847608,-0.5849958,-0.5893807,-0.59003526,-0.58604825,-0.59036744,-0.58940923,-0.59648705,-0.59770525,-0.5997414,-0.5991062,-0.60110885,-0.6055336,-0.6059158,-0.6050023,-0.60454834,-0.6085312,-0.61220604,-0.6146765,-0.6162799,-0.61704737,-0.6218146,-0.6225756,-0.624055,-0.62377304,-0.62704134,-0.6269024,-0.6274686,-0.62837994,-0.63254637,-0.6359851,-0.6370168,-0.6375518,-0.63852155,-0.6390467,-0.63820225,-0.6358707,-0.63552606,-0.63446474,-0.63799703,-0.63798606,-0.634772,-0.63270307,-0.6343651,-0.63123035,-0.6300662,-0.62987196,-0.6262068,-0.6272963,-0.62551725,-0.6259541,-0.6181106,-0.6166874,-0.6125673,-0.6110617,-0.6133268,-0.61162215,-0.61169064,-0.6138419,-0.6146183,-0.6153293,-0.61581695,-0.6085216,-0.60667884,-0.60668606,-0.6088017,-0.6106133,-0.61300576,-0.6138483,-0.60886127,-0.61062247,-0.6083302,-0.6094246,-0.6091213,-0.6098612,-0.6119195,-0.60793316,-0.60553646,-0.6066578,-0.5982127,-0.5976129,-0.5955894,-0.59268343,-0.5924242,-0.59389436,-0.59181434,-0.59095937,-0.590851,-0.5910208,-0.5931474,-0.59556204,-0.5936549,-0.59162945,-0.5908149,-0.59302384,-0.5900258,-0.5933969,-0.59534407,-0.5924431,-0.58770436,-0.58640975,-0.5849868,-0.583747,-0.57806027,-0.5789901
144,-0.9783875,-0.9825678,-0.9845848,-0.9911663,-1.0065911,-1.0100424,-1.0129994,-1.0204849,-1.0300368,-1.0402987,-1.0492656,-1.0590149,-1.0617762,-1.0689646,-1.0781047,-1.0866966,-1.0980172,-1.1038501,-1.114254,-1.1164207,-1.1252286,-1.1339841,-1.1454448,-1.1564631,-1.1634115,-1.1670564,-1.1709071,-1.1783787,-1.1869386,-1.1956537,-1.1977314,-1.2012341,-1.2061994,-1.2121559,-1.2182138,-1.2272213,-1.2311455,-1.2365834,-1.2413223,-1.2470198,-1.2556427,-1.2621747,-1.2646425,-1.2696087,-1.2772496,-1.2862222,-1.2924672,-1.2947448,-1.2908895,-1.2949184,-1.2974875,-1.3047588,-1.3116416,-1.3169662,-1.3223795,-1.3235328,-1.3290503,-1.3328551,-1.341496,-1.347927,-1.3463498,-1.3434821,-1.3443263,-1.348815,-1.3528757,-1.3597301,-1.3561367,-1.355867,-1.3559968,-1.3622166,-1.3678912,-1.3660127,-1.3726205,-1.3662239,-1.3626761,-1.3650035,-1.3650296,-1.3637658,-1.367605,-1.3681996,-1.3677267,-1.3725755,-1.3760307,-1.3733394,-1.3723071,-1.3674883,-1.367015,-1.3727945,-1.3742851,-1.3794452,-1.3818239,-1.3763177,-1.3783867,-1.3786278,-1.377517,-1.3789461,-1.3782784,-1.3793168,-1.3778566,-1.3865995,-1.3788751,-1.3789452,-1.3796415,-1.381184,-1.3834445,-1.3847561,-1.3879089,-1.3847096,-1.3837172,-1.3830178,-1.3796092,-1.3767856,-1.3771213,-1.3807459,-1.3806331,-1.3818057,-1.3766134,-1.374603,-1.3736994,-1.3699715
